angle=Azimuth
heading=Coordinate_System
dist_units=Default
startAt=15.6565;60.6192;90
survey=Polygonal
[data]
-102.242;0.00182039;90
-84.5535;0.00707996;90
-94.6869;0.00093011;90
-88.1948;0.00409503;90
-86.261;0.00147213;90
-85.8565;0.00352922;90
-100.854;0.00485893;90
-1.74773;0.000721336;90
-43.4674;0.000846002;90
-73.8947;0.00211605;90
28.1691;0.00170947;90
-37.0048;0.0011896;90
-146.841;0.00203667;90
121.867;0.00122928;90
120.589;0.0030656;90
-157.182;0.000533772;90
81.0734;0.00407941;90
86.6381;0.0037174;90
85.7698;0.00305031;90
66.7752;0.000859663;90
111.34;0.00274522;90
94.4218;0.00228279;90
90.5855;0.00636133;90
-77.8957;0.00125899;90
-90.2226;0.00411803;90
-84.581;0.0035579;90
-39.5181;0.000969635;90
-101.918;0.00478413;90
-68.0875;0.00153273;90
-91.4598;0.00196264;90
-105.236;0.00493547;90
-45.1928;0.00231155;90
-98.8465;0.00243193;90
56.5396;0.00179918;90
21.5255;0.00154259;90
148.826;0.00421341;90
78.2407;0.00207556;90
89.2342;0.00710763;90
58.0706;0.00111936;90
104.742;0.00497891;90
144.827;0.0013714;90
140.761;0.00989005;90
118.586;0.00169913;90
121.069;0.00372427;90
-80.3288;0.00703599;90
47.5125;0.00122589;90
67.1982;0.00130824;90
109.134;0.00341994;90
108.603;0.00215352;90
104.476;0.000916084;90
-72.887;0.00409845;90
-64.0157;0.00388246;90
-40.8136;0.00395196;90
-25.4716;0.00119517;90
-34.7939;0.00220285;90
-32.189;0.00294342;90
-60.8048;0.00126695;90
-66.1061;0.00254294;90
-116.106;0.00279294;90
-75.5128;0.00295806;90
-100.244;0.00377314;90
-100.704;0.00287503;90
5.15742;0.00140167;90
-56.909;0.00246716;90
20.1363;0.000734921;90
136.535;0.00461977;90
75.7054;0.00134463;90
86.1892;0.00579281;90
82.9716;0.00205948;90
80.0458;0.0027768;90
95.7809;0.00283944;90
-33.2477;0.000826251;90
63.7785;0.00454914;90
92.3348;0.000932774;90
97.7578;0.00104456;90
85.3445;0.00492826;90
83.3308;0.00115381;90
85.6703;0.00490099;90
79.9487;0.00107144;90
72.7267;0.00385276;90
48.7259;0.00128399;90
-105.511;0.0095581;90
-94.8261;0.00335188;90
-94.4995;0.00383682;90
-96.2428;0.00389912;90
-97.2843;0.0015616;90
-162.54;0.00235972;90
-79.4758;0.0023597;90
-97.3831;0.00459913;90
-70.8145;0.00181056;90
-102.168;0.0069123;90
-12.7139;0.00137676;90
-79.6787;0.00248928;90
8.00306;0.00159453;90
27.6419;0.000594899;90
149.541;0.00443856;90
69.06;0.0010129;90
77.5914;0.00289462;90
91.4842;0.00382228;90
92.0989;0.00210241;90
73.625;0.00311433;90
128.195;0.00219619;90
144.844;0.00680785;90
157.476;0.00078054;90
149.043;0.00140166;90
125.629;0.00247538;90
115.401;0.00360886;90
107.02;0.00284249;90
-137.066;0.000823608;90
-60.6137;0.00667828;90
-50.8038;0.00211875;90
-31.9958;0.00505608;90
-32.7384;0.00110206;90
-23.0423;0.00274392;90
-90.3723;0.00123103;90
-83.6761;0.00350432;90
-109.742;0.000790459;90
-83.8596;0.00253354;90
-91.6039;0.00275108;90
-102.323;0.00485895;90
16.9884;0.000626331;90
-8.81014;0.000953247;90
-85.6809;0.0024299;90
21.4571;0.00182338;90
15.4612;0.000633942;90
-104.491;0.00935974;90
-42.7145;0.000638318;90
-49.9608;0.003925;90
-89.8774;0.001869;90
-141.93;0.00590149;90
-153.658;0.000804543;90
168.604;0.00091096;90
143.147;0.0013922;90
149.984;0.00488169;90
164.671;0.00355963;90
-173.173;0.000883263;90
-151.688;0.00102683;90
-174.99;0.00343513;90
109.13;0.00109549;90
121.967;0.00546821;90
171.496;0.00114964;90
-144.781;0.00206866;90
77.1882;0.00436979;90
81.8821;0.00132427;90
84.813;0.00696854;90
124.294;0.000947758;90
91.4128;0.00170352;90
73.3962;0.000920377;90
130.284;0.00182344;90
-9.74651;0.000596611;90
168.472;0.000720536;90
-49.5708;0.00779944;90
-50.4206;0.00311388;90
72.3908;0.00127263;90
83.382;0.00109328;90
89.7527;0.0106561;90
109.317;0.00147822;90
100.724;0.00151547;90
28.9911;0.000876877;90
44.6923;0.00197498;90
61.5547;0.00174463;90
67.3129;0.00229454;90
85.3299;0.00178091;90
108.76;0.00228858;90
100.523;0.0041559;90
74.0077;0.00134297;90
-61.5433;0.00136832;90
-93.4251;0.0107292;90
-123.169;0.00332473;90
-156.053;0.00110622;90
-75.7699;0.0022944;90
-90.3329;0.0105002;90
-77.253;0.00119649;90
-121.075;0.00184824;90
144.055;0.00444798;90
173.724;0.000695167;90
129.219;0.00270287;90
73.3283;0.00239466;90
120.279;0.000717944;90
-90.2175;0.0121171;90
-103.52;0.000915367;90
153.671;0.000868049;90
-132.652;0.00158808;90
-48.4502;0.00278468;90
36.1678;0.00110988;90
-35.7505;0.00384933;90
-82.1492;0.00156668;90
-71.9518;0.00145247;90
-17.3647;0.00287817;90
11.146;0.000548343;90
31.0003;0.00053782;90
29.3457;0.000516245;90
17.6604;0.000725177;90
-1.4353;0.0022357;90
-28.24;0.00370272;90
-30.596;0.000935201;90
-24.8022;0.000886797;90
-11.7123;0.00530546;90
56.4424;0.00216001;90
72.4189;0.00517786;90
127.355;0.000685625;90
148.428;0.00127585;90
132.456;0.00221472;90
71.5985;0.00488161;90
82.1957;0.00131821;90
91.2525;0.00105225;90
43.9902;0.00120368;90
146.921;0.00426533;90
69.4229;0.000955992;90
78.823;0.00194489;90
82.3826;0.00399828;90
82.6885;0.00480104;90
127.721;0.00574843;90
147.817;0.000717198;90
150.736;0.0049669;90
126.64;0.000646805;90
116.912;0.00776153;90
108.495;0.00120103;90
113.458;0.00165041;90
106.268;0.00529396;90
104.42;0.00571403;90
115.938;0.00502519;90
106.105;0.00691435;90
103.651;0.0068855;90
119.988;0.0047337;90
134.208;0.00393825;90
115.953;0.00439412;90
100.146;0.0123014;90
91.956;0.00166997;90
83.6074;0.00579302;90
81.0167;0.00222226;90
81.4269;0.00435365;90
81.169;0.00590804;90
85.5711;0.0127942;90
82.6295;0.00202675;90
90.6269;0.00283317;90
108.271;0.00531708;90
116.565;0.00487016;90
109.948;0.0053787;90
99.8146;0.0139857;90
92.0733;0.00315106;90
97.5325;0.00456943;90
99.4214;0.0163597;90
96.6558;0.00266597;90
101.93;0.00514717;90
98.4224;0.0159146;90
91.1027;0.00316959;90
91.136;0.00539706;90
94.8555;0.0170361;90
105.218;0.00462104;90
103.74;0.00393665;90
92.8165;0.0155278;90
95.1614;0.00266782;90
108.898;0.006419;90
103.452;0.0161501;90
95.3971;0.00332775;90
97.1405;0.00460169;90
92.7668;0.016283;90
92.0521;0.00276477;90
89.6595;0.0139662;90
90;0.003518;90
88.6132;0.00363607;90
79.7631;0.0175616;90
84.9699;0.00299955;90
93.7611;0.00582354;90
97.9865;0.0164172;90
97.2137;0.00376682;90
105.567;0.00615581;90
104.894;0.00813119;90
104.467;0.00822995;90
102.544;0.00890456;90
94.384;0.0176216;90
89.4156;0.00303916;90
92.419;0.00525969;90
92.8884;0.0167293;90
91.7485;0.00285133;90
94.4814;0.012747;90
79.7007;0.00183456;90
94.6381;0.00769219;90
92.0946;0.0158686;90
99.5984;0.00525963;90
105.159;0.00660794;90
104.599;0.00743092;90
106.545;0.00273211;90
104.377;0.0110635;90
99.6153;0.00283178;90
97.8074;0.0123525;90
98.4786;0.00276724;90
95.5116;0.0119211;90
95.2504;0.00287406;90
95.2066;0.0106781;90
90.8944;0.0024343;90
86.8153;0.0111963;90
74.3787;0.00220962;90
81.7533;0.0124447;90
87.8535;0.00274993;90
91.1325;0.0115863;90
103.143;0.00259908;90
94.9564;0.0120952;90
94.6983;0.0019656;90
89.3202;0.0109568;90
93.6333;0.00276155;90
90.941;0.00980332;90
90;0.001724;90
92.7768;0.00668785;90
83.2201;0.00119435;90
94.613;0.00625426;90
79.8185;0.00170281;90
90.1828;0.00721004;90
88.055;0.00111965;90
77.6145;0.0066344;90
67.329;0.00181092;90
66.835;0.0073898;90
61.266;0.00166617;90
53.3175;0.00752284;90
49.5159;0.00169738;90
43.0644;0.00688761;90
52.582;0.00190249;90
81.6714;0.012613;90
86.3659;0.0022876;90
88.4747;0.0100306;90
79.2147;0.00257041;90
80.4806;0.0105635;90
77.853;0.0023762;90
88.6983;0.011577;90
91.1233;0.00275453;90
84.2301;0.0113495;90
79.8373;0.00248804;90
79.3922;0.0115382;90
75.1637;0.0023276;90
82.3329;0.0124947;90
90.3249;0.00952315;90
79.081;0.00181078;90
93.1634;0.00656;90
89.6361;0.00724215;90
91.7574;0.0133043;90
90.8588;0.00233526;90
93.4989;0.0119944;90
93.3082;0.00277262;90
93.4209;0.0127868;90
91.847;0.00297855;90
88.3278;0.0125764;90
88.234;0.00246617;90
89.2507;0.0136882;90
80.2592;0.00304388;90
77.4258;0.0105511;90
58.5968;0.00371168;90
50.6457;0.00416171;90
33.4458;0.00455413;90
28.4905;0.00141086;90
49.6232;0.00816749;90
70.0326;0.0021875;90
80.8798;0.013766;90
80.2046;0.00313876;90
62.9327;0.010153;90
48.1709;0.00201976;90
62.7565;0.0104244;90
60.4634;0.00225162;90
52.4373;0.0041353;90
63.6715;0.0066063;90
78.9663;0.0078114;90
82.4428;0.0165911;90
90.4065;0.0139554;90
94.5603;0.00301856;90
91.2815;0.0253974;90
84.1085;0.00456913;90
76.2322;0.0180136;90
73.4366;0.00444442;90
79.0046;0.0202589;90
79.4504;0.0042712;90
82.2266;0.0162433;90
73.2192;0.0146686;90
78.2118;0.0031719;90
86.2962;0.028236;90
93.6821;0.00297414;90
89.5398;0.0180536;90
75.2785;0.00450178;90
75.0654;0.00823;90
91.6403;0.0273192;90
98.6508;0.0021009;90
100.194;0.0193129;90
94.6868;0.00303515;90
97.1023;0.0309767;90
83.1812;0.0330921;90
89.2737;0.00631151;90
89.3264;0.0330893;90
85.0239;0.0027323;90
84.7206;0.0290613;90
80.8251;0.00291631;90
65.5776;0.0215909;90
60.9049;0.0152573;90
72.8135;0.00291726;90
74.3549;0.0229607;90
55.4501;0.0020701;90
67.6235;0.0279571;90
66.434;0.00294894;90
76.609;0.0139338;90
113.155;0.00103758;90
-56.1082;0.0110289;90
-19.1565;0.00125552;90
58.1474;0.00906513;90
88.9956;0.00433567;90
88.0926;0.02704;90
72.0358;0.00238634;90
72.1398;0.0174636;90
61.5274;0.00162563;90
80.4833;0.00987085;90
81.0093;0.00197729;90
62.6062;0.0118734;90
46.756;0.000969191;90
86.1772;0.0109193;90
77.3268;0.00154976;90
78.969;0.00193373;90
38.5247;0.00331058;90
-72.7174;0.00454416;90
-84.7968;0.00117986;90
-80.1641;0.000983456;90
-32.4552;0.00302437;90
69.5203;0.00421863;90
42.6729;0.000888151;90
81.8363;0.00169013;90
-136.825;0.00661763;90
93.728;0.00362968;90
100.836;0.00324485;90
151.169;0.00182069;90
-117.976;0.0040503;90
-100.451;0.00273436;90
-96.3447;0.00417155;90
-92.6225;0.00417437;90
-93.803;0.00310584;90
-122.127;0.00484961;90
-110.103;0.00162926;90
-115.44;0.00198109;90
-108.002;0.00808586;90
-98.2813;0.00685953;90
-111.723;0.00202909;90
-118.613;0.00151389;90
-122.419;0.00360006;90
-115.237;0.0036073;90
-100.343;0.00480102;90
-99.9778;0.00560985;90
-101.893;0.00514851;90
-91.142;0.0135977;90
-90.1202;0.001906;90
-93.5096;0.00267902;90
-91.5798;0.0102289;90
-89.0182;0.00198429;90
-90.4564;0.00276209;90
-121.226;0.00512906;90
125.943;0.0014958;90
151.14;0.00783968;90
-139.469;0.000707845;90
-120.692;0.00498415;90
-110.784;0.0139862;90
-111.381;0.0036427;90
-113.466;0.0165443;90
-119.637;0.00244485;90
-126.607;0.00323143;90
-107.065;0.0142201;90
-95.0451;0.00316125;90
-101.291;0.00602155;90
-112.263;0.007834;90
-125.702;0.00602665;90
-120.879;0.0134832;90
-105.958;0.00916937;90
-99.8492;0.0079857;90
-96.4115;0.016155;90
-96.0313;0.00606256;90
-90.3427;0.0205654;90
-90.378;0.00515411;90
-91.3315;0.0197093;90
-91.6418;0.00251303;90
-97.4281;0.0120975;90
-97.0019;0.00328953;90
-96.3567;0.00575337;90
-89.515;0.00862331;90
-85.5237;0.0172075;90
-85.8298;0.00303905;90
-82.3457;0.00584104;90
-80.7983;0.0192295;90
-77.3389;0.00267812;90
-81.3431;0.00336837;90
-84.6095;0.020587;90
-88.186;0.00423312;90
-102.892;0.0185691;90
-99.9887;0.00481397;90
-88.1655;0.0212109;90
-93.7216;0.02274;90
-94.0671;0.00242511;90
-103.71;0.00310548;90
-104.783;0.0220105;90
-96.5531;0.00273386;90
-98.2419;0.017328;90
-102.533;0.00483419;90
-104.487;0.0237894;90
-105.876;0.00270518;90
-94.4844;0.0142476;90
-89.0717;0.00259234;90
-91.2744;0.00377693;90
-85.5677;0.00810023;90
-85.6697;0.0156146;90
-90.1942;0.00354002;90
-100.02;0.0117939;90
-97.1913;0.00225272;90
-101.623;0.0145973;90
-124.327;0.00344379;90
-121.375;0.00688001;90
-116.316;0.00638582;90
-122.257;0.0126078;90
-105.176;0.00738764;90
-96.6723;0.0022291;90
-102.324;0.0148338;90
-128.582;0.00297933;90
-140.667;0.00511973;90
-133.158;0.0121183;90
-107.985;0.00434953;90
-95.7759;0.0162264;90
-92.1792;0.00310324;90
-91.9665;0.00422549;90
-91.7982;0.0148183;90
-86.1588;0.00295564;90
-85.828;0.0142678;90
-86.7909;0.00510901;90
-88.0699;0.00700698;90
-88.3475;0.0176163;90
-89.3392;0.00459531;90
-89.0101;0.00706205;90
-90.7068;0.0141861;90
-88.5979;0.0020026;90
-99.7358;0.00254871;90
-101.799;0.0166958;90
-102.285;0.00374577;90
-94.5689;0.0149014;90
-86.6981;0.00140633;90
-90.1872;0.00244901;90
-95.2056;0.0143833;90
-99.8971;0.00736562;90
-99.5588;0.00234252;90
-96.7445;0.00347404;90
-92.3351;0.00375512;90
-90.3296;0.00399807;90
-90.5772;0.00456623;90
-105.616;0.0113084;90
-133.015;0.00244947;90
-135.225;0.00826473;90
-129.377;0.000786553;90
-119.524;0.00915011;90
-111.313;0.0017443;90
-115.686;0.00352759;90
-102.549;0.00637428;90
-85.6639;0.000912612;90
-94.7136;0.00209308;90
-91.2131;0.00524318;90
-85.545;0.00132601;90
-92.7556;0.00158083;90
-86.1984;0.0030467;90
-91.6119;0.00298618;90
-93.2678;0.00299988;90
-84.2821;0.00310143;90
-90.3158;0.00907114;90
-87.4093;0.00219024;90
-89.7234;0.00393505;90
-87.3326;0.00550096;90
-90.4048;0.0107573;90
-86.1928;0.00222892;90
-81.1241;0.00852914;90
-76.8642;0.00206811;90
-88.6788;0.00988863;90
-92.668;0.00186903;90
-97.8608;0.00995858;90
-95.0903;0.00249082;90
-103.776;0.00389298;90
-96.0581;0.00867947;90
-86.8077;0.00788323;90
-84.3978;0.0185617;90
-85.3452;0.00319153;90
-85.0718;0.00346882;90
-81.7554;0.0085635;90
-78.0587;0.014417;90
-73.2497;0.00172102;90
-74.9397;0.00518406;90
-76.5026;0.0213281;90
-82.343;0.00443555;90
-90.9535;0.00480767;90
-91.4721;0.012184;90
-89.6488;0.00261005;90
-86.2071;0.00414207;90
-84.8022;0.0137756;90
-84.9564;0.00282092;90
-88.3102;0.0147174;90
-88.5972;0.00298189;90
-88.1226;0.00396813;90
-86.2727;0.00698377;90
-85.0579;0.00645399;90
-79.47;0.00584951;90
-75.6044;0.0122599;90
-74.9874;0.00259041;90
-74.3483;0.00281332;90
-76.1269;0.00749462;90
-80.5179;0.0157218;90
-81.9995;0.00312542;90
-90.2141;0.0152551;90
-100.6;0.00286489;90
-98.4235;0.0149978;90
-87.4119;0.00270176;90
-89.8221;0.00354202;90
-90.5197;0.00881936;90
-88.4622;0.00853307;90
-88.126;0.00862361;90
-85.5742;0.00860466;90
-81.7335;0.00843666;90
-74.7348;0.00798368;90
-73.6534;0.00798373;90
-85.8354;0.0163311;90
-85.1613;0.00348542;90
-75.5323;0.0056037;90
-76.6495;0.00778231;90
-87.0048;0.00889916;90
-88.6718;0.00905943;90
-86.7343;0.00884737;90
-79.0797;0.0184012;90
-79.6155;0.00347289;90
-79.8397;0.00581621;90
-82.8855;0.00880882;90
-84.6263;0.00868115;90
-80.0153;0.00811491;90
-67.7314;0.0129358;90
-68.3566;0.00249167;90
-83.7591;0.0050962;90
-95.6281;0.00552664;90
-94.5383;0.00563667;90
-94.0354;0.00504451;90
-99.7098;0.0092495;90
-101.786;0.00224227;90
-93.0426;0.00222313;90
-96.721;0.00179433;90
-91.0588;0.00454578;90
-77.7969;0.0136627;90
-60.7533;0.0019117;90
-39.7973;0.00266688;90
-53.6859;0.00511304;90
-76.2522;0.0064086;90
-75.5913;0.00619279;90
-66.6953;0.00524491;90
-72.9776;0.01075;90
-68.4131;0.00158733;90
-73.029;0.00191855;90
-73.1701;0.00314992;90
-64.9563;0.00373958;90
-44.3054;0.00402444;90
-28.1934;0.00133771;90
-34.3146;0.00295174;90
-32.6458;0.00130876;90
-53.3269;0.00308582;90
-22.8628;0.000761853;90
-85.312;0.00176189;90
-124.278;0.00248574;90
-85.9321;0.00689337;90
-108.415;0.00180123;90
-30.2218;0.00143042;90
-93.5538;0.00190366;90
1.06764;0.00252244;90
-158.65;0.0017662;90
124.001;0.00280932;90
179.793;0.000553004;90
77.919;0.00174873;90
79.5827;0.0016868;90
87.9187;0.0068285;90
57.0431;0.000931973;90
70.9372;0.00135638;90
122.555;0.00272994;90
85.673;0.00177606;90
30.5423;0.00291435;90
77.1499;0.00121852;90
-9.64344;0.00306836;90
57.9205;0.000819061;90
56.1049;0.00558032;90
50.3592;0.0011129;90
24.434;0.00380037;90
-13.1358;0.00103406;90
-37.3246;0.00178946;90
12.9552;0.00501362;90
56.0906;0.00123144;90
43.3185;0.00113257;90
44.0472;0.00969577;90
51.3944;0.00115553;90
60.0151;0.00707724;90
64.1294;0.00147591;90
66.7139;0.00481633;90
45.8621;0.00347794;90
44.4992;0.00323584;90
84.932;0.00164142;90
84.7594;0.00292322;90
86.6984;0.00861229;90
110.488;0.00706274;90
82.588;0.00165886;90
98.0096;0.00235396;90
102.28;0.0104941;90
95.8756;0.00141644;90
107.533;0.00807935;90
109.591;0.00166117;90
94.7546;0.00842098;90
85.1641;0.0019098;90
99.9342;0.00674716;90
114.373;0.00379962;90
140.787;0.000841503;90
109.515;0.00550524;90
75.0354;0.0023352;90
58.7184;0.00117478;90
56.5296;0.00650945;90
76.4795;0.00107787;90
75.5361;0.00224206;90
91.5051;0.0072335;90
92.6525;0.00239857;90
85.5111;0.0041397;90
85.9337;0.00888437;90
78.8386;0.00189076;90
89.0898;0.00963122;90
72.5277;0.00124232;90
73.1307;0.00687483;90
55.796;0.00145337;90
80.3222;0.00712642;90
-45.0872;0.00232285;90
-23.175;0.00639068;90
-38.4773;0.000784309;90
-0.143778;0.000797003;90
17.3752;0.00468477;90
2.99122;0.000977332;90
-17.3657;0.00588001;90
-68.627;0.000993312;90
-102.971;0.00574254;90
78.1979;0.0053879;90
134.006;0.00509547;90
-174.937;0.000827227;90
-172.956;0.00369388;90
-111.548;0.00104826;90
179.944;0.005119;90
-159.823;0.000707412;90
158.605;0.00345402;90
130.222;0.00114596;90
137.093;0.00191683;90
-108.446;0.0051485;90
-97.7123;0.00141581;90
-121.587;0.00583438;90
-93.6899;0.00497231;90
-96.4855;0.00378925;90
-92.587;0.0102134;90
-87.4128;0.00152856;90
-88.7558;0.00207249;90
-94.8809;0.0086032;90
-93.0471;0.00237035;90
-79.186;0.00514334;90
-113.775;0.00130473;90
-123.07;0.00919442;90
-81.1152;0.00681781;90
-67.5542;0.00113931;90
-57.9343;0.00140895;90
-68.3804;0.00690474;90
-84.9199;0.0024958;90
-89.1109;0.0113424;90
-72.0276;0.00137089;90
-72.1757;0.00934664;90
-74.2162;0.00238596;90
-86.96;0.00165934;90
-75.1401;0.00639487;90
-88.1512;0.00154981;90
-84.8945;0.00548376;90
-65.9001;0.00118532;90
-62.7437;0.00470771;90
-87.8006;0.00138102;90
-101.805;0.00598765;90
-94.1392;0.00137158;90
-114.155;0.00521018;90
-139.578;0.000726395;90
-126.036;0.00149756;90
-119.881;0.00804095;90
-96.3487;0.0014831;90
-127.564;0.00642007;90
-122.139;0.00195687;90
-148.688;0.00542048;90
-109.049;0.000796623;90
-122.751;0.00392614;90
-146.22;0.00141005;90
-164.036;0.000836251;90
-133.783;0.000932177;90
163.696;0.0050084;90
146.912;0.0014251;90
-129.014;0.00718023;90
-150.408;0.00475067;90
126.286;0.00096145;90
-112.461;0.00548079;90
141.567;0.00126127;90
-107.751;0.00135134;90
-85.9251;0.0041936;90
-87.0314;0.00374603;90
-95.4129;0.00356188;90
-113.949;0.00340953;90
-115.649;0.00324361;90
-116.454;0.00137831;90
-101.086;0.00170583;90
-49.9387;0.001807;90
1.31939;0.00238863;90
66.5549;0.00085455;90
86.198;0.00315194;90
61.319;0.00129601;90
15.5686;0.00137858;90
48.8705;0.000764712;90
143.947;0.00426483;90
78.0086;0.00178086;90
79.0991;0.00211517;90
96.7434;0.00418999;90
65.7667;0.00186866;90
95.3728;0.00273401;90
129.353;0.00258002;90
151.599;0.003448;90
140.187;0.00281592;90
134.476;0.00440475;90
116.362;0.00177008;90
109.395;0.00307764;90
137.752;0.0010456;90
-63.0724;0.00650306;90
-40.4028;0.00284962;90
-42.6627;0.000762896;90
-35.0323;0.0052453;90
-33.2174;0.000806839;90
-22.7633;0.0013827;90
-74.1505;0.00139504;90
-93.1693;0.00421445;90
-83.8937;0.00462524;90
-103.948;0.00504475;90
-4.63253;0.00105244;90
-27.1451;0.000574252;90
-44.213;0.00252249;90
9.60094;0.000611566;90
145.382;0.00457493;90
79.2892;0.00590793;90
89.5281;0.00145705;90
94.8928;0.00648363;90
91.9507;0.0070801;90
-103.598;0.00574196;90
149.647;0.003188;90
144.201;0.00282589;90
-134.469;0.00114344;90
-99.626;0.00166849;90
-100.775;0.00648839;90
-105.149;0.00519658;90
-106.531;0.00489221;90
74.6633;0.00800404;90
70.0261;0.00105975;90
74.5861;0.00091802;90
69.0083;0.00107751;90
80.9469;0.00499523;90
83.8421;0.00288062;90
80.7367;0.000993962;90
-37.4072;0.00145026;90
-34.9965;0.00520638;90
-38.3741;0.000845691;90
74.1878;0.00431217;90
93.5687;0.00139771;90
39.3784;0.000996155;90
161.994;0.00097053;90
85.9892;0.00360282;90
-60.1847;0.00141189;90
167.105;0.00562794;90
-124.981;0.00247515;90
-101.814;0.00147014;90
-112.76;0.00283039;90
119.943;0.0066034;90
106.436;0.00194029;90
128.358;0.00097813;90
-62.609;0.00815981;90
-48.1138;0.00088519;90
68.5506;0.00468444;90
81.3235;0.00143846;90
-1.19524;0.00273259;90
-11.4417;0.00307001;90
-21.6062;0.000817436;90
-106.87;0.00320806;90
-87.8909;0.00475522;90
-83.394;0.000999637;90
-83.7939;0.00235882;90
-34.4205;0.000804935;90
-104.978;0.00444191;90
-67.4558;0.00087377;90
-91.8216;0.00525365;90
-104.606;0.000999296;90
-90.9748;0.00182226;90
-4.99487;0.000493875;90
5.67174;0.000586873;90
-87.8072;0.00248282;90
9.41503;0.0023902;90
-100.626;0.00941444;90
-31.1866;0.000793701;90
23.2117;0.000573415;90
162.611;0.00135178;90
151.995;0.00165477;90
89.3288;0.0186083;90
119.948;0.000841333;90
88.1428;0.00518372;90
96.5481;0.00103475;90
91.9785;0.00718328;90
81.8984;0.00113533;90
67.8413;0.00154836;90
-25.5739;0.00064632;90
32.1671;0.000563497;90
141.206;0.00126251;90
-86.2579;0.00116448;90
-60.3681;0.00119533;90
-177.099;0.000889139;90
96.9823;0.000946016;90
73.3528;0.00105418;90
-5.97432;0.000951166;90
-136.475;0.0301044;90
-175.142;0.000554994;90
-51.9738;0.00920747;90
18.8281;0.000737461;90
88.2349;0.00967459;90
95.7384;0.00164022;90
98.6148;0.00417915;90
43.5363;0.00246366;90
51.3498;0.000927047;90
63.4848;0.0046233;90
110.064;0.00078994;90
102.929;0.00470631;90
-59.5353;0.0300055;90
-71.7057;0.0177796;90
139.139;0.00817001;90
113.518;0.00370145;90
66.8014;0.00117283;90
70.2211;0.00129436;90
87.1014;0.00189843;90
70.8414;0.0035803;90
101.698;0.0128683;90
65.0111;0.00123567;90
85.4712;0.00324212;90
-36.0725;0.00093409;90
83.1166;0.00773475;90
-116.187;0.00738276;90
-82.9017;0.00212831;90
-61.1468;0.00207225;90
-114.993;0.00293483;90
-86.9229;0.0057563;90
-102.605;0.00164054;90
-103.456;0.00208422;90
-11.3661;0.000999604;90
-54.5288;0.000901269;90
-64.5659;0.00151814;90
13.1833;0.0016618;90
136.585;0.00500965;90
69.7413;0.0014209;90
81.3188;0.00214659;90
93.9028;0.00386396;90
83.2006;0.00440901;90
111.609;0.000828206;90
126.048;0.00184039;90
144.45;0.00707588;90
179.17;0.000690072;90
124.523;0.00535869;90
110.129;0.00157202;90
131.925;0.0020564;90
-46.4555;0.0182068;90
-90.1284;0.00847602;90
-84.5764;0.000973358;90
-82.9229;0.00578709;90
-89.4049;0.00105906;90
16.3443;0.00207172;90
142.514;0.00433145;90
79.3614;0.0014896;90
88.5639;0.00790048;90
53.2375;0.000853801;90
108.41;0.00444553;90
148.84;0.00779226;90
-173.604;0.00342029;90
97.3346;0.00525601;90
-46.3042;0.00490859;90
-40.6458;0.000558813;90
-43.1503;0.00124869;90
-32.7462;0.00250869;90
-30.9141;0.00415764;90
-40.6458;0.000698516;90
-41.5078;0.000870651;90
-60.676;0.00231343;90
-110.794;0.00309565;90
-79.4697;0.00236381;90
-94.569;0.00369073;90
-104.804;0.00360052;90
-4.20829;0.00143086;90
-87.5541;0.00171056;90
-35.0419;0.00150477;90
38.6956;0.00150036;90
-107.894;0.00958466;90
-109.748;0.00131111;90
-60.5385;0.00195593;90
-34.1459;0.00184749;90
-48.798;0.000672521;90
-52.7826;0.00115402;90
-48.0353;0.00113508;90
-51.9232;0.00112045;90
-65.8216;0.00153572;90
-24.1626;0.00116288;90
-66.7229;0.00162965;90
-87.6463;0.00214281;90
-82.8197;0.00180012;90
-60.8894;0.00149024;90
-70.013;0.00127265;90
-75.0623;0.00177291;90
-60.7133;0.00131853;90
-52.2548;0.000929508;90
-41.1923;0.000841193;90
-37.8314;0.00172824;90
-28.1144;0.00112471;90
-43.1071;0.00132726;90
-53.1614;0.0014644;90
-45.5463;0.00118658;90
-49.1811;0.00102804;90
-53.8256;0.0013181;90
-58.4883;0.00191899;90
-57.2241;0.00126904;90
-54.2732;0.00144369;90
-54.3574;0.00126989;90
-52.6662;0.00138345;90
-54.0915;0.00127538;90
-54.5972;0.00138265;90
-74.2945;0.00219806;90
-69.0702;0.0017944;90
-59.7484;0.001711;90
-13.5033;0.000886506;90
10.8378;0.00095198;90
-27.0105;0.000920393;90
4.85699;0.000968478;90
-34.2796;0.00118601;90
-34.3911;0.00092947;90
1.08695;0.000896161;90
-28.212;0.000918062;90
-21.6808;0.000882426;90
-24.2182;0.00109212;90
-31.503;0.00122095;90
-53.3551;0.00152801;90
-82.1472;0.00374007;90
-77.0292;0.000899963;90
-93.8282;0.00107841;90
-81.748;0.00159552;90
-67.7135;0.00193019;90
-58.6293;0.00156942;90
-62.7185;0.00118029;90
-48.7489;0.00115718;90
-31.0396;0.0012955;90
34.7451;0.000798349;90
67.3348;0.00272223;90
73.1678;0.00189937;90
70.2762;0.00132153;90
76.903;0.00230804;90
49.5406;0.00184001;90
49.2863;0.000719017;90
61.5426;0.00101573;90
64.5576;0.00152932;90
66.2593;0.00262296;90
74.7866;0.00168816;90
94.2435;0.00118926;90
94.9488;0.00177361;90
62.8343;0.000895818;90
48.6204;0.000974216;90
62.884;0.00116281;90
97.6627;0.00317233;90
92.6132;0.00243453;90
93.8364;0.00239136;90
107.453;0.00114365;90
94.9126;0.00169322;90
102.15;0.00378682;90
103.444;0.0018065;90
116.761;0.00195657;90
93.5489;0.00247174;90
92.2806;0.0047998;90
96.3205;0.00449633;90
103.699;0.00230558;90
100.688;0.0013372;90
101.83;0.0020291;90
101.01;0.00179606;90
111.483;0.00163563;90
110.479;0.00270389;90
104.349;0.00164636;90
105.139;0.00156222;90
-176.076;0.00113967;90
-168.563;0.00141714;90
125.303;0.00215781;90
151.839;0.000834825;90
129.009;0.00161252;90
170.017;0.000813315;90
160.354;0.000928019;90
164.034;0.0015633;90
173.918;0.000490763;90
162.964;0.000570012;90
-159.248;0.00177517;90
-137.466;0.00226767;90
-117.287;0.000922675;90
-124.541;0.00207231;90
-115.412;0.00266593;90
-131.2;0.00296647;90
-133.637;0.00243738;90
-137.763;0.00316869;90
-179.85;0.00229201;90
-177.118;0.00057673;90
124.961;0.00163871;90
-48.7408;0.00205924;90
10.71;0.00147978;90
-25.8168;0.00078761;90
35.6553;0.00198145;90
51.395;0.00114272;90
45.9348;0.000910168;90
39.182;0.000788242;90
52.1166;0.00119859;90
53.9868;0.00326376;90
57.3101;0.00273287;90
62.1906;0.0016269;90
53.6613;0.00159647;90
50.2627;0.00161122;90
7.33438;0.00132383;90
9.17076;0.00151841;90
-11.6128;0.0011873;90
-17.5951;0.000992429;90
-35.1024;0.00114775;90
-35.201;0.000830952;90
-49.022;0.000907331;90
-41.3201;0.00136612;90
-47.7186;0.00149084;90
12.6763;0.00206432;90
-55.6936;0.00121181;90
-78.3775;0.00104237;90
-68.6443;0.00155153;90
-69.8668;0.00176058;90
-66.8058;0.00169609;90
-76.119;0.00170067;90
-78.9916;0.00193765;90
-79.3039;0.0015194;90
-76.3086;0.00209555;90
-80.119;0.00177736;90
-83.7499;0.00140535;90
-85.0899;0.00133189;90
-86.4338;0.00245976;90
-88.7768;0.00140532;90
-90.7798;0.0011021;90
-89.0655;0.00141019;90
-80.5726;0.00188648;90
-64.1832;0.00078761;90
-67.9665;0.000916971;90
-77.542;0.0022807;90
-81.3951;0.00175779;90
-78.6443;0.00147283;90
-76.1699;0.00175282;90
-78.5396;0.00134379;90
-85.9051;0.00219861;90
-87.8396;0.00151207;90
-85.0859;0.00196121;90
-81.8529;0.0019123;90
-110.628;0.00167755;90
-133.62;0.00152638;90
-87.5235;0.00229114;90
-89.6175;0.00224705;90
-122.857;0.00198326;90
-108.732;0.00207701;90
-124.053;0.00131439;90
-128.112;0.000996434;90
-114.41;0.00239071;90
-105.744;0.00214861;90
-108.288;0.00209059;90
-116.855;0.00132601;90
-109.336;0.00164902;90
-126.091;0.00119171;90
138.793;0.00127204;90
141.162;0.00110665;90
114.34;0.00155524;90
128.896;0.00140308;90
111.864;0.00170246;90
96.6531;0.00147594;90
93.7711;0.00203741;90
98.5734;0.00199226;90
100.905;0.00216204;90
125.727;0.00140428;90
156.015;0.00104307;90
149.302;0.000887343;90
154.502;0.000840907;90
161.417;0.000982207;90
159.795;0.00114656;90
160.919;0.00100946;90
148.495;0.00128784;90
164.864;0.00109913;90
156.216;0.000912496;90
166.418;0.00235485;90
101.138;0.00150128;90
110.863;0.00172404;90
110.219;0.00139176;90
117.109;0.00136496;90
141.067;0.00124441;90
120.988;0.00122364;90
114.069;0.00114998;90
132.149;0.0011087;90
120.733;0.000978407;90
115.406;0.00159196;90
130.162;0.00150088;90
115.598;0.000821648;90
133.238;0.00110361;90
131.002;0.000993783;90
133.129;0.000909824;90
132.704;0.00127098;90
136.543;0.000892693;90
139.504;0.000828459;90
150.934;0.00094273;90
142.048;0.0011122;90
136.377;0.00126538;90
128.848;0.00137902;90
108.562;0.00157071;90
98.935;0.00182211;90
112.755;0.00320332;90
91.5102;0.00216275;90
96.9843;0.0014145;90
127.296;0.000780622;90
144.987;0.00199385;90
113.555;0.00149889;90
143.834;0.000911669;90
122.124;0.00117724;90
131.706;0.00210429;90
147.05;0.00133111;90
134.601;0.00121767;90
79.4775;0.000941839;90
64.6575;0.00148822;90
63.8642;0.00220885;90
80.7266;0.00139625;90
85.8821;0.00164324;90
85.8232;0.00120821;90
91.9176;0.00113564;90
41.1014;0.000956808;90
44.6643;0.00072409;90
-151.177;0.00591363;90
73.1997;0.0100437;90
86.7707;0.00134914;90
100.467;0.00816284;90
140.475;0.00274975;90
139.359;0.001107;90
147.714;0.0040963;90
124.726;0.00575263;90
112.675;0.00248508;90
129.028;0.00150867;90
-48.3849;0.0077606;90
58.2525;0.00388652;90
-113.242;0.00618821;90
120.549;0.00995129;90
-55.7957;0.000834303;90
-60.4551;0.00813822;90
-38.5698;0.0015911;90
-26.462;0.00223741;90
-34.4577;0.00469956;90
-27.1482;0.00087882;90
-63.9952;0.00178357;90
-79.9515;0.00163914;90
-115.718;0.00211779;90
-83.0462;0.00340303;90
-96.8503;0.00271639;90
-109.917;0.00521919;90
-119.201;0.00147782;90
-103.182;0.00172341;90
-130.865;0.000990406;90
-85.9316;0.00166319;90
24.8142;0.000512299;90
-46.3601;0.00804348;90
155.219;0.00202552;90
98.5702;0.00222788;90
69.7776;0.00795858;90
107.104;0.0109859;90
86.7796;0.00704913;90
-35.9873;0.00105172;90
73.5088;0.00572449;90
84.9842;0.00528424;90
85.6988;0.00874663;90
68.5939;0.00228782;90
104.924;0.00494687;90
-109.133;0.00158347;90
-36.5924;0.00383985;90
-167.177;0.00350543;90
-88.0054;0.00120673;90
-100.36;0.0018461;90
84.1648;0.00105245;90
85.0303;0.00184694;90
65.9518;0.00590668;90
-80.3927;0.00253455;90
-66.331;0.000911691;90
-103.859;0.00133589;90
-104.362;0.00319691;90
-99.719;0.00506469;90
-92.227;0.00234177;90
-99.389;0.00603789;90
-94.2815;0.00112514;90
-97.2731;0.00436815;90
-107.103;0.00108812;90
143.732;0.00152308;90
-135.62;0.00111093;90
-83.7783;0.00453974;90
-119.358;0.000862805;90
-92.5457;0.00137336;90
-89.8838;0.00542501;90
-106.216;0.00174752;90
-58.4404;0.00156672;90
-74.7228;0.00227333;90
9.56704;0.00179902;90
37.8527;0.000676299;90
-4.2464;0.000634742;90
119.151;0.0230541;90
-101.805;0.00199928;90
-101.703;0.00125713;90
-100.762;0.00582139;90
-108.144;0.00155744;90
-103.899;0.00565352;90
-41.8337;0.000665697;90
-79.5634;0.00505666;90
-105.589;0.00123544;90
-149.091;0.00270402;90
41.6947;0.00358109;90
91.7114;0.0105807;90
71.8427;0.00156598;90
79.7898;0.00996277;90
117.587;0.00967835;90
-59.8115;0.0087462;90
-37.4223;0.00157647;90
-34.0361;0.00234226;90
-34.7455;0.00266523;90
-33.052;0.00221672;90
-62.3676;0.00088832;90
-52.3154;0.00171597;90
-104.659;0.00227609;90
-112.858;0.00159094;90
-73.9611;0.00269282;90
-95.8091;0.00283556;90
-104.938;0.0029445;90
-71.1023;0.000978757;90
-29.6527;0.00107935;90
-75.9987;0.00198806;90
23.6531;0.0019367;90
121.276;0.00589226;90
90.2162;0.00530004;90
92.2854;0.00132906;90
69.8609;0.00320069;90
134.549;0.00188591;90
80.4663;0.00198035;90
-42.1887;0.00217697;90
66.5949;0.00193087;90
83.9863;0.00575567;90
93.2864;0.00092452;90
88.5167;0.00131344;90
83.4237;0.00466268;90
74.8895;0.00121604;90
78.5674;0.00119062;90
74.753;0.00560116;90
77.9052;0.00141746;90
105.881;0.00281754;90
-122.801;0.00454104;90
-86.5264;0.00194758;90
-97.3758;0.00133202;90
107.632;0.00841533;90
172.578;0.00248482;90
-102.161;0.00825524;90
-103.092;0.000927097;90
-107.012;0.00152785;90
-89.8822;0.00583701;90
-43.0578;0.00605065;90
-76.2567;0.00194468;90
-91.6562;0.0038406;90
-57.3768;0.00537736;90
-53.2913;0.00156421;90
-71.7732;0.00826783;90
-76.1231;0.00218065;90
-76.3002;0.00359323;90
-75.9912;0.00556037;90
-85.5975;0.00462465;90
-98.9172;0.00445788;90
-146.935;0.00338165;90
116.628;0.00369264;90
111.777;0.00132884;90
108.813;0.00254284;90
137.511;0.00161375;90
-172.128;0.000627917;90
122.87;0.000794135;90
103.366;0.000891137;90
63.9138;0.00192622;90
78.6032;0.00258599;90
90.502;0.0026251;90
43.1388;0.00134987;90
123.298;0.00534438;90
75.0806;0.00154198;90
92.4246;0.00605142;90
54.9543;0.00113718;90
106.265;0.00354176;90
112.959;0.000910093;90
145.195;0.00213739;90
146.34;0.00698035;90
128.248;0.00128097;90
120.012;0.00210526;90
109.063;0.00467223;90
-146.915;0.000787718;90
-45.3967;0.0167489;90
-90.6175;0.00603135;90
-64.44;0.000841338;90
-90.7123;0.00804362;90
-16.2753;0.00121676;90
-31.3694;0.00297952;90
-101.463;0.00982702;90
-14.7833;0.00124625;90
-74.7644;0.00103124;90
-66.0457;0.00571417;90
-69.0838;0.000949574;90
48.1418;0.00597342;90
74.6341;0.00213222;90
104.59;0.0141007;90
109.453;0.00147733;90
110.542;0.0105872;90
143.783;0.00315821;90
87.5141;0.00481853;90
87.3717;0.00141749;90
86.3186;0.00350423;90
152.179;0.0021212;90
164.005;0.00144078;90
164.762;0.000601136;90
-162.237;0.000701441;90
-174.031;0.00119246;90
-113.617;0.00259101;90
-102.336;0.00147915;90
-99.8853;0.00113586;90
-106.787;0.00144038;90
131.676;0.00279282;90
113.594;0.00418484;90
108.502;0.00296843;90
-107.988;0.00101354;90
-60.6141;0.00720619;90
-43.7309;0.00137283;90
-39.8291;0.000933645;90
-30.4048;0.00205688;90
-34.5013;0.00203734;90
-34.9279;0.00197714;90
-32.974;0.0016867;90
-69.8374;0.00122721;90
-53.1664;0.0018966;90
-114.059;0.00240384;90
-94.0364;0.00157691;90
-83.5154;0.00341787;90
-105.528;0.00309289;90
-98.3066;0.0022496;90
-54.3038;0.00277298;90
-6.52954;0.000668335;90
34.8636;0.00109687;90
-2.87641;0.000817029;90
172.311;0.00257112;90
98.6925;0.00154171;90
-173.176;0.00122871;90
102.314;0.00196931;90
104.365;0.00101576;90
119.57;0.000895659;90
-143.058;0.000635601;90
-167.647;0.000635718;90
134.713;0.00140999;90
123.699;0.00176811;90
90.1888;0.00212401;90
77.081;0.00170414;90
112.219;0.00252014;90
108.274;0.00203146;90
112.406;0.00181286;90
115.968;0.00120128;90
165.051;0.000837339;90
117.976;0.00139841;90
113.271;0.00144779;90
111.745;0.00189484;90
106.4;0.00154068;90
104.978;0.0011066;90
99.3903;0.00156903;90
115.215;0.00108211;90
116.474;0.000847918;90
-163.156;0.00216383;90
-110.491;0.00165684;90
-112.785;0.00165516;90
-102.801;0.00175564;90
-96.738;0.00201995;90
-137.917;0.00177856;90
82.3503;0.00172031;90
102.854;0.00164523;90
113.136;0.00133105;90
165.878;0.000967233;90
119.289;0.0015903;90
115.105;0.00177244;90
160.554;0.00103929;90
173.22;0.000576028;90
-120.581;0.00886273;90
-100.529;0.00143923;90
-141.778;0.00149182;90
158.199;0.00122782;90
132.955;0.0027149;90
156.473;0.00575434;90
-171.401;0.00100328;90
175.173;0.000903203;90
-171.212;0.000837835;90
-162.649;0.00101938;90
-139.665;0.00102588;90
-123.383;0.00232811;90
-130.432;0.00146483;90
-117.495;0.00239783;90
-79.4683;0.00140059;90
-91.3611;0.00336795;90
-94.6757;0.00211002;90
-107.786;0.00212139;90
-127.575;0.00117089;90
-125.941;0.00186384;90
-117.443;0.00166428;90
-101.677;0.00333502;90
-133.672;0.00128162;90
144.182;0.00106798;90
-173.667;0.00173157;90
174.201;0.000900609;90
150.099;0.00145233;90
163.811;0.00100068;90
-161.753;0.00144675;90
-158.258;0.000898952;90
-138.168;0.00150986;90
-141.191;0.00125892;90
-156.404;0.00128657;90
-178.735;0.00108726;90
-128.559;0.00185941;90
-109.692;0.00301216;90
-144.619;0.00238681;90
-166.951;0.00135088;90
178.876;0.00249848;90
-100.53;0.00200273;90
-79.2087;0.0030764;90
-67.0799;0.00202595;90
-86.1729;0.00440482;90
-100.8;0.00238016;90
-100.696;0.00349676;90
-101.765;0.00192749;90
-126.789;0.0022676;90
-121.114;0.00177073;90
-104.681;0.00290794;90
-93.1922;0.00204718;90
-87.0065;0.00233619;90
-87.4711;0.00120117;90
-82.4771;0.00110753;90
-81.1224;0.00175604;90
-70.5038;0.00107568;90
-65.9421;0.00164598;90
-71.6607;0.000947103;90
-61.6519;0.000819245;90
-82.0966;0.00210903;90
-84.7922;0.00155341;90
-87.936;0.00297093;90
-84.8306;0.00207544;90
-71.0466;0.00279557;90
-76.0831;0.00162984;90
-93.5081;0.00230432;90
-95.1523;0.00233845;90
-101.783;0.00280103;90
-91.599;0.00161263;90
-88.8009;0.00253255;90
-86.4811;0.00174329;90
-84.1162;0.00289726;90
-78.0088;0.00146803;90
-74.3148;0.00169409;90
-70.7946;0.00258698;90
-70.9184;0.00140098;90
-67.4968;0.00215293;90
-77.433;0.00162698;90
-80.7548;0.00299389;90
-64.5462;0.00154497;90
-78.9661;0.00370448;90
-79.9864;0.00175981;90
-82.111;0.00225131;90
-95.6787;0.00428503;90
-92.1196;0.00143298;90
-89.6786;0.00196103;90
-97.4198;0.00277221;90
-90.5987;0.0037322;90
-84.6888;0.0023983;90
-83.9039;0.00409616;90
-72.1406;0.000818439;90
-82.4804;0.00201735;90
-43.5898;0.0010631;90
-64.4102;0.00112983;90
-74.38;0.00188668;90
-72.035;0.00358583;90
-28.3296;0.00107472;90
-14.4713;0.00178875;90
-20.8732;0.000951442;90
-56.5489;0.00152932;90
-72.4961;0.0015959;90
-63.5263;0.00224323;90
-61.6104;0.0011799;90
-90.3225;0.00337605;90
-57.3214;0.00182247;90
-9.9169;0.00105679;90
-1.06091;0.00102618;90
-18.5713;0.000797529;90
-35.2417;0.0014852;90
-65.8453;0.0015738;90
-66.9914;0.00273237;90
-50.9543;0.00271296;90
-0.872224;0.00124814;90
41.3428;0.00103094;90
-4.40621;0.00117146;90
-22.237;0.00100148;90
-13.4771;0.00131727;90
-33.4114;0.000855358;90
9.76393;0.000843214;90
50.1219;0.000910855;90
68.9329;0.00139097;90
63.949;0.00229296;90
78.5105;0.0016266;90
86.6146;0.00284496;90
90.782;0.0010991;90
85.9838;0.00147061;90
87.8309;0.00322331;90
84.1323;0.00137923;90
87.0336;0.00162317;90
73.331;0.00108771;90
78.6678;0.00151657;90
66.8589;0.00196185;90
47.6892;0.00093441;90
31.627;0.000770423;90
39.3136;0.00183407;90
39.1992;0.00116136;90
48.5066;0.0016301;90
42.4758;0.000915177;90
56.1104;0.00238883;90
55.0842;0.00073903;90
54.5002;0.0014052;90
62.9673;0.0029043;90
80.2837;0.0018546;90
79.3128;0.00323003;90
64.9204;0.000828071;90
83.8042;0.00162147;90
81.2704;0.0023654;90
84.6315;0.0015498;90
85.0086;0.00263198;90
87.9849;0.00216134;90
74.4009;0.0024544;90
80.6484;0.0024678;90
76.1287;0.00337029;90
70.8722;0.00169985;90
88.7199;0.00393898;90
77.5588;0.000993326;90
75.6997;0.00126314;90
82.5415;0.00100147;90
82.2555;0.00187006;90
98.0452;0.00133615;90
93.8379;0.00159858;90
100.923;0.00104493;90
93.9791;0.0020319;90
97.1866;0.00207833;90
97.5453;0.0021476;90
93.0914;0.0023364;90
91.605;0.00217785;90
81.535;0.00215346;90
76.4352;0.0023876;90
81.0034;0.0024876;90
97.3801;0.00231215;90
95.8656;0.00213317;90
90.7696;0.00253123;90
89.2798;0.00246619;90
62.3833;0.00190053;90
91.2647;0.00258263;90
88.4077;0.00273506;90
82.2287;0.00293596;90
76.546;0.00293556;90
86.1458;0.0032283;90
84.5379;0.00312017;90
86.6804;0.00416198;90
90.7722;0.00230021;90
92.5292;0.00163159;90
90.3876;0.00177404;90
93.2923;0.00172385;90
91.1079;0.00196537;90
59.4547;0.000728031;90
88.1495;0.00188899;90
88.4193;0.00152258;90
79.3364;0.00144292;90
67.1071;0.00150125;90
74.9923;0.00203129;90
79.5381;0.00218635;90
54.1266;0.00079352;90
-53.4004;0.00122941;90
66.3323;0.00102633;90
75.217;0.00295894;90
75.814;0.00213408;90
64.5024;0.00108021;90
70.5737;0.00138908;90
84.6099;0.00129874;90
71.9288;0.000996138;90
70.0872;0.00153263;90
111.237;0.00109324;90
168.592;0.000460089;90
134.81;0.000638521;90
123.246;0.00150301;90
129.572;0.0013531;90
123.305;0.00156984;90
125.834;0.00128281;90
106.036;0.00148061;90
76.4594;0.00109339;90
55.4964;0.00119162;90
36.3537;0.000555023;90
60.4704;0.000726353;90
97.8545;0.00161717;90
115.403;0.00110261;90
115.433;0.00115493;90
69.6462;0.00142604;90
74.2577;0.00158858;90
71.1445;0.00112011;90
87.4197;0.00186589;90
64.534;0.000932612;90
72.5311;0.000862792;90
-70.8308;0.00456512;90
-77.3777;0.00139573;90
-67.8027;0.00228429;90
-58.2255;0.00107866;90
-63.557;0.0012598;90
-30.1925;0.001032;90
-68.3758;0.00234182;90
-63.4988;0.00120345;90
-66.0273;0.00113709;90
-69.7174;0.0021578;90
-35.1894;0.000975219;90
-96.0947;0.00283502;90
-90.4338;0.00158505;90
-58.4043;0.001275;90
-16.7971;0.000840877;90
13.2687;0.00081475;90
-64.1004;0.00150184;90
-67.7132;0.00146872;90
-40.7047;0.00114236;90
-60.481;0.00100667;90
-81.2855;0.00151145;90
10.2559;0.0011514;90
30.0442;0.000854859;90
116.536;0.00610626;90
88.9552;0.00460677;90
93.3025;0.00178797;90
94.5526;0.00471187;90
141.89;0.00081339;90
146.915;0.00677077;90
148.601;0.000902109;90
117.893;0.00893728;90
116.812;0.000727176;90
-104.074;0.00109796;90
-61.0541;0.00650228;90
-44.4268;0.00176715;90
-32.8888;0.00499806;90
-39.9623;0.00173132;90
-37.3487;0.00184286;90
3.15794;0.000726103;90
-85.1385;0.00476715;90
-121.346;0.000718938;90
-93.7011;0.000944971;90
-70.3027;0.00203827;90
-98.5473;0.00549705;90
-117.343;0.000988433;90
-41.5777;0.000852877;90
-48.8141;0.00116932;90
-67.1422;0.00161155;90
25.9463;0.00173932;90
-136.203;0.000640073;90
-89.0773;0.00993529;90
-70.5121;0.00371694;90
-138.795;0.00198708;90
-141.158;0.0048981;90
154.049;0.0048445;90
149.068;0.00155635;90
160.926;0.0024389;90
169.318;0.00218486;90
-155.508;0.00288015;90
-177.646;0.00136315;90
128.961;0.00217085;90
108.039;0.00192145;90
117.051;0.00110824;90
136.405;0.00273945;90
-149.263;0.00264916;90
-126.418;0.00149745;90
-157.81;0.00213406;90
-155.407;0.0033015;90
-165.157;0.00363427;90
-128.271;0.00811123;90
-120.051;0.00208877;90
-143.965;0.00274529;90
-133.917;0.00815581;90
-125.104;0.00184328;90
-130.058;0.00337342;90
-129.78;0.0100572;90
-128.968;0.00154083;90
-126.417;0.00382372;90
-131.746;0.00944237;90
-131.78;0.00201419;90
-121.997;0.00346312;90
-128.126;0.00511663;90
-131.768;0.00507874;90
-131.404;0.00958178;90
-132.051;0.000797258;90
-139.757;0.00740062;90
-175.09;0.00158883;90
178.306;0.00247008;90
-179.685;0.00382206;90
-165.097;0.0039271;90
-138.988;0.00464634;90
-115.796;0.0108258;90
-109.376;0.00271581;90
-114.848;0.00486429;90
-114.475;0.00629022;90
-117.848;0.00581434;90
-122.734;0.00998821;90
-122.51;0.00145501;90
-120.212;0.00444357;90
-108.372;0.0114253;90
-103.311;0.0025495;90
-97.3498;0.00429933;90
-96.9175;0.00633512;90
-100.435;0.0111413;90
-100.943;0.00220714;90
-107.619;0.00413288;90
-105.201;0.00988173;90
-104.288;0.0018234;90
-103.656;0.00402375;90
-102.818;0.00251057;90
-106.69;0.00114211;90
-91.6004;0.00189774;90
-119.193;0.00244794;90
-110.324;0.00721518;90
-81.84;0.00515721;90
-67.8236;0.00175913;90
-66.299;0.00315949;90
-62.2076;0.00567913;90
-102.133;0.00127038;90
-102.882;0.00130074;90
-149.734;0.000831315;90
106.951;0.0150436;90
74.287;0.0121262;90
76.6179;0.0251334;90
77.8043;0.0175194;90
83.5369;0.0022654;90
81.9919;0.00312245;90
71.5554;0.0187744;90
60.7245;0.00261958;90
56.8956;0.013159;90
62.1568;0.00220531;90
65.4649;0.00260084;90
67.3351;0.0182851;90
65.184;0.00215389;90
39.9835;0.0530311;90
49.1735;0.00223473;90
46.2609;0.0100582;90
49.3987;0.00220347;90
50.5599;0.00915201;90
50.9796;0.00230783;90
50.5446;0.00320546;90
42.9147;0.00880295;90
58.2117;0.00201412;90
69.6033;0.00302997;90
29.8852;0.00825466;90
14.2654;0.00103078;90
25.4441;0.00128017;90
32.6514;0.0040239;90
45.5821;0.000974443;90
32.4289;0.00166339;90
-23.6622;0.00249911;90
-61.337;0.0028708;90
-74.8578;0.00106808;90
-57.3129;0.00207573;90
12.2674;0.0018308;90
29.5056;0.000802016;90
15.4625;0.00179289;90
-6.86609;0.0017566;90
-32.1597;0.000747725;90
-14.4492;0.00161509;90
-33.2939;0.00244656;90
-33.5718;0.00188072;90
-26.1631;0.00114758;90
-1.7319;0.00228304;90
31.5532;0.00096696;90
46.2585;0.00160976;90
55.9846;0.00424907;90
97.4382;0.00108917;90
132.032;0.00172058;90
136.188;0.00293371;90
70.9614;0.00402201;90
83.2552;0.00392517;90
38.47;0.000565821;90
20.3205;0.00076885;90
-107.806;0.00657287;90
-106.488;0.00150801;90
-120.688;0.000783758;90
-137.128;0.000837792;90
-91.8064;0.00183991;90
-45.2908;0.000835811;90
-35.124;0.000853396;90
-42.2323;0.00205017;90
-54.8179;0.00108647;90
-47.9237;0.000956546;90
-50.2395;0.00113825;90
-64.44;0.00127475;90
-40.6898;0.00182526;90
-16.6812;0.000609656;90
-88.1356;0.00187499;90
-88.4172;0.00152058;90
-80.6194;0.00161358;90
-56.6062;0.00123367;90
-67.2766;0.00123485;90
-80.3241;0.00149933;90
-73.6923;0.00130344;90
-51.0475;0.000825545;90
-47.9944;0.00162432;90
-38.6429;0.00212022;90
-19.8234;0.000704762;90
-44.7867;0.00113986;90
-52.8079;0.00106702;90
-56.0035;0.0011929;90
-38.6682;0.00107073;90
-45.3416;0.000948954;90
-52.5589;0.00112346;90
-54.1068;0.00125538;90
-66.2732;0.0014812;90
-57.5184;0.00168333;90
-50.9203;0.000980329;90
-47.0482;0.00102879;90
-54.9608;0.00248547;90
-61.0708;0.00142022;90
-71.653;0.00164881;90
-72.4496;0.00161833;90
-66.3681;0.00128474;90
-40.167;0.000872845;90
14.4101;0.00059471;90
-14.3193;0.00240574;90
-21.3439;0.00130232;90
-24.9169;0.00076192;90
-18.125;0.000935415;90
-20.6276;0.000843048;90
-28.4489;0.000707427;90
-24.7121;0.0010788;90
-16.1293;0.000770322;90
-27.2553;0.00115076;90
-54.237;0.0016255;90
-80.6252;0.00161456;90
-88.5401;0.00149148;90
-87.0224;0.00154008;90
-89.0398;0.00161123;90
-72.2141;0.00201007;90
-64.1621;0.0013744;90
-58.7477;0.00183883;90
-56.8639;0.00126228;90
-35.8258;0.00108658;90
-27.0899;0.000634623;90
41.3576;0.000879296;90
64.0234;0.00121917;90
72.3666;0.00133366;90
74.5725;0.00177807;90
72.4295;0.00127865;90
72.0393;0.00122258;90
76.3488;0.0020211;90
28.4607;0.000824666;90
53.2606;0.0011418;90
55.4471;0.00119718;90
69.2374;0.00172075;90
78.8823;0.00128614;90
55.0292;0.00110441;90
59.1399;0.000758368;90
85.5439;0.00153163;90
99.7182;0.00206158;90
73.5459;0.000850845;90
44.0623;0.00090734;90
53.9419;0.000959896;90
74.33;0.00111442;90
98.3268;0.00123603;90
99.6375;0.00134397;90
95.8242;0.00165555;90
94.0357;0.00163405;90
90.7204;0.00119309;90
98.3075;0.00137038;90
104.17;0.00156048;90
99.9047;0.00163944;90
106.657;0.00208969;90
92.6103;0.00133939;90
108.347;0.00185531;90
105.464;0.00225774;90
93.629;0.00162726;90
89.1199;0.00195323;90
91.1017;0.00254847;90
94.1126;0.00181267;90
100.046;0.00166249;90
100.724;0.00203148;90
98.8152;0.00151388;90
105.058;0.00183604;90
100.073;0.00168091;90
104.667;0.00152055;90
104.594;0.00181765;90
123.843;0.0011438;90
112.989;0.00129049;90
98.8638;0.00125904;90
107.445;0.00179454;90
29.1056;0.00120061;90
60.4835;0.00149389;90
57.9006;0.000969157;90
46.2626;0.000866416;90
55.0013;0.000704376;90
53.7883;0.000731248;90
67.7288;0.0010871;90
51.7206;0.000658599;90
71.2731;0.000806708;90
63.7527;0.000725839;90
62.7466;0.000781786;90
64.3723;0.00139415;90
75.7535;0.00125562;90
89.0561;0.00139619;90
104.641;0.00158651;90
100.958;0.00140461;90
91.0974;0.00177533;90
-3.05126;0.000469666;90
13.7816;0.000491139;90
4.26156;0.00067286;90
26.0621;0.000662349;90
-2.75197;0.00106223;90
53.0021;0.000716202;90
19.4766;0.000521862;90
24.0457;0.000559558;90
50.4979;0.00070114;90
39.8953;0.000572198;90
70.051;0.00100532;90
28.128;0.000606647;90
66.8168;0.00097797;90
62.3838;0.000731317;90
69.1171;0.000984683;90
72.165;0.00193289;90
77.0684;0.00211361;90
75.4588;0.000908089;90
82.2104;0.00168959;90
83.7013;0.00122137;90
88.7804;0.0017854;90
85.4876;0.00189387;90
86.4826;0.00260791;90
88.6416;0.00223563;90
81.7428;0.00242312;90
79.9519;0.00231552;90
79.6117;0.00184118;90
80.7766;0.00173442;90
80.5658;0.00167769;90
77.9436;0.00146021;90
81.3442;0.00149503;90
85.6035;0.00199587;90
83.5527;0.00383828;90
72.9287;0.00174069;90
72.6382;0.00221177;90
78.526;0.00273975;90
66.642;0.0024062;90
79.7713;0.00255663;90
83.784;0.00285378;90
82.2234;0.00270488;90
90.8461;0.00257328;90
87.7332;0.0019215;90
80.5744;0.00512925;90
86.9519;0.00221914;90
79.3367;0.00387491;90
74.18;0.00219722;90
57.7996;0.00267789;90
21.8238;0.000476123;90
49.5105;0.00061142;90
36.6197;0.00114501;90
35.6355;0.00163398;90
16.6627;0.00300623;90
17.0141;0.000522885;90
39.6492;0.00248713;90
44.1449;0.000615959;90
58.396;0.00325353;90
60.195;0.00177246;90
72.7846;0.00224351;90
76.5329;0.00249048;90
74.5572;0.00184771;90
73.0207;0.00211625;90
70.5387;0.00374284;90
67.454;0.00167177;90
65.4512;0.00235156;90
55.4187;0.00133727;90
62.5137;0.00342118;90
54.5482;0.000775838;90
58.9962;0.00220736;90
67.4283;0.00174031;90
72.263;0.00171345;90
79.3479;0.00216938;90
74.9349;0.00187753;90
78.1113;0.00163098;90
76.1886;0.00327571;90
73.52;0.00200225;90
77.161;0.00168308;90
80.2247;0.00355156;90
78.701;0.00103098;90
78.6901;0.00204471;90
66.4689;0.0035066;90
38.5919;0.000658898;90
-29.5433;0.000740244;90
-40.8868;0.00208993;90
-18.1717;0.000894618;90
-32.3787;0.0017572;90
-58.6484;0.00139346;90
-59.8066;0.00248747;90
-54.7047;0.00134651;90
-61.05;0.00106395;90
-47.1509;0.00090432;90
-49.742;0.00077836;90
-51.1784;0.000663585;90
-41.9535;0.000758383;90
-49.8591;0.000634434;90
-36.4913;0.000544812;90
-51.6733;0.00110136;90
-40.3557;0.000986826;90
-78.7541;0.000876836;90
-9.87006;0.000577548;90
-37.9257;0.000792335;90
-35.155;0.000835374;90
-54.0259;0.000869906;90
-40.4559;0.00081219;90
-39.9774;0.00119536;90
-51.9955;0.000737345;90
19.4563;0.000780574;90
7.27893;0.000923442;90
-4.41408;0.00114339;90
38.8947;0.00182834;90
50.1296;0.00113095;90
51.7926;0.00237345;90
32.6453;0.00111042;90
8.09578;0.000944412;90
-10.1495;0.000890942;90
-30.542;0.0007222;90
-10.9295;0.00103375;90
-8.98426;0.000768428;90
-17.2389;0.000742348;90
-9.22793;0.000723362;90
-12.2088;0.000912641;90
4.74104;0.0010526;90
-25.4448;0.000663345;90
1.89816;0.000694381;90
-22.6438;0.000922077;90
-54.9994;0.00109138;90
-46.5836;0.00104904;90
-60.1401;0.000988187;90
-44.5985;0.000706417;90
-54.3087;0.00104042;90
-49.1037;0.00191693;90
-52.3729;0.00107449;90
-35.7101;0.000849774;90
-37.1042;0.000880207;90
-40.5665;0.00107023;90
-47.4786;0.000964689;90
-55.6887;0.000792991;90
-50.2553;0.000602158;90
-45.1363;0.000891664;90
-40.2622;0.00142971;90
-31.9239;0.000521943;90
-58.6592;0.000703674;90
-27.9861;0.00144271;90
-25.2789;0.00121539;90
0.711712;0.00064405;90
34.9019;0.00187531;90
4.02252;0.000841072;90
25.8584;0.00195805;90
1.1124;0.000927175;90
-2.8205;0.00170707;90
-23.1569;0.00108328;90
4.6957;0.00210105;90
-19.2054;0.00169324;90
-33.2749;0.000880332;90
-31.1253;0.00261554;90
5.90082;0.00110888;90
-8.62859;0.00251952;90
3.00647;0.000476656;90
-13.7148;0.00103758;90
-7.80045;0.00299875;90
13.15;0.000580215;90
-5.89643;0.00101236;90
6.46418;0.00260255;90
-7.9787;0.00149851;90
-17.4866;0.00221643;90
-2.70891;0.000782875;90
14.6267;0.000823695;90
21.5656;0.00130861;90
-26.1401;0.000964666;90
-18.9816;0.00182314;90
-0.984189;0.00110616;90
25.3969;0.00204017;90
36.3413;0.000563624;90
42.4656;0.000863515;90
48.5049;0.00247526;90
50.6151;0.00160435;90
42.0539;0.000894258;90
25.286;0.00190337;90
30.9638;0.000711376;90
76.2844;0.00125684;90
87.6069;0.00100588;90
94.447;0.00345641;90
96.9011;0.00187257;90
117.981;0.0023893;90
130.049;0.002597;90
115.478;0.00407977;90
106.786;0.00158243;90
104.412;0.00144239;90
108.486;0.00285111;90
109.239;0.000855797;90
121.401;0.0010556;90
107.172;0.00232357;90
125.408;0.00148948;90
102.043;0.00268407;90
96.4282;0.00136659;90
98.2059;0.0020318;90
101.152;0.00335026;90
112.154;0.00162821;90
103.429;0.00146403;90
109.757;0.00235779;90
111.453;0.000792934;90
104.269;0.00131455;90
89.1082;0.00340541;90
106.321;0.001886;90
107.521;0.00358743;90
118.529;0.000783084;90
132.254;0.000782251;90
134.313;0.00117954;90
109.612;0.00312531;90
106.47;0.00184469;90
103.553;0.0021293;90
94.6466;0.00414763;90
90.3179;0.00216303;90
95.3801;0.00198374;90
98.4;0.00303253;90
102.143;0.00173993;90
100.001;0.0018887;90
103.698;0.00135556;90
108.318;0.001855;90
113.446;0.00270428;90
96.8551;0.00147454;90
95.8072;0.00218421;90
85.2364;0.00124028;90
90.9077;0.00265133;90
87.0416;0.00155007;90
96.9626;0.00345649;90
98.901;0.00278555;90
108.872;0.00136962;90
100.131;0.00121088;90
108.716;0.00186672;90
103.698;0.00135556;90
109.909;0.00250788;90
105.364;0.00110966;90
86.1998;0.00247444;90
87.5467;0.00116807;90
98.5355;0.00357763;90
98.9082;0.00115594;90
102.484;0.00125364;90
120.02;0.00165501;90
139.452;0.00163056;90
-164.362;0.00174354;90
150.553;0.00112079;90
115.672;0.00134807;90
127.378;0.00169007;90
130.033;0.00125772;90
135.634;0.00185203;90
97.2825;0.00144365;90
112.113;0.00146906;90
83.0761;0.000953957;90
110.503;0.00138471;90
112.348;0.00105201;90
101.952;0.00134721;90
103.03;0.00292737;90
151.957;0.00136982;90
145.62;0.00119713;90
91.7646;0.00198094;90
90.3372;0.00203904;90
106.399;0.00201185;90
120.684;0.00130118;90
103.263;0.00172604;90
99.4569;0.00174674;90
104.52;0.00155156;90
94.1539;0.0012563;90
98.4773;0.00116675;90
101.335;0.0013585;90
109.142;0.00138455;90
118.644;0.00147901;90
116.333;0.00132555;90
112.102;0.00180461;90
113.563;0.00113569;90
114.512;0.00167276;90
110.842;0.00159646;90
109.863;0.00187771;90
105.707;0.00132238;90
129.643;0.00108307;90
159.252;0.000908947;90
171.681;0.000601327;90
135;0.000804688;90
149.546;0.000751708;90
138.985;0.000946275;90
154.053;0.000580517;90
172.245;0.00148962;90
-144.008;0.000952912;90
-139.527;0.000967512;90
-129.738;0.00227445;90
-113.448;0.0015707;90
-115.326;0.00279127;90
-117.277;0.00165616;90
-110.036;0.00138056;90
-113.447;0.000970101;90
-116.835;0.00228171;90
-115.067;0.00123205;90
-131.523;0.000862844;90
-143.612;0.00123724;90
-147.927;0.000806023;90
172.973;0.000580359;90
-145.393;0.00180301;90
-130.833;0.000671405;90
-142.751;0.00250625;90
-139.034;0.0010555;90
-116.887;0.00231079;90
-104.143;0.00207902;90
-106.244;0.00324244;90
-95.0825;0.0012981;90
-91.31;0.00468022;90
-84.0235;0.000922011;90
-75.9948;0.000896654;90
-70.5537;0.00152287;90
-67.7974;0.00119349;90
-83.4426;0.00410687;90
-104.972;0.00228766;90
-110.29;0.00269631;90
-95.6591;0.00387388;90
-97.9063;0.0018829;90
-119.783;0.00148172;90
-114.315;0.00128718;90
-98.9541;0.0025764;90
-101.884;0.00238921;90
-90.1588;0.00397002;90
-87.5188;0.00237923;90
-91.2289;0.00181842;90
-79.6721;0.0028949;90
-96.7747;0.00180561;90
-102.336;0.00344965;90
-95.9571;0.00161874;90
-94.7538;0.000965321;90
-97.9386;0.00190425;90
-113.821;0.00169106;90
-114.582;0.00144716;90
-132.244;0.00208838;90
-166.078;0.000731489;90
-150.077;0.000717668;90
-127.555;0.00153891;90
-136.731;0.00110005;90
-128.499;0.00133654;90
-119.787;0.000851499;90
-107.903;0.00132727;90
-104.613;0.00313129;90
-95.4552;0.0020091;90
-94.6055;0.0010835;90
-99.7839;0.0013476;90
-94.7492;0.0019808;90
-90.2829;0.00162002;90
-94.6295;0.00156109;90
-88.2341;0.00149271;90
-91.5361;0.00283502;90
-80.1132;0.00128711;90
-90.5528;0.00238411;90
-101.879;0.00146231;90
-106.293;0.00255564;90
-105.879;0.00177264;90
-113.231;0.00281416;90
-101.269;0.00247675;90
-97.8668;0.00449329;90
-100.528;0.00304832;90
-114.447;0.00146428;90
-122.901;0.0012077;90
-157.37;0.000847231;90
152.158;0.00108342;90
-119.208;0.00112504;90
-108.311;0.00160423;90
-101.249;0.00183526;90
-102.018;0.00177695;90
-101.856;0.00154292;90
-102.03;0.00179441;90
-105.461;0.00141418;90
151.425;0.000765206;90
144.467;0.00290619;90
135.99;0.00102334;90
-159.886;0.000788062;90
-138.851;0.00162152;90
-137.617;0.000882683;90
-124.668;0.000812199;90
140.349;0.00208586;90
134.138;0.00112867;90
145.673;0.000748337;90
129.1;0.0018504;90
128.691;0.00142212;90
155.434;0.00112811;90
157.941;0.000785499;90
178.553;0.000950303;90
-152.298;0.000991668;90
-142.165;0.00175745;90
-141.505;0.0012483;90
-124.898;0.00149969;90
-122.341;0.000942142;90
-127.071;0.00102521;90
-121.296;0.000976015;90
-137.584;0.00222682;90
172.628;0.000919602;90
-157.172;0.0015027;90
-142.206;0.00124016;90
-109.038;0.00132127;90
-112.758;0.00140108;90
-121.738;0.00086306;90
-129.727;0.000930957;90
-122.481;0.00140592;90
-141.877;0.00306473;90
-99.8983;0.000907509;90
-93.2823;0.00179895;90
-108.017;0.00503385;90
-113.541;0.00211066;90
-117.332;0.00136994;90
-114.109;0.00230616;90
-119.896;0.00160105;90
-123.931;0.00111967;90
-128.338;0.00197485;90
-129.252;0.00152512;90
-128.874;0.00125237;90
-129.487;0.0019138;90
-130.779;0.00108553;90
-139.963;0.000727512;90
-146.346;0.00131547;90
-155.418;0.00113705;90
-155.665;0.000999832;90
-168.626;0.00105471;90
114.384;0.00251427;90
125.361;0.00124583;90
107.768;0.00279849;90
106.931;0.00132545;90
104.243;0.00269483;90
116.546;0.00132465;90
121.031;0.0014646;90
133.747;0.00161683;90
160.343;0.00136452;90
124.431;0.00133;90
110.586;0.00158415;90
109.677;0.00151762;90
125.194;0.00207169;90
137.007;0.000948812;90
141.576;0.000987964;90
138.894;0.00188455;90
136.283;0.000568656;90
127.125;0.00157402;90
111.143;0.00232877;90
-90.0955;0.0018;90
-76.4872;0.00156636;90
-70.1554;0.00141397;90
-96.0323;0.00232186;90
-97.1987;0.00115712;90
-115.29;0.00102527;90
-115.106;0.00108887;90
-97.2445;0.00166529;90
-134.97;0.00136542;90
-119.81;0.000758349;90
-131.314;0.000671018;90
-121.912;0.00254813;90
-126.831;0.001488;90
-100.083;0.00239905;90
-73.184;0.00141031;90
-50.2649;0.00145642;90
-80.598;0.000936582;90
-59.6483;0.000995435;90
-60.2694;0.00199225;90
-64.8494;0.00108706;90
-43.1227;0.00114401;90
-60.1675;0.000729697;90
-80.308;0.00172259;90
-87.139;0.00198347;90
-82.8702;0.0014744;90
-87.6383;0.00167442;90
-94.9436;0.00275023;90
-81.5506;0.00121822;90
-80.3725;0.00148289;90
-81.3056;0.00126352;90
-86.4112;0.00201295;90
-85.0623;0.000929449;90
-73.0184;0.00246864;90
-68.9273;0.000934495;90
-81.7676;0.00348491;90
-70.1608;0.00149684;90
-75.3175;0.0019569;90
-68.1711;0.00115911;90
-74.0173;0.00253499;90
-88.8754;0.00173233;90
-73.2952;0.00197954;90
-75.8903;0.00189105;90
-75.2756;0.00228194;90
-84.2894;0.00137683;90
-84.7791;0.00235176;90
-97.4801;0.00152094;90
-81.6643;0.00165549;90
-71.9239;0.00136328;90
-69.919;0.00119995;90
-49.7738;0.000662737;90
-30.8786;0.00057675;90
-49.4972;0.000694395;90
-71.7092;0.00138287;90
-85.2669;0.00124826;90
-86.0732;0.00257003;90
-91.8321;0.00131367;90
-117.79;0.00146496;90
-102.867;0.00174686;90
-95.4562;0.00136719;90
-94.4959;0.00257693;90
-105.641;0.00149849;90
-148.568;0.00109111;90
-163.274;0.000816547;90
-129.41;0.00146644;90
-131.819;0.00308349;90
-110.926;0.00342704;90
-117.251;0.000784022;90
-118.658;0.00135954;90
-109.471;0.000927015;90
-112.981;0.00200296;90
-108.592;0.00231163;90
-141.578;0.00112961;90
-145.731;0.00167473;90
-134.83;0.000714888;90
-131.326;0.00134627;90
-148.45;0.000787391;90
-150.938;0.00151929;90
-174.191;0.000750856;90
-134.626;0.00151607;90
-117.92;0.0018153;90
-112.419;0.00160209;90
-137.528;0.00208375;90
-131.343;0.00154109;90
-150.808;0.00105385;90
-156.403;0.00101923;90
-168.04;0.00136564;90
152.649;0.00136905;90
152.063;0.00143865;90
152.605;0.00163653;90
176.535;0.00140657;90
-129.777;0.00205064;90
-140.833;0.00141233;90
-115.842;0.0034389;90
-130.28;0.0022598;90
-120.918;0.00108404;90
155.385;0.00299628;90
-109.896;0.00151333;90
-98.281;0.00182604;90
-97.9934;0.00219331;90
-106.522;0.0016105;90
-101.489;0.00132046;90
-56.4869;0.00125696;90
-52.5832;0.00117345;90
-89.2748;0.00308125;90
-76.6717;0.0011582;90
-75.893;0.00137445;90
-68.1059;0.00114778;90
-99.8051;0.00145627;90
-72.8411;0.00157615;90
-118.407;0.00157232;90
-106.948;0.00904273;90
-44.0863;0.00177365;90
-30.2102;0.00106921;90
-54.4663;0.00167245;90
-87.0198;0.00323137;90
-177.879;0.00140496;90
-142.794;0.0056889;90
-78.7079;0.00188958;90
-56.4189;0.00277156;90
-85.4927;0.00805491;90
-85.4731;0.0015077;90
-94.8407;0.00679022;90
-83.4861;0.00138393;90
-103.143;0.00255081;90
-88.6899;0.00669175;90
-57.4528;0.00109852;90
-67.144;0.00149324;90
-71.4046;0.0036126;90
-58.9459;0.00337115;90
-79.1784;0.00294538;90
-72.5721;0.00161934;90
-66.3908;0.00146568;90
-59.1221;0.0140703;90
113.357;0.000759217;90
115.689;0.000906608;90
130.998;0.00106396;90
105.25;0.000984673;90
122.812;0.000760306;90
120.165;0.000811953;90
119.633;0.0027243;90
125.29;0.00126188;90
121.769;0.00162202;90
121.182;0.00112795;90
107.189;0.00126553;90
118.626;0.000907983;90
102.015;0.00149883;90
103.968;0.00142514;90
117.721;0.00119743;90
129.25;0.000818706;90
119.403;0.0013912;90
116.927;0.00311804;90
114.345;0.00181213;90
103.817;0.0015828;90
111.368;0.00184159;90
111.773;0.00303556;90
100.809;0.00170628;90
75.279;0.00206995;90
63.8229;0.00145303;90
83.0019;0.00156768;90
85.931;0.00171933;90
84.4593;0.00181247;90
83.2961;0.00170466;90
87.8568;0.00163114;90
93.3751;0.00156271;90
93.9215;0.0016669;90
93.5634;0.0016572;90
90.4535;0.00151605;90
94.7985;0.00163774;90
92.6768;0.00154168;90
96.3485;0.00151932;90
117.125;0.00118875;90
119.598;0.00125933;90
124.18;0.00116769;90
97.3636;0.00131081;90
-169.875;0.000654187;90
161.466;0.000547391;90
104.797;0.00206343;90
97.7731;0.00129389;90
100.386;0.00114272;90
93.0904;0.00127986;90
88.548;0.00122339;90
76.7501;0.00139617;90
-47.5901;0.00147087;90
-33.0118;0.000796605;90
-29.6237;0.000762691;90
54.3937;0.000970436;90
66.2155;0.00107861;90
66.4437;0.00134618;90
68.1892;0.0011385;90
65.1031;0.00141335;90
67.1903;0.0010447;90
76.415;0.000923847;90
84.4619;0.00122271;90
86.3995;0.00103504;90
79.8292;0.00214064;90
33.6901;0.000609338;90
31.9702;0.000517491;90
-128.674;0.000635315;90
-85.6282;0.0116098;90
-82.8291;0.00232317;90
-128.086;0.00104564;90
-168.909;0.00169465;90
-139.871;0.00528775;90
-68.0634;0.00653408;90
-85.3108;0.00172477;90
-89.8032;0.0133951;90
-95.7789;0.00166848;90
-94.9788;0.00712087;90
-64.4178;0.00161647;90
-67.1287;0.00820508;90
-67.0524;0.00143887;90
-76.085;0.00412506;90
-63.571;0.00113011;90
-95.5348;0.0012649;90
102.834;0.00643783;90
112.792;0.010527;90
103.464;0.00140872;90
88.3896;0.00487493;90
72.2777;0.00185608;90
90.3598;0.0140133;90
88.6739;0.00129635;90
95.8553;0.0021271;90
113.081;0.00565249;90
24.3319;0.00270859;90
54.2892;0.00142369;90
36.5313;0.00345226;90
87.0464;0.00147496;90
126.367;0.00369334;90
88.7897;0.00866393;90
96.872;0.00522353;90
84.8025;0.0016779;90
99.4389;0.00120735;90
152.984;0.000851968;90
-101.104;0.00327124;90
-110.105;0.00345025;90
-116.777;0.00302318;90
-114.178;0.00132087;90
-155.867;0.00173899;90
134.471;0.00122618;90
-108.373;0.00353416;90
127.765;0.00206065;90
131.86;0.00220737;90
-115.597;0.00222431;90
-105.09;0.00303463;90
-104.655;0.00256133;90
137.96;0.00160232;90
131.284;0.00202942;90
108.878;0.0022067;90
116.621;0.00137026;90
71.1319;0.00230062;90
112.442;0.00220824;90
135.137;0.0023575;90
172.088;0.00167091;90
157.37;0.00170746;90
127.751;0.00206784;90
110.993;0.00201258;90
108.039;0.0017374;90
99.0081;0.00192879;90
111.181;0.00397987;90
124.308;0.00614394;90
131.524;0.000909599;90
142.234;0.00189243;90
157.113;0.00659523;90
-171.732;0.00240601;90
-142.694;0.00276208;90
-121.517;0.00316018;90
-99.8981;0.00425839;90
-94.7799;0.00526832;90
-124.342;0.00341412;90
-111.858;0.00413098;90
-89.2528;0.00498442;90
-73.5265;0.00527556;90
-74.8107;0.00588147;90
-90.2008;0.0108441;90
-81.3075;0.00178652;90
-75.627;0.00272324;90
-134.3;0.00908347;90
-129.815;0.00244883;90
-130.894;0.00456265;90
-127.266;0.00604774;90
-131.587;0.00567824;90
-131.52;0.00577782;90
-126.963;0.0124664;90
-136.432;0.00582838;90
-126.163;0.00601106;90
-132.257;0.00562866;90
-169.418;0.00481896;90
-177.623;0.00824709;90
-149.148;0.00202214;90
-137.072;0.00412584;90
-113.868;0.0139708;90
-107.019;0.00281529;90
-116.473;0.00471543;90
-106.335;0.00773317;90
-106.963;0.000874026;90
-150.045;0.000779067;90
-95.2803;0.00465074;90
-95.144;0.0105957;90
-98.4028;0.0023472;90
-96.0609;0.00473547;90
-95.1783;0.00641518;90
-98.3963;0.00554038;90
-106.02;0.00456216;90
-105.707;0.00419984;90
-98.1108;0.00797376;90
-87.9024;0.00207639;90
-88.4039;0.00384149;90
-88.1983;0.00680637;90
-94.0057;0.00153174;90
-109.744;0.00319695;90
-100.613;0.00677082;90
-100.314;0.00174825;90
-97.1455;0.00346491;90
-86.5932;0.00417338;90
-88.9964;0.00411063;90
-140.134;0.00144618;90
-112.364;0.00153225;90
-92.9136;0.00519371;90
-68.2729;0.00114537;90
-45.9172;0.00229698;90
-50.9337;0.00242138;90
-47.5956;0.00291981;90
-48.7854;0.00244202;90
-126.909;0.0041546;90
-134.42;0.00111729;90
132.689;0.00519156;90
132.945;0.00189343;90
-103.551;0.00332043;90
-102.976;0.00521517;90
136.128;0.00237068;90
113.925;0.00337826;90
112.402;0.00559419;90
113.676;0.00133977;90
130.807;0.00169239;90
-106.688;0.0035067;90
-121.32;0.00278948;90
113.597;0.000924288;90
114.491;0.00129777;90
-1.94669;0.00111865;90
-42.9105;0.0159226;90
-48.7437;0.0022201;90
-44.3604;0.000886767;90
79.6895;0.00181023;90
144.09;0.00882664;90
116.662;0.00158001;90
114.269;0.000892908;90
112.573;0.00708585;90
78.1967;0.000933744;90
129.256;0.00423207;90
116.055;0.000953944;90
115.612;0.00968128;90
92.3707;0.00203074;90
70.2344;0.0105123;90
77.2839;0.00109485;90
67.4914;0.00150462;90
75.7879;0.0236323;90
76.494;0.00324987;90
77.8343;0.0342461;90
64.8654;0.00302769;90
56.5011;0.015129;90
61.6143;0.0029701;90
65.135;0.00391932;90
60.2162;0.027208;90
8.6634;0.00147382;90
5.65698;0.0112709;90
35.1349;0.00233187;90
55.4896;0.00631535;90
44.3968;0.00591033;90
44.8705;0.00563;90
55.1454;0.00645499;90
56.8329;0.00662423;90
49.6674;0.00573527;90
44.7731;0.00624875;90
50.401;0.00653581;90
50.5112;0.00699451;90
52.4983;0.0065294;90
38.3634;0.00555549;90
59.6818;0.00634705;90
46.1349;0.00492667;90
13.7297;0.00417119;90
23.4371;0.00397494;90
37.7823;0.00189664;90
35.5769;0.00322622;90
-36.3608;0.00299392;90
-9.37209;0.000521967;90
-77.9093;0.00295045;90
-49.4156;0.00258082;90
22.1101;0.0024124;90
10.7064;0.00227154;90
-20.5373;0.00250843;90
-26.3237;0.00615863;90
29.0105;0.00580654;90
13.1452;0.000998155;90
95.4743;0.00439203;90
172.421;0.000470106;90
143.584;0.00169125;90
83.1184;0.00779516;90
56.6336;0.00191458;90
140.856;0.00467788;90
85.4875;0.00702879;90
111.064;0.000923725;90
60.6931;0.00141168;90
84.7475;0.00312412;90
132.684;0.00225681;90
148.454;0.00720589;90
127.785;0.00140198;90
126.995;0.00429081;90
108.067;0.0039855;90
-132.534;0.000739611;90
-57.0231;0.0079331;90
-32.2051;0.000577914;90
-60.3369;0.00121641;90
-25.0022;0.00141014;90
-35.0511;0.002382;90
-30.701;0.00366462;90
-68.0442;0.00144694;90
-72.6373;0.0023658;90
-113.874;0.0026858;90
-73.8067;0.00304792;90
-102.226;0.0041225;90
-62.1863;0.00217532;90
-89.3601;0.00268617;90
30.2813;0.000662375;90
22.6135;0.00138877;90
1.66834;0.000618262;90
-171.284;0.00430269;90
-133.409;0.00234284;90
-124.099;0.0017088;90
173.006;0.00227493;90
-112.538;0.000866155;90
-117.773;0.000933542;90
-103.242;0.00199505;90
-106.488;0.00111693;90
-91.0023;0.00108617;90
-46.3774;0.00100014;90
114.152;0.00799925;90
69.5068;0.000959738;90
76.9761;0.000878601;90
-47.8298;0.00223435;90
68.735;0.00122973;90
-34.0167;0.00136209;90
-49.0108;0.00169839;90
-2.89858;0.00166113;90
42.0565;0.00172125;90
48.6821;0.00126621;90
42.0103;0.00147774;90
-9.04818;0.00118272;90
0.892849;0.00115514;90
24.2429;0.00103749;90
-150.149;0.00483786;90
-150.317;0.00322292;90
-171.38;0.00216849;90
-105.682;0.00304848;90
-105.905;0.000974299;90
-94.1641;0.00603192;90
176.697;0.00227378;90
-179.82;0.00222401;90
-153.801;0.00252099;90
148.987;0.00257745;90
109.182;0.00356387;90
145.856;0.00311613;90
-142.008;0.00316461;90
129.689;0.00106949;90
84.2223;0.00416214;90
-12.3043;0.00190987;90
87.4442;0.00556153;90
69.4138;0.00222402;90
117.174;0.00227287;90
117.444;0.00335226;90
102.813;0.00337298;90
-67.4151;0.00769946;90
-27.7279;0.00191715;90
-8.50085;0.00170473;90
-41.6854;0.00183448;90
-65.8123;0.0013692;90
57.8852;0.00188669;90
103.679;0.000934508;90
91.3033;0.00791405;90
74.2003;0.00145809;90
108.05;0.00136519;90
104.099;0.00396134;90
101.465;0.00572014;90
100.378;0.00646171;90
102.929;0.00562254;90
102.522;0.00343162;90
97.6168;0.00342522;90
81.0377;0.00832565;90
71.0236;0.00140538;90
80.3015;0.00199451;90
70.6645;0.00142858;90
88.3249;0.0105705;90
84.2612;0.00202012;90
84.7248;0.00269742;90
80.5176;0.00562688;90
64.0915;0.00905399;90
54.5339;0.00186136;90
57.7335;0.00418651;90
53.8777;0.00386253;90
83.0056;0.00739906;90
97.2554;0.00190828;90
95.3867;0.00755235;90
86.5892;0.00205063;90
83.0014;0.00848623;90
85.1421;0.00201925;90
87.0867;0.00360065;90
82.6518;0.00477723;90
83.4572;0.00374741;90
56.4598;0.00148411;90
40.0719;0.00278214;90
17.2482;0.00532863;90
31.373;0.0011525;90
12.7663;0.00167439;90
-3.57013;0.00460894;90
19.179;0.000852306;90
11.9887;0.00188716;90
56.7989;0.00318493;90
55.3888;0.00652107;90
5.07179;0.000972809;90
56.1302;0.00203299;90
63.3403;0.00351913;90
44.4219;0.00525619;90
2.1211;0.0010267;90
8.88556;0.00396863;90
2.32852;0.000664549;90
-11.7908;0.000934722;90
29.1875;0.000586464;90
50.073;0.00108755;90
-0.630985;0.000454028;90
22.3194;0.00123232;90
-120.929;0.00457798;90
-90.6087;0.00291816;90
-93.6399;0.00354415;90
-99.6936;0.00199549;90
-85.4843;0.00349284;90
-81.8949;0.00292219;90
-105.036;0.00631004;90
-141.617;0.000840693;90
-130.171;0.0040988;90
-106.879;0.00112967;90
-99.4754;0.0028732;90
-59.5186;0.00293342;90
-60.6355;0.00646458;90
-74.91;0.00118693;90
-87.3448;0.00187802;90
-88.5278;0.00864085;90
-79.0809;0.00161015;90
-78.061;0.00626962;90
-81.5877;0.00114836;90
-76.8976;0.00669633;90
-62.5559;0.0013409;90
-85.192;0.00300658;90
-77.1017;0.00766952;90
-77.9908;0.00154276;90
-95.3783;0.00293392;90
-63.7438;0.00721769;90
-91.427;0.00168652;90
-87.8993;0.00280989;90
-107.394;0.00372641;90
-96.2623;0.00422622;90
-133.112;0.00525878;90
-145.775;0.0012179;90
-112.955;0.00262051;90
-113.389;0.00422953;90
-124.814;0.00804498;90
-112.354;0.00119371;90
-163.47;0.000970091;90
-134.437;0.00669733;90
-131.82;0.000943319;90
-139.318;0.00445185;90
-159.726;0.00104472;90
158.915;0.00261294;90
145.965;0.00133463;90
-160.24;0.00477094;90
-141.68;0.000632202;90
-104.203;0.00200529;90
-134.087;0.00474882;90
172.624;0.00249263;90
-103.477;0.00129156;90
-102.594;0.00229317;90
-172.847;0.0022485;90
-89.4358;0.00111705;90
-51.7168;0.00135421;90
-92.4067;0.00597727;90
-85.9724;0.00119595;90
-97.9754;0.0015712;90
-107.284;0.0039043;90
-32.6438;0.00180751;90
-41.5558;0.00244818;90
90.4153;0.0115883;90
126.562;0.000930013;90
125.253;0.00156622;90
50.3949;0.00135374;90
85.3176;0.0013475;90
80.7857;0.00186101;90
83.0549;0.00264642;90
56.9368;0.00134356;90
-36.2023;0.0014933;90
-25.3197;0.000823067;90
17.8636;0.000697633;90
63.3915;0.00177052;90
43.3298;0.00123726;90
33.3272;0.000744423;90
67.4001;0.00198546;90
54.5703;0.00197342;90
47.1357;0.00144209;90
11.6149;0.00246855;90
-27.0229;0.000783543;90
-40.8865;0.000828034;90
-36.7675;0.000671601;90
-36.112;0.0011945;90
9.13109;0.00110905;90
0.803535;0.00071307;90
17.8038;0.000516748;90
40.4712;0.00128955;90
23.7433;0.00100835;90
54.5017;0.00135359;90
51.7012;0.00163611;90
53.694;0.00489784;90
10.8481;0.000462261;90
17.869;0.000544255;90
35.1975;0.00150764;90
38.9496;0.00179118;90
24.7847;0.00125236;90
47.774;0.00226469;90
66.658;0.00220333;90
64.1745;0.00148979;90
72.2086;0.00219602;90
66.9324;0.00447914;90
65.649;0.00137755;90
37.6054;0.00199436;90
61.8136;0.00115383;90
22.7102;0.00146346;90
51.953;0.00175237;90
80.5918;0.00261214;90
85.4253;0.00297147;90
70.9879;0.00276271;90
96.1521;0.00127836;90
97.6263;0.00299146;90
92.7833;0.00133858;90
129.318;0.00141409;90
111.285;0.00463626;90
86.8825;0.00112166;90
83.8739;0.00115258;90
98.2797;0.00243741;90
94.6894;0.00243415;90
103.201;0.0056267;90
106.937;0.00430786;90
103.451;0.00149604;90
102.434;0.00535049;90
96.6048;0.000956347;90
101.795;0.00588016;90
104.843;0.00108521;90
91.1691;0.00112723;90
87.829;0.00522675;90
99.5709;0.00164794;90
104.619;0.00524583;90
151.318;0.000508382;90
115.024;0.000947988;90
122.184;0.00220597;90
114.9;0.00367899;90
81.2999;0.00481945;90
20.755;0.00128114;90
58.6262;0.0028274;90
65.244;0.0022949;90
75.3587;0.00176843;90
76.0244;0.00228978;90
96.7163;0.00365106;90
93.2637;0.00288067;90
-89.8758;0.001384;90
-78.9824;0.000999421;90
-70.4887;0.000892236;90
-86.818;0.00295456;90
-93.9508;0.00139331;90
-110.735;0.00108743;90
-118.907;0.00101781;90
-100.148;0.00225325;90
-138.348;0.00208245;90
-120.252;0.00280267;90
-126.546;0.00162563;90
-94.475;0.003281;90
-63.4088;0.00098074;90
-58.7681;0.0020887;90
-61.3786;0.00125882;90
-66.186;0.00211507;90
-44.3288;0.0016901;90
-70.5003;0.00122528;90
-78.3938;0.00102394;90
-84.2513;0.00269556;90
-85.8206;0.00126236;90
-89.3682;0.0017231;90
-93.6284;0.00301805;90
-83.2722;0.00130599;90
-80.8746;0.00276803;90
-87.2292;0.00165493;90
-77.5299;0.00158847;90
-66.994;0.00101579;90
-75.897;0.00208071;90
-91.2627;0.00136133;90
-69.291;0.00262992;90
-79.7386;0.00117886;90
-69.5805;0.00299521;90
-78.7689;0.00256716;90
-85.7499;0.00263124;90
-69.1415;0.00126383;90
-67.7591;0.000895635;90
-74.5859;0.000948103;90
-79.2946;0.000985146;90
-84.1577;0.00138519;90
-81.7199;0.0014582;90
-91.2035;0.00142832;90
-92.7297;0.00161683;90
-79.2123;0.00159214;90
-75.261;0.00191812;90
-49.5681;0.00110093;90
-48.8056;0.00126781;90
-48.7908;0.000695193;90
-84.8089;0.00155839;90
-85.0413;0.00202458;90
-92.0113;0.0022794;90
-115.902;0.00108278;90
-110.943;0.00174852;90
-92.0748;0.00160205;90
-93.3557;0.00187922;90
-101.509;0.0019145;90
-144.665;0.0025019;90
-128.71;0.00231059;90
-129.103;0.00244326;90
-112.126;0.00357636;90
-112.349;0.00188564;90
-112.388;0.00114209;90
-116.438;0.00101071;90
-108.713;0.00136833;90
-116.116;0.00136986;90
-131.305;0.00108625;90
-148.979;0.000684966;90
-155.454;0.000558469;90
-133.798;0.00111252;90
-120.688;0.000926789;90
-162.399;0.00091273;90
-151.615;0.000506949;90
-148.601;0.000881014;90
-144.757;0.000859546;90
-178.088;0.00062935;90
-169.604;0.000504279;90
-113.757;0.00203548;90
-124.153;0.000755249;90
-113.086;0.00106857;90
-127.024;0.001116;90
-140.573;0.0016092;90
-122.263;0.000779318;90
-143.497;0.000593412;90
-159.452;0.000806296;90
-136.28;0.00110831;90
-167.454;0.00147317;90
149.99;0.0029471;90
141.838;0.000611756;90
158.018;0.00111938;90
-142.575;0.00326135;90
-151.641;0.00145684;90
-111.893;0.00221795;90
-127.939;0.00134023;90
-131.148;0.00342093;90
156.467;0.000786408;90
130.868;0.00111872;90
-147.003;0.00123763;90
-98.5319;0.00244;90
-103.817;0.00164562;90
-109.172;0.00250916;90
-74.4009;0.00143174;90
-55.8831;0.00126586;90
-59.0949;0.00150696;90
-102.846;0.00178569;90
-82.2948;0.0015066;90
-71.1866;0.00119695;90
-70.9708;0.00155498;90
-99.635;0.0012547;90
-76.3715;0.00224933;90
-144.279;0.00079816;90
-158.755;0.000516072;90
139.239;0.00437127;90
73.0038;0.00253157;90
91.6526;0.0107145;90
123.534;0.00102093;90
139.48;0.0132535;90
106.587;0.00313861;90
155.976;0.00104885;90
-80.8647;0.00754571;90
-80.8886;0.0011809;90
-115.972;0.00211678;90
-113.661;0.00270106;90
-132.558;0.0011784;90
-139.359;0.000930415;90
-121.136;0.00119518;90
-75.4437;0.00309949;90
-100.725;0.00243962;90
-72.6086;0.00447979;90
65.5621;0.000783163;90
94.0561;0.00124412;90
75.9905;0.00156144;90
96.2368;0.00330456;90
119.991;0.000838234;90
108.837;0.00261084;90
72.4353;0.00124924;90
47.8266;0.00192143;90
67.1913;0.00100347;90
67.7577;0.00250975;90
95.2123;0.00348943;90
111.826;0.000871468;90
70.3791;0.00105421;90
67.092;0.00100963;90
-47.8164;0.00615927;90
-56.1481;0.00137511;90
-30.9137;0.00549104;90
-35.517;0.000965669;90
-21.47;0.000770463;90
-72.0277;0.00140979;90
-70.4255;0.00252811;90
-123.954;0.00168658;90
-90.6358;0.00171211;90
-81.599;0.00266257;90
-101.191;0.00217944;90
-99.1053;0.0019526;90
-114.695;0.0013428;90
-121.924;0.00119706;90
-112.06;0.00156561;90
-114.176;0.00155542;90
-112.501;0.00185523;90
-56.0765;0.0013618;90
-83.5144;0.00104469;90
128.751;0.00157845;90
80.9214;0.00154637;90
14.1313;0.00190051;90
90.8565;0.0018062;90
20.0654;0.00101139;90
-11.0142;0.00117769;90
19.4342;0.00270194;90
-102.821;0.00980137;90
-37.5342;0.000914261;90
-34.8922;0.000846104;90
-71.8994;0.00460594;90
-136.695;0.0057138;90
-152.273;0.000750131;90
157.454;0.00220123;90
147.614;0.00257087;90
153.29;0.00194225;90
164.845;0.00488075;90
-156.043;0.00114023;90
142.964;0.00592042;90
121.164;0.00103191;90
144.364;0.00304651;90
-158.422;0.00352397;90
83.8992;0.00179718;90
85.5924;0.00197785;90
58.2751;0.00402783;90
84.2409;0.00117594;90
118.39;0.00230298;90
78.9473;0.00314534;90
73.9482;0.00266178;90
-104.522;0.00188627;90
-95.2768;0.00459949;90
-31.6318;0.00061778;90
-111.832;0.00514933;90
-81.3774;0.00493579;90
51.7834;0.00102968;90
42.1605;0.00132746;90
-36.215;0.00444469;90
-85.4403;0.00144658;90
-8.39305;0.00736488;90
-18.9246;0.00148;90
-31.9116;0.000777509;90
-29.759;0.00602796;90
-18.716;0.00122476;90
45.6965;0.00750366;90
102.462;0.00130679;90
142.687;0.00211986;90
141.029;0.000632825;90
157.803;0.00051086;90
127.533;0.00157251;90
130.876;0.00565382;90
-171.755;0.00274033;90
-102.49;0.00777707;90
-76.5394;0.00152078;90
-103.064;0.00141564;90
156.998;0.00133841;90
-171.14;0.00603805;90
152.835;0.00102507;90
117.421;0.00535911;90
109.895;0.000831633;90
-156.836;0.00456828;90
171.823;0.000520289;90
87.5241;0.0031019;90
53.8291;0.00378688;90
86.721;0.0013462;90
106.888;0.00348009;90
85.3314;0.00135148;90
75.8051;0.00473043;90
-91.0908;0.00698627;90
-112.869;0.00461366;90
-110.996;0.00159918;90
-31.7707;0.00331231;90
-3.12106;0.000973444;90
-46.1915;0.00856916;90
33.5566;0.00119039;90
-19.6676;0.0119948;90
15.8333;0.000912625;90
50.2937;0.00694371;90
104.482;0.00137158;90
136.575;0.00329353;90
134.932;0.000593263;90
137.008;0.000585137;90
75.1885;0.00686511;90
91.9868;0.0013268;90
20.9092;0.00102553;90
-161.105;0.00886257;90
163.041;0.000761097;90
-96.0173;0.00288087;90
156.26;0.00127924;90
110.322;0.00169021;90
86.3778;0.00101302;90
138.445;0.00205928;90
122;0.00236072;90
130.339;0.00279312;90
142.696;0.000633618;90
120.239;0.000718808;90
106.278;0.00511608;90
117.756;2.73426;90
68.2986;0.00436218;90
113.979;0.00105068;90
-30.0847;0.000648341;90
80.0909;0.000906524;90
101.127;0.00209335;90
77.5833;0.00133011;90
88.5599;0.00517263;90
167.624;0.000527251;90
99.9831;0.0770831;90
87.5785;0.00160944;90
95.3955;0.00121237;90
88.5911;0.00154547;90
84.0001;0.000985398;90
88.7236;0.00152638;90
75.5506;0.00188358;90
81.6753;0.0055808;90
69.5723;0.00595659;90
84.0624;0.00667984;90
71.998;0.00686297;90
56.6306;0.00545057;90
54.0399;0.00413132;90
80.851;0.00559113;90
75.0626;0.0184122;90
123.69;0.00463674;90
48.4109;0.00160444;90
-3.64174;0.000928876;90
-33.8456;0.00245262;90
53.0008;0.00443001;90
64.4247;0.00585132;90
60.3074;0.0058444;90
63.9975;0.0061951;90
87.9678;0.00730359;90
78.7805;0.00596194;90
48.3056;0.00461094;90
59.9043;0.0057733;90
73.8717;0.00675694;90
75.659;0.00693201;90
82.4075;0.00715977;90
66.6017;0.00587731;90
66.4061;0.0607319;90
37.1237;0.000722407;90
15.9785;0.000951772;90
13.7096;0.00102109;90
27.9177;0.00145877;90
54.7549;0.0242932;90
-19.006;0.000666325;90
13.4872;0.000784639;90
-0.709509;0.000969074;90
29.5175;0.00093771;90
93.0337;0.26013;90
-93.8808;0.676017;90
121.455;0.00966413;90
-106.961;0.00127862;90
-114.506;0.00144409;90
-102.365;0.00212018;90
-141.659;0.000701231;90
136.907;0.00312361;90
168.792;0.00154344;90
177.856;0.000748524;90
101.691;0.000942555;90
100.423;0.00929741;90
100.886;0.00222402;90
92.5234;0.0015445;90
99.9751;0.00574992;90
92.2008;0.00377579;90
90.7614;0.0145983;90
82.0362;0.00194879;90
94.7566;0.00745267;90
98.1921;0.00235099;90
96.5427;0.0135945;90
86.5016;0.00293347;90
86.8396;0.00097949;90
106.755;0.0021576;90
108.173;0.00519726;90
86.5653;0.0320806;90
-62.2239;2.73464;90
-49.0789;0.00427468;90
67.7355;0.00218273;90
90.2654;0.00151102;90
64.6997;0.00255287;90
84.3648;0.00158868;90
-60.6298;0.0040208;90
-40.138;0.000684113;90
-25.2256;0.00124359;90
-50.6809;0.00149296;90
-55.3818;0.000753382;90
-48.3718;0.00179137;90
-31.3475;0.00192031;90
-75.644;0.00173828;90
-8.53077;0.00149656;90
-79.3284;0.00264067;90
8.9889;0.00091524;90
40.4122;0.00128185;90
-103.852;0.00958991;90
-33.7086;0.00171902;90
13.3422;0.000580673;90
147.536;0.00290258;90
-129.554;0.000670536;90
56.5318;0.00057301;90
156.311;0.00159543;90
129.557;0.00475623;90
153.956;0.000491955;90
138.727;0.00130525;90
-115.678;0.00101082;90
-107.117;0.00228314;90
125.802;0.00209236;90
95.0082;0.00122568;90
111.355;0.00130993;90
172.177;0.000712632;90
-18.7822;0.00386058;90
-33.8503;0.00168574;90
10.8767;0.000492854;90
47.4459;0.00185572;90
-2.96823;0.00108145;90
-13.1409;0.00325935;90
85.7377;0.00261022;90
33.6759;0.00112355;90
-136.494;0.165956;90
-128.487;0.00547938;90
-113.202;0.0145237;90
-101.173;0.00328731;90
-102.226;0.00549666;90
-98.2826;0.0167851;90
-105.647;0.00787897;90
-106.675;0.0062206;90
-102.815;0.00715521;90
-102.714;0.00565259;90
-107.138;0.00298975;90
-109.043;0.00829069;90
-81.2451;0.00599181;90
-64.6758;0.00223033;90
-65.118;0.0031824;90
-64.1249;0.00445681;90
-73.9249;0.00121345;90
-106.301;0.00366952;90
-114.248;0.00301937;90
-122.148;0.00379247;90
-119.9;0.00348254;90
-128.249;0.00354883;90
-131.229;0.00151578;90
-134.266;0.00325791;90
-128.739;0.00956409;90
-113.449;0.00219638;90
-110.513;0.00438612;90
-111.738;0.0131437;90
-121.113;0.00183847;90
-130.679;0.00320027;90
-153.975;0.00702201;90
-158.375;0.000721801;90
-141.798;0.00771789;90
-130.094;0.00198434;90
-115.036;0.0105392;90
-95.3814;0.00271898;90
-110.746;0.00469759;90
-121.886;0.0109044;90
-110.899;0.001368;90
-116.258;0.0040867;90
-120.088;0.0112382;90
-142.102;0.00175008;90
-148.609;0.00291813;90
-146.86;0.00413215;90
-146.212;0.0043605;90
-158.474;0.00879222;90
177.863;0.00117982;90
-169.378;0.00790954;90
129.268;0.0127656;90
122.263;0.00179279;90
129.897;0.00217023;90
155.865;0.00431412;90
-151.525;0.00394527;90
-133.819;0.00480369;90
-170.641;0.00822753;90
156.51;0.00949594;90
138.23;0.00121745;90
169.084;0.00196964;90
176.123;0.00403724;90
178.578;0.00854363;90
-162.58;0.00103549;90
-164.819;0.00631228;90
-134.713;0.0107199;90
-121.951;0.000886265;90
-125.429;0.00369157;90
-130.813;0.0104592;90
-146.357;0.00167325;90
-130.533;0.00316827;90
-131.327;0.00518809;90
-124.795;0.0106966;90
-111.881;0.00241497;90
-111.407;0.00448223;90
-114.345;0.00620035;90
-116.083;0.00669816;90
-110.801;0.0123425;90
-116.124;0.00255724;90
-124.168;0.0043196;90
-124.801;0.0116168;90
-157.511;0.00182477;90
-179.653;0.00380307;90
-172.41;0.00160506;90
-160.916;0.00424215;90
-141.52;0.0045706;90
-134.936;0.00944059;90
-154.269;0.000737086;90
161.715;0.0066329;90
160.763;0.00106231;90
149.384;0.00338716;90
175.201;0.00360966;90
-166.249;0.00360946;90
-161.284;0.00690302;90
-151.44;0.000899444;90
-173.545;0.00209931;90
-172.604;0.00568631;90
-157.082;0.00125832;90
-161.253;0.005862;90
-161.045;0.00128995;90
-160.138;0.0018543;90
-157.815;0.00559847;90
-152.421;0.0039938;90
-149.451;0.00194382;90
-160.692;0.00282171;90
-139.386;0.00659328;90
-159.48;0.0029897;90
-154.132;0.00121249;90
-151.766;0.0026106;90
-145.883;0.00710119;90
-132.336;0.00117153;90
172.401;0.00190573;90
-179.497;0.00273511;90
-137.099;0.00725837;90
-139.923;0.000972323;90
-137.56;0.0015041;90
-141.559;0.00835754;90
-140.069;0.000936336;90
-158.095;0.00277429;90
-155.743;0.0042305;90
-125.636;0.00439382;90
-136.182;0.00120022;90
150.162;0.00275754;90
109.487;0.000878313;90
83.2555;0.00646272;90
67.2561;0.00383847;90
38.4337;0.000593621;90
49.4802;0.00106817;90
84.3771;0.00194938;90
107.632;0.00207656;90
8.61235;0.000520873;90
-174.261;0.00222013;90
-135.882;0.00128567;90
158.825;0.00220916;90
-78.4371;0.00186587;90
38.411;0.00176244;90
34.4124;0.00365216;90
-170.172;0.00128891;90
-133.646;0.00715155;90
-74.1942;0.0043983;90
-77.5532;0.00295546;90
-78.0912;0.00249571;90
-47.2737;0.0022992;90
-38.8404;0.00247787;90
48.7502;0.00303787;90
38.3824;0.00590266;90
27.3024;0.00114675;90
33.9715;0.00513797;90
34.2449;0.00123149;90
35.8792;0.0060265;90
38.0692;0.00106063;90
41.0431;0.00513381;90
45.3519;0.00115119;90
14.1061;0.00398001;90
-15.007;0.000830319;90
37.349;0.00641042;90
19.6744;0.000935621;90
24.8417;0.00282543;90
27.574;0.00312382;90
21.3683;0.00100724;90
30.2463;0.00284881;90
36.221;0.006199;90
24.2277;0.000986927;90
30.8542;0.00484347;90
16.6601;0.000980144;90
17.7502;0.00396894;90
14.6375;0.00101701;90
30.3218;0.00202038;90
18.4861;0.0028353;90
23.2249;0.00600241;90
13.4028;0.00103108;90
1.54612;0.00151955;90
9.08992;0.00637405;90
17.495;0.00310356;90
18.1029;0.00120042;90
20.8707;0.00125751;90
18.7661;0.00300896;90
5.83381;0.00638507;90
-36.2116;0.0015319;90
-35.1689;0.00254692;90
15.6034;0.0133915;90
45.3615;0.0031382;90
32.3069;0.0047338;90
13.6902;0.0042168;90
2.62281;0.00423944;90
50.1991;0.0125086;90
59.5735;0.00208517;90
59.5431;0.00269486;90
68.2893;0.0147869;90
64.44;0.00285545;90
61.0648;0.00419577;90
66.981;0.00754149;90
61.7896;0.0142984;90
40.2445;0.00165467;90
44.6942;0.00211994;90
44.0914;0.0110146;90
50.3328;0.00164336;90
57.077;0.00254824;90
50.8988;0.0135613;90
46.1033;0.00238693;90
24.7523;0.00770487;90
8.80828;0.00161302;90
11.2781;0.0028276;90
-5.94463;0.00796584;90
-15.4641;0.0016352;90
-11.5399;0.00283429;90
-23.498;0.00884335;90
-21.5475;0.00171807;90
-0.346099;0.0054631;90
30.8885;0.00143562;90
45.3981;0.00305336;90
23.4847;0.00854697;90
-28.2772;0.00164648;90
-43.4034;0.00185263;90
-59.487;0.0118802;90
-31.511;0.00140052;90
-21.7389;0.00153087;90
4.07826;0.00943489;90
9.25892;0.00236177;90
29.3082;0.0138016;90
33.9543;0.00246539;90
51.6655;0.0116356;90
62.2092;0.00380487;90
58.3398;0.00962315;90
55.2251;0.00177258;90
70.0141;0.00873931;90
71.5365;0.00190085;90
73.7042;0.00244836;90
64.516;0.00978946;90
47.7094;0.00182496;90
36.9266;0.0074818;90
19.9998;0.00116953;90
21.3077;0.00409492;90
39.2244;0.00347113;90
51.6438;0.00215132;90
67.2797;0.0149133;90
74.9231;0.00403282;90
53.6204;0.00925594;90
47.7215;0.00159349;90
48.4955;0.00615834;90
50.2564;0.000710093;90
53.6378;0.00284371;90
56.1227;0.0011033;90
62.488;0.000974164;90
56.8184;0.00412575;90
66.3663;0.00150416;90
71.7901;0.00515202;90
82.1454;0.00152935;90
72.1375;0.00563356;90
51.9482;0.000824175;90
83.3726;0.00231346;90
106.765;0.00399376;90
41.4123;0.000666694;90
106.589;0.00159019;90
70.7108;0.00313923;90
109.668;0.000837881;90
122.249;0.00473198;90
120.911;0.00129259;90
151.749;0.0010183;90
88.9292;0.00203336;90
77.5137;0.0055595;90
75.2732;0.00732462;90
73.776;0.00779544;90
76.7375;0.00851305;90
81.6134;0.0194308;90
75.2678;0.00307509;90
74.6237;0.00427295;90
62.4473;0.014037;90
56.0689;0.00204409;90
57.6249;0.00466515;90
61.6923;0.00675023;90
66.7335;0.0137415;90
64.0962;0.00275144;90
66.4066;0.00537424;90
54.9509;0.00599883;90
21.6703;0.00454416;90
-0.0406738;0.004226;90
10.015;0.0042264;90
38.5377;0.00952443;90
57.2333;0.0021858;90
43.1758;0.00324302;90
43.0498;0.00529859;90
51.0036;0.00592908;90
55.8755;0.00625498;90
54.9542;0.00602545;90
47.7069;0.0117235;90
45.9028;0.00215411;90
51.9062;0.00385768;90
49.7363;0.00602036;90
54.4613;0.00632771;90
32.9634;0.00496413;90
61.2935;0.00623538;90
51.0664;0.00483754;90
11.0929;0.00393451;90
28.6854;0.00604376;90
35.4553;0.00371853;90
-18.7886;0.00122952;90
-50.6902;0.00158324;90
-21.6264;0.00103377;90
-77.8167;0.00343537;90
-58.4085;0.000939183;90
-16.3073;0.00184836;90
22.7845;0.00152608;90
22.2749;0.00195488;90
-16.7621;0.0030548;90
-30.1203;0.00630308;90
-19.2795;0.00102975;90
36.3871;0.00526939;90
27.6362;0.00074161;90
92.2223;0.0042552;90
145.789;0.00118988;90
141.313;0.00195498;90
74.9447;0.00533202;90
90.2623;0.00240303;90
45.1067;0.00151887;90
-105.57;0.00767464;90
-121.245;0.00167728;90
-44.5902;0.00543708;90
-88.1422;0.00163486;90
-143.275;0.001189;90
-133.237;0.00326414;90
-156.542;0.00260751;90
148.233;0.00256999;90
154.755;0.0020376;90
150.997;0.00235537;90
156.979;0.00216328;90
-178.388;0.0020268;90
-159.495;0.0022239;90
-178.772;0.00205247;90
126.529;0.00137762;90
117.005;0.00448613;90
170.39;0.00255789;90
-142.677;0.00435094;90
-147.536;0.00128359;90
-165.25;0.00274547;90
-165.833;0.00424511;90
-125.043;0.00562706;90
-126.519;0.00596891;90
-139.166;0.00505148;90
-127.49;0.00597255;90
-129.859;0.00571378;90
-128.613;0.0113274;90
-130.183;0.00283774;90
-131.041;0.00350288;90
-133.825;0.0055859;90
-123.652;0.00663006;90
-132.894;0.0114671;90
-135.185;0.00175222;90
-123.83;0.00498982;90
-132.515;0.00572376;90
-172.355;0.00463016;90
-178.277;0.00469012;90
-171.345;0.00435257;90
-137.727;0.00532064;90
-115.241;0.00731658;90
-113.012;0.00764102;90
-114.184;0.00780391;90
-116.066;0.0070412;90
-122.797;0.006493;90
-124.811;0.00710319;90
-113.619;0.00807438;90
-104.481;0.00925811;90
-96.6249;0.00902325;90
-98.8919;0.0085204;90
-104.339;0.00785366;90
-106.524;0.00718996;90
-103.483;0.00753981;90
-102.858;0.0062733;90
-96.9343;0.00126727;90
-99.82;0.00150099;90
-113.921;0.00350944;90
-111.915;0.00423071;90
-105.558;0.00217364;90
-85.3364;0.00323471;90
-64.9705;0.00906201;90
-64.4025;0.00161557;90
-53.1893;0.0013552;90
-104.37;0.00594707;90
-103.994;0.000980087;90
-120.578;0.00476108;90
-117.626;0.00219754;90
-124.755;0.00225414;90
-131.555;0.00509543;90
-128.49;0.0017401;90
-132.172;0.00302374;90
-131.76;0.00467863;90
-113.094;0.0111256;90
-103.04;0.00206526;90
-110.246;0.00543266;90
-129.714;0.0106988;90
-126.979;0.0011554;90
-160.922;0.00651375;90
-141.367;0.00135824;90
-138.663;0.00310985;90
-128.297;0.00501015;90
-110.713;0.0114309;90
-104.766;0.00232271;90
-113.3;0.00342316;90
-115.28;0.00462714;90
-123.125;0.00804798;90
-109.381;0.000976328;90
-116.805;0.00437513;90
-124.523;0.00944893;90
-140.874;0.00170672;90
-147.567;0.00218715;90
-147.37;0.00889253;90
168.678;0.000921942;90
-151.665;0.00670425;90
-128.034;0.000886183;90
175.502;0.00355796;90
-175.905;0.00421476;90
167.477;0.00412309;90
130.434;0.00513433;90
118.034;0.00720653;90
144.841;0.00481555;90
-146.238;0.00925962;90
-146.751;0.001802;90
178.996;0.00821426;90
152.073;0.00289742;90
157.558;0.00473348;90
169.806;0.00824413;90
161.741;0.00175539;90
174.576;0.00292007;90
-169.668;0.00839107;90
-143.067;0.001809;90
-145.427;0.00349281;90
-130.408;0.011658;90
-123.392;0.0029308;90
-126.919;0.0051758;90
-135.813;0.0107675;90
-134.554;0.00145244;90
-139.234;0.0035913;90
-118.56;0.00995654;90
-105.151;0.00211968;90
-112.94;0.00291451;90
-115.092;0.0101564;90
-118.898;0.00198862;90
-110.467;0.00914315;90
-108.668;0.00178702;90
-114.022;0.00359869;90
-121.136;0.0134857;90
-124.325;0.00142761;90
-148.058;0.00288245;90
-165.928;0.0121042;90
-145.854;0.00226796;90
-134.124;0.0101262;90
-178.157;0.00146176;90
-177.731;0.00237386;90
151.506;0.00894218;90
177.616;0.00161039;90
-173.785;0.00308513;90
-159.495;0.00867568;90
-173.054;0.00718574;90
-147.724;0.00105619;90
-177.745;0.00254197;90
-155.571;0.00351575;90
-158.199;0.0068984;90
-133.794;0.0010418;90
-177.935;0.00205333;90
-149.949;0.00653201;90
-173.501;0.00111315;90
-151.857;0.00204588;90
-150.85;0.0030446;90
-129.65;0.00353396;90
-155.92;0.00606589;90
-154.731;0.00120644;90
-165.503;0.00208127;90
-140.667;0.00635187;90
156.504;0.00106097;90
176.541;0.00167405;90
-141.283;0.00548545;90
-139.906;0.00104185;90
-137.882;0.0021233;90
-142.882;0.00609986;90
-138.617;0.000930284;90
-143.95;0.00568578;90
-163.455;0.00149594;90
-162.619;0.00125532;90
-146.735;0.00228071;90
-132.3;0.00550953;90
-159.247;0.000750706;90
151.873;0.00118153;90
134.583;0.00281931;90
-103.059;0.0026023;90
-104.211;0.00428926;90
-140.72;0.000822928;90
-141.609;0.00126565;90
-144.861;0.00168877;90
-130.295;0.00328427;90
-139.753;0.000930216;90
-157.494;0.000619155;90
-162.385;0.00212147;90
-165.374;0.00247521;90
-165.571;0.00279311;90
-166.838;0.0048309;90
147.94;0.00111151;90
139.647;0.000576064;90
-115.673;0.001408;90
-105.103;0.00368839;90
-91.8818;0.0123337;90
-59.161;0.00189026;90
-62.5011;0.00266172;90
-80.136;0.0110209;90
-94.2723;0.00271153;90
-104.431;0.00460635;90
-119.237;0.00627318;90
-123.739;0.0107687;90
-111.611;0.00235129;90
-132.989;0.00415186;90
-125.06;0.00563681;90
-137.185;0.00960525;90
-127.618;0.00156293;90
-137.237;0.0030075;90
-119.213;0.0104433;90
-100.317;0.00249026;90
-101.254;0.00301293;90
-103.824;0.00806048;90
-101.4;0.00853028;90
-105.666;0.00666976;90
-111.19;0.0139931;90
-108.959;0.00255776;90
-109.391;0.00475894;90
-124.171;0.011742;90
-124.07;0.00183859;90
-101.716;0.00836221;90
-62.8063;0.0014267;90
-81.4529;0.00207909;90
-82.1708;0.00414766;90
-98.0059;0.00991564;90
-100.196;0.00127107;90
-123.825;0.00164552;90
-132.257;0.00209827;90
-135.672;0.0022926;90
-114.77;0.00683812;90
-90.1904;0.00451502;90
-94.8629;0.00455339;90
-126.419;0.00287189;90
-167.186;0.00413908;90
-153.297;0.000743271;90
172.141;0.0018211;90
-176.102;0.00519201;90
-164.588;0.00115141;90
-166.784;0.00199894;90
-162.263;0.00298383;90
-136.895;0.00393367;90
-132.041;0.0038348;90
-133.118;0.00350985;90
-115.362;0.0073471;90
-136.833;0.00108313;90
-162.696;0.00150617;90
153.284;0.00254913;90
138.706;0.00283364;90
137.972;0.00284994;90
137.177;0.00295996;90
136.837;0.00434599;90
138.626;0.00307429;90
145.363;0.0026338;90
145.996;0.00303259;90
145.117;0.0035023;90
146.755;0.00350221;90
138.711;0.00267636;90
124.953;0.00286961;90
123.21;0.00995971;90
121.306;0.00160697;90
124.177;0.00424389;90
119.484;0.00509366;90
125.625;0.00798308;90
142.445;0.00130429;90
145.161;0.00594814;90
167.341;0.000958293;90
157.62;0.00318057;90
-171.542;0.00358297;90
-171.436;0.00320979;90
-179.058;0.00742;90
-151.264;0.000979654;90
171.289;0.0017168;90
162.305;0.00372421;90
178.193;0.00317158;90
-176.441;0.00338253;90
-179.013;0.00348352;90
177.903;0.00344331;90
164.609;0.00348912;90
150.958;0.00398392;90
148.599;0.00402673;90
175.739;0.00318982;90
-143.482;0.00394067;90
-163.736;0.00651264;90
-179.66;0.00134702;90
176.665;0.00216567;90
176.483;0.00733482;90
170.642;0.00135301;90
179.249;0.00183116;90
-169.522;0.00695599;90
-154.642;0.00137996;90
-165.098;0.00626056;90
-147.598;0.00145562;90
-170.762;0.00130189;90
-164.098;0.00342715;90
162.796;0.00381364;90
131.721;0.0112126;90
122.19;0.00430234;90
126.687;0.0123243;90
118.888;0.00263715;90
103.962;0.00376319;90
116.383;0.012404;90
124.397;0.0015064;90
167.022;0.00638099;90
169.076;0.00119261;90
176.446;0.00306489;90
131.661;0.00514799;90
117.642;0.0172002;90
112.001;0.00352359;90
106.839;0.00708372;90
109.527;0.00668975;90
108.891;0.0120765;90
105.378;0.00237192;90
133.779;0.0118488;90
109.378;0.00403561;90
115.33;0.0158986;90
114.066;0.00168223;90
132.268;0.00293783;90
134.897;0.00939888;90
127.553;0.00229696;90
129.578;0.00341221;90
164.841;0.00658514;90
-171.882;0.0013172;90
171.875;0.00314861;90
-173.592;0.00831495;90
-122.632;0.001096;90
-169.751;0.00694684;90
-164.733;0.00825224;90
173.153;0.0011492;90
171.733;0.00248987;90
-157.635;0.0085177;90
-165.982;0.00149863;90
-178.613;0.00313992;90
-145.221;0.00881467;90
-138.074;0.00187228;90
-170.081;0.0101883;90
-161.913;0.00166529;90
-159.743;0.00763634;90
-138.588;0.00174006;90
-136.39;0.00274014;90
-142.443;0.00869502;90
-105.214;0.00206538;90
-122.504;0.00417973;90
-121.248;0.0060087;90
-122.638;0.0106448;90
-112.117;0.00155114;90
-141.587;0.00511646;90
-69.5084;0.00114548;90
152.776;0.000699488;90
-147.284;0.00851477;90
-151.847;0.000839295;90
158.467;0.00356372;90
162.008;0.00523815;90
165.448;0.00320791;90
169.95;0.00695066;90
146.476;0.000764103;90
177.586;0.00239813;90
-163.175;0.0031958;90
-169.408;0.00320969;90
137.298;0.00386179;90
129.854;0.0121561;90
117.105;0.00569999;90
103.01;0.00735583;90
97.4402;0.00279554;90
111.405;0.0089901;90
98.3064;0.00179281;90
106.239;0.010778;90
106.273;0.00235536;90
112.179;0.0117936;90
105.777;0.00200451;90
109.893;0.00835238;90
105.683;0.00216043;90
131.8;0.00635832;90
133.673;0.00109914;90
121.369;0.0104869;90
100.144;0.00149334;90
165.139;0.00483472;90
-151.982;0.00130494;90
-141.127;0.00586999;90
-161.937;0.0016577;90
163.918;0.00541491;90
179.156;0.000679074;90
-164.464;0.00438315;90
-148.728;0.00108457;90
171.362;0.00553276;90
138.521;0.00141618;90
137.646;0.00238974;90
121.616;0.0096409;90
131.007;0.00808205;90
125.703;0.00197401;90
149.537;0.00229594;90
140.937;0.00899599;90
118.358;0.00181479;90
134.188;0.0107717;90
127.391;0.00131905;90
165.036;0.00202156;90
-167.748;0.00645603;90
-110.495;0.00141667;90
-136.935;0.0044184;90
-126.629;0.0107923;90
-133.25;0.0015981;90
-144.742;0.00376949;90
-136.051;0.020076;90
-120.75;0.0361472;90
-125.424;0.00403368;90
164.853;0.0941603;90
148.491;0.00217933;90
121.326;0.0344115;90
170.442;0.0968688;90
-116.38;0.00180273;90
-98.356;0.00469989;90
-93.6061;0.0181409;90
-96.941;0.00289623;90
-102.84;0.0030554;90
-109.063;0.00677559;90
-136.49;0.0105246;90
-152.465;0.00147959;90
-158.528;0.00546102;90
-165.353;0.00118243;90
-158.955;0.00311048;90
-146.753;0.00796351;90
-146.531;0.00179336;90
-135.797;0.00310238;90
-125.158;0.0118975;90
-118.666;0.00264749;90
-118.925;0.00956865;90
-139.652;0.00132524;90
-149.997;0.00675748;90
166.979;0.00132712;90
-160.233;0.00333236;90
-168.202;0.00435296;90
-149.798;0.00969276;90
-145.086;0.00198656;90
-145.243;0.00856162;90
-140.257;0.00105733;90
-154.805;0.00319939;90
-153.657;0.0044914;90
-156.179;0.0047365;90
-167.824;0.00833962;90
-166.567;0.00163575;90
-166.44;0.00289161;90
-164.751;0.00444449;90
-160.483;0.00721666;90
-151.419;0.00502085;90
-147.349;0.00481725;90
-143.335;0.00531203;90
-139.908;0.00333066;90
-141.32;0.00357138;90
-141.65;0.00500107;90
-138.422;0.00523627;90
-135.491;0.0106402;90
-128.502;0.00249941;90
-127.615;0.00982543;90
-136.572;0.010878;90
-152.424;0.0123736;90
-168.836;0.00254618;90
-142.777;0.0282599;90
-118.456;0.005165;90
-122.411;0.0382173;90
-106.383;0.0113488;90
179.689;0.00534108;90
157.689;0.00367728;90
148.818;0.00404431;90
140.196;0.00657482;90
121.058;0.00270591;90
156.061;0.00851002;90
158.019;0.0100053;90
144.852;0.0107158;90
143.179;0.0077388;90
133.154;0.00140504;90
146.403;0.00669191;90
136.275;0.00279659;90
154.963;0.00648869;90
169.897;0.00149925;90
-167.247;0.00271805;90
-163.729;0.00125632;90
-164.553;0.00533886;90
-153.453;0.00140738;90
-172.123;0.00547971;90
-142.586;0.00158007;90
178.275;0.00797261;90
-168.978;0.00355151;90
-167.884;0.00284436;90
-159.984;0.00295659;90
-151.642;0.00618978;90
-167.589;0.00374553;90
179.718;0.00305204;90
179.188;0.000988099;90
-167.931;0.00488803;90
-148.352;0.00466938;90
-119.745;0.00179788;90
-104.819;0.00715911;90
-104.484;0.00173928;90
-105.135;0.0058178;90
-113.296;0.00403059;90
169.824;0.000871711;90
144.213;0.00203156;90
117.352;0.00413533;90
115.258;0.00182332;90
108.036;0.00299412;90
122.083;0.00212562;90
120.717;0.00306968;90
118.655;0.0042791;90
123.95;0.00692079;90
118.289;0.000683652;90
-156.212;0.000599971;90
-99.5573;0.00128889;90
-71.7222;0.00219052;90
89.3602;0.00376123;90
-56.4589;0.00991974;90
-71.3956;0.00374257;90
-46.7184;0.00169782;90
-59.5657;0.0131024;90
-32.4374;0.000520156;90
-123.07;0.0126324;90
174.219;0.00144937;90
-166.182;0.00807674;90
-116.073;0.00260288;90
-116.475;0.0193469;90
-145.219;0.00139893;90
-129.431;0.00833512;90
-119.007;0.00163739;90
-111.559;0.00368479;90
-107.389;0.00611339;90
-106.735;0.0122833;90
-107.607;0.00267114;90
-112.985;0.00436886;90
-117.059;0.00171021;90
-115.12;0.0102163;90
-99.914;0.00356625;90
-90.4967;0.0053062;90
-88.4881;0.0101195;90
-87.3514;0.00231547;90
-97.7471;0.00342728;90
-122.334;0.00768808;90
-163.959;0.000825126;90
-173.116;0.00224418;90
-158.902;0.00285862;90
-147.594;0.00304524;90
-150.618;0.00231131;90
-173.336;0.00191293;90
164.996;0.00285845;90
153.282;0.00301155;90
142.965;0.00263821;90
147.072;0.00508483;90
156.048;0.00319733;90
152.81;0.00274874;90
147.856;0.00263135;90
130.549;0.00715274;90
118.012;0.00139888;90
135.767;0.00285272;90
144.49;0.00459329;90
128.816;0.00515938;90
144.675;0.0142422;90
176.211;0.00107435;90
-171.359;0.00266222;90
-176.938;0.00937839;90
-160.632;0.00118506;90
114.88;0.0215248;90
101.701;0.00238659;90
106.89;0.0047154;90
107.557;0.00714379;90
129.06;0.00504969;90
137.583;0.00506874;90
117.735;0.00608964;90
111.119;0.00646953;90
120.059;0.0143245;90
103.567;0.0011254;90
148.552;0.00660876;90
179.208;0.00180817;90
-157.187;0.00888505;90
-169.119;0.00859248;90
-167.415;0.00613642;90
-161.294;0.00200174;90
-140.372;0.00240198;90
-141.005;0.00541432;90
-128.331;0.00116898;90
-168.153;0.00608359;90
-178.234;0.00110352;90
159.43;0.00520271;90
115.278;0.000796241;90
-162.404;0.00682746;90
-139.449;0.00535124;90
-128.579;0.00133419;90
-134.971;0.00549422;90
-119.821;0.00121256;90
-125.635;0.00889086;90
-140.698;0.00502833;90
-149.333;0.000762664;90
168.534;0.00531712;90
171.681;0.000898455;90
143.535;0.00518393;90
156.843;0.00108328;90
-162.587;0.00443422;90
-161.38;0.00127156;90
-165.505;0.0046025;90
-165.358;0.00100876;90
-164.537;0.00551357;90
167.044;0.00176185;90
143.88;0.00397134;90
134.787;0.00418044;90
-179.383;0.00362021;90
-148.984;0.00410842;90
-154.695;0.00384384;90
-153.083;0.00378171;90
-149.494;0.00391029;90
-139.585;0.00377743;90
-133.933;0.00448101;90
-165.325;0.00367489;90
154.396;0.00378575;90
163.139;0.00339599;90
154.055;0.00351307;90
131.257;0.00417022;90
111.059;0.00664585;90
105.223;0.00669906;90
116.5;0.00469306;90
138.887;0.00348415;90
-162.743;0.00310791;90
-178.612;0.00346802;90
151.345;0.0038392;90
146.259;0.00407788;90
149.343;0.00400472;90
-175.929;0.00440912;90
164.871;0.00417261;90
158.882;0.00409395;90
174.34;0.0036297;90
-170.97;0.00374643;90
-167.061;0.00409087;90
-167.564;0.00428145;90
172.115;0.00360812;90
152.6;0.0031921;90
136.491;0.00456663;90
125.156;0.00488879;90
117.881;0.00578221;90
118.458;0.00499676;90
121.157;0.00447442;90
134.094;0.00335564;90
152.608;0.00294297;90
129.266;0.00118183;90
65.2109;0.00142864;90
150.051;0.00198506;90
140.052;0.00236882;90
165.286;0.00207091;90
118.672;0.00429347;90
114.316;0.00315708;90
118.284;0.00238472;90
-114.99;0.00304176;90
127.969;0.00101099;90
113.145;0.00349315;90
118.027;0.00297941;90
119.171;0.00252758;90
118.016;0.00143065;90
115.724;0.000974584;90
87.1213;0.00105533;90
93.7048;0.0020583;90
105.9;0.00245285;90
114.483;0.0010955;90
131.787;0.000744339;90
-127.954;0.487308;90
-112.632;0.00245831;90
-112.432;0.00220917;90
-105.992;0.00220326;90
-108.379;0.00195682;90
-98.9726;0.00225054;90
-95.1453;0.00221894;90
-112.376;0.00168378;90
-115.155;0.00132684;90
-112.717;0.00171939;90
-111.262;0.00157737;90
-114.844;0.0014447;90
-108.953;0.00139778;90
-99.3371;0.00187991;90
-117.662;0.00147116;90
-136.673;0.00121108;90
150.95;0.00113475;90
137.375;0.00122859;90
-118.56;0.00145164;90
-132.326;0.0012579;90
-135.067;0.00120632;90
-136.517;0.00106811;90
-135.223;0.00109037;90
-135.82;0.00103743;90
-139.601;0.000952005;90
-155.572;0.000875359;90
-150.398;0.000894789;90
-151.195;0.000892426;90
-140.609;0.00102739;90
-133.994;0.00108699;90
-130.263;0.0011388;90
-126.422;0.00117564;90
-125.662;0.00101543;90
-130.09;0.000875783;90
-134.918;0.000994193;90
-143.121;0.0012164;90
-142.403;0.0012129;90
-143.888;0.00104349;90
-144.885;0.000881414;90
-142.748;0.000839219;90
-144.601;0.00081827;90
-136.012;0.000960401;90
-141.114;0.00102904;90
-141.742;0.00118055;90
-143.678;0.000899841;90
-145.399;0.000889297;90
-140.393;0.000925456;90
-153.942;0.000960652;90
-161.82;0.00106728;90
-168.613;0.00115983;90
-168.327;0.00117633;90
-146.653;0.00106421;90
-120.525;0.00102971;90
-119.762;0.00163577;90
-116.062;0.00157962;90
-114.678;0.00148019;90
-124.901;0.00123393;90
-133.258;0.00116302;90
-138.592;0.00113997;90
-123.333;0.00129026;90
-116.581;0.00161131;90
-114.795;0.00159284;90
-113.194;0.00149046;90
-118.197;0.001382;90
-113.797;0.00144484;90
-123.17;0.00128307;90
-123.438;0.00164054;90
-125.515;0.00149762;90
-142.221;0.00136137;90
-157.263;0.00109185;90
-157.308;0.000979847;90
-157.093;0.000981397;90
-152.538;0.000971467;90
-153.411;0.00105006;90
-131.109;0.00133385;90
-119.831;0.00131874;90
-118.914;0.00142915;90
-133.896;0.00146823;90
-133.16;0.00167388;90
-134.446;0.0015352;90
-134.347;0.0013648;90
-133.27;0.00133492;90
-132.329;0.00145681;90
-130.776;0.00156484;90
-140.487;0.0014051;90
-141.089;0.00145993;90
-147.139;0.00147621;90
-140.339;0.00146654;90
-140.968;0.00108137;90
-147.051;0.000772207;90
-160.076;0.000657343;90
-160.523;0.00086977;90
-153.483;0.00105721;90
-142.851;0.00152182;90
-144.952;0.0015794;90
-160.803;0.00142631;90
-165.005;0.00127543;90
-155.686;0.00105892;90
-165.31;0.00146695;90
-160.233;0.00115612;90
-156.841;0.000940811;90
-160.922;0.000957598;90
-162.275;0.00122516;90
-177.668;0.0014502;90
174.33;0.00126519;90
171.233;0.00106949;90
173.523;0.00120569;90
178.221;0.00115956;90
161.327;0.00114001;90
173.786;0.00090532;90
-172.579;0.000743226;90
108.876;0.00119;90
91.9551;0.00099658;90
89.2911;0.000889068;90
88.2778;0.00103147;90
118.919;0.000947103;90
137.144;0.000774824;90
167.847;0.000546243;90
-167.669;0.000660232;90
163.557;0.000600563;90
163.275;0.000868749;90
145.503;0.000985245;90
133.524;0.00120814;90
123.827;0.00128081;90
119.75;0.00136029;90
111.33;0.00149007;90
107.391;0.00140523;90
100.532;0.00103951;90
96.9465;0.00107489;90
98.2594;0.000877097;90
94.8008;0.00140995;90
86.783;0.00128302;90
98.0329;0.0014169;90
94.2473;0.00232238;90
97.1541;0.00171032;90
105.042;0.00134094;90
123.924;0.00170045;90
93.9171;0.00140528;90
74.4486;0.00123833;90
80.953;0.0020414;90
87.5104;0.00174965;90
79.0857;0.00173234;90
50.4726;0.00184619;90
25.406;0.00150339;90
62.2672;0.00258946;90
26.5878;0.00112608;90
3.2397;0.000955527;90
-48.0056;0.000593372;90
47.2329;0.00179671;90
76.784;0.00133845;90
89.7844;0.00398703;90
82.0232;0.00206094;90
102.654;0.00278463;90
95.2808;0.00216218;90
108.054;0.00137783;90
94.3598;0.00135492;90
20.7601;0.0024319;90
32.7942;0.00140134;90
31.1649;0.00102608;90
73.4767;0.00171586;90
18.1229;0.000986961;90
-12.5684;0.00109832;90
-31.601;0.00115649;90
-11.6942;0.00119888;90
17.4794;0.00130842;90
-0.55336;0.00134606;90
22.4943;0.00147416;90
6.17272;0.00120901;90
46.7229;0.00134057;90
34.2123;0.00112581;90
-16.4446;0.00129289;90
-27.8068;0.00154772;90
43.2372;0.0015401;90
-44.6364;0.00155991;90
-21.7776;0.00133961;90
-57.6443;0.00156024;90
21.608;0.00148539;90
39.0115;0.00165376;90
35.4735;0.00145263;90
0.221646;0.00103401;90
29.9227;0.00135918;90
28.8832;0.0015258;90
-2.89544;0.00138577;90
8.62329;0.00134723;90
-16.6008;0.00139306;90
-10.0159;0.00125919;90
9.54839;0.00142271;90
-1.40907;0.00105732;90
-0.924045;0.00124016;90
24.3288;0.00131805;90
37.7593;0.00152038;90
47.8784;0.00177425;90
53.9851;0.00202383;90
111.231;0.00123159;90
133.917;0.00130909;90
131.862;0.00118831;90
132.187;0.001023;90
129.382;0.00157451;90
130.161;0.00146682;90
129.126;0.00140249;90
126.272;0.00136067;90
124.148;0.00104037;90
125.68;0.000934401;90
126.59;0.00106361;90
128.545;0.00109447;90
125.185;0.000999632;90
122.865;0.00148342;90
126.469;0.00131563;90
127.301;0.00143564;90
127.133;0.00169962;90
114.86;0.00174356;90
108.304;0.00179586;90
106.546;0.0017557;90
108.678;0.00148945;90
111.175;0.00122362;90
110.843;0.00128723;90
111.344;0.00148914;90
108.006;0.00219658;90
109.872;0.00201817;90
109.573;0.00200591;90
115.634;0.00154175;90
116.145;0.0014025;90
118.341;0.00155884;90
116.197;0.00166948;90
115.457;0.00152618;90
106.619;0.00170627;90
106.42;0.00167325;90
101.692;0.00161858;90
100.71;0.00147978;90
97.364;0.00220015;90
100.316;0.00185397;90
97.4376;0.00159139;90
107.504;0.00171228;90
103.801;0.00159711;90
106.046;0.00141097;90
107.061;0.00171445;90
115.051;0.00123519;90
114.515;0.00152553;90
117.913;0.00131159;90
112.132;0.00276579;90
113.698;0.00186856;90
110.901;0.00192571;90
109.408;0.00167625;90
107.408;0.00197548;90
107.882;0.00242305;90
108.435;0.00267845;90
107.864;0.00171467;90
93.8024;0.000980158;90
-15.5416;0.0012279;90
-19.221;0.00117553;90
-22.0473;0.00125475;90
-33.7346;0.00178447;90
-41.6581;0.00155262;90
-19.8296;0.0014032;90
9.26168;0.00126752;90
12.7034;0.00103227;90
-8.70019;0.000852813;90
-16.3513;0.000930641;90
-11.9682;0.000853554;90
11.3206;0.00105452;90
36.4248;0.00108123;90
52.6989;0.00154124;90
10.0825;0.00129094;90
8.89785;0.00123486;90
32.6965;0.00142357;90
20.9923;0.00109144;90
26.8883;0.0010304;90
38.2276;0.000869444;90
28.4127;0.00083225;90
41.7033;0.00136485;90
58.725;0.00170472;90
36.1146;0.00106209;90
17.7605;0.0011015;90
49.4055;0.00182265;90
51.7257;0.00178714;90
36.1037;0.00160034;90
29.3143;0.0056781;90
18.2406;0.00652698;90
39.5934;0.00193619;90
32.7188;0.00125991;90
46.2337;0.00151073;90
6.50672;0.00136781;90
-16.3181;0.00126704;90
45.5718;0.000708556;90
44.9596;0.00100338;90
54.0741;0.00128677;90
41.2139;0.00173478;90
-32.4971;0.00271751;90
-46.9991;0.00149998;90
-59.4951;0.0021414;90
-73.0163;0.00169806;90
-71.759;0.00196157;90
-50.4473;0.00110241;90
-26.6783;0.00158359;90
-62.3453;0.00166975;90
-76.573;0.00269157;90
-66.8821;0.00139828;90
-41.3322;0.00176856;90
-57.7623;0.00235268;90
-67.6567;0.00270942;90
-6.1531;0.00162335;90
-9.21735;0.00169185;90
-13.152;0.00144593;90
31.1349;0.00149307;90
-33.7337;0.00182053;90
-26.2971;0.00181705;90
20.038;0.00151469;90
-15.9117;0.00140067;90
-11.5121;0.0012226;90
-18.0815;0.00112769;90
-2.69311;0.00114927;90
-21.5815;0.00145178;90
-10.1276;0.00138762;90
-2.35385;0.00141219;90
-9.63384;0.00115326;90
-9.11252;0.000915555;90
9.09841;0.001113;90
17.5972;0.00112463;90
15.1812;0.00101958;90
4.9983;0.000608313;90
-3.50532;0.000654224;90
-64.1222;0.000820249;90
-96.1857;0.00258002;90
-110.531;0.00185054;90
-119.032;0.00148568;90
-117.859;0.00172266;90
-96.4777;0.00216281;90
-80.0599;0.00234622;90
-79.6952;0.00202364;90
-91.7656;0.00162277;90
-104.232;0.000992462;90
-43.9267;0.000603975;90
19.5024;0.00122212;90
23.1564;0.00124859;90
23.0275;0.00131911;90
22.1898;0.0014245;90
21.677;0.00145381;90
18.7543;0.0014183;90
22.2827;0.00121579;90
33.2855;0.00141397;90
7.86288;0.00163739;90
20.1121;0.00155587;90
-22.2041;0.00166443;90
-11.4332;0.00127633;90
19.9024;0.00139534;90
18.8228;0.00126146;90
-35.7582;0.00172152;90
-25.4986;0.00153779;90
8.48012;0.00134268;90
3.56549;0.00131855;90
-69.7595;0.00235865;90
-57.8439;0.00181313;90
-25.2434;0.00129905;90
-16.9356;0.00118436;90
-24.6138;0.00111645;90
31.1506;0.00131454;90
28.8212;0.00145412;90
13.8336;0.00137179;90
27.0956;0.00140073;90
36.5907;0.00160042;90
30.8981;0.00164553;90
29.3706;0.0014619;90
43.0335;0.00164853;90
47.1683;0.00158859;90
41.7405;0.0014675;90
31.7955;0.00141776;90
31.3145;0.00134492;90
28.847;0.00117934;90
29.4779;0.00106485;90
12.747;0.000797659;90
-20.0751;0.000585577;90
6.06392;0.000709973;90
36.0875;0.000981291;90
84.5045;0.0020675;90
79.7633;0.0021045;90
84.7032;0.00268647;90
80.1525;0.00281244;90
77.1031;0.00276885;90
82.3028;0.00273262;90
92.7607;0.00253294;90
70.9233;0.00223049;90
68.5886;0.00204622;90
68.5926;0.00226851;90
78.7831;0.00217454;90
89.6497;0.00196304;90
86.4282;0.00158909;90
82.614;0.00163355;90
72.0008;0.0019126;90
81.0182;0.00227388;90
86.4569;0.00215211;90
88.6163;0.0020706;90
90;0.001997;90
82.7433;0.00205042;90
88.447;0.00225083;90
90.8392;0.00204822;90
87.713;0.00190452;90
88.8788;0.0015843;90
92.3703;0.00212782;90
90.5993;0.00219912;90
93.2663;0.00194816;90
86.571;0.00198956;90
88.7933;0.0018044;90
88.1897;0.00193096;90
84.386;0.0020649;90
88.4773;0.00188166;90
88.3691;0.00200281;90
85.394;0.00199243;90
80.6676;0.001813;90
83.6627;0.00217429;90
96.6362;0.00218061;90
101.532;0.0020208;90
92.9336;0.00209074;90
100.909;0.0018759;90
95.0311;0.00177885;90
75.277;0.00127486;90
82.177;0.00129303;90
70.0705;0.00173383;90
73.0383;0.00209096;90
72.7677;0.00204897;90
73.3813;0.00197552;90
72.2829;0.0017416;90
72.8858;0.0018384;90
73.4334;0.00186231;90
75.6112;0.00193159;90
77.6152;0.0020282;90
79.0694;0.00201455;90
78.8667;0.0020353;90
78.2892;0.00199043;90
78.7508;0.0020351;90
77.9544;0.00195505;90
78.897;0.00190057;90
78.4445;0.00192196;90
78.5133;0.00203373;90
79.7954;0.00189091;90
80.1492;0.00196396;90
79.7797;0.00200075;90
80.2841;0.00207983;90
80.6993;0.00209758;90
79.3597;0.00221509;90
81.6763;0.00213448;90
82.6792;0.00203257;90
82.4658;0.00206684;90
82.3156;0.00210894;90
81.825;0.00198315;90
82.7685;0.00200192;90
83.2581;0.00198472;90
83.0635;0.00211145;90
82.6991;0.00210103;90
82.5202;0.00214324;90
82.4439;0.0020609;90
82.1955;0.00196621;90
81.8828;0.00189095;90
81.5314;0.00191488;90
83.2378;0.00217412;90
82.7827;0.00215709;90
83.2363;0.00236043;90
82.7882;0.00237378;90
83.217;0.002286;90
83.7251;0.00213177;90
82.8716;0.00211938;90
82.3472;0.00241047;90
86.5748;0.0022931;90
85.7599;0.00227222;90
85.9125;0.00218857;90
87.0009;0.00219801;90
85.5795;0.0022186;90
84.0422;0.00216771;90
85.6075;0.00214129;90
87.0018;0.00227511;90
88.2804;0.00226602;90
90.5763;0.00218711;90
89.1449;0.00174219;90
74.9382;0.00158547;90
85.6153;0.00219743;90
85.3948;0.00219208;90
85.2259;0.00228292;90
84.7376;0.00228965;90
85.875;0.00227991;90
85.4157;0.00220204;90
84.9508;0.00224973;90
83.8955;0.00204057;90
58.9004;0.00101253;90
20.9558;0.00110724;90
7.19347;0.00114199;90
12.7823;0.00127459;90
-4.36701;0.00124762;90
-40.5559;0.00150571;90
-52.0277;0.0016009;90
-52.4088;0.00169993;90
-51.9272;0.00167677;90
-45.2459;0.00164757;90
-15.5005;0.00116746;90
56.4517;0.0019054;90
60.0813;0.00188062;90
59.5998;0.00177853;90
67.5057;0.00196554;90
68.3131;0.0019511;90
68.4744;0.0020059;90
68.4703;0.00199736;90
68.8431;0.00199765;90
69.4259;0.00185534;90
69.0064;0.00177802;90
68.5107;0.00160239;90
69.7395;0.00158827;90
65.0465;0.00125627;90
69.509;0.00133977;90
70.7459;0.00150413;90
68.8685;0.00161993;90
69.6408;0.00160102;90
68.354;0.00164285;90
68.458;0.00143525;90
69.2697;0.00153968;90
69.9471;0.00161277;90
69.9598;0.00171589;90
72.3924;0.00175208;90
71.5014;0.00170826;90
71.6175;0.00172819;90
71.5321;0.00165103;90
70.7588;0.00155062;90
71.0876;0.00151795;90
72.5331;0.00166581;90
71.4092;0.00162795;90
73.7276;0.0018772;90
72.9484;0.001729;90
67.0887;0.00175441;90
63.9755;0.00189627;90
63.0442;0.0019016;90
62.0197;0.00182877;90
64.7027;0.00183939;90
63.0492;0.00186;90
61.2288;0.00164965;90
62.0552;0.00150442;90
53.6175;0.00129305;90
49.4676;0.00144335;90
49.4972;0.00170443;90
47.8051;0.00190723;90
47.7511;0.00170893;90
49.3323;0.0016849;90
47.7645;0.00161267;90
47.56;0.00159895;90
48.7945;0.00165614;90
47.7096;0.00161542;90
42.737;0.00152217;90
42.7048;0.00141252;90
41.623;0.00135646;90
52.9128;0.00158201;90
66.498;0.00200862;90
65.255;0.00185866;90
66.5371;0.00179327;90
66.127;0.0018853;90
65.1026;0.00176724;90
66.218;0.00180529;90
65.1139;0.0015874;90
79.463;0.00183189;90
80.1895;0.00221844;90
82.7515;0.00241732;90
66.6664;0.00211824;90
64.9716;0.00210132;90
64.6645;0.00204245;90
65.2287;0.0020573;90
65.891;0.0022229;90
65.0264;0.00199668;90
64.2374;0.00185209;90
66.3328;0.0019107;90
64.9406;0.00187224;90
79.0127;0.00202003;90
88.0325;0.00212625;90
82.821;0.0021045;90
75.7623;0.00200045;90
75.0686;0.00195605;90
73.8646;0.00194668;90
72.5374;0.00191946;90
72.4186;0.00205919;90
74.9964;0.00173826;90
77.4308;0.00199891;90
77.4571;0.00175898;90
79.4835;0.00167107;90
74.8741;0.00159423;90
74.597;0.00139304;90
72.6691;0.00132935;90
73.6654;0.00194136;90
73.5688;0.00225197;90
73.0417;0.00201251;90
74.4091;0.00197569;90
74.3473;0.00190879;90
72.2838;0.00184027;90
73.1547;0.00202907;90
75.6117;0.00185519;90
82.211;0.00194797;90
79.7855;0.00204135;90
77.5672;0.00207158;90
85.8709;0.00159715;90
68.4908;0.00145643;90
65.7608;0.00159787;90
72.3195;0.00163314;90
66.232;0.00113638;90
-18.3972;0.000960068;90
-51.7196;0.000966893;90
-56.1507;0.00139674;90
-82.5133;0.00178824;90
-81.26;0.00140835;90
-80.8618;0.00151118;90
-81.58;0.00150927;90
-82.4574;0.00159984;90
-83.5146;0.00165559;90
-82.792;0.00137083;90
-78.9616;0.00107591;90
-68.3407;0.00119755;90
-66.302;0.00138586;90
-67.4338;0.00164169;90
-68.9743;0.00174198;90
-67.8419;0.00167036;90
-65.9051;0.00131782;90
-66.3046;0.00124168;90
-66.0375;0.0012508;90
-47.0161;0.00108537;90
-27.7131;0.00111602;90
-26.8385;0.00121822;90
-27.7031;0.00139603;90
-28.9625;0.00120809;90
-30.309;0.00102048;90
-30.0086;0.0011317;90
-36.2952;0.00141567;90
6.16245;0.00099676;90
-51.4831;0.0014404;90
-43.6916;0.00142448;90
-35.0519;0.00141211;90
-46.7827;0.00140924;90
-51.1725;0.00138761;90
-54.3417;0.00138091;90
-57.6503;0.00141099;90
-57.2567;0.00127571;90
-57.1263;0.00116804;90
-68.8944;0.00126914;90
-69.4943;0.00119897;90
-73.3442;0.00126299;90
-73.9516;0.00129861;90
-71.6186;0.00135409;90
-72.944;0.00135353;90
-71.6279;0.00144042;90
-71.7331;0.00161751;90
-69.6315;0.00135897;90
-64.5718;0.00126229;90
-61.7052;0.00130377;90
-63.7587;0.00134569;90
-59.9871;0.00121952;90
-59.7892;0.00126594;90
-63.2357;0.00141455;90
-70.1226;0.00148231;90
-69.3981;0.0014636;90
-68.492;0.00148651;90
-71.9895;0.00149422;90
-63.954;0.00138239;90
-65.569;0.00146519;90
-66.2111;0.00154201;90
-63.0095;0.00144543;90
-60.1059;0.00128612;90
-43.5238;0.00112538;90
-23.3771;0.00122234;90
-22.4766;0.00129216;90
-43.678;0.00147117;90
-55.0603;0.00152607;90
-52.5258;0.00155489;90
-48.01;0.00152167;90
-43.5191;0.001368;90
-62.2354;0.00175167;90
-67.3423;0.00186385;90
-50.9834;0.00107856;90
51.0737;0.00137669;90
50.4195;0.00110804;90
49.6114;0.000817942;90
50.4;0.000856572;90
50.9712;0.000897237;90
48.973;0.00105117;90
50.2415;0.00124618;90
54.5491;0.00138102;90
67.1546;0.00166132;90
68.0405;0.00168203;90
67.0142;0.00166196;90
68.1517;0.00158807;90
77.1942;0.00163774;90
82.6595;0.00184714;90
82.4036;0.00211052;90
79.9304;0.00193887;90
73.4077;0.00164239;90
72.0403;0.00186802;90
71.1058;0.00193316;90
72.1642;0.00184466;90
75.5768;0.00197526;90
83.1724;0.00224593;90
83.2759;0.0023401;90
80.6801;0.00205006;90
74.5576;0.00169001;90
41.9273;0.00163577;90
7.79734;0.00136361;90
-3.01046;0.00129479;90
-1.13544;0.00111022;90
2.25377;0.00111887;90
26.7244;0.000965091;90
36.0879;0.000835278;90
22.2072;0.000865176;90
-30.8668;0.00101356;90
-60.8077;0.00141468;90
-61.8694;0.00139135;90
-54.4271;0.00132534;90
-16.0253;0.00108309;90
12.6231;0.00131785;90
14.4703;0.00150473;90
19.0891;0.00141268;90
18.3308;0.0012178;90
44.2361;0.00137898;90
54.5902;0.00171896;90
33.5164;0.00155566;90
-12.734;0.00130202;90
-37.5449;0.0014769;90
-37.1017;0.00163121;90
-58.542;0.00190851;90
-61.7605;0.0018366;90
-58.8442;0.00163713;90
76.2593;0.00197451;90
74.5749;0.00195129;90
65.4473;0.00174476;90
56.7362;0.00175207;90
67.9729;0.00179179;90
80.7051;0.00191312;90
74.7193;0.00137356;90
71.8322;0.00135663;90
73.9137;0.00117293;90
74.4467;0.00136498;90
74.6695;0.00159993;90
69.5724;0.0016188;90
71.1852;0.00162165;90
70.266;0.00129718;90
68.1896;0.00118158;90
70.8473;0.00116128;90
71.5933;0.00128262;90
72.1302;0.0013785;90
66.134;0.00138656;90
59.231;0.00131163;90
40.4444;0.00114843;90
14.8265;0.00123099;90
26.9838;0.00128488;90
36.0851;0.00124112;90
54.9835;0.0013419;90
15.5442;0.00076498;90
-36.1886;0.00122789;90
-23.6002;0.00112401;90
-19.8634;0.00110366;90
-24.6373;0.00110345;90
-25.4443;0.00116611;90
-49.514;0.00150941;90
-55.4415;0.00182989;90
-47.2286;0.00161838;90
-17.1027;0.00133294;90
-21.3281;0.00114652;90
-42.9055;0.00135431;90
-57.7244;0.00139328;90
-36.2057;0.00108687;90
-9.95063;0.000925929;90
-10.5973;0.000946137;90
-36.6182;0.00118361;90
-32.4669;0.00102643;90
-16.6491;0.000984263;90
-22.7835;0.000996773;90
-26.1632;0.00108407;90
-25.371;0.000987215;90
-44.58;0.00096452;90
-50.4479;0.00101291;90
-48.2799;0.00109994;90
-50.4022;0.001059;90
-28.4429;0.000846135;90
-2.89046;0.000713908;90
-1.50086;0.000687236;90
-2.63445;0.00065269;90
-3.30934;0.000883473;90
72.3765;0.00158541;90
83.4759;0.00299238;90
76.7584;0.00309529;90
67.6105;0.00233394;90
53.8017;0.00199634;90
52.2031;0.00186664;90
54.8939;0.00185188;90
64.0237;0.00208904;90
71.2831;0.00237775;90
49.5922;0.00141309;90
-46.3462;0.00174562;90
-38.3601;0.00152272;90
-42.5104;0.00166044;90
-47.6704;0.00179092;90
-51.1762;0.00180085;90
-53.4693;0.00185803;90
-65.582;0.00219647;90
-77.8806;0.00211003;90
-81.3268;0.00196952;90
-102.494;0.00123423;90
-126.951;0.0015604;90
-132.446;0.00130096;90
-127.112;0.00142201;90
-122.941;0.00157049;90
-145.399;0.00118693;90
-127.599;0.00113089;90
-155.727;0.000917074;90
-137.603;0.00109007;90
-109.404;0.00166454;90
-101.919;0.00166081;90
-88.0428;0.00166897;90
-84.5554;0.0019287;90
-81.9189;0.00198471;90
-98.7307;0.00168654;90
-74.1302;0.00114463;90
-88.8517;0.00134727;90
-111.951;0.00156226;90
-84.8331;0.00207644;90
-36.7593;0.000828802;90
-83.6739;0.00134318;90
36.3553;0.00342954;90
-80.8485;0.00151529;90
-59.4303;0.00376534;90
-57.7467;0.00102874;90
-62.561;0.00384112;90
-59.0762;0.00147695;90
-70.685;0.00411777;90
-79.036;0.00146168;90
-85.3891;0.003707;90
-55.4421;0.00179466;90
-13.6481;0.00239873;90
-17.39;0.0025663;90
-15.7877;0.00514197;90
-30.9716;0.00124559;90
-44.3706;0.00521381;90
-49.5578;0.00140593;90
-60.3434;0.00217259;90
-62.5587;0.0109365;90
-58.1975;0.00215563;90
-47.0085;0.00748508;90
-31.5317;0.00217985;90
-16.8544;0.00417326;90
1.266;0.0016294;90
17.0514;0.00426969;90
8.27672;0.00375814;90
9.51994;0.00425054;90
-12.2134;0.00620647;90
-27.7103;0.00105161;90
-29.3736;0.00137818;90
0.131942;0.00521101;90
-1.03108;0.000889144;90
-17.1885;0.00181716;90
-38.1416;0.00329821;90
-28.0561;0.00864488;90
-1.23863;0.00148035;90
-10.1459;0.00654535;90
-42.8022;0.000977233;90
-60.869;0.002767;90
-74.0868;0.00610911;90
-75.1046;0.00553189;90
-51.2203;0.00775951;90
-23.9867;0.00120288;90
-10.3222;0.00207051;90
-22.2118;0.00453665;90
19.1895;0.00782795;90
44.7863;0.00132725;90
49.7066;0.00230091;90
28.2313;0.00944333;90
18.2973;0.00118491;90
30.5132;0.00176666;90
10.0573;0.00875554;90
-51.5294;0.0017971;90
-51.3722;0.00195592;90
-10.2529;0.0075902;90
21.5713;0.00152587;90
15.8766;0.00583769;90
17.5666;0.000980735;90
16.8905;0.0049631;90
-18.9414;0.00110905;90
-32.7583;0.00581597;90
-17.6521;0.00127294;90
-10.8579;0.00203849;90
23.8141;0.00587958;90
43.0772;0.00128554;90
48.7886;0.00656002;90
60.1156;0.0016297;90
53.169;0.0055934;90
43.7733;0.00132118;90
38.5425;0.00526244;90
54.7325;0.00138034;90
27.2338;0.00501942;90
11.558;0.0012228;90
-22.5359;0.00388247;90
-22.2822;0.00101802;90
-10.9449;0.00437152;90
15.3273;0.00104414;90
25.5852;0.00499476;90
29.7595;0.000971068;90
40.8559;0.00637001;90
34.5223;0.0010693;90
13.1106;0.00477445;90
14.4146;0.00102837;90
9.70587;0.00572393;90
15.0752;0.00662086;90
22.3548;0.00221118;90
13.7194;0.00732396;90
-16.5421;0.0012925;90
-47.3268;0.00627014;90
-57.8737;0.00256117;90
-60.0417;0.0110539;90
-68.6467;0.0029441;90
-67.1649;0.00780252;90
-58.0414;0.00194594;90
-48.0233;0.00282883;90
-37.752;0.00367664;90
-57.2576;0.00479604;90
-74.8869;0.00764025;90
-75.7804;0.00886666;90
-74.8542;0.00749018;90
-32.5656;0.0151357;90
2.17082;0.00221759;90
3.11113;0.00425627;90
5.09212;0.0021294;90
-4.27194;0.00506106;90
-55.6419;0.0113951;90
-40.7152;0.0102024;90
-52.6337;0.00205468;90
-52.7351;0.00600494;90
-39.0412;0.000844606;90
-28.909;0.0050846;90
-32.3959;0.00116655;90
-23.3104;0.00397006;90
-19.61;0.000878982;90
-42.1082;0.00454117;90
-40.582;0.000963822;90
-20.7032;0.00433065;90
-13.3793;0.000803816;90
5.34093;0.00251391;90
18.7933;0.00156757;90
30.6004;0.00265005;90
25.9848;0.00304702;90
23.6848;0.0064525;90
52.8971;0.00132781;90
76.6101;0.00915897;90
90.708;0.00218517;90
92.1469;0.0021355;90
92.999;0.0104934;90
83.5424;0.00183162;90
73.5562;0.0085278;90
60.7781;0.00222862;90
56.4614;0.00262263;90
64.1023;0.00368618;90
66.5678;0.00351051;90
72.7445;0.0103394;90
78.0639;0.00254809;90
72.0826;0.00917288;90
57.9449;0.00171084;90
68.1464;0.00183486;90
50.1944;0.00367082;90
44.3868;0.0057484;90
45.927;0.00131115;90
51.4059;0.00245271;90
64.1877;0.00861229;90
71.3909;0.00249758;90
73.6955;0.00475524;90
54.1173;0.00343611;90
16.9201;0.00549068;90
-10.0607;0.00100749;90
-5.36611;0.00398848;90
30.5093;0.000929723;90
44.4633;0.00188735;90
67.0906;0.00429259;90
75.3307;0.00388566;90
101.396;0.00170052;90
125.051;0.00713379;90
112.743;0.00157008;90
118.624;0.00658366;90
96.6087;0.00139024;90
126.367;0.00307612;90
124.802;0.00425757;90
130.206;0.00395951;90
-100.631;0.00183754;90
-54.0358;0.000999525;90
-89.8169;0.00125201;90
-70.2385;0.00103814;90
77.7127;0.00378265;90
-54.5261;0.00114934;90
-54.9129;0.00202498;90
-60.4622;0.00882153;90
-52.5018;0.00124027;90
-63.4887;0.00476954;90
-60.6017;0.00153806;90
-57.981;0.00670502;90
-23.9625;0.000659873;90
68.2121;0.0015734;90
71.3095;0.00482126;90
72.089;0.00522209;90
77.2479;0.00501059;90
51.0518;0.00853141;90
10.5449;0.00183601;90
5.06208;0.00564401;90
-9.7143;0.000971936;90
14.4113;0.00537204;90
30.7964;0.00111526;90
25.7964;0.00256679;90
25.6132;0.00126534;90
17.5439;0.00516526;90
13.8748;0.00094662;90
1.31051;0.003804;90
6.9845;0.00101151;90
8.13486;0.00170314;90
6.90089;0.00516844;90
9.32263;0.000876578;90
18.2726;0.00145118;90
12.9906;0.00538276;90
18.4735;0.000940462;90
10.2211;0.000856594;90
11.2667;0.00207805;90
12.3154;0.00235827;90
5.37441;0.00585072;90
-14.575;0.00136699;90
-38.4001;0.00620141;90
-37.7933;0.00141478;90
-35.215;0.00641988;90
-32.5868;0.00190131;90
-37.0172;0.00357941;90
-39.1487;0.00486905;90
-36.4759;0.0041885;90
-29.8073;0.00364526;90
-27.0076;0.0067737;90
-19.3759;0.00138653;90
-17.198;0.00260759;90
-30.722;0.00719357;90
-35.1932;0.00146963;90
-35.0724;0.00303509;90
-39.5368;0.00695914;90
-31.8274;0.00129702;90
-30.4131;0.00210576;90
-20.1369;0.00305579;90
-10.1075;0.00270092;90
57.6782;0.00761959;90
65.7701;0.00248052;90
62.1385;0.00474391;90
53.9413;0.00604641;90
55.4806;0.00626627;90
56.1501;0.0115328;90
60.3683;0.00232392;90
63.2819;0.00502223;90
60.4433;0.00657226;90
58.2983;0.00633877;90
55.5257;0.00577525;90
33.9934;0.00911468;90
26.0612;0.00208499;90
25.2561;0.00366095;90
23.96;0.00925884;90
19.8792;0.00174392;90
27.3458;0.00301942;90
35.1253;0.010708;90
38.9586;0.00176697;90
45.9137;0.00447868;90
52.6126;0.00595684;90
53.9921;0.00626131;90
42.4767;0.0106487;90
47.4777;0.0020773;90
41.3716;0.00412292;90
38.565;0.0115142;90
38.3812;0.00218396;90
38.3894;0.00281319;90
33.1015;0.00529184;90
24.3026;0.00973135;90
18.6629;0.00182813;90
17.0526;0.00344757;90
12.3758;0.00877183;90
8.72188;0.00179374;90
15.9864;0.00384156;90
22.8533;0.00919477;90
33.0795;0.00176987;90
31.4225;0.00346987;90
35.0667;0.0102397;90
24.5429;0.00110262;90
30.5265;0.00662878;90
19.1467;0.00160371;90
10.8554;0.00603194;90
7.01186;0.00131886;90
27.5703;0.00772412;90
49.5078;0.00188036;90
58.3377;0.00377016;90
61.2173;0.0118694;90
56.4979;0.00253638;90
46.7276;0.008209;90
44.7938;0.00176849;90
32.7945;0.00615737;90
33.9325;0.00157287;90
25.2941;0.0021977;90
18.574;0.00729603;90
31.417;0.00173425;90
39.7437;0.00865248;90
53.797;0.00242276;90
68.5853;0.00473274;90
81.8689;0.016318;90
87.1691;0.00208555;90
87.8331;0.0107907;90
90;0.003071;90
100.035;0.00171016;90
10.714;0.0104084;90
-13.1012;0.00527634;90
0.417296;0.00137304;90
13.4575;0.00833177;90
1.18265;0.00242252;90
23.7903;0.0212201;90
13.6005;0.00146714;90
-15.7522;0.00431713;90
-15.7962;0.00116084;90
-15.7959;0.00505489;90
-46.5497;0.0192693;90
-44.2138;0.0015975;90
-34.9354;0.00149305;90
-9.36173;0.00805326;90
-12.2511;0.00266264;90
-26.4749;0.00824573;90
-36.0944;0.00125612;90
-43.3543;0.00152657;90
-52.3462;0.0105404;90
-52.0194;0.00233184;90
-55.526;0.00239209;90
-60.7333;0.0232452;90
-41.6316;0.00241895;90
-13.8405;0.013845;90
-51.0415;0.00143776;90
-58.5451;0.0227278;90
-71.4687;0.00169277;90
-69.3687;0.0130125;90
-52.0928;0.0012484;90
-27.1696;0.0077569;90
-23.2278;0.00102944;90
4.07456;0.0336079;90
43.4445;0.00179742;90
42.1676;0.022008;90
44.8858;0.00283692;90
61.1401;0.00700272;90
63.2655;0.00725786;90
61.5548;0.013808;90
53.7612;0.00205192;90
50.6128;0.0044535;90
46.8039;0.00604239;90
46.8981;0.00512368;90
43.4194;0.0103312;90
34.5498;0.00214416;90
38.8079;0.00386781;90
50.8765;0.0111538;90
56.2712;0.00164247;90
59.6735;0.00259047;90
31.1567;0.00560323;90
-3.49259;0.00128038;90
-21.7456;0.00571682;90
-30.9475;0.00120564;90
-46.7598;0.00713807;90
-56.7138;0.00184942;90
-45.5089;0.00851885;90
-31.6495;0.0015189;90
-40.7898;0.00827356;90
-45.9076;0.0021428;90
-58.7945;0.0114204;90
-52.7597;0.00201104;90
-18.8562;0.0068813;90
12.6326;0.00131688;90
17.6198;0.00482328;90
-13.7719;0.00162986;90
-5.7097;0.00635252;90
30.6633;0.00173336;90
38.2692;0.00666659;90
-28.3671;0.00152173;90
-55.6772;0.00821311;90
-59.9615;0.00164609;90
-52.9032;0.00707106;90
-46.0988;0.0016224;90
-64.1666;0.00858049;90
-71.659;0.00270122;90
-68.4429;0.011194;90
-70.524;0.00247141;90
-75.4512;0.0131486;90
-68.2881;0.00249501;90
-70.1062;0.0112908;90
-79.6237;0.00315357;90
-72.8182;0.0100202;90
-54.6097;0.00189763;90
-49.6069;0.00895332;90
-47.7047;0.00659334;90
-17.0775;0.00100114;90
16.6386;0.00506403;90
12.9381;0.000987059;90
-8.98659;0.0046926;90
-3.18751;0.00124092;90
-11.8929;0.00483785;90
-19.0451;0.00555296;90
-12.4451;0.00148489;90
-8.51616;0.00484846;90
11.6741;0.00114162;90
37.1214;0.00651526;90
30.4504;0.0007656;90
51.8799;0.000779185;90
35.9765;0.00289895;90
53.1596;0.003881;90
60.4021;0.0204977;90
46.1953;0.00138977;90
40.7835;0.010473;90
44.0876;0.00173192;90
33.4188;0.00158147;90
18.6893;0.00876307;90
9.18185;0.00130978;90
-10.4124;0.00147733;90
24.1645;0.0106239;90
55.7667;0.00204777;90
15.3449;0.00845336;90
14.4849;0.0021989;90
11.283;0.0129105;90
-0.579091;0.00158308;90
15.0808;0.00155661;90
17.9168;0.0139873;90
17.3736;0.00139986;90
1.8094;0.0109264;90
-15.0292;0.00162353;90
-44.6854;0.011975;90
-41.4608;0.00503997;90
-54.9394;0.00219169;90
-64.0005;0.0225635;90
-62.6104;0.00282802;90
-50.6897;0.0127241;90
-79.4236;0.00415153;90
-70.3311;0.0175914;90
-72.3033;0.00282257;90
-68.1148;0.0130785;90
-55.8917;0.0087007;90
-55.5058;0.00205537;90
-19.301;0.0145826;90
-58.8818;0.00216329;90
-67.9361;0.0153232;90
-62.8044;0.00247906;90
-54.3621;0.0202039;90
-49.1004;0.00564656;90
-19.3195;0.00421961;90
1.83633;0.00196601;90
19.6571;0.0142632;90
9.30494;0.00185541;90
-2.74783;0.0143095;90
4.81758;0.00194086;90
15.3744;0.0151211;90
-31.0188;0.0017853;90
-15.7995;0.0146765;90
-7.07262;0.00135632;90
-4.38801;0.0147954;90
-2.95458;0.00170727;90
2.03944;0.0143871;90
0;0;90
-26.8768;0.00106841;90
-51.6914;0.0196436;90
-57.874;0.00231674;90
-54.4083;0.0197163;90
-33.6901;0.00271859;90
-31.244;0.00725876;90
-40.7285;0.00131959;90
-41.7569;0.00632459;90
-46.8972;0.00158054;90
-42.6564;0.00342385;90
-34.9208;0.00770906;90
14.8191;0.000887521;90
46.4008;0.00164876;90
62.4843;0.00989194;90
47.007;0.00331129;90
27.9198;0.0112166;90
8.87056;0.00140075;90
2.03628;0.00605082;90
1.77408;0.000904434;90
13.2176;0.00342883;90
41.3457;0.000843171;90
81.8486;0.0148248;90
58.0536;0.00103;90
51.4876;0.00989427;90
70.3219;0.00126806;90
76.6734;0.0377177;90
69.0418;0.0198246;90
67.9447;0.00238881;90
77.4499;0.0291956;90
67.157;0.00207363;90
46.1576;0.0199848;90
55.6401;0.00256206;90
53.9587;0.0190034;90
66.9806;0.00151134;90
83.9515;0.0218657;90
120.973;0.00108233;90
112.284;0.00185126;90
90.3642;0.0168353;90
74.8232;0.000962572;90
84.3487;0.00202082;90
-8.71402;0.00230359;90
-35.234;0.00100881;90
9.39065;0.00118285;90
19.2879;0.00257027;90
15.0621;0.00502566;90
21.7596;0.000763394;90
20.9164;0.00214002;90
47.0047;0.00412354;90
29.2064;0.000659894;90
52.0707;0.00101677;90
30.9994;0.00193193;90
67.8132;0.00278846;90
86.0556;0.0026603;90
82.5717;0.00239006;90
-50.2731;0.000746328;90
-44.0494;0.00127863;90
26.2685;0.00725748;90
0.87915;0.000782092;90
32.0521;0.0144378;90
43.4584;0.000998796;90
41.1507;0.00321256;90
49.6078;0.00181323;90
22.0281;0.00666559;90
-4.99281;0.00118349;90
36.7418;0.00679862;90
20.9776;0.00151116;90
24.2379;0.00644295;90
38.1024;0.00839614;90
16.2041;0.0014298;90
30.1463;0.00262042;90
22.1072;0.00741084;90
32.9338;0.00138687;90
21.7259;0.00366322;90
20.0346;0.00361368;90
27.0054;0.229537;90
64.3858;0.00555158;90
56.9028;0.00576309;90
58.9679;0.00330735;90
72.5598;0.00579227;90
72.3031;0.00626025;90
66.1632;0.00574068;90
52.5119;0.00828628;90
41.7289;0.0234463;90
80.5892;0.00456849;90
72.3549;0.00736343;90
50.1607;0.0193698;90
84.8789;0.0171856;90
114.962;0.00295724;90
107.439;0.00542223;90
68.2587;0.00177098;90
70.0788;0.00988766;90
74.9799;0.00457635;90
77.8187;0.00822724;90
75.5672;0.0126864;90
74.5919;0.00446757;90
79.7209;0.00854616;90
83.5845;0.00949546;90
78.2085;0.00998776;90
61.3441;0.0169034;90
62.9887;0.0277938;90
62.6126;0.0097847;90
32.0925;0.122845;90
100.921;0.00378454;90
145.187;0.00220702;90
101.352;0.00134124;90
66.6677;0.00174467;90
74.3847;0.00188352;90
86.795;0.00239675;90
77.3263;0.00145854;90
30.5085;0.00101445;90
142.578;0.00475582;90
55.2864;0.00118004;90
80.8902;0.00312643;90
100.218;0.00350052;90
71.6704;0.00189199;90
105.621;0.00497267;90
151.436;0.0010771;90
145.453;0.00634482;90
169.241;0.000733901;90
125.274;0.00156541;90
118.84;0.00448417;90
107.743;0.00371784;90
-101.995;0.000919066;90
-57.7107;0.009519;90
-34.3754;0.00250437;90
-33.6384;0.00523332;90
-61.8923;0.00124594;90
-64.3923;0.00254276;90
-117.704;0.00285647;90
-77.2052;0.00322406;90
-100.937;0.00376335;90
-65.5038;0.00253959;90
-85.2442;0.00243639;90
22.6705;0.00156708;90
28.3008;0.000723476;90
-106.081;0.00864632;90
-80.75;0.00102027;90
-33.9009;0.00188433;90
-52.9387;0.00155641;90
-74.0875;0.00286685;90
-65.5034;0.00360555;90
24.9653;0.00214657;90
69.2201;0.00338521;90
88.8535;0.00459792;90
102.382;0.00428569;90
95.5608;0.00232193;90
104.559;0.00484145;90
104.724;0.00646841;90
121.181;0.00849644;90
150.045;0.000642876;90
94.0834;0.0018116;90
88.9604;0.00418869;90
96.7065;0.00297133;90
108.572;0.00224175;90
-177.026;0.00204275;90
-177.975;0.00172608;90
-46.2477;0.00688461;90
-87.7051;0.00372098;90
-88.97;0.00294848;90
-68.2525;0.00236966;90
-112.534;0.00281816;90
-86.9216;0.00582841;90
-111.063;0.00096551;90
-105.942;0.00204255;90
-18.5444;0.00132373;90
-79.7652;0.00160961;90
-26.8759;0.00123656;90
22.843;0.00148117;90
-154.52;0.00103906;90
-168.585;0.00149049;90
90.8976;0.00223427;90
-178.033;0.00128176;90
89.8464;0.001119;90
77.8605;0.00357596;90
91.5252;0.00559798;90
55.3748;0.00108763;90
84.8676;0.00225805;90
122.197;0.00231971;90
89.1682;0.00447747;90
96.121;0.00256965;90
91.2668;0.0036639;90
-173.305;0.00201575;90
-173.468;0.00197784;90
163.756;0.00731084;90
-139.073;0.000686921;90
-127.891;0.00094275;90
45.9518;0.00178781;90
-71.8036;0.00106317;90
-58.4427;0.00829463;90
-36.5054;0.00892758;90
-49.7901;0.000762094;90
-92.408;0.00790198;90
-70.1708;0.00760279;90
130.052;0.00503356;90
78.8587;0.00159914;90
94.9303;0.00528255;90
67.4189;0.00102346;90
102.088;0.00522894;90
148.189;0.00693582;90
130.321;0.00456828;90
116.361;0.00563716;90
-59.0076;0.00823228;90
-33.9402;0.00108001;90
-56.8938;0.000816561;90
-33.0094;0.00565002;90
-38.2681;0.00107372;90
-12.8953;0.000864811;90
-72.3564;0.00151108;90
-72.0321;0.00228862;90
-101.207;0.0038076;90
-72.0159;0.00108501;90
-93.7412;0.00151723;90
-103.79;0.00247946;90
-73.719;0.00297844;90
-90.734;0.00413734;90
-102.561;0.00520969;90
-41.8603;0.000671345;90
-50.9934;0.00149664;90
-37.9211;0.00218037;90
-64.7584;0.00271084;90
-86.4467;0.00124239;90
-121.329;0.000726997;90
-143.1;0.0060674;90
176.357;0.000535081;90
-75.4132;0.00878311;90
-83.5835;0.00157487;90
-92.8638;0.0141306;90
-108.689;0.00121401;90
151.706;0.00289032;90
134.702;0.00163202;90
135.816;0.00680376;90
126.493;0.00127623;90
-140.941;0.00255506;90
-17.0397;0.00514276;90
-46.3386;0.00741604;90
-41.3039;0.00109688;90
79.026;0.00699186;90
85.4231;0.00229331;90
92.0621;0.00931003;90
89.6962;0.00132002;90
95.2996;0.00177559;90
121.615;0.00435892;90
39.7742;0.00374201;90
21.1384;0.00399587;90
-56.9335;0.00107036;90
-13.8111;0.00302444;90
64.3615;0.00163165;90
72.66;0.00220103;90
99.9316;0.0171622;90
114.32;0.0143943;90
149.944;0.00688825;90
129.974;0.00139625;90
-172.795;0.000534218;90
121.612;0.0070818;90
96.2091;0.00130365;90
111.997;0.00157786;90
-119.161;0.00136272;90
-58.1169;0.00715087;90
-54.1238;0.000668901;90
-89.7396;0.00418004;90
-96.4525;0.00185978;90
-102.156;0.00779274;90
-102.976;0.00366971;90
-107.386;0.00117467;90
-111.448;0.00159441;90
-12.4883;0.0115103;90
23.3021;0.000581426;90
3.30461;0.00320934;90
-168.522;0.00060306;90
-123.964;0.00115989;90
-97.5041;0.00564333;90
-95.6982;0.000916529;90
-128.973;0.00117179;90
-42.1914;0.00210688;90
-67.4151;0.00465823;90
-139.851;0.004766;90
-125.009;0.00108417;90
160.906;0.00541702;90
145.431;0.00370639;90
171.438;0.00264649;90
-177.414;0.000465474;90
-154.425;0.00349326;90
174.577;0.000931168;90
123.411;0.0015382;90
109.699;0.00273825;90
135.291;0.00375832;90
-142.592;0.00360176;90
-145.189;0.00241036;90
-164.214;0.00433759;90
-133.335;0.0114168;90
-141.587;0.00199092;90
-134.079;0.00972327;90
-125.912;0.0014236;90
-130.152;0.00563885;90
-129.885;0.0139431;90
-120.889;0.00211149;90
-138.398;0.00299421;90
-126.783;0.0149068;90
-141.696;0.00201343;90
-134.568;0.00262486;90
-127.296;0.0140576;90
-142.893;0.00221942;90
-161.815;0.00267879;90
-177.629;0.0110485;90
-139.38;0.00339767;90
-115.788;0.0241656;90
-115.034;0.00244355;90
-106.261;0.00601044;90
-93.3234;0.00117297;90
-96.3098;0.00395798;90
-96.4167;0.00703306;90
-95.6945;0.0184531;90
-97.5082;0.00254078;90
-104.334;0.012142;90
-100.526;0.0022936;90
-95.0339;0.00274659;90
-89.9064;0.00489701;90
-28.8523;0.00338408;90
4.42167;0.000765278;90
-15.7554;0.000994359;90
20.0334;0.00184781;90
70.382;0.0069993;90
90.5802;0.00118506;90
65.9454;0.00101078;90
24.3193;0.00136953;90
-73.5599;0.00326134;90
158.611;0.0120649;90
66.3609;0.00134921;90
77.7736;0.00145909;90
75.7573;0.0100313;90
78.2215;0.00136678;90
83.3615;0.00178195;90
84.4862;0.0112712;90
82.5089;0.00219372;90
83.9375;0.00801985;90
80.6269;0.00168854;90
92.4921;0.0097282;90
-104.8;0.00169111;90
52.6155;0.00385236;90
66.5582;0.0176639;90
65.3523;0.00828704;90
44.4431;0.00567409;90
9.62124;0.00444553;90
1.74259;0.0045381;90
14.602;0.00498605;90
42.3398;0.0054237;90
55.2099;0.00629895;90
41.85;0.00549474;90
48.8754;0.00597386;90
56.6368;0.00661158;90
55.7745;0.00638099;90
44.1756;0.00614327;90
47.8172;0.00627255;90
50.369;0.00621942;90
51.1259;0.00638771;90
51.711;0.00632314;90
37.3084;0.00530436;90
63.5835;0.00603517;90
39.0779;0.00434503;90
12.8292;0.0036614;90
21.3746;0.00351475;90
30.5768;0.000939662;90
41.4627;0.00200564;90
26.5134;0.00297934;90
-41.5667;0.00284556;90
-71.4482;0.00232586;90
-55.5225;0.0033299;90
28.0394;0.00305906;90
1.89395;0.00251137;90
-17.3999;0.0017155;90
-21.3266;0.0019495;90
-33.0942;0.00280028;90
-30.7779;0.00185065;90
-25.3214;0.000659348;90
24.2241;0.00289052;90
40.0918;0.00330583;90
78.6471;0.00261619;90
117.896;0.00250284;90
152.34;0.00177934;90
128.508;0.00153223;90
71.315;0.00434817;90
84.9531;0.00151186;90
86.3762;0.00218337;90
30.1387;0.00119101;90
148.693;0.00404144;90
72.0203;0.00111442;90
80.9244;0.00277676;90
89.8795;0.00570501;90
61.4817;0.00114151;90
110.304;0.00470323;90
151.205;0.00669942;90
172.895;0.000703401;90
124.797;0.00536911;90
104.429;0.00134441;90
111.034;0.00263562;90
142.791;0.00774574;90
100.202;0.00109532;90
147.812;0.00325887;90
-111.067;0.000840155;90
-52.9811;0.00661542;90
-74.8526;0.00121315;90
-65.1959;0.00455523;90
68.334;0.00117824;90
52.6608;0.00376073;90
-53.7074;0.0119292;90
-32.2323;0.000883091;90
-29.2568;0.00423755;90
-50.3945;0.000880003;90
-85.6735;0.00505039;90
-122.451;0.000859154;90
-88.9937;0.00563687;90
-104.041;0.00278213;90
-36.5998;0.000721208;90
-65.1374;0.00228806;90
-11.8129;0.00151917;90
26.6979;0.00115739;90
-108.632;0.00780929;90
-109.209;0.0011945;90
-37.8443;0.00295183;90
-44.2043;0.000712832;90
-71.9086;0.00237333;90
-101.53;0.00143087;90
-143.241;0.00630961;90
140.468;0.000697553;90
153.712;0.00138638;90
155.868;0.00342427;90
148.879;0.00337236;90
-172.774;0.00295749;90
-163.95;0.0025681;90
153.616;0.00198027;90
112.252;0.00285998;90
129.136;0.00263006;90
-173.496;0.00271044;90
-132.134;0.0023477;90
96.4394;0.00248769;90
80.2221;0.0034623;90
-18.7074;0.00179588;90
84.3553;0.00787921;90
124.035;0.00152046;90
79.8384;0.00311181;90
-93.5882;0.0120636;90
-155.607;0.00167557;90
-99.1517;0.00103113;90
-53.0992;0.0022234;90
34.0855;0.00100459;90
-16.5879;0.00409127;90
-83.7721;0.00253496;90
-18.3241;0.00457709;90
17.5116;0.000824197;90
5.65551;0.00103504;90
-25.9974;0.00758333;90
-19.2061;0.000869389;90
-12.6033;0.00233732;90
18.7955;0.00105527;90
49.4935;0.00576721;90
79.9507;0.00120346;90
122.894;0.00255575;90
164.732;0.00314811;90
103.891;0.0316981;90
130.05;0.00104902;90
113.258;0.00792395;90
-138.895;0.000728589;90
-57.2613;0.00980568;90
-31.6749;0.00679873;90
-30.9812;0.00112675;90
-78.9671;0.00446248;90
-114.56;0.000779524;90
-99.9161;0.00166081;90
-86.6683;0.00387154;90
-101.013;0.00143951;90
-98.5559;0.00169385;90
-114.211;0.0012631;90
-7.07199;0.00107216;90
-76.2777;0.00159348;90
-62.0266;0.00129194;90
23.6928;0.00207052;90
-134.432;0.00078422;90
-154.649;0.00447493;90
-168.753;0.00143557;90
-176.369;0.00274752;90
-115.06;0.00168568;90
-104.792;0.00191135;90
106.06;0.00348814;90
127.593;0.00169494;90
130.619;0.000703506;90
131.82;0.00384976;90
133.554;0.00277345;90
-46.629;0.00213916;90
-49.4058;0.00439067;90
-40.1779;0.00224594;90
15.3806;0.00128191;90
-35.8478;0.00304969;90
42.6974;0.000809584;90
35.166;0.00234744;90
87.6227;0.00110895;90
45.4345;0.000652678;90
-6.89147;0.00261691;90
24.1482;0.000689322;90
43.6412;0.0011331;90
-41.0102;0.122075;90
-101.803;0.00243958;90
-95.535;0.00269557;90
-96.6964;0.00124348;90
-91.8998;0.00102556;90
-102.616;0.00227083;90
-98.0468;0.00223602;90
-107.095;0.00159549;90
-101.547;0.00302727;90
-95.8705;0.00231715;90
-100.094;0.00165461;90
-168.168;0.00157037;90
117.614;0.00297939;90
113.085;0.00319049;90
112.782;0.00397186;90
97.7883;0.00391108;90
102.585;0.00110146;90
97.958;0.00353201;90
109.166;0.00369479;90
114.59;0.0034004;90
104.424;0.0048695;90
127.844;0.000647094;90
105.765;0.00619087;90
109.948;0.00388083;90
94.7364;0.00402073;90
107.042;0.000832558;90
98.8872;0.00404557;90
99.77;0.00422528;90
96.1256;0.00100273;90
106.399;0.00414773;90
111.865;0.00117879;90
122.72;0.00265296;90
92.0644;0.000971631;90
90.329;0.00330905;90
106.779;0.000897197;90
112.461;0.00288701;90
141.021;0.00277728;90
147.265;0.00257971;90
139.739;0.00270474;90
119.908;0.00325903;90
140.525;0.00264413;90
127.585;0.00503499;90
166.755;0.00149271;90
166.1;0.0022437;90
128.924;0.000881766;90
177.886;0.00287396;90
170.525;0.00222333;90
135.218;0.00296704;90
128.245;0.00290944;90
106.728;0.000965872;90
103.132;0.00304153;90
108.931;0.00303305;90
106.043;0.00129545;90
118.714;0.00351757;90
172.942;0.0022299;90
124.04;0.00199724;90
153.194;0.00127725;90
147.458;0.00185529;90
-178.995;0.00182428;90
113.393;0.000969704;90
-164.731;0.00144294;90
178.977;0.00050408;90
-167.531;0.00114398;90
-129.904;0.00202183;90
-120.51;0.00091;90
-118.754;0.00518654;90
-134.675;0.00336376;90
-133.971;0.00409339;90
-129.91;0.000629686;90
172.143;0.00210678;90
167.001;0.0010848;90
167.618;0.00165551;90
161.192;0.00097084;90
151.464;0.00196353;90
-139.448;0.00237951;90
98.0249;0.00346695;90
108.682;0.00624081;90
109.18;0.00382004;90
104.83;0.00131273;90
99.335;0.000961736;90
108.204;0.00384757;90
106.332;0.00118064;90
-135.082;0.00196576;90
-81.7475;0.000926595;90
-95.6016;0.00245874;90
-69.0611;0.000875838;90
-86.0863;0.00363347;90
-160.115;0.00463643;90
-147.49;0.000565637;90
-104.879;0.00181485;90
-168.658;0.000711902;90
176.329;0.000531089;90
68.946;0.00472653;90
75.8654;0.00565109;90
78.9268;0.00123397;90
110.52;0.00168598;90
78.2076;0.00300441;90
56.9363;0.000964127;90
114.844;0.0012805;90
130.035;0.00118461;90
136.679;0.000603421;90
134.74;0.00218498;90
147.207;0.00148817;90
178.261;0.000461213;90
147.555;0.000510722;90
145.985;0.000782972;90
138.417;0.000759368;90
155.486;0.000612181;90
127.741;0.000934508;90
167.611;0.000843645;90
162.731;0.00320026;90
123.951;0.00243155;90
78.7423;0.00150598;90
109.693;0.00476575;90
102.988;0.00339485;90
83.8149;0.00216259;90
101.187;0.00191233;90
109.685;0.00795913;90
108.684;0.00196664;90
109.121;0.00403883;90
74.8148;0.00122166;90
73.6322;0.00104328;90
86.6411;0.00930198;90
85.6743;0.00222734;90
78.7245;0.0130519;90
61.854;0.00348512;90
56.5524;0.0106173;90
63.4528;0.00143421;90
87.4072;0.00901923;90
102.67;0.00181007;90
90.6467;0.00540434;90
88.7546;0.00473912;90
82.1554;0.00902647;90
87.59;0.00228302;90
83.9573;0.0107628;90
82.1494;0.00217438;90
93.6279;0.012469;90
89.1895;0.0029693;90
75.3696;0.0110854;90
66.6113;0.0020178;90
78.4163;0.0066086;90
-101.46;0.0244607;90
-79.9666;0.00339797;90
-92.0266;0.0123007;90
-92.9003;0.00211471;90
-96.586;0.0112734;90
-95.9716;0.00216274;90
-99.6608;0.00384351;90
-86.082;0.0143425;90
-81.4365;0.00164534;90
-99.3289;0.00254162;90
-120.951;0.011075;90
-103.503;0.000963636;90
-117.125;0.0101987;90
-90.7375;0.00147612;90
-94.8179;0.0142162;90
-93.7713;0.0024934;90
-102.252;0.00577248;90
-100.392;0.00194592;90
-94.4702;0.00958416;90
-77.4363;0.00231237;90
-76.7796;0.0137124;90
-81.0209;0.00413264;90
-67.3024;0.00306323;90
8.62735;0.000586638;90
54.5;0.00247631;90
73.1617;0.000907926;90
70.1359;0.00403189;90
99.0535;0.0032029;90
-132.669;0.00737274;90
139.876;0.000898449;90
112.633;0.00135646;90
113.956;0.00471628;90
150.442;0.00292922;90
-80.3081;0.03188;90
-61.0356;0.00437982;90
-46.4708;0.00104686;90
-39.0416;0.00255443;90
-74.8549;0.00347158;90
-14.5305;0.00104027;90
-11.7192;0.000713881;90
-32.7398;0.00150511;90
-23.0879;0.00285356;90
-30.8297;0.00117271;90
-8.93177;0.00481134;90
53.4313;0.00136962;90
51.0178;0.00433014;90
93.2845;0.00139629;90
137.17;0.00364209;90
141.46;0.000672486;90
74.6417;0.00560309;90
92.1372;0.00144801;90
54.2015;0.00237462;90
-94.9719;0.0101191;90
-49.7983;0.00194429;90
-112.768;0.00377517;90
-143.792;0.00060604;90
-128.783;0.00333666;90
-174.178;0.00200132;90
149.915;0.00079396;90
150.454;0.00467837;90
148.825;0.000651013;90
165.223;0.00315226;90
-168.04;0.00392316;90
144.522;0.00288085;90
93.4196;0.00114003;90
83.3796;0.00449296;90
78.2849;0.00105395;90
96.9851;0.00345363;90
119.098;0.00205427;90
-72.2374;0.00487752;90
-104.892;0.00347471;90
-84.7981;0.00487508;90
-88.9426;0.00455178;90
-87.9892;0.00467388;90
-90.9499;0.00271437;90
-64.9424;0.000935;90
76.8104;0.00167416;90
102.265;0.00136516;90
-62.5908;0.00956246;90
-63.3377;0.00210817;90
-54.207;0.00271348;90
-49.6292;0.00280363;90
-39.1982;0.00194461;90
-47.7196;0.00573756;90
-17.6909;0.00060879;90
78.229;0.0069951;90
84.1853;0.00180629;90
89.5333;0.00515617;90
92.5086;0.00182775;90
97.1632;0.00707321;90
116.459;0.00433172;90
-3.50846;0.000473888;90
3.76144;0.0011585;90
43.0261;0.0027919;90
35.2356;0.0024474;90
98.8375;0.00410068;90
137.838;0.000899836;90
126.806;0.0012602;90
84.6139;0.00576345;90
-93.6747;0.00232478;90
-120.429;0.00295968;90
76.5813;0.0076961;90
30.2322;0.00153126;90
156.616;0.00453771;90
68.2632;0.000823559;90
80.0853;0.00658027;90
109.208;0.00114896;90
111.29;0.00126965;90
56.7975;0.00254201;90
116.544;0.00245028;90
123.148;0.000850393;90
144.425;0.0058769;90
131.409;0.00106133;90
162.957;0.000989452;90
134.002;0.00186705;90
129.922;0.0023249;90
111.535;0.00387662;90
106.066;0.00234145;90
-98.5521;0.00159372;90
-44.451;0.0161603;90
-86.4224;0.0112499;90
-95.8344;0.00101325;90
-103.782;0.00131383;90
-37.838;0.00475848;90
87.7988;0.0124192;90
87.757;0.00163525;90
90.4007;0.00157304;90
120.078;0.00143064;90
130.564;0.00150853;90
75.5328;0.00348243;90
96.019;0.00301361;90
82.7244;0.00207672;90
31.642;0.00130382;90
44.4605;0.00150196;90
72.5692;0.00142546;90
95.8982;0.00148888;90
11.5377;0.000739952;90
-33.2637;0.000670928;90
77.0344;0.0025182;90
1.0675;0.000644112;90
-46.972;0.00189051;90
-24.1814;0.0014086;90
23.0111;0.000642092;90
-80.3112;0.0012478;90
-33.5981;0.00120897;90
65.322;0.00243103;90
64.9177;0.000846859;90
-152.431;0.00178689;90
-158.783;0.000527774;90
99.6723;0.00183914;90
74.7076;0.00215739;90
-33.2244;0.00112608;90
51.2357;0.00162749;90
46.5874;0.000893419;90
67.3356;0.00346454;90
81.4144;0.00217032;90
-141.171;0.00132217;90
128.861;0.00226797;90
-133.037;0.000681344;90
-176.979;0.00104345;90
-97.3769;0.00172125;90
-76.0359;0.00115617;90
-171.316;0.000980237;90
-60.6853;0.000941574;90
-173.707;0.000675068;90
-102.629;0.00186615;90
-141.771;0.00166127;90
114.584;0.00131962;90
172.754;0.0018155;90
-137.572;0.000598815;90
118.804;0.00113321;90
90;0.001852;90
125.233;0.000700286;90
104.609;0.00249776;90
168.473;0.00145127;90
-109.12;0.000873167;90
-114.409;0.00161648;90
-87.4854;0.00278068;90
-99.4033;0.00287057;90
-94.1204;0.00222676;90
63.2352;0.00269358;90
-63.5197;0.00241988;90
-55.9326;0.000715856;90
-116.14;0.00307334;90
-105.786;0.00419418;90
115.643;0.00130559;90
-66.3275;0.00144455;90
-80.5937;0.00235567;90
-71.99;0.00140694;90
-105.009;0.00481527;90
-62.0572;0.00163683;90
-73.7662;0.00382032;90
-69.5055;0.000871138;90
-99.4454;0.00334536;90
-103.615;0.00204342;90
-76.9591;0.00231778;90
-162.021;0.00441563;90
75.1218;0.00103986;90
74.5533;0.00170457;90
92.652;0.00594337;90
58.0711;0.000794151;90
73.9403;0.00254846;90
134.806;0.00166737;90
98.3936;0.00138382;90
89.0076;0.00484973;90
105.605;0.00131965;90
-84.5879;0.00538601;90
-90;0.001447;90
-85.6614;0.00453399;90
-94.193;0.00155917;90
-84.8904;0.00342461;90
-107.103;0.00308753;90
-107.833;0.00527023;90
-114.808;0.00207113;90
-141.086;0.000633603;90
-58.388;0.00497172;90
-39.2131;0.000792463;90
-86.0678;0.00106451;90
76.1459;0.00831489;90
38.6652;0.00166622;90
149.458;0.00310129;90
127.432;0.00153007;90
80.7437;0.00141746;90
77.4686;0.00241042;90
88.3302;0.00576545;90
65.5842;0.00118058;90
87.0615;0.00105339;90
139.111;0.00787196;90
145.317;0.000927876;90
139.104;0.00508795;90
116.362;0.00126115;90
110.221;0.00540728;90
-69.1763;0.00613794;90
-111.24;0.00526676;90
-115.661;0.00102067;90
-115.335;0.000937129;90
-136.407;0.00345455;90
-85.2015;0.00231913;90
-75.0932;0.0015005;90
-92.1971;0.00200848;90
-89.2257;0.00791772;90
-99.768;0.00175646;90
-111.294;0.00109045;90
137.547;0.00388302;90
159.513;0.00146571;90
-179.275;0.00102708;90
136.752;0.00155;90
111.952;0.00543829;90
99.2229;0.00192792;90
-74.0745;0.0023762;90
-76.6818;0.00928984;90
-95.3585;0.00464731;90
153.454;0.00133135;90
-102.65;0.00316893;90
-89.0384;0.00113216;90
-44.0103;0.000736915;90
7.23148;0.00447258;90
-42.773;0.001019;90
-63.5628;0.00100176;90
-78.3881;0.00204689;90
-60.7607;0.00147607;90
-11.8268;0.00195653;90
27.4015;0.00186866;90
9.00967;0.00176882;90
-12.8301;0.00167071;90
-5.56183;0.000536526;90
-24.6551;0.00110031;90
-30.1525;0.00186541;90
-29.814;0.00411113;90
-22.3497;0.000717931;90
38.1646;0.00524014;90
10.5747;0.00125329;90
93.6475;0.00306521;90
133.298;0.0039764;90
75.1331;0.00480174;90
90.3603;0.00174903;90
64.7977;0.00265138;90
145.322;0.00436059;90
82.1205;0.00656498;90
92.7782;0.00299152;90
76.9195;0.00284995;90
127.801;0.00162501;90
139.358;0.00407623;90
134.732;0.000906521;90
168.017;0.00118482;90
145.082;0.00177323;90
153.211;0.00125579;90
129.749;0.00193925;90
118.707;0.0029313;90
108.895;0.00362535;90
140.365;0.000990754;90
-61.6255;0.00837065;90
-22.4539;0.000929465;90
70.6163;0.00248273;90
66.0282;0.00375597;90
6.55493;0.000648238;90
6.75483;0.000595131;90
-2.14461;0.000721505;90
-2.84737;0.00209358;90
-77.3719;0.00181593;90
-83.6525;0.00258686;90
-88.7752;0.00622242;90
-62.7397;0.00217451;90
-73.8826;0.00123556;90
-98.028;0.00499798;90
-96.8324;0.00109276;90
-99.1318;0.00304965;90
-105.704;0.00355053;90
-118.46;0.00343514;90
-25.6076;0.000990269;90
-19.9983;0.00161115;90
-6.86923;0.00180596;90
-84.1331;0.00175117;90
-108.478;0.00252729;90
-102.524;0.00135115;90
-67.6938;0.00105386;90
112.929;0.0012834;90
69.5351;0.00397273;90
80.9572;0.00390655;90
37.7326;0.00112913;90
94.7442;0.0247739;90
7.50735;0.000650577;90
50.6388;0.00168399;90
79.8457;0.000952926;90
31.0455;0.000721324;90
-29.9951;0.000568085;90
55.1089;0.00172023;90
77.6827;0.00361419;90
-42.7617;0.000742321;90
35.7964;0.000875354;90
81.7284;0.0014319;90
-9.65219;0.00109145;90
-47.8878;0.000954392;90
-66.7779;0.000958668;90
5.92458;0.000959123;90
-20.2155;0.000905797;90
-74.3799;0.000895056;90
-18.3622;0.000996751;90
65.1271;0.00110555;90
71.5651;0.00103723;90
79.6699;0.00121571;90
-124.251;0.000963006;90
-158.563;0.000700457;90
164.087;0.000718533;90
73.7259;0.00148448;90
64.4039;0.00584458;90
21.8312;0.000715299;90
3.64706;0.000707433;90
81.4928;0.00143984;90
87.7153;0.00115392;90
65.0376;0.0022866;90
35.0253;0.000987912;90
65.6718;0.0016385;90
81.9506;0.00321366;90
155.177;0.00126486;90
136.046;0.000619529;90
64.8915;0.00128437;90
61.7061;0.0011266;90
-48.0625;0.00145589;90
-64.357;0.00202882;90
-36.5661;0.000641209;90
-70.4096;0.00194456;90
-72.9698;0.001277;90
-22.5979;0.000801539;90
59.7297;0.000892716;90
57.0919;0.000975531;90
67.0341;0.000840631;90
76.5902;0.0018412;90
109.795;0.00101285;90
132.095;0.000711557;90
-164.652;0.000593155;90
-164.724;0.000470629;90
-149.862;0.000868388;90
178.894;0.000466087;90
81.828;0.00289843;90
59.4048;0.00210622;90
57.1878;0.000760306;90
27.442;0.000876641;90
98.9364;0.00444192;90
95.5949;0.00152828;90
171.76;0.00051633;90
124.516;0.000808282;90
160.789;0.00191462;90
101.075;0.0015305;90
-130.115;0.00234977;90
-91.4971;0.00160755;90
-68.1709;0.00076915;90
-173.902;0.000809581;90
-121.241;0.00116843;90
149.072;0.000823022;90
55.1463;0.00118814;90
94.265;0.00118328;90
78.6577;0.00589819;90
151.051;0.00110736;90
131.819;0.0017967;90
130.542;0.00198307;90
-98.8361;0.00591115;90
-95.7013;0.00245615;90
-98.8558;0.00278014;90
-102.835;0.00198971;90
-121.048;0.00151622;90
-132.705;0.002278;90
-44.618;0.00106068;90
-40.6568;0.00156862;90
11.2443;0.00273857;90
-116.809;0.00073612;90
-92.6701;0.00130942;90
-91.9533;0.0015549;90
-96.5434;0.00130752;90
-108.853;0.00129973;90
-89.8746;0.001828;90
-38.1967;0.00114011;90
-81.0258;0.00191039;90
-101.285;0.000914686;90
-92.4485;0.00133422;90
138.086;0.00128739;90
171.725;0.000840753;90
175.728;0.000657827;90
-120.758;0.00152909;90
-80.9773;0.00214251;90
-168.729;0.00058325;90
156.416;0.000799806;90
-36.6991;0.000671003;90
-79.6823;0.00159682;90
112.715;0.00129223;90
-142.273;0.000815491;90
-85.0146;0.00205979;90
168.532;0.000568347;90
161.586;0.00174431;90
173.921;0.00133149;90
165.092;0.000781298;90
113.135;0.00129298;90
96.7505;0.00123355;90
111.997;0.00157786;90
100.738;0.000923165;90
124.53;0.000813278;90
171.438;0.000826207;90
-145.805;0.0011014;90
-98.9923;0.00166344;90
-95.8248;0.00149773;90
-91.2537;0.00105125;90
-92.3896;0.00129513;90
-97.2475;0.00145059;90
-109.181;0.00106831;90
-66.3323;0.00128291;90
59.8543;0.00148945;90
64.9858;0.00127234;90
-73.7936;0.00247224;90
-98.2554;0.00252112;90
-123.933;0.00222132;90
-102.057;0.00094791;90
-73.5054;0.000831207;90
-163.447;0.00101089;90
121.659;0.000805931;90
-92.4457;0.00187471;90
-133.042;0.00097284;90
170.804;0.000494353;90
-90.536;0.023625;90
168.389;0.00108316;90
79.8494;0.00714382;90
98.106;0.00235452;90
62.907;0.000922194;90
76.0855;0.00228299;90
126.332;0.0022145;90
139.187;0.00222767;90
144.756;0.00578793;90
-175.03;0.00064643;90
119.781;0.00757431;90
107.455;0.00183028;90
-152.35;0.000685254;90
-56.376;0.00264564;90
-59.3631;0.00595178;90
-54.5352;0.000913475;90
-101.19;0.00823454;90
-105.5;0.00356983;90
-105.586;0.00234108;90
-81.9094;0.0036877;90
-46.1804;0.00102977;90
-92.6161;0.0032644;90
-108.709;0.00350732;90
153.053;0.00127548;90
165.677;0.00106717;90
-109.581;0.00105926;90
98.1589;0.00169112;90
-115.169;0.00963361;90
153.999;0.00422682;90
-142.041;0.000842152;90
-161.97;0.00192556;90
85.0406;0.00167728;90
81.7219;0.00334081;90
-24.4126;0.00105975;90
78.0253;0.00586564;90
78.7791;0.00138752;90
118.488;0.00331885;90
111.841;0.000809075;90
111.121;0.00128213;90
104.617;0.00351889;90
-75.0699;0.00272085;90
-70.6385;0.00408715;90
-97.8053;0.00199549;90
-71.2558;0.00269493;90
-104.11;0.00469671;90
118.837;0.000767127;90
-99.4425;0.00522986;90
33.4132;0.00246789;90
1.29977;0.00238061;90
-51.9466;0.00306945;90
-84.2947;0.00107633;90
-71.9622;0.00214439;90
4.49005;0.00370437;90
18.9538;0.00143162;90
-14.2054;0.00262837;90
-19.2968;0.00239665;90
-30.9432;0.00476869;90
32.5914;0.00540988;90
5.43508;0.00103465;90
18.1052;0.00071437;90
97.0277;0.00321213;90
127.18;0.000997815;90
141.161;0.00283988;90
72.7401;0.00348493;90
81.1301;0.000985789;90
87.8283;0.00142502;90
88.9307;0.00241142;90
24.9906;0.00144862;90
155.456;0.00275163;90
146.549;0.00186492;90
68.7333;0.000915332;90
77.7958;0.00281461;90
87.5646;0.00385949;90
95.306;0.00218436;90
70.1973;0.00284844;90
132.397;0.00358165;90
143.648;0.00126025;90
143.829;0.00482376;90
-162.881;0.000523179;90
133.536;0.00124562;90
133.141;0.00252853;90
-135.435;0.00232857;90
122.633;0.000706531;90
111.639;0.00157285;90
83.3178;0.00157268;90
105.331;0.00184568;90
54.577;0.000697022;90
-80.4171;0.00210842;90
-115.555;0.000964342;90
103.728;0.00351852;90
65.3657;0.00161939;90
69.8593;0.000807371;90
-68.2455;0.00749262;90
-54.0687;0.00118436;90
-36.4142;0.00105623;90
26.8031;0.00118423;90
82.4112;0.00323332;90
72.5296;0.00208519;90
-67.5679;0.0010797;90
62.3065;0.00127167;90
-9.37465;0.00193383;90
-52.8139;0.00337025;90
-88.0169;0.00121373;90
-80.7801;0.00466223;90
-107.617;0.00128528;90
-76.1748;0.00421409;90
-107.879;0.00104234;90
-117.899;0.00161354;90
-73.5557;0.00230321;90
-97.8486;0.00377133;90
-105.891;0.00317743;90
-23.4504;0.00161325;90
-86.0995;0.00101435;90
-9.25744;0.00220674;90
34.6346;0.00053841;90
-108.176;0.00924533;90
-47.6649;0.00150564;90
-29.0338;0.00133931;90
-74.7773;0.00465016;90
-169.559;0.0012802;90
-132.724;0.00320431;90
-162.167;0.00268081;90
148.787;0.00209179;90
154.123;0.00283196;90
155.756;0.00128098;90
145.814;0.000640703;90
160.356;0.00203759;90
-176.35;0.00213633;90
-154.825;0.00247069;90
156.691;0.00204707;90
109.515;0.0029367;90
152.277;0.00473562;90
-153.689;0.000706157;90
-127.756;0.00173281;90
102.245;0.00159836;90
84.5653;0.00386437;90
-15.8342;0.00183981;90
88.2934;0.00345853;90
89.3091;0.00572242;90
122.046;0.00179797;90
113.942;0.00198368;90
102.634;0.00289407;90
110.016;0.00240741;90
81.645;0.0018375;90
66.0561;0.000938789;90
-81.1489;0.0168588;90
-118.142;0.0034453;90
-117.006;0.000755366;90
-95.8571;0.00276343;90
-46.8023;0.00132648;90
31.7095;0.00301743;90
-38.5021;0.00283675;90
-70.7198;0.00220783;90
-67.796;0.00208782;90
-36.0537;0.00160056;90
23.8901;0.00144697;90
30.6028;0.00152431;90
-3.28834;0.00146441;90
-5.60237;0.00147505;90
-20.0359;0.00148274;90
-27.432;0.00292601;90
-36.6431;0.000656805;90
-29.1383;0.00265958;90
-25.8637;0.000584552;90
-11.8787;0.000889038;90
27.7602;0.00165102;90
51.1173;0.00325141;90
9.23829;0.000672726;90
19.7016;0.000886919;90
94.1903;0.00307923;90
132.743;0.0015618;90
143.706;0.00213031;90
78.8431;0.00484762;90
85.8632;0.000956492;90
74.9092;0.00314962;90
42.9546;0.000792465;90
129.414;0.00538971;90
74.5828;0.00154977;90
83.0937;0.00279427;90
111.031;0.00254128;90
62.0917;0.00297613;90
133.907;0.00656244;90
137.456;0.00115506;90
145.644;0.00417301;90
133.936;0.00114288;90
125.576;0.00227578;90
115.912;0.00514195;90
-57.9677;0.00881039;90
-42.315;0.00102643;90
-24.9931;0.00218457;90
-39.0355;0.00219116;90
-31.039;0.00182886;90
-40.5072;0.00125473;90
82.4687;0.00215156;90
86.51;0.00326906;90
97.1332;0.00260919;90
96.5795;0.00269676;90
-175.526;0.0021666;90
175.198;0.00198296;90
-3.97193;0.00140036;90
0.967379;0.0021323;90
-16.4734;0.00111789;90
-97.5984;0.00300236;90
-72.6029;0.00190305;90
-92.7944;0.0024409;90
-89.8231;0.00259101;90
-68.3225;0.00188964;90
-82.1161;0.00217253;90
-92.9581;0.00517389;90
-99.8614;0.00165241;90
-101.231;0.00426671;90
-38.1247;0.00118728;90
-68.248;0.00258507;90
18.2059;0.000553719;90
33.498;0.000992919;90
-105.153;0.00650725;90
-98.2239;0.00216021;90
-43.2654;0.00212583;90
-31.4704;0.0013964;90
-86.7248;0.00413075;90
169.779;0.000856594;90
-130.428;0.00268778;90
-159.165;0.00373096;90
-62.6208;0.00550799;90
-83.114;0.00136787;90
-89.4877;0.00346714;90
-88.8729;0.00503297;90
-92.1815;0.00501764;90
-94.8355;0.00456726;90
-114.367;0.0030321;90
-71.9377;0.00831475;90
-71.307;0.00126366;90
-59.0875;0.00402353;90
-61.5548;0.000913255;90
-68.1619;0.00522064;90
-69.7641;0.00102635;90
-73.3379;0.00132879;90
-58.2096;0.00666839;90
-64.7682;0.0011917;90
-58.5578;0.00299824;90
120.477;0.00468654;90
116.654;0.001148;90
118.986;0.00601324;90
112.331;0.0014054;90
110.128;0.00432409;90
119.41;0.00636991;90
105.271;0.00186796;90
109.431;0.0066731;90
92.3305;0.00103285;90
63.1738;0.00176606;90
79.8788;0.00410285;90
86.6171;0.00471121;90
92.0526;0.00510928;90
98.3593;0.00813038;90
143.832;0.000898067;90
105.968;0.00243911;90
0.618647;0.0016671;90
36.8699;0.00092;90
52.7635;0.00225085;90
57.8522;0.00430742;90
109.722;0.00130983;90
139.722;0.00657082;90
114.584;0.00402375;90
68.3957;0.00124119;90
62.2709;0.00244363;90
67.021;0.00346061;90
76.7054;0.00387895;90
100.731;0.00364677;90
61.66;0.00197808;90
97.1764;0.00262557;90
124.291;0.0010845;90
136.27;0.00204263;90
147.73;0.00335641;90
142.648;0.00461176;90
131.995;0.00110602;90
120.498;0.00269948;90
108.996;0.00426422;90
-176.226;0.000577252;90
-58.4436;0.0088203;90
-39.0842;0.000864445;90
-32.8856;0.00634113;90
-42.6419;0.00115144;90
-10.0654;0.000577894;90
-63.4847;0.00154557;90
-76.5082;0.00227169;90
-117.096;0.00251166;90
-72.5012;0.00269051;90
-100.304;0.0038633;90
-103.534;0.00309803;90
-51.1325;0.00245569;90
11.6409;0.00251268;90
163.873;0.00416177;90
16.5948;0.00110294;90
-48.2541;0.000847066;90
-42.819;0.00230401;90
53.2083;0.000733001;90
-151.088;0.00101558;90
-168.777;0.00129476;90
123.235;0.00286096;90
83.6699;0.0106932;90
62.2932;0.00103237;90
85.5176;0.00152266;90
131.905;0.00192543;90
142.253;0.00570747;90
147.845;0.000931953;90
138.111;0.00518649;90
119.329;0.0015026;90
109.934;0.00361351;90
137.777;0.00121128;90
-57.4565;0.00297989;90
-66.5307;0.00366848;90
-44.8811;0.00204496;90
-39.981;0.00167307;90
-32.3461;0.00238864;90
-37.0742;0.00269222;90
-29.4144;0.00215018;90
-61.4193;0.00153847;90
-70.821;0.00221599;90
-116.086;0.00278355;90
-75.2282;0.00309841;90
-101.275;0.00386663;90
-102.274;0.00272836;90
6.91014;0.00158753;90
-61.0398;0.00253613;90
35.7677;0.00147647;90
-109.528;0.00396084;90
-104.42;0.00538878;90
-35.5489;0.00296699;90
-77.6029;0.00467194;90
-53.9673;0.00395582;90
-73.5387;0.0069874;90
-81.4731;0.00147025;90
-74.2855;0.00852151;90
-64.8962;0.00147315;90
-52.962;0.00402262;90
-49.5451;0.00246282;90
-62.8201;0.0127521;90
-56.2577;0.00699782;90
-60.3757;0.00194412;90
-62.2799;0.00985054;90
-62.4392;0.00193002;90
-52.4649;0.00678706;90
-40.9229;0.00135258;90
-45.5777;0.00533044;90
-49.7318;0.00126863;90
-48.3574;0.00525221;90
-40.7834;0.00105787;90
-48.739;0.00553003;90
-63.2156;0.00163547;90
-81.8428;0.011664;90
-86.5028;0.00944258;90
-76.6328;0.00209783;90
-63.0394;0.00582957;90
-42.4098;0.00118915;90
-42.056;0.00538324;90
-34.2225;0.000835692;90
-54.7072;0.00179488;90
-60.1126;0.00583387;90
-46.1481;0.000705834;90
-56.7619;0.00594213;90
-62.4411;0.00144382;90
-60.5519;0.00663297;90
-48.1245;0.0012584;90
-42.7345;0.00180666;90
-56.395;0.00355036;90
-49.9849;0.00672173;90
-66.9174;0.00136204;90
-67.456;0.00836739;90
-55.5653;0.00155801;90
-36.3968;0.00547379;90
-34.0525;0.00135904;90
-33.0744;0.00485224;90
-26.2399;0.0014973;90
-49.1706;0.00659214;90
-71.4966;0.00185278;90
-54.1014;0.00575763;90
-37.7235;0.00112773;90
-45.1293;0.0056399;90
-52.2645;0.00129735;90
-47.6538;0.00398599;90
-40.7361;0.000599164;90
-48.9715;0.00407352;90
-64.7778;0.00173656;90
-64.9631;0.00659025;90
-72.5028;0.0016231;90
-81.5259;0.00494701;90
-86.5654;0.00113504;90
-87.5241;0.00821767;90
-84.9107;0.00236733;90
-83.6574;0.00780276;90
-82.7403;0.00189923;90
-82.3043;0.00906565;90
-78.2483;0.00254331;90
-83.7109;0.0111461;90
-86.0287;0.00203589;90
-81.2928;0.00960469;90
-81.5706;0.00262637;90
-75.8161;0.0100721;90
-70.3897;0.00203504;90
-66.0123;0.00715058;90
-65.6925;0.00170297;90
-65.9089;0.0101326;90
-72.4573;0.0020105;90
-75.3403;0.0102972;90
-59.1875;0.00188392;90
-31.4619;0.00629201;90
-14.465;0.00100485;90
-14.54;0.0051861;90
-6.88896;0.00108382;90
-27.1638;0.00684721;90
-62.7918;0.00713216;90
-73.8789;0.00224009;90
-84.9976;0.0109407;90
-82.6326;0.00231612;90
-72.3863;0.0105024;90
-54.8589;0.0017634;90
-51.3857;0.00727957;90
-52.5692;0.00136887;90
-50.2;0.00787209;90
-56.6743;0.00218057;90
-36.6902;0.00376242;90
-21.5167;0.00560565;90
-18.3946;0.00134681;90
-22.4798;0.00547394;90
-16.0182;0.00129737;90
-39.7973;0.00619148;90
-59.6081;0.00173548;90
-59.4806;0.00782743;90
-58.4705;0.00168471;90
-62.1672;0.00891425;90
-65.1931;0.00176375;90
-67.4968;0.00415432;90
-76.554;0.00466178;90
-71.4764;0.00572563;90
-77.9397;0.0152291;90
-81.3658;0.00416318;90
-81.0804;0.0061271;90
-81.1863;0.0134184;90
-62.5561;0.0013995;90
-90.1235;0.00510201;90
-87.2555;0.01393;90
-77.3004;0.0022562;90
-90.5979;0.0054623;90
-93.8011;0.0137573;90
-95.4085;0.00247201;90
-98.9497;0.00440969;90
-95.4774;0.00535344;90
-93.2894;0.00493213;90
-78.8507;0.00461816;90
-42.4804;0.00690026;90
-46.4281;0.00153207;90
-42.9134;0.0197315;90
-9.66913;0.00182188;90
-7.75477;0.000496541;90
-0.968969;0.000473068;90
12.2765;0.00103466;90
32.3253;0.00277151;90
14.5865;0.000631349;90
44.8544;0.00111299;90
52.8203;0.00284784;90
62.636;0.00211687;90
79.7933;0.00292326;90
55.1427;0.00174267;90
74.4682;0.00317806;90
51.3314;0.00409082;90
4.3838;0.00383321;90
-51.7098;0.00931986;90
-58.0643;0.00767344;90
-70.2225;0.00171411;90
-74.4568;0.0200586;90
-69.5564;0.0267146;90
-56.4413;0.00483728;90
-76.1323;0.0112983;90
-91.2587;0.00364188;90
-94.8933;0.0177959;90
-96.2857;0.00209157;90
-103.141;0.0112424;90
-107.268;0.00259392;90
-101.995;0.0107783;90
-103.825;0.00223474;90
-89.8601;0.0204751;90
-84.2641;0.00248142;90
-95.1097;0.0152476;90
-89.8519;0.00154701;90
-90.128;0.012089;90
-78.9343;0.00188607;90
-80.6408;0.0173591;90
-81.9084;0.00420587;90
-79.7145;0.0497332;90
-82.6474;0.032108;90
-86.9814;0.0156477;90
-72.6001;0.00201312;90
-75.6454;0.0125725;90
-74.8407;0.00220265;90
-77.8613;0.0255042;90
-79.2935;0.00275598;90
-65.9345;0.0556402;90
-70.5345;0.00124835;90
-68.9062;0.0192167;90
-32.5826;0.00126273;90
-49.1814;0.00283172;90
-47.555;0.00123725;90
-46.2115;0.0114711;90
-41.883;0.00143047;90
-43.6202;0.0140953;90
-62.9617;0.00167845;90
-69.3092;0.00179155;90
-76.3765;0.0153859;90
-73.9481;0.00206865;90
-72.1636;0.0144989;90
-65.6884;0.0175493;90
-66.0208;0.00209151;90
-75.2409;0.0114581;90
-81.0004;0.00209681;90
-89.0576;0.0103964;90
-89.0787;0.00167922;90
-89.3816;0.00528131;90
-83.8332;0.00138703;90
-78.7369;0.00263678;90
-83.5416;0.00979717;90
-140.093;0.00152134;90
-82.2519;0.00212137;90
156.038;0.000571234;90
47.9758;0.00380017;90
10.8855;0.00360079;90
-22.461;0.000693618;90
-36.4194;0.00124644;90
-24.1381;0.00265078;90
-8.92799;0.00093432;90
12.9761;0.00138948;90
12.8857;0.00654687;90
13.3901;0.0011184;90
19.6894;0.00173334;90
33.5561;0.0073559;90
42.5423;0.00143463;90
32.9705;0.00247333;90
45.8012;0.00793946;90
61.2028;0.0016649;90
53.1972;0.0030748;90
28.806;0.00678226;90
-15.4483;0.00145663;90
2.80297;0.00231076;90
24.4882;0.00707107;90
27.8544;0.00125207;90
28.1354;0.005467;90
49.4116;0.00144324;90
40.2308;0.00305325;90
9.46829;0.00315498;90
12.1342;0.00568501;90
28.4788;0.0011115;90
41.5082;0.00254253;90
48.8132;0.00620942;90
54.7488;0.00139476;90
50.5954;0.00241496;90
42.2428;0.00598269;90
22.3937;0.000916084;90
9.56951;0.00404225;90
-8.44816;0.000891675;90
-36.0691;0.00171717;90
-30.019;0.00515904;90
-20.6692;0.0007706;90
-40.7892;0.00509431;90
-22.0179;0.00103229;90
19.6342;0.00353557;90
58.8248;0.000790099;90
-9.78241;0.000676841;90
-91.9106;0.00263947;90
-81.4494;0.0028517;90
-74.4119;0.00431678;90
-81.7514;0.00143585;90
-63.477;0.00365463;90
10.1696;0.000492741;90
-40.2036;0.000718816;90
-88.6874;0.00183348;90
-80.3955;0.00384185;90
-94.4869;0.00244148;90
-96.6088;0.00284994;90
-111.148;0.000781643;90
83.2279;0.00698775;90
98.714;0.00500983;90
173.679;0.00064492;90
118.289;0.00495021;90
105.878;0.00141083;90
101.76;0.00808063;90
72.2878;0.00147911;90
11.0965;0.00642206;90
25.8407;0.0015211;90
53.3398;0.0278762;90
26.5119;0.0019266;90
33.8884;0.00680982;90
65.8912;0.00230616;90
56.612;0.00983636;90
80.8554;0.00154159;90
67.5386;0.0105114;90
64.8342;0.0018131;90
77.7199;0.00222388;90
74.9125;0.0144491;90
63.392;0.00119227;90
72.9978;0.00280772;90
37.4533;0.00603011;90
40.9882;0.00117243;90
81.874;0.121096;90
89.465;0.0122095;90
87.1136;0.00142981;90
92.6631;0.00992172;90
95.868;0.00134002;90
96.0822;0.00360529;90
72.1527;0.0243571;90
-47.6747;0.00209107;90
47.2315;0.0099155;90
-99.3932;0.00327187;90
-94.8613;0.00112103;90
-93.8602;0.00577811;90
-88.9073;0.00477187;90
-87.4597;0.00112811;90
-90.1056;0.00434001;90
-101.22;0.00137223;90
-103.669;0.0045828;90
-102.819;0.00577802;90
-99.5305;0.00124417;90
-129.428;0.0025051;90
-110.44;0.00393154;90
-133.824;0.000688867;90
-29.8372;0.00215461;90
-3.64313;0.0013377;90
-47.0665;0.00247082;90
-75.0059;0.00194419;90
-77.5507;0.00336308;90
-79.9876;0.00148969;90
-71.6938;0.00337795;90
-87.6101;0.00364517;90
-106.693;0.00341178;90
-87.0454;0.00310413;90
-91.8555;0.00163686;90
-93.9473;0.00188848;90
-76.79;0.00247242;90
-70.5011;0.00253753;90
-83.7101;0.00365098;90
-73.5071;0.00106377;90
-95.4209;0.00517615;90
-94.9202;0.00270497;90
-71.3505;0.00194197;90
-97.0213;0.00383677;90
-115.895;0.00130059;90
-90.8323;0.00502553;90
-124.959;0.00115184;90
-105.246;0.00463929;90
-126.892;0.0035598;90
-105.731;0.00132046;90
158.535;0.00154947;90
-121.841;0.0021836;90
-112.484;0.00285285;90
-129.561;0.00197678;90
-126.798;0.0030434;90
156.887;0.000883956;90
-149.787;0.00115257;90
-93.3549;0.00116199;90
-95.4372;0.00350376;90
-111.024;0.00157484;90
-69.5014;0.000816714;90
-103.76;0.00251828;90
-99.0323;0.00249696;90
-99.8899;0.00264328;90
-107.474;0.00211143;90
-99.0378;0.00232993;90
172.21;0.000715605;90
-120.119;0.00195495;90
-89.1004;0.00121015;90
-72.3603;0.0030987;90
-95.3045;0.00131965;90
-101.004;0.00293904;90
-115.414;0.00331586;90
-98.8569;0.00267591;90
-104.036;0.00138536;90
-106.999;0.00159049;90
-99.8394;0.00334724;90
-84.652;0.00273591;90
-21.4097;0.00160259;90
-103.95;0.00321481;90
-98.7077;0.00294596;90
-85.3629;0.00184303;90
-87.0636;0.00201064;90
-104.251;0.00175088;90
-114.97;0.00311739;90
-126.726;0.000638802;90
-107.365;0.00343768;90
-137.269;0.00073243;90
-110.326;0.00392969;90
-118.811;0.00235102;90
-149.341;0.00109623;90
-158.737;0.0011664;90
-121.879;0.000816094;90
-152.545;0.000748279;90
-112.276;0.00163826;90
-106.989;0.00218014;90
-101.209;0.00167189;90
-106.283;0.00378064;90
-108.956;0.00260741;90
-99.8574;0.00205027;90
-104.412;0.00340309;90
-89.085;0.00356946;90
-87.5417;0.00135224;90
-89.041;0.00454064;90
-103.26;0.00279451;90
-112.217;0.00128003;90
-109.856;0.00246133;90
-134.516;0.0028455;90
-152.29;0.00239575;90
-148.206;0.00273312;90
-168.505;0.000607179;90
-106.916;0.00106195;90
-87.2923;0.00306943;90
-123.852;0.00235527;90
-132.468;0.000656129;90
-130.595;0.0020808;90
-111.196;0.0014576;90
-126.965;0.001204;90
-173.92;0.00131238;90
-162.276;0.000637248;90
139.746;0.00135877;90
131.75;0.00154681;90
113.285;0.00156334;90
-138.454;0.00178374;90
-124.602;0.00155142;90
-93.6637;0.00233177;90
-59.2737;0.00144832;90
-55.9241;0.00329472;90
-66.2762;0.00277882;90
-98.7018;0.00265051;90
-133.47;0.00190704;90
-109.182;0.00351833;90
-106.052;0.0023725;90
114.81;0.00378207;90
102.292;0.00168155;90
115.039;0.00122625;90
109.476;0.00250747;90
128.771;0.00177258;90
138.611;0.000583815;90
-177.87;0.0011568;90
-85.4537;0.00148868;90
-75.8977;0.0014734;90
-117.034;0.000765655;90
-75.8386;0.00277534;90
140.82;0.00228726;90
145.846;0.0008906;90
-112.875;0.000882393;90
-123.67;0.00162333;90
-82.5409;0.00402103;90
-96.5619;0.00316775;90
-111.686;0.00138288;90
143.264;0.000600202;90
-111.382;0.00261392;90
-121.01;0.00211767;90
151.39;0.000739268;90
166.283;0.000915101;90
119.847;0.000765544;90
-137.453;0.00190032;90
-148.625;0.000693387;90
-128.137;0.00143795;90
-94.3718;0.00245314;90
-86.9107;0.000983429;90
-118.957;0.00148918;90
-140.647;0.000567733;90
-127.063;0.00136721;90
-133.778;0.00248605;90
-102.844;0.00305443;90
-97.0637;0.00313076;90
-98.7757;0.00397858;90
-107.947;0.00311875;90
-105.015;0.00234299;90
-121.159;0.00110549;90
-79.634;0.00485728;90
-177.476;0.0017487;90
95.5814;0.00180958;90
90.4242;0.00256607;90
134.19;0.000700106;90
-165.408;0.000674766;90
95.6893;0.00106927;90
175.3;0.00156225;90
75.5283;0.00248897;90
85.7139;0.00280986;90
91.4955;0.00291199;90
97.9923;0.00370398;90
148.821;0.00232365;90
108.949;0.00088073;90
105.12;0.00238455;90
102.801;0.00425167;90
92.2026;0.00098873;90
96.6982;0.00114884;90
132.237;0.00180451;90
92.4147;0.00116303;90
178.615;0.00455233;90
144.071;0.00110775;90
142.408;0.00582426;90
125.279;0.000720278;90
156.846;0.00422426;90
-178.65;0.00640978;90
-166.753;0.000968779;90
-131.977;0.00710641;90
-127.952;0.0073187;90
-137.031;0.000798118;90
-149.908;0.00716004;90
178.598;0.000858257;90
-169.056;0.00611522;90
-130.51;0.0020321;90
-150.88;0.00823602;90
-149.086;0.000990748;90
-164.91;0.00717542;90
-152.823;0.00920642;90
-127.982;0.00121543;90
-130.458;0.00968739;90
-143.163;0.0101294;90
-163.012;0.00815274;90
-169.508;0.00311915;90
174.76;0.00285794;90
165.742;0.000877015;90
149.182;0.0014171;90
175.491;0.00470657;90
-145.549;0.000772488;90
-128.152;0.00116229;90
90.8303;0.0028983;90
97.2411;0.0102266;90
92.1037;0.0020704;90
104.183;0.00246102;90
88.3792;0.00837935;90
91.5456;0.00240988;90
95.8839;0.00424336;90
98.808;0.00655025;90
111.386;0.0116963;90
103.785;0.00270697;90
115.498;0.00338465;90
115.36;0.00978049;90
106.42;0.001079;90
83.4584;0.00201009;90
-103.484;0.00168546;90
109.287;0.00323347;90
104.396;0.00524882;90
103.309;0.00572988;90
104.865;0.00581564;90
107.579;0.0115189;90
121.428;0.00160905;90
137.029;0.00719013;90
134.913;0.00186959;90
139.028;0.00281842;90
134.86;0.00925888;90
113.474;0.00160918;90
137.78;0.00317865;90
124.807;0.00851932;90
112.118;0.00191492;90
111.276;0.00728662;90
110.296;0.00221983;90
111.838;0.00409161;90
113.245;0.00514354;90
125.885;0.00385217;90
125.163;0.00398157;90
125.626;0.00439324;90
128.14;0.00509085;90
126.095;0.00507026;90
123.922;0.00458547;90
110.359;0.00599875;90
100.554;0.0112473;90
102.914;0.00180772;90
101.04;0.0046633;90
100.629;0.00612102;90
99.6965;0.00591348;90
102.013;0.00536653;90
103.982;0.00592248;90
103.051;0.00538921;90
103.976;0.00527515;90
103.47;0.0105307;90
101.578;0.001425;90
103.587;0.00597626;90
103.781;0.00136015;90
90.2755;0.00707008;90
90;0.001913;90
91.7328;0.00883004;90
95.7077;0.00196072;90
94.3112;0.0108016;90
94.9573;0.00159697;90
101.255;0.00451381;90
102.647;0.00573207;90
104.517;0.00549338;90
98.7641;0.0138679;90
105.335;0.00144443;90
104.747;0.00230596;90
101.338;0.0132353;90
99.3791;0.00203723;90
96.6594;0.00404429;90
99.6662;0.0123341;90
98.9208;0.00207004;90
96.9298;0.00334846;90
97.9757;0.00634942;90
98.5087;0.0129698;90
88.1704;0.00225515;90
88.7182;0.00290573;90
80.5328;0.0058;90
86.9708;0.0124895;90
96.2059;0.00254391;90
96.4134;0.0112353;90
89.0442;0.00203828;90
83.8152;0.00545777;90
77.0062;0.0109586;90
74.7938;0.00174614;90
75.4107;0.00183414;90
75.4909;0.0101982;90
77.5932;0.00193622;90
81.5055;0.00382496;90
84.5185;0.0192098;90
100.701;0.012306;90
123.277;0.00408242;90
120.1;0.00234294;90
108.878;0.0126008;90
114.044;0.00284703;90
111.52;0.00947336;90
110.44;0.00214186;90
108.023;0.00378471;90
103.37;0.00569124;90
103.672;0.00720103;90
67.4314;0.00171969;90
119.329;0.00218853;90
73.3673;0.00585184;90
61.0565;0.000851334;90
64.8113;0.00147086;90
72.4773;0.00303902;90
87.3827;0.00317531;90
80.3249;0.00522431;90
118.624;0.00170543;90
158.951;0.0047778;90
-168.006;0.0004764;90
-155.809;0.00224515;90
-167.019;0.00243523;90
-136.555;0.0012768;90
90.1807;0.00348702;90
89.1815;0.00798081;90
76.8958;0.00168488;90
82.3216;0.00217046;90
-141.654;0.00122661;90
-118.476;0.00741624;90
-107.614;0.000971551;90
-117.268;0.0013489;90
-115.293;0.00548151;90
-109.29;0.000889964;90
-102.122;0.00442875;90
-111.318;0.00380968;90
-109.298;0.00161579;90
-112.838;0.00930876;90
-132.252;0.00489598;90
-153.866;0.00320795;90
-176.474;0.00128443;90
169.397;0.0032444;90
168.895;0.00235204;90
163.71;0.00107308;90
101.621;0.00321694;90
126.468;0.00316468;90
136.677;0.00369622;90
138.807;0.00390832;90
114.397;0.558645;90
142.384;0.000814269;90
86.5409;0.00341422;90
72.0065;0.00102619;90
89.212;0.00247223;90
51.3655;0.00176664;90
58.2887;0.00187961;90
-162.607;0.00104372;90
-102.928;0.0094136;90
-61.4138;0.00622596;90
-140.379;0.00586796;90
-168.819;0.00148519;90
-79.8955;0.0146086;90
-87.6588;0.00149325;90
-45;0.000900854;90
100.534;0.00218788;90
93.553;0.00443753;90
105.363;0.00886997;90
108.247;0.00106032;90
36.8635;0.0071144;90
106.876;0.00474327;90
155.659;0.000691466;90
135.257;0.00110522;90
169.849;0.000834056;90
69.6251;0.00969667;90
150.046;0.0203364;90
-78.6931;0.00741594;90
147.271;0.000512338;90
114.511;0.000773729;90
-91.0896;0.00136725;90
-39.3438;0.00459168;90
-51.0347;0.00272402;90
-0.550904;0.000728034;90
76.4403;0.00125395;90
-38.2207;0.0046663;90
44.3955;0.000603196;90
36.4033;0.00230848;90
72.5951;0.00147765;90
16.6283;0.0010833;90
-0.637957;0.00233514;90
148.417;0.00360494;90
80.2757;0.00345159;90
89.3708;0.00564634;90
78.4649;0.0024954;90
93.1292;0.00250974;90
128.811;0.00195452;90
147.332;0.00599893;90
153.069;0.00133138;90
128.513;0.00231575;90
122.591;0.00349775;90
108.849;0.00359054;90
133.972;0.000867052;90
-82.7514;0.00891626;90
-113.792;0.00242181;90
-108.07;0.00109291;90
-122.63;0.00163387;90
-107.966;0.000966108;90
-113.988;0.00182021;90
-64.3718;0.00273508;90
-43.0715;0.00174401;90
-55.8874;0.00240719;90
-98.2563;0.00321027;90
-100.8;0.00134482;90
-111.327;0.0014793;90
-53.2962;0.00179361;90
-39.6418;0.00107526;90
-66.2541;0.00118207;90
-101.93;0.00213818;90
-126.859;0.0010686;90
162.892;0.00155689;90
28.7122;0.0024708;90
77.9723;0.0016124;90
-63.1456;0.00106259;90
-28.5935;0.00135188;90
6.28928;0.00161572;90
-44.3819;0.0020974;90
-6.31442;0.000490979;90
15.0103;0.00084172;90
49.9337;0.0018006;90
-1.34987;0.000679188;90
55.5605;0.00269302;90
-18.2566;0.00060969;90
5.26278;0.00197332;90
17.9515;0.000749486;90
86.8897;0.0123852;90
84.4676;0.00150401;90
91.9525;0.00237738;90
131.659;0.000946303;90
132.385;0.00100726;90
96.1623;0.00117378;90
83.3044;0.00117501;90
80.6745;0.00261658;90
95.8634;0.00138022;90
87.5606;0.00178562;90
60.6745;0.0020336;90
11.6939;0.000848614;90
70.9953;0.001431;90
79.3818;0.00250184;90
-7.04655;0.000815157;90
1.0007;0.000687105;90
95.4995;0.000918227;90
76.4411;0.00165924;90
-42.9854;0.00112641;90
-43.5024;0.00151514;90
-49.0112;0.00120291;90
44.9592;0.000992071;90
-57.5468;0.000732375;90
-47.6984;0.000690902;90
-33.3348;0.00107364;90
64.5979;0.000925476;90
74.9849;0.00163275;90
26.6236;0.00087475;90
177.995;0.00111468;90
-133.721;0.000601898;90
-166.535;0.000949089;90
-160.902;0.000492083;90
60.6451;0.00111175;90
64.7941;0.00128207;90
134.462;0.000903722;90
43.0324;0.00191527;90
24.3707;0.000840931;90
56.2383;0.00133156;90
66.312;0.00156812;90
64.179;0.00199742;90
91.7843;0.00160578;90
-151.223;0.000961779;90
134.607;0.000721973;90
176.454;0.00106704;90
177.722;0.00123297;90
-155.67;0.000665065;90
-75.2947;0.000913937;90
-89.301;0.00221316;90
154.229;0.00141915;90
-31.2565;0.000973267;90
-74.7333;0.000869691;90
177.681;0.000889729;90
-99.1973;0.00167048;90
-164.432;0.00183325;90
114.291;0.000743855;90
-106.086;0.00179009;90
80.6911;0.00184226;90
60.0647;0.00160514;90
86.7586;0.00129107;90
-53.1777;0.001203;90
-27.1358;0.000942773;90
-98.6888;0.00159531;90
-68.4457;0.000947241;90
-88.1984;0.00168583;90
-39.2513;0.0012707;90
71.858;0.00525736;90
27.5397;0.00118305;90
2.39501;0.00052646;90
59.7579;0.00201527;90
65.9338;0.000841114;90
125.288;0.000746084;90
-38.7801;0.000744013;90
-78.8794;0.00106805;90
-80.4951;0.00155028;90
-99.0665;0.00114227;90
-127.851;0.00106256;90
122.529;0.00136873;90
-129.903;0.00082776;90
-140.377;0.00128268;90
-116.79;0.0019369;90
-87.3213;0.00194713;90
-178.516;0.00131244;90
-78.8899;0.00101197;90
-148.725;0.000789763;90
-176.938;0.000730042;90
101.588;0.00186195;90
173.03;0.000964126;90
85.47;0.00197517;90
-167.571;0.00105472;90
167.676;0.00103075;90
85.645;0.00110619;90
142.313;0.00120552;90
106.587;0.00239256;90
115.523;0.00123004;90
104.493;0.00118676;90
107.904;0.00105719;90
120.644;0.00110653;90
-130.578;0.00079787;90
-113.37;0.000963006;90
-123.835;0.000657322;90
-103.925;0.000997308;90
-105.83;0.00102279;90
-85.02;0.000967653;90
-86.0548;0.00139531;90
-99.385;0.00182746;90
-106.222;0.00102376;90
-91.6594;0.000932391;90
-113.939;0.000741812;90
36.1522;0.00118149;90
32.5151;0.00150133;90
-86.7364;0.000948538;90
-59.3728;0.00116793;90
-111.551;0.00272232;90
180;0.000786;90
-101.567;0.00275801;90
-78.6901;0.000897427;90
141.186;0.000984367;90
-121.813;0.000694303;90
-56.7398;0.000813213;90
-63.1953;0.00149684;90
-72.628;0.00132965;90
-86.9658;0.00253155;90
-109.679;0.00183519;90
-97.1577;0.00217495;90
-62.9587;0.00129115;90
-83.3354;0.00177499;90
-69.2797;0.00191913;90
-90.7124;0.00305624;90
-87.873;0.00215549;90
-122.433;0.00136489;90
-68.5964;0.00133722;90
-88.9895;0.0013042;90
-83.9759;0.00258226;90
-117.218;0.00094234;90
-96.0586;0.0102704;90
-45.7768;0.00166893;90
-83.6445;0.00206871;90
-90;0.001313;90
-146.882;0.00288819;90
-118.012;0.000779295;90
-149.998;0.0034838;90
150.726;0.00387944;90
135.365;0.00122261;90
153.791;0.00194273;90
168.046;0.00273737;90
177.607;0.00158038;90
108.326;0.00598241;90
101.508;0.00199;90
102.033;0.001957;90
134.248;0.000753841;90
81.0575;0.0027727;90
74.4266;0.00224232;90
96.6589;0.022534;90
102.564;0.0117453;90
99.3995;0.00150014;90
100.369;0.00493357;90
104.588;0.00110771;90
101.369;0.00669639;90
102.153;0.00115898;90
98.9076;0.00256392;90
113.634;0.00152162;90
93.5262;0.000926755;90
-77.5298;0.0145185;90
-78.5884;0.0262061;90
59.6074;0.00884325;90
107.803;0.00326746;90
63.2613;0.000737906;90
-67.4335;0.0345428;90
-103.397;0.00326279;90
-37.6969;0.000762079;90
-43.8258;0.00131125;90
-74.8978;0.00499346;90
-57.5265;0.00566948;90
-81.453;0.00192437;90
-73.579;0.00637087;90
-66.7271;0.00101237;90
107.496;0.00266426;90
110.532;0.00332736;90
103.852;0.00347507;90
61.8434;0.00384842;90
-171.542;0.010667;90
156.489;0.00240898;90
148.456;0.00562167;90
174.663;0.00254805;90
-166.595;0.00431352;90
-103.936;0.00277364;90
-78.8858;0.00166523;90
-91.1458;0.00745149;90
-93.1393;0.00556936;90
-98.174;0.00147701;90
-98.8403;0.00166579;90
-105.812;0.0113661;90
-111.042;0.0119316;90
64.278;0.0639531;90
125.239;0.00546801;90
78.318;0.0023558;90
95.9418;0.00490736;90
53.754;0.00117547;90
107.708;0.00406354;90
72.3795;0.0014238;90
-20.6099;0.00261646;90
87.1206;0.00151291;90
84.6693;0.006243;90
82.165;0.00310297;90
79.2929;0.00201305;90
84.4797;0.00329528;90
87.1376;0.0014418;90
75.3207;0.00535892;90
61.6104;0.0007866;90
-42.6433;0.000980172;90
-107.901;0.0142467;90
-67.2057;0.00204686;90
-88.5539;0.00317001;90
-104.983;0.00255279;90
-116.035;0.00203223;90
143.107;0.0019506;90
-92.2259;0.0019825;90
-76.9934;0.00357677;90
-125.248;0.000918368;90
-111.669;0.00112662;90
-73.6272;0.00270677;90
-98.1235;0.00245564;90
-103.162;0.00279749;90
-89.3399;0.00130209;90
-7.01782;0.00132593;90
-89.2917;0.00218417;90
8.82521;0.00121235;90
26.3567;0.00122985;90
115.832;0.00688944;90
79.5425;0.00141043;90
94.2822;0.00920068;90
160.158;0.000657003;90
147.017;0.00849033;90
130.994;0.000900933;90
118.423;0.0079185;90
-62.7329;0.00627756;90
-46.0399;0.00261036;90
-49.05;0.000891058;90
-37.2218;0.000977018;90
-33.5045;0.00659237;90
-23.2115;0.000581031;90
-85.2823;0.00486348;90
-104.947;0.00138796;90
-92.2906;0.00820656;90
-120.28;0.000704052;90
-41.8048;0.00233425;90
-84.2391;0.000906579;90
11.0745;0.00171799;90
34.8206;0.000520133;90
86.3963;0.012139;90
81.2095;0.00127599;90
90.1668;0.00137401;90
93.762;0.00109736;90
107.494;0.00127077;90
130.508;0.00132707;90
94.568;0.00153187;90
71.2413;0.00100752;90
79.1891;0.00171137;90
91.9336;0.00171898;90
97.6404;0.00157196;90
81.0335;0.00195691;90
8.40717;0.000848114;90
29.3189;0.000884268;90
65.0914;0.000959227;90
79.6952;0.00117394;90
70.1367;0.00204252;90
-31.9466;0.000619887;90
31.9948;0.000571869;90
82.8863;0.0012597;90
21.49;0.00112737;90
-52.3038;0.00106791;90
-48.2349;0.00126562;90
22.0055;0.000781968;90
61.5779;0.000703837;90
-73.9234;0.00185973;90
-21.442;0.0013322;90
83.2189;0.00258307;90
-131.137;0.000881644;90
-175.566;0.00175926;90
-148.283;0.000547814;90
140.321;0.00284422;90
-123.35;0.00467121;90
-108.793;0.00334006;90
-94.3469;0.0388417;90
-34.3178;0.000835429;90
-56.4379;0.00136568;90
-53.6765;0.00163587;90
-42.7852;0.0014089;90
-67.44;0.00147269;90
-32.3327;0.000983482;90
20.846;0.000902048;90
-86.6799;0.00145043;90
-89.8628;0.001671;90
-86.5561;0.00178122;90
-43.8264;0.00110473;90
-77.5179;0.00199413;90
-71.4367;0.00254121;90
-63.0066;0.00197406;90
-34.9723;0.000954323;90
-52.6719;0.000900429;90
-30.7341;0.000941192;90
-21.29;0.000977725;90
-26.7293;0.000936022;90
-64.9201;0.00148391;90
-42.2449;0.0012063;90
-53.9665;0.00206882;90
-50.7123;0.00233728;90
-66.7761;0.00178025;90
-53.0861;0.0010406;90
-53.5394;0.00232386;90
-45.789;0.00133514;90
-60.0024;0.0014341;90
-63.2357;0.00141455;90
-70.5349;0.00189957;90
-71.6604;0.00170985;90
-34.4363;0.00204424;90
4.41171;0.00202801;90
-50.0618;0.00110599;90
-4.2251;0.000936545;90
-23.8151;0.000671146;90
-34.944;0.000684387;90
-9.92943;0.000887291;90
-36.859;0.0010536;90
-27.1358;0.000942773;90
-10.89;0.000963348;90
-45.4982;0.00154509;90
-68.8237;0.00183812;90
-83.4676;0.00194261;90
-85.963;0.002017;90
-85.4657;0.00207449;90
-74.3274;0.00196194;90
-50.8927;0.00123975;90
-52.6529;0.00105664;90
-49.7795;0.00233379;90
-26.0046;0.00100583;90
64.7955;0.0027498;90
70.4499;0.00129994;90
77.2808;0.00140344;90
68.1773;0.00149838;90
92.0359;0.00171708;90
30.8466;0.000754767;90
57.8388;0.00187112;90
56.4017;0.00242515;90
69.4973;0.00326908;90
47.3385;0.00067585;90
92.1605;0.00193638;90
87.1421;0.00252714;90
48.4591;0.000668019;90
63.0121;0.00254516;90
108.195;0.00286948;90
88.4482;0.00339725;90
96.4331;0.0025883;90
103.534;0.00495665;90
103.336;0.00299578;90
123.211;0.000730288;90
100.767;0.00150957;90
92.2669;0.0043484;90
93.7807;0.00388245;90
92.7396;0.00102517;90
94.4504;0.00127585;90
105.219;0.00399614;90
100.933;0.00155014;90
102.868;0.00190382;90
102.095;0.00167519;90
112.947;0.00167233;90
118.516;0.00158987;90
114.604;0.00263966;90
-174.149;0.000892651;90
169.22;0.00137934;90
144.002;0.0008677;90
126.361;0.00103564;90
137.341;0.000969545;90
121.136;0.00119518;90
172.9;0.000849514;90
143.666;0.00107005;90
176.667;0.000894513;90
167.883;0.00105756;90
176.315;0.000886834;90
-150.542;0.000744218;90
-171.936;0.000613062;90
-155.513;0.000665892;90
-125.869;0.000904538;90
-133.736;0.000801347;90
-116.679;0.00112922;90
-141.851;0.000770592;90
-117.96;0.00123065;90
-120.415;0.00236439;90
-128.118;0.00115667;90
-130.846;0.00185466;90
-136.673;0.000629594;90
-126.441;0.00336369;90
-145.512;0.0024301;90
172.426;0.00131245;90
-171.87;0.000940452;90
127.355;0.00127565;90
164.244;0.000622384;90
-174.648;0.00095416;90
157.247;0.000827387;90
148.496;0.000836264;90
149.934;0.000864288;90
-133.636;0.00276345;90
-109.633;0.00108933;90
125.07;0.0012096;90
-112.317;0.00109286;90
-95.1831;0.00182647;90
-106.374;0.00168848;90
-108.881;0.00182943;90
-118.969;0.00150307;90
-156.878;0.00108735;90
121.749;0.00151465;90
124.584;0.00124379;90
126.817;0.0008644;90
137.562;0.00107588;90
124.966;0.00107139;90
125.24;0.0012305;90
147.083;0.00187145;90
134.576;0.000668234;90
82.3305;0.00242772;90
70.3125;0.00228561;90
66.6387;0.00166445;90
90.1047;0.002189;90
89.1084;0.00173521;90
57.2953;0.000677389;90
29.866;0.000528141;90
32.6375;0.000634129;90
162.782;0.00418559;90
79.1319;0.00584993;90
80.1545;0.00145036;90
109.407;0.00242265;90
84.6434;0.00470254;90
125.313;0.00121445;90
144.578;0.00506562;90
160.362;0.000752788;90
157.391;0.00202892;90
118.196;0.000816943;90
126.212;0.00318901;90
113.786;0.00365222;90
109.143;0.00204615;90
153.803;0.00055724;90
-46.4189;0.0178189;90
-88.1524;0.00967703;90
-95.3779;0.00113098;90
-83.7869;0.00602439;90
13.1053;0.0021346;90
109.276;0.00822724;90
93.4542;0.00222404;90
88.5166;0.00621908;90
146.466;0.000715011;90
134.919;0.000998436;90
146.249;0.0102217;90
114.974;0.00652512;90
-55.7877;0.00897625;90
-48.0865;0.00202243;90
-33.9608;0.00275855;90
-28.1985;0.0037966;90
88.7278;0.00153138;90
90.5597;0.00501624;90
115.877;0.000744664;90
87.7168;0.00278621;90
170.308;0.0041756;90
-169.049;0.000594832;90
-16.0943;0.00153309;90
-5.30145;0.00334431;90
-102.095;0.00114543;90
-86.8117;0.00677849;90
-67.7637;0.00132126;90
-78.7396;0.00294978;90
-84.1279;0.00127067;90
-118.116;0.00203288;90
-90.8207;0.00607362;90
-94.4113;0.00139112;90
-111.567;0.00227423;90
-116.161;0.00513056;90
-107.801;0.000886441;90
-61.1319;0.00131319;90
40.2441;0.00607233;90
40.3054;0.00136505;90
-105.046;0.0093609;90
-24.7067;0.00169628;90
-47.4737;0.00199873;90
-109.452;0.00472044;90
-126.152;0.00343427;90
171.501;0.00228711;90
150.82;0.00453902;90
152.039;0.001028;90
158.778;0.0027709;90
-171.86;0.00320631;90
-161.857;0.00254029;90
134.248;0.000700803;90
119.844;0.0010791;90
110.624;0.00238483;90
154.204;0.00480038;90
173.087;0.000772618;90
112.334;0.0022368;90
82.3711;0.00143873;90
43.9419;0.000804118;90
0.235784;0.00145801;90
93.8392;0.0030318;90
80.019;0.00257903;90
76.2025;0.00145498;90
121.423;0.00201209;90
116.578;0.00196908;90
105.477;0.00477413;90
-79.3379;0.0139987;90
-94.1063;0.00138255;90
-123.127;0.000817945;90
175.901;0.00151086;90
-95.7147;0.00420791;90
20.4688;0.00392053;90
-22.3075;0.00107225;90
-35.3888;0.00143148;90
-71.7218;0.00369861;90
-60.2729;0.00119991;90
-4.66235;0.00206684;90
17.73;0.00326403;90
-10.3741;0.000888525;90
-11.4864;0.00140106;90
-23.9796;0.00237936;90
-31.2678;0.00255279;90
-33.985;0.00183192;90
-22.8201;0.00123247;90
22.3197;0.00180633;90
46.6394;0.00242213;90
36.4465;0.00203006;90
78.5832;0.00231378;90
112.843;0.00156363;90
144.693;0.00141533;90
141.296;0.00240523;90
-111.033;0.00101139;90
-14.8747;0.00266842;90
140.607;0.00136773;90
86.5416;0.00442606;90
83.8355;0.00298929;90
91.7387;0.00115353;90
-103.79;0.00828994;90
43.7106;0.000659898;90
71.5815;0.00329794;90
83.5342;0.00463548;90
28.1847;0.00147147;90
-144.776;0.0016991;90
-88.3007;0.00219196;90
-95.8863;0.00178441;90
-109.012;0.00295308;90
-85.8498;0.00132648;90
-36.9377;0.0018604;90
-64.9212;0.00368986;90
-91.2805;0.00102926;90
-140.578;0.00530366;90
-162.752;0.000870129;90
-176.238;0.0010212;90
147.209;0.00258134;90
153.384;0.00303792;90
157.128;0.00320065;90
-176.131;0.00213386;90
-158.887;0.00224039;90
178.399;0.00168266;90
171.237;0.00052513;90
-91.4684;0.00374623;90
-88.4508;0.00310714;90
-89.7069;0.00312804;90
-96.4727;0.00162335;90
-89.824;0.00358002;90
-99.0579;0.00426215;90
-98.3115;0.007236;90
-94.5476;0.00138737;90
-93.4399;0.00164997;90
-91.9368;0.00801858;90
-97.9368;0.00138325;90
-84.065;0.00409093;90
-96.5522;0.0102973;90
-83.0639;0.00575512;90
-92.9704;0.0143573;90
-100.388;0.0040209;90
-98.9038;0.0113842;90
-91.2764;0.00224456;90
-103.164;0.0101518;90
-112.816;0.00220232;90
-128.509;0.00326514;90
-121.138;0.0143049;90
-96.8678;0.0129872;90
-107.691;0.00370207;90
-104.065;0.00583905;90
-100.229;0.00584491;90
-115.086;0.00954538;90
-104.138;0.00164173;90
-105.834;0.00297592;90
-131.411;0.00824689;90
-126.454;0.000937425;90
-129.064;0.00110761;90
-106.198;0.00482868;90
-105.048;0.0131499;90
-111.063;0.00197281;90
-133.079;0.00282719;90
-125.135;0.00556735;90
-135.031;0.0102926;90
-119.492;0.00120861;90
-106.697;0.00223106;90
-89.4025;0.0113156;90
-74.0339;0.00227579;90
-74.354;0.00352252;90
-93.3155;0.0116194;90
-92.4934;0.00262048;90
-85.9651;0.00498836;90
-98.2421;0.00744995;90
-132.46;0.000973228;90
163.628;0.00560529;90
-166.329;0.0012566;90
-115.608;0.00862303;90
-92.0079;0.00239747;90
-100.656;0.00484556;90
-99.1886;0.0130444;90
-94.1209;0.00335367;90
-100.882;0.00270667;90
-124.414;0.0046765;90
-155.836;0.00069379;90
-141.897;0.00123649;90
-88.7464;0.0101014;90
-85.6403;0.0078798;90
-76.6474;0.00591489;90
-79.4997;0.00259546;90
-73.3597;0.0117334;90
-71.3257;0.00257348;90
-75.655;0.00414111;90
-61.0986;0.00875433;90
-23.3805;0.000909696;90
-29.1544;0.00167295;90
-55.8831;0.00748284;90
-69.1304;0.00117616;90
-77.438;0.00224371;90
-77.6081;0.010988;90
-82.0643;0.00220916;90
-80.4758;0.00760888;90
-83.6013;0.00194713;90
-91.2851;0.0113699;90
-90.3539;0.00194304;90
-97.5728;0.00312627;90
-96.0519;0.0127289;90
-82.3593;0.00254964;90
-85.6787;0.0107897;90
-91.7581;0.00162977;90
-92.4561;0.00863393;90
-96.7819;0.00306545;90
-93.8645;0.0110391;90
-91.4048;0.00403821;90
-87.1365;0.0132716;90
-80.1874;0.00161361;90
-78.2736;0.00240111;90
-73.3237;0.0103044;90
-73.2568;0.00174602;90
-72.7887;0.00756684;90
-69.3757;0.00147343;90
-69.3223;0.00214947;90
-68.8292;0.00435278;90
-104.288;0.00442074;90
-105.367;0.00148302;90
-107.125;0.00284932;90
-108.211;0.00629741;90
-109.462;0.000882417;90
-104.785;0.00330337;90
-98.9666;0.0151997;90
-94.8019;0.0027356;90
-102.214;0.00375295;90
-99.1587;0.0125338;90
-107.01;0.00203397;90
-106.264;0.0117794;90
-104.666;0.00251597;90
-111.966;0.00394864;90
-126.74;0.00548321;90
-116.515;0.0118181;90
-110.374;0.00228068;90
-108.98;0.00358808;90
-97.8749;0.01378;90
-105.429;0.00219511;90
-112.031;0.00351895;90
-111.793;0.0132338;90
-109.594;0.00287763;90
-105.265;0.00417427;90
-99.5534;0.00641091;90
-97.6729;0.011946;90
-104.919;0.00174792;90
-114.234;0.00413433;90
-118;0.00855654;90
-120.798;0.00100584;90
-119.197;0.00250301;90
-118.727;0.00669732;90
-121.155;0.000871732;90
-117.064;0.00195171;90
-118.334;0.00278121;90
-105.332;0.00471998;90
-95.7341;0.0104191;90
-103.419;0.00152976;90
-111.864;0.00339953;90
-126.3;0.00697955;90
-124.453;0.00256128;90
-104.792;0.00496247;90
-91.5271;0.00198871;90
-73.49;0.00980005;90
-78.7932;0.00315924;90
-76.4387;0.0145425;90
-78.2555;0.00245643;90
-72.85;0.0136227;90
-84.4477;0.00504366;90
-74.3335;0.0130093;90
-83.6803;0.00339765;90
-103.295;0.0126541;90
-106.184;0.00220644;90
-102.893;0.00235743;90
-87.6888;0.0112582;90
-78.7191;0.00193233;90
-84.4128;0.00332781;90
-83.6073;0.0097627;90
-83.8828;0.00121995;90
-83.8782;0.00292568;90
-85.8017;0.00616053;90
-90.43;0.00106603;90
-102.111;0.00171108;90
-95.2588;0.00523704;90
-93.794;0.00132991;90
-103.879;0.00766682;90
-118.423;0.00139291;90
-119.403;0.00295344;90
-138.8;0.00735098;90
159.474;0.00225304;90
-176.49;0.00326713;90
-137.183;0.00788926;90
-149.767;0.0040892;90
-153.217;0.0079779;90
-151.855;0.00149247;90
-163.462;0.00281755;90
-143.974;0.0073484;90
-130.586;0.00197515;90
-123.248;0.00323566;90
-101.127;0.0240165;90
-92.0431;0.00269271;90
-89.4908;0.0115905;90
-77.2703;0.00201042;90
-77.2882;0.00417637;90
-83.0894;0.0110039;90
-81.8896;0.00205556;90
-79.7877;0.0036549;90
-73.5469;0.0100766;90
-78.3664;0.00232578;90
-85.5862;0.00406706;90
-88.534;0.00582391;90
-95.2605;0.0109069;90
-89.1466;0.00255128;90
-82.5245;0.0102612;90
-75.4534;0.00168811;90
-76.6368;0.00879616;90
-87.4245;0.00211414;90
-87.818;0.00491156;90
-86.2136;0.00785916;90
-92.4845;0.0188237;90
-102.939;0.00398826;90
-110.564;0.0159087;90
-99.5973;0.00286104;90
-102.637;0.0128165;90
-99.8725;0.00146976;90
-151.072;0.00761403;90
-126.457;0.00169464;90
-120.688;0.00363273;90
-109.683;0.0101925;90
-92.9173;0.00255431;90
-94.7605;0.00602478;90
-95.2483;0.0146384;90
-92.2769;0.00266811;90
-87.3458;0.0124383;90
-75.1346;0.00184371;90
-53.9704;0.0018548;90
-73.7542;0.0117387;90
-36.8505;0.0011822;90
-64.0312;0.00189092;90
-85.0053;0.00477814;90
-45.6952;0.00477898;90
6.79626;0.000929532;90
16.5692;0.00341897;90
-22.0764;0.00135429;90
-51.4586;0.00370258;90
-57.5727;0.00440483;90
-53.1046;0.0085466;90
-37.614;0.00138612;90
-28.9672;0.00210196;90
-23.6868;0.00702699;90
-31.7053;0.00149748;90
-38.5489;0.00225937;90
-46.246;0.0105356;90
-43.1714;0.00206085;90
-45.9187;0.0020728;90
-47.6604;0.0101155;90
-46.8677;0.00195265;90
-38.1111;0.0030007;90
12.5457;0.00882061;90
-28.2775;0.0023346;90
-45.4648;0.00976264;90
-30.7736;0.00129191;90
-18.355;0.00135915;90
-64.1387;0.0111418;90
-47.4498;0.00150539;90
-48.394;0.00259185;90
-62.7414;0.0130413;90
-67.3026;0.00289739;90
-71.4072;0.00390163;90
-75.1647;0.0135135;90
-78.8478;0.00256442;90
-86.3703;0.0125893;90
-89.2764;0.00269221;90
-82.3209;0.00362955;90
-77.3501;0.0145256;90
-77.0144;0.00142853;90
-78.5467;0.0018029;90
-78.5975;0.0104401;90
-79.8598;0.00220951;90
-77.5281;0.00425542;90
-84.0612;0.0146426;90
-104.977;0.00225977;90
-108.663;0.00364677;90
-103.481;0.0115688;90
-91.4342;0.00199763;90
-104.429;0.00679431;90
-141.44;0.00125455;90
-167.445;0.00189532;90
176.011;0.00429841;90
148.378;0.00102992;90
165.666;0.00172469;90
179.551;0.00446714;90
163.282;0.000876028;90
155.657;0.00178796;90
162.738;0.00299594;90
-154.057;0.00721174;90
-105.67;0.00248433;90
-91.5754;0.0122216;90
-84.4837;0.00146679;90
-74.6944;0.00199268;90
-98.7765;0.00862499;90
-133.598;0.00153134;90
-118.423;0.00623565;90
-93.4007;0.00166894;90
-94.9412;0.00217107;90
-127.299;0.00638978;90
-173.115;0.00053385;90
-117.18;0.00295759;90
-94.559;0.0113228;90
-63.8695;0.00182781;90
-76.0021;0.00689165;90
-85.9197;0.00154592;90
-106.098;0.00449734;90
-115.414;0.0028708;90
-107.837;0.00272919;90
-94.2695;0.00517135;90
-55.8807;0.00285068;90
-28.3037;0.00131183;90
-47.4896;0.00068371;90
-62.2176;0.00246291;90
-91.2667;0.00221654;90
114.449;0.0260026;90
-65.6411;0.0158346;90
95.751;0.000987973;90
96.3902;0.00164422;90
-160.355;0.0039531;90
-38.6797;0.0103542;90
-34.8208;0.000548151;90
-88.2754;0.00328949;90
126.914;0.006465;90
157.647;0.00079147;90
92.8493;0.00261523;90
92.2873;0.00278122;90
71.6968;0.00522536;90
67.2156;0.00107162;90
91.6135;0.00241496;90
177.756;0.00326851;90
163.292;0.00444882;90
134.975;0.00162422;90
100.242;0.00229456;90
-25.282;0.00848801;90
-60.4245;0.00344024;90
80.4297;0.00837253;90
101.787;0.00226169;90
94.4335;0.0151483;90
70.9887;0.0016976;90
53.0379;0.0017396;90
66.9761;0.0147271;90
34.7426;0.00137395;90
84.0248;0.0179928;90
88.4302;0.00193473;90
50.4306;0.013882;90
-20.8642;0.00367819;90
-24.6185;0.00258057;90
-3.62957;0.00214831;90
15.0295;0.00229449;90
-31.0153;0.00228814;90
-1.29489;0.00221257;90
5.57563;0.00202759;90
26.1871;0.0024405;90
69.5801;0.00398971;90
84.8056;0.00522446;90
81.1658;0.00559335;90
74.0636;0.00522272;90
70.5348;0.00455536;90
81.3665;0.00355731;90
92.4997;0.00541115;90
99.5888;0.00618339;90
101.556;0.00602004;90
101.786;0.00617826;90
101.335;0.00493016;90
111.236;0.00246541;90
168.009;0.00193012;90
112.795;0.00242109;90
-106.284;0.00272116;90
-116.755;0.00364526;90
-116.299;0.00337426;90
-135.89;0.00273118;90
-157.73;0.00231681;90
-104.931;0.00349294;90
62.0366;0.00580925;90
52.492;0.00876374;90
60.3113;0.00126391;90
76.2475;0.00190975;90
-40.1307;0.00471503;90
-81.067;0.0142711;90
-82.9545;0.0174226;90
95.8193;0.0141137;90
-86.8017;0.0170275;90
-107.149;0.0110084;90
-96.1526;0.00499175;90
-113.959;0.00940211;90
-149.32;0.000691834;90
173.95;0.00443068;90
-164.249;0.000729389;90
171.744;0.00238168;90
-164.794;0.00192541;90
155.728;0.00921014;90
151.198;0.00083648;90
-119.84;0.0118974;90
-91.601;0.00193275;90
-84.4467;0.00942423;90
-73.3427;0.00156988;90
-82.154;0.00159695;90
-117.213;0.00873375;90
-118.161;0.00501118;90
-90.4717;0.00425114;90
-114.498;0.00406603;90
-150.27;0.00327278;90
-112.077;0.00466936;90
-98.1415;0.00497817;90
-81.9626;0.00472037;90
-66.5262;0.00415485;90
-79.8032;0.00427045;90
-90.5982;0.00335218;90
-116.618;0.00383888;90
-117.871;0.00276584;90
-108.593;0.00195082;90
-97.9847;0.00217408;90
-94.5124;0.000965994;90
-84.2774;0.00237685;90
-74.7119;0.00167632;90
-35.858;0.00139302;90
-23.0492;0.00105741;90
-25.4718;0.00145326;90
-34.9303;0.00114045;90
-91.644;0.00198682;90
125.945;0.00515327;90
165.834;0.00160583;90
92.6429;0.00264581;90
92.324;0.00254009;90
119.276;0.000803648;90
-126.244;0.00126348;90
-177.614;0.000672583;90
-30.0084;0.00199549;90
-88.5593;0.00198863;90
75.9381;0.00108244;90
-27.6683;0.00248518;90
-37.8559;0.00263819;90
-104.886;0.00145586;90
-76.9854;0.00193162;90
-90.5678;0.00232111;90
28.1528;0.00125894;90
80.2599;0.0914117;90
-16.2731;0.00213764;90
-6.17279;0.00706798;90
-6.81872;0.0012297;90
-31.5759;0.0017818;90
3.14364;0.00570759;90
31.5453;0.00126727;90
80.2499;0.0113256;90
74.7935;0.0082768;90
73.7103;0.00637804;90
89.0867;0.00671285;90
99.2311;0.00708779;90
101.42;0.0139492;90
-78.6044;0.00708568;90
101.348;0.0125432;90
101.737;0.0065234;90
104.363;0.00676855;90
98.6105;0.00738726;90
91.4413;0.00775245;90
94.187;0.00740978;90
104.812;0.0168478;90
112.37;0.00651637;90
-71.4012;0.0184675;90
104.776;0.00497967;90
112.02;0.0196968;90
116.945;0.00600263;90
131.382;0.00498585;90
113.69;0.00570692;90
121.515;0.0044;90
152.474;0.00320026;90
129.129;0.00385059;90
130.733;0.00385877;90
152.805;0.00329303;90
156.287;0.00361304;90
-149.746;0.00365594;90
-161.215;0.00331666;90
137.008;0.00448015;90
131.745;0.00450871;90
128.737;0.00441394;90
135.963;0.00403815;90
140.973;0.0038051;90
140.866;0.00394368;90
124.959;0.00440845;90
143.501;0.00361128;90
142.455;0.00353145;90
170.498;0.00307114;90
152.418;0.003326;90
130.836;0.00462608;90
123.595;0.00468806;90
122.943;0.00453284;90
131.398;0.00368069;90
-169.575;0.00276871;90
-175.036;0.00268106;90
161.7;0.00215288;90
109.62;0.00348747;90
94.8316;0.00476092;90
127.836;0.00346429;90
107.779;0.0043949;90
95.9929;0.00464539;90
121.867;0.00413294;90
99.3815;0.00594451;90
91.0018;0.0052048;90
87.1978;0.00546153;90
84.2837;0.00597371;90
84.7904;0.00616748;90
85.209;0.00626188;90
87.5659;0.00718148;90
76.7657;0.00525044;90
46.0311;0.00365421;90
57.1152;0.00485494;90
26.4049;0.00335948;90
35.5325;0.00383024;90
71.4006;0.00617026;90
79.4684;0.00711791;90
74.7511;0.00644076;90
69.3566;0.00622039;90
70.3264;0.00643674;90
75.9447;0.00656762;90
84.2365;0.0072195;90
92.3361;0.00704085;90
92.2143;0.00698822;90
92.8456;0.00715082;90
96.6661;0.00696912;90
107.144;0.00626227;90
102.298;0.00648378;90
90.6631;0.00725849;90
85.0771;0.00684023;90
85.4161;0.00664425;90
93.5158;0.00684889;90
103.496;0.00630718;90
107.963;0.00583966;90
100.563;0.00684602;90
94.7915;0.00699143;90
101.145;0.0068084;90
98.9385;0.00672568;90
90.0671;0.006833;90
83.047;0.00652599;90
83.793;0.00740843;90
80.6484;0.00680646;90
70.6913;0.00624211;90
60.1105;0.00515924;90
45.7247;0.00413691;90
28.5525;0.00331406;90
21.1562;0.00720674;90
28.3771;0.00427124;90
27.6728;0.0044184;90
-152.589;0.0127877;90
27.8129;0.0170451;90
52.7952;0.00492668;90
6.24084;0.00331163;90
-14.5356;0.0036178;90
29.3878;0.00280609;90
63.5692;0.0041989;90
59.0471;0.00361245;90
69.2344;0.00387257;90
79.5956;0.00411974;90
82.8458;0.00340451;90
83.9283;0.0049729;90
91.9966;0.00318593;90
93.6282;0.00385573;90
96.7698;0.00508143;90
96.2947;0.00514401;90
95.8391;0.00656607;90
96.3103;0.00697828;90
91.4768;0.00679026;90
76.2034;0.0064954;90
72.747;0.00639264;90
83.9892;0.00658923;90
108.842;0.00601322;90
106.809;0.00646314;90
102.603;0.0140751;90
103.038;0.0132711;90
-74.9417;0.0202193;90
106.596;0.0134096;90
104.4;0.0134227;90
100.454;0.00678971;90
111.899;0.00535973;90
96.7065;0.0060796;90
76.1518;0.0056904;90
54.4847;0.00475453;90
53.571;0.00462594;90
73.3575;0.005419;90
83.3383;0.00549107;90
83.1193;0.00503325;90
72.9962;0.00434285;90
61.06;0.00242822;90
61.164;0.00348743;90
61.0935;0.00390788;90
60.8558;0.00372683;90
61.3661;0.00390225;90
69.7566;0.0172857;90
83.4218;0.00752454;90
-103.295;0.0201377;90
65.4246;0.00598957;90
80.7732;0.0213168;90
72.4588;0.00626429;90
66.6984;0.00584472;90
68.2512;0.00626926;90
69.538;0.00613296;90
82.2986;0.0069174;90
83.7212;0.00680281;90
68.5992;0.00584286;90
64.0061;0.00583196;90
63.577;0.00577086;90
54.1833;0.0052991;90
68.4747;0.00589515;90
74.3109;0.00660093;90
74.0546;0.0064429;90
76.6308;0.00650015;90
81.6958;0.00707619;90
81.6789;0.00704113;90
81.1476;0.00733639;90
81.1506;0.00679286;90
76.8868;0.00474267;90
73.7234;0.00223352;90
69.2183;0.00353713;90
72.6322;0.00422775;90
76.0227;0.00282772;90
72.3421;0.00254176;90
106.599;0.00305949;90
111.821;0.00441212;90
109.283;0.00455133;90
105.938;0.00548797;90
106.374;0.00592741;90
105.294;0.00604302;90
96.9537;0.0072191;90
92.1432;0.00641749;90
90.8111;0.00621662;90
86.4481;0.00511683;90
85.6508;0.00487905;90
84.6609;0.00512624;90
87.7495;0.00524605;90
87.4554;0.00592384;90
92.9931;0.00643478;90
97.9095;0.00664926;90
85.3349;0.00646743;90
80.6927;0.0060162;90
87.085;0.00674473;90
88.219;0.0066282;90
94.0309;0.00678579;90
100.82;0.00607296;90
99.8416;0.006184;90
104.064;0.00549368;90
108.064;0.00449243;90
119.738;0.00412068;90
141.636;0.00320629;90
137.345;0.00359511;90
118.256;0.0039712;90
112.582;0.00519531;90
104.233;0.00614565;90
107.712;0.00559104;90
105.162;0.00601022;90
102.358;0.00586387;90
93.1016;0.00698623;90
92.6294;0.00638672;90
95.4001;0.00547229;90
34.9678;0.00194027;90
49.5403;0.0041269;90
83.0896;0.0141709;90
77.1738;0.00775244;90
-99.3833;0.0151375;90
80.9101;0.0224074;90
60.7488;0.00498117;90
27.1819;0.00361414;90
-29.8847;0.00366077;90
51.3586;0.00437989;90
93.1904;0.00691772;90
85.6282;0.00620505;90
84.488;0.00651713;90
96.0794;0.00630747;90
107.799;0.00590149;90
94.2938;0.00611717;90
75.6248;0.00569944;90
39.0977;0.00363755;90
45.4317;0.00459845;90
56.1817;0.00520338;90
53.2203;0.00495541;90
63.625;0.00593366;90
73.6567;0.00664553;90
78.1971;0.0059498;90
70.3584;0.00408467;90
36.4908;0.00259966;90
45.5924;0.00328257;90
58.9477;0.00410414;90
71.9189;0.00430141;90
73.3168;0.00308276;90
55.5239;0.00272938;90
67.7571;0.00356638;90
80.1117;0.00446635;90
80.0799;0.00460891;90
76.6675;0.0047788;90
64.7341;0.00400404;90
85.1046;0.00527324;90
87.3765;0.00609539;90
78.6082;0.00507804;90
46.4143;0.00403952;90
42.7847;0.00404272;90
56.2297;0.00455687;90
70.3307;0.00547549;90
77.5602;0.00621593;90
86.746;0.00604274;90
78.0191;0.0056603;90
79.5712;0.00632549;90
80.5631;0.00592823;90
90.6231;0.00597735;90
97.3275;0.00501798;90
92.7879;0.00518113;90
83.2063;0.00519044;90
86.342;0.00507835;90
92.0318;0.00600778;90
85.9023;0.00538777;90
82.6376;0.00529869;90
79.8292;0.0058103;90
86.0742;0.00528741;90
87.5356;0.00434902;90
91.7742;0.00490935;90
90.562;0.00387419;90
55.3101;0.000683495;90
-23.19;0.00174716;90
22.8466;0.00301341;90
-5.65681;0.00307397;90
-29.196;0.000984013;90
-30.2508;0.00293577;90
-27.9166;0.00261648;90
-22.1023;0.00162653;90
30.027;0.0026958;90
43.8143;0.00280216;90
38.8166;0.00131296;90
102.461;0.00357317;90
144.498;0.00170128;90
140.504;0.00168076;90
72.2799;0.00230643;90
77.4214;0.00311783;90
88.2549;0.00239711;90
50.0507;0.000867453;90
19.0798;0.000758678;90
142.804;0.00470768;90
74.1148;0.00130795;90
77.3155;0.00203568;90
86.4515;0.0064143;90
73.2509;0.00132209;90
92.6046;0.0012543;90
139.727;0.00592024;90
158.893;0.00489009;90
108.274;0.00203146;90
117.559;0.00747854;90
-56.4806;0.00921555;90
-102.442;0.00313769;90
-99.93;0.00408825;90
-102.157;0.00262589;90
-105.304;0.00471314;90
-100.466;0.000985394;90
-104.604;0.00166582;90
-52.5661;0.00394179;90
-111.902;0.00190338;90
-99.211;0.00104953;90
-109.303;0.00231727;90
79.2065;0.00731033;90
131.951;0.00233959;90
92.6928;0.00227751;90
58.6354;0.000710879;90
76.5034;0.00509881;90
78.4195;0.00406985;90
81.1565;0.00228314;90
112.609;0.00446623;90
118.063;0.00140294;90
108.961;0.00265295;90
110.169;0.00226808;90
-62.0884;0.00896374;90
-27.7458;0.000629363;90
-44.1963;0.00211729;90
-32.8124;0.00499733;90
-27.5902;0.000649905;90
3.55173;0.000581116;90
-67.4148;0.00203615;90
-92.5379;0.00257453;90
-100.498;0.00249171;90
-83.3141;0.00307491;90
-103.572;0.00544607;90
1.34645;0.00140439;90
-82.5476;0.00164994;90
-45.1477;0.00109743;90
27.9975;0.00166371;90
155.753;0.00402508;90
77.6609;0.00298086;90
90.4109;0.00683318;90
89.5235;0.00456916;90
134.801;0.00204072;90
151.16;0.00449446;90
146.798;0.00240693;90
125.153;0.00093442;90
125.026;0.00334353;90
114.424;0.00141239;90
111.624;0.00299045;90
118.788;0.00131446;90
-65.6235;0.0110435;90
-98.8928;0.0056732;90
-95.8058;0.00101822;90
-104.736;0.00270084;90
-107.081;0.00212786;90
-106.441;0.00365338;90
-50.259;0.00363356;90
-97.4237;0.00159436;90
-108.254;0.00230183;90
-111.57;0.00142262;90
-104.593;0.00157171;90
140.039;0.000756701;90
141.306;0.00105573;90
-13.506;0.00172984;90
78.6901;0.00107079;90
64.9776;0.00126249;90
4.38104;0.000497454;90
-45.2244;0.0010833;90
26.8016;0.000649807;90
76.4981;0.00109219;90
-50.5133;0.00236987;90
-49.2231;0.00123868;90
-10.5231;0.0013853;90
-56.5277;0.00211592;90
-40.8638;0.00262738;90
-43.4629;0.00197707;90
-67.7622;0.0066323;90
-139.969;0.00714387;90
-77.2472;0.0115427;90
-91.404;0.00453036;90
-91.9256;0.00488076;90
-98.9718;0.00723957;90
-78.0661;0.00156686;90
-54.6974;0.00204016;90
-66.1573;0.00830474;90
-61.8961;0.00268112;90
-69.2557;0.00694526;90
-50.7377;0.00118824;90
-64.2185;0.00641006;90
-68.6424;0.00390733;90
-96.9015;0.00123998;90
-81.815;0.00118002;90
-79.3456;0.00121698;90
-78.3017;0.00086803;90
-85.0553;0.00168226;90
-66.3905;0.000988763;90
-70.3749;0.00147679;90
-82.2338;0.00242726;90
-84.6285;0.0010255;90
-83.5905;0.00283069;90
-34.2455;0.0005722;90
-51.462;0.000955005;90
-57.5097;0.00137762;90
-64.684;0.000902692;90
-70.7769;0.00282766;90
-56.6182;0.00128859;90
-57.6119;0.00174554;90
-39.8632;0.00101879;90
-121.311;0.00132965;90
-103.826;0.00184959;90
-88.5539;0.00194162;90
-75.1923;0.000954707;90
-85.6575;0.00101692;90
-86.954;0.000997409;90
-93.7424;0.00170063;90
-82.6093;0.00157811;90
-80.3709;0.00163808;90
-74.6657;0.00177727;90
-67.9605;0.00156431;90
-18.5364;0.000893345;90
-23.1293;0.00119397;90
-62.4273;0.000890093;90
-58.1942;0.00225219;90
-27.5528;0.000752325;90
-87.982;0.00119274;90
-76.1705;0.00100823;90
-74.0155;0.00181206;90
-59.8779;0.000828942;90
-96.3736;0.00113502;90
-82.4945;0.000934002;90
-99.5342;0.0013101;90
-104.282;0.00197814;90
-100.944;0.00245464;90
96.2387;0.00280662;90
99.3356;0.00133772;90
106.074;0.00336246;90
108.561;0.000863936;90
136.845;0.00085675;90
143.352;0.00227342;90
117.81;0.0012346;90
149.728;0.00105136;90
112.128;0.00163006;90
126.251;0.000999458;90
-171.785;0.000762828;90
150.949;0.00139214;90
165.717;0.000843062;90
-133.661;0.00139197;90
171.607;0.000863245;90
165.783;0.000846939;90
-179.099;0.000572071;90
139.729;0.00304456;90
58.0204;0.000706171;90
88.9212;0.00100918;90
101.665;0.000885285;90
68.0645;0.00174536;90
81.6245;0.00138679;90
78.1171;0.00101985;90
75.4397;0.00095466;90
84.6928;0.003265;90
101.238;0.000939005;90
107.385;0.000896973;90
96.9147;0.000980129;90
113.979;0.00105068;90
104.148;0.00174699;90
134.79;0.000963793;90
166.182;0.00101744;90
89.1614;0.00129814;90
40.9634;0.000823701;90
33.3626;0.000921927;90
60.1534;0.00125784;90
86.6783;0.00421107;90
70.0169;0.00314856;90
80.1439;0.00354025;90
85.9057;0.00282922;90
101.28;0.00112983;90
87.2073;0.00110832;90
107.096;0.00128582;90
86.3992;0.00175146;90
87.4821;0.00184378;90
113.403;0.00102971;90
137.913;0.000723598;90
123.666;0.0013421;90
113.261;0.0316267;90
73.319;0.00932961;90
98.0608;0.00151901;90
94.273;0.00901907;90
98.6912;0.00277284;90
110.286;0.0020363;90
127.349;0.00239008;90
36.4478;0.00570115;90
13.0043;0.000888795;90
95.6634;0.00483359;90
108.456;0.0042169;90
69.3404;0.00136049;90
90.6513;0.00263917;90
56.8563;0.00238504;90
156.499;0.00430074;90
77.4493;0.00568792;90
83.4283;0.00150287;90
90.7162;0.00400031;90
79.5611;0.0021028;90
129.718;0.00168228;90
140.419;0.00261312;90
148.183;0.00261376;90
144.735;0.00247157;90
159.501;0.000948034;90
126.581;0.00229883;90
122.72;0.00316169;90
108.893;0.00344035;90
119.562;0.00112897;90
-60.233;0.00932778;90
70.0495;0.00240322;90
76.9265;0.00359416;90
-8.22838;0.000824488;90
6.99992;0.000738505;90
-20.6196;0.00400667;90
-89.1785;0.0029293;90
-83.5272;0.00276764;90
-87.6846;0.00368801;90
-43.4726;0.00336915;90
-63.4409;0.00431874;90
-74.7392;0.0123018;90
-73.1267;0.00167094;90
-76.1806;0.00544666;90
-87.6596;0.00298749;90
-109.811;0.00705771;90
-118.632;0.0010664;90
-80.2377;0.00426983;90
-70.1546;0.0044067;90
-46.8599;0.00529407;90
-32.3342;0.00121902;90
-42.1222;0.00236613;90
-56.4298;0.00662979;90
-54.265;0.00118143;90
-19.5534;0.000729044;90
75.1373;0.0013957;90
66.9663;0.00241776;90
111.234;0.00163178;90
-67.1274;0.0015694;90
-100.124;0.0024918;90
-146.423;0.000842591;90
-113.851;0.00115242;90
123.261;0.00566143;90
128.355;0.00108777;90
134.685;0.00540238;90
159.113;0.00084985;90
142.898;0.00271202;90
115.732;0.000861424;90
110.515;0.00244827;90
106.58;0.00653574;90
120.832;0.00537341;90
86.5473;0.00245746;90
108.103;0.00185376;90
136.436;0.00392214;90
67.255;0.00285285;90
78.4404;0.00234047;90
70.1799;0.00345358;90
144.48;0.00307405;90
-178.004;0.00149291;90
72.6481;0.00157257;90
77.7416;0.00379144;90
90.1213;0.00519601;90
69.1828;0.00123246;90
108.759;0.0030722;90
134.75;0.00194456;90
146.979;0.00503175;90
151.363;0.00103911;90
124.291;0.00767137;90
113.186;0.00290568;90
-56.3071;0.0113603;90
-40.112;0.000622396;90
-32.3549;0.00434448;90
-32.4664;0.000909084;90
-52.0447;0.00344202;90
-111.82;0.00390907;90
-60.4085;0.000787747;90
-92.8991;0.00693988;90
-59.9328;0.00189615;90
-93.0305;0.00102143;90
117.887;0.0026746;90
77.0439;0.00389824;90
94.3427;0.00368458;90
95.1887;0.0063691;90
146.94;0.00625823;90
148.607;0.001578;90
121.496;0.00731576;90
124.897;0.00221291;90
-53.4625;0.0108928;90
-34.7429;0.00258118;90
-35.4692;0.00252816;90
-20.8566;0.00120496;90
-43.9507;0.00135151;90
-43.0251;0.00274945;90
-62.453;0.00414941;90
-74.0502;0.00531668;90
-77.1076;0.00487181;90
-74.1133;0.00348511;90
-73.6484;0.00476681;90
-89.4439;0.00556426;90
-112.42;0.00452287;90
-117.766;0.00288069;90
115.425;0.0033494;90
142.517;0.00304837;90
-126.321;0.00352856;90
-166.701;0.000960763;90
-167.932;0.00148277;90
-84.4337;0.00142271;90
-58.9352;0.00311236;90
-82.5455;0.00332208;90
-87.4615;0.00447039;90
-85.9459;0.00323911;90
-87.118;0.00204859;90
-25.1753;0.000590048;90
99.4935;0.00453511;90
93.7256;0.00469392;90
106.193;0.0064832;90
116.895;0.00155186;90
63.2186;0.000947652;90
6.53724;0.00195874;90
53.246;0.00326381;90
15.1055;0.00161169;90
82.8016;0.00213079;90
109.906;0.00222919;90
147.366;0.0010236;90
139.333;0.0014133;90
135.04;0.00101328;90
68.403;0.00265435;90
78.5627;0.00282408;90
91.2682;0.00239459;90
32.533;0.00120866;90
-103.173;0.00458978;90
-109.121;0.00314448;90
-114.638;0.00119697;90
-114.965;0.00132919;90
-78.8835;0.000871349;90
-48.2215;0.000754969;90
-41.9043;0.00205573;90
-31.78;0.000565831;90
-56.6954;0.00136043;90
-47.0712;0.0008413;90
-35.8229;0.000700517;90
-58.2844;0.00111089;90
-66.8484;0.00159984;90
-6.63639;0.00136716;90
-71.2001;0.000992975;90
-83.5798;0.00150242;90
-93.0653;0.00177654;90
-84.7026;0.00115895;90
-57.2935;0.00168043;90
-84.6391;0.00105963;90
-70.9154;0.00164544;90
-66.266;0.00122238;90
-117.945;0.000928238;90
-87.8041;0.000991728;90
-92.0919;0.00145197;90
-72.5931;0.000969394;90
-74.5433;0.00154591;90
-92.4933;0.00133326;90
-54.0117;0.00107893;90
-66.5323;0.00103457;90
-51.9251;0.000703756;90
-56.8835;0.000803523;90
-64.9111;0.00124993;90
-51.6079;0.000835695;90
-54.2482;0.000901972;90
-77.0276;0.000966671;90
-53.8288;0.000820061;90
-48.4394;0.000978277;90
-51.3608;0.000868014;90
-78.7556;0.00154363;90
-57.032;0.000946394;90
-66.1688;0.00146271;90
-59.9367;0.000982122;90
-71.9252;0.0011571;90
-63.9272;0.00130144;90
-69.6403;0.00146876;90
-71.5651;0.000809543;90
-68.7052;0.00107113;90
-71.9252;0.0011571;90
-76.0695;0.00262933;90
-77.0545;0.00131236;90
-72.4953;0.00151936;90
-92.5433;0.00171269;90
-93.0272;0.00187462;90
-89.5605;0.00143404;90
-83.8417;0.00142623;90
-95.629;0.00139674;90
-95.7973;0.00400951;90
-98.5051;0.00319817;90
-95.7087;0.00302601;90
-89.8808;0.001923;90
-80.123;0.00197629;90
-79.1828;0.00171039;90
-89.312;0.000916066;90
-76.0313;0.00123451;90
-80.9968;0.00155921;90
-83.865;0.00135677;90
-83.3137;0.00199255;90
-81.159;0.00151601;90
-87.1041;0.0018804;90
-84.9286;0.00139145;90
-80.4963;0.00182302;90
-81.9003;0.00159693;90
-78.3212;0.00127949;90
-77.8083;0.000866544;90
-77.3914;0.00140181;90
-66.1521;0.0017264;90
-47.0562;0.0014781;90
-51.9839;0.00170974;90
-54.1813;0.00163528;90
-39.4526;0.00130933;90
-51.1946;0.00129094;90
-39.5842;0.00109383;90
-54.7083;0.00159761;90
-38.7697;0.00114023;90
-53.5218;0.00313027;90
-50.6985;0.000669403;90
-48.354;0.00114819;90
-62.8316;0.00195354;90
-26.9973;0.00260822;90
-36.1932;0.000609643;90
-39.282;0.00109297;90
-63.0389;0.00329962;90
-52.7311;0.00117743;90
-51.9547;0.00112124;90
-53.306;0.00254041;90
-63.6247;0.00148565;90
-37.3307;0.00121864;90
34.5386;0.00127345;90
-1.7534;0.0012746;90
19.2333;0.0014298;90
-7.67156;0.00137834;90
-64.4567;0.00243278;90
-65.1201;0.00179455;90
-66.0879;0.00288897;90
-72.2096;0.00157428;90
-65.8519;0.00278907;90
-71.0267;0.00178392;90
-66.1456;0.00312057;90
-60.9379;0.000739051;90
-77.7522;0.00115018;90
-62.2034;0.00210149;90
-53.3332;0.00129781;90
-19.473;0.0022168;90
-74.8519;0.00173737;90
-29.1169;0.000803545;90
66.87;0.0010972;90
71.9496;0.00164916;90
42.5567;0.00091229;90
60.6215;0.001804;90
80.3159;0.00203906;90
88.4749;0.00417048;90
102.788;0.00184783;90
105.355;0.00377267;90
100.344;0.00169861;90
89.8572;0.00280801;90
94.3873;0.00154252;90
120.596;0.000801601;90
87.7992;0.00119788;90
20.8724;0.0014202;90
6.49711;0.000645143;90
7.56694;0.000546761;90
20.146;0.00129205;90
77.6855;0.00284138;90
57.658;0.00119072;90
64.3164;0.00203506;90
34.3278;0.000946932;90
69.2289;0.00155935;90
86.5049;0.0019356;90
79.9242;0.00523575;90
72.6605;0.00259702;90
82.1329;0.00113973;90
87.0022;0.0024093;90
40.5281;0.000934103;90
76.3414;0.00331165;90
76.2446;0.00168225;90
55.9362;0.00229595;90
29.8989;0.00170722;90
45.383;0.00179821;90
38.8627;0.00079368;90
16.9119;0.00152286;90
28.5335;0.00136704;90
-6.82475;0.000757366;90
-26.2587;0.00125445;90
-30.3965;0.000588955;90
-31.6409;0.000899744;90
-51.5156;0.00193797;90
-58.3602;0.00127913;90
52.2724;0.00197742;90
58.5757;0.00360587;90
49.2476;0.00213851;90
33.8576;0.00132824;90
53.6879;0.00258872;90
58.4879;0.00141579;90
51.7514;0.000739814;90
24.6795;0.00108732;90
71.5115;0.00270565;90
74.1784;0.0015258;90
61.0521;0.00313007;90
78.9754;0.00460702;90
70.7472;0.0013071;90
100.122;0.00249788;90
120.073;0.00222906;90
-138.814;0.000786631;90
-109.895;0.00138996;90
-105.048;0.0025691;90
-114.075;0.00113252;90
-93.7228;0.00317269;90
-100.436;0.00191569;90
-99.7283;0.0023021;90
-94.735;0.00249552;90
-92.9656;0.00146897;90
-96.4028;0.00182035;90
-99.6483;0.00197494;90
-97.6139;0.0021661;90
-110.155;0.00133793;90
-99.8336;0.00357756;90
-92.5973;0.00099302;90
-100.964;0.00110415;90
-117.224;0.00264276;90
-170.934;0.000831386;90
106.227;0.00354628;90
114.999;0.0007856;90
122.268;0.00317303;90
121.643;0.0014906;90
103.848;0.00376029;90
81.063;0.00100419;90
97.9469;0.00190227;90
100.945;0.00255446;90
103.349;0.0040453;90
118.496;0.00187176;90
107.543;0.00227585;90
110.226;0.00377476;90
108.873;0.00227533;90
100.049;0.00483112;90
119.63;0.000803002;90
121.977;0.0012897;90
111.703;0.00206326;90
94.9166;0.00102678;90
96.953;0.0022304;90
102.755;0.00418527;90
81.735;0.00114085;90
97.976;0.0055204;90
82.0692;0.000934942;90
122.724;0.0011839;90
109.117;0.00207334;90
107.018;0.00258311;90
127.202;0.00138102;90
113.328;0.00151265;90
91.0416;0.00187031;90
95.053;0.00190741;90
99.0695;0.00218228;90
132.363;0.00275144;90
142.345;0.000890484;90
151.691;0.00198431;90
126.594;0.00083201;90
145.609;0.000975513;90
134.871;0.00250882;90
129.905;0.00110675;90
126.886;0.0028156;90
123.067;0.00132692;90
134.199;0.00268232;90
122.278;0.00111418;90
146.815;0.0019823;90
-168.983;0.000920973;90
148.1;0.00144764;90
146.44;0.00146885;90
-175.867;0.00249749;90
158.522;0.00131642;90
134.643;0.00136191;90
168.586;0.00140478;90
135.72;0.0031497;90
146.804;0.000515058;90
107.364;0.000981742;90
103.563;0.00149674;90
101.07;0.00196863;90
109.302;0.00394792;90
110.595;0.00208099;90
106.708;0.00189918;90
175.492;0.00124686;90
176.561;0.00120016;90
140.028;0.00250928;90
135.198;0.000613065;90
143.375;0.00107781;90
150.306;0.00139291;90
161.026;0.00107649;90
165.315;0.000942796;90
-168.404;0.00101982;90
-164.071;0.000932816;90
-176.156;0.000760712;90
-130.596;0.00216377;90
-123.624;0.00216888;90
-118.057;0.00133941;90
-107.174;0.000890713;90
-131.62;0.00272215;90
-125.481;0.00283923;90
-140.036;0.00295651;90
-140.528;0.00081484;90
-148.979;0.000512267;90
-166.575;0.00131801;90
172.83;0.00142615;90
148.035;0.000755567;90
160.848;0.00156672;90
159.109;0.000759961;90
139.458;0.000727694;90
167.074;0.00100138;90
-154.429;0.00167507;90
-119.333;0.00205556;90
92.5785;0.00475682;90
130.838;0.000682035;90
111.998;0.00205566;90
101.036;0.00275291;90
112.802;0.00130824;90
101.599;0.00404357;90
-144.216;0.000865355;90
-102.016;0.000859838;90
-133.517;0.0011749;90
117.413;0.00102736;90
-134.912;0.00138805;90
-92.6458;0.00108315;90
-133.457;0.000892693;90
-179.102;0.00248731;90
131.707;0.00233873;90
72.8769;0.000828734;90
72.6526;0.00258246;90
86.4152;0.00422226;90
102.016;0.0022912;90
70.4239;0.00317556;90
127.621;0.00180035;90
128.305;0.000934093;90
148.601;0.00198464;90
147.728;0.00277934;90
144.358;0.00343559;90
135.047;0.000863378;90
121.529;0.00438303;90
107.937;0.00171117;90
107.912;0.00204513;90
-156.371;0.000733498;90
-47.3159;0.0137015;90
-30.0458;0.00217299;90
-43.1623;0.00132297;90
-48.7877;0.00551262;90
-64.97;0.00158594;90
-69.7037;0.00178162;90
-75.1513;0.0118197;90
-75.558;0.00284283;90
-89.4784;0.0108755;90
-112.862;0.00218787;90
-85.797;0.00869137;90
-68.7591;0.00153745;90
-68.0191;0.00160033;90
-33.7112;0.00451165;90
-41.303;0.000690867;90
-48.9778;0.00500494;90
-56.0952;0.00214587;90
-39.737;0.00278288;90
50.525;0.00102086;90
92.7143;0.00363207;90
118.202;0.001331;90
156.504;0.0116259;90
110.595;0.00852586;90
100.818;0.00125735;90
109.532;0.0101098;90
143.681;0.00141487;90
-118.52;0.000760259;90
125.693;0.00137289;90
80.3013;0.00597743;90
85.0224;0.00157895;90
47.281;0.0023629;90
-109.62;0.00451195;90
-108.579;0.00451322;90
-45.3554;0.00205206;90
-63.1445;0.00432327;90
-91.178;0.000924195;90
-57.3832;0.00241365;90
-60.3481;0.00343825;90
-82.048;0.00154687;90
-74.5061;0.00639749;90
-66.4566;0.00167983;90
-70.1349;0.00729828;90
-60.4917;0.00174196;90
-48.527;0.00245973;90
-59.6104;0.00925916;90
-62.043;0.00204347;90
-63.281;0.00882311;90
-59.729;0.00170208;90
-58.7322;0.00213279;90
-61.8128;0.00505554;90
-60.9139;0.00512421;90
-57.7763;0.00500725;90
-45.8366;0.00968557;90
-45.3234;0.00150333;90
-47.4948;0.00199806;90
-44.7215;0.0032004;90
-49.9556;0.0064503;90
-58.2562;0.0016251;90
-79.2506;0.010203;90
-90.8058;0.00213321;90
-90.7567;0.0023472;90
-80.2982;0.0116841;90
-67.8917;0.00138698;90
-47.5208;0.00135047;90
-39.1555;0.00698576;90
-53.8959;0.0011523;90
-62.8503;0.00306804;90
-52.3572;0.00348432;90
-59.0709;0.0065178;90
-61.5545;0.000831371;90
-60.7753;0.00265036;90
-65.5087;0.00100107;90
-64.6794;0.00181209;90
-54.2363;0.00303537;90
-45.4142;0.00342319;90
-52.8461;0.00363104;90
-39.9343;0.00336341;90
-66.6408;0.00463816;90
-69.1138;0.00522;90
-58.7063;0.00437792;90
-40.965;0.00370807;90
-32.5264;0.0117856;90
-46.014;0.00159831;90
-64.774;0.00832492;90
-49.8874;0.00138602;90
-7.61082;0.00140437;90
-49.8863;0.00669092;90
-43.9145;0.00134374;90
-48.3804;0.00205064;90
-42.4536;0.00222817;90
-46.8087;0.00241951;90
-61.2943;0.00408278;90
-72.7782;0.0112473;90
-85.898;0.00299166;90
-86.7369;0.00374207;90
-86.9343;0.00671261;90
-81.493;0.0120395;90
-86.0806;0.00267726;90
-81.575;0.0124766;90
-84.5821;0.00290196;90
-86.0881;0.00307817;90
-84.3101;0.00742357;90
-77.3264;0.00695546;90
-73.9532;0.0119527;90
-62.3488;0.00184017;90
-65.7525;0.00888043;90
-67.3102;0.00579662;90
111.13;0.00370618;90
-71.9998;0.016753;90
-67.7708;0.00218867;90
-25.0459;0.00764154;90
-16.7821;0.00172131;90
-29.3035;0.0139283;90
-67.8676;0.00202523;90
-81.9628;0.0212851;90
-69.7486;0.00138672;90
-58.5928;0.0158198;90
-44.8845;0.00245437;90
-46.9258;0.0102893;90
-21.8014;0.00457739;90
-22.6259;0.00145823;90
-26.0721;0.00369054;90
-14.9265;0.00373089;90
-47.4076;0.0109578;90
-62.5719;0.00192995;90
-58.87;0.0114066;90
-61.7722;0.00223477;90
-70.6349;0.0121356;90
-78.2814;0.00178725;90
-74.6741;0.00965536;90
-80.9987;0.00239044;90
-80.2562;0.0108424;90
-79.8134;0.0039015;90
-79.407;0.00620678;90
-82.5415;0.0135738;90
-87.1515;0.0135828;90
-86.803;0.00609649;90
-90.4474;0.00204906;90
-86.657;0.00229791;90
-95.0242;0.0147186;90
-93.3139;0.00172989;90
-99.2491;0.00260689;90
-93.6127;0.0112043;90
-85.3301;0.0019284;90
-72.6497;0.00185438;90
-47.4896;0.00393947;90
-47.1519;0.00359676;90
-40.5549;0.00884068;90
-40.6598;0.00467182;90
-73.9416;0.00160149;90
-80.9097;0.00248116;90
-17.5539;0.00355767;90
-21.3752;0.0010234;90
-6.28009;0.00347385;90
27.3876;0.00320864;90
46.6165;0.00391044;90
64.6326;0.00487838;90
66.9925;0.00476396;90
66.7841;0.00391937;90
50.6988;0.00136723;90
17.5125;0.00109998;90
0.679029;0.000675047;90
-18.6818;0.00256937;90
64.4201;0.002367;90
58.9532;0.00106449;90
61.4818;0.00223066;90
48.145;0.00161109;90
14.6445;0.00132505;90
20.3937;0.00115649;90
20.8624;0.00192629;90
18.3357;0.0021902;90
11.6446;0.00211554;90
-44.6564;0.00188659;90
-75.4572;0.000987644;90
-83.3204;0.0015475;90
135.53;0.00489197;90
-162.123;0.00246922;90
-159.246;0.00436847;90
-91.5717;0.00459373;90
-98.7956;0.00149761;90
-87.4016;0.0037939;90
-75.0524;0.00091496;90
105.221;0.00188927;90
90.875;0.00798893;90
40.761;0.00284115;90
3.90185;0.000955214;90
16.119;0.00131468;90
13.3152;0.00346926;90
-33.4901;0.00301925;90
-83.8984;0.00233322;90
136.092;0.0052689;90
-165.782;0.00482066;90
-125.024;0.00509824;90
-108.707;0.00099771;90
-174.178;0.00307586;90
-162.25;0.00156133;90
106.823;0.00274341;90
-155.094;0.00118964;90
-169.097;0.00315088;90
-177.346;0.000755811;90
-163.587;0.00276049;90
-101.076;0.00124927;90
-170.629;0.00320578;90
-144.645;0.00276857;90
116.135;0.00136896;90
79.7901;0.00172634;90
88.2322;0.00518647;90
131.841;0.000846986;90
-162.326;0.00271411;90
-64.0614;0.00646307;90
-95.7781;0.00151972;90
-90.5495;0.00114705;90
48.6806;0.000605826;90
29.0151;0.00154833;90
23.0656;0.00282809;90
17.6138;0.000684071;90
-10.1977;0.000717332;90
61.4472;0.00324917;90
-4.8746;0.00253015;90
-7.56102;0.00123877;90
-0.833767;0.000481051;90
34.8208;0.00167247;90
2.76269;0.00134857;90
3.12007;0.002021;90
-56.1834;0.00200885;90
43.1991;0.00681776;90
28.6302;0.000694974;90
14.4606;0.00222654;90
13.0271;0.0051639;90
-54.102;0.000683898;90
-89.3779;0.00101306;90
-165.726;0.0185672;90
140.278;0.000614962;90
4.08194;0.00110982;90
4.08562;0.000561427;90
101.023;0.00133361;90
-55.5669;0.00438416;90
111.801;0.00251487;90
65.9151;0.0033277;90
-47.7101;0.00379858;90
58.9577;0.00150096;90
42.8012;0.000810941;90
40.1568;0.00181739;90
6.47578;0.000886657;90
23.1628;0.00168046;90
24.9472;0.00074446;90
15.7808;0.00243789;90
-7.6901;0.000515637;90
6.71757;0.00216285;90
-41.9195;0.00169739;90
-89.0161;0.00128119;90
-69.6865;0.00165919;90
3.31437;0.0691697;90
-119.373;0.00288486;90
168.704;0.00078623;90
-111.645;0.00429162;90
-105.739;0.000954799;90
-102.55;0.000860563;90
-87.8514;0.00416093;90
-100.851;0.00443531;90
-91.0665;0.00472782;90
-92.6468;0.00164576;90
-104.424;0.00243681;90
-140.773;0.00123024;90
149.761;0.0011656;90
143.292;0.000990404;90
142.774;0.00109262;90
166.851;0.00086159;90
-145.435;0.00114393;90
-124.488;0.00183318;90
158.217;0.00171657;90
131.878;0.00124636;90
170.876;0.00169646;90
179.19;0.000919092;90
149.88;0.0013272;90
-157.357;0.00151692;90
-175.245;0.00112186;90
114.566;0.00306438;90
160.168;0.000778152;90
161.971;0.00298874;90
-98.6004;0.00451376;90
-85.6518;0.00130576;90
-98.3988;0.00253317;90
-92.117;0.00208442;90
-95.3671;0.00252306;90
-100.614;0.0017591;90
-103.815;0.00201427;90
-103.824;0.00367032;90
-124.752;0.00158588;90
-158.199;0.00114704;90
125.987;0.0016882;90
139.593;0.00112154;90
173.956;0.000598326;90
167.245;0.000715659;90
-79.2362;0.00261297;90
-92.5858;0.002948;90
-133.018;0.00259593;90
-123.226;0.0017812;90
-164.368;0.00082761;90
140.118;0.00105426;90
-173.518;0.000983285;90
-119.307;0.00196328;90
-104.59;0.00358872;90
-136.92;0.00417852;90
-86.5761;0.00281302;90
-90.9881;0.0026674;90
-96.4361;0.00217672;90
-122.663;0.00270709;90
-93.9695;0.00397253;90
179.682;0.000541008;90
121.79;0.00225887;90
90.7509;0.00206018;90
55.8213;0.00169107;90
48.1785;0.00167063;90
65.7534;0.00290748;90
106.25;0.00279464;90
57.6479;0.00206682;90
101.974;0.00103144;90
102.671;0.00135398;90
50.8569;0.00112949;90
20.3986;0.00110745;90
31.7274;0.00187876;90
103.45;0.00196901;90
62.1944;0.00357363;90
68.8111;0.00293545;90
74.5024;0.00242517;90
86.6448;0.00208457;90
94.9821;0.00100178;90
76.3089;0.00418697;90
97.6685;0.00128146;90
99.0175;0.00146106;90
117.553;0.00324054;90
142.091;0.000595698;90
112.831;0.00300764;90
87.5988;0.00109796;90
100.041;0.00159442;90
83.8617;0.00366602;90
81.1725;0.00246318;90
88.0702;0.00341494;90
92.5003;0.00254442;90
95.5379;0.00178232;90
109.56;0.00206094;90
105.962;0.000945453;90
57.6589;0.00229737;90
78.2121;0.00489013;90
78.3855;0.00129144;90
82.5317;0.00113866;90
63.6176;0.00294581;90
69.4511;0.000934457;90
84.3365;0.00568475;90
84.4023;0.00812977;90
70.5366;0.000951366;90
76.6773;0.00407055;90
104.676;0.00347745;90
121.357;0.00067452;90
145.531;0.00228641;90
117.484;0.0018678;90
149.25;0.00128693;90
158.769;0.00104385;90
143.808;0.000845059;90
-141.34;0.00148552;90
-179.649;0.000817015;90
-154.108;0.00178853;90
163.365;0.000513491;90
-159.358;0.000624064;90
-175.528;0.00251365;90
-154.561;0.00204863;90
-122.156;0.00214385;90
-113.426;0.00208267;90
-130.746;0.00116286;90
108.377;0.00280716;90
-146.022;0.00154597;90
-126.37;0.00229009;90
-65.3463;0.00115311;90
-69.0462;0.00177006;90
-92.8162;0.00154687;90
-141.77;0.00316089;90
-72.152;0.00160526;90
-119.645;0.00221378;90
160.329;0.00180323;90
-158.697;0.00224328;90
109.939;0.00187967;90
-153.479;0.00173116;90
162.687;0.00232535;90
154.559;0.000865972;90
-106.502;0.00213702;90
-106.152;0.00335753;90
-78.3086;0.000942555;90
-112.755;0.00281293;90
-102.664;0.00293746;90
-55.9767;0.00181224;90
-90.7528;0.00289225;90
62.0624;0.00184842;90
85.1475;0.00487046;90
-37.3445;0.000748426;90
8.5462;0.00128527;90
95.5626;0.00346632;90
-39.7692;0.000604974;90
-8.16764;0.000647569;90
-89.6519;0.00197504;90
-109.394;0.00143651;90
-92.4767;0.00194382;90
-111.706;0.00134109;90
-77.4416;0.00231335;90
-113.53;0.000954351;90
-142.687;0.00196646;90
152.086;0.00269789;90
-79.3902;0.00142842;90
171.054;0.00359473;90
-158.359;0.00186012;90
-159.507;0.000748362;90
-166.143;0.00193738;90
-142.049;0.00132524;90
-112.258;0.00340576;90
-79.3919;0.000912597;90
-91.2937;0.00456216;90
-85.2094;0.00123331;90
-154.323;0.000634672;90
127.61;0.00255621;90
85.2325;0.00247858;90
-155.882;0.00190642;90
164.017;0.00103501;90
145.832;0.000797687;90
-170.35;0.00266673;90
-117.589;0.0064087;90
-110.769;0.00148339;90
-113.519;0.00464596;90
-117.417;0.00219561;90
-142.859;0.00711028;90
164.638;0.000985201;90
174.847;0.00599021;90
114.27;0.00576339;90
136.246;0.00188559;90
137.466;0.010075;90
132.877;0.00154609;90
128.125;0.00842922;90
97.0196;0.0025612;90
89.0468;0.00234432;90
84.1967;0.0150129;90
82.8233;0.00247338;90
83.087;0.00288296;90
89.041;0.0134429;90
94.4747;0.00317869;90
95.4796;0.0142632;90
91.7357;0.00389579;90
96.6815;0.0151439;90
99.9219;0.00192682;90
102.426;0.00228656;90
100.703;0.0174841;90
109.827;0.02328;90
-69.7761;0.0212213;90
106.632;0.00571928;90
110.812;0.0129692;90
116.744;0.00530666;90
120.153;0.00545283;90
119.492;0.00551687;90
135.136;0.00894493;90
144.479;0.00158864;90
163.439;0.00532907;90
149.12;0.00105798;90
162.639;0.00306985;90
163.816;0.00382456;90
130.943;0.00412783;90
122.494;0.00529022;90
130.74;0.0123852;90
114.385;0.00185773;90
106.77;0.0138699;90
93.319;0.00269452;90
93.9833;0.00351249;90
106.83;0.0118569;90
138.759;0.00138041;90
143.656;0.0023961;90
165.498;0.00683682;90
142.371;0.00167555;90
167.663;0.00556039;90
125.903;0.0013864;90
114.022;0.0141593;90
102.694;0.00241195;90
114.01;0.0153184;90
113.69;0.00220262;90
106.322;0.0122726;90
98.1228;0.0167096;90
-82.9312;0.0146594;90
98.2437;0.0116261;90
93.1358;0.0061422;90
96.9369;0.0151852;90
101.465;0.00232438;90
97.3202;0.011286;90
91.2911;0.00323982;90
92.1881;0.0028811;90
100.661;0.0138592;90
109.091;0.00187725;90
118.615;0.00195021;90
135.186;0.00719626;90
138.576;0.00108824;90
115.649;0.00288087;90
134.85;0.00731363;90
131.825;0.00204243;90
119.815;0.00468628;90
112.387;0.00185371;90
143.36;0.00338983;90
130.402;0.00387256;90
157.583;0.00835213;90
132.007;0.00147633;90
125.793;0.0016705;90
111.739;0.00988717;90
111.843;0.00360695;90
138.711;0.00589974;90
118.555;0.0012364;90
125.884;0.00424463;90
146.188;0.00116987;90
117.01;0.00345259;90
121.512;0.00361981;90
117.711;0.00219134;90
124.491;0.00846749;90
125.504;0.00472314;90
104.524;0.00116834;90
140.775;0.0054462;90
59.6129;0.000852048;90
114.913;0.00952648;90
93.3053;0.00225475;90
91.2487;0.0033498;90
95.9595;0.0113845;90
107.526;0.00181316;90
127.964;0.0060147;90
126.062;0.00158836;90
132.79;0.00606937;90
124.593;0.00156584;90
136.35;0.0087359;90
113.038;0.00140288;90
127.26;0.00173264;90
120.846;0.00501429;90
122.017;0.0106417;90
107.292;0.00236174;90
122.09;0.00223437;90
118.016;0.0108981;90
111.738;0.00199808;90
121.299;0.00996527;90
107.126;0.00321245;90
108.669;0.00905652;90
106.254;0.00140412;90
105.578;0.00109108;90
120.789;0.00527669;90
90.3393;0.00270205;90
104.525;0.00153506;90
152.248;0.00250404;90
110.308;0.000812507;90
-176.615;0.000711241;90
73.4746;0.00561806;90
85.3249;0.00112876;90
53.4595;0.00146122;90
36.6149;0.000674007;90
51.1001;0.0011179;90
-177.515;0.00110704;90
-106.928;0.00704736;90
-118.341;0.00154408;90
-115.126;0.00105039;90
70.5453;0.00998616;90
161.256;0.00387132;90
83.4395;0.00203935;90
78.4245;0.00414633;90
85.2196;0.00567574;90
78.7235;0.00134496;90
136.688;0.00170416;90
141.537;0.00630384;90
149.402;0.00118268;90
149.623;0.00164133;90
129.823;0.00337749;90
111.321;0.00547579;90
164.279;0.000701231;90
-53.3951;0.0107665;90
-27.1579;0.00159932;90
-42.9077;0.00770836;90
-98.5319;0.0127056;90
-43.5874;0.00321266;90
0.563547;0.00061003;90
33.8441;0.000928294;90
-105.973;0.00750057;90
-67.3448;0.00299077;90
-27.9307;0.000713061;90
-78.4838;0.00435773;90
-148.012;0.00273532;90
-160.629;0.00491737;90
150.072;0.00535163;90
151.295;0.00106601;90
170.388;0.00169479;90
-168.645;0.00250911;90
-166.61;0.00256061;90
152.596;0.000610512;90
-108.468;0.00163838;90
-87.616;0.00377427;90
-90.6273;0.00630238;90
-86.7845;0.00115882;90
-94.2868;0.00494985;90
-99.0306;0.00493112;90
-99.1505;0.0052569;90
-102.057;0.00282941;90
-154.045;0.00172276;90
-116.607;0.00243597;90
-113.752;0.00365456;90
-110.151;0.00314661;90
-90;0.002199;90
73.1265;0.00922621;90
63.0145;0.00195035;90
28.6017;0.00157295;90
45.3552;0.000798339;90
80.7985;0.00870502;90
80.9921;0.0021971;90
83.5887;0.00382392;90
89.744;0.00939909;90
88.6037;0.00155946;90
90.6981;0.00221616;90
93.6299;0.00180061;90
15.4178;0.0012977;90
11.649;0.00129262;90
26.0974;0.00104115;90
22.645;0.00175315;90
-13.6656;0.00209943;90
-13.4462;0.000989113;90
-23.1073;0.00140144;90
-28.5507;0.00229737;90
-33.1723;0.00208714;90
-25.821;0.0016186;90
4.17356;0.00171755;90
44.4272;0.0044557;90
28.8293;0.000543342;90
63.2499;0.00124639;90
119.547;0.00416114;90
145.792;0.000521162;90
134.097;0.00148016;90
68.9946;0.00282043;90
82.1879;0.00275154;90
78.4263;0.00281116;90
30.3144;0.00071125;90
-124.043;0.00387632;90
166.632;0.00172576;90
173.018;0.00163714;90
-134.976;0.00167796;90
166.68;0.00182304;90
-134.154;0.000766587;90
-113.667;0.00216729;90
151.882;0.000808412;90
127.64;0.0033175;90
-116.549;0.00155273;90
-111.403;0.00192366;90
-97.5946;0.00213372;90
-111.099;0.00172784;90
-130.882;0.000886172;90
143.754;0.000808448;90
-19.1832;0.000556925;90
-59.8724;0.000928421;90
-99.5034;0.00251958;90
-22.0132;0.00120591;90
-6.37105;0.00246019;90
-29.1008;0.00541793;90
-32.5895;0.00181947;90
-2.65344;0.00250569;90
43.1017;0.00149423;90
44.7251;0.00294725;90
90.6926;0.00438432;90
148.577;0.0019488;90
138.804;0.00157749;90
40.0816;0.000717527;90
71.6746;0.00314236;90
72.2484;0.00538226;90
-117.06;0.00321156;90
79.7263;0.00213625;90
136.571;0.00404971;90
74.3892;0.00385729;90
93.8744;0.00423267;90
77.6891;0.00211053;90
91.1376;0.00307261;90
127.206;0.00252364;90
150.393;0.00583139;90
123.078;0.000804361;90
147.216;0.00156057;90
125.554;0.00330027;90
110.611;0.00418165;90
136.866;0.00125932;90
-57.3489;0.00916183;90
-35.9247;0.00500748;90
-27.9257;0.00094165;90
-31.8366;0.00255545;90
-72.5764;0.00383391;90
-117.658;0.00143045;90
-98.6135;0.00157577;90
-82.8252;0.00357096;90
-102.96;0.0041692;90
-40.5836;0.00175388;90
-91.5969;0.00165064;90
-49.7733;0.000696796;90
23.7941;0.00169289;90
-66.5068;0.0038556;90
37.1185;0.00225862;90
-15.4018;0.00140444;90
-33.0211;0.000855129;90
-77.0512;0.00497142;90
-88.6895;0.00515935;90
-103.84;0.0031896;90
138.142;0.00664336;90
116.31;0.00130632;90
140.536;0.000879501;90
142.222;0.0023849;90
72.2248;0.00249931;90
79.2325;0.00302425;90
91.2819;0.00272668;90
16.1347;0.00149696;90
154.893;0.00369071;90
165.765;0.000837723;90
77.1766;0.00649704;90
94.5821;0.00138944;90
106.662;0.00189037;90
91.3719;0.00459432;90
111.865;0.000840458;90
147.979;0.00238012;90
146.522;0.00352237;90
142.728;0.00259246;90
132.389;0.00313574;90
109.038;0.0046292;90
142.051;0.00142285;90
-58.065;0.00871149;90
-34.3098;0.00394914;90
-36.5526;0.00567029;90
-58.001;0.000949228;90
-87.8891;0.0156376;90
6.04145;0.00101665;90
24.1761;0.00106216;90
-144.949;0.00531248;90
-164.061;0.00248348;90
-166.513;0.00156928;90
118.459;0.00105555;90
-121.688;0.00143727;90
-103.065;0.00195973;90
131.315;0.00262951;90
129.992;0.00102072;90
131.859;0.000800232;90
-112.515;0.00243131;90
107.402;0.00149126;90
155.656;0.000807827;90
-94.0132;0.00997346;90
-39.0083;0.00110417;90
-4.45953;0.00245644;90
-25.8473;0.00303458;90
-26.4255;0.0056917;90
9.93381;0.00111877;90
47.7183;0.00241537;90
26.1426;0.00266904;90
91.3929;0.00329097;90
133.551;0.00167779;90
137.697;0.00210385;90
92.4068;0.00183362;90
74.3713;0.00342981;90
86.498;0.00230831;90
64.8626;0.0012924;90
-10.0761;0.000828783;90
114.938;0.000787413;90
-144.517;0.00157806;90
-177.863;0.000938653;90
178.267;0.00125657;90
-137.444;0.00131005;90
-110.298;0.000933998;90
-167.412;0.00137198;90
-145.557;0.00153998;90
155.484;0.00145079;90
-107.605;0.00187796;90
-113.805;0.00158811;90
128.606;0.000666706;90
123.945;0.00149715;90
138.168;0.0018682;90
176.082;0.000512197;90
-107.792;0.0018589;90
107.163;0.000840424;90
146.512;0.00102038;90
171.394;0.000748428;90
-89.6308;0.0100882;90
-29.762;0.00124295;90
-16.2168;0.00507388;90
-27.5574;0.000955392;90
-25.4693;0.00458344;90
-1.11601;0.000924175;90
43.0591;0.00246356;90
31.1988;0.00280111;90
91.682;0.00313435;90
126.538;0.00203743;90
142.431;0.00221416;90
77.0362;0.00571466;90
83.2306;0.00297776;90
12.4451;0.000742445;90
114.951;0.0239833;90
74.9035;0.00212328;90
76.6898;0.00357914;90
1.56842;0.000840315;90
-166.447;0.000977211;90
-100.7;0.00396393;90
-105.349;0.00262565;90
-97.2532;0.00166331;90
-100.318;0.00640964;90
-110.399;0.00217756;90
-103.462;0.00268476;90
-106.373;0.00250456;90
-57.334;0.00387964;90
-98.1897;0.0019024;90
-105.907;0.00164187;90
-106.795;0.00351283;90
139.183;0.00190011;90
40.1212;0.00306794;90
75.2589;0.00232658;90
73.8849;0.00222649;90
128.058;0.0037326;90
75.4044;0.00228576;90
72.7305;0.003638;90
80.2606;0.00628965;90
82.0523;0.00342086;90
135.886;0.00187476;90
118.458;0.00389915;90
107.06;0.00403243;90
-118.818;0.000989554;90
-11.3378;0.00685171;90
-42.8486;0.00118665;90
15.1934;0.00187348;90
-0.183137;0.00219001;90
-82.6015;0.00210452;90
-84.35;0.00282372;90
-90.1201;0.00381801;90
-87.0061;0.00191461;90
-66.4986;0.00161496;90
-87.2214;0.00276425;90
-108.065;0.00235089;90
-83.0842;0.00373719;90
-104.622;0.00424654;90
-37.0973;0.000756006;90
-48.2208;0.00120823;90
-81.7384;0.00172591;90
18.3448;0.0016077;90
17.5295;0.000740382;90
86.0849;0.0131226;90
94.3401;0.00277496;90
115.212;0.000814603;90
111.586;0.00167981;90
120.527;0.000990262;90
74.1799;0.00100507;90
77.8326;0.00269964;90
102.55;0.000879002;90
100.485;0.001198;90
84.2979;0.00134867;90
81.8032;0.00109418;90
15.2505;0.00108729;90
42.2148;0.000916786;90
64.29;0.0012586;90
81.8699;0.00210011;90
77.953;0.00100616;90
-44.2114;0.00118169;90
61.3711;0.00124182;90
70.9744;0.00104297;90
-36.1973;0.00163571;90
-31.135;0.000516385;90
-57.036;0.000722278;90
12.8645;0.000759053;90
11.6796;0.000790364;90
-84.4512;0.000951458;90
-22.4347;0.00142808;90
81.7537;0.00278883;90
-126.077;0.000679265;90
122.661;0.00143607;90
80.697;0.00106399;90
57.4966;0.00531683;90
31.7769;0.0010634;90
70.6773;0.00148993;90
98.5222;0.00165325;90
30.6313;0.00150733;90
63.1365;0.00163101;90
75.8588;0.00277922;90
106.147;0.00230492;90
138.656;0.000853801;90
67.5766;0.00201863;90
-26.2804;0.000630132;90
-29.1808;0.000529158;90
-56.9112;0.000740011;90
-69.2479;0.00229168;90
-20.1025;0.00127146;90
-88.1503;0.00179694;90
-88.2071;0.00121459;90
25.4306;0.000903549;90
50.9409;0.00127753;90
69.2837;0.00171595;90
79.6784;0.00183062;90
122.586;0.000920973;90
151.327;0.000656507;90
-155.915;0.000568494;90
-176.891;0.00106957;90
-93.6714;0.00101508;90
94.4114;0.00172912;90
79.0289;0.00298455;90
44.139;0.000611716;90
35.8621;0.00158064;90
83.4892;0.00144633;90
127.321;0.00063502;90
99.9494;0.00481542;90
158.215;0.000665532;90
149.289;0.00186798;90
86.8519;0.00160242;90
-120.755;0.00399714;90
-73.9631;0.00111853;90
-148.734;0.000714816;90
-178.733;0.000633155;90
-131.116;0.00161804;90
67.4802;0.00167362;90
65.8718;0.00280836;90
87.2889;0.00143761;90
109.822;0.00112357;90
75.3865;0.00130006;90
131.006;0.001076;90
109.737;0.00101567;90
140.121;0.00169534;90
130.267;0.00178233;90
-119.571;0.000818633;90
-97.6304;0.00338901;90
-88.6261;0.000959276;90
-92.5117;0.0028067;90
-98.4591;0.00150234;90
-112.592;0.000793923;90
-93.282;0.00227072;90
-110.33;0.000889403;90
-113.506;0.000880028;90
-169.064;0.000811742;90
-119.151;0.00197288;90
-64.9127;0.00147406;90
-41.9203;0.00197426;90
60.3247;0.00153307;90
64.4855;0.00197567;90
2.45123;0.000584535;90
-38.4742;0.000578627;90
-59.3389;0.000876541;90
-133.57;0.00124631;90
-100.277;0.000936018;90
-91.9489;0.00302875;90
-112.93;0.00100871;90
-110.66;0.0016779;90
-46.027;0.000907364;90
-63.91;0.000970934;90
-78.2244;0.00190612;90
-92.467;0.00132423;90
-87.7028;0.00104784;90
143.843;0.0012373;90
161.309;0.000636573;90
-160.148;0.00167557;90
-93.4976;0.0011802;90
-71.343;0.00163175;90
174.682;0.000712065;90
-48.1086;0.0011996;90
151.965;0.00163824;90
-54.1313;0.0013278;90
146.359;0.000980156;90
-98.0568;0.00176947;90
-116.052;0.000799203;90
-171.04;0.00121989;90
167.075;0.00160055;90
160.155;0.00131084;90
101.175;0.0016717;90
110.233;0.0010583;90
112.699;0.00161185;90
111.919;0.00217524;90
-146.798;0.000715867;90
-135.855;0.00108977;90
-103.786;0.0009442;90
-84.7143;0.00119408;90
-106.723;0.00116424;90
-70.7449;0.00123721;90
-106.527;0.00155734;90
-115.796;0.000999612;90
-101.441;0.00170896;90
-56.5922;0.000900844;90
63.6137;0.00100355;90
66.2457;0.0017328;90
-44.0921;0.000892481;90
-72.1887;0.00255654;90
-119.282;0.00256587;90
-148.03;0.000683699;90
-106.058;0.0027295;90
-157.885;0.00115281;90
-59.2734;0.0012017;90
-52.6745;0.00110663;90
-80.5814;0.00193711;90
-85.3778;0.00174969;90
-99.3526;0.00351979;90
-86.7609;0.00182291;90
-73.5361;0.00356726;90
-64.9325;0.00102671;90
-102.393;0.00306133;90
-76.6886;0.00134206;90
-112.21;0.000806867;90
-123.378;0.000867009;90
-78.0596;0.00256653;90
-78.1673;0.00221405;90
-119.248;0.00167218;90
151.52;0.004578;90
66.5537;0.00109327;90
74.9032;0.00225378;90
86.0661;0.00349824;90
105.791;0.0022416;90
75.4849;0.00403375;90
133.767;0.000756072;90
125.222;0.000674479;90
145.216;0.00503954;90
126.023;0.00108312;90
157.551;0.00195624;90
115.97;0.00142043;90
71.2502;0.0026475;90
78.5323;0.00398863;90
81.4607;0.00665376;90
77.7982;0.00112133;90
18.1818;0.00128832;90
-79.2893;0.00127522;90
-82.8429;0.00177382;90
-28.7582;0.00167112;90
-100.765;0.00206127;90
-174.481;0.00137236;90
174.393;0.00164788;90
-101.276;0.00230142;90
-123.412;0.0013166;90
-103.347;0.0030062;90
-103.373;0.00295307;90
125.767;0.00554843;90
109.146;0.00183553;90
108.135;0.00223291;90
-120.129;0.00107181;90
-61.1335;0.00103569;90
95.4605;0.00296345;90
108.471;0.00101319;90
107.343;0.00330107;90
107.71;0.010319;90
120.95;0.00140972;90
110.391;0.00463227;90
102.391;0.0068086;90
118.745;0.00958178;90
115.802;0.0109541;90
94.3318;0.00308481;90
94.7119;0.00432161;90
91.1587;0.00336269;90
95.566;0.0033508;90
-96.6898;0.0270743;90
83.3151;0.0271284;90
-90.465;0.00283409;90
-59.1547;0.00107856;90
-87.6673;0.00506119;90
-87.9931;0.00568249;90
-68.1845;0.0052769;90
-60.544;0.00489472;90
-43.1285;0.00394069;90
-68.1225;0.00531368;90
-75.2534;0.00665108;90
-73.9316;0.00608055;90
-65.3749;0.00557503;90
-75.5823;0.0061569;90
-71.6854;0.0037647;90
-75.8738;0.00278213;90
-68.075;0.00120517;90
-68.5164;0.0028124;90
-55.4107;0.00387007;90
56.5566;0.0012883;90
72.7893;0.00288624;90
80.5453;0.0036952;90
86.1886;0.00424238;90
8.92091;0.00334041;90
170.057;0.00254827;90
-28.5623;0.00142435;90
-36.4984;0.00240585;90
-112.917;0.00176425;90
-179.886;0.00301301;90
-94.2845;0.000923581;90
-91.7655;0.00197994;90
-3.91106;0.00381188;90
8.00087;0.000689714;90
-79.3007;0.000883357;90
-90.5653;0.00263513;90
-74.3489;0.00173846;90
-90.58;0.00306216;90
-87.7036;0.00314453;90
-56.5913;0.00220302;90
-114.037;0.00280855;90
-82.8151;0.00237465;90
-94.2358;0.00361487;90
-90.3703;0.00402308;90
3.19954;0.000645005;90
-88.5585;0.00198763;90
12.1778;0.00240819;90
-150.308;0.000803497;90
-101.528;0.00680018;90
-82.8322;0.00232416;90
-50.7413;0.000657371;90
-27.7283;0.00158615;90
-50.9502;0.000757148;90
-85.1754;0.00194991;90
-93.0691;0.00192376;90
-143.133;0.0038286;90
-147.466;0.00111379;90
173.894;0.00248208;90
160.213;0.000924591;90
150.143;0.00387076;90
152.424;0.000963448;90
159.813;0.00172709;90
-169.008;0.00505576;90
-164.386;0.0009511;90
124.982;0.00341865;90
101.353;0.00130045;90
121.779;0.00157983;90
154.03;0.00254165;90
-140.07;0.00284025;90
-136.223;0.00132542;90
-154.135;0.0025994;90
-161.274;0.00292799;90
-166.553;0.00320795;90
-124.467;0.00912122;90
-130.83;0.00160443;90
-153.78;0.00193066;90
-131.106;0.00892378;90
-129.895;0.00494249;90
-129.98;0.00471895;90
-129.344;0.00988682;90
-129.481;0.00117642;90
-132.851;0.00754306;90
-128.083;0.00173799;90
-122.322;0.00368259;90
-125.649;0.00503934;90
-132.685;0.00456952;90
-134.499;0.00889292;90
-114.024;0.00170467;90
-128.377;0.00240323;90
-145.742;0.00752321;90
179.374;0.00686241;90
170.633;0.000792569;90
-162.99;0.00277228;90
-127.535;0.0109397;90
-111.59;0.00332638;90
-113.865;0.0140218;90
-114.708;0.00365789;90
-121.128;0.0102872;90
-116.555;0.0185075;90
64.8656;0.0165512;90
-123.32;0.00339511;90
-110.856;0.0153979;90
-97.7394;0.0130024;90
-95.5846;0.00348353;90
-105.387;0.0161457;90
-102.853;0.00632959;90
-105.045;0.00289317;90
-102.236;0.00881834;90
-111.662;0.00212937;90
-110.192;0.00774711;90
-120.283;0.000937992;90
-83.9698;0.0041027;90
-66.2564;0.00178073;90
-67.7538;0.00255952;90
-65.9255;0.00695717;90
-42.4341;0.00115303;90
-106.085;0.00541395;90
-117.885;0.00597815;90
-122.436;0.00457349;90
-131.842;0.00943511;90
-134.06;0.00362087;90
-113.151;0.012107;90
-104.623;0.00217857;90
-111.078;0.00235239;90
-115.838;0.00549759;90
-124.411;0.00494055;90
-149.217;0.00843314;90
-156.388;0.00111101;90
-161.414;0.0017946;90
-140.107;0.00404303;90
-120.734;0.010046;90
-115.383;0.00214619;90
-107.441;0.0104232;90
-112.382;0.00298595;90
-124.784;0.00496769;90
-120.743;0.00511944;90
-116.188;0.00530675;90
-119.221;0.00599373;90
-137.81;0.00435536;90
-147.051;0.00383718;90
-145.768;0.00375077;90
-147.861;0.00354528;90
-148.786;0.00321666;90
-159.732;0.00307436;90
-175.162;0.00648511;90
1.31672;0.00343791;90
-176.055;0.00694746;90
174.049;0.00329878;90
134.79;0.00404963;90
119.196;0.00475397;90
120.476;0.00525851;90
150.137;0.00367727;90
-171.858;0.00353766;90
-136.559;0.00433971;90
-137.602;0.00400282;90
-163.056;0.00351353;90
162.981;0.00376173;90
153.838;0.00375356;90
156.976;0.00383771;90
166.058;0.00370207;90
166.803;0.00360932;90
169.38;0.00367901;90
-178.969;0.00350257;90
-171.525;0.00338597;90
-172.291;0.00340679;90
-155.806;0.00351363;90
-135.892;0.00413213;90
-133.957;0.00415494;90
-128.45;0.00482283;90
-123.221;0.0049847;90
-128.776;0.0046896;90
-145.375;0.00387537;90
-131.408;0.00417589;90
-130.92;0.00439237;90
-138.044;0.00412826;90
-120.6;0.00475987;90
-111.578;0.00580804;90
-111.811;0.00536938;90
-115.172;0.00514895;90
-116.789;0.00514523;90
-111.341;0.00561932;90
-110.233;0.00595655;90
-116.58;0.0050553;90
-120.327;0.00475115;90
-119.828;0.00480908;90
-131.422;0.0042155;90
-157.083;0.00354912;90
-178.618;0.00348401;90
-167.8;0.00347344;90
-150.503;0.00375122;90
-136.992;0.00421054;90
-129.387;0.00481444;90
-144.922;0.00391511;90
173.66;0.00350443;90
151.012;0.00368118;90
149.809;0.00366286;90
171;0.00327937;90
-171.143;0.0033125;90
-160.695;0.00341502;90
-160.837;0.00368309;90
-164.506;0.00329785;90
-174.073;0.00289548;90
-171.597;0.00294259;90
-166.705;0.00301788;90
-158.236;0.00310965;90
-160.08;0.00311115;90
-151.529;0.00326826;90
-163.456;0.00331524;90
-159.992;0.0031214;90
-145.515;0.00325862;90
-157.02;0.00324014;90
-146.619;0.0033987;90
-138.972;0.00384813;90
-156.705;0.0031356;90
-150.875;0.00372498;90
-153.086;0.00337563;90
-135.782;0.00378408;90
171.916;0.00280891;90
-154.072;0.00305779;90
-137.608;0.00374518;90
-138.359;0.00321012;90
-140.3;0.00333767;90
-146.058;0.00195395;90
-145.445;0.00279268;90
-141.642;0.00350318;90
-155.406;0.00300347;90
-156.292;0.00244975;90
-131.617;0.00264849;90
-149.889;0.00403444;90
128.55;0.00244225;90
-162.546;0.00116357;90
-94.9469;0.0055316;90
-142.245;0.00235508;90
-143.834;0.00236218;90
-133.051;0.00282723;90
-149.384;0.00350687;90
-164.555;0.00440821;90
-149.758;0.00115754;90
-171.52;0.00171576;90
-161.206;0.00212003;90
155.739;0.00214657;90
-147.717;0.00168319;90
-103.56;0.00411573;90
-94.0908;0.0102611;90
-77.739;0.00127611;90
-61.2277;0.00299587;90
-70.9787;0.00902372;90
-104.665;0.0167869;90
73.6567;0.0146166;90
-92.9815;0.00346068;90
-108.412;0.00951719;90
-121.261;0.00453431;90
-124.504;0.0091532;90
-122.648;0.00154038;90
-125.021;0.00293793;90
-126.169;0.00462915;90
-124.483;0.00859646;90
-138.376;0.00146484;90
-160.519;0.0025818;90
-114.53;0.0256259;90
73.56;0.018077;90
-116.819;0.00524408;90
-102.686;0.0151088;90
-104.945;0.00236914;90
-100.982;0.00616795;90
-107.859;0.0115789;90
-111.098;0.0129512;90
68.9454;0.0103436;90
-113.021;0.00389194;90
-109.797;0.012436;90
-126.799;0.00919521;90
-131.607;0.00197133;90
-131.086;0.00323195;90
-87.0813;0.00492939;90
-70.3522;0.00448195;90
-84.3595;0.00504643;90
-98.8903;0.00955074;90
-113.214;0.00142323;90
-129.822;0.00173951;90
-135.082;0.0024671;90
-122.515;0.00613933;90
-101.212;0.00229378;90
-86.3539;0.00317643;90
-93.0156;0.00543653;90
-125.494;0.00333096;90
-178.87;0.00243447;90
-164.121;0.00260958;90
178.163;0.00255731;90
-178.961;0.0030325;90
-165.054;0.00300879;90
-164.811;0.00311066;90
-148.334;0.00345544;90
-131.163;0.00417351;90
-129.88;0.00372434;90
-118.957;0.00850984;90
-128.54;0.000967811;90
-174.821;0.00206041;90
145.293;0.00306298;90
137.098;0.00326407;90
139.133;0.00355184;90
137.65;0.00328803;90
136.372;0.00342479;90
141.917;0.00319392;90
146.936;0.00302246;90
145.208;0.00359096;90
146.18;0.00391675;90
134.906;0.00389546;90
127.667;0.00437102;90
122.7;0.00462384;90
124.71;0.00487686;90
120.765;0.00495188;90
121.468;0.00438487;90
117.073;0.00489539;90
134.455;0.00446063;90
149.519;0.00718382;90
-164.024;0.000766609;90
174.887;0.0054537;90
-164.134;0.000896141;90
-167.994;0.0053122;90
166.734;0.00104591;90
175.081;0.00254236;90
173.37;0.00664342;90
151.702;0.0013606;90
-179.51;0.00233909;90
-175.523;0.00359998;90
-178.719;0.00366692;90
176.299;0.0035474;90
158.577;0.00635185;90
145.635;0.00143677;90
150.891;0.00255924;90
164.478;0.00325471;90
-147.338;0.00678729;90
177.992;0.000713438;90
-167.899;0.00248522;90
-177.613;0.00350504;90
-177.532;0.00678129;90
172.954;0.000807095;90
159.886;0.00295737;90
-174.901;0.0035892;90
-169.399;0.00339189;90
-164.846;0.00334326;90
-159.924;0.00356567;90
-162.308;0.00629473;90
-140.583;0.00107566;90
165.28;0.00317211;90
154.573;0.0040293;90
126.584;0.00945972;90
126.819;0.0020174;90
124.842;0.00930143;90
-54.6281;0.00542425;90
120.359;0.0158204;90
106.822;0.00174152;90
110.591;0.00348034;90
121.798;0.00911509;90
160.211;0.000883155;90
159.85;0.00290585;90
170.823;0.00634522;90
163.478;0.00148742;90
130.681;0.00329529;90
123.12;0.00510433;90
119.193;0.00523835;90
115.649;0.00517492;90
114.778;0.00560721;90
104.453;0.00634272;90
111.181;0.0109379;90
118.261;0.00194936;90
104.013;0.00410928;90
122.366;0.00920743;90
129.059;0.00159176;90
126.171;0.00287021;90
120.153;0.00461669;90
110.961;0.0112933;90
114.337;0.00208201;90
120.836;0.00316433;90
126.024;0.00476772;90
135.262;0.00836092;90
123.253;0.00181642;90
128.039;0.00254953;90
128.468;0.00414581;90
154.283;0.00341306;90
171.306;0.00328778;90
-173.382;0.0125647;90
7.19423;0.00944637;90
-179.35;0.0031742;90
-177.529;0.0030158;90
-164.971;0.00995346;90
-164.088;0.00117086;90
-160.683;0.00250609;90
-155.467;0.00308995;90
174.14;0.0037124;90
175.644;0.00372576;90
-157.684;0.0037239;90
-153.863;0.00365026;90
-173.449;0.0066615;90
-155.071;0.00361809;90
-125.163;0.00490878;90
-146.616;0.0063772;90
147.742;0.000987398;90
169.065;0.00390083;90
-163.438;0.00352213;90
-159.873;0.00323452;90
-150.547;0.00704899;90
-125.118;0.00193651;90
-148.482;0.00223233;90
-145.188;0.00386589;90
-122.77;0.00474996;90
-118.616;0.00834767;90
-103.586;0.000957803;90
-124.561;0.00691181;90
-121.017;0.00129636;90
-126.13;0.00474199;90
-141.56;0.00272322;90
-140.254;0.00148267;90
-143.244;0.00663261;90
-137.486;0.00107582;90
-165.791;0.00152774;90
164.859;0.0071326;90
155.013;0.000925636;90
161.54;0.00142429;90
168.256;0.00683406;90
143.323;0.00106981;90
177.78;0.0024008;90
179.749;0.00320103;90
-160.598;0.00316684;90
-174.63;0.00268177;90
132.038;0.00765051;90
138.135;0.00146095;90
130.904;0.00606904;90
116.077;0.00126029;90
123.289;0.00403748;90
104.714;0.00545283;90
100.983;0.00636662;90
106.461;0.00568187;90
115.927;0.00526045;90
104.093;0.00617278;90
104.49;0.00667843;90
109.683;0.00575102;90
111.083;0.0119007;90
110.805;0.00199616;90
109.086;0.00295123;90
123.777;0.00474131;90
128.023;0.00854573;90
118.707;0.00222555;90
118.965;0.00371692;90
134.447;0.00395574;90
-159.044;0.00338597;90
-153.703;0.00859554;90
-1.4034;0.0013474;90
167.511;0.00312597;90
179.691;0.00574108;90
-177.278;0.000568641;90
-164.594;0.00253716;90
178.877;0.00336865;90
148.234;0.00396612;90
122.035;0.0104066;90
123.004;0.00166699;90
127.818;0.00317864;90
138.494;0.00831902;90
144.721;0.00134012;90
147.886;0.00275208;90
132.812;0.00470428;90
126.861;0.0080816;90
141.089;0.000926588;90
144.017;0.00293255;90
160.584;0.00647951;90
-163.095;0.00114863;90
-142.582;0.00587867;90
-114.55;0.00151386;90
-122.925;0.00800115;90
-122.31;0.00127785;90
-138.125;0.00346361;90
-143.187;0.0076518;90
-142.265;0.00154898;90
-140.034;0.00256254;90
-131.876;0.00474892;90
-134.206;0.00862824;90
-127.949;0.00202776;90
-130.827;0.00330388;90
-131.128;0.00447134;90
-117.163;0.0109788;90
-100.394;0.0017792;90
-126.122;0.00317047;90
-116.624;0.00997689;90
-120.81;0.00192113;90
-144.835;0.00854438;90
-140.666;0.001726;90
-134.523;0.00824727;90
-121.568;0.00104105;90
-135.751;0.00301961;90
-136.101;0.00386505;90
-140.204;0.00382779;90
-141.31;0.003577;90
-170.595;0.00690279;90
-168.962;0.00256444;90
-165.826;0.00301788;90
-164.745;0.00302146;90
174.231;0.00581948;90
131.063;0.00135944;90
143.069;0.0052692;90
164.645;0.00125376;90
153.028;0.00603888;90
122.967;0.00114305;90
135.375;0.0055106;90
107.753;0.00191205;90
112.069;0.00871125;90
110.675;0.00224883;90
113.364;0.00913831;90
117.906;0.00137601;90
128.07;0.00655824;90
117.585;0.001557;90
130.327;0.00597086;90
143.252;0.00339461;90
165.041;0.00081357;90
-177.821;0.00707412;90
150.223;0.00507625;90
138.32;0.0077523;90
118.588;0.00184949;90
108.626;0.00844428;90
102.028;0.00203467;90
121.348;0.00822697;90
120.025;0.00108916;90
129.884;0.00957845;90
-56.0156;0.00183553;90
139.886;0.00752125;90
143.111;0.0011828;90
162.642;0.0062077;90
82.4347;0.00116212;90
-177.144;0.00662323;90
150.205;0.00515203;90
125;0.00173472;90
122.505;0.00638291;90
124.601;0.00177859;90
145.582;0.00517494;90
141.355;0.0012458;90
141.763;0.00269017;90
155.266;0.00299473;90
168.103;0.00101378;90
169.087;0.00198082;90
176.789;0.00185691;90
-175.222;0.00633903;90
-147.339;0.00626691;90
-143.69;0.00120746;90
-149.294;0.00606888;90
-161.87;0.000594517;90
175.833;0.00414195;90
173.63;0.000856286;90
-173.024;0.00439655;90
-167.573;0.00213297;90
-165.659;0.00255151;90
-174.488;0.00293558;90
176.416;0.00481542;90
151.515;0.000907906;90
178.521;0.00430043;90
161.633;0.000529998;90
-157.045;0.00330252;90
-79.1122;0.000931773;90
-107.83;0.00578065;90
-87.2641;0.00199027;90
-94.6477;0.0102557;90
-84.0377;0.00154033;90
-97.5888;0.0103436;90
-105.649;0.00236153;90
-111.937;0.00846383;90
-130.985;0.00126246;90
-140.494;0.00663983;90
-145.116;0.00143726;90
-156.626;0.00556033;90
-158.3;0.00756728;90
-132.656;0.000968132;90
-144.696;0.00734714;90
-147.543;0.000954028;90
-129.725;0.00770616;90
-123.148;0.00178677;90
-117.479;0.00832415;90
-107.337;0.00217794;90
-127.395;0.00676428;90
-161.47;0.0143394;90
8.78857;0.00739584;90
-170.839;0.00137555;90
-170.234;0.00690913;90
-149.74;0.00767583;90
-149.165;0.000612594;90
-145.497;0.00660604;90
-145.278;0.00160112;90
-148.535;0.00735671;90
-152.803;0.00591834;90
-156.176;0.00143093;90
-165.332;0.00547339;90
-159.506;0.0011882;90
-168.413;0.00616871;90
-164.056;0.00870385;90
15.1305;0.00778487;90
-166.153;0.00632173;90
-159.387;0.00683134;90
-141.502;0.00133014;90
-153.59;0.00661431;90
-129.286;0.00115763;90
-144.658;0.00665917;90
-146.142;0.00246621;90
-137.889;0.00418149;90
-140.78;0.0057014;90
-137.38;0.0016688;90
-141.769;0.00275358;90
-135.394;0.00822526;90
-126.384;0.00158126;90
-131.321;0.00711827;90
-122.277;0.00205801;90
-129.746;0.00763702;90
-131.509;0.00114977;90
-140.373;0.00813281;90
-144.399;0.000948233;90
-155.847;0.00647155;90
-156.478;0.00676515;90
-154.606;0.00120326;90
-155.527;0.00594296;90
-149.2;0.00101751;90
-153.12;0.00667521;90
-143.672;0.00145847;90
-130.515;0.0070176;90
-130.516;0.00153771;90
-119.505;0.00818674;90
-127.476;0.00136088;90
-117.495;0.0094786;90
-118.339;0.00215302;90
-122.532;0.00783785;90
-126.912;0.0032468;90
-127.439;0.00467503;90
-125.138;0.00478499;90
-120.972;0.00506984;90
-115.623;0.00541559;90
-111.485;0.00565711;90
-106.527;0.00596546;90
-102.401;0.0062539;90
-102.341;0.00663941;90
-106.003;0.00597766;90
-110.429;0.00576991;90
-116.839;0.00534024;90
-117.062;0.00525764;90
-115.498;0.0053335;90
-110.301;0.00575017;90
-105.989;0.00612079;90
-101.523;0.0066878;90
-103.613;0.00613947;90
-110.504;0.00571828;90
-112.041;0.00559059;90
-109.411;0.00583145;90
-107.099;0.00599288;90
-102.528;0.00622829;90
-97.1549;0.00688864;90
-93.1319;0.00657081;90
-93.4092;0.0066087;90
-93.4777;0.00659414;90
-95.0237;0.00662344;90
-95.5622;0.00653075;90
-93.3329;0.00701787;90
-87.1424;0.00657918;90
-90.5295;0.00660028;90
-96.6705;0.00647382;90
-97.0124;0.00643816;90
-97.0074;0.00646731;90
-102.57;0.00668113;90
-110.994;0.00561041;90
-115.847;0.0053558;90
-115.165;0.00536414;90
-108.214;0.0058101;90
-103.206;0.00621126;90
-97.2363;0.00689895;90
-95.8274;0.0065398;90
-95.8462;0.00655811;90
-95.5792;0.00651084;90
-96.9309;0.00648036;90
-105.91;0.0320767;90
-92.5028;0.00245034;90
-95.0448;0.00641385;90
-96.8565;0.00677646;90
-97.3885;0.00655543;90
-103.158;0.00621619;90
-104.204;0.0060314;90
-103.901;0.00625622;90
-104.145;0.00612161;90
-103.945;0.0062533;90
-104.457;0.00594422;90
-106.703;0.00594274;90
-106.694;0.00640182;90
-106.398;0.00606782;90
-106.293;0.00588848;90
-105.975;0.00579167;90
-107.526;0.00587783;90
-106.218;0.00586124;90
-106.458;0.00560151;90
-104.625;0.00478815;90
-104.429;0.00275697;90
-108.074;0.00397095;90
-103.996;0.00488709;90
-95.3448;0.02277;90
-97.7867;0.00479017;90
-101.753;0.00593544;90
-91.3034;0.00703382;90
-91.0378;0.00657008;90
-91.101;0.0065052;90
-95.2013;0.00606698;90
-96.5742;0.00619272;90
-98.4135;0.00560431;90
-114.022;0.00508983;90
-140.299;0.00379784;90
-141.637;0.00370746;90
-137.998;0.00366429;90
-116.383;0.00477313;90
-103.047;0.00681287;90
-101.781;0.0061812;90
-104.43;0.00586295;90
-110.471;0.00512676;90
-107.551;0.00535216;90
-102.193;0.00646789;90
-98.6447;0.00614076;90
-97.8563;0.00583073;90
-97.6543;0.00609632;90
-97.7449;0.00637415;90
-95.9296;0.00645654;90
-99.3684;0.00651794;90
-101.897;0.00619916;90
-101.757;0.00666482;90
-107.844;0.00591346;90
-119.31;0.00508036;90
-122.839;0.00476318;90
-122.763;0.00456051;90
-122.167;0.00454932;90
-122.125;0.00495698;90
-121.738;0.00450345;90
-120.049;0.00455524;90
-117.487;0.00503315;90
-111.507;0.00487977;90
-107.74;0.00513307;90
-108.049;0.0055417;90
-108.103;0.00508155;90
-107.775;0.0053231;90
-107.009;0.0054253;90
-104.97;0.00558246;90
-103.122;0.0057481;90
-101.401;0.00615649;90
-100.851;0.00607666;90
-104.97;0.0059075;90
-113.634;0.00542285;90
-118.785;0.00487202;90
-117.815;0.00506187;90
-114.881;0.0053407;90
-106.03;0.00570377;90
-106.903;0.00602218;90
-115.545;0.00570467;90
-117.799;0.00467223;90
-113.109;0.00485887;90
-103.854;0.0131598;90
-98.6229;0.00307476;90
-102.212;0.00422153;90
-100.443;0.0044853;90
-101.587;0.00645759;90
-104.632;0.00564508;90
-108.794;0.00540096;90
-108.332;0.00561495;90
-109.118;0.00585917;90
-108.839;0.00506641;90
-115.078;0.00243008;90
-107.148;0.00291351;90
-105.231;0.00351341;90
-107.899;0.00496531;90
-107.941;0.00543426;90
-110.653;0.00521407;90
-114.384;0.00350243;90
-114.881;0.00246476;90
-113.054;0.00250507;90
-110.016;0.0028193;90
-117.767;0.00377352;90
-120.699;0.00426813;90
-121.383;0.00396155;90
-129.246;0.00390736;90
-136.788;0.00364833;90
-145.929;0.00366998;90
-150.487;0.00365186;90
-149.012;0.00363594;90
-148.004;0.00393121;90
-125.804;0.00455719;90
-111.549;0.00544241;90
-108.734;0.00562925;90
-105.924;0.00550733;90
-103.328;0.00612085;90
-103.741;0.0057506;90
-103.896;0.00622518;90
-107.163;0.0056119;90
-112.273;0.00541395;90
-118.023;0.00523812;90
-123.687;0.00494543;90
-117.979;0.00538207;90
-106.86;0.00599573;90
-103.361;0.00635706;90
-103.381;0.0060667;90
-101.629;0.00669747;90
-98.8566;0.0063912;90
-98.1935;0.00626596;90
-98.3553;0.00582887;90
-98.4529;0.00622462;90
-98.7754;0.00700702;90
-98.4657;0.00639872;90
-98.3664;0.00599985;90
-97.1054;0.00506087;90
-89.4241;0.00567129;90
-88.3284;0.00603357;90
-86.7128;0.00598184;90
-92.8579;0.00635791;90
-105.978;0.00581983;90
-124.703;0.00492512;90
-135.365;0.00432546;90
-132.143;0.00446811;90
-137.661;0.00433995;90
-138.031;0.00441286;90
-130.852;0.00491667;90
-117.179;0.00567904;90
-116.481;0.00546764;90
-117.871;0.00512327;90
-121.786;0.00507637;90
-117.671;0.00558584;90
-110.493;0.00560148;90
-120.437;0.0102785;90
44.6484;0.00449375;90
-130.815;0.0094091;90
-119.359;0.00511953;90
-121.889;0.0041304;90
-122.433;0.00369186;90
-123.255;0.00379676;90
-122.428;0.00404114;90
-122.348;0.00474898;90
-119.542;0.00531381;90
-108.608;0.00533384;90
-107.75;0.00441517;90
-108.439;0.00460965;90
-106.911;0.00486435;90
-105.983;0.00537478;90
-105.955;0.00557684;90
-104.961;0.00527584;90
-103.055;0.00553814;90
-95.6153;0.00526326;90
-103.744;0.00526988;90
-126.066;0.00453525;90
-149.007;0.00366647;90
-139.257;0.00413384;90
-137.604;0.0035491;90
-109.562;0.00273274;90
-113.748;0.00391337;90
-100.476;0.00440543;90
-100.365;0.00498026;90
-89.519;0.00226308;90
172.355;0.00128542;90
-172.063;0.00246966;90
-160.236;0.00276805;90
-148.86;0.00312883;90
-137.181;0.00382822;90
-127.841;0.0041534;90
-121.233;0.00434702;90
-109.486;0.00451776;90
-93.3155;0.00257631;90
-100.38;0.00273069;90
-92.8549;0.00497918;90
-88.0728;0.00487676;90
-82.9711;0.0043638;90
-73.6771;0.0023768;90
-91.5185;0.00218877;90
-81.1084;0.00308609;90
-84.6422;0.00184205;90
-85.4672;0.00255599;90
-81.1287;0.000940248;90
-80.967;0.00177704;90
-74.2759;0.0032361;90
-62.0955;0.00286966;90
-55.0184;0.00269486;90
-52.4856;0.0015469;90
-53.619;0.000726626;90
-53.9694;0.00129714;90
-19.6114;0.00172507;90
27.4236;0.00164146;90
54.8591;0.00233326;90
71.687;0.00311896;90
72.1151;0.0028329;90
-35.7361;0.000939984;90
-27.2308;0.00138556;90
-73.0269;0.000942033;90
-68.6096;0.00222636;90
-54.0974;0.00178885;90
-62.3019;0.000927255;90
-50.4983;0.00195566;90
-54.1867;0.00222338;90
-53.1567;0.0017244;90
-54.1781;0.000984165;90
-100.126;0.00151866;90
118.328;0.00956774;90
122.916;0.00242176;90
112.026;0.00217581;90
149.991;0.00153358;90
105.651;0.00101566;90
72.6436;0.00288957;90
77.8206;0.00330847;90
91.2409;0.00193945;90
-140.532;0.0016503;90
177.691;0.000744605;90
122.108;0.0017083;90
106.968;0.00267964;90
96.9668;0.00220125;90
35.6952;0.000634133;90
43.6621;0.00199883;90
49.8502;0.00155555;90
1.00179;0.00091514;90
4.28915;0.000922584;90
19.378;0.00061483;90
86.9934;0.00144899;90
88.4869;0.00159055;90
-129.289;0.00727689;90
-137.535;0.000703552;90
-164.789;0.00468411;90
-159.07;0.000915398;90
-138.646;0.00567116;90
176.477;0.00113915;90
150.142;0.00433663;90
141.137;0.00105824;90
153.758;0.00111045;90
-167.86;0.00402296;90
-167.641;0.00121004;90
-171.395;0.0012966;90
-168.576;0.00276681;90
-117.591;0.000874443;90
-62.8316;0.00615847;90
-109.607;0.00163904;90
23.739;0.00975978;90
-43.7443;0.000935727;90
-71.1153;0.00201443;90
-127.117;0.000974409;90
-131.963;0.00224185;90
50.405;0.00174157;90
66.9202;0.00310448;90
164.749;0.00820391;90
-117.655;0.00533444;90
79.5476;0.00149379;90
-34.523;0.000610512;90
50.8152;0.00443162;90
4.07328;0.00132334;90
-22.3562;0.00416181;90
-39.6981;0.000818797;90
1.23061;0.00135031;90
-116.588;0.00331564;90
-123.854;0.00213616;90
80.968;0.00531895;90
-172.201;0.00850466;90
108.908;0.00199041;90
144.905;0.00100708;90
141.376;0.00150911;90
126.925;0.001047;90
-152.519;0.00265679;90
-177.414;0.00110813;90
-101.877;0.00372678;90
-103.948;0.00504475;90
-104.574;0.0280764;90
76.6522;0.0169365;90
-102.836;0.00206152;90
-107.009;0.0313754;90
68.0639;0.0135101;90
-111.133;0.0153965;90
-107.526;0.0213825;90
-103.615;0.00181397;90
-104.273;0.0150238;90
-103.23;0.00249933;90
-107.69;0.0158684;90
-111.179;0.00171054;90
-113.259;0.00770848;90
-130.488;0.000880956;90
-108.043;0.00221807;90
-114.813;0.0152983;90
-133.816;0.000992283;90
-119.409;0.00966322;90
-116.024;0.00180056;90
-127.402;0.00165787;90
-124.292;0.00886377;90
-130.345;0.00145508;90
-126.886;0.007239;90
-135.386;0.00104937;90
-125.805;0.00704922;90
-126.732;0.0014162;90
-128.588;0.00631224;90
-139.272;0.00142383;90
-132.058;0.00210784;90
-128.248;0.00856448;90
-135.681;0.00118944;90
-138.625;0.00134195;90
-120.996;0.00421372;90
-122.409;0.00834949;90
-123.111;0.00164754;90
-124.472;0.00736045;90
-142.883;0.000928009;90
-122.684;0.00701471;90
-123.677;0.00121729;90
-123.779;0.00606482;90
-117.504;0.00144648;90
-124.586;0.00814427;90
-114.317;0.00213217;90
-111.488;0.00312307;90
-111.598;0.00798996;90
-107.521;0.00136849;90
-110.158;0.00782638;90
-114.715;0.00200904;90
-113.762;0.0104706;90
65.1045;0.00219496;90
-114.673;0.00766808;90
-120.526;0.00163803;90
-131.448;0.0075551;90
-120.553;0.00189048;90
-123.729;0.00617548;90
-115.151;0.00199294;90
-111.098;0.00875378;90
-104.263;0.00190368;90
-116.357;0.00764025;90
-108.703;0.00108214;90
-89.0152;0.00401459;90
-67.2409;0.00104431;90
-66.0197;0.00228087;90
-87.9722;0.00582165;90
-97.8129;0.00140504;90
-96.8735;0.00599106;90
-156.301;0.00267455;90
-173.854;0.0020176;90
-132.847;0.00259692;90
-102.85;0.00442892;90
-107.166;0.00286984;90
178.125;0.003728;90
-172.543;0.0027432;90
101.029;0.00231577;90
92.2727;0.00191651;90
