angle=Azimuth
heading=Coordinate_System
dist_units=Default
startAt=15.627;60.6132;90
survey=Polygonal
[data]
-105.73;0.000984882;90
-102.791;0.00177505;90
-104.239;0.00226457;90
-51.6339;0.00137107;90
112.741;0.00761825;90
94.7306;0.00115192;90
84.2305;0.00106439;90
133.06;0.00135772;90
130.83;0.000787681;90
134.465;0.00060531;90
128.281;0.00129939;90
147.508;0.000623619;90
53.0312;0.0031278;90
77.3613;0.00180985;90
72.7506;0.00284286;90
76.2018;0.0023354;90
92.91;0.00120155;90
128.456;0.0010548;90
161.758;0.000658074;90
-109.839;0.0130176;90
-58.2593;0.000986551;90
-102.34;0.00167981;90
-105.058;0.00183604;90
-105.031;0.00222099;90
-104.283;0.00276445;90
-105.172;0.00319434;90
-112.155;0.00105273;90
132.66;0.00292633;90
-157.411;0.00270231;90
-133.675;0.00198821;90
90.542;0.00285413;90
173.59;0.00145107;90
-167.992;0.00291274;90
125.106;0.00342382;90
108.899;0.00335592;90
113.268;0.00239477;90
122.656;0.00169017;90
-123.69;0.00153957;90
-29.6018;0.0171367;90
-37.6219;0.000655256;90
-33.8921;0.000550543;90
-7.51644;0.000580992;90
67.4362;0.000865231;90
79.3696;0.00130642;90
71.3079;0.000845602;90
76.1937;0.00114817;90
70.9676;0.000818758;90
-103.119;0.00477153;90
-177.686;0.000866707;90
144.887;0.00116135;90
145.179;0.000520133;90
150.015;0.000502221;90
162.658;0.000878957;90
-156.221;0.00151785;90
-138.9;0.000748438;90
-165.398;0.000638627;90
-148.22;0.000674058;90
-178.605;0.000698207;90
100.099;0.00134585;90
-179.262;0.00388432;90
127.358;0.00117504;90
121.618;0.00139626;90
124.778;0.000964243;90
111.897;0.00122541;90
90.5474;0.00125606;90
112.275;0.000944479;90
113.436;0.00117166;90
114.837;0.00117134;90
114.164;0.00109932;90
-126.931;0.0039244;90
-116.472;0.00137742;90
-99.9095;0.00168514;90
-103.496;0.0010284;90
-12.1409;0.0182297;90
-12.158;0.00056978;90
-31.8576;0.00628825;90
-8.80558;0.000659776;90
-1.72852;0.00169077;90
-4.94366;0.00190308;90
84.0986;0.0053785;90
-53.1773;0.0017002;90
-112.228;0.00321708;90
-91.0375;0.00127021;90
-171.813;0.00113759;90
156.648;0.00132449;90
-168.533;0.00156933;90
-163.941;0.00332578;90
156.777;0.00151147;90
109.715;0.00275978;90
120.161;0.00223913;90
156.181;0.00235236;90
-148.136;0.00308959;90
157.336;0.000703308;90
90.8698;0.00250329;90
-177.145;0.00202752;90
-175.196;0.00292528;90
117.328;0.00379673;90
107.302;0.00284787;90
112.683;0.00224569;90
126.315;0.00111445;90
-58.0918;0.01131;90
16.2338;0.00147376;90
14.0204;0.00175014;90
-25.2824;0.00243748;90
21.3291;0.00139666;90
-30.9279;0.00164604;90
-43.3899;0.0014848;90
-66.101;0.00137488;90
-70.5565;0.00278482;90
-21.3916;0.00176564;90
26.061;0.00167756;90
15.0735;0.00171501;90
-7.70543;0.00228967;90
-25.8157;0.00253055;90
-32.8542;0.00448662;90
-13.0889;0.000865485;90
7.40329;0.00219631;90
50.6251;0.00306593;90
-0.485113;0.00224408;90
-61.4555;0.00332747;90
-20.0462;0.000776014;90
54.4623;0.0033205;90
76.5501;0.00457446;90
96.8643;0.00507034;90
104.887;0.00555444;90
104.415;0.0063912;90
106.528;0.00571202;90
118.685;0.00442508;90
135.962;0.00252614;90
109.181;0.00131182;90
89.6049;0.00217505;90
90;0.002409;90
102.604;0.00139768;90
157.797;0.0116358;90
109.574;0.0021163;90
-100.291;0.00111392;90
-60.6949;0.000888735;90
-90.42;0.00886824;90
-109.388;0.00165378;90
-119.832;0.001381;90
-130.368;0.00199632;90
-157.127;0.000993087;90
-75.9155;0.0028806;90
-80.8364;0.00151331;90
-103.151;0.00095813;90
-89.5142;0.00861031;90
-102.387;0.0013146;90
-97.1839;0.00265484;90
-45.2493;0.00162495;90
-48.5974;0.00144251;90
67.0622;0.0010674;90
80.8529;0.000956159;90
-94.8186;0.000952366;90
-107.664;0.000893108;90
172.911;0.000591522;90
130.627;0.00146515;90
156.846;0.0013606;90
-103.511;0.000898875;90
-106.689;0.00464881;90
-95.3537;0.00254008;90
144.12;0.00418022;90
-148.278;0.00104983;90
-135.525;0.00177421;90
153.816;0.00738813;90
115.565;0.0017681;90
109.368;0.00512926;90
106.175;0.00109848;90
114.039;0.0012176;90
-65.2696;0.00465162;90
-84.6955;0.00131965;90
-76.6162;0.00153365;90
-52.5756;0.000702633;90
-63.8214;0.000795611;90
-56.1972;0.000986814;90
-54.074;0.00108055;90
-38.4431;0.000866927;90
10.8598;0.000923539;90
18.6022;0.000974934;90
18.1284;0.00106381;90
-59.3457;0.00101597;90
-48.7745;0.000816358;90
26.5651;0.000930204;90
14.2558;0.000759385;90
43;0.000891498;90
24.8125;0.000643394;90
14.696;0.000674051;90
-11.3422;0.000696605;90
-26.7705;0.000748193;90
-48.137;0.000891583;90
-30.5757;0.000633016;90
11.1805;0.000520886;90
-19.6314;0.000514931;90
44.2946;0.00103387;90
-73.3008;0.00141988;90
-100.942;0.00146463;90
-94.2753;0.000925575;90
-88.6864;0.00100326;90
-66.1278;0.000837662;90
-22.8664;0.000679391;90
18.7081;0.000729546;90
21.8823;0.000657362;90
35.0944;0.000871418;90
16.2167;0.00116016;90
1.98144;0.000607363;90
-4.14462;0.000622628;90
-4.68756;0.000562883;90
-10.2061;0.000519216;90
-14.9236;0.000469848;90
-12.9033;0.000564248;90
-12.7749;0.000606001;90
-35.7556;0.00110041;90
-25.4787;0.000801998;90
-44.2952;0.000804748;90
-19.8779;0.000791137;90
-18.6717;0.00107139;90
-28.8557;0.000727303;90
-83.5412;0.0013868;90
-99.1132;0.000890237;90
-115.416;0.000780545;90
-113.607;0.00132597;90
-72.7095;0.000269164;90
74.3787;0.00126264;90
64.9803;0.00124371;90
92.3846;0.0017305;90
137.206;0.00106569;90
160.796;0.000848199;90
152.855;0.000883292;90
146.914;0.000815177;90
145.103;0.000790068;90
154.473;0.00120902;90
168.513;0.000572466;90
161.083;0.000601486;90
165.964;0.000581358;90
170.71;0.00054515;90
170.478;0.000634745;90
-172.65;0.000914515;90
-165.645;0.000871201;90
-147.713;0.000883625;90
-156.945;0.00089118;90
-166.453;0.000738548;90
141.439;0.000901592;90
108.357;0.00485821;90
178.927;0.000694122;90
142.622;0.000586423;90
146.15;0.00148827;90
178.193;0.00082441;90
-163.096;0.000804771;90
-142.231;0.000853905;90
-143.13;0.00082;90
163.751;0.00642568;90
124.18;0.00187967;90
123.993;0.00109999;90
97.023;0.00174207;90
109.891;0.001693;90
113.047;0.00123888;90
112.304;0.00118571;90
-34.2071;0.0159502;90
-41.8945;0.00123996;90
-7.95404;0.000874412;90
40.5709;0.000613479;90
81.8205;0.00147602;90
74.1521;0.00153432;90
69.7361;0.00137724;90
-34.8973;0.000842499;90
-52.681;0.000867627;90
-45.4747;0.00110949;90
-51.0708;0.00106309;90
-50.3558;0.00104543;90
-45;0.000707107;90
-46.5585;0.00148194;90
-47.2871;0.000921387;90
-47.9232;0.000665546;90
-35.3072;0.000982765;90
53.4879;0.00112102;90
74.2322;0.00110768;90
75.6893;0.00146857;90
-56.4849;0.00127138;90
-55.9899;0.000893913;90
110.006;0.00440481;90
118.589;0.000860976;90
125.456;0.000980899;90
137.829;0.000859475;90
134.355;0.00119438;90
129.426;0.00123763;90
130.571;0.000814899;90
133.327;0.000823423;90
-47.4462;0.00316436;90
-51.7647;0.000906457;90
-49.8282;0.000781297;90
-48.2221;0.000691937;90
-45.4485;0.000722685;90
-74.9244;0.000895831;90
-53.3743;0.000704006;90
-96.2107;0.00102602;90
-69.2362;0.000871611;90
-62.5603;0.000878877;90
-55.2539;0.000782538;90
-112.547;0.00368246;90
177.718;0.00203461;90
-176.33;0.00232777;90
-159.054;0.00247559;90
163.686;0.00187968;90
110.184;0.00311851;90
82.058;0.00185277;90
75.4008;0.00355477;90
84.1464;0.00119624;90
72.003;0.00190311;90
77.0439;0.0020071;90
129.788;0.0020861;90
143.767;0.00217573;90
170.931;0.00191595;90
143.61;0.00136025;90
123.282;0.00202277;90
108.641;0.00316293;90
103.969;0.002908;90
110.596;0.00299333;90
112.958;0.00263035;90
-122.351;0.00255093;90
-119.235;0.00243862;90
-121.283;0.00190847;90
148.625;0.000693387;90
131.535;0.000678649;90
146.042;0.00142143;90
139.54;0.00061641;90
126.428;0.000725822;90
176.947;0.00615774;90
-153.376;0.00174503;90
-98.9647;0.00149527;90
-7.37078;0.00179281;90
-38.0804;0.00305788;90
-60.9636;0.00304925;90
-61.5299;0.0035515;90
-63.0884;0.00125714;90
-68.7304;0.00186075;90
-65.1183;0.0023292;90
-74.8481;0.00321372;90
-56.8576;0.00275643;90
-24.1421;0.00207335;90
17.2357;0.00231182;90
10.2441;0.00101213;90
-89.1378;0.0017942;90
-31.5876;0.000945013;90
37.9435;0.00278589;90
-27.2484;0.00243749;90
-33.6454;0.00106669;90
-75.7761;0.00192502;90
-63.5708;0.00320608;90
10.5508;0.00168753;90
24.9357;0.00132116;90
28.8662;0.000679418;90
0.264644;0.000866009;90
-8.38604;0.00256442;90
-17.2933;0.000618981;90
64.4818;0.000807803;90
91.8316;0.00287847;90
80.4969;0.00207751;90
-51.309;0.00143492;90
113.524;0.00293383;90
109.085;0.00172798;90
129.741;0.000686662;90
136.664;0.000681938;90
121.698;0.000869741;90
134.731;0.00135554;90
138.873;0.000638562;90
129.939;0.000825584;90
132.392;0.000683773;90
124.806;0.000655225;90
117.528;0.00143665;90
166.149;0.00569355;90
171.956;0.000750383;90
164.318;0.000658513;90
-112.243;0.00086648;90
-103.501;0.00132357;90
-100.022;0.00116071;90
-96.6851;0.00108236;90
-89.7995;0.00114301;90
-90.2449;0.000936009;90
-95.5942;0.00195933;90
-98.1034;0.00121311;90
-78.5142;0.00115003;90
-129.251;0.00074124;90
-135.863;0.000798414;90
-163.618;0.00124452;90
175.159;0.000734621;90
94.5438;0.00106033;90
171.395;0.000802028;90
-163.919;0.000754524;90
-171.952;0.000785738;90
-167.285;0.000736049;90
163.157;0.000876605;90
125.938;0.00136478;90
121.382;0.000681725;90
123.735;0.000713067;90
121.242;0.000883057;90
120.471;0.000978093;90
92.1626;0.00143102;90
108.969;0.0010183;90
111.291;0.00110437;90
113.41;0.00110495;90
113.891;0.00106419;90
134.886;0.000712765;90
-68.0869;0.00780813;90
-53.8286;0.0013453;90
-58.9576;0.00137491;90
-35.0615;0.00121681;90
17.5356;0.00114836;90
18.5041;0.00131077;90
-44.1404;0.00108412;90
-40.4356;0.00101296;90
12.7406;0.000997562;90
39.5018;0.00106272;90
32.9484;0.00104986;90
2.19373;0.000992728;90
-23.4571;0.00104757;90
-42.243;0.00138187;90
-16.7696;0.000935797;90
78.9133;0.00251697;90
74.564;0.00219415;90
35.1179;0.000745749;90
-58.0164;0.00111766;90
-46.456;0.000974001;90
-45.9358;0.001169;90
-49.9012;0.00110075;90
-44.4452;0.00109536;90
-44.5873;0.00117807;90
-58.7816;0.00127339;90
-47.4121;0.000772845;90
-56.3099;0.000667027;90
32.4021;0.000826712;90
52.3443;0.000962491;90
79.4903;0.00240128;90
110.67;0.00422391;90
133.063;0.00081576;90
128.67;0.00089144;90
-52.9102;0.00484524;90
69.6327;0.00117229;90
113.873;0.000971078;90
135.707;0.0011456;90
82.6915;0.00104549;90
79.3338;0.00136152;90
82.5766;0.00123838;90
103.401;0.00124695;90
106.872;0.00146088;90
128.348;0.000860686;90
121;0.00137079;90
145.313;0.000908459;90
137.128;0.000895107;90
76.3556;0.00106403;90
78.4289;0.00116161;90
73.2199;0.00101836;90
72.2981;0.000815618;90
74.528;0.00152942;90
72.4038;0.00142571;90
71.6531;0.000822826;90
81.2001;0.00162108;90
75.9638;0.000898837;90
78.7659;0.00103687;90
81.6473;0.00189308;90
75.6964;0.000987616;90
71.2972;0.000879439;90
80.4047;0.00148781;90
79.7441;0.00178045;90
56.5263;0.00117486;90
1.89288;0.000938512;90
-10.6646;0.00094024;90
-30.1941;0.00145547;90
21.6549;0.00137935;90
171.337;0.00375787;90
-175.49;0.000788442;90
-119.325;0.00096576;90
-98.4362;0.00158818;90
-103.72;0.00131966;90
-103.416;0.00123264;90
-105.175;0.00113456;90
-99.6132;0.00162279;90
-99.7754;0.00222632;90
-100.419;0.00147634;90
-103.553;0.00112225;90
-107.702;0.0015819;90
-108.536;0.00197864;90
-104.058;0.00191846;90
-103.683;0.00149647;90
128.569;0.000789147;90
134.073;0.00118032;90
130.018;0.00124568;90
129.087;0.000858043;90
136.736;0.000723702;90
-118.599;0.00752285;90
162.247;0.00079695;90
-178.881;0.000717137;90
165.169;0.000734469;90
153.998;0.00118383;90
121.616;0.00131051;90
122.035;0.00122917;90
108.847;0.00145184;90
108.88;0.00118051;90
103.026;0.00125119;90
105.283;0.00212827;90
111.327;0.00159202;90
109.615;0.00118263;90
92.2026;0.00130096;90
126.619;0.00118861;90
169.762;0.000461346;90
-121.283;0.00150595;90
-121.714;0.00127074;90
-117.001;0.00129293;90
-119.44;0.00114138;90
-127.757;0.000891707;90
-116.41;0.000993712;90
-106.699;0.00102315;90
-135.427;0.00104443;90
145.689;0.000613812;90
142.605;0.000764032;90
141.162;0.000704816;90
-150.073;0.00147925;90
-177.064;0.000507666;90
-171.355;0.000818297;90
-104.067;0.000892774;90
-82.3332;0.000996912;90
-60.0562;0.000857457;90
-63.1948;0.000853738;90
-62.782;0.000784911;90
-59.3239;0.000717388;90
-65.2736;0.00147746;90
-58.8055;0.000808965;90
-120.472;0.00479768;90
34.6287;0.000981951;90
5.71059;0.00079394;90
-40.4364;0.000942024;90
-42.0852;0.00104292;90
-42.5104;0.00100929;90
-61.5775;0.00133832;90
-57.8489;0.00112562;90
-58.2278;0.00127625;90
-56.6698;0.00132493;90
-44.5382;0.0011406;90
11.4852;0.00108982;90
15.7953;0.00115356;90
7.56732;0.00110866;90
-70.739;0.00149149;90
21.9745;0.00104491;90
20.6087;0.000892088;90
36.1547;0.00102548;90
23.0782;0.000875028;90
-6.64057;0.000821511;90
-29.7217;0.000917733;90
-42.4234;0.00113252;90
-3.78889;0.000756654;90
38.4802;0.000647656;90
81.573;0.00122826;90
72.7951;0.00164982;90
71.9726;0.00146702;90
-34.2837;0.000669282;90
-44.3415;0.000922835;90
-46.4965;0.000974726;90
-52.8261;0.00101781;90
-48.0182;0.000792352;90
-48.6557;0.000987008;90
-48.2349;0.00126562;90
-48.517;0.000979774;90
-50.5306;0.000851076;90
-45.3423;0.00118372;90
49.2679;0.000712618;90
51.5278;0.000858336;90
78.43;0.00129634;90
72.5627;0.00110791;90
-58.8336;0.00159992;90
-53.7656;0.000793449;90
111.653;0.00314383;90
121.174;0.000840349;90
97.429;0.00100544;90
129.806;0.000851317;90
138.978;0.000560672;90
132.039;0.000985608;90
122.977;0.000869005;90
140.967;0.000550993;90
132.714;0.00150663;90
127.87;0.000951345;90
120;0.000723998;90
-167.87;0.0188887;90
122.548;0.00108549;90
136.512;0.000777381;90
99.8351;0.00096011;90
119.452;0.000994524;90
114.193;0.00105901;90
-36.6612;0.0123015;90
82.3778;0.00247285;90
-16.7773;0.00161787;90
86.6512;0.00477616;90
77.8173;0.00323178;90
-10.2763;0.00215253;90
-29.8726;0.00189129;90
-45;0.00194737;90
59.0362;0.00152771;90
84.4308;0.00141166;90
92.3732;0.00710009;90
-51.0542;0.000844754;90
-46.0916;0.00471372;90
75.6199;0.00339435;90
72.1377;0.00354383;90
78.6308;0.00265306;90
78.2195;0.00248331;90
84.3597;0.00267596;90
80.3428;0.00270635;90
73.1185;0.00258959;90
76.4254;0.0018363;90
75.911;0.00158158;90
-8.73431;0.00183731;90
-5.66371;0.00170231;90
-24.631;0.000583051;90
172.837;0.00262247;90
174.895;0.000865432;90
-124.69;0.00136699;90
-118.803;0.00128269;90
-51.2201;0.0142273;90
-62.8837;0.00469507;90
-74.0855;0.0063712;90
-74.873;0.00643394;90
-77.3871;0.00569237;90
-89.8653;0.00510501;90
-106.773;0.00416521;90
-130.71;0.00211735;90
130.53;0.00289451;90
124.341;0.00107425;90
148.289;0.0013812;90
-143.5;0.00179884;90
-131.403;0.00250243;90
-163.08;0.00161491;90
164.919;0.000691827;90
148.773;0.00134251;90
149.613;0.00158353;90
155.695;0.00214293;90
146.141;0.00178226;90
160.519;0.00185309;90
-177.994;0.00182812;90
-160.265;0.00161697;90
-151.911;0.00164812;90
166.406;0.000910506;90
122.549;0.00197762;90
105.891;0.00189544;90
98.3973;0.00148593;90
69.2694;0.00230525;90
75.2564;0.00208257;90
77.4569;0.00174054;90
72.082;0.000806097;90
72.922;0.00136206;90
91.0524;0.00125221;90
131.286;0.00254315;90
157.624;0.00155509;90
165.901;0.00177754;90
-112.232;0.00262191;90
-92.3257;0.00423849;90
-128.959;0.00143776;90
-159.996;0.00118978;90
-93.385;0.00199849;90
158.009;0.000616883;90
-161.879;0.0023085;90
179.47;0.0022691;90
121.176;0.00328782;90
106.47;0.0031075;90
113.552;0.0025101;90
121.571;0.00155284;90
-65.9375;0.0100679;90
-24.291;0.00161169;90
17.6639;0.00270241;90
27.9658;0.00139036;90
78.0049;0.00232885;90
-27.9428;0.00163683;90
84.0484;0.00298006;90
84.362;0.00353209;90
75.6219;0.00170748;90
-10.6876;0.00155294;90
-9.29087;0.00126358;90
-45.4772;0.00127354;90
-48.4166;0.00199334;90
58.6518;0.00163579;90
166.414;0.00592994;90
-105.954;0.00260848;90
-94.8239;0.00244968;90
-93.1557;0.00263399;90
-176.665;0.000756281;90
-171.5;0.00109604;90
-97.5127;0.00221804;90
-166.687;0.00172845;90
-164.245;0.00223185;90
136.887;0.00231915;90
118.571;0.00278516;90
104.844;0.00232251;90
113.813;0.00206806;90
116.779;0.00179558;90
-117.42;0.001798;90
118.755;0.000760819;90
-76.3661;0.0139192;90
-123.983;0.00167993;90
-157.496;0.00286085;90
-115.814;0.00423235;90
-121.855;0.00445264;90
-135.422;0.00297771;90
-109.775;0.00493608;90
-170.027;0.00123567;90
-163.005;0.00367446;90
-130.338;0.0062815;90
-130.108;0.00640142;90
-128.36;0.00697716;90
-132.755;0.00610136;90
-127.55;0.00647306;90
-125.177;0.006872;90
-135.392;0.0061944;90
-133.12;0.00607732;90
-122.617;0.00653219;90
-161.522;0.00464128;90
-178.117;0.00471755;90
-177.062;0.004565;90
-147.439;0.0053048;90
-118.339;0.00742596;90
-112.897;0.00828371;90
-113.937;0.00811384;90
-116.086;0.00775495;90
-122.94;0.00718509;90
-123.159;0.00732957;90
-111.918;0.00845194;90
-103.296;0.00887488;90
-96.8375;0.00941597;90
-100.078;0.00946302;90
-105.718;0.00868579;90
-104.943;0.00828727;90
-103.124;0.00816527;90
-99.96;0.00242251;90
-99.8658;0.00147075;90
-114.227;0.00452778;90
-111.221;0.00448942;90
-94.2505;0.00329205;90
-65.6815;0.00567011;90
-63.6649;0.0050133;90
-61.3239;0.00236737;90
-87.9014;0.00188426;90
-109.261;0.00381663;90
-87.8805;0.00135192;90
28.2075;0.00149789;90
-135.9;0.0020247;90
177.805;0.000835613;90
-121.176;0.0032434;90
-120.238;0.00293886;90
-125.483;0.00218104;90
-129.692;0.00308774;90
-131.865;0.00514554;90
-132.06;0.00526639;90
-120.05;0.00603289;90
-107.085;0.00720915;90
-111.008;0.00756484;90
-129.863;0.00944529;90
-152.587;0.00175282;90
-161.89;0.00395702;90
-147.335;0.00441889;90
-131.611;0.00523892;90
-118.523;0.00587848;90
-107.685;0.00927955;90
-110.084;0.00604561;90
-122.878;0.0050308;90
-123.406;0.00431007;90
-116.525;0.00442473;90
-116.64;0.00619347;90
-128.203;0.00495914;90
-145.457;0.00395046;90
-146.658;0.00401361;90
-146.656;0.00400057;90
-148.289;0.0040484;90
-160.415;0.00374995;90
-173.104;0.00357285;90
-176.165;0.0036632;90
-176.226;0.00357074;90
155.01;0.00390565;90
123.401;0.00516266;90
118.096;0.00574159;90
142.294;0.00445547;90
-175.996;0.00353763;90
-139.022;0.00430486;90
-137.014;0.00442639;90
-164.368;0.00376319;90
161.242;0.00386848;90
154.56;0.00389464;90
157.837;0.00382243;90
165.812;0.00374937;90
167.913;0.00381559;90
169.947;0.00350583;90
-177.027;0.00372101;90
-171.12;0.00378335;90
-167.939;0.00358923;90
-145.047;0.00417874;90
-134.208;0.00455208;90
-131.05;0.00481481;90
-124.256;0.00525327;90
-125.631;0.0051342;90
-143.41;0.00434165;90
-133.621;0.00467321;90
-130.412;0.00480037;90
-136.664;0.0044326;90
-117.193;0.00563478;90
-111.239;0.00629668;90
-113.165;0.00610851;90
-116.847;0.00571948;90
-113.301;0.00585234;90
-109.554;0.00592787;90
-115.128;0.00613457;90
-120.085;0.00576114;90
-121.681;0.00558649;90
-139.466;0.00453146;90
-171.35;0.00372335;90
-174.448;0.00381389;90
-155.182;0.00406438;90
-139.741;0.00438847;90
-130.314;0.00530619;90
-145.229;0.00443978;90
167.971;0.00404482;90
150.08;0.0041501;90
156.225;0.00369344;90
177.639;0.00347095;90
-161.555;0.00363472;90
-161.406;0.00319581;90
-160.929;0.0029626;90
-169.782;0.0027679;90
-171.518;0.00324752;90
-172.203;0.00318444;90
-160.838;0.00314103;90
-159.431;0.00321067;90
-158.453;0.00309316;90
-151.359;0.0027289;90
-161.522;0.00254627;90
-162.072;0.00250146;90
-144.93;0.00269413;90
-156.943;0.00249207;90
-154.332;0.00274265;90
-146.104;0.00262874;90
-133.537;0.00293545;90
-157.991;0.00261238;90
-152.238;0.00340493;90
-156.034;0.00335308;90
-141.001;0.00388208;90
-148.258;0.00274097;90
167.431;0.00248147;90
-147.045;0.00266001;90
-137.939;0.00284065;90
-138.178;0.00272939;90
-138.381;0.00300973;90
-143.902;0.00281926;90
-146.286;0.00269168;90
-138.875;0.00301351;90
-155.739;0.00251403;90
-149.342;0.00250632;90
-159.522;0.0018894;90
-131.841;0.00215571;90
-128.759;0.00269947;90
-167.791;0.00178743;90
127.631;0.0023044;90
158.643;0.00131532;90
94.4316;0.0028084;90
106.489;0.00188138;90
99.7423;0.00131192;90
96.1789;0.00176525;90
104.923;0.00275699;90
103.096;0.00266122;90
100.928;0.0026745;90
-158.509;0.00123378;90
-161.405;0.000793419;90
29.2331;0.00190227;90
-60.5092;0.000727223;90
-79.6102;0.00205164;90
-76.6812;0.00205323;90
-72.2532;0.00202748;90
-80.5755;0.00224125;90
-86.665;0.00149553;90
-78.3841;0.00121182;90
-71.6956;0.00166526;90
-80.3112;0.00178851;90
-49.4025;0.00163045;90
-52.3211;0.00215301;90
-83.5647;0.00146322;90
-83.9936;0.00229359;90
-41.8719;0.00247503;90
-28.8649;0.00255207;90
-54.7735;0.00370312;90
-83.5884;0.00496103;90
-87.23;0.00480061;90
-67.2989;0.00276739;90
-38.0588;0.00183139;90
-17.1582;0.0019728;90
-31.3011;0.00215577;90
-39.8489;0.00203195;90
-40.9212;0.00252511;90
-33.0302;0.00419021;90
-40.1531;0.000928925;90
-48.8851;0.00197241;90
-43.9155;0.00257787;90
-41.6071;0.00395471;90
-44.7619;0.00102107;90
-37.7342;0.00185621;90
-31.1188;0.00202781;90
-66.5195;0.00277585;90
-65.7278;0.00323057;90
-62.1272;0.00291972;90
-51.4091;0.00233745;90
-36.3543;0.00355614;90
-49.8758;0.000989996;90
-43.1762;0.00186629;90
-47.1249;0.00238388;90
-41.4802;0.00232653;90
-35.6002;0.00213012;90
-43.8284;0.00204043;90
-64.6712;0.002819;90
-64.5313;0.00320219;90
-59.7682;0.00318173;90
-76.0496;0.00340132;90
-79.1011;0.00339015;90
-76.4971;0.00560185;90
-76.2103;0.00129636;90
-64.3551;0.00264561;90
-55.3353;0.00249485;90
-54.4651;0.00236924;90
-64.6312;0.00252775;90
-49.385;0.00227506;90
-28.0368;0.00179347;90
-19.0972;0.00284561;90
-55.6599;0.00222477;90
-79.8259;0.00317594;90
-83.9978;0.0035384;90
-79.2546;0.00372227;90
-80.3603;0.00387572;90
-79.8167;0.00371045;90
-80.7777;0.0038062;90
-79.2178;0.00381129;90
-79.7127;0.00350535;90
-89.1542;0.00386142;90
-98.2323;0.00364557;90
-106.955;0.0032576;90
-107.351;0.00337665;90
-93.9633;0.00403665;90
-71.5031;0.0035114;90
-59.6078;0.00312898;90
-58.2994;0.00334741;90
-59.682;0.00334786;90
-57.8925;0.00309308;90
-61.523;0.00339132;90
-81.028;0.00464888;90
-74.4832;0.00420527;90
-62.115;0.00363055;90
-80.4357;0.00433932;90
-97.1003;0.00432013;90
-109.255;0.00397855;90
-104.932;0.00455998;90
-106.444;0.00426026;90
-98.0615;0.00413587;90
-77.3926;0.00379347;90
-50.1453;0.00298825;90
-44.165;0.00276579;90
-44.1714;0.0027382;90
-43.5195;0.00284635;90
-43.8123;0.00293371;90
-32.837;0.00273858;90
3.21015;0.00241078;90
18.2404;0.00242169;90
17.5962;0.00211706;90
20.8598;0.00189843;90
-51.3149;0.000707155;90
-83.2324;0.00133228;90
-26.5202;0.000571092;90
-4.73907;0.00096831;90
-30.9263;0.00131145;90
11.853;0.000744883;90
-27.1956;0.000853335;90
65.955;0.00105779;90
5.97361;0.000932061;90
31.3414;0.00283579;90
81.1775;0.0013692;90
83.6312;0.00155057;90
153.895;0.00139312;90
167.552;0.00193448;90
-161.369;0.00240714;90
-138.283;0.00317375;90
-158.182;0.00318839;90
-162.25;0.00309641;90
-168.178;0.00311406;90
152.268;0.00336106;90
136.496;0.0071527;90
133.311;0.00182371;90
137.83;0.00289277;90
122.319;0.00358189;90
95.1209;0.00402205;90
76.7989;0.00465912;90
74.2568;0.00568319;90
72.5135;0.00536807;90
83.6686;0.00505081;90
106.352;0.00495857;90
112.271;0.00512425;90
98.5217;0.00560791;90
115.674;0.00420074;90
102.719;0.0245361;90
81.5456;0.00459796;90
96.0432;0.00500582;90
99.7972;0.00540076;90
100.128;0.00477134;90
101.896;0.0194528;90
135.295;0.0141317;90
110.999;0.00311702;90
102.801;0.00483825;90
103.582;0.00822294;90
115.736;0.00154528;90
122.234;0.00294724;90
112.049;0.00365749;90
139.396;0.00592318;90
133.077;0.00193856;90
132.291;0.00460841;90
138.716;0.00110187;90
139.788;0.00434619;90
121.822;0.00125928;90
113.281;0.00621395;90
118.556;0.0010941;90
137.731;0.00391758;90
143.549;0.00333429;90
137.852;0.00341106;90
136.055;0.00353472;90
150.81;0.00287055;90
136.587;0.00352274;90
140.534;0.00336525;90
150.363;0.000918107;90
151.727;0.00462132;90
117.165;0.00149601;90
93.5216;0.00750517;90
101.42;0.0015252;90
120.417;0.00618418;90
155.591;0.000938919;90
137.796;0.00360983;90
105.488;0.000928724;90
88.6434;0.00223863;90
134.317;0.00403504;90
97.9971;0.0040827;90
95.0919;0.00339138;90
108.067;0.00211845;90
104.281;0.00272006;90
101.692;0.0026745;90
168.827;0.00115081;90
-142.518;0.00108626;90
2.85135;0.00207056;90
-78.8133;0.00355657;90
-73.9538;0.00320174;90
-82.8191;0.00241595;90
-76.7865;0.00266865;90
-76.349;0.00281348;90
-48.6167;0.00237637;90
-36.8595;0.0022122;90
43.8594;0.00284172;90
50.6884;0.003089;90
22.3675;0.00246225;90
24.7475;0.00289045;90
38.1177;0.00374709;90
34.6669;0.00372535;90
38.5799;0.00369304;90
41.7069;0.00382823;90
41.9662;0.00384781;90
21.4227;0.00334296;90
3.41865;0.00290116;90
45.3911;0.00290062;90
31.1347;0.00287399;90
25.403;0.00359455;90
24.5061;0.00365968;90
37.1435;0.00351764;90
35.5765;0.00377456;90
24.4181;0.00348579;90
31.8302;0.00370874;90
20.6317;0.0034567;90
17.7106;0.00262648;90
28.582;0.00304965;90
20.1809;0.00341463;90
19.8285;0.00364086;90
11.2813;0.00353225;90
7.36932;0.00346159;90
11.3731;0.00337732;90
18.8408;0.00352698;90
19.1752;0.00367171;90
13.813;0.00367323;90
-8.52597;0.00354113;90
-27.567;0.00404075;90
-28.2056;0.00428025;90
5.09212;0.00365041;90
43.4509;0.00478674;90
48.0262;0.00507633;90
37.2837;0.0039603;90
19.1317;0.00501922;90
3.14684;0.00433554;90
15.141;0.00158502;90
46.6879;0.00825835;90
63.6266;0.00655082;90
62.6757;0.00610858;90
69.507;0.00701814;90
66.8822;0.00726651;90
63.7574;0.00532371;90
67.6521;0.00695108;90
67.9578;0.00636309;90
57.6342;0.00546026;90
40.7554;0.00512077;90
54.5328;0.00198539;90
41.3984;0.0079133;90
46.7943;0.00171628;90
56.3001;0.00811221;90
51.0318;0.00400388;90
46.2638;0.00371887;90
40.243;0.00754607;90
16.3384;0.00164232;90
9.24388;0.00353592;90
6.56768;0.0044502;90
-5.09396;0.0039757;90
-12.4861;0.00392688;90
-13.1317;0.00397905;90
-20.5144;0.00418329;90
-25.6211;0.00456041;90
-16.3857;0.00418289;90
23.8651;0.00430071;90
45.3421;0.00532956;90
25.733;0.00431159;90
-23.7925;0.00424366;90
-57.6074;0.00564663;90
-60.2767;0.00591757;90
-32.1656;0.00428463;90
0.133695;0.00385701;90
6.15038;0.00396683;90
7.21129;0.00411858;90
18.7656;0.00410945;90
35.0024;0.004517;90
34.9673;0.00456632;90
34.105;0.00405913;90
39.9708;0.00448477;90
60.5396;0.00532103;90
63.9759;0.00549516;90
60.1457;0.00506633;90
55.1588;0.00488706;90
65.9555;0.00517614;90
73.6939;0.00619728;90
70.3751;0.00625855;90
60.1287;0.00567609;90
46.9254;0.00473534;90
33.9619;0.00438385;90
19.6883;0.00401895;90
32.9166;0.00449931;90
52.8593;0.00533146;90
65.0097;0.0055981;90
72.943;0.00589113;90
71.0175;0.00575814;90
59.0804;0.0049004;90
48.1305;0.00419516;90
47.8603;0.00661757;90
50.2712;0.00162402;90
54.6753;0.00375296;90
62.4482;0.00210356;90
57.6105;0.00322586;90
67.5695;0.00235086;90
74.7211;0.00635253;90
143.183;0.0015052;90
115.224;0.00791248;90
110.972;0.00422167;90
83.8636;0.00214227;90
67.165;0.00413834;90
71.7505;0.00498156;90
74.9824;0.0037242;90
76.5554;0.00702348;90
75.4643;0.00639882;90
75.0944;0.00286128;90
74.3803;0.00853105;90
77.7339;0.00371378;90
80.7915;0.00786739;90
83.1128;0.00788893;90
77.7708;0.0079453;90
70.1731;0.00676927;90
62.2033;0.00615866;90
53.8984;0.00550389;90
57.8316;0.00577563;90
63.6738;0.00632947;90
65.7931;0.00652142;90
66.8683;0.00675073;90
66.4745;0.00704234;90
56.879;0.00583629;90
31.4058;0.00422379;90
2.34444;0.00655148;90
5.62816;0.00159067;90
15.4818;0.00405721;90
39.0299;0.00473857;90
55.7672;0.00609005;90
42.9868;0.00489125;90
43.6703;0.00450973;90
56.1568;0.00539753;90
55.808;0.00519247;90
54.6874;0.00562248;90
47.7579;0.00512893;90
45.2536;0.00527295;90
48.7948;0.00529936;90
51.7203;0.00517837;90
57.0216;0.00491253;90
67.483;0.00325624;90
93.2723;0.00460751;90
88.9345;0.00575399;90
99.2439;0.00582059;90
108.006;0.00557715;90
95.873;0.00593214;90
69.4658;0.00522284;90
55.2059;0.00336821;90
24.3593;0.00123164;90
19.9215;0.00277931;90
-20.8562;0.00297172;90
-53.0646;0.003498;90
-62.9877;0.00292174;90
-62.5201;0.0026049;90
-87.3744;0.00124431;90
-126.861;0.0012786;90
85.0141;0.000920483;90
121.736;0.0119791;90
-159.854;0.00354808;90
-157.494;0.00111816;90
-112.367;0.00268826;90
-122.516;0.00411508;90
-93.5299;0.00477506;90
-75.1427;0.00502707;90
-71.0373;0.00175103;90
-73.1197;0.00363669;90
-82.7422;0.00444058;90
-95.8494;0.00373847;90
-90.7981;0.00272826;90
-81.1633;0.00394482;90
-81.6047;0.00271914;90
-144.326;0.0018502;90
-136.299;0.00380521;90
-130.142;0.00499314;90
-129.874;0.00522378;90
-127.569;0.00519919;90
-131.038;0.00540389;90
-133.048;0.0055434;90
-124.116;0.00563952;90
-126.872;0.0059114;90
-135.521;0.00490257;90
-134.416;0.00388646;90
-124.37;0.00684631;90
-139.515;0.00481478;90
-172.843;0.00401327;90
-179.624;0.00396409;90
-175.096;0.00397756;90
-149.515;0.00455928;90
-120.916;0.00574761;90
-112.868;0.00666483;90
-112.533;0.00677955;90
-114.658;0.0114479;90
-120.31;0.00255412;90
-117.507;0.00380854;90
-126.9;0.0061624;90
-119.779;0.00663636;90
-109.231;0.00703137;90
-101.344;0.00693957;90
-97.7272;0.0085678;90
-99.6554;0.00775688;90
-102.608;0.00746296;90
-103.984;0.00637699;90
-107.136;0.00775527;90
-99.7377;0.00496047;90
-103.664;0.00392407;90
-132.121;0.000830485;90
124.989;0.00304664;90
124.031;0.0039132;90
123.451;0.00372984;90
131.749;0.00205746;90
120.334;0.00288495;90
124.602;0.0039569;90
123.903;0.00409649;90
123.941;0.00366799;90
130.385;0.00278584;90
138.387;0.00307634;90
146.172;0.00334291;90
135.646;0.00395368;90
119.592;0.00483576;90
111.966;0.00485224;90
113.343;0.00421718;90
121.319;0.00379379;90
121.541;0.00417123;90
120.768;0.00466805;90
123.397;0.00466537;90
130.767;0.00338142;90
143.993;0.00211264;90
-123.969;0.00131188;90
-162.04;0.00198471;90
172.128;0.00175958;90
-136.4;0.00130217;90
143.038;0.0013654;90
165.982;0.000743129;90
-120.135;0.00262129;90
-90.9226;0.00447158;90
115.331;0.0422004;90
120.534;0.00699151;90
114.069;0.125674;90
112.561;0.0133735;90
-64.223;0.181767;90
75.8407;0.00180689;90
-68.8676;0.00316484;90
-40.773;0.000796247;90
52.1578;0.000919332;90
-1.22948;0.0017244;90
3.09406;0.0018527;90
63.269;0.00308802;90
8.58092;0.000790853;90
-63.2418;0.00344938;90
-56.9357;0.00457128;90
-58.2069;0.00517791;90
-58.7287;0.00460034;90
-58.3038;0.00300524;90
-57.9099;0.00300987;90
-67.7144;0.00369176;90
-68.0142;0.00444204;90
-62.4429;0.00464948;90
-48.7045;0.0036882;90
-34.8299;0.00341597;90
-31.9672;0.00142983;90
-39.4602;0.00233659;90
-52.1313;0.00238656;90
-54.7772;0.0026649;90
-55.8597;0.00331776;90
-56.184;0.0036602;90
-54.6345;0.00297863;90
-45.2677;0.00181587;90
-59.9145;0.00340122;90
-56.0524;0.0040721;90
-55.5367;0.00332934;90
-48.332;0.00193438;90
-53.5361;0.00149584;90
-48.2959;0.00168499;90
99.9297;0.00161215;90
94.7031;0.00479314;90
76.8863;0.0056637;90
76.0022;0.00795008;90
75.0996;0.013798;90
81.0752;0.00348722;90
82.948;0.00836528;90
80.3989;0.00827998;90
69.1535;0.0138058;90
58.2169;0.00265044;90
53.6357;0.00460098;90
60.4634;0.0111891;90
64.7826;0.00673153;90
66.8582;0.00727976;90
67.4332;0.00697831;90
63.1601;0.0029834;90
47.1549;0.00496457;90
17.2902;0.00417884;90
1.71962;0.00409885;90
12.9131;0.00711494;90
32.9946;0.00180513;90
54.8093;0.00552837;90
47.0677;0.00584026;90
47.1085;0.00901394;90
55.8705;0.00224216;90
55.9441;0.00543035;90
55.0745;0.00593001;90
45.5409;0.00823958;90
49.5165;0.0021102;90
49.2656;0.00481034;90
50.8539;0.00495011;90
55.1235;0.00475508;90
64.4757;0.00359485;90
94.8293;0.00434743;90
88.4769;0.00673438;90
101.065;0.00707554;90
106.907;0.00616547;90
86.1828;0.00618873;90
57.601;0.00444372;90
60.9704;0.00244405;90
12.7622;0.00181073;90
-8.11976;0.00470113;90
-51.2361;0.00171854;90
-61.727;0.0036312;90
-62.8112;0.00303989;90
-70.0484;0.0013979;90
-67.9811;0.00709231;90
-55.9271;0.00257387;90
-12.0009;0.00247203;90
12.5535;0.00252127;90
-88.0406;0.00178404;90
20.132;0.00249866;90
-15.0723;0.00277652;90
-27.2306;0.00130908;90
-77.9873;0.00287802;90
-54.7244;0.00218525;90
10.2512;0.00181497;90
28.9524;0.000762266;90
16.5794;0.000732451;90
9.39665;0.00172109;90
-14.5667;0.00222657;90
64.6444;0.00173736;90
87.316;0.00399338;90
-50.0721;0.00119971;90
-119.834;0.00512983;90
172.871;0.0016679;90
-169.282;0.00132817;90
-155.69;0.00215948;90
167.85;0.00172463;90
119.824;0.00619095;90
154.413;0.00131053;90
-148.912;0.00174689;90
-127.473;0.00245074;90
96.0749;0.0024568;90
146.779;0.00135435;90
-163.801;0.0029824;90
126.621;0.00410044;90
109.371;0.00433543;90
111.616;0.00299138;90
115.963;0.00255373;90
120.337;0.00313415;90
119.956;0.00299397;90
147.287;0.00284769;90
-173.178;0.00260142;90
-165.464;0.0021116;90
-119.152;0.00223969;90
-124.041;0.00348885;90
-103.069;0.00415256;90
-27.4581;0.00149209;90
-21.497;0.000734064;90
80.6804;0.00501418;90
98.8208;0.00233461;90
67.672;0.00311127;90
87.5994;0.00456;90
79.9467;0.00454275;90
50.1321;0.00388131;90
21.7646;0.00289109;90
-20.3134;0.00815199;90
-40.1069;0.00267767;90
-32.6298;0.00218839;90
-70.9848;0.00234179;90
-70.4426;0.00243764;90
-69.1432;0.00220766;90
-75.9408;0.00241638;90
-72.3775;0.00260946;90
-64.6885;0.0019624;90
-49.3122;0.00157991;90
-31.8509;0.000786415;90
-15.2943;0.00128138;90
-11.7644;0.00121145;90
-40.5264;0.0010788;90
-47.6256;0.000957013;90
-48.192;0.000927041;90
-45.292;0.000693681;90
74.4474;0.00172309;90
94.5739;0.000953035;90
89.1663;0.00810986;90
89.1871;0.00162116;90
103.576;0.00208321;90
102.757;0.00480049;90
100.833;0.00570365;90
103.113;0.00505995;90
101.545;0.00526145;90
101.238;0.00344812;90
-134.801;0.00142341;90
116.733;0.0016784;90
102.869;0.00246492;90
113.212;0.00167455;90
-134.428;0.00170138;90
114.051;0.001244;90
-58.2883;0.00645113;90
2.03981;0.00109569;90
-75.3171;0.0113465;90
-77.5764;0.00324908;90
-78.2314;0.00671209;90
-78.9954;0.00463625;90
-55.0532;0.00913034;90
-55.112;0.00112767;90
-95.3223;0.00239332;90
-75.4866;0.00165997;90
-77.9048;0.0084281;90
-121.216;0.0049531;90
170.632;0.00179392;90
-167.399;0.00222766;90
-159.181;0.00221994;90
155.005;0.000783365;90
123.519;0.00148494;90
106.477;0.00222122;90
119.596;0.0012432;90
150.016;0.00317953;90
-139.409;0.00309994;90
-144.684;0.000752477;90
88.5184;0.002978;90
-172.739;0.00208875;90
-178.722;0.00255664;90
122.236;0.00374765;90
105.435;0.00308112;90
115.361;0.00234168;90
126.628;0.00137441;90
-69.1651;0.00702325;90
-51.6401;0.000984533;90
-58.1878;0.0015404;90
-57.6827;0.00128505;90
-29.213;0.000948659;90
28.5257;0.0012941;90
12.7652;0.00123554;90
-51.0275;0.00103029;90
-28.2083;0.00109165;90
7.98332;0.00099363;90
42.475;0.00109142;90
31.6882;0.000976591;90
-2.47851;0.000901844;90
-20.9404;0.000889767;90
-39.5344;0.00121752;90
-6.676;0.000791366;90
15.476;0.0006371;90
85.2253;0.00128546;90
76.3424;0.00187193;90
65.3107;0.00135265;90
-47.9851;0.00092332;90
-40.4261;0.000922176;90
-46.2454;0.000976038;90
-44.4586;0.000898066;90
-55.0761;0.00137819;90
-28.5411;0.000791144;90
-55.3852;0.00144352;90
-49.0856;0.00107187;90
-52.0174;0.000700332;90
-14.2273;0.000581846;90
50.0636;0.000785124;90
66.1116;0.0011779;90
76.2668;0.00160488;90
-112.874;0.00366088;90
-130.143;0.000935326;90
-169.38;0.000569759;90
99.6691;0.00104789;90
93.137;0.00118778;90
131.926;0.00110751;90
141.026;0.000740899;90
-115.235;0.00100158;90
131.005;0.000954084;90
131.76;0.000938416;90
131.56;0.000966235;90
141.947;0.000707351;90
-106.037;0.00103529;90
-115.555;0.000964342;90
144.188;0.00121341;90
-121.053;0.000880132;90
-172.104;0.000727902;90
163.044;0.000661769;90
135.938;0.000993618;90
146.697;0.000739432;90
165.982;0.000743129;90
-164.006;0.000816609;90
-149.334;0.000856819;90
-139.183;0.000891916;90
-170.781;0.000811481;90
-157.35;0.000740077;90
109.946;0.00146275;90
-172.9;0.000865638;90
-171.801;0.000469802;90
-162.813;0.000798665;90
-176.597;0.000454802;90
-160.435;0.000785346;90
133.491;0.00118128;90
124.561;0.000839081;90
124.15;0.000863973;90
121.903;0.000951774;90
123.743;0.00119538;90
91.4581;0.00137545;90
106.747;0.00114872;90
114.739;0.00109444;90
112.829;0.00120108;90
113.805;0.00114217;90
136.071;0.00079422;90
-124.655;0.000181135;90
-31.5177;0.000585352;90
-67.0881;0.00120725;90
-65.1902;0.00115346;90
-67.105;0.00131348;90
-80.2463;0.00142256;90
-81.0102;0.00121594;90
-54.6905;0.00116783;90
-56.7251;0.00130136;90
-56.134;0.00135486;90
-37.0448;0.00111381;90
15.7286;0.00112513;90
16.3998;0.00126444;90
-24.5656;0.000935693;90
-52.085;0.00112939;90
16.1248;0.000964963;90
30.0842;0.000837869;90
40.2232;0.00101894;90
18.7237;0.000878492;90
-13.248;0.000881458;90
-37.2249;0.00109762;90
-37.398;0.00108505;90
-8.33163;0.00092476;90
82.875;0.00132221;90
77.5954;0.00160138;90
74.7148;0.00183595;90
11.7426;0.000545415;90
-51.5736;0.00111181;90
-44.7411;0.00109532;90
-51.5463;0.00112883;90
-49.7918;0.00107502;90
-43.536;0.000858001;90
-47.0262;0.000979956;90
-50.0846;0.00106911;90
-48.2137;0.000996466;90
-47.5901;0.000735435;90
43.6368;0.00139693;90
72.1964;0.00114798;90
76.0602;0.00144042;90
-61.1541;0.0015732;90
-58.6168;0.000937093;90
100.189;0.00530262;90
118.804;0.00113321;90
85.9688;0.00217638;90
77.1614;0.00118359;90
102.807;0.00216998;90
116.492;0.0010514;90
127.881;0.000907141;90
134.318;0.00106922;90
129.059;0.000963303;90
129.198;0.000881327;90
128.73;0.0011396;90
130.186;0.00133123;90
134.352;0.000938391;90
128.625;0.00103168;90
71.8464;0.000966087;90
75.8994;0.00107953;90
92.6078;0.00149455;90
122.977;0.000869005;90
107.518;0.00120593;90
99.3316;0.00115326;90
66.006;0.00110663;90
52.8278;0.00113702;90
62.4036;0.00131681;90
110.685;0.00171559;90
73.5115;0.00166653;90
50.6656;0.000716263;90
90.6565;0.00130909;90
-99.1328;0.00425899;90
-69.3429;0.000994968;90
-113.02;0.0017645;90
-134.026;0.00137269;90
-101.658;0.00222694;90
-115.081;0.0146051;90
-96.2182;0.00108941;90
-95.7759;0.0012222;90
-92.0116;0.000968597;90
-86.9213;0.00100545;90
-97.7392;0.00199013;90
-92.1686;0.00129493;90
-79.8571;0.000885844;90
-145.388;0.000741175;90
-133.546;0.000863656;90
-176.665;0.000756281;90
-154.316;0.000669111;90
121.253;0.00115454;90
151.323;0.000691862;90
-168.941;0.000761134;90
-162.425;0.000864348;90
167.574;0.000785398;90
-179.53;0.000732025;90
123.758;0.00116792;90
127.405;0.000727632;90
118.594;0.000846212;90
120.924;0.000994349;90
115.732;0.00110787;90
93.4682;0.00138854;90
111.509;0.00109097;90
112.582;0.00117185;90
115.282;0.00109818;90
110.596;0.000997776;90
-72.0628;0.00535109;90
-75.0099;0.00119465;90
-50.5115;0.00113378;90
-58.251;0.00132649;90
-56.4366;0.0013801;90
-19.359;0.00105887;90
16.0318;0.00127457;90
16.09;0.00130617;90
-67.1559;0.00159186;90
18.733;0.0011552;90
15.6667;0.000903568;90
40.3189;0.00110039;90
17.9976;0.00103568;90
-16.4061;0.000973643;90
-38.1852;0.0011501;90
-31.537;0.00101138;90
-0.42493;0.000809022;90
84.8204;0.0013957;90
72.3189;0.00168248;90
75.6997;0.00168419;90
9.01763;0.000529545;90
-56.4529;0.00100068;90
-48.9874;0.00105756;90
-49.3335;0.0010481;90
-52.2388;0.00101572;90
-40.9091;0.00109031;90
-51.6774;0.00116758;90
-47.0936;0.00120005;90
-46.7357;0.000817083;90
-56.0948;0.000738589;90
18.1057;0.000550245;90
48.7826;0.000857467;90
73.2239;0.00107056;90
76.5159;0.00153532;90
-49.4544;0.000892235;90
-59.9369;0.000960168;90
122.498;0.00411899;90
130.205;0.000862862;90
132.932;0.0010189;90
138.553;0.00066171;90
111.905;0.00143134;90
147.181;0.00094837;90
-169.859;0.000721269;90
120.806;0.000937243;90
107.364;0.00104879;90
109.583;0.00195721;90
-62.7413;0.00413748;90
16.0118;0.000830208;90
-67.1632;0.000873468;90
-65.6259;0.00101771;90
-50.395;0.00160943;90
-50.4364;0.000970272;90
-37.4693;0.000879448;90
7.46415;0.000754392;90
-92.704;0.000975086;90
-69.3525;0.00168738;90
-57.3311;0.000778091;90
109.368;0.00423359;90
110.6;0.00092088;90
139.635;0.00065622;90
123.467;0.000926634;90
133.083;0.000866691;90
127.676;0.00528632;90
-121.133;0.00469994;90
-105.661;0.00193379;90
-101.492;0.00252971;90
-106.406;0.00242889;90
-125.224;0.000807933;90
132.566;0.00284726;90
-162.752;0.00268788;90
-126.217;0.00217654;90
91.0871;0.00263547;90
148.633;0.001389;90
-156.882;0.00252148;90
140.205;0.00212016;90
119.514;0.00347722;90
110.379;0.00261893;90
113.418;0.00253371;90
112.784;0.00183085;90
118.606;0.00207191;90
112.862;0.00279779;90
132.947;0.00203282;90
-107.42;0.0012493;90
-104.995;0.00098556;90
-44.7352;0.00657828;90
-118.367;0.0012376;90
-176.507;0.000771433;90
-58.1539;0.00766244;90
-57.4795;0.00142671;90
-56.5053;0.0013826;90
-17.4833;0.000951977;90
17.0666;0.00116532;90
19.1826;0.00130866;90
-60.8289;0.00133766;90
-9.32442;0.00102454;90
18.3;0.000939515;90
37.3454;0.00120504;90
25.0137;0.00109026;90
-12.0867;0.000998127;90
-37.4204;0.00124906;90
-25.1021;0.00101595;90
1.25751;0.000820198;90
85.0059;0.0015278;90
74.4632;0.00169494;90
70.7403;0.00151584;90
-40.0303;0.000652993;90
-45.4714;0.000945434;90
-47.4297;0.00111753;90
-49.6807;0.00101384;90
-52.4839;0.00106407;90
-42.1989;0.000824765;90
72.3471;0.00088046;90
72.6924;0.000884028;90
-35.9167;0.000913726;90
-52.1357;0.000944942;90
-46.196;0.000677556;90
-49.7837;0.000839431;90
-44.5724;0.000947549;90
70.4491;0.00183479;90
-21.8678;0.00048058;90
-65.6069;0.00102665;90
-111.311;0.0046199;90
165.282;0.0023222;90
-170.446;0.00153631;90
-161.83;0.00116405;90
-162.24;0.00209484;90
142.739;0.00131803;90
108.757;0.00303836;90
117.395;0.00101931;90
140.162;0.00268801;90
-154.559;0.00280502;90
-127.099;0.00184681;90
90.1352;0.00296701;90
168.621;0.00145969;90
-164.376;0.00279217;90
127.999;0.00327784;90
109.238;0.00349624;90
114.181;0.00258042;90
122.977;0.00144954;90
-116.75;0.00152635;90
111.859;0.000921235;90
113.456;0.0103808;90
163.654;0.00217804;90
-165.289;0.00263436;90
-178.199;0.00143171;90
86.4777;0.003174;90
84.6586;0.00433985;90
66.0464;0.00393599;90
36.8346;0.003251;90
3.81407;0.00267593;90
-24.9058;0.00744431;90
-39.8161;0.00208175;90
-28.7639;0.00181837;90
-68.874;0.00483603;90
-75.4163;0.00116762;90
-68.703;0.00261562;90
-78.4808;0.00252384;90
-65.8365;0.00191039;90
-60.3659;0.0017959;90
-46.857;0.00194203;90
-10.3742;0.00147715;90
-15.4644;0.0014889;90
-46.8761;0.00183593;90
-68.3321;0.00111585;90
32.748;0.000539796;90
66.4477;0.00119123;90
89.8093;0.00931505;90
91.0587;0.00146125;90
104.114;0.00231282;90
101.109;0.00653443;90
102.312;0.00772875;90
101.769;0.00729536;90
101.218;0.00352637;90
91.2;0.00420192;90
79.8926;0.00360698;90
83.2255;0.00439972;90
99.4193;0.00678245;90
110.81;0.00695793;90
134.686;0.00503963;90
113.63;0.00691808;90
98.6063;0.00716366;90
92.0938;0.00481722;90
84.3971;0.00344144;90
80.2183;0.00554461;90
80.1758;0.00619484;90
82.7167;0.00565563;90
86.1121;0.00557483;90
91.8463;0.0124465;90
119.55;0.00186338;90
118.254;0.00207866;90
107.243;0.013707;90
101.528;0.00490392;90
96.894;0.0162122;90
97.7281;0.00320511;90
99.4362;0.00432452;90
101.118;0.00807454;90
100.218;0.0166246;90
89.4306;0.00352217;90
91.5487;0.0193511;90
99.8774;0.00338112;90
97.7356;0.0201484;90
90.8825;0.00396047;90
104.958;0.0139362;90
106.816;0.00310059;90
100.634;0.0133523;90
96.4147;0.00280154;90
93.9828;0.0103229;90
92.0071;0.00282673;90
90.0537;0.004264;90
90.6292;0.0163;90
89.7453;0.00247402;90
83.7964;0.0160279;90
75.9225;0.00337125;90
81.3093;0.00487093;90
94.6774;0.0159913;90
96.3259;0.0035305;90
99.6306;0.00615677;90
102.553;0.00818056;90
105.142;0.0102944;90
104.876;0.00306161;90
103.909;0.00784192;90
98.991;0.00873432;90
94.5561;0.0089884;90
91.3868;0.00913167;90
90.9787;0.00913333;90
93.2634;0.00966167;90
95.0212;0.00901459;90
92.6735;0.0145568;90
88.8671;0.00364171;90
90.1632;0.00912904;90
97.322;0.00898426;90
103.999;0.00820159;90
106.088;0.00566903;90
104.991;0.00743402;90
103.596;0.00744873;90
101.203;0.00576994;90
99.8607;0.00574588;90
96.7464;0.0059502;90
95.1731;0.00777467;90
95.2893;0.00836361;90
95.3688;0.00660498;90
94.6186;0.00705391;90
87.5974;0.00889782;90
81.3503;0.00821847;90
81.5181;0.00817643;90
85.7862;0.00872358;90
96.7359;0.00836373;90
98.5362;0.00786209;90
91.2196;0.00718863;90
91.4801;0.00662021;90
89.1163;0.00739188;90
90.2742;0.0150452;90
91.0849;0.00163729;90
90.8746;0.00700982;90
94.5805;0.00103932;90
94.267;0.00200255;90
90.7919;0.00694566;90
84.8033;0.00231853;90
80.5018;0.00367843;90
72.4209;0.00419175;90
63.8252;0.0056471;90
61.843;0.00550554;90
47.9119;0.0124576;90
45.2811;0.00273866;90
82.5569;0.015663;90
87.3052;0.00276506;90
89.0378;0.00363251;90
81.6609;0.00810166;90
81.0062;0.00788089;90
85.267;0.00776849;90
89.534;0.00799226;90
89.9674;0.007024;90
79.2799;0.00701035;90
78.4573;0.00753131;90
78.5493;0.00726358;90
79.1029;0.00802979;90
88.9089;0.0066172;90
89.8066;0.00681504;90
89.9421;0.007912;90
89.728;0.00800509;90
90.3569;0.00802616;90
93.7416;0.00741681;90
92.891;0.00771282;90
93.5237;0.00658946;90
93.2309;0.00784247;90
92.543;0.0084293;90
88.977;0.00851336;90
88.4901;0.00857698;90
88.6318;0.00862746;90
85.1077;0.00813765;90
80.3861;0.00559254;90
64.8416;0.00663105;90
48.536;0.0045745;90
31.8356;0.00393378;90
37.0915;0.00413703;90
51.6716;0.00531952;90
72.595;0.00751194;90
84.2929;0.00817552;90
77.6951;0.00685549;90
61.7329;0.00588703;90
52.2718;0.00510037;90
63.8914;0.00589446;90
61.3805;0.00555125;90
53.3967;0.00520066;90
65.1164;0.00630977;90
81.3001;0.00837638;90
82.3174;0.00852754;90
80.7653;0.00831882;90
89.5456;0.00870027;90
96.3137;0.00860218;90
94.1714;0.00823481;90
91.3789;0.00810335;90
88.5844;0.00789341;90
80.0968;0.00754137;90
75.9755;0.00711406;90
74.9429;0.00781428;90
75.8019;0.00806846;90
75.9825;0.00815793;90
82.0478;0.00860878;90
83.3625;0.0089369;90
78.6438;0.0155402;90
69.0732;0.00341849;90
73.9376;0.0072646;90
81.5378;0.00912636;90
87.5002;0.0160032;90
91.7917;0.00390191;90
94.5684;0.00867556;90
89.4363;0.00935045;90
77.6828;0.00863476;90
75.1672;0.00849612;90
84.5338;0.00912248;90
93.1318;0.00885923;90
97.289;0.00884346;90
99.3467;0.00937142;90
99.2995;0.0159101;90
98.8453;0.00364839;90
96.7682;0.00906215;90
94.3405;0.0104249;90
93.2856;0.0098582;90
87.5161;0.00969111;90
83.0201;0.00979257;90
82.7504;0.0096441;90
87.7594;0.00984753;90
90.2423;0.00993309;90
90.1959;0.00994506;90
89.8661;0.00984003;90
86.2031;0.00978548;90
83.8979;0.00972711;90
83.5118;0.00961961;90
79.2117;0.00943475;90
74.5793;0.00895436;90
60.7252;0.00662169;90
50.9294;0.00716669;90
58.5318;0.00746134;90
74.3161;0.00884845;90
83.8164;0.00977588;90
68.7557;0.00811657;90
56.7073;0.00715775;90
65.8177;0.00804607;90
68.4001;0.00818476;90
68.272;0.00666665;90
68.6652;0.00654449;90
74.8827;0.00627309;90
92.0699;0.00600792;90
103.398;0.00614114;90
114.641;0.00651421;90
127.635;0.00622796;90
148.489;0.00508362;90
159.892;0.00476442;90
139.532;0.00539583;90
122.412;0.00650548;90
112.149;0.00753825;90
112.815;0.00840997;90
121.459;0.00720853;90
131.684;0.00587954;90
138.971;0.00579947;90
138.451;0.00605037;90
129.584;0.00694439;90
125.331;0.00697211;90
126.18;0.00677929;90
130.685;0.0064948;90
137.729;0.00598538;90
143.676;0.00936102;90
130.808;0.00270839;90
125.627;0.00609603;90
116.569;0.0073021;90
110.361;0.00815664;90
111.844;0.0085197;90
115.839;0.00791095;90
120.308;0.00730203;90
127.663;0.00645642;90
134.059;0.00585281;90
127;0.00663002;90
121.627;0.0118006;90
131.103;0.00226799;90
138.704;0.00512308;90
145.245;0.00511688;90
149.881;0.00503592;90
155.698;0.00489365;90
159.48;0.00487535;90
149.185;0.00561814;90
136.689;0.00551642;90
126.877;0.0107998;90
121.083;0.00271946;90
116.324;0.00648555;90
113.48;0.00718058;90
116.544;0.00723905;90
117.957;0.00703048;90
115.428;0.00743415;90
112.019;0.00791644;90
107.257;0.00846088;90
108.591;0.00847209;90
110.673;0.00807281;90
113.112;0.00786198;90
116.467;0.00755703;90
115.32;0.00761784;90
110.504;0.00804787;90
104.709;0.00859363;90
104.576;0.0175829;90
118.929;0.00720045;90
141.604;0.00549035;90
170.949;0.0049709;90
172.748;0.00464214;90
165.511;0.00466435;90
154.88;0.00493031;90
145.919;0.0053197;90
140.188;0.00563042;90
133.615;0.00602772;90
126.115;0.00663378;90
122.61;0.00725704;90
118.674;0.00730481;90
115.181;0.00777484;90
115.079;0.00796487;90
122.174;0.00707795;90
134.672;0.00606071;90
152.157;0.00523281;90
166.892;0.00501363;90
165.709;0.00441977;90
155.164;0.00527595;90
155.23;0.00511237;90
176.757;0.0046845;90
-167.292;0.00475959;90
-152.717;0.00510713;90
-146.77;0.00524458;90
-155.027;0.00505457;90
176.431;0.00456285;90
149.533;0.00498771;90
135.693;0.00560918;90
128.326;0.0061874;90
121.653;0.00704499;90
116.028;0.00739724;90
117.472;0.00751547;90
124.929;0.00701582;90
131.517;0.00628506;90
137.758;0.00586376;90
152.187;0.00517594;90
171.253;0.00472799;90
-170.441;0.00449846;90
-153.683;0.00465554;90
-136.219;0.00495158;90
-130.213;0.0053467;90
-135.251;0.00548437;90
-143.649;0.00520981;90
-154.744;0.00509062;90
-168.878;0.0047278;90
-178.424;0.00480082;90
-171.804;0.00467879;90
-175.182;0.00484612;90
178.694;0.0046062;90
177.807;0.00454633;90
173.874;0.00446953;90
172.29;0.00445023;90
176.322;0.00455237;90
-175.07;0.00453779;90
-168.871;0.00496843;90
-160.968;0.00470098;90
-158.585;0.00470804;90
-164.306;0.00457662;90
-176.215;0.00442365;90
173.67;0.00434449;90
169.148;0.00456769;90
177.076;0.00444979;90
173.563;0.00457585;90
160.686;0.00453524;90
150.797;0.0051793;90
139.08;0.0057648;90
129.113;0.00630103;90
123.276;0.00698774;90
117.071;0.00714139;90
118.902;0.00681136;90
128.384;0.00625999;90
138.691;0.00574443;90
147.191;0.00521008;90
150.272;0.00559198;90
154.601;0.00503354;90
162.748;0.00486905;90
169.905;0.00497502;90
-178.426;0.00473279;90
-174.924;0.00487111;90
171.202;0.00489054;90
147.157;0.00519423;90
133.233;0.00603095;90
136.028;0.00610685;90
138.229;0.00605113;90
137.552;0.00597107;90
126.951;0.00665581;90
118.563;0.00747704;90
113.518;0.00814454;90
113.119;0.00807338;90
122.183;0.00727713;90
137.627;0.0103523;90
152.181;0.00562058;90
155.587;0.00619157;90
155.928;0.00207659;90
145.922;0.00704596;90
129.913;0.00635576;90
135.834;0.00592477;90
150.165;0.00559794;90
168.037;0.00481967;90
-171.214;0.00487115;90
-154.238;0.00517209;90
-153.819;0.0052106;90
-171.314;0.00491335;90
172.885;0.00491686;90
158.991;0.00541391;90
140.843;0.00568213;90
134.687;0.00595534;90
150.986;0.00516064;90
172.769;0.00469534;90
167.818;0.00484306;90
151.816;0.0052233;90
142.598;0.00574905;90
149.864;0.00555713;90
169.623;0.00491336;90
-177.422;0.00500306;90
162.26;0.00510998;90
140.753;0.00597474;90
140.479;0.00580642;90
150.726;0.00514737;90
163.194;0.00471749;90
177.243;0.0044912;90
-166.885;0.00440696;90
-151.474;0.00474503;90
-145.519;0.00467907;90
-146.959;0.00418715;90
-157.654;0.00458967;90
-173.143;0.00460695;90
169.936;0.00471555;90
154.82;0.00521782;90
138.76;0.00524104;90
127.406;0.00615347;90
117.803;0.00736867;90
110.948;0.00801364;90
110.973;0.00806856;90
115.804;0.00740427;90
119.296;0.00663569;90
123.637;0.00601157;90
124.017;0.005645;90
118.458;0.00642997;90
112.685;0.00724985;90
114.364;0.00696199;90
124.593;0.00622812;90
139.189;0.00534303;90
160.276;0.00469654;90
-175.043;0.00460623;90
-166.76;0.00474615;90
179.522;0.00455116;90
145.079;0.00528085;90
129.001;0.00615726;90
118.051;0.00646665;90
125.554;0.00597618;90
141.704;0.00511839;90
157.677;0.00465483;90
145.902;0.00505872;90
132.721;0.00567336;90
125.768;0.00609573;90
136.981;0.00572816;90
156.76;0.00511938;90
148.553;0.00542829;90
156.995;0.00514304;90
153.584;0.00514074;90
138.366;0.00562484;90
142.016;0.00525639;90
144.09;0.00513372;90
126.412;0.0062266;90
118.81;0.00679168;90
129.263;0.00599803;90
130.496;0.00601484;90
132.351;0.00589013;90
151.135;0.00496942;90
146.366;0.0050769;90
133.271;0.00545923;90
125.798;0.00585022;90
125.059;0.00617669;90
135.38;0.00576022;90
129.156;0.00586126;90
130.232;0.0049421;90
157.584;0.00448164;90
153.208;0.00474766;90
137.058;0.00541498;90
124.258;0.00626731;90
129.824;0.00638008;90
144.723;0.00531745;90
161.827;0.00498254;90
-177.46;0.00464757;90
174.201;0.00466185;90
155.525;0.00513877;90
139.995;0.00587219;90
132.769;0.00637516;90
137.99;0.00584229;90
144.762;0.00564669;90
152.041;0.00533013;90
158.687;0.00503216;90
156.938;0.00488868;90
146.027;0.00533101;90
150.77;0.00507868;90
161.77;0.00496101;90
171.544;0.00445442;90
-176.484;0.00464675;90
-166.596;0.00444304;90
-173.664;0.00414129;90
172.787;0.0043726;90
-161.607;0.00470326;90
-157.286;0.00476778;90
-178.858;0.00456691;90
158.221;0.00476513;90
154.461;0.00476896;90
171.205;0.00461729;90
-169.744;0.0045436;90
-156.861;0.00465442;90
-168.153;0.00407685;90
177.879;0.00380961;90
174.768;0.00415632;90
171.637;0.00402884;90
169.658;0.00384344;90
158.249;0.003975;90
147.546;0.00437178;90
136.923;0.00469996;90
129.298;0.00537302;90
121.489;0.00587167;90
118.579;0.00645102;90
133.111;0.00489018;90
153.389;0.00394264;90
-176.756;0.00372897;90
-155.454;0.00375758;90
-158.233;0.00216001;90
150.414;0.00116258;90
82.1631;0.00226617;90
95.7384;0.00328044;90
112.194;0.00170751;90
100.977;0.00334521;90
91.474;0.00311003;90
96.2798;0.00324547;90
93.8423;0.00323828;90
90.7268;0.00362629;90
107.182;0.00254561;90
95.0665;0.00279693;90
96.4009;0.00510382;90
97.4891;0.00527096;90
113.592;0.00478492;90
113.907;0.00395315;90
117.859;0.00203937;90
125.876;0.00367895;90
141.702;0.00363533;90
147.657;0.00327863;90
-152.984;0.00300939;90
-133.478;0.00362025;90
149.133;0.00345776;90
146.633;0.00324366;90
150.219;0.00279053;90
165.758;0.0027072;90
139.627;0.00376063;90
111.637;0.00473785;90
105.722;0.00473101;90
126.272;0.00285656;90
95.751;0.00197595;90
84.4851;0.00582697;90
89.8161;0.00716604;90
85.8009;0.00719732;90
85.2364;0.00729721;90
93.0787;0.00744775;90
91.8018;0.00706049;90
87.0425;0.00719058;90
86.7869;0.00563786;90
129.84;0.00129714;90
-109.004;0.00146484;90
-149.234;0.00114167;90
-133.133;0.00119352;90
7.93047;0.000608823;90
80.6901;0.00117447;90
74.9209;0.000999412;90
-166.661;0.00267003;90
145.101;0.00339081;90
113.252;0.00447335;90
98.2568;0.00550102;90
101.239;0.00598782;90
109.004;0.00191011;90
115.863;0.00357619;90
129.243;0.00354564;90
125.215;0.00387762;90
112.964;0.00348845;90
118.741;0.00216697;90
147.588;0.00216415;90
169.897;0.00136821;90
142.266;0.00249348;90
123.436;0.00238107;90
-117.93;0.00257266;90
-99.4519;0.00360494;90
-102.335;0.00414264;90
-102.611;0.00370539;90
-103.905;0.00169775;90
-115.502;0.00113343;90
76.2799;0.0107261;90
80.9371;0.00264097;90
71.7715;0.00272053;90
83.2848;0.00188997;90
122.422;0.00320806;90
135.488;0.00224232;90
136.624;0.00132211;90
-118.374;0.00357099;90
-112.186;0.00555854;90
-108.675;0.00678947;90
-101.664;0.00666258;90
-104.921;0.0046798;90
-123.083;0.00343129;90
-135.797;0.00300054;90
-158.802;0.00312227;90
-131.414;0.00401362;90
-111.457;0.00521331;90
-110.581;0.00570938;90
-105.44;0.00538639;90
-112.498;0.00485555;90
-122.78;0.00438296;90
-142.543;0.00347438;90
-149.188;0.00324271;90
-179.289;0.00306324;90
145.524;0.00367801;90
172.805;0.00313771;90
175.034;0.00288784;90
135.186;0.00719909;90
148.919;0.00319811;90
-168.053;0.00328005;90
-172.96;0.00285553;90
-159.922;0.00512974;90
127.96;0.0033116;90
130.971;0.00312961;90
132.871;0.00304549;90
139.014;0.00264683;90
161.984;0.00237968;90
150.078;0.00277256;90
154.212;0.0026388;90
143.158;0.0028752;90
138.2;0.00229248;90
-117.912;0.0309244;90
-127.401;0.00334214;90
-151.978;0.00276065;90
150.497;0.00193719;90
127.136;0.000646007;90
121.436;0.00122711;90
108.112;0.0020748;90
102.234;0.00221326;90
103.85;0.00314134;90
99.7924;0.00408045;90
97.6386;0.00430319;90
101.42;0.00429809;90
119.119;0.00329208;90
146.8;0.00171852;90
116.393;0.0141342;90
129.703;0.00271131;90
149.365;0.00188394;90
150.005;0.00187629;90
150.856;0.0212664;90
131.054;0.00307259;90
158.261;0.00119068;90
-94.1619;0.00321047;90
-94.6121;0.001853;90
-94.4368;0.0376167;90
-86.4558;0.00166619;90
-90;0.001768;90
101.184;0.00240262;90
85.4451;0.0394887;90
85.2501;0.00207713;90
85.7388;0.00102283;90
86.5664;0.00165297;90
144.626;0.00272753;90
148.401;0.00225775;90
150.1;0.000822477;90
170.394;0.000785008;90
154.359;0.000859656;90
154.451;0.000832395;90
149.15;0.00111937;90
154.649;0.00111873;90
153.017;0.000612699;90
-129.477;0.00218947;90
-105.131;0.00239815;90
-104.377;0.00248894;90
-65.8364;0.00109932;90
-62.4093;0.00227355;90
-87.1064;0.00174322;90
-79.0063;0.0398687;90
-77.2319;0.00420805;90
-67.1468;0.00411719;90
-64.5938;0.00417917;90
-65.2258;0.00427879;90
-50.1762;0.00362101;90
-70.1753;0.00451137;90
-59.7223;0.00737617;90
-37.101;0.00109081;90
-41.0859;0.00264155;90
-40.8031;0.0024638;90
-45.695;0.00268155;90
-54.5325;0.0026558;90
-54.3899;0.00239238;90
52.9681;0.0136503;90
44.2407;0.0023478;90
-4.42568;0.0011404;90
5.52389;0.00100768;90
-5.50364;0.00261706;90
18.7696;0.00308612;90
19.0976;0.00202336;90
-17.4386;0.00254602;90
-15.3528;0.00282895;90
85.6899;0.00867553;90
104.01;0.00261478;90
93.8404;0.0028965;90
75.1222;0.0032365;90
62.647;0.00113827;90
50.1133;0.000904453;90
45.7048;0.0120712;90
-61.0631;0.00113466;90
-65.4026;0.00182347;90
-60.7046;0.00455333;90
-51.3844;0.00424777;90
-46.2928;0.00463839;90
-47.8197;0.00449911;90
-20.1001;0.00748701;90
-49.3421;0.00219479;90
-49.1721;0.00383916;90
-44.4738;0.00500441;90
-54.5556;0.00535426;90
-48.7924;0.00521714;90
-64.955;0.00627169;90
-70.7355;0.00688026;90
-64.2441;0.00557373;90
-62.6829;0.00589434;90
-57.5978;0.00541746;90
-58.9888;0.00559;90
-66.8446;0.00678999;90
-68.2475;0.0169833;90
-75.1983;0.0029592;90
-71.1375;0.00622954;90
-67.4808;0.0131778;90
-49.7204;0.00295583;90
-24.544;0.00848355;90
8.81388;0.00135095;90
30.0359;0.00175809;90
27.6435;0.00389682;90
-18.2113;0.0072091;90
-27.8851;0.00170836;90
-24.0245;0.00281485;90
-33.8082;0.00968703;90
-40.1351;0.00222621;90
-37.5846;0.00174774;90
-27.9638;0.00362754;90
9.05557;0.00423782;90
22.458;0.0039214;90
33.7285;0.00371899;90
42.5303;0.00406964;90
31.8772;0.00364704;90
4.6734;0.00374345;90
-9.62868;0.00385024;90
4.07672;0.00367129;90
28.2577;0.00964434;90
25.0513;0.00160829;90
7.75985;0.00242925;90
-7.51247;0.00377843;90
1.08644;0.00685623;90
3.03557;0.000925298;90
30.0661;0.00103992;90
10.5047;0.00505167;90
7.61275;0.00355534;90
-17.2772;0.00395966;90
-41.6047;0.0044534;90
-57.8572;0.00539254;90
-61.1649;0.00578075;90
-54.6668;0.00531011;90
-47.2574;0.00536757;90
-37.4537;0.00465204;90
-26.7299;0.00419756;90
-14.2197;0.00401399;90
-9.30413;0.00398949;90
-6.68093;0.00393673;90
-3.77862;0.00386941;90
5.6881;0.00405597;90
20.581;0.00429834;90
18.1878;0.00432509;90
1.74367;0.00414092;90
-13.6324;0.00340698;90
-22.7982;0.00266847;90
-20.3131;0.00772865;90
-0.947891;0.00151121;90
13.7914;0.00363273;90
27.2835;0.00449396;90
7.38292;0.00438132;90
-7.8289;0.00400836;90
10.7074;0.00397216;90
14.0939;0.00409837;90
3.52806;0.00399758;90
-7.01317;0.00393947;90
-16.1615;0.00429681;90
-25.7679;0.00482143;90
-33.3648;0.0051294;90
-28.0568;0.00472418;90
-19.2155;0.00438743;90
-24.0401;0.00464927;90
-31.236;0.00479979;90
-36.6604;0.00503123;90
-42.4841;0.00521924;90
-46.8933;0.00554321;90
-42.2701;0.00530012;90
-28.7034;0.0046744;90
-13.1878;0.0043569;90
3.52088;0.00457564;90
-7.31463;0.00427277;90
-27.3518;0.00462507;90
-41.2775;0.00523869;90
-53.4899;0.00592472;90
-53.5851;0.00596839;90
-35.2969;0.00843698;90
-15.8901;0.00156687;90
-28.388;0.00435807;90
-51.8898;0.00574715;90
-47.1356;0.00889946;90
-52.395;0.00584548;90
-55.124;0.00607028;90
-48.2655;0.00561081;90
-40.9171;0.00210545;90
-28.0434;0.00462841;90
-32.2044;0.00479228;90
-48.5466;0.00560111;90
-48.7334;0.00567951;90
-50.7525;0.00577077;90
-61.844;0.00653989;90
-53.6651;0.00642528;90
-37.3177;0.00504095;90
-36.1345;0.00495521;90
-42.6977;0.005263;90
-30.7052;0.00475107;90
-19.0715;0.00444074;90
-32.6958;0.00489097;90
-24.5824;0.00458892;90
-30.3651;0.00474374;90
-51.4961;0.00964392;90
-50.4702;0.00231429;90
-44.4034;0.00502497;90
-32.9747;0.00488729;90
-22.6248;0.00449708;90
-46.3774;0.00917807;90
-60.8489;0.00253739;90
-61.0637;0.00611775;90
-50.224;0.00570033;90
-33.4498;0.0048276;90
-0.120453;0.00428101;90
13.0316;0.00441264;90
7.11671;0.00427796;90
-14.5481;0.00437115;90
-35.017;0.00488656;90
-51.3602;0.00582138;90
-62.7133;0.00678164;90
-68.2592;0.00702467;90
-63.9904;0.00682748;90
-57.3854;0.00625063;90
-55.9482;0.00615064;90
-59.6607;0.00642026;90
-62.3178;0.00667504;90
-67.6234;0.00708445;90
-69.7886;0.00776301;90
-66.4947;0.00716339;90
-58.7748;0.00631361;90
-48.7997;0.00562325;90
-36.024;0.00497174;90
-21.6019;0.00453341;90
-5.61251;0.00424334;90
7.78959;0.00433096;90
23.3715;0.00456778;90
33.0903;0.00484835;90
35.1511;0.00492762;90
25.852;0.00467151;90
9.13632;0.00427625;90
-4.51119;0.00429731;90
-18.4228;0.00447114;90
-30.7932;0.00472515;90
-38.4235;0.00511208;90
-40.6637;0.00518095;90
-27.285;0.00462679;90
-3.32509;0.00431026;90
2.84176;0.00429628;90
-17.8965;0.00444193;90
-33.0005;0.00483983;90
-37.7305;0.00539261;90
-27.9324;0.00466666;90
-13.2262;0.00435759;90
-5.85568;0.00432255;90
-19.4145;0.00447654;90
-40.8379;0.0051734;90
-45.3521;0.00540735;90
-33.6283;0.00488802;90
-17.3895;0.00443678;90
-6.24295;0.00429447;90
8.24252;0.00432467;90
25.3734;0.00460193;90
28.1585;0.00466401;90
15.0666;0.00439715;90
-2.38428;0.00430272;90
-19.1322;0.00446989;90
-33.568;0.0048162;90
-46.1256;0.00547123;90
-50.812;0.00584458;90
-37.8374;0.00508132;90
-24.5829;0.00453836;90
-25.0575;0.00460655;90
-30.1569;0.00874455;90
-36.1121;0.00208698;90
-42.6145;0.00392431;90
-51.3881;0.00578968;90
-62.6267;0.00675315;90
-66.6534;0.00706549;90
-65.9217;0.00702966;90
-62.6688;0.00665603;90
-53.6945;0.00590789;90
-43.8506;0.00535812;90
-41.3389;0.00524896;90
-44.2133;0.00540776;90
-46.881;0.00555803;90
-42.7248;0.00525441;90
-30.2891;0.00441348;90
8.55856;0.00366886;90
2.71904;0.00486948;90
-2.6463;0.0042235;90
-10.563;0.00516045;90
-15.1857;0.00434056;90
-23.5329;0.00452319;90
-29.2566;0.00796158;90
-32.097;0.00185563;90
-35.1848;0.004625;90
-44.581;0.00541517;90
-54.4144;0.0059785;90
-61.7843;0.00656737;90
-62.3673;0.00674426;90
-57.6712;0.00632786;90
-50.429;0.00578463;90
-42.1584;0.00524894;90
-32.3155;0.00485613;90
-21.4566;0.00450524;90
-9.63902;0.00431796;90
-2.92917;0.0042856;90
-7.97434;0.00431775;90
-6.7787;0.00685391;90
26.502;0.0012191;90
43.8985;0.00364157;90
-97.1938;0.00186065;90
-88.9947;0.00416064;90
-101.646;0.0057463;90
-71.2277;0.00719684;90
-70.9639;0.00250182;90
-92.9607;0.00346563;90
-53.7134;0.00526507;90
-52.2143;0.00135137;90
-38.0588;0.00267978;90
-36.3396;0.00287392;90
-46.6329;0.0025063;90
141.005;0.00114899;90
136.434;0.00324876;90
146.241;0.00299982;90
125.588;0.00420305;90
128.215;0.0032557;90
88.5747;0.00398023;90
118.7;0.00488518;90
93.8196;0.0054942;90
79.7707;0.00515799;90
90.6072;0.00396322;90
-11.2144;0.00188193;90
6.47638;0.00367042;90
21.4988;0.0043249;90
18.6932;0.00434944;90
12.9053;0.00447299;90
5.51894;0.00449182;90
-0.0760395;0.004521;90
-6.42225;0.0043181;90
-6.79307;0.00430321;90
-2.74972;0.0047735;90
-1.15319;0.00447191;90
2.67941;0.0042997;90
9.37146;0.00435411;90
2.69766;0.00418564;90
3.31291;0.00408382;90
16.667;0.00408982;90
26.242;0.00428348;90
37.5766;0.00478336;90
46.0677;0.00542657;90
49.3259;0.0057184;90
41.0291;0.00536072;90
29.0412;0.00414059;90
4.28827;0.00485459;90
-11.7556;0.00461377;90
-29.2746;0.00480576;90
-42.1553;0.00524329;90
-47.4154;0.00560385;90
-54.2088;0.00543916;90
-57.9383;0.00700786;90
-64.4993;0.00698221;90
-62.136;0.00670769;90
-56.425;0.00621487;90
-49.7456;0.00578629;90
-46.8773;0.0044034;90
-25.362;0.0055167;90
-0.439833;0.00442913;90
26.0604;0.00467088;90
34.1163;0.00495832;90
29.3858;0.0047892;90
15.6337;0.00439354;90
5.40398;0.00403493;90
-17.3917;0.00498489;90
-29.9203;0.00376708;90
-19.2252;0.00550289;90
-12.132;0.0044013;90
-16.7201;0.00448042;90
-33.6187;0.00490189;90
-47.6972;0.00555978;90
-57.9432;0.00638331;90
-64.7363;0.00706914;90
-65.4753;0.00698409;90
-62.219;0.00678621;90
-59.0117;0.00640753;90
-54.5085;0.00591991;90
-51.2633;0.00605361;90
-45.19;0.00554375;90
-41.1924;0.00496211;90
-31.3295;0.00513117;90
-24.8686;0.00466783;90
-15.3309;0.00450843;90
-4.91545;0.00438814;90
-10.1338;0.00443316;90
-34.869;0.00496062;90
-57.0848;0.00623485;90
-71.4756;0.00769573;90
-75.9104;0.0164066;90
-72.2607;0.00773582;90
-67.5582;0.00757573;90
-63.0089;0.00697583;90
-65.0558;0.00475892;90
-66.667;0.00962952;90
-70.0084;0.00753185;90
-71.5089;0.00774695;90
-73.3712;0.0077856;90
-67.6671;0.00732655;90
-64.9543;0.00708412;90
-62.7064;0.00692835;90
-64.4613;0.00699107;90
-65.4423;0.00721351;90
-64.1139;0.00686924;90
-56.6883;0.00634203;90
-53.4917;0.00614852;90
-45.7291;0.00555689;90
-36.5507;0.00506268;90
-23.645;0.00461766;90
-21.8176;0.00459837;90
-25.2121;0.00473508;90
-32.7901;0.00489139;90
-36.2417;0.0050711;90
-45.7979;0.00558527;90
-55.6449;0.00621278;90
-60.2562;0.00660522;90
-51.5505;0.00595666;90
-46.4732;0.00563821;90
-52.3219;0.0059978;90
-59.0475;0.00695667;90
-63.7094;0.00700345;90
-66.8201;0.00724812;90
-69.4861;0.00747928;90
-67.1491;0.00726952;90
-59.5935;0.00654178;90
-50.5795;0.00590545;90
-38.0429;0.00517809;90
-36.5201;0.00507809;90
-42.8032;0.00538646;90
-48.128;0.00572761;90
-53.8989;0.00611155;90
-54.8703;0.00617105;90
-51.8136;0.00595417;90
-47.5116;0.0057444;90
-42.6908;0.00538758;90
-42.9204;0.00541718;90
-50.7717;0.00580792;90
-60.0837;0.00663279;90
-67.2953;0.00737339;90
-68.7583;0.00745231;90
-57.5714;0.00670213;90
-32.2493;0.00889049;90
-17.7799;0.00179787;90
-31.6593;0.00391337;90
-50.9538;0.00595129;90
-63.6684;0.00603743;90
-43.0544;0.00351989;90
-63.8437;0.00357288;90
-95.6702;0.00536425;90
-109.676;0.00586867;90
-110.452;0.012326;90
-114.346;0.00334991;90
-111.647;0.00715672;90
-112.076;0.00743941;90
-120.627;0.00636374;90
-122.188;0.0059021;90
-104.945;0.00723162;90
-96.1093;0.00813721;90
-104.895;0.00771835;90
-117.882;0.00702222;90
-128.431;0.00605725;90
-125.033;0.00610754;90
-111.055;0.00760153;90
-104.27;0.00820311;90
-98.5634;0.00886483;90
-96.263;0.00934075;90
-96.3664;0.00893711;90
-92.2043;0.00912575;90
-89.4663;0.00933941;90
-90.481;0.00905232;90
-89.6903;0.00924914;90
-91.1745;0.00912292;90
-97.2682;0.00938239;90
-97.3435;0.00826177;90
-95.0256;0.00888114;90
-88.3047;0.00939711;90
-85.9152;0.00958836;90
-85.1875;0.00954766;90
-81.313;0.00906398;90
-80.8151;0.00831967;90
-80.5039;0.00975873;90
-80.9961;0.00943121;90
-84.5362;0.00949414;90
-93.9718;0.0163573;90
-103.772;0.00310837;90
-105.897;0.00649125;90
-99.2848;0.00886312;90
-86.3389;0.00889515;90
-86.3119;0.00949867;90
-91.1478;0.010084;90
-96.14;0.00938685;90
-100.412;0.00882023;90
-108.279;0.00778587;90
-105.172;0.00792835;90
-98.8362;0.00866484;90
-95.7639;0.0086628;90
-98.7371;0.0090915;90
-103.755;0.00874376;90
-108.802;0.00518466;90
-102.904;0.0119385;90
-103.085;0.00844116;90
-94.0719;0.00923832;90
-89.2142;0.00940588;90
-84.9146;0.00946526;90
-84.7324;0.00935651;90
-92.0985;0.0093943;90
-100.633;0.00841142;90
-95.9007;0.00905598;90
-103.397;0.0082135;90
-122.415;0.00659092;90
-121.295;0.00694787;90
-116.098;0.00750852;90
-127.799;0.00644165;90
-110.544;0.00738038;90
-96.5426;0.00850438;90
-102.047;0.0081546;90
-127.046;0.0102448;90
-151.575;0.00187392;90
-146.35;0.00471024;90
-124.856;0.00605414;90
-106.177;0.00791437;90
-95.8995;0.00854224;90
-91.0752;0.00873954;90
-91.8296;0.00870744;90
-91.4908;0.00880198;90
-88.0507;0.008643;90
-86.6122;0.00896867;90
-86.2944;0.0145755;90
-87.8225;0.00894846;90
-89.4717;0.00368716;90
-90.1439;0.013535;90
-90.813;0.00648365;90
-88.5864;0.00603984;90
-93.7984;0.00218881;90
-97.6734;0.00865752;90
-101.05;0.00541031;90
-103.013;0.00237602;90
-101.413;0.00911628;90
-102.514;0.00212755;90
-96.1433;0.00848473;90
-88.8524;0.00244649;90
-89.3086;0.00952969;90
-96.2411;0.00319192;90
-97.2054;0.00636224;90
-98.9807;0.00774495;90
-97.5461;0.00717312;90
-90.9905;0.00798319;90
-92.1072;0.00807746;90
-110.037;0.00573513;90
-135.478;0.00449382;90
-131.772;0.00488467;90
-135.16;0.00429852;90
-120.475;0.00548352;90
-113.457;0.00562483;90
-109.309;0.0047873;90
-100.876;0.00285122;90
-97.3825;0.00237368;90
-94.5722;0.00263438;90
-89.8048;0.00322802;90
-89.3599;0.0048333;90
-89.1727;0.00498652;90
-89.4387;0.00510424;90
-88.9521;0.00585098;90
-89.3257;0.00679747;90
-89.2964;0.00716654;90
-89.349;0.00730547;90
-85.9671;0.0285938;90
-94.8502;0.00357179;90
-97.3547;0.00631193;90
-98.7117;0.00670131;90
-97.3911;0.00729158;90
-89.7163;0.00767509;90
-84.9788;0.00766642;90
-85.1305;0.00772789;90
-84.8844;0.00782818;90
-84.1763;0.00786459;90
-81.0937;0.00808043;90
-80.9873;0.00781347;90
-74.4179;0.00565484;90
-72.0832;0.00489541;90
-73.4076;0.00554697;90
-74.5301;0.00650466;90
-78.0157;0.00641481;90
-83.1901;0.0073287;90
-88.8106;0.00756363;90
-90.9395;0.00652588;90
-87.3811;0.0145322;90
-84.3845;0.00311696;90
-85.646;0.00698115;90
-88.026;0.008419;90
-88.3604;0.00852749;90
-88.3903;0.00829427;90
-86.2739;0.00792475;90
-82.5079;0.00760795;90
-77.1177;0.00699712;90
-74.4652;0.00603756;90
-74.875;0.00613969;90
-75.3475;0.00678775;90
-78.3537;0.00718288;90
-81.5932;0.0073803;90
-82.8873;0.00751886;90
-89.4105;0.0118586;90
-102.061;0.00595342;90
-103.021;0.00551685;90
-94.5781;0.00607639;90
-89.9675;0.007054;90
-90.1579;0.00834603;90
-89.0437;0.00802912;90
-87.8866;0.00797242;90
-87.015;0.00541535;90
-84.1668;0.00897346;90
-80.352;0.00725562;90
-73.9118;0.00281109;90
-72.9347;0.00674707;90
-74.1637;0.00670966;90
-83.8719;0.00742845;90
-91.3179;0.00760901;90
-79.8545;0.00736313;90
-74.2591;0.00662027;90
-84.3434;0.00739602;90
-88.686;0.00732593;90
-88.138;0.00704772;90
-86.2508;0.00769246;90
-79.3354;0.0114396;90
-79.8312;0.00278677;90
-78.999;0.00683867;90
-79.9764;0.00701508;90
-83.3223;0.00761063;90
-84.8003;0.00694056;90
-81.4608;0.00604097;90
-79.073;0.0056922;90
-73.1595;0.00539852;90
-61.8261;0.00724772;90
-62.6938;0.00172863;90
-85.8443;0.00396041;90
-94.6885;0.00639841;90
-94.4792;0.0116265;90
-100.893;0.00256115;90
-99.7657;0.00490508;90
-97.8061;0.008202;90
-87.9843;0.00261562;90
-84.44;0.00798858;90
-70.5064;0.0067096;90
-48.3166;0.00543898;90
-62.2789;0.00605158;90
-76.2207;0.00730112;90
-71.9514;0.00656504;90
-67.2856;0.00666601;90
-76.2768;0.00683718;90
-71.0437;0.00337081;90
-69.9348;0.00494622;90
-102.92;0.00303688;90
-115.073;0.00527399;90
-131.332;0.00254231;90
-173.36;0.000717815;90
-77.8474;0.00262687;90
-86.9174;0.00297531;90
-89.7313;0.00810209;90
-99.0139;0.00216372;90
-174.259;0.000559808;90
130.646;0.00261748;90
-145.778;0.0047795;90
-93.6935;0.004331;90
160.877;0.00126374;90
-114.64;0.00193082;90
-137.022;0.00166344;90
-165.612;0.00312295;90
129.578;0.00335254;90
108.535;0.00362398;90
113.755;0.00247249;90
126.301;0.00157088;90
-123.967;0.00143364;90
-53.47;0.0104512;90
18.5205;0.00232965;90
3.68042;0.00168247;90
-36.7013;0.00210661;90
39.1887;0.00120118;90
-25.9986;0.0034379;90
70.993;0.00481449;90
83.2902;0.00100992;90
71.4212;0.00365339;90
79.8974;0.00182429;90
88.7116;0.0105407;90
-133.836;0.0229079;90
-59.5458;0.00281543;90
-24.9837;0.00239843;90
17.7525;0.00249585;90
28.8866;0.000927388;90
73.0881;0.00229631;90
-24.4711;0.00139534;90
85.5519;0.00275931;90
86.312;0.00272063;90
74.7839;0.00180218;90
74.3799;0.000895056;90
-11.3545;0.00151362;90
-9.8974;0.00132066;90
-45.2036;0.00179111;90
-48.0259;0.00162083;90
63.598;0.00141454;90
81.862;0.00102431;90
-100.992;0.013626;90
-69.5024;0.00217896;90
-11.4765;0.00222652;90
12.4006;0.00247269;90
-4.47224;0.0029881;90
-33.7726;0.00288722;90
-24.6747;0.00454169;90
-15.5479;0.00102968;90
-2.3942;0.00780381;90
-82.5291;0.00137669;90
-73.52;0.0144423;90
-64.3701;0.00205522;90
-56.5575;0.00372346;90
-56.1364;0.00833247;90
-66.4772;0.00547714;90
-65.4984;0.00460795;90
-61.9696;0.00192365;90
-52.9289;0.00415723;90
-59.9564;0.00470979;90
-62.7282;0.00449573;90
-62.0699;0.00454319;90
-52.0558;0.00413893;90
-43.6094;0.0065851;90
-46.5419;0.0013928;90
-46.9916;0.00551381;90
-43.6628;0.00299966;90
-44.8867;0.00107268;90
-54.0934;0.00306923;90
-72.6139;0.00787792;90
-88.1828;0.00406805;90
-86.418;0.0113001;90
-78.8807;0.00318377;90
-60.6576;0.00448545;90
-36.5453;0.00300105;90
-39.5925;0.00327149;90
-47.7536;0.00141302;90
-59.3015;0.00255621;90
-55.3164;0.00281525;90
-58.6815;0.00293577;90
-57.7093;0.00355475;90
-58.5187;0.00383555;90
-65.8554;0.00399226;90
-51.7728;0.00372344;90
-47.3468;0.00305656;90
-50.8053;0.00344644;90
-40.5316;0.00312217;90
-66.5981;0.00425501;90
-68.347;0.00444463;90
-64.1171;0.00454491;90
-47.0758;0.00390438;90
-29.7282;0.00298254;90
-28.8124;0.00305637;90
-29.5393;0.00304247;90
-36.0211;0.00333457;90
-58.8938;0.00427582;90
-65.975;0.0041878;90
-51.5168;0.00344537;90
-26.7659;0.00280673;90
-50.988;0.00383648;90
-51.7945;0.00326929;90
-44.0457;0.00237762;90
-45.3616;0.00156839;90
-53.3659;0.00340203;90
-64.9356;0.00495235;90
-70.8271;0.00581876;90
-85.2737;0.00675999;90
-85.9898;0.00757856;90
-85.3338;0.00708047;90
-80.5138;0.00749955;90
-80.956;0.00713774;90
-83.5761;0.00725757;90
-85.213;0.00754933;90
-82.2553;0.00744289;90
-77.4668;0.00711966;90
-74.6719;0.00702489;90
-67.2414;0.00629186;90
-63.1943;0.00692069;90
-65.596;0.00641626;90
-69.5516;0.0173172;90
-41.0521;0.00205407;90
-13.8821;0.00748152;90
-6.42473;0.00179628;90
-13.6079;0.00291997;90
-53.8732;0.0111809;90
-80.2373;0.00326123;90
-84.5612;0.00346058;90
-83.6629;0.00809043;90
-65.5416;0.0147694;90
-57.8671;0.00200043;90
-55.1077;0.00226035;90
-48.4145;0.00524756;90
-54.2433;0.00522979;90
-45.318;0.00471435;90
-20.1468;0.00391665;90
-20.4641;0.00693037;90
-25.6483;0.001705;90
-23.446;0.00313156;90
-50.6978;0.00916626;90
-61.3022;0.00219913;90
-60.5669;0.00886638;90
-62.2063;0.00583972;90
-64.9032;0.0023388;90
-76.4585;0.031151;90
-79.8769;0.00498968;90
-80.4826;0.00752356;90
-81.1107;0.00757802;90
-84.8246;0.00790422;90
-87.2234;0.00796835;90
-87.44;0.008015;90
-88.5477;0.00781251;90
-95.451;0.00814785;90
-96.3031;0.00750537;90
-96.7779;0.00688008;90
-91.6398;0.00615052;90
-64.4646;0.00475331;90
-44.6435;0.00397755;90
-43.6417;0.00375862;90
-43.1296;0.00389965;90
-42.0148;0.00370673;90
-40.6031;0.00342186;90
-73.5139;0.00401715;90
-36.5177;0.00152923;90
-17.128;0.0031612;90
-5.4962;0.0031113;90
21.6026;0.00363965;90
49.2279;0.00476685;90
66.3572;0.00564044;90
67.9192;0.00555978;90
57.0697;0.00305362;90
8.56015;0.00163926;90
-23.9459;0.0021041;90
-27.2718;0.00112393;90
-27.0115;0.000860912;90
-57.6045;0.00151;90
-53.1018;0.002027;90
-56.5631;0.00182027;90
-49.6195;0.00205446;90
-54.2974;0.00250352;90
-66.3249;0.0091097;90
-72.8693;0.00211168;90
-77.6237;0.00395184;90
-75.6825;0.00612628;90
-76.8261;0.00433509;90
-67.8883;0.0125846;90
-65.478;0.00230819;90
-66.9849;0.00467296;90
-74.2796;0.00657701;90
-61.0117;0.00528856;90
-62.7888;0.00563122;90
-80.9494;0.00649689;90
-92.2802;0.00459964;90
-95.4788;0.00826375;90
-94.8029;0.00642556;90
-98.2687;0.00631363;90
-101.252;0.00578621;90
-103.033;0.00372495;90
-106.984;0.00688111;90
-101.974;0.00571639;90
-101.713;0.00627568;90
-94.1821;0.00685626;90
-83.2097;0.0070283;90
-82.4937;0.00587131;90
-92.8057;0.0126251;90
-99.2508;0.00757046;90
-85.9984;0.006563;90
-81.9722;0.00696728;90
-78.1072;0.00503201;90
-83.7024;0.00817735;90
-80.6256;0.00653224;90
-79.8136;0.00688147;90
-79.6443;0.00534608;90
-83.7172;0.0073924;90
-76.887;0.006021;90
-75.7593;0.00604888;90
-81.9501;0.00666972;90
-80.6986;0.00620559;90
-78.9973;0.00555919;90
-78.0352;0.00511308;90
-79.5905;0.00842364;90
-86.1787;0.00681215;90
-87.053;0.0139655;90
-89.1783;0.00153416;90
-91.0797;0.00180432;90
-86.8113;0.00467424;90
-77.454;0.00433655;90
-76.9992;0.00489856;90
-77.0998;0.00563933;90
-76.4801;0.0124346;90
-76.4977;0.00236846;90
-76.4741;0.00354019;90
-77.2698;0.00740605;90
-79.109;0.00670578;90
-78.3493;0.00530837;90
-79.2446;0.00705188;90
-80.4814;0.00719608;90
-72.6258;0.00507348;90
-69.9288;0.00627937;90
-47.6898;0.00411353;90
-51.4394;0.00441972;90
-57.6932;0.00548037;90
-50.9861;0.00416992;90
-53.6945;0.00483203;90
-64.3844;0.00545184;90
-69.5408;0.00567604;90
-67.9668;0.00578446;90
-68.8547;0.00541672;90
-64.0686;0.00432661;90
-47.5916;0.00386263;90
-49.8152;0.00398447;90
-49.7251;0.00462677;90
-41.8849;0.00441109;90
-42.7431;0.00412988;90
-45.7302;0.00288523;90
-44.4762;0.00363539;90
-44.8654;0.00391385;90
-66.5914;0.00548221;90
-76.1947;0.00637825;90
-75.6979;0.00663876;90
-75.4847;0.00643955;90
-75.643;0.00589201;90
-65.8258;0.00546747;90
-65.4377;0.00580972;90
-66.6681;0.00440088;90
-69.5744;0.00730105;90
-67.0662;0.0058537;90
-67.6759;0.00462029;90
-89.6406;0.00908718;90
-89.4423;0.0062673;90
-87.1671;0.00271131;90
-89.6975;0.00284104;90
-79.9844;0.00434116;90
-83.6096;0.00706188;90
-76.2632;0.00250567;90
-94.7878;0.00315099;90
-85.7487;0.00411432;90
-90.6145;0.00568733;90
-91.1101;0.00510996;90
-90.0699;0.027874;90
-91.9589;0.0022233;90
-21.9348;0.000797749;90
-34.6042;0.00286844;90
-15.6512;0.00813254;90
-44.6434;0.0048855;90
-54.6503;0.00825491;90
-65.2167;0.00195616;90
-69.6332;0.00333019;90
-70.5351;0.00599886;90
-64.8879;0.00603217;90
-51.0555;0.00506072;90
-50.139;0.00449973;90
-58.4908;0.00481024;90
-59.579;0.00476153;90
-74.0884;0.00581791;90
-87.1385;0.00657019;90
-91.1783;0.00685645;90
-92.8665;0.00701878;90
-83.6013;0.00745645;90
-78.9105;0.00627008;90
-85.9766;0.00761076;90
-87.7231;0.00699752;90
-79.8463;0.00742529;90
-74.2736;0.00700626;90
-71.4576;0.00674199;90
-73.5182;0.00676393;90
-72.0246;0.00685983;90
-77.8697;0.00742376;90
-69.5569;0.00694863;90
-64.3909;0.00640633;90
-66.5724;0.00650418;90
-77.0294;0.007329;90
-80.4684;0.00707163;90
-80.7388;0.00791619;90
-80.5761;0.00735932;90
-77.2332;0.0186439;90
-71.3043;0.00305732;90
-52.3609;0.00534808;90
-63.9396;0.00629612;90
-76.8239;0.00702802;90
-74.481;0.00719844;90
-64.9723;0.00606774;90
-45.2363;0.00497312;90
-45.465;0.00505315;90
-44.6762;0.0046295;90
-63.625;0.0063366;90
-72.3611;0.0068511;90
-74.5076;0.00696715;90
-67.2173;0.0130437;90
-56.2824;0.00230949;90
-68.5397;0.00380478;90
-73.3579;0.00691359;90
-78.5755;0.00745164;90
-79.8381;0.00752708;90
-83.0745;0.00787042;90
-84.8416;0.0081972;90
-82.009;0.00757455;90
-88.3312;0.00782932;90
-87.4357;0.00666067;90
-71.7218;0.00762681;90
-65.5464;0.00638473;90
-63.7669;0.0426153;90
-71.9497;0.00268515;90
-66.341;0.0102942;90
-59.2363;0.00235778;90
-64.8786;0.00370992;90
-63.1347;0.0132288;90
-53.7773;0.0031696;90
-54.9494;0.00512798;90
-55.7382;0.00514233;90
-41.9212;0.00438403;90
-43.4091;0.0044572;90
-38.7294;0.00385843;90
-44.3229;0.00245312;90
-52.2283;0.00282115;90
-55.3158;0.00298917;90
-46.9491;0.00496889;90
-40.1048;0.00117667;90
-38.0659;0.00260637;90
-37.4571;0.00222472;90
-32.4564;0.00297582;90
-56.4789;0.00395115;90
-63.275;0.00448512;90
-52.0372;0.00423637;90
-55.4696;0.00457621;90
-59.0467;0.00471673;90
-65.9376;0.00442448;90
-58.1335;0.0024927;90
-49.9746;0.0025034;90
-40.0888;0.0022796;90
-42.4841;0.00267403;90
-36.6515;0.00278082;90
-42.4357;0.00249717;90
-50.5079;0.0023869;90
-108.809;0.00251849;90
-111.343;0.0040884;90
-112.495;0.00470716;90
-125.717;0.00363834;90
172.673;0.00123105;90
166.819;0.00267959;90
-172.673;0.00263451;90
-157.865;0.00299903;90
-153.273;0.00348426;90
-149.378;0.00319216;90
-140.845;0.003527;90
-158.927;0.00313999;90
-172.995;0.00343565;90
-173.228;0.00297677;90
-176.265;0.00319278;90
-165.999;0.00314545;90
-149.312;0.00349552;90
-137.812;0.00367502;90
-136.801;0.00450084;90
-143.001;0.00390661;90
-144.784;0.00366593;90
-123.974;0.00453279;90
-123.151;0.00471433;90
-154.566;0.00351131;90
-139.4;0.00374173;90
-119.855;0.00469051;90
-102.395;0.00595378;90
-102.684;0.00533315;90
-103.99;0.00515801;90
-120.136;0.00338213;90
-135.597;0.00325711;90
-173.103;0.00249002;90
-105.683;0.00417649;90
-102.834;0.00448402;90
-99.591;0.00512564;90
-135.63;0.00244391;90
-142.733;0.00251186;90
-118.327;0.00205055;90
-102.249;0.00350683;90
-79.6848;0.00396509;90
-76.3117;0.00443291;90
-76.0865;0.00407558;90
-87.1496;0.00689753;90
-101.486;0.00580016;90
-101.551;0.00564329;90
-131.908;0.00350032;90
-140.777;0.00365308;90
-133.376;0.00381637;90
-137.12;0.00319194;90
-108.979;0.00503046;90
-124.1;0.00445741;90
-111.163;0.00542914;90
-131.965;0.00396607;90
-109.039;0.00551785;90
-96.2363;0.00621377;90
-91.0168;0.00693109;90
-98.2924;0.00669095;90
-94.7643;0.00683863;90
-85.3908;0.00693142;90
-100.536;0.00630022;90
-115.156;0.00569073;90
-131.136;0.0041864;90
-109.108;0.00546511;90
-98.3367;0.00615908;90
-102.271;0.00635211;90
-103.895;0.0065754;90
-124.138;0.00425524;90
-118.076;0.00860112;90
-112.905;0.0023818;90
-115.849;0.00482805;90
-97.8228;0.0097568;90
-108.728;0.00538195;90
-92.4399;0.00260736;90
-95.1287;0.00630926;90
-101.335;0.00590212;90
-95.9335;0.0114051;90
-96.6661;0.00275664;90
-93.3643;0.00468608;90
-87.9192;0.00694058;90
-86.8666;0.00664093;90
-99.2679;0.00561935;90
-112.102;0.00528106;90
-98.2069;0.0061227;90
-98.7082;0.00597083;90
-89.704;0.00600108;90
-105.104;0.00575273;90
-98.694;0.0065098;90
-90.5242;0.00590225;90
-86.5266;0.00465455;90
-105.406;0.00457747;90
-113.181;0.00339401;90
-118.568;0.00171477;90
-118.964;0.00320486;90
-104.456;0.00502717;90
-99.4496;0.00959926;90
-96.1068;0.00233123;90
-90.6188;0.00629637;90
-85.4703;0.00671096;90
-81.297;0.00625198;90
-75.4732;0.00560933;90
-70.0568;0.00600725;90
-68.4863;0.00606451;90
-76.4221;0.00566945;90
-93.5531;0.00553464;90
-91.4485;0.00621098;90
-89.6747;0.00739712;90
-91.234;0.00724368;90
-94.3474;0.00693897;90
-95.7255;0.00726725;90
-94.2352;0.00733904;90
-95.1504;0.0073075;90
-94.1445;0.00727803;90
-95.4902;0.00773448;90
-103.439;0.00707782;90
-104.233;0.00676363;90
-104.068;0.00659066;90
-98.075;0.0121949;90
-87.76;0.00253294;90
-85.0356;0.0051192;90
-84.9456;0.00644707;90
-90.1636;0.00665603;90
-98.2075;0.0131972;90
-90.8525;0.00618368;90
-92.4176;0.00632963;90
-105.083;0.00605252;90
-115.183;0.00921707;90
164.598;0.00140444;90
-147.444;0.00273354;90
-102.01;0.00528161;90
-94.5324;0.0128823;90
-86.5112;0.00269499;90
-92.4245;0.00451504;90
-107.137;0.00620029;90
-110.432;0.00598983;90
-99.3843;0.00603476;90
-88.7491;0.0062755;90
-87.5366;0.00674724;90
-94.7187;0.00677095;90
-104.021;0.00638936;90
-94.7121;0.0061839;90
-88.8262;0.00654137;90
-81.0501;0.00602941;90
-65.5717;0.00515772;90
-48.9055;0.00418377;90
-43.5935;0.00423472;90
-68.3423;0.00540561;90
-79.2966;0.00639119;90
-79.4544;0.00589558;90
-58.2099;0.00409067;90
-55.5241;0.00624845;90
-93.5215;0.00143271;90
-26.4708;0.00135953;90
-21.5733;0.00317114;90
-16.2421;0.00328928;90
-39.2337;0.00405385;90
-21.3676;0.00377659;90
-24.4767;0.00391482;90
-21.6036;0.00387307;90
-37.4994;0.0033314;90
-29.9162;0.00315198;90
-42.9026;0.00367093;90
-51.7601;0.00358022;90
-65.5612;0.00459247;90
-45.553;0.00359015;90
-55.0439;0.00405446;90
-59.3783;0.00384987;90
-41.9846;0.00332022;90
-49.9301;0.00394115;90
-19.4992;0.0031157;90
-5.88537;0.00283796;90
-49.7087;0.003368;90
-13.5456;0.00286057;90
-36.4233;0.00348971;90
-41.4662;0.00338428;90
-39.4066;0.00292366;90
-17.543;0.0031285;90
-27.4123;0.00320598;90
-32.053;0.00369886;90
-22.4364;0.00309963;90
-46.2631;0.0036248;90
-14.5173;0.00262894;90
-37.7813;0.00220028;90
-91.4406;0.00151148;90
-92.4051;0.00262131;90
-93.4295;0.00523237;90
-69.9661;0.00568926;90
-60.8812;0.00598206;90
-68.8137;0.00646926;90
-70.2631;0.00654128;90
-73.4762;0.00659955;90
-81.9602;0.0079865;90
-76.0188;0.00732603;90
-76.5168;0.0071367;90
-86.5983;0.00744912;90
-86.7017;0.00517958;90
-84.1116;0.00144261;90
168.629;0.0011006;90
142.929;0.00170701;90
-143.837;0.00179974;90
136.714;0.00125285;90
96.3822;0.00421915;90
129.341;0.00228733;90
154.529;0.00159282;90
-118.229;0.00103171;90
-75.4866;0.0134554;90
-78.7856;0.000940967;90
104.695;0.000843595;90
117.161;0.00141953;90
103.541;0.00128985;90
89.6845;0.00217903;90
92.2724;0.00126099;90
129.054;0.00118086;90
102.898;0.00111103;90
103.818;0.00108438;90
99.6565;0.00140693;90
103.661;0.00140577;90
36.067;0.00234063;90
-59.2312;0.00191565;90
-83.2864;0.00352417;90
-70.4002;0.00206887;90
42.9813;0.00210778;90
-16.0929;0.00154765;90
-18.3298;0.00103343;90
92.2235;0.0061086;90
94.7709;0.00197183;90
98.9653;0.00242563;90
100.047;0.0110627;90
104.243;0.00576729;90
97.6377;0.00571066;90
100.392;0.00537211;90
109.08;0.00550651;90
109.582;0.0065583;90
113.628;0.00673897;90
119.085;0.0055544;90
104.748;0.00554673;90
87.0407;0.00495861;90
86.6026;0.00315555;90
-35.3063;0.00198634;90
-47.5062;0.00295924;90
-39.9119;0.00220851;90
-31.5867;0.00126196;90
-34.1511;0.00137875;90
-35.3462;0.00166979;90
-38.3587;0.00213992;90
-39.9876;0.0020961;90
-40.2735;0.00208528;90
-20.8209;0.00235478;90
-45.4574;0.00283417;90
-39.6938;0.00269147;90
-27.3789;0.00229846;90
-42.7782;0.00268124;90
-56.4366;0.00351265;90
-45.6516;0.00360648;90
8.32565;0.00244477;90
-29.197;0.0028925;90
-12.6838;0.00248668;90
-43.3893;0.00339616;90
-57.105;0.00359785;90
-64.8049;0.00405918;90
-55.8374;0.00410298;90
-58.7004;0.00394985;90
-38.2805;0.00292489;90
-38.0719;0.00324171;90
-37.4152;0.00325715;90
-11.8325;0.00320408;90
-23.5917;0.0031383;90
-12.5417;0.00289201;90
-14.8574;0.00269097;90
-23.204;0.00276899;90
-28.4459;0.00280688;90
-28.8374;0.00263929;90
8.02089;0.00252268;90
-1.75602;0.00290436;90
-15.7867;0.0030251;90
-34.9789;0.00323056;90
-19.8864;0.00288397;90
-11.8929;0.00277558;90
-28.466;0.00291207;90
-16.4228;0.00271997;90
-10.9479;0.00266959;90
-29.4199;0.00306185;90
-39.7447;0.0034972;90
-61.148;0.00475185;90
-56.6286;0.00443767;90
-67.9837;0.00519913;90
-66.2817;0.00409706;90
-47.5065;0.00354104;90
-47.9952;0.00387033;90
-54.4689;0.00405751;90
-49.1091;0.00392747;90
-32.06;0.00333454;90
-33.7099;0.00321088;90
-48.4875;0.00412654;90
-62.5662;0.00445386;90
-62.5039;0.00366048;90
-50.1316;0.00315432;90
-46.696;0.00315366;90
-45.0423;0.00287156;90
-13.9699;0.00209599;90
-57.4223;0.00330026;90
-73.9209;0.00235409;90
-44.8448;0.0020888;90
-96.1212;0.00358242;90
-87.6152;0.00422966;90
-81.618;0.00434238;90
-48.4582;0.00305957;90
-65.2708;0.00392274;90
-66.2941;0.00394486;90
-66.2827;0.00332153;90
-67.4387;0.00338831;90
-76.4499;0.0039736;90
-74.1794;0.00447865;90
-69.555;0.0036243;90
-91.8021;0.00410203;90
-95.2679;0.0042369;90
-91.968;0.0045717;90
-93.0905;0.00430326;90
-87.336;0.00516358;90
-91.3745;0.00491942;90
-88.0704;0.00439549;90
-77.7279;0.00367907;90
-74.4153;0.00268367;90
-66.6791;0.00258412;90
-53.6302;0.00183307;90
-36.5166;0.000973018;90
-41.3839;0.00114355;90
-39.9079;0.00136231;90
-6.24191;0.00167392;90
41.8077;0.00215861;90
50.405;0.00233464;90
11.6759;0.00128969;90
-18.2842;0.00168297;90
28.2776;0.00184066;90
20.8347;0.00206931;90
-9.9175;0.00242118;90
8.31422;0.00242044;90
-32.6426;0.00256398;90
13.5058;0.00243637;90
17.6434;0.00185422;90
-1.01059;0.00164426;90
-42.3903;0.00204991;90
-50.4241;0.00249098;90
-36.5614;0.00230323;90
-59.4424;0.00258849;90
-47.6519;0.00238409;90
22.9185;0.00209541;90
-10.7053;0.00156117;90
-41.0608;0.00211004;90
-44.1128;0.00237475;90
-55.4152;0.00259326;90
-59.6731;0.00257658;90
-42.4502;0.00216164;90
-6.56965;0.00195786;90
23.7233;0.00192136;90
-9.95358;0.0020133;90
37.8125;0.00249234;90
7.69378;0.00202422;90
-50.0737;0.00273449;90
-50.7528;0.00286406;90
4.19175;0.00203845;90
15.4547;0.00216529;90
-8.53762;0.00206792;90
-0.481916;0.00214008;90
27.7371;0.00236133;90
69.1243;0.0036089;90
73.5496;0.00377138;90
82.4094;0.00372464;90
60.589;0.00310749;90
53.4503;0.00311325;90
47.5764;0.00295728;90
42.6078;0.00296465;90
39.8846;0.00278365;90
38.7149;0.00259655;90
30.6776;0.00230103;90
-5.23025;0.00217204;90
18.6747;0.00226737;90
27.4799;0.00224083;90
-4.57759;0.00186696;90
-12.1438;0.00154968;90
9.12521;0.00142504;90
55.8155;0.0010928;90
14.7343;0.00601169;90
25.9883;0.00199915;90
20.762;0.00198597;90
9.70866;0.00221776;90
5.65442;0.00213137;90
11.6456;0.00207573;90
42.7985;0.00276117;90
15.8652;0.00225697;90
-11.5225;0.00216769;90
54.9387;0.00345372;90
68.7235;0.00421639;90
26.5766;0.00222176;90
36.6029;0.00253243;90
66.3464;0.00378608;90
61.0476;0.00375762;90
13.7769;0.00225075;90
-6.48416;0.00237318;90
-24.2336;0.00266044;90
-57.8102;0.00362288;90
-32.6213;0.00278064;90
-25.8891;0.0025399;90
-48.2815;0.00358242;90
-28.4541;0.00301183;90
-42.2549;0.00327767;90
-11.6763;0.00266821;90
-9.45916;0.00298154;90
-34.8588;0.00327702;90
-50.842;0.00389731;90
-8.51519;0.0030931;90
25.2502;0.00298191;90
-22.3066;0.00313782;90
-39.6714;0.00366238;90
28.5925;0.0027937;90
-10.0223;0.00255702;90
-29.6051;0.00325493;90
-19.9048;0.00256419;90
-60.1488;0.00354194;90
-34.8786;0.00302182;90
-6.14934;0.00258588;90
-26.9163;0.00306392;90
25.7138;0.00298011;90
52.9234;0.00343682;90
65.1524;0.00402897;90
2.33035;0.00201667;90
24.6329;0.00278549;90
-1.08333;0.00269748;90
-28.4338;0.002976;90
-35.0037;0.00360511;90
-29.8099;0.0033895;90
37.5299;0.00316001;90
9.49875;0.00310254;90
6.76504;0.00339564;90
6.54853;0.0033408;90
28.7341;0.00229227;90
37.4063;0.00290553;90
26.106;0.0027907;90
19.1458;0.00318624;90
1.47253;0.00315204;90
-4.31154;0.00312585;90
24.2404;0.00372657;90
0.192973;0.00326602;90
13.7985;0.00298103;90
45.8001;0.00400049;90
68.1704;0.00566092;90
48.0509;0.00425149;90
29.8325;0.00381333;90
63.7523;0.00492479;90
69.8711;0.0058088;90
50.9982;0.00452693;90
25.2859;0.00334554;90
-21.98;0.00357484;90
1.73883;0.00332853;90
-23.232;0.00360751;90
52.1857;0.00389493;90
68.6434;0.00480817;90
20.359;0.00272204;90
3.86908;0.00277132;90
-19.1332;0.00262077;90
14.8161;0.00265528;90
54.7597;0.00387517;90
52.1922;0.0037389;90
55.4602;0.00405836;90
47.0797;0.00362419;90
19.2866;0.00312752;90
10.8759;0.00315874;90
11.3904;0.00321023;90
-14.3485;0.00324833;90
-35.5963;0.0036353;90
-36.1601;0.00368108;90
-34.3803;0.00368348;90
-35.1775;0.00384648;90
-35.8588;0.00377439;90
-36.108;0.00365512;90
-14.818;0.00305769;90
-6.44488;0.00308248;90
-7.0489;0.0032677;90
-7.02705;0.00348216;90
-9.42167;0.00347589;90
-1.14988;0.00333867;90
4.89715;0.00335023;90
4.99374;0.00341195;90
6.89044;0.00315076;90
54.1851;0.00420391;90
23.7304;0.00308373;90
22.8039;0.00289748;90
43.8152;0.0034882;90
76.0268;0.0048495;90
64.0782;0.00374476;90
55.2783;0.00328131;90
55.274;0.00211708;90
-76.4383;0.00175699;90
-82.8;0.00312766;90
-71.96;0.0026608;90
-82.272;0.00340593;90
-89.7096;0.00374905;90
-91.6799;0.00388867;90
-91.3911;0.00457235;90
-86.0238;0.00533584;90
-90.8081;0.00623962;90
-91.7258;0.0068401;90
-91.004;0.0071341;90
-90.6996;0.00720754;90
-93.7155;0.0074226;90
-99.5505;0.00694324;90
-94.8798;0.0066772;90
-89.1415;0.00407146;90
-113.898;0.00377679;90
-117.742;0.0048099;90
-112.508;0.00421616;90
-94.6695;0.00576112;90
-106.75;0.00460437;90
-130.043;0.00405061;90
-115.883;0.00484948;90
-111.803;0.00548433;90
-113.97;0.00554085;90
-109.174;0.020604;90
-109.507;0.00539358;90
-131.084;0.00397615;90
-140.178;0.00413649;90
-139.946;0.00448633;90
-139.906;0.00384448;90
-164.247;0.00318981;90
-119.321;0.00494788;90
-106.201;0.00580972;90
-101.485;0.0430297;90
-87.8937;0.00457109;90
-76.0734;0.00570469;90
-76.5882;0.00618672;90
-77.0612;0.00607833;90
-83.0766;0.00623849;90
-89.6774;0.00675011;90
-90.6877;0.00666548;90
-90.6897;0.00631346;90
-90.6923;0.00662148;90
-86.9152;0.00602072;90
-87.6726;0.00647634;90
-87.6733;0.00583781;90
-87.7026;0.00473981;90
-81.9407;0.00286025;90
-82.7488;0.00619555;90
-84.271;0.00217386;90
-82.3426;0.00512571;90
-77.8407;0.0049613;90
-76.9684;0.00499361;90
-76.2214;0.00485367;90
-78.1517;0.00505061;90
-79.4983;0.00492144;90
-80.2361;0.00505928;90
-79.3467;0.00501443;90
-95.8702;0.00503541;90
-132.409;0.0035972;90
-117.165;0.00422953;90
-86.458;0.00853029;90
-90.602;0.00323618;90
-90.2144;0.00427603;90
-86.3927;0.00576943;90
-90.553;0.00559526;90
-85.5204;0.00532627;90
-74.366;0.00482761;90
-82.866;0.00475884;90
-86.5711;0.00382885;90
-77.2113;0.00277381;90
-129.858;0.00196447;90
-150.071;0.00204237;90
179.13;0.00322737;90
-169.868;0.00189861;90
-164.839;0.00176648;90
128.943;0.00341103;90
144.365;0.00315473;90
134.899;0.00322017;90
168.207;0.00250998;90
-160.896;0.00227636;90
-109.625;0.00348653;90
-107.269;0.00282956;90
-96.6635;0.00324895;90
-78.5946;0.0035297;90
-76.3854;0.00382344;90
-76.9064;0.00377412;90
-76.705;0.00403104;90
-76.1709;0.00355608;90
-77.2106;0.00205088;90
-68.9315;0.00185822;90
103.489;0.00129471;90
105.471;0.00477605;90
103.793;0.00484882;90
103.258;0.00310887;90
103.384;0.00444985;90
102.533;0.00402287;90
81.3063;0.00398276;90
72.5969;0.00368781;90
61.0149;0.00312434;90
-6.44593;0.00233375;90
-15.3457;0.00244103;90
-49.9098;0.00322209;90
-29.9196;0.00252213;90
-51.9975;0.00338966;90
17.1396;0.00194435;90
9.74771;0.0022444;90
-7.38201;0.00235048;90
30.0447;0.00218106;90
45.9132;0.00199642;90
101.127;0.00344068;90
96.0163;0.00455107;90
99.1374;0.00460949;90
103.625;0.00476304;90
93.0116;0.0026076;90
91.7514;0.0038608;90
90.6142;0.00606335;90
93.003;0.00612741;90
86.5423;0.00575347;90
96.3733;0.00649514;90
68.4468;0.00471466;90
48.6818;0.00407427;90
85.3396;0.00525538;90
101.668;0.00639312;90
98.7619;0.00693898;90
102.545;0.00679524;90
105.22;0.00652487;90
102.023;0.00685028;90
98.6589;0.00643636;90
95.8353;0.0060785;90
96.7798;0.00607347;90
88.8641;0.00615421;90
92.4366;0.00555102;90
94.3934;0.00578299;90
92.2282;0.00645588;90
89.4493;0.00634629;90
88.8144;0.00681446;90
90.1;0.00687401;90
92.0835;0.00649129;90
100.847;0.00599919;90
103.29;0.00637268;90
104.041;0.00647958;90
103.171;0.00592485;90
55.8567;0.00371661;90
56.4782;0.00406153;90
86.6021;0.0053484;90
98.0519;0.00539014;90
83.2027;0.00915032;90
74.0412;0.00176398;90
78;0.00333794;90
83.4073;0.00488631;90
56.8508;0.00358436;90
82.5036;0.00520448;90
73.235;0.00483971;90
66.1411;0.00466024;90
9.46232;0.00249393;90
41.4974;0.00353011;90
49.0523;0.019592;90
72.8634;0.00895977;90
79.2559;0.0020652;90
73.2703;0.00396377;90
66.5955;0.00412869;90
65.1433;0.00579041;90
67.494;0.0108417;90
49.9794;0.00163748;90
47.5576;0.00217086;90
68.1582;0.00421454;90
85.1045;0.00544888;90
74.8055;0.00464332;90
60.9657;0.00411058;90
64.3136;0.00373288;90
64.6564;0.00207688;90
91.5902;0.00345933;90
86.7086;0.00632243;90
79.783;0.0059534;90
84.046;0.00599635;90
88.4243;0.00640042;90
87.2668;0.00631218;90
92.9102;0.0071302;90
86.5118;0.0112749;90
98.7813;0.00272494;90
91.1812;0.00407487;90
85.6631;0.00469444;90
92.3854;0.00410856;90
93.7884;0.00416209;90
105.57;0.00264507;90
99.4932;0.00304977;90
104.843;0.00263493;90
-123.147;0.00260249;90
-123.622;0.0037348;90
-108.04;0.00408797;90
-113.665;0.00466639;90
-141.647;0.00303622;90
-160.779;0.00329572;90
-140.442;0.0035487;90
-143.423;0.00351905;90
-176.665;0.00345485;90
-168.837;0.00352265;90
-177.659;0.00350092;90
171.535;0.00338993;90
172.852;0.00365642;90
173.166;0.00569748;90
172.974;0.00322119;90
152.8;0.00359;90
143.224;0.00401881;90
143.429;0.00406166;90
144.946;0.00421692;90
143.875;0.00419816;90
145.021;0.00401899;90
167.678;0.00350985;90
-167.58;0.00371494;90
-169.545;0.00353774;90
-150.137;0.00368533;90
-123.386;0.00486118;90
-127.983;0.00490232;90
-127.571;0.00416731;90
-175.437;0.00281592;90
168.51;0.00305217;90
-166.088;0.00314012;90
-128.784;0.00388577;90
-110.557;0.0051147;90
166.469;0.00329958;90
171.474;0.00310936;90
167.883;0.00346827;90
168.815;0.00314983;90
-131.311;0.00402187;90
-118.297;0.00467686;90
-112.252;0.00512572;90
-123.423;0.00410122;90
-152.303;0.0034639;90
-125.768;0.00448243;90
-112.258;0.0055495;90
-136.784;0.00408906;90
-179.012;0.00313147;90
-171.784;0.00329583;90
-155.371;0.00342895;90
170.197;0.0032596;90
-171.127;0.00319625;90
-160.221;0.00302017;90
-151.244;0.00326347;90
-144.477;0.00364181;90
-172.719;0.00336917;90
-172.759;0.00337995;90
-172.959;0.00340166;90
-142.686;0.00355831;90
150.521;0.00374713;90
145.326;0.00387765;90
157.302;0.00322908;90
-171.141;0.00320119;90
-167.211;0.00279637;90
-120.403;0.00382151;90
-124.436;0.00338645;90
-141.606;0.00313491;90
158.981;0.00286889;90
165.332;0.00281577;90
151.459;0.00309969;90
120.299;0.00403752;90
166.123;0.00218065;90
147.887;0.00326565;90
160.374;0.00249494;90
-144.106;0.00271199;90
156.607;0.00278056;90
135.279;0.00362962;90
-157.94;0.00341609;90
-179.941;0.002926;90
147.235;0.0030396;90
122.727;0.00384545;90
164.759;0.0028036;90
-174.958;0.0027647;90
145.706;0.00307931;90
144.19;0.0029311;90
142.032;0.003246;90
135.577;0.00330165;90
144.944;0.00273517;90
147.712;0.00290167;90
132.907;0.00323293;90
159.937;0.00287124;90
-177.205;0.00272724;90
-124.322;0.00322078;90
-110.973;0.00368514;90
-130.01;0.00334102;90
-164.704;0.00246015;90
-110.764;0.0041324;90
-123.407;0.00358895;90
174.889;0.0022901;90
-163.561;0.00234277;90
-138.413;0.00288658;90
-171.129;0.00261326;90
-165.182;0.0025767;90
-173.514;0.00229268;90
-154.748;0.00245898;90
-153.663;0.00224279;90
-173.725;0.00185713;90
-154.666;0.00179016;90
-154.47;0.00106499;90
-155.913;0.00126188;90
168.146;0.00146525;90
168.218;0.00202261;90
-158.089;0.00233141;90
-159.042;0.00270067;90
177.442;0.00239739;90
-144.671;0.00278241;90
-141.631;0.00286598;90
-138.779;0.00307907;90
-136.352;0.00332645;90
-126.752;0.00380541;90
-119.785;0.00388526;90
-97.6296;0.00422541;90
-107.542;0.00410071;90
-112.661;0.00247615;90
-146.754;0.00193347;90
177.666;0.00415044;90
-173.931;0.00109715;90
-175.5;0.00396422;90
131.796;0.00131586;90
139.167;0.00473954;90
-158.849;0.00101433;90
-158.545;0.0044837;90
-175.62;0.000929715;90
159.993;0.00374713;90
143.327;0.000932605;90
122.798;0.0055069;90
134.197;0.00111027;90
156.625;0.00435545;90
-151.959;0.000955118;90
131.653;0.00460263;90
140.927;0.001082;90
138.03;0.00279627;90
131.585;0.00306297;90
171.574;0.00216335;90
-159.868;0.00226329;90
-163.147;0.00163837;90
146.932;0.00212047;90
179.272;0.00204517;90
178.056;0.00212222;90
-179.672;0.00227004;90
-154.651;0.00233811;90
178.672;0.00207156;90
179.678;0.00106902;90
-144.418;0.00105007;90
-127.325;0.00254148;90
-152.721;0.00208149;90
146.44;0.00244928;90
138.71;0.00207617;90
125.835;0.00286787;90
94.3983;0.0461078;90
103.514;0.00409951;90
109.371;0.0033104;90
107.09;0.0274678;90
140.445;0.111584;90
163.812;0.00291976;90
150.122;0.00330417;90
139.7;0.00383126;90
145.534;0.0032991;90
118.525;0.00389706;90
127.925;0.00312873;90
119.858;0.00338653;90
110.82;0.00310045;90
125.747;0.00235705;90
135.824;0.00245816;90
148.189;0.00240176;90
177.497;0.00167159;90
153.906;0.000870754;90
144.001;0.00161799;90
-163.388;0.00164047;90
155.788;0.00165564;90
135.67;0.00181315;90
126.758;0.0022442;90
123.457;0.00231811;90
133.381;0.0020776;90
153.676;0.00169809;90
137.022;0.00194363;90
147.472;0.0018467;90
135.652;0.0032918;90
174.339;0.000689362;90
150.351;0.00273509;90
139.98;0.00167794;90
139.523;0.00194565;90
146.644;0.00171322;90
149.211;0.000843948;90
138.683;0.00263092;90
141.252;0.00224;90
133.93;0.00238549;90
130.556;0.00190714;90
164.727;0.000561843;90
-100.225;0.00339695;90
-96.8844;0.00327864;90
-86.4295;0.00306695;90
-74.2578;0.00298184;90
-58.5641;0.0025808;90
-61.3965;0.00261517;90
-61.735;0.00271354;90
-67.2611;0.00296224;90
-68.8642;0.00284542;90
-71.2557;0.00257666;90
-69.5422;0.00266082;90
-70.3925;0.00241079;90
-73.1388;0.0048129;90
-75.9259;0.00293614;90
-83.544;0.00338849;90
-81.0005;0.00431512;90
-76.1658;0.00550365;90
-76.3633;0.00699005;90
-82.105;0.00272281;90
-86.7667;0.00540761;90
-87.1315;0.00565509;90
-78.7855;0.00117748;90
170.116;0.00131654;90
75.7275;0.0015292;90
-161.153;0.00149516;90
-154.268;0.00163071;90
154.727;0.00126951;90
96.1155;0.00422404;90
134.443;0.00240216;90
147.594;0.00189394;90
-164.919;0.00101081;90
-96.4978;0.00192637;90
-53.5694;0.00393872;90
-77.7352;0.00174175;90
-57.8029;0.00133062;90
-84.9903;0.00117951;90
-80.5648;0.00486785;90
-78.0682;0.000957691;90
110.748;0.00129284;90
103.855;0.00237201;90
90.537;0.00170707;90
85.9623;0.00119296;90
116.994;0.00113461;90
120.964;0.000682221;90
103.632;0.00109896;90
103.762;0.000912187;90
116.854;0.00088773;90
135.278;0.00116533;90
159.786;0.000804555;90
40.7677;0.00332469;90
-18.0093;0.00131965;90
-73.6212;0.00270581;90
-79.3554;0.00437427;90
59.4919;0.000819446;90
24.2229;0.00216677;90
-33.1084;0.00215845;90
96.6355;0.00135004;90
91.1455;0.00440188;90
94.0949;0.00656777;90
100.767;0.0063111;90
105.942;0.0065135;90
99.5149;0.00662413;90
99.6911;0.00543557;90
106.048;0.00496655;90
106.307;0.0059264;90
115.81;0.00563404;90
115.813;0.00565863;90
117.05;0.00539404;90
99.0509;0.00494558;90
84.9916;0.00384869;90
83.8511;0.00274479;90
29.549;0.000652923;90
-46.1561;0.00203264;90
-45.9397;0.00284578;90
-37.2445;0.00208024;90
12.9237;0.000786934;90
-42.2044;0.0061181;90
175.305;0.000830788;90
139.284;0.0051494;90
143.001;0.0015038;90
-104.265;0.0113799;90
-59.3592;0.00276855;90
-64.596;0.00489978;90
-72.1386;0.00590775;90
-71.522;0.00547738;90
-73.1424;0.0061691;90
-81.6755;0.00616799;90
-78.0583;0.00611841;90
-73.9578;0.00568852;90
-82.4589;0.00621778;90
-86.3875;0.00593579;90
-87.3146;0.00439683;90
-121.903;0.00256202;90
-94.0272;0.00314677;90
-84.0268;0.0035171;90
-85.2367;0.012452;90
-69.2257;0.000890924;90
-91.1262;0.00117023;90
-71.325;0.000905684;90
-70.7263;0.00198739;90
-71.708;0.00177468;90
-79.3143;0.00143997;90
-78.824;0.00159423;90
-86.777;0.00257908;90
-87.9131;0.00335022;90
-89.0696;0.0037565;90
0.572939;0.000500025;90
78.361;0.00457507;90
87.6907;0.00662638;90
89.3661;0.00623638;90
92.504;0.0063861;90
95.6166;0.00642685;90
112.126;0.00505527;90
106.285;0.00440784;90
67.7276;0.000926094;90
-30.5655;0.00229488;90
-29.5976;0.00265435;90
-39.7623;0.00305189;90
-48.2492;0.00288185;90
-40.8797;0.0021651;90
-102.341;0.00182006;90
-103.66;0.00221464;90
-101.4;0.0026258;90
-99.211;0.00209907;90
-95.7007;0.00229535;90
-88.3364;0.00248005;90
-86.3625;0.001986;90
-89.2574;0.00208317;90
-178.452;0.000592216;90
142.756;0.00094842;90
95.0291;0.00112935;90
-20.6103;0.000741456;90
-17.2107;0.000858438;90
-93.3531;0.00201745;90
-96.9787;0.00194239;90
-97.6154;0.0021883;90
-136.34;0.00102841;90
-165.651;0.001154;90
174.013;0.00111207;90
-116.841;0.000930215;90
-79.1302;0.00137874;90
-75.5974;0.000872418;90
-76.5366;0.00131;90
-75.6373;0.00144723;90
103.336;0.000992772;90
105.205;0.00149845;90
103.856;0.000922853;90
96.9985;0.0021339;90
86.2455;0.00134388;90
84.7334;0.00107855;90
-61.7163;0.000909594;90
-79.4357;0.00114542;90
-9.52492;0.00150474;90
40.1218;0.00132213;90
82.4969;0.00268802;90
85.5902;0.00278324;90
91.2838;0.00258865;90
89.3905;0.00112806;90
-48.1702;0.000703233;90
-36.8994;0.0007778;90
-51.1873;0.000761037;90
-56.113;0.000887803;90
-31.3676;0.000657027;90
131.115;0.00197241;90
143.382;0.00118361;90
130.435;0.000746244;90
91.1195;0.00235445;90
83.8586;0.00267334;90
81.2482;0.00233317;90
79.9199;0.00243966;90
75.7363;0.00232157;90
76.3769;0.00131191;90
-105.308;0.00103782;90
143.191;0.0013202;90
145.529;0.00132336;90
-27.9677;0.000803884;90
-23.0068;0.00141234;90
119.954;0.00170239;90
133.572;0.00204276;90
134.444;0.00211364;90
148.679;0.00140237;90
-87.0129;0.00234118;90
-93.5242;0.0025378;90
-76.4597;0.00140094;90
-43.5143;0.000736346;90
17.193;0.000466862;90
-34.2802;0.00064626;90
-90.3326;0.00120602;90
-176.745;0.000722165;90
121.372;0.00084328;90
103.973;0.00153234;90
100.96;0.00166741;90
87.5365;0.00258239;90
92.6314;0.00198209;90
119.567;0.00180161;90
138.824;0.0129335;90
-52.9519;0.000771804;90
-45.3692;0.00109745;90
-39.0355;0.000666876;90
145.972;0.00108113;90
117.576;0.00103904;90
123.131;0.00238588;90
138.757;0.00103602;90
-46.577;0.0015159;90
-68.7058;0.00115377;90
-90.3603;0.00111302;90
167.386;0.000801342;90
174.409;0.00104698;90
147.693;0.00189541;90
-142.398;0.000626051;90
-99.3687;0.0024142;90
23.0135;0.00394171;90
-62.001;0.00243047;90
-83.8534;0.00359567;90
-56.3099;0.00139535;90
39.8617;0.00209225;90
-28.4079;0.00155756;90
-98.6939;0.00300351;90
-90;0.003321;90
-83.6598;0.00449147;90
-90.5189;0.00419617;90
-85.7187;0.00434011;90
-73.2671;0.00276821;90
-93.6361;0.00113529;90
95.0699;0.0107049;90
94.7917;0.00475261;90
96.3456;0.00351956;90
81.4654;0.00372626;90
146.074;0.00188489;90
-135.505;0.00216595;90
99.2244;0.00411724;90
110.852;0.00344995;90
163.891;0.00187045;90
148.236;0.00148549;90
-109.19;0.00175237;90
-94.0525;0.00123108;90
75.2229;0.00095664;90
92.2573;0.00116791;90
-20.4397;0.00426663;90
-41.1465;0.000547123;90
-78.2238;0.00207262;90
-84.6381;0.00384181;90
43.7617;0.00150507;90
13.1184;0.00190779;90
-43.3963;0.00161708;90
90.2202;0.00806506;90
92.3112;0.00255408;90
98.104;0.00589487;90
104.849;0.00658284;90
102.957;0.00642664;90
98.1749;0.00706075;90
105.716;0.00640545;90
110.953;0.00643449;90
111.703;0.00614671;90
118.549;0.00576267;90
111.811;0.00584328;90
87.8871;0.00672657;90
85.6505;0.00321727;90
-44.5826;0.00232927;90
-45.7587;0.00272331;90
-34.6934;0.00202746;90
-11.4226;0.000797802;90
-50.8841;0.00176576;90
146.5;0.00167409;90
144.481;0.0021464;90
134.188;0.00264414;90
133.678;0.00211552;90
-119.933;0.00169742;90
-95.207;0.00495846;90
-78.1127;0.0065004;90
-61.1503;0.00586719;90
-65.7821;0.00608229;90
-70.78;0.00625462;90
-71.2115;0.00722499;90
-80.6424;0.00755858;90
-78.4492;0.00779078;90
-75.6493;0.00760118;90
-83.9043;0.00740185;90
-88.0084;0.00615772;90
-96.1627;0.00163947;90
-135.981;0.00136279;90
-95.9409;0.00316902;90
-85.7521;0.00442816;90
-149.985;0.000973559;90
173.929;0.00136164;90
93.6512;0.00233975;90
118.255;0.00256231;90
101.609;0.00225615;90
38.5645;0.000750728;90
94.0088;0.00616508;90
101.583;0.00123515;90
145.423;0.00207927;90
165.357;0.00132917;90
-58.7818;0.00687442;90
-70.8401;0.00184945;90
49.7814;0.00207835;90
-17.0558;0.00161608;90
-12.6723;0.00121254;90
91.472;0.00506067;90
94.0338;0.00645399;90
100.675;0.00693705;90
105.613;0.00690372;90
98.8838;0.00778337;90
102.927;0.0073308;90
109.729;0.00721025;90
110.05;0.00646373;90
116.758;0.00505086;90
119.092;0.00480864;90
100.008;0.00540322;90
84.452;0.00466485;90
94.7374;0.00254269;90
143.886;0.00253142;90
160.07;0.00269012;90
128.665;0.00350532;90
160.156;0.00264826;90
151.395;0.00255029;90
147.087;0.00179989;90
-30.6279;0.00816159;90
-42.7242;0.00327649;90
-17.4266;0.00273137;90
-34.0093;0.00189156;90
-96.9484;0.00366189;90
-91.2968;0.00605355;90
-69.4554;0.00585861;90
-60.1505;0.00550306;90
-67.8111;0.00488798;90
-73.7905;0.00131112;90
-72.5428;0.00109336;90
-69.374;0.00373865;90
-70.9405;0.00545399;90
-78.3745;0.00690771;90
-80.6326;0.00764292;90
-75.0025;0.00743112;90
-82.1194;0.00776029;90
-87.1867;0.00676415;90
-84.0939;0.00247815;90
-158.666;0.000887839;90
150.744;0.00207691;90
-134.222;0.00218799;90
102.583;0.00343347;90
104.439;0.00376182;90
165.902;0.00178579;90
138.562;0.00153668;90
-148.045;0.00120925;90
-98.8026;0.00169901;90
31.2591;0.00262859;90
-20.7288;0.000892794;90
-6.27371;0.00047585;90
-8.20123;0.00045566;90
-60.5158;0.00130846;90
-82.5077;0.00170254;90
-82.4229;0.0017291;90
-84.8117;0.00169193;90
-62.293;0.00134638;90
62.7594;0.00136544;90
30.5243;0.000939154;90
5.80229;0.00087046;90
-54.6118;0.00111377;90
-1.64475;0.00080133;90
42.4101;0.00101715;90
-49.9105;0.00121432;90
-44.2171;0.000569274;90
3.29215;0.000905494;90
-8.43897;0.000524681;90
-32.3541;0.000975428;90
-24.4798;0.000528509;90
-42.7422;0.000592308;90
-44.7139;0.0011328;90
-34.6452;0.00101497;90
-36.0124;0.000561263;90
-42.1006;0.000601103;90
-50.762;0.0011762;90
-50.5851;0.0012206;90
-45.127;0.000637812;90
-31.1446;0.00054331;90
-47.2483;0.000612826;90
-68.5887;0.00125459;90
-178.891;0.000775145;90
145.757;0.000890335;90
144.943;0.00101151;90
145.079;0.0008647;90
137.833;0.000901249;90
110.932;0.00140792;90
134.439;0.00122689;90
-93.015;0.00136889;90
-94.31;0.00178304;90
-86.0227;0.00165799;90
-62.3756;0.00123363;90
-90;0.000986;90
-22.0564;0.000876119;90
66.9423;0.00122811;90
147.358;0.00100112;90
149.801;0.000860828;90
118.825;0.000703119;90
88.9158;0.00100418;90
86.5736;0.00190741;90
90;0.001051;90
96.6703;0.00101588;90
31.4753;0.000653093;90
-39.1992;0.00058068;90
-28.6184;0.000574144;90
-50.5394;0.000659274;90
-46.2244;0.000628761;90
-52.6065;0.000678428;90
-42.3162;0.000634263;90
-44.2863;0.000624424;90
-47.7972;0.000652022;90
-44.4174;0.000625822;90
-27.4112;0.000514799;90
-62.792;0.000717376;90
-110.647;0.000884832;90
143.968;0.000929899;90
143.586;0.000828826;90
144.638;0.000950329;90
151.137;0.000814136;90
134.438;0.00100838;90
111.756;0.00141908;90
133.544;0.00116852;90
-92.0253;0.00152795;90
-94.0728;0.000957418;90
-93.5591;0.0016592;90
-67.2277;0.00135893;90
-81.1528;0.00163849;90
-17.0192;0.000857555;90
68.2253;0.00119421;90
154.231;0.000966075;90
-168.079;0.000459918;90
118.922;0.00138127;90
-98.5369;0.00185253;90
-91.1303;0.000963187;90
-86.8539;0.00160342;90
142.441;0.000764455;90
133.597;0.00106876;90
140.706;0.000945846;90
130.9;0.000623141;90
-142.009;0.000562108;90
176.73;0.000771256;90
153.105;0.000855534;90
-173.722;0.000813881;90
-137.645;0.000903939;90
117.61;0.00120186;90
156.768;0.000899974;90
155.788;0.000490112;90
177.609;0.000862751;90
179.701;0.000957013;90
104.877;0.000876375;90
102.73;0.00157471;90
125.231;0.0012169;90
98.2787;0.00109036;90
106.498;0.000954288;90
101.076;0.00100981;90
104.854;0.000951807;90
179.648;0.000489009;90
108.457;0.000805432;90
96.804;0.00135051;90
70.4327;0.00102415;90
96.2594;0.00101807;90
104.899;0.000917859;90
119.385;0.000809095;90
133.971;0.000708635;90
161.565;0.000531263;90
-92.017;0.029038;90
-60.1226;0.000750784;90
-45.6212;0.00169574;90
-48.7848;0.000921248;90
97.872;0.00125583;90
44.4068;0.00259522;90
-64.2679;0.00129214;90
69.1099;0.00178643;90
85.3691;0.00236572;90
103.749;0.00111083;90
99.0882;0.00108259;90
90.7156;0.00120109;90
106.392;0.00110908;90
103.037;0.00180862;90
3.63417;0.000741491;90
71.3427;0.00448256;90
74.273;0.00713511;90
85.0709;0.00146642;90
79.14;0.00127381;90
77.5793;0.00143662;90
-5.52754;0.000498317;90
47.0826;0.000778332;90
-10.8533;0.000738205;90
-56.9216;0.00145478;90
-2.76634;0.000476555;90
-7.85632;0.000651111;90
-22.4016;0.000726851;90
-22.558;0.00113915;90
-41.8879;0.00175834;90
-37.8694;0.000894336;90
-45.283;0.00100198;90
-44.8297;0.00095177;90
-49.0428;0.000942798;90
-46.961;0.00059927;90
-46.4086;0.000862931;90
-38.3632;0.000874897;90
-42.2073;0.000870776;90
161.438;0.00556973;90
-87.5087;0.00142635;90
-97.1656;0.00245316;90
-105.053;0.00196752;90
-86.6231;0.00129024;90
119.893;0.0011477;90
141.509;0.00122269;90
170.344;0.00199729;90
160.485;0.00157762;90
140.464;0.00364615;90
111.819;0.00179456;90
117.498;0.00236294;90
107.833;0.00225641;90
112.473;0.00577887;90
142.91;0.000883807;90
97.0428;0.0662992;90
134.252;0.0173411;90
144.019;0.00136676;90
151.361;0.0168164;90
-175.754;0.000891447;90
146.887;0.00115689;90
141.677;0.0167846;90
113.713;0.00361304;90
123.471;0.0123189;90
134.06;0.00150846;90
139.324;0.00241954;90
141.204;0.00348097;90
146.57;0.00317652;90
150.645;0.00342704;90
151.982;0.0223527;90
93.6115;0.00223845;90
133.788;0.00625152;90
108.095;0.00271423;90
102.569;0.00280318;90
116.249;0.0193906;90
113.854;0.0038105;90
106.545;0.00641564;90
84.036;0.0598731;90
80.8831;0.00289052;90
85.3113;0.0207725;90
74.3578;0.00220673;90
51.5509;0.0102329;90
39.0537;0.00145386;90
71.0511;0.002362;90
85.1413;0.0224677;90
77.7192;0.00228018;90
90.2466;0.0178912;90
97.2891;0.00411425;90
82.6167;0.0180769;90
75.1747;0.0028178;90
75.9772;0.00206349;90
81.4029;0.0332476;90
88.7972;0.00257257;90
86.2907;0.0311312;90
90.0725;0.018171;90
101.336;0.00172974;90
107.551;0.00438723;90
112.286;0.00535286;90
107.723;0.00501291;90
106.804;0.00583202;90
98.9227;0.00656343;90
92.7259;0.00658145;90
86.8696;0.00662889;90
81.8174;0.00633045;90
79.0442;0.00621935;90
79.6485;0.0505935;90
83.8797;0.00253243;90
79.203;0.0037901;90
64.7435;0.00462182;90
88.531;0.0255884;90
93.4448;0.00214688;90
91.0769;0.00244743;90
82.8594;0.00546237;90
75.8986;0.00576265;90
83.7755;0.00601345;90
79.5459;0.0154535;90
68.0503;0.0340136;90
75.787;0.126112;90
88.758;0.0029987;90
102.3;0.00257715;90
127.166;0.0071491;90
123.278;0.00181336;90
115.738;0.00963712;90
106.303;0.00288188;90
84.791;0.0362597;90
101.486;0.00243067;90
89.127;0.00577567;90
95.3229;0.00638152;90
95.4001;0.00648177;90
98.4187;0.0112017;90
100.108;0.00315091;90
95.6039;0.00438295;90
94.6799;0.0335218;90
106.307;0.0120768;90
115.05;0.00231693;90
98.7007;0.00728483;90
89.1743;0.00235925;90
86.7599;0.00553785;90
80.2977;0.00690679;90
79.7636;0.00643747;90
85.9214;0.00643931;90
83.5331;0.00609076;90
85.0793;0.00627212;90
86.8646;0.00594189;90
98.1867;0.00544246;90
101.923;0.00530034;90
93.2919;0.00564231;90
91.4991;0.00523679;90
-70.8084;0.00112555;90
-35.5377;0.00177208;90
21.1529;0.00413459;90
41.1052;0.0011347;90
-8.58957;0.00197515;90
-10.3234;0.00526218;90
-23.747;0.000836854;90
-3.57415;0.00163618;90
33.2803;0.00248207;90
111.883;0.00536344;90
116.036;0.00227597;90
117.627;0.00429354;90
114.879;0.0102734;90
106.956;0.00232821;90
92.5925;0.0103906;90
89.0455;0.00276138;90
96.9085;0.0112235;90
94.9107;0.00281533;90
95.9513;0.0121716;90
100.1;0.00252615;90
100.859;0.011561;90
104.03;0.00223569;90
108.588;0.00969368;90
111.801;0.00262796;90
115.776;0.0094125;90
109.147;0.00661916;90
105.761;0.00731504;90
110.178;0.00728831;90
125.863;0.00207052;90
132.187;0.00391927;90
132.558;0.0051779;90
132.552;0.0047837;90
111.603;0.0433113;90
103.965;0.00469477;90
102.048;0.00714334;90
99.8061;0.00772689;90
98.9179;0.00832159;90
98.9837;0.00781284;90
107.844;0.00693461;90
112.735;0.00632655;90
112.547;0.0108752;90
107.83;0.00251478;90
102.567;0.00683884;90
107.429;0.0112348;90
107.374;0.00384441;90
109;0.00602317;90
100.47;0.0146703;90
92.4342;0.00800522;90
96.3499;0.0078572;90
102.06;0.00716003;90
88.3084;0.00775738;90
88.424;0.00818109;90
92.5943;0.00790911;90
108.249;0.00730964;90
121.53;0.00590121;90
127.072;0.00504463;90
133.023;0.00516495;90
118.311;0.00603258;90
108.358;0.00965539;90
110.981;0.00249117;90
116.417;0.00363675;90
135.664;0.00995178;90
162.528;0.00771388;90
153.84;0.00240204;90
144.392;0.00169861;90
87.6306;0.00287846;90
82.2023;0.00348624;90
91.4274;0.0214377;90
88.3257;0.004689;90
89.9518;0.004751;90
91.201;0.00491408;90
93.5223;0.00423199;90
92.0322;0.00310195;90
96.8286;0.00481919;90
98.0174;0.0058219;90
97.483;0.00430769;90
88.8673;0.00369272;90
89.3966;0.00683638;90
95.4809;0.00742294;90
105.995;0.00732352;90
112.368;0.013383;90
109.012;0.00238827;90
114.396;0.00376958;90
116.073;0.00630013;90
104.713;0.00733139;90
103.814;0.00706124;90
103.942;0.00725061;90
106.315;0.00699152;90
124.51;0.00552288;90
136.278;0.00491349;90
136.665;0.00493981;90
138.328;0.00477537;90
131.412;0.0052535;90
130.674;0.0051277;90
126.466;0.00653316;90
111.625;0.0021654;90
111.404;0.00500628;90
110.922;0.00628114;90
111.216;0.00645232;90
121.626;0.00536826;90
126.509;0.00539211;90
126.251;0.00540652;90
126.739;0.00566901;90
125.701;0.00615708;90
111.287;0.0066411;90
100.996;0.0142241;90
100.781;0.00346415;90
100.829;0.00732951;90
100.872;0.00717885;90
102.888;0.00569855;90
103.427;0.00576661;90
103.618;0.00561897;90
103.498;0.00529527;90
103.401;0.00520368;90
103.345;0.00378213;90
103.961;0.00370134;90
99.8485;0.00468301;90
90.6065;0.00472326;90
91.5521;0.00476275;90
90.3334;0.0060151;90
94.4294;0.00602098;90
95.2709;0.00589995;90
96.1141;0.00590559;90
102.656;0.00790507;90
103.532;0.00759894;90
97.584;0.00814525;90
101.801;0.00755467;90
103.64;0.00747585;90
98.9183;0.00794708;90
98.4418;0.00818771;90
99.0661;0.00825007;90
98.2143;0.00798593;90
99.4084;0.00786074;90
98.4898;0.00718675;90
89.5041;0.00704826;90
81.9422;0.0143396;90
94.7761;0.0053566;90
98.8359;0.0065558;90
93.9852;0.00674832;90
80.3902;0.0125197;90
77.1353;0.00231306;90
77.5968;0.00341265;90
72.5766;0.00497947;90
78.1618;0.00946634;90
78.1484;0.00246862;90
84.0502;0.00648292;90
82.1691;0.0116183;90
98.8105;0.0143503;90
116.137;0.00191368;90
123.852;0.00422406;90
107.985;0.00627668;90
112.328;0.0115478;90
112.108;0.0024631;90
109.739;0.00501572;90
108.415;0.0064482;90
103.464;0.0073572;90
106.378;0.00710009;90
111.069;0.00622836;90
125.452;0.00335503;90
129.41;0.00177835;90
129.359;0.00231639;90
121.942;0.0023003;90
127.842;0.00181586;90
152.017;0.00146418;90
150.827;0.00216228;90
-164.302;0.00197361;90
-128.492;0.00272009;90
-112.63;0.005663;90
-113.815;0.00627313;90
-136.303;0.00482159;90
-163.762;0.00379436;90
165.733;0.00355051;90
164.56;0.00266311;90
105.52;0.00253753;90
125.647;0.00449042;90
138.719;0.0045896;90
138.54;0.00481043;90
137.927;0.00386372;90
129.993;0.00555004;90
96.7145;0.00571319;90
84.1665;0.00649363;90
83.2914;0.00803804;90
83.6366;0.00846314;90
88.9374;0.00841245;90
94.0547;0.00883912;90
93.4061;0.00848299;90
96.0534;0.013456;90
98.9001;0.00826046;90
99.1632;0.0081885;90
99.8209;0.00814333;90
103.338;0.00808407;90
106.389;0.00778638;90
107.823;0.0074653;90
118.378;0.00651827;90
120.293;0.00615551;90
119.568;0.0062396;90
124.825;0.00578388;90
150.554;0.00451183;90
158.529;0.00453791;90
158.407;0.00428792;90
158.761;0.00424;90
135.831;0.00502028;90
127.755;0.00560687;90
130.73;0.00530884;90
127.994;0.00513019;90
120.767;0.00568281;90
104.472;0.00711475;90
97.6304;0.00752362;90
96.6822;0.0076399;90
112.671;0.00635393;90
139.772;0.00460651;90
158.745;0.00401083;90
170.59;0.00378595;90
163.581;0.00397302;90
152.805;0.00406542;90
117.144;0.00553679;90
105.204;0.00706944;90
109.078;0.00667567;90
115.122;0.00627013;90
115.072;0.00626535;90
110.19;0.006754;90
102.943;0.00721942;90
102.064;0.00721025;90
95.6789;0.0075591;90
95.3701;0.00761844;90
97.844;0.00690965;90
98.558;0.00696859;90
98.532;0.00709755;90
94.6086;0.00678293;90
93.2603;0.00671687;90
94.454;0.00619371;90
108.529;0.00538726;90
116.016;0.00481045;90
124.955;0.00331625;90
135.342;0.00319547;90
132.794;0.00325157;90
124.281;0.00365733;90
142.497;0.00314879;90
139.901;0.0034016;90
117.087;0.0047174;90
119.743;0.00460578;90
144.736;0.00374647;90
148.821;0.00387469;90
147.802;0.00381347;90
142.129;0.00414243;90
118.806;0.0053192;90
110.748;0.00535209;90
117.858;0.00463744;90
142.408;0.00303264;90
125.591;0.0036117;90
134.209;0.00353375;90
122.517;0.0038471;90
116.124;0.00465116;90
123.69;0.00425094;90
119.802;0.00395969;90
123.224;0.00357904;90
129.751;0.00352486;90
139.55;0.00345875;90
135.01;0.00403546;90
107.991;0.0057922;90
96.043;0.00706727;90
90.1989;0.00662504;90
101.443;0.00609413;90
114.828;0.00475114;90
130.857;0.00325909;90
136.693;0.00368564;90
132.244;0.00432401;90
133.226;0.00456727;90
137.029;0.0045729;90
122.348;0.00565922;90
117.514;0.00580563;90
120.796;0.00546105;90
123.537;0.00539392;90
115.228;0.00611194;90
114.262;0.00677763;90
125.483;0.00532856;90
124.12;0.005211;90
108.958;0.00564522;90
109.703;0.00489988;90
104.494;0.00397965;90
112.937;0.00134971;90
115.848;0.00293127;90
132.118;0.00303733;90
-139.868;0.00247461;90
-143.062;0.0028688;90
165.983;0.00140792;90
151.033;0.00247571;90
150.79;0.0030819;90
159.249;0.00316961;90
-171.04;0.00262605;90
-158.988;0.00239848;90
128.274;0.00278324;90
111.161;0.00293918;90
146.098;0.00285423;90
-142.718;0.00294848;90
-128.843;0.00131858;90
91.5859;0.00180669;90
100.423;0.00168582;90
-163.703;0.0018566;90
-165.983;0.00212631;90
117.933;0.0113119;90
-76.3169;0.00358062;90
-82.7534;0.000935472;90
-41.9606;0.000800156;90
-55.0671;0.00111244;90
-56.8125;0.00123315;90
-59.9044;0.00125637;90
-57.7586;0.00141522;90
-46.2615;0.00125259;90
6.22583;0.0010512;90
10.7214;0.00110733;90
14.2345;0.00119158;90
-72.5265;0.00160192;90
18.842;0.00106824;90
20.3408;0.00090333;90
35.1905;0.00101684;90
21.7897;0.000907865;90
-3.68536;0.000917898;90
-31.93;0.000966189;90
-43.5891;0.00114869;90
-0.772323;0.000816074;90
49.3594;0.000632569;90
80.3306;0.00163726;90
73.4978;0.00189402;90
63.4895;0.000938702;90
-54.6922;0.00112982;90
-38.8336;0.000875514;90
-48.964;0.00118654;90
-50.8838;0.00111746;90
-50.9061;0.00101016;90
-45.5442;0.00156348;90
-48.6862;0.00101184;90
-52.3264;0.000798479;90
-49.3726;0.000714135;90
5.14276;0.000502021;90
52.378;0.0011123;90
76.7946;0.00112063;90
76.6849;0.00140682;90
-42.9569;0.000614867;90
-62.5693;0.000976826;90
-53.9679;0.000889095;90
88.3944;0.00121348;90
-96.6893;0.00114177;90
111.4;0.0042672;90
86.6447;0.00150358;90
115.226;0.000842333;90
92.1893;0.000994726;90
75.8243;0.000996339;90
77.8435;0.0016858;90
102.699;0.00105993;90
112.073;0.00109636;90
120.137;0.00117712;90
130.473;0.0011108;90
133.005;0.000995502;90
121.019;0.00106535;90
137.254;0.000970902;90
134.615;0.00115756;90
131.399;0.000934519;90
122.898;0.0011231;90
89.6206;0.00166104;90
68.9546;0.00104147;90
102.149;0.00148731;90
125.367;0.00101415;90
116.418;0.00121821;90
83.1687;0.00118542;90
55.4232;0.00220437;90
64.3574;0.00130559;90
117.479;0.000869047;90
111.006;0.000775539;90
73.6923;0.00130344;90
51.5596;0.00069326;90
64.3368;0.0010229;90
113.546;0.000908657;90
-92.4912;0.00614281;90
-125.039;0.00129586;90
-130.569;0.00133618;90
-91.1892;0.00110824;90
-72.7303;0.00133729;90
-57.0333;0.000966642;90
-69.9156;0.000966793;90
-105.328;0.00131269;90
-107.378;0.00140619;90
-117.446;0.00113471;90
-148.65;0.00597189;90
-110.953;0.00106545;90
-103.379;0.000972389;90
-112.026;0.00180256;90
-101.027;0.00182979;90
-92.338;0.00169141;90
-88.3715;0.00161865;90
-100.533;0.000897118;90
-97.1681;0.0016509;90
-83.2427;0.00119832;90
-127.241;0.00120463;90
-143.823;0.000760656;90
-172.911;0.000599584;90
-164.354;0.000578433;90
121.567;0.00112321;90
150.2;0.000768644;90
-163.528;0.000747685;90
-160.821;0.000803603;90
-167.377;0.000993001;90
167.837;0.000526826;90
126.042;0.00113532;90
125.538;0.000688186;90
118.73;0.00137303;90
126.103;0.00077727;90
124.206;0.000800465;90
115.024;0.00104731;90
129.749;0.000780385;90
141.724;0.000652196;90
97.8389;0.00108514;90
116.03;0.000765663;90
115.729;0.00101126;90
104.903;0.00117037;90
-65.6314;0.00610269;90
-57.5837;0.000960701;90
-58.5909;0.00119161;90
-56.4695;0.00119483;90
-57.1411;0.00128094;90
-26.6116;0.00110059;90
19.8073;0.00102993;90
19.227;0.00102942;90
-3.66418;0.00101708;90
-66.3001;0.00139571;90
23.0281;0.00101487;90
23.8059;0.000854722;90
35.8944;0.00104555;90
19.2683;0.000869718;90
-9.20373;0.000837786;90
-25.7873;0.00088959;90
-50.6246;0.00112548;90
7.15419;0.000730689;90
4.20938;0.000626691;90
85.4347;0.00158302;90
72.7876;0.00168967;90
70.4886;0.00138026;90
-23.0089;0.000555167;90
-54.2376;0.0010968;90
-41.6055;0.000847894;90
-51.5045;0.000979994;90
-53.7548;0.000715443;90
-45.1663;0.000974397;90
-41.0247;0.000601782;90
-53.4045;0.000793409;90
-39.4945;0.000707542;90
-57.4795;0.000801709;90
-46.8517;0.000634606;90
-57.8158;0.00078101;90
36.0864;0.00121391;90
58.2377;0.000824474;90
81.679;0.00118851;90
70.8535;0.000942115;90
-59.5536;0.00075977;90
-57.7533;0.000880866;90
-59.7554;0.000696854;90
151.974;0.00305188;90
154.219;0.000915085;90
133.999;0.000971713;90
130.283;0.000937263;90
-112.678;0.00203862;90
-105.554;0.00092487;90
139.578;0.000761864;90
130.981;0.000948441;90
132.717;0.000905108;90
131.622;0.000816005;90
-113.485;0.000840634;90
-118.728;0.000936238;90
-144.004;0.000537663;90
131.628;0.000913749;90
142.35;0.000558252;90
-92.6439;0.00125734;90
173.202;0.000760345;90
159.788;0.000683064;90
135.797;0.000915085;90
148.724;0.000691493;90
161.307;0.000773817;90
-168.12;0.000709191;90
-153.275;0.000802752;90
-138.057;0.000861775;90
-159.512;0.000688554;90
-155.668;0.000723246;90
-174.168;0.000610158;90
105.343;0.00165913;90
-163.255;0.00083647;90
-162.433;0.000772001;90
-164.68;0.000779705;90
-168.69;0.000754655;90
143.587;0.00100403;90
124.032;0.000743312;90
122.671;0.000748409;90
121.633;0.000749328;90
121.215;0.000899176;90
122.523;0.00102114;90
120.647;0.00105542;90
135.3;0.000944001;90
103.53;0.000961691;90
114.306;0.000964495;90
116.94;0.00116323;90
-59.6093;0.00469861;90
-67.321;0.00156392;90
-56.9494;0.00116799;90
-55.8544;0.0013255;90
-46.9238;0.00120064;90
3.82155;0.00102027;90
14.6366;0.00122681;90
9.03839;0.00117762;90
-70.9959;0.00156003;90
18.3601;0.0016953;90
40.3297;0.00144163;90
16.1428;0.000917162;90
-15.9536;0.000964134;90
-38.1795;0.0011551;90
-30.1933;0.00104589;90
5.04046;0.000842257;90
57.9101;0.000933647;90
-42.4664;0.00103976;90
57.6835;0.00124954;90
62.0894;0.000895121;90
-45.3295;0.00110664;90
-45.5244;0.00123607;90
-49.7315;0.00104584;90
67.2094;0.00103262;90
-47.7654;0.00108455;90
-47.3728;0.00102477;90
-49.3234;0.000825421;90
-42.0492;0.000755485;90
29.8367;0.000619058;90
55.186;0.000975628;90
79.2468;0.00129168;90
72.867;0.00111341;90
-60.7539;0.000726623;90
-64.366;0.00088068;90
-48.1667;0.000857616;90
-111.957;0.00388588;90
163.318;0.0103705;90
112.592;0.00109069;90
136.205;0.00215149;90
151.267;0.0129199;90
118.61;0.00293201;90
123.606;0.00113103;90
-54.6196;0.0116873;90
15.4775;0.00223713;90
-2.73979;0.000606693;90
-94.8214;0.00222487;90
27.086;0.00236094;90
3.77525;0.00274897;90
-23.9366;0.00179432;90
75.3049;0.00324825;90
78.678;0.00186428;90
74.416;0.00204726;90
77.3469;0.00194934;90
76.5495;0.00128114;90
88.9929;0.00950147;90
85.507;0.000931864;90
109.395;0.00120753;90
102.253;0.00364708;90
100.847;0.0057762;90
102.26;0.00643271;90
101.893;0.00622054;90
101.087;0.00336989;90
99.8154;0.0022408;90
84.3403;0.00414722;90
81.1958;0.00548159;90
80.6766;0.00399984;90
72.5106;0.00206968;90
87.852;0.00528271;90
86.8839;0.00533489;90
85.0779;0.00525638;90
75.8329;0.00531154;90
64.1407;0.00530078;90
57.842;0.0046162;90
56.0969;0.0039531;90
60.3468;0.00410915;90
79.8245;0.00483403;90
99.2836;0.00505825;90
91.6192;0.00566226;90
87.9858;0.00563348;90
81.4164;0.00546724;90
85.3858;0.00550685;90
82.8174;0.00543062;90
83.5851;0.00491377;90
84.6864;0.00535602;90
96.3601;0.0038185;90
97.2223;0.00233855;90
96.0164;0.00283361;90
89.6447;0.00419308;90
79.9757;0.00405592;90
71.8196;0.00405756;90
70.9163;0.00446858;90
73.2958;0.00440801;90
74.7958;0.00464043;90
74.6428;0.00492381;90
74.5786;0.00513695;90
72.5875;0.00508607;90
71.4005;0.00528609;90
70.855;0.00553726;90
60.0019;0.00418224;90
45.3677;0.00374633;90
43.0022;0.00367141;90
40.9246;0.00338287;90
29.7183;0.0029431;90
14.041;0.00290582;90
-1.87222;0.00315268;90
-6.20115;0.0032309;90
-9.78645;0.00337106;90
-18.846;0.00330625;90
-0.99369;0.00299845;90
0.826324;0.00312032;90
-10.2327;0.00262881;90
18.3622;0.00299025;90
41.4828;0.00363076;90
33.575;0.00317705;90
17.054;0.00276875;90
38.3647;0.00339636;90
53.9493;0.00433644;90
54.8993;0.00466422;90
41.1295;0.00382356;90
39.8037;0.00387248;90
41.289;0.00345226;90
36.9298;0.0036366;90
36.7486;0.00339961;90
41.5604;0.00351216;90
44.6158;0.00358511;90
25.0658;0.00297409;90
-8.04633;0.00251476;90
-30.0064;0.00277146;90
-12.3824;0.00254623;90
1.01044;0.00243838;90
27.646;0.0025366;90
28.8216;0.00186275;90
42.554;0.00266752;90
56.7255;0.00359427;90
52.5863;0.00320294;90
26.1914;0.00253754;90
52.7433;0.00358448;90
69.0924;0.00503556;90
58.9961;0.00391771;90
66.2148;0.00364237;90
69.5728;0.0026016;90
74.2134;0.00287442;90
72.3949;0.00325338;90
44.5928;0.00208955;90
35.404;0.00159492;90
45.9753;0.00162022;90
32.4409;0.00145033;90
-81.5845;0.00127776;90
-112.066;0.00128837;90
-125.619;0.0131011;90
-116.465;0.00973183;90
-108.316;0.00183286;90
-132.909;0.00709276;90
-139.555;0.0015939;90
-118.575;0.00193807;90
-135.598;0.00744907;90
-162.342;0.0013286;90
-161.573;0.00225565;90
162.174;0.00526581;90
148.066;0.00136687;90
171.909;0.00246554;90
-147.003;0.00362107;90
-136.07;0.00397675;90
-139.957;0.00377238;90
-146.614;0.00334378;90
-142.199;0.00321082;90
-136.973;0.00675758;90
-152.426;0.00160083;90
-127.423;0.00327135;90
-121.391;0.00308329;90
-128.902;0.00443319;90
-151.594;0.00691794;90
-137.921;0.00152651;90
-139.63;0.00241771;90
-142.237;0.00368225;90
178.121;0.00326375;90
176.368;0.0071664;90
160.849;0.00285924;90
171.078;0.00390728;90
172.419;0.00397172;90
-176.029;0.00392743;90
-146.852;0.00849672;90
-134.633;0.00209661;90
-136.733;0.0029224;90
-122.62;0.00557072;90
-109.673;0.00711426;90
-108.032;0.00558219;90
-108.032;0.00332743;90
-105.158;0.0115995;90
-106.167;0.002453;90
-102.814;0.00325096;90
-110.522;0.00564525;90
-108.47;0.00563739;90
-95.036;0.00569599;90
-87.5784;0.0038104;90
-88.231;0.0122128;90
-94.6148;0.00156608;90
-98.4066;0.00257871;90
-96.3429;0.018954;90
-89.1499;0.00256128;90
-86.0996;0.0126724;90
-96.6865;0.00272252;90
-108.059;0.00289038;90
-123.882;0.0102784;90
-123.383;0.00186465;90
-115.701;0.00305303;90
-99.0627;0.0160301;90
-93.1293;0.00446966;90
-97.7442;0.00356956;90
-99.3582;0.00950146;90
-95.8371;0.00247785;90
-93.347;0.00155866;90
-81.4086;0.00382897;90
-78.0394;0.0114843;90
-78.243;0.00228698;90
-80.821;0.00339143;90
-76.5857;0.00218974;90
-71.5428;0.00162668;90
-78.4663;0.00261072;90
-84.768;0.00372853;90
-50.6669;0.00147516;90
-48.4933;0.00420095;90
-53.06;0.0019618;90
-84.8582;0.00403925;90
-73.2599;0.000940873;90
-51.259;0.00143336;90
-83.687;0.00162787;90
-59.5973;0.00217162;90
-106.049;0.00204365;90
-60.4988;0.00137072;90
-2.25535;0.000584453;90
-126.487;0.00587073;90
179.726;0.00376104;90
-162.967;0.00102077;90
-152.834;0.000810396;90
-178.985;0.00050808;90
119.467;0.00386844;90
125.264;0.00311942;90
-165.761;0.00281343;90
-136.654;0.0023033;90
91.6954;0.00219696;90
166.45;0.00306018;90
-161.138;0.0011043;90
120.16;0.00574817;90
108.183;0.00115045;90
112.998;0.00370877;90
130.21;0.000762094;90
-72.967;0.00555779;90
-63.2085;0.00124461;90
-58.9007;0.00115968;90
-58.2592;0.00123936;90
-55.7678;0.00137766;90
-43.1319;0.00114966;90
7.25972;0.00110788;90
16.0989;0.00117924;90
10.1045;0.00110006;90
-74.0442;0.0015133;90
22.6159;0.00112338;90
17.4354;0.000924474;90
39.9154;0.00106911;90
16.6523;0.000935222;90
-11.4462;0.00090704;90
-37.8396;0.00113456;90
-35.9376;0.00103254;90
-11.8356;0.000833725;90
81.3993;0.00137749;90
74.5928;0.00165238;90
75.0728;0.00174695;90
1.2508;0.000687164;90
-51.7417;0.00111433;90
-48.5513;0.00121006;90
-46.8928;0.00115604;90
-46.7986;0.00101378;90
-47.5478;0.000604467;90
-51.5248;0.000920961;90
-48.1679;0.00112602;90
-49.4822;0.000968162;90
-48.228;0.000652989;90
4.15047;0.000566486;90
52.9149;0.00101161;90
75.3657;0.00125471;90
72.4315;0.00133843;90
-61.6256;0.00168549;90
-43.5283;0.000715828;90
112.907;0.00366612;90
177.864;0.000858597;90
133.58;0.00128379;90
132.231;0.00118579;90
125.714;0.00117004;90
107.776;0.00137568;90
-178.961;0.000717118;90
-172.025;0.000677552;90
116.391;0.00132286;90
105.787;0.001246;90
108.37;0.0016817;90
176.39;0.0025731;90
135.222;0.00127917;90
175.664;0.000634817;90
169.121;0.000625236;90
167.835;0.000683345;90
168.917;0.000645031;90
-118.72;0.000880291;90
-103.29;0.00106143;90
-99.8864;0.000955184;90
-96.9243;0.00184143;90
-90;0.00092;90
-90.1087;0.001582;90
-98.5853;0.00192254;90
-87.4256;0.00120221;90
-127.448;0.00162488;90
-153.07;0.000911887;90
-152.864;0.00067309;90
117.843;0.00114336;90
150.925;0.000806653;90
-168.207;0.000768214;90
-160.374;0.000821737;90
-167.087;0.000841275;90
156.006;0.000927113;90
128.734;0.000719181;90
123.966;0.000690887;90
125.689;0.00065994;90
121.613;0.000742122;90
120.418;0.000918417;90
121.571;0.000825126;90
120.674;0.000948742;90
129.476;0.000822651;90
109.914;0.00155604;90
118.042;0.000884882;90
119.882;0.000826942;90
114.711;0.000746343;90
-65.0083;0.00425103;90
-55.5529;0.00149033;90
-59.0614;0.00117288;90
-56.3839;0.00107473;90
-55.9228;0.00131356;90
-57.3954;0.00131765;90
-15.9634;0.000872652;90
18.7476;0.000927194;90
17.1665;0.00105709;90
3.38358;0.000982713;90
-73.1855;0.00147611;90
25.2196;0.000990404;90
12.9614;0.000775765;90
37.8181;0.00167983;90
1.21888;0.00103423;90
-33.4042;0.00166745;90
-40.0589;0.00104261;90
4.80967;0.000930276;90
83.7848;0.00126544;90
75.5022;0.00246861;90
74.6918;0.000852238;90
-17.2785;0.000814769;90
-40.5279;0.00126959;90
-51.2934;0.00114819;90
-47.4375;0.0010142;90
-52.7218;0.000926224;90
-47.3026;0.0013552;90
-47.2968;0.00104099;90
-53.3367;0.000887606;90
-39.9856;0.00114069;90
45.1919;0.00105572;90
66.3435;0.000969466;90
76.7504;0.00144856;90
-12.8213;0.000594831;90
-64.9998;0.00124461;90
103.77;0.00626816;90
90.9565;0.00113816;90
74.232;0.000842711;90
75.3225;0.00119189;90
99.9179;0.00117861;90
107.64;0.00120779;90
118.447;0.00100767;90
132.648;0.000895952;90
130.691;0.0010353;90
118.13;0.000818706;90
140.102;0.00079511;90
87.7356;0.000961751;90
74.7855;0.000990725;90
70.2631;0.000835057;90
75.3739;0.00139005;90
69.7704;0.0011915;90
72.0915;0.00123903;90
79.2869;0.00158157;90
78.9305;0.00186979;90
80.7513;0.00154306;90
78.1373;0.00170747;90
77.8163;0.000900278;90
73.2942;0.000838385;90
79.2005;0.00105672;90
76.1126;0.0015874;90
73.2305;0.000859554;90
65.1619;0.000890359;90
19.5951;0.000655991;90
-6.88896;0.000541912;90
14.1203;0.000495986;90
-22.9034;0.000637239;90
-28.9492;0.000580539;90
-17.5118;0.00062811;90
14.2444;0.000467369;90
6.20564;0.000564307;90
27.5725;0.000559551;90
-176.064;0.0023746;90
157.422;0.000945462;90
173.528;0.000913823;90
-159.001;0.000756225;90
-117.124;0.000962897;90
-101.022;0.00171565;90
-101.497;0.00120416;90
-105.479;0.00130016;90
-101.539;0.00146971;90
-99.4972;0.00161818;90
-100.637;0.00200445;90
-100.296;0.0011302;90
-107.067;0.00282124;90
-106.408;0.00214537;90
-106.679;0.00188845;90
-101.049;0.00129399;90
-107.857;0.000909834;90
142.324;0.000881887;90
130.052;0.00122148;90
128.043;0.00104502;90
135.042;0.000959544;90
-152.373;0.00615248;90
-109.769;0.00120927;90
-111.173;0.00184667;90
-102.318;0.00118119;90
-101.551;0.000933913;90
-96.2912;0.000903441;90
-89.6749;0.00141002;90
-91.4415;0.00166953;90
-96.1362;0.00117875;90
-100.084;0.00104515;90
-79.6302;0.00118333;90
-125.155;0.000748535;90
-140.764;0.000901168;90
-172.339;0.000742628;90
-155.958;0.000802632;90
141.256;0.000532085;90
97.5061;0.00102579;90
171.063;0.000502096;90
-160.034;0.000568148;90
-164.299;0.000934884;90
-170.335;0.000464594;90
-170.019;0.000871186;90
160.486;0.000469998;90
126.217;0.000754849;90
120.02;0.000801522;90
123.921;0.000758004;90
123.99;0.000899736;90
122.417;0.0010614;90
119.806;0.00128153;90
132.061;0.000979217;90
108.005;0.0015173;90
118.034;0.00106382;90
124.944;0.000785644;90
-37.6363;0.0123361;90
-93.7843;0.00115151;90
-37.7625;0.00120675;90
35.9602;0.00269574;90
-33.8757;0.00282566;90
49.2951;0.00185996;90
75.2585;0.00287669;90
79.2819;0.00153783;90
76.0913;0.00228809;90
100.431;0.00162384;90
101.702;0.00197709;90
-38.1234;0.000950828;90
85.9627;0.00904745;90
97.5172;0.00210207;90
102.45;0.00305688;90
101.425;0.00448793;90
101.582;0.00606143;90
102.225;0.00594582;90
101.316;0.00528984;90
101.595;0.00252248;90
86.0223;0.00412293;90
80.731;0.00516545;90
79.5415;0.00443468;90
69.4894;0.00177235;90
88.394;0.00492393;90
88.7758;0.00500814;90
83.6037;0.00800684;90
71.8839;0.00585315;90
61.4109;0.00535604;90
56.1023;0.0052805;90
58.0833;0.00492921;90
81.8189;0.00635265;90
98.3626;0.00616758;90
89.8411;0.00685003;90
83.2297;0.00609047;90
84.258;0.00616694;90
82.0067;0.00521365;90
83.3452;0.00510842;90
37.948;0.00144566;90
37.127;0.00280823;90
24.798;0.0027991;90
11.6555;0.00279667;90
10.3345;0.00276485;90
-8.16214;0.00278218;90
14.414;0.00279601;90
42.3432;0.00305091;90
67.0139;0.00424832;90
45.1531;0.00291117;90
34.0184;0.00251672;90
60.5966;0.00355837;90
73.5989;0.00392053;90
27.9817;0.00211641;90
-12.918;0.00218736;90
19.4182;0.00261685;90
-6.2934;0.00229885;90
-19.5954;0.00118673;90
-88.3414;0.00342043;90
-96.1603;0.00358772;90
-88.8197;0.00315567;90
-76.1933;0.00284521;90
-50.1616;0.0020121;90
-41.2797;0.00229941;90
-46.4842;0.00188366;90
63.0454;0.00105232;90
71.1697;0.00109987;90
56.9761;0.000930295;90
-89.3482;0.00167011;90
-119.38;0.00111088;90
129.572;0.000784873;90
-172.828;0.00104921;90
137.159;0.00228982;90
135.15;0.00243175;90
106.235;0.00336936;90
89.6247;0.00351108;90
85.2548;0.00336052;90
92.0605;0.00339319;90
159.732;0.00170028;90
-178.038;0.00251147;90
-158.315;0.00266028;90
162.764;0.00261546;90
-113.69;0.00409179;90
-112.4;0.00412526;90
-138.319;0.00252791;90
-149.837;0.00251562;90
-111.873;0.00399134;90
-123.566;0.00346356;90
-165.863;0.00262036;90
-176.222;0.00254954;90
-175.287;0.00434469;90
-165.81;0.000991247;90
-172.426;0.00185115;90
-153.646;0.00267391;90
-140.689;0.00277492;90
-147.121;0.0011955;90
-97.6559;0.00420347;90
-97.3544;0.00548412;90
-94.2063;0.00520803;90
-96.752;0.00531587;90
-92.7193;0.00579653;90
-88.7436;0.00574638;90
-80.6569;0.00497703;90
-100.555;0.00518066;90
-122.115;0.00444871;90
-124.103;0.00492614;90
-119.401;0.00521464;90
-111.087;0.00548104;90
-98.3318;0.00626614;90
-91.3619;0.00467032;90
-93.3737;0.00739181;90
-102.62;0.00253115;90
-100.42;0.00223384;90
-100.304;0.00452294;90
-101.119;0.00440773;90
-84.837;0.00346707;90
-78.4841;0.0030004;90
-79.2091;0.00489251;90
-76.796;0.00502587;90
-76.8292;0.0039499;90
-80.4247;0.00566898;90
-76.2427;0.00323789;90
-77.5784;0.00197114;90
-100.775;0.00228936;90
-86.489;0.00754416;90
-104.38;0.00153819;90
-103.66;0.00203249;90
-105.747;0.00230657;90
-102.946;0.00228098;90
-105.275;0.00348824;90
-134.408;0.000753109;90
135.976;0.00257283;90
-159.75;0.00236625;90
-129.017;0.00215711;90
-115.598;0.00249044;90
-101.984;0.00253321;90
-96.7082;0.00199466;90
-116.296;0.00133405;90
-168.584;0.00127319;90
155.288;0.000566916;90
141.804;0.000752001;90
165.551;0.000673296;90
148.143;0.000615755;90
135.06;0.000673873;90
143.733;0.00091285;90
-172.688;0.000911412;90
-161.077;0.00133516;90
30.6435;0.000767125;90
-4.02473;0.00113981;90
-16.0788;0.00123845;90
-30.1753;0.00127127;90
-26.6182;0.000964193;90
76.1948;0.00102254;90
127.864;0.000956344;90
171.328;0.000703037;90
41.0983;0.00608958;90
74.5361;0.00173273;90
90.5211;0.0025291;90
142.925;0.0169443;90
132.204;0.000942281;90
125.426;0.000778047;90
129.306;0.000734063;90
135.467;0.000781379;90
131.479;0.00082888;90
134.183;0.00089246;90
146.642;0.000812927;90
-113.35;0.00158698;90
-129.973;0.000790759;90
177.999;0.000458279;90
-112.391;0.00148063;90
-133.018;0.000776868;90
163.396;0.000633411;90
-90.3601;0.00127303;90
53.7328;0.00439184;90
76.2366;0.000865862;90
58.9889;0.000830739;90
-27.7725;0.000573008;90
-48.5502;0.00551541;90
-46.289;0.00248328;90
-38.7768;0.000841466;90
63.9861;0.00106934;90
65.0062;0.000750259;90
-58.8118;0.00845031;90
-38.8289;0.00338758;90
16.2041;0.00310328;90
74.0037;0.00247483;90
-16.4988;0.00183454;90
86.6943;0.00376326;90
70.8444;0.00482728;90
-21.6338;0.000952064;90
-13.1418;0.00142944;90
-48.9348;0.00200938;90
-46.1645;0.00142653;90
68.2369;0.000833401;90
79.5871;0.00132787;90
-99.3419;0.00234713;90
-104.826;0.00272781;90
-104.067;0.00229172;90
-105.274;0.00233447;90
-100.088;0.00243769;90
-86.7944;0.00123393;90
-76.449;0.0010883;90
-75.4369;0.00179363;90
-91.7966;0.00318957;90
-88.0694;0.00374012;90
-90.8388;0.00389342;90
-92.8109;0.00599521;90
-99.1294;0.00543282;90
-98.3859;0.00342158;90
-97.0325;0.00399405;90
-129.645;0.00187139;90
-131.377;0.00239481;90
-111.568;0.00351728;90
-79.2504;0.0020856;90
135;3.81838e-05;90
101.684;0.00156033;90
60.1993;0.00687748;90
64.6338;0.00149626;90
82.4838;0.0049233;90
81.0495;0.00539267;90
84.3512;0.005354;90
90.4845;0.000946034;90
87.4467;0.00300799;90
90.2697;0.00318704;90
91.5031;0.00381231;90
89.6268;0.00291706;90
99.8363;0.00216584;90
90.8482;0.00385042;90
73.7165;0.00128036;90
82.0959;0.00304695;90
57.8381;0.00159117;90
73.1984;0.000965203;90
118.711;0.00296218;90
146.176;0.000711405;90
131.89;0.000742849;90
166.415;0.00261825;90
-114.646;0.00182968;90
-93.6359;0.00245995;90
-93.8559;0.0030038;90
-114.782;0.00109262;90
171.049;0.00152963;90
-99.8733;0.00229195;90
-167.173;0.00208093;90
-177.682;0.00254608;90
123.557;0.0038316;90
107.549;0.00361839;90
136.634;0.0025544;90
-58.3649;0.0104803;90
16.1233;0.00123872;90
18.0129;0.0020179;90
-26.6984;0.00115292;90
-92.3522;0.00141319;90
-4.92874;0.00121048;90
46.6506;0.00164471;90
-0.642543;0.00214013;90
-45.5209;0.00186684;90
-15.6671;0.000622113;90
-85.3751;0.00161225;90
-75.8;0.000933523;90
-58.5015;0.00110244;90
-92.422;0.0032419;90
-89.2249;0.00362233;90
-90.72;0.00389931;90
-89.4942;0.00169907;90
-93.6412;0.00330668;90
-95.7584;0.00524245;90
-100.032;0.00512638;90
-96.0879;0.00463916;90
-141.892;0.00163818;90
-133.956;0.00194062;90
-112.357;0.00338873;90
-120.31;0.00252634;90
-100.056;0.00261721;90
-83.3968;0.00298279;90
93.5124;0.0022362;90
29.247;0.00107046;90
27.668;0.000766666;90
88.4353;0.00168463;90
97.399;0.00251595;90
68.5232;0.00176989;90
67.5894;0.00204332;90
48.2684;0.00164953;90
29.0026;0.00117768;90
45.1071;0.000756606;90
83.9672;0.00428171;90
80.7633;0.00459153;90
82.2608;0.00526496;90
87.7587;0.00478166;90
88.9886;0.00430567;90
91.2562;0.004151;90
87.8152;0.00309525;90
107.861;0.00281046;90
117.675;0.00133921;90
137.573;0.00228414;90
-165.46;0.00223457;90
-131.48;0.00223443;90
-117.453;0.00225154;90
179.726;0.00188002;90
-158.639;0.00203157;90
-153.877;0.00185331;90
133.592;0.0012661;90
105.708;0.00245259;90
121.683;0.00182969;90
128.002;0.00201399;90
103.286;0.0033548;90
86.6541;0.00294702;90
65.4493;0.0021757;90
71.7305;0.000985686;90
-143.405;0.00133522;90
85.5784;0.00307415;90
118.531;0.00325987;90
127.357;0.00468377;90
152.38;0.000752788;90
170.766;0.00168888;90
-163.812;0.00184724;90
-165.782;0.001763;90
-115.805;0.00151619;90
-126.979;0.002625;90
-111.635;0.0044075;90
-87.9325;0.00518337;90
-74.0291;0.00432494;90
-72.2898;0.00429978;90
-83.8249;0.00532691;90
-92.271;0.00502194;90
-83.5315;0.00507732;90
-75.7194;0.00210402;90
-143.389;0.00217142;90
-133.03;0.00442274;90
-130.315;0.00456265;90
-130.022;0.00457953;90
-129.18;0.00437195;90
-128.337;0.00473495;90
-134.131;0.00438315;90
-130.475;0.00447225;90
-123.286;0.00515107;90
-127.075;0.00497963;90
-135.195;0.00437065;90
-136.912;0.0045556;90
-125.105;0.00468282;90
-124.162;0.00491148;90
-157.721;0.00356622;90
175.57;0.00336606;90
-173.129;0.00352733;90
-177.098;0.00347646;90
-150.755;0.00382562;90
-127.721;0.00457651;90
-114.645;0.00447241;90
-112.349;0.00697169;90
-112.679;0.00570839;90
-115.451;0.0055219;90
-119.2;0.01104;90
-125.923;0.0021783;90
-125.559;0.00223719;90
-115.774;0.0122741;90
-107.752;0.00220079;90
-105.053;0.00295334;90
-100.854;0.00571422;90
-97.0029;0.00791505;90
-98.7989;0.00653086;90
-102.591;0.00654642;90
-106.817;0.00618345;90
-105.023;0.0109948;90
-102.54;0.00222918;90
-101.554;0.00441854;90
-105.25;0.00211757;90
117.446;0.00305483;90
124.406;0.00413062;90
123.503;0.00390594;90
131.362;0.00226235;90
119.569;0.0027134;90
123.725;0.00829249;90
127.726;0.0018206;90
130.988;0.00250647;90
124.408;0.00214658;90
131.208;0.00124015;90
140.511;0.00290123;90
148.086;0.00284504;90
136.753;0.00268119;90
124.361;0.00355421;90
113.923;0.00430811;90
110.79;0.00544024;90
116.28;0.0014387;90
119.449;0.00317297;90
126.867;0.0037386;90
118.29;0.00442674;90
121.151;0.00430704;90
126.465;0.00447391;90
129.719;0.00366493;90
120.351;0.00560867;90
115.452;0.00527275;90
113.737;0.00538341;90
113.547;0.00508874;90
113.848;0.00632176;90
108.276;0.00534142;90
108.466;0.00527563;90
108.444;0.00412171;90
107.136;0.00557969;90
108.263;0.00706171;90
104.983;0.00587162;90
100.478;0.00679634;90
97.6801;0.00673441;90
97.7514;0.00562742;90
99.8623;0.00699436;90
103.77;0.0060118;90
110.157;0.00554566;90
117.563;0.004467;90
124.133;0.00523597;90
136.005;0.00354739;90
135.938;0.004449;90
132.654;0.00426672;90
116.933;0.00502052;90
108.174;0.00583193;90
100.389;0.00617728;90
99.7843;0.00626107;90
100.363;0.00506971;90
102.461;0.00691488;90
103.173;0.00666127;90
104.171;0.00495477;90
103.161;0.00690434;90
104.274;0.00631083;90
103.816;0.00600474;90
112.301;0.00958169;90
116.92;0.00216456;90
116.218;0.00412875;90
115.893;0.00510887;90
116.651;0.00538401;90
116.137;0.00497136;90
116.429;0.00489342;90
111.741;0.00564236;90
103.562;0.00618341;90
96.5945;0.00644363;90
94.7236;0.00630241;90
112.101;0.00503928;90
137.605;0.00267563;90
175.685;0.00245897;90
170.207;0.00222238;90
121.426;0.00293444;90
107.166;0.00395413;90
101.929;0.00457683;90
103.82;0.00372174;90
115.525;0.00192155;90
112.477;0.00299232;90
116.023;0.00392269;90
112.766;0.00565671;90
111.57;0.00304097;90
99.3439;0.00389873;90
96.5888;0.00508962;90
99.0815;0.00744432;90
97.4318;0.00627774;90
92.6941;0.0064251;90
85.43;0.00646355;90
86.6131;0.00626294;90
98.6634;0.00600148;90
112.605;0.00534892;90
110.541;0.005489;90
99.5792;0.00612338;90
99.3802;0.00596374;90
98.1288;0.0064498;90
98.2404;0.00609796;90
95.5756;0.00612397;90
94.2622;0.00672761;90
100.465;0.0110437;90
103.656;0.0022321;90
99.8351;0.00495279;90
97.9162;0.00628792;90
97.6475;0.00616181;90
100.396;0.0111836;90
102.804;0.00218842;90
102.503;0.00477627;90
101.855;0.00601633;90
104.305;0.00584833;90
109.107;0.0144988;90
110.048;0.00224611;90
110.253;0.0197938;90
109.383;0.00216045;90
111.407;0.00536189;90
117.636;0.0037577;90
127.426;0.00191529;90
136.212;0.00287433;90
138.872;0.00308933;90
135.593;0.00546764;90
126.033;0.00147896;90
121.851;0.002869;90
124.068;0.00247956;90
-139.494;0.00117316;90
-115.378;0.00101495;90
-108.093;0.00121718;90
-129.325;0.00102254;90
-116.64;0.00171954;90
-113.839;0.00267961;90
-134.663;0.000842179;90
166.046;0.00134777;90
135.535;0.00136336;90
159.41;0.0011772;90
-116.672;0.00168421;90
-97.6927;0.00138951;90
-60.3824;0.000948992;90
-57.6499;0.00119793;90
121.769;0.000769247;90
-116.034;0.00217132;90
-64.561;0.00182051;90
-48.3327;0.000705471;90
-9.44251;0.000475442;90
69.0815;0.00131358;90
67.9961;0.00231136;90
66.152;0.00198115;90
64.3634;0.00234594;90
65.2657;0.00156784;90
59.9895;0.0012576;90
70.3828;0.000842926;90
57.1962;0.00225929;90
90.1201;0.001909;90
120.458;0.002174;90
121.793;0.00165891;90
169.946;0.000715996;90
-113.257;0.000899056;90
51.7584;0.001412;90
-52.8078;0.00167083;90
-59.818;0.00204874;90
-61.4834;0.00151022;90
-65.1297;0.00172387;90
32.6806;0.000629682;90
-27.2161;3.93573e-05;90
149.295;0.00125144;90
76.9096;0.00264473;90
-36.3344;0.000535023;90
-62.3499;0.00354257;90
-55.6405;0.00417801;90
-43.978;0.00404388;90
-41.2204;0.00437661;90
-41.1141;0.00277541;90
-60.7487;0.00398861;90
-67.4032;0.00727662;90
-68.9935;0.00649142;90
-70.0991;0.00517929;90
-70.3725;0.00732352;90
-70.4414;0.0117723;90
-71.1773;0.00308392;90
-73.9157;0.0118967;90
-78.2283;0.00815144;90
-77.6582;0.00262466;90
-79.6759;0.0100883;90
-81.2242;0.00735409;90
-82.0994;0.00699136;90
-79.6831;0.00724209;90
-76.6115;0.00525584;90
-83.805;0.00972077;90
-84.8742;0.00755521;90
-81.4274;0.00765452;90
-81.7965;0.00695214;90
-82.4443;0.00719447;90
-75.5743;0.00613751;90
-67.1871;0.00548072;90
-74.1406;0.00695265;90
-90.278;0.0086551;90
-94.5616;0.0101722;90
-80.3663;0.0030774;90
-82.4643;0.0125968;90
-81.7033;0.0027235;90
-78.9253;0.00683019;90
-76.4091;0.00121708;90
-66.5679;0.00818282;90
-66.2676;0.00477805;90
-64.833;0.00205287;90
-73.5884;0.00438882;90
-77.2776;0.00548978;90
-72.9781;0.00161578;90
-68.3463;0.0041789;90
-10.6691;0.00355953;90
-36.2683;0.00512368;90
-76.9326;0.00843441;90
-84.0012;0.00880321;90
-75.9722;0.00654725;90
-67.5348;0.00552964;90
-64.047;0.00531723;90
-64.0003;0.00521253;90
-64.2718;0.0057567;90
-63.9185;0.00779029;90
-64.0367;0.00749437;90
-73.3986;0.00830207;90
-75.9418;0.00758724;90
-76.4807;0.0128758;90
-75.8677;0.00274818;90
-78.1847;0.0138065;90
-80.153;0.00352594;90
-80.052;0.00719518;90
-72.7737;0.0125479;90
-48.7115;0.00246874;90
-43.7986;0.00849846;90
-48.3862;0.00240624;90
-54.2948;0.00576579;90
-65.6798;0.00701009;90
-74.67;0.00798097;90
-79.9811;0.00853008;90
-81.5183;0.013987;90
-78.455;0.0032028;90
-75.1036;0.0074804;90
-71.8981;0.0126196;90
-72.7259;0.00312181;90
-72.012;0.0122434;90
-65.0133;0.0032149;90
-65.968;0.0112217;90
-64.188;0.00296036;90
-63.6317;0.00651147;90
-53.6472;0.0100834;90
-60.5796;0.00254064;90
-59.4484;0.00932102;90
-52.0417;0.00156888;90
-57.6965;0.00238397;90
-66.6439;0.00692657;90
-68.326;0.00200366;90
-59.5273;0.00770417;90
-42.1898;0.00124034;90
-35.7018;0.00300222;90
-41.214;0.00575072;90
-49.4318;0.00150073;90
-57.2668;0.00347124;90
-55.1797;0.00442903;90
-55.0419;0.00373488;90
-46.3952;0.00197483;90
-59.8775;0.00304872;90
-52.9564;0.00692703;90
-65.0032;0.00155241;90
-39.6135;0.00106963;90
55.9045;0.00129332;90
76.5702;0.0128093;90
73.5957;0.00349841;90
73.9348;0.0074874;90
78.2317;0.00914421;90
82.2829;0.0153409;90
76.3588;0.00344724;90
71.3942;0.0074219;90
58.8488;0.0117398;90
55.0437;0.00249759;90
60.3716;0.00652747;90
65.2464;0.0128464;90
66.9738;0.00366609;90
66.8241;0.00695964;90
46.5813;0.00996764;90
8.9618;0.00220188;90
3.32549;0.00730931;90
17.4783;0.00200769;90
41.3576;0.00872635;90
63.7951;0.00305945;90
43.6234;0.00894748;90
52.177;0.00251295;90
54.2303;0.0103639;90
58.1027;0.00314725;90
46.3844;0.00989248;90
50.057;0.00277559;90
50.5842;0.0103694;90
50.925;0.00280167;90
50.8354;0.00597419;90
38.9231;0.00540367;90
62.4415;0.00662915;90
30.267;0.00430133;90
14.981;0.00379499;90
26.4376;0.00321637;90
42.4441;0.00122097;90
35.4167;0.00275229;90
-21.5449;0.00286197;90
-34.0363;0.00133103;90
-79.4563;0.00287454;90
-87.0963;0.00256629;90
-87.8439;0.00151507;90
-88.3013;0.00347453;90
-90.1667;0.00378002;90
-92.4193;0.0047142;90
-96.7463;0.00578002;90
-98.8923;0.00530476;90
-103.7;0.00537905;90
-160.744;0.000861177;90
-124.79;0.00179118;90
-114.913;0.00287007;90
-116.3;0.00241945;90
-114.408;0.00226988;90
-76.8774;0.00211421;90
-85.9059;0.000966466;90
93.942;0.00122189;90
75.5254;0.00576912;90
75.9138;0.00111348;90
65.9713;0.00114196;90
66.0548;0.00168283;90
48.0378;0.00153446;90
50.5244;0.00248997;90
84.8863;0.00141363;90
84.9013;0.00205915;90
81.4251;0.00404421;90
79.5581;0.00471203;90
88.784;0.00541922;90
89.2129;0.00524149;90
91.3316;0.00456123;90
90.2527;0.00272103;90
110.71;0.00283627;90
130.569;0.00272768;90
-170.328;0.00256546;90
143.432;0.00223743;90
-177.498;0.00103098;90
-160.411;0.00255912;90
126.609;0.00579526;90
98.9435;0.00112569;90
111.007;0.00160679;90
112.618;0.00250138;90
-134.754;0.0011533;90
-178.421;0.000508193;90
67.4988;0.00159654;90
109.075;0.00161255;90
118.224;0.00621037;90
138.522;0.0024746;90
-100.152;0.0017758;90
-109.295;0.00109554;90
114.945;0.00101245;90
38.1105;0.00089601;90
76.7837;0.00122032;90
-35.594;0.0020119;90
-56.9727;0.00354838;90
-63.247;0.00327228;90
-61.3524;0.00233824;90
-66.5938;0.00318945;90
-74.5999;0.00336274;90
-57.1303;0.00286698;90
-18.3605;0.00219051;90
16.849;0.00230808;90
8.90172;0.000756107;90
-90.6112;0.00215612;90
26.491;0.00242122;90
-0.446838;0.00230807;90
-41.1887;0.00195736;90
69.3351;0.00308018;90
77.0095;0.0020864;90
145.998;0.000915546;90
20.2784;0.000845398;90
-102.648;0.00586842;90
155.717;0.00382984;90
-140.466;0.00251672;90
-131.578;0.00137424;90
-157.251;0.00313162;90
-161.676;0.0040746;90
-155.667;0.00397293;90
-116.59;0.00622208;90
-137.215;0.00503058;90
-132.8;0.00545298;90
-128.565;0.00610687;90
-129.72;0.00607011;90
-129.567;0.0058699;90
-129.249;0.00575796;90
-133.023;0.00571895;90
-127.51;0.00606498;90
-123.983;0.00635306;90
-133.573;0.005706;90
-137.814;0.00534439;90
-122.347;0.0063883;90
-139.504;0.00518638;90
-174.674;0.00441707;90
-179.211;0.0042124;90
-172.339;0.00412582;90
-139.46;0.004874;90
-116.477;0.00643496;90
-114.429;0.00686234;90
-111.69;0.00690491;90
-115.292;0.00741037;90
-119.381;0.00645304;90
-125.376;0.00604386;90
-124.339;0.00240034;90
-114.167;0.0106767;90
-104.595;0.00766328;90
-97.4737;0.00829547;90
-97.8299;0.00828726;90
-103.091;0.00764673;90
-107.106;0.00751022;90
-104.203;0.00760134;90
-103.168;0.00654921;90
-97.7712;0.00340931;90
129.629;0.00195667;90
123.884;0.00426179;90
123.745;0.00462287;90
129.538;0.00244425;90
119.847;0.00243729;90
123.811;0.00381163;90
124.336;0.00393585;90
124.554;0.0041574;90
130.408;0.00299431;90
138.032;0.00203224;90
144.276;0.00264093;90
144.583;0.00275229;90
132.921;0.00296331;90
120.326;0.00405019;90
113.712;0.00373752;90
108.118;0.000858571;90
110.771;0.00186951;90
112.462;0.00223778;90
118.964;0.00257508;90
121.81;0.00301836;90
122.132;0.00296874;90
121.628;0.0034916;90
120.644;0.0040867;90
123.843;0.00416581;90
127.256;0.00493251;90
120.278;0.00680298;90
114.416;0.00787202;90
114.498;0.00698152;90
112.586;0.00699339;90
108.247;0.00731059;90
107.828;0.00739825;90
107.999;0.00756945;90
106.779;0.007704;90
101.652;0.00848178;90
97.9169;0.00805881;90
98.6242;0.00803586;90
101.384;0.00786779;90
109.414;0.00740081;90
117.848;0.00637081;90
129.824;0.00553375;90
136.066;0.00520591;90
132.68;0.00537984;90
115;0.00687847;90
103.238;0.00762873;90
99.3127;0.00780487;90
100.309;0.00829286;90
102.924;0.00821817;90
103.93;0.00800442;90
103.768;0.00825212;90
103.602;0.0082576;90
109.095;0.00766049;90
115.797;0.00714398;90
115.531;0.00706265;90
115.284;0.00718091;90
116.824;0.00693412;90
114.32;0.00715823;90
104.556;0.00818058;90
93.8598;0.0083339;90
101.68;0.00668848;90
130.211;0.00455695;90
-176.69;0.00308314;90
149.511;0.00289534;90
108.282;0.0039146;90
105.49;0.00387163;90
101.565;0.00458406;90
108.184;0.00281351;90
114.232;0.00221957;90
114.047;0.00536459;90
114.431;0.00556093;90
111.627;0.00305507;90
99.2059;0.00448173;90
97.5225;0.00786771;90
98.1691;0.00788905;90
94.4542;0.00791892;90
86.4232;0.00814286;90
88.8621;0.00785555;90
103.494;0.00604693;90
114.865;0.00622393;90
102.221;0.00632535;90
99.4254;0.00663761;90
99.0093;0.00609216;90
98.5094;0.00649449;90
96.3553;0.0067213;90
93.4397;0.00991687;90
101.669;0.00569572;90
102.05;0.00798495;90
98.8032;0.00840299;90
97.1652;0.00831393;90
101.873;0.00786424;90
101.825;0.00763197;90
101.624;0.00780201;90
106.174;0.00740613;90
109.481;0.00715142;90
109.868;0.00729418;90
109.44;0.0071178;90
109.386;0.00663094;90
111.274;0.00619302;90
111.138;0.00521597;90
113.645;0.00409912;90
119.39;0.00200506;90
137.018;0.00148585;90
139.705;0.00418107;90
138.078;0.00194877;90
128.143;0.00360089;90
134.316;0.00361428;90
121.119;0.0036164;90
137.616;0.00139445;90
-121.524;0.00126229;90
128.112;0.00192805;90
118.011;0.00175453;90
132.268;0.00146892;90
-135;0.000917825;90
-33.6901;1.44222e-05;90
9.65804;0.00129942;90
-60.0007;0.0044421;90
69.2126;0.00182586;90
50.0642;0.00163414;90
-45.664;0.00170848;90
-58.5138;0.00235117;90
-57.03;0.00222896;90
-47.4544;0.00179982;90
-30.8039;0.0015368;90
-34.2366;0.00145394;90
-67.3613;0.00233815;90
-82.7143;0.001238;90
141.9;0.000223652;90
84.0543;0.0019887;90
138.317;0.00585404;90
134.071;0.00113435;90
131.576;0.00542188;90
-117.915;0.00334072;90
-114.215;0.00163594;90
-138.521;0.00123198;90
-102.557;0.00131547;90
-114.173;0.00157512;90
-116.596;0.00167079;90
-121.919;0.000915415;90
165.908;0.000747495;90
116.983;0.00104248;90
119.892;0.000963133;90
145.778;0.00209103;90
88.3586;0.00136156;90
125.407;0.000916499;90
-45.0336;0.00362251;90
58.7316;0.000741742;90
64.3798;0.00149166;90
69.3956;0.0013867;90
65.9867;0.00114511;90
60.035;0.00183994;90
69.2753;0.00167007;90
51.005;0.000533967;90
-51.7443;0.00130658;90
-11.3771;0.0013383;90
72.2761;0.000840914;90
-60.4054;0.00184465;90
-59.5794;0.00419676;90
-50.3132;0.00419987;90
-41.0451;0.00417267;90
-42.9386;0.0040692;90
-47.8778;0.00236613;90
-64.4158;0.00546038;90
-68.3113;0.00651309;90
-69.6011;0.00588719;90
-70.2869;0.00552904;90
-70.2252;0.00563957;90
-69.981;0.00518211;90
-71.0455;0.005754;90
-70.4899;0.00662329;90
-75.2504;0.00726645;90
-77.989;0.00764538;90
-77.5377;0.0075673;90
-80.181;0.00776373;90
-81.7045;0.00837967;90
-81.2937;0.00776245;90
-78.1315;0.00760457;90
-79.9959;0.00768485;90
-86.2583;0.00795295;90
-82.9782;0.00798388;90
-81.6679;0.00774273;90
-81.0281;0.00831676;90
-79.3498;0.00761314;90
-65.97;0.00663285;90
-76.715;0.00730653;90
-91.9757;0.00797674;90
-93.4445;0.0078061;90
-84.9008;0.0081121;90
-82.0671;0.00784709;90
-83.077;0.00629691;90
-79.8403;0.00384936;90
-71.8987;0.00168331;90
-72.6537;0.000882118;90
-70.267;0.00189849;90
-66.2966;0.00336814;90
-66.1435;0.00543211;90
-66.1376;0.00354722;90
-67.1051;0.00272465;90
-77.4256;0.00504808;90
-75.8218;0.00440519;90
-75.0832;0.00151506;90
-60.5926;0.00358032;90
-0.451462;0.00279209;90
-30.3522;0.00443486;90
-72.6651;0.00734669;90
-85.5998;0.00870666;90
-77.2604;0.00828496;90
-65.4555;0.00688735;90
-63.8384;0.00730318;90
-64.8299;0.00687034;90
-64.2714;0.00686233;90
-64.1106;0.00678828;90
-69.0266;0.00743992;90
-76.0558;0.00785137;90
-75.9989;0.00791515;90
-76.1968;0.00554514;90
-77.0601;0.00361274;90
-75.2305;0.0044914;90
-77.8936;0.0065466;90
-79.7155;0.00679416;90
-80.3215;0.00710209;90
-77.9081;0.00688373;90
-68.0988;0.00597309;90
-55.7359;0.00481698;90
-43.4945;0.00430635;90
-44.8843;0.00455024;90
-52.4628;0.00534076;90
-63.5914;0.00687772;90
-72.8053;0.00774307;90
-79.553;0.00854261;90
-81.7037;0.00819173;90
-80.9405;0.00734158;90
-77.9588;0.00702251;90
-72.4825;0.00710971;90
-72.3631;0.0065845;90
-72.1179;0.00678372;90
-71.9231;0.0121465;90
-64.8973;0.00346972;90
-65.5781;0.00581203;90
-65.4405;0.00697723;90
-64.3424;0.00561905;90
-56.0434;0.00465121;90
-53.4496;0.00419627;90
-56.3169;0.00457988;90
-58.295;0.00404342;90
-57.6004;0.00355903;90
-58.2602;0.00283616;90
-58.1931;0.0026923;90
-64.2241;0.00324708;90
-68.2608;0.00359358;90
-66.9459;0.00437436;90
-61.9682;0.00447271;90
-38.0622;0.00542077;90
-32.8654;0.00134889;90
-46.1917;0.0065959;90
-56.8573;0.00272897;90
-58.0364;0.0104764;90
34.8898;0.000688811;90
-42.2409;0.00058758;90
-57.2911;0.010998;90
71.9835;0.020783;90
74.7173;0.00364593;90
76.2411;0.00656333;90
81.8983;0.0150997;90
80.1356;0.00360733;90
71.0058;0.013316;90
61.3681;0.00255436;90
54.5235;0.00935957;90
62.7632;0.00774359;90
65.3364;0.00764217;90
65.7962;0.00294159;90
66.5088;0.0123931;90
61.7712;0.00258777;90
35.2297;0.0070711;90
0.742516;0.00578749;90
5.23464;0.00167699;90
24.0809;0.00736716;90
55.9388;0.00252644;90
49.5555;0.00892076;90
44.7629;0.00598005;90
54.6388;0.00233961;90
56.8841;0.0100195;90
49.4309;0.00637027;90
45.1423;0.00484016;90
49.3962;0.00504591;90
50.0241;0.00581354;90
49.8018;0.00184992;90
60.6305;0.00719355;90
79.8885;0.0018284;90
94.9347;0.00141826;90
88.7362;0.00775289;90
93.4571;0.00233826;90
104.91;0.00868645;90
100.073;0.00532305;90
78.8625;0.00540989;90
52.8986;0.00143561;90
57.1775;0.00410303;90
-22.151;0.000639175;90
5.33818;0.00353634;90
8.79054;0.000687071;90
-38.8219;0.00220768;90
-44.4924;0.00119718;90
-60.2232;0.00489305;90
-56.9236;0.000776902;90
-65.2037;0.00227472;90
116.722;0.000816168;90
118.195;0.00536113;90
145.8;0.00411326;90
72.8584;0.0011909;90
157.36;0.00129369;90
-167.819;0.00278674;90
-163.929;0.00112705;90
118.526;0.00103233;90
88.0636;0.0038472;90
91.6861;0.00244706;90
124.116;0.00145668;90
129.458;0.0018599;90
78.8672;0.00482173;90
-113.269;0.00203775;90
-106.105;0.000839963;90
-85.4512;0.046994;90
46.3409;0.00108783;90
37.2382;0.00164923;90
40.6597;0.00414847;90
37.7864;0.0173668;90
26.3154;0.000821092;90
31.534;0.0028604;90
-30.3633;0.00258565;90
-97.3725;0.0481531;90
92.2733;0.00105883;90
78.6923;0.0051153;90
58.6241;0.00121578;90
65.0786;0.00257254;90
64.04;0.00275275;90
50.3024;0.00285408;90
84.9958;0.00179986;90
82.6162;0.00332255;90
79.5445;0.0054444;90
88.0566;0.0122671;90
91.7109;0.00244509;90
91.9967;0.00272666;90
83.5867;0.00129812;90
109.216;0.00176219;90
113.84;0.00290704;90
154.223;0.00289285;90
140.532;0.0158863;90
35.66;0.000435697;90
-104.634;0.00507048;90
-78.3907;0.00596809;90
-49.0978;0.000949952;90
-47.0267;0.00107972;90
-65.3507;0.00193976;90
-83.6088;0.00198534;90
-161.451;0.00206845;90
-124.445;0.00989366;90
-140.313;0.00179457;90
-117.62;0.00413072;90
-149.057;0.00284139;90
-157.957;0.00202503;90
-133.059;0.00515706;90
-128.216;0.00592604;90
-130.339;0.00536843;90
-129.947;0.00566757;90
-129.164;0.0110777;90
-125.535;0.00242946;90
-124.48;0.00398146;90
-132.154;0.00561145;90
-141.773;0.00487417;90
-128.54;0.0116087;90
-163.329;0.00173596;90
-174.213;0.00253894;90
-177.545;0.00429494;90
-156.335;0.0090959;90
-123.157;0.00217757;90
-114.398;0.00437688;90
-113.775;0.0141738;90
-113.902;0.00267544;90
-116.412;0.00452761;90
-119.129;0.00663748;90
-121.947;0.0127019;90
-115.433;0.00264757;90
-111.648;0.00291673;90
-103.476;0.00957358;90
-98.0297;0.0196941;90
-101.259;0.00306804;90
-107.106;0.00293064;90
-107.482;0.00734003;90
-103.102;0.0107858;90
-105.736;0.00236358;90
-101.229;0.00236732;90
119.799;0.00965685;90
128.774;0.00149302;90
122.48;0.00154935;90
126.431;0.0035261;90
115.843;0.00120668;90
121.741;0.0019731;90
124.56;0.00847208;90
125.352;0.00151053;90
138.071;0.000870993;90
136.87;0.00403124;90
148.724;0.00173165;90
143.646;0.00268571;90
122.186;0.00728212;90
118.365;0.00187967;90
113.477;0.0029971;90
116.46;0.00416088;90
118.267;0.00185183;90
119.909;0.00782749;90
130.993;0.00206414;90
121.423;0.0085241;90
122.358;0.00194503;90
130.389;0.00350942;90
116.563;0.0153716;90
111.753;0.00443589;90
112.133;0.00696741;90
108.029;0.0173414;90
108.82;0.00546201;90
103.015;0.0210918;90
95.6359;0.00244381;90
100.395;0.00243293;90
98.5644;0.00750064;90
100.871;0.00319738;90
106.152;0.00677233;90
113.061;0.00723737;90
123.386;0.0062241;90
132.728;0.00515532;90
134.199;0.00520976;90
128.052;0.0051673;90
104.165;0.0159778;90
98.4389;0.00317538;90
99.7848;0.00414835;90
102.052;0.0157716;90
103.357;0.00239375;90
103.417;0.00258146;90
105.019;0.00728587;90
105.67;0.0171307;90
120.771;0.002543;90
115.088;0.00215092;90
116.076;0.00492087;90
116.445;0.00470201;90
112.174;0.00574164;90
117.52;0.0131499;90
109.93;0.00277521;90
105.614;0.00432459;90
96.7526;0.0149598;90
105.272;0.00292323;90
117.299;0.00317682;90
160.26;0.00737223;90
118.787;0.00186897;90
107.972;0.00246318;90
103.319;0.0107132;90
112.168;0.00162728;90
114.491;0.0127271;90
110.225;0.00186286;90
100.393;0.0125001;90
92.4464;0.00311584;90
99.007;0.00355787;90
92.0396;0.0146953;90
83.5959;0.00267167;90
85.8867;0.00531168;90
106.318;0.0139447;90
106.314;0.0025382;90
99.4508;0.0147745;90
99.2271;0.00380422;90
98.3824;0.00706548;90
95.5212;0.00725466;90
95.1465;0.00714581;90
100.356;0.00734262;90
102.314;0.00658345;90
98.3142;0.00651447;90
98.1816;0.00597986;90
98.3395;0.00607423;90
101.09;0.00577076;90
102.032;0.00592926;90
101.768;0.00568755;90
102.053;0.00553604;90
107.294;0.00600446;90
109.29;0.00606339;90
109.754;0.00543803;90
109.333;0.00534649;90
109.409;0.00545287;90
109.238;0.00530208;90
111.117;0.00520987;90
111.857;0.00514376;90
112.906;0.00459644;90
118.001;0.00265818;90
179.441;0.000923044;90
-169.759;0.000399362;90
109.27;0.00247253;90
135.284;0.0062707;90
152.916;0.000937845;90
133.61;0.00294314;90
122.242;0.00408251;90
124.308;0.0025992;90
-136.198;0.00118325;90
147.466;0.00111379;90
119.263;0.00231779;90
131.693;0.00176505;90
-127.745;0.000929508;90
-16.2888;0.00176484;90
-58.3038;0.00326028;90
52.8517;0.00086441;90
72.0665;0.00086713;90
47.2072;0.00135865;90
1.45022;0.000474152;90
-57.7809;0.00315479;90
-55.4398;0.00354328;90
-38.9293;0.00288847;90
-32.8637;0.00238463;90
-92.3824;0.00202075;90
-77.7738;0.000883028;90
-10.008;0.00025894;90
98.7954;0.00309338;90
148.903;0.00353734;90
134.626;0.000650552;90
132.148;0.0019328;90
120.246;0.00312083;90
125.98;0.0025123;90
-142.321;0.000921092;90
-124.612;0.00182742;90
-110.94;0.00139622;90
-120.126;0.00149031;90
-124.045;0.00196839;90
-112.205;0.00121188;90
-113.344;0.00128956;90
-113.732;0.00217164;90
133.056;0.00108391;90
136.593;0.00213629;90
118.988;0.00175599;90
116.779;0.000838979;90
120.276;0.000642652;90
-39.9621;0.00314037;90
56.5579;0.00198695;90
63.5514;0.00154021;90
110.844;0.00174522;90
92.2541;0.00175436;90
69.4602;0.00206636;90
48.8033;0.00100206;90
-52.3348;0.0020604;90
-59.7942;0.00228182;90
-22.2525;0.000683937;90
67.6045;0.00202363;90
-65.1484;0.00272206;90
-57.6251;0.00369777;90
-51.2665;0.003401;90
-39.7686;0.00297801;90
-41.833;0.00314861;90
-43.4432;0.00278491;90
-45.4036;0.00190711;90
-63.93;0.0055385;90
-68.652;0.00736751;90
-69.8622;0.00727898;90
-70.2722;0.00776474;90
-70.0061;0.00770648;90
-71.7939;0.00704782;90
-72.1761;0.00889599;90
-77.2144;0.00791218;90
-77.0657;0.00654506;90
-80.3423;0.00761796;90
-79.3753;0.00829827;90
-82.2218;0.00831248;90
-79.9177;0.00808282;90
-78.7225;0.00692369;90
-84.006;0.00621498;90
-85.3016;0.00787446;90
-80.0319;0.00649911;90
-81.7127;0.00897067;90
-82.5597;0.00804675;90
-76.9797;0.00634718;90
-66.642;0.00495618;90
-71.0473;0.00545895;90
-88.5267;0.0084788;90
-94.3715;0.00840947;90
-86.5426;0.00829109;90
-82.2039;0.00793232;90
-83.9439;0.00726052;90
-76.0032;0.00493657;90
-71.5456;0.00279577;90
-66.3158;0.00562366;90
-68.6341;0.00491048;90
-62.4108;0.0032777;90
-73.7466;0.00470192;90
-77.5344;0.00560104;90
-70.3073;0.00158468;90
-68.8254;0.00375127;90
-24.4977;0.00238028;90
-11.4813;0.00406433;90
-63.6914;0.00689297;90
-85.4707;0.00885164;90
-79.5814;0.00824494;90
-68.2721;0.00723395;90
-64.3355;0.00702838;90
-63.8433;0.00671464;90
-63.9307;0.00671964;90
-63.9923;0.00694198;90
-66.6065;0.00717804;90
-75.4129;0.0080722;90
-76.6433;0.00762731;90
-76.1345;0.00797436;90
-75.7867;0.00777088;90
-78.1729;0.00829919;90
-79.9912;0.00818761;90
-79.4658;0.0079093;90
-73.61;0.00640738;90
-62.1027;0.00534744;90
-45.9007;0.00503805;90
-44.3856;0.00468202;90
-49.6869;0.00508839;90
-61.197;0.00643629;90
-69.9382;0.00721796;90
-78.1169;0.00737198;90
-80.2242;0.00766226;90
-81.9352;0.00707093;90
-78.182;0.0144871;90
-69.6729;0.00298808;90
-72.923;0.00393656;90
-72.8109;0.00677773;90
-71.6132;0.00753255;90
-72.478;0.00795825;90
-65.5069;0.0079043;90
-66.0311;0.00727648;90
-61.4823;0.0115368;90
-48.3307;0.00172826;90
-55.2836;0.00238448;90
-56.0666;0.00881538;90
-61.4033;0.00166513;90
-59.3517;0.00152619;90
-56.7558;0.00238778;90
-63.036;0.00263326;90
-64.9553;0.00261265;90
-59.0075;0.00205078;90
-64.4203;0.00273064;90
-68.0101;0.00406471;90
-61.5804;0.00440826;90
-50.2759;0.00243001;90
-40.0009;0.00221531;90
-30.8673;0.00234285;90
-37.5858;0.00142471;90
-32.0472;0.000580455;90
-44.2545;0.00211938;90
-51.3013;0.00229997;90
-56.1087;0.00292135;90
-55.868;0.00323649;90
-54.9458;0.00332027;90
-55.8413;0.00356018;90
-47.7662;0.00164099;90
-57.8342;0.00359712;90
-56.2895;0.00389732;90
-54.4135;0.00327702;90
-51.148;0.000930957;90
54.6915;0.0021506;90
76.8792;0.00687652;90
75.774;0.00886279;90
74.4833;0.00873954;90
78.919;0.00913124;90
82.977;0.0096101;90
77.7414;0.00903807;90
69.2124;0.00808105;90
59.5258;0.00702552;90
55.6003;0.0072111;90
62.4436;0.00747048;90
66.1857;0.0129157;90
67.3264;0.003196;90
65.8162;0.0072547;90
45.4762;0.0058699;90
11.0078;0.00476059;90
2.11528;0.00474123;90
14.2473;0.00487185;90
46.1958;0.00596362;90
51.2234;0.00643796;90
43.5977;0.00583679;90
52.6633;0.00635781;90
56.0707;0.00684201;90
52.4369;0.00641367;90
44.9215;0.00619002;90
49.9292;0.00613918;90
50.8619;0.00508879;90
52.9902;0.00507682;90
63.7128;0.00415019;90
92.9575;0.00228705;90
91.2169;0.0118657;90
105.517;0.00247833;90
107.333;0.00476643;90
99.8495;0.00557112;90
75.8066;0.0056608;90
54.3706;0.00355683;90
49.4526;0.00138445;90
16.5453;0.00238787;90
-6.22375;0.00298861;90
-46.7316;0.00355696;90
-61.4123;0.00342108;90
-64.0593;0.00266779;90
-72.2715;0.00107715;90
89.0194;0.00111016;90
-71.1882;0.00447187;90
-66.5359;0.00609282;90
-43.0025;0.00111579;90
8.94019;0.00202055;90
18.3364;0.00220601;90
-79.1869;0.00158311;90
-70.4193;0.00126516;90
32.7262;0.00380856;90
-38.006;0.00291517;90
-73.4708;0.00213002;90
-72.0735;0.00231646;90
-93.8153;0.00303573;90
-89.3745;0.00705342;90
-91.9723;0.00598555;90
-96.042;0.00290715;90
-99.4751;0.00442233;90
-98.5447;0.00426029;90
-96.4257;0.00266273;90
-130.901;0.000850704;90
-150.261;0.00125188;90
-123.97;0.00187019;90
-114.652;0.00282662;90
-118.355;0.00256244;90
-101.826;0.00243978;90
-78.3044;0.00218537;90
-123.28;0.000619616;90
94.6636;0.00290261;90
61.531;0.00394392;90
-84.8;0.000926814;90
-85.2517;0.00124427;90
80.4132;0.000756566;90
89.6297;0.00294006;90
59.3059;0.00386322;90
37.9322;0.000614906;90
30.9051;0.00100464;90
79.9627;0.00135981;90
83.134;0.00430789;90
79.3502;0.00466434;90
83.2712;0.00511221;90
88.1051;0.00495971;90
90.587;0.00449024;90
87.8082;0.00347754;90
94.4532;0.00314249;90
108.118;0.00268513;90
128.104;0.0025912;90
176.02;0.00200283;90
-140.742;0.00278442;90
121.713;0.000956873;90
95.9053;0.00222581;90
-161.078;0.00234365;90
170.304;0.0024226;90
120.345;0.00341251;90
107.176;0.00328134;90
113.225;0.00283254;90
-132.658;0.00143592;90
128.072;0.000791374;90
53.9863;0.00123134;90
-11.6994;0.000576987;90
-45.6357;0.00101971;90
139.058;0.00147873;90
-53.0719;0.0023618;90
-68.3812;0.00722526;90
-57.139;0.00153335;90
6.20189;0.00237892;90
12.5597;0.00221193;90
-90;0.002213;90
21.0079;0.0015286;90
16.3784;0.00289029;90
-37.2325;0.00233865;90
-76.5561;0.00283879;90
-43.4036;0.00276657;90
23.3118;0.00305761;90
-6.67546;0.0024345;90
-20.1948;0.00245066;90
-29.1514;0.00287404;90
-27.8738;0.00240843;90
-20.1829;0.00161731;90
40.7567;0.00280004;90
37.1482;0.00267603;90
-50.2966;0.00287251;90
-51.5313;0.00220066;90
-78.2064;0.00378694;90
-72.1775;0.0053844;90
-70.7904;0.00430362;90
-67.7424;0.00531718;90
-52.5176;0.00486428;90
-57.7691;0.004335;90
-65.0812;0.00688054;90
-63.8113;0.00558313;90
-56.9558;0.00519177;90
-59.6916;0.00460315;90
-62.5215;0.0054983;90
-59.1561;0.00499902;90
-48.452;0.00422768;90
-43.1866;0.00404455;90
-47.55;0.00727909;90
-46.2472;0.00146194;90
-44.2116;0.00344323;90
-55.3031;0.00413537;90
-72.0282;0.00547724;90
-86.9028;0.00549703;90
-88.4002;0.00533708;90
-83.3332;0.00505619;90
-76.1213;0.00520289;90
-55.5361;0.00390184;90
-41.5514;0.00330322;90
-38.7578;0.00264684;90
-51.5961;0.00262234;90
-51.4069;0.00228123;90
-62.924;0.00290879;90
-60.0825;0.00407617;90
-55.9834;0.00214145;90
-57.5665;0.00256749;90
-65.627;0.0023384;90
-64.689;0.00224779;90
-49.9247;0.00369839;90
-50.9911;0.00366515;90
-40.5758;0.00365745;90
-51.7843;0.00286119;90
-66.9745;0.00369432;90
-69.8641;0.0046449;90
-62.1157;0.00458426;90
-41.2022;0.00332009;90
-30.0027;0.00289376;90
-33.1816;0.00303128;90
-33.2132;0.00303237;90
-33.763;0.00305169;90
-55.0385;0.00368745;90
-66.4917;0.00422682;90
-55.3775;0.00339161;90
-31.0947;0.00240099;90
-40.2205;0.00318244;90
-57.8192;0.00335904;90
-47.0908;0.00257771;90
-41.9714;0.00188708;90
-46.0281;0.00228574;90
-59.6916;0.00349348;90
-65.4258;0.0046601;90
-70.3119;0.00506085;90
-84.1831;0.00643313;90
-86.5814;0.00652361;90
-85.4657;0.00593257;90
-81.4638;0.00784187;90
-81.6454;0.00750868;90
-82.083;0.00722385;90
-85.8721;0.00752953;90
-83.7149;0.00780994;90
-77.7989;0.00745233;90
-75.7502;0.00722325;90
-68.5223;0.00654122;90
-65.4948;0.00634559;90
-65.4216;0.00638558;90
-72.8279;0.012698;90
-69.1445;0.00248587;90
-54.7025;0.00413276;90
-18.128;0.00419103;90
-13.9742;0.00380563;90
-9.58752;0.00368649;90
-27.1753;0.00382076;90
-43.7054;0.00450683;90
-71.0623;0.00641524;90
-83.4993;0.00764918;90
-81.7782;0.00485995;90
-77.2364;0.00942386;90
-56.3012;0.00547378;90
-52.1886;0.00529471;90
-49.035;0.00507476;90
-52.2689;0.00502977;90
-47.4686;0.0046953;90
-23.8032;0.00394453;90
-20.007;0.00410365;90
-22.5767;0.00388362;90
-20.5899;0.00317053;90
-39.8855;0.00513992;90
-57.5894;0.00580056;90
-60.2611;0.00596111;90
-60.7258;0.005904;90
-62.8474;0.00623627;90
-72.5831;0.00695906;90
-74.2996;0.00668128;90
-74.8188;0.00632368;90
-79.8085;0.00596817;90
-80.91;0.00703232;90
-80.4483;0.00664107;90
-80.5013;0.00647173;90
-81.6988;0.00639298;90
-86.4491;0.00603859;90
-86.0483;0.00631201;90
-86.2248;0.00666747;90
-86.8672;0.0066239;90
-89.7334;0.00666207;90
-96.342;0.00684388;90
-96.875;0.00656621;90
-96.0419;0.00456033;90
-95.4242;0.00537406;90
-89.1129;0.0049736;90
-62.5168;0.00348871;90
-42.6197;0.00328593;90
-43.2786;0.00291884;90
-44.5718;0.00425761;90
-41.5169;0.00330547;90
-42.7419;0.00358923;90
-54.9017;0.00362273;90
-79.3404;0.00255713;90
-173.24;0.000798552;90
179.152;0.00310934;90
166.978;0.00316437;90
142.105;0.00281825;90
162.767;0.00360168;90
-147.234;0.00402432;90
-126.901;0.0044468;90
-118.881;0.0052134;90
-116.097;0.00530816;90
-107.5;0.00641806;90
-118.758;0.00524832;90
-109.56;0.00315719;90
-43.9095;0.0022292;90
-81.524;0.00346687;90
-102.595;0.00348076;90
-96.9092;0.00418136;90
-88.1725;0.00404506;90
-73.8568;0.00393829;90
-87.5766;0.00650382;90
-103.308;0.00190721;90
-90.8893;0.00322139;90
-121.318;0.00286082;90
-101.832;0.00329195;90
-84.9631;0.00421427;90
-78.5294;0.00377643;90
-80.9237;0.00258638;90
-88.4739;0.00315412;90
-71.4051;0.00294472;90
-82.0641;0.00367217;90
-65.3835;0.00277522;90
-62.7224;0.00201396;90
-77.1078;0.00314631;90
-81.3844;0.00290377;90
-54.9757;0.00217973;90
-68.8378;0.00188084;90
-117.081;0.00263151;90
-109.392;0.0036172;90
-110.209;0.00366779;90
-117.085;0.00325048;90
-170.579;0.00184489;90
-165.763;0.00207782;90
-164.883;0.00182516;90
162.497;0.00149627;90
-155.203;0.000550782;90
-94.2571;0.00142794;90
98.6606;0.000458225;90
67.4054;0.00122069;90
-18.7607;0.00200239;90
17.3017;0.000783449;90
34.1112;0.00139622;90
9.03153;0.00161806;90
11.316;0.00183977;90
64.1362;0.00306946;90
64.3153;0.0030271;90
73.57;0.0038325;90
61.52;0.0026633;90
96.2745;0.00202211;90
130.504;0.00192146;90
102.987;0.00278114;90
101.036;0.00336931;90
118.085;0.00271465;90
110.184;0.00282871;90
98.5322;0.00390927;90
107.391;0.00333233;90
86.0893;0.00319644;90
106.901;0.00223242;90
99.4705;0.00345205;90
96.7777;0.00384688;90
80.6429;0.00340126;90
60.1351;0.00266489;90
83.3439;0.00286431;90
82.5171;0.00369345;90
89.3081;0.00347825;90
104.014;0.00316727;90
102.676;0.00215554;90
101.33;0.00281486;90
85.6413;0.00340786;90
80.1342;0.00289481;90
76.8194;0.00279359;90
94.6621;0.00266983;90
116.336;0.00212339;90
133.423;0.00138787;90
109.152;0.000883926;90
51.1754;0.00146585;90
58.9716;0.00364915;90
68.9835;0.00468999;90
72.5372;0.00568501;90
59.7858;0.00838974;90
68.1462;0.00203095;90
49.9248;0.00206743;90
41.3851;0.00294955;90
17.9949;0.00308806;90
-26.5346;0.00336439;90
-30.9584;0.00367796;90
-3.04561;0.00513826;90
-2.33731;0.00058849;90
-17.374;0.00187871;90
-17.3306;0.00292059;90
-6.13856;0.00282419;90
17.7775;0.00272828;90
47.8859;0.00275272;90
37.717;0.00117693;90
55.8055;0.00107117;90
62.8982;0.000763874;90
65.1973;0.00130872;90
65.9105;0.0018326;90
67.1485;0.00186432;90
67.4686;0.00119523;90
65.937;0.000983466;90
63.7327;0.000946764;90
70.3723;0.00103302;90
71.5651;0.00104988;90
67.2987;0.00102869;90
66.735;0.000792435;90
57.302;0.000833007;90
50.9868;0.000861002;90
26.9958;0.000594811;90
11.7137;0.000556591;90
22.3741;0.000520159;90
-5.89893;0.000544885;90
-2.8778;0.000557703;90
-34.9844;0.000613932;90
-30.8053;0.00123994;90
-21.3706;0.000691549;90
-33.4248;0.000599083;90
-41.6512;0.00107735;90
-57.6688;0.00178941;90
-53.0255;0.0012054;90
-59.3834;0.00203813;90
-48.3577;0.00162985;90
-49.1839;0.0020256;90
-61.5922;0.00340729;90
-69.5441;0.00401733;90
-66.197;0.00207883;90
47.0044;0.00151626;90
-13.8691;0.002161;90
-15.2215;0.00239191;90
18.4089;0.00208995;90
28.6437;0.0024783;90
13.5333;0.002017;90
-19.0029;0.00213749;90
-36.9137;0.0023526;90
-11.7257;0.00175666;90
-63.2971;0.00297308;90
-46.1818;0.00274274;90
-47.6524;0.00177249;90
-74.9578;0.00226563;90
-61.1605;0.00209595;90
-13.8778;0.00210546;90
-38.3657;0.0020687;90
26.6897;0.00123342;90
67.4268;0.00188869;90
68.8564;0.00244243;90
60.0042;0.00322841;90
45.3394;0.00250674;90
-43.5928;0.00215945;90
-34.7437;0.00134232;90
45.6519;0.00111872;90
59.2526;0.00313347;90
24.5123;0.000624264;90
52.4118;0.00106888;90
40.4041;0.000882478;90
37.4114;0.00088884;90
33.1225;0.000559997;90
29.7542;0.000763682;90
28.2193;0.000619649;90
28.9817;0.000763626;90
54.725;0.00441211;90
58.9326;0.00104254;90
63.6895;0.0023148;90
56.1621;0.000752453;90
40.6886;0.000997014;90
-7.65976;0.000465151;90
18.4713;0.000498691;90
7.66939;0.00126633;90
-58.8733;0.00174878;90
-36.8699;0.00083;90
-37.5737;0.000683852;90
-41.876;0.000804469;90
-105.697;0.00246908;90
-46.0721;0.00173837;90
97.0182;0.00365841;90
146.491;0.000791561;90
131.273;0.00285001;90
145.196;0.000599189;90
-164.566;0.000954419;90
-154.639;0.00151057;90
-128.826;0.00140042;90
-117.874;0.0021539;90
-114.344;0.00256178;90
-128.865;0.00240166;90
-158.419;0.00149802;90
-144.638;0.00114039;90
-145.154;0.00122336;90
-135.371;0.00152738;90
-130.512;0.00139161;90
-133.863;0.00142581;90
-123.607;0.00230173;90
156.211;0.0013759;90
134.166;0.00194334;90
-156.612;0.00150898;90
-121.774;0.00291131;90
-115.426;0.00207056;90
-111.992;0.0017331;90
-112.682;0.00206685;90
-172.41;0.0016202;90
150.403;0.00220696;90
154.454;0.00193629;90
106.745;0.00180138;90
114.743;0.00261618;90
134.896;0.00272307;90
119.167;0.00346769;90
157.184;0.00208624;90
147.529;0.00237299;90
164.032;0.00242455;90
-170.955;0.00221353;90
-161.921;0.00432134;90
-178.102;0.000664364;90
-173.187;0.000615345;90
167.714;0.000897558;90
158.897;0.000822134;90
161.127;0.00107584;90
-137.797;0.000768126;90
-126.87;0.00094;90
110.897;0.00354091;90
111.117;0.004244;90
126.047;0.00171298;90
131.047;0.00132332;90
129.72;0.00163683;90
124.061;0.001498;90
126.97;0.0014832;90
123.089;0.00243249;90
129.979;0.000848248;90
136.169;0.00131691;90
156.315;0.00123721;90
157.287;0.00203046;90
-153.957;0.00147363;90
-132.137;0.00199583;90
-112.872;0.00396473;90
-112.552;0.00446654;90
-115.997;0.00464722;90
-133.977;0.00399933;90
-159.598;0.00353688;90
171.909;0.00287057;90
164.295;0.00300726;90
149.405;0.00181346;90
110.085;0.00419618;90
137.304;0.00425739;90
138.792;0.00441565;90
136.701;0.00433506;90
135.973;0.00437126;90
126.894;0.0038262;90
96.5332;0.00449117;90
85.1815;0.00649997;90
82.9955;0.0127925;90
87.1403;0.00312689;90
86.0029;0.00470545;90
90.8212;0.00718674;90
93.4461;0.00658791;90
93.4659;0.00676537;90
93.1784;0.00672735;90
96.526;0.00711812;90
99.4324;0.0081948;90
99.9426;0.00766817;90
99.5732;0.00662628;90
100.193;0.00644776;90
104.22;0.00635059;90
106.379;0.00630173;90
106.733;0.00626945;90
115.779;0.00560367;90
120.058;0.00506516;90
119.725;0.00508629;90
119.027;0.00580975;90
127.492;0.00467588;90
147.965;0.00386094;90
158.838;0.00356223;90
158.436;0.00358061;90
158.109;0.00355644;90
158.166;0.00356257;90
131.43;0.00450807;90
128.197;0.00456042;90
133.633;0.00435631;90
127.071;0.00472623;90
130.592;0.00410346;90
114.814;0.00529927;90
103.965;0.00624457;90
97.2481;0.00583362;90
96.3166;0.00804383;90
108.387;0.00608359;90
131.749;0.00445133;90
150.088;0.00366177;90
170.188;0.00336827;90
165.75;0.00617912;90
165.753;0.00125149;90
145.323;0.00359083;90
114.388;0.00543936;90
104.82;0.00641543;90
108.882;0.00608124;90
114.669;0.00547466;90
114.871;0.0055519;90
113.48;0.0057828;90
105.653;0.00633392;90
102.884;0.00630987;90
100.617;0.00700186;90
93.8343;0.0067892;90
96.3393;0.00687403;90
98.4782;0.00651823;90
98.0921;0.00661385;90
96.1598;0.00547058;90
96.7914;0.007839;90
93.17;0.00676335;90
94.4388;0.00646038;90
107.385;0.00548874;90
116.704;0.00499137;90
123.489;0.00371346;90
136.206;0.00262112;90
131.795;0.0034405;90
126.3;0.00335637;90
138.576;0.00308333;90
144.076;0.00306622;90
122.514;0.00393116;90
114.224;0.00469653;90
135.471;0.00378881;90
149.244;0.00350614;90
147.509;0.00379026;90
146.526;0.00375479;90
144.458;0.00283156;90
112.786;0.00734849;90
112.275;0.00555341;90
132.685;0.00376417;90
132.61;0.00367945;90
131.84;0.00343752;90
130.227;0.00340805;90
108.641;0.00237457;90
116.489;0.00303569;90
126.701;0.00305201;90
122.667;0.00220473;90
121.623;0.00594471;90
119.95;0.00267408;90
134.616;0.00231936;90
136.206;0.00245208;90
138.809;0.00341651;90
120.939;0.0047265;90
98.07;0.00660339;90
92.8456;0.00630477;90
93.877;0.00653696;90
107.096;0.00568416;90
123.208;0.00382341;90
135.15;0.00323432;90
137.805;0.00312067;90
131.028;0.00420607;90
135.602;0.00417499;90
136.334;0.00400897;90
123.339;0.00479631;90
116.635;0.00551415;90
118.16;0.00522101;90
126.775;0.00458181;90
121.566;0.00327803;90
113.613;0.00766692;90
115.27;0.00524492;90
127.161;0.00448966;90
123.75;0.00474463;90
109.857;0.00541391;90
109.059;0.00459063;90
106.916;0.00380461;90
110.897;0.00245873;90
113.942;0.00346954;90
145.054;0.00278277;90
-132.225;0.00325722;90
-163.052;0.00242533;90
152.118;0.00328878;90
152.556;0.00285758;90
159.234;0.00255819;90
176.835;0.00215529;90
-158.936;0.00204783;90
-173.849;0.00181042;90
118.572;0.00274534;90
112.194;0.0020596;90
140.976;0.00299532;90
-148.102;0.00298825;90
-137.479;0.00134051;90
87.681;0.00274325;90
174.856;0.00152815;90
-163.183;0.00265453;90
129.325;0.00273151;90
111.676;0.00304857;90
110.488;0.00287699;90
115.46;0.00234249;90
-120.079;0.00176579;90
94.2948;0.00101485;90
-125.714;0.00124885;90
-167.966;0.000853762;90
131.322;0.00119039;90
130.809;0.000899725;90
128.043;0.00104502;90
133.668;0.000669104;90
95.4377;0.00204721;90
71.173;0.00106287;90
110.488;0.0014828;90
147.041;0.000999928;90
131.731;0.000682054;90
-69.8936;0.00468343;90
-78.7797;0.00125397;90
-58.9032;0.00140372;90
-34.1878;0.00210711;90
74.3552;0.00086401;90
60.3595;0.000816894;90
57.3744;0.00122416;90
-29.463;0.000504207;90
-35.3087;0.000785492;90
-64.6125;0.0116645;90
11.0082;0.00402201;90
-94.993;0.00149367;90
14.7292;0.00142379;90
18.7562;0.00287677;90
-39.2909;0.00265137;90
69.3142;0.000982329;90
74.6584;0.00366251;90
83.9998;0.00102361;90
68.9347;0.00251508;90
74.9255;0.00211477;90
86.5476;0.00164398;90
91.7935;0.00792388;90
66.5323;0.00103457;90
100.867;0.0023868;90
107.813;0.00241897;90
48.0338;0.00101541;90
32.4417;0.00208783;90
68.3654;0.00197729;90
63.0578;0.00285373;90
98.6992;0.0023207;90
113.205;0.00223589;90
-108.197;0.00160107;90
64.0439;0.00100987;90
-50.9727;0.00146104;90
-81.3872;0.00182963;90
-114.28;0.0063255;90
-133.411;0.0011219;90
159.505;0.000879682;90
-76.3762;0.00208877;90
-79.1875;0.00284654;90
-91.9789;0.000984587;90
-128.985;0.000715287;90
-89.639;0.00730014;90
-91.834;0.00190598;90
-95.3624;0.00163716;90
144.346;0.00137591;90
135.186;0.00218214;90
147.837;0.00211333;90
-110.786;0.0050101;90
-84.6239;0.00114202;90
-96.1023;0.00154274;90
-168.219;0.0012391;90
-124.176;0.00340376;90
-179.815;0.000618003;90
-173.167;0.00192467;90
146.296;0.00225985;90
119.191;0.00319243;90
111.756;0.0027897;90
124.207;0.00310756;90
-103.216;0.000949139;90
105.363;0.000418971;90
-38.3985;0.00301387;90
-69.1304;0.00151863;90
-74.1117;0.00234145;90
-56.6373;0.00223298;90
-37.5686;0.00173853;90
16.1674;0.00195012;90
14.4672;0.0017092;90
-80.9418;0.00247081;90
28.7787;0.00187567;90
18.5779;0.00228191;90
-40.5936;0.00241129;90
-66.569;0.00148876;90
-72.6998;0.00241108;90
-83.8382;0.000922329;90
-93.1735;0.00303465;90
-86.8479;0.00389189;90
-91.5951;0.00481387;90
-92.4547;0.00471633;90
-98.7059;0.00519283;90
-98.7236;0.00424612;90
-97.6224;0.00437264;90
-141.215;0.000783838;90
-152.88;0.000831409;90
-142.246;0.00124455;90
-114.418;0.00288834;90
-114.41;0.00263998;90
-117.511;0.0024117;90
-78.2933;0.00212418;90
-104.949;0.00103503;90
56.0618;0.00051227;90
104.802;0.00243067;90
62.7876;0.00621488;90
70.0205;0.00136091;90
53.5538;0.00164965;90
30.3403;0.00122937;90
38.5526;0.000667488;90
83.6183;0.00213221;90
82.1556;0.00371476;90
79.7822;0.00400248;90
83.0643;0.00457951;90
89.0194;0.00894031;90
91.1532;0.00154031;90
89.5061;0.0026681;90
88.1278;0.00315268;90
107.6;0.00271194;90
123.977;0.00221162;90
152.086;0.00243083;90
-142.299;0.00263268;90
-157.053;0.00107725;90
88.5585;0.00274287;90
-168.998;0.00204356;90
-175.096;0.00257342;90
122.654;0.0036974;90
107.619;0.00364078;90
112.482;0.00262555;90
-127.503;0.00128448;90
144.536;0.000635991;90
60.6659;0.00171259;90
-53.6428;0.000894036;90
-70.9676;0.00573131;90
-65.6355;0.00143259;90
-55.5514;0.00295404;90
4.99374;0.00248142;90
13.5489;0.00213851;90
-85.32;0.00238997;90
35.3975;0.00270869;90
-14.707;0.00263121;90
18.5382;0.00193121;90
78.7819;0.00195842;90
78.9161;0.00178938;90
-103.211;0.00417447;90
-98.1171;0.00186266;90
136.903;0.0022364;90
-179.219;0.00293327;90
-131.308;0.00239358;90
-155.582;0.00269725;90
-161.903;0.00418187;90
-161.356;0.00416664;90
-116.585;0.00636832;90
-134.871;0.00535352;90
-135.792;0.00547565;90
-126.819;0.0058936;90
-128.439;0.00591622;90
-130.565;0.0139548;90
-133.148;0.00282212;90
-130.423;0.00574163;90
-124.138;0.00613878;90
-130.357;0.00564285;90
-136.558;0.0052805;90
-127.088;0.00576904;90
-128.168;0.00577208;90
-164.106;0.00432329;90
179.96;0.004284;90
-174.077;0.00371181;90
-154.615;0.00534176;90
-120.97;0.0063235;90
-113.361;0.00712944;90
-113.874;0.00700214;90
-114.096;0.00701748;90
-117.406;0.00661321;90
-124.305;0.00614616;90
-123.448;0.00636635;90
-113.273;0.00672959;90
-104.258;0.00800665;90
-98.7101;0.00834019;90
-99.3602;0.0148487;90
-105.745;0.00361151;90
-107.253;0.00565757;90
-104.271;0.00764697;90
-102.374;0.00548337;90
-102.853;0.00291299;90
-93.3536;0.00157269;90
131.668;0.00150869;90
123.801;0.0048822;90
124.175;0.00494367;90
135.226;0.00215528;90
119.711;0.0036176;90
123.772;0.00483006;90
123.757;0.00828723;90
149.198;0.001035;90
141.548;0.00240572;90
146.064;0.00317236;90
137.505;0.00342992;90
122.298;0.00375615;90
114.502;0.00375187;90
111.746;0.00365727;90
121.809;0.00185925;90
116.687;0.00168108;90
116.557;0.00313139;90
119.749;0.00356711;90
122.526;0.00394473;90
125.845;0.00335554;90
120.729;0.00503147;90
125.973;0.00549367;90
117.492;0.0129154;90
114.277;0.00292353;90
113.665;0.00453429;90
113.435;0.00684677;90
108.554;0.0073131;90
106.927;0.00564662;90
109.375;0.0084071;90
106.758;0.00752976;90
102.691;0.00760171;90
99.3714;0.00735719;90
98.1269;0.00761144;90
99.1592;0.00755128;90
107.724;0.0121045;90
112.739;0.00278116;90
121.623;0.00435224;90
131.277;0.00468244;90
135.598;0.00535663;90
131.84;0.00527243;90
114.456;0.00636727;90
105.876;0.00659455;90
98.4693;0.00829041;90
100.287;0.00786237;90
102.179;0.0074466;90
103.677;0.00735868;90
103.872;0.00779537;90
104.027;0.00733573;90
104.152;0.00734593;90
114.149;0.0107991;90
116.108;0.00252236;90
115.737;0.00556839;90
115.824;0.00626241;90
116.236;0.00639481;90
112.977;0.0115688;90
101.718;0.00324973;90
97.2075;0.006201;90
94.2936;0.00743988;90
116.026;0.00537396;90
152.266;0.00377124;90
177.329;0.00304731;90
115.793;0.00341747;90
104.124;0.00428658;90
103.222;0.00490093;90
107.452;0.0037779;90
112.768;0.00285009;90
114.562;0.00557882;90
114.258;0.0051431;90
108.678;0.00305068;90
99.3647;0.00597969;90
97.8486;0.00742556;90
97.7895;0.00751837;90
93.4379;0.00730414;90
85.3229;0.00714981;90
87.3661;0.00689829;90
101.588;0.00649642;90
114.764;0.00569137;90
105.373;0.00644665;90
98.9539;0.00668851;90
98.3305;0.0114023;90
98.4633;0.00663829;90
95.2259;0.00279964;90
94.4522;0.00649259;90
97.6565;0.00667249;90
103.23;0.00646664;90
100.424;0.00649418;90
98.1402;0.00718944;90
97.8209;0.00518826;90
100.255;0.00570108;90
101.478;0.00666837;90
101.684;0.00742178;90
101.936;0.00748993;90
108.297;0.00693774;90
109.108;0.00694674;90
108.916;0.00701165;90
109.727;0.00709859;90
110.081;0.00702189;90
111.764;0.00633778;90
112.279;0.00636734;90
119.529;0.00303528;90
-142.168;0.00153582;90
-145.129;0.0027985;90
-156.818;0.00265213;90
-176.579;0.00239627;90
179.185;0.00175818;90
144.025;0.00194744;90
137.72;0.00230989;90
126.203;0.00252437;90
119.145;0.00196705;90
131.532;0.00219747;90
134.338;0.000857071;90
119.752;0.0010378;90
125.696;0.00130767;90
98.8588;0.000889612;90
66.9772;0.00196882;90
64.9411;0.00107189;90
67.1663;0.00150493;90
117.033;0.00136852;90
102.177;0.00146496;90
66.6388;0.00189647;90
44.3147;0.000591184;90
-18.8279;0.00156789;90
-62.2115;0.00347698;90
-90;0.001626;90
-128.511;0.00114507;90
-119.185;0.00570302;90
140.076;0.00481945;90
93.2533;0.000951533;90
-166.64;0.000493352;90
110.777;0.00115298;90
-35.8293;0.0012334;90
-44.1731;0.00137193;90
-44.0797;0.00105655;90
46.8993;0.000960071;90
63.4572;0.00115247;90
67.9985;0.00196727;90
106.579;0.00100582;90
118.343;0.00119643;90
85.5108;0.000970979;90
66.1163;0.00132878;90
64.1249;0.000891361;90
67.9304;0.000833038;90
-38.7491;0.00160406;90
-60.9861;0.00259576;90
-56.8164;0.00144339;90
-66.4013;0.00139136;90
-76.785;0.00128606;90
-109.29;0.000233086;90
-106.017;0.00505941;90
-42.1457;0.00325178;90
-51.1346;0.000827102;90
-57.9173;0.00141393;90
-35.2075;0.00163389;90
-35.8265;0.000691915;90
-24.9548;0.0018938;90
-19.7595;0.00142277;90
0.2384;0.00144201;90
-61.6456;0.00151814;90
29.3704;0.00197368;90
38.5647;0.00206931;90
43.4941;0.000672691;90
-63.5816;0.00366806;90
-67.5553;0.00598757;90
-68.7201;0.00656887;90
-69.3805;0.00549181;90
-71.2935;0.00787289;90
-70.0922;0.00688972;90
-70.6776;0.00677884;90
-71.6597;0.00612408;90
-76.246;0.00782745;90
-77.9912;0.00744493;90
-77.443;0.00726272;90
-80.7083;0.00756222;90
-83.2477;0.00749297;90
-80.6238;0.00831104;90
-76.2645;0.00633002;90
-82.7833;0.00759416;90
-84.6638;0.00881721;90
-82.5247;0.00770952;90
-81.4297;0.0076029;90
-81.202;0.00755793;90
-78.9175;0.00736128;90
-68.3393;0.00597384;90
-74.1547;0.00762888;90
-90.1404;0.00775302;90
-94.6837;0.00672345;90
-86.8385;0.00864916;90
-81.8455;0.00696543;90
-82.846;0.00832682;90
-80.2176;0.00482617;90
-68.0769;0.00192307;90
-67.2018;0.00454725;90
-67.0606;0.0058344;90
-66.3132;0.00388313;90
-61.9183;0.00256835;90
-79.1519;0.00508487;90
-75.397;0.00470809;90
-66.0866;0.00426293;90
-7.5536;0.00295161;90
-24.2526;0.00356899;90
-64.9905;0.00558463;90
-84.1194;0.00777894;90
-81.9817;0.00768513;90
-71.8197;0.0071152;90
-64.9041;0.00657575;90
-62.8809;0.00666022;90
-64.9668;0.00613975;90
-64.445;0.00540363;90
-64.0541;0.00620769;90
-66.8639;0.00637795;90
-75.2008;0.00681197;90
-72.7273;0.00525394;90
-78.3044;0.00839122;90
-76.8749;0.00710768;90
-71.2144;0.00501199;90
-80.7962;0.00849031;90
-80.2871;0.0136091;90
-76.3901;0.00296629;90
-71.514;0.00497047;90
-61.21;0.00555232;90
-44.9119;0.00460044;90
-43.6957;0.00472187;90
-51.07;0.00493499;90
-60.2869;0.00559459;90
-69.0633;0.00644771;90
-78.1393;0.0117304;90
-80.5688;0.00272787;90
-81.0604;0.0120018;90
-81.1487;0.00252811;90
-72.1652;0.00440782;90
-77.3642;0.00865359;90
-71.1506;0.00664538;90
-73.3159;0.00651006;90
-72.1547;0.00657536;90
-68.4594;0.00660748;90
-66.1036;0.00528285;90
-65.0492;0.00669924;90
-64.1515;0.00454136;90
-65.611;0.00578306;90
-55.1383;0.00417777;90
-52.9741;0.00484742;90
-56.6713;0.00483764;90
-57.3027;0.00462606;90
-58.8008;0.00363117;90
-63.4541;0.00267836;90
-67.8215;0.00242653;90
-57.2873;0.00198362;90
-64.4384;0.00273245;90
-69.756;0.00384661;90
-58.7205;0.00488624;90
-49.1274;0.003527;90
-30.3575;0.00330633;90
-37.4912;0.00293277;90
-54.2408;0.00351826;90
-55.8993;0.0044502;90
-52.5238;0.00396922;90
-56.4524;0.0035684;90
-51.6855;0.00194362;90
-55.8358;0.00298273;90
-58.276;0.00438166;90
-52.3073;0.00413623;90
3.83346;0.00137608;90
76.2283;0.00551556;90
77.3679;0.0069779;90
75.7194;0.0063688;90
73.1986;0.0070886;90
78.8138;0.00717532;90
82.7434;0.00788516;90
81.7426;0.00770084;90
74.3678;0.00726264;90
68.326;0.00668245;90
61.6005;0.00546238;90
42.2583;0.00224693;90
58.2191;0.0103062;90
65.6459;0.00659594;90
66.2047;0.00650606;90
67.4085;0.00669254;90
65.1355;0.00658544;90
56.817;0.00372912;90
20.3638;0.00572159;90
-1.88982;0.00385109;90
6.35495;0.0038577;90
20.4311;0.00429413;90
46.6708;0.0052143;90
54.1748;0.00581397;90
45.9719;0.0090459;90
54.8253;0.00218376;90
56.627;0.00511192;90
54.5838;0.00586529;90
48.7217;0.0055448;90
46.9842;0.00510554;90
48.4393;0.00542196;90
51.8949;0.00912972;90
56.8452;0.00187053;90
65.3605;0.00312779;90
95.6542;0.00262879;90
90.5241;0.00546623;90
92.2169;0.00540304;90
103.277;0.00490305;90
107.947;0.00449471;90
96.6329;0.00382661;90
31.7873;0.000835284;90
-32.1934;0.000775181;90
7.95267;0.00100466;90
-45.8619;0.000893177;90
8.90588;0.000490919;90
92.2836;0.000978777;90
96.3009;0.000965834;90
99.6158;0.000981794;90
96.2994;0.00108455;90
92.3396;0.00102886;90
95.9213;0.00181267;90
80.3784;0.00100514;90
67.1636;0.00205617;90
13.4425;0.000795802;90
22.9259;0.00195872;90
6.35322;0.00194293;90
-26.1257;0.00256619;90
-54.6894;0.00328542;90
-61.7243;0.00139324;90
-42.9654;0.00187218;90
-93.2418;0.00102564;90
-63.6305;0.0020961;90
120.427;0.00789425;90
-131.774;0.0162099;90
-82.3968;0.0220842;90
-104.291;0.00463442;90
-137.213;0.0015384;90
-131.093;0.00371529;90
-129.598;0.00541574;90
-130.691;0.0053545;90
-127.791;0.00553372;90
-132.728;0.00527917;90
-130.2;0.00530636;90
-123.64;0.00600574;90
-130.7;0.00571537;90
-136.703;0.00502055;90
-128.7;0.00539955;90
-124.532;0.00579502;90
-168.835;0.00711159;90
-179.551;0.00165905;90
-173.914;0.00613056;90
-140.467;0.00503984;90
-115.805;0.00664349;90
-112.42;0.00702174;90
-113.519;0.00669082;90
-115.538;0.00651337;90
-118.181;0.00739001;90
-125.067;0.00220529;90
-124.336;0.00924383;90
-111.918;0.0028209;90
-106.369;0.0122381;90
-97.6804;0.00870207;90
-97.8774;0.00804794;90
-102.888;0.0091823;90
-109.458;0.00340126;90
-105.487;0.00569996;90
-103.435;0.00669726;90
-102.878;0.00594043;90
-90.721;0.00119209;90
139.107;0.00134271;90
125.425;0.0047185;90
124.08;0.00456862;90
126.125;0.00227799;90
120.985;0.00272717;90
125.218;0.00439063;90
123.534;0.00458517;90
125.577;0.00405983;90
134.799;0.00342595;90
145.182;0.00353607;90
141.515;0.00322188;90
126.35;0.00377076;90
115.944;0.00424699;90
113.961;0.00328728;90
115.56;0.00175916;90
128.228;0.00173889;90
110.697;0.00294828;90
116.251;0.00277634;90
115.883;0.00413255;90
120.989;0.0313999;90
115.936;0.00268657;90
113.463;0.00384272;90
112.228;0.00738048;90
107.88;0.00764105;90
107.628;0.00789889;90
106.942;0.00751201;90
105.941;0.00816705;90
100.868;0.00845972;90
97.3216;0.00852955;90
99.0861;0.00756087;90
103.652;0.00712634;90
110.449;0.00627974;90
119.033;0.00569115;90
130.817;0.00540963;90
134.32;0.00560209;90
131.696;0.0061472;90
112.09;0.00718223;90
100.426;0.0075039;90
100.32;0.00739056;90
99.5521;0.00723735;90
103.266;0.00705115;90
103.928;0.00657637;90
103.796;0.007695;90
104.478;0.00834396;90
104.576;0.00814204;90
115.748;0.00692894;90
115.484;0.00552228;90
116.064;0.00552151;90
115.859;0.00685765;90
115.92;0.00699129;90
113.382;0.00725695;90
103.478;0.00721675;90
94.8013;0.00720428;90
98.666;0.0066833;90
123.241;0.0047395;90
166.058;0.00310034;90
178.045;0.00246243;90
115.88;0.0040024;90
104.535;0.00592877;90
103.782;0.00595649;90
114.341;0.00267367;90
114.525;0.00541338;90
113.746;0.00542859;90
111.335;0.0032819;90
99.9448;0.00472499;90
97.9077;0.00823531;90
97.713;0.00815881;90
93.3599;0.00871899;90
84.8982;0.00879384;90
92.9703;0.00750709;90
111.101;0.00834986;90
105.147;0.00786836;90
98.4376;0.00787827;90
99.144;0.00636185;90
98.5051;0.00650453;90
95.1118;0.0108642;90
95.2395;0.00321945;90
98.8099;0.00697327;90
101.045;0.0146157;90
97.2395;0.0024838;90
98.1638;0.00626044;90
99.3204;0.00690313;90
101.88;0.006723;90
102.344;0.00699778;90
102.73;0.00761517;90
108.346;0.00693235;90
109.598;0.00698248;90
109.79;0.0110761;90
109.102;0.00271658;90
109.442;0.00593651;90
111.105;0.00650427;90
112.949;0.00599879;90
117.282;0.00311106;90
167.418;0.000821733;90
-143.057;0.0029916;90
-143.595;0.00216687;90
-172.388;0.00234769;90
-179.471;0.00184208;90
-170.362;0.00123037;90
142.383;0.00165634;90
143.503;0.00184604;90
127.405;0.0023113;90
125.28;0.00227848;90
122.002;0.00195866;90
137.355;0.00151449;90
119.515;0.000990549;90
136.236;0.00236087;90
131.482;0.00134817;90
-99.8286;0.00151727;90
-47.3654;0.0032038;90
38.9986;0.000554583;90
63.1942;0.00329957;90
-55.4915;0.00266006;90
-26.5523;0.00200441;90
-23.9742;0.000989353;90
-44.7118;0.00140575;90
-58.8157;0.00191582;90
-35.1042;0.00150592;90
-4.5356;0.000417307;90
-40.3815;0.00231835;90
-3.7544;0.00281003;90
-57.2478;0.00121995;90
22.4811;0.00225431;90
49.3756;0.00215021;90
-49.1358;0.00132362;90
-63.546;0.00438404;90
-68.4687;0.00579004;90
-67.9548;0.00606654;90
-71.0828;0.00582354;90
-70.4141;0.00612435;90
-70.3794;0.00614372;90
-70.2244;0.0104747;90
-71.9779;0.00258902;90
-76.5679;0.00644016;90
-78.0103;0.00712442;90
-77.5444;0.00764084;90
-79.844;0.0073329;90
-81.7043;0.00748532;90
-81.5557;0.00750435;90
-78.9064;0.0149106;90
-85.1124;0.0164317;90
-81.2808;0.00306745;90
-79.7448;0.00392063;90
-80.6008;0.0171695;90
-72.4229;0.00418226;90
-72.4368;0.0136136;90
-96.2181;0.00253894;90
-93.1303;0.0152177;90
-83.9439;0.0045876;90
-82.2167;0.00726594;90
-81.4607;0.00732723;90
-75.3876;0.00571588;90
-68.0138;0.00166941;90
-66.1055;0.00299466;90
-66.8448;0.00451143;90
-65.4634;0.00394197;90
-67.3844;0.00312315;90
-79.2419;0.00551798;90
-75.2869;0.00431137;90
-62.5906;0.00421858;90
-4.21795;0.00286877;90
-24.379;0.00357584;90
-63.7832;0.00537158;90
-83.459;0.0074354;90
-84.2433;0.00741741;90
-73.9344;0.00654772;90
-64.7543;0.0058851;90
-63.6792;0.0058751;90
-64.1768;0.00607904;90
-64.3233;0.00614366;90
-63.1577;0.00600838;90
-69.1372;0.0057928;90
-69.7987;0.00672999;90
-75.5857;0.00690951;90
-75.9658;0.00670102;90
-76.7338;0.0067676;90
-74.9544;0.00698029;90
-78.5723;0.0130721;90
-81.6776;0.00345438;90
-80.5293;0.00674595;90
-75.5539;0.00637351;90
-57.1494;0.00952162;90
-49.006;0.00112351;90
-44.2307;0.00400259;90
-50.3124;0.00888975;90
-64.5079;0.00188668;90
-65.8788;0.00458319;90
-71.3079;0.00605962;90
-77.7188;0.00665223;90
-82.3944;0.00689062;90
-81.0749;0.00727711;90
-80.3655;0.00694901;90
-76.4534;0.00661298;90
-72.5966;0.0101004;90
-72.6087;0.00265644;90
-72.238;0.00578895;90
-72.2751;0.00630322;90
-69.8395;0.00615405;90
-66.2005;0.00574668;90
-65.5801;0.0092835;90
-65.4795;0.00551542;90
-57.0649;0.00503046;90
-53.2188;0.00477821;90
-56.6789;0.00508255;90
-58.3012;0.00489291;90
-57.9311;0.0043037;90
-63.0188;0.002894;90
-67.9305;0.00269874;90
-52.3212;0.0019976;90
-66.551;0.00354583;90
-66.2064;0.00499451;90
-55.45;0.00461979;90
-37.8026;0.00353867;90
-34.8457;0.00298406;90
-38.9833;0.00165953;90
-49.8676;0.00336666;90
-55.7783;0.00412521;90
-55.8979;0.00431984;90
-55.2311;0.00378595;90
-49.8317;0.00177975;90
-57.8818;0.00333667;90
-55.7195;0.00406395;90
-56.087;0.00384993;90
6.86623;0.00145544;90
76.5931;0.00516681;90
77.0831;0.00624503;90
74.8882;0.00638272;90
73.8458;0.00648401;90
77.655;0.00706741;90
81.8834;0.00718194;90
82.8014;0.00734187;90
77.6957;0.00708576;90
70.9657;0.00646974;90
63.103;0.00594402;90
55.1918;0.005259;90
56.322;0.0052838;90
61.712;0.00577122;90
64.7346;0.00640798;90
66.5043;0.00630581;90
66.9426;0.0062351;90
66.0942;0.00595704;90
49.0157;0.00470533;90
22.931;0.00385244;90
1.76634;0.0035687;90
2.23159;0.00356971;90
15.7268;0.00342003;90
27.4605;0.00334825;90
53.9806;0.00420366;90
53.6089;0.00430815;90
42.9913;0.00413558;90
43.6382;0.00452252;90
54.2295;0.00514935;90
55.9098;0.00504373;90
56.0912;0.00523058;90
48.7658;0.00469401;90
44.118;0.00441004;90
49.5924;0.00481317;90
49.2818;0.00467855;90
51.5886;0.00486236;90
59.1196;0.00471313;90
75.9364;0.00254323;90
93.5153;0.00397949;90
87.7116;0.00515911;90
95.7015;0.0049927;90
107.282;0.00512329;90
104.815;0.00465784;90
85.1923;0.00237435;90
-18.3402;0.00095659;90
-33.0992;0.000860663;90
-13.8449;0.000580876;90
-5.26915;0.000555347;90
26.5138;0.000499538;90
96.0718;0.00176792;90
99.9287;0.00117155;90
95.8053;0.00132479;90
94.4175;0.00163586;90
97.2335;0.00157252;90
61.0094;0.00191266;90
42.0358;0.00105288;90
21.1391;0.00202421;90
5.84048;0.00197525;90
-22.8871;0.00202871;90
-48.9067;0.00279178;90
-60.7842;0.0027269;90
-62.6462;0.002209;90
-61.716;0.00162501;90
-70.0744;0.000850941;90
130.67;0.000449589;90
-65.165;0.0105617;90
-13.1456;0.0017632;90
17.2227;0.00221219;90
0.918816;0.00106014;90
-87.4427;0.00224123;90
34.3699;0.00238427;90
0.218778;0.00235702;90
-42.5064;0.00175529;90
65.9487;0.00262051;90
75.5312;0.00247345;90
74.551;0.001633;90
76.6665;0.00211604;90
76.3959;0.00176862;90
88.8364;0.00167435;90
88.4839;0.00937328;90
104.042;0.00223375;90
102.378;0.00537393;90
101.203;0.00663442;90
102.775;0.00677881;90
101.42;0.00539379;90
98.6424;0.0041127;90
77.7715;0.00469759;90
82.1424;0.00454972;90
99.6329;0.00601785;90
107.293;0.00664748;90
133.607;0.00473972;90
119.111;0.00566911;90
106.064;0.00632808;90
94.3622;0.0066262;90
88.2579;0.00378275;90
80.7247;0.00433062;90
80.003;0.00542639;90
80.2724;0.00514903;90
85.1158;0.00560234;90
85.861;0.00527877;90
86.7756;0.00556481;90
97.4434;0.00515645;90
117.527;0.00442267;90
114.019;0.00518385;90
106.257;0.00502596;90
118.637;0.00366194;90
130.946;0.00362096;90
171.406;0.00266998;90
-154.701;0.00297425;90
-172.141;0.00296182;90
156.98;0.00303792;90
145.825;0.00314388;90
146.609;0.00281459;90
157.991;0.00276985;90
-172.522;0.00279679;90
-173.595;0.00304802;90
-172.067;0.00287653;90
-168.414;0.00280822;90
-140.344;0.00313551;90
-116.4;0.00418773;90
-121.26;0.00397745;90
-124.395;0.00401134;90
-118.435;0.00449421;90
-118.209;0.00480013;90
-127.817;0.00408876;90
-134.864;0.00387142;90
-146.396;0.00459847;90
-128.293;0.00509777;90
-113.89;0.00498292;90
-117.411;0.00336252;90
-149.288;0.00241815;90
176.112;0.00237446;90
164.14;0.00293471;90
162.237;0.0033728;90
163.937;0.00334666;90
156.015;0.0034072;90
139.288;0.00368869;90
125.256;0.00448698;90
117.169;0.00500415;90
111.179;0.00552198;90
117.631;0.00473726;90
130.552;0.00414836;90
129.378;0.00428731;90
132.892;0.00420943;90
134.047;0.00399429;90
124.418;0.00456278;90
121.518;0.004589;90
121.32;0.00452079;90
112.993;0.00541196;90
109.598;0.0053425;90
123.063;0.00440653;90
145.19;0.00343342;90
160.755;0.00326443;90
149.015;0.00186865;90
143.534;0.00519393;90
143.261;0.00351401;90
156.814;0.00310369;90
164.163;0.00313293;90
159.563;0.00303289;90
145.496;0.00329941;90
131.991;0.00401483;90
115.501;0.00442952;90
116.749;0.00432368;90
124.585;0.00397796;90
114.753;0.00448288;90
131.648;0.00373638;90
141.579;0.00295608;90
124.766;0.0031163;90
122.35;0.00359378;90
124.237;0.00368809;90
117.618;0.00401666;90
141.876;0.0029237;90
161.194;0.00258711;90
143.438;0.00294444;90
114.694;0.00419128;90
111.959;0.00480563;90
117.754;0.00454601;90
109.557;0.00460358;90
110.827;0.00443263;90
128.015;0.0035235;90
137.597;0.00310527;90
123.168;0.00377267;90
109.794;0.00398654;90
105.086;0.00385381;90
110.773;0.00377542;90
115.032;0.00421158;90
114.241;0.0046544;90
111.075;0.00315076;90
75.7849;0.00396232;90
86.2102;0.00455396;90
92.1192;0.00443503;90
100.079;0.00438264;90
89.2875;0.00466436;90
88.7552;0.00474112;90
82.5337;0.00495602;90
61.6192;0.00344393;90
84.2611;0.0042302;90
83.251;0.00393124;90
97.3598;0.00372368;90
88.6385;0.00399813;90
89.9321;0.003377;90
103.384;0.00444985;90
100.196;0.0038752;90
104.145;0.00344959;90
111.067;0.00349136;90
117.469;0.00345784;90
109.812;0.00411879;90
97.0888;0.0045135;90
86.2522;0.00379411;90
114.736;0.00308287;90
106.407;0.00264469;90
70.1018;0.00317027;90
62.3502;0.00314179;90
68.7922;0.00340565;90
28.138;0.00097753;90
-49.818;0.00210472;90
-22.8045;0.00124101;90
-47.3958;0.0015393;90
-42.7875;0.00157519;90
71.937;0.00141262;90
-22.3942;0.000664082;90
175.679;0.000676924;90
-108.507;0.00125068;90
139.646;0.0035181;90
141.995;0.0015445;90
129.753;0.00140738;90
-157.337;0.000913539;90
-106.91;0.00453821;90
134.28;0.00286896;90
101.543;0.00646169;90
98.4059;0.00258578;90
95.4821;0.00578848;90
93.4455;0.00609001;90
92.8122;0.0129836;90
98.9648;0.00266961;90
94.1206;0.00303384;90
103.383;0.0060616;90
110.676;0.00574931;90
-176.721;0.0639437;90
-169.346;0.00131975;90
-166.225;0.00223426;90
-154.854;0.00366649;90
-134.916;0.00386788;90
-132.551;0.00368952;90
-119.812;0.00463431;90
-107.369;0.00571143;90
-103.573;0.00551399;90
-103.399;0.00551512;90
-105.35;0.00544733;90
-114.697;0.00458324;90
-122.225;0.00401318;90
-123.564;0.00366991;90
-122.899;0.00335626;90
-123.925;0.00277547;90
-106.144;0.0013846;90
-132.001;0.00124338;90
134.912;0.00091924;90
117.153;0.00222187;90
131.349;0.00202077;90
-133.82;0.00106442;90
99.1992;0.000644286;90
-37.4389;0.00231611;90
-107.131;0.0013614;90
-111.1;0.00203333;90
-116.53;0.00145971;90
-117.083;0.00103892;90
-117.264;0.000842613;90
-115.404;0.00154544;90
144.131;0.000583689;90
89.637;0.00173603;90
-69.9911;0.000379933;90
-101.689;0.0012438;90
152.183;0.0023122;90
42.0643;0.000441814;90
-41.77;0.00188248;90
-22.1552;0.00141335;90
73.7692;0.00132376;90
68.7828;0.000801317;90
66.9302;0.00151843;90
113.194;0.00155139;90
107.452;0.00143715;90
52.5047;0.00142929;90
73.1188;0.00123627;90
24.6236;0.000897626;90
-59.3629;0.00174451;90
-59.1304;0.00240115;90
19.2333;0.000953203;90
73.4459;0.0014741;90
-61.2928;0.00278764;90
-57.4666;0.00438275;90
-48.6193;0.00323723;90
-42.6194;0.00348976;90
-41.3924;0.00331512;90
-42.8716;0.00245606;90
-16.2177;0.00572168;90
-35.9584;0.00170982;90
-42.0216;0.00272179;90
-43.1288;0.00376806;90
-50.9946;0.00398797;90
-57.8618;0.00461874;90
-53.018;0.00419241;90
-46.7172;0.00370478;90
-51.714;0.00682228;90
-49.5639;0.00161733;90
-32.9234;0.00373125;90
-20.1595;0.00324692;90
-40.3221;0.00282653;90
-48.0038;0.00283373;90
-13.8014;0.00349181;90
15.4649;0.00606042;90
-24.9506;0.00161911;90
-23.4164;0.00255655;90
-44.7209;0.00391954;90
-41.5321;0.00365891;90
-42.0076;0.00396875;90
-50.5264;0.00446421;90
-51.0634;0.00417051;90
-41.2783;0.00326807;90
-44.3492;0.00373518;90
-51.0399;0.00411274;90
-45.8141;0.00427984;90
-43.8234;0.00423576;90
-45.4901;0.00471162;90
-46.8824;0.00600587;90
-39.7853;0.00578829;90
-47.3589;0.00474163;90
-64.0035;0.00549831;90
-64.0223;0.00562758;90
-66.1937;0.00498953;90
-74.3817;0.00589465;90
-61.597;0.00630269;90
-45.4547;0.0053459;90
-67.929;0.00733988;90
-64.968;0.00641892;90
-67.0479;0.00640834;90
-62.7678;0.00480116;90
-24.0464;0.00256456;90
-19.3868;0.00304569;90
-57.1941;0.00418793;90
-57.118;0.00487741;90
-58.6823;0.00524641;90
-45.7331;0.00442119;90
-47.5162;0.00475139;90
-63.0163;0.00587565;90
-61.9043;0.0100118;90
-55.8692;0.000937471;90
-57.7683;0.00214683;90
-38.4474;0.00168544;90
-37.9859;0.00285474;90
-18.8019;0.00409871;90
-15.8741;0.0043031;90
-34.1626;0.00410298;90
-39.3924;0.00458064;90
-34.8256;0.00372277;90
-17.5766;0.00344063;90
-38.8042;0.0040293;90
-61.207;0.00521129;90
-71.7881;0.00633536;90
-60.9789;0.00631375;90
-58.3272;0.00690197;90
-49.972;0.00623327;90
-46.5236;0.00587743;90
-49.3997;0.00597285;90
-57.45;0.00540857;90
-68.5984;0.00854201;90
-58.6371;0.00590827;90
-44.9472;0.00460185;90
-26.4196;0.00387691;90
-17.6799;0.00350348;90
-18.1392;0.00324739;90
-14.4872;0.00243441;90
-4.94325;0.00262276;90
35.3901;0.00365542;90
66.3984;0.00461068;90
64.986;0.00480797;90
48.5648;0.0037188;90
27.7912;0.00342734;90
48.1218;0.00820613;90
52.6586;0.00179866;90
62.5025;0.00387472;90
60.3138;0.00472287;90
58.1919;0.00510933;90
63.5683;0.00499628;90
47.1535;0.00370715;90
13.2339;0.00297911;90
15.3032;0.00281895;90
6.44827;0.00234182;90
5.90698;0.00235149;90
-1.54522;0.00263296;90
-26.6075;0.00301646;90
-35.5249;0.00365541;90
-30.7926;0.00373097;90
0.384143;0.00298307;90
26.7874;0.00380313;90
-20.6406;0.00364818;90
-38.5507;0.00344348;90
-67.1325;0.00188625;90
-91.7237;0.00216098;90
-72.8068;0.0059101;90
-63.3252;0.0053706;90
-70.3043;0.00533194;90
-91.5194;0.00592108;90
-93.514;0.0059061;90
-94.2603;0.00574788;90
-100.537;0.00588422;90
-98.9799;0.00533033;90
-96.4581;0.0045076;90
-94.9021;0.00326494;90
-87.8604;0.00594615;90
-78.0453;0.00585601;90
-65.87;0.00534724;90
-50.1071;0.00411473;90
-57.7151;0.00521409;90
-74.7247;0.0059782;90
-76.0876;0.00639665;90
-63.9385;0.005547;90
-73.107;0.0059466;90
-74.3735;0.00545357;90
-72.409;0.00193236;90
-120.661;0.00169031;90
-106.642;0.00193088;90
-63.1123;0.00190605;90
-105.696;0.00183337;90
-132.154;0.0311596;90
-76.765;0.00119679;90
104.318;0.00646171;90
117.833;0.00281008;90
144.231;0.0037997;90
-168.362;0.00348975;90
130.709;0.00150257;90
88.9106;0.00520694;90
121.236;0.00238351;90
-51.9561;0.000624731;90
-43.7168;0.00142093;90
64.8788;0.00358511;90
48.2906;0.00338768;90
12.8117;0.00274637;90
-25.1057;0.008341;90
-31.1927;0.00283249;90
-64.095;0.00477477;90
-70.389;0.00117092;90
-70.9156;0.00206447;90
-76.122;0.00254736;90
-68.0993;0.00428418;90
-55.3353;0.000831616;90
-37.8865;0.00217554;90
-10.1145;0.000592204;90
-19.038;0.00210303;90
-46.0701;0.000984464;90
-49.2226;0.00162297;90
57.2806;0.000867676;90
77.1903;0.00139369;90
-103.77;0.0112009;90
-111.26;0.00149473;90
131.274;0.00275293;90
-157.579;0.00297056;90
-131.401;0.00192642;90
90.6807;0.00294621;90
165.629;0.00136986;90
-161.613;0.00263766;90
133.979;0.00305448;90
109.328;0.00381291;90
115.29;0.0044218;90
-115.182;0.00079672;90
-130.608;0.000914145;90
-55.3089;0.00714396;90
-47.5731;0.00337064;90
19.3886;0.0029641;90
2.70063;0.000955061;90
-90.9249;0.00216828;90
23.3889;0.00193717;90
8.01829;0.00268121;90
-36.6821;0.00213601;90
-79.0013;0.00223811;90
-75.6609;0.00238634;90
-91.2177;0.00319972;90
-88.3174;0.00401873;90
-90.9701;0.00407558;90
-92.7268;0.00544416;90
-99.1738;0.00493006;90
-99.1615;0.00419552;90
-96.9586;0.00345848;90
-117.853;0.0017316;90
-151.977;0.00158141;90
-113.274;0.00270295;90
-114.27;0.00329413;90
-121.061;0.00241882;90
-76.3503;0.00208488;90
-103.869;0.0010805;90
-158.469;0.000275204;90
72.9912;0.00237592;90
86.5218;0.00225816;90
56.3272;0.000921634;90
58.0919;0.000874076;90
-74.1721;0.00127224;90
-95.3263;0.000904907;90
82.194;0.00227508;90
85.5028;0.00160695;90
50.4236;0.00470565;90
79.2678;0.00303407;90
82.8702;0.00445545;90
79.0913;0.00495656;90
86.5456;0.00512832;90
86.3322;0.00101608;90
-16.081;0.00214805;90
-56.4643;0.0036039;90
-60.6126;0.00399623;90
-47.2671;0.00536265;90
-56.921;0.00148224;90
-49.1117;0.00320508;90
-45.0985;0.00288005;90
35.884;0.00161564;90
65.8338;0.00174163;90
-25.1679;0.001559;90
26.2249;0.0021091;90
-171.446;0.000497534;90
-151.202;0.00180185;90
160.945;0.000964867;90
117.144;0.000885528;90
85.3534;0.0038637;90
87.8449;0.00454722;90
92.1573;0.00515365;90
95.3435;0.00462811;90
116.573;0.00316314;90
114.981;0.0019251;90
137.654;0.00181709;90
149.812;0.00405494;90
157.472;0.00287108;90
179.915;0.002014;90
-160.763;0.00149021;90
-155.16;0.00178295;90
156.74;0.0013497;90
112.796;0.00259901;90
124.672;0.00229929;90
150.147;0.0030174;90
-133.682;0.00270611;90
-163.833;0.000782961;90
89.8041;0.00234001;90
162.669;0.00203435;90
-163.106;0.00258768;90
123.732;0.00533039;90
100.822;0.00329154;90
112.02;0.00121891;90
131.922;0.00104024;90
-65.6464;0.0079274;90
-58.961;0.00182886;90
-13.0273;0.00263071;90
16.4359;0.00243865;90
-84.2087;0.00169465;90
12.3975;0.00203546;90
4.09409;0.00240915;90
-44.5626;0.00185267;90
59.8923;0.00180214;90
73.8565;0.00345629;90
76.0349;0.00273483;90
77.434;0.00217408;90
80.4827;0.0020563;90
-103.853;0.0106292;90
-95.2901;0.00206078;90
-76.7224;0.00300431;90
-89.4359;0.00507825;90
-89.3931;0.00575932;90
-92.1619;0.00546089;90
-98.2984;0.00674159;90
-97.7495;0.00576969;90
-102.817;0.00280386;90
-147.493;0.00123558;90
-137.065;0.00143282;90
-113.425;0.00318447;90
-92.6229;0.00192301;90
-85.8773;0.00143271;90
-94.5265;0.00120375;90
-128.76;0.00124908;90
-140.126;0.000854775;90
-106.915;0.0009177;90
-64.5367;0.000255853;90
85.7534;0.00124241;90
33.3952;0.00161697;90
85.0718;0.00280537;90
102.102;0.00109228;90
72.7185;0.00216786;90
69.2323;0.00282024;90
28.4562;0.00142291;90
29.0599;0.00104792;90
82.1374;0.00484656;90
80.8756;0.00510155;90
83.4723;0.00573518;90
87.4971;0.00561035;90
89.8479;0.00414501;90
92.0164;0.00423462;90
91.3524;0.0017795;90
109.699;0.00279455;90
131.052;0.00340928;90
-150.365;0.00334907;90
-154.442;0.00119603;90
87.9929;0.00282673;90
-166.815;0.00228421;90
173.737;0.00262165;90
120.244;0.0038616;90
104.934;0.00308107;90
114.501;0.00248365;90
131.811;0.00096599;90
107.72;0.000177418;90
118.035;0.00883806;90
156.693;0.00298998;90
-164.974;0.00278109;90
-173.882;0.00162325;90
-111.192;0.00277463;90
-83.7446;0.00290932;90
-84.7673;0.0023026;90
-84.5517;0.00204323;90
171.238;0.00215313;90
160.414;0.000960577;90
104.928;0.00113739;90
72.2022;0.003782;90
55.8311;0.00348447;90
58.1514;0.00182119;90
17.9224;0.00233322;90
-2.13364;0.00287399;90
-43.2088;0.00380043;90
-59.9015;0.00331613;90
-67.2332;0.00270039;90
-63.9486;0.00598619;90
-51.8235;0.00651689;90
16.1991;0.00161304;90
-1.79501;0.00140469;90
-82.7845;0.00227703;90
37.3277;0.0031037;90
-22.4213;0.00310686;90
8.82588;0.000710412;90
74.3708;0.00338517;90
83.6706;0.00175973;90
69.686;0.00218916;90
81.72;0.00124296;90
75.663;0.00230994;90
87.735;0.00116391;90
-70.2335;0.00619183;90
179.393;0.00207512;90
146.442;0.00108;90
-105.36;0.001008;90
-104.623;0.00246381;90
-104.187;0.00341103;90
-116.305;0.00128173;90
130.902;0.00262229;90
-157.593;0.00458842;90
96.599;0.0010268;90
83.7974;0.00137907;90
159.428;0.00458754;90
154.01;0.00200362;90
114.412;0.00759502;90
-64.4556;0.00635189;90
-45.371;0.00600558;90
40.5584;0.0010135;90
8.21548;0.00151858;90
-87.1515;0.00185129;90
25.0112;0.00122045;90
27.1478;0.00206668;90
-28.5535;0.00241014;90
-37.9727;0.000976781;90
71.125;0.00477581;90
65.8138;0.000754205;90
117.977;0.00116177;90
-52.6855;0.00103103;90
-106.04;0.00291342;90
-99.0747;0.00391196;90
139.42;0.000578011;90
129.284;0.00215111;90
-154.095;0.00466027;90
-166.335;0.000486779;90
-158.07;0.00148872;90
-160.781;0.0037214;90
-142.787;0.00926297;90
-111.913;0.00315924;90
-119.597;0.00322938;90
-134.666;0.0149336;90
-134.37;0.00257402;90
-129.996;0.0114557;90
-128.027;0.0019804;90
-132.4;0.00222897;90
-126.964;0.0132776;90
-127.178;0.00178723;90
-136.62;0.00225091;90
-133.591;0.00546193;90
-129.989;0.01339;90
-161.832;0.00264274;90
-173.483;0.00436118;90
179.467;0.00430319;90
-144.339;0.0098648;90
-116.663;0.00286351;90
-115.429;0.00259435;90
-113.534;0.0163565;90
-114.599;0.0047182;90
-122.54;0.0140994;90
-120.401;0.00205911;90
-117.523;0.00254053;90
-109.459;0.0072374;90
-102.24;0.0079006;90
-97.5378;0.00805763;90
-98.9922;0.008055;90
-103.852;0.00654534;90
-106.269;0.00596484;90
-104.997;0.00526328;90
-103.299;0.00496002;90
-103.014;0.00524882;90
-97.9197;0.00277244;90
146.989;0.00112335;90
124.431;0.00385909;90
124.456;0.00425438;90
125.482;0.00337839;90
125.845;0.0043511;90
119.386;0.00209908;90
124.798;0.00362897;90
123.8;0.00419742;90
128.603;0.00331292;90
139.159;0.00189154;90
144.022;0.00237629;90
144.596;0.0030414;90
131.506;0.00377094;90
118.367;0.00416741;90
112.071;0.00378433;90
114.009;0.00275758;90
131.057;0.00188182;90
111.62;0.00257839;90
117.136;0.00314407;90
121.596;0.00379447;90
122.518;0.00436419;90
121.848;0.00481368;90
126.251;0.00492289;90
125.248;0.00480493;90
115.022;0.0057452;90
114.379;0.00697714;90
114.376;0.00742156;90
110.996;0.00730393;90
107.536;0.00739463;90
108.101;0.00738025;90
107.92;0.0073254;90
105.99;0.00706432;90
101.491;0.00600844;90
98.2911;0.00563793;90
98.6925;0.00560437;90
98.0208;0.00563311;90
101.501;0.00742304;90
108.471;0.00705441;90
116.735;0.00633526;90
126.746;0.00556601;90
135.844;0.0050401;90
135.878;0.00502741;90
119.363;0.00603653;90
106.841;0.00721753;90
99.2295;0.00784962;90
99.5914;0.00773614;90
102.062;0.00755583;90
103.86;0.00750142;90
103.731;0.00742315;90
103.951;0.00749921;90
103.838;0.00741727;90
110.088;0.00678686;90
115.147;0.0065255;90
116.784;0.0064511;90
116.018;0.00636727;90
115.427;0.00630695;90
115.705;0.00631492;90
109.6;0.00696984;90
99.2278;0.00747068;90
93.1766;0.00689359;90
114.941;0.0083497;90
147.402;0.00128076;90
-178.77;0.00223652;90
147.266;0.00455306;90
93.0587;0.00170543;90
107.842;0.004096;90
104.166;0.00790232;90
111.425;0.00372866;90
113.989;0.0047569;90
110.504;0.00751404;90
119.791;0.000929889;90
98.5799;0.00835854;90
101.15;0.00266327;90
97.6845;0.00265484;90
95.5156;0.0169897;90
79.0264;0.00501164;90
88.1301;0.00772311;90
105.738;0.00619006;90
114.045;0.00574778;90
103.281;0.00675569;90
98.6225;0.00679682;90
99.4999;0.00651941;90
98.7299;0.00698391;90
95.4673;0.0074519;90
94.5482;0.00755379;90
100.588;0.00751596;90
101.722;0.00733905;90
98.1474;0.00750778;90
98.5754;0.00711555;90
99.6484;0.00723737;90
102.028;0.00667965;90
101.752;0.00648085;90
102.755;0.00696591;90
107.803;0.00682271;90
110.086;0.00637685;90
108.99;0.00623536;90
109.793;0.00616311;90
109.324;0.00644297;90
109.972;0.00617752;90
112.248;0.00414132;90
111.841;0.00376312;90
117.482;0.00335453;90
117.555;0.00113922;90
-143.296;0.00179361;90
-146.193;0.0024515;90
-150.818;0.00243852;90
178.161;0.00183895;90
-176.939;0.0016854;90
164.306;0.00150095;90
149.254;0.0015766;90
138.989;0.00175859;90
128.211;0.0021954;90
118.317;0.00217984;90
127.697;0.0019526;90
134.862;0.00147149;90
125.201;0.00146242;90
110.854;0.000898888;90
50.7383;0.00130834;90
70.9644;0.000935137;90
-10.7625;0.000492666;90
-99.687;0.00310223;90
-57.6456;0.00255814;90
-60.7658;0.00260248;90
-51.6132;0.00232702;90
-46.2008;0.00172077;90
-35.1994;0.00196904;90
-33.3086;0.00137485;90
-84.715;0.00206277;90
-63.6533;0.0026994;90
-43.7566;0.00267208;90
-49.6598;0.00314216;90
-28.6556;0.00273385;90
-29.8567;0.00241446;90
-1.52376;0.00203072;90
-62.9928;0.0039991;90
-77.3574;0.00447756;90
-83.0366;0.00786904;90
-75.0309;0.00137051;90
-72.2161;0.00294996;90
-69.2922;0.00676184;90
-65.2049;0.00120179;90
-74.7777;0.00290596;90
-70.5401;0.00240435;90
-61.5287;0.000887316;90
-54.9871;0.00180215;90
-52.8798;0.00224362;90
-100.954;0.00252602;90
169.546;0.000551148;90
-130.85;0.00102587;90
-116.1;0.0012661;90
-118.579;0.00173089;90
-133.407;0.000788729;90
-136.012;0.00080057;90
-114.522;0.0010288;90
-107.508;0.000977272;90
-124.691;0.000809986;90
-145.358;0.000617467;90
-150.753;0.00107046;90
29.9309;0.00229279;90
73.1809;0.00224295;90
50.0146;0.00191723;90
51.3625;0.00200355;90
61.3719;0.00155284;90
40.6539;0.000709146;90
48.4728;0.000805459;90
96.4088;0.000922766;90
119.605;0.00228535;90
121.993;0.00290291;90
111.251;0.00328325;90
108.237;0.00348612;90
114.417;0.00317387;90
106.848;0.00473733;90
102.566;0.00496391;90
100.52;0.00463898;90
100.199;0.00482321;90
108.362;0.0032347;90
118.792;0.00294623;90
172.88;0.00417116;90
150.866;0.000977697;90
149.182;0.00195972;90
127.357;0.00317411;90
129.244;0.00237584;90
111.885;0.00406172;90
140.743;0.00208441;90
139.66;0.00166225;90
131.939;0.00177454;90
124.389;0.00193161;90
119.362;0.0020068;90
129.68;0.00151762;90
137.379;0.000954002;90
117.092;0.000728989;90
122.575;0.00109768;90
141.739;0.000650792;90
147.294;0.00117891;90
171.244;0.000880259;90
-117.432;0.0014478;90
-91.7377;0.00178082;90
-56.7122;0.00185663;90
-43.9814;0.0449077;90
-71.5779;0.00983816;90
-71.5538;0.0112732;90
-79.3233;0.00259085;90
-76.7445;0.00460982;90
-77.6948;0.0058371;90
-79.001;0.00585455;90
-79.2184;0.00604063;90
-82.1262;0.00600764;90
-81.9666;0.00611804;90
-81.531;0.00619253;90
-76.6213;0.00576957;90
-81.9696;0.010809;90
-83.8894;0.00250825;90
-85.5212;0.00537842;90
-82.6718;0.00622485;90
-81.0736;0.00599359;90
-77.9669;0.00441296;90
-82.7867;0.00756588;90
-76.8277;0.00582321;90
-65.1589;0.00503925;90
-69.6149;0.00459049;90
-83.4781;0.0046662;90
-95.4047;0.00883327;90
-90.7484;0.0046704;90
-86.6292;0.00778948;90
-82.2796;0.00599232;90
-83.369;0.0061139;90
-81.3011;0.00589784;90
-71.0885;0.00247141;90
-75.3353;0.00269789;90
-66.4924;0.00455285;90
-65.2668;0.00486862;90
-66.7691;0.00349104;90
-66.5126;0.00224064;90
-76.6915;0.00840163;90
-76.2258;0.0016968;90
-67.7989;0.0041788;90
-10.5295;0.00542841;90
-43.1728;0.00166325;90
-60.1415;0.00393885;90
-80.772;0.00611109;90
-85.9384;0.00663567;90
-75.0926;0.0119802;90
-61.701;0.00217266;90
-62.857;0.00292627;90
-64.7548;0.00601886;90
-64.237;0.00504775;90
-63.7053;0.0172488;90
-71.2509;0.00409426;90
-76.3137;0.00643265;90
-75.3025;0.00575842;90
-76.3607;0.00616177;90
-76.3543;0.00604874;90
-79.1639;0.00647343;90
-74.9743;0.00591317;90
-79.6944;0.00637789;90
-79.8572;0.00632586;90
-79.824;0.00628283;90
-72.559;0.00577867;90
-63.0813;0.0050715;90
-45.1764;0.00413518;90
-44.6326;0.00441102;90
-47.3753;0.00412881;90
-51.601;0.00439196;90
-64.842;0.00544557;90
-70.0551;0.00577221;90
-76.6124;0.00597743;90
-78.3638;0.00516617;90
-83.3209;0.00750594;90
-79.9063;0.00526651;90
-80.4779;0.00772544;90
-75.7737;0.00424003;90
-72.003;0.0129496;90
-72.6139;0.00245307;90
-72.9005;0.00386693;90
-72.3352;0.00625808;90
-70.4446;0.00575708;90
-64.8229;0.00533593;90
-65.9125;0.00540023;90
-65.589;0.00531844;90
-65.3652;0.00541704;90
-51.8043;0.00368239;90
-53.769;0.00525513;90
-52.4746;0.00428328;90
-50.1351;0.00395801;90
-67.8231;0.00578063;90
-63.3489;0.00297621;90
-68.7802;0.00270758;90
-52.0013;0.00198979;90
-67.4607;0.00317231;90
-66.1226;0.00478777;90
-56.6894;0.00452312;90
-40.9577;0.00366131;90
-33.561;0.00344775;90
-45.7876;0.00318935;90
-53.028;0.00404041;90
-56.5372;0.00447591;90
-57.4874;0.00371173;90
-50.6234;0.00263392;90
-56.1458;0.00503337;90
-56.446;0.00163554;90
-54.033;0.00335082;90
-54.9782;0.00315044;90
64.3139;0.00224483;90
75.2238;0.00625382;90
76.2171;0.0064178;90
74.2454;0.00581547;90
75.5726;0.0102306;90
80.684;0.00289721;90
83.3003;0.0099429;90
80.6235;0.00285413;90
76.383;0.00944653;90
69.2913;0.00549182;90
63.2151;0.00512824;90
53.9115;0.00454642;90
55.8702;0.0048069;90
59.975;0.00502421;90
65.5543;0.00530893;90
65.2544;0.00514108;90
66.7893;0.00559484;90
67.3418;0.00517869;90
65.4368;0.00524902;90
56.1559;0.00185659;90
42.2117;0.00385193;90
16.3839;0.00346365;90
4.27794;0.0025471;90
4.8557;0.00330787;90
8.41214;0.00382111;90
28.8228;0.00355319;90
52.468;0.00439589;90
51.3498;0.00464804;90
46.4773;0.00342849;90
43.0189;0.00456144;90
52.9651;0.00430682;90
55.7136;0.00461009;90
56.9136;0.00484336;90
52.1854;0.00457342;90
46.7725;0.00413785;90
44.3296;0.00417009;90
49.635;0.00428778;90
50.13;0.00307622;90
51.5518;0.00617234;90
62.2538;0.00412195;90
87.2606;0.00853676;90
89.4432;0.00195509;90
88.9014;0.00140826;90
103.106;0.00796034;90
111.469;0.00214482;90
99.165;0.00560657;90
79.6282;0.00512677;90
51.3664;0.00307366;90
43.5365;0.0039038;90
25.928;0.000683832;90
24.0432;0.000792783;90
-12.752;0.00286773;90
-41.3293;0.00315876;90
-64.2027;0.00330431;90
-67.1578;0.00227979;90
-61.0976;0.000986927;90
-61.468;0.000990267;90
-132.837;0.00164873;90
104.055;0.00218234;90
101.658;0.0014203;90
117.48;0.000784513;90
119.51;0.00147999;90
117.364;0.000961603;90
125.376;0.00107436;90
131.159;0.00118211;90
-53.8002;0.000684047;90
167.166;0.00735166;90
-98.5108;0.00453393;90
-84.612;0.00243878;90
-85.1308;0.00180251;90
-124.666;0.000993335;90
165.507;0.0008831;90
151.626;0.00100584;90
168.319;0.000938435;90
-86.737;0.00347864;90
-73.1901;0.00575386;90
-77.3869;0.00604488;90
-90.9543;0.0057638;90
-58.7875;0.00150131;90
-75.6793;0.00175865;90
104.136;0.000278431;90
131.148;0.00170515;90
-91.071;0.00262146;90
-73.2583;0.00284666;90
-105.79;0.00267909;90
-137.193;0.0043618;90
-130.2;0.00918571;90
-129.262;0.00207941;90
-127.456;0.00522407;90
-130.959;0.00552847;90
-132.938;0.00540367;90
-125.895;0.0062203;90
-127.311;0.00626259;90
-136.422;0.00581279;90
-127.767;0.00576211;90
-126.072;0.00572696;90
-165.005;0.00433254;90
-179.034;0.00444863;90
-177.408;0.00431141;90
-150.607;0.00476774;90
-121.94;0.00633042;90
-112.385;0.00766237;90
-113.532;0.00717576;90
-114.316;0.00713274;90
-118.865;0.00679642;90
-124.938;0.00607485;90
-121.578;0.00641836;90
-111.568;0.0073367;90
-103.312;0.00799995;90
-97.6932;0.00849345;90
-98.7555;0.00839584;90
-103.664;0.00734898;90
-105.845;0.00708315;90
-104.62;0.00624004;90
-104.4;0.00481734;90
-102.44;0.00483246;90
-100.883;0.00200201;90
119.319;0.00305308;90
124.593;0.00427477;90
122.349;0.00414891;90
133.286;0.00207982;90
120.323;0.0032206;90
123.239;0.0037363;90
124.75;0.00419647;90
126.495;0.00589993;90
135.038;0.00106844;90
141.33;0.00260389;90
148.273;0.00275348;90
135.999;0.00300142;90
125.159;0.00360341;90
114.941;0.00426142;90
112.316;0.0050643;90
136.594;0.000813488;90
116.036;0.00179072;90
114.864;0.00342001;90
121.892;0.00606447;90
123.44;0.00165496;90
120.908;0.00406297;90
124.746;0.00445666;90
128.233;0.00475875;90
119.259;0.00473855;90
114.815;0.00625228;90
114.612;0.00619259;90
113.848;0.00563183;90
112.198;0.00586793;90
108.772;0.00510875;90
106.259;0.00527184;90
108.58;0.00575916;90
107.545;0.00622664;90
107.001;0.00639233;90
103.721;0.00594876;90
98.4711;0.00574973;90
96.4168;0.00569971;90
100.159;0.00606102;90
99.9399;0.00589753;90
104.819;0.00680327;90
109.842;0.00377405;90
116.424;0.00400436;90
121.56;0.00408875;90
131.793;0.00547239;90
136.053;0.00534592;90
129.882;0.00574694;90
110.506;0.0073166;90
101.461;0.00804236;90
98.8295;0.00805242;90
100.913;0.00783875;90
103.12;0.00776674;90
104.179;0.00780167;90
103.771;0.00780537;90
102.464;0.00724678;90
111.091;0.00751437;90
116.173;0.00575175;90
115.086;0.00507578;90
114.108;0.00426721;90
115.017;0.00683637;90
115.774;0.00615201;90
108.914;0.00385938;90
112.738;0.00881187;90
97.5402;0.0069501;90
96.4992;0.00394032;90
104.103;0.00768669;90
127.451;0.00348798;90
-177.961;0.00264167;90
-138.97;0.00214485;90
117.603;0.000789909;90
123.226;0.0017812;90
117.664;0.00184152;90
-111.174;0.00111851;90
-116.972;0.000756257;90
-110.692;0.00163015;90
-118.841;0.00236539;90
-143.538;0.00118123;90
-146.242;0.00093578;90
172.181;0.000808518;90
5.79674;0.00125743;90
42.2291;0.00190151;90
64.2036;0.00203366;90
66.5318;0.000976799;90
98.966;0.00134746;90
69.8437;0.00152649;90
67.4919;0.000828078;90
-57.1922;0.000900663;90
-69.8778;0.00102028;90
-69.3729;0.00160382;90
-40.5178;0.000968162;90
176.693;0.00045075;90
108.827;0.000923407;90
109.93;0.00101797;90
117.101;0.00119635;90
116.014;0.000930247;90
105.619;0.00154506;90
102.362;0.00194305;90
102.174;0.0017166;90
-75.4176;0.00325692;90
-80.4486;0.0019044;90
-61.808;0.00121288;90
-126.038;0.000785283;90
86.4483;0.00159807;90
-70.7785;0.0020503;90
-63.8575;0.0015161;90
-47.5244;0.00141276;90
6.36771;0.000459837;90
131.132;0.00310278;90
144.229;0.00100078;90
114.078;0.00100987;90
64.1263;0.00277963;90
75.6806;0.00107954;90
83.3683;0.00171447;90
81.012;0.00212509;90
82.89;0.00142193;90
-93.6522;0.000659339;90
-97.2733;0.0043127;90
-117.051;0.00131709;90
-107.084;0.00202537;90
-71.3349;0.00157483;90
-116.649;0.00517919;90
-132.392;0.00127411;90
-142.736;0.000814219;90
178.296;0.00141262;90
-144.616;0.00142648;90
-117.964;0.002107;90
-129.612;0.00177703;90
-149.677;0.0013033;90
161.271;0.00160393;90
127.252;0.000750017;90
150.171;0.000589042;90
-111.87;0.000622823;90
119.85;0.00309802;90
102.494;0.00160398;90
-80.4748;0.00299732;90
-31.0646;0.00321509;90
-50.9825;0.000800562;90
25.3734;0.00230096;90
39.6711;0.000654782;90
51.9361;0.001862;90
56.671;0.0019365;90
1.73279;0.00119054;90
29.0353;0.00115175;90
45;0.00125158;90
58.911;0.00141178;90
66.0212;0.00249755;90
107.85;0.00114512;90
76.0889;0.00188839;90
-56.3682;0.00136318;90
-69.7807;0.00203117;90
-53.4062;0.00178482;90
26.93;0.00070214;90
19.4914;0.00265835;90
-35.1899;0.00407955;90
-70.1835;0.0063479;90
-86.4377;0.0076608;90
-79.7431;0.00780066;90
-69.2315;0.0068191;90
-61.9307;0.00420794;90
-65.4182;0.00894247;90
-63.833;0.00669405;90
-66.6435;0.0169151;90
-72.4477;0.00484455;90
-76.1458;0.0240424;90
-76.4981;0.00325085;90
-77.2554;0.00276512;90
-79.8791;0.0112277;90
-80.2363;0.00834386;90
-72.8574;0.00738928;90
-58.8902;0.00592049;90
-44.4339;0.0047237;90
-43.6153;0.004594;90
-53.0198;0.00550421;90
-62.8987;0.00716691;90
-73.169;0.00807804;90
-79.917;0.00840786;90
-80.7895;0.00860292;90
-81.2235;0.00905098;90
-75.1143;0.00888312;90
-72.6054;0.00748951;90
-71.6596;0.00824375;90
-72.3917;0.0079568;90
-68.1143;0.00744992;90
-65.6504;0.00688329;90
-66.0103;0.00640968;90
-65.0032;0.00550681;90
-56.429;0.00493878;90
-53.3244;0.00477663;90
-56.5077;0.00490191;90
-59.2642;0.00495618;90
-57.6922;0.0041967;90
-62.5567;0.00300518;90
-67.2999;0.00274677;90
-54.8088;0.00219154;90
-66.8189;0.00431105;90
-64.3883;0.00529529;90
-49.4789;0.00387547;90
-33.0217;0.00335256;90
-34.6744;0.00279305;90
-49.22;0.00319985;90
-55.6556;0.00374003;90
-56.3595;0.00384851;90
-53.7069;0.00337717;90
-57.2044;0.00302043;90
-53.5727;0.00186426;90
-56.0528;0.0037695;90
-55.5143;0.0043942;90
-55.179;0.0029649;90
-13.8026;0.000951475;90
-106.219;0.002814;90
-111.818;0.00452837;90
-111.63;0.00322833;90
-92.3458;0.00315164;90
-65.3589;0.005315;90
-65.8033;0.00504306;90
-61.0665;0.00261888;90
-66.9099;0.00104034;90
-106.448;0.0035847;90
-103.162;0.0025428;90
47.1156;0.00109181;90
66.1237;0.000877057;90
-137.041;0.00208517;90
67.9652;0.00273476;90
81.0572;0.00339021;90
112.751;0.00405447;90
115.517;0.00513487;90
113.078;0.00475015;90
89.832;0.00272901;90
66.083;0.00396879;90
68.8202;0.00474127;90
75.1148;0.00335561;90
76.658;0.0064655;90
76.6285;0.00796492;90
73.6491;0.00803497;90
77.66;0.00796399;90
81.978;0.00816894;90
81.6387;0.00792221;90
77.1351;0.00771158;90
68.9222;0.00673459;90
59.9143;0.00623385;90
53.9831;0.00564263;90
59.174;0.00606129;90
64.7214;0.00649384;90
66.0765;0.00642389;90
66.2428;0.00657299;90
67.3209;0.00661877;90
52.7054;0.00555855;90
26.6215;0.00408843;90
1.29326;0.0062916;90
10.4367;0.00186587;90
15.3324;0.0039672;90
42.2169;0.00454357;90
57.0773;0.00550867;90
43.3692;0.00477066;90
44.4755;0.00463457;90
53.6904;0.00503084;90
54.7407;0.00547916;90
57.1221;0.00528322;90
47.0718;0.00504638;90
45.7067;0.0049876;90
50.8304;0.00524843;90
50.0906;0.00840743;90
58.0172;0.00188044;90
63.3783;0.00361751;90
96.5586;0.00243393;90
90.4039;0.0038301;90
88.1756;0.00430318;90
100.25;0.00792955;90
109.927;0.001737;90
106.031;0.00425131;90
88.7457;0.0029237;90
-19.554;0.0010039;90
-85.8855;0.00112891;90
-93.6056;0.00159015;90
-67.6019;0.00121247;90
9.16617;0.000954184;90
45.0881;0.00091924;90
65.5604;0.00109732;90
99.4969;0.00109095;90
93.7605;0.00128076;90
96.9428;0.00163801;90
96.6643;0.00154242;90
95.9082;0.00193327;90
99.998;0.00133629;90
61.0216;0.0018267;90
23.7175;0.00465408;90
-5.71059;0.000904489;90
-47.3872;0.00261432;90
-57.1694;0.00844959;90
-66.8896;0.00784452;90
-57.222;0.00169011;90
-36.6509;0.00245922;90
17.2052;0.00390473;90
79.3495;0.00262421;90
-29.5824;0.00148681;90
86.0454;0.00271146;90
82.9589;0.00541685;90
-2.31805;0.000667546;90
-17.8424;0.0019876;90
-39.6554;0.0038109;90
70.9412;0.000900354;90
77.119;0.00105864;90
93.8655;0.00888521;90
109.551;0.00259672;90
-101.144;0.0147868;90
-145.021;0.00108499;90
129.434;0.0136621;90
114.982;0.0025738;90
175.736;0.0144179;90
-150.005;0.00170425;90
-154.329;0.0101454;90
141.151;0.0129944;90
-127.156;0.0215435;90
-134.309;0.0319529;90
158;0.00424186;90
-111.344;0.0256674;90
-84.1464;0.00299059;90
-71.3461;0.00388931;90
-59.1222;0.0123459;90
-82.6748;0.00323137;90
-92.1102;0.00643636;90
-107.702;0.0172991;90
-112.875;0.00295326;90
-111.762;0.00241943;90
-102.13;0.0256323;90
-93.3543;0.00358915;90
-92.4006;0.00456;90
-92.7933;0.0098497;90
-96.6664;0.0242228;90
-86.2546;0.00338323;90
-101.195;0.0163838;90
-116.815;0.00153843;90
-113.271;0.00585207;90
-105.917;0.00190711;90
-114.359;0.00649299;90
-123.594;0.00678288;90
-134.673;0.000743888;90
-132.15;0.00274485;90
108.56;0.000433549;90
141.763;0.0273332;90
113.459;0.103012;90
105.441;0.129521;90
107.276;0.00445498;90
105.809;0.0102227;90
104.686;0.0112692;90
114.299;0.00929769;90
111.391;0.018189;90
107.98;0.00342422;90
101.88;0.0118038;90
100.666;0.00329594;90
107.506;0.00772266;90
114.033;0.00688486;90
118.972;0.00583637;90
177.293;0.00311247;90
-171.004;0.0027883;90
129.795;0.0028373;90
107.945;0.00358963;90
100.774;0.0030009;90
98.4462;0.00207652;90
103.765;0.00557717;90
104.435;0.00488212;90
107.017;0.00517665;90
103.512;0.00715195;90
104.147;0.00577309;90
103.643;0.00908948;90
98.3122;0.00894396;90
94.9318;0.00967783;90
126.521;0.00512669;90
143.235;0.00458621;90
131.805;0.00531651;90
118.122;0.00493683;90
122.064;0.00697733;90
142.242;0.00562608;90
133.945;0.0126374;90
145.953;0.00182722;90
164.09;0.00176563;90
111.624;0.0152148;90
96.4039;0.00287796;90
95.9958;0.00843414;90
108.352;0.0321806;90
101.569;0.00446777;90
95.4819;0.0203702;90
95.7515;0.00418105;90
94.0882;0.00621381;90
94.3571;0.00918755;90
96.641;0.0230527;90
99.3903;0.00313805;90
129.513;0.00288407;90
122.631;0.00195094;90
132.927;0.00791559;90
107.01;0.0011315;90
114.986;0.0198607;90
129.74;0.0035867;90
132.945;0.0118304;90
125.963;0.00272794;90
123.618;0.00241849;90
-172.857;0.0337126;90
110.496;0.00190777;90
120.65;0.0106022;90
124.737;0.00302029;90
124.173;0.0193004;90
100.099;0.00698624;90
119.954;0.0324991;90
145.019;0.0012803;90
108.162;0.0298133;90
90.1707;0.0114101;90
112.13;0.0235757;90
119.974;0.000962765;90
115.019;0.0251819;90
95.6299;0.003109;90
98.5949;0.022436;90
98.3496;0.00439357;90
119.481;0.0221362;90
149.775;0.00362938;90
151.451;0.00409491;90
141.511;0.000891756;90
112.575;0.0119355;90
103.175;0.0593666;90
112.661;0.00181946;90
110.751;0.00168213;90
119.244;0.0266737;90
122.467;0.00288371;90
121.521;0.0034219;90
125.451;0.0207914;90
125.017;0.00319787;90
118.854;0.0923361;90
168.986;0.00475255;90
116.039;0.0461696;90
140.281;0.00187472;90
138.21;0.00285412;90
130.921;0.00386706;90
133.656;0.0195951;90
137.556;0.00215599;90
123.666;0.00717782;90
123.99;0.00721231;90
130.88;0.0216233;90
136.716;0.00276249;90
112.278;0.0731936;90
107.789;0.00227161;90
107.296;0.0103563;90
103.693;0.002674;90
106.573;0.00364961;90
111.212;0.00294343;90
104.951;0.00167056;90
102.929;0.00214539;90
107.624;0.00245734;90
110.166;0.00309792;90
103.022;0.000931968;90
106.162;0.00701629;90
106.522;0.00376964;90
99.2549;0.00372448;90
89.3356;0.00327722;90
84.6324;0.00835966;90
85.3316;0.00614338;90
80.9369;0.00641813;90
75.502;0.00722198;90
77.0728;0.00859586;90
85.5926;0.00659751;90
83.4566;0.00983708;90
85.3358;0.0121502;90
85.3191;0.0165552;90
78.153;0.00382855;90
77.216;0.0188769;90
72.7309;0.0128377;90
75.1963;0.00315058;90
70.4307;0.0124915;90
65.1372;0.00278513;90
83.8444;0.0222422;90
115.068;0.00292667;90
85.9377;0.021908;90
81.3379;0.00362535;90
87.3331;0.0165489;90
107.949;0.00365066;90
117.879;0.00454444;90
119.947;0.00686102;90
97.0813;0.0195007;90
91.895;0.00378007;90
94.6277;0.00454883;90
92.7942;0.0817662;90
107.333;0.0031888;90
100.339;0.0056111;90
98.6651;0.00923946;90
114.123;0.00792511;90
116.983;0.00771822;90
112.334;0.00866288;90
102.195;0.00984209;90
103.452;0.00972376;90
107.511;0.0159365;90
108.852;0.0112621;90
104.317;0.0154601;90
102.682;0.00955615;90
100.066;0.00870804;90
93.5983;0.00699479;90
99.6108;0.00685217;90
103.076;0.00286426;90
99.5357;0.00782918;90
99.0594;0.00930406;90
93.4862;0.00935732;90
97.3432;0.018535;90
93.632;0.00481467;90
93.6764;0.0071427;90
96.0474;0.010783;90
98.7477;0.0199167;90
92.1659;0.00383674;90
96.789;0.00668286;90
96.6688;0.0102816;90
98.09;0.0101116;90
96.893;0.0101987;90
97.1354;0.0102242;90
97.7977;0.00967748;90
95.859;0.00791535;90
91.2486;0.00683762;90
103.353;0.00650794;90
102.072;0.0070765;90
100.629;0.00827296;90
100.445;0.00852222;90
100.274;0.00913344;90
98.2657;0.00896614;90
92.5286;0.356504;90
117.024;0.000948571;90
120.37;0.00112543;90
120.681;0.00490338;90
112.414;0.00118016;90
117.386;0.00115438;90
117.225;0.00884603;90
119.298;0.00194133;90
117.984;0.00269171;90
117.57;0.00680809;90
117.455;0.00682575;90
116.946;0.00740826;90
117.626;0.0155814;90
121.243;0.00302116;90
120.519;0.00497412;90
123.546;0.00763464;90
129.367;0.00764326;90
133.152;0.00710587;90
132.723;0.00743898;90
140.043;0.028123;90
159.836;0.00586015;90
161.9;0.00637653;90
158.305;0.00651123;90
160.409;0.00647482;90
150.386;0.00631376;90
148.159;0.00562204;90
146.888;0.00525189;90
139.338;0.00536534;90
140.972;0.00509762;90
138.446;0.00576486;90
140.847;0.00873153;90
140.966;0.00236749;90
141.188;0.00463166;90
144.043;0.00536288;90
144.411;0.00548317;90
153.594;0.00482098;90
149.198;0.00510279;90
143.981;0.00558962;90
152.523;0.00503045;90
143.88;0.0106873;90
121.603;0.0034578;90
119.314;0.00610702;90
113.94;0.00913812;90
103.14;0.0108254;90
94.4017;0.0117787;90
90.5564;0.0125626;90
85.8961;0.0111366;90
85.884;0.0107417;90
88.6838;0.0101437;90
93.0037;0.00961821;90
97.4459;0.00750831;90
104.908;0.00486267;90
176.571;0.0450867;90
-159.966;0.00249285;90
-162.268;0.00484624;90
-149.973;0.00176255;90
-139.335;0.00522987;90
-132.131;0.0099459;90
-131.456;0.00321429;90
-137.69;0.0111329;90
-165.267;0.00253226;90
169.053;0.0128641;90
-173.739;0.00223734;90
-172.383;0.00322142;90
-155.277;0.00692913;90
-162.237;0.00582468;90
176.115;0.00646485;90
171.074;0.0177631;90
161.45;0.00268763;90
159.413;0.00391608;90
172.078;0.00481797;90
178.922;0.00738731;90
-149.59;0.00666955;90
-148.194;0.00680014;90
-159.935;0.00622588;90
164.865;0.00608609;90
139.209;0.00722491;90
137.914;0.0075107;90
137.537;0.0132111;90
136.444;0.0027211;90
137.113;0.00665345;90
150.202;0.0109025;90
168.164;0.00586981;90
166.095;0.00636658;90
137.918;0.00593112;90
133.821;0.00360772;90
133.89;0.00690054;90
134.854;0.00721534;90
135;0.00713188;90
137.509;0.00684994;90
149.506;0.00623315;90
149.429;0.00673405;90
135.975;0.00685922;90
116.667;0.00958112;90
115.72;0.00961569;90
132.86;0.00748146;90
147.764;0.00643965;90
126.365;0.0123589;90
149.141;0.00289713;90
141.44;0.00858613;90
155.406;0.00470702;90
150.022;0.00158505;90
163.312;0.0077379;90
159.584;0.00115239;90
156.185;0.00209761;90
141.219;0.00369445;90
140.686;0.00299733;90
147.619;0.0051853;90
128.954;0.00158425;90
127.619;0.00258682;90
130.043;0.00299519;90
126.259;0.00272215;90
120.831;0.00237458;90
109.425;0.00205073;90
114.643;0.000906565;90
94.0886;0.00138853;90
105.676;0.00207623;90
93.2402;0.00215845;90
96.8411;0.0013768;90
94.2439;0.00227022;90
98.5573;0.00394492;90
102.552;0.00352935;90
107.58;0.000847585;90
112.941;0.00142902;90
106.962;0.00125457;90
117.104;0.00665707;90
71.7416;0.0150876;90
36.0103;0.00369262;90
61.6513;0.000890834;90
36.0983;0.0011287;90
75.13;0.00715046;90
105.014;0.00855814;90
-112.052;0.0216196;90
-83.9456;0.00343214;90
-82.128;0.0167932;90
-70.0064;0.00139508;90
-73.1487;0.00350135;90
-86.706;0.00125307;90
-80.3052;0.00206651;90
-82.0014;0.00320518;90
-87.1729;0.00348724;90
-77.6609;0.00340669;90
-73.9225;0.00476642;90
-56.4766;0.0038133;90
-48.6703;0.00389921;90
-54.1693;0.00409127;90
-43.5285;0.00379983;90
-30.5879;0.00805135;90
-23.8368;0.00189789;90
-21.5831;0.00852793;90
-14.2213;0.00202712;90
-23.0611;0.00585379;90
-42.4953;0.0013915;90
-38.4686;0.00673862;90
-42.4742;0.00203774;90
-51.9097;0.00985083;90
-52.1713;0.00260556;90
-46.0897;0.0765214;90
-46.5901;0.00328719;90
-35.9216;0.0129066;90
-9.68535;0.00240731;90
-10.6332;0.00207564;90
-25.283;0.0147112;90
-43.2276;0.00281209;90
-47.1041;0.00229186;90
-40.914;0.00842538;90
-43.3706;0.016761;90
-40.9503;0.00450562;90
-10.3322;0.0118034;90
31.0861;0.00257008;90
29.9322;0.00440102;90
26.6078;0.0107819;90
23.3888;0.00237298;90
-9.23718;0.0416704;90
29.2432;0.00247893;90
3.82751;0.0269501;90
43.6398;0.0140902;90
47.9428;0.00364995;90
41.4967;0.0139093;90
27.304;0.00183775;90
18.2836;0.00299311;90
-5.14818;0.0482326;90
-77.6217;0.00272433;90
-81.0199;0.00439487;90
-90.3028;0.0656609;90
-81.8668;0.00528718;90
-52.9825;0.0464174;90
-33.7019;0.00267809;90
-32.4067;0.0212007;90
-38.3373;0.00235857;90
-37.8798;0.00948687;90
-42.7144;0.00260635;90
-41.0163;0.00155728;90
-39.956;0.0160449;90
-32.8257;0.0021694;90
-31.757;0.00569807;90
-33.8572;0.0749131;90
-53.5301;0.00295087;90
-61.0791;0.0600453;90
-60.0967;0.00224256;90
-62.8459;0.0140079;90
-59.3519;0.00214805;90
-59.233;0.00464472;90
-59.6692;0.00116437;90
-60.1451;0.00180793;90
-66.5865;0.0172613;90
-84.3303;0.00181186;90
-91.1737;0.00205043;90
-88.0812;0.00809354;90
-86.1898;0.0166438;90
-88.2422;0.0036187;90
-88.5971;0.00559568;90
-87.7319;0.0466696;90
-85.9581;0.00990263;90
-88.9887;0.0304817;90
-86.9582;0.00322254;90
-97.814;0.014534;90
-95.305;0.0054403;90
-96.6088;0.0276739;90
-96.453;0.00370145;90
-100.369;0.0149013;90
-99.7913;0.00352231;90
-100.341;0.00484672;90
-85.5065;0.131814;90
-84.1261;0.00384016;90
-79.9063;0.01641;90
-81.7169;0.00767709;90
-81.6519;0.0466089;90
-80.1507;0.00296977;90
-82.4293;0.00173815;90
-82.4123;0.0130261;90
-93.0636;0.00106652;90
-81.4301;0.00788504;90
-86.7817;0.00115783;90
-79.8812;0.208333;90
-71.4946;0.0344461;90
-86.776;0.0863437;90
-81.2216;0.00404944;90
-84.8399;0.00105628;90
-78.5014;0.0298328;90
-92.6063;0.080203;90
-100.535;0.10363;90
-104.515;0.00432505;90
-94.6801;0.0234703;90
-83.7755;0.00306205;90
-76.2028;0.00732537;90
-67.4131;0.00186938;90
-71.9766;0.00700051;90
-82.2099;0.000929579;90
-72.7506;0.0133274;90
-67.8749;0.000953189;90
-77.04;0.00981399;90
-70.5959;0.032288;90
-71.0263;0.00255587;90
-63.0712;0.046076;90
-50.3959;0.026724;90
-57.8639;0.00427498;90
-44.0264;0.0181024;90
-57.9058;0.00300764;90
-46.1872;0.0126621;90
-43.5091;0.002446;90
-47.9321;0.00116118;90
-75.4933;0.0254618;90
-63.1586;0.00352364;90
-48.429;0.039001;90
-66.1633;0.00596588;90
-51.1278;0.00716077;90
-53.4558;0.00700151;90
-64.7045;0.0148565;90
-67.5983;0.00317241;90
-64.7217;0.0158917;90
-66.461;0.00366824;90
-65.9491;0.00447555;90
-63.9979;0.00887538;90
-57.5876;0.00755024;90
-54.391;0.0163332;90
-58.7103;0.0031654;90
-56.9334;0.00489358;90
-58.5708;0.00846494;90
-58.454;0.00799911;90
-68.0069;0.00899346;90
-68.5897;0.00905917;90
-67.3676;0.009142;90
-70.4757;0.00818356;90
-82.8024;0.00891525;90
-89.3848;0.00931354;90
-83.143;0.00670899;90
-70.7569;0.00645675;90
-74.5418;0.0046523;90
-71.7181;0.00532688;90
-72.9576;0.002095;90
-66.9667;0.00355002;90
-54.4375;0.00187589;90
-34.6559;0.00240219;90
-23.7752;0.00130473;90
-28.8611;0.000948855;90
-12.2566;0.000890293;90
-34.1751;0.00121234;90
-28.4864;0.00202746;90
-30.9638;0.00257145;90
-45.7529;0.0017757;90
-65.3906;0.00581851;90
-75.4613;0.00384409;90
-69.427;0.00158509;90
-66.6288;0.00335529;90
-62.475;0.00285631;90
-61.4324;0.00501678;90
-79.2568;0.00697933;90
-89.126;0.0060317;90
-82.2313;0.00589612;90
-87.6548;0.00579185;90
-80.3516;0.00541763;90
-78.0082;0.00532316;90
-59.6048;0.0259427;90
-71.6722;0.00287483;90
-70.69;0.0470456;90
-72.3298;0.00457274;90
-69.054;0.0225266;90
-69.9351;0.00203448;90
-62.5539;0.0589524;90
-37.9265;0.00165948;90
-7.92295;0.0142773;90
43.3794;0.0222269;90
-58.0395;0.00283942;90
-49.7077;0.0050488;90
-49.2536;0.00599652;90
-56.1052;0.0132713;90
-55.7715;0.00368892;90
-60.541;0.0117812;90
-65.0265;0.00191616;90
-60.3699;0.00260114;90
-61.4423;0.00199354;90
-79.4574;0.0311915;90
-83.0701;0.00360534;90
-85.0367;0.0127026;90
-83.2486;0.00386178;90
-85.1091;0.017312;90
-78.4176;0.00383509;90
-76.8672;0.00786059;90
-72.2568;0.0152452;90
-58.6973;0.00278313;90
-79.8708;0.0225566;90
-78.611;0.00199019;90
-80.5516;0.00610989;90
-40.431;0.00426964;90
-27.1791;0.00417274;90
-48.8352;0.00534922;90
-49.0763;0.00497364;90
-39.0171;0.00984351;90
-42.4194;0.00201022;90
-60.1168;0.00513815;90
-61.6385;0.00651955;90
-39.4101;0.00487819;90
-38.2979;0.00427753;90
-69.265;0.00565745;90
-85.7083;0.00718916;90
-80.85;0.0166458;90
-70.2499;0.00256275;90
-75.7636;0.00451362;90
-78.8473;0.0123665;90
-61.0064;0.00155144;90
-73.5751;0.00356133;90
-79.3011;0.00386214;90
-76.67;0.00186936;90
-78.0636;0.00401788;90
-74.1266;0.00338924;90
-46.3776;0.00332366;90
7.4329;0.00330074;90
-27.2659;0.00394874;90
-66.3674;0.00710703;90
-68.2899;0.00745586;90
-74.952;0.0082002;90
-80.9474;0.00845937;90
-71.787;0.00759237;90
-72.5863;0.00819666;90
-64.3686;0.0131467;90
-71.5861;0.0103267;90
-76.4809;0.00419216;90
-73.4736;0.0256277;90
-73.9192;0.00424198;90
-78.7968;0.0216944;90
-78.7159;0.00522806;90
-75.9744;0.00649874;90
-75.9929;0.0109857;90
-75.4426;0.0108534;90
-68.1655;0.0846054;90
-62.4637;0.00482792;90
-74.4944;0.0471324;90
-85.7864;0.00481802;90
-60.1753;0.0179874;90
-56.3003;0.0329933;90
55.0586;0.000927125;90
44.8427;0.00180242;90
44.9507;0.00738998;90
23.4523;0.00133422;90
60.0619;0.0120626;90
51.8382;0.00140156;90
68.9567;0.00213327;90
66.983;0.0168592;90
39.7814;0.000606383;90
86.2799;0.0462064;90
86.6353;0.00390173;90
87.7428;0.0100798;90
73.1884;0.0341464;90
64.2683;0.00245993;90
79.0967;0.00328836;90
83.7486;0.00854984;90
94.6985;0.0386629;90
38.8426;0.038869;90
75.8478;0.00719023;90
56.3223;0.005154;90
49.4269;0.00506598;90
9.69859;0.0109637;90
-31.6867;0.00175337;90
12.6175;0.0231183;90
-27.5608;0.0027794;90
-43.9891;0.00244485;90
-58.4555;0.00423006;90
-59.0114;0.0110689;90
-45.2442;0.00182506;90
17.0662;0.00391855;90
77.1441;0.0117977;90
-65.1829;0.000953008;90
-90.2413;0.0106851;90
-106.578;0.000858693;90
-103.569;0.00297504;90
-105.653;0.00258695;90
-104.083;0.00325895;90
155.079;0.000685861;90
144.762;0.00284415;90
-144.586;0.00420376;90
89.5075;0.00139605;90
86.9502;0.00122173;90
-175.301;0.00316163;90
-160.297;0.000786018;90
144.766;0.00131734;90
121.854;0.00333296;90
106.884;0.00550217;90
135.535;0.0012877;90
-114.053;0.00115313;90
-63.1748;0.00108361;90
-61.7453;0.00412555;90
-62.6561;0.000888248;90
-58.0998;0.00173151;90
-55.4948;0.000896764;90
-57.3808;0.00106854;90
-40.167;0.000872845;90
10.1533;0.000845237;90
15.7891;0.00100699;90
17.2249;0.00113804;90
-58.7363;0.00108097;90
-31.8185;0.000942661;90
19.6435;0.000749627;90
29.0181;0.000762751;90
42.2316;0.000732003;90
26.3255;0.000748642;90
11.1215;0.000715436;90
-16.7414;0.000781108;90
-42.1077;0.000812794;90
-43.883;0.0010156;90
-10.8173;0.000729971;90
41.5664;0.000566703;90
77.7299;0.000912853;90
-34.6628;0.000784182;90
-54.1188;0.00100835;90
-103.27;0.00179492;90
-94.0615;0.00101655;90
-86.5038;0.00111508;90
-68.9436;0.00087117;90
-24.2142;0.000577839;90
9.87939;0.000542038;90
25.1727;0.000644178;90
26.5236;0.000618049;90
33.9384;0.000703921;90
19.2055;0.000799496;90
1.864;0.000676358;90
-3.47724;0.000577062;90
-10.8036;0.000554834;90
-8.57669;0.000616899;90
-13.916;0.000577964;90
-15.6532;0.000807965;90
-21.1706;0.000556563;90
-28.8461;0.00064047;90
-33.0131;0.00089202;90
-34.6385;0.000703734;90
-22.6266;0.000657615;90
-29.4333;0.000661363;90
-12.2986;0.000647868;90
20.4027;0.000524931;90
-76.2067;0.00188743;90
-84.2584;0.000919614;90
-76.4931;0.000997592;90
-15.0298;0.00082523;90
-9.43615;0.000719739;90
-54.1187;0.00112437;90
-59.3047;0.000695434;90
-69.3752;0.000877224;90
-77.1448;0.00104725;90
-85.7636;0.00113711;90
-86.5871;0.00115906;90
-88.0681;0.00100857;90
-86.5093;0.00100186;90
-87.5406;0.00107199;90
-85.2691;0.00101847;90
-85.2804;0.000972297;90
-90.4441;0.00103203;90
-85.8714;0.00180569;90
-92.0866;0.00104369;90
-94.23;0.000989696;90
-95.8467;0.00171794;90
-94.3581;0.00151338;90
-94.4349;0.00157772;90
-105.117;0.00573238;90
-72.0532;0.00144743;90
-72.2137;0.000838057;90
-70.3093;0.00083694;90
-60.6133;0.000754022;90
-63.7338;0.00137162;90
-74.4941;0.000841633;90
-79.427;0.00143334;90
-70.6806;0.00165944;90
-57.7435;0.00133031;90
-62.3435;0.00115044;90
-57.9608;0.00107823;90
-58.0099;0.00357134;90
-69.4583;0.00140215;90
-69.833;0.00151701;90
-69.7559;0.00088145;90
-58.2127;0.00125293;90
-55.869;0.00129748;90
-67.8685;0.000902494;90
-54.6679;0.000745268;90
-39.0788;0.000555213;90
-62.7309;0.00156492;90
-63.6532;0.00105677;90
-57.0638;0.00109618;90
-69.1633;0.00114702;90
-58.3487;0.000857555;90
-75.3136;0.000919027;90
-72.3645;0.00101993;90
-85.2557;0.00147505;90
-95.6975;0.00130947;90
-78.4219;0.00959626;90
-81.7826;0.00139229;90
-89.3123;0.00158311;90
91.5566;0.00128848;90
102.468;0.0018527;90
104.486;0.00126729;90
104.461;0.00160175;90
108.274;0.0013522;90
100.166;0.00151275;90
91.997;0.00152092;90
104.474;0.000856176;90
95.5767;0.000936432;90
79.7218;0.00115453;90
85.8368;0.00115705;90
110.551;0.0012933;90
113.481;0.00290125;90
113.933;0.0013632;90
121.614;0.00119422;90
116.371;0.00105588;90
121.928;0.00126309;90
124.134;0.00107282;90
121.387;0.000696989;90
119.131;0.00137835;90
127.208;0.000813614;90
112.397;0.000910699;90
106.124;0.000839002;90
106.675;0.000906104;90
107.004;0.000899316;90
106.418;0.00134797;90
125.054;0.000990698;90
141.49;0.000838344;90
127.385;0.00106724;90
117.425;0.00140038;90
116.9;0.00114712;90
119.802;0.000997984;90
110.411;0.00147671;90
102.354;0.00106568;90
103.498;0.00121249;90
117.789;0.00104672;90
118.025;0.000983294;90
110.255;0.000935874;90
106.728;0.00112564;90
107.297;0.00125789;90
98.2348;0.000928574;90
63.7357;0.000851954;90
68.2923;0.00113553;90
69.1489;0.00150025;90
74.7002;0.00101186;90
85.0862;0.00155271;90
85.3172;0.00182509;90
86.2057;0.00173781;90
81.8341;0.00158406;90
98.0372;0.00130886;90
90.4842;0.00142005;90
90.8814;0.00149518;90
90.9797;0.0013452;90
100.617;0.00134604;90
93.1971;0.00129101;90
93.3356;0.00163277;90
96.729;0.00139964;90
108.47;0.00153086;90
123.243;0.00131523;90
126.233;0.00118767;90
106.521;0.00125897;90
173.196;0.000641518;90
118.084;0.00145082;90
131.565;0.000896809;90
161.295;0.00060495;90
154.115;0.000678024;90
149.979;0.000823476;90
148.858;0.000717382;90
145.27;0.000626637;90
147.47;0.000602528;90
161.565;0.00086014;90
163.407;0.000668851;90
162.45;0.000696417;90
172.347;0.000780956;90
-161.987;0.000814941;90
-168.35;0.000727996;90
-161.299;0.000817141;90
-156.592;0.000503432;90
-161.362;0.000535061;90
-156.538;0.000627914;90
-161.699;0.000675148;90
164.608;0.000625432;90
104.107;0.00117339;90
88.6718;0.00198453;90
80.0813;0.000928884;90
76.6104;0.00092412;90
119.989;0.000756247;90
143.992;0.000665075;90
-142.402;0.0012899;90
165.163;0.000781041;90
136.397;0.000638;90
146.094;0.000808481;90
147.715;0.000780698;90
-171.938;0.000477722;90
-156.937;0.000556478;90
-144.967;0.00113578;90
-139.197;0.000676393;90
-161.852;0.000947114;90
-174.043;0.000809371;90
166.494;0.00416621;90
121.09;0.00116774;90
125.026;0.000975705;90
121.039;0.00116945;90
122.532;0.00123474;90
119.055;0.00089572;90
128.67;0.00089144;90
139.596;0.00100591;90
138.005;0.00111948;90
135.966;0.000880473;90
67.824;0.00122134;90
78.9975;0.00146187;90
117.773;0.00930948;90
143.84;0.0012423;90
170.584;0.00221889;90
-162.5;0.0022879;90
-161.611;0.00118238;90
-120.677;0.00315561;90
-115.759;0.0041349;90
-93.0122;0.00508102;90
-74.7387;0.00485522;90
-73.2381;0.0052532;90
-85.7805;0.00539563;90
-92.5892;0.00506918;90
-81.8997;0.00462717;90
-89.1114;0.00245029;90
-142.075;0.00343298;90
-129.792;0.00528127;90
-131.286;0.00527265;90
-128.79;0.0051639;90
-127.982;0.00505835;90
-133.043;0.00484509;90
-129.251;0.00508279;90
-123.019;0.0054944;90
-130.49;0.00498214;90
-136.32;0.00457407;90
-134.476;0.00486722;90
-120.139;0.00566827;90
-143.513;0.00413189;90
-173.116;0.00365434;90
-178.838;0.00379678;90
-177.368;0.00396318;90
-150.721;0.00456178;90
-122.017;0.0061376;90
-113.058;0.00752953;90
-113.592;0.00704371;90
-114.556;0.00670875;90
-117.893;0.0070048;90
-123.85;0.00586875;90
-123.226;0.00602258;90
-113.347;0.00707534;90
-105.977;0.00773477;90
-98.826;0.00812724;90
-97.2075;0.00836107;90
-102.064;0.00764586;90
-106.303;0.00701404;90
-105.436;0.0061768;90
-103.249;0.00464257;90
-102.902;0.00458167;90
-102.436;0.00201529;90
-80.4924;0.00249426;90
-59.5501;0.00204623;90
-59.5365;0.00282846;90
-56.961;0.00190385;90
-53.664;0.00251131;90
-50.8874;0.000889281;90
-56.7824;0.00221971;90
-56.1392;0.000651498;90
-120.701;0.00276562;90
-129.292;0.00161384;90
-121.343;0.00150339;90
26.5065;0.00131302;90
53.1512;0.0010872;90
38.3908;0.00096454;90
17.711;0.00207747;90
-65.255;0.00491423;90
65.583;0.00211188;90
77.3929;0.00190595;90
144.78;0.00195241;90
157.788;0.00235691;90
132.962;0.00298305;90
124.105;0.0031763;90
122.417;0.00498244;90
121.452;0.00098701;90
123.555;0.00140756;90
135.935;0.00103959;90
106.982;0.00160917;90
75.4119;0.00543936;90
76.4431;0.00652274;90
74.7087;0.00679869;90
74.5341;0.00679505;90
77.6861;0.007085;90
82.0347;0.00732467;90
82.4852;0.00749336;90
76.9497;0.00740013;90
70.0289;0.00691269;90
60.7023;0.00576891;90
53.8809;0.00523525;90
58.5;0.00593686;90
63.2344;0.00587776;90
65.2334;0.00605602;90
67.0372;0.00641319;90
67.0462;0.00626941;90
62.8796;0.00576709;90
41.2964;0.00448819;90
13.1248;0.00382697;90
1.93725;0.0036681;90
8.14998;0.00366805;90
16.543;0.00379301;90
47.4135;0.00471847;90
55.2237;0.00522289;90
43.0897;0.00453932;90
44.829;0.00450217;90
54.1248;0.00501176;90
56.1665;0.00465173;90
55.6538;0.00561865;90
48.388;0.00464249;90
44.1382;0.00488949;90
50.7416;0.00520212;90
48.6082;0.00492132;90
52.3833;0.00464959;90
62.2611;0.00447531;90
76.8227;0.00150462;90
94.6934;0.0037275;90
87.5283;0.00486953;90
94.3844;0.00523231;90
106.145;0.00500957;90
105.981;0.00468194;90
92.165;0.00304417;90
-19.3839;0.00169932;90
-25.6465;0.000753204;90
-6.75222;0.000552835;90
41.8442;0.000655067;90
95.4719;0.00171984;90
97.977;0.00137632;90
93.4787;0.00131843;90
97.7485;0.00248469;90
65.3723;0.0015742;90
56.154;0.00163027;90
16.0076;0.00202346;90
10.7883;0.00200341;90
-22.4491;0.00234901;90
-52.0398;0.00289052;90
-62.547;0.00265498;90
-61.9603;0.00257188;90
-60.1796;0.00178771;90
-116.992;0.00162164;90
164.982;0.0005094;90
104.619;0.00677122;90
122.172;0.00295232;90
148.088;0.0025387;90
-178.123;0.00235126;90
-160.079;0.00228045;90
-122.843;0.00210199;90
-124.924;0.00379919;90
-99.904;0.00501169;90
-79.5831;0.00489467;90
-71.986;0.00555216;90
-81.5864;0.0056589;90
-93.3598;0.00559662;90
-83.5667;0.00496225;90
-84.9012;0.00271173;90
-145.006;0.00293818;90
-130.217;0.00504581;90
-131.001;0.00490795;90
-127.567;0.00437272;90
-129.164;0.00602182;90
-132.415;0.00501708;90
-131.206;0.00505487;90
-124.017;0.00578257;90
-127.443;0.00537687;90
-136.643;0.00478484;90
-135.083;0.00485359;90
-120.507;0.00571863;90
-144.651;0.00434013;90
-173;0.00402097;90
-179.221;0.00411938;90
-175.57;0.00375422;90
-147.323;0.00407852;90
-122.843;0.00540254;90
-112.63;0.00635423;90
-113.076;0.00651098;90
-114.367;0.00634303;90
-115.806;0.00624812;90
-120.725;0.00601657;90
-125.253;0.00685393;90
-117.223;0.00708925;90
-107.789;0.00768862;90
-100.955;0.00790912;90
-96.1354;0.00778459;90
-99.8156;0.00738511;90
-104.417;0.00700046;90
-106.902;0.00690319;90
-103.519;0.00663896;90
-103.115;0.00590093;90
-100.453;0.00268964;90
-127.249;0.00105902;90
120.752;0.00366306;90
124.07;0.00426269;90
124.651;0.00395196;90
129.48;0.00180087;90
121.944;0.00366855;90
123.267;0.00461773;90
124.496;0.00465439;90
128.364;0.00263109;90
132.822;0.00146972;90
140.42;0.0021486;90
145.948;0.00202165;90
144.91;0.00273632;90
131.22;0.00313222;90
119.6;0.0038689;90
113.176;0.00369194;90
112.172;0.0028724;90
122.82;0.00186345;90
-142.868;0.00131201;90
-75.245;0.00280345;90
-20.2768;0.000816606;90
67.8649;0.00239124;90
77.4678;0.0036223;90
79.6385;0.00298569;90
46.5666;0.000594899;90
-103.433;0.00691313;90
-74.3738;0.00192308;90
-84.4977;0.00131405;90
-63.4411;0.00413762;90
-57.549;0.00392487;90
-44.537;0.00350029;90
-33.469;0.00287586;90
-34.0177;0.0021825;90
-52.4252;0.00616107;90
-53.7905;0.00388666;90
-57.2784;0.00379053;90
-55.0811;0.0032721;90
-52.6986;0.00169965;90
-55.6799;0.0036324;90
-55.0296;0.00412106;90
-56.5711;0.00346885;90
56.2767;0.0023902;90
77.2141;0.00565728;90
75.6823;0.00636882;90
74.024;0.00694317;90
75.8711;0.0073452;90
79.4499;0.00789751;90
82.7848;0.00835214;90
79.2722;0.00830006;90
70.8056;0.00763441;90
62.0623;0.00670208;90
53.5892;0.00579039;90
59.3425;0.00664241;90
64.1099;0.0067194;90
66.4643;0.00689673;90
67.3795;0.00707962;90
65.7049;0.00659397;90
48.5089;0.00524525;90
22.3809;0.00411281;90
-1.45906;0.00377022;90
5.14048;0.00375008;90
17.5169;0.00365132;90
38.9082;0.00425109;90
55.4252;0.00547859;90
45.1362;0.00505653;90
44.8928;0.00491511;90
54.455;0.00549247;90
55.9334;0.00514856;90
53.3005;0.00551522;90
48.9399;0.00497069;90
47.6465;0.005069;90
48.7533;0.00496889;90
49.6288;0.00488933;90
53.4105;0.00486346;90
64.0497;0.00400145;90
94.6462;0.00316039;90
85.7197;0.00515839;90
95.173;0.00557872;90
106.277;0.00524108;90
106.173;0.00511961;90
88.8833;0.00543903;90
63.5518;0.00438494;90
59.7747;0.00278108;90
23.8437;0.00171431;90
15.3779;0.00249638;90
-16.1773;0.00237608;90
-50.1658;0.00307852;90
-60.2391;0.00310447;90
-63.0557;0.00263504;90
-59.3459;0.00158673;90
-116.529;0.00143511;90
177.107;0.000653833;90
112.289;0.01052;90
175.441;0.00437785;90
-155.229;0.0010716;90
-173.18;0.00100209;90
-116.421;0.00249457;90
-83.1081;0.00222508;90
-87.5477;0.00186971;90
-80.0463;0.00159095;90
-86.179;0.00165067;90
-147.615;0.000767349;90
156.272;0.000867316;90
153.532;0.000792016;90
154.197;0.000907477;90
-107.69;0.00124067;90
-81.0766;0.00381012;90
-72.9992;0.0047506;90
-76.5852;0.00559053;90
-91.5695;0.0055861;90
-88.2464;0.00522845;90
-77.5399;0.00388859;90
-144.447;0.00261069;90
-131.518;0.00504178;90
-129.46;0.00542054;90
-130.233;0.00567578;90
-127.673;0.00566636;90
-133.156;0.00551617;90
-128.047;0.00581203;90
-123.885;0.00619881;90
-133.335;0.00540316;90
-138.534;0.00502436;90
-123.262;0.00620449;90
-135.185;0.00524817;90
-171.442;0.00429381;90
-179.917;0.004162;90
-172.985;0.00426593;90
-143.379;0.00530405;90
-117.458;0.00654532;90
-112.779;0.00706395;90
-113.684;0.00661953;90
-115.011;0.00601724;90
-117.857;0.00622993;90
-124.014;0.00588491;90
-123.18;0.00625838;90
-113.735;0.00695639;90
-105.847;0.00738987;90
-99.2433;0.00748317;90
-96.6191;0.00771241;90
-101.283;0.00750301;90
-105.204;0.00548705;90
-106.051;0.00838698;90
-103.27;0.00671326;90
-103.47;0.00579543;90
-95.5835;0.000986681;90
-94.3511;0.00110719;90
131.505;0.00233142;90
123.746;0.00425733;90
124.818;0.003748;90
124.352;0.00266357;90
125.802;0.00166329;90
124.084;0.00379008;90
123.364;0.00394759;90
124.443;0.00362805;90
126.101;0.00290726;90
133.884;0.00297748;90
143.91;0.00294027;90
144.725;0.0030892;90
131.551;0.00374951;90
116.418;0.00417609;90
113.137;0.00351468;90
111.978;0.00240477;90
125.327;0.00158237;90
-138.102;0.00133273;90
-75.505;0.00260492;90
-32.5546;0.000895739;90
69.1994;0.00208382;90
76.6898;0.00296669;90
78.82;0.00328535;90
64.4231;0.0011929;90
-97.1164;0.0082818;90
-70.3051;0.00478916;90
-61.2476;0.00193337;90
-51.5469;0.00623278;90
-28.4133;0.00134502;90
-33.0044;0.00196988;90
-34.5235;0.00177329;90
-46.7825;0.00220512;90
-54.3887;0.0028955;90
-54.9269;0.00306811;90
-53.7741;0.00980422;90
-65.0787;0.00123169;90
-56.1099;0.00675213;90
-55.3206;0.00138141;90
-55.6327;0.00248717;90
-23.2654;0.000901288;90
73.5664;0.00477194;90
76.9506;0.00626684;90
74.7159;0.00762883;90
74.2301;0.00798453;90
79.5869;0.00857015;90
82.871;0.00897639;90
79.7317;0.00798285;90
72.0522;0.00766184;90
62.04;0.00683366;90
56.6666;0.0126549;90
62.0067;0.00285277;90
65.4595;0.00368376;90
65.9924;0.0147029;90
69.456;0.0027926;90
67.1605;0.00381295;90
24.0047;0.0126742;90
38.3505;0.0246764;90
43.6925;0.00198324;90
55.1713;0.0120166;90
58.9581;0.00213705;90
50.9154;0.00240139;90
48.8591;0.0239652;90
70.9445;0.001752;90
72.6342;0.00145743;90
88.3518;0.0131074;90
110.241;0.00246844;90
107.307;0.00324386;90
92.3967;0.0139652;90
48.7725;0.00194522;90
27.8851;0.00634809;90
-10.4714;0.000830837;90
-49.8007;0.000726626;90
-58.191;0.00327838;90
73.1365;0.00130303;90
-45.7613;0.00122411;90
-66.2683;0.00176418;90
-64.0194;0.00232384;90
-59.7172;0.00219328;90
-65.9895;0.0111377;90
6.83124;0.00374962;90
20.7614;0.000849139;90
-86.5986;0.00230907;90
29.6311;0.00343639;90
-29.2574;0.00258014;90
26.689;0.00144719;90
75.5099;0.00342908;90
92.6271;0.00148356;90
44.8361;0.000741758;90
75.9474;0.00169678;90
76.79;0.00215297;90
93.2784;0.00206338;90
86.8271;0.00827468;90
103.066;0.00187555;90
102.363;0.00452595;90
100.649;0.00639616;90
102.789;0.00636079;90
101.347;0.00604822;90
101.454;0.00367111;90
87.2623;0.00408266;90
80.8587;0.00501671;90
88.3073;0.00399474;90
100.966;0.00503086;90
106.275;0.00500976;90
127.026;0.00412342;90
129.097;0.00448279;90
112.083;0.00582533;90
98.864;0.00635996;90
92.427;0.00540785;90
84.5052;0.00314344;90
80.1583;0.00489098;90
80.1069;0.00575051;90
82.3478;0.00552722;90
85.9847;0.00522683;90
86.157;0.00580405;90
89.489;0.00605524;90
111.387;0.00526237;90
116.144;0.00548075;90
106.521;0.00631575;90
100.138;0.00691395;90
96.6522;0.00691455;90
96.1809;0.00758811;90
98.6503;0.00654242;90
100.334;0.00637745;90
100.717;0.00640471;90
100.971;0.00638977;90
99.8654;0.00668282;90
93.3548;0.00690383;90
91.6631;0.00695993;90
91.6941;0.00696805;90
94.4849;0.00688007;90
105.211;0.00635359;90
102.98;0.00631743;90
91.0025;0.00697307;90
91.4178;0.00711318;90
103.414;0.00647875;90
106.436;0.00589175;90
106.175;0.00599845;90
101.181;0.00645145;90
96.2222;0.00686444;90
94.3543;0.006928;90
92.4013;0.00747056;90
91.9459;0.00674389;90
90.0925;0.00681001;90
89.8723;0.00672802;90
89.6153;0.00685115;90
83.7434;0.00650575;90
76.2659;0.00634749;90
81.2094;0.00656309;90
91.5867;0.00675359;90
95.7028;0.00656147;90
97.8724;0.00635186;90
99.7842;0.00664363;90
102.531;0.00641583;90
104.853;0.00642882;90
105.442;0.00621951;90
105.133;0.00629738;90
100.991;0.00676101;90
97.2866;0.0068594;90
94.2221;0.00679143;90
91.6697;0.00720706;90
91.767;0.00703735;90
90.9017;0.0072439;90
93.0401;0.00727824;90
95.4705;0.00719577;90
95.2499;0.00730062;90
91.3445;0.00745805;90
88.7473;0.00750179;90
91.5505;0.0079089;90
97.8288;0.00742218;90
103.37;0.0067119;90
105.839;0.00570459;90
105.448;0.0061419;90
104.738;0.00674906;90
102.36;0.00712923;90
99.7694;0.00748454;90
97.3898;0.00730064;90
94.7746;0.0073766;90
95.3689;0.018468;90
95.326;0.00209002;90
89.6225;0.00683015;90
82.4835;0.00629913;90
80.1005;0.00654952;90
82.1237;0.00673554;90
85.4245;0.00740861;90
93.7327;0.00768029;90
102.473;0.00716717;90
92.1965;0.00756656;90
90.3377;0.0059391;90
90.6495;0.00705745;90
90.6494;0.00670543;90
91.5756;0.00541905;90
90.4761;0.00457316;90
90.2555;0.00426004;90
90.6406;0.00411426;90
90.3501;0.00425508;90
90.1907;0.00480703;90
91.6901;0.00308534;90
81.0914;0.00209224;90
79.1428;0.00374809;90
74.7193;0.00274712;90
66.3768;0.00267518;90
65.82;0.00377194;90
63.6665;0.00398336;90
56.0041;0.00379337;90
46.2306;0.00339136;90
46.1542;0.004107;90
45.9734;0.00399573;90
59.6969;0.00495269;90
84.7421;0.00637282;90
88.7425;0.00710871;90
87.0715;0.00739866;90
81.1952;0.00727776;90
81.1165;0.0068188;90
84.2801;0.00677272;90
88.2051;0.00606598;90
91.026;0.00614298;90
87.6922;0.00558753;90
78.7775;0.00603744;90
78.426;0.00608574;90
78.4464;0.00622616;90
78.4347;0.00646935;90
83.7296;0.00652805;90
89.7666;0.00564605;90
89.761;0.00551405;90
89.7764;0.00589404;90
89.7517;0.00623106;90
90;0.006548;90
91.4185;0.00634194;90
93.2357;0.0061478;90
93.3259;0.00605019;90
93.3304;0.00616241;90
93.5384;0.00631905;90
93.6199;0.00639877;90
91.3247;0.0067478;90
88.808;0.00639338;90
88.5556;0.00650607;90
88.4558;0.00667943;90
88.2263;0.00675224;90
84.085;0.00622012;90
77.3196;0.005945;90
66.7676;0.00533892;90
51.0015;0.00425394;90
34.6365;0.00345903;90
31.353;0.00333264;90
42.4318;0.00385053;90
59.3136;0.00541993;90
75.3699;0.00655245;90
84.807;0.00721461;90
77.4533;0.00695099;90
61.5508;0.00572654;90
53.0052;0.00522981;90
63.6698;0.00589119;90
61.203;0.0056611;90
54.2148;0.00521934;90
64.8929;0.00587068;90
78.936;0.00671684;90
84.6992;0.00706823;90
78.4248;0.00669312;90
83.7632;0.00648941;90
89.841;0.00684703;90
95.9067;0.00744352;90
95.8298;0.00702936;90
91.9905;0.00734143;90
90.6623;0.00761351;90
84.7911;0.00718166;90
77.2823;0.00680905;90
75.2688;0.00661856;90
75.7007;0.00665622;90
75.36;0.00692793;90
76.101;0.00728943;90
81.6185;0.00780031;90
82.8874;0.00745436;90
83.1138;0.00696424;90
79.2664;0.00692109;90
72.6024;0.00658526;90
72.4017;0.00680025;90
79.1271;0.00737948;90
83.92;0.00785519;90
87.338;0.00779441;90
90.6638;0.00785453;90
94.359;0.00752577;90
92.3252;0.00781343;90
82.1491;0.0073721;90
74.791;0.00697945;90
76.625;0.00727122;90
84.9005;0.00738021;90
92.7838;0.0072065;90
95.9541;0.0072109;90
99.0318;0.00704535;90
99.0606;0.00717553;90
99.1609;0.00749966;90
99.5541;0.00728404;90
98.3443;0.0075661;90
95.6598;0.00762517;90
94.2071;0.00759246;90
93.6532;0.00772169;90
90.1399;0.00778002;90
84.4725;0.00772392;90
82.9412;0.00751093;90
83.0216;0.00756403;90
86.3052;0.00763487;90
90.0816;0.00772101;90
90.1109;0.00775001;90
90.0314;0.007303;90
90.0319;0.007179;90
88.7934;0.00726561;90
84.8;0.00744765;90
83.5839;0.00733796;90
83.5727;0.0077004;90
81.1229;0.00788647;90
76.4383;0.0074672;90
71.5331;0.00680333;90
58.6746;0.00576075;90
51.8489;0.00524171;90
53.1237;0.0053592;90
66.9761;0.00645847;90
76.7752;0.00686711;90
85.0087;0.00758577;90
74.4819;0.00663072;90
58.4362;0.00524026;90
57.1318;0.0050469;90
65.0312;0.00539415;90
68.3742;0.0054539;90
68.7435;0.00540899;90
67.7017;0.00513931;90
68.3947;0.00542624;90
70.4001;0.00528842;90
79.747;0.00503947;90
95.8024;0.00540067;90
106.613;0.00609648;90
116.494;0.00610626;90
128.295;0.00489911;90
143.016;0.00410241;90
162.421;0.00368193;90
153.589;0.00382861;90
136.658;0.00437387;90
123.724;0.00509187;90
114.653;0.00584476;90
109.772;0.00657458;90
114.884;0.00507627;90
120.982;0.00539466;90
128.182;0.00527698;90
136.118;0.00460343;90
140.864;0.00391026;90
137.68;0.0041588;90
130.878;0.0054794;90
127.612;0.00585609;90
125.127;0.00582729;90
126.866;0.0056722;90
131.322;0.00524623;90
136.652;0.00492988;90
142.502;0.00450607;90
144.625;0.00462237;90
132.556;0.00529043;90
124.201;0.00581571;90
117.242;0.00640097;90
110.757;0.00703995;90
110.853;0.00685718;90
113.652;0.00661792;90
117.757;0.00625698;90
120.848;0.00595204;90
127.01;0.00557022;90
126.296;0.0227093;90
143.841;0.0231228;90
142.245;0.023285;90
123.853;0.00583408;90
116.957;0.00627813;90
113.855;0.00664901;90
115.15;0.00644497;90
118.403;0.00619128;90
116.424;0.00637058;90
115.271;0.00649565;90
110.671;0.00684996;90
106.647;0.00724673;90
108.688;0.00708136;90
109.737;0.00695881;90
111.944;0.00670585;90
114.802;0.00651272;90
117.251;0.00623952;90
114.412;0.00653527;90
110.676;0.00688227;90
105.362;0.00783284;90
103.308;0.0150316;90
111.133;0.00679283;90
129.61;0.00431333;90
151.838;0.00181371;90
57.715;0.00162881;90
62.0754;0.00360019;90
88.1367;0.00212212;90
178.815;0.00149932;90
-150.704;0.00136107;90
-97.4262;0.000943917;90
23.3542;0.013829;90
10.5392;0.00349903;90
-2.54283;0.00322317;90
-17.8492;0.00340279;90
24.8676;0.00224958;90
29.0293;0.00175783;90
21.876;0.00228127;90
13.8597;0.00267591;90
14.8741;0.00270359;90
30.0875;0.00331923;90
34.0882;0.00367193;90
27.7298;0.00334406;90
8.12273;0.00329809;90
-10.6608;0.00316768;90
-15.7952;0.00340559;90
-15.7953;0.00346067;90
1.57955;0.0031562;90
51.528;0.00433509;90
54.085;0.00427219;90
27.027;0.00327237;90
11.4747;0.00300098;90
8.42766;0.00302264;90
1.87393;0.00308865;90
42.5123;0.0037144;90
18.7557;0.00310699;90
12.1198;0.00319113;90
19.2171;0.0027799;90
38.0726;0.00345896;90
25.039;0.00141056;90
11.618;0.0020061;90
6.85308;0.00198619;90
5.62898;0.00188609;90
-46.0668;0.00205097;90
-75.6158;0.000998295;90
-87.1746;0.00247501;90
-34.1246;0.00120678;90
0.86369;0.00119414;90
100.308;0.0269042;90
111.32;0.00571832;90
105.279;0.00619703;90
100.307;0.00630983;90
99.8153;0.00651131;90
99.9299;0.00654708;90
99.7069;0.00647064;90
99.9241;0.00648707;90
99.85;0.00651199;90
99.8011;0.00656177;90
100.215;0.00651833;90
101.419;0.00639967;90
102.647;0.00644437;90
103.744;0.00666278;90
104.319;0.00620268;90
104.323;0.00621311;90
104.41;0.00624033;90
104.343;0.00624878;90
104.359;0.00620173;90
107.662;0.00590957;90
114.528;0.0055597;90
116.141;0.0053837;90
116.245;0.00535726;90
116.115;0.00507066;90
113.718;0.00442035;90
106.491;0.00487556;90
102.191;0.00520436;90
100.506;0.00527036;90
99.5399;0.00533985;90
99.4019;0.00530121;90
99.5495;0.00529234;90
99.5087;0.00528461;90
104.698;0.00503683;90
114.477;0.00445542;90
126.21;0.00383585;90
128.79;0.00365385;90
121.785;0.00405516;90
110.543;0.0047191;90
103.61;0.00505701;90
100.255;0.00533624;90
100.098;0.0052869;90
101.362;0.00516727;90
106.015;0.00495117;90
105.117;0.00500416;90
103.707;0.00502203;90
103.78;0.00515539;90
103.753;0.00529583;90
103.735;0.00654103;90
103.189;0.00618412;90
101.694;0.00628547;90
101.62;0.00627051;90
106.542;0.00600243;90
112.776;0.00555625;90
119.916;0.0049345;90
128.916;0.00446365;90
136.133;0.00396835;90
136.595;0.00287126;90
150.38;0.0026768;90
149.301;0.00308306;90
144.004;0.00365983;90
146.269;0.00346299;90
152.184;0.00313527;90
158.546;0.00297192;90
163.058;0.0027556;90
162.408;0.00275274;90
153.662;0.00304734;90
141.589;0.00345725;90
133.207;0.0036165;90
139.733;0.00311908;90
115.36;0.00389207;90
103.229;0.00533559;90
104.49;0.00582322;90
106.113;0.0061579;90
106.803;0.00631984;90
105.866;0.00640499;90
104.122;0.00678712;90
102.033;0.00649471;90
100.385;0.00666823;90
100.234;0.00663048;90
103.188;0.00648708;90
107.803;0.00610325;90
112.738;0.0057824;90
118.422;0.00531345;90
125.105;0.00486371;90
133.238;0.00443778;90
140.573;0.00408447;90
132.195;0.00450826;90
121.973;0.00510082;90
113.959;0.00565639;90
106.788;0.00619398;90
101.319;0.00654734;90
97.0475;0.00678123;90
96.4696;0.00684258;90
96.6171;0.00678621;90
98.26;0.0067379;90
100.536;0.00667758;90
102.54;0.00644782;90
103.424;0.00635771;90
103.634;0.00646107;90
102.757;0.00640818;90
100.141;0.00667326;90
97.6617;0.00678053;90
98.2156;0.00672502;90
101.09;0.006587;90
105.36;0.00627825;90
108.572;0.00608487;90
108.742;0.0060783;90
108.712;0.00608777;90
108.79;0.00556666;90
108.864;0.00557968;90
108.824;0.0055942;90
108.895;0.00559235;90
108.913;0.00561514;90
108.893;0.00553733;90
106.153;0.00575833;90
90.6328;0.00624738;90
81.5871;0.00613097;90
81.595;0.00610254;90
81.62;0.00612742;90
81.7342;0.00621153;90
81.7377;0.00613063;90
81.7363;0.00618522;90
81.7517;0.00616881;90
81.671;0.00610944;90
82.4847;0.00630012;90
90.3779;0.00636714;90
93.3601;0.00631285;90
93.3617;0.00637797;90
93.3473;0.00633681;90
93.3558;0.00632084;90
93.8232;0.00629902;90
93.26;0.00669984;90
88.365;0.00427574;90
86.6682;0.0024261;90
91.125;0.00193537;90
90.4996;0.00355514;90
92.9371;0.00402028;90
102.267;0.0039113;90
108.802;0.00473466;90
108.821;0.00483871;90
108.7;0.00479406;90
108.792;0.00506923;90
109.147;0.0141191;90
112.264;0.00429954;90
131.268;0.00367201;90
150.632;0.00266097;90
138.334;0.00322208;90
140.47;0.00274476;90
141.879;0.00263883;90
132.855;0.00323021;90
131.84;0.00311672;90
125.221;0.0031349;90
108.897;0.00442765;90
120.852;0.00360165;90
134.003;0.00292645;90
104.124;0.00364313;90
100.083;0.00466098;90
117.859;0.00368285;90
113.693;0.00403401;90
113.337;0.00422572;90
113.535;0.00443272;90
115.465;0.00440273;90
128.471;0.00342054;90
131.244;0.00335678;90
131.306;0.00359958;90
131.267;0.00373579;90
131.276;0.00352743;90
139.532;0.00298909;90
143.48;0.00278105;90
136.341;0.00335473;90
135.547;0.00311;90
122.08;0.00326681;90
118.786;0.00381894;90
141.658;0.00290316;90
171.614;0.00240673;90
173.298;0.0021507;90
166.352;0.00196652;90
140.199;0.00174809;90
128.732;0.00187159;90
125.834;0.00263223;90
122.614;0.00270325;90
122.463;0.00285043;90
122.42;0.0027531;90
122.586;0.00270716;90
122.59;0.00322118;90
121.817;0.00369878;90
111.411;0.00447053;90
107.929;0.00451211;90
108.244;0.00445915;90
108.225;0.00430705;90
108.303;0.00465236;90
108.024;0.00453767;90
113.968;0.00446062;90
131.138;0.00317079;90
134.047;0.00340165;90
134.295;0.00339225;90
134.134;0.00294685;90
128.684;0.00145913;90
141.864;0.00182825;90
150.977;0.0017623;90
172.957;0.00207969;90
179.239;0.00233521;90
178.264;0.00237709;90
152.806;0.00203718;90
126.032;0.00306173;90
110.946;0.00443936;90
108.531;0.0050878;90
112.959;0.00458631;90
139.206;0.00276729;90
-168.281;0.00260939;90
152.252;0.00247004;90
160.339;0.00209834;90
15.4477;0.000521852;90
-34.2765;0.00227633;90
-15.726;0.0021879;90
12.9326;0.0020777;90
94.6872;0.00149299;90
94.7221;0.00217438;90
67.5736;0.00154916;90
69.9767;0.00146027;90
98.5145;0.002087;90
98.8496;0.00193706;90
86.2382;0.00233202;90
94.2744;0.00183811;90
118.168;0.00137483;90
102.804;0.00160183;90
96.274;0.00191245;90
88.3494;0.00197882;90
78.9938;0.00173899;90
92.7881;0.00180914;90
49.3323;0.00149769;90
66.0059;0.00239277;90
60.7086;0.00169238;90
77.4814;0.00183154;90
77.7263;0.00136418;90
94.5781;0.00110252;90
144.446;0.00121932;90
156.488;0.00131847;90
153.873;0.00128757;90
174.638;0.00139109;90
153.134;0.00119274;90
96.5086;0.00101454;90
132.006;0.000676918;90
144.788;0.000532423;90
129.361;0.000841996;90
109.006;0.00152303;90
64.3145;0.00148582;90
26.0135;0.000743303;90
-24.6829;0.00117099;90
-55.4464;0.00117776;90
121.626;0.000800952;90
130;0.000640956;90
172.659;0.00108792;90
-168.972;0.000757998;90
-117.663;0.000723724;90
-86.0224;0.00109564;90
-71.2994;0.00102301;90
-56.1123;0.000964907;90
-34.959;0.000851674;90
-73.0158;0.00138647;90
-20.5274;0.00163694;90
-16.9737;0.00159968;90
-11.5848;0.000980984;90
-35.8537;0.0012856;90
-27.5772;0.00108869;90
80.9441;0.00164551;90
84.3772;0.00233725;90
95.6504;0.0023665;90
97.467;0.00284714;90
94.0075;0.00271865;90
90.8547;0.00234626;90
134.368;0.00186051;90
110.887;0.0021289;90
120.515;0.00201277;90
109.589;0.00248163;90
91.9261;0.00202314;90
69.3594;0.00269499;90
83.0688;0.00293344;90
85.6685;0.00202579;90
112.933;0.00167326;90
102.69;0.000887683;90
87.1349;0.00106033;90
-120.084;0.00069225;90
-133.818;0.000753936;90
-121.387;0.000696989;90
127.381;0.000672027;90
114.276;0.00101912;90
-62.7128;0.00106445;90
-40.4585;0.000696566;90
64.6407;0.00082887;90
27.8476;0.000539475;90
-68.9782;0.00182871;90
-78.1905;0.00152937;90
-92.9978;0.0016062;90
-98.1624;0.0022609;90
-108.13;0.00237807;90
-102.694;0.00228895;90
-70.7057;0.00316263;90
-55.4915;0.00135915;90
-60.2433;0.00179925;90
-71.6595;0.00211019;90
-47.3506;0.0016723;90
-95.9496;0.00257588;90
-83.4623;0.00291596;90
-81.0165;0.00273454;90
-91.5492;0.00295908;90
-97.913;0.00216461;90
-102.76;0.00188351;90
-102.375;0.00230967;90
-117.16;0.00172187;90
-112.196;0.00177882;90
-127.768;0.00178622;90
-98.0869;0.00187666;90
-96.6506;0.00197731;90
-92.2818;0.00208465;90
-83.6567;0.00203647;90
-76.4928;0.00154987;90
-62.0086;0.00145524;90
-87.6036;0.00181759;90
-93.517;0.00198875;90
-83.8029;0.00194537;90
-80.287;0.00210416;90
-106.091;0.00156949;90
-113.139;0.00163122;90
-85.6034;0.00208714;90
-88.5988;0.00139042;90
-28.2336;0.000982945;90
-49.988;0.00316356;90
-69.7259;0.00499549;90
-71.4272;0.00512702;90
-63.6795;0.00471591;90
-36.9119;0.0032768;90
-1.16826;0.00264855;90
33.6779;0.00131103;90
-21.234;0.00628145;90
-58.0388;0.00247287;90
-45.8663;0.0032269;90
-45.7137;0.00346297;90
-45.9481;0.00341862;90
-53.0387;0.0038884;90
-70.1406;0.00498656;90
-71.8818;0.00543446;90
-71.7265;0.00549827;90
-71.7763;0.00540405;90
-72.0715;0.00543807;90
-64.6033;0.00480318;90
-57.5532;0.00378367;90
-57.4438;0.00248083;90
-57.476;0.00224867;90
-57.5425;0.0025658;90
-57.5724;0.00261827;90
-57.3668;0.00263139;90
-54.3373;0.00261058;90
-50.2185;0.00243334;90
-27.5064;0.002477;90
-6.81932;0.00223179;90
-6.84793;0.00220574;90
-21.1247;0.00212265;90
-12.502;0.00162145;90
38.0928;0.00239895;90
38.6203;0.00316908;90
44.6641;0.00373854;90
46.881;0.0043086;90
40.7141;0.00402125;90
43.8701;0.00387287;90
58.1575;0.0048087;90
64.3119;0.00499686;90
65.6434;0.00456094;90
72.6413;0.00515163;90
80.3105;0.00580481;90
83.0138;0.00542629;90
82.6591;0.00608891;90
81.2979;0.00643103;90
83.6444;0.00616992;90
86.1175;0.00590756;90
85.3562;0.0062746;90
81.5551;0.00597175;90
78.8441;0.00561816;90
79.0144;0.00564647;90
83.6652;0.00590908;90
90;0.006096;90
98.0418;0.00605454;90
100.805;0.00571838;90
100.845;0.00589937;90
99.9571;0.00626334;90
94.6826;0.00546324;90
89.5353;0.0060412;90
73.387;0.00413772;90
42.7537;0.00270606;90
45.2642;0.00260713;90
50.7778;0.00311863;90
52.3124;0.00217222;90
54.1697;0.00175269;90
55.649;0.00194768;90
62.4913;0.00160214;90
76.6957;0.00195548;90
53.1981;0.0006744;90
19.4524;0.00128219;90
19.5951;0.000655991;90
55.0713;0.000667183;90
-149.319;0.00163251;90
-154.765;0.00071305;90
-123.178;0.0143792;90
-141.914;0.00285484;90
-118.912;0.00343972;90
-94.843;0.00497476;90
-88.6266;0.00559061;90
-82.4863;0.0061256;90
-79.248;0.00555859;90
-78.9925;0.00553585;90
-79.7005;0.00573847;90
-85.0026;0.00600382;90
-91.9656;0.0061226;90
-98.7921;0.00579004;90
-101.074;0.00556053;90
-100.479;0.00555871;90
-97.4737;0.00601207;90
-93.7228;0.00634539;90
-94.6607;0.0062888;90
-97.5972;0.00594519;90
-98.6096;0.00596522;90
-96.9831;0.0063088;90
-97.4269;0.00654491;90
-104.005;0.00627658;90
-112.876;0.0051012;90
-115.662;0.00522321;90
-119.035;0.00434738;90
-131.773;0.00381877;90
-139.409;0.00353184;90
-137.633;0.00329435;90
-131.885;0.0034225;90
-135.2;0.00345141;90
-142.664;0.00322351;90
-141.512;0.00234433;90
-156.79;0.00067242;90
147.155;0.00270668;90
172.793;0.00251084;90
173.166;0.00236984;90
152.713;0.00255424;90
129.937;0.00200327;90
126.875;0.0023264;90
122.961;0.00217987;90
92.8749;0.000917154;90
101.172;0.0018684;90
88.8507;0.00224345;90
89.7398;0.00264203;90
92.6908;0.00268396;90
84.8724;0.00256225;90
78.7387;0.00277034;90
67.6498;0.00197756;90
59.8647;0.0015656;90
65.6128;0.0016711;90
61.3422;0.00183704;90
65.6589;0.0019361;90
46.6166;0.00150391;90
64.8352;0.00184844;90
68.6946;0.00156603;90
92.5169;0.00200393;90
86.1673;0.00204958;90
91.6287;0.00186475;90
89.8344;0.00138401;90
79.0984;0.00121085;90
73.0388;0.00148771;90
63.5614;0.00101294;90
62.3379;0.000747431;90
-118.687;0.00155827;90
-107.687;0.0017938;90
-99.8847;0.00156118;90
-84.2068;0.00193187;90
-94.2355;0.00242362;90
-87.7017;0.00236891;90
-110.106;0.00195196;90
-114.148;0.00232221;90
-135.571;0.00148995;90
-116.759;0.00251649;90
-114.677;0.00223952;90
-121.424;0.00187969;90
-106.555;0.00250587;90
-101.748;0.00235738;90
-91.6478;0.00319932;90
-88.3538;0.00358548;90
-91.7185;0.00303436;90
-76.5129;0.00207523;90
129.597;0.00292131;90
123.128;0.00212072;90
123.056;0.001804;90
121.807;0.00280997;90
122.5;0.0029239;90
122.327;0.00351003;90
111.085;0.00473932;90
107.721;0.00545377;90
108.176;0.00566148;90
107.881;0.00592417;90
107.907;0.00563289;90
117.731;0.00487832;90
134.569;0.00338148;90
133.781;0.00372164;90
134.215;0.00361507;90
132.358;0.00242371;90
116.002;0.00100136;90
65.0428;0.00255012;90
71.2459;0.00340583;90
69.9763;0.00337608;90
70.1749;0.003037;90
72.0183;0.00303841;90
95.8218;0.00281954;90
106.799;0.00269188;90
96.8466;0.00239911;90
95.1983;0.00134654;90
93.4215;0.00122318;90
93.7568;0.000931001;90
70.0729;0.00087435;90
73.9697;0.00157525;90
73.0855;0.0009177;90
73.5155;0.000817606;90
-32.8835;0.000650173;90
-34.8643;0.000771473;90
-42.337;0.000608769;90
-103.63;0.00177807;90
-106.563;0.00128742;90
136.048;0.000657012;90
-113.599;0.000751879;90
133.399;0.00721177;90
131.428;0.00213395;90
130.675;0.00210043;90
124.138;0.00241274;90
122.718;0.00254949;90
141.089;0.000960009;90
98.0651;0.00299361;90
112.044;0.00312008;90
105.156;0.00333914;90
118.952;0.00287763;90
139.814;0.00231688;90
161.836;0.00146921;90
147.12;0.00154916;90
158.095;0.00164044;90
166.884;0.00148063;90
146.176;0.00142281;90
158.484;0.00134148;90
158.235;0.00173681;90
164.336;0.00164821;90
119.487;0.00207016;90
142.69;0.00067642;90
118.34;0.00128501;90
94.5418;0.00135124;90
56.1111;0.000719173;90
22.3842;0.000766776;90
-0.643746;0.000534034;90
-27.9645;0.000842354;90
-53.9213;0.00073867;90
-166.103;0.00280202;90
-68.2088;0.00208499;90
-28.3879;0.000534243;90
-56.7088;0.00119513;90
-40.9286;0.00182257;90
-15.4547;0.00181254;90
-19.001;0.00144049;90
-35.8783;0.00152543;90
-76.0111;0.000881132;90
-102.494;0.00160398;90
-102.558;0.00190866;90
-118.077;0.00208429;90
-112.276;0.00177011;90
-134.205;0.00147729;90
-89.4977;0.00216708;90
-100.903;0.0023209;90
-86.6577;0.00236703;90
-79.417;0.00230318;90
-62.7954;0.00164272;90
-88.5712;0.00216567;90
-94.6803;0.00234081;90
-78.7582;0.00230829;90
-87.776;0.00216463;90
-124.71;0.00148045;90
-92.5845;0.00201805;90
-78.7594;0.0016211;90
-46.7179;0.00247669;90
-61.8683;0.00369671;90
-71.2108;0.00465401;90
-71.1663;0.0046806;90
-61.0762;0.00399879;90
-43.6524;0.00171379;90
149.574;0.000584493;90
-104.792;0.00261258;90
-89.3864;0.00457526;90
-97.7382;0.00574835;90
-101.507;0.00638636;90
-95.6174;0.00667104;90
-82.0446;0.00686406;90
-86.2647;0.00638556;90
-105.156;0.0384888;90
-90.7446;0.00269323;90
-89.5513;0.0063842;90
-103.521;0.00553028;90
-113.422;0.00500872;90
-110.004;0.00520928;90
-109.331;0.00541638;90
-109.546;0.00587029;90
-102.718;0.00624112;90
-99.6566;0.00615826;90
-100.061;0.00596472;90
-104.246;0.00523808;90
-113.155;0.00344338;90
-97.3487;0.00301779;90
-87.6976;0.00350983;90
-93.3983;0.00411624;90
-101.272;0.00353009;90
-111.214;0.00409016;90
-143.43;0.00343405;90
163.023;0.00331862;90
158.765;0.00332689;90
171.363;0.00322962;90
-157.626;0.00362273;90
-155.895;0.00371933;90
-157.906;0.00352807;90
-178.388;0.00327029;90
176.878;0.0035072;90
178.097;0.00328281;90
178.057;0.00262551;90
178.189;0.00205703;90
159.835;0.00156066;90
136.848;0.00190806;90
148.304;0.00200035;90
171.012;0.00192666;90
-178.374;0.00179772;90
-178.116;0.001855;90
179.948;0.002197;90
-179.223;0.000885081;90
3.25552;0.000545881;90
-69.4163;0.00121454;90
-89.7528;0.00533105;90
-89.9289;0.006451;90
-89.9674;0.007036;90
-89.9636;0.006291;90
-90.0354;0.006479;90
-90.0673;0.006811;90
-90.0548;0.007315;90
-90.9063;0.00727091;90
-91.0553;0.00722122;90
-91.0503;0.00731023;90
-91.0806;0.00726429;90
-91.5264;0.0073206;90
-91.5381;0.0072276;90
-91.5052;0.00727151;90
-91.5367;0.00727162;90
-91.5043;0.00723749;90
-91.506;0.00726751;90
-91.4943;0.00732449;90
-91.9434;0.00719514;90
-92.0282;0.00723353;90
-92.0499;0.00724063;90
-92.017;0.00727351;90
-91.9591;0.00725424;90
-91.5927;0.00726781;90
-91.0583;0.00720123;90
-90.6559;0.00733848;90
-90.6011;0.0072444;90
-90.4577;0.00726123;90
-85.5663;0.00715341;90
-75.5561;0.00596556;90
-68.47;0.00407643;90
-68.7824;0.0036998;90
-76.7236;0.00576097;90
-83.4598;0.00686568;90
-83.8489;0.00719543;90
-83.9208;0.00705367;90
-83.9261;0.00688968;90
-83.7866;0.00673557;90
-79.5004;0.00644796;90
-71.3775;0.00560232;90
-61.4211;0.00463242;90
-53.5094;0.0046831;90
-62.7247;0.00580886;90
-75.0143;0.00550316;90
-76.8857;0.00480841;90
-68.9059;0.00567101;90
-60.3063;0.00513764;90
-60.1198;0.00525103;90
-61.633;0.00503454;90
-79.3494;0.00489126;90
-90.7671;0.00649858;90
-91.1882;0.0069925;90
-91.0319;0.00660807;90
-89.3289;0.00717149;90
-88.6768;0.00697186;90
-88.5726;0.00702518;90
-88.5897;0.00682607;90
-85.6939;0.00640608;90
-80.1362;0.00600679;90
-73.1616;0.00599295;90
-69.311;0.00570062;90
-69.2997;0.00590416;90
-69.3464;0.00584036;90
-69.8864;0.00607766;90
-73.2334;0.0061912;90
-77.3409;0.00682183;90
-78.3387;0.00681261;90
-78.3725;0.00647487;90
-78.4562;0.00663113;90
-78.4576;0.00676685;90
-81.5693;0.00673882;90
-87.62;0.00681488;90
-93.9723;0.00705896;90
-95.9073;0.00651962;90
-91.1903;0.00678746;90
-86.5741;0.00696144;90
-81.6571;0.00552042;90
-76.794;0.00589181;90
-71.3919;0.00627715;90
-65.1253;0.00586731;90
-53.5049;0.00510631;90
-51.3104;0.00510157;90
-51.3943;0.00512375;90
-52.3074;0.00515353;90
-53.6083;0.00527218;90
-56.6822;0.00550718;90
-58.7941;0.00547754;90
-58.0845;0.00567842;90
-58.1863;0.00551446;90
-58.8349;0.00565983;90
-62.6594;0.00588095;90
-68.4621;0.00637945;90
-72.9694;0.00677405;90
-72.1064;0.00659396;90
-61.4596;0.00574743;90
-49.2418;0.00499029;90
-48.2297;0.00490734;90
-50.8735;0.0050235;90
-54.5382;0.0056157;90
-52.7751;0.0051641;90
-48.5546;0.00488136;90
-41.805;0.00457998;90
-44.7668;0.00469169;90
-49.9832;0.00496569;90
-56.2442;0.00531986;90
-59.3377;0.00563947;90
-59.907;0.00567606;90
-60.0272;0.00564263;90
-60.2739;0.00566901;90
-60.3585;0.00570796;90
-60.8301;0.00569757;90
-66.9267;0.00612388;90
-72.6292;0.00670898;90
-72.7012;0.00668226;90
-64.7724;0.00599698;90
-53.1587;0.0052168;90
-46.6204;0.00442614;90
-46.542;0.00320577;90
-37.0284;0.0012288;90
-52.9414;0.00182201;90
-46.9836;0.00353412;90
-47.2086;0.0043852;90
-48.2855;0.00423192;90
-58.1992;0.00409702;90
-64.809;0.00391648;90
-65.8009;0.0019175;90
-109.687;0.0010419;90
-150.192;0.00203988;90
-149.782;0.00246379;90
-112.896;0.0023621;90
-67.236;0.00235439;90
-56.3134;0.00451997;90
-45.7096;0.00439642;90
-37.0007;0.00446641;90
-17.3953;0.00397374;90
7.18748;0.0038684;90
28.2416;0.00426467;90
34.2025;0.00446524;90
29.5849;0.00421906;90
18.6103;0.00402971;90
7.10853;0.00387881;90
-7.73666;0.00389243;90
-26.2116;0.00442168;90
-25.6505;0.00414665;90
-15.7241;0.00401838;90
-11.8984;0.00393351;90
-18.1863;0.00400822;90
-32.7146;0.00433339;90
-45.6477;0.00487935;90
-56.2621;0.00597412;90
-63.8406;0.00612653;90
-65.4029;0.00631615;90
-64.1417;0.00623642;90
-61.2151;0.00600388;90
-57.7392;0.00568218;90
-54.0512;0.0054117;90
-49.8053;0.0051659;90
-45.4128;0.00490745;90
-40.4043;0.00466848;90
-34.4838;0.00442444;90
-27.1207;0.0041964;90
-19.4063;0.00404798;90
-11.2441;0.0039284;90
-4.83125;0.00387075;90
-12.6965;0.00389012;90
-36.5866;0.00448965;90
-56.9497;0.00563832;90
-69.5795;0.00658054;90
-76.448;0.0144925;90
-73.6861;0.00700608;90
-70.0844;0.00711023;90
-66.1516;0.00642563;90
-62.8129;0.00622021;90
-64.838;0.00615506;90
-67.5546;0.00644311;90
-68.8393;0.0065432;90
-71.2637;0.00679298;90
-73.0891;0.00702685;90
-71.8359;0.00675565;90
-65.7808;0.00643543;90
-63.9332;0.00617178;90
-63.0878;0.00612649;90
-64.3903;0.00614244;90
-65.6535;0.00642322;90
-64.8562;0.00627455;90
-58.8291;0.0057864;90
-55.19;0.00551977;90
-50.3614;0.00518385;90
-42.6365;0.0048011;90
-33.1953;0.00440005;90
-23.6535;0.0040852;90
-19.8892;0.00401233;90
-25.4283;0.00421537;90
-30.587;0.0043294;90
-34.5239;0.00442171;90
-40.915;0.00471495;90
-51.2582;0.0052412;90
-58.5342;0.00577406;90
-58.8674;0.00576186;90
-50.757;0.00521647;90
-45.066;0.00490874;90
-52.0405;0.00535357;90
-58.0901;0.00572283;90
-61.868;0.00600206;90
-64.9494;0.00626094;90
-68.302;0.00658347;90
-70.1123;0.00667297;90
-66.1482;0.00641487;90
-59.4058;0.0058237;90
-50.5226;0.00523142;90
-40.9606;0.00468774;90
-34.3422;0.00443512;90
-40.2652;0.00466018;90
-45.535;0.00492238;90
-50.525;0.00521439;90
-54.6007;0.00548621;90
-54.2887;0.00541031;90
-52.0836;0.00570535;90
-47.8932;0.00505731;90
-42.6081;0.00479483;90
-41.6094;0.00473459;90
-47.3816;0.00501984;90
-56.1852;0.00560637;90
-63.3014;0.00613847;90
-69.329;0.00671104;90
-67.1016;0.00644054;90
-56.6195;0.00559617;90
-43.0598;0.00482453;90
-23.1527;0.00409479;90
-21.9269;0.00407045;90
-42.0711;0.00477426;90
-56.5948;0.00546719;90
-63.9362;0.00500943;90
-35.3321;0.00317474;90
-78.5723;0.00419925;90
-102.316;0.00541972;90
-107.805;0.00586385;90
-111.089;0.0063171;90
-111.791;0.00637344;90
-111.71;0.0066206;90
-112.059;0.00673394;90
-116.296;0.00637913;90
-123.096;0.00583465;90
-114.955;0.00639947;90
-97.4847;0.00788418;90
-98.8885;0.00789582;90
-110.095;0.00639744;90
-122.197;0.0052043;90
-128.632;0.00483889;90
-127.767;0.00480199;90
-116.496;0.00554098;90
-105.783;0.0064377;90
-103.535;0.00681527;90
-98.1941;0.00709342;90
-96.2337;0.00695311;90
-96.1844;0.00694341;90
-95.8272;0.00694388;90
-91.6088;0.00790712;90
-89.913;0.00790601;90
-89.9419;0.007887;90
-90;0.008068;90
-90.0284;0.008072;90
-94.8388;0.008417;90
-96.9482;0.00787786;90
-96.9412;0.00757955;90
-94.1364;0.00772211;90
-88.0523;0.00797361;90
-86.0912;0.00817101;90
-85.475;0.00817548;90
-82.8079;0.00816323;90
-80.6012;0.0077095;90
-80.91;0.00784249;90
-80.7903;0.0078664;90
-80.9328;0.00765263;90
-83.7644;0.00786252;90
-86.9696;0.00802022;90
-95.5784;0.00789037;90
-104.958;0.00731485;90
-104.644;0.00723088;90
-96.0198;0.00778091;90
-86.4931;0.00797794;90
-86.578;0.00799125;90
-90.3785;0.00862819;90
-93.7242;0.00792874;90
-97.6348;0.00772246;90
-103.092;0.00747839;90
-109.069;0.00694827;90
-103.775;0.00728657;90
-97.8724;0.00757842;90
-96.6495;0.00793639;90
-97.9556;0.00794042;90
-102.916;0.0074577;90
-104.662;0.00732453;90
-104.729;0.00755942;90
-104.124;0.00774102;90
-101.58;0.00798045;90
-94.1596;0.00441162;90
-90.0618;0.007416;90
-88.5071;0.00863593;90
-84.0633;0.00829549;90
-85.3444;0.00841476;90
-92.7289;0.00840153;90
-101.029;0.00791926;90
-95.7547;0.00840737;90
-102.004;0.00775559;90
-118.777;0.00641872;90
-125.5;0.00589969;90
-115.604;0.00663893;90
-110.252;0.0262829;90
-99.4508;0.00327039;90
-108.962;0.00533024;90
-125.615;0.0058368;90
-143.79;0.00519174;90
-144.02;0.00478978;90
-122.536;0.00599253;90
-105.975;0.00758285;90
-95.8361;0.00835933;90
-91.6034;0.0081842;90
-91.5172;0.00834693;90
-91.3064;0.00789505;90
-89.3237;0.0071165;90
-86.2518;0.00642474;90
-86.2559;0.00647783;90
-86.3903;0.00643276;90
-87.9163;0.00618809;90
-86.4624;0.00636914;90
-88.633;0.00574263;90
-91.6614;0.00789832;90
-87.5672;0.00657292;90
-86.0678;0.00438933;90
-89.5917;0.00687617;90
-95.984;0.00552511;90
-96.3943;0.00677917;90
-98.9834;0.00635293;90
-109.742;0.00561292;90
-98.8112;0.00669805;90
-99.2378;0.00553782;90
-90.3668;0.00702914;90
-90.908;0.00940218;90
-93.9517;0.0024378;90
-97.1041;0.00644447;90
-99.0141;0.00689313;90
-99.013;0.00635142;90
-91.767;0.00781572;90
-91.2419;0.0068286;90
-98.6547;0.00695115;90
-126.575;0.00423746;90
-134.192;0.00401111;90
-133.308;0.00414333;90
-132.639;0.00399926;90
-120.4;0.00449965;90
-113.941;0.00452205;90
-114.101;0.00366115;90
-105.611;0.00292075;90
-100.696;0.00314667;90
-99.034;0.00233091;90
-90.4724;0.00327511;90
-89.7886;0.00325202;90
-89.4301;0.00341817;90
-88.4083;0.00302417;90
-89.2368;0.00315328;90
-89.7229;0.00310204;90
-89.3081;0.00380928;90
-89.4767;0.00547423;90
-89.4565;0.00643129;90
-89.1912;0.00672967;90
-89.2914;0.00646849;90
-88.4804;0.00633523;90
-84.4382;0.00590178;90
-77.9291;0.00587694;90
-86.324;0.00552136;90
-93.7139;0.00646858;90
-97.1428;0.00638556;90
-94.9787;0.0224116;90
-85.7358;0.00297223;90
-84.4616;0.0354977;90
-80.5979;0.0020323;90
-77.1754;0.00262652;90
-75.5415;0.0203381;90
-74.8535;0.00351718;90
-76.1695;0.00925328;90
-86.0032;0.216179;90
-75.4934;0.01628;90
-80.0794;0.00372063;90
-90.5463;0.00797036;90
-84.1016;0.00935151;90
-73.185;0.00810974;90
-85.5475;0.00948061;90
-89.0418;0.014651;90
-83.8012;0.00554743;90
-79.6537;0.00569053;90
-79.8557;0.0123887;90
-78.7558;0.00872345;90
-83.1529;0.00953702;90
-83.8125;0.0087027;90
-79.349;0.00763962;90
-73.4768;0.00710959;90
-62.7176;0.00610852;90
-78.0139;0.00644757;90
-93.6422;0.0067847;90
-92.4607;0.00552009;90
-98.1594;0.00830709;90
-99.7173;0.007388;90
-96.2984;0.00423858;90
-91.0825;0.00465783;90
-83.8546;0.00776261;90
-67.9066;0.00652189;90
-48.6194;0.00492847;90
-59.3068;0.00493887;90
-76.0393;0.00643714;90
-75.0785;0.00707973;90
-63.5132;0.00621985;90
-75.7447;0.00666008;90
-73.9995;0.00442961;90
-71.0526;0.00360641;90
-69.4561;0.00332549;90
-114.024;0.00341918;90
-112.298;0.00346836;90
-123.2;0.00285626;90
-169.16;0.00105279;90
-86.4325;0.00202492;90
-79.0092;0.00306319;90
-109.059;0.000958543;90
-89.1009;0.00847604;90
-99.3454;0.0018536;90
-104.715;0.00186208;90
-104.199;0.00239723;90
-106.668;0.00381426;90
-98.2302;0.00218652;90
138.533;0.00176688;90
164.069;0.00272881;90
-137.069;0.00266329;90
142.836;0.000622408;90
92.3064;0.00245999;90
-165.572;0.00234392;90
172.187;0.00255269;90
118.423;0.00391831;90
107.284;0.00299212;90
113.858;0.00245257;90
135.462;0.000876841;90
-66.1153;0.00620651;90
-64.7553;0.00161084;90
-56.3933;0.00286004;90
-0.26718;0.00193002;90
15.3959;0.00210556;90
-34.4492;0.00079551;90
-90.9638;0.00160523;90
21.6172;0.00167479;90
22.0619;0.00216449;90
-32.9785;0.00227805;90
-16.1241;0.000572522;90
71.4299;0.00268162;90
77.0466;0.00250269;90
72.3829;0.00210471;90
74.2101;0.00156921;90
78.2882;0.00190159;90
88.7223;0.0100905;90
101.287;0.00195175;90
102.536;0.0025293;90
31.6703;0.00161324;90
56.9053;0.00250904;90
65.9621;0.00293121;90
89.8194;0.00222101;90
111.612;0.00269334;90
91.2174;0.00160036;90
-89.1652;0.00837389;90
-117.557;0.00116293;90
-123.11;0.00224804;90
-164.67;0.0012028;90
-77.0229;0.00293906;90
-85.4406;0.00235244;90
-108.051;0.000897158;90
-90.5596;0.00706434;90
-71.1075;0.00110873;90
-104.805;0.00180802;90
-173.523;0.000460943;90
129.874;0.00151148;90
143.249;0.001932;90
165.977;0.00209648;90
-123.401;0.00164942;90
-97.5026;0.00312475;90
-92.315;0.00319361;90
165.817;0.00132231;90
-113.033;0.00167666;90
-135.879;0.00165907;90
-162.42;0.0026487;90
143.138;0.0028222;90
109.209;0.00369894;90
114.69;0.00263818;90
112.052;0.00220534;90
154.236;0.000639578;90
-137.425;0.0212442;90
-40.0282;0.000856701;90
-26.2068;0.00085822;90
-6.90391;0.000707127;90
-52.7123;0.000932625;90
-57.0421;0.00112863;90
-1.29675;0.000751192;90
1.20786;0.000996221;90
69.8892;0.000843424;90
96.0069;0.00142382;90
95.1511;0.0014368;90
68.2712;0.0011723;90
73.258;0.00128445;90
74.1297;0.00125795;90
54.9034;0.00152533;90
61.8129;0.00105853;90
57.7169;0.00102789;90
53.0054;0.000919002;90
37.2826;0.000916224;90
76.9335;0.00143311;90
56.8867;0.00104705;90
-20.9476;0.00810037;90
-59.0117;0.00120032;90
-56.7285;0.00132882;90
-57.869;0.00149852;90
-41.4843;0.00108391;90
12.203;0.00118272;90
16.2224;0.00133516;90
-26.4636;0.00100981;90
-50.1157;0.00111815;90
14.6347;0.0010449;90
36.1398;0.00116149;90
31.4122;0.00109557;90
-0.162618;0.001057;90
-32.4712;0.0011213;90
-40.352;0.00122166;90
-9.38441;0.000846327;90
79.5508;0.00113584;90
-21.4239;0.000479104;90
-41.5125;0.000825308;90
17.6407;0.000524672;90
70.3486;0.0015641;90
-27.3715;0.000730819;90
-41.4367;0.00116048;90
-52.7982;0.00138102;90
47.6211;0.000695814;90
-21.7698;0.000674074;90
-46.6858;0.00103353;90
-51.1809;0.00101139;90
-49.1199;0.000757856;90
6.39979;0.000636969;90
56.5762;0.000954927;90
74.8943;0.00114351;90
75.1963;0.00135808;90
-57.0109;0.00145093;90
-53.7651;0.00081205;90
-117.252;0.00391564;90
176.698;0.000572951;90
160.85;0.000734654;90
168.073;0.000764505;90
174.732;0.000773266;90
176.542;0.000696268;90
-164.91;0.000699106;90
-168.826;0.000660521;90
-153.78;0.000667702;90
-145.86;0.0007056;90
-159.369;0.000627224;90
-179.566;0.000924027;90
111.663;0.00107277;90
91.7357;0.00125458;90
82.8378;0.00133945;90
74.4584;0.0012279;90
121.513;0.000912586;90
150.255;0.000628856;90
-113.057;0.00116942;90
169.132;0.000609939;90
151.932;0.000682235;90
139.834;0.000813947;90
143.952;0.000613463;90
150.822;0.000676891;90
-176.745;0.000634023;90
-155.816;0.000602917;90
-150.869;0.000659407;90
-137.235;0.000815915;90
-162.784;0.000594643;90
-152.584;0.000662396;90
-171.582;0.000478152;90
109.762;0.00141961;90
174.806;0.000751085;90
-156.943;0.000957489;90
-169.19;0.000629165;90
-164.491;0.00081155;90
158.295;0.000886882;90
122.249;0.000672787;90
121.025;0.000799355;90
130.146;0.000668492;90
118.742;0.000800643;90
123.056;0.000901998;90
115.413;0.00102298;90
126.494;0.000884419;90
137.287;0.000815236;90
98.8172;0.000919871;90
112.551;0.00096477;90
121.365;0.00100483;90
112.544;0.000816385;90
-69.472;0.00335077;90
-44.0921;0.000892481;90
-50.3801;0.000987938;90
-59.6381;0.00128991;90
-58.7054;0.0012475;90
-56.7305;0.00139816;90
-51.7497;0.00124536;90
-4.27532;0.00103287;90
16.9147;0.0012992;90
18.8189;0.00127411;90
-76.3261;0.00172592;90
18.8279;0.00115268;90
17.1382;0.000950192;90
40.6631;0.00120624;90
10.7612;0.00104437;90
-21.2299;0.00115434;90
-41.2363;0.00138963;90
-9.1917;0.000870174;90
56.5993;0.000713908;90
-12.926;0.00100138;90
48.9356;0.00159688;90
9.37784;0.00066894;90
-47.0875;0.00133944;90
-49.3095;0.0013927;90
53.5437;0.00077582;90
-34.9584;0.000977344;90
-47.3828;0.00108847;90
-48.6076;0.000887764;90
-40.832;0.000700474;90
32.8314;0.000536733;90
56.8232;0.00105259;90
76.5153;0.00120934;90
19.5118;0.000841314;90
-58.6644;0.000924911;90
-120.052;0.00423535;90
174.652;0.000643802;90
165.165;0.000730346;90
171.679;0.000635693;90
173.512;0.000725648;90
178.616;0.000538157;90
-167.913;0.000491904;90
-158.055;0.000666277;90
-139.69;0.000639953;90
-155.907;0.000622206;90
-155.025;0.000660789;90
-176.248;0.000550179;90
154.134;0.000513439;90
107.668;0.000968692;90
91.147;0.00094919;90
86.4064;0.00103704;90
75.4894;0.00155252;90
118.395;0.00127431;90
-132.663;0.00110967;90
167.918;0.000640181;90
158.424;0.000565632;90
146.892;0.000627953;90
136.788;0.000702499;90
148.212;0.000560001;90
175.51;0.000574764;90
163.54;0.000596444;90
-143.003;0.000629802;90
-153.48;0.000571092;90
-150.642;0.00067923;90
-141.617;0.000938928;90
-164.361;0.000693681;90
117.812;0.00139743;90
157.614;0.000491004;90
-161.857;0.000931303;90
-160.433;0.000752453;90
-166.233;0.000722764;90
173.582;0.000814102;90
128.296;0.00115696;90
122.961;0.000806877;90
121.211;0.000795075;90
125.852;0.000742717;90
122.178;0.000809312;90
112.702;0.000909462;90
90.8412;0.00129414;90
111.951;0.000856058;90
111.724;0.000959117;90
86.1306;0.00158561;90
124.258;0.00592976;90
116.507;0.00266629;90
132.149;0.00324115;90
-116.644;0.00130005;90
-98.7495;0.00130822;90
-55.5167;0.0193318;90
11.163;0.00275309;90
1.22904;0.00167839;90
-75.718;0.0021484;90
34.9002;0.00327013;90
-34.7284;0.00293845;90
-65.1781;0.00196999;90
-73.468;0.00213318;90
-46.5463;0.001153;90
13.8995;0.00274333;90
13.716;0.00164903;90
-8.40314;0.00273031;90
53.7945;0.0014661;90
89.1214;0.00371744;90
-13.5892;0.000715017;90
-25.869;0.000589024;90
95.9721;0.00381571;90
130.192;0.00144262;90
130.946;0.00213019;90
-176.115;0.000855967;90
-103.751;0.00170383;90
116.736;0.000898009;90
133.435;0.00139776;90
-169.16;0.000765663;90
21.6389;0.00274979;90
67.728;0.00146964;90
124.14;0.00194401;90
127.276;0.00172044;90
79.3896;0.002281;90
75.1041;0.00269973;90
99.9914;0.0016023;90
131.546;0.00265223;90
124.369;0.00276343;90
101.834;0.00212108;90
50.0572;0.00128345;90
61.3275;0.0025052;90
66.3556;0.00239615;90
79.8815;0.00195237;90
110.417;0.00285218;90
98.5425;0.00192536;90
-95.7458;0.0108575;90
-128.19;0.000685782;90
-168.328;0.000899603;90
-86.4812;0.00260691;90
-78.1096;0.00166472;90
-87.2937;0.00122837;90
-90.3424;0.00836615;90
-101.169;0.00183271;90
-134.199;0.000606757;90
131.885;0.00253731;90
158.99;0.00240703;90
174.597;0.00116819;90
-108.753;0.00119757;90
-97.9527;0.00370059;90
-93.185;0.00307775;90
159.094;0.00143764;90
-108.2;0.00193059;90
-142.425;0.00164152;90
-163.029;0.00277169;90
135.055;0.00295854;90
110.284;0.00394035;90
114.482;0.00274368;90
123.021;0.00180567;90
-63.66;0.00375707;90
-70.8151;0.00120809;90
-88.8951;0.00140026;90
-61.2276;0.00104502;90
-58.0116;0.0010741;90
-55.6689;0.00126424;90
-55.6942;0.00136797;90
-9.55321;0.00103637;90
19.6356;0.00126772;90
16.461;0.00131281;90
-73.6284;0.00162488;90
18.0387;0.00114319;90
16.8005;0.000975643;90
37.5284;0.00113107;90
19.4212;0.0010105;90
-14.5225;0.00102887;90
-42.4939;0.00127755;90
-17.7839;0.000946215;90
7.77914;0.000738799;90
20.5296;0.000761353;90
-29.91;0.000559523;90
58.0085;0.00130995;90
38.6849;0.000713558;90
-45.4579;0.00132728;90
-46.9703;0.00121341;90
13.5174;0.000616066;90
-21.5713;0.00101725;90
-47.9508;0.00103021;90
-50.7693;0.000893358;90
-46.4212;0.000741276;90
37.5435;0.000697448;90
56.0069;0.000996255;90
77.5202;0.00126796;90
17.6173;0.000908615;90
-45;0.000873984;90
101.128;0.00333674;90
90.6875;0.00100007;90
126.807;0.0016424;90
133.96;0.00167541;90
148.631;0.000849111;90
-107.053;0.00176981;90
123.143;0.00124924;90
92.9669;0.00479142;90
128.641;0.00142368;90
130.329;0.00148491;90
-123.294;0.00240468;90
-90.7157;0.00152112;90
-100.547;0.00150238;90
-106.816;0.0025302;90
-103.312;0.00230185;90
-106.932;0.00347148;90
-95.2005;0.00172108;90
135.764;0.00206706;90
168.602;0.00267679;90
-137.639;0.00239539;90
-144.71;0.000645645;90
85.6473;0.00267471;90
174.515;0.00146471;90
-163.602;0.00253617;90
131.931;0.00316956;90
109.763;0.0035193;90
112.763;0.00279901;90
131.984;0.00154575;90
-123.363;0.00136015;90
-54.7794;0.00907536;90
-20.3858;0.00181145;90
22.1984;0.00233183;90
-19.2487;0.0010465;90
-89.4723;0.00206309;90
33.388;0.00194619;90
16.6815;0.00217034;90
-39.8056;0.00252271;90
-60.012;0.00119843;90
-77.1052;0.00266624;90
-26.1208;0.00219186;90
23.6605;0.0017916;90
38.3408;0.000841477;90
-21.4239;0.000479104;90
-2.24026;0.00204656;90
-8.98559;0.00183755;90
89.2521;0.00268123;90
82.9215;0.00244262;90
-36.4292;0.000650019;90
-29.4924;0.000788124;90
173.987;0.0177094;90
-163.414;0.00265548;90
153.906;0.00282827;90
111.026;0.00382679;90
107.463;0.00264594;90
87.111;0.00128964;90
-78.6226;0.00299587;90
-78.6527;0.00180427;90
-59.196;0.00405973;90
-0.913245;0.00282336;90
15.3903;0.00197067;90
-76.914;0.00244243;90
35.1171;0.00315167;90
-32.9421;0.00299564;90
62.7485;0.00279976;90
79.5578;0.0031339;90
71.8315;0.00231228;90
75.0353;0.00133218;90
73.1595;0.00167065;90
72.1907;0.000810856;90
-104.619;0.00946132;90
-100.858;0.00360453;90
133.016;0.00247141;90
-175.184;0.00288218;90
-131.126;0.00234447;90
93.1394;0.00235553;90
113.492;0.00143494;90
-162.265;0.00256385;90
153.617;0.00281075;90
114.458;0.00329685;90
109.026;0.00276082;90
114.338;0.00232458;90
133.06;0.000877315;90
-65.2935;0.00845276;90
-46.3847;0.00301386;90
17.5956;0.00295736;90
46.0567;0.00176382;90
51.4836;0.0016845;90
33.1213;0.00125729;90
89.7524;0.00347103;90
77.8456;0.00315369;90
12.4606;0.00109376;90
-12.2729;0.00208874;90
-48.947;0.00231136;90
-33.5445;0.000655103;90
8.55354;0.000497534;90
83.0916;0.0018041;90
89.6844;0.00835213;90
93.3833;0.00199948;90
103.33;0.00238115;90
87.679;0.00150624;90
14.5774;0.00138664;90
54.5229;0.00209002;90
67.7271;0.0015118;90
67.4113;0.00268931;90
110.018;0.00125907;90
111.292;0.00219482;90
97.6969;0.00185168;90
73.1454;0.000882928;90
89.2581;0.00409334;90
110.247;0.00151992;90
106.404;0.0048369;90
105.297;0.00500327;90
115.846;0.00562684;90
109.775;0.00596474;90
99.5646;0.00690904;90
118.282;0.00552333;90
138.153;0.00405007;90
113.182;0.00594175;90
101.148;0.00562208;90
93.4099;0.005649;90
85.7486;0.00325095;90
81.2659;0.0050708;90
78.3224;0.0058991;90
83.0346;0.00569805;90
85.6826;0.00556579;90
87.2211;0.0054454;90
87.1538;0.0058402;90
106.852;0.00482938;90
114.489;0.009838;90
104.151;0.00206156;90
115.26;0.00278865;90
124.894;0.00440862;90
164.552;0.0034351;90
-156.498;0.0034731;90
-175.408;0.00307286;90
147.951;0.00364088;90
148.05;0.00263049;90
146.496;0.00290942;90
166.366;0.00304171;90
-168.1;0.00270615;90
-173.153;0.00255825;90
-170.222;0.00294986;90
-164.776;0.00309979;90
-126.373;0.00420036;90
-118.351;0.00523718;90
-125.669;0.00472304;90
-117.361;0.00534606;90
-120.417;0.00542578;90
-128.612;0.00464555;90
-142.125;0.00418444;90
-145.594;0.00384215;90
-121.687;0.00488879;90
-113.801;0.00492374;90
-124.824;0.00357408;90
-172.571;0.00299312;90
167.549;0.00341839;90
161.22;0.00356901;90
163.412;0.0036499;90
153.176;0.00386486;90
133.963;0.00429708;90
121.91;0.00542009;90
113.28;0.00647735;90
115.369;0.0061058;90
128.391;0.00505618;90
130.781;0.00495895;90
134.643;0.00499934;90
128.687;0.00525384;90
121.725;0.00541983;90
121.377;0.00553903;90
110.349;0.00636099;90
113.864;0.0058086;90
131.04;0.00439243;90
160.19;0.00341403;90
150.589;0.00381004;90
143.384;0.00406404;90
143.683;0.00397639;90
157.791;0.00344455;90
163.736;0.00338132;90
152.86;0.00387575;90
133.5;0.00713149;90
113.892;0.00221478;90
116.17;0.00524907;90
122.9;0.00510706;90
118.008;0.00541747;90
141.278;0.00375036;90
131.113;0.00273289;90
121.308;0.00353705;90
124.155;0.00389357;90
119.759;0.00362851;90
125.051;0.00320041;90
159.828;0.00235761;90
161.724;0.00216522;90
134.736;0.00275916;90
113.436;0.00383431;90
112.088;0.00434273;90
117.755;0.00417877;90
111.339;0.00460038;90
109.64;0.00487035;90
127.648;0.00398977;90
136.251;0.00362832;90
118.672;0.00452484;90
106.9;0.00448572;90
105.391;0.00365094;90
115.029;0.00386934;90
114.209;0.00493828;90
114.985;0.00428057;90
84.0858;0.00243597;90
83.905;0.00805252;90
88.9844;0.0019183;90
101.901;0.00393763;90
91.8078;0.00450124;90
88.9708;0.00450973;90
86.7572;0.00484376;90
71.2128;0.00344663;90
72.5949;0.00334307;90
81.9661;0.00395683;90
85.0097;0.00350629;90
98.0439;0.00357316;90
87.7734;0.00393797;90
92.5665;0.00375176;90
103.334;0.00441399;90
99.3809;0.00404915;90
106.521;0.0035026;90
112.598;0.002592;90
116.861;0.00311399;90
109.752;0.00396212;90
101.769;0.00396638;90
83.5353;0.00386357;90
108.904;0.00343846;90
110.87;0.00305119;90
73.3464;0.00336724;90
63.0195;0.00333049;90
68.6139;0.00358699;90
4.90291;0.000854125;90
-49.3739;0.0020027;90
-21.8242;0.00140144;90
-45.5369;0.00211293;90
26.4225;0.000898902;90
23.331;0.000681745;90
171.774;0.00254417;90
136.419;0.00108503;90
163.572;0.000929964;90
130.31;0.00174675;90
126.597;0.00117581;90
-110.026;0.00215213;90
-112.629;0.00325131;90
-117.404;0.00329811;90
-101.303;0.00321434;90
-63.6775;0.00264082;90
-69.5061;0.00301908;90
-97.7612;0.00325078;90
-83.5877;0.00403826;90
-68.7081;0.00365444;90
-60.8845;0.0031054;90
-69.4035;0.0034794;90
-73.2738;0.0036588;90
-81.6159;0.004211;90
-75.8923;0.00408624;90
-84.9073;0.0035711;90
-92.9602;0.00377604;90
-83.4691;0.00338497;90
-92.2256;0.00383689;90
-98.0992;0.00419484;90
-105.795;0.00339103;90
-112.078;0.00315537;90
-93.7124;0.00483414;90
-90.717;0.00431534;90
-89.1952;0.00491248;90
-79.0567;0.0043827;90
-91.4317;0.0035221;90
-94.655;0.00450988;90
-103.818;0.00337054;90
-70.7423;0.00209206;90
-65.204;0.00479507;90
-65.2735;0.00485074;90
-69.6375;0.00429649;90
-74.7407;0.00478365;90
-65.112;0.005104;90
-44.0508;0.00409754;90
-53.5844;0.00474195;90
-71.6094;0.00613008;90
-63.8556;0.00536045;90
-67.085;0.00580946;90
-65.3838;0.00473426;90
-31.8596;0.00287398;90
-17.6366;0.00220148;90
-42.4108;0.00370973;90
-61.115;0.00426455;90
-62.7264;0.00347198;90
-53.8792;0.00428337;90
-44.1292;0.00339663;90
-40.9714;0.00379452;90
-63.2247;0.00560497;90
-57.0213;0.00489228;90
-65.0559;0.00509088;90
-58.9772;0.00449378;90
-40.7691;0.00355583;90
-32.2472;0.00331538;90
-17.8129;0.00291263;90
-14.8832;0.0036753;90
-34.3869;0.00417332;90
-35.9756;0.00422852;90
-33.3595;0.00422994;90
-20.102;0.00366315;90
-46.5627;0.00466723;90
-64.8776;0.00623479;90
-69.7593;0.00625208;90
-58.6093;0.00531609;90
-58.7135;0.00529733;90
-53.3379;0.00479823;90
-45.6358;0.00401449;90
-46.6319;0.00444455;90
-49.989;0.00410617;90
-55.5544;0.00389128;90
-63.2225;0.00542697;90
-68.5984;0.00516301;90
-60.344;0.00471916;90
-52.1215;0.00424926;90
-36.8762;0.0036628;90
-20.3437;0.00318998;90
-16.9511;0.00272332;90
-17.3014;0.00207802;90
-19.5367;0.00335516;90
-0.784526;0.00262925;90
22.1192;0.00254425;90
60.6515;0.0033706;90
66.1691;0.00420009;90
59.9859;0.00435615;90
34.5114;0.00311524;90
40.6138;0.0034672;90
42.5096;0.00405201;90
53.6164;0.00329912;90
59.1543;0.00449362;90
63.9957;0.00415794;90
54.8942;0.0037942;90
55.4021;0.00376356;90
62.798;0.00185068;90
66.0107;0.00281627;90
44.511;0.00405965;90
14.05;0.0030317;90
7.29846;0.00319589;90
7.57316;0.00317167;90
1.18293;0.00305165;90
-30.4775;0.00339511;90
-35.3266;0.00353488;90
-22.3829;0.00453788;90
16.0348;0.00378319;90
9.78069;0.00340245;90
-41.579;0.00366156;90
-29.9968;0.00251024;90
-88.4977;0.0017546;90
-82.0786;0.00221312;90
-70.9807;0.0062629;90
-62.4089;0.00541931;90
-77.1247;0.00597318;90
-92.6909;0.00730606;90
-94.8005;0.00633322;90
-97.1696;0.00669837;90
-99.971;0.00583311;90
-99.906;0.00494675;90
-95.0441;0.00303676;90
-87.0858;0.00607786;90
-78.2153;0.00726616;90
-62.8742;0.00552917;90
-76.15;0.00208873;90
-79.9093;0.00433201;90
-77.6416;0.00397614;90
-144.707;0.00138813;90
-159.546;0.00171407;90
-167.06;0.00164785;90
-143.535;0.00212505;90
-126.456;0.00235606;90
-73.3997;0.00721053;90
-69.4516;0.0263762;90
-87.4859;0.0184428;90
170.976;0.00122415;90
-103.625;0.00311157;90
-92.5008;0.00288775;90
-94.3987;0.00219045;90
151.685;0.00158119;90
-105.626;0.00209753;90
-145.495;0.00183236;90
152.489;0.00582351;90
111.966;0.00161203;90
107.885;0.00105498;90
111.947;0.00446023;90
-118.025;0.00100029;90
-140.38;0.000791912;90
-118.87;0.00229069;90
-129.907;0.00101162;90
57.1653;0.00429164;90
11.4073;0.000692683;90
-68.5218;0.00125086;90
-65.6094;0.00115509;90
-65.803;0.0011906;90
-75.3294;0.00135828;90
-92.6288;0.00109015;90
-50.6212;0.000721892;90
-57.6193;0.00106808;90
-58.01;0.0011873;90
-58.3015;0.00144448;90
-16.6429;0.0010719;90
11.945;0.00130935;90
20.6499;0.00135826;90
-70.0559;0.00163293;90
19.9029;0.0011603;90
16.5571;0.000926412;90
40.0653;0.00110151;90
18.4349;0.000973982;90
-14.8064;0.000974354;90
-37.5833;0.00118869;90
-29.6911;0.00105789;90
2.75996;0.00080994;90
40.4919;0.000908615;90
-53.2415;0.000720201;90
48.7539;0.000896413;90
73.2309;0.00141414;90
-39.9133;0.000885249;90
-49.7979;0.00127656;90
-44.8899;0.0011038;90
25.7199;0.000576074;90
-14.6209;0.000808171;90
-51.1528;0.0010028;90
-47.055;0.000907094;90
-48.1052;0.00078321;90
19.1455;0.000561031;90
52.8816;0.000783807;90
74.3539;0.0011309;90
77.5049;0.00128954;90
-40.0524;0.000951067;90
-44.326;0.000901624;90
164.045;0.00157882;90
-97.8939;0.00130335;90
-126.087;0.000848879;90
-156.794;0.000992283;90
124.914;0.0010256;90
131.738;0.000956852;90
133.635;0.00103903;90
169.884;0.000461169;90
177.99;0.000969596;90
132.475;0.000995158;90
132.045;0.000740619;90
132.307;0.000918131;90
-106.889;0.000984459;90
-115.674;0.000747832;90
165.528;0.000988361;90
-137.731;0.000831087;90
-170.044;0.000514752;90
171.73;0.000813458;90
137.959;0.00102738;90
144.377;0.000698765;90
166.385;0.000726414;90
-162.897;0.000734479;90
-151.652;0.000819245;90
-144.823;0.000886987;90
-171.903;0.000724219;90
-162.082;0.000841833;90
125.575;0.00106227;90
146.063;0.000965465;90
-152.877;0.000826937;90
-150.893;0.000846962;90
177.573;0.000519466;90
174.977;0.000696676;90
136.378;0.000617483;90
122.959;0.00132529;90
125.041;0.00132888;90
120.333;0.000966282;90
123.368;0.000936349;90
120.883;0.00109879;90
148.996;0.000739674;90
131.943;0.00106076;90
138.366;0.000806787;90
143.42;0.000869211;90
-132.91;0.0012602;90
-119.549;0.00109089;90
-139.628;0.0160279;90
-26.9296;0.000843462;90
-36.4692;0.000858021;90
-57.9044;0.00107654;90
-31.6781;0.000797873;90
11.5633;0.0007982;90
-61.8238;0.00305389;90
-70.1979;0.00135194;90
-63.0803;0.00101162;90
-64.4536;0.00115712;90
-51.6733;0.00110136;90
-7.10707;0.000792086;90
7.50229;0.000696966;90
17.5508;0.000799203;90
49.8286;0.00124326;90
62.1769;0.0014869;90
68.2626;0.00116375;90
80.011;0.000876284;90
89.2626;0.00155413;90
77.8285;0.00140867;90
96.2252;0.00165073;90
59.3361;0.000688233;90
4.67742;0.000772573;90
13.9323;0.00307342;90
42.9703;0.000918401;90
107.7;0.00125648;90
128.546;0.000868172;90
124.834;0.00104166;90
122.497;0.00118565;90
109.573;0.00124176;90
97.132;0.0020297;90
89.4357;0.00152307;90
79.4722;0.00137922;90
68.9625;0.000849632;90
79.3195;0.00121403;90
69.4957;0.00129611;90
-113.279;0.00374486;90
-135.055;0.000738927;90
-4.05825;0.00268473;90
-49.0934;0.00111938;90
-53.4333;0.00117162;90
-62.5952;0.00134268;90
-56.175;0.00129523;90
-52.8515;0.00152182;90
-42.6691;0.00128658;90
-1.52212;0.0011294;90
15.5569;0.00121553;90
-10.2953;0.0010743;90
-55.9297;0.00121205;90
14.5849;0.00113973;90
41.8689;0.00115218;90
26.5389;0.000980292;90
2.26195;0.00103881;90
-29.1535;0.00106948;90
-45.6531;0.0013648;90
-7.65448;0.000885894;90
77.9911;0.000932405;90
78.7737;0.00187997;90
75.6186;0.00169099;90
50.3346;0.000889859;90
-57.8262;0.00122632;90
-39.595;0.000870785;90
-50.9275;0.00130096;90
-51.8208;0.00102407;90
-39.4394;0.00110191;90
-55.3988;0.000732574;90
-49.2637;0.00115082;90
-52.749;0.00090202;90
-47.2065;0.000808115;90
-11.3771;0.000669149;90
51.379;0.000922831;90
70.2103;0.000936296;90
75.3682;0.00153994;90
-46.3062;0.00130283;90
-33.6901;0.000638183;90
-153.335;0.00486659;90
80.3531;0.00147993;90
136.266;0.000992313;90
132.305;0.000992462;90
-119.861;0.00104239;90
129.506;0.000856706;90
132.962;0.000834914;90
126.444;0.000860224;90
137.76;0.00069023;90
-123.32;0.00115962;90
-127.253;0.000687215;90
154.176;0.00107206;90
-121.873;0.000874925;90
170.248;0.000649384;90
-177.76;0.00058845;90
136.762;0.000759084;90
139.752;0.000580408;90
156.338;0.000503314;90
161.075;0.000629;90
-176.324;0.000608252;90
-163.133;0.000589353;90
-139.098;0.000702539;90
-139.255;0.000733878;90
-174.434;0.000628965;90
-149.273;0.000745682;90
131.329;0.00112661;90
142.553;0.000893045;90
-165.167;0.000785164;90
-162.892;0.000751242;90
-155.722;0.000773401;90
156.812;0.00071365;90
131.865;0.000698252;90
130.611;0.000655998;90
123.333;0.00142311;90
123.238;0.000842893;90
123.516;0.00100152;90
93.9324;0.00138526;90
105.292;0.00108439;90
109.669;0.00104284;90
88.2124;0.00157076;90
-152.95;0.00295977;90
-135;0.00110026;90
-132.879;0.000936144;90
46.9202;0.00438936;90
-61.9315;0.000835235;90
-66.5116;0.00179144;90
-73.1576;0.00176365;90
-86.9216;0.00128485;90
-56.2808;0.00109165;90
-55.7895;0.00109918;90
-57.8251;0.00129013;90
-53.1864;0.0012216;90
-0.97932;0.00105315;90
17.1114;0.00194405;90
-55.2769;0.00155369;90
7.36259;0.00161532;90
40.0779;0.001401;90
23.1018;0.000932802;90
-11.9951;0.0015253;90
-39.9338;0.00160149;90
-13.6036;0.000867332;90
69.2926;0.000797521;90
78.6733;0.00134418;90
73.4613;0.00153866;90
69.0467;0.00136742;90
-33.0402;0.000586911;90
-48.4413;0.000954193;90
-47.1328;0.00102602;90
-50.0316;0.00153184;90
-44.4695;0.00106919;90
-50.695;0.0015534;90
-48.0581;0.00103385;90
-55.6383;0.00146701;90
5.50201;0.000792652;90
64.3752;0.0015261;90
76.8513;0.0016441;90
-35.7461;0.000958584;90
-36.3018;0.000706035;90
-149.713;0.00778452;90
-147.622;0.000799255;90
-149.423;0.000939662;90
-171.978;0.000824064;90
126.073;0.00110731;90
90.3112;0.00147302;90
81.243;0.00160268;90
79.808;0.00122635;90
136.326;0.000916656;90
-128.947;0.000777911;90
-160.105;0.000831633;90
147.566;0.000835302;90
133.843;0.00108563;90
156.38;0.000678873;90
166.674;0.000763561;90
-160.241;0.000766108;90
-145.349;0.000909282;90
-158.05;0.00121724;90
-153.311;0.00103754;90
121.511;0.000700261;90
128.76;0.00115803;90
-156.6;0.000785611;90
-163.392;0.000724213;90
-156.358;0.000763045;90
165.721;0.000514908;90
154.614;0.000891038;90
126.543;0.00119242;90
113.237;0.000793354;90
121.046;0.000835713;90
123.501;0.0009258;90
119.383;0.00111894;90
124.64;0.00112065;90
142.963;0.000821804;90
138.989;0.000925015;90
142.371;0.000694461;90
135;0.000997021;90
-124.811;0.000935404;90
-120.547;0.00103691;90
54.6061;0.00416958;90
53.6772;0.000670231;90
-12.5369;0.000769344;90
-88.8025;0.00148332;90
-72.8146;0.0019867;90
-76.8482;0.00125697;90
-85.5207;0.0014725;90
-54.2239;0.0010896;90
-56.1068;0.00125169;90
-57.4204;0.00145969;90
-36.7187;0.0012126;90
18.9409;0.000859541;90
15.2244;0.00114623;90
6.43618;0.00118648;90
-70.8024;0.00152056;90
20.6436;0.00114876;90
24.9329;0.000989191;90
35.3891;0.00107576;90
14.2364;0.000971846;90
-20.94;0.0010129;90
-40.6811;0.00132393;90
-8.86519;0.00091493;90
27.9176;0.000587355;90
82.1404;0.00155763;90
74.2267;0.00160026;90
67.8745;0.00134613;90
-54.5852;0.000921497;90
-36.0993;0.00099629;90
-49.8929;0.00111919;90
-48.2257;0.000980189;90
-56.3844;0.00106752;90
-32.4567;0.000605596;90
-48.7775;0.00103037;90
-49.1906;0.00104507;90
-48.4389;0.00091948;90
-48.145;0.000708882;90
11.6202;0.000615618;90
57.2387;0.000923975;90
74.6335;0.000992481;90
75.5804;0.00137739;90
-46.2447;0.00126956;90
-36.6438;0.000608205;90
103.324;0.00503349;90
130.676;0.0015849;90
131.712;0.00157803;90
97.7579;0.00106676;90
87.2053;0.00139466;90
130.917;0.0021253;90
131.331;0.00114928;90
131.577;0.00159879;90
130.974;0.00150065;90
98.5857;0.005265;90
87.3324;0.00171886;90
104.473;0.00225662;90
102.824;0.00391977;90
100.585;0.00545992;90
102.766;0.00566606;90
101.699;0.00556767;90
102.757;0.00378134;90
97.6546;0.00366365;90
105.49;0.00254235;90
100.528;0.00294457;90
77.5705;0.00106394;90
38.4821;0.000604239;90
-84.7469;0.00654248;90
-79.4787;0.00726718;90
-76.8346;0.00165962;90
-80.3244;0.00260607;90
-78.3446;0.0128796;90
-74.0414;0.00119298;90
-78.1673;0.00580332;90
-94.8645;0.000990568;90
-102.431;0.00127284;90
-72.6537;0.00397791;90
-55.7955;0.000679535;90
-51.9252;0.00113185;90
-50.474;0.00456611;90
-81.1547;0.00320613;90
-40.2124;0.000703196;90
-43.9497;0.000848671;90
-24.5768;0.00139212;90
-106.303;0.0029746;90
-70.9158;0.00133963;90
-28.9353;0.000746143;90
-145.408;0.00204321;90
-83.9511;0.000977442;90
-85.2467;0.000917154;90
-116.286;0.00128486;90
167.16;0.000778466;90
166.745;0.000924632;90
174.072;0.000919918;90
-176.27;0.000768628;90
-169.479;0.000640772;90
-157.38;0.000611;90
-148.057;0.000782491;90
-159.813;0.000817198;90
-162.814;0.000754699;90
151.133;0.000801607;90
98.4089;0.00127875;90
88.1904;0.00145673;90
77.673;0.00144737;90
118.736;0.0015704;90
-123.099;0.000699514;90
-169.778;0.000619839;90
-173.754;0.000606601;90
137.802;0.000911136;90
141.496;0.000575034;90
150.401;0.000684302;90
172.614;0.000707874;90
-163.721;0.00073132;90
-144.81;0.000900587;90
-141.209;0.000817259;90
-171.32;0.000722272;90
-153.701;0.000769663;90
107.656;0.00137161;90
169.516;0.000884772;90
-156.466;0.000515912;90
-169.552;0.000716886;90
-158.267;0.000780478;90
-179.402;0.000767042;90
134.717;0.000714894;90
129.386;0.000751725;90
121.264;0.000720647;90
123.047;0.000740849;90
123.798;0.000884471;90
119.789;0.00112921;90
89.3013;0.00155812;90
114.413;0.00107183;90
113.749;0.00117446;90
112.677;0.00116723;90
114.12;0.001111;90
138.814;0.000648439;90
-65.5353;0.00661381;90
-60.3836;0.00293206;90
-40.4089;0.00216433;90
22.4044;0.00179986;90
10.0474;0.00185139;90
-85.2964;0.00190241;90
-30.9224;0.000712234;90
38.02;0.00225185;90
3.70165;0.00179675;90
-40.8485;0.00188514;90
-58.5094;0.00138028;90
-75.3701;0.00213006;90
-59.4034;0.00155209;90
-4.08329;0.00175546;90
22.4091;0.00215363;90
2.0371;0.00196924;90
-12.3808;0.00197288;90
-31.1234;0.0019695;90
-30.8117;0.00258484;90
-27.0117;0.00217979;90
-2.34248;0.0020307;90
49.9507;0.00267932;90
28.1991;0.00228977;90
-55.229;0.00305805;90
-55.7279;0.0017474;90
-60.7621;0.00109328;90
-79.2882;0.00332494;90
-70.8171;0.00363377;90
-71.6699;0.00345638;90
-72.19;0.00394296;90
-62.9327;0.00357114;90
-53.4216;0.00330244;90
-50.2311;0.00340476;90
-64.7916;0.00417457;90
-64.8648;0.00406823;90
-66.1691;0.0040219;90
-60.3616;0.00326981;90
-57.3451;0.00368437;90
-56.4672;0.00363857;90
-62.597;0.00412822;90
-63.8434;0.00476831;90
-58.2944;0.00340402;90
-50.4347;0.00338955;90
-40.1677;0.00279523;90
-43.2155;0.0030201;90
-48.0114;0.00302848;90
-49.2606;0.00315038;90
-43.1682;0.00280936;90
-45.6214;0.00293396;90
-57.3073;0.00323439;90
-71.3913;0.00417106;90
-83.3687;0.0078022;90
-90.2102;0.00218101;90
-86.2979;0.00449137;90
-82.2615;0.0048421;90
-72.674;0.00439544;90
-47.2045;0.00334568;90
-42.3078;0.00293561;90
-39.6768;0.00239327;90
-51.0152;0.00239543;90
-43.4053;0.000940109;90
-60.3273;0.0118131;90
-57.7283;0.00843736;90
-48.1066;0.0109862;90
-66.7174;0.00537359;90
-71.5772;0.00149671;90
-64.6826;0.00123237;90
-61.9519;0.00677353;90
-24.7879;0.000937363;90
-38.4562;0.00215303;90
-26.0492;0.00213598;90
-32.5002;0.0022706;90
-32.7334;0.00192702;90
-28.9296;0.00209206;90
-33.355;0.00184968;90
-46.4114;0.00180862;90
-58.1386;0.00232066;90
-67.2821;0.00278616;90
-62.0176;0.00321824;90
-44.8418;0.00256115;90
-33.3201;0.00231925;90
-43.1304;0.00249246;90
-54.1874;0.00288309;90
-51.1702;0.0027368;90
-42.9047;0.00243691;90
-45.5313;0.00198281;90
-55.4478;0.00263596;90
-64.1526;0.00403463;90
-68.8924;0.00469287;90
-80.9497;0.00560073;90
-86.0107;0.00652581;90
-86.8004;0.00594827;90
-83.4073;0.00551346;90
-81.7343;0.0054395;90
-81.4131;0.00580002;90
-82.0117;0.00559832;90
-82.4807;0.00547912;90
-86.2892;0.00483614;90
-82.3412;0.0116227;90
-68.7051;0.00186965;90
-76.3723;0.00238103;90
-75.933;0.00947926;90
-67.5818;0.00163886;90
-72.7121;0.00248004;90
-63.2045;0.00856242;90
-67.7386;0.00194281;90
-69.8488;0.0115298;90
-80.1573;0.00222881;90
-50.1339;0.00993298;90
-17.4271;0.000934914;90
-17.9439;0.00110684;90
-11.4186;0.00734437;90
-16.7922;0.0010038;90
-45.4191;0.00957095;90
-75.7627;0.0026958;90
-85.0751;0.0140479;90
-78.195;0.00229249;90
-67.8757;0.0113033;90
-51.8891;0.00368446;90
-48.026;0.010341;90
-59.598;0.0020116;90
-57.3028;0.00180859;90
-31.8916;0.00672517;90
-18.964;0.00106162;90
-21.1598;0.00121062;90
-49.1046;0.038014;90
-73.6183;0.00205648;90
-75.1835;0.0102767;90
-77.8706;0.00346945;90
-79.1969;0.017094;90
-83.9556;0.00245967;90
-82.0987;0.0210377;90
-88.7123;0.00320381;90
-85.9413;0.0156402;90
-94.5099;0.0307131;90
-93.8255;0.00200848;90
-89.8023;0.00231901;90
-58.5596;0.00855619;90
-42.5454;0.00201427;90
-41.6488;0.00749967;90
-32.6318;0.000765894;90
-44.1851;0.00114351;90
-53.8119;0.00678988;90
-84.3933;0.00120778;90
-23.2976;0.00189883;90
-8.92104;0.00635184;90
22.6433;0.00150392;90
36.8437;0.0030652;90
55.3396;0.00375059;90
65.6014;0.00408151;90
67.7283;0.00436677;90
65.6955;0.00350351;90
52.3658;0.00154434;90
11.5896;0.00112494;90
-8.03423;0.00135227;90
-36.0333;0.00141095;90
-1.10991;0.000671126;90
-36.7795;0.0010138;90
-42.3203;0.00107386;90
-58.8623;0.00163799;90
-48.6375;0.00128174;90
-59.1131;0.00191684;90
-49.8058;0.00175555;90
-51.9597;0.00203662;90
-59.4562;0.003416;90
-70.1992;0.00445755;90
-71.9194;0.00475584;90
-75.9288;0.00516189;90
-72.5835;0.00503483;90
-73.7449;0.00579464;90
-70.5255;0.00552509;90
-69.0385;0.00519371;90
-63.7207;0.00457371;90
-73.0078;0.00560154;90
-71.17;0.00531971;90
-52.9459;0.00391822;90
-69.8393;0.00573328;90
-82.6256;0.0055005;90
-93.1959;0.0108879;90
-96.5373;0.00539307;90
-94.6049;0.00560509;90
-100.857;0.0100071;90
-103.586;0.00219235;90
-108.464;0.00442055;90
-103.072;0.00524388;90
-102.673;0.0061898;90
-99.0261;0.00673743;90
-89.5474;0.00683621;90
-81.4101;0.00699648;90
-84.548;0.00626233;90
-97.2238;0.0116505;90
-97.4147;0.00561798;90
-84.2154;0.00462354;90
-84.0582;0.00633705;90
-81.169;0.00534132;90
-81.4886;0.0182763;90
-80.2108;0.00230557;90
-82.2982;0.0026489;90
-80.2608;0.00595279;90
-81.4248;0.00606278;90
-77.3947;0.00576905;90
-76.5163;0.00575976;90
-80.9716;0.00566519;90
-81.3106;0.00598368;90
-77.7089;0.00564642;90
-76.1294;0.00553541;90
-77.5644;0.00560039;90
-84.4607;0.00592567;90
-84.5532;0.00631049;90
-86.963;0.00647409;90
-89.1124;0.00639077;90
-89.0696;0.00492665;90
-86.5034;0.00457452;90
-76.6203;0.00499559;90
-76.7473;0.00564021;90
-77.0465;0.00522394;90
-76.3773;0.00624982;90
-76.2952;0.0134602;90
-77.8679;0.00214593;90
-79.1533;0.00244977;90
-79.4532;0.00656694;90
-79.2165;0.00674511;90
-79.179;0.00687118;90
-79.3077;0.00664029;90
-75.1381;0.00626146;90
-60.3882;0.00523354;90
-53.7264;0.00484246;90
-52.3661;0.00471002;90
-53.3812;0.00470085;90
-53.6984;0.00483924;90
-54.6333;0.00467341;90
-68.5213;0.00540753;90
-67.4577;0.0055717;90
-69.3839;0.00591585;90
-68.6555;0.00523937;90
-55.3225;0.00370151;90
-48.7635;0.00405056;90
-50.1512;0.0040717;90
-48.9747;0.00416214;90
-42.7563;0.00393736;90
-41.0639;0.00397625;90
-47.016;0.00428135;90
-38.2425;0.00392413;90
-59.0968;0.00486576;90
-73.2611;0.00581228;90
-76.0214;0.00627173;90
-76.1275;0.00602679;90
-75.7109;0.00566011;90
-73.6238;0.00531669;90
-64.1848;0.00485224;90
-65.6764;0.00512273;90
-68.233;0.00525574;90
-68.2254;0.00515156;90
-68.3028;0.00510682;90
-72.4284;0.00530975;90
-80.3858;0.00589175;90
-88.4758;0.00601513;90
-89.6814;0.00539508;90
-85.6554;0.0026797;90
-90.372;0.00246405;90
-83.8014;0.00455664;90
-81.6121;0.00483977;90
-82.9887;0.00387498;90
-87.172;0.00233084;90
-88.767;0.00353182;90
-87.7839;0.00473254;90
-89.6509;0.00508809;90
-92.8313;0.00487896;90
-100.526;0.03007;90
-94.4987;0.0114744;90
-74.3794;0.00101758;90
-68.6096;0.0015272;90
-71.0835;0.00304759;90
-67.8595;0.00251009;90
-72.1789;0.00345372;90
-78.025;0.00290624;90
-78.0745;0.00328592;90
-86.6179;0.00601748;90
-78.3279;0.0020167;90
-87.3748;0.0201521;90
-86.2982;0.00159533;90
-88.351;0.00184176;90
-58.2309;0.00215955;90
-22.2861;0.00182211;90
-61.4934;0.00484432;90
-69.7645;0.000795073;90
-80.9467;0.00232598;90
-59.0925;0.0104721;90
-67.2466;0.00141947;90
-77.5241;0.00375876;90
-68.9488;0.00753059;90
-73.9613;0.00160341;90
-76.0317;0.00306565;90
-72.1693;0.00410834;90
-71.7099;0.00700383;90
-85.4103;0.00391154;90
-84.3532;0.00464454;90
-66.9639;0.0016202;90
-70.8313;0.00412363;90
-72.1458;0.00424336;90
-72.0399;0.00717356;90
-68.8473;0.0016073;90
-74.7319;0.00347464;90
-76.0448;0.00428755;90
-63.8258;0.00406482;90
-73.5403;0.00469751;90
-78.9485;0.00495591;90
-79.7438;0.00484136;90
-75.1249;0.0197964;90
-58.9296;0.00193571;90
-42.322;0.00973122;90
-0.607743;0.00103706;90
-1.25518;0.00114127;90
-42.3981;0.0129754;90
-72.7723;0.00192119;90
-80.1034;0.0029499;90
-73.7244;0.00536292;90
-73.9198;0.00490282;90
-64.7455;0.0042823;90
-61.0363;0.00446666;90
-62.5241;0.00413546;90
-72.0903;0.00476069;90
-74.9682;0.00382488;90
16.742;0.000513778;90
66.4512;0.00232023;90
61.4231;0.00217838;90
86.0353;0.00182236;90
115.927;0.00112526;90
78.9318;0.00120848;90
68.2279;0.00145047;90
64.6916;0.000938033;90
107.699;0.00123023;90
116.097;0.00175269;90
117.3;0.00202112;90
118.081;0.00197782;90
81.8247;0.00107593;90
-50.3397;0.00156526;90
-61.7177;0.0031489;90
-67.7879;0.00424826;90
-74.8902;0.00515212;90
-75.4859;0.00555426;90
-72.5964;0.0053059;90
-57.5648;0.00426778;90
-45.6082;0.00366373;90
-46.3225;0.00330873;90
-48.68;0.00377879;90
-49.2205;0.00348772;90
-56.4338;0.0038488;90
-66.9739;0.00453534;90
-74.7585;0.0051657;90
-74.3668;0.00413393;90
-71.1867;0.00292106;90
-69.5789;0.00402389;90
-74.181;0.130785;90
-127.369;0.000873233;90
-127.026;0.00169221;90
-133.746;0.000937141;90
106.254;0.00240096;90
104.092;0.00399214;90
120.701;0.0321664;90
97.8098;0.00364279;90
-137.147;0.00105716;90
-119.803;0.000728332;90
-109.811;0.000855643;90
-116.737;0.00074685;90
-122.433;0.000682446;90
-129.639;0.00114273;90
-145.198;0.000742884;90
177.133;0.000679851;90
-112.222;0.00149396;90
-86.7734;0.00115483;90
-88.2472;0.00101347;90
-69.7024;0.000856165;90
-70.994;0.000856704;90
-57.8544;0.000823197;90
-55.1494;0.000862736;90
-54.1293;0.000779919;90
-67.645;0.00111478;90
-87.2129;0.00125448;90
-94.5574;0.00124594;90
-94.626;0.00114072;90
-93.743;0.00128674;90
-88.3313;0.00157967;90
-81.806;0.00152254;90
-82.5425;0.00132521;90
-92.4794;0.00122515;90
-94.5128;0.00127094;90
-95.7149;0.00133564;90
-97.2942;0.0012602;90
-161.226;0.000854462;90
166.91;0.000587259;90
-148.013;0.00098919;90
-164.336;0.000503707;90
-168.496;0.000521476;90
127.653;0.0011115;90
95.9937;0.00157059;90
100.692;0.000927095;90
94.8594;0.000944395;90
100.374;0.00169369;90
103.58;0.00121805;90
103.057;0.00124827;90
99.0998;0.00142898;90
95.3316;0.00147438;90
95.0144;0.00161317;90
95.9104;0.00185486;90
95.5038;0.0016265;90
96.4635;0.00159011;90
97.2758;0.00150814;90
97.7736;0.001523;90
92.1787;0.0011048;90
114.041;0.00481356;90
101.259;0.00177721;90
93.7661;0.0011114;90
94.1461;0.001148;90
93.8141;0.000977164;90
102.026;0.000988699;90
94.2642;0.00160043;90
92.0894;0.00167311;90
99.9376;0.00174417;90
100.343;0.00161525;90
100.831;0.00119733;90
121.688;0.000841439;90
98.7022;0.00148712;90
116.846;0.000912327;90
103.882;0.000987851;90
109.452;0.00404487;90
110.131;0.000929801;90
107.264;0.00219698;90
111.386;0.000921445;90
105.952;0.00126262;90
102.252;0.0013477;90
114.247;0.0019237;90
104.554;0.00195783;90
111.949;0.0010113;90
111.017;0.00117946;90
109.32;0.00126949;90
105.993;0.0018111;90
111.334;0.00173167;90
108.293;0.00166305;90
103.071;0.00118059;90
114.083;0.00120816;90
110.348;0.00119348;90
100.716;0.000946507;90
102.607;0.00118661;90
112.31;0.00129602;90
98.2334;0.00133375;90
94.7713;0.00123829;90
124.123;0.00201972;90
97.7626;0.00101429;90
102.758;0.00114117;90
97.9743;0.00145608;90
100.377;0.00106034;90
101.097;0.0012677;90
97.3899;0.00136837;90
117.735;0.000810073;90
113.479;0.000805706;90
108.174;0.00145561;90
94.2501;0.00138982;90
92.9082;0.00187241;90
95.2978;0.000953071;90
96.784;0.00135448;90
93.3127;0.0013152;90
87.9597;0.00160101;90
94.3695;0.00165381;90
91.5873;0.00249096;90
100.458;0.00226971;90
113.607;0.00193275;90
108.459;0.00151916;90
112.378;0.00142101;90
111.786;0.00135799;90
116.435;0.00118154;90
106.447;0.00123973;90
98.9462;0.00135043;90
77.1633;0.00125127;90
78.9418;0.00111572;90
102.576;0.00131351;90
117.62;0.00102027;90
121.073;0.000990063;90
143.735;0.000852048;90
174.881;0.000896576;90
153.632;0.000779051;90
121.788;0.000810586;90
130.047;0.000941848;90
119.936;0.00145283;90
120.613;0.00106434;90
102.337;0.000907968;90
102.948;0.00146833;90
103.351;0.00142039;90
118.306;0.000706476;90
106.979;0.00129442;90
130.239;0.00113316;90
128.991;0.00124285;90
146.127;0.000868388;90
120.279;0.00109081;90
119.445;0.00089914;90
132.247;0.000721374;90
153.24;0.000657408;90
-171.156;0.000533341;90
-179.708;0.00078501;90
99.0961;0.00115756;90
90.4943;0.00139105;90
114.045;0.00105779;90
125.899;0.000885127;90
137.846;0.000612403;90
123.835;0.000985983;90
114.613;0.00118133;90
126.484;0.000802218;90
127.207;0.00105342;90
120.174;0.00179062;90
119.208;0.00137709;90
105.091;0.00171308;90
99.1479;0.00227696;90
71.7352;0.000851921;90
86.2334;0.00144612;90
87.0226;0.00102038;90
86.3118;0.00172557;90
71.2776;0.000819356;90
86.0223;0.00181638;90
105.124;0.000919861;90
121.248;0.00124338;90
91.1326;0.00521102;90
82.8328;0.00100989;90
79.5292;0.00111151;90
92.5943;0.00125929;90
89.2575;0.00146612;90
95.2336;0.00145808;90
89.6883;0.00202203;90
95.0199;0.0014857;90
95.4832;0.00107793;90
101.503;0.001394;90
101.277;0.00138576;90
106.608;0.00161643;90
102.652;0.00262985;90
100.589;0.00169791;90
106.069;0.00146317;90
114.15;0.00130523;90
110.334;0.00108779;90
106.079;0.00111565;90
103.314;0.000942326;90
110.619;0.00095412;90
103.977;0.00093158;90
102.232;0.00117057;90
112.725;0.000968155;90
119.19;0.000742259;90
111.014;0.00089235;90
109.071;0.00111098;90
119.083;0.000987506;90
112.374;0.00100355;90
110.115;0.00118636;90
111.329;0.0010585;90
109.846;0.00100148;90
111.545;0.000996637;90
125.84;0.00110158;90
120.04;0.00118058;90
123.71;0.000798214;90
117.714;0.00120414;90
136.386;0.000906069;90
-120.948;0.0012173;90
-106.178;0.00122032;90
-123.632;0.000825117;90
-124.255;0.000731962;90
-139.843;0.00236168;90
151.297;0.000791224;90
106.523;0.000872009;90
116.498;0.000759816;90
177.436;0.000603604;90
143.145;0.0007586;90
153.682;0.000518773;90
144.985;0.000815627;90
124.921;0.00125252;90
121.895;0.00109774;90
134.191;0.000601101;90
126.835;0.0009858;90
-174.522;0.000785588;90
-132.573;0.000784885;90
136.892;0.000877998;90
142.881;0.00105721;90
145.748;0.000875914;90
162.733;0.000512079;90
138.693;0.000801402;90
112.658;0.001516;90
101.287;0.00146126;90
97.2975;0.00123601;90
99.4706;0.00113649;90
116.116;0.00085644;90
111.237;0.000886181;90
108.043;0.000971791;90
108.06;0.0013032;90
104.47;0.00131264;90
119.381;0.00107416;90
117.92;0.0010593;90
117.302;0.000765246;90
113.966;0.00175533;90
112.137;0.00120481;90
102.876;0.00123403;90
121.872;0.000909057;90
126.123;0.000659856;90
122.519;0.00138399;90
128.733;0.000731987;90
-162.924;0.000466567;90
-156.934;0.000622788;90
-150.619;0.00054626;90
-163.7;0.0005772;90
-140.303;0.000673219;90
157.778;0.000531474;90
118.717;0.000857466;90
133.422;0.000744866;90
120.938;0.000756652;90
119.116;0.000813841;90
158.325;0.000587541;90
-173.398;0.00127848;90
126.916;0.001252;90
108.132;0.00101542;90
103.342;0.00132167;90
115.243;0.000949687;90
-146.743;0.000844278;90
-134.639;0.000673179;90
178.003;0.000545331;90
163.59;0.00125304;90
-170.006;0.000460995;90
177.088;0.000747966;90
128.759;0.00135934;90
116.465;0.0010277;90
137.301;0.000933426;90
117.822;0.000835596;90
106.145;0.00125864;90
101.392;0.00150872;90
125.543;0.00114911;90
133.435;0.000776693;90
163.148;0.000538109;90
155.258;0.000604492;90
143.885;0.000622654;90
155.346;0.000563355;90
145.587;0.000527285;90
130.033;0.000645183;90
129.864;0.000631862;90
114.189;0.000873712;90
102.227;0.00133631;90
98.7303;0.00137695;90
91.1001;0.00140626;90
87.2138;0.00172804;90
90.4097;0.00167804;90
112.658;0.00140438;90
109.89;0.00158133;90
112.007;0.00124361;90
108.063;0.00136424;90
109.9;0.000828471;90
104.114;0.000893987;90
93.6649;0.00125156;90
70.0519;0.000838296;90
92.2648;0.00106283;90
114.927;0.00115786;90
118.973;0.00136252;90
130.746;0.00137274;90
92.4324;0.0014373;90
101.189;0.00167484;90
94.4089;0.00128781;90
93.1095;0.00140106;90
95.9398;0.00151715;90
90.4936;0.00174106;90
97.4583;0.00147145;90
97.2124;0.00154523;90
94.5494;0.00148769;90
86.2784;0.00140196;90
93.1798;0.00137011;90
99.5426;0.00129086;90
96.789;0.00148038;90
91.2792;0.00103026;90
103.725;0.00115909;90
109.083;0.00162109;90
126.965;0.000723401;90
117.45;0.00115842;90
123.398;0.001199;90
129.569;0.00102354;90
121.276;0.0013233;90
133.067;0.000859624;90
133.75;0.00103687;90
132.847;0.000847005;90
98.0314;0.00139569;90
79.0394;0.00138323;90
89.8357;0.00139501;90
94.7731;0.00151425;90
89.5151;0.00141805;90
93.7841;0.00127277;90
78.3219;0.00137343;90
80.3376;0.00141203;90
91.1262;0.00117023;90
107.722;0.00104142;90
122.131;0.00106042;90
105.777;0.00144545;90
98.6241;0.00142714;90
96.6795;0.00121223;90
98.9726;0.00117336;90
107.111;0.00101283;90
112.91;0.000911935;90
102.408;0.00159629;90
105.017;0.00111922;90
112.192;0.00152497;90
106.821;0.0024258;90
90;0.00173;90
87.3474;0.0014045;90
91.4913;0.00130644;90
85.8498;0.0022108;90
90.6766;0.00160911;90
99.9383;0.00152387;90
101.917;0.00125914;90
92.5252;0.00181576;90
77.6655;0.00153544;90
117.447;0.000900348;90
122.54;0.00102252;90
110.277;0.00129847;90
98.7803;0.00102198;90
92.1783;0.00181531;90
95.3166;0.00127348;90
71.2676;0.00140122;90
53.7853;0.000787051;90
78.1709;0.00188299;90
72.7423;0.00163145;90
64.3556;0.00122463;90
95.1636;0.0010111;90
103.662;0.00234125;90
95.8987;0.00212123;90
101.937;0.00134406;90
95.7998;0.00166251;90
90.746;0.0011521;90
81.228;0.0013508;90
94.4682;0.00177138;90
85.2992;0.00181812;90
56.2688;0.00154512;90
72.6119;0.00150581;90
80.1807;0.00179429;90
82.2804;0.00130281;90
84.3528;0.00116867;90
51.009;0.000756518;90
39.7591;0.000789604;90
72.0983;0.000917416;90
84.8694;0.00154318;90
70.8264;0.00130012;90
74.6326;0.00125279;90
82.6754;0.00131775;90
87.9867;0.00108167;90
43.0453;0.000829212;90
43.4451;0.000651485;90
85.4021;0.00209574;90
98.7015;0.00155996;90
87.2186;0.00148375;90
96.5186;0.00131249;90
99.3781;0.00100645;90
135.274;0.000740349;90
122.6;0.000991151;90
133.2;0.0011482;90
127.175;0.00067521;90
105.951;0.00143006;90
87.7732;0.00118389;90
86.0082;0.00147959;90
78.354;0.0017388;90
96.8781;0.117922;90
104.273;0.00857468;90
103.664;0.00571474;90
104.137;0.00554389;90
109.161;0.00496296;90
127.257;0.00370508;90
139.728;0.00328579;90
134.519;0.00370396;90
136.078;0.00368185;90
139.377;0.00349269;90
136.2;0.00138411;90
132.677;0.00334878;90
131.101;0.0037436;90
129.472;0.00344976;90
131.612;0.00315922;90
116.689;0.00411885;90
110.765;0.00518695;90
111.383;0.00490676;90
111.645;0.00482847;90
110.595;0.00477306;90
125.064;0.00358578;90
126.053;0.00425123;90
127.049;0.00339422;90
125.241;0.00393399;90
127.589;0.00675413;90
126.706;0.00160781;90
123.183;0.004544;90
109.694;0.00482206;90
101.665;0.00607344;90
100.842;0.00639007;90
100.549;0.00608484;90
100.974;0.00548938;90
100.386;0.00472034;90
101.541;0.0052032;90
102.986;0.00521127;90
103.782;0.00486919;90
103.276;0.00489892;90
103.675;0.00453454;90
103.151;0.00484814;90
103.932;0.00481361;90
103.119;0.00444091;90
100.438;0.00408459;90
91.9397;0.00437251;90
90.5078;0.0051902;90
91.7816;0.00540361;90
92.6026;0.00554972;90
95.0517;0.00563288;90
95.7306;0.00568843;90
100.608;0.00549186;90
103.864;0.00517476;90
103.349;0.00505456;90
99.1305;0.00550779;90
96.9606;0.00566072;90
103.138;0.00533668;90
103.698;0.00529974;90
101.102;0.00497511;90
99.6349;0.00523991;90
98.9654;0.00538378;90
98.4689;0.00526238;90
98.779;0.00544479;90
98.1506;0.00514194;90
99.4138;0.0054352;90
98.7188;0.00525776;90
98.8501;0.00498536;90
97.2839;0.0050558;90
88.0763;0.00536202;90
81.3833;0.00511271;90
83.0469;0.0102101;90
95.7095;0.00540783;90
97.6973;0.00509188;90
97.5563;0.00514064;90
87.4225;0.00560367;90
79.0627;0.00585027;90
77.0335;0.00533914;90
77.6113;0.00412505;90
73.2954;0.00407392;90
75.5094;0.00458795;90
78.5775;0.00489291;90
79.2675;0.00502083;90
85.4778;0.00565661;90
84.8661;0.010963;90
89.298;0.00587644;90
99.508;0.0053576;90
113.222;0.00424816;90
121.665;0.00332029;90
116.93;0.00386624;90
105.312;0.00514254;90
110.146;0.00487208;90
117.894;0.00433914;90
110.346;0.00495836;90
109.693;0.00475405;90
108.86;0.00499306;90
104.684;0.00493519;90
102.569;0.00488918;90
107.642;0.0046822;90
109.6;0.003935;90
115.204;0.00355769;90
130.335;0.00217378;90
130.638;0.00101339;90
122.914;0.0016784;90
128.569;0.00177398;90
120.645;0.00160285;90
134.262;0.00126229;90
125;0.00125007;90
166.202;0.000934983;90
140.831;0.00114152;90
154.418;0.00145903;90
-164.15;0.00148652;90
-142.006;0.00126384;90
-117.107;0.00298036;90
-111.826;0.003962;90
-113.358;0.00335712;90
-118.761;0.00501919;90
-139.976;0.00316279;90
-157.594;0.00274417;90
177.554;0.00257735;90
163.692;0.00247144;90
164.848;0.00214248;90
153.779;0.000744624;90
98.0293;0.00176834;90
113.849;0.0027651;90
136.906;0.00242389;90
138.413;0.00252957;90
138.845;0.00298434;90
138.011;0.00306884;90
135.885;0.00320499;90
135.695;0.00314969;90
131.537;0.00300858;90
102.271;0.00429104;90
87.4449;0.00471068;90
83.2338;0.00505017;90
83.4624;0.00512935;90
83.3452;0.00553127;90
85.1445;0.00554088;90
88.6262;0.00538055;90
92.2326;0.00536507;90
93.4309;0.00548082;90
93.431;0.00568118;90
93.4291;0.00611896;90
95.0406;0.005429;90
98.4778;0.00540607;90
99.4587;0.00526965;90
99.4998;0.00527129;90
99.2931;0.00528841;90
99.531;0.00507303;90
100.248;0.00514305;90
104.004;0.00512429;90
106.256;0.0051228;90
106.302;0.00553244;90
108.851;0.00531087;90
116.811;0.00438094;90
119.811;0.00406723;90
119.745;0.00383763;90
119.659;0.00399318;90
119.924;0.00392299;90
123.986;0.00370489;90
139.999;0.00319697;90
156.343;0.00272391;90
157.598;0.00262402;90
159.76;0.00263042;90
160.09;0.00275146;90
158.628;0.00285106;90
156.55;0.0028973;90
133.029;0.00361828;90
122.234;0.00375348;90
135.598;0.00311851;90
130.814;0.00327415;90
126.996;0.00354961;90
129.015;0.0034248;90
122.498;0.00347872;90
108.544;0.00481078;90
101.858;0.00582531;90
97.3317;0.00550098;90
95.659;0.00530385;90
101.965;0.00481869;90
117.002;0.00416726;90
137.167;0.0031786;90
148.563;0.00275899;90
164.732;0.00267336;90
170.649;0.00254786;90
165.829;0.00256919;90
164.134;0.00287867;90
157.533;0.00290986;90
125.796;0.00375786;90
108.577;0.0049689;90
105.218;0.00524595;90
109.683;0.00489289;90
112.493;0.0047547;90
115.133;0.00461713;90
114.963;0.00436696;90
112.461;0.00461186;90
104.35;0.00530967;90
103.248;0.00539353;90
102.124;0.00593743;90
96.0894;0.00615573;90
94.0086;0.00562175;90
97.0054;0.00534591;90
97.9495;0.00551702;90
98.7485;0.00554248;90
98.115;0.00534856;90
97.0466;0.00525771;90
93.6927;0.00562067;90
93.4196;0.00563303;90
93.8613;0.0053311;90
106.928;0.00483237;90
115.234;0.00446619;90
118.766;0.0037258;90
134.756;0.0026545;90
135.353;0.00240774;90
129.644;0.00309082;90
125.012;0.00333075;90
143.965;0.00273169;90
143.019;0.00289421;90
120.588;0.00397165;90
114.128;0.00438621;90
135.111;0.00364019;90
148.889;0.00300758;90
148.253;0.00309978;90
148.652;0.00312169;90
144.275;0.00316323;90
126.344;0.00372576;90
112.757;0.00473348;90
111.671;0.00466041;90
122.362;0.00361318;90
144.881;0.00262483;90
125.843;0.0037144;90
133.319;0.0033029;90
124.571;0.00351583;90
113.78;0.00439952;90
124.927;0.00376396;90
120.261;0.00382985;90
123.91;0.00346662;90
122.657;0.00350628;90
138.206;0.0032245;90
138.418;0.00330878;90
129.244;0.00363092;90
103.65;0.00536452;90
96.7573;0.00606815;90
91.0592;0.00573398;90
96.2483;0.00557713;90
109.24;0.00454907;90
122.752;0.00365985;90
136.54;0.00336846;90
134.819;0.00358364;90
129.68;0.00385904;90
132.53;0.00390544;90
143.648;0.00398316;90
122.95;0.00416615;90
118.303;0.00493951;90
117.651;0.00493231;90
124.145;0.00447186;90
119.55;0.0047487;90
113.941;0.0052464;90
115.119;0.00530027;90
120.221;0.00461524;90
130.74;0.0038169;90
120.355;0.00397145;90
107.608;0.00486599;90
108.567;0.00396646;90
117.427;0.0126634;90
-135.603;0.00221549;90
-145.8;0.0023057;90
172.842;0.00193407;90
150.084;0.00236399;90
149.15;0.00249617;90
159.895;0.00253975;90
177.477;0.00220314;90
-162.745;0.00158116;90
-153.478;0.00176918;90
171.035;0.00125129;90
116.907;0.00239532;90
102.391;0.00117436;90
118.224;0.00111224;90
134.553;0.00217513;90
-178.501;0.00206471;90
-138.129;0.00220239;90
-140.893;0.00084024;90
87.9941;0.00217133;90
117.633;0.00112762;90
-161.063;0.00166089;90
-163.977;0.00182594;90
135.089;0.00226769;90
119.355;0.00259065;90
103.304;0.00212503;90
113.257;0.00129416;90
114.259;0.00156741;90
113.283;0.0013434;90
-65.3575;0.0027461;90
-74.3333;0.00135535;90
-64.3094;0.000791213;90
-89.1877;0.00134013;90
-62.6722;0.000873486;90
-59.9889;0.000907696;90
-56.397;0.00109498;90
-59.8036;0.00130625;90
-32.6213;0.000936774;90
7.78652;0.000966915;90
14.7386;0.00118706;90
16.4708;0.00115333;90
-77.6306;0.0016759;90
25.4466;0.00103102;90
9.82073;0.000762169;90
39.4625;0.00104787;90
27.3608;0.000966075;90
2.20533;0.000805597;90
-28.6714;0.000900402;90
-39.8576;0.00112813;90
-15.4021;0.000854696;90
-8.30934;0.000678119;90
85.2911;0.0013034;90
75.9292;0.00120516;90
76.1007;0.00162354;90
65.8886;0.00105505;90
83.2231;0.000898276;90
71.86;0.000982849;90
77.3172;0.00173534;90
74.9018;0.00121701;90
79.9717;0.000982003;90
-17.5441;0.00124071;90
81.7523;0.00117111;90
120.09;0.000989319;90
112.341;0.00110494;90
-61.9006;0.00325688;90
-98.7898;0.00159675;90
-103.232;0.00191792;90
154.131;0.00850082;90
-106.648;0.000851699;90
-98.6959;0.00156094;90
-93.5509;0.000984891;90
-89.0603;0.00182925;90
-92.9269;0.00133174;90
-106.121;0.00134696;90
-82.1305;0.00108825;90
-106.151;0.000920322;90
-144.795;0.00064007;90
-145.758;0.000575806;90
-173.026;0.000469473;90
-157.182;0.000533772;90
150.187;0.000734162;90
97.8665;0.000891388;90
-171.546;0.000775426;90
-170.112;0.000774505;90
-164.382;0.000720605;90
-162.471;0.000740382;90
152.151;0.000858418;90
133.808;0.000577831;90
122.764;0.00072065;90
118.578;0.000700321;90
122.958;0.000694819;90
122.694;0.000670179;90
122.125;0.000710836;90
113.848;0.000811263;90
90.2067;0.00110901;90
109.091;0.00140952;90
114.116;0.000795425;90
112.382;0.00139186;90
123.776;0.00111162;90
-123.8;0.00347659;90
-126.08;0.000725069;90
-130.121;0.000698324;90
3.00902;0.00320041;90
-41.493;0.000947884;90
-55.6041;0.0012834;90
-59.4845;0.00133722;90
-56.7697;0.00120984;90
-57.4638;0.00141866;90
-47.0039;0.00125376;90
1.49619;0.00107237;90
17.1254;0.00130067;90
0.453519;0.00113704;90
-62.7371;0.00143208;90
16.2778;0.00104176;90
32.8557;0.00108566;90
32.9343;0.00107233;90
8.22049;0.000986132;90
-25.0879;0.00102356;90
-41.8908;0.00136885;90
-12.8264;0.00091893;90
66.0007;0.000789229;90
79.8489;0.00160005;90
74.3578;0.00171346;90
63.3383;0.00106079;90
-47.3556;0.000946201;90
-49.1372;0.000950708;90
-46.2699;0.00114862;90
-51.7077;0.00111995;90
-52.0911;0.00103677;90
-44.6747;0.00112078;90
-46.4134;0.00097469;90
-47.6191;0.00111415;90
-53.4873;0.000737814;90
-11.134;0.000574819;90
51.8864;0.000884608;90
68.0671;0.00105215;90
77.3157;0.00143912;90
-40.076;0.00111214;90
-41.3608;0.000924639;90
106.002;0.00704083;90
74.6206;0.00218318;90
17.6761;0.000668564;90
-50.4223;0.00138435;90
-36.4213;0.00137944;90
62.0742;0.00114877;90
-151.162;0.00449893;90
131.078;0.000795945;90
127.258;0.00144863;90
81.3202;0.00144454;90
117.295;0.00129971;90
131.818;0.00123581;90
135;0.000883883;90
86.581;0.00179419;90
75.9814;0.00236133;90
78.9555;0.00232812;90
133.619;0.00299193;90
119.022;0.00389165;90
99.5252;0.00149866;90
38.7127;0.000845837;90
56.8716;0.00268793;90
67.7354;0.00186073;90
66.6361;0.00200217;90
109.371;0.00147129;90
107.953;0.00218015;90
100.736;0.00176082;90
56.2675;0.000749123;90
-84.1725;0.00687453;90
-112.682;0.00268139;90
-124.392;0.00326105;90
-179.478;0.000878036;90
-83.0711;0.00253653;90
-80.8886;0.00257651;90
-89.6876;0.00898613;90
-101.208;0.000879778;90
-104.521;0.00272402;90
-102.007;0.00265816;90
-107.061;0.00373224;90
-107.667;0.00247787;90
158.213;0.00144954;90
-163.677;0.00454;90
131.162;0.000665466;90
89.1363;0.00199023;90
163.933;0.00470791;90
131.647;0.00250249;90
113.582;0.00730395;90
71.7005;0.000936353;90
-67.7421;0.0103729;90
-1.72362;0.00359062;90
4.15736;0.000910396;90
38.1653;0.000796203;90
-87.8506;0.00202643;90
-23.8294;0.0114971;90
25.8201;0.00178856;90
-15.7284;0.00192196;90
0.41518;0.00151804;90
87.3086;0.00374813;90
56.2134;0.00115267;90
-41.0091;0.000883906;90
129.553;0.00473779;90
129.733;0.00100906;90
129.334;0.000637389;90
116.592;0.00187427;90
-171.682;0.000732708;90
175.034;0.000704645;90
113.739;0.00104328;90
61.4046;0.00121182;90
105.734;0.00160411;90
120.226;0.00121174;90
-110.528;0.00576615;90
-148.479;0.000564257;90
131.77;0.000978777;90
131.1;0.000946178;90
154.512;0.000594899;90
-105.63;0.00124712;90
-104.744;0.00088411;90
-106.647;0.000841259;90
-151.198;0.000813654;90
127.494;0.00102846;90
122.87;0.00104655;90
-133.993;0.000724189;90
-94.7106;0.000986332;90
-99.2343;0.00111546;90
-88.2447;0.00124058;90
-117.743;0.00139202;90
-146.508;0.000800992;90
-161.365;0.000816821;90
-170.552;0.000657925;90
103.531;0.000880439;90
138.576;0.000884191;90
-164.414;0.000789015;90
-163.029;0.000829104;90
-164.064;0.000797653;90
159.096;0.00102015;90
125.761;0.000744339;90
122.482;0.000789514;90
119.601;0.000886727;90
124.967;0.000759018;90
122.291;0.00102206;90
94.0129;0.00162899;90
107.139;0.00104856;90
112.336;0.00113409;90
100.186;0.000949973;90
82.3392;0.00108771;90
136.112;0.000947701;90
-150.985;0.000837054;90
-115.103;0.0009994;90
-113.872;0.00102794;90
-129.336;0.00120372;90
-147.702;0.000582052;90
-120.19;0.00105395;90
-32.6623;0.00802503;90
-21.074;0.00270598;90
10.8293;0.00250155;90
-82.7479;0.00190121;90
22.6405;0.00149631;90
14.0265;0.00285513;90
-36.7802;0.0021712;90
-70.6594;0.00198078;90
-76.7749;0.00191889;90
-5.79688;0.00343557;90
20.6766;0.00189186;90
-12.1649;0.00268121;90
-28.3185;0.00219237;90
-24.7558;0.00288955;90
-29.401;0.00295568;90
31.4702;0.00287134;90
40.6729;0.00260534;90
-40.1463;0.00254055;90
-48.2434;0.00247459;90
54.4301;0.0035087;90
78.5821;0.00520297;90
99.2661;0.00566391;90
106.514;0.00609334;90
104.962;0.00667739;90
115.671;0.00868192;90
140.735;0.000976453;90
139.422;0.000788651;90
99.9419;0.000903568;90
89.936;0.003582;90
96.1199;0.00232626;90
41.7885;0.000921393;90
2.61318;0.00146953;90
11.7659;0.000985711;90
-160.017;0.00210685;90
156.753;0.000780354;90
-149.861;0.000595505;90
-79.9388;0.00168288;90
-90;0.002218;90
-89.5132;0.00223608;90
-119.195;0.000711372;90
145.248;0.0024841;90
147.143;0.002938;90
147.293;0.0023115;90
138.181;0.00154175;90
130.27;0.00230666;90
-119.944;0.00203344;90
-113.819;0.00308037;90
-111.432;0.00192941;90
-123.745;0.00232225;90
-163.635;0.00116416;90
-100.665;0.00109695;90
-74.5522;0.00245157;90
-90;0.002132;90
-89.8104;0.00815804;90
-97.2402;0.00166629;90
-134.617;0.00095108;90
130.456;0.00196344;90
150.505;0.00202092;90
169.152;0.00177471;90
-112.918;0.00182072;90
-97.4094;0.00269853;90
-90.8551;0.00201022;90
-101.702;0.00175038;90
151.539;0.00140591;90
-106.147;0.00183748;90
-129.52;0.00110318;90
-163.099;0.00187812;90
-169.889;0.00198788;90
128.414;0.00279882;90
109.509;0.00297053;90
111.282;0.00200578;90
114.041;0.00230494;90
125.465;0.0010117;90
-138.926;0.021329;90
-39.9523;0.000900102;90
-26.8136;0.00082467;90
-23.9098;0.000772273;90
-45.5521;0.000953931;90
-55.0642;0.000918523;90
-19.7058;0.00074142;90
6.26254;0.000733376;90
6.10232;0.000771371;90
88.6992;0.0011453;90
97.6188;0.00141045;90
79.8609;0.00139173;90
68.1899;0.00123005;90
79.8541;0.0015157;90
60.0892;0.000727963;90
62.5844;0.00117496;90
68.5355;0.00113685;90
81.6443;0.00147263;90
79.5981;0.00358898;90
78.7868;0.0013936;90
62.1167;0.00106912;90
-49.1304;0.00354403;90
-69.6284;0.00127259;90
-67.0667;0.00164502;90
-87.2898;0.00135351;90
-105.645;0.00144244;90
-102.718;0.0013491;90
-96.028;0.00504691;90
-176.939;0.000749069;90
135.377;0.00311912;90
103.656;0.00138927;90
98.241;0.00138834;90
99.1562;0.00236919;90
81.49;0.00136503;90
79.9911;0.00353277;90
79.892;0.00132761;90
61.9275;0.001037;90
-48.4966;0.00405786;90
-69.5537;0.00226147;90
-87.9414;0.0013919;90
-102.838;0.00142666;90
-104.237;0.00138246;90
-95.8839;0.00141445;90
-96.3138;0.00360084;90
-178.45;0.000702257;90
-168.278;0.000708782;90
123.916;0.00295352;90
102.207;0.00139044;90
95.6849;0.00354343;90
58.9427;0.0010506;90
43.0955;0.000872345;90
53.2684;0.0010768;90
70.5413;0.00136284;90
60.2682;0.00108481;90
5.56574;0.0040933;90
-126.609;0.000702607;90
-128.397;0.00115601;90
-7.39804;0.00333173;90
-41.1506;0.000916356;90
-64.9424;0.00136;90
-58.2583;0.0011747;90
-54.5306;0.00117015;90
-54.8747;0.00137304;90
-45.8834;0.00123829;90
10.0844;0.00099944;90
17.3987;0.001224;90
3.46971;0.00117315;90
-68.5574;0.00148262;90
23.0304;0.00107357;90
23.5821;0.000902358;90
40.3154;0.00102165;90
17.6182;0.000931702;90
-12.6673;0.000852756;90
-36.5879;0.00109721;90
-41.6157;0.00106605;90
-4.87499;0.000811937;90
72.8461;0.00090527;90
80.2027;0.00143391;90
73.8274;0.00138584;90
68.9466;0.00129441;90
-49.4639;0.00152632;90
-34.4731;0.000832128;90
-45.2111;0.00095955;90
-56.1734;0.00104728;90
-49.406;0.000856008;90
-42.0825;0.00102805;90
-41.6335;0.000975369;90
-55.0684;0.00116487;90
-55.4527;0.000760024;90
-19.0524;0.000557542;90
44.2655;0.000772224;90
56.5041;0.000982102;90
80.9878;0.0015066;90
-24.4323;0.000817178;90
-44.0169;0.000906644;90
-141.28;0.00208789;90
-86.4164;0.00147188;90
-113.749;0.00114715;90
175.982;0.000485193;90
161.686;0.000598304;90
166.819;0.000666562;90
171.227;0.000655671;90
174.82;0.000708895;90
-173.757;0.000652872;90
-163.993;0.000634606;90
-149.021;0.000662499;90
-149.961;0.000701178;90
-158.535;0.000664058;90
-161.62;0.000662814;90
157.014;0.000709322;90
101.229;0.00125299;90
90;0.001162;90
83.7139;0.00128774;90
79.3224;0.001155;90
126.064;0.000796679;90
143.22;0.000638001;90
-109.39;0.00119582;90
167.179;0.000594831;90
166.32;0.000545473;90
135.878;0.000738306;90
144.057;0.00105114;90
153.559;0.000622076;90
-167.077;0.000599176;90
-164.486;0.000601931;90
-141.447;0.000755726;90
-138.822;0.000678918;90
-155.574;0.000515102;90
-163.08;0.000621921;90
-158.583;0.000553199;90
122.377;0.000883315;90
138.122;0.000973717;90
-168.386;0.00288609;90
130.381;0.00107121;90
121.87;0.00125758;90
126.388;0.000642223;90
121.869;0.000803057;90
121.159;0.000854239;90
95.1944;0.0014359;90
103.244;0.000999585;90
113.199;0.000997666;90
117.191;0.000860043;90
79.9078;0.00161499;90
119.26;0.000703798;90
156.234;0.000503716;90
-143.358;0.000856207;90
-115.123;0.000817318;90
-111.254;0.000893792;90
-116.969;0.000824682;90
-145.475;0.000875133;90
-119.725;0.00105479;90
-36.8532;0.0082332;90
-45.6087;0.00226287;90
33.4916;0.00256245;90
20.1959;0.00156417;90
-93.038;0.00215102;90
5.02603;0.00480548;90
-38.9423;0.00104528;90
-64.0908;0.00164093;90
-74.5094;0.00155758;90
-51.3944;0.000825379;90
-95.2509;0.00137678;90
-91.022;0.00302748;90
-89.1305;0.0060627;90
-90.2709;0.00169202;90
-74.2106;0.00110988;90
-10.831;0.00103239;90
-53.3384;0.00253062;90
-53.0261;0.0023144;90
-60.5312;0.0051733;90
-48.5469;0.00137159;90
-42.2516;0.00191705;90
88.8615;0.00362372;90
96.2683;0.00422224;90
-96.7113;0.0069909;90
130.539;0.00149086;90
123.835;0.00241739;90
118.701;0.0034795;90
123.267;0.00259413;90
129.736;0.00179585;90
150.703;0.00181059;90
83.2995;0.00179123;90
89.6401;0.00366207;90
91.3437;0.00358199;90
87.0857;0.00308799;90
-20.146;0.00204406;90
27.5667;0.00237909;90
7.05469;0.00171801;90
-13.4743;0.00155788;90
21.0495;0.00137259;90
91.946;0.003475;90
74.2105;0.00151413;90
-48.0968;0.00157066;90
165.362;0.0250677;90
95.0382;0.00395127;90
57.4014;0.00158701;90
-66.067;0.000788823;90
-80.5415;0.00982152;90
-2.05999;0.00336618;90
16.0545;0.00165973;90
-85.784;0.00197234;90
-6.40976;0.00591196;90
-77.2213;0.00308337;90
-25.9458;0.00235874;90
21.9536;0.00293697;90
-5.45104;0.00278962;90
27.5577;0.00136823;90
89.2334;0.00373733;90
61.4781;0.000877498;90
-56.4593;0.0010642;90
-120.39;0.00495364;90
175.879;0.00253255;90
-157.36;0.00299262;90
156.714;0.00180612;90
132.52;0.00076793;90
120.254;0.00570036;90
179.077;0.00136618;90
-139.547;0.00239047;90
-155.156;0.00110198;90
87.2598;0.00294937;90
-161.859;0.00264971;90
158.457;0.00296837;90
112.283;0.00421692;90
113.974;0.00368926;90
116.838;0.00216185;90
124.544;0.0013403;90
-114.975;0.00149919;90
-112.181;0.00176674;90
-79.8251;0.00729676;90
101.085;0.0021012;90
89.2364;0.00255123;90
73.8786;0.00245973;90
67.1785;0.00205486;90
-66.6723;0.00244703;90
-67.0325;0.00286513;90
-70.4436;0.00344153;90
-44.4894;0.00301522;90
15.3138;0.00265424;90
28.5275;0.00148875;90
75.0733;0.00232547;90
-26.3616;0.00151114;90
16.3895;0.000779682;90
-50.6164;0.00111267;90
132.014;0.00160165;90
-177.827;0.00203046;90
-96.9515;0.00192515;90
-156.655;0.00406802;90
167.697;0.000882263;90
123.442;0.00128109;90
116.661;0.00614651;90
103.503;0.000963636;90
111.312;0.00184625;90
147.285;0.000521771;90
-66.5252;0.00806336;90
-47.4359;0.00327757;90
18.9003;0.00260865;90
15.3296;0.0012142;90
75.7118;0.0027026;90
-24.9998;0.00162086;90
85.1636;0.00294147;90
86.4237;0.002565;90
76.4266;0.00255229;90
0.0540017;0.001061;90
-9.02872;0.00191169;90
30.8004;0.00463237;90
-34.2548;0.000872308;90
-53.3043;0.0010526;90
-53.176;0.0009994;90
-52.8405;0.00162242;90
-41.7807;0.00142282;90
-97.745;0.00178831;90
-105.527;0.00116554;90
-109.038;0.00117106;90
-104.641;0.00183974;90
-103.068;0.00239708;90
-105.84;0.00231906;90
-98.5895;0.00255769;90
-84.5764;0.000973358;90
-156.984;0.00176989;90
-177.804;0.00193142;90
150.797;0.00052469;90
-90.8248;0.00347336;90
-88.4385;0.00407351;90
-90.3351;0.00393307;90
-41.3265;0.00153404;90
-46.1581;0.00209912;90
-58.6751;0.00280251;90
-60.0813;0.00269864;90
1.01015;0.000794123;90
84.584;0.00278644;90
88.8436;0.00322066;90
53.1583;0.0012208;90
-17.1819;0.00133037;90
-85.0077;0.00297629;90
-82.1046;0.00524876;90
-94.737;0.00142888;90
-93.7264;0.00100011;90
172.594;0.000962025;90
132.386;0.00263601;90
121.46;0.00774088;90
123.385;0.00208626;90
176.276;0.0012316;90
91.3743;0.0107991;90
87.4947;0.00157851;90
94.2569;0.00412237;90
-96.7098;0.00169461;90
-51.19;0.00363308;90
12.0223;0.000772953;90
27.1672;0.00119144;90
77.0824;0.008535;90
73.4839;0.000868849;90
105.975;0.00162058;90
153.178;0.000897567;90
152.581;0.00327039;90
-110.292;0.00164936;90
-105.821;0.00145616;90
-104.236;0.00277729;90
-106.517;0.0024939;90
-93.4319;0.00128631;90
137.914;0.00198884;90
165.519;0.00265536;90
-132.641;0.00269707;90
108.689;0.00114223;90
109.064;0.00198698;90
-177.484;0.00275666;90
155.111;0.00259942;90
111.364;0.00393648;90
113.002;0.00298645;90
123.23;0.00165694;90
-69.7259;0.00592189;90
-75.442;0.000958783;90
-57.7358;0.000891679;90
-57.0839;0.00104709;90
-55.9563;0.00112357;90
-54.2337;0.00119422;90
-0.294426;0.000973013;90
19.7347;0.00114314;90
14.0982;0.00112076;90
-56.2561;0.00118096;90
-25.4065;0.00103954;90
13.8585;0.000860035;90
40.7541;0.00109832;90
31.5382;0.000975018;90
3.7033;0.00092894;90
-24.1067;0.000927928;90
-43.6661;0.00115431;90
-6.40435;0.000887539;90
29.2933;0.000629496;90
80.9713;0.00143376;90
74.1603;0.0015644;90
70.9983;0.00140665;90
-31.0898;0.00062357;90
-49.1915;0.000899725;90
-42.5876;0.000957564;90
-53.7999;0.000975267;90
-44.9536;0.000873277;90
-52.9195;0.00108801;90
-49.4178;0.000651768;90
-46.2463;0.000942796;90
-47.6536;0.000901113;90
-36.683;0.000674604;90
-60.4206;0.000858944;90
19.6392;0.000526636;90
53.1301;0.0008;90
69.3618;0.0010611;90
73.3755;0.00132123;90
-40.0021;0.000746715;90
-35.8612;0.000658902;90
-47.8076;0.000664063;90
-125.226;0.00294901;90
-82.7946;0.00185767;90
-31.2148;0.002466;90
-28.29;0.00252567;90
-20.7172;0.00224732;90
35.0396;0.00236701;90
48.6702;0.00239706;90
-13.1658;0.00193178;90
-62.8406;0.00323353;90
-43.4734;0.00061045;90
46.297;0.00203062;90
82.4793;0.00102381;90
174.313;0.0155495;90
172.009;0.00336669;90
179.695;0.000751011;90
-157.938;0.000979739;90
-159.178;0.00108592;90
-163.805;0.00151304;90
146.945;0.00100102;90
131.371;0.000871488;90
108.589;0.00270407;90
126.54;0.00232624;90
175.231;0.00253779;90
-137.497;0.00238592;90
114.557;0.00104668;90
108.921;0.00197681;90
-166.368;0.00220204;90
164.954;0.00264259;90
113.51;0.00398587;90
107.892;0.00340466;90
117.436;0.00238303;90
118.603;0.00241469;90
118.635;0.00167143;90
116.364;0.00127233;90
119.226;0.00223445;90
134.132;0.00252042;90
163.686;0.00239232;90
-160.239;0.00191369;90
-171.526;0.00155397;90
-117.971;0.00195089;90
-103.059;0.00179236;90
-90.2699;0.00233503;90
-74.0225;0.00171838;90
-88.4203;0.00152358;90
-79.1506;0.00131755;90
-90.6703;0.00196613;90
89.177;0.0121843;90
27.5922;0.00157176;90
15.4205;0.00227904;90
-31.7603;0.00567475;90
-75.2874;0.00113005;90
-62.2947;0.00130344;90
-59.0052;0.00506641;90
-65.0912;0.00185671;90
-78.6584;0.00248656;90
-15.3322;0.0254373;90
118.074;0.00300676;90
178.945;0.00070612;90
133.156;0.000769023;90
131.866;0.00059486;90
129.538;0.000713173;90
128.985;0.00101889;90
116.92;0.00115517;90
119.745;0.00082235;90
174.301;0.000513539;90
-133.141;0.000697574;90
-53.8707;0.00462679;90
-9.14164;0.000528715;90
41.2223;0.000740536;90
5.4828;0.000575634;90
172.128;0.00244605;90
123.259;0.000847883;90
128.095;0.000729367;90
128.164;0.000938639;90
-139.91;0.00108231;90
141.545;0.00117865;90
122.996;0.000778579;90
144.642;0.000962535;90
-130.171;0.000982831;90
-137.903;0.000698103;90
131.904;0.000720178;90
145.794;0.000770232;90
126.563;0.000896413;90
-119.283;0.00112243;90
-107.961;0.000878827;90
-105.339;0.000895916;90
-141.919;0.00080418;90
135.084;0.000970152;90
148.797;0.000779811;90
-126.949;0.0011612;90
-86.9278;0.00177255;90
-106.081;0.00144765;90
-143.928;0.000660664;90
-160.878;0.000790626;90
-162.046;0.000678016;90
-167.986;0.000494838;90
116.29;0.00149013;90
-166.519;0.000600546;90
-159.376;0.0007864;90
-176.618;0.000661151;90
-155.274;0.000655058;90
178.439;0.000477177;90
135.542;0.000598239;90
128.21;0.000795418;90
119.755;0.000731433;90
121.898;0.00135691;90
134.955;0.000895905;90
102.309;0.00127122;90
97.0086;0.00122112;90
102.139;0.000908309;90
112.886;0.00110824;90
118.297;0.00102101;90
117.461;0.000943289;90
113.539;0.0013471;90
-89.3748;0.0105396;90
-49.1214;0.00161355;90
-62.1298;0.0016493;90
-76.0345;0.00314496;90
15.0291;0.00113378;90
26.4156;0.00205674;90
20.2328;0.00143132;90
2.23927;0.00156119;90
34.1956;0.00103733;90
91.5533;0.00151256;90
34.0962;0.00117378;90
41.886;0.00180933;90
11.4051;0.00165365;90
-49.0525;0.00174101;90
20.4838;0.00148596;90
73.9883;0.00284955;90
74.9911;0.00142874;90
76.8599;0.00182991;90
74.6264;0.00156915;90
76.7865;0.0012162;90
75.5309;0.00154087;90
43.9474;0.00307926;90
-149.895;0.0024702;90
-138.794;0.00891352;90
-96.6026;0.00106104;90
-143.234;0.00549001;90
-179.872;0.000897002;90
119.924;0.0160208;90
124.56;0.000913142;90
164.171;0.00972268;90
-102.811;0.00116808;90
-96.2733;0.00226959;90
-88.9754;0.0019013;90
26.1544;0.00985952;90
134.702;0.0028518;90
173.203;0.00288125;90
-163.667;0.00259576;90
-124.986;0.00226903;90
-123.289;0.00435811;90
-92.1226;0.00710087;90
-74.4973;0.00615078;90
-78.7625;0.00651694;90
-90.5611;0.0062293;90
-83.6855;0.00565531;90
-98.7784;0.00229994;90
-137.811;0.0041812;90
-127.109;0.00547465;90
-133.355;0.0056896;90
-127.957;0.00558801;90
-131.861;0.00813545;90
-128.97;0.0049069;90
-124.262;0.00558278;90
-126.221;0.00231175;90
-135.812;0.0089366;90
-126.76;0.00562941;90
-127.335;0.00546598;90
-166.371;0.00443488;90
-178.525;0.00446848;90
-176.357;0.00442294;90
-147.062;0.00496749;90
-119.415;0.00661935;90
-112.889;0.0072477;90
-113.511;0.00742982;90
-114.263;0.00726906;90
-119.943;0.00658728;90
-125.315;0.00655281;90
-119.145;0.00725221;90
-109.115;0.00782972;90
-101.311;0.0084379;90
-96.6004;0.00853457;90
-100.361;0.00880153;90
-105.669;0.00799407;90
-105.242;0.00801079;90
-103.55;0.00753779;90
-99.4812;0.00449237;90
-113.724;0.00353689;90
-110.888;0.00499528;90
-107.099;0.00242834;90
135.087;0.00139512;90
-105.507;0.00255086;90
-68.9579;0.00271826;90
-66.9232;0.00197722;90
-65.2197;0.00153648;90
16.2117;0.0004728;90
-64.5972;0.00211665;90
-16.38;0.00170208;90
129.266;0.000856349;90
-72.2324;0.000950329;90
-64.4806;0.00338195;90
-38.0565;0.00124587;90
-96.1215;0.00271951;90
-111.173;0.0034027;90
144.617;0.00146449;90
-52.9856;0.000951803;90
45.396;0.000613783;90
56.382;0.000881419;90
64.9219;0.00141322;90
99.5878;0.00405261;90
114.701;0.00709298;90
105.582;0.00727435;90
60.7746;0.00136816;90
69.9934;0.00374713;90
70.2282;0.00382234;90
70.2617;0.00227996;90
76.0719;0.00501031;90
77.3109;0.00686056;90
75.0712;0.00692887;90
73.8653;0.00719334;90
78.1892;0.00769491;90
81.2342;0.00841226;90
81.1866;0.00828887;90
75.3725;0.00761481;90
65.3461;0.00693298;90
55.6791;0.00619693;90
57.2269;0.00599652;90
63.6416;0.0117797;90
65.7421;0.00259952;90
67.0689;0.0148528;90
58.8376;0.00257215;90
31.4665;0.00734865;90
9.79571;0.00161048;90
5.62535;0.0018057;90
9.5805;0.00868818;90
42.167;0.0021317;90
56.332;0.00360583;90
49.1239;0.0058112;90
44.8499;0.00836722;90
51.9461;0.00171317;90
56.4321;0.00442374;90
56.5695;0.00551073;90
52.3985;0.00541984;90
43.7729;0.00462271;90
48.3394;0.00474638;90
49.2181;0.00450871;90
51.66;0.00422519;90
55.2597;0.00522061;90
64.5578;0.00360568;90
96.5806;0.0032635;90
88.3925;0.00545415;90
94.3819;0.0057458;90
106.804;0.0054236;90
103.927;0.00497733;90
86.0475;0.00515025;90
59.9596;0.00416092;90
64.5631;0.00297544;90
4.35494;0.00160664;90
13.3705;0.00277625;90
-27.719;0.00317541;90
-58.2786;0.00359269;90
-62.0802;0.00251583;90
-63.5465;0.00252766;90
118.506;0.00689149;90
-174.361;0.000559709;90
-108.213;0.0013054;90
-103.871;0.0011763;90
31.1882;0.00236361;90
-59.3129;0.000852358;90
-59.773;0.000840241;90
-65.1241;0.000834416;90
-68.4769;0.00141464;90
-70.2224;0.000809765;90
168.769;0.0138686;90
-103.623;0.00386782;90
-85.7308;0.0052255;90
-71.7134;0.00488574;90
-75.9165;0.00500133;90
-89.3044;0.00568342;90
-86.4772;0.00441033;90
-83.3632;0.00435216;90
-112.614;0.00159677;90
-137.993;0.00362958;90
-129.987;0.00517105;90
-130.411;0.00521395;90
-129.778;0.00522813;90
-128.485;0.00527229;90
-134.009;0.00506789;90
-126.721;0.00507762;90
-123.88;0.00518786;90
-131.259;0.00507228;90
-136.571;0.00464319;90
-132.778;0.00481477;90
-120.695;0.00577511;90
-153.572;0.00430713;90
-176.247;0.00417094;90
-178.707;0.00416606;90
-166.305;0.00419012;90
-135.629;0.00495782;90
-116.066;0.00637214;90
-112.544;0.00676601;90
-113.692;0.00695845;90
-114.767;0.00658354;90
-119.011;0.00624566;90
-124.845;0.00588768;90
-121.999;0.00605386;90
-112.362;0.00682853;90
-104.857;0.00760112;90
-98.1291;0.0079913;90
-97.6023;0.00795189;90
-102.087;0.00754528;90
-106.244;0.00740356;90
-105.089;0.00721059;90
-103.09;0.00622989;90
-101.485;0.0044297;90
-117.842;0.0014046;90
118.772;0.00371686;90
124.53;0.00405058;90
124.237;0.00368809;90
137.807;0.0017614;90
117.419;0.00323998;90
124.319;0.00346403;90
123.456;0.00393619;90
124.903;0.0037348;90
129.195;0.00269162;90
135.78;0.00067535;90
139.942;0.00229816;90
146.141;0.00320202;90
136.996;0.00322849;90
129.078;0.00196706;90
119.617;0.0019992;90
114.975;0.00359519;90
112.241;0.00348746;90
118.827;0.00225437;90
117.854;0.00214672;90
115.346;0.00386838;90
120.725;0.0043158;90
123.164;0.00528485;90
123.275;0.00525093;90
127.363;0.00506539;90
121.01;0.00551643;90
115.263;0.00612259;90
114.177;0.00606501;90
114.404;0.00616699;90
110.815;0.00644997;90
107.71;0.00684751;90
107.952;0.00685891;90
107.732;0.00703628;90
107.024;0.0072068;90
102.562;0.00775158;90
98.2698;0.00777282;90
98.3922;0.00779042;90
100.411;0.00791328;90
107.315;0.00709972;90
115.677;0.00640219;90
125.463;0.00552247;90
134.47;0.00535303;90
136.015;0.00498942;90
121.957;0.00572102;90
107.351;0.00688425;90
100.615;0.00751357;90
100.008;0.00739961;90
100.572;0.00723787;90
103.562;0.00730057;90
103.798;0.00745512;90
103.624;0.00769246;90
104.141;0.00766632;90
108.475;0.00764291;90
115.368;0.00650972;90
116.388;0.00652264;90
115.455;0.00655872;90
115.973;0.0106018;90
115.849;0.00222014;90
111.203;0.00526438;90
102.42;0.00659741;90
94.8068;0.00705281;90
99.2204;0.00650302;90
123.016;0.00492774;90
169.05;0.00302711;90
163.924;0.00288169;90
112.101;0.00444134;90
103.191;0.00603422;90
106.294;0.005154;90
113.172;0.0033927;90
113.995;0.00540509;90
114.228;0.00492479;90
112.482;0.00242424;90
99.7422;0.00450902;90
98.0435;0.0075826;90
97.8566;0.00476977;90
96.297;0.0105396;90
87.5465;0.00338711;90
84.3816;0.00717045;90
91.9699;0.00788366;90
109.233;0.00706426;90
110.361;0.00676572;90
99.3809;0.0065952;90
98.3887;0.00679975;90
98.8142;0.00659792;90
97.7798;0.00633834;90
94.9962;0.00675165;90
95.4081;0.00716188;90
100.85;0.00737891;90
100.959;0.00828508;90
98.4244;0.00817723;90
98.1517;0.00750382;90
101.492;0.00691156;90
100.99;0.00624247;90
102.668;0.00703117;90
105.127;0.00656032;90
109.692;0.00622613;90
109.359;0.00607869;90
109.711;0.00604841;90
109.356;0.00594079;90
108.504;0.00580405;90
111.468;0.0058391;90
111.512;0.00544856;90
115.431;0.00436163;90
123.841;0.00210454;90
130.751;0.00286317;90
137.585;0.0031831;90
138.644;0.00317071;90
133.17;0.00396394;90
122.035;0.00387037;90
119.808;0.00181054;90
-179.023;0.000938136;90
-121.895;0.00121317;90
118.797;0.00194104;90
118.496;0.00227;90
145.99;0.00133907;90
-110.119;0.00104369;90
-55.0972;0.00757446;90
149.835;0.00140299;90
85.616;0.00149136;90
23.0571;0.000584709;90
-65.0657;0.00125718;90
32.302;0.00106478;90
-157.453;0.00273831;90
-127.813;0.00161642;90
-110.877;0.00171456;90
-116.035;0.00145127;90
-112.469;0.00189701;90
-56.3212;0.00140478;90
-49.128;0.00190565;90
-61.1624;0.0024361;90
-51.2057;0.00192969;90
-41.4569;0.00175061;90
-35.4171;0.0018774;90
-19.7962;0.0015974;90
4.93707;0.00197533;90
-3.43147;0.0021218;90
35.2873;0.00252736;90
36.5358;0.00246924;90
55.6802;0.0011103;90
53.0345;0.001199;90
-15.8324;0.00257675;90
-29.9266;0.00336347;90
-41.6774;0.00401392;90
-41.4487;0.0040411;90
-55.2358;0.00461592;90
-57.9223;0.00486942;90
-48.9051;0.00402855;90
-49.6061;0.00662152;90
-50.6595;0.00141972;90
-49.3086;0.00317185;90
-33.5803;0.00332848;90
-21.0495;0.00309878;90
-39.589;0.00281197;90
-41.9554;0.00402063;90
-7.5684;0.00302939;90
17.6891;0.00286653;90
2.13633;0.00292403;90
-18.5339;0.00292891;90
-35.2992;0.00340748;90
-42.4905;0.00371446;90
-38.1705;0.00363914;90
-52.8462;0.00391585;90
-51.9685;0.00417306;90
-44.0869;0.00377148;90
-42.583;0.00368872;90
-49.9225;0.00393897;90
-51.6836;0.00333546;90
-35.4211;0.0040581;90
-51.2084;0.00407349;90
-44.5792;0.00404335;90
-45.4436;0.00621;90
-44.0047;0.00378571;90
-37.2982;0.0034243;90
-52.1939;0.00401474;90
-64.6478;0.00494416;90
-65.4529;0.00473714;90
-66.9896;0.00375801;90
-73.6615;0.00386404;90
-73.3072;0.00426472;90
-61.9355;0.00504182;90
-42.3165;0.00395707;90
-48.4096;0.00154564;90
-68.1488;0.00790171;90
-65.0594;0.00517455;90
-59.3003;0.00163749;90
-67.9988;0.00782915;90
-54.2779;0.00321485;90
-25.8149;0.00109308;90
-7.68585;0.00361144;90
-57.8955;0.00330783;90
-63.2192;0.00391941;90
-53.8568;0.00345368;90
-59.2454;0.00333618;90
-53.0449;0.0032286;90
-40.7525;0.00283551;90
-36.9432;0.0014076;90
-59.4716;0.00397271;90
-60.8636;0.00435622;90
-58.5375;0.00453116;90
-65.5333;0.00480003;90
-56.1881;0.00430393;90
-38.1589;0.00387638;90
-26.4665;0.00337915;90
-15.2956;0.00310084;90
-19.0928;0.00308469;90
-34.6018;0.003573;90
-36.6793;0.00354742;90
-33.7634;0.0034691;90
-25.8435;0.00273448;90
-27.6833;0.00407892;90
-54.7258;0.0043741;90
-68.9381;0.00522293;90
-69.8742;0.0051441;90
-59.573;0.00459482;90
-58.1927;0.00450799;90
-57.6729;0.00341653;90
-48.5452;0.0050315;90
-45.8888;0.0038747;90
-54.0709;0.00347147;90
-46.1096;0.00463737;90
-54.5354;0.00428129;90
-66.3028;0.00493403;90
-69.1164;0.00542541;90
-58.7877;0.00458694;90
-49.0453;0.00400938;90
-35.1667;0.00351935;90
-16.8749;0.00312454;90
-15.8526;0.00313732;90
-21.8822;0.00302925;90
-10.3266;0.00259402;90
2.41369;0.00249321;90
42.8779;0.0031127;90
67.4694;0.00464016;90
62.7149;0.00476857;90
40.0894;0.00382464;90
34.7281;0.00307715;90
42.8904;0.00389951;90
52.4237;0.00407171;90
59.9128;0.00433856;90
67.7828;0.00424734;90
52.0193;0.00470428;90
57.5095;0.00431901;90
62.732;0.00462946;90
34.0151;0.00337319;90
13.6601;0.0029556;90
7.4576;0.00273514;90
8.44729;0.00237577;90
9.47334;0.00256397;90
-21.7199;0.00300214;90
-34.7818;0.00359539;90
-31.3451;0.00337568;90
-14.0496;0.00312653;90
15.7956;0.00315202;90
14.822;0.00330704;90
-35.8836;0.00275361;90
-34.4336;0.0029923;90
-74.6757;0.00217949;90
-89.0881;0.00144518;90
-73.5919;0.0047119;90
-65.1147;0.00523286;90
-64.1606;0.00487323;90
-85.9294;0.00597307;90
-93.9354;0.00606129;90
-94.0496;0.00577742;90
-96.681;0.00534631;90
-100.126;0.00524978;90
-99.8695;0.0052974;90
-94.8742;0.00314236;90
-90.9901;0.00376156;90
-82.5789;0.00936041;90
-70.3633;0.00202051;90
-65.6019;0.00434063;90
-46.1831;0.00380151;90
-57.5597;0.0045524;90
-74.27;0.00580957;90
-76.1419;0.00608307;90
-67.8587;0.00478917;90
-65.8058;0.00482151;90
-78.2959;0.00524505;90
-71.6438;0.00345163;90
-72.2301;0.00242468;90
-71.9307;0.00346909;90
-66.7194;0.00220122;90
-112.227;0.00167335;90
-113.522;0.00246807;90
-110.693;0.000882961;90
-115.036;0.00165886;90
-116.842;0.00175846;90
-128.431;0.00176165;90
-177.761;0.00053741;90
-106.718;0.00118196;90
-75.5144;0.00222679;90
-87.1338;0.00227985;90
-90.508;0.00812132;90
-92.3709;0.00111195;90
-99.3699;0.00173211;90
-106.59;0.00170915;90
-102.168;0.00203062;90
124.563;0.00076502;90
128.285;0.000955491;90
131.352;0.000744678;90
132.21;0.000726353;90
-120.841;0.000803644;90
-104.951;0.00113958;90
-104.064;0.000987605;90
145.888;0.000640141;90
158.973;0.00076922;90
166.217;0.000604405;90
126.552;0.00108302;90
-91.856;0.00175992;90
-160.859;0.000872222;90
-168.176;0.00118106;90
-97.0488;0.0021432;90
-164.781;0.00124569;90
-164.07;0.0025468;90
139.565;0.00254092;90
115.723;0.00322565;90
107.776;0.00258438;90
116.272;0.00200846;90
145.535;0.000943631;90
-118.535;0.00132722;90
-55.6473;0.00359747;90
-54.3024;0.00112424;90
-56.6659;0.00133935;90
-58.3563;0.00124277;90
-53.3651;0.00141441;90
-53.0134;0.0013746;90
-2.11054;0.00100468;90
11.2908;0.00117474;90
16.8877;0.00113599;90
-70.4933;0.00133566;90
9.36862;0.00110575;90
18.2679;0.00108467;90
30.7442;0.00107393;90
20.5764;0.000990168;90
-22.6153;0.000967385;90
-35.8097;0.00119981;90
-17.1027;0.000965704;90
22.7383;0.000670078;90
84.4665;0.0015452;90
68.6384;0.00154837;90
71.2653;0.00145087;90
-49.2079;0.000944412;90
-45.3784;0.00107058;90
-45;0.00125158;90
-50.3912;0.000820337;90
-35.0721;0.000586489;90
-47.7085;0.000867882;90
-54.0965;0.00180246;90
-48.0869;0.000919158;90
-51.4221;0.00076494;90
-23.4986;0.000702236;90
40.6711;0.000889958;90
72.9399;0.000988496;90
77.9233;0.00155338;90
-34.8245;0.000840536;90
-33.134;0.000828761;90
-110.787;0.00440687;90
-158.911;0.000641998;90
167.496;0.00253104;90
-170.193;0.00150296;90
-158.803;0.00195529;90
176.063;0.00183533;90
114.82;0.00240847;90
117.105;0.00289718;90
161.785;0.00287928;90
-137.405;0.0027467;90
-147.891;0.00181928;90
-156.48;0.00313223;90
-164.963;0.00366552;90
-150.072;0.00392659;90
-115.268;0.00588952;90
-137.653;0.00423233;90
-136.28;0.00443325;90
-128.073;0.00504811;90
-129.413;0.00546218;90
-130.064;0.00548131;90
-129.193;0.00559079;90
-129.149;0.00516048;90
-133.005;0.00507728;90
-127.695;0.00532175;90
-124.118;0.00591022;90
-132.842;0.0058958;90
-137.028;0.00487502;90
-125.303;0.00534;90
-126.845;0.0050396;90
-163.455;0.00379617;90
-177.677;0.0038982;90
-179.334;0.00378426;90
-165.393;0.00389798;90
-136.096;0.00502986;90
-115.163;0.00646999;90
-112.906;0.00685993;90
-113.727;0.00702585;90
-114.764;0.006601;90
-119.554;0.00607203;90
-125.028;0.00558208;90
-122.101;0.00605938;90
-112.233;0.00721763;90
-104.143;0.00805826;90
-97.7565;0.00867638;90
-98.3389;0.00815017;90
-103.204;0.00786699;90
-106.799;0.007311;90
-103.866;0.00694334;90
-103.117;0.00643797;90
-98.223;0.00348887;90
145.857;0.00133271;90
124.024;0.00414451;90
124.035;0.00432729;90
125.008;0.00315847;90
124.478;0.00223815;90
123.1;0.00339495;90
124.299;0.00402125;90
124.34;0.00415885;90
129.274;0.00349428;90
138.908;0.00315396;90
146.114;0.00276215;90
142.556;0.00265633;90
126.462;0.00247186;90
123.116;0.000885901;90
118.288;0.00272208;90
112.828;0.00377356;90
112.468;0.00325509;90
114.198;0.00225185;90
119.926;0.00266192;90
120.729;0.00267917;90
121.683;0.00359472;90
121.501;0.00398649;90
122.81;0.00416906;90
126.528;0.00445388;90
125.811;0.00491524;90
118.011;0.00526359;90
114.453;0.00551028;90
114.348;0.00528286;90
114.424;0.00560124;90
112.019;0.005676;90
107.742;0.00598568;90
107.823;0.00613232;90
107.707;0.00611887;90
107.936;0.0073355;90
104.411;0.00757018;90
100.043;0.00746032;90
98.3867;0.00729501;90
100.338;0.00626877;90
126.001;0.0017268;90
47.3359;0.00293198;90
42.7744;0.00304073;90
90.8824;0.00350642;90
91.3815;0.00410619;90
99.1805;0.00310882;90
99.0995;0.00269998;90
88.3763;0.00190577;90
71.4729;0.00196694;90
66.8784;0.0015636;90
-94.0023;0.00901198;90
-81.5579;0.00194811;90
-86.9565;0.00372926;90
-88.5242;0.00357218;90
-124.864;0.000988406;90
-137.333;0.00224126;90
114.293;0.0010379;90
158.984;0.00136907;90
-83.1852;0.00341311;90
-80.0098;0.00692297;90
-81.2719;0.0067613;90
-80.8172;0.00724383;90
-77.0201;0.00699883;90
-73.0725;0.00699611;90
-71.7959;0.00698458;90
-71.9726;0.00702486;90
-70.6616;0.00603659;90
-69.6471;0.00749279;90
-65.514;0.00642264;90
-65.4307;0.00620259;90
-65.6319;0.0054363;90
-57.4171;0.00483733;90
-51.793;0.00426836;90
-56.713;0.00457334;90
-60.0428;0.00351455;90
-57.2541;0.00452752;90
-58.1851;0.00322093;90
-66.6401;0.00247159;90
-60.9011;0.00276156;90
-62.6755;0.00283424;90
-66.5101;0.00446828;90
-63.4849;0.00358844;90
-51.0441;0.00296156;90
-43.0636;0.00282509;90
-31.8064;0.00247225;90
-33.0058;0.00199734;90
-49.2602;0.00125646;90
-52.262;0.00315496;90
-54.6927;0.00401929;90
-55.5981;0.00450978;90
-55.1862;0.00363454;90
-50.4944;0.00188319;90
-57.8366;0.00361238;90
-55.153;0.00427206;90
-56.3185;0.00370734;90
-8.76235;0.00107656;90
75.5248;0.00474874;90
76.6972;0.00621476;90
75.6014;0.00644236;90
73.2154;0.00636831;90
77.2824;0.00720886;90
80.8117;0.00680735;90
83.9733;0.00730538;90
78.1408;0.00722113;90
72.1274;0.00695988;90
63.6552;0.00674895;90
55.1254;0.00583614;90
57.3449;0.00554319;90
62.8597;0.00641426;90
63.4738;0.00593587;90
65.4462;0.00591268;90
69.2019;0.00742375;90
62.3685;0.00583894;90
40.9744;0.00433111;90
7.60812;0.00589893;90
7.39558;0.00165477;90
6.84277;0.00332368;90
15.8922;0.00354967;90
41.9161;0.00389048;90
57.4193;0.00525732;90
43.4539;0.0042456;90
43.5644;0.00468535;90
54.0252;0.0089747;90
57.3147;0.001724;90
51.7239;0.00438452;90
52.7648;0.00558431;90
39.536;0.0039729;90
52.6766;0.00591279;90
48.748;0.00513822;90
51.6231;0.00518659;90
52.8628;0.00497245;90
41.0887;0.00753622;90
15.2986;0.000462385;90
65.2083;0.006532;90
30.8449;0.0061184;90
12.6081;0.00133315;90
19.0161;0.00274373;90
29.2539;0.00237374;90
40.6072;0.00209566;90
5.79203;0.00322044;90
-40.9901;0.000990961;90
-29.2055;0.000922239;90
-81.669;0.00129062;90
-53.4759;0.00427448;90
31.7444;0.00123353;90
18.4611;0.00207477;90
-6.69873;0.00391775;90
92.9889;0.00314528;90
70.6915;0.00205351;90
-20.7541;0.00101592;90
178.116;0.00310268;90
132.115;0.000899165;90
131.056;0.00107948;90
136.453;0.000669138;90
-109.3;0.00079572;90
-99.9149;0.000998919;90
152.304;0.000770252;90
131.731;0.000682054;90
121.362;0.00108561;90
127.896;0.00093775;90
144.176;0.000767128;90
131.481;0.000967732;90
161.078;0.000669162;90
-107.084;0.00115392;90
-102.143;0.00125508;90
-106.07;0.00107293;90
-94.5094;0.00131006;90
173.27;0.000810586;90
154.815;0.000780167;90
133.958;0.000933535;90
151.372;0.000795214;90
172.201;0.000759021;90
-162.763;0.000786314;90
-144.963;0.000931877;90
-140.033;0.00091073;90
-164.439;0.000756736;90
-162.017;0.00064133;90
110.942;0.00163393;90
-174.016;0.000479613;90
-170.251;0.000460652;90
-155.398;0.000809484;90
-169.418;0.000756873;90
171.844;0.000951624;90
146.001;0.000515047;90
121.777;0.000905775;90
124.249;0.000739173;90
120.642;0.000824064;90
122.405;0.000989002;90
116.762;0.00116813;90
93.477;0.00158291;90
112.152;0.00112181;90
116.394;0.00104604;90
73.5054;0.000831207;90
-168.794;0.00336006;90
138.201;0.000747163;90
-136.762;0.000643772;90
-38.0384;0.00750256;90
-20.3937;0.00656873;90
47.454;0.000693601;90
47.184;0.00333997;90
91.3184;0.00134736;90
80.1017;0.00574755;90
-6.06799;0.000813558;90
-7.94083;0.00149837;90
95.025;0.0171138;90
108.935;0.0460012;90
-41.5393;0.0103554;90
33.3768;0.000558037;90
-68.8406;0.0120151;90
-76.6327;0.00168258;90
-77.2777;0.00173459;90
-71.2188;0.00136044;90
-79.3401;0.00331928;90
-78.5774;0.0174557;90
-79.3666;0.00204308;90
-74.7333;0.00173938;90
29.9433;0.00343789;90
72.6424;0.000958656;90
67.1808;0.00269709;90
102.217;0.00153578;90
106.467;0.0023671;90
101.347;0.00180427;90
-83.0526;0.00700241;90
-114.123;0.00228779;90
-121.588;0.00214009;90
-139.857;0.000718171;90
177.748;0.000534413;90
-108.856;0.000946811;90
-77.4151;0.00177156;90
-77.6354;0.00177927;90
-100.22;0.00236147;90
-86.4396;0.00718186;90
-102.185;0.00159186;90
-98.5642;0.00110128;90
132.546;0.00117275;90
130.906;0.00198071;90
150.664;0.0011471;90
171.829;0.00178007;90
-125.333;0.00211816;90
-96.753;0.00255976;90
-89.737;0.00326803;90
165.633;0.0013461;90
-121.545;0.0014374;90
-119.589;0.00172955;90
-164.751;0.00247515;90
153.47;0.00220521;90
118.686;0.00401247;90
110.691;0.00289256;90
111.408;0.0019452;90
-171.386;0.000821263;90
-135.431;0.00103453;90
-110.582;0.00707455;90
70.1348;0.00523235;90
-132.134;0.00104641;90
-23.55;0.00471031;90
-65.209;0.00101119;90
-50.4104;0.0011549;90
-56.8962;0.00138239;90
-56.2769;0.00144278;90
-7.40752;0.000930768;90
16.3765;0.00124136;90
16.2034;0.00125068;90
-71.4572;0.00151252;90
9.98425;0.00111895;90
24.3548;0.000904492;90
33.6485;0.00114601;90
19.3925;0.0010029;90
-8.24979;0.000947808;90
-41.2338;0.00123799;90
-26.4522;0.0015894;90
76.8054;0.00285641;90
69.9085;0.00212214;90
-15.4596;0.00071279;90
-42.6275;0.000751592;90
57.669;0.000783457;90
-43.1118;0.00122325;90
-56.8716;0.00110335;90
-46.1544;0.00112311;90
-50.8462;0.00115932;90
-47.8927;0.00166736;90
-38.616;0.00204135;90
70.6977;0.00110724;90
71.6981;0.00122602;90
-38.8347;0.00112586;90
-41.4097;0.000722667;90
157.282;0.00281977;90
-162.872;0.000499137;90
141.327;0.000699346;90
130.986;0.00108099;90
136.586;0.00109856;90
130.664;0.002282;90
124.566;0.00143296;90
137.954;0.000795845;90
134.407;0.000888881;90
162.049;0.000561324;90
-103.809;0.00110185;90
177.703;0.000698561;90
149.051;0.000649465;90
119.116;0.00100499;90
134.206;0.00076587;90
-107.082;0.00121877;90
-101.685;0.00167879;90
-106.792;0.0010038;90
146.368;0.000545271;90
137.295;0.0014479;90
-159.41;0.000790496;90
-101.081;0.00112905;90
141.309;0.00115818;90
-158.246;0.000895795;90
-93.6941;0.00136584;90
-113.474;0.000928872;90
-167.337;0.000789195;90
-154.929;0.000703259;90
-161.565;0.000885438;90
-167.518;0.000527467;90
-169.149;0.000881766;90
169.236;0.000803132;90
132.311;0.00123597;90
122.593;0.000898502;90
120.259;0.00142286;90
126.781;0.000905201;90
91.8156;0.00132567;90
105.582;0.00127693;90
114.591;0.000999668;90
114.3;0.00118828;90
112.203;0.00105849;90
125.461;0.00113074;90
-48.7336;0.012857;90
-76.8248;0.00135568;90
5.36818;0.000865797;90
18.9384;0.000899703;90
38.0925;0.000993626;90
27.2351;0.000917745;90
7.75859;0.000785188;90
-23.6218;0.000870979;90
-41.2913;0.00127901;90
-6.4208;0.000706431;90
-13.5995;0.000859086;90
87.263;0.00152874;90
74.0232;0.00225615;90
68.4749;0.000885777;90
-22.5139;0.000582386;90
-32.4143;0.000772334;90
49.9805;0.000651584;90
-51.641;0.00110057;90
-46.6366;0.000817042;90
-26.7021;0.000747743;90
-63.318;0.00109568;90
-46.1411;0.00347966;90
-55.3978;0.000818841;90
-43.0619;0.000606337;90
66.1086;0.00106419;90
81.9416;0.00146951;90
62.3567;0.000903084;90
-71.1672;0.000910758;90
-47.2932;0.00123701;90
-88.8214;0.0052021;90
-29.1498;0.0027469;90
-21.2567;0.00289066;90
41.6606;0.00333826;90
18.2565;0.00263988;90
-61.2103;0.00380194;90
-62.406;0.00209196;90
-76.4066;0.00426754;90
-69.4559;0.00393527;90
-73.803;0.0043486;90
-65.9164;0.00451393;90
-52.5042;0.00441266;90
-56.6728;0.00512359;90
-65.5954;0.00554;90
-65.4551;0.00535379;90
-59.2219;0.00481519;90
-55.9892;0.00431037;90
-61.7116;0.00565086;90
-62.0878;0.0051739;90
-53.0408;0.00462041;90
-41.8582;0.00389636;90
-46.7992;0.00382875;90
-48.9746;0.00345829;90
-43.4688;0.00296384;90
-44.3903;0.00299052;90
-52.6919;0.00316449;90
-68.6598;0.00472926;90
-80.2457;0.00574302;90
-89.8924;0.00585701;90
-84.0906;0.00596369;90
-77.3552;0.00589293;90
-50.3013;0.0041863;90
-41.3197;0.00306243;90
-39.9893;0.00231543;90
-52.5494;0.00242732;90
-56.9459;0.00262362;90
-57.9167;0.00327402;90
-58.7148;0.00342385;90
-56.1595;0.00348547;90
-65.92;0.00420821;90
-55.9279;0.00382696;90
-46.9264;0.00351277;90
-53.791;0.00357184;90
-38.1259;0.00308394;90
-62.8835;0.00436814;90
-68.4252;0.00502291;90
-62.172;0.00499122;90
-40.7462;0.00437561;90
-31.7001;0.00332272;90
-32.4013;0.00314456;90
-32.278;0.0032077;90
-44.7438;0.00363669;90
-65.9069;0.00481113;90
-57.9276;0.00326183;90
-38.9061;0.00239791;90
-32.9496;0.00216767;90
-49.1653;0.00311526;90
-56.1275;0.00156815;90
136.058;0.00800511;90
127.726;0.00294333;90
118.491;0.00799533;90
143.303;0.00251181;90
147.886;0.00123024;90
145.954;0.00343838;90
141.03;0.010682;90
112.384;0.00226356;90
111.381;0.00513759;90
120.51;0.00597417;90
141.1;0.00264186;90
127.516;0.00367003;90
132.473;0.00336769;90
119.005;0.00426492;90
120.422;0.00707978;90
120.481;0.00201672;90
120.343;0.00382842;90
123.432;0.0028315;90
131.978;0.00362118;90
141.524;0.00179851;90
136.077;0.00319881;90
131.354;0.00418039;90
98.3402;0.00570837;90
95.5137;0.00599474;90
90.4906;0.00572221;90
99.686;0.00589605;90
111.937;0.00447286;90
127.995;0.00352508;90
135.121;0.00872713;90
130.543;0.00224762;90
135.342;0.00829592;90
124.789;0.00177897;90
120.225;0.00278108;90
118.111;0.00943159;90
119.854;0.00182406;90
123.947;0.00309443;90
117.318;0.00919327;90
112.463;0.00210685;90
121.101;0.00856638;90
127.264;0.00180184;90
122.375;0.00242967;90
111.256;0.00986941;90
104.287;0.00221243;90
103.814;0.00306567;90
112.353;0.00219818;90
115.311;0.00265708;90
131.646;0.00275537;90
-142.627;0.00476278;90
-149.937;0.000916259;90
171.588;0.000574178;90
146.809;0.00165501;90
158.162;0.00115057;90
158.233;0.00156133;90
137.276;0.0024924;90
89.5845;0.00579115;90
-41.6581;0.000970387;90
-20.9184;0.000518152;90
131.826;0.00554232;90
129.002;0.000757925;90
114.161;0.000820912;90
121.64;0.00127913;90
-168.938;0.000995495;90
116.916;0.00153308;90
103.815;0.00100508;90
104.603;0.00095588;90
115.749;0.00103585;90
-105.539;0.00435623;90
-103.252;0.000850652;90
-174.359;0.000823991;90
131.788;0.000921393;90
131.22;0.000943919;90
-123.761;0.00133877;90
-105.805;0.00179174;90
-148.366;0.000703535;90
129.043;0.000981105;90
158.531;0.000704911;90
-120.371;0.00119267;90
173.12;0.00072623;90
145.626;0.000743906;90
-128.169;0.000820411;90
-97.4413;0.00199984;90
-171.777;0.00104878;90
-146.217;0.00102869;90
-155.142;0.000630404;90
-171.316;0.000774884;90
-142.467;0.000587639;90
163.958;0.000817846;90
130.363;0.00122447;90
124.53;0.00109731;90
121.29;0.000874142;90
122.888;0.00101104;90
99.9883;0.00202367;90
108.849;0.00179527;90
115.459;0.00106546;90
74.2132;0.00119092;90
111.289;0.000851076;90
164.622;0.000735327;90
-128.571;0.000808356;90
-112.225;0.0013298;90
-119.619;0.000957054;90
-143.01;0.0011468;90
-128.895;0.000837723;90
53.3173;0.00385682;90
55.4534;0.000853502;90
27.2327;0.000614066;90
-48.106;0.000730808;90
142.547;0.000845244;90
-160.948;0.000557542;90
-64.3728;0.00508192;90
-80.0009;0.00149166;90
-64.4225;0.00371064;90
1.76637;0.00266026;90
15.9908;0.00242483;90
-83.2902;0.00107839;90
-63.1981;0.00151473;90
33.0786;0.00311842;90
-33.6677;0.00284644;90
-67.4947;0.00169293;90
-66.374;0.00292191;90
-2.20759;0.00220664;90
21.8966;0.00223633;90
-4.20536;0.00190914;90
-20.5916;0.00283193;90
-30.8751;0.00210652;90
-28.0602;0.00246812;90
-12.9297;0.00271278;90
45.1648;0.0034408;90
-24.9198;0.00345794;90
-60.7038;0.00202729;90
-66.8925;0.00231362;90
-73.9626;0.005216;90
-72.0303;0.00810013;90
-65.5432;0.00221252;90
-53.5039;0.00514991;90
-57.2443;0.00437106;90
-64.6435;0.00657327;90
-64.7313;0.00577232;90
-58.2767;0.00525278;90
-58.1185;0.00490377;90
-65.2588;0.0107211;90
-31.5631;0.00160669;90
-45.143;0.00283409;90
-41.2478;0.0040087;90
-48.0356;0.00822529;90
-38.4656;0.00133592;90
-45.5655;0.00186261;90
-60.9971;0.00850565;90
-72.4033;0.00218315;90
-83.3364;0.00289556;90
-88.3992;0.00626444;90
-78.7526;0.0134738;90
-44.6455;0.00148566;90
-42.4974;0.0016194;90
-44.0699;0.0064037;90
-55.5572;0.00143569;90
-56.0013;0.00149327;90
-59.182;0.00633792;90
-61.4229;0.00164318;90
-57.3965;0.00195983;90
-65.2841;0.00472593;90
-55.8399;0.00409077;90
-48.0831;0.0067839;90
-40.0406;0.00187307;90
-39.2641;0.00287251;90
-65.7576;0.00428156;90
-65.6175;0.0108036;90
-32.1178;0.00156679;90
-30.1172;0.00198497;90
-41.3145;0.00398218;90
-32.6097;0.00403034;90
-28.8921;0.00410836;90
-61.044;0.00553148;90
-61.0093;0.00392021;90
-37.306;0.00317949;90
-47.7933;0.00316311;90
-46.9745;0.0059312;90
-56.9393;0.000782729;90
-37.5209;0.00139069;90
-58.1006;0.00618626;90
-65.6914;0.00206728;90
-70.277;0.00573972;90
-86.4099;0.00908683;90
-85.0554;0.0024712;90
-86.2425;0.00437941;90
-86.1341;0.00536922;90
-79.181;0.00617985;90
-81.0278;0.00638006;90
-83.8729;0.006652;90
-83.9268;0.00630438;90
-83.5094;0.0134995;90
-73.3126;0.00277904;90
-74.04;0.0140527;90
-62.1234;0.00187566;90
-63.746;0.00716626;90
-67.5206;0.00197724;90
-68.2154;0.00568283;90
-74.9687;0.00606139;90
-71.6708;0.00548213;90
-60.1321;0.00468071;90
-20.1798;0.00458015;90
-15.4502;0.00203452;90
-10.1982;0.00312335;90
-10.4708;0.00293284;90
-29.1797;0.00338222;90
-48.1806;0.00609192;90
-70.8019;0.00258792;90
-78.3711;0.00457899;90
-85.6102;0.00738165;90
-80.4407;0.00592528;90
-75.0573;0.00587155;90
-60.8868;0.00465742;90
-49.4958;0.00415856;90
-55.4322;0.00418238;90
-46.5614;0.00378867;90
-51.2112;0.00430041;90
-50.0717;0.00418336;90
-25.2001;0.00294753;90
-22.8014;0.00310678;90
-20.2862;0.00318133;90
-22.2171;0.00325031;90
-21.9905;0.00315127;90
-33.0285;0.00362715;90
-53.254;0.00379261;90
-60.2434;0.00608887;90
-59.4365;0.00441894;90
-60.7474;0.00528383;90
-62.3086;0.005483;90
-72.1305;0.00627996;90
-73.8277;0.00631177;90
-75.027;0.00621605;90
-78.5625;0.00652049;90
-80.8741;0.00666436;90
-80.351;0.00650908;90
-80.6979;0.00658256;90
-81.68;0.00849339;90
-84.9656;0.00499126;90
-87.1943;0.00686423;90
-86.9163;0.00730558;90
-87.5117;0.00790045;90
-91.5914;0.0075259;90
-96.5015;0.00718018;90
-96.8004;0.00676459;90
-94.8406;0.00538019;90
-90.2562;0.00603706;90
-56.5917;0.00603521;90
-45.5693;0.00241984;90
-43.02;0.00556684;90
-41.3131;0.00233121;90
-40.0571;0.00352886;90
-47.9673;0.00374278;90
-75.642;0.00358498;90
-19.3562;0.00261586;90
-11.9446;0.00274442;90
3.96739;0.00372894;90
34.4778;0.00365138;90
57.267;0.00454945;90
67.0645;0.00543247;90
68.5506;0.00471452;90
54.3899;0.00239238;90
10.9053;0.0018606;90
-25.3236;0.00229117;90
-30.8706;0.000738645;90
-24.2112;0.0012631;90
-59.2485;0.00291601;90
-55.1886;0.00140311;90
-53.9511;0.00273588;90
-49.6405;0.00218505;90
-63.6244;0.00541131;90
-70.0873;0.00528498;90
-75.3318;0.00626726;90
-76.0422;0.00691106;90
-70.56;0.00620155;90
-70.3049;0.00616888;90
-64.6959;0.00550743;90
-70.1706;0.00592533;90
-66.8205;0.00987516;90
-56.4315;0.00209067;90
-70.6601;0.00482529;90
-83.8168;0.00612765;90
-91.3626;0.0052985;90
-97.0639;0.00744048;90
-95.0829;0.00697543;90
-99.5101;0.00690591;90
-104.055;0.0105869;90
-103.835;0.00172298;90
-102.992;0.00524425;90
-102.877;0.00672616;90
-96.3495;0.00751409;90
-85.0954;0.00445632;90
-82.5373;0.00875415;90
-92.2041;0.0115966;90
-99.0225;0.00250601;90
-98.9106;0.00561679;90
-89.736;0.00651107;90
-79.9819;0.00588066;90
-81.7556;0.0129013;90
-80.8135;0.0028688;90
-81.1572;0.00671987;90
-81.8934;0.0162039;90
-77.9266;0.00206058;90
-77.976;0.00265935;90
-75.8308;0.00616867;90
-78.5707;0.0067774;90
-82.8539;0.00674439;90
-77.4527;0.0063937;90
-76.8203;0.00652178;90
-80.4928;0.00713804;90
-84.1684;0.00664338;90
-85.3599;0.00669996;90
-87.5499;0.0058013;90
-89.7656;0.00562305;90
-89.4769;0.00416217;90
-83.9422;0.00412202;90
-76.1142;0.00443357;90
-77.6158;0.00558598;90
-76.4646;0.00652009;90
-75.8473;0.00680144;90
-76.8246;0.00634399;90
-76.1912;0.00690456;90
-79.5411;0.00678676;90
-78.9576;0.0115906;90
-80.3371;0.00281798;90
-79.1283;0.00938443;90
-77.1241;0.00350924;90
-66.4501;0.00573899;90
-53.0693;0.00471;90
-54.288;0.00496821;90
-52.4239;0.00464075;90
-53.381;0.00803868;90
-55.236;0.00189408;90
-64.0616;0.00498852;90
-68.4287;0.00587229;90
-68.9328;0.00610078;90
-68.3762;0.00557107;90
-58.3827;0.00381884;90
-50.4069;0.00414228;90
-49.4999;0.0063269;90
-46.3742;0.00300748;90
-42.9089;0.00430207;90
-42.1139;0.00443777;90
-44.8797;0.00808083;90
-57.0434;0.0019283;90
-68.5798;0.00435372;90
-75.7642;0.00668529;90
-77.1488;0.00622698;90
-75.468;0.0068109;90
-74.0952;0.00562327;90
-65.6523;0.00561763;90
-65.0925;0.00538044;90
-66.6366;0.00397164;90
-69.6646;0.00696084;90
-67.3618;0.00601438;90
-76.7284;0.00643383;90
-83.5019;0.00569056;90
-90.0613;0.006543;90
-91.0593;0.00394867;90
-102.766;0.00131244;90
132.551;0.00122441;90
-97.201;0.00102912;90
-64.4115;0.000944652;90
-85.8191;0.00805143;90
-91.0182;0.00168827;90
-86.9647;0.0493472;90
-98.2448;0.00162479;90
-89.2779;0.00277722;90
-25.5096;0.00191798;90
-21.8389;0.0113549;90
-40.3916;0.00604622;90
-62.9903;0.00167129;90
-63.8049;0.00408672;90
-69.3672;0.00480735;90
-71.7264;0.00494013;90
-68.8819;0.00535676;90
-55.7697;0.00452961;90
-47.2983;0.00670028;90
-65.1756;0.00186977;90
-54.0097;0.00409088;90
-64.4783;0.00510847;90
-78.474;0.00717672;90
-90.5868;0.00898247;90
-91.1017;0.00395273;90
-90.5616;0.0116316;90
-67.3689;0.00235969;90
-79.7649;0.00609499;90
-86.579;0.0122669;90
-81.4246;0.00938896;90
-73.1883;0.00878549;90
-71.5503;0.00368753;90
-71.7106;0.00622338;90
-72.3554;0.00628151;90
-76.6764;0.0098676;90
-68.6264;0.00310881;90
-66.0731;0.00588799;90
-67.4242;0.00610046;90
-69.0658;0.00633089;90
-79.4136;0.00709781;90
-80.9823;0.00701166;90
-81.3277;0.00660552;90
-78.5744;0.0103991;90
-78.2325;0.00282436;90
-77.786;0.00704753;90
-73.236;0.00669138;90
-58.8763;0.00878333;90
-68.9182;0.00585488;90
-76.6638;0.00315611;90
-74.7286;0.00770715;90
-67.6844;0.00550423;90
-50.8155;0.0051502;90
-46.0368;0.00461109;90
-44.7835;0.00430419;90
-53.5343;0.00504593;90
-65.4831;0.00591863;90
-74.3342;0.007403;90
-73.4942;0.00578645;90
-64.8881;0.00601338;90
-65.806;0.00804242;90
-68.2105;0.00356684;90
-75.5427;0.00660103;90
-77.952;0.0071096;90
-79.8147;0.00720454;90
-81.8431;0.0102972;90
-85.9276;0.00370335;90
-83.7921;0.0122438;90
-86.3302;0.00298412;90
-87.9673;0.00642804;90
-83.3853;0.00735295;90
-66.497;0.00415249;90
-66.203;0.00636188;90
-60.5231;0.00623281;90
-65.2733;0.00437734;90
-86.7021;0.00166876;90
-134.181;0.00173047;90
174.063;0.000705785;90
-179.709;0.00118202;90
167.677;0.00305028;90
171.315;0.00198678;90
167.978;0.0028086;90
-155.151;0.00227018;90
-141.647;0.00250444;90
148.94;0.00346942;90
-95.4179;0.00266892;90
-84.3104;0.00434742;90
-85.6624;0.00489201;90
-76.3371;0.00428012;90
-84.6852;0.004653;90
-91.8077;0.00615006;90
-94.2747;0.00634565;90
-95.4452;0.00663896;90
-97.9612;0.0109889;90
-97.599;0.00262404;90
-99.9798;0.00506057;90
-96.5831;0.00575696;90
-83.4928;0.00606205;90
-72.881;0.00570056;90
-72.5957;0.0101266;90
-75.0484;0.00456971;90
-76.0666;0.00229657;90
-79.0784;0.00642334;90
-86.4124;0.0063284;90
-90.1583;0.00687703;90
-90.9584;0.00705499;90
-87.1654;0.00679431;90
-77.3622;0.00610183;90
-83.3252;0.00678801;90
-85.2305;0.0121591;90
-84.9276;0.00246566;90
-89.1134;0.0042005;90
-100.529;0.00639163;90
-98.0127;0.00710941;90
-96.1377;0.0059672;90
-94.477;0.00751995;90
-89.5803;0.00627917;90
-83.4646;0.00696728;90
-76.5941;0.00493857;90
-73.1887;0.00239955;90
-46.2445;0.00100928;90
-64.5758;0.00157227;90
-62.307;0.000976904;90
-53.6029;0.00685903;90
-50.5107;0.00139165;90
-55.3799;0.00251174;90
-72.1184;0.001801;90
-90.7853;0.00357534;90
-75.4802;0.00517323;90
-79.9622;0.00500867;90
-85.9574;0.00607111;90
-97.89;0.0100895;90
-99.6433;0.00202968;90
-133.933;0.00588768;90
-137.666;0.00165713;90
-131.237;0.00367427;90
-132.597;0.00424921;90
-106.341;0.00294288;90
-121.058;0.00428181;90
-116.816;0.00428703;90
-119.906;0.00477362;90
-124.398;0.00372787;90
-103.492;0.00582063;90
-91.7491;0.00648702;90
-92.7767;0.00670888;90
-99.5295;0.00645102;90
-90.4526;0.00620319;90
-84.7737;0.00602706;90
-103.417;0.00565432;90
-115.665;0.00555061;90
-119.659;0.00818655;90
-108.64;0.00246849;90
-100.693;0.00397197;90
-97.2969;0.00558221;90
-104.537;0.00554967;90
-111.203;0.00513457;90
-123.47;0.00403991;90
-116.029;0.00501572;90
-116.792;0.00531562;90
-111.067;0.00524131;90
-96.7203;0.00639192;90
-104.925;0.00555231;90
-98.237;0.00636567;90
-94.8686;0.00566745;90
-103.233;0.00543018;90
-103.993;0.00613712;90
-86.6699;0.00630064;90
-90.6084;0.00574432;90
-90.4024;0.00655016;90
-87.4284;0.00646351;90
-93.2625;0.0046916;90
-113.45;0.00460102;90
-100.668;0.00931296;90
-99.134;0.00238119;90
-94.7394;0.00923458;90
-106.11;0.00196413;90
-100.622;0.00563149;90
-94.9036;0.00615352;90
-88.7274;0.00562839;90
-93.3138;0.00415194;90
-110.032;0.00477595;90
-119.224;0.00515745;90
-106.216;0.00526028;90
-96.1075;0.00584618;90
-106.978;0.00654423;90
-85.2908;0.0132889;90
-82.8411;0.00272827;90
-80.155;0.00401208;90
-75.4333;0.0062344;90
-69.7827;0.00564265;90
-69.4972;0.00579295;90
-78.5724;0.00754558;90
-94.492;0.00451988;90
-92.8254;0.00673519;90
-89.7054;0.0073911;90
-92.1947;0.0152502;90
-99.6049;0.0030386;90
-98.5291;0.00337128;90
-92.5548;0.0112842;90
-100.446;0.0028238;90
-94.6729;0.00697218;90
-94.938;0.00695883;90
-103.384;0.00675651;90
-103.798;0.00646145;90
-105.266;0.00622878;90
-101.805;0.00637892;90
-94.5039;0.00655825;90
-86.4265;0.00636938;90
-86.2303;0.00661632;90
-87.8085;0.00457635;90
-96.4452;0.0342173;90
-113.94;0.00155257;90
-104.612;0.00323462;90
-119.143;0.00416643;90
-169.485;0.00268509;90
-119.509;0.00427564;90
-97.397;0.00574783;90
-93.6571;0.0101747;90
-87.6174;0.00286247;90
-96.0919;0.00647356;90
-110.957;0.0046271;90
-111.147;0.00608155;90
-97.4898;0.0057077;90
-88.4228;0.00639442;90
-84.1978;0.00622188;90
-95.3835;0.0062566;90
-104.623;0.00660289;90
-98.2601;0.00542225;90
-86.5299;0.00655903;90
-83.522;0.00615127;90
-69.2021;0.00468637;90
-57.9157;0.00415689;90
-36.5176;0.00348027;90
-51.8353;0.00428369;90
-75.0756;0.00524182;90
-80.6498;0.00554568;90
-74.9902;0.00786535;90
-35.8133;0.00137743;90
-42.6576;0.00325258;90
-77.0911;0.00385852;90
-49.8085;0.00142559;90
-19.6576;0.00308266;90
-18.9234;0.00241132;90
-25.9489;0.00316064;90
-39.8739;0.00300733;90
-20.719;0.00526875;90
-25.9813;0.00114135;90
-25.1916;0.00223895;90
-22.7865;0.00282986;90
-39.3209;0.00281538;90
-26.1314;0.00248166;90
-48.6546;0.00293976;90
-34.1851;0.00260025;90
-60.8317;0.00332802;90
-66.0033;0.00340314;90
-44.3327;0.00491826;90
-57.0288;0.00141487;90
-60.8873;0.00593592;90
-39.3167;0.00103534;90
-46.6115;0.00304247;90
-43.7712;0.0031325;90
-13.5045;0.00229958;90
-9.0731;0.00237167;90
-42.0663;0.0037717;90
-22.3128;0.00411944;90
-41.7867;0.00127409;90
-28.5898;0.00265811;90
-46.3673;0.00403024;90
-21.7506;0.00670323;90
-41.7068;0.00116936;90
-33.7004;0.00765791;90
-33.4275;0.00248148;90
-6.22671;0.00117091;90
-31.7544;0.00227446;90
-50.7909;0.00125445;90
-100.087;0.0041796;90
-71.3967;0.0157109;90
-66.1632;0.00185088;90
-71.8912;0.0140531;90
-66.2665;0.00302373;90
-80.3778;0.00730477;90
-77.5288;0.0147674;90
-79.2742;0.00348183;90
-86.4397;0.0124801;90
157.437;0.00278085;90
-166.788;0.00187257;90
105.435;0.00476069;90
101.215;0.00117748;90
142.855;0.00325424;90
160.855;0.00112206;90
-61.2878;0.00867801;90
-87.7301;0.00530216;90
-57.2767;0.00115061;90
-124.977;0.00242132;90
-92.1221;0.0167975;90
-60.1531;0.000835871;90
71.8871;0.00286918;90
87.983;0.00107967;90
102.107;0.00132548;90
98.1376;0.00108088;90
93.8968;0.00105945;90
107.334;0.0010371;90
100.461;0.00117859;90
45.1085;0.000746706;90
77.7109;0.0030069;90
60.2064;0.00116729;90
72.6263;0.000870724;90
80.6619;0.00303218;90
-71.1739;0.00171368;90
11.5968;0.00125359;90
-67.1139;0.00132425;90
-89.8848;0.00397801;90
-87.7963;0.00416108;90
-73.6371;0.00279;90
99.3327;0.0066105;90
90.1173;0.00390901;90
139.331;0.00203166;90
157.985;0.000698962;90
65.4876;0.000761646;90
112.515;0.00252008;90
119.451;0.00220264;90
94.9091;0.0019632;90
58.5749;0.00242816;90
41.2827;0.00155962;90
-14.2389;0.00157746;90
52.9823;0.0013952;90
-144.972;0.000653338;90
-73.5459;0.000850845;90
124.093;0.192579;90
137.484;0.00342562;90
131.203;0.00465591;90
115.718;0.00417564;90
100.646;0.00629536;90
91.4543;0.00646208;90
86.2283;0.00620243;90
76.3847;0.00607471;90
80.1106;0.00593316;90
92.2194;0.00630073;90
91.9783;0.00643083;90
86.9628;0.00641701;90
68.5581;0.00523857;90
71.8482;0.00569438;90
84.3215;0.0104804;90
88.4483;0.00620427;90
66.6532;0.0256828;90
81.8487;0.00650977;90
89.9645;0.006461;90
84.1449;0.00639134;90
81.9614;0.00646452;90
84.1378;0.00639343;90
94.0151;0.00659819;90
93.9814;0.0104993;90
88.3128;0.00271718;90
83.1817;0.00697432;90
75.646;0.00721627;90
74.0901;0.0095467;90
81.5257;0.00230719;90
78.3516;0.00547782;90
85.975;0.00673862;90
85.7326;0.00655818;90
84.3595;0.00667432;90
86.3622;0.00668246;90
84.5924;0.00647281;90
85.2746;0.0070891;90
86.465;0.006309;90
90.3616;0.00665513;90
90.766;0.00688161;90
84.171;0.00616387;90
95.4975;0.00545911;90
108.534;0.00458373;90
109.914;0.00558708;90
111.699;0.00489271;90
105.989;0.00580143;90
97.1804;0.00616031;90
92.2999;0.0103664;90
89.2403;0.00256423;90
79.5267;0.00608437;90
82.425;0.00656933;90
72.9974;0.00542722;90
62.9087;0.00857032;90
79.0419;0.00226734;90
93.1737;0.00413634;90
87.1525;0.00998433;90
79.2861;0.0074285;90
76.1465;0.00372537;90
92.9022;0.00337733;90
83.5352;0.00650134;90
81.0246;0.00638417;90
68.2933;0.00528044;90
83.1964;0.00720876;90
92.9794;0.00432885;90
92.5221;0.00718096;90
86.4432;0.00675401;90
91.13;0.0061862;90
78.2511;0.00601604;90
76.1532;0.00608792;90
84.2336;0.00623053;90
79.7068;0.00614489;90
73.2099;0.00525502;90
80.1718;0.00932079;90
64.4642;0.00214116;90
63.7631;0.00515288;90
62.9362;0.00560022;90
56.7845;0.00438672;90
74.8788;0.005892;90
79.3161;0.00870592;90
83.4662;0.00268041;90
69.0507;0.00895281;90
42.3575;0.00156437;90
61.1179;0.00535395;90
71.6559;0.00538252;90
91.9546;0.00659684;90
91.843;0.00640531;90
80.2255;0.00642629;90
85.7381;0.00671457;90
89.4386;0.00704234;90
68.5714;0.00993045;90
43.0764;0.00130606;90
64.466;0.00780425;90
58.9027;0.00397295;90
71.0442;0.00462692;90
33.1577;0.0031941;90
42.645;0.00130784;90
48.3236;0.00676921;90
48.3487;0.00267531;90
79.3935;0.00774737;90
78.8298;0.00402118;90
95.3333;0.00705755;90
101.126;0.0045709;90
100.822;0.00987461;90
125.672;0.00620776;90
122.592;0.00293879;90
98.4119;0.0347327;90
88.6093;0.0421084;90
94.9634;0.0289646;90
100.519;0.0255524;90
114.556;0.00160738;90
104.593;0.00866039;90
94.968;0.00281758;90
88.0835;0.00705695;90
80.6493;0.00624701;90
79.0942;0.00631098;90
84.6005;0.00645062;90
83.9274;0.00659802;90
86.1518;0.00636234;90
88.0596;0.00640867;90
98.9471;0.00524684;90
100.793;0.0041545;90
94.9752;0.0050159;90
98.412;0.00419715;90
83.846;0.00237871;90
-55.5537;0.00184925;90
-24.9218;0.0021833;90
34.5073;0.00250833;90
32.4494;0.00262601;90
-15.3343;0.0027302;90
-11.2909;0.00295214;90
-9.33986;0.00223057;90
-10.7049;0.00111439;90
15.2241;0.00113483;90
48.897;0.00182077;90
116.295;0.00256435;90
115.626;0.00507298;90
115.401;0.00545982;90
115.037;0.00555279;90
112.073;0.00571595;90
94.6284;0.00675402;90
89.6195;0.00692615;90
96.6768;0.00669138;90
96.147;0.00684536;90
94.9165;0.0068492;90
97.6676;0.00669284;90
101.251;0.0065091;90
101.234;0.00652401;90
104.766;0.00636004;90
110.265;0.00590129;90
115.599;0.00546662;90
115.839;0.00543542;90
108.526;0.00633848;90
106.198;0.0062626;90
107.967;0.00604584;90
119.069;0.00515996;90
131.974;0.00441992;90
131.728;0.00436147;90
133.455;0.00445922;90
129.188;0.00459436;90
110.113;0.00577838;90
104.557;0.00630231;90
106.008;0.00618274;90
113.321;0.00563542;90
126.473;0.00467831;90
111.482;0.00568812;90
101.741;0.00648672;90
102.242;0.00642307;90
101.792;0.00653286;90
99.3186;0.00662037;90
99.1607;0.00668324;90
98.8189;0.00664658;90
104.371;0.00631768;90
112.937;0.0056964;90
112.714;0.00606539;90
113.188;0.00557974;90
106.597;0.00609178;90
103.469;0.00641853;90
107.949;0.00604206;90
107.528;0.00611598;90
107.365;0.00609793;90
107.14;0.00607059;90
96.8175;0.0134279;90
93.117;0.00687818;90
99.0104;0.00662779;90
100.205;0.00647951;90
89.2383;0.00692061;90
88.5539;0.00693421;90
89.2731;0.00693656;90
100.08;0.00654198;90
114.622;0.00547481;90
122.77;0.00499017;90
127.314;0.00469994;90
133.798;0.00431571;90
120.715;0.00508652;90
109.662;0.00556657;90
108.802;0.00513817;90
110.6;0.0049313;90
127.946;0.00424935;90
135.118;0.00378515;90
137.997;0.00381369;90
161.427;0.00905141;90
151.97;0.00211735;90
95.5298;0.00249059;90
83.225;0.00426377;90
90.8918;0.024737;90
89.0695;0.00541871;90
91.5464;0.00537296;90
94.0355;0.00456131;90
91.653;0.00329337;90
97.6834;0.00498879;90
97.478;0.00577814;90
97.7854;0.00383132;90
87.7381;0.00367386;90
89.9279;0.00636001;90
94.3525;0.00694403;90
103.425;0.0061593;90
111.172;0.0055764;90
111.917;0.00551888;90
111.604;0.00549179;90
113.681;0.00541277;90
116.759;0.00515282;90
106.085;0.00608523;90
104.584;0.00621114;90
103.944;0.00620383;90
104.085;0.00625403;90
108.248;0.00590811;90
126.214;0.0045277;90
137.555;0.00433109;90
135.698;0.00423801;90
137.752;0.00405003;90
136.087;0.00413661;90
130.27;0.00440756;90
130.909;0.00438108;90
130.773;0.00322328;90
116.813;0.00402585;90
111.33;0.00562212;90
111.38;0.0059634;90
111.311;0.00589939;90
118.592;0.00532428;90
126.426;0.00485695;90
126.924;0.0048322;90
126.936;0.0048242;90
126.373;0.00479898;90
124.981;0.00493808;90
111.154;0.00591886;90
100.434;0.00672012;90
100.742;0.00669024;90
100.893;0.00674147;90
100.843;0.00673524;90
100.904;0.00669283;90
103.697;0.00655852;90
103.498;0.00650364;90
103.446;0.00649812;90
103.409;0.00642928;90
103.264;0.00464183;90
104.978;0.00420589;90
96.6004;0.00474143;90
90.4475;0.00589018;90
90.7475;0.00674557;90
93.115;0.00680906;90
95.1177;0.00615453;90
95.8005;0.00653044;90
103.365;0.0061732;90
103.688;0.00614039;90
99.6772;0.00631181;90
97.6009;0.00666052;90
103.618;0.00638346;90
103.864;0.00622228;90
99.2494;0.00645797;90
98.4741;0.00650097;90
98.592;0.00661322;90
98.9206;0.00664234;90
98.3314;0.0066805;90
98.4154;0.00673047;90
98.8747;0.00711721;90
93.2937;0.0068403;90
82.3249;0.00667883;90
85.5099;0.0134122;90
99.2671;0.00665688;90
95.3579;0.00678967;90
85.0088;0.00683893;90
77.3242;0.00646661;90
76.9241;0.00560021;90
74.7284;0.00488241;90
76.2543;0.00511757;90
78.2947;0.00522976;90
81.6268;0.00550063;90
84.7719;0.00586038;90
84.9548;0.0115417;90
91.5271;0.00559099;90
103.622;0.00532889;90
120.464;0.00491328;90
116.7;0.00533259;90
104.596;0.00658346;90
116.103;0.00538418;90
113.439;0.00560119;90
108.417;0.00597607;90
108.033;0.00598919;90
103.647;0.00628958;90
104.957;0.00502526;90
109.105;0.00456759;90
112.194;0.00439458;90
127.496;0.00294558;90
128.881;0.00165842;90
124.672;0.00223244;90
124.841;0.00161561;90
128.592;0.00197029;90
135.761;0.00159679;90
151.227;0.00146258;90
160.462;0.00200336;90
-151.387;0.00175196;90
-121.452;0.00328106;90
-111.927;0.00534247;90
-114.432;0.00556317;90
-133.659;0.00450338;90
-160.233;0.0036724;90
170.669;0.00344762;90
164.451;0.00282022;90
129.08;0.00159739;90
109.496;0.00365559;90
136.781;0.00354998;90
138.022;0.0041041;90
137.714;0.0043012;90
136.409;0.00431324;90
135.851;0.00190374;90
119.75;0.00441142;90
87.9444;0.00986935;90
83.1114;0.00655331;90
83.4582;0.00703078;90
86.1905;0.00672787;90
90.5602;0.00664832;90
93.4898;0.00665334;90
93.2506;0.0066487;90
93.3473;0.00666237;90
95.9055;0.00663823;90
99.2068;0.00648758;90
99.4432;0.00641797;90
99.5896;0.00636291;90
99.4608;0.00631489;90
101.248;0.00635711;90
105.125;0.00612416;90
106.406;0.0059409;90
107.817;0.0054252;90
116.083;0.00647991;90
120.244;0.00506664;90
120.69;0.00488056;90
117.942;0.00508137;90
128.419;0.00475054;90
148.262;0.0035663;90
158.735;0.00323421;90
157.564;0.00368925;90
158.509;0.00123378;90
159.063;0.00524426;90
157.452;0.00111092;90
132.989;0.00469455;90
127.848;0.00557721;90
132.906;0.0036971;90
126.262;0.00474747;90
129.359;0.00161152;90
116.574;0.00903103;90
102.164;0.00230168;90
98.9305;0.00685409;90
96.1704;0.00674508;90
101.852;0.00642701;90
120.577;0.00360533;90
142.285;0.00314514;90
150.279;0.00415913;90
177.476;0.00122619;90
171.7;0.0029024;90
164.563;0.00526702;90
140.83;0.00518658;90
113.444;0.00189766;90
107.246;0.00637146;90
105.041;0.00686311;90
115.566;0.00179584;90
115.323;0.00769657;90
112.419;0.00192986;90
112.975;0.00856978;90
104.471;0.00523819;90
102.513;0.00730654;90
101.543;0.00236381;90
96.0598;0.0101547;90
95.5349;0.00703982;90
98.271;0.00546383;90
98.5666;0.00601511;90
98.2164;0.00563282;90
97.74;0.00677169;90
92.3967;0.00619342;90
93.938;0.00627582;90
95.9155;0.00481263;90
113.21;0.00584616;90
117.829;0.00143948;90
120.995;0.00506641;90
138.569;0.00176058;90
134.32;0.00381582;90
125.566;0.00162642;90
132.462;0.00549254;90
153.76;0.00260327;90
119.404;0.00189628;90
116.587;0.0070226;90
133.793;0.00369333;90
147.432;0.00271966;90
148.792;0.00322112;90
150.682;0.00166645;90
149.398;0.0026106;90
137.876;0.003523;90
119.24;0.00396753;90
111.487;0.00392584;90
111.482;0.00425992;90
128.459;0.00409678;90
140.481;0.00228024;90
123.826;0.00302867;90
134.865;0.00451489;90
127.058;0.00127941;90
111.685;0.0037375;90
121.884;0.00571181;90
122.001;0.0014398;90
119.661;0.00346157;90
124.263;0.00457373;90
131.486;0.00346143;90
142.528;0.00100926;90
139.468;0.0044563;90
127.648;0.00153074;90
104.368;0.00779377;90
94.4777;0.00600734;90
89.0177;0.00198329;90
94.0096;0.00740813;90
109.06;0.00402993;90
120.103;0.00397167;90
129.881;0.00116501;90
137.633;0.00243219;90
133.956;0.00485226;90
132.129;0.00334528;90
126.431;0.00120064;90
137.486;0.00544419;90
130.449;0.00331547;90
121.478;0.00435487;90
111.34;0.00209675;90
119.233;0.00405436;90
121.296;0.00519958;90
120.344;0.00705089;90
118.908;0.00147704;90
113.642;0.00764791;90
117.19;0.00188646;90
122.588;0.00203308;90
133.489;0.00262711;90
119.343;0.00636686;90
110.944;0.00259334;90
106.82;0.00828024;90
109.98;0.00139602;90
104.808;0.00113468;90
114.626;0.00273583;90
116.454;0.00253436;90
153.521;0.00239528;90
-145.281;0.0056816;90
144.996;0.00163347;90
147.4;0.00139948;90
150.746;0.00296516;90
159.924;0.00294814;90
-171.87;0.00282843;90
178.179;0.00349276;90
108.963;0.00185254;90
110.387;0.00139221;90
129.606;0.0025427;90
-155.419;0.00440412;90
172.367;0.000489336;90
85.6874;0.00127661;90
100.526;0.00169146;90
-163.149;0.00235617;90
171.346;0.00231941;90
122.363;0.00341315;90
105.147;0.00315356;90
113.886;0.00176081;90
117.704;0.00175521;90
-61.7995;0.00271077;90
-72.3882;0.00440234;90
-57.8161;0.00258524;90
-14.8956;0.00216681;90
14.0305;0.0024336;90
-36.0559;0.00088689;90
-90.748;0.00168514;90
30.781;0.00134438;90
13.2627;0.00310789;90
-42.5645;0.00227965;90
-53.6998;0.000663833;90
-79.7307;0.00215959;90
-58.7809;0.00203931;90
6.38645;0.00191488;90
15.4922;0.00144137;90
11.7347;0.00187826;90
-13.2286;0.00192714;90
6.57457;0.000890859;90
88.7406;0.00468613;90
-18.2008;0.000928452;90
43.9038;0.00598746;90
139.038;0.00342453;90
143.245;0.000700201;90
-112.228;0.00164419;90
-109.703;0.00298687;90
-89.2834;0.00151912;90
-53.1939;0.000898001;90
-130.459;0.00510862;90
-159.966;0.00211924;90
-166.46;0.00313926;90
-171.541;0.000713765;90
124.51;0.00160796;90
107.037;0.00243694;90
151.987;0.00444136;90
-139.674;0.00153599;90
-124.011;0.00148745;90
157.212;0.00610341;90
104.75;0.00266689;90
107.885;0.00392362;90
105.888;0.00231233;90
91.8806;0.00140175;90
-126.438;0.00535735;90
67.782;0.00566999;90
-67.3628;0.000763846;90
-69.5619;0.00853103;90
-51.798;0.00265832;90
12.9365;0.00199668;90
16.2561;0.00222912;90
78.8951;0.00235713;90
-12.0059;0.00171144;90
84.1841;0.00335527;90
81.1993;0.00391509;90
56.3948;0.00112382;90
-11.7089;0.00208437;90
56.7569;0.0176325;90
81.2051;0.00321784;90
77.6534;0.0030352;90
11.8146;0.00676941;90
-164.567;0.00699317;90
73.4968;0.00170734;90
75.5691;0.00281688;90
52.0495;0.00146346;90
-5.13356;0.00136347;90
1.03708;0.00160226;90
0.715472;0.00104108;90
-6.22715;0.000783624;90
-92.4094;0.00254525;90
-88.6923;0.0011393;90
-77.3786;0.0012082;90
-88.8742;0.00229044;90
-90.5094;0.00213708;90
-87.6354;0.00167242;90
147.188;0.00143018;90
137.822;0.00261381;90
153.347;0.00292031;90
156.39;0.0016654;90
131.299;0.00251973;90
161.598;0.00109288;90
-112.765;0.0033337;90
-113.557;0.00262474;90
-122.02;0.00250276;90
-158.87;0.00147304;90
-80.7301;0.00293635;90
-79.8015;0.00144584;90
-98.427;0.00161039;90
-89.8587;0.00770702;90
-94.4954;0.00258997;90
161.276;0.000563841;90
133.761;0.00235522;90
158.742;0.00242715;90
-179.3;0.00122809;90
-102.769;0.0030043;90
-95.9785;0.00127695;90
-92.5235;0.0038157;90
139.83;0.000604602;90
-133.732;0.00214094;90
-152.736;0.00223534;90
-167.038;0.00259923;90
123.709;0.00333347;90
109.78;0.00325931;90
113.1;0.00297449;90
122.611;0.00144359;90
-122.836;0.00409414;90
-128.542;0.00098702;90
-5.28676;0.00382025;90
-51.3667;0.00101388;90
-54.4053;0.000700974;90
-60.1679;0.00105938;90
-56.3906;0.000984594;90
-55.4412;0.00111591;90
-56.9416;0.00118242;90
-48.4014;0.000953445;90
18.7638;0.000991707;90
16.8455;0.0011629;90
14.9526;0.00104643;90
-71.8985;0.00141293;90
3.14074;0.000894343;90
10.5552;0.000818856;90
40.9412;0.000969045;90
33.6534;0.000866165;90
12.7684;0.000778245;90
-10.2602;0.000802838;90
-36.4242;0.00115704;90
-39.6593;0.000752091;90
-12.8632;0.000947785;90
70.3298;0.000938782;90
81.2866;0.000930742;90
74.0397;0.00105465;90
74.6427;0.00167273;90
29.2741;0.000633963;90
-53.7283;0.000689638;90
-1.83981;0.00118361;90
-48.1254;0.000907861;90
-46.7085;0.000901255;90
-54.3131;0.00102682;90
-34.3926;0.000610771;90
-54.8211;0.000853972;90
-47.9993;0.00094599;90
-50.6691;0.000680027;90
-47.9217;0.000887866;90
-44.3634;0.000763722;90
29.7565;0.000610499;90
75.1921;0.00122467;90
73.6047;0.00111952;90
-45.7286;0.000611697;90
-43.1436;0.00089496;90
-53.0936;0.0006278;90
112.155;0.00487385;90
137.314;0.000700607;90
132.07;0.000871588;90
125.152;0.000880596;90
158.416;0.000587173;90
121.933;0.00141987;90
133.291;0.000640216;90
135.412;0.000589742;90
145.196;0.00219703;90
120.925;0.000764712;90
118.376;0.000721716;90
-117.955;0.001457;90
-96.0939;0.00226078;90
-128.305;0.000806653;90
-114.395;0.00106289;90
132.95;0.000592935;90
127.615;0.00083067;90
135.784;0.000879016;90
-117.859;0.00138672;90
-106.514;0.000886569;90
-104.682;0.000903503;90
-146.078;0.000754398;90
126.743;0.000994602;90
143.516;0.000682815;90
-153.975;0.000521921;90
-106.454;0.00105209;90
-97.3582;0.00124929;90
-78.4844;0.00114709;90
-135.18;0.00135058;90
-152.254;0.000629363;90
-156.328;0.000620181;90
-171.569;0.000593412;90
105.95;0.00158294;90
-172.849;0.000811311;90
-166.576;0.000749478;90
-159.54;0.000769547;90
-163.975;0.000789687;90
156.101;0.000913304;90
125.468;0.000670401;90
120.437;0.000708662;90
127.443;0.000639832;90
122.237;0.00146599;90
125.861;0.000885937;90
90.7698;0.00141413;90
105.563;0.00111072;90
111.56;0.00101502;90
105.122;0.000908459;90
72.6379;0.000844476;90
161.013;0.00259414;90
-110.906;0.000843531;90
-120.726;0.00115865;90
139.697;0.000604485;90
-140.929;0.000869442;90
103.981;0.0112296;90
-117.973;0.000982825;90
33.6328;0.00138842;90
-46.2798;0.00265938;90
-59.5873;0.00131957;90
-58.0026;0.00305163;90
-65.777;0.00544983;90
-72.5772;0.00153964;90
-39.5396;0.00871646;90
10.1586;0.000771088;90
47.5753;0.0028327;90
68.3402;0.00165269;90
85.5874;0.0060048;90
21.1512;0.00119447;90
-16.1336;0.00188212;90
-51.928;0.00392766;90
72.9566;0.00220065;90
103.29;0.00106143;90
55.389;0.00869716;90
75.2884;0.00127583;90
71.7043;0.00169151;90
-150.491;0.0280796;90
-43.1834;0.0007584;90
-40.1267;0.000982186;90
-40.5857;0.00079928;90
-56.6874;0.00138928;90
-60.9601;0.00113922;90
-57.4248;0.00122584;90
-55.3879;0.00139608;90
-48.9537;0.00131269;90
4.76794;0.00110683;90
16.0715;0.00180973;90
10.204;0.000508035;90
-70.3298;0.00164287;90
22.1371;0.00114112;90
20.4776;0.000940426;90
38.947;0.0010595;90
15.6083;0.000910579;90
-13.5003;0.000985223;90
-41.4093;0.00123066;90
-24.9255;0.00098472;90
1.39898;0.000778232;90
84.8092;0.00143689;90
73.4134;0.00165695;90
74.5839;0.00156117;90
-16.4845;0.000613205;90
-39.2128;0.000841503;90
64.9557;0.000758294;90
-49.5943;0.00111232;90
-44.4983;0.000807547;90
-45.0888;0.000912169;90
-55.0328;0.00113242;90
-44.3777;0.000976572;90
-48.308;0.000894566;90
-50.5876;0.00108207;90
-46.4169;0.00100086;90
-30.6787;0.000586018;90
68.941;0.00114658;90
75.4374;0.00124086;90
29.9854;0.000502221;90
-51.003;0.00106153;90
-70.9328;0.00965787;90
-114.056;0.00112358;90
-107.284;0.00111746;90
-106.838;0.000828522;90
-104.61;0.000848432;90
-102.946;0.00105789;90
-70.3171;0.000929298;90
79.9504;0.00716899;90
97.219;0.00151199;90
113.718;0.000855234;90
97.7052;0.00133505;90
139.204;0.00136982;90
130.66;0.000850259;90
128.476;0.000777906;90
108.799;0.00144298;90
158.585;0.00286479;90
142.815;0.000728011;90
131.811;0.00096599;90
123.903;0.001047;90
130.606;0.00128293;90
162.111;0.000830136;90
110.084;0.000966793;90
121.213;0.000905007;90
140.534;0.000865288;90
133.321;0.000772492;90
178.345;0.000519217;90
-104.686;0.000962443;90
171.241;0.00105733;90
122.258;0.000865603;90
132.683;0.00111956;90
-110.202;0.001723;90
-105.602;0.00137569;90
-120.117;0.000858959;90
132.587;0.000823095;90
124.987;0.00100454;90
-146.268;0.000752728;90
-100.833;0.00202713;90
-84.6517;0.00094411;90
-111.856;0.000975087;90
-137.8;0.000839631;90
-162.821;0.000606038;90
-154.54;0.000765325;90
-168.232;0.000588367;90
104.028;0.00179452;90
-165.031;0.000789801;90
-141.634;0.000973132;90
-179.365;0.00081205;90
178.951;0.000874146;90
150.74;0.000542175;90
132.844;0.000695578;90
117.179;0.000834101;90
125.029;0.000771799;90
118.887;0.000828025;90
121.217;0.00100911;90
104.179;0.00126143;90
92.3449;0.00139317;90
119.034;0.00106939;90
107.478;0.00115534;90
66.4698;0.000794023;90
-148.003;0.00302333;90
-139.011;0.0011221;90
-120.328;0.000695127;90
10.4206;0.00411894;90
-68.1798;0.00112996;90
-66.7404;0.00357561;90
-50.0705;0.00325624;90
19.8866;0.0030956;90
3.51018;0.000702318;90
-84.6566;0.00229799;90
32.5458;0.00241648;90
-2.44292;0.00213494;90
-39.203;0.00252029;90
-91.8515;0.000959501;90
-73.691;0.0016452;90
-53.376;0.00209702;90
7.0998;0.00169097;90
35.1879;0.00074272;90
10.8798;0.00227285;90
-5.58547;0.00209595;90
-9.73177;0.0011536;90
90.3241;0.00265204;90
85.5848;0.00292267;90
-53.5175;0.00121263;90
104.749;0.00545578;90
132.983;0.00186863;90
-100.731;0.00116538;90
-54.5269;0.000722015;90
-3.78208;0.000833816;90
104.036;0.00100604;90
129.948;0.00159791;90
86.2673;0.000936988;90
100.413;0.00156579;90
130.607;0.00108932;90
130.689;0.0014863;90
133.923;0.00116623;90
137.235;0.000997072;90
-47.0059;0.00614145;90
-52.2799;0.00175219;90
-100.213;0.00178224;90
-49.5553;0.00190531;90
-96.8646;0.00166494;90
-89.4002;0.0018151;90
-45.1248;0.000973688;90
-105.715;0.00443788;90
-120.4;0.000835925;90
149.59;0.00166739;90
177.84;0.00206947;90
-165.163;0.0018745;90
-156.591;0.00139698;90
171.67;0.00105614;90
118.721;0.00248469;90
105.706;0.00138158;90
121.306;0.00166665;90
158.82;0.00306397;90
-137.646;0.00286471;90
-169.333;0.000524055;90
85.9977;0.00279381;90
-174.107;0.00149993;90
-168.303;0.00200259;90
150.66;0.00233675;90
116.141;0.00314131;90
106.432;0.00228013;90
114.605;0.00303344;90
-137.252;0.00151155;90
-106.731;0.00226488;90
-165.547;0.000933544;90
62.0526;0.0048756;90
-62.2383;0.00167026;90
-140.316;0.00411396;90
0.181531;0.00252501;90
-41.116;0.00100215;90
-46.3179;0.000922311;90
-63.7212;0.001432;90
-53.6056;0.000964033;90
-55.3731;0.00122134;90
-57.5652;0.00132938;90
-47.2372;0.00121361;90
19.3063;0.00116449;90
0.144443;0.00119;90
13.6254;0.00104851;90
-70.2971;0.00141483;90
25.5706;0.00105648;90
20.502;0.000867978;90
42.034;0.00109324;90
12.0584;0.000990863;90
-16.5384;0.000955531;90
-36.7861;0.0015046;90
-27.0251;0.000724062;90
19.5064;0.000862504;90
85.6417;0.00119746;90
71.5311;0.00160043;90
75.5589;0.00171622;90
-36.0091;0.000692278;90
-31.6169;0.000797349;90
57.7546;0.000759071;90
-41.6749;0.00103624;90
-41.2433;0.000938934;90
-65.0577;0.000742225;90
-58.5232;0.001264;90
-27.1451;0.000574252;90
-50.6717;0.000829964;90
-50.1501;0.000661695;90
-45.8969;0.000722752;90
-47.9398;0.000758309;90
-22.0125;0.000957823;90
68.6481;0.00111235;90
79.4311;0.0014557;90
-47.9846;0.00105927;90
-38.4252;0.000648439;90
-45.859;0.00061313;90
108.266;0.00385736;90
103.329;0.00159188;90
122.516;0.0011776;90
81.7514;0.00109432;90
77.5145;0.00100374;90
72.4389;0.000808688;90
98.9462;0.00135043;90
116.354;0.000729858;90
99.5808;0.00103341;90
131.028;0.000888138;90
129.898;0.000636088;90
132.758;0.000668728;90
130.875;0.00115983;90
117.307;0.00089808;90
80.213;0.00127658;90
74.4736;0.00135235;90
77.7885;0.00137102;90
65.5879;0.00119043;90
69.0347;0.00119619;90
78.646;0.00152892;90
80.9771;0.00177901;90
77.0625;0.00142928;90
82.0617;0.00152057;90
84.3191;0.000959713;90
81.2405;0.000978412;90
63.922;0.000841686;90
76.2131;0.00139314;90
78.9314;0.00148971;90
65.899;0.00109221;90
19.2086;0.000796334;90
-18.0685;0.000741569;90
-15.7113;0.000638869;90
-15.7789;0.000661943;90
-26.7161;0.000678425;90
32.5186;0.000556203;90
-9.02077;0.000618652;90
46.003;0.000686706;90
-179.967;0.003422;90
-175.639;0.000933703;90
-149.413;0.000886324;90
-100.466;0.00153046;90
-104.846;0.00125282;90
-110.415;0.000905901;90
-106.44;0.00133561;90
-96.8606;0.00153197;90
-101.171;0.00202844;90
-98.9974;0.00168169;90
-99.2769;0.00106696;90
-108.92;0.00127065;90
-101.519;0.0017778;90
-113.022;0.0014038;90
-105.238;0.0017692;90
-108.65;0.0012665;90
146.792;0.000889216;90
120.119;0.000872851;90
138.821;0.00079585;90
124.87;0.000848317;90
137.061;0.00104224;90
-141.696;0.00712603;90
-109.159;0.000825737;90
-103.398;0.000936488;90
-111.57;0.0010581;90
-103.79;0.00107396;90
-99.8588;0.00104544;90
-98.3576;0.00160302;90
-86.6261;0.00181815;90
-100.47;0.00155184;90
-92.4214;0.00127814;90
-89.3145;0.00100307;90
-125.987;0.00115554;90
-137.665;0.000821132;90
-159.028;0.000628645;90
-165.243;0.000635979;90
108.775;0.00149136;90
-174.838;0.0007892;90
-167.005;0.000920575;90
178.807;0.000480104;90
-155.804;0.000573371;90
-169.819;0.000786382;90
146.088;0.000716955;90
120.882;0.00144951;90
118.856;0.00143178;90
124.898;0.000999792;90
121.029;0.00120666;90
130.512;0.000903625;90
138.517;0.0011413;90
140.413;0.0017764;90
155.425;0.000541007;90
-121.634;0.000981897;90
-131.231;0.000839029;90
-9.26016;0.0194758;90
-101.623;0.00107709;90
-105.122;0.00174026;90
-110.091;0.00149923;90
143.055;0.0027302;90
178.712;0.00102326;90
-145.569;0.00141488;90
-131.381;0.00229631;90
-155.632;0.002986;90
-159.428;0.00418914;90
-166.096;0.00367054;90
-119.411;0.00529662;90
-128.721;0.00570238;90
-139.188;0.00456099;90
-126.9;0.0052796;90
-130.668;0.00506392;90
-130.062;0.00508529;90
-129.955;0.00482419;90
-128.63;0.00854083;90
-134.777;0.00199901;90
-131.88;0.00493727;90
-123.748;0.00598688;90
-129.15;0.00529339;90
-136.107;0.00497613;90
-132.317;0.00539336;90
-121.629;0.00603904;90
-154.758;0.00422103;90
-178.418;0.0042016;90
-177.629;0.0040855;90
-162.592;0.00446554;90
-134.736;0.0052185;90
-113.76;0.00679819;90
-111.994;0.00707058;90
-113.943;0.00656929;90
-117.115;0.010345;90
-123.001;0.0031598;90
-124.988;0.00512897;90
-121.024;0.00606917;90
-109.009;0.00697855;90
-102.146;0.0138163;90
-95.599;0.00301338;90
-99.8574;0.0122549;90
-105.055;0.00286431;90
-107.045;0.00694925;90
-103.92;0.00731174;90
-104.053;0.0058439;90
-99.3437;0.00309811;90
-109.996;0.00228686;90
-111.136;0.00422095;90
-111.399;0.00375485;90
-94.2892;0.00116326;90
139.847;0.00128871;90
-105.726;0.00154587;90
61.9307;0.00534918;90
68.2788;0.00371261;90
82.968;0.00305498;90
123.995;0.00405991;90
124.538;0.00457539;90
125.315;0.00334563;90
123.479;0.00633389;90
126.009;0.00233026;90
123.977;0.00459325;90
127.84;0.00329607;90
136.471;0.00319435;90
145.894;0.00370771;90
141.144;0.00214069;90
125.934;0.00442019;90
116.362;0.00264618;90
112.397;0.00357464;90
114.207;0.00271689;90
130.202;0.00164839;90
112.865;0.00318095;90
116.538;0.00283578;90
121.921;0.00296545;90
122.078;0.00420851;90
121.619;0.00435086;90
124.875;0.00496341;90
125.881;0.00595629;90
115.367;0.0112906;90
114.263;0.00272797;90
114.299;0.00633303;90
110.963;0.00680331;90
107.82;0.00710383;90
108.026;0.00735817;90
107.592;0.00767599;90
106.186;0.00789597;90
100.602;0.00837598;90
98.2761;0.01354;90
99.3641;0.00335572;90
103.455;0.00686751;90
110.772;0.00705775;90
119.956;0.00596599;90
132.41;0.00920179;90
136.73;0.00248308;90
128.583;0.00501084;90
111.138;0.00793381;90
100.736;0.00867995;90
99.6914;0.00797785;90
101.918;0.00831422;90
103.28;0.00888049;90
103.928;0.00846281;90
104.504;0.0160557;90
114.961;0.0214505;90
113.587;0.00319384;90
113.854;0.0159713;90
105.376;0.00323583;90
99.9067;0.00390015;90
108.378;0.018548;90
160.872;0.00115052;90
151.859;0.00456912;90
112.01;0.00137415;90
104.835;0.00248793;90
106.734;0.00968305;90
114.467;0.000830585;90
105.76;0.00199188;90
114.106;0.0132999;90
101.75;0.00268118;90
97.5765;0.0210619;90
95.5555;0.00382195;90
93.7603;0.02368;90
113.241;0.00282309;90
101.039;0.0160958;90
99.183;0.00468707;90
95.8249;0.0237466;90
100.954;0.00375746;90
100.529;0.0180967;90
99.5793;0.00298056;90
99.614;0.00285611;90
100.394;0.0186297;90
104.445;0.00333131;90
105.777;0.0158262;90
109.683;0.00463162;90
109.561;0.0143333;90
102.879;0.00253477;90
102.902;0.00321107;90
114.167;0.0110406;90
110.518;0.00177458;90
114.38;0.00213431;90
133.146;0.00485329;90
141.603;0.00201091;90
130.526;0.0097801;90
124.473;0.0018268;90
149.509;0.00295228;90
142.989;0.00203501;90
117.662;0.000887435;90
160.702;0.00214237;90
-105.406;0.0010352;90
-115.576;0.00163302;90
-61.393;0.00133041;90
-61.5718;0.00170568;90
-62.496;0.00199216;90
-98.802;0.00132662;90
-114.313;0.00104684;90
-116.498;0.00115426;90
-111.492;0.00089525;90
-175.684;0.000478357;90
126.824;0.0007508;90
128.2;0.000758404;90
143.469;0.000811414;90
152.088;0.000798944;90
-174.742;0.000654755;90
-118.505;0.0011755;90
-95.1421;0.00178518;90
-59.9135;0.00101934;90
-57.3091;0.00132011;90
-112.486;0.00161585;90
-112.912;0.00091955;90
-42.7039;0.00118252;90
41.8886;0.000820747;90
68.7643;0.00220041;90
66.67;0.00206047;90
66.2897;0.00117629;90
118.726;0.00145851;90
146.362;0.00061017;90
148.839;0.000597162;90
61.4563;0.00143775;90
64.5938;0.00168053;90
67.6214;0.00197256;90
107.774;0.00142502;90
107.457;0.00198335;90
54.5439;0.00122397;90
-25.4077;0.000265699;90
-114.35;0.00332036;90
-88.667;0.00163344;90
-98.5943;0.00441659;90
75.5488;0.0064635;90
107.572;0.00136468;90
68.1031;0.0020057;90
61.6282;0.00109219;90
-1.35412;0.000973272;90
-60.1661;0.00271364;90
-59.3046;0.00179441;90
53.8493;0.000956075;90
75.1841;0.000926814;90
-49.92;0.00176437;90
-58.2702;0.00454066;90
-50.222;0.00346506;90
-40.4574;0.00293736;90
-41.2734;0.00295914;90
-42.7106;0.00272595;90
-40.2577;0.00157375;90
-64.3062;0.0047352;90
-68.6712;0.00704664;90
-69.4561;0.00775093;90
-70.4369;0.00803058;90
-70.2974;0.00766154;90
-70.6423;0.00675487;90
-70.7175;0.00643499;90
-75.7369;0.00679857;90
-77.6091;0.00698572;90
-78.001;0.0118714;90
-81.6957;0.00348959;90
-81.9803;0.00675203;90
-82.0563;0.00725764;90
-78.5256;0.00765091;90
-78.8286;0.00754088;90
-84.9129;0.00744332;90
-84.9668;0.00743166;90
-81.2687;0.0067391;90
-81.3794;0.00697176;90
-81.0197;0.00732884;90
-77.3355;0.00696034;90
-66.0304;0.00573782;90
-75.6608;0.00646852;90
-91.5326;0.00856206;90
-93.0764;0.00894389;90
-83.7434;0.0087813;90
-82.0135;0.0134303;90
-80.878;0.00235276;90
-72.2283;0.00193955;90
-72.751;0.00325436;90
-66.2259;0.0050331;90
-65.642;0.0051329;90
-65.5597;0.00262963;90
-75.0075;0.00809454;90
-78.9891;0.00191628;90
-72.4795;0.0045375;90
-31.9463;0.00360028;90
-11.1591;0.00372544;90
-62.6537;0.00596907;90
-83.9987;0.00821603;90
-81.3871;0.00807304;90
-73.7053;0.00603752;90
-63.1639;0.00501064;90
-63.359;0.00506246;90
-63.9693;0.00537082;90
-65.3613;0.00574726;90
-63.6758;0.0114917;90
-65.859;0.00277028;90
-72.3138;0.00529948;90
-76.069;0.00593971;90
-75.9684;0.00599694;90
-75.4002;0.00572072;90
-78.0347;0.00608725;90
-75.7576;0.00626765;90
-78.2758;0.00821846;90
-80.6685;0.00856636;90
-75.6368;0.0131335;90
-64.7078;0.00308027;90
-49.7437;0.00455736;90
-44.3899;0.00511338;90
-46.542;0.00530805;90
-58.2559;0.00588072;90
-68.1059;0.00677139;90
-74.5859;0.00736284;90
-80.8938;0.00811933;90
-81.7876;0.00817685;90
-80.4004;0.00795743;90
-76.2841;0.00772221;90
-71.8351;0.00738084;90
-71.9974;0.00762637;90
-72.4232;0.00757988;90
-70.0022;0.00732783;90
-65.9237;0.00710622;90
-65.3828;0.00686825;90
-65.245;0.00654108;90
-56.6818;0.00559815;90
-53.5598;0.00538735;90
-57.5559;0.00567593;90
-58.4035;0.00513995;90
-59.8926;0.00390134;90
-66.2571;0.00352429;90
-54.8293;0.00252251;90
-68.7207;0.00432057;90
-63.8653;0.00476296;90
-52.0778;0.00425812;90
-37.0672;0.00313562;90
-33.2932;0.00352326;90
-49.5089;0.00377774;90
-55.9077;0.0044244;90
-54.9001;0.00435128;90
-55.402;0.00372833;90
-49.2256;0.00179457;90
-57.7571;0.00350322;90
-56.1072;0.00392009;90
-55.6835;0.00385623;90
1.60493;0.00149959;90
77.3502;0.00611442;90
76.6319;0.00717542;90
73.9032;0.00722423;90
75.2954;0.00748516;90
80.004;0.00806544;90
83.3251;0.00794082;90
78.8949;0.00812004;90
71.3739;0.00758318;90
61.8786;0.00668518;90
54.4535;0.00604441;90
58.8917;0.00652657;90
64.1359;0.0068724;90
65.8264;0.00719164;90
66.9936;0.00712578;90
65.5057;0.00706701;90
43.1651;0.00554302;90
10.3398;0.00440148;90
1.44177;0.00429236;90
13.7393;0.00444622;90
45.7932;0.00863248;90
46.9906;0.00588314;90
44.1524;0.0049715;90
48.3329;0.00212846;90
54.9354;0.00491384;90
56.0959;0.00527246;90
54.8923;0.00531371;90
46.5827;0.00450599;90
45.332;0.00475962;90
50.1988;0.0050412;90
50.0578;0.00488462;90
52.1055;0.0043845;90
64.0519;0.00386236;90
76.8147;0.00148618;90
90.7142;0.00730057;90
89.3742;0.00247215;90
99.5731;0.00628959;90
107.573;0.00614057;90
92.4507;0.00615063;90
66.4508;0.00442012;90
57.0649;0.00322059;90
21.8621;0.00140181;90
18.8351;0.00271646;90
-18.6265;0.00264874;90
-50.95;0.00323334;90
-61.7686;0.00262983;90
-62.5924;0.00322386;90
-53.7269;0.000960052;90
-118.392;0.00211774;90
70.5194;0.00164624;90
150.237;0.0136438;90
-129.892;0.00177907;90
-126.148;0.00269721;90
-92.2051;0.00623762;90
-74.9214;0.00526632;90
-73.0979;0.00478782;90
-85.5982;0.00566772;90
-93.8816;0.0044021;90
-83.8509;0.00423839;90
-75.6732;0.00286923;90
-140.681;0.00221422;90
-142.314;0.00353816;90
-128.806;0.00512533;90
-126.589;0.00640528;90
-127.476;0.00563752;90
-132.371;0.00479428;90
-131.961;0.00560251;90
-123.947;0.00605988;90
-130.33;0.00805027;90
-137.399;0.00305809;90
-132.738;0.00517652;90
-120.322;0.00591055;90
-154.453;0.00430377;90
-176.658;0.00423721;90
-179.23;0.00409037;90
-165.998;0.00410807;90
-136.05;0.00517123;90
-114.59;0.00693056;90
-113.025;0.00700287;90
-113.78;0.00712492;90
-115.155;0.00668608;90
-123.102;0.0105396;90
-124.273;0.00231738;90
-117.21;0.00663975;90
-109.207;0.00774512;90
-101.101;0.00800375;90
-100.649;0.0247523;90
-105.312;0.00319232;90
-83.7827;0.0527241;90
-67.7821;0.00441911;90
-60.5014;0.00334686;90
-68.2719;0.00203132;90
114.653;0.00213126;90
121.032;0.00315215;90
140.614;0.00272483;90
128.877;0.00313552;90
114.706;0.00267485;90
121.228;0.000891116;90
108.251;0.00275246;90
112.443;0.00329778;90
125.92;0.00191766;90
-109.269;0.00234539;90
-113.976;0.00256426;90
-111.653;0.00157192;90
-118.799;0.00306395;90
-124.67;0.00254728;90
-121.819;0.0024467;90
-126.77;0.00288;90
-131.524;0.00398835;90
-132.32;0.00406819;90
-131.992;0.00415078;90
-117.892;0.00529061;90
-107.476;0.00629034;90
-108.826;0.00648914;90
-119.872;0.00568998;90
-146.272;0.0107518;90
-152.994;0.00191816;90
-142.683;0.00448514;90
-128.415;0.0041313;90
-112.894;0.0135135;90
-105.461;0.00276091;90
-110.384;0.00431521;90
-122.043;0.00536423;90
-122.05;0.00545549;90
-115.738;0.00560507;90
-118.499;0.00572357;90
-137.552;0.00482867;90
-146.533;0.00413809;90
-159.591;0.00578408;90
-132.182;0.00430087;90
-151.535;0.00236035;90
-170.435;0.00411623;90
-175.517;0.00383774;90
-174.895;0.00359627;90
166.876;0.00347476;90
130.529;0.00410877;90
116.144;0.00590293;90
129.684;0.00490011;90
165.135;0.00380433;90
-153.204;0.00365779;90
-134.761;0.00406873;90
-142.819;0.00401266;90
170.566;0.00265998;90
167.676;0.00361224;90
155.945;0.0035131;90
154.502;0.00343564;90
169.954;0.00353723;90
168.206;0.00352747;90
167.945;0.0035145;90
177.509;0.00345126;90
-162.429;0.00234857;90
11.455;0.00402824;90
-0.811692;0.00169417;90
-10.6303;0.00297608;90
-13.1969;0.00375825;90
-14.9535;0.00318175;90
-21.8982;0.00461714;90
-25.645;0.00412205;90
-13.3004;0.00383383;90
22.2921;0.00307913;90
44.47;0.00611532;90
24.4994;0.00461556;90
-23.0357;0.00337078;90
-54.9995;0.00660932;90
-57.5121;0.00580316;90
-34.1198;0.00432678;90
-0.286477;0.00280003;90
6.67861;0.00482373;90
7.41392;0.00381288;90
20.9606;0.00401145;90
33.0029;0.0043475;90
37.4398;0.0040416;90
28.6474;0.0044554;90
39.6006;0.0042232;90
57.4299;0.00502294;90
64.3766;0.0044629;90
62.6117;0.00429548;90
57.9594;0.00430709;90
56.3962;0.00441958;90
67.0398;0.00527055;90
74.2508;0.00581739;90
69.9858;0.00581732;90
66.1419;0.00484829;90
45.9626;0.00471424;90
35.3613;0.00400359;90
22.4951;0.00338993;90
21.3746;0.00349006;90
40.8118;0.00416325;90
54.9349;0.00436897;90
65.537;0.00448678;90
71.455;0.00477283;90
73.6255;0.00517177;90
64.8414;0.00530197;90
51.6766;0.00369779;90
47.856;0.0038033;90
48.3043;0.00352088;90
48.8837;0.00317371;90
52.1966;0.00273756;90
59.5534;0.00199512;90
59.0677;0.00250182;90
59.473;0.000944985;90
59.3891;0.00155929;90
78.7883;0.00137321;90
-37.5143;0.000835853;90
-72.6281;0.00153397;90
-85.6164;0.00145225;90
-86.9267;0.00164136;90
-95.4579;0.0020081;90
-132.605;0.000186132;90
82.4108;0.00208224;90
93.9797;0.00154172;90
95.9046;0.0012637;90
103.99;0.00151391;90
156.498;0.000744781;90
114.42;0.00178026;90
78.7171;0.0012471;90
94.1528;0.00121519;90
63.1549;0.00375127;90
114.663;0.00427056;90
114.634;0.00468543;90
109.581;0.00401626;90
83.4537;0.00227181;90
67.5086;0.00428709;90
68.845;0.00437805;90
75.0808;0.00302187;90
76.982;0.00625065;90
76.0876;0.00774006;90
73.9054;0.00754263;90
76.6472;0.00782864;90
80.7862;0.00826261;90
83.0836;0.00769802;90
77.6161;0.00741861;90
71.0467;0.00723527;90
62.1563;0.00623258;90
55.2548;0.00528663;90
56.1134;0.00541834;90
62.99;0.00598927;90
66.8595;0.00608671;90
65.7001;0.00651742;90
66.8475;0.00669414;90
61.9681;0.00597494;90
37.8799;0.00506019;90
6.68801;0.00429322;90
-1.95251;0.0039623;90
15.2193;0.00406455;90
36.1783;0.00477215;90
56.9102;0.00637968;90
42.7742;0.00524362;90
45.6996;0.00521177;90
54.4972;0.00591828;90
56.5404;0.00599802;90
51.9245;0.00578888;90
44.5343;0.00513306;90
49.5904;0.00567222;90
49.626;0.00579523;90
53.424;0.00592728;90
63.498;0.0040607;90
94.6909;0.00339939;90
62.3227;0.00131327;90
-63.4542;0.00133135;90
-41.7079;0.000960422;90
-103.405;0.00129837;90
100.141;0.00290234;90
155.707;0.000845899;90
94.3461;0.00225649;90
91.2737;0.00548836;90
103.544;0.00547423;90
108.778;0.00549867;90
90.556;0.00391618;90
-18.9946;0.00132727;90
-31.7718;0.000753983;90
-21.3197;0.00072888;90
9.03532;0.000617664;90
85.6877;0.00117031;90
100.353;0.00225369;90
91.1775;0.0023845;90
99.911;0.0015745;90
66.9367;0.00233569;90
20.556;0.00151229;90
18.1927;0.00299154;90
-25.1444;0.00301246;90
-53.4408;0.00320825;90
-61.6783;0.00259685;90
-61.9288;0.00260324;90
-67.1349;0.00106032;90
-45.2637;0.0122925;90
-80.8521;0.00227696;90
7.86055;0.00108217;90
19.4041;0.00327184;90
-43.9421;0.00199155;90
-36.3789;0.000886833;90
-83.6349;0.00127184;90
-74.9357;0.0010273;90
-57.7304;0.00211461;90
6.58447;0.00173545;90
26.9325;0.00118559;90
13.613;0.00144458;90
-6.10561;0.00164533;90
-12.325;0.00173806;90
72.9274;0.00111723;90
89.7602;0.00358403;90
32.7434;0.000839376;90
-50.2292;0.00126462;90
102.339;0.00480601;90
130.418;0.00200043;90
131.728;0.00175932;90
80.1079;0.00177539;90
125.045;0.00160742;90
130.856;0.00158523;90
87.9391;0.00211337;90
74.6186;0.00186998;90
74.6337;0.00221519;90
73.0076;0.00198464;90
73.6915;0.00251416;90
78.2658;0.00198651;90
79.7107;0.00329194;90
81.9217;0.00266141;90
100.039;0.00225452;90
125.492;0.00337758;90
110.938;0.00398195;90
107.493;0.00294416;90
106.815;0.00510216;90
102.719;0.005909;90
118.367;0.00483453;90
105.965;0.00567176;90
104.69;0.00592674;90
109.454;0.00550956;90
145.945;0.00278937;90
177.271;0.00100814;90
75.9638;0.0027831;90
77.4865;0.00365994;90
95.5674;0.00290671;90
114.969;0.00272906;90
-129.9;0.00139215;90
-117.491;0.000857868;90
-73.5296;0.00719525;90
-88.931;0.00144725;90
-46.2718;0.00293097;90
-66.3692;0.00468265;90
-75.6944;0.0055728;90
-76.1364;0.00563413;90
-64.743;0.00513267;90
-71.72;0.00549637;90
-75.5546;0.00539971;90
-71.7502;0.00273981;90
-72.5373;0.00251595;90
-68.4954;0.00354906;90
-54.9878;0.00325751;90
-46.6273;0.00124501;90
-101.101;0.0025762;90
-101.733;0.00159329;90
-98.6314;0.0031517;90
-100.735;0.00168041;90
-104.936;0.00250255;90
-107.543;0.00241849;90
-104.996;0.00250429;90
-105.067;0.00234667;90
-84.5161;0.00143356;90
-52.4874;0.00187212;90
-43.736;0.000993727;90
-94.7998;0.00105169;90
-89.2382;0.00142913;90
-48.9857;0.00179048;90
-44.5847;0.00185338;90
-95.0804;0.00168261;90
-91.9008;0.00183901;90
-47.3844;0.00110475;90
166.989;0.00307803;90
130.303;0.000854935;90
137.616;0.000944972;90
129.197;0.000832287;90
127.572;0.00117589;90
132.249;0.000942953;90
131.11;0.00113611;90
124.982;0.000971527;90
133.932;0.000720667;90
139.128;0.000756445;90
-133.612;0.000642241;90
-127.437;0.00119266;90
128.532;0.00147522;90
131.718;0.000963246;90
-126.888;0.0006414;90
-105.344;0.00129621;90
-103.812;0.000992706;90
-138.357;0.000990234;90
132.4;0.000888334;90
137.507;0.000792011;90
-145.284;0.000681281;90
-100.659;0.00115696;90
-95.2371;0.00133658;90
-78.8305;0.00112022;90
-144.242;0.000845359;90
-141.955;0.000829174;90
-170.973;0.000713841;90
-159.505;0.000659761;90
111.153;0.0014604;90
176.365;0.00072546;90
-163.137;0.000737721;90
-163.934;0.000719084;90
-163.182;0.000784557;90
153.784;0.00080813;90
142.246;0.000622274;90
120.927;0.000793867;90
122.818;0.000710376;90
121.875;0.000744226;90
123.453;0.000872551;90
120.689;0.00100122;90
89.2157;0.00138813;90
110.265;0.000990298;90
114.529;0.00105743;90
95.7383;0.00103016;90
139.314;0.00250034;90
-126.741;0.000797402;90
-111.732;0.00153403;90
146.437;0.000627645;90
-157.182;0.000910236;90
-39.3369;0.00721589;90
-55.5936;0.00124235;90
-56.7312;0.000980736;90
-53.9486;0.00140014;90
-25.4341;0.00117819;90
15.3303;0.0012028;90
19.1281;0.00120239;90
-65.9895;0.00145489;90
3.25633;0.00103868;90
21.3058;0.00107336;90
38.1872;0.000965655;90
25.4406;0.000865972;90
-0.676424;0.000847059;90
-25.0976;0.000943036;90
-38.6598;0.00113335;90
-11.2962;0.000816824;90
13.646;0.000534076;90
79.852;0.00147;90
75.1555;0.0014442;90
73.7458;0.00152912;90
-20.9222;0.000677682;90
18.0085;0.000934795;90
-45.8619;0.000893177;90
-47.3875;0.00106937;90
-48.2544;0.00093418;90
-54.2904;0.00100741;90
-47.6684;0.00086573;90
-44.5653;0.000931994;90
-46.7633;0.000712394;90
-59.014;0.000881846;90
-39.1423;0.000630496;90
-36.917;0.0007292;90
63.609;0.00103038;90
79.2905;0.00125384;90
14.937;0.000663417;90
-48.7199;0.000686633;90
-58.0988;0.000932906;90
154.998;0.00277062;90
-138.978;0.000591151;90
135.997;0.000731259;90
128.311;0.000898484;90
132.939;0.00100262;90
138.938;0.000566315;90
114.687;0.000859559;90
127.896;0.000714715;90
131.825;0.000868245;90
139.209;0.00075156;90
132.409;0.000938583;90
129.298;0.000982081;90
145.723;0.000623238;90
-116.617;0.00148207;90
152.38;0.000946912;90
124.574;0.000953366;90
129.62;0.000987938;90
-135.061;0.000668216;90
-100.948;0.000963538;90
-104.371;0.000954879;90
-108.497;0.00146572;90
140.102;0.000556577;90
130.056;0.000877957;90
141.693;0.000709823;90
-147.812;0.000666424;90
-100.742;0.00106771;90
-94.5336;0.00130308;90
-103.945;0.00167641;90
-139.135;0.00087272;90
-172.266;0.000735692;90
-157.721;0.000712166;90
113.59;0.00134435;90
168.034;0.000651148;90
-163.363;0.000705535;90
-161.409;0.000696336;90
-176.378;0.000775549;90
-177.573;0.000519466;90
151.984;0.000777059;90
122.341;0.00131972;90
119.326;0.000779951;90
121.673;0.000914158;90
122.261;0.00102291;90
117.857;0.000971595;90
127.901;0.000955555;90
139.887;0.000788462;90
142.851;0.000698808;90
133.939;0.000763806;90
142.635;0.000787629;90
-135.26;0.00062226;90
60.5008;0.00335492;90
23.9059;0.000616925;90
-48.7302;0.000706482;90
-59.092;0.0109313;90
20.6266;0.00114115;90
-56.6438;0.00138039;90
-12.6835;0.000883561;90
17.9012;0.0010183;90
40.7935;0.00155204;90
15.8627;0.000570734;90
-11.1035;0.00146951;90
-38.6338;0.000688726;90
-43.0344;0.00119571;90
-13.1527;0.000896518;90
85.3587;0.00132234;90
77.769;0.001586;90
75.0664;0.00167249;90
58.4867;0.000876227;90
-52.6425;0.00117504;90
39.4033;0.000601788;90
-22.1554;0.000721254;90
-48.2784;0.00102628;90
-42.2174;0.000684579;90
-58.8473;0.00103997;90
-36.9815;0.000821202;90
-51.3067;0.00106854;90
-42.4673;0.000816091;90
-55.3256;0.00087184;90
-41.0922;0.000632918;90
-49.6322;0.00066544;90
24.7286;0.00051635;90
73.1929;0.00106865;90
80.5697;0.00147088;90
-54.0009;0.00134236;90
-32.7651;0.000807471;90
165.702;0.00323934;90
133.44;0.000727175;90
133.447;0.000887038;90
132.048;0.000837619;90
120.346;0.000874865;90
132.79;0.000843499;90
129.891;0.00120688;90
139.794;0.000549932;90
132.129;0.000960042;90
122.125;0.000710836;90
142.243;0.000723487;90
-135.132;0.000919948;90
-138.392;0.00056172;90
169.827;0.000503922;90
123.321;0.00068812;90
138.409;0.000784863;90
-163.532;0.000903046;90
-106.021;0.00103625;90
-102.953;0.00093684;90
-122.036;0.000999154;90
139.359;0.00062335;90
123.504;0.000940222;90
-176.609;0.000557977;90
-130.087;0.000652228;90
-100.35;0.00114666;90
-91.8307;0.00131467;90
-88.8296;0.000930194;90
-144.284;0.000784559;90
-143.033;0.000824801;90
-163.69;0.00064808;90
-168.183;0.000620144;90
109.99;0.00152699;90
-174.579;0.000709172;90
-164.306;0.000720875;90
-165.126;0.000829803;90
-159.755;0.000710918;90
153.358;0.000999076;90
125.491;0.00112993;90
120.737;0.000694575;90
120.755;0.000752884;90
124.157;0.000748038;90
123.265;0.000896975;90
98.9726;0.00109642;90
95.7882;0.00124937;90
114.759;0.000766457;90
113.644;0.000912607;90
177.634;0.00232498;90
-127.291;0.00103323;90
-139.318;0.000920437;90
-112.224;0.000856636;90
-100.406;0.00126785;90
-100.484;0.00131902;90
-101.409;0.00102118;90
69.7523;0.0082871;90
-61.9286;0.00935671;90
-35.3194;0.00213618;90
11.468;0.00376721;90
-89.629;0.00185304;90
24.6657;0.00340024;90
-23.9757;0.00176203;90
-43.4574;0.00157601;90
-67.7176;0.00188042;90
-52.9611;0.00366062;90
22.6954;0.00174946;90
3.63072;0.00407418;90
-12.3708;0.000550789;90
35.4344;0.000838263;90
94.5418;0.00178059;90
86.3025;0.00241904;90
55.2255;0.000776719;90
-56.0668;0.00150297;90
103.985;0.00542892;90
136.885;0.00133291;90
123.012;0.00161706;90
82.4756;0.00183278;90
132.01;0.00146429;90
129.509;0.00178089;90
84.499;0.0021489;90
93.6968;0.00136484;90
129.39;0.00188783;90
126.01;0.000986511;90
-44.6971;0.0017388;90
-49.7238;0.00143393;90
-49.9161;0.000948893;90
-83.7554;0.00655489;90
-79.5218;0.000945772;90
-45.1261;0.00224931;90
-49.3274;0.00174304;90
-104.644;0.00208059;90
-76.8129;0.00147284;90
178.36;0.0022019;90
137.232;0.00132542;90
127.563;0.0013385;90
132.839;0.0045563;90
138.93;0.000557096;90
119.381;0.0010558;90
103.702;0.00058258;90
-104.071;0.00160001;90
-104.581;0.001863;90
-103.241;0.00609502;90
113.821;0.000906199;90
-174.149;0.00578715;90
92.125;0.00329026;90
-162.826;0.00258737;90
158.009;0.00285471;90
116.328;0.00399991;90
108.429;0.0028976;90
120.032;0.00249958;90
-59.9605;0.0114084;90
9.53846;0.0012371;90
24.1537;0.0024341;90
-93.1173;0.00239054;90
-18.3966;0.000944256;90
39.1694;0.00305566;90
-29.6859;0.00253006;90
-43.3371;0.00158388;90
-61.096;0.0047668;90
27.2868;0.00102957;90
13.7119;0.00192795;90
4.22428;0.00262012;90
-3.77494;0.00165559;90
90.4148;0.00414411;90
55.5783;0.000781914;90
-60.8771;0.0018739;90
-111.947;0.00357186;90
173.106;0.00154114;90
175.456;0.00275165;90
102.517;0.00207635;90
74.1808;0.00299337;90
82.5457;0.00194242;90
97.8192;0.00114666;90
139.531;0.00469927;90
-107.425;0.00197357;90
-105.52;0.00327751;90
-103.57;0.00271479;90
152.348;0.000848964;90
152.19;0.00288074;90
-155.271;0.0024144;90
-141.975;0.00126946;90
83.489;0.00296311;90
70.8506;0.00238391;90
-37.1398;0.00140122;90
-90.5017;0.00171307;90
173.072;0.00205601;90
-139.428;0.00104398;90
-167.391;0.00357317;90
125.084;0.00387628;90
111.107;0.00332401;90
94.3411;0.00297253;90
-68.8411;0.0094887;90
6.71127;0.00233601;90
15.2622;0.00213116;90
-84.8413;0.00232442;90
32.4902;0.00278132;90
-20.4304;0.00298795;90
-59.4498;0.00247102;90
-74.7764;0.00175561;90
-34.4215;0.00223784;90
25.4976;0.0020884;90
78.2057;0.0013454;90
76.5275;0.00354968;90
76.0887;0.00289079;90
85.461;0.00216078;90
127.591;0.00138191;90
-160.895;0.000540786;90
-152.468;0.0040823;90
-105.548;0.00428273;90
-104.536;0.00194836;90
129.653;0.00278468;90
-164.502;0.00307999;90
166.392;0.00450547;90
122.672;0.00886218;90
116.491;0.00137652;90
122.531;0.00102835;90
-120.167;0.00171532;90
75.1515;0.00088971;90
32.9851;0.000991879;90
-67.402;0.00281838;90
-72.641;0.00409239;90
-54.8988;0.00331118;90
7.40599;0.00369281;90
7.44372;0.00100346;90
-89.7902;0.00218501;90
30.361;0.00244536;90
-16.9253;0.00330098;90
-59.6296;0.00195416;90
-74.0512;0.00231823;90
-49.047;0.000971867;90
-1.53188;0.00228182;90
29.463;0.00100841;90
10.6661;0.00197207;90
-12.8466;0.00258162;90
-29.1821;0.00296767;90
-28.3168;0.00291138;90
-29.3764;0.00100297;90
-100.947;0.00269606;90
102.104;0.000906143;90
-163.301;0.00068906;90
-110.053;0.00190445;90
-105.655;0.00138228;90
-86.9451;0.00228925;90
71.8262;0.00763066;90
152.866;0.00256758;90
148.617;0.00269414;90
156.018;0.00268914;90
175.267;0.00232693;90
-159.214;0.00235852;90
179.378;0.00220913;90
110.883;0.00319808;90
124.243;0.00232624;90
157.248;0.00242793;90
-143.56;0.00266508;90
-128.13;0.00108186;90
92.2288;0.0018514;90
137.828;0.00166231;90
-163.846;0.00219256;90
146.156;0.00237912;90
116.261;0.00294718;90
105.333;0.00245436;90
115.725;0.00225778;90
110.361;0.00151464;90
134.947;0.00913582;90
82.0111;0.00246795;90
-16.4062;0.00116128;90
-57.2237;0.00326954;90
-61.2515;0.00354495;90
-63.8892;0.00321512;90
119.149;0.00219268;90
115.467;0.00151633;90
117.196;0.0030873;90
130.888;0.00342201;90
162.581;0.00290627;90
-160.199;0.00287817;90
108.243;0.00179207;90
87.6094;0.00510644;90
65.8843;0.00459395;90
43.229;0.00327193;90
7.04339;0.00322131;90
-171.594;0.000909774;90
-168.427;0.0022232;90
-144.761;0.00260666;90
-118.649;0.00360424;90
-97.3425;0.0044757;90
-60.4218;0.00345413;90
3.29251;0.00141033;90
0.452411;0.00177306;90
-56.2344;0.0105218;90
-38.7981;0.00058253;90
-123.531;0.00189902;90
-48.6007;0.0109889;90
14.1522;0.00155829;90
-1.21151;0.0013243;90
-85.6776;0.00201674;90
35.1999;0.00264212;90
-9.81273;0.00231182;90
-34.5324;0.00198105;90
-78.7741;0.00294331;90
-43.3579;0.00249216;90
21.8014;0.00221869;90
81.078;0.00252758;90
75.1105;0.00219883;90
74.7665;0.00255373;90
78.473;0.0026923;90
89.5326;0.00514817;90
83.7644;0.00870953;90
73.8092;0.00112252;90
78.1552;0.0127301;90
57.846;0.000817367;90
85.476;0.00420911;90
-6.13589;0.000898145;90
0.372964;0.00445509;90
-75.9897;0.0016068;90
-93.7148;0.0027628;90
-85.7233;0.00425084;90
-90.7919;0.00144714;90
-64.9895;0.00161548;90
-48.7525;0.00350061;90
-66.8219;0.00549557;90
-75.7014;0.00640956;90
-75.8427;0.00666029;90
-76.8838;0.00564938;90
-98.6622;0.00534497;90
-119.5;0.00383407;90
-134.423;0.00112294;90
117.487;0.00375261;90
161.557;0.00226008;90
-133.017;0.00378034;90
-172.942;0.00157896;90
151.365;0.00260001;90
150.322;0.00265993;90
153.053;0.00234569;90
170.863;0.00248756;90
-165.433;0.0023299;90
-165.958;0.00240692;90
145.289;0.000700698;90
108.512;0.00305192;90
120.707;0.0021796;90
165.568;0.00301722;90
-133.515;0.00283787;90
102.006;0.00188933;90
123.551;0.0014891;90
-161.986;0.00280027;90
140.45;0.00290378;90
109.936;0.00415286;90
113.978;0.00300207;90
126.116;0.00167114;90
-47.8011;0.000824765;90
-54.255;0.0020884;90
-85.3781;0.0014768;90
-66.7483;0.00439496;90
-9.87956;0.0057117;90
68.9926;0.00150075;90
61.2083;0.00433946;90
87.9271;0.000967633;90
82.2097;0.00236079;90
73.2526;0.00148185;90
-5.75795;0.0015649;90
73.8871;0.0125896;90
92.057;0.00105868;90
41.4466;0.000992565;90
76.5724;0.00983998;90
74.1127;0.00338635;90
-70.4129;0.00369587;90
-55.6942;0.00330371;90
-41.4923;0.00158335;90
-50.0631;0.00184284;90
-24.2529;0.00322569;90
-38.0581;0.00194822;90
51.2815;0.00182895;90
89.0388;0.00315944;90
100.513;0.00164969;90
165.728;0.0005314;90
174.598;0.000701113;90
-52.6668;0.00259708;90
-97.7025;0.00119377;90
-87.2991;0.00235562;90
-75.8037;0.00147608;90
-44.9436;0.00287227;90
-61.7384;0.00386696;90
-71.6666;0.00428236;90
-75.1848;0.00492369;90
-74.6537;0.00474208;90
-75.9213;0.00490844;90
-84.8529;0.00438066;90
-102.19;0.00383138;90
-118.73;0.00293537;90
-116.525;0.00189663;90
116.632;0.0022799;90
122.936;0.00299065;90
-169.726;0.001996;90
-125.731;0.00275694;90
-161.414;0.0020362;90
152.597;0.00229445;90
153.387;0.0021341;90
160.411;0.00618604;90
179.125;0.000786092;90
-155.008;0.00127101;90
-159.89;0.00207661;90
119.482;0.0032165;90
137.183;0.00579258;90
-122.927;0.00172749;90
-135.162;0.00124805;90
103.569;0.00243805;90
-175.032;0.00221733;90
178.5;0.00259789;90
117.905;0.00403631;90
107.79;0.00280828;90
115.74;0.00360134;90
-62.6093;0.0113595;90
18.0478;0.00224653;90
11.5621;0.00191588;90
-92.6806;0.00113324;90
-90.8504;0.00128014;90
-1.13529;0.000656129;90
34.5687;0.00323761;90
-32.6679;0.00281416;90
-57.4259;0.00162336;90
-82.1962;0.00193694;90
-50.4796;0.00195489;90
15.1558;0.00202338;90
13.7177;0.00239944;90
-8.37867;0.0015647;90
-9.66685;0.00138162;90
79.1468;0.00287849;90
87.1646;0.00254712;90
-45.1478;0.000822368;90
-58.1572;0.00130783;90
-131.404;0.00472358;90
178.557;0.00273987;90
-157.425;0.00277677;90
157.227;0.00155524;90
109.048;0.00245438;90
122.194;0.00289985;90
167.628;0.00284711;90
-132.458;0.00275831;90
100.047;0.00196615;90
133.925;0.00158278;90
-157.989;0.00304171;90
129.208;0.00334899;90
109.296;0.00395835;90
113.644;0.0032913;90
-171.145;0.000837989;90
-109.473;0.0026188;90
-112.789;0.00161616;90
-123.635;0.0014461;90
-80.6946;0.00144096;90
39.6381;0.0269761;90
107.03;0.00139309;90
105.245;0.00288657;90
47.7063;0.00154251;90
47.8183;0.00243044;90
63.686;0.00204155;90
67.1712;0.00229909;90
110.146;0.00240409;90
110.309;0.00225306;90
76.8205;0.00102192;90
-80.241;0.00673141;90
-115.264;0.00116216;90
-111.203;0.00225892;90
-122.522;0.00148247;90
-133.432;0.000981832;90
-152.194;0.00107401;90
-79.3842;0.00184559;90
-79.4123;0.00143137;90
-86.794;0.0012159;90
-92.0529;0.00817925;90
-79.8625;0.00110221;90
-104.923;0.00211638;90
-97.8298;0.00207737;90
-105.524;0.00239124;90
-105.733;0.0027438;90
-110.57;0.00198666;90
-118.16;0.00123747;90
120.633;0.0018409;90
175.804;0.00262403;90
-135.017;0.00234689;90
129.202;0.000825884;90
98.3481;0.00234181;90
-160.756;0.00302186;90
139.625;0.00334987;90
112.384;0.00556966;90
117.173;0.00303273;90
-87.4799;0.0106663;90
-56.2127;0.00261458;90
-78.4879;0.00305649;90
17.5603;0.000828613;90
21.6723;0.00230708;90
24.5407;0.00191169;90
-18.9775;0.00143605;90
56.3457;0.0017756;90
104.457;0.0012537;90
32.6716;0.00254342;90
-0.0226287;0.002532;90
-43.9107;0.00182254;90
-69.6647;0.00130642;90
-74.7803;0.00184366;90
-59.9381;0.00116582;90
-6.58595;0.00218844;90
28.0673;0.000648235;90
25.3805;0.000713905;90
6.87339;0.0028243;90
-19.1511;0.000759006;90
-14.1141;0.00107031;90
79.9964;0.00227966;90
86.2784;0.00329695;90
-50.5508;0.00100882;90
-32.7291;0.000562268;90
-121.024;0.00490692;90
-177.012;0.00351077;90
-162.904;0.000622506;90
-160.179;0.000875891;90
-169.656;0.00157053;90
150.429;0.000613975;90
110.642;0.00326779;90
126.57;0.00259984;90
178.36;0.00290019;90
-132.179;0.00244248;90
97.8621;0.00223703;90
142.928;0.00141501;90
-163.158;0.0028095;90
131.114;0.00352667;90
108.082;0.00354087;90
108.531;0.00246057;90
87.2073;0.000944121;90
130.145;0.0033084;90
-51.5702;0.00105059;90
-67.2675;0.00129131;90
-117.321;0.00172774;90
70.7417;0.00136435;90
103.815;0.000879441;90
-63.6995;0.0109439;90
-6.21249;0.00232868;90
15.379;0.00255654;90
-29.5224;0.00233175;90
24.5332;0.00148837;90
-35.9495;0.0015688;90
-50.5435;0.00260585;90
-65.8175;0.00380819;90
0.237543;0.00120601;90
24.1964;0.0033328;90
-5.329;0.00192733;90
-27.8296;0.00154013;90
87.7916;0.00306227;90
81.5313;0.00251239;90
-43.6361;0.000891207;90
-124.001;0.00531466;90
-179.617;0.00194604;90
-164.701;0.000462385;90
-155.741;0.00100033;90
-158.007;0.00144732;90
171.496;0.00136602;90
174.775;0.000505099;90
-91.8522;0.00284649;90
-88.5406;0.00376922;90
-89.7257;0.00313304;90
-91.424;0.00338004;90
-94.0759;0.0041926;90
-99.2982;0.00424579;90
-98.7381;0.00434443;90
-96.7431;0.00422422;90
-94.2661;0.00477222;90
-89.3437;0.0046273;90
-85.7363;0.00442525;90
-101.96;0.0041644;90
-92.7814;0.00455437;90
-85.3866;0.00474939;90
-83.1325;0.00433208;90
-87.9951;0.00514515;90
-101.164;0.00508217;90
-99.3449;0.00521623;90
-100.805;0.00496605;90
-97.9543;0.00548477;90
-95.0669;0.00480076;90
-106.377;0.00512493;90
-102.239;0.00475507;90
-124.1;0.00348888;90
-129.01;0.00339497;90
-138.652;0.00343007;90
-127.92;0.00371162;90
-101.021;0.00446739;90
-93.0121;0.00451023;90
-92.096;0.00541362;90
-110.187;0.00463364;90
-107.068;0.00466442;90
-99.7968;0.00526579;90
-100.678;0.00492223;90
-112.727;0.00365478;90
-120.603;0.00296613;90
-109.422;0.00266145;90
-108.565;0.00334507;90
-116.04;0.0040479;90
-131.903;0.00310236;90
-136.622;0.0022976;90
-145.65;0.00115552;90
115.597;0.00150911;90
110.503;0.00290929;90
103.001;0.00271151;90
106.007;0.00319487;90
101.969;0.00114284;90
-77.0716;0.00194429;90
-75.3185;0.00310126;90
-74.3884;0.00259369;90
-116.933;0.000766093;90
-155.727;0.000749235;90
-132.604;0.000862717;90
-23.2117;0.00401391;90
43.1487;0.00282354;90
49.3009;0.00362068;90
66.2261;0.00438073;90
72.3982;0.00384922;90
66.7415;0.00326428;90
68.5382;0.00733027;90
82.7323;0.00214221;90
69.8796;0.0434252;90
75.0515;0.00258964;90
82.6121;0.0122174;90
77.9878;0.00324812;90
86.3764;0.0407905;90
86.7367;0.0180943;90
84.5342;0.0133437;90
89.8889;0.001547;90
90.1786;0.00352802;90
91.6852;0.00350251;90
88.9649;0.00127321;90
-19.5843;0.00310567;90
60.1003;0.00146845;90
19.4872;0.00161873;90
-9.25856;0.00221891;90
22.9107;0.00151556;90
90.8471;0.00385542;90
53.9446;0.000900491;90
-49.2837;0.000918268;90
163.963;0.0252517;90
-76.1955;0.00215834;90
-60.9111;0.00372712;90
4.90927;0.00512982;90
-79.3321;0.00218781;90
23.8423;0.00135569;90
5.19633;0.00272721;90
-39.3108;0.00207568;90
-73.4152;0.00187083;90
-64.4418;0.00251954;90
-1.84761;0.00167487;90
16.2049;0.0012434;90
11.199;0.000607569;90
2.87709;0.00175321;90
-11.6957;0.00212614;90
64.7807;0.00167572;90
85.7833;0.00398479;90
-51.0681;0.00118397;90
108.156;0.00689005;90
108.896;0.001967;90
115.673;0.00198274;90
128.325;0.00114977;90
129.558;0.00106617;90
133.844;0.00115636;90
130.043;0.00170201;90
-102.962;0.00887618;90
-111.667;0.00110508;90
-102.326;0.00202365;90
-102.901;0.00146908;90
-101.151;0.00133928;90
-80.9789;0.00350131;90
-29.3897;0.00264087;90
25.0315;0.00165439;90
18.5224;0.00207129;90
-11.1835;0.00230986;90
65.0501;0.0018088;90
89.1771;0.00348136;90
-18.6767;0.000599573;90
-55.2234;0.00102388;90
-105.999;0.00527533;90
155.287;0.0020068;90
-169.022;0.00508302;90
161.354;0.000856983;90
115.812;0.00489875;90
115.425;0.00110171;90
154.833;0.00194238;90
-154.833;0.00304285;90
146.552;0.00255636;90
-171.707;0.000894352;90
128.226;0.00824231;90
116.362;0.00113504;90
-142.062;0.00324977;90
-176.231;0.000836809;90
53.6231;0.000976236;90
-144.439;0.000858024;90
-112.735;0.000957387;90
-110.431;0.0010714;90
-99.7669;0.00188634;90
14.7632;0.00594527;90
-61.631;0.00278439;90
-23.0751;0.00292394;90
15.4915;0.00263576;90
-83.967;0.00199807;90
18.959;0.00193603;90
4.29216;0.00284598;90
-39.1328;0.00221353;90
-77.2415;0.00343686;90
-21.2213;0.00243942;90
28.3302;0.0014519;90
5.40488;0.0028346;90
-14.7626;0.00214273;90
89.4813;0.00331414;90
76.2867;0.00236646;90
-53.2005;0.0011402;90
-114.879;0.00503199;90
171.773;0.0021663;90
-174.371;0.00111136;90
-167.735;0.000965025;90
-153.939;0.00198257;90
161.69;0.00130191;90
122.471;0.00103003;90
107.738;0.00246834;90
121.074;0.0017805;90
155.429;0.00278962;90
-140.839;0.00291213;90
170.028;0.000646771;90
90.3485;0.00246605;90
-178.792;0.00483808;90
121.924;0.00149396;90
123.169;0.00131053;90
108.31;0.00304939;90
109.905;0.00269926;90
142.814;0.00108702;90
-146.591;0.00107336;90
-55.747;0.0102195;90
4.55642;0.00247984;90
14.3419;0.00209117;90
80.1833;0.00209974;90
26.2657;0.00213995;90
90.6842;0.00125609;90
88.0929;0.00273451;90
77.7434;0.00237411;90
62.9003;0.000862713;90
-8.11556;0.00167174;90
62.5269;0.00787284;90
76.238;0.00187482;90
97.4478;0.00105692;90
103.911;0.00188839;90
105.966;0.0015269;90
59.1572;0.000893338;90
41.3395;0.00333374;90
-56.756;0.00174569;90
-63.8579;0.00157513;90
-86.0613;0.00122289;90
116.465;0.0041175;90
-131.596;0.00377483;90
-84.4725;0.000996634;90
-74.2861;0.00163199;90
-87.6261;0.00258322;90
-89.7854;0.00800906;90
-96.5163;0.000934034;90
-94.8216;0.0017251;90
138.786;0.00384444;90
161.379;0.000973987;90
167.587;0.000856009;90
168.918;0.00113415;90
-102.127;0.00425086;90
-86.5508;0.00227712;90
-92.8954;0.00112844;90
-144.057;0.00239871;90
-106.731;0.000861469;90
-111.098;0.000952875;90
175.612;0.00492744;90
124.819;0.00119617;90
124.661;0.00126074;90
108.573;0.0072116;90
-38.0923;0.0147748;90
-156.846;0.000676491;90
-136.614;0.000803592;90
-141.676;0.000772449;90
-176.952;0.000676958;90
-155.361;0.000705207;90
111.657;0.0013955;90
177.198;0.000859027;90
-162.797;0.000838514;90
-162.694;0.000931155;90
-173.742;0.000844029;90
136.536;0.00124;90
117.29;0.000706654;90
122.114;0.0007261;90
123.69;0.000886966;90
124.607;0.00098777;90
102.971;0.00146129;90
96.2103;0.00126643;90
112.337;0.00107355;90
110.488;0.000882842;90
118.095;0.00122312;90
126.503;0.00100022;90
-59.0887;0.0112417;90
18.3193;0.00125353;90
15.309;0.00223843;90
78.1592;0.00215894;90
-4.90983;0.00182269;90
82.0151;0.00156215;90
88.655;0.00323789;90
75.4684;0.00361877;90
-13.1935;0.00237468;90
67.2304;0.00850588;90
85.2201;0.00146409;90
136.975;0.00059503;90
88.7103;1.19256;90
99.0688;0.00864101;90
99.3003;0.00854533;90
99.1649;0.00864537;90
97.128;0.0093805;90
94.5301;0.0090272;90
91.3085;0.0198812;90
84.2383;0.00167345;90
83.3489;0.00256426;90
83.1362;0.00552258;90
83.074;0.00664247;90
83.4345;0.00584231;90
87.0199;0.00571273;90
89.089;0.0434625;90
84.019;0.00288872;90
83.9508;0.0061965;90
83.9969;0.002553;90
83.245;0.0057046;90
80.3888;0.0079719;90
75.4642;0.00737094;90
68.8642;0.00732153;90
55.0771;0.00611033;90
51.4655;0.0059279;90
61.6783;0.00684201;90
74.3962;0.00797076;90
84.185;0.00862639;90
73.4116;0.00772345;90
56.9383;0.00634782;90
61.7628;0.00677415;90
67.9857;0.00684831;90
68.014;0.00691812;90
68.169;0.0057547;90
68.2445;0.00602192;90
75.1495;0.00556384;90
91.3991;0.00511953;90
101.109;0.00665367;90
114.515;0.00695057;90
126.923;0.0059942;90
146.399;0.00496929;90
161.293;0.00433395;90
143.248;0.00515581;90
125.886;0.00624052;90
113.711;0.00727624;90
111.142;0.00755236;90
118.005;0.00690448;90
126.641;0.00569545;90
135.848;0.00573102;90
139.978;0.00576913;90
133.316;0.00601583;90
128.865;0.00636506;90
124.753;0.00666615;90
126.983;0.00649961;90
132.524;0.00608963;90
139.027;0.00569921;90
144.784;0.00535503;90
136.405;0.00582548;90
124.733;0.00705751;90
116.022;0.00754707;90
110.119;0.00786387;90
111.983;0.00730622;90
115.36;0.0070814;90
119.288;0.00667415;90
124.626;0.00611028;90
132.072;0.00564726;90
132.103;0.00548426;90
122.862;0.00644657;90
120.891;0.00671795;90
130.204;0.00602159;90
141.098;0.00527872;90
146.932;0.00506194;90
152.117;0.00486026;90
157.563;0.00480795;90
157.938;0.00453937;90
148.001;0.00493482;90
136.286;0.0053888;90
127.367;0.00598923;90
124.088;0.00635729;90
116.769;0.00740233;90
113.501;0.00747065;90
116.504;0.00714827;90
117.676;0.00698858;90
116.087;0.00728626;90
112.28;0.00757775;90
107.381;0.00813444;90
107.896;0.00779409;90
110.229;0.00763495;90
112.58;0.007253;90
115.033;0.006941;90
117.207;0.00670818;90
112.553;0.0073317;90
107.917;0.00777193;90
103.662;0.015974;90
106.752;0.00784805;90
120.806;0.00674815;90
142.36;0.00519407;90
170.744;0.00457558;90
175.566;0.00448843;90
165.616;0.00472201;90
155.296;0.00491702;90
147.401;0.00514328;90
138.878;0.00553022;90
134.121;0.00575865;90
128.536;0.00612999;90
124.061;0.00668123;90
119.548;0.00710736;90
115.97;0.00744919;90
114.715;0.00748131;90
117.773;0.00721292;90
128.557;0.00637096;90
143.337;0.00553004;90
161.983;0.0049823;90
168.723;0.0048272;90
159.733;0.00515304;90
150.926;0.00527233;90
169.262;0.00495375;90
-173.119;0.00494965;90
-156.342;0.0055723;90
-146.158;0.00556117;90
-152.679;0.00528563;90
177.786;0.00497071;90
149.899;0.0054234;90
134.986;0.0059199;90
127.579;0.0064983;90
120.711;0.00687287;90
115.943;0.00737633;90
117.957;0.00736331;90
125.422;0.00679957;90
131.614;0.00623838;90
138.182;0.00575766;90
152.254;0.00512079;90
172.644;0.00480353;90
-170.1;0.00475176;90
-149.443;0.00533837;90
-133.601;0.00602352;90
-131.978;0.00614199;90
-138.15;0.00562363;90
-149.837;0.00516656;90
-164.09;0.00494649;90
-176.702;0.00477992;90
-175.023;0.00467965;90
-171.914;0.00463509;90
-179.149;0.0045135;90
177.637;0.0045849;90
176.144;0.004416;90
173.129;0.00448018;90
173.687;0.0046019;90
179.418;0.00462724;90
-171.108;0.00480677;90
-164.038;0.0047855;90
-158.607;0.00510471;90
-161.724;0.00478012;90
-171.755;0.00445605;90
175.959;0.00471171;90
169.397;0.00472264;90
174.297;0.00447816;90
175.541;0.00448859;90
165.251;0.00469779;90
151.62;0.00521131;90
140.851;0.00558342;90
131.056;0.00612674;90
122.972;0.00682057;90
117.624;0.00709134;90
118.427;0.0073082;90
125.934;0.00655187;90
139.272;0.00579954;90
146.722;0.00513388;90
149.728;0.00514568;90
153.409;0.00498643;90
161.126;0.0047853;90
168.486;0.00462915;90
176.529;0.00462448;90
-176.505;0.00472379;90
179.838;0.00459602;90
156.94;0.00536139;90
136.412;0.00574062;90
133.761;0.00588451;90
137.419;0.00559537;90
139.19;0.00546853;90
133.353;0.00592871;90
123.411;0.00653972;90
116.738;0.00713041;90
112.643;0.00768862;90
113.831;0.00768741;90
124.231;0.00667168;90
136.376;0.00577024;90
144.898;0.00526931;90
152.449;0.00478455;90
155.256;0.00489767;90
155.434;0.00497425;90
140.281;0.00556948;90
129.892;0.0060436;90
136.031;0.00569808;90
149.694;0.00525746;90
166.614;0.00481173;90
-173.422;0.00460029;90
-155.316;0.00484907;90
-151.758;0.0049832;90
-165.371;0.00464456;90
177.051;0.0046071;90
165.578;0.00435628;90
150.62;0.0048635;90
136.492;0.00532208;90
135.516;0.00478519;90
151.516;0.00434041;90
171.551;0.00413791;90
171.16;0.00407339;90
157.813;0.00458121;90
146.43;0.00517758;90
143.406;0.00539306;90
156.225;0.00490638;90
177.833;0.00478642;90
178.442;0.00485479;90
152.948;0.00525942;90
139.436;0.00570506;90
142.513;0.00540271;90
152.408;0.00494206;90
166.064;0.00498678;90
-176.814;0.00500173;90
-162.222;0.00493569;90
-146.262;0.00527908;90
-145.399;0.00533939;90
-156.125;0.00512669;90
-171.638;0.00453825;90
171.247;0.0046198;90
156.17;0.00481661;90
141.702;0.00506497;90
130.053;0.00547785;90
120.559;0.00631748;90
112.652;0.00621869;90
110.273;0.00450509;90
108.368;0.00381118;90
111.663;0.00361643;90
113.602;0.00307961;90
115.851;0.00308691;90
118.284;0.00322049;90
119.702;0.00344916;90
121.548;0.00336189;90
123.378;0.00336264;90
124.009;0.00363473;90
123.48;0.00354761;90
119.693;0.00371249;90
115.604;0.00373252;90
112.566;0.00417462;90
112.094;0.00403855;90
114.724;0.0037299;90
119.854;0.00353165;90
126.636;0.00332483;90
134.807;0.0033616;90
144.175;0.00278486;90
156.947;0.00283977;90
169.326;0.002543;90
-172.95;0.00265608;90
-167.352;0.00239307;90
-166.657;0.00246556;90
-168.62;0.00257971;90
-179.329;0.00230416;90
158.161;0.00169354;90
143.591;0.00353131;90
132.354;0.00477807;90
120.049;0.00624883;90
120.959;0.00606505;90
134.175;0.00515605;90
153.264;0.00449004;90
154.09;0.00430471;90
140.976;0.00474715;90
130.719;0.00518129;90
125.858;0.00559427;90
137.387;0.00499226;90
156.78;0.00459087;90
149.112;0.00443153;90
149.435;0.00431449;90
162.388;0.00409494;90
149.541;0.0042216;90
138.005;0.00468112;90
141.262;0.0046999;90
146.569;0.00465759;90
130.043;0.00540128;90
119.74;0.0061685;90
122.567;0.00590203;90
132.914;0.00514903;90
128.852;0.00531478;90
135.592;0.00506174;90
151.755;0.00448614;90
147.369;0.00469745;90
133.846;0.00526477;90
125.902;0.00576402;90
124.655;0.00584376;90
133.983;0.00533808;90
131.516;0.00537546;90
128.095;0.00576372;90
151.159;0.00459383;90
159.946;0.00436569;90
139.904;0.00518582;90
126.119;0.0057663;90
125.385;0.00557967;90
136.182;0.00490059;90
151.625;0.00478713;90
168.434;0.00447385;90
-176.44;0.00421914;90
172.33;0.00431561;90
155.696;0.00392154;90
143.815;0.0042683;90
133.792;0.00459651;90
134.017;0.00473761;90
138.383;0.0045773;90
142.964;0.00442462;90
147.466;0.00442547;90
155.579;0.00405146;90
159.736;0.00415197;90
157.486;0.00422824;90
145.978;0.0044557;90
147.739;0.00446062;90
156.096;0.00356366;90
162.852;0.00378842;90
173.59;0.00427271;90
-176.839;0.00408021;90
-167.701;0.00396704;90
-166.474;0.00375824;90
170.337;0.00399771;90
-172.505;0.00403245;90
-152.053;0.0044126;90
-165.209;0.00368201;90
179.595;0.00325308;90
161.897;0.00344346;90
150.078;0.00377291;90
159.901;0.00393142;90
175.011;0.00394394;90
-167.898;0.00385876;90
-155.776;0.00385328;90
-164.298;0.00372086;90
-178.594;0.00358608;90
175.584;0.00362376;90
173.264;0.00372572;90
171.228;0.00380957;90
165.297;0.00377459;90
154.145;0.00386154;90
144.384;0.00434964;90
135.35;0.00462739;90
127;0.00529901;90
120.852;0.00546773;90
118.609;0.00576825;90
132.989;0.00485587;90
155.966;0.00422313;90
-176.084;0.00370465;90
-157.829;0.0040332;90
-167.667;0.00364716;90
178.219;0.00350769;90
166.675;0.0036924;90
175.914;0.00374752;90
-164.808;0.00396869;90
-150.184;0.00419535;90
-148.707;0.00412392;90
-167.833;0.00369603;90
171.597;0.00392109;90
176.419;0.00350585;90
-156.901;0.00394314;90
-138.376;0.00408285;90
-140.745;0.00390659;90
-154.606;0.00409241;90
-172.488;0.0040084;90
164.988;0.00411546;90
138.599;0.00466337;90
136.616;0.004615;90
154.679;0.00405897;90
158.41;0.00407381;90
148.253;0.0041546;90
166.018;0.00359244;90
-160.761;0.00355981;90
-151.154;0.00374122;90
173.012;0.00337003;90
150.551;0.0040354;90
135.457;0.00469887;90
114.379;0.00637654;90
111.823;0.00688651;90
110.119;0.00755288;90
108.141;0.0067253;90
112.103;0.00582831;90
112.519;0.00526116;90
112.334;0.00501845;90
114.562;0.00500156;90
123.558;0.00432002;90
122.421;0.00423396;90
116.83;0.00502047;90
116.311;0.00423247;90
113.673;0.00499861;90
109.023;0.00517249;90
117.273;0.00517868;90
128.427;0.00380521;90
129.044;0.0037545;90
129.232;0.00409508;90
133.667;0.00428693;90
131.46;0.00452351;90
140.436;0.00391873;90
170.249;0.00325909;90
152.284;0.0032273;90
124.728;0.00471489;90
140.33;0.00350899;90
124.759;0.00395348;90
122.14;0.00460348;90
118.589;0.00421717;90
129.516;0.00230866;90
120.806;0.000870873;90
145.339;0.000965317;90
123.719;0.00109165;90
95.2091;0.00105737;90
81.8168;0.00351277;90
88.694;0.00350991;90
78.0188;0.00334793;90
83.2935;0.00198659;90
62.7402;0.00173353;90
89.7532;0.0327283;90
97.4537;0.00743886;90
92.0617;0.00689346;90
34.881;0.0123034;90
68.3058;0.00486133;90
90.3069;0.00280004;90
-83.9043;0.00287224;90
-21.0609;0.00245714;90
49.7955;0.00358627;90
65.9924;0.00451017;90
70.7004;0.00398176;90
86.5266;0.0040274;90
91.3979;0.00389416;90
90.5523;0.00477222;90
89.783;0.00501704;90
86.9312;0.00349301;90
85.7876;0.00441092;90
86.801;0.00315391;90
119.673;0.00118776;90
-143.632;0.000914035;90
-129.826;0.00215627;90
69.1265;0.000802681;90
42.779;0.00186109;90
13.8684;0.00107638;90
80.9768;0.00323908;90
92.2811;0.00241191;90
-172.071;0.000565406;90
-118.446;0.0013625;90
74.7082;0.00150529;90
106.814;0.00147611;90
108.115;0.00130256;90
106.938;0.00142794;90
115.819;0.000962038;90
-65.1423;0.00169614;90
-75.7983;0.00125949;90
-72.4441;0.000948162;90
-74.2612;0.000914278;90
-24.3564;0.000812296;90
12.8612;0.000579539;90
21.7465;0.000968959;90
14.324;0.000917524;90
91.9939;0.0019832;90
81.6089;0.00198727;90
69.7665;0.00164235;90
96.4962;0.00137885;90
21.5313;0.0012997;90
-116.465;0.00896217;90
-92.7975;0.00585998;90
-157.906;0.000654028;90
-92.7528;0.00174902;90
85.856;0.00125929;90
-166.568;0.00140339;90
-168.894;0.00236733;90
125.844;0.00417707;90
-103.698;0.00156244;90
-95.8091;0.00162032;90
-96.0908;0.00164931;90
-95.4131;0.00149467;90
178.164;0.00124864;90
-96.8686;0.00149674;90
-87.1583;0.0027634;90
-82.2474;0.00328402;90
-67.225;0.00269947;90
-71.4129;0.00261964;90
-78.4635;0.00124005;90
-117.93;0.00189583;90
-113.894;0.00255279;90
-95.9165;0.00152311;90
-67.9829;0.00251545;90
-90.9441;0.00418757;90
-99.5903;0.00441774;90
-96.4554;0.00472295;90
-110.504;0.00465918;90
-144.99;0.0126317;90
-91.5031;0.0055279;90
-82.2512;0.00503598;90
-83.3365;0.00555855;90
-88.8989;0.0494351;90
-62.4178;0.00345124;90
-61.0962;0.00442752;90
-57.2342;0.00438464;90
-38.9871;0.00330766;90
-26.2344;0.00209255;90
-68.8187;0.00197331;90
-98.0167;0.00221565;90
-90.6333;0.00271417;90
-92.9645;0.00280375;90
-88.6433;0.00206958;90
-79.7722;0.0035931;90
-91.7694;0.00174883;90
-118.157;0.00228659;90
-115.247;0.0030338;90
-95.583;0.00348453;90
-95.3404;0.00266457;90
-100.33;0.00310635;90
-101.734;0.00403226;90
-105.427;0.0036163;90
-117.683;0.00277459;90
-125.634;0.00289387;90
-156.838;0.000813575;90
-114.09;0.00209223;90
-110.431;0.00354074;90
-125.742;0.00345467;90
-116.411;0.00999079;90
-106.934;0.00152095;90
138.016;0.00130359;90
57.954;0.0139201;90
68.0693;0.00427862;90
58.5609;0.00227381;90
48.7458;0.00134213;90
53.6669;0.0021773;90
61.5797;0.00194774;90
70.5147;0.0031568;90
78.6686;0.00314531;90
78.3959;0.00229184;90
79.0747;0.00239542;90
84.0059;0.00201099;90
85.1377;0.0032798;90
76.9569;0.00292445;90
58.4456;0.00254535;90
72.336;0.00197407;90
96.1489;0.00231532;90
101.365;0.00184212;90
93.079;0.00204796;90
86.6508;0.00253333;90
88.3451;0.00356649;90
105.592;0.00202762;90
128.553;0.00308553;90
137.47;0.0032812;90
123.653;0.00385628;90
120.132;0.00426305;90
117.57;0.00405327;90
164.503;0.0013698;90
102.402;0.00170887;90
149.787;0.000759118;90
120.983;0.00209606;90
80.1377;0.00280241;90
85.1961;0.00260314;90
86.8902;0.00294934;90
78.8392;0.00256246;90
83.0778;0.000945895;90
70.8318;0.00217456;90
89.7997;0.0326172;90
93.2349;0.00155948;90
97.0444;0.00432162;90
94.9546;0.00441148;90
86.1162;0.00574319;90
33.9897;0.0122513;90
70.0556;0.00442967;90
83.674;0.00446519;90
80.3616;0.00508275;90
96.2513;0.00476634;90
137.617;0.00113043;90
71.592;0.00201722;90
67.1179;0.00263864;90
65.8142;0.00205761;90
105.262;0.00213116;90
113.396;0.00240253;90
105.516;0.00280732;90
96.9418;0.00321859;90
92.9335;0.00269653;90
130.382;0.000623571;90
-169.953;0.00128978;90
-169.102;0.00101022;90
-176.156;0.0024465;90
155.241;0.000496654;90
-157.56;0.00124962;90
-152.258;0.00331053;90
27.1634;0.00411146;90
17.6682;0.000685327;90
3.89397;0.00338682;90
55.8485;0.00103316;90
78.2155;0.00187042;90
-109.336;0.00283596;90
-25.5139;0.000926335;90
7.42538;0.00123032;90
100.905;0.00169154;90
104.74;0.00373387;90
115.883;0.00338117;90
116.51;0.00327316;90
102.91;0.00141887;90
88.1488;0.00154781;90
87.5456;0.00240521;90
104.613;0.00195009;90
116.245;0.00192439;90
65.4501;0.00111917;90
-83.475;0.01034;90
-64.0831;0.00268837;90
-63.1968;0.00269001;90
-62.8657;0.00153044;90
-76.4126;0.00260079;90
-81.6925;0.00137038;90
-44.8624;0.000883179;90
4.24984;0.000944597;90
18.7049;0.00140944;90
13.5418;0.0012086;90
77.1516;0.0013221;90
28.3269;0.00370915;90
-15.111;0.000801721;90
-92.7732;0.000930089;90
172.293;0.00295268;90
-160.423;0.00055509;90
-116.325;0.00106661;90
-88.6571;0.00162145;90
-86.325;0.00202817;90
-86.9744;0.00187561;90
-88.4193;0.00137752;90
-94.5892;0.0101987;90
-68.4096;0.00181537;90
-156.257;0.00425951;90
-69.8733;0.00187447;90
-81.7035;0.00374924;90
-100.85;0.00393127;90
-94.8795;0.00390315;90
-101.634;0.00482002;90
-112.866;0.00390919;90
-150.648;0.0108797;90
-98.6037;0.00244653;90
-86.112;0.00613512;90
-86.8974;0.00436039;90
-83.9173;0.00471857;90
-100.875;0.0788551;90
-159.977;0.00271617;90
179.529;0.00255609;90
-178.266;0.00185085;90
-149.051;0.00196589;90
-133.761;0.0027138;90
63.693;0.00148924;90
35.9965;0.00272912;90
48.6373;0.00207317;90
87.8123;0.0039819;90
84.3292;0.00344084;90
83.0285;0.00157363;90
-89.7625;0.00361803;90
-92.2611;0.00357378;90
-91.524;0.00345922;90
-80.6526;0.00368797;90
-80.0734;0.00436231;90
-81.6627;0.004731;90
-87.6487;0.00399737;90
-96.052;0.00397415;90
-88.0247;0.0110536;90
-92.8705;0.00281553;90
-81.0004;0.00331784;90
-74.0917;0.00254653;90
-63.0611;0.00143916;90
-50.4498;0.00224105;90
-49.6376;0.00200272;90
-50.7122;0.00253626;90
-35.4117;0.00539135;90
45.759;0.00197512;90
69.8383;0.00268663;90
78.6092;0.00152912;90
61.2371;0.0124775;90
67.7641;0.00497065;90
57.5849;0.00195691;90
43.4089;0.00101863;90
53.6346;0.0025669;90
63.7036;0.00267034;90
73.4895;0.00363487;90
78.9088;0.00261993;90
78.3022;0.00252035;90
81.2827;0.00256665;90
84.5987;0.00341014;90
80.5773;0.00332892;90
58.3374;0.00129354;90
61.6846;0.00212302;90
79.2094;0.00214187;90
100.492;0.00331137;90
92.6327;0.00232946;90
86.7666;0.00290763;90
88.5052;0.0032201;90
109.45;0.00226739;90
132.793;0.00326784;90
133.142;0.00359894;90
122.393;0.00377431;90
119.881;0.00387399;90
117.417;0.00363759;90
164.464;0.00132543;90
109.048;0.00224598;90
139.874;0.00128167;90
98.2444;0.00170159;90
84.1813;0.00274213;90
84.9975;0.00113532;90
87.5697;0.00172155;90
81.6285;0.0023834;90
79.7351;0.00231201;90
76.1869;0.00242926;90
88.9875;0.0329912;90
98.4493;0.00591419;90
94.7305;0.00445016;90
85.8858;0.00600748;90
30.544;0.0112594;90
67.8515;0.00441369;90
84.3902;0.00299736;90
-100.153;0.00155434;90
-53.9853;0.0026667;90
23.1793;0.00233988;90
60.3995;0.00315012;90
66.2524;0.00341189;90
66.8361;0.00325653;90
84.5782;0.00351372;90
90.1553;0.00405701;90
90.6414;0.00410926;90
90.1034;0.00443401;90
88.7357;0.00348985;90
85.828;0.00335389;90
87.0465;0.00370692;90
85.5956;0.00307308;90
82.2568;0.00175904;90
83.031;0.00182146;90
90.5581;0.00236111;90
119.634;0.00089392;90
-90.6199;0.00813348;90
-93.2127;0.00367578;90
-92.9407;0.00380101;90
-93.0178;0.00419782;90
-90.0653;0.003511;90
-89.3564;0.0048073;90
-89.4713;0.00411818;90
-94.0119;0.00393063;90
-110.04;0.00318377;90
-115.367;0.00346398;90
-117.635;0.00296867;90
-145.921;0.00220582;90
-174.119;0.00184471;90
-122.505;0.0031375;90
-103.356;0.015788;90
128.626;0.00133763;90
130.259;0.0016;90
122.377;0.00171808;90
-149.898;0.000775604;90
-123.073;0.000978548;90
159.699;0.00107796;90
177.664;0.00115296;90
-98.7176;0.0024412;90
-84.735;0.00316033;90
-83.1418;0.00367631;90
-88.6865;0.0512605;90
-62.8356;0.00363381;90
-60.5842;0.00462186;90
-55.6549;0.0049488;90
-36.9976;0.00376881;90
-56.6223;0.00483317;90
-22.381;0.00346934;90
-12.8289;0.00339577;90
-44.9815;0.00438406;90
-47.9873;0.00417902;90
-48.2702;0.00395422;90
-50.1149;0.00378324;90
-50.7723;0.00365589;90
-52.1324;0.00408902;90
-63.5711;0.00508215;90
-71.0854;0.00555284;90
-65.5951;0.00424752;90
-63.8578;0.0033931;90
-60.889;0.00414798;90
-57.9152;0.0039008;90
-56.1062;0.00350933;90
-82.8227;0.00448212;90
-96.9813;0.00479656;90
-103.523;0.00452032;90
-104.168;0.00537654;90
-106.591;0.0037929;90
-57.4694;0.0018503;90
-54.2375;0.00171792;90
-46.4817;0.00257049;90
-28.5554;0.00074685;90
-57.4233;0.00199841;90
-54.1087;0.00182687;90
-57.0926;0.00129951;90
-110.702;0.00142287;90
133.835;0.00580584;90
123.787;0.00229813;90
101.318;0.00272092;90
136.656;0.00205571;90
-140.337;0.00313192;90
-149.027;0.00323532;90
-127.535;0.00349944;90
-107.697;0.00451674;90
-136.066;0.00326881;90
-131.256;0.00346515;90
-146.595;0.00334932;90
-115.543;0.00463611;90
-127.341;0.00369792;90
-160.298;0.00200221;90
71.2122;0.00200271;90
-24.1892;0.00169371;90
56.2507;0.00402297;90
59.134;0.00472291;90
38.8872;0.00373852;90
45.1964;0.00371375;90
69.4785;0.0048551;90
53.6468;0.00412477;90
32.8833;0.00374266;90
47.5643;0.00433042;90
69.9943;0.00432604;90
75.4779;0.00497701;90
79.5657;0.00463261;90
43.1006;0.00332806;90
-54.9702;0.00397385;90
-70.7833;0.00530774;90
-68.2199;0.00550067;90
-69.0987;0.0054967;90
-72.9218;0.002404;90
-71.4711;0.00539991;90
-69.1956;0.00494117;90
-68.253;0.00528192;90
-66.7466;0.00548887;90
-52.6266;0.00493899;90
-30.7986;0.00362875;90
-22.0327;0.00354272;90
23.233;0.00698655;90
3.77728;0.00352165;90
-28.4476;0.0040432;90
-27.3717;0.00409778;90
-19.2174;0.00398294;90
-36.7356;0.00486521;90
-45.5743;0.00500869;90
-24.6438;0.0041753;90
1.62377;0.00370549;90
17.2965;0.00374013;90
33.0382;0.00402239;90
42.7767;0.00413757;90
32.2675;0.00405528;90
7.63832;0.00398738;90
-11.716;0.00348664;90
2.8251;0.00383466;90
25.6167;0.00391813;90
33.4667;0.004198;90
17.3953;0.00604759;90
-2.35603;0.00143521;90
-11.4894;0.00369504;90
-2.92244;0.00609993;90
11.5371;0.00182997;90
20.5628;0.00394323;90
12.8724;0.00368973;90
-13.1798;0.00345603;90
-36.8968;0.0034112;90
-50.0852;0.00436376;90
-61.9561;0.00495588;90
-60.2492;0.00482842;90
-53.9191;0.00503968;90
-46.6961;0.00427633;90
-39.3286;0.0039068;90
-29.9282;0.00364391;90
-20.6944;0.00339292;90
-10.3685;0.00322262;90
-10.1525;0.00339821;90
-4.91599;0.00318572;90
-4.41268;0.00314532;90
-0.264896;0.00367704;90
15.8866;0.00401849;90
22.5494;0.00394023;90
11.5565;0.00387353;90
-4.88366;0.00380582;90
-18.6225;0.00328499;90
-30.3573;0.00343497;90
-20.6164;0.00388799;90
-2.58302;0.00399406;90
18.1961;0.00417266;90
25.0073;0.00431005;90
3.56703;0.00422719;90
-5.88656;0.0041147;90
15.1702;0.00414235;90
11.0888;0.00406591;90
-0.994082;0.00593689;90
-15.2644;0.00538601;90
-22.1435;0.00146182;90
-30.2213;0.00692175;90
-31.5832;0.00447363;90
-19.1412;0.00479722;90
-24.5108;0.00155954;90
-26.3362;0.00660674;90
-33.6806;0.00168601;90
-37.9211;0.00751086;90
-41.0191;0.00487879;90
-48.1439;0.00519586;90
-42.2378;0.00472472;90
-27.0917;0.00467045;90
-11.74;0.00397107;90
3.03357;0.00391148;90
0.956612;0.00161723;90
-11.716;0.00406775;90
-28.3663;0.004439;90
-42.9552;0.00499394;90
-53.3802;0.00558925;90
-54.0099;0.00565307;90
-42.5104;0.0049162;90
-26.6145;0.00466757;90
-30.9803;0.00711033;90
-54.0425;0.00301438;90
-51.4456;0.00475566;90
-45.1767;0.00504452;90
-52.0288;0.00553582;90
-55.8483;0.00574827;90
-49.4771;0.00538975;90
-37.9751;0.00501853;90
-23.1915;0.00423306;90
-38.9361;0.00482614;90
-49.2879;0.00908843;90
-48.4239;0.00298366;90
-54.5401;0.00419387;90
-62.0319;0.00610048;90
-53.7635;0.00569935;90
-39.2978;0.00479671;90
-34.5781;0.00458126;90
-41.708;0.00504859;90
-35.9276;0.00456062;90
-18.6688;0.0041831;90
-27.6786;0.00437234;90
-31.9948;0.00457495;90
-28.5466;0.00779915;90
-50.1336;0.00518409;90
-55.7208;0.00501753;90
-46.1088;0.00559073;90
-32.7791;0.00471;90
-22.3887;0.00434773;90
-38.505;0.00445081;90
-51.9322;0.00539578;90
-60.9211;0.00640311;90
-51.8091;0.00820658;90
-40.4798;0.00153424;90
-27.6169;0.00399519;90
-1.5496;0.00107239;90
10.8678;0.00426958;90
14.6993;0.00138327;90
12.1407;0.00313819;90
-0.140087;0.00368101;90
-25.9956;0.0067944;90
-50.4776;0.00515572;90
-54.7426;0.00159203;90
-61.7925;0.00561707;90
-67.1877;0.00377856;90
-68.4935;0.00385973;90
-65.8424;0.00149054;90
-65.7716;0.00378434;90
-60.0044;0.00436458;90
-56.626;0.00382111;90
-55.416;0.00375078;90
-57.5535;0.00302882;90
-58.2425;0.00347884;90
-60.9362;0.00424675;90
-62.7517;0.00397512;90
-65.556;0.00415657;90
-68.2032;0.00457293;90
-70.4529;0.00653355;90
-67.3664;0.00675092;90
-60.2936;0.00608812;90
-51.5271;0.00474006;90
-46.8741;0.00365416;90
-28.3456;0.00476423;90
-19.1015;0.00388702;90
-3.67625;0.00389902;90
6.17755;0.00396804;90
29.5186;0.0194416;90
-1.62425;0.0100901;90
-20.6426;0.00178137;90
-27.7606;0.00381512;90
-39.5797;0.00451385;90
-40.1461;0.0049555;90
-34.2699;0.00482337;90
-13.8411;0.00412992;90
-0.142102;0.00403201;90
-3.90587;0.00411055;90
-25.5068;0.00447961;90
-35.5882;0.00474779;90
-30.3739;0.00947906;90
-12.2562;0.00170997;90
-8.74807;0.00228154;90
-5.20911;0.00424051;90
-32.9819;0.00967166;90
-49.8624;0.00207718;90
-41.8114;0.00307643;90
-26.2623;0.00838001;90
-7.02201;0.0015869;90
-7.25803;0.00299197;90
7.56553;0.00429136;90
27.1721;0.00920149;90
21.5947;0.00169819;90
13.481;0.00257803;90
0.274971;0.00395905;90
-15.8717;0.00416478;90
-38.9698;0.0114023;90
-51.5332;0.0018085;90
-53.1592;0.0023666;90
-42.9502;0.00496211;90
-25.8092;0.00464427;90
-27.7293;0.0042919;90
-24.8535;0.00474661;90
-32.7044;0.004466;90
-39.6379;0.00879246;90
-49.579;0.0022409;90
-63.0988;0.0149408;90
-67.4436;0.00374877;90
-61.4555;0.0135945;90
-57.3411;0.0024813;90
-46.0046;0.0028232;90
-43.8597;0.0100203;90
-35.9019;0.00204809;90
-44.9746;0.00318764;90
-48.2126;0.00562751;90
-27.8941;0.0103155;90
-1.78635;0.00150773;90
6.93703;0.00400734;90
2.74797;0.00402563;90
-6.6123;0.00425531;90
-12.119;0.00429165;90
-20.5608;0.00424543;90
-27.2601;0.00449751;90
-29.9438;0.00464389;90
-32.4852;0.00472182;90
-38.3801;0.0048947;90
-48.319;0.00541066;90
-57.7554;0.00606896;90
-62.9156;0.00661098;90
-61.6718;0.00636642;90
-55.4317;0.00597122;90
-48.2337;0.00584152;90
-38.8127;0.00520919;90
-29.3985;0.00490343;90
-18.2163;0.00455846;90
-4.82845;0.00447889;90
-3.97749;0.00445473;90
-10.2081;0.00439558;90
-6.045;0.00441555;90
4.97697;0.00446082;90
15.6637;0.0048335;90
22.1858;0.00465029;90
18.4155;0.00465645;90
11.6705;0.00451841;90
5.68082;0.00440463;90
-1.09947;0.00442982;90
-6.99613;0.00446625;90
-5.39224;0.0044055;90
-4.62538;0.00443946;90
-0.864338;0.00444151;90
3.95182;0.00445459;90
9.26821;0.00446428;90
1.92031;0.0044465;90
4.7744;0.00442134;90
20.146;0.00462816;90
31.287;0.0049545;90
41.7044;0.00543674;90
48.9581;0.00583907;90
46.5823;0.00571065;90
31.3178;0.00527334;90
11.6996;0.00452705;90
-5.52961;0.00444167;90
-23.6549;0.00474793;90
-39.4891;0.00530875;90
-46.4773;0.00565025;90
-51.6216;0.00600948;90
-57.8054;0.00651468;90
-64.3131;0.00711958;90
-62.8033;0.0069774;90
-56.8584;0.00648973;90
-50.1548;0.00591838;90
-43.6293;0.00552762;90
-27.8135;0.00476217;90
-1.30462;0.00439214;90
25.3649;0.00480413;90
34.2623;0.00508186;90
28.4171;0.00487091;90
16.0198;0.0045476;90
2.50582;0.00443724;90
-19.3158;0.00462854;90
-28.0565;0.00486241;90
-18.4152;0.00458372;90
-11.6677;0.00446016;90
-18.8044;0.00461006;90
-35.0578;0.00513577;90
-49.7813;0.00589587;90
-60.2912;0.00669502;90
-65.1276;0.00773659;90
-64.7967;0.00713194;90
-61.9935;0.00689777;90
-57.6329;0.00649866;90
-52.7176;0.00613956;90
-48.4869;0.00584799;90
-42.7082;0.00548163;90
-35.9563;0.00515526;90
-28.7227;0.00484631;90
-19.6271;0.00462046;90
-10.2083;0.00445756;90
-5.19093;0.00444322;90
-22.2813;0.00469993;90
-49.0488;0.00587871;90
-66.5915;0.00727692;90
-76.3886;0.0165848;90
-73.0456;0.00797983;90
-68.8038;0.0074897;90
-64.9569;0.00727381;90
-63.1437;0.00668727;90
-66.6649;0.00700062;90
-69.2273;0.00807812;90
-70.7209;0.0076839;90
-73.2718;0.00795255;90
-70.0399;0.00767504;90
-64.6163;0.00704958;90
-62.6052;0.00707208;90
-64.2533;0.00707654;90
-65.2824;0.00722715;90
-65.6644;0.00721947;90
-57.6974;0.0065177;90
-54.0916;0.00619787;90
-48.1333;0.00579563;90
-37.6626;0.0052045;90
-26.6241;0.00477088;90
-20.9184;0.00462696;90
-25.5468;0.00478147;90
-30.8681;0.00492922;90
-40.0562;0.0106256;90
-55.2342;0.00630805;90
-56.2967;0.0131647;90
-45.5963;0.00529935;90
-52.6536;0.00613221;90
-58.4628;0.00656341;90
-63.1092;0.0069999;90
-66.5255;0.00730781;90
-70.1548;0.00823612;90
-66.6322;0.00733678;90
-59.1515;0.0066521;90
-49.1226;0.00585231;90
-58.8852;0.135747;90
-111.783;0.00884133;90
-111.723;0.00653295;90
-118.186;0.00600848;90
-122.861;0.00580721;90
-111.687;0.00677344;90
-96.3459;0.00782595;90
-100.564;0.00757641;90
-111.577;0.00703178;90
-125.836;0.00590976;90
-130.479;0.00543618;90
-118.892;0.00655261;90
-106.958;0.00717917;90
-102.652;0.00762924;90
-98.8645;0.00658668;90
-96.2412;0.0039645;90
-96.2139;0.00606061;90
-96.0816;0.00731517;90
-94.2784;0.00705065;90
-90.4944;0.00614223;90
-89.4773;0.00624826;90
-90.1008;0.00681901;90
-90.1759;0.00716803;90
-89.7922;0.00716805;90
-91.6837;0.00687497;90
-96.6632;0.00673952;90
-97.3065;0.00603097;90
-97.1966;0.00565959;90
-95.3724;0.0062374;90
-90.0305;0.007514;90
-86.4951;0.00755714;90
-85.9955;0.00764667;90
-84.3267;0.00763741;90
-81.5571;0.00777122;90
-80.9783;0.00795238;90
-80.5611;0.00723799;90
-80.7685;0.00836535;90
-82.1642;0.00847917;90
-85.3825;0.00843438;90
-91.0993;0.00792246;90
-100.538;0.00659422;90
-105.598;0.00645263;90
-102.645;0.00763315;90
-92.571;0.00757963;90
-85.4611;0.00645725;90
-86.4641;0.00619379;90
-89.2084;0.00636961;90
-92.1506;0.00631545;90
-94.8588;0.00590321;90
-97.9227;0.00597806;90
-101.848;0.00568409;90
-107.421;0.00541435;90
-107.56;0.00724562;90
-100.943;0.00747492;90
-97.0022;0.00763696;90
-96.6503;0.0080995;90
-99.6994;0.00794761;90
-104.193;0.00754531;90
-104.626;0.00746491;90
-104.6;0.00768827;90
-104.343;0.00737489;90
-97.4182;0.00783054;90
-90.078;0.00808301;90
-88.8362;0.00787763;90
-84.5093;0.0079324;90
-83.9864;0.00782707;90
-91.169;0.00784263;90
-98.8333;0.00765175;90
-98.5089;0.00752887;90
-96.8335;0.00784976;90
-109.994;0.0067296;90
-125.432;0.00565778;90
-120.224;0.00614651;90
-115.991;0.00664951;90
-126.945;0.00576321;90
-115.208;0.00681611;90
-98.6663;0.00812982;90
-98.0919;0.00763704;90
-111.655;0.00589399;90
-128.249;0.00452931;90
-144.027;0.0041147;90
-146.267;0.00478817;90
-126.265;0.00591353;90
-107.435;0.00702892;90
-97.8603;0.00783865;90
-91.9204;0.00763929;90
-91.5393;0.00751971;90
-91.5799;0.0076169;90
-90.6591;0.0075635;90
-87.2377;0.00742863;90
-86.5239;0.00748778;90
-86.6371;0.00748389;90
-86.5533;0.00755166;90
-86.4425;0.00738122;90
-90.2641;0.00759308;90
-90.1141;0.00753001;90
-90.4214;0.00679818;90
-90.2553;0.00583606;90
-90.0358;0.006407;90
-97.3565;0.00616979;90
-101.388;0.00579406;90
-101.704;0.00590578;90
-101.47;0.00604472;90
-101.686;0.00600854;90
-93.1278;0.00628636;90
-88.6386;0.00643982;90
-92.046;0.00641409;90
-95.5666;0.00574208;90
-99.2234;0.00504726;90
-99.2135;0.00314153;90
-98.7462;0.00599774;90
-93.7162;0.00623311;90
-90.7953;0.010735;90
-95.0972;0.0024537;90
-117.588;0.00751215;90
-133.882;0.00141378;90
-135.264;0.00568732;90
-130.257;0.00440409;90
-125.76;0.00155889;90
-115.769;0.0068891;90
-118.482;0.00117638;90
-112.02;0.00540099;90
-102.724;0.00152546;90
-97.572;0.00367303;90
-106.059;0.00117485;90
-90.9056;0.0048086;90
-88.586;0.00324199;90
-91.1656;0.00334269;90
-88.5327;0.00191363;90
-89.2862;0.00305024;90
-89.1495;0.00336837;90
-89.082;0.00380749;90
-90;0.005016;90
-89.063;0.00556474;90
-89.1712;0.00608364;90
-89.6833;0.00560909;90
-87.8597;0.00551585;90
-89.1575;0.00442048;90
-83.484;0.00557803;90
-77.1494;0.00137135;90
-75.7539;0.00271448;90
-82.7372;0.00407368;90
-91.2392;0.00568733;90
-95.0291;0.00112935;90
-96.8443;0.0058235;90
-92.739;0.00150672;90
-99.1372;0.00593835;90
-97.5075;0.0121159;90
-89.1515;0.00283631;90
-86.232;0.00678667;90
-84.3712;0.00739164;90
-84.7927;0.00727201;90
-84.9511;0.0122264;90
-81.2055;0.00279284;90
-80.6797;0.00643394;90
-79.0202;0.00690948;90
-76.2423;0.00543699;90
-74.6749;0.00588734;90
-74.234;0.00627507;90
-75.6623;0.00553231;90
-77.6643;0.00833647;90
-85.02;0.0075224;90
-90.3928;0.00729417;90
-91.0664;0.00714624;90
-86.7996;0.00709306;90
-84.3891;0.00737433;90
-85.9841;0.00708239;90
-87.5378;0.00772813;90
-88.2504;0.00674715;90
-89.0873;0.00740794;90
-87.4786;0.00781957;90
-84.9679;0.00664662;90
-80.0438;0.00743802;90
-76.188;0.00669355;90
-74.6217;0.00664803;90
-75.4115;0.00661838;90
-76.7768;0.00683728;90
-79.3953;0.00681947;90
-81.9558;0.00716753;90
-83.3445;0.00714414;90
-89.3293;0.00717549;90
-99.4287;0.00701376;90
-104.384;0.00647703;90
-93.7312;0.0074528;90
-87.8123;0.00649674;90
-91.3377;0.00801018;90
-89.7255;0.00730608;90
-86.5577;0.00754461;90
-88.0577;0.0073172;90
-83.9508;0.0070221;90
-81.6085;0.00703734;90
-75.0111;0.00660783;90
-73.1829;0.00647387;90
-75.995;0.00666512;90
-87.2974;0.00712593;90
-89.5248;0.00735425;90
-77.1791;0.00716975;90
-75.3857;0.00663466;90
-86.7086;0.00712375;90
-87.8985;0.0075811;90
-88.1679;0.00691253;90
-84.5873;0.00777065;90
-79.3481;0.00643794;90
-79.6209;0.00696598;90
-79.1631;0.00707925;90
-80.0744;0.00701398;90
-84.375;0.00666208;90
-82.6163;0.0133527;90
-80.0073;0.00303707;90
-76.2293;0.0049194;90
-67.11;0.0058746;90
-62.4748;0.00504394;90
-84.2866;0.00604704;90
-94.0603;0.00597399;90
-94.6396;0.0100881;90
-99.396;0.00724622;90
-100.143;0.00260065;90
-98.9844;0.00532129;90
-88.8458;0.004915;90
-83.8623;0.00631319;90
-71.2526;0.00562546;90
-56.6743;0.00545143;90
-50.6782;0.00473113;90
-73.8589;0.00631285;90
-76.0164;0.00581019;90
-69.5991;0.00527272;90
-65.8736;0.00518164;90
-78.0519;0.00556455;90
-72.0797;0.00376674;90
-72.097;0.00224784;90
-69.9857;0.00392398;90
-84.7602;0.00182864;90
-112.944;0.00520478;90
-113.387;0.00079861;90
-120.267;0.00351169;90
172.636;0.00110007;90
-79.2589;0.00223211;90
-79.6373;0.00247944;90
-92.9018;0.00857299;90
-73.6725;0.00166828;90
-113.026;0.0016592;90
145.318;0.00530206;90
-104.376;0.0081719;90
151.181;0.00148948;90
-111.782;0.00161425;90
-131.35;0.00161052;90
-162.606;0.00231485;90
122.051;0.0111707;90
-74.1364;0.00558261;90
-57.5152;0.00129218;90
-65.4119;0.00128337;90
-56.0641;0.00142226;90
-49.8925;0.00140945;90
-5.02866;0.00109522;90
19.0723;0.00127922;90
12.3487;0.00127653;90
-67.0577;0.00158541;90
18.7005;0.00109163;90
33.3469;0.00101873;90
31.8393;0.000987604;90
14.9275;0.000935573;90
-20.6835;0.000999417;90
-41.853;0.00130092;90
-8.16471;0.000936492;90
35.0897;0.000624501;90
79.0312;0.0018447;90
74.4825;0.00233616;90
71.6737;0.0011672;90
77.6773;0.0011761;90
-29.0354;0.000581023;90
-43.9566;0.000815429;90
-51.6927;0.00124379;90
-47.7505;0.000957819;90
-46.2235;0.00112597;90
-47.2499;0.000954623;90
-52.7771;0.00152583;90
-54.073;0.000923725;90
-42.9258;0.000703325;90
-50.227;0.000900355;90
-45.7795;0.000831635;90
73.3382;0.000878902;90
76.9247;0.0013305;90
-53.0415;0.000647001;90
-52.8208;0.000852212;90
-39.8913;0.000770271;90
168.561;0.00305059;90
128.704;0.000806013;90
128.061;0.000866187;90
128.232;0.00181791;90
138.776;0.000569042;90
128.241;0.000961275;90
136.064;0.000799876;90
136.84;0.000726573;90
126.495;0.00091802;90
129.071;0.00071873;90
134.439;0.000938376;90
-118.104;0.000849118;90
-106.289;0.00086992;90
145.84;0.000710595;90
138.215;0.000756381;90
132.28;0.000596055;90
130.019;0.000961052;90
-110.541;0.000911985;90
-107.568;0.00108668;90
-100.271;0.00091974;90
-108.043;0.000923407;90
141.334;0.00139729;90
143.178;0.0007158;90
-142.978;0.000906803;90
-92.2819;0.00105484;90
-95.6536;0.00140081;90
-74.7597;0.00101572;90
-149.873;0.000763079;90
-144.403;0.000783393;90
-167.189;0.000703514;90
-160.706;0.000674906;90
148.511;0.000505428;90
98.882;0.00131477;90
-179.77;0.000499004;90
-152.039;0.000514001;90
-159.062;0.00082551;90
-170.058;0.00080509;90
-171.238;0.000807424;90
128.824;0.00114367;90
123.778;0.000719447;90
122.578;0.00160089;90
122.86;0.000746427;90
121.043;0.000864868;90
120.81;0.000960567;90
133.962;0.00109337;90
138.164;0.000871069;90
146.821;0.000683418;90
137.49;0.00110696;90
-118.233;0.000799062;90
175.83;0.000577529;90
-129.433;0.000787187;90
6.7123;0.00136032;90
71.3876;0.00245014;90
69.0434;0.00132248;90
-56.0364;0.00214977;90
-66.7841;0.00260276;90
-71.2033;0.00330528;90
-53.7919;0.00309961;90
16.5028;0.0025417;90
12.7695;0.00167851;90
-87.2906;0.00129044;90
-68.4397;0.00123544;90
38.1463;0.00264866;90
-20.3022;0.00256217;90
-27.2502;0.00119683;90
-68.6896;0.00138682;90
-67.1919;0.0027164;90
-23.7505;0.0020037;90
25.2801;0.0018148;90
7.39536;0.00191896;90
-11.6108;0.0020918;90
52.0174;0.00130805;90
89.7675;0.00369703;90
20.8334;0.000604525;90
-34.9647;0.000860276;90
-114.549;0.00489331;90
179.962;0.00304;90
157.304;0.000749001;90
91.1214;0.00291256;90
70.9512;0.00242055;90
105.96;0.0031494;90
139.366;0.00188567;90
129.493;0.000869511;90
125.599;0.000982642;90
143.654;0.000568624;90
81.8387;0.00155677;90
76.5899;0.00286306;90
-141.338;0.0173083;90
125.365;0.00323612;90
109.519;0.0031755;90
127.964;0.00425418;90
-77.7051;0.0147974;90
17.1293;0.0014294;90
20.2922;0.0019319;90
21.6128;0.00203078;90
7.66007;0.00162046;90
85.1162;0.00202033;90
32.8413;0.00256494;90
3.06785;0.00224221;90
-43.3287;0.00186685;90
-8.60138;0.000601768;90
-80.5556;0.00263269;90
-68.0507;0.00122262;90
-40.0891;0.00137116;90
12.641;0.00138456;90
26.6908;0.000814825;90
18.8893;0.00179465;90
-3.54396;0.00187659;90
-18.5879;0.00142113;90
82.2176;0.00284319;90
83.912;0.00273442;90
-44.1449;0.000615959;90
-41.6933;0.000956186;90
131.014;0.00153602;90
-99.9373;0.00216143;90
-89.0513;0.00344247;90
-171;0.00183459;90
177.55;0.00348619;90
-167.452;0.00230608;90
133.145;0.00214083;90
109.494;0.00231044;90
135.025;0.00328946;90
-150.114;0.00342783;90
-170.478;0.000942993;90
84.0592;0.00272463;90
-166.844;0.00210012;90
-176.668;0.00246016;90
123.994;0.00350021;90
112.241;0.00355877;90
112.484;0.00299139;90
-125.946;0.00218388;90
-119.427;0.00198856;90
-69.4685;0.00164232;90
-78.2317;0.00362826;90
-53.8886;0.00330869;90
-71.3173;0.00307187;90
-19.1416;0.00138455;90
23.5518;0.00270536;90
1.51923;0.00230081;90
48.1769;0.00155661;90
85.4662;0.00159399;90
36.4858;0.00289427;90
-25.9634;0.00323666;90
-61.043;0.00193947;90
-64.5787;0.00351759;90
16.3425;0.00247708;90
10.4037;0.000570377;90
11.3628;0.00191351;90
-10.0187;0.00247169;90
80.6638;0.00261362;90
82.8187;0.00277577;90
-45.3051;0.00132797;90
-105.354;0.00452449;90
-174.312;0.00200789;90
176.816;0.00286242;90
-159.69;0.00261882;90
138.493;0.00213519;90
109.753;0.0025713;90
126.993;0.00270061;90
-156.494;0.00423981;90
166.933;0.000473255;90
91.3109;0.00218557;90
176.609;0.00485249;90
119.031;0.00168353;90
121.332;0.00149618;90
114.308;0.00272564;90
122.811;0.00394189;90
-85.9726;0.000982426;90
-20.0407;0.0235638;90
-45.8862;0.000777203;90
-46.4016;0.000896172;90
-49.803;0.000768495;90
-45.4197;0.000772181;90
-28.7243;0.000522269;90
59.3731;0.000846017;90
79.6002;0.00145693;90
20.505;0.000525281;90
-54.8228;0.000886987;90
-43.5241;0.000878518;90
169.038;0.00319734;90
122.397;0.00111801;90
139.427;0.000879436;90
132.156;0.000755413;90
132.173;0.000688145;90
129.587;0.00154414;90
125.463;0.000887668;90
132.27;0.00120274;90
123.904;0.000668696;90
152.416;0.000628435;90
138.537;0.000641861;90
-107.116;0.00157998;90
-103.676;0.000888183;90
-105.893;0.00121234;90
-104.519;0.00106501;90
-98.6894;0.00207178;90
-169.521;0.000500345;90
179.51;0.000702026;90
140.064;0.000841204;90
145.33;0.000713726;90
157.562;0.000702157;90
169.046;0.000726232;90
-162.415;0.000767885;90
-138.897;0.000978069;90
-145.828;0.000824314;90
-166.079;0.000723243;90
-174.255;0.000659312;90
110.724;0.000799746;90
132.727;0.000927039;90
-164.714;0.000823119;90
-154.758;0.000813698;90
-156.738;0.000830514;90
161.063;0.000758027;90
136.796;0.000654395;90
120.789;0.00078924;90
118.65;0.000811335;90
119.664;0.000794071;90
127.291;0.000843423;90
120.773;0.00103003;90
115.727;0.00100902;90
132.265;0.000918871;90
108.505;0.0010366;90
121.585;0.000981373;90
112.303;0.00116733;90
118.79;0.000863774;90
58.3071;0.000835609;90
-129.916;0.0020509;90
-21.7316;0.0033544;90
-72.8642;0.00292902;90
-63.5075;0.00353075;90
-17.1904;0.00254782;90
7.41937;0.00287305;90
-90.2437;0.00164601;90
4.29692;0.00496496;90
-46.5667;0.00106035;90
-28.8866;0.00099363;90
-70.855;0.00262837;90
-18.4926;0.00345858;90
28.6703;0.000839987;90
0.171373;0.00200601;90
-5.97831;0.00166103;90
-26.9426;0.000542929;90
87.1714;0.00186427;90
85.0764;0.00306431;90
86.4508;0.000920766;90
-63.6263;0.00133941;90
-124.243;0.00508434;90
177.449;0.00175274;90
-170.538;0.000656938;90
-163.556;0.000473362;90
-156.748;0.00210497;90
165.348;0.00153388;90
112.349;0.00340042;90
125.568;0.00242062;90
165.512;0.00277009;90
-132.056;0.00260205;90
125.121;0.000655305;90
95.872;0.00201357;90
-169.936;0.00184844;90
-174.342;0.00229217;90
126.096;0.00352212;90
106.864;0.00317138;90
109.469;0.00283829;90
147.447;0.00123029;90
-121.09;0.00116774;90
133.349;0.0137158;90
-149.042;0.00160574;90
-117.181;0.00191329;90
-87.2204;0.00245389;90
-84.1754;0.00195107;90
-79.1163;0.00121282;90
-82.6476;0.00328198;90
-116.258;0.00125222;90
-143.584;0.000682221;90
-140.552;0.000942754;90
116.13;0.00176878;90
83.5629;0.00163229;90
48.7536;0.000712879;90
-23.2541;0.00081305;90
0.917703;0.000874112;90
88.7663;0.00106825;90
96.9016;0.00232182;90
98.0245;0.00444856;90
42.3842;0.000976117;90
67.2946;0.00190677;90
4.94838;0.00499662;90
-18.7141;0.00110333;90
-38.9818;0.00138934;90
-55.6736;0.00364599;90
-66.9839;0.00309215;90
-54.3007;0.00177197;90
-123.549;0.000676736;90
-66.7642;0.00809347;90
-54.8599;0.00294834;90
12.3708;0.00220315;90
17.0762;0.00222719;90
-82.2348;0.00137662;90
-58.9056;0.00135347;90
38.6528;0.00253923;90
-17.9679;0.00236641;90
-17.44;0.00131128;90
72.796;0.00312062;90
82.6075;0.00228499;90
120.519;0.000706938;90
-21.7863;0.000703228;90
-63.4034;0.00162607;90
-7.14511;0.000707494;90
-2.02569;0.000622389;90
-40.3987;0.000766854;90
59.5858;0.0037373;90
-66.785;0.0018291;90
-107.026;0.00308732;90
-103.738;0.00316659;90
-100.14;0.00205612;90
-89.8316;0.00136101;90
-156.376;0.00178674;90
172.516;0.0018427;90
111.782;0.0032285;90
120.543;0.00191466;90
151.964;0.00289129;90
-139.466;0.00305124;90
-138.817;0.00166752;90
-155.294;0.00322521;90
178.648;0.00241567;90
-155.783;0.00402741;90
-121.706;0.00455127;90
-120.131;0.00480298;90
-143.59;0.00366432;90
-133.52;0.00388756;90
-126.751;0.00445061;90
-129.425;0.00426564;90
-132.043;0.00758108;90
-128.889;0.00156097;90
-124.58;0.00337409;90
-130.376;0.00415718;90
-125.153;0.00457305;90
-140.989;0.0037206;90
-125.797;0.00829005;90
-124.321;0.00201479;90
-131.155;0.00331106;90
-134.449;0.00845385;90
-130.692;0.00163804;90
-114.823;0.00242726;90
-127.405;0.00398057;90
-168.383;0.00295963;90
-173.794;0.00340395;90
179.605;0.00639015;90
-157.914;0.00153461;90
-147.567;0.00217412;90
-132.681;0.00428221;90
-116.419;0.00473332;90
-111.839;0.00534134;90
-113.255;0.00542256;90
-113.957;0.00507084;90
-115.32;0.0048798;90
-117.435;0.00491813;90
-122.301;0.00472522;90
-125.523;0.00451785;90
-117.735;0.0082385;90
-114.408;0.00185367;90
-107.608;0.00529927;90
-101.533;0.00598688;90
-97.4218;0.00593775;90
-97.2673;0.00624517;90
-100.59;0.00599614;90
-104.705;0.00587752;90
-106.708;0.00552005;90
-103.69;0.0160685;90
-97.9072;0.00258054;90
123.825;0.00636659;90
124.061;0.0132537;90
133.663;0.00636428;90
-65.145;0.00275741;90
-85.9564;0.00563001;90
-77.0475;0.00244932;90
-74.5641;0.00139014;90
-89.1183;0.00272932;90
-87.4246;0.00220323;90
-72.4243;0.0035004;90
-54.1903;0.00369683;90
-55.9355;0.00110332;90
-53.253;0.00242361;90
-52.8345;0.00279084;90
-30.9284;0.00111097;90
-46.528;0.00119331;90
-85.2171;0.0012353;90
-68.7963;0.00747613;90
-64.588;0.00182232;90
-65.696;0.00284515;90
-62.4965;0.00223905;90
-97.1521;0.00236137;90
-151.871;0.001016;90
-111.349;0.00298589;90
-16.5626;0.000803331;90
62.0114;0.00277224;90
89.3688;0.00281417;90
113.525;0.00366023;90
115.88;0.0041169;90
114.67;0.00420477;90
100.394;0.00323711;90
71.048;0.00175197;90
68.5757;0.0034139;90
69.8794;0.00388085;90
93.3603;0.00272969;90
124.554;0.00388057;90
124.102;0.004286;90
125.007;0.00312545;90
127.313;0.00191366;90
122.954;0.007539;90
127.25;0.00171984;90
124.653;0.00376362;90
129.054;0.00283946;90
139.2;0.00275167;90
145.339;0.0045822;90
137.457;0.00107225;90
127.144;0.00246263;90
117.461;0.00520441;90
113.375;0.00132581;90
112.53;0.00275854;90
119.435;0.00225052;90
117.081;0.00203625;90
116.678;0.00453699;90
121.952;0.00170066;90
121.67;0.00428745;90
121.322;0.0047187;90
125.335;0.0047427;90
126.82;0.004627;90
120.901;0.0049985;90
114.509;0.00533467;90
113.942;0.00954862;90
115.698;0.00198094;90
113.039;0.00475528;90
108.401;0.00583851;90
108.166;0.0057864;90
107.386;0.00587333;90
108.254;0.00589357;90
107.477;0.00588045;90
102.603;0.0104908;90
97.2883;0.00291656;90
99.0667;0.00997564;90
97.4888;0.00658315;90
104.206;0.00629552;90
110.64;0.00556309;90
116.658;0.00526237;90
126.954;0.00460761;90
134.524;0.0044224;90
135;0.00397111;90
132.331;0.00428264;90
114.815;0.00548987;90
106.184;0.00573321;90
100.204;0.00734415;90
100.674;0.00238629;90
109.866;0.124244;90
102.594;0.00456791;90
113.994;0.0022231;90
113.97;0.0040295;90
104.185;0.0286598;90
97.9171;0.0966533;90
97.8502;0.00318485;90
97.8404;0.00679552;90
98.3057;0.00678416;90
100.71;0.0133608;90
108.304;0.00360754;90
99.8;0.00298455;90
104.698;0.00623916;90
108.195;0.00612001;90
110.23;0.00606728;90
109.931;0.0126348;90
104.977;0.00217074;90
108.083;0.00340204;90
113.331;0.00586561;90
109.536;0.00572668;90
117.594;0.00440621;90
131.114;0.00149189;90
128.65;0.00271071;90
136.614;0.00311392;90
137.951;0.0031593;90
135.628;0.00348483;90
118.609;0.0037111;90
129.581;0.00316714;90
-128.513;0.00201543;90
106.719;0.00108799;90
120.104;0.0022968;90
127.421;0.00201589;90
-129.834;0.00128011;90
-117.183;0.00124333;90
-113.278;0.0019889;90
-111.221;0.00119074;90
67.669;0.00164756;90
64.3915;0.001527;90
70.4825;0.00172407;90
-96.3737;0.00660281;90
-114.093;0.00217772;90
-113.264;0.00150648;90
134.563;0.00139092;90
-146.79;0.000761353;90
-28.2001;0.00393395;90
-55.0602;0.00278498;90
-52.3611;0.00621436;90
-48.9551;0.00126095;90
-38.2003;0.00179168;90
-8.30991;0.00175745;90
6.71995;0.00231591;90
16.6946;0.00234275;90
34.6777;0.00291233;90
52.4879;0.00198052;90
-51.856;0.00145716;90
-63.8081;0.0049436;90
-67.8059;0.00614963;90
-69.481;0.00614806;90
-70.1579;0.00628408;90
-71.1336;0.00659322;90
-70.0605;0.00628688;90
-69.9248;0.00568969;90
-72.4284;0.00736673;90
-77.6715;0.00695028;90
-78.8937;0.00695118;90
-76.9804;0.00723088;90
-78.9418;0.00731991;90
-82.7106;0.00808635;90
-81.1374;0.00834058;90
-78.2471;0.00758502;90
-82.8161;0.00808446;90
-80.681;0.0584261;90
-96.135;0.00292877;90
-84.2026;0.0319072;90
-67.372;0.00108123;90
-67.6604;0.0124548;90
-67.2096;0.00186132;90
-64.6198;0.00216274;90
-75.4739;0.00465273;90
-75.5328;0.00525565;90
-55.5284;0.00703536;90
19.9831;0.00150991;90
-21.5889;0.00225306;90
-73.6105;0.0152215;90
-86.1945;0.00355584;90
-77.1162;0.0067407;90
-68.0416;0.00589678;90
-64.7815;0.00578541;90
-65.2832;0.0135196;90
-61.4091;0.00327655;90
-60.4513;0.0055073;90
-66.9977;0.00586536;90
-73.9616;0.00651873;90
-77.189;0.00682797;90
-76.3538;0.00648507;90
-76.2915;0.0134398;90
-78.2141;0.00278573;90
-77.73;0.00369849;90
-79.5834;0.0153591;90
-80.7957;0.00226314;90
-75.5678;0.00263206;90
-67.8798;0.00600715;90
-57.3781;0.00510302;90
-37.4231;0.0043706;90
-44.9032;0.00460539;90
-53.6266;0.00466238;90
-62.8355;0.00555693;90
-71.1179;0.00611824;90
-76.4784;0.00664211;90
-80.1477;0.00688453;90
-76.4289;0.0408393;90
-73.6189;0.00269125;90
-72.0785;0.00250557;90
-71.0776;0.00624446;90
-65.4701;0.013185;90
-66.7601;0.00418671;90
-63.6544;0.00560407;90
-54.1552;0.00507521;90
-54.9109;0.00512307;90
-58.1033;0.00514015;90
-58.8506;0.0050805;90
-57.7198;0.0033367;90
-64.2364;0.00278149;90
-67.5103;0.00230316;90
-57.5678;0.00258996;90
-67.7612;0.00398978;90
-63.4294;0.00463224;90
-55.2791;0.00351487;90
-38.3726;0.00401918;90
-30.1104;0.00299401;90
-48.3503;0.00294023;90
-56.1122;0.00417886;90
-54.8217;0.0140317;90
-56.0477;0.00187823;90
-55.3924;0.00658153;90
-16.0238;0.00140561;90
75.7829;0.00176712;90
75.8265;0.00951979;90
76.2766;0.00670645;90
73.8901;0.00277497;90
