angle=Azimuth
heading=Coordinate_System
dist_units=Default
startAt=15.1006;60.6843;90
survey=Polygonal
[data]
-23.7096;0.0011042;90
-61.612;0.00244615;90
-90.3767;0.00289006;90
-98.6463;0.00514851;90
-147.877;0.00331557;90
-174.575;0.00251728;90
-136.822;0.00266856;90
174.027;0.00149914;90
-60.6795;0.00334903;90
-30.7562;0.00269855;90
-44.281;0.00315536;90
-65.2375;0.00379604;90
-63.8625;0.00449462;90
-50.1798;0.00502826;90
-48.7801;0.00444039;90
-58.7767;0.00545165;90
-64.4067;0.00545858;90
-39.6056;0.0044753;90
-48.6884;0.00527605;90
-57.2428;0.00516189;90
-65.0163;0.00615824;90
-66.5593;0.00453747;90
-69.5433;0.00607725;90
-49.5055;0.00436573;90
-45.767;0.00279969;90
-60.0667;0.00169742;90
-77.3452;0.00355127;90
-90.4681;0.00563019;90
-90.0474;0.004838;90
-77.9745;0.00340778;90
-55.2489;0.00200697;90
-35.293;0.00138813;90
-38.1119;0.00142093;90
-35.9699;0.00183363;90
-61.0959;0.00236684;90
-126.943;0.0020432;90
-156.27;0.000849852;90
-127.007;0.00292901;90
-141.811;0.00239704;90
-137.301;0.00246555;90
-137.088;0.00254232;90
-150.308;0.00216416;90
-159.974;0.00273326;90
-165.107;0.00384413;90
174.273;0.00352761;90
-141.255;0.00369258;90
-160.793;0.00157148;90
102.093;0.00549902;90
99.8571;0.00675268;90
81.7457;0.00658926;90
81.9933;0.0101085;90
84.5782;0.00367243;90
79.8773;0.00627569;90
83.5992;0.00407239;90
91.2797;0.00344786;90
99.0269;0.00318039;90
99.409;0.00406164;90
93.4586;0.00379591;90
92.9202;0.00321918;90
125.585;0.00210513;90
112.019;0.00200311;90
101.516;0.00229418;90
99.5018;0.00358012;90
120.329;0.00277244;90
113.175;0.00598167;90
124.427;0.0056071;90
132.233;0.00443803;90
129.119;0.00444422;90
117.29;0.00413527;90
112.264;0.00413854;90
138.224;0.00353335;90
145.878;0.00298243;90
134.763;0.00324494;90
-176.391;0.00152502;90
16.2509;0.0012364;90
28.0745;0.00166376;90
-24.0197;0.00203415;90
39.7554;0.00131507;90
37.0625;0.00172561;90
0.801697;0.00293029;90
70.5539;0.0062898;90
94.8028;0.00364279;90
161.176;0.00158371;90
95.6891;0.00211843;90
-86.9715;0.00172241;90
-26.7595;0.00237203;90
-89.2262;0.00170316;90
-97.3778;0.0062689;90
-151.772;0.00314389;90
-162.747;0.00272773;90
-155.219;0.00281523;90
165.013;0.00206111;90
-135.426;0.00218573;90
106.86;0.00276171;90
150.203;0.00259394;90
-174.346;0.00259864;90
-144.456;0.00420072;90
-135.667;0.00474076;90
-137.365;0.00483224;90
-132.452;0.00497942;90
-120;0.005822;90
-119.154;0.00617875;90
-118.817;0.00589614;90
-143.048;0.0045862;90
-175.605;0.00375805;90
-179.16;0.00354738;90
-174.342;0.00378343;90
-173.066;0.00394284;90
-171.347;0.0040946;90
-155.13;0.00438461;90
-144.416;0.00473279;90
-157.133;0.00426412;90
165.519;0.00403106;90
136.732;0.00477232;90
109.985;0.00643981;90
101.207;0.00753774;90
109.42;0.00715824;90
115.668;0.00528448;90
124.475;0.00427353;90
130.753;0.00435359;90
115.215;0.00567582;90
115.121;0.00628222;90
109.633;0.00705089;90
105.671;0.00691921;90
101.352;0.00722943;90
118.684;0.00572109;90
154.519;0.0042305;90
155.981;0.00408799;90
151.643;0.00397499;90
136.068;0.00421155;90
134.272;0.00317022;90
109.385;0.00410046;90
112.068;0.004996;90
106.362;0.00534965;90
106.398;0.00685066;90
106.351;0.00696573;90
99.09;0.00741208;90
91.548;0.00792189;90
90.0885;0.00712501;90
85.4764;0.0065805;90
84.7727;0.00678321;90
87.7784;0.00706831;90
88.806;0.00734259;90
97.7179;0.0075282;90
89.1708;0.00815385;90
81.158;0.00754668;90
87.2859;0.00804603;90
89.6981;0.00797211;90
98.9251;0.00739959;90
99.0742;0.00718391;90
103.669;0.00655466;90
109.803;0.00629314;90
129.881;0.00499229;90
138.089;0.00454056;90
118.207;0.00593249;90
106.461;0.0072168;90
107.125;0.00708409;90
104.027;0.00755838;90
100.415;0.00759513;90
92.0872;0.00807236;90
94.8854;0.00800809;90
94.4516;0.00831007;90
99.9533;0.00734759;90
114.064;0.0063444;90
113.471;0.00670366;90
113.596;0.00689008;90
115.311;0.00635285;90
115.608;0.00645285;90
120.189;0.00578689;90
136.248;0.00490071;90
139.206;0.00254537;90
131.582;0.00389035;90
128.12;0.00328198;90
119.36;0.0034857;90
122.472;0.00447578;90
121.042;0.00264125;90
111.119;0.00339717;90
130.551;0.00349161;90
136.213;0.00283826;90
124.904;0.0025533;90
111.119;0.00207325;90
124.417;0.000743081;90
112.2;0.00323155;90
114.134;0.0040478;90
-116.857;0.00280451;90
-113.975;0.00275139;90
-118.673;0.00364726;90
-120.847;0.00328232;90
-123.803;0.00308442;90
122.396;0.00110497;90
154.3;0.000800156;90
132.316;0.000181218;90
-54.3457;0.00205526;90
-130.509;0.00261868;90
-131.9;0.00448467;90
-132.415;0.00475023;90
-123.05;0.00548439;90
-109.239;0.0068527;90
-108.69;0.00716801;90
-118.843;0.00632457;90
-135.855;0.00502385;90
-155.944;0.00392269;90
-157.873;0.00349651;90
-143.613;0.00384334;90
-130.151;0.00531171;90
-116.443;0.00631467;90
-107.23;0.00699176;90
-108.702;0.00658994;90
-122.094;0.00519845;90
-123.684;0.00484309;90
-116.676;0.00554859;90
-118.483;0.00729501;90
-139.525;0.0053057;90
-146.652;0.00501347;90
-145.524;0.00495172;90
-150.877;0.00476892;90
-167.95;0.00417703;90
-174.95;0.00435089;90
-176.442;0.0044636;90
153.429;0.00462777;90
119.364;0.00651966;90
125.543;0.00606383;90
164.738;0.00446756;90
-143.96;0.00519414;90
-138.154;0.00519237;90
-173.314;0.00425997;90
156.032;0.00452956;90
156.698;0.00458063;90
161.86;0.00423972;90
168.245;0.00436352;90
170.008;0.00405146;90
-176.303;0.00381494;90
-171.293;0.00370571;90
-165.005;0.00401574;90
-139.583;0.00552178;90
-133.109;0.00587218;90
-125.601;0.00633015;90
-126.846;0.0062918;90
-143.384;0.00500465;90
-129.03;0.00599626;90
-136.394;0.00555314;90
-119.028;0.00697179;90
-111.849;0.00740275;90
-114.242;0.0072262;90
-115.19;0.00730465;90
-110.092;0.00788591;90
-116.178;0.00734878;90
-120.604;0.00726963;90
-129.853;0.006345;90
-169.953;0.00463712;90
-172.581;0.0046469;90
-148.983;0.00493693;90
-133.548;0.00563604;90
-136.36;0.00548304;90
178.976;0.00442171;90
150.355;0.00490273;90
157.984;0.00430816;90
-176.391;0.00365425;90
-160.945;0.00400336;90
-160.147;0.00434314;90
-165.379;0.00325645;90
-176.789;0.00294562;90
-172.484;0.0033639;90
-159.834;0.00357944;90
-160.33;0.00379973;90
-154.897;0.00318922;90
-156.158;0.00314433;90
-161.806;0.00300419;90
-149.135;0.00327477;90
-156.211;0.00318566;90
-150.708;0.00377921;90
-138.089;0.00429059;90
-156.758;0.00364914;90
-151.589;0.00377689;90
-152.75;0.00366473;90
-137.953;0.00380151;90
173.195;0.00299611;90
-146.833;0.00337244;90
-138.537;0.00346152;90
-137.729;0.00338664;90
-141.956;0.00347413;90
-145.464;0.00364422;90
-140.647;0.0037297;90
-154.405;0.00322219;90
-157.953;0.00272529;90
-126.186;0.00315202;90
-141.997;0.00283255;90
137.945;0.00218856;90
128.895;0.00182834;90
-112.172;0.00178067;90
-92.0388;0.00309196;90
-114.426;0.00264801;90
-146.067;0.00222132;90
-141.882;0.00206549;90
-130.923;0.00262577;90
-145.089;0.00161454;90
-161.259;0.00183636;90
-163.712;0.00273476;90
-164.923;0.00285633;90
-161.747;0.00289571;90
166.575;0.00236461;90
-171.492;0.00150051;90
-103.376;0.0029048;90
-105.083;0.00420797;90
-94.6168;0.00554098;90
-75.4958;0.00522657;90
-60.6367;0.00448867;90
-72.4706;0.0052026;90
-93.2817;0.00639348;90
-101.95;0.00598878;90
-119.155;0.00516657;90
-122.471;0.00545005;90
-120.28;0.00488669;90
-129.888;0.0044676;90
-124.757;0.00436236;90
-124.621;0.00515717;90
-124.795;0.00477353;90
-149.251;0.0040702;90
-139.488;0.00404858;90
-128.104;0.00423438;90
-119.21;0.00421501;90
-105.445;0.00624451;90
-101.976;0.00696867;90
-103.555;0.00722321;90
-101.843;0.00743528;90
-108.877;0.00745181;90
-113.106;0.00598837;90
-109.778;0.00748559;90
-109.623;0.00622344;90
-124.645;0.00579077;90
-130.546;0.00564562;90
-121.495;0.00443892;90
-81.5353;0.00484376;90
-75.0618;0.00486854;90
-88.0534;0.00550518;90
-95.0617;0.00480574;90
-107.106;0.00288983;90
-122.06;0.0028673;90
-129.595;0.00236447;90
-136.579;0.00225794;90
-123.941;0.0029122;90
-100.038;0.00441762;90
-90.6215;0.00525531;90
-99.6082;0.00406807;90
-146.598;0.00209263;90
-165.725;0.00163034;90
-164.125;0.0025773;90
-179.277;0.00301024;90
177.002;0.00300211;90
-166.053;0.00374645;90
-163.992;0.00303155;90
-141.775;0.00401612;90
-133.083;0.00462919;90
-132.11;0.00395493;90
-116.477;0.00437152;90
-121.218;0.00371607;90
171.528;0.00265396;90
138.87;0.00394971;90
137.812;0.00335785;90
136.89;0.00366693;90
138.554;0.00378748;90
140.526;0.00347319;90
147.375;0.00340173;90
144.406;0.00433988;90
143.924;0.00467685;90
129.949;0.0058869;90
122.314;0.00517435;90
124.382;0.00549138;90
121.29;0.00584751;90
118.674;0.00645453;90
132.167;0.0048935;90
141.525;0.00478488;90
153.859;0.00356126;90
170.963;0.00396623;90
-168.511;0.00356953;90
-169.675;0.00387779;90
-179.798;0.00424603;90
174.797;0.00355063;90
163.636;0.00387601;90
-179.917;0.003472;90
-177.131;0.00381578;90
179.344;0.00375725;90
173.924;0.0040055;90
155.28;0.00461048;90
151.507;0.00422811;90
163.453;0.00382021;90
-146.371;0.00416025;90
-149.608;0.00324955;90
-169.007;0.00244894;90
180;0.002788;90
-175.37;0.00470736;90
170.415;0.0045343;90
173.953;0.00359802;90
-169.806;0.00427143;90
-168.356;0.00384002;90
-161.346;0.00372045;90
-160.504;0.00433876;90
-166.857;0.00412094;90
164.646;0.00416568;90
135.479;0.00558492;90
125.433;0.00619915;90
125.559;0.00616461;90
125.373;0.00545006;90
121.834;0.00529323;90
110.118;0.00580307;90
112.58;0.00537285;90
117.381;0.00527497;90
140.672;0.00433599;90
168.509;0.00372466;90
173.568;0.00370432;90
152.64;0.00367287;90
124.569;0.00535071;90
120.707;0.00559674;90
115.142;0.00579947;90
114.334;0.00601869;90
106.361;0.00625529;90
105.363;0.0065376;90
119.447;0.00522962;90
105.437;0.00647667;90
116.522;0.00602173;90
140.349;0.00397428;90
124.016;0.00477272;90
118.75;0.00482134;90
107.801;0.00476932;90
111.762;0.00588543;90
121.592;0.00575138;90
124.659;0.0048374;90
135.709;0.00451381;90
134.854;0.00471571;90
127.851;0.00489232;90
150.382;0.00397197;90
168.767;0.00363972;90
-176.591;0.0037837;90
-179.13;0.00375343;90
-171.662;0.00381331;90
-161.891;0.00394121;90
-166.815;0.00342838;90
-158.106;0.00377853;90
-162.125;0.00381515;90
173.465;0.00344438;90
178.008;0.00368322;90
-155.726;0.00377034;90
-156.199;0.00371933;90
-171.378;0.00408214;90
-176.242;0.00346345;90
-136.867;0.00412462;90
-128.502;0.0054294;90
-156.296;0.00367397;90
169.74;0.00374488;90
-174.701;0.00373596;90
-160.316;0.00388926;90
-160.425;0.00382933;90
-135.434;0.00485655;90
-150.858;0.00419732;90
-135.884;0.00476647;90
-116.086;0.00593339;90
-119.311;0.00466756;90
-122.775;0.0042709;90
-123.244;0.00402225;90
-121.516;0.00388154;90
-130.744;0.00352546;90
-146.001;0.00190459;90
-130.191;0.000970029;90
-145.897;0.00219195;90
-141.604;0.00285301;90
-144.702;0.00275684;90
-171.041;0.00213201;90
165.336;0.00223583;90
163.459;0.00260271;90
161.405;0.00305446;90
162.656;0.00350539;90
166.995;0.00374608;90
169.855;0.00394569;90
-179.341;0.00278418;90
-158.936;0.0035363;90
-179.886;0.00302501;90
135.616;0.00368283;90
128.113;0.00449926;90
136.41;0.00258597;90
127.691;0.00259567;90
124.502;0.00285644;90
121.932;0.00331811;90
108.472;0.00340546;90
101.826;0.0038354;90
101.263;0.0055091;90
107.631;0.0054542;90
115.559;0.00578068;90
102.854;0.00776765;90
106.374;0.00700929;90
111.876;0.00669618;90
111.088;0.00670078;90
110.852;0.00514391;90
116.846;0.00538988;90
134.881;0.00444418;90
121.115;0.00520363;90
120.595;0.00636393;90
137.727;0.00381917;90
-155.106;0.00355865;90
-139.383;0.00391397;90
-160.219;0.0041722;90
159.391;0.00396044;90
174.69;0.00246357;90
-158.684;0.00284997;90
-167.331;0.00324193;90
164.802;0.00315846;90
143.807;0.0042489;90
120.51;0.00602528;90
122.141;0.00549992;90
129.343;0.00474162;90
137.706;0.00407465;90
146.567;0.00452113;90
142.245;0.00397527;90
126.108;0.00503645;90
126.812;0.003927;90
137.277;0.00370251;90
148.446;0.00301356;90
159.696;0.00348131;90
-177.479;0.00352441;90
-140.882;0.00400208;90
-123.066;0.00656527;90
-124.492;0.00549013;90
-138.605;0.0052628;90
-142.817;0.00490767;90
-139.947;0.00494483;90
-133.109;0.0053352;90
-131.264;0.00542655;90
-135.066;0.00489742;90
-128.508;0.00602927;90
-122.906;0.00577802;90
-118.28;0.0064101;90
-115.764;0.00643245;90
-114.84;0.0065202;90
-126.61;0.00563586;90
-139.25;0.00480882;90
-144.322;0.00446997;90
-138.986;0.00507587;90
-133.373;0.00552756;90
-136.561;0.00532154;90
-137.13;0.00479467;90
-156.541;0.00455664;90
-172.82;0.0038643;90
-170.159;0.00373292;90
-164.556;0.0035336;90
-167.43;0.00347837;90
174.067;0.00297996;90
147.723;0.00332949;90
142.714;0.00358209;90
151.63;0.00413117;90
149.816;0.00362787;90
148.921;0.00315369;90
131.605;0.00168375;90
115.927;0.0033324;90
112.406;0.00422388;90
111.341;0.00571273;90
112.178;0.00468891;90
112.49;0.00561286;90
123.933;0.00523448;90
128.446;0.00452891;90
128.022;0.00406842;90
127.24;0.00296946;90
142.389;0.00146812;90
161.772;0.00263103;90
-175.691;0.00388599;90
173.958;0.00420838;90
142.831;0.00524187;90
136.531;0.00375891;90
128.142;0.00431666;90
110.409;0.00621409;90
108.524;0.00689314;90
124.182;0.00549284;90
128.095;0.00508136;90
130.714;0.00534583;90
141.335;0.00487059;90
155.702;0.00374253;90
160.624;0.0035416;90
170.827;0.00313003;90
174.065;0.00337509;90
159.868;0.00338481;90
134.604;0.00470944;90
124.404;0.00571829;90
138.459;0.00433681;90
142.054;0.00366225;90
137.625;0.00166769;90
145.865;0.00139178;90
140.749;0.00187762;90
166.703;0.00174786;90
165.534;0.00152123;90
174.07;0.00075504;90
178.786;0.00127429;90
162.966;0.00311672;90
-171.606;0.00361675;90
-145.77;0.00502914;90
-146.473;0.00390344;90
-146.785;0.00424443;90
-165.295;0.00353374;90
175.653;0.00368059;90
-176.777;0.00385911;90
-166.716;0.00243721;90
-167.243;0.00307491;90
-174.625;0.0035014;90
172.942;0.00284858;90
-174.394;0.000655134;90
170.133;0.0033262;90
-175.086;0.00360726;90
-140.428;0.00238445;90
-107.438;0.00485198;90
-94.002;0.00683467;90
-94.3077;0.00792138;90
-95.5287;0.00827248;90
-102.241;0.00703699;90
-113.09;0.0058442;90
-138.638;0.0044581;90
-141.177;0.00401493;90
-151.586;0.00332676;90
-160.26;0.00374827;90
-161.781;0.0039437;90
-149.312;0.00396183;90
-147.197;0.00433412;90
-139.643;0.00373872;90
-134.325;0.00443952;90
-126.872;0.0053914;90
-118.371;0.00665427;90
-117.805;0.00646778;90
-128.009;0.00550189;90
-153.361;0.00483528;90
-170.524;0.00428851;90
-168.964;0.00381352;90
-156.536;0.0042243;90
-147.019;0.00453003;90
-147.219;0.00414275;90
-150.29;0.00368433;90
-143.029;0.00421181;90
-151.061;0.00284986;90
-125.809;0.0023552;90
-35.6764;0.00129628;90
96.2274;0.00319888;90
91.9994;0.0042706;90
126.15;0.00154432;90
-92.1752;0.00160716;90
-166.092;0.00226747;90
128.748;0.00101935;90
110.573;0.000389864;90
-73.71;0.00084492;90
1.98578;0.00236642;90
65.5485;0.00249805;90
8.09594;0.00118582;90
47.6288;0.00189633;90
23.7199;0.00177494;90
-5.97683;0.00158461;90
14.5111;0.000614606;90
-48.8678;0.000702343;90
-87.152;0.00199246;90
61.6817;0.00176866;90
28.0473;0.000535941;90
-108.66;0.00201597;90
-154.327;0.000574739;90
-107.783;0.00125076;90
-146.322;0.00134348;90
-151.827;0.0035223;90
3.11442;0.00242959;90
34.3648;0.00737164;90
32.8011;0.00412941;90
28.0734;0.00776453;90
9.42109;0.00639627;90
27.2051;0.00776724;90
53.8406;0.00564543;90
62.6519;0.0078538;90
57.328;0.00544802;90
59.9194;0.0060752;90
74.8443;0.00576035;90
80.5363;0.00696378;90
84.706;0.00677389;90
84.3948;0.00438195;90
75.4179;0.00422613;90
52.0039;0.00161791;90
57.7123;0.00318438;90
54.6166;0.00107936;90
58.9633;0.00188717;90
-59.1312;0.00113824;90
-73.2864;0.00152649;90
-133.613;0.0013439;90
-118.637;0.00187997;90
-104.453;0.00126607;90
-139.802;0.000354799;90
-125.566;0.00186368;90
-106.526;0.00113905;90
-96.5616;0.00280034;90
-95.4469;0.00205428;90
-101.409;0.00260345;90
-96.8155;0.00250269;90
-94.6909;0.00261677;90
-78.1239;0.00281833;90
101.409;0.00237085;90
94.7267;0.0016747;90
83.2689;0.00173194;90
83.734;0.00366489;90
78.1126;0.00227683;90
82.6025;0.00349509;90
82.29;0.00275793;90
57.568;0.00179378;90
51.8921;0.00254559;90
32.4618;0.000931556;90
99.441;0.00220689;90
100.578;0.00193386;90
101.88;0.00559586;90
107.065;0.00144146;90
100.906;0.00175469;90
102.966;0.0046085;90
96.4652;0.0036945;90
82.2327;0.00118386;90
52.6472;0.00315631;90
94.7562;0.00578893;90
91.6275;0.00271109;90
-79.6044;0.00152402;90
-87.6046;0.00703415;90
-67.734;0.00283975;90
-57.9434;0.00189729;90
-75.4419;0.00165101;90
-131.519;0.00190988;90
-138.836;0.00149038;90
-81.0023;0.00166246;90
-120.593;0.00113963;90
-91.2132;0.00236153;90
-78.4344;0.0047035;90
-76.6742;0.0023472;90
-67.9833;0.00103767;90
17.66;0.00175364;90
45.498;0.00309159;90
51.8529;0.00221635;90
25.6061;0.00136285;90
47.8193;0.00140885;90
29.1615;0.000572574;90
84.4406;0.000980613;90
68.7304;0.00186075;90
14.8068;0.0032282;90
45.0088;0.0045969;90
68.2065;0.00405911;90
33.3204;0.00154737;90
33.1827;0.0022236;90
30.7828;0.00238967;90
39.5348;0.00208626;90
75.7662;0.00647065;90
81.1261;0.00685202;90
74.8099;0.00850308;90
63.5171;0.00780165;90
72.9144;0.010582;90
75.3777;0.00699558;90
87.1506;0.00965594;90
92.45;0.0102464;90
91.9564;0.0109554;90
91.8849;0.00857364;90
91.0544;0.00912955;90
87.2046;0.00978064;90
89.8761;0.012026;90
90.3411;0.00890216;90
91.8315;0.0086044;90
91.7282;0.00974843;90
84.5396;0.00918468;90
88.2663;0.0102137;90
87.3739;0.00949397;90
87.2555;0.00795713;90
84.9744;0.00918933;90
168.959;0.000835464;90
-64.0206;0.00341287;90
-37.3397;0.00212187;90
10.9864;0.00291747;90
-8.47914;0.00241439;90
-62.5446;0.00192817;90
-79.4631;0.00229673;90
-91.082;0.00386569;90
-85.0031;0.00320317;90
-82.5693;0.00351048;90
-92.3798;0.00423866;90
-96.6848;0.00468183;90
-109.067;0.00472947;90
-110.389;0.00497146;90
-98.5591;0.00530812;90
-109.162;0.0046369;90
-111.377;0.0027298;90
-69.408;0.000932584;90
-34.4643;0.00160101;90
-31.7541;0.00174053;90
-30.4845;0.00168143;90
-79.4608;0.000918495;90
-134.277;0.000840817;90
40.3589;0.000384513;90
125.161;0.00374907;90
152.442;0.00136823;90
153.631;0.00143422;90
68.6991;0.00076528;90
68.1503;0.00484721;90
78.5997;0.00534751;90
74.1379;0.0150189;90
90.5752;0.00348618;90
89.6295;0.00417509;90
102.286;0.00202539;90
91.4286;0.00365013;90
90.6573;0.00366124;90
114.352;0.00221178;90
116.653;0.00175218;90
-177.098;0.00278457;90
-179.214;0.00357034;90
-99.4394;0.00903027;90
-92.2295;0.00655496;90
-93.3814;0.0106135;90
-93.9479;0.0080902;90
-91.7769;0.00909437;90
-87.909;0.00887991;90
-88.5343;0.00953912;90
-89.1439;0.0071618;90
-90.9511;0.0107835;90
-92.1887;0.00890249;90
-90.2083;0.00935306;90
-87.8894;0.00912319;90
-88.4281;0.00944155;90
-88.2643;0.0188847;90
-98.4924;0.018696;90
-118.726;0.0150183;90
-102.409;0.0101542;90
-91.914;0.00754521;90
-91.121;0.00776949;90
-93.5734;0.00722004;90
-90.5342;0.00622127;90
-79.2358;0.00306798;90
-75.0101;0.00132613;90
-16.6423;0.00144555;90
79.5749;0.00179056;90
122.659;0.00103219;90
-75.2125;0.00271906;90
158.421;0.00234646;90
155.957;0.00166659;90
-126.483;0.00100742;90
76.2467;0.00407586;90
85.8613;0.00777327;90
86.7297;0.00762542;90
91.7952;0.00437315;90
79.9955;0.00192832;90
23.328;0.00203539;90
12.0812;0.0029575;90
-4.76129;0.00605991;90
-5.35361;0.00322607;90
9.1799;0.00623688;90
4.21994;0.0127335;90
32.1838;0.00782897;90
33.4096;0.00470197;90
11.3618;0.00628415;90
-13.8321;0.00245108;90
-12.9626;0.00227805;90
-18.6124;0.00316451;90
-33.4382;0.00157703;90
-39.9457;0.0036118;90
-39.6216;0.00458669;90
-50.7546;0.00531737;90
-52.2714;0.00521799;90
-31.6519;0.00405521;90
-8.26605;0.00387425;90
-9.94172;0.00455845;90
-21.5336;0.0045689;90
-30.3508;0.0048091;90
-46.053;0.00580986;90
-52.2505;0.00588849;90
-55.4576;0.00626437;90
-72.2817;0.0102649;90
-61.6724;0.00577223;90
-41.4725;0.00481533;90
-38.6779;0.00495086;90
-11.9082;0.00422594;90
5.04899;0.00385195;90
-14.5469;0.00312932;90
-33.7358;0.00139008;90
-53.1641;0.003366;90
-52.7471;0.00403909;90
-52.0742;0.00474261;90
-57.7316;0.00526517;90
-65.3294;0.00585767;90
-69.2749;0.00606978;90
-68.0309;0.00608916;90
-64.0992;0.00570951;90
-35.8989;0.00413059;90
-31.22;0.00383543;90
-24.2405;0.00347324;90
-38.5479;0.00383845;90
-36.788;0.0039158;90
1.23873;0.00337679;90
14.4997;0.00377834;90
13.3266;0.00430801;90
8.64781;0.00416333;90
14.1297;0.00475589;90
38.6733;0.00463289;90
42.7618;0.00537741;90
46.1867;0.00556542;90
44.9616;0.00527714;90
36.4224;0.00517236;90
37.5566;0.00523998;90
53.1951;0.006171;90
64.1152;0.00651681;90
63.2881;0.00645823;90
63.6103;0.00584511;90
59.0668;0.00579528;90
50.2877;0.00503339;90
47.675;0.0048787;90
47.41;0.00504472;90
48.3986;0.00518868;90
41.0895;0.00469693;90
38.3466;0.00457112;90
38.8252;0.00449001;90
43.3653;0.00483363;90
58.2524;0.00546583;90
57.1882;0.00539232;90
36.0755;0.00385157;90
2.98187;0.00292196;90
-17.7156;0.00375297;90
-34.1752;0.00468378;90
-48.9506;0.00540878;90
-55.0278;0.00567711;90
-36.9694;0.00437821;90
-32.3446;0.0046186;90
-45.1621;0.00524746;90
-53.6493;0.0048336;90
-60.3169;0.00574715;90
-54.3063;0.00546575;90
-29.3989;0.00439612;90
2.66019;0.00379209;90
22.201;0.00311493;90
-1.4222;0.00318298;90
-18.8922;0.00376481;90
15.4723;0.00360982;90
38.935;0.00412928;90
32.6708;0.00336784;90
-34.2213;0.00406835;90
-59.7846;0.00563335;90
-60.7943;0.0044554;90
-47.2997;0.00426446;90
-52.9948;0.00491121;90
-68.99;0.0062784;90
-69.2438;0.00676935;90
-69.8211;0.00707634;90
-70.658;0.00729154;90
-77.7416;0.00799734;90
-65.013;0.00740509;90
-74.9215;0.00574686;90
-79.8826;0.00749149;90
-66.2115;0.0065549;90
-54.1551;0.00567971;90
-45.6717;0.00488574;90
-52.4051;0.00491579;90
-25.5098;0.00286534;90
26.1333;0.00338282;90
5.7434;0.0031277;90
-4.90983;0.00364538;90
-10.395;0.00352485;90
-17.1134;0.00356484;90
-20.3153;0.00331522;90
-15.9315;0.00339542;90
-15.8225;0.00307345;90
16.7429;0.00326648;90
39.7141;0.00320835;90
35.4905;0.00296606;90
40.5063;0.00130863;90
38.4356;0.00247412;90
48.8434;0.003861;90
58.7686;0.00411189;90
57.2758;0.00406403;90
58.5721;0.00493263;90
61.8192;0.00572572;90
59.2551;0.00552212;90
29.0332;0.004154;90
42.7344;0.00466843;90
35.0826;0.00440534;90
18.5428;0.00403128;90
15.8959;0.00413304;90
-13.1683;0.00445104;90
18.5277;0.00410369;90
50.1823;0.00545642;90
41.7811;0.00477272;90
2.31245;0.00408933;90
14.2656;0.00417989;90
24.3364;0.00423205;90
13.9621;0.00412384;90
-8.42276;0.003987;90
11.0719;0.00424909;90
23.2594;0.0045759;90
12.1791;0.00446039;90
17.5875;0.00436189;90
3.67399;0.0041355;90
1.48705;0.00362222;90
2.37336;0.00379125;90
-21.6898;0.00352562;90
-39.4043;0.00431482;90
-51.5386;0.00545831;90
-38.9148;0.00470259;90
-55.8605;0.00579818;90
-55.0832;0.00555743;90
-66.633;0.00678988;90
-71.001;0.00668095;90
-60.3018;0.00624304;90
-46.9732;0.00470293;90
-47.8877;0.00480028;90
-76.6994;0.007046;90
-61.9281;0.00610524;90
-72.7401;0.00696986;90
-72.6901;0.00860052;90
-65.9896;0.00473578;90
-64.5354;0.00584482;90
-58.9044;0.00588808;90
-53.6698;0.00556345;90
-15.8187;0.0039766;90
-9.39171;0.00400164;90
-17.3082;0.00395614;90
-55.9043;0.00579759;90
-63.397;0.00607406;90
-72.8679;0.00617499;90
-60.1927;0.00523452;90
-53.5177;0.00505572;90
-55.5275;0.00450875;90
-54.0335;0.00408471;90
-54.0645;0.00366689;90
-53.9332;0.00395259;90
-39.2972;0.00258312;90
-23.526;0.00307892;90
-4.51822;0.00319894;90
20.9526;0.00436246;90
18.2358;0.00391144;90
15.5491;0.0039319;90
12.8502;0.00398377;90
7.17046;0.00390958;90
-12.3248;0.0041742;90
-3.88067;0.00360527;90
3.50846;0.00379111;90
3.27408;0.00364194;90
18.1967;0.00395478;90
37.2622;0.00493672;90
-14.4498;0.00376304;90
-29.0409;0.00447229;90
-26.8185;0.00434651;90
-6.79035;0.00394971;90
0;0.00391;90
3.89396;0.00357826;90
-1.57226;0.00404552;90
-12.4071;0.00398405;90
-4.31891;0.00374463;90
-1.52026;0.00399541;90
10.3808;0.00418449;90
9.16769;0.00444376;90
-20.5444;0.0040378;90
-27.1126;0.00402421;90
-43.3233;0.00507496;90
-57.3323;0.00617119;90
-58.7829;0.00705792;90
-57.7071;0.00561912;90
-57.2659;0.00596774;90
-53.3852;0.00579446;90
-37.5092;0.00517992;90
-33.2173;0.00470596;90
-33.4529;0.00388571;90
-41.2264;0.00426532;90
-42.8273;0.00458818;90
-42.533;0.00453393;90
-42.0753;0.00396355;90
-16.0383;0.00296438;90
56.4565;0.00433611;90
61.5088;0.0049096;90
47.4397;0.00423587;90
48.0938;0.00467726;90
29.9062;0.00392113;90
13.9234;0.00369455;90
11.0405;0.0034203;90
-6.0231;0.0025541;90
-0.272599;0.00231203;90
22.3838;0.00255771;90
5.93694;0.00191427;90
59.8468;0.00351573;90
88.2494;0.00523744;90
86.4995;0.00494623;90
65.1113;0.00380652;90
44.7446;0.00269622;90
43.2013;0.00272583;90
65.1659;0.00359769;90
77.459;0.00458233;90
89.5588;0.00545416;90
98.124;0.00534262;90
107.91;0.00520944;90
62.3322;0.00543778;90
51.6162;0.00560936;90
56.5008;0.00582688;90
70.5174;0.00702206;90
68.7486;0.0069249;90
68.2178;0.00718715;90
71.0662;0.00726403;90
79.1724;0.00761762;90
76.2432;0.00691332;90
77.9781;0.00686558;90
74.2483;0.00589019;90
57.7306;0.00492226;90
50.751;0.00508779;90
27.8438;0.0042885;90
50.2114;0.00519254;90
54.632;0.00541786;90
54.1191;0.00549222;90
54.3184;0.00532334;90
56.7063;0.00573296;90
58.1653;0.00576525;90
68.1194;0.00671364;90
84.6403;0.00636985;90
95.2617;0.00532142;90
116.253;0.00434743;90
116.547;0.00436078;90
97.6684;0.00477369;90
82.9414;0.00502912;90
75.5383;0.00375601;90
76.0647;0.00261599;90
-3.76519;0.00194921;90
-1.03551;0.00221336;90
17.6016;0.00245703;90
16.5996;0.00275481;90
15.4134;0.00282563;90
19.6654;0.00166406;90
36.1695;0.00219256;90
48.6619;0.00212566;90
41.0856;0.00198878;90
34.1524;0.00233703;90
67.0063;0.00319484;90
87.1995;0.00374547;90
4.95076;0.000915415;90
-50.0733;0.00315048;90
26.1082;0.0024678;90
53.4414;0.00349705;90
24.2993;0.0025905;90
25.9254;0.00404619;90
40.5914;0.00440629;90
32.2557;0.00395542;90
42.1599;0.00426697;90
41.4762;0.00447525;90
31.6752;0.00388114;90
-1.05936;0.00340758;90
42.248;0.00434452;90
25.2276;0.00390882;90
26.5844;0.00396634;90
32.5551;0.00403263;90
35.606;0.00428884;90
25.6016;0.00388326;90
30.6415;0.00399478;90
18.8849;0.00362408;90
24.7262;0.00310795;90
22.9019;0.00329689;90
20.5101;0.00350199;90
17.9293;0.00344006;90
8.18825;0.00362293;90
7.51333;0.00367858;90
18.1146;0.00356363;90
17.4973;0.00376836;90
18.6312;0.003969;90
-2.7177;0.00379627;90
-26.6139;0.00419442;90
-28.1178;0.00439012;90
2.19933;0.00403898;90
41.5482;0.0051323;90
48.7211;0.00527341;90
33.1154;0.00464557;90
15.2679;0.00431013;90
2.66391;0.00441077;90
36.8745;0.0049828;90
58.1467;0.00655049;90
60.5454;0.00660928;90
67.1412;0.00686298;90
69.5116;0.00713963;90
63.4005;0.00668674;90
65.938;0.00660494;90
68.8881;0.00712955;90
61.7121;0.00635152;90
42.6058;0.00572125;90
53.0913;0.0050188;90
37.7959;0.00476462;90
47.7968;0.00530396;90
55.7697;0.00582378;90
50.3589;0.00606449;90
45.743;0.00496219;90
31.636;0.00473574;90
10.2757;0.0043894;90
6.37336;0.00438711;90
-6.08087;0.00446512;90
-13.1155;0.00451272;90
-14.2206;0.00437197;90
-23.1637;0.0045302;90
-25.4411;0.00465102;90
1.86527;0.00439333;90
41.6369;0.00570132;90
33.86;0.00476878;90
-15.5247;0.0048458;90
-52.6222;0.00573083;90
-58.0131;0.00753977;90
-17.0602;0.00456068;90
4.1767;0.00475062;90
6.37964;0.00449081;90
19.1591;0.00460401;90
34.1052;0.00497579;90
34.2124;0.0051115;90
32.8423;0.00494902;90
52.2018;0.00602399;90
63.3856;0.00623461;90
62.4417;0.00559817;90
54.4974;0.00531391;90
64.6832;0.00640517;90
74.5637;0.00765307;90
66.8771;0.00706127;90
52.3791;0.0058745;90
37.2863;0.00517334;90
20.251;0.00476985;90
34.9105;0.00506556;90
55.226;0.00579127;90
67.8163;0.00690189;90
72.9261;0.00745559;90
62.8981;0.00634803;90
47.8608;0.00501539;90
47.172;0.00453369;90
50.4121;0.00326868;90
52.8869;0.00164901;90
54.7689;0.0024546;90
61.7157;0.00211672;90
59.2114;0.00330942;90
64.9543;0.00264799;90
74.2374;0.00396095;90
17.6058;0.000895967;90
-62.7359;0.0042153;90
-68.2341;0.00299341;90
-69.2312;0.00271011;90
-56.5442;0.00379834;90
-40.3894;0.00343067;90
-62.19;0.00430187;90
-64.4552;0.00296371;90
-57.0948;0.00504187;90
-55.7273;0.00302771;90
-58.6905;0.00355231;90
-45.6469;0.00407107;90
-47.6034;0.00225729;90
-43.0012;0.00409523;90
-54.4734;0.00481172;90
-62.9641;0.00582336;90
-64.7213;0.00589666;90
-65.7818;0.00575555;90
-66.5465;0.00593209;90
-67.3204;0.00604546;90
-65.5921;0.0059168;90
-79.0253;0.00623503;90
-85.5048;0.0070557;90
-84.9703;0.00695779;90
-86.8891;0.00788662;90
-85.9439;0.006786;90
-78.1038;0.00705349;90
-71.9446;0.00558502;90
-73.6412;0.00662521;90
-74.1467;0.0064098;90
-62.1337;0.00500203;90
-50.0778;0.00452983;90
-41.0082;0.00430683;90
-65.38;0.0055209;90
-73.5118;0.00553876;90
-77.6987;0.00639277;90
-80.4779;0.00866843;90
-87.6452;0.00873738;90
-91.4771;0.00845681;90
-96.7489;0.00736906;90
-96.9266;0.00784425;90
-83.4763;0.00541305;90
-85.6173;0.00908156;90
-93.2008;0.00574897;90
-92.4268;0.00566808;90
-95.0691;0.00591915;90
-94.0952;0.00639934;90
-90.4831;0.00723526;90
-87.6418;0.00721811;90
-82.2997;0.00680638;90
-74.0009;0.00659963;90
-74.3747;0.00678682;90
-72.6912;0.00574412;90
-68.5469;0.00565156;90
-67.6834;0.00367636;90
-54.4842;0.00334293;90
-43.1161;0.00503308;90
-25.9255;0.00448762;90
-24.243;0.00445925;90
-34.786;0.00510418;90
-74.7415;0.00743614;90
-77.0582;0.00707266;90
-72.5283;0.00778726;90
-65.8348;0.00723063;90
-63.9127;0.00675853;90
-51.0541;0.00569214;90
-60.3473;0.0056292;90
-65.7201;0.00670728;90
-76.8346;0.00746829;90
-75.3054;0.00774637;90
-53.0408;0.00589941;90
-19.3238;0.00440305;90
18.7897;0.00429066;90
36.2042;0.00421728;90
26.8227;0.00407773;90
10.8997;0.00427309;90
9.54357;0.00417377;90
7.38159;0.00401628;90
0.0993732;0.00403601;90
1.58499;0.00336229;90
33.9715;0.004687;90
58.5232;0.00551562;90
61.4959;0.00580234;90
61.0005;0.00585394;90
52.9442;0.00511623;90
43.2;0.00438976;90
42.4198;0.004351;90
42.0232;0.00426183;90
18.7752;0.00346117;90
-17.5633;0.00320123;90
-39.9394;0.0033428;90
12.5441;0.00122013;90
-7.0713;0.000926044;90
12.5201;0.00143001;90
44.0179;0.00148514;90
14.5551;0.00249094;90
13.0506;0.00260837;90
79.1394;0.00520116;90
88.6704;0.00361997;90
163.751;0.00191552;90
91.0609;0.00205235;90
141.15;0.00541223;90
-92.5571;0.00674672;90
-92.4832;0.00512381;90
-79.7734;0.0029458;90
-79.7488;0.00124182;90
-172.753;0.00397173;90
-147.363;0.00119225;90
-136.096;0.00188478;90
110.223;0.00322267;90
163.353;0.00317299;90
-159.206;0.00365616;90
-136.979;0.00489398;90
-137.487;0.00501953;90
-135.363;0.00491166;90
-120.986;0.00586028;90
-119.036;0.00606762;90
-119.231;0.00600005;90
-131.096;0.00478762;90
-168.393;0.00401102;90
-178.61;0.00404119;90
-177.879;0.00343135;90
-173.987;0.00380896;90
-168.36;0.00511009;90
-158.708;0.00296864;90
-149.056;0.00408201;90
-146.175;0.00449114;90
-176.854;0.00409918;90
150.831;0.00435992;90
118.943;0.006133;90
102.139;0.00689519;90
103.102;0.00398782;90
106.901;0.00320232;90
111.787;0.00296908;90
115.836;0.00513085;90
124.633;0.00493916;90
128.664;0.00481796;90
114.999;0.00613806;90
114.922;0.00614635;90
108.347;0.00699244;90
105.549;0.00701682;90
101.538;0.00762917;90
128.701;0.00501396;90
153.815;0.00451875;90
156.628;0.00424752;90
145.602;0.00469257;90
134.417;0.00403355;90
126.274;0.00105806;90
112.073;0.00254665;90
111.917;0.00498853;90
108.922;0.00624446;90
105.916;0.00643988;90
106.204;0.0067012;90
101.205;0.00708608;90
92.6644;0.00770133;90
91.632;0.00709288;90
85.149;0.0044108;90
86.9274;0.00498116;90
84.4126;0.00569003;90
87.2908;0.00653731;90
87.8191;0.00659578;90
96.0577;0.00689852;90
94.5325;0.00739011;90
81.8654;0.00722267;90
84.4722;0.00701764;90
88.2205;0.00759967;90
92.7755;0.00786823;90
99.7558;0.00725289;90
100.826;0.00726734;90
104.823;0.00660584;90
116.962;0.00535954;90
138.843;0.00425149;90
131.322;0.004442;90
118.641;0.00354247;90
109.565;0.00503469;90
103.781;0.00643526;90
109.666;0.00543183;90
102.521;0.00745839;90
101.952;0.00562084;90
91.0319;0.0073852;90
95.2033;0.00643954;90
82.5964;0.00329043;90
37.5577;0.00353205;90
74.6639;0.00657514;90
85.7181;0.00771453;90
78.132;0.00757083;90
80.632;0.0076855;90
68.3712;0.00573263;90
37.1309;0.00351204;90
-20.7884;0.00320356;90
10.9095;0.00289023;90
77.3312;0.00603698;90
96.1195;0.00605048;90
81.0049;0.00663257;90
90.1562;0.00696803;90
104.965;0.00577383;90
102.004;0.00610652;90
82.3106;0.00627038;90
58.6731;0.00476227;90
34.1776;0.00368307;90
55.6409;0.00596232;90
54.8088;0.00563242;90
62.6617;0.00619716;90
74.2771;0.00725132;90
76.4875;0.00610294;90
69.4156;0.00354962;90
37.9617;0.0027815;90
47.6774;0.00378432;90
65.0099;0.00515787;90
71.5135;0.00456981;90
60.2609;0.00371534;90
72.1201;0.00571292;90
80.3817;0.00694259;90
72.6476;0.00629342;90
77.2989;0.0058809;90
86.9826;0.00659214;90
80.9961;0.00534182;90
53.2679;0.00448941;90
41.8649;0.00407267;90
53.671;0.00430099;90
69.1662;0.00519037;90
77.376;0.00619988;90
84.921;0.0062917;90
80.542;0.00647502;90
79.2765;0.00616974;90
80.0169;0.00640295;90
92.0225;0.00614883;90
96.571;0.00600344;90
91.5656;0.00486782;90
78.8634;0.00524986;90
92.698;0.00509865;90
90.3659;0.00532411;90
86.6992;0.00496724;90
81.7803;0.00551869;90
79.3287;0.00552454;90
87.0915;0.00534088;90
86.6673;0.00399075;90
91.323;0.003768;90
91.5149;0.00363127;90
93.1062;0.00280512;90
109.727;0.00286196;90
73.126;0.00276296;90
74.378;0.00294478;90
86.7207;0.000926517;90
70.0965;0.00344264;90
90.9011;0.00317939;90
86.9775;0.00802216;90
98.5389;0.00243802;90
104.139;0.00256264;90
101.099;0.00485175;90
102.17;0.0102084;90
101.35;0.00666638;90
101.123;0.0033591;90
81.8583;0.00904517;90
96.8325;0.00772486;90
106.085;0.00590831;90
130.478;0.00407147;90
130.592;0.0035056;90
114.3;0.00472896;90
103.167;0.00492137;90
94.7829;0.00420966;90
92.6679;0.0037811;90
85.743;0.00328707;90
80.6564;0.00611007;90
80.0074;0.00646609;90
83.9395;0.00646916;90
85.8449;0.00552051;90
88.6989;0.00924838;90
113.95;0.00592952;90
116.109;0.00449017;90
106.054;0.00538083;90
101.394;0.00604411;90
97.1232;0.00799974;90
95.7901;0.00767214;90
98.2394;0.00756408;90
101.298;0.00727905;90
100.692;0.00750835;90
99.9587;0.00774266;90
96.1398;0.00830262;90
92.0997;0.00802439;90
90.9344;0.00840112;90
96.5591;0.00794903;90
106.711;0.00810637;90
93.8767;0.0086969;90
93.0584;0.0102897;90
105.324;0.00756393;90
106.466;0.00795213;90
100.866;0.00848208;90
96.1923;0.00813044;90
93.2945;0.00803929;90
92.1119;0.00713685;90
90.2725;0.00798909;90
90.0494;0.009271;90
89.1155;0.00790294;90
80.551;0.00846079;90
78.5393;0.00886781;90
95.0586;0.0231813;90
102.948;0.00357489;90
103.053;0.00858072;90
104.607;0.0087436;90
105.507;0.00696452;90
102.103;0.0079313;90
96.8472;0.00828711;90
93.4153;0.00825867;90
91.2918;0.00811706;90
91.1203;0.0078255;90
92.6769;0.00832909;90
94.9189;0.00849027;90
94.8214;0.00839972;90
90.2401;0.00811207;90
89.4803;0.00959239;90
94.697;0.0084263;90
101.835;0.00851807;90
105.441;0.00649026;90
105.055;0.00887044;90
104.398;0.00722698;90
101.382;0.00701802;90
98.754;0.00781908;90
96.3655;0.00750426;90
95.5416;0.00718659;90
94.7516;0.00713452;90
95.0142;0.00659022;90
93.9785;0.00704798;90
85.6055;0.00726937;90
82.7664;0.00654408;90
80.5883;0.00706916;90
84.486;0.00719128;90
88.4355;0.00710565;90
100.041;0.0066072;90
97.5462;0.00688362;90
91.3301;0.00641873;90
91.0384;0.00673211;90
90.706;0.00649249;90
90.8457;0.00616567;90
90.2053;0.00530203;90
89.9097;0.00444001;90
91.2681;0.00411201;90
90.6348;0.00415225;90
91.2754;0.00426806;90
90.995;0.0039736;90
88.1707;0.00322664;90
81.6189;0.00329317;90
78.1247;0.00443185;90
65.0661;0.00375499;90
67.0619;0.00407199;90
62.1595;0.00472151;90
48.784;0.0046608;90
48.9928;0.00401125;90
47.3911;0.00454217;90
55.2046;0.00484538;90
82.5551;0.00677612;90
88.7275;0.00720478;90
87.066;0.00722848;90
81.4442;0.00702417;90
81.6501;0.0105084;90
85.6245;0.00680283;90
91.4692;0.00713735;90
89.0515;0.00664491;90
78.6363;0.00668403;90
78.4317;0.0065225;90
78.3593;0.0076769;90
79.0154;0.00618227;90
86.0196;0.00671319;90
90.3675;0.00654813;90
89.2689;0.00713158;90
89.3197;0.00808557;90
90.6766;0.00779054;90
91.9924;0.00690317;90
93.529;0.00755432;90
93.1906;0.00734839;90
93.0788;0.00752186;90
93.8527;0.00760519;90
90.602;0.00761442;90
88.7452;0.00853905;90
88.117;0.00928201;90
87.9789;0.00864838;90
80.5972;0.00854481;90
68.1356;0.00742726;90
45.5414;0.00546264;90
32.3345;0.0048536;90
44.5743;0.00542437;90
65.8418;0.00755026;90
83.1797;0.00909436;90
78.2536;0.00852247;90
59.3099;0.00642835;90
56.3323;0.0064054;90
64.2315;0.00633718;90
56.8743;0.00582824;90
59.2055;0.0064458;90
77.2363;0.00838725;90
84.3385;0.00870747;90
79.0515;0.00873499;90
88.2803;0.00826372;90
95.5788;0.00843495;90
95.5345;0.00822233;90
91.0635;0.00905156;90
89.4069;0.00811443;90
80.5377;0.00860711;90
75.4225;0.00839526;90
75.4965;0.00868476;90
75.8369;0.00777741;90
77.3685;0.00840954;90
83.0648;0.00827353;90
83.2243;0.00844196;90
80.468;0.00838172;90
73.7332;0.00763984;90
72.4227;0.00766907;90
80.7375;0.00843701;90
84.617;0.0102864;90
89.8;0.00773605;90
93.1791;0.00887165;90
93.6045;0.00862105;90
82.6645;0.00881111;90
74.8636;0.00829892;90
78.974;0.00953705;90
91.1894;0.00958707;90
95.8216;0.00955327;90
98.6111;0.00945053;90
100.239;0.00935598;90
99.1163;0.00982713;90
97.6307;0.0097675;90
94.0078;0.00975786;90
94.3701;0.00951466;90
89.752;0.00970409;90
83.3979;0.00978489;90
83.4102;0.00950681;90
85.2046;0.00972504;90
89.8714;0.01025;90
90.4516;0.0102773;90
89.8515;0.010416;90
87.5413;0.0103265;90
84.0157;0.0100618;90
83.631;0.0101054;90
79.2456;0.00950698;90
73.6229;0.00907938;90
60.1537;0.00764154;90
52.5327;0.00617614;90
57.4874;0.00711276;90
73.5047;0.00898792;90
84.0713;0.00967173;90
69.7828;0.00849008;90
56.4325;0.00700283;90
66.1376;0.00813761;90
68.3723;0.00845419;90
67.7769;0.00734241;90
69.8713;0.00706129;90
75.4966;0.00615721;90
75.9811;0.00561834;90
112.428;0.00203924;90
-66.892;0.00431631;90
-43.4545;0.00500743;90
-23.478;0.00465868;90
-13.0468;0.0046911;90
-19.8061;0.004784;90
-6.17222;0.0045202;90
8.05793;0.00471556;90
9.23909;0.00468376;90
-0.13987;0.00450601;90
-20.6925;0.00486483;90
-37.8277;0.00531234;90
-41.9313;0.00616845;90
-26.92;0.00527007;90
-0.767926;0.00455141;90
28.5684;0.00488701;90
38.3437;0.00534997;90
16.8487;0.00477497;90
-3.31075;0.00495227;90
-10.7167;0.0046786;90
-4.19673;0.00448202;90
-10.0559;0.00415787;90
-25.9934;0.00389945;90
-40.195;0.00438959;90
-29.1358;0.00500533;90
-6.91625;0.00479993;90
16.7977;0.0046264;90
38.9291;0.00551596;90
46.0549;0.00599162;90
24.7237;0.00513577;90
-3.44601;0.00499102;90
-8.08551;0.00490577;90
2.22166;0.00531399;90
15.5928;0.00473216;90
13.4189;0.00492958;90
-1.26704;0.00488419;90
-15.415;0.00502995;90
-26.967;0.00548208;90
-32.2644;0.00499413;90
-21.7909;0.00507784;90
-25.9814;0.00509269;90
-39.0601;0.00567815;90
-45.8111;0.00599404;90
-40.1069;0.00576981;90
-38.4217;0.00556124;90
-45.5867;0.00607719;90
-44.2281;0.00593104;90
-33.2959;0.00540291;90
-25.3612;0.00508728;90
-39.2432;0.00575233;90
-48.5487;0.00639744;90
-55.9033;0.00715138;90
-63.7407;0.00779326;90
-57.6681;0.00738375;90
-28.9492;0.00527856;90
-7.30275;0.00483825;90
-4.13242;0.0048847;90
-17.6793;0.00433997;90
-29.9608;0.00421299;90
-12.0694;0.00378773;90
20.7919;0.00432143;90
38.6828;0.00583512;90
44.3611;0.0061515;90
49.5257;0.0061654;90
56.2129;0.0062218;90
43.529;0.00468259;90
21.2906;0.00377032;90
16.2134;0.003671;90
-31.3301;0.0045599;90
-44.5913;0.00644403;90
-41.3586;0.0059007;90
-36.1494;0.00524841;90
-36.4586;0.00509893;90
-46.1242;0.00551437;90
-50.0478;0.00685512;90
-58.4045;0.00811958;90
-56.8085;0.00809588;90
-45.6146;0.0060645;90
-44.2399;0.00575636;90
-39.5471;0.00550641;90
-29.5066;0.00522005;90
-33.1466;0.00497089;90
-17.6763;0.00408381;90
-11.915;0.00369562;90
-14.2423;0.0044508;90
-41.7593;0.00469067;90
-42.7129;0.00458924;90
-44.2609;0.00471397;90
-35.9126;0.00444122;90
-35.9973;0.00489837;90
-17.4186;0.0049741;90
26.9198;0.00440648;90
30.3126;0.00396856;90
26.1569;0.00389265;90
14.2827;0.00366426;90
-10.147;0.00370089;90
17.8921;0.00380502;90
44.8507;0.00488471;90
42.0176;0.00588473;90
22.6852;0.0047917;90
47.2625;0.00634062;90
48.9666;0.00657275;90
52.9897;0.00693902;90
60.0507;0.00803031;90
60.22;0.00687376;90
58.3389;0.00784921;90
38.1757;0.00628403;90
11.8273;0.00519121;90
8.94036;0.00480032;90
25.4845;0.00464827;90
46.9936;0.00477657;90
48.2592;0.00509942;90
47.0987;0.0058892;90
35.8576;0.00620377;90
19.5245;0.00488913;90
0.49377;0.00336512;90
-0.128935;0.00355501;90
10.1533;0.00358515;90
40.7406;0.00428417;90
53.4732;0.00664652;90
44.0198;0.00615909;90
8.35085;0.00521226;90
-15.6187;0.00554163;90
-1.92188;0.00494978;90
10.8495;0.00534453;90
9.62173;0.00525898;90
4.87519;0.00477728;90
-14.0637;0.00505347;90
-20.1047;0.00607732;90
-42.2449;0.00588427;90
-41.7302;0.00644658;90
-38.9842;0.00620723;90
-12.2589;0.00538785;90
13.593;0.00595685;90
3.90386;0.00462674;90
-1.24701;0.00528425;90
12.6619;0.00588512;90
-0.455207;0.00465715;90
-33.0847;0.00572288;90
-34.8526;0.00596009;90
-18.1602;0.00527474;90
8.88804;0.00503547;90
-10.5888;0.00490859;90
-31.0853;0.00565741;90
-8.79367;0.00522644;90
26.3324;0.00506563;90
52.4645;0.00674926;90
30.1191;0.00552611;90
17.1993;0.00510321;90
8.72233;0.00511718;90
-32.9159;0.00582988;90
-49.2333;0.00717479;90
-48.5495;0.00696705;90
-40.2072;0.00611878;90
-3.95553;0.00514626;90
25.6905;0.00559619;90
-19.6999;0.00527154;90
-24.385;0.00546667;90
-16.6181;0.00520646;90
-29.583;0.00548732;90
-47.1319;0.00638677;90
-57.0568;0.00768103;90
-47.2634;0.00678574;90
-25.2419;0.00546149;90
-2.66119;0.00514755;90
0.910967;0.00515765;90
-6.74464;0.00519394;90
19.4196;0.00559426;90
-5.5496;0.00517023;90
-36.4064;0.00595779;90
-35.026;0.00607895;90
-21.5917;0.00553004;90
5.14994;0.00524718;90
35.4129;0.00597793;90
30.8744;0.00571948;90
16.7622;0.005319;90
-0.379437;0.00513411;90
-22.7916;0.00561979;90
-20.8563;0.00553893;90
4.78053;0.00535162;90
13.7494;0.00537708;90
-10.47;0.00524432;90
-24.2776;0.00555748;90
-22.7605;0.00554694;90
-9.17057;0.0051012;90
6.32523;0.00507389;90
15.4387;0.00517265;90
3.02177;0.00502699;90
-15.1596;0.00541856;90
-34.2718;0.00628286;90
-43.3613;0.00645357;90
-37.3751;0.00628304;90
-25.9353;0.00557441;90
27.2169;0.00570011;90
47.5917;0.00709954;90
13.2172;0.00549763;90
-31.7891;0.00603652;90
-25.4825;0.00565737;90
2.41875;0.00530773;90
11.2559;0.00541006;90
6.65425;0.00541951;90
-0.615479;0.00530631;90
33.92;0.00601217;90
58.4875;0.0080584;90
62.5544;0.00873064;90
43.5583;0.00688586;90
27.5375;0.00590273;90
58.3897;0.00810091;90
42.9014;0.00654584;90
14.437;0.00527043;90
-7.41977;0.00530442;90
-20.834;0.0056205;90
2.58021;0.00535343;90
29.7565;0.00673161;90
8.08722;0.00585725;90
-7.07203;0.0052308;90
19.6356;0.00528216;90
20.6326;0.00534375;90
26.2525;0.00565644;90
51.4302;0.00735564;90
44.7998;0.00667725;90
36.1049;0.00614155;90
42.4638;0.00656768;90
64.9252;0.00861491;90
61.5673;0.00802728;90
27.7152;0.00548081;90
-18.49;0.00560008;90
-35.5923;0.00634178;90
-33.0192;0.00561367;90
15.5524;0.00390498;90
14.3493;0.000976463;90
-93.3838;0.00369344;90
-75.6734;0.00181856;90
89.3925;0.00150908;90
-85.0259;0.000565128;90
-106.854;0.00152448;90
91.2273;0.00462206;90
75.3161;0.00175947;90
22.1275;0.00293626;90
61.0101;0.00748367;90
57.7968;0.00700101;90
16.5865;0.00438235;90
21.62;0.00516217;90
40.8239;0.00644755;90
49.0329;0.0046551;90
37.1988;0.0058189;90
25.3048;0.00605942;90
54.8581;0.00720288;90
48.9309;0.00761224;90
32.3147;0.00483006;90
43.2552;0.00541117;90
58.2412;0.00684723;90
70.3462;0.00728437;90
76.1367;0.00658997;90
76.6858;0.00640927;90
67.2951;0.00658316;90
52.7632;0.00565352;90
48.3621;0.00542578;90
71.3633;0.00790448;90
76.8138;0.00876305;90
76.1093;0.00964301;90
59.8669;0.00675484;90
38.2068;0.00434598;90
56.3584;0.00557585;90
57.9243;0.00691098;90
52.0255;0.00641139;90
18.208;0.00479089;90
14.5006;0.00496826;90
9.37196;0.0085481;90
8.22416;0.00585825;90
30.5951;0.00594341;90
30.3699;0.00552632;90
29.7578;0.0054842;90
30.0647;0.00544335;90
18.7567;0.00523713;90
-15.1332;0.0048647;90
-24.0103;0.00498647;90
-24.9108;0.00518984;90
-14.8479;0.00455406;90
-29.3777;0.00501259;90
-40.0394;0.00574058;90
-41.9124;0.00592071;90
-39.5811;0.00545851;90
-10.7643;0.00455108;90
3.31924;0.00398969;90
-7.7047;0.00337144;90
39.5867;0.00405496;90
66.9451;0.00654473;90
79.0858;0.00783777;90
75.8529;0.00827291;90
39.2806;0.00501644;90
11.2004;0.00389723;90
27.0648;0.00358903;90
23.4553;0.00322334;90
14.0974;0.00363343;90
26.8683;0.00413991;90
37.3841;0.0050366;90
42.3703;0.0051475;90
55.3718;0.00611528;90
67.2678;0.00753317;90
42.3072;0.00495168;90
9.45996;0.00397911;90
14.0051;0.00357012;90
-7.40453;0.00358489;90
-13.6225;0.00379578;90
4.80654;0.00377126;90
11.0153;0.00331813;90
-8.41563;0.00388786;90
-7.97736;0.00424407;90
-6.16066;0.00437024;90
11.4755;0.00393568;90
11.6123;0.00364154;90
-22.2137;0.00361317;90
-40.6797;0.00356688;90
-32.7404;0.00329676;90
31.8179;0.00388831;90
64.843;0.00635146;90
59.8625;0.00530397;90
35.3939;0.0042162;90
20.4202;0.00315848;90
20.0983;0.00386751;90
21.2567;0.00384778;90
20.5092;0.00372191;90
39.4376;0.00380802;90
42.652;0.00395251;90
35.2875;0.00370101;90
30.3881;0.00303842;90
29.6413;0.00295005;90
29.8243;0.00357903;90
1.97366;0.00310684;90
-13.6651;0.00340745;90
-15.8072;0.00307634;90
-13.4957;0.0031109;90
-5.85834;0.0025081;90
23.2538;0.00422741;90
35.9983;0.00478595;90
50.0584;0.00609496;90
51.2931;0.00607672;90
56.8853;0.00687697;90
66.3613;0.0091803;90
62.9894;0.00862701;90
45.1637;0.00569153;90
38.2586;0.00457194;90
37.9204;0.00442914;90
37.6262;0.00436358;90
38.3967;0.00537431;90
50.6933;0.00651489;90
51.4705;0.00638768;90
35.0667;0.00578386;90
38.5747;0.00578156;90
31.8476;0.00542583;90
18.1506;0.00503346;90
26.1399;0.00524328;90
31.7109;0.00530027;90
30.0205;0.00526075;90
33.2259;0.00513558;90
42.688;0.00560909;90
32.0735;0.00534833;90
-3.05889;0.00457251;90
10.5152;0.00465213;90
9.02543;0.00485106;90
-4.91082;0.00459085;90
19.6659;0.00736032;90
57.6071;0.0093724;90
37.4436;0.00581269;90
16.2665;0.00835756;90
1.22624;0.00943916;90
-10.9408;0.00532682;90
-3.98443;0.0049219;90
14.0692;0.00463195;90
25.1645;0.00391563;90
7.3672;0.00346258;90
-12.3883;0.00327219;90
-12.8935;0.00327149;90
-14.6883;0.00343113;90
-14.313;0.00411782;90
-20.5185;0.00482725;90
-44.8059;0.00584356;90
-61.0481;0.00699065;90
-66.2048;0.00747765;90
-59.8062;0.00731319;90
-16.9517;0.00482567;90
-17.0992;0.00478867;90
11.999;0.00468026;90
42.2312;0.00581142;90
18.5735;0.00496985;90
-15.0827;0.00480762;90
-37.6708;0.00553734;90
-36.0812;0.00540471;90
2.23334;0.00479865;90
-17.1396;0.00502203;90
-18.6167;0.00488353;90
37.7973;0.00575815;90
34.1729;0.00526623;90
-7.94157;0.00485658;90
38.2897;0.00568234;90
56.8423;0.00692573;90
47.1498;0.00616395;90
36.517;0.00574731;90
26.0341;0.0052608;90
20.0316;0.00515272;90
9.25117;0.00468392;90
-24.1316;0.0047819;90
-22.9937;0.00477433;90
-32.8547;0.00481281;90
-60.0087;0.00689181;90
-69.0295;0.00527542;90
-62.9975;0.00374865;90
-38.7723;0.0145554;90
-5.95235;0.00476368;90
2.09113;0.00474116;90
18.4244;0.00516685;90
39.8013;0.0051193;90
39.8217;0.00591505;90
20.6378;0.00861377;90
-44.3999;0.00722349;90
-45.7454;0.00875119;90
-6.36352;0.00461041;90
35.6118;0.00593003;90
39.79;0.00613617;90
5.63717;0.00458115;90
-49.9935;0.00715692;90
-55.3016;0.00661915;90
-77.71;0.00986099;90
-71.2239;0.00934849;90
-41.5128;0.00606831;90
26.2074;0.00537338;90
52.1918;0.00685132;90
43.9812;0.00620372;90
50.808;0.00691067;90
61.2044;0.00795122;90
63.6699;0.00806914;90
64.9517;0.00814393;90
63.5061;0.00791748;90
61.4542;0.00756914;90
71.3164;0.00852526;90
76.5014;0.00858105;90
83.0761;0.00816253;90
88.5872;0.00973396;90
86.6074;0.0104433;90
87.2651;0.0107933;90
84.0757;0.0527447;90
48.758;0.00422911;90
66.4285;0.00685933;90
79.357;0.00995729;90
79.6274;0.00847551;90
79.7317;0.00926743;90
85.6344;0.00981347;90
89.2983;0.0093907;90
88.9296;0.00958167;90
79.8853;0.00848995;90
76.3331;0.00854083;90
76.2264;0.00857251;90
76.1989;0.00833359;90
77.5106;0.00851756;90
81.8492;0.00941612;90
82.5458;0.00973527;90
79.0854;0.00906804;90
77.2335;0.00888772;90
81.2955;0.0090988;90
81.1369;0.00886586;90
73.4112;0.00809805;90
72.5262;0.00833251;90
89.2848;0.00921272;90
93.1529;0.00930909;90
81.2848;0.00901509;90
86.95;0.00996111;90
88.9029;0.0101849;90
80.2874;0.00929422;90
83.5596;0.00877236;90
85.1771;0.0086707;90
77.41;0.00812025;90
60.2332;0.0068141;90
60.2241;0.00732165;90
62.191;0.00745726;90
68.5571;0.00857558;90
68.3937;0.00867128;90
72.9445;0.00919541;90
75.1532;0.00872633;90
67.1931;0.00758719;90
64.1287;0.0072029;90
63.7884;0.00811887;90
61.6438;0.00602378;90
58.8862;0.00661455;90
60.1153;0.00701245;90
72.6412;0.00791341;90
75.9844;0.00808056;90
75.9467;0.00813756;90
85.7374;0.00904101;90
97.026;0.0071779;90
99.8206;0.00688895;90
93.3589;0.00708317;90
85.0689;0.00647998;90
72.3631;0.00508607;90
87.0973;0.00631911;90
87.9136;0.0061801;90
72.9843;0.00551544;90
59.7507;0.00988955;90
66.6632;0.00375629;90
64.5949;0.00300455;90
69.7455;0.00362517;90
78.1364;0.00412;90
60.5762;0.00312051;90
53.814;0.00313342;90
48.0682;0.0021534;90
81.4954;0.00335388;90
72.7867;0.0027439;90
133.307;0.00251345;90
78.2411;0.00275277;90
115.763;0.00300244;90
123.278;0.00312193;90
117.927;0.00297213;90
99.3173;0.0024027;90
90.3121;0.00293704;90
75.3578;0.00181184;90
-89.7874;0.00727505;90
-52.1876;0.00321003;90
124.852;0.0008067;90
-77.2971;0.00789012;90
95.2986;0.00408244;90
103.77;0.00120153;90
119.189;0.00219812;90
124.349;0.00200094;90
106.828;0.00162352;90
103.317;0.00264821;90
85.9333;0.00236896;90
-56.8551;0.0144287;90
-80.3997;0.00443714;90
121.573;0.0171356;90
-61.1391;0.00551499;90
121.272;0.00512805;90
79.0316;0.0030273;90
122.447;0.000178933;90
-86.6463;0.00632483;90
-141.227;0.00505879;90
-119.833;0.00338107;90
-133.73;0.00232907;90
-138.332;0.00251802;90
-159.673;0.00213602;90
176.417;0.00249588;90
-179.016;0.00331849;90
165.215;0.0034523;90
-103.308;0.00150748;90
171.23;0.000367294;90
12.5811;0.00463223;90
-10.3359;0.00329954;90
10.0687;0.00327748;90
39.5396;0.00182058;90
37.3853;0.00373535;90
59.5057;0.00293032;90
44.9191;0.00300662;90
53.3604;0.00278662;90
87.7636;0.00156319;90
92.0758;0.00336821;90
83.0616;0.000571183;90
-98.5772;0.00317147;90
-75.0168;0.00292029;90
-60.6079;0.00517743;90
-63.0703;0.00245972;90
-88.5666;0.003198;90
-59.5268;0.00226369;90
-81.1306;0.00173171;90
-101.019;0.00347405;90
-95.9418;0.00187407;90
-99.6496;0.00291728;90
-52.977;0.0011974;90
-99.6525;0.00163413;90
-112.902;0.0034022;90
-101.705;0.00156249;90
76.5005;0.00235609;90
170.12;0.000518693;90
-98.2988;0.00653341;90
-70.7403;0.00347128;90
-50.3549;0.00260646;90
84.0586;0.00390297;90
68.2946;0.00133032;90
63.7353;0.000682457;90
-92.7858;0.00283936;90
-78.8898;0.00174368;90
-121.848;0.0011996;90
143.378;0.00299903;90
107.239;0.00377247;90
84.205;0.00634844;90
130.119;0.00189485;90
110.491;0.00133977;90
3.7314;9.21954e-05;90
-110.405;0.0109736;90
-118.903;0.00338689;90
-118.184;0.0128415;90
-105.4;0.00570484;90
-88.82;0.00558418;90
-93.027;0.00592727;90
-107.278;0.00529283;90
-95.7715;0.00702059;90
-85.0142;0.00681177;90
-80.1163;0.00699685;90
-83.7758;0.00774767;90
-96.2789;0.00949093;90
-104.632;0.00718914;90
-103.942;0.00881982;90
-108.452;0.00742155;90
-120.67;0.00622239;90
-118.276;0.00590227;90
-123.075;0.00589292;90
-115.501;0.00684042;90
-115.514;0.00589929;90
-114.84;0.00698193;90
-111.582;0.00635881;90
-102.076;0.00692626;90
-106.542;0.00894939;90
-113.669;0.00686992;90
-110.988;0.00687086;90
-115.544;0.00684838;90
-119.634;0.0061401;90
-118.887;0.00593895;90
-118.63;0.0066159;90
-101.518;0.00830832;90
-94.9674;0.00934309;90
-95.8081;0.008182;90
-101.11;0.00831381;90
-90.2786;0.0086391;90
-90.6892;0.00889564;90
-101.992;0.00752727;90
-91.8312;0.00776096;90
-85.3035;0.00694933;90
-91.4892;0.00734948;90
-104.407;0.00614938;90
-110.526;0.00677622;90
-101.433;0.00658363;90
-98.0111;0.00810106;90
-99.761;0.00800996;90
-102.643;0.00824186;90
-101.023;0.0083419;90
-97.279;0.00927374;90
-98.0547;0.0087069;90
-102.497;0.00823512;90
-102.735;0.00826944;90
-104.294;0.00673965;90
-102.75;0.00779318;90
-103.825;0.00807698;90
-96.008;0.00937248;90
-90.5502;0.00947644;90
-90.2829;0.0101281;90
-98.0796;0.00865895;90
-100.15;0.00752985;90
-101.483;0.00712768;90
-100.789;0.00705165;90
-106.503;0.00722358;90
-126.945;0.0050662;90
-96.9491;0.0520221;90
-92.5674;0.00850554;90
-93.4518;0.00823795;90
-93.1169;0.00772443;90
-91.384;0.00898462;90
-97.5731;0.00824794;90
-103.65;0.00792382;90
-107.932;0.00777887;90
-117.629;0.00659843;90
-117.742;0.00635893;90
-114.973;0.00716489;90
-114.374;0.00708994;90
-117.905;0.00682903;90
-117.395;0.00673306;90
-127.351;0.00592881;90
-143.808;0.00520916;90
-125.664;0.00613696;90
-137.424;0.0057511;90
179.032;0.00449764;90
119.936;0.00778111;90
104.71;0.00856574;90
103.604;0.00830296;90
128.578;0.00622697;90
128.994;0.00618365;90
-179.449;0.00394918;90
-140.852;0.00570071;90
-141.652;0.00504808;90
-163.11;0.00468092;90
145.526;0.00476116;90
133.593;0.00489607;90
133.622;0.00673431;90
163.59;0.00485998;90
-143.358;0.00567185;90
-137.882;0.00568242;90
-142.768;0.0047765;90
-154.207;0.00458033;90
-177.7;0.00445959;90
175.795;0.00395465;90
169.098;0.00479045;90
139.254;0.0106387;90
114.428;0.0125911;90
137.65;0.0108912;90
153.559;0.00392789;90
157.744;0.00445163;90
-167.457;0.00578814;90
-162.745;0.004777;90
-146.884;0.010047;90
-131.707;0.00755731;90
-126.348;0.00557963;90
-137.478;0.00583838;90
169.873;0.0048912;90
-146.23;0.00479983;90
-163.292;0.00930796;90
169.49;0.00842636;90
156.585;0.00499756;90
140.19;0.00536206;90
152.97;0.00584214;90
-171.042;0.0043865;90
-142.857;0.00549346;90
-157.951;0.0067421;90
163.028;0.00500499;90
151.708;0.00641193;90
115.748;0.00902837;90
117.736;0.0115964;90
139.74;0.00673418;90
-169.873;0.0768035;90
-175.699;0.00502716;90
-166.064;0.00403992;90
179.371;0.00418925;90
-174.636;0.00411804;90
-132.378;0.00884102;90
-152.906;0.00256667;90
-153.307;0.00459021;90
-149.688;0.00520103;90
-145.404;0.00538404;90
-154.073;0.00489908;90
-167.599;0.00426551;90
-147.609;0.00463516;90
-142.215;0.0062886;90
-146.128;0.00410342;90
-131.836;0.00800746;90
-128.901;0.005411;90
-136.377;0.00464845;90
-144.699;0.00472597;90
-83.8728;0.00121796;90
170.07;0.00110759;90
-143.87;0.00329708;90
-134.398;0.00491678;90
-142.552;0.00485325;90
-121.37;0.00733638;90
-112.906;0.00685993;90
-114.53;0.0077824;90
-125.893;0.00510174;90
-129.714;0.00617881;90
-131.137;0.00546775;90
-143.456;0.00535229;90
-160.123;0.00461175;90
167.984;0.00362646;90
169.396;0.00288018;90
165.629;0.00348918;90
169.522;0.00360715;90
-146.318;0.00378306;90
-165.212;0.00234673;90
-139.637;0.00383092;90
-157.066;0.00349528;90
-135.971;0.00492358;90
-144.475;0.0043644;90
-162.656;0.00330423;90
-166.214;0.00461598;90
-154.415;0.00308667;90
-157.477;0.00324231;90
-137.566;0.00451728;90
-118.781;0.00520499;90
-115.675;0.00449146;90
-131.43;0.00379321;90
156.976;0.00383771;90
138.929;0.0033851;90
153.923;0.00336004;90
-162.583;0.0034177;90
-172.236;0.00373827;90
177.713;0.00320755;90
168.284;0.0028514;90
173.637;0.00280629;90
167.201;0.00298825;90
-173.034;0.00300116;90
-166.104;0.00336859;90
173.084;0.00308948;90
167.7;0.00364262;90
170.674;0.00359147;90
-167.933;0.00378361;90
-169.405;0.00314359;90
-148.626;0.00352078;90
-119.113;0.00515073;90
-111.137;0.00495004;90
-121.537;0.00502636;90
-138.445;0.00369495;90
-132.653;0.00493833;90
-156.605;0.0031456;90
-155.891;0.00333928;90
-150.821;0.00325508;90
-174.289;0.00289436;90
-159.599;0.00397321;90
-151.912;0.00392076;90
-168.393;0.00340462;90
-119.861;0.00507129;90
-98.0763;0.00526724;90
-100.833;0.00584721;90
-104.551;0.00596637;90
-122.159;0.004973;90
-162.936;0.00399067;90
173.13;0.00537559;90
-164.597;0.00349763;90
135.711;0.00626686;90
139.702;0.00473588;90
137.753;0.00534412;90
140.872;0.00610254;90
169.752;0.00415936;90
157.708;0.00499316;90
155.516;0.00519737;90
158.369;0.00486672;90
-179.747;0.00544005;90
-144.668;0.00536393;90
-150.863;0.00508323;90
-148.452;0.00575682;90
-150.666;0.00551745;90
-152.861;0.00490842;90
174.825;0.0047343;90
-169.364;0.0054883;90
-165.549;0.00462431;90
-167.147;0.00455822;90
-147.45;0.00443099;90
-127.486;0.00507749;90
-121.885;0.00566242;90
-117.997;0.0067273;90
-147.102;0.00256657;90
-143.356;0.00355703;90
-111.589;0.00861539;90
-104.011;0.00887195;90
-103.376;0.00896932;90
-114.891;0.00773115;90
-133.014;0.00599987;90
-122.314;0.0062014;90
-100.444;0.0094882;90
-107.825;0.00811455;90
-115.266;0.00769405;90
-122.506;0.00751779;90
-145.771;0.00521774;90
-139.264;0.00607743;90
-124.407;0.00658148;90
-131.366;0.00598;90
-158.714;0.00532206;90
-152.919;0.00322678;90
-134.115;0.00416465;90
-130.435;0.00624589;90
-142.556;0.00465143;90
-162.758;0.00599856;90
-151.567;0.00396531;90
-116.277;0.00692787;90
-120.443;0.00647348;90
-123.139;0.00337135;90
-116.039;0.00136451;90
-71.4034;0.00212917;90
84.2303;0.00125335;90
83.5876;0.00122667;90
-112.351;0.000852009;90
-122.378;0.00117461;90
136.419;0.00502483;90
154.677;0.00348595;90
147.601;0.00520885;90
146.856;0.00561687;90
162.744;0.00410266;90
-151.498;0.00512173;90
-118.326;0.00826573;90
-114.197;0.0079023;90
-136.304;0.00583939;90
-141.964;0.00543533;90
-142.209;0.00578675;90
-128.252;0.0072215;90
-132.797;0.00698997;90
-172.843;0.0048639;90
-156.57;0.00496434;90
-173.119;0.00494159;90
173.754;0.00486186;90
-158.895;0.00525445;90
-157.55;0.00503564;90
-164.874;0.00459106;90
161.586;0.00513807;90
163.637;0.00545913;90
-173.831;0.00509953;90
-151.844;0.00550777;90
-120.385;0.00769262;90
-131.423;0.006336;90
-159.935;0.00521449;90
-124.83;0.00671986;90
-119.346;0.00786188;90
-121.635;0.00692267;90
-143.452;0.00548449;90
-177.462;0.00465156;90
-174.272;0.00571151;90
-171.774;0.00508835;90
-171.489;0.00468256;90
169.817;0.0050851;90
145.193;0.00519437;90
160.832;0.00526594;90
-158.635;0.00504252;90
-127.069;0.00719504;90
-161.527;0.00529271;90
146.27;0.00517397;90
143.737;0.00545571;90
137.618;0.00623824;90
141.555;0.00558091;90
160.12;0.00542851;90
177.39;0.00502822;90
-167.02;0.00535585;90
-164.906;0.00480788;90
179.379;0.00498629;90
163.358;0.00482199;90
152.904;0.00550633;90
155.652;0.00479772;90
174.877;0.00471483;90
-161.486;0.00479939;90
-177.305;0.00518974;90
156.787;0.0047571;90
153.341;0.00543365;90
178.267;0.0050263;90
-161.988;0.00475398;90
-151.753;0.00581897;90
-143.855;0.00648152;90
-168.58;0.00439399;90
162.564;0.00393479;90
152.603;0.00557645;90
141.317;0.00544953;90
153.754;0.00545654;90
177.571;0.00457811;90
-160.053;0.00522653;90
175.365;0.00476458;90
177.278;0.00471632;90
-172.577;0.00466712;90
156.681;0.00526724;90
138.12;0.00669137;90
119.337;0.00660278;90
131.657;0.00761577;90
139.937;0.00486455;90
162.62;0.00548021;90
156.577;0.00505127;90
152.094;0.0049122;90
-179.741;0.00465405;90
-155.178;0.00513102;90
164.064;0.00484416;90
138.475;0.00681207;90
129.76;0.00624014;90
129.188;0.00592845;90
148.388;0.00575963;90
-175.752;0.00449535;90
-163.882;0.0049277;90
-154.105;0.00496888;90
-128.191;0.00679301;90
-144.08;0.00484787;90
-176.841;0.00442773;90
155.701;0.00470479;90
157.3;0.00466431;90
163.417;0.0040995;90
-163.067;0.0040548;90
166.74;0.00458216;90
148.82;0.00430722;90
145.075;0.00453101;90
145.423;0.0041197;90
-177.129;0.00395296;90
-175.046;0.00379819;90
-163.596;0.00384553;90
167.864;0.00379583;90
176.338;0.003429;90
-163.84;0.00391989;90
-164.513;0.00415694;90
170.678;0.00436464;90
143.542;0.00604136;90
136.799;0.00576718;90
139.524;0.00598805;90
147.679;0.00551197;90
166.839;0.00496747;90
170.634;0.00519222;90
-163.552;0.00460546;90
-170.951;0.0054235;90
-174.164;0.00512356;90
168.351;0.00470491;90
166.91;0.00499376;90
-155.727;0.00520078;90
-129.04;0.00690475;90
-129.899;0.00603643;90
-159.605;0.00503033;90
-179.835;0.00486002;90
-170.542;0.0045093;90
-154.757;0.00546596;90
-138.564;0.00613045;90
-130.009;0.00665719;90
-134.873;0.00636398;90
-151.356;0.00549898;90
-170.202;0.00491265;90
-167.102;0.00457852;90
-144.285;0.00619266;90
-121.189;0.00770463;90
-119.838;0.00761326;90
-120.382;0.00736899;90
-125.475;0.00653393;90
-129.457;0.00653666;90
-135.578;0.00624336;90
-147.935;0.00510474;90
-148.902;0.0043794;90
-132.39;0.0051545;90
-134.328;0.00331444;90
162.93;0.000889169;90
114.985;0.00214028;90
88.4057;0.00150958;90
-76.455;0.000226294;90
-79.4841;0.00315601;90
-61.7688;0.0015073;90
164.374;0.00291058;90
167.636;0.00369879;90
-155.875;0.00970573;90
-153.046;0.00560148;90
159.7;0.00539296;90
147.697;0.00544348;90
140.716;0.00596369;90
135.644;0.00654539;90
142.807;0.00592889;90
169.191;0.00493251;90
163.858;0.00493141;90
150.168;0.00539142;90
149.046;0.00586765;90
143.257;0.00432281;90
134.95;0.00483237;90
135.293;0.00496961;90
131.762;0.00505823;90
122.1;0.00606521;90
120.623;0.0061624;90
127.219;0.00574011;90
130.68;0.00505036;90
138.474;0.00547246;90
143.66;0.00555544;90
144.218;0.00540277;90
134.804;0.00640289;90
135.066;0.00549634;90
172.81;0.00472213;90
-158.048;0.00549437;90
-133.903;0.00557797;90
-126.312;0.00688633;90
-130.653;0.00616603;90
-136.475;0.00585042;90
-145.248;0.00604533;90
-172.092;0.00452099;90
153.344;0.0053697;90
158.983;0.00462573;90
175.32;0.00365218;90
176.844;0.0042865;90
166.325;0.00311737;90
146.599;0.00505727;90
121.159;0.00710849;90
115.621;0.00740955;90
124.91;0.00653862;90
129.898;0.00521649;90
136.128;0.00488423;90
148.55;0.00468997;90
151.652;0.00541883;90
141.013;0.00587941;90
133.774;0.00584982;90
137.214;0.00492302;90
142.527;0.00495567;90
137.891;0.00640676;90
135.406;0.00569447;90
139.849;0.00379803;90
145.76;0.00300356;90
163.428;0.00332721;90
158.478;0.00426863;90
147.307;0.00573924;90
151.605;0.0052382;90
166.469;0.00382105;90
173.6;0.00378559;90
-170.996;0.00407016;90
-165.621;0.00449378;90
-169.26;0.00528049;90
179.377;0.0050583;90
169.842;0.00488761;90
-177.518;0.00436409;90
-148.608;0.00525058;90
-132.739;0.00638024;90
-147.532;0.00547475;90
-170.917;0.00492172;90
163.076;0.00485737;90
142.165;0.00577122;90
148.945;0.00537546;90
171.407;0.00451771;90
175.756;0.00445923;90
167.768;0.00426686;90
175.891;0.00457777;90
-162.546;0.00489434;90
-144.547;0.0055549;90
-150.393;0.00514125;90
178.886;0.00488792;90
150.389;0.00535311;90
137.382;0.00615857;90
144.972;0.00568834;90
164.342;0.00504628;90
-178.719;0.00487722;90
-168.053;0.00467119;90
-178.492;0.00463661;90
169.067;0.00515149;90
162.167;0.00430378;90
168.219;0.00465301;90
151.616;0.00505919;90
173.144;0.00316664;90
-109.151;0.0066024;90
-111.523;0.00738389;90
-111.792;0.00759364;90
-111.79;0.00772604;90
-112.345;0.00745693;90
-123.021;0.00681718;90
-116.73;0.00778602;90
-96.7604;0.00953127;90
-101.299;0.00792152;90
-113.71;0.00752298;90
-128.304;0.00653725;90
-126.873;0.0066928;90
-111.151;0.0079206;90
-103.991;0.00897528;90
-97.6077;0.0109827;90
-96.1344;0.0091333;90
-95.9073;0.0103771;90
-90.1214;0.010853;90
-90.0649;0.01059;90
-89.6037;0.0105553;90
-91.6569;0.0105484;90
-97.2826;0.0106892;90
-96.9433;0.0107539;90
-91.213;0.0110065;90
-86.0104;0.0107942;90
-84.9835;0.0103496;90
-81.6814;0.010361;90
-80.888;0.0104063;90
-80.7034;0.0104614;90
-82.2566;0.0103312;90
-85.4857;0.0102277;90
-95.3524;0.00981982;90
-105.469;0.00799356;90
-103.127;0.00812839;90
-92.2713;0.00830152;90
-85.4533;0.00914578;90
-88.2996;0.00812158;90
-91.958;0.00828284;90
-95.8471;0.00898173;90
-101.05;0.00740326;90
-107.459;0.00718605;90
-106.206;0.00769268;90
-99.7779;0.00862631;90
-96.1481;0.00873021;90
-97.7923;0.00913838;90
-103.665;0.00849547;90
-104.149;0.00837817;90
-105.191;0.00834249;90
-103.503;0.00831691;90
-96.3612;0.00905274;90
-89.185;0.00935095;90
-87.2434;0.00935683;90
-83.2898;0.0090802;90
-89.2567;0.00940379;90
-99.2383;0.00891362;90
-97.4602;0.00884184;90
-99.0924;0.00735947;90
-111.983;0.00561527;90
-124.706;0.00495814;90
-123.011;0.00514687;90
-114.425;0.00683685;90
-126.035;0.00624366;90
-116.869;0.00717564;90
-98.3355;0.00954685;90
-101.239;0.00914333;90
-121.573;0.00712583;90
-143.653;0.00556463;90
-141.773;0.00556416;90
-119.689;0.00678582;90
-102.787;0.00822294;90
-93.8957;0.00919926;90
-91.5256;0.00946536;90
-91.5311;0.00872011;90
-89.9085;0.00939001;90
-87.0033;0.00767049;90
-86.1015;0.00835433;90
-86.561;0.0078852;90
-87.1674;0.00787162;90
-88.2075;0.00757671;90
-89.9446;0.008277;90
-90.62;0.00748544;90
-90.3006;0.00648109;90
-89.7727;0.00680705;90
-96.1707;0.00645641;90
-101.479;0.00631124;90
-101.78;0.00674505;90
-101.6;0.0069224;90
-99.7965;0.0069057;90
-89.0095;0.00728909;90
-90.5393;0.00648029;90
-94.1676;0.0067699;90
-98.6104;0.00693314;90
-99.5742;0.00715466;90
-94.9125;0.00780065;90
-90.2946;0.00797311;90
-96.4042;0.00790734;90
-123.721;0.00560025;90
-135.085;0.00427164;90
-134.215;0.0043378;90
-128.862;0.00437164;90
-116.715;0.00443772;90
-114.206;0.00356329;90
-113.206;0.00310632;90
-107.251;0.00355073;90
-100.164;0.00337191;90
-97.4036;0.0022195;90
-88.6205;0.00427824;90
-90;0.004882;90
-88.8258;0.00483101;90
-89.2462;0.00494043;90
-89.4319;0.00574928;90
-89.593;0.00647516;90
-89.5348;0.00751325;90
-88.6069;0.00752722;90
-89.1534;0.00771584;90
-83.3224;0.00748176;90
-80.0036;0.0066134;90
-90.5742;0.00678534;90
-95.268;0.00690517;90
-98.2918;0.00711437;90
-99.0227;0.00737121;90
-93.2743;0.00766852;90
-85.8111;0.00762537;90
-85.3734;0.00746332;90
-84.3286;0.00756905;90
-84.5536;0.0075541;90
-82.8088;0.00837992;90
-80.2225;0.00714275;90
-77.4524;0.00693668;90
-74.9886;0.00655572;90
-73.2332;0.00609408;90
-75.0474;0.00715838;90
-78.6118;0.00790055;90
-85.1628;0.00827748;90
-91.0227;0.00812429;90
-89.3328;0.00850158;90
-85.5074;0.0082343;90
-84.7631;0.0076911;90
-86.5133;0.00833643;90
-88.5099;0.00922912;90
-88.6862;0.00833019;90
-87.8336;0.00857113;90
-83.8347;0.00817528;90
-78.1315;0.00760457;90
-74.7197;0.00739544;90
-74.8117;0.00751552;90
-76.3604;0.00802327;90
-78.4451;0.00830226;90
-82.8667;0.00856832;90
-85.8473;0.00900364;90
-95.3494;0.00809827;90
-103.656;0.00785299;90
-94.3266;0.00889435;90
-90.3383;0.00846915;90
-89.5838;0.00839722;90
-88.4134;0.00881238;90
-87.4795;0.00884556;90
-83.9311;0.00876814;90
-80.85;0.00856499;90
-73.5092;0.00842663;90
-74.2289;0.00853219;90
-87.2544;0.00916452;90
-87.281;0.00900113;90
-73.858;0.0081649;90
-83.6284;0.00928133;90
-88.832;0.00936995;90
-87.389;0.00954891;90
-80.3548;0.00922135;90
-79.3502;0.00874971;90
-79.377;0.00844066;90
-81.5158;0.00833016;90
-83.9413;0.00809119;90
-82.4079;0.00903722;90
-78.3434;0.00638468;90
-69.9571;0.00614198;90
-60.7031;0.00507628;90
-80.434;0.0064507;90
-94.0925;0.00594115;90
-93.708;0.00643247;90
-95.8153;0.00620795;90
-99.9575;0.006506;90
-99.7807;0.00559228;90
-93.6996;0.0040294;90
-85.9651;0.00683594;90
-72.7416;0.00600643;90
-63.182;0.00567207;90
-44.745;0.00460826;90
-71.11;0.00589341;90
-66.4869;0.0045694;90
-99.4573;0.00566601;90
-100.454;0.00630466;90
-82.583;0.00360214;90
-77.9623;0.00504902;90
-78.486;0.00600178;90
-76.6747;0.00572719;90
-81.0696;0.00508261;90
-78.6901;0.00114728;90
-76.1358;0.00339285;90
-85.2579;0.00198379;90
-89.3906;0.00864949;90
-105.247;0.00197347;90
-101.778;0.00160683;90
-104.257;0.00207491;90
-102.959;0.00297886;90
-104.836;0.0034407;90
-78.4803;0.00299942;90
-88.5171;0.0114768;90
-90.8932;0.00269433;90
-95.5015;0.00608101;90
-99.8877;0.00617878;90
-96.0504;0.00528444;90
-93.4214;0.00599869;90
-86.1613;0.00540713;90
-97.0217;0.00543174;90
-93.0224;0.00563284;90
-84.4908;0.00560389;90
-85.941;0.00689429;90
-98.543;0.00765392;90
-100.338;0.00703825;90
-99.1566;0.00733345;90
-97.7684;0.00629578;90
-101.546;0.00676489;90
-120.579;0.0053152;90
-132.614;0.00472191;90
-134.631;0.00450648;90
-103.555;0.00615238;90
-92.1285;0.00656953;90
-100.731;0.00618719;90
-109.051;0.0062895;90
-99.9487;0.00710788;90
-105.838;0.00602368;90
-122.785;0.00370641;90
-108.374;0.00384818;90
-112.072;0.00451598;90
-125.856;0.00387541;90
-139.436;0.00315395;90
-121.736;0.00320526;90
-104.814;0.00523707;90
-103.881;0.00583543;90
-108.058;0.00620041;90
-123.565;0.00518923;90
-125.37;0.00523279;90
-125.997;0.00571166;90
-149.391;0.00398879;90
-109.553;0.00572197;90
-90.0729;0.00629101;90
-73.8514;0.00615901;90
-81.9847;0.00670551;90
-95.2297;0.00661554;90
-93.4997;0.00699504;90
-87.2764;0.00610289;90
-124.654;0.00471673;90
150.743;0.00392237;90
-149.053;0.00409144;90
-113.054;0.00583501;90
-98.5846;0.00730889;90
-101.968;0.00756136;90
-95.0568;0.0075785;90
-101.646;0.0064794;90
-138.655;0.00376026;90
-119.387;0.0017261;90
-85.0162;0.00583606;90
-87.8471;0.0079326;90
-82.3305;0.00677359;90
-78.1101;0.00707172;90
-70.4777;0.005949;90
-75.4476;0.00654291;90
-69.5879;0.00684693;90
-58.6539;0.00488267;90
-37.9849;0.00365909;90
-46.1501;0.00338207;90
-64.9316;0.00510266;90
-76.0824;0.00644006;90
-79.3936;0.00688361;90
-80.4706;0.00758061;90
-87.2026;0.00766313;90
-90.8471;0.00879296;90
-98.4678;0.00751088;90
-94.354;0.00894381;90
-81.7398;0.00790703;90
-90.3912;0.00659015;90
-92.9672;0.00567961;90
-93.168;0.00566366;90
-94.5093;0.00615606;90
-93.9856;0.00697788;90
-88.5144;0.00767558;90
-87.2085;0.00798748;90
-76.2824;0.00741346;90
-74.0802;0.00738629;90
-73.0745;0.00703471;90
-69.7244;0.00652746;90
-66.7344;0.00381524;90
-55.3631;0.0034238;90
-44.2054;0.00463977;90
-25.4177;0.00426593;90
-24.7284;0.0043675;90
-27.0523;0.00436452;90
-67.1324;0.00613737;90
-78.762;0.00733769;90
-74.2944;0.00679364;90
-69.6247;0.00652847;90
-64.5656;0.00620988;90
-61.8097;0.0060076;90
-49.0415;0.00523713;90
-64.2418;0.00590694;90
-65.8636;0.00652221;90
-77.0858;0.00757972;90
-75.41;0.00717745;90
-50.7762;0.00583853;90
-16.866;0.00437728;90
23.4575;0.00456203;90
34.6183;0.00424568;90
27.3024;0.00403107;90
8.78918;0.00384819;90
9.0176;0.00364303;90
8.67161;0.00368108;90
1.22989;0.00354082;90
-0.715961;0.00360128;90
21.2162;0.00398189;90
53.779;0.00535114;90
61.1402;0.00497029;90
60.7331;0.00563534;90
59.6154;0.00563264;90
44.5987;0.00454327;90
44.8467;0.00501977;90
41.6569;0.00407421;90
34.8924;0.00358193;90
2.73105;0.00287527;90
-28.9718;0.00322681;90
-35.0575;0.00301011;90
34.6417;0.00121912;90
12.8504;0.00220318;90
21.9935;0.00299064;90
25.5692;0.00339665;90
82.9093;0.00642413;90
109.179;0.00197248;90
161.792;0.00127694;90
92.7917;0.00141668;90
101.328;0.0006211;90
-141.023;0.00290456;90
93.5845;0.00263916;90
146.997;0.00136411;90
129.378;0.00140755;90
39.9388;0.00170725;90
100.2;0.00234913;90
96.4101;0.00361862;90
-53.4699;0.00397987;90
-48.1501;0.00431067;90
-68.6422;0.00290232;90
-93.9266;0.00328571;90
159.318;0.00250012;90
84.3733;0.00163186;90
-83.8061;0.000389272;90
-71.8387;0.00145656;90
-65.9328;0.003612;90
-95.6678;0.00452613;90
-138.814;0.00348669;90
-167.233;0.00273769;90
-147.981;0.00267257;90
138.514;0.00161524;90
139.122;0.00195739;90
-150.793;0.00109639;90
72.8442;0.00118995;90
23.4841;0.00063238;90
-115.627;0.00117454;90
-5.04996;0.00201081;90
-43.9872;0.00220015;90
16.2344;0.00168832;90
46.3844;0.00169755;90
-1.83943;0.0027104;90
60.4775;0.00377056;90
84.3446;0.00506365;90
116.126;0.00204383;90
174.181;0.00110469;90
96.8864;0.00145953;90
76.5718;0.000297123;90
-85.4712;0.00192501;90
-28.9574;0.00234634;90
-94.893;0.00430268;90
-107.716;0.00473873;90
-175.968;0.00288715;90
-149.819;0.0026734;90
-161.255;0.00169595;90
-123.199;0.00135879;90
-46.823;0.00340078;90
-26.0749;0.00266639;90
-58.7757;0.00399699;90
-65.7883;0.00471582;90
-55.8707;0.00484794;90
-48.3272;0.00423989;90
-49.192;0.00417887;90
-62.5851;0.00485414;90
-62.526;0.00490521;90
-46.6058;0.010371;90
-55.9378;0.00269063;90
-61.2679;0.0054523;90
-67.7012;0.00586132;90
-67.343;0.00593177;90
-55.8162;0.00469876;90
-43.5354;0.0029878;90
-67.8223;0.0013855;90
-74.5066;0.00350019;90
-88.4567;0.00538395;90
-90.8602;0.00539561;90
-80.7625;0.00335146;90
-51.4327;0.00241726;90
-31.3303;0.00128661;90
-37.9658;0.00188234;90
-43.8613;0.00195695;90
-70.739;0.00149149;90
-129.096;0.00156038;90
-144.439;0.00112109;90
-103.008;0.000932942;90
108.188;0.000659973;90
52.8144;0.00363006;90
118.343;0.000836245;90
134.453;0.00214617;90
149.898;0.00173267;90
136.492;0.00214538;90
116.244;0.00319316;90
90.0801;0.005008;90
90.9212;0.00547371;90
94.7067;0.00450921;90
120.825;0.00233016;90
134.746;0.00335384;90
122.785;0.00495298;90
112.78;0.00585248;90
112.314;0.00646078;90
120.383;0.00601048;90
123.892;0.00583548;90
147.283;0.00434421;90
120.567;0.00619605;90
116.863;0.00558801;90
131.659;0.00510763;90
129.708;0.00512929;90
118.066;0.00553035;90
116.047;0.00504656;90
152.168;0.00339921;90
135.745;0.00369565;90
147.415;0.00270356;90
-54.4452;0.00116771;90
59.5525;0.0173972;90
-57.9946;0.000915096;90
-47.9311;0.000677588;90
129.923;0.00125438;90
-40.2451;0.000383866;90
-51.5019;0.00365308;90
-95.3855;0.00450689;90
-107.197;0.00491786;90
-179.311;0.00299422;90
-146.614;0.00282402;90
-179.624;0.00198004;90
-79.1385;0.00243054;90
-39.7984;0.00308863;90
-54.7327;0.00936106;90
-62.455;0.00339932;90
-49.6864;0.00514088;90
-48.4765;0.00488591;90
-62.5033;0.00602342;90
-60.1557;0.0054336;90
-33.3607;0.0045353;90
-56.7226;0.00658474;90
-59.7492;0.00582986;90
-67.2509;0.00634348;90
-64.6397;0.00597699;90
-55.1905;0.00627486;90
-33.2348;0.00160563;90
-63.2381;0.00208313;90
-81.9813;0.00450909;90
-92.2563;0.00561335;90
-88.6612;0.00505038;90
-71.3472;0.00274519;90
-45.6495;0.00286962;90
-36.9276;0.0021854;90
-54.8164;0.00210691;90
-71.3181;0.00132058;90
-123.787;0.00180361;90
176.887;0.000902331;90
58.5359;0.000314197;90
39.0727;0.00275263;90
-5.61889;0.00142987;90
-4.20302;0.0010779;90
-67.974;0.00123191;90
-89.5614;0.00143704;90
10.4538;0.000997558;90
28.5095;0.000724903;90
75.3581;0.00114726;90
-14.6106;0.000701691;90
15.8501;0.00148652;90
72.3725;0.00296208;90
18.0772;0.00106349;90
-0.443;0.00155205;90
0.276598;0.00145002;90
-5.50942;0.00243726;90
-0.859802;0.00199923;90
-74.0841;0.00266933;90
-63.015;0.0031118;90
-21.2463;0.00139909;90
-46.1788;0.000859317;90
-121.277;0.00197621;90
100.866;0.0027106;90
111.743;0.00545833;90
168.723;0.00102275;90
172.209;0.00219829;90
-176.59;0.00232011;90
163.645;0.00176856;90
-176.107;0.00159067;90
80.9078;0.0023161;90
85.1708;0.0032666;90
150.889;0.00227543;90
158.456;0.00325973;90
161.274;0.00354464;90
141.015;0.00415663;90
109.501;0.00623994;90
119.375;0.005009;90
135.711;0.00342125;90
125.518;0.00541691;90
113.506;0.00594971;90
113.077;0.00591642;90
116.936;0.00525621;90
123.556;0.0048431;90
129.26;0.00454616;90
146.63;0.00382694;90
117.876;0.0108522;90
131.268;0.00652983;90
128.495;0.00467508;90
115.504;0.00526282;90
119.619;0.00440684;90
141.046;0.00768729;90
-169.324;0.00175437;90
37.9616;0.00197356;90
-1.35219;0.003602;90
36.638;0.00212482;90
1.54766;0.00311013;90
68.3682;0.00514323;90
84.4624;0.00454923;90
156.527;0.00134315;90
164.096;0.000959739;90
86.6357;0.00155067;90
93.7033;0.00123859;90
-67.0043;0.003448;90
-49.8918;0.00126041;90
-95.8784;0.00502844;90
-118.557;0.00418174;90
-162.868;0.00474243;90
-148.171;0.00123819;90
161.929;0.00124438;90
-76.4201;0.00243611;90
-38.8672;0.00375288;90
-49.6835;0.00445125;90
-64.9304;0.00512368;90
-54.8184;0.00534912;90
-48.1267;0.00512071;90
-55.5364;0.00564958;90
-66.4889;0.00618659;90
-37.0252;0.00450042;90
-50.4385;0.0053493;90
-56.7195;0.00613043;90
-65.8239;0.00672702;90
-68.1064;0.0069244;90
-57.8758;0.00572442;90
-51.3092;0.00519903;90
-84.4336;0.00846391;90
-89.7767;0.00487504;90
-75.1915;0.00498456;90
-43.6536;0.002257;90
-35.2162;0.00198903;90
-48.6174;0.00252162;90
-78.8771;0.00132183;90
-151.974;0.000578883;90
-129.482;0.00169856;90
51.3252;0.00239399;90
121.214;0.00321666;90
145.153;0.00116733;90
141.876;0.00287029;90
102.434;0.00699916;90
91.8262;0.00982199;90
114.149;0.00384006;90
131.182;0.00457736;90
122.921;0.0740073;90
-122.475;0.00115098;90
-110.173;0.000927923;90
21.6959;0.000706015;90
3.96576;0.00153267;90
-56.1792;0.00267338;90
35.4393;0.00135382;90
45.3221;0.00201246;90
122.152;0.00177762;90
91.5728;0.00251395;90
89.7869;0.00322602;90
84.7083;0.00127945;90
89.6498;0.00245405;90
90.2603;0.00242102;90
82.1118;0.00291458;90
-32.4627;0.00103586;90
140.611;0.000932901;90
99.4269;0.00265587;90
80.6576;0.00251334;90
-51.7995;0.00245466;90
-36.2512;0.00351921;90
-101.094;0.00515024;90
34.8201;0.000464097;90
-50.791;0.000651743;90
-109.52;0.0127763;90
-143.358;0.00186321;90
-176.643;0.00138337;90
-93.0174;0.00195671;90
-41.6281;0.00348642;90
-35.1848;0.00335985;90
-65.359;0.00584748;90
-57.0721;0.00587951;90
-48.0759;0.00492856;90
-53.3872;0.00597246;90
-66.3439;0.00674149;90
-37.0966;0.00444823;90
-50.588;0.00546077;90
-57.8896;0.00618754;90
-64.977;0.00676387;90
-67.5476;0.00742049;90
-57.2325;0.00597711;90
-43.073;0.00302813;90
-55.9691;0.00349689;90
-68.5727;0.00699659;90
-49.7701;0.00522098;90
-21.0476;0.00448846;90
-19.1235;0.00381556;90
-28.809;0.00142771;90
-97.8153;0.00406677;90
-78.1718;0.00156115;90
-1.52394;0.00127845;90
-7.47997;0.00188202;90
-8.89309;0.00213466;90
-1.13229;0.00212542;90
-55.0184;0.00180878;90
-71.9886;0.00320822;90
-36.0084;0.00199523;90
-54.6961;0.000797698;90
-113.627;0.00159686;90
105.626;0.00180055;90
124.059;0.00198198;90
106;0.0037222;90
144.761;0.00167248;90
175.384;0.00251014;90
-174.47;0.00202342;90
-113.232;0.00315372;90
-110.221;0.00278036;90
151.445;0.00074685;90
127.333;0.00225247;90
156.891;0.000838261;90
-177.567;0.000965871;90
-98.2614;0.000925605;90
-165.535;0.000972838;90
141.079;0.0092081;90
125.4;0.00623705;90
117.958;0.0077619;90
125.245;0.00366847;90
119.182;0.0032712;90
109.24;0.00407563;90
97.1736;0.00365965;90
106.716;0.00452314;90
119.382;0.00358517;90
111.58;0.00433379;90
122.223;0.00318447;90
133.885;0.00203544;90
142.878;0.00231642;90
115.26;0.00217939;90
112.595;0.00210562;90
95.9925;0.00416677;90
111.996;0.0021279;90
120.074;0.00401904;90
112.693;0.00577508;90
132.183;0.00470441;90
131.199;0.00499184;90
122.759;0.00513942;90
113.614;0.00465585;90
126.539;0.00380606;90
147.466;0.00338048;90
136.204;0.00400523;90
-154.884;0.00153846;90
37.9497;0.00181472;90
-1.29286;0.00186147;90
4.5425;0.00210862;90
30.6117;0.00262363;90
-0.396866;0.00274307;90
74.8973;0.00590288;90
89.097;0.00387048;90
160.225;0.00174384;90
98.5532;0.00151283;90
-70.7444;0.00141305;90
49.3173;0.00290242;90
117.179;0.0069662;90
-111.401;0.00220611;90
-176.675;0.00131021;90
157.137;0.000380927;90
-2.46058;0.00137427;90
4.43801;0.00257171;90
-58.1617;0.00261789;90
-86.9584;0.00459848;90
-153.004;0.00053533;90
160.574;0.00182807;90
84.9382;0.00121273;90
90.4993;0.000459017;90
-32.9052;0.00052646;90
-59.3347;0.00286458;90
-93.632;0.00397799;90
-106.112;0.00518154;90
-175.384;0.00321844;90
-142.662;0.00271549;90
179.419;0.00217111;90
-160.203;0.00207567;90
142.659;0.00516197;90
-178.434;0.00168363;90
-160.705;0.00259051;90
-138.309;0.00433614;90
-136.922;0.00404834;90
-136.987;0.00511758;90
-127.364;0.00475218;90
-118.846;0.00629281;90
-118.435;0.00549605;90
-121.958;0.00530508;90
-143.659;0.00450899;90
-177.944;0.00340019;90
-179.522;0.00359413;90
-175.861;0.00326953;90
-170.971;0.00432661;90
-171.499;0.0037138;90
-159.769;0.00399655;90
-145.231;0.00390162;90
-146.808;0.00408441;90
-176.001;0.0036138;90
157.628;0.00391465;90
127.16;0.00431266;90
108.411;0.00524337;90
101.07;0.00627577;90
106.722;0.00632549;90
114.541;0.0056845;90
119.199;0.00473921;90
132.065;0.0038942;90
120.024;0.00532215;90
115.161;0.00529213;90
112.467;0.00771672;90
105.98;0.00741349;90
102.837;0.00784508;90
113.709;0.00648102;90
150.15;0.00432361;90
155.766;0.00437558;90
154.017;0.0041839;90
136.94;0.00409367;90
131.413;0.00313084;90
111.337;0.00309193;90
111.086;0.00413594;90
109.865;0.00424352;90
106.567;0.00472411;90
105.824;0.00479678;90
106.986;0.0071677;90
98.8369;0.00643134;90
92.4503;0.00741478;90
92.4774;0.00636195;90
85.8834;0.00632432;90
85.9265;0.00537758;90
83.7892;0.00606359;90
88.1473;0.00683557;90
90.839;0.00730778;90
97.5259;0.00765797;90
85.5775;0.00811817;90
84.9752;0.0129357;90
90.0981;0.00934101;90
98.3926;0.0081806;90
100.924;0.00961932;90
105.127;0.0062423;90
120.047;0.00637696;90
142.708;0.00450252;90
122.609;0.00460012;90
114.775;0.00472488;90
105.685;0.00607003;90
107.737;0.00602016;90
105.234;0.0057656;90
101.502;0.00671486;90
94.0784;0.00621474;90
93.2947;0.00777786;90
94.7217;0.0065723;90
94.0687;0.00748386;90
100.183;0.00599545;90
112.658;0.00570316;90
113.342;0.0053455;90
112.963;0.00612103;90
113.781;0.0061775;90
116.713;0.00554144;90
115.813;0.00725264;90
131.193;0.00858342;90
140.111;0.00219865;90
133.705;0.00384694;90
127.111;0.00333303;90
118.695;0.00357392;90
122.777;0.00455883;90
120.034;0.0033625;90
114.235;0.00431202;90
141.932;0.00344475;90
123.381;0.00386216;90
116.625;0.0021265;90
109.358;0.00367156;90
114.999;0.00410785;90
167.456;0.000828783;90
113.877;0.00402443;90
116.908;0.00485459;90
112.776;0.00533933;90
91.9029;0.00243935;90
-36.6623;0.00138001;90
-50.9539;0.00238592;90
-61.3866;0.00315308;90
3.81407;0.00111246;90
70.0729;0.00314532;90
68.9785;0.00231936;90
44.8169;0.00132795;90
-63.3756;0.00129424;90
9.79877;0.000951887;90
100.057;0.00225058;90
145.061;0.000623354;90
124.253;0.00254065;90
122.352;0.00308719;90
125.693;0.00230869;90
-121.457;0.00271149;90
-111.297;0.00430607;90
-111.522;0.00240144;90
-88.7096;0.00372995;90
-64.9312;0.00506955;90
-64.0779;0.00434406;90
-61.2229;0.00290816;90
-52.8097;0.00278924;90
-66.09;0.00420922;90
-42.7741;0.00140184;90
71.2178;0.00182625;90
-123.273;0.000723626;90
-114.747;0.001677;90
122.285;0.0079063;90
79.4771;0.00378363;90
92.2513;0.00203657;90
176.251;0.0016365;90
92.2795;0.00269013;90
67.0018;0.00536981;90
77.6536;0.0014311;90
-95.6329;0.00183386;90
103.845;0.0114126;90
-113.154;0.00611127;90
-96.9013;0.0072737;90
-65.4551;0.00761183;90
-59.1284;0.00469289;90
-109.772;0.00705918;90
-119.197;0.00588125;90
-141.337;0.00267791;90
140.1;0.00163068;90
142.347;0.00194638;90
-126.78;0.0015282;90
-171.831;0.00104864;90
-133.976;0.00213722;90
-128.057;0.00215266;90
-133.425;0.00162059;90
-128.065;0.00108344;90
170.576;0.000494677;90
-129.442;0.000343146;90
31.2796;0.0148108;90
65.9001;0.0047829;90
67.0824;0.00251665;90
67.6023;0.00212317;90
103.575;0.00632262;90
117.963;0.00348259;90
89.4419;0.0125256;90
72.6921;0.00525704;90
76.4998;0.0223218;90
75.995;0.0133344;90
80.7823;0.0177917;90
73.1376;0.00699475;90
58.7004;0.0209196;90
65.7476;0.0133656;90
66.3923;0.0140684;90
27.2361;0.00908756;90
33.203;0.0259401;90
53.9781;0.0154057;90
50.1939;0.0129899;90
43.4846;0.0435016;90
44.0856;0.00155088;90
38.5763;0.00192765;90
6.01247;0.00519357;90
83.0527;0.00147987;90
76.4862;0.00494696;90
76.4071;0.00188068;90
91.4568;0.00869281;90
83.7686;0.00168596;90
81.6054;0.0156517;90
27.6368;0.000526015;90
136.618;0.00207902;90
69.0711;0.00249993;90
41.7108;0.000862677;90
-73.9812;0.00396808;90
-61.2832;0.00374;90
-41.8105;0.00231299;90
-35.9962;0.00270191;90
-33.7751;0.00336371;90
-25.7436;0.00221483;90
-46.9996;0.00328297;90
-64.3109;0.00596787;90
-74.0834;0.00600939;90
-74.907;0.00616776;90
-77.4668;0.00562197;90
-89.116;0.00473156;90
-110.395;0.00465158;90
-118.41;0.00259787;90
119.757;0.00339694;90
145.445;0.0028121;90
-132.854;0.00396541;90
-179.477;0.0023001;90
150.374;0.00292313;90
150.102;0.00213861;90
150.484;0.00096413;90
158.204;0.00204952;90
180;0.002064;90
114.805;0.00189261;90
94.6824;0.0013475;90
105.609;0.00147542;90
-51.6338;0.00149351;90
-94.6468;0.00272797;90
-120.427;0.00106231;90
-158.166;0.00225583;90
160.989;0.00138452;90
-93.571;0.00269724;90
-89.3411;0.00330422;90
-88.7273;0.00414202;90
-95.003;0.00149068;90
-91.9337;0.00124471;90
-92.8847;0.00460984;90
-99.5533;0.00517578;90
-98.1423;0.00463169;90
-96.7769;0.00504223;90
-92.4441;0.00492448;90
-85.2697;0.00499602;90
-95.6225;0.00439916;90
-97.589;0.00473245;90
-87.1753;0.00470772;90
-82.138;0.00540985;90
-90.8552;0.00690077;90
-100.371;0.00643818;90
-99.9074;0.00560864;90
-99.8894;0.0060438;90
-96.4158;0.00686399;90
-102.128;0.00571658;90
-113.144;0.0051266;90
-125.818;0.00424972;90
-137.882;0.00407809;90
-125.241;0.00437597;90
-99.8782;0.00496054;90
-92.7729;0.00591192;90
-99.4453;0.00606928;90
-110.389;0.00575775;90
-99.3095;0.00603955;90
-101.243;0.00574934;90
-122.717;0.00359303;90
-111.942;0.00325692;90
-108.838;0.00363892;90
-114.2;0.0050717;90
-132.948;0.00426518;90
-143.328;0.00185021;90
-117.699;0.002644;90
-105.64;0.00530439;90
-103.524;0.00647863;90
-108.511;0.00597197;90
-124.502;0.00459893;90
-126.218;0.00535835;90
-125.081;0.00529118;90
-144.974;0.00373553;90
-119.674;0.00458532;90
-96.1482;0.00622782;90
-77.5182;0.00594552;90
-76.0755;0.00621668;90
-91.6146;0.0073109;90
-97.6073;0.00660211;90
-83.7328;0.00650387;90
-107.731;0.00522416;90
176.638;0.00339284;90
174.824;0.00312575;90
-131.357;0.00491868;90
-100.456;0.0071304;90
-101.23;0.00720394;90
-98.273;0.00771428;90
-96.6945;0.00785757;90
-122.692;0.00520443;90
-152.111;0.00183854;90
-87.6167;0.00091379;90
-84.1461;0.00560825;90
-88.5783;0.00769837;90
-81.6147;0.00771447;90
-76.7876;0.00770906;90
-72.3658;0.00622239;90
-75.759;0.00699186;90
-65.5537;0.00596365;90
-54.1182;0.00514917;90
-38.8714;0.00427201;90
-60.6696;0.00502403;90
-74.2896;0.00576123;90
-77.1954;0.00678165;90
-80.37;0.00691038;90
-83.0573;0.00678374;90
-90.9087;0.00649482;90
-92.0901;0.00732087;90
-97.7597;0.0061917;90
-95.7396;0.0076594;90
-83.055;0.00718673;90
-86.7381;0.00704742;90
-92.7182;0.00634714;90
-93.128;0.00588276;90
-95.5148;0.00591036;90
-93.7158;0.00535426;90
-90.8861;0.00691883;90
-88.0994;0.0069048;90
-84.4501;0.0064211;90
-75.8467;0.00641266;90
-73.0503;0.00611252;90
-74.2556;0.0058744;90
-70.7189;0.00541789;90
-68.6012;0.00486218;90
-64.1043;0.0027179;90
-47.9523;0.00394028;90
-38.6066;0.00454029;90
-25.6839;0.00447848;90
-23.4446;0.00406673;90
-39.1124;0.00450825;90
-74.5921;0.00654524;90
-76.7676;0.00648313;90
-73.8906;0.00676462;90
-68.3794;0.0063562;90
-64.2854;0.0057849;90
-61.6346;0.00576519;90
-48.3277;0.00466558;90
-62.2817;0.00557699;90
-65.7902;0.00595252;90
-75.0221;0.00580005;90
-79.141;0.00735164;90
-63.279;0.00591353;90
-32.1257;0.00469368;90
-4.0344;0.00406507;90
32.9718;0.00442464;90
34.8792;0.00403604;90
19.4116;0.00391452;90
8.9131;0.00365311;90
8.36263;0.00358916;90
4.9096;0.00387923;90
0.773847;0.00414638;90
5.61655;0.00363746;90
39.3186;0.00441423;90
60.0927;0.00533897;90
60.6716;0.00510193;90
60.9906;0.00541084;90
56.2217;0.00504334;90
42.3295;0.00386996;90
43.4819;0.00421725;90
41.5723;0.00380822;90
37.9954;0.00333984;90
10.3167;0.00260207;90
-23.9681;0.00311894;90
-38.3686;0.00328812;90
45.2346;0.0013817;90
-19.7857;0.00195863;90
39.4091;0.00242418;90
4.09888;0.00307787;90
62.8292;0.00465352;90
83.8685;0.00521483;90
156.231;0.00174173;90
105.956;0.00154242;90
-142.903;0.071246;90
-166.13;0.00786328;90
-147.495;0.00929516;90
169.173;0.00442375;90
137.647;0.00464003;90
110.989;0.00623145;90
101.477;0.00758875;90
108.182;0.00650582;90
115.149;0.00658857;90
125.901;0.00437763;90
129.483;0.00465524;90
114.997;0.0058334;90
114.982;0.00539143;90
109.241;0.00665472;90
106.446;0.0071172;90
101.463;0.00765875;90
119.438;0.00590662;90
155.636;0.00414515;90
155.975;0.00409692;90
152.295;0.00402438;90
136.392;0.00404655;90
131.123;0.00318999;90
80.37;0.00168575;90
-103.403;0.00151424;90
110.264;0.00346762;90
110.85;0.00437447;90
107.533;0.00452104;90
107.226;0.00558867;90
106.607;0.00592723;90
104.519;0.0071958;90
94.2573;0.00770526;90
92.8366;0.00741609;90
86.2969;0.00662684;90
86.8333;0.00606426;90
84.2619;0.00683123;90
88.3041;0.00631877;90
88.9828;0.00664705;90
98.2452;0.00640824;90
90.7524;0.00723462;90
81.0001;0.00643725;90
85.1131;0.00617445;90
88.4222;0.00762689;90
91.4023;0.00702811;90
100.701;0.00667813;90
99.0041;0.00643429;90
103.906;0.00620383;90
109.383;0.00594179;90
129.198;0.00458859;90
141.955;0.00399984;90
119.927;0.00494889;90
112.007;0.00558817;90
104.122;0.00629938;90
108.68;0.00561056;90
103.208;0.00642908;90
102.194;0.00570472;90
93.0128;0.00711584;90
93.9286;0.00868441;90
94.2839;0.00704167;90
96.1681;0.00823668;90
109.953;0.00598102;90
114.706;0.00618956;90
113.387;0.00634095;90
114.045;0.00566452;90
114.473;0.00564626;90
115.817;0.00548331;90
119.453;0.00504158;90
134.334;0.00431859;90
140.718;0.00268978;90
129.217;0.00240722;90
132.644;0.00442103;90
126.476;0.00227085;90
118.664;0.00440712;90
124.001;0.00398419;90
118.593;0.00204773;90
114.027;0.00440356;90
138.709;0.00349761;90
127.912;0.0036504;90
113.444;0.00303124;90
110.459;0.00330443;90
114.994;0.00354058;90
-133.727;0.00178235;90
-112.372;0.00359673;90
-119.097;0.0039071;90
-120.886;0.00292011;90
-122.965;0.00300117;90
-126.544;0.00115882;90
-132.06;0.00430063;90
-131.23;0.00531197;90
-129.284;0.00537457;90
-111.891;0.00686609;90
-107.085;0.00750522;90
-116.843;0.00672349;90
-132.827;0.0057239;90
-156.676;0.00503115;90
-151.596;0.00503061;90
-133.5;0.00578046;90
-118.842;0.00595354;90
-108.813;0.00676647;90
-107.34;0.00707974;90
-120.415;0.0062003;90
-122.352;0.00595189;90
-116.23;0.00649142;90
-121.061;0.00639605;90
-143.018;0.00468941;90
-146.406;0.00448753;90
-146.132;0.0039334;90
-147.121;0.00372463;90
-157.732;0.00349137;90
-169.333;0.00339263;90
-175.642;0.00397449;90
-175.878;0.00414572;90
154.343;0.00454515;90
120.708;0.00649935;90
124.543;0.00625716;90
163.805;0.004385;90
-145.859;0.00493199;90
-137.062;0.00534636;90
-171.033;0.00443318;90
156.967;0.00466704;90
155.043;0.004894;90
164.768;0.00459026;90
168.179;0.00481308;90
174.567;0.00455245;90
-172.789;0.00431815;90
-169.469;0.00441537;90
-146.224;0.00496984;90
-133.65;0.00564286;90
-127.84;0.00622369;90
-123.865;0.00652497;90
-141.84;0.00538476;90
-131.47;0.0058348;90
-134.267;0.00558024;90
-127.065;0.00574723;90
-111.459;0.0071754;90
-112.546;0.00733131;90
-116.711;0.00684776;90
-111.764;0.0072035;90
-111.739;0.00735187;90
-118.938;0.0068366;90
-120.707;0.00643881;90
-138.999;0.00521134;90
-173.697;0.0044177;90
-168.675;0.00448125;90
-147.142;0.00494512;90
-132.729;0.00564007;90
-138.504;0.00531111;90
174.73;0.00439859;90
149.882;0.00514569;90
163.77;0.0045618;90
-170.172;0.00411844;90
-161.077;0.00386381;90
-161.244;0.00361707;90
-168.899;0.00354227;90
-172.82;0.00375242;90
-167.252;0.00365715;90
-159.682;0.00394549;90
-159.707;0.0031399;90
-151.099;0.00341195;90
-161.646;0.00358856;90
-151.219;0.0037697;90
-156.593;0.00364496;90
-150.034;0.00382191;90
-136.598;0.00398044;90
-156.906;0.00408429;90
-152.855;0.00428721;90
-144.66;0.00417169;90
-148.666;0.00318445;90
173.945;0.00297661;90
-139.469;0.00378392;90
-138.138;0.00388855;90
-138.488;0.00383538;90
-147.938;0.00377709;90
-139.174;0.00442053;90
-155.817;0.00337849;90
-154.395;0.00226769;90
-142.067;0.0023506;90
-126.148;0.00296844;90
-170.732;0.00198694;90
128.045;0.00280879;90
168.656;0.000650713;90
-100.27;0.00279884;90
-94.6989;0.00345461;90
-140.365;0.00219315;90
-142.363;0.00194217;90
-139.673;0.00111102;90
-144.802;0.000685292;90
-129.597;0.00295114;90
-159.632;0.00231579;90
-165.018;0.00227845;90
-163.824;0.00246248;90
-163.071;0.00264774;90
-164.447;0.00256596;90
145.324;0.00203189;90
-130.422;0.00190466;90
-104.901;0.00480663;90
-97.0696;0.00576886;90
-78.4671;0.00589706;90
-62.4489;0.00517145;90
-75.9343;0.00613494;90
-94.6672;0.00759518;90
-111.875;0.00654094;90
-120.625;0.00596963;90
-123.066;0.00578254;90
-127.053;0.00513983;90
-125.631;0.00522522;90
-125.369;0.00520699;90
-126.254;0.0052505;90
-154.023;0.00413694;90
-131.776;0.00495335;90
-122.796;0.0052248;90
-107.506;0.00678524;90
-101.764;0.00754345;90
-103.888;0.00807404;90
-101.699;0.00818196;90
-111.14;0.0075726;90
-111.221;0.00766367;90
-109.717;0.00784599;90
-119.492;0.00672548;90
-128.228;0.00590666;90
-125.333;0.00547437;90
-80.6079;0.00563757;90
-76.71;0.00471117;90
-86.9426;0.00485591;90
-96.1875;0.00505646;90
-109.227;0.00352248;90
-124.425;0.00317869;90
-135.599;0.0029785;90
-124.305;0.00372253;90
-97.7128;0.00551388;90
-90.3673;0.00545911;90
-116.136;0.00376609;90
-171.91;0.00201101;90
-162.174;0.00291389;90
-178.494;0.00296803;90
179.053;0.00344947;90
-165.251;0.00376299;90
-159.67;0.00407271;90
-133.963;0.00558777;90
-132.372;0.00515174;90
-116.35;0.00476957;90
-124.847;0.00409175;90
159.361;0.00331367;90
138.654;0.00472601;90
137.787;0.00494428;90
137.109;0.00434316;90
141.042;0.00368825;90
146.206;0.00366768;90
146.102;0.00472996;90
141.444;0.005078;90
126.434;0.00554976;90
122.533;0.00605634;90
122.522;0.00612322;90
121.073;0.00609919;90
121.912;0.00603277;90
135.379;0.00513371;90
151.715;0.00403703;90
158.757;0.00379486;90
-173.243;0.00391821;90
-168.742;0.00389291;90
-175.656;0.00406668;90
175.098;0.00416624;90
167.078;0.00426604;90
177.55;0.00423387;90
-178.099;0.00422132;90
-178.235;0.00415597;90
168.281;0.00442626;90
151.02;0.00476572;90
151.134;0.00482217;90
-161.404;0.00427099;90
-147.418;0.00459045;90
-172.985;0.00408559;90
-175.438;0.00387227;90
179.427;0.00419621;90
167.396;0.00438569;90
-176.642;0.00409704;90
-166.993;0.00418539;90
-165.178;0.00422561;90
-160.998;0.00443784;90
-160.92;0.00426745;90
168.016;0.00411774;90
143.977;0.00473552;90
126.157;0.00588306;90
125.255;0.00575689;90
125.348;0.00587507;90
124.484;0.00580744;90
112.319;0.00602754;90
109.633;0.00555069;90
118.296;0.0060124;90
139.629;0.00494182;90
171.883;0.0044617;90
170.663;0.00422194;90
132.394;0.00533498;90
122.724;0.00611921;90
115.411;0.00646221;90
114.389;0.00668888;90
106.296;0.00704192;90
107.101;0.00692727;90
118.478;0.00559955;90
103.521;0.00719438;90
129.02;0.00548446;90
130.328;0.00532169;90
121.214;0.00568266;90
109.495;0.00666406;90
112.686;0.00661693;90
123.55;0.00590952;90
125.218;0.00552289;90
142.066;0.00457579;90
127.903;0.00519104;90
137.99;0.00433764;90
159.063;0.00371637;90
-178.985;0.00372758;90
-178.836;0.00403683;90
-176.239;0.00385731;90
-162.021;0.00421165;90
-167.33;0.0040578;90
-159.508;0.0041133;90
-161.72;0.0042147;90
172.116;0.00415528;90
-172.12;0.00412092;90
-155.583;0.0043907;90
-162.789;0.00429219;90
-177.322;0.00415154;90
-144.347;0.00455843;90
-127.764;0.00546206;90
-156.657;0.00428034;90
167.23;0.00407171;90
-168.281;0.00418013;90
-161.295;0.00375746;90
-154.784;0.00397146;90
-133.798;0.0048893;90
-153.754;0.00417659;90
-126.047;0.0048619;90
-118.475;0.00544919;90
-119.311;0.00494739;90
-122.963;0.00463517;90
-122.259;0.00440847;90
-125.085;0.00413541;90
-140.904;0.00314137;90
-141.573;0.00176665;90
-141.981;0.00335107;90
-143.965;0.00403383;90
179.317;0.00343724;90
162.02;0.00330437;90
161.604;0.00327644;90
163.037;0.00387665;90
168.534;0.00388861;90
171.317;0.00322597;90
179.573;0.00268207;90
-164.371;0.00283585;90
-159.292;0.00282234;90
147.815;0.00311461;90
126.663;0.00532063;90
135.593;0.00485455;90
123.048;0.00564415;90
111.201;0.00678308;90
100.256;0.00803742;90
111.481;0.00734307;90
108.533;0.00775202;90
103.565;0.00761442;90
110.801;0.00654137;90
110.551;0.00659468;90
110.669;0.00669172;90
113.027;0.00579038;90
133.067;0.00473748;90
125.273;0.00539069;90
119.759;0.00583447;90
131.071;0.00492243;90
-157.187;0.00395648;90
-141.63;0.004667;90
-168.989;0.00375411;90
158.657;0.00369007;90
-175.887;0.00295561;90
-159.34;0.00354284;90
177.1;0.00383491;90
148.148;0.00415934;90
124.94;0.00516133;90
119.756;0.00551062;90
127.077;0.00509383;90
135.689;0.00476554;90
145.051;0.00418955;90
145.062;0.0042292;90
127.647;0.00502786;90
126.698;0.00500502;90
139.366;0.00457908;90
153.528;0.00411213;90
171.581;0.0033127;90
-157.846;0.00313441;90
-131.257;0.00492844;90
-119.62;0.00626811;90
-130.552;0.00513279;90
-142.187;0.00467963;90
-141.487;0.00524496;90
-138.526;0.0050824;90
-131.919;0.00552625;90
-133.035;0.00538354;90
-132.671;0.00548107;90
-126.729;0.00608502;90
-117.94;0.00631961;90
-116.036;0.00654301;90
-116.064;0.00659799;90
-119.962;0.00621108;90
-134.686;0.00528853;90
-144.749;0.00491896;90
-141.727;0.00495629;90
-132.752;0.0052989;90
-134.992;0.00493207;90
-137.271;0.00449649;90
-140.036;0.00415686;90
-162.609;0.00347276;90
-174.616;0.00311173;90
-172.115;0.00244916;90
-167.21;0.00283227;90
-165.312;0.00298556;90
-164.806;0.00297603;90
175.254;0.00315481;90
142.561;0.0039874;90
143.303;0.00384382;90
154.515;0.00336767;90
151.56;0.00334919;90
147.576;0.00313704;90
123.902;0.00374703;90
111.818;0.00446374;90
111.897;0.00465483;90
111.764;0.00483569;90
111.54;0.00509052;90
117.976;0.00483048;90
126.728;0.00387281;90
127.772;0.00379907;90
127.808;0.0037389;90
129.233;0.00316689;90
140.538;0.00130434;90
163.428;0.00323957;90
-172.822;0.00403361;90
167.312;0.00410217;90
141.284;0.00494196;90
137.811;0.004412;90
122.608;0.00518293;90
106.631;0.00735467;90
114.763;0.0067849;90
127.811;0.00545794;90
128.201;0.00584718;90
138.081;0.00472252;90
150.274;0.00343043;90
155.639;0.00411652;90
167.747;0.00420785;90
174.088;0.00401938;90
155.818;0.00387175;90
132.652;0.00526459;90
126.496;0.00578552;90
140;0.00486005;90
139.944;0.00396252;90
142.311;0.00159476;90
153.265;0.0016538;90
169.324;0.00225096;90
166.831;0.00142652;90
176.106;0.00100131;90
164.14;0.00284323;90
-170.993;0.00392844;90
-146.56;0.00464372;90
-146.508;0.00464287;90
-146.923;0.00388812;90
-165.768;0.00305063;90
176.006;0.00298625;90
176.472;0.00295761;90
-170.299;0.00303845;90
-165.704;0.00112174;90
-165.504;0.00287244;90
-173.496;0.00338982;90
177.733;0.00326055;90
168.104;0.0033571;90
-178.511;0.00342616;90
-167.756;0.00276796;90
-108.154;0.00400223;90
-96.9725;0.00638421;90
-93.8186;0.00755277;90
-94.9044;0.00767309;90
-99.5564;0.00760757;90
-109.291;0.00708904;90
-131.027;0.00547981;90
-142.448;0.00490415;90
-153.658;0.00401824;90
-162.017;0.00360511;90
-157.855;0.00359197;90
-151.964;0.00374665;90
-144.88;0.00414573;90
-138.709;0.00421895;90
-133.092;0.00422731;90
-125.529;0.00477871;90
-119.561;0.00528837;90
-117.464;0.00536007;90
-121.509;0.00489822;90
-134.051;0.00418523;90
-156.203;0.00389844;90
-170.656;0.00367679;90
-170.48;0.00359754;90
-159.942;0.00378455;90
-149.792;0.00397706;90
-146.753;0.0040547;90
-145.498;0.00412933;90
-145.174;0.00395912;90
-148.715;0.0039188;90
-121.671;0.00332167;90
67.1031;0.00202018;90
93.0236;0.00527034;90
90;0.003335;90
85.3931;0.00588903;90
91.3536;0.00596867;90
88.8725;0.00345567;90
90.1539;0.00409601;90
86.6293;0.00707524;90
89.8737;0.00680402;90
97.8354;0.00624228;90
105.613;0.00599314;90
113.215;0.00555584;90
107.523;0.0058421;90
98.6366;0.00639957;90
95.6852;0.00651103;90
95.2144;0.00650291;90
92.1383;0.00653955;90
90.1055;0.00651401;90
93.1342;0.00577965;90
103.523;0.00254454;90
111.116;0.00340032;90
131.139;0.00484123;90
139.076;0.00400883;90
149.769;0.00289582;90
153.251;0.00376377;90
156.722;0.00408665;90
156.645;0.00379385;90
143.076;0.004203;90
129.121;0.00515718;90
136.809;0.00463598;90
169.397;0.00392399;90
172.844;0.00363633;90
173.777;0.00269387;90
170.262;0.00365365;90
153.85;0.00401608;90
156.05;0.00411642;90
168.659;0.00402254;90
160.315;0.00371087;90
135.631;0.00436594;90
125.2;0.00463197;90
124.42;0.00474474;90
136.387;0.00365045;90
-174.787;0.00113369;90
100.261;0.00364327;90
99.7541;0.00535948;90
97.5571;0.00574086;90
97.133;0.00620905;90
95.6429;0.006397;90
93.191;0.00623367;90
94.5525;0.00437179;90
103.266;0.00297642;90
128.743;0.00475534;90
125.388;0.00515793;90
162.082;0.00333159;90
-151.856;0.00373341;90
-167.252;0.00357103;90
-146.31;0.00361637;90
-158.562;0.00351306;90
168.096;0.00314156;90
-173.27;0.00331081;90
-143.948;0.00372798;90
-168.565;0.00323828;90
-176.39;0.00306508;90
-177.077;0.00307901;90
-179.878;0.00328101;90
146.589;0.00364664;90
117.856;0.00464415;90
167.617;0.00298443;90
149.45;0.00275434;90
165.519;0.00243537;90
129.286;0.00333076;90
136.383;0.00313552;90
161.795;0.00212855;90
161.598;0.00167253;90
155.694;0.00192899;90
145.347;0.000858242;90
140.739;0.00230541;90
131.294;0.00315039;90
124.813;0.00431778;90
109.715;0.00511057;90
118.853;0.00472679;90
153.564;0.00317836;90
124.823;0.00395412;90
-170.826;0.00287883;90
145.63;0.00343467;90
142.413;0.00399531;90
152.086;0.00393254;90
-157.848;0.00346365;90
152.181;0.00365774;90
119.322;0.00465776;90
106.771;0.00526077;90
126.574;0.00348405;90
135.718;0.00282299;90
137.615;0.00277404;90
123.991;0.00295493;90
118.872;0.00363253;90
109.831;0.00397047;90
115.388;0.00424495;90
113.526;0.00418375;90
120.478;0.00218257;90
128.091;0.0013049;90
147.787;0.0016358;90
163.973;0.00203198;90
171.349;0.00270579;90
171.095;0.00310745;90
159.573;0.00352997;90
138.246;0.00414605;90
170.171;0.00343848;90
-175.603;0.00337794;90
168.734;0.00359834;90
-179.441;0.00348617;90
-164.92;0.00382057;90
175.43;0.00372785;90
155.484;0.00380285;90
151.215;0.00396036;90
151.703;0.00387732;90
155.57;0.00384199;90
172.587;0.00365857;90
176.299;0.0035474;90
143.077;0.0038652;90
123.645;0.00458626;90
134.1;0.00427499;90
146.203;0.00358115;90
164.071;0.00335586;90
165.374;0.00346117;90
160.57;0.00344203;90
160.514;0.00358536;90
161.369;0.00332104;90
161.526;0.00323786;90
160.04;0.0032428;90
-179.223;0.00317029;90
178.137;0.00304561;90
-176.946;0.00320956;90
-170.084;0.00242726;90
157.81;0.00227445;90
-174.198;0.00204749;90
-142.038;0.00242384;90
-126.462;0.00247186;90
-174.903;0.00222881;90
-157.714;0.00201988;90
-134.962;0.00322936;90
-146.657;0.00320928;90
-152.618;0.00326141;90
-121.569;0.0036713;90
-138.048;0.00316524;90
-143.82;0.00322363;90
-152.192;0.00288521;90
-150.842;0.00300477;90
-144.236;0.00308838;90
-127.697;0.00333775;90
156.679;0.00209408;90
151.209;0.0026598;90
-131.942;0.00348605;90
-137.996;0.00326068;90
-151.141;0.00303946;90
-138.177;0.00329169;90
174.258;0.00294879;90
-171.829;0.00314493;90
-169.796;0.00330223;90
-164.415;0.00316746;90
147.529;0.00345518;90
132.129;0.00400867;90
128.834;0.00399635;90
-139.13;0.00289605;90
-140.063;0.00312488;90
125.038;0.00354801;90
136.976;0.00354825;90
143.478;0.00319426;90
-153.336;0.00233982;90
166.208;0.00227355;90
159.61;0.00250282;90
-164.32;0.00278982;90
173.723;0.00310059;90
140.105;0.00334586;90
109.53;0.0042357;90
135.848;0.00310383;90
97.7724;0.00425913;90
95.836;0.00495669;90
94.1519;0.00511041;90
81.1227;0.00521649;90
91.4955;0.00555589;90
95.9701;0.00586481;90
115.747;0.00397792;90
120.452;0.00618757;90
147.72;0.00385356;90
106.888;0.00620981;90
94.3444;0.00695699;90
96.1523;0.00690477;90
103.169;0.00672895;90
102.794;0.00615069;90
118.282;0.00532915;90
126.586;0.00451326;90
122.022;0.00482045;90
131.74;0.00496131;90
145.658;0.00419048;90
149.009;0.00400466;90
150.018;0.00423235;90
141.448;0.00446392;90
138.062;0.00448734;90
130.584;0.00476661;90
107.474;0.00618755;90
88.6062;0.00707109;90
92.4293;0.00710138;90
92.4284;0.0071274;90
104.903;0.00668796;90
124.113;0.00560429;90
118.421;0.00458456;90
137.681;0.00278197;90
170.26;0.00234074;90
132.807;0.00297556;90
138.916;0.00364445;90
177.382;0.00319634;90
125.305;0.00503008;90
108.218;0.00650295;90
100.459;0.00718335;90
92.3323;0.00751923;90
92.734;0.00742145;90
90.9375;0.00727297;90
89.6919;0.0072521;90
103.657;0.00509093;90
110.743;0.0045232;90
106.857;0.00461741;90
123.345;0.0035948;90
102.126;0.00541277;90
87.0215;0.00667802;90
87.0772;0.00696206;90
89.1955;0.0070507;90
98.4385;0.00730508;90
84.6205;0.00647452;90
95.7393;0.00655988;90
106.874;0.00695232;90
96.8651;0.0076297;90
110.547;0.00696617;90
105.618;0.00677515;90
105.355;0.00646893;90
103.053;0.00649994;90
94.7622;0.0064322;90
76.0086;0.00651427;90
85.1593;0.00506005;90
92.9747;0.00402743;90
95.1317;0.00380124;90
93.0597;0.00378439;90
97.6607;0.00269304;90
106.509;0.000978329;90
115.245;0.00318411;90
114.474;0.00192385;90
113.469;0.00206153;90
111.09;0.000867078;90
178.393;0.00156862;90
-102.988;0.00539708;90
-106.947;0.00599327;90
-113.642;0.00424421;90
-124.378;0.00376336;90
174.285;0.00264113;90
152.125;0.00340508;90
-161.069;0.00299605;90
157.992;0.00252176;90
164.306;0.00225507;90
-145.894;0.00275;90
146.984;0.00263917;90
173.255;0.00282657;90
165.713;0.00331865;90
127.188;0.00503608;90
118.946;0.00541551;90
109.894;0.00576291;90
107.661;0.00597251;90
103.515;0.0064311;90
128.484;0.00487874;90
106.984;0.00619309;90
87.1958;0.00717459;90
100.164;0.00652844;90
110.712;0.00665299;90
122.379;0.00551433;90
131.22;0.00445102;90
89.5154;0.00402014;90
102.916;0.00614242;90
102.969;0.00506624;90
105.078;0.00459002;90
107.962;0.00363832;90
86.9046;0.00466681;90
103.315;0.0024663;90
101.54;0.00224947;90
84.8992;0.00149592;90
-88.5217;0.000155052;90
-87.026;0.00287187;90
-86.1712;0.0062299;90
-79.0383;0.00354977;90
-74.9058;0.00446608;90
-73.4586;0.00368448;90
-78.1177;0.00467211;90
-76.7023;0.0045911;90
-89.1636;0.00287731;90
-95.2219;0.0011317;90
-48.3401;0.00307052;90
-49.9097;0.00391618;90
-67.342;0.00531631;90
-68.0918;0.00497961;90
-82.3891;0.00650834;90
-93.2055;0.00593729;90
-75.0785;0.0063108;90
-46.7587;0.00384777;90
-72.1092;0.00596021;90
-76.1708;0.00624194;90
-72.6409;0.00609668;90
-55.9555;0.00448345;90
-63.5292;0.00489521;90
-32.4791;0.00334642;90
-27.056;0.00281844;90
-1.00313;0.00205632;90
-25.0555;0.00224087;90
14.5854;0.00217613;90
25.2051;0.00228009;90
-45.1084;0.00261701;90
7.26786;0.00253739;90
9.16919;0.00266708;90
-36.8632;0.0034322;90
23.0583;0.00241276;90
53.4079;0.00334164;90
66.4035;0.00349743;90
72.6968;0.00430691;90
75.467;0.00419627;90
79.1544;0.00336409;90
17.5593;0.00144849;90
-61.0754;0.00141216;90
-67.8289;0.00207222;90
-64.8034;0.00271536;90
-65.6901;0.00251171;90
-80.3752;0.00342116;90
-87.2052;0.00406083;90
-85.0915;0.00312044;90
-84.1657;0.00363985;90
-93.5627;0.00471511;90
-101.407;0.00532417;90
-102.543;0.00534148;90
-72.7829;0.00511835;90
-79.8571;0.00541157;90
-74.6203;0.00592726;90
-73.6861;0.00615168;90
-69.7697;0.00568256;90
-79.3951;0.00669434;90
-77.9475;0.00662811;90
-75.2849;0.00603908;90
-90.494;0.00579922;90
-90.9531;0.00643289;90
-81.5274;0.00598633;90
-91.7789;0.0060239;90
-93.0796;0.00640325;90
-93.0138;0.00580102;90
-89.8964;0.00442401;90
-70.4059;0.00296999;90
-45.5765;0.00217871;90
-72.4913;0.00307129;90
-72.3993;0.00321448;90
-69.1154;0.00398052;90
-74.0079;0.00437741;90
-86.451;0.00510479;90
-94.4729;0.00278247;90
-90.2156;0.00717405;90
-86.3361;0.00710452;90
-88.2935;0.00755535;90
-80.4284;0.0067236;90
-73.4235;0.00612349;90
-62.749;0.00463212;90
-43.806;0.00332554;90
11.5816;0.00272958;90
-46.3929;0.0032289;90
-48.8751;0.00282499;90
-12.5998;0.00175117;90
-14.5824;0.00162846;90
-55.2759;0.00338117;90
-57.5895;0.00463262;90
-60.6277;0.00494004;90
-75.9246;0.00603623;90
-87.5842;0.00688011;90
-86.5864;0.00628114;90
-93.3248;0.00670729;90
-76.0615;0.00668381;90
-51.2545;0.00449141;90
-44.3166;0.0039721;90
-38.7511;0.00734736;90
-29.3463;0.00190782;90
-28.5849;0.00464407;90
-35.4264;0.00490636;90
-48.4979;0.00525015;90
-59.491;0.00555278;90
-54.4681;0.00572996;90
-69.9033;0.00551797;90
-79.3611;0.00696574;90
-76.3328;0.00655151;90
-89.3824;0.00714342;90
-81.1985;0.00543095;90
-65.1532;0.00480255;90
-32.4282;0.00347604;90
-60.109;0.00549612;90
-67.6505;0.00568829;90
-86.0122;0.00680147;90
-91.6396;0.00639562;90
-93.1512;0.00633057;90
-84.8163;0.00629776;90
-68.2434;0.00522844;90
-63.5352;0.00510942;90
-40.9476;0.00373225;90
-1.68126;0.00344248;90
-1.08352;0.00375467;90
-4.533;0.00379587;90
-14.0793;0.00355169;90
-44.5973;0.00412466;90
-50.6961;0.00388991;90
47.2582;0.00409167;90
-17.0933;0.00267412;90
-48.9721;0.00419544;90
-35.0307;0.00363927;90
-11.472;0.00298157;90
15.672;0.00333914;90
9.49556;0.00340059;90
-6.08876;0.00327146;90
34.3326;0.00385818;90
30.529;0.00348049;90
45.4389;0.00406174;90
27.7909;0.00330298;90
-40.2536;0.00350371;90
49.2459;0.00423092;90
37.0414;0.00394262;90
29.072;0.00351712;90
31.3817;0.00369092;90
39.0406;0.00380713;90
54.5406;0.00433871;90
25.5446;0.0040931;90
44.3837;0.00414176;90
25.5688;0.00280356;90
16.6282;0.00262789;90
49.39;0.00357501;90
5.06429;0.0032286;90
-5.88757;0.00370454;90
5.53084;0.00390116;90
-0.815195;0.00351436;90
-7.45313;0.00363874;90
-21.3252;0.0037755;90
-18.1784;0.00381438;90
-20.7695;0.00399031;90
-17.5028;0.00441228;90
-13.8582;0.00405813;90
-24.411;0.00446187;90
-43.1804;0.00485461;90
-55.1133;0.00614908;90
-29.0443;0.00378384;90
-0.329365;0.00400107;90
-17.0513;0.00385025;90
-25.4939;0.00435394;90
-28.8987;0.00442617;90
-26.8519;0.00428838;90
-8.99748;0.00419461;90
15.2411;0.00431372;90
-3.42564;0.00415042;90
-7.32223;0.00389174;90
5.17223;0.00373822;90
-29.6576;0.00415306;90
-34.6446;0.00394558;90
-10.7371;0.00380563;90
-7.75667;0.00364535;90
-26.8975;0.00408492;90
-61.645;0.00572713;90
-65.3944;0.00495713;90
-69.9448;0.00400378;90
-61.5936;0.00304799;90
-58.8949;0.00368363;90
-45.7556;0.0024666;90
-40.2974;0.00253574;90
-49.4723;0.00346406;90
-69.8843;0.00505644;90
-64.191;0.00511746;90
-40.878;0.00372832;90
15.2038;0.00313057;90
-10.1401;0.00339097;90
-34.3252;0.0036532;90
-45.222;0.00346697;90
-2.76163;0.0030095;90
-28.3284;0.0033718;90
-46.501;0.00399511;90
-39.324;0.00326019;90
-72.2006;0.00478925;90
-67.2293;0.0041494;90
-51.1794;0.00389546;90
-46.8597;0.00281082;90
-35.7303;0.00165933;90
-34.542;0.00194;90
-18.0998;0.00183795;90
-13.8827;0.000633505;90
-18.8473;0.00224116;90
-47.1574;0.00371919;90
-45.9304;0.00300489;90
-23.6181;0.00320987;90
-10.945;0.00280197;90
-43.7186;0.00411073;90
-55.3784;0.00438438;90
-6.39961;0.00404621;90
3.19642;0.00364066;90
4.41509;0.00375414;90
17.0488;0.00383032;90
32.3726;0.00410143;90
-7.12691;0.00374796;90
7.80304;0.00381533;90
34.1735;0.00430657;90
12.7308;0.00390705;90
27.3622;0.00398595;90
-29.8228;0.00355707;90
-53.6894;0.00510164;90
-50.5993;0.00398589;90
-33.3919;0.000639578;90
-85.2876;0.00148502;90
-85.1892;0.00554453;90
-86.6164;0.00704829;90
-83.9694;0.00653919;90
-83.7585;0.00673291;90
-81.558;0.00657322;90
-79.9359;0.00432048;90
-74.4486;0.00247667;90
-84.4688;0.00499024;90
-91.6877;0.00726615;90
-90.3351;0.00786513;90
-92.1004;0.00810344;90
-101.52;0.00817673;90
-102.456;0.00774735;90
-101.077;0.00708907;90
-103.483;0.00721383;90
-108.737;0.00695774;90
-102.448;0.00674557;90
-98.7468;0.0065431;90
-100.512;0.00652247;90
-102.033;0.00534341;90
-102.318;0.00695614;90
-98.6232;0.00704969;90
-112.677;0.00643008;90
-119.911;0.00560106;90
-112.034;0.00388366;90
-111.217;0.00405914;90
-108.75;0.00654854;90
-109.499;0.00604574;90
-108.788;0.00620672;90
-103.841;0.0068427;90
-98.811;0.00645012;90
-92.5205;0.00659438;90
-91.8182;0.00721763;90
-91.6982;0.00772739;90
-87.3117;0.00724898;90
-78.0593;0.00680525;90
-79.1496;0.0059178;90
-86.1649;0.00399194;90
-90.4834;0.00640023;90
-94.4589;0.00671432;90
-92.2765;0.00616787;90
-33.5783;0.0036957;90
27.8;0.00508376;90
25.3341;0.00520453;90
23.0695;0.00524439;90
23.7132;0.00508754;90
25.98;0.00521165;90
35.1609;0.00592143;90
44.5536;0.00653528;90
51.9018;0.00681997;90
51.6414;0.00671307;90
46.8941;0.00652521;90
42.9203;0.0059429;90
40.3104;0.0057688;90
40.2416;0.00573673;90
37.3952;0.00578124;90
37.0452;0.00562043;90
31.332;0.00512311;90
24.4211;0.004985;90
18.9288;0.00451305;90
16.153;0.00466205;90
15.0145;0.00457416;90
11.0651;0.00504886;90
14.3612;0.00487432;90
23.0504;0.00512845;90
31.7615;0.019499;90
36.082;0.00231262;90
27.861;0.00492374;90
15.3386;0.00469525;90
9.27867;0.00456473;90
20.9459;0.00471347;90
47.832;0.00579616;90
60.6888;0.00650593;90
62.3675;0.00679391;90
54.1951;0.00605785;90
46.4411;0.00531417;90
37.4762;0.00442285;90
31.8528;0.00410051;90
25.4511;0.00381858;90
20.3722;0.00328337;90
20.953;0.00374997;90
29.7318;0.00380489;90
39.47;0.0041751;90
50.344;0.00480588;90
70.5851;0.00684101;90
80.413;0.00581826;90
84.3199;0.00728477;90
85.9864;0.00702924;90
87.947;0.00650417;90
93.7319;0.00463984;90
69.544;0.00140777;90
9.66367;0.00159057;90
13.3294;0.00269356;90
3.14184;0.00343016;90
-9.00741;0.00316807;90
-5.94292;0.0033128;90
3.71925;0.00337611;90
16.0757;0.00308046;90
11.6179;0.00357525;90
-0.872983;0.00387245;90
-3.4618;0.00377589;90
25.5257;0.00426533;90
32.9338;0.00485405;90
34.5824;0.00479042;90
20.7781;0.00443976;90
-9.95063;0.00214121;90
-22.0371;0.00144454;90
1.81351;0.00113757;90
-15.4214;0.00241806;90
-12.603;0.00209447;90
-32.014;0.00141287;90
-39.7845;0.0027848;90
-38.4945;0.00427512;90
-41.7169;0.00456834;90
-56.9689;0.0053055;90
-45.8418;0.00437959;90
-23.8119;0.00336111;90
-6.48881;0.00383155;90
-10.2811;0.00387725;90
-21.12;0.00309167;90
-24.1537;0.00285933;90
-34.9556;0.00386776;90
-45.5652;0.00465935;90
-52.7842;0.00576371;90
-54.2436;0.00660745;90
-70.7412;0.00848906;90
-67.6124;0.00667944;90
-44.4158;0.00492384;90
-40.2195;0.0057951;90
-11.2046;0.00501254;90
3.43517;0.00445601;90
-19.4278;0.00182491;90
-22.3202;0.000779395;90
75.8076;0.000978877;90
-68.502;0.00284062;90
-52.4347;0.00421871;90
-51.8863;0.0046531;90
-52.6479;0.0057276;90
-64.8708;0.00551498;90
-69.0264;0.00618263;90
-68.5932;0.00558102;90
-67.4821;0.00583593;90
-50.8459;0.00429041;90
-28.5956;0.00956699;90
-32.2718;0.00132226;90
-41.3189;0.00417418;90
-23.5108;0.0033741;90
10.094;0.00335493;90
16.2028;0.00351564;90
15.3517;0.00416252;90
4.24459;0.00439104;90
19.4548;0.00453068;90
41.2895;0.00546325;90
42.7515;0.00553313;90
47.656;0.00564595;90
40.7189;0.00538976;90
35.3693;0.00530022;90
42.3325;0.00518093;90
59.1157;0.00593797;90
64.1142;0.00595999;90
63.823;0.00508449;90
64.0121;0.0053722;90
59.6929;0.00513243;90
53.5096;0.0044393;90
47.7595;0.00406846;90
47.9008;0.00395426;90
47.4029;0.0045875;90
47.0089;0.00526482;90
39.4266;0.00555513;90
39.1417;0.00551453;90
39.6474;0.00435852;90
52.7459;0.00501031;90
59.1371;0.00565123;90
48.0769;0.00471613;90
19.5822;0.00317461;90
-10.8139;0.00326193;90
-27.5322;0.00418607;90
-40.5617;0.00486109;90
-55.1148;0.00636962;90
-44.399;0.00539269;90
-33.074;0.00503003;90
-41.0309;0.00507718;90
-54.5567;0.00635457;90
-60.4359;0.00664172;90
-47.6875;0.00556469;90
-17.7268;0.00427288;90
15.7995;0.00409885;90
7.4381;0.00406319;90
-18.1585;0.00465271;90
23.1564;0.00446035;90
40.2098;0.00455554;90
3.19549;0.00324705;90
-55.3228;0.0050549;90
-60.6551;0.0055972;90
-53.373;0.00462284;90
-45.4768;0.0049287;90
-67.9001;0.00691613;90
-69.3748;0.00708298;90
-68.8639;0.00684445;90
-70.6263;0.00685199;90
-78.6827;0.00764363;90
-68.2388;0.00528675;90
-62.9378;0.00355638;90
-74.366;0.00482761;90
-80.1255;0.00566797;90
-77.2741;0.00476198;90
-62.2415;0.00480948;90
-56.6258;0.00492997;90
-42.139;0.00420758;90
-54.5673;0.00463306;90
-37.4669;0.00343579;90
8.25281;0.00303745;90
19.7195;0.00293407;90
-0.946798;0.00308642;90
-8.11393;0.00350711;90
-13.2096;0.00381597;90
-17.8885;0.0034151;90
-17.7354;0.00305625;90
-19.4697;0.00288921;90
-7.16078;0.00258315;90
21.1543;0.00323929;90
38.2845;0.00374294;90
36.6624;0.00187741;90
38.058;0.00107063;90
38.8406;0.00242523;90
47.0224;0.00358656;90
58.17;0.00391353;90
57.6796;0.00375945;90
57.8628;0.00469782;90
61.7885;0.00591461;90
59.8476;0.00606806;90
32.5005;0.00435506;90
40.7027;0.00422766;90
38.1979;0.00459103;90
17.3334;0.00381631;90
19.0468;0.00361279;90
-4.50358;0.00418994;90
0.586318;0.0038112;90
39.8542;0.00482494;90
54.3164;0.00515851;90
16.8777;0.00387491;90
2.66981;0.00390724;90
22.0532;0.00409889;90
23.2019;0.00452823;90
0.790431;0.00405939;90
-4.02231;0.00419132;90
22.0895;0.00398879;90
18.2402;0.00437377;90
14.7936;0.00524796;90
11.2154;0.00427769;90
1.33554;0.0044192;90
1.58568;0.00437267;90
-18.4969;0.0043845;90
-44.8285;0.00566961;90
-47.4652;0.0059183;90
-46.8205;0.00578705;90
-55.2218;0.00667425;90
-65.7363;0.00741721;90
-70.5922;0.00808331;90
-57.143;0.00644741;90
-42.3064;0.00470958;90
-62.2506;0.00614469;90
-72.8841;0.0073359;90
-64.1282;0.00665279;90
-76.944;0.00769799;90
-67.5689;0.00702881;90
-65.2201;0.00594322;90
-60.7779;0.00621266;90
-55.6039;0.00614433;90
-27.5983;0.00456322;90
-8.43859;0.00433392;90
-15.5617;0.00424564;90
-55.6743;0.00510023;90
-62.9326;0.00601928;90
-72.0367;0.00656922;90
-60.214;0.00604918;90
-53.7537;0.00529211;90
-55.7466;0.00552896;90
-54.7475;0.00560483;90
-50.7263;0.00564116;90
-26.034;0.00463199;90
4.28565;0.00408141;90
19.83;0.00415646;90
19.2925;0.00435241;90
11.2456;0.0033177;90
13.5914;0.00384261;90
1.68128;0.0039537;90
-13.1314;0.00426964;90
1.16299;0.00399082;90
3.67964;0.00408242;90
6.99442;0.00408137;90
30.5827;0.00324894;90
34.6773;0.00386323;90
-16.3079;0.00403848;90
-29.0675;0.0047526;90
-23.3657;0.00459154;90
-3.15869;0.0042104;90
0.964484;0.00415859;90
2.51494;0.00421606;90
-8.44458;0.00381334;90
-11.1679;0.00371739;90
-3.38749;0.00352015;90
4.85106;0.00370126;90
11.2738;0.00404607;90
6.74968;0.00403295;90
-23.1407;0.00363877;90
-26.7421;0.00376243;90
-44.2523;0.00466023;90
-54.8927;0.00561806;90
-60.0581;0.00681798;90
-57.5921;0.00541662;90
-57.611;0.00566772;90
-54.9409;0.00538629;90
-46.7959;0.00419662;90
-33.41;0.00380113;90
-35.2424;0.00433075;90
-31.9864;0.00288266;90
-40.4336;0.003002;90
-42.1742;0.00375789;90
-41.8456;0.00388082;90
-42.2959;0.00398686;90
-41.9485;0.00385212;90
-10.5338;0.00291004;90
60.1259;0.00456337;90
62.5312;0.00396951;90
46.5257;0.00390391;90
49.9231;0.00413628;90
39.4459;0.00381365;90
15.7472;0.00357414;90
15.6247;0.00301855;90
0.441655;0.00285408;90
0.326035;0.00263604;90
2.24674;0.00224473;90
24.1637;0.00208137;90
7.66875;0.00168608;90
53.5584;0.00224746;90
84.1068;0.00409062;90
90.4737;0.00459616;90
79.3732;0.00345424;90
63.4722;0.00274947;90
42.7422;0.00197436;90
47.3574;0.00189099;90
48.1301;0.00239572;90
66.6929;0.00325785;90
77.4758;0.00408111;90
88.306;0.00324742;90
92.191;0.00360964;90
98.9808;0.0040294;90
111.034;0.00442162;90
73.9137;0.00491546;90
50.3713;0.00447939;90
51.9815;0.00507862;90
60.7089;0.0055289;90
70.4575;0.00654398;90
69.0183;0.00619153;90
68.4954;0.00562776;90
71.1406;0.00636046;90
78.0608;0.007304;90
76.0311;0.0066074;90
77.3565;0.0063961;90
76.5345;0.006257;90
65.698;0.00520963;90
53.9302;0.0040678;90
47.4611;0.00383676;90
25.7377;0.00365456;90
47.7326;0.00431614;90
55.6262;0.00418357;90
55.5469;0.00420694;90
54.1228;0.00437506;90
53.6232;0.00481038;90
57.1305;0.00451239;90
59.2685;0.00494898;90
61.2405;0.00543092;90
80.5629;0.00635501;90
86.7218;0.0050713;90
104.718;0.00456581;90
118.345;0.00388816;90
114.494;0.00392194;90
94.9498;0.00472863;90
82.4483;0.00484704;90
74.1587;0.002949;90
76.0598;0.00217094;90
66.9577;0.00149204;90
-25.9791;0.0013994;90
-12.1219;0.0017715;90
16.0497;0.00211233;90
16.6152;0.00222072;90
19.0415;0.00200152;90
13.7404;0.00211348;90
19.4646;0.00181259;90
23.4831;0.00148063;90
49.8782;0.00287703;90
38.431;0.00238589;90
37.8918;0.00298287;90
80.7607;0.00384286;90
88.3868;0.00273508;90
-20.9376;0.00144116;90
-47.3767;0.00327389;90
41.5568;0.00322599;90
46.5222;0.00362025;90
27.9402;0.00326113;90
30.0789;0.00404236;90
35.5065;0.00363123;90
36.1339;0.00351889;90
39.4669;0.00372543;90
44.8806;0.00373141;90
39.5653;0.00338955;90
-6.64315;0.00286121;90
28.9659;0.00313862;90
39.1355;0.00353636;90
22.9174;0.00331789;90
28.2609;0.00311308;90
22.0209;0.00281108;90
44.8451;0.00340049;90
30.3571;0.00332023;90
26.1836;0.00241814;90
31.4238;0.00375937;90
18.8738;0.00359214;90
20.132;0.00292576;90
27.4903;0.00346188;90
20.1161;0.00364325;90
20.6159;0.00347343;90
9.52844;0.00341917;90
7.42196;0.00366168;90
14.5601;0.00392609;90
17.94;0.00424646;90
18.3326;0.00460049;90
-4.51288;0.00407965;90
-26.0337;0.00496697;90
-23.7024;0.00503251;90
26.1175;0.00503846;90
49.035;0.00644145;90
35.5116;0.00586365;90
13.8103;0.00504381;90
7.35689;0.00487312;90
46.5827;0.0058882;90
59.6546;0.00713561;90
62.966;0.00759484;90
69.8144;0.0089433;90
64.0532;0.00924265;90
67.1735;0.00897814;90
65.6529;0.00886326;90
44.4774;0.00635715;90
51.1109;0.00655607;90
37.5548;0.00582262;90
54.7603;0.00697402;90
52.262;0.00649455;90
46.3157;0.00615911;90
31.0946;0.00540805;90
8.93645;0.00510497;90
4.74985;0.00483059;90
-10.615;0.00456004;90
-12.8837;0.00476291;90
-19.3969;0.00501039;90
-26.3983;0.00460856;90
-14.2195;0.00447408;90
28.413;0.00490938;90
44.2707;0.00611131;90
2.27413;0.00486383;90
-45.1628;0.00522625;90
-62.8865;0.00761595;90
-32.5181;0.00543748;90
4.16271;0.00508341;90
3.97541;0.00463014;90
17.3787;0.00512914;90
32.5759;0.00596194;90
33.5564;0.00582714;90
36.5568;0.00549008;90
59.6124;0.00704363;90
63.4944;0.00646;90
56.567;0.0060585;90
61.1517;0.00615139;90
73.2485;0.00766424;90
69.5607;0.00735078;90
55.1646;0.0071321;90
37.5025;0.00576055;90
20.2046;0.00517121;90
39.1647;0.00584909;90
60.6221;0.00774613;90
72.7724;0.00870452;90
65.8116;0.00811004;90
48.9129;0.00621723;90
46.7471;0.00514872;90
50.8796;0.00219509;90
51.9644;0.00222186;90
71.3686;0.00359648;90
97.9717;0.00322315;90
90.6209;0.00101506;90
79.553;0.00140631;90
-41.9478;0.0215931;90
-58.9476;0.00709353;90
-59.3877;0.00690655;90
-47.2635;0.00501306;90
-44.5719;0.00227129;90
-44.385;0.00421601;90
-54.202;0.00560238;90
-63.846;0.00679469;90
-64.7868;0.00680535;90
-66.3053;0.00662663;90
-68.1345;0.00647371;90
-63.5301;0.00565592;90
-72.7607;0.00709264;90
-86.8821;0.00974442;90
-84.122;0.00398395;90
-86.7442;0.00832844;90
-87.6457;0.00715704;90
-77.4265;0.00709721;90
-74.4516;0.00656215;90
-72.5365;0.00602469;90
-73.926;0.00636379;90
-63.358;0.00499314;90
-55.3591;0.00481324;90
-33.7122;0.00359446;90
-60.1052;0.00516644;90
-72.4302;0.00605234;90
-78.48;0.0069;90
-80.6151;0.00718112;90
-84.2466;0.00772089;90
-92.169;0.00766249;90
-92.9012;0.00685579;90
-97.8434;0.00788476;90
-90.2631;0.00827409;90
-82.4714;0.00757127;90
-91.9876;0.00671804;90
-92.2981;0.00608489;90
-95.0296;0.00613663;90
-94.197;0.00677717;90
-91.0818;0.00725629;90
-88.1597;0.00806516;90
-80.6934;0.00774191;90
-74.1751;0.00613866;90
-73.495;0.00599085;90
-72.3457;0.00540768;90
-70.4846;0.00451116;90
-67.2329;0.00392263;90
-74.876;0.00122648;90
-57.0359;0.00269245;90
-45.5638;0.00352086;90
-36.7977;0.0042872;90
-21.5565;0.00551687;90
-26.4981;0.0045902;90
-64.4397;0.006427;90
-77.863;0.00653507;90
-74.3493;0.00702444;90
-71.0674;0.00644465;90
-64.619;0.00586512;90
-64.5151;0.00652377;90
-48.5983;0.00482208;90
-56.3516;0.00419964;90
-66.0637;0.0057823;90
-70.542;0.00635814;90
-79.2212;0.00732015;90
-70.4834;0.00634877;90
-45.0666;0.00486631;90
-14.7369;0.00351048;90
16.4441;0.0039141;90
34.9338;0.00387161;90
30.2554;0.00400909;90
15.3563;0.00422173;90
7.89424;0.00353853;90
8.67555;0.00363964;90
1.88477;0.00367899;90
2.73323;0.00354403;90
9.14891;0.00393709;90
49.1659;0.00528545;90
60.1051;0.00525872;90
61.2692;0.00592892;90
60.5779;0.00548205;90
46.9997;0.00451904;90
47.8608;0.00495876;90
37.3212;0.00352971;90
39.4469;0.00407012;90
16.081;0.00301809;90
-27.6118;0.00430873;90
-25.023;0.00284173;90
-4.38626;0.00141214;90
35.6344;0.00275484;90
8.81164;0.00312691;90
56.8834;0.00437819;90
85.9587;0.00561897;90
157.737;0.00177642;90
101.744;0.00183746;90
86.2187;0.000348759;90
-55.8571;0.00322846;90
-87.7814;0.00247986;90
-104.844;0.00707304;90
-169.792;0.00432242;90
-151.569;0.00254152;90
-174.043;0.00268852;90
135.165;0.00319543;90
-179.754;0.00605406;90
-146.448;0.0690271;90
140.657;0.00700833;90
116.545;0.00255314;90
103.779;0.00851915;90
101.379;0.00663442;90
114.898;0.00633254;90
121.368;0.00518127;90
132.091;0.00395641;90
120.637;0.00535907;90
111.156;0.00583529;90
117.019;0.00632201;90
105.769;0.00668249;90
100.341;0.0115598;90
118.165;0.00349142;90
146.641;0.00350798;90
156.391;0.00429225;90
157.072;0.00366559;90
141.903;0.00387689;90
135.481;0.00353707;90
120.61;0.0047801;90
108.992;0.00533122;90
108.092;0.0047046;90
107.651;0.00690927;90
107.703;0.00658377;90
102.295;0.00709575;90
93.275;0.00654669;90
92.0662;0.00718367;90
88.2447;0.00708432;90
83.9631;0.00559101;90
84.121;0.00521342;90
87.7609;0.00662906;90
89.6592;0.00638911;90
96.6277;0.00664541;90
93.9853;0.00663304;90
80.0231;0.00715723;90
87.0848;0.00682283;90
86.9112;0.0072936;90
92.7899;0.0079304;90
98.6742;0.00677651;90
101.359;0.00613824;90
103.438;0.00633853;90
113.286;0.0055196;90
124.802;0.00441708;90
146.96;0.00342244;90
124.256;0.0043241;90
110.408;0.00566668;90
104.626;0.00655439;90
108.328;0.0067831;90
103.673;0.00638803;90
98.863;0.00671113;90
95.4935;0.00940118;90
94.8155;0.00505083;90
93.2997;0.00720995;90
95.5349;0.00775516;90
106.272;0.00710564;90
114.205;0.00501707;90
113.188;0.00572444;90
114.812;0.00665318;90
115.691;0.00627424;90
118.715;0.00520968;90
119.507;0.00584742;90
131.724;0.00481407;90
164.941;0.00207838;90
128.276;0.00344824;90
129.469;0.0037929;90
118.621;0.00312938;90
116.67;0.00488582;90
133.192;0.00340571;90
107.405;0.00385133;90
138.402;0.00397954;90
133.885;0.00312459;90
109.175;0.00364736;90
109.264;0.00257942;90
113.754;0.00487826;90
140.554;0.00198;90
76.5493;0.00296637;90
85.353;0.00240691;90
161.121;0.00142781;90
163.902;0.00103144;90
95.7761;0.00182828;90
63.5274;0.00360276;90
51.8064;0.00159303;90
-35.2492;0.000784914;90
-72.9384;0.00440695;90
-91.9231;0.00137077;90
-122.423;0.003124;90
-99.6392;0.00330263;90
-102.509;0.00478766;90
-117.963;0.00144806;90
-116.544;0.00124638;90
118.887;0.00225223;90
113.481;0.00170412;90
-41.4563;0.00139567;90
-71.5452;0.00182906;90
66.7362;0.00518779;90
43.4964;0.000835381;90
-61.1252;0.00337339;90
-68.8003;0.00408441;90
-68.7265;0.00296289;90
-54.2979;0.00409205;90
-40.702;0.00376462;90
-63.2337;0.00407459;90
-62.5375;0.0033979;90
-58.5002;0.00463735;90
-57.322;0.00252816;90
-58.4073;0.00279645;90
-47.5985;0.00319729;90
-35.8313;0.0024274;90
-53.2623;0.00338041;90
-44.4612;0.00428596;90
-60.5804;0.00539696;90
-64.4007;0.00623504;90
-64.5124;0.00577947;90
-66.6351;0.00642485;90
-66.5579;0.00667384;90
-66.2242;0.00669959;90
-77.3617;0.00686944;90
-85.1091;0.00733069;90
-86.0816;0.00698032;90
-85.6427;0.00647572;90
-88.4152;0.00650849;90
-78.0492;0.0058917;90
-76.7459;0.00602345;90
-71.3142;0.00563397;90
-75.3745;0.00672078;90
-67.1014;0.00611923;90
-56.2861;0.0053401;90
-38.4353;0.00430481;90
-59.4266;0.00536134;90
-73.8066;0.0063468;90
-77.6154;0.00715244;90
-81.6934;0.00739255;90
-84.6424;0.0081717;90
-91.9453;0.00754135;90
-94.4609;0.00784276;90
-98.621;0.00765853;90
-85.5212;0.0074658;90
-84.3108;0.00693014;90
-92.4833;0.00678537;90
-91.4763;0.00589996;90
-96.4088;0.00636075;90
-93.8049;0.00661558;90
-90.0239;0.007204;90
-88.2181;0.00758967;90
-81.9044;0.00728561;90
-73.8852;0.00696778;90
-73.8957;0.00643866;90
-72.5484;0.00598865;90
-68.6917;0.00472501;90
-68.6979;0.0036225;90
-57.8255;0.0026216;90
-45.8374;0.00416106;90
-33.4029;0.00409429;90
-24.1095;0.0041544;90
-24.2947;0.0040979;90
-45.6327;0.00493096;90
-77.8239;0.00738207;90
-75.8276;0.00704131;90
-72.3715;0.00676257;90
-65.5324;0.00602398;90
-64.6182;0.00604225;90
-55.8893;0.00525149;90
-49.7229;0.00462037;90
-66.3485;0.00622924;90
-68.4971;0.00570185;90
-78.2018;0.00711123;90
-74.2921;0.00659323;90
-52.7425;0.00546913;90
-18.2365;0.00401675;90
12.4129;0.00369845;90
34.7202;0.00433485;90
31.6456;0.00413598;90
21.8206;0.00277373;90
55.3577;0.00260357;90
52.8752;0.00278683;90
26.5481;0.00151024;90
-145.431;0.00218716;90
-125.166;0.0029395;90
-120.579;0.00189099;90
6.37364;0.00208086;90
9.68924;0.00303023;90
5.52486;0.00343797;90
4.06356;0.00314691;90
2.90723;0.00376585;90
1.49348;0.00291599;90
37.4111;0.00465821;90
59.253;0.00602839;90
61.2948;0.00622732;90
60.2131;0.00658848;90
46.7084;0.00476731;90
42.7402;0.00503923;90
42.8608;0.00464115;90
34.1491;0.00353078;90
0.845066;0.00298332;90
-32.1288;0.00329809;90
-42.7998;0.00390469;90
-38.9304;0.00413287;90
-43.709;0.00411146;90
-65.6403;0.00579929;90
-56.0947;0.00501952;90
-48.1846;0.00476052;90
-51.4082;0.00526478;90
-67.4352;0.006244;90
-46.9161;0.0118217;90
-56.7229;0.0033097;90
-62.7678;0.00626097;90
-67.3732;0.00635515;90
-64.5709;0.0064067;90
-50.1014;0.00457259;90
-54.9471;0.00200581;90
-69.6217;0.00331977;90
-88.2376;0.00656811;90
-90.8726;0.00551564;90
-73.0658;0.00322378;90
-48.8026;0.00234569;90
-36.134;0.00161953;90
-36.1215;0.00169974;90
-52.353;0.00204979;90
-84.9483;0.000908529;90
-133.75;0.0012639;90
-125.334;0.00153715;90
-145.595;0.000711458;90
127.945;0.000713926;90
-34.0512;0.000483986;90
34.9183;0.00165616;90
90.5245;0.00338614;90
136.562;0.00212777;90
144.98;0.0013505;90
141.091;0.00175931;90
122.49;0.00214466;90
113.199;0.00292446;90
118.19;0.00291701;90
116.507;0.00308533;90
121.309;0.00273065;90
120.577;0.00329868;90
116.866;0.0030648;90
102.152;0.00369582;90
102.383;0.00396832;90
110.296;0.00373915;90
118.114;0.00334235;90
111.329;0.00349435;90
118.635;0.00284837;90
143.577;0.00187286;90
134.622;0.00192762;90
127.081;0.00217101;90
113.27;0.00200728;90
119.032;0.00200493;90
138.167;0.00171523;90
-170.757;0.00145691;90
-174.563;0.00145655;90
169.275;0.00144016;90
119.055;0.00271805;90
118.317;0.00234002;90
83.1339;0.00332082;90
90.3204;0.00411306;90
81.0478;0.00336094;90
119.517;0.0011549;90
130.433;0.0032056;90
130.67;0.00316556;90
121.822;0.00377785;90
115.227;0.00408015;90
117.271;0.00395456;90
153.514;0.00291494;90
137.615;0.00331696;90
137.46;0.00324508;90
-100.305;0.00171059;90
49.0029;0.00251211;90
-19.1054;0.00156733;90
2.73857;0.00177903;90
39.6979;0.00211197;90
3.78173;0.00259265;90
47.5833;0.00334165;90
83.3622;0.00501763;90
100.607;0.00215685;90
163.192;0.00146979;90
96.1028;0.00143916;90
-154.954;0.000118106;90
-46.4542;0.00256338;90
71.6729;0.00201627;90
100.85;0.00488737;90
143.157;0.0038274;90
122.422;0.00498742;90
87.2744;0.00384835;90
100.37;0.00559438;90
106.163;0.00477057;90
109.321;0.00480566;90
123.491;0.00439103;90
101.603;0.00566783;90
96.8833;0.00544021;90
118.387;0.00511961;90
106.823;0.00556307;90
84.5723;0.00451424;90
63.6961;0.00470966;90
74.6909;0.00456395;90
65.1363;0.0046996;90
8.60432;0.00227258;90
21.8053;0.00274866;90
71.2055;0.00473655;90
-47.9357;0.00292702;90
-31.0416;0.00353528;90
-50.5946;0.00465656;90
-57.8455;0.00370534;90
-58.3388;0.00342354;90
-46.6068;0.00358078;90
-24.8447;0.0029346;90
-50.6399;0.00319462;90
-57.2874;0.00380441;90
-68.8168;0.00493978;90
-80.2813;0.00382084;90
-94.3657;0.00425635;90
-87.3509;0.0048682;90
-100.37;0.00386107;90
-93.7727;0.00451378;90
-86.3081;0.00361851;90
-48.6779;0.00241408;90
-79.0217;0.00396455;90
-77.8599;0.00511642;90
-80.0376;0.0053121;90
-90.1002;0.00629001;90
-80.6974;0.00507271;90
-65.0876;0.00317877;90
-52.0543;0.00255645;90
-23.1142;0.00231809;90
-40.4238;0.00283605;90
-31.6864;0.00123746;90
86.5178;0.0063387;90
76.4351;0.00657439;90
80.6392;0.00853364;90
80.9083;0.00823344;90
30.4013;0.00415767;90
65.9284;0.00548938;90
56.1643;0.00458323;90
81.3113;0.00644092;90
78.6176;0.00697723;90
61.9455;0.006366;90
68.4735;0.00696588;90
73.9576;0.00730237;90
78.5968;0.00783465;90
72.2828;0.00732125;90
81.7255;0.00819228;90
95.0918;0.00778572;90
81.5796;0.00862497;90
84.8228;0.00811209;90
92.9706;0.00949376;90
100.535;0.0074272;90
116.012;0.00685432;90
133.669;0.00484004;90
125.742;0.00641284;90
146.982;0.00454026;90
114.277;0.00583498;90
107.239;0.00753134;90
91.8208;0.00852931;90
126.173;0.00473715;90
130.028;0.00573571;90
119.767;0.00702148;90
101.657;0.00692891;90
80.678;0.00543883;90
89.7708;0.00200002;90
-81.6842;0.0012653;90
-91.0986;0.0115791;90
-61.4962;0.00690043;90
-54.59;0.00599735;90
-47.3724;0.00522717;90
-87.7573;0.00741068;90
-74.9529;0.00794646;90
-68.2543;0.00706367;90
-35.8903;0.00519416;90
-54.566;0.00539529;90
-49.5408;0.00594847;90
-65.2222;0.00590788;90
-77.0109;0.0078437;90
-86.1457;0.00861348;90
-96.2298;0.00916915;90
-96.5082;0.00858432;90
-86.6517;0.00835526;90
-100.58;0.00943336;90
-105.174;0.00802684;90
-103.726;0.00984103;90
-110.065;0.00783771;90
-115.616;0.00764214;90
-103.197;0.00716624;90
-102.29;0.00753059;90
-123.099;0.00492406;90
-125.355;0.0100737;90
-96.6481;0.00840451;90
-99.5423;0.00706374;90
-101.286;0.00752145;90
-95.2361;0.00497476;90
123.15;0.00297166;90
158.556;0.00286106;90
137.192;0.00266208;90
116.25;0.00366497;90
101.603;0.00502672;90
89.9147;0.00537401;90
96.6487;0.00563993;90
104.289;0.00539283;90
99.0179;0.00440849;90
128.783;0.00262466;90
96.715;0.00325835;90
85.6838;0.00506236;90
79.2701;0.00389409;90
92.4038;0.00400552;90
88.6426;0.0049814;90
92.6267;0.00322939;90
113.717;0.00525589;90
122.452;0.00382416;90
127.295;0.00299048;90
150.446;0.00268425;90
138.74;0.00364229;90
122.177;0.00545128;90
126.538;0.0058957;90
145.165;0.00371834;90
134.534;0.00391114;90
-107.971;0.00504305;90
-176.235;0.00370099;90
-118.928;0.0059539;90
-106.863;0.00562591;90
-111.603;0.00547025;90
-88.1181;0.00301463;90
-71.7015;0.00571077;90
-65.8251;0.00558698;90
-83.9201;0.00731716;90
-64.9228;0.00539119;90
-62.3634;0.00440001;90
-77.2604;0.005809;90
-71.7632;0.00493698;90
-90.2374;0.00555105;90
-59.2023;0.00502922;90
-38.2693;0.00442232;90
-87.4215;0.00626835;90
163.713;0.0017044;90
110.711;0.00163999;90
82.8165;0.000607771;90
-61.9332;0.00177471;90
-45.6099;0.00112931;90
-82.977;0.00243729;90
-97.2291;0.0062144;90
-159.09;0.0031858;90
-159.607;0.00321127;90
-161.955;0.00269559;90
103.949;0.00270476;90
-157.184;0.00190832;90
48.0388;0.00114713;90
53.2415;0.000720201;90
-45.2826;0.0010034;90
-65.5249;0.00638912;90
-27.6143;0.00297939;90
-59.6314;0.00437534;90
-64.3457;0.00497991;90
-54.6982;0.00477259;90
-47.6661;0.00428688;90
-49.4696;0.00447333;90
-67.0396;0.00616003;90
-51.1419;0.00555154;90
-38.4528;0.00449612;90
-58.092;0.00617153;90
-62.2295;0.00669627;90
-66.9951;0.00722347;90
-62.0401;0.00661401;90
-48.0903;0.00411852;90
-47.4073;0.00260941;90
-67.4165;0.00666616;90
-60.0278;0.00568877;90
-21.0467;0.00448307;90
-24.6477;0.00405;90
-37.9687;0.00262828;90
-97.9028;0.00363654;90
-105.127;0.00418086;90
-115.484;0.00189652;90
-161.994;0.000886411;90
138.804;0.00104458;90
-95.8824;0.000331747;90
172.999;0.00177221;90
138.996;0.00282114;90
145.196;0.00159784;90
125.277;0.00209341;90
155.306;0.00178086;90
138.011;0.00271904;90
115.124;0.00323617;90
88.811;0.00481904;90
92.118;0.00619623;90
95.8409;0.00446116;90
128.175;0.00182667;90
132.198;0.00389162;90
121.661;0.00521634;90
111.363;0.00628374;90
113.007;0.00652176;90
120.536;0.00563097;90
128.964;0.00593797;90
145.466;0.00461283;90
114.584;0.00635289;90
122.98;0.00599982;90
131.36;0.00554642;90
123.661;0.00545215;90
116.11;0.00579875;90
133.351;0.00454504;90
143.385;0.00408764;90
144.864;0.00323188;90
-43.1384;0.00130601;90
27.3474;0.00209629;90
-13.9264;0.00202348;90
36.8699;0.002995;90
3.39742;0.00271677;90
63.6559;0.0042906;90
84.712;0.00454635;90
123.66;0.00156065;90
138.142;0.00144467;90
92.5699;0.00111512;90
-174.996;0.00021783;90
-151.479;0.00142834;90
111.275;0.00388045;90
-36.375;0.00104204;90
-93.5297;0.00191664;90
-59.7327;0.00114278;90
-72.1264;0.00103285;90
-38.7914;0.000679982;90
54.2516;0.00101159;90
85.4374;0.00120682;90
-175.17;0.000142506;90
-53.0341;0.0032228;90
-85.8352;0.0024234;90
-101.232;0.00662285;90
-174.641;0.00328737;90
-146.41;0.00332405;90
-175.769;0.00204658;90
-57.7519;0.00370324;90
-30.6806;0.0029848;90
-58.3693;0.00533328;90
-63.7943;0.00613231;90
-49.556;0.00576842;90
-49.2992;0.00562176;90
-63.4056;0.00523151;90
-62.8356;0.00478813;90
-65.1628;0.00129035;90
-82.2967;0.00358838;90
-72.8877;0.00263045;90
-68.4737;0.00305509;90
-75.0503;0.00222118;90
-87.2616;0.00493964;90
-81.8341;0.00430161;90
-81.3824;0.00264284;90
-84.9021;0.00236335;90
-93.7277;0.00339919;90
-98.5219;0.0048182;90
-98.9839;0.00578902;90
-101.916;0.00526444;90
-91.2049;0.0054212;90
-105.125;0.00390529;90
-88.6695;0.00624468;90
-79.0483;0.00530053;90
-76.8238;0.00515471;90
6.30438;0.000883342;90
54.1534;0.00403164;90
-2.50807;0.00457038;90
11.0263;0.00206003;90
22.8519;0.00303849;90
10.1685;0.00124048;90
-99.5375;0.0031323;90
-100.607;0.00530769;90
-84.9179;0.00457197;90
-73.8093;0.00465148;90
-64.698;0.00326635;90
-64.247;0.00381825;90
-55.3152;0.00349874;90
-55.6361;0.00332538;90
-80.4737;0.00117825;90
111.917;0.00202538;90
117.95;0.00370177;90
128.503;0.00347441;90
115.993;0.00452692;90
111.128;0.00358714;90
105.193;0.0037853;90
88.8938;0.00533499;90
74.0893;0.0054425;90
84.8465;0.0010131;90
33.6335;0.00168629;90
39.4986;0.00188819;90
42.9101;0.0020166;90
38.6929;0.00243303;90
47.4463;0.0017892;90
38.1117;0.0021225;90
50.8218;0.000724988;90
66.4961;0.00128131;90
93.2055;0.00346943;90
151.13;0.00315854;90
127.912;0.00268204;90
107.726;0.00319573;90
87.0944;0.00483321;90
92.3365;0.00554361;90
93.1808;0.00342428;90
117.535;0.0015856;90
129.105;0.00128738;90
136.972;0.00225984;90
126.562;0.00424546;90
114.954;0.00520047;90
112.242;0.00681076;90
115.774;0.00440413;90
120.779;0.0055986;90
131.273;0.00419919;90
144.535;0.0036625;90
123.756;0.00479788;90
112.084;0.00576387;90
131.81;0.0045495;90
131.949;0.00449084;90
123.703;0.00495597;90
116.667;0.00555038;90
122.085;0.00329649;90
151.428;0.00341031;90
136.497;0.00384373;90
-158.698;0.00178924;90
38.0228;0.00129226;90
35.094;0.00211682;90
-27.2914;0.00179928;90
26.6751;0.00209609;90
94.5527;0.00139841;90
97.5189;0.0036988;90
43.0133;0.00118299;90
-17.0315;0.00142029;90
42.4589;0.00245608;90
83.9543;0.0025351;90
80.6162;0.00191969;90
92.0634;0.00136088;90
-139.534;0.00165486;90
119.796;0.00167435;90
103.29;0.00227081;90
-46.8764;0.00399517;90
-61.7981;0.00231706;90
-85.1699;0.00579558;90
-112.386;0.00427734;90
-179.961;0.002937;90
-145.281;0.0024089;90
-145.656;0.00128865;90
163.448;0.00145322;90
-65.2299;0.00316962;90
-43.174;0.00714541;90
-65.7019;0.00468062;90
-56.7625;0.00544233;90
-48.2777;0.00541681;90
-54.3131;0.00593807;90
-54.8497;0.0102306;90
-46.892;0.00394073;90
-56.6333;0.00402913;90
-58.4555;0.00423006;90
-64.9139;0.00490354;90
-68.2798;0.00484498;90
-66.3676;0.00440546;90
-57.7203;0.0044284;90
-46.3202;0.002977;90
-40.2726;0.00111537;90
-65.2569;0.002124;90
-85.5756;0.0056388;90
-89.5891;0.00529914;90
-88.5299;0.00459951;90
-59.4038;0.00264645;90
-43.1453;0.00146377;90
-37.1603;0.00193362;90
-37.9538;0.00216739;90
-70.7732;0.00196776;90
-127.061;0.00246241;90
-155.69;0.000602416;90
47.6625;0.00199407;90
78.5697;0.00186703;90
133.435;0.0024086;90
144.274;0.0015225;90
144.625;0.00167897;90
121.961;0.00273925;90
95.8154;0.00402672;90
90.9381;0.00513069;90
91.8697;0.00560899;90
112.761;0.00300609;90
-5.3734;0.000608675;90
-58.231;0.00413678;90
-71.0212;0.00626349;90
-46.7473;0.00463795;90
-20.6546;0.0030618;90
-19.9083;0.00346827;90
-20.2742;0.00252227;90
-12.3808;0.00184695;90
19.5146;0.00387669;90
50.8494;0.00534243;90
54.1619;0.00598637;90
41.6697;0.00447931;90
13.9108;0.00398899;90
-13.5269;0.00357415;90
-17.7522;0.00432599;90
-6.70172;0.00371035;90
8.40275;0.00416066;90
18.2102;0.00419195;90
33.6753;0.00429588;90
33.9197;0.00366826;90
49.3086;0.00462128;90
55.472;0.00529102;90
57.9193;0.00524371;90
73.9211;0.00648467;90
73.415;0.00696475;90
32.3584;0.00397411;90
-12.7224;0.00365985;90
-8.87829;0.00372564;90
-11.8069;0.00375341;90
-11.2678;0.00400214;90
-8.77366;0.00380249;90
41.2629;0.00448056;90
66.1792;0.00665054;90
67.2658;0.00651301;90
67.3066;0.0065967;90
66.9504;0.00600978;90
61.196;0.00555192;90
61.2127;0.00566285;90
71.9956;0.00648032;90
62.5941;0.00557691;90
62.6862;0.00554413;90
48.3737;0.00457797;90
25.5862;0.00384839;90
-27.781;0.00356152;90
-30.299;0.00368078;90
-1.54179;0.00315914;90
-7.74439;0.00285706;90
-16.4228;0.00271997;90
-13.7237;0.0027567;90
7.54162;0.00307056;90
32.3267;0.00334551;90
52.8661;0.00434005;90
67.0814;0.00510499;90
68.5221;0.00460476;90
60.0642;0.00312606;90
22.8737;0.00187548;90
-21.3308;0.00221579;90
-28.1852;0.00164506;90
-46.6314;0.00178829;90
-54.4952;0.00202317;90
-57.8507;0.00227953;90
-49.511;0.0021038;90
-55.0066;0.00343864;90
-67.0445;0.00529209;90
-72.2809;0.00622638;90
-76.8263;0.00721795;90
-72.9429;0.00702292;90
-70.3764;0.00663114;90
-66.7454;0.00604837;90
-63.9221;0.00599646;90
-75.858;0.00722806;90
-61.7646;0.00974222;90
-76.9718;0.0026882;90
-87.0835;0.00713424;90
-94.7903;0.00731656;90
-94.3886;0.00737061;90
-97.8219;0.00754621;90
-101.52;0.0068949;90
-106.123;0.0057689;90
-104.172;0.00615533;90
-102.498;0.00675099;90
-97.7545;0.00701111;90
-86.7593;0.00824318;90
-81.4934;0.00796361;90
-94.9469;0.0136609;90
-96.9213;0.00753491;90
-84.2553;0.00769263;90
-80.7967;0.00749042;90
-80.9752;0.00691055;90
-82.0147;0.00716245;90
-81.0087;0.00685929;90
-81.8071;0.00722777;90
-80.2416;0.00738079;90
-76.4808;0.00731056;90
-77.7382;0.0065402;90
-81.6352;0.00752707;90
-78.7361;0.00634318;90
-76.9672;0.00709065;90
-80.9179;0.00693697;90
-84.525;0.00650869;90
-83.6784;0.00578518;90
-87.9959;0.00534727;90
-89.3718;0.00556333;90
-88.9652;0.00487279;90
-85.0388;0.0049375;90
-76.6798;0.00473539;90
-76.9677;0.00570289;90
-75.6894;0.00663488;90
-76.7873;0.00612514;90
-76.6347;0.00683512;90
-77.2111;0.00728677;90
-79.589;0.00806274;90
-78.8157;0.00688781;90
-78.5086;0.00786567;90
-79.3808;0.00758083;90
-71.8473;0.00654789;90
-56.4976;0.00575754;90
-54.6255;0.00526499;90
-52.1848;0.00538233;90
-52.1677;0.00529875;90
-54.4441;0.00511094;90
-65.8352;0.00635377;90
-69.4065;0.0059107;90
-69.1543;0.00608961;90
-68.3305;0.00508324;90
-51.282;0.00400008;90
-51.6426;0.0044379;90
-48.6789;0.00510239;90
-44.5598;0.00478584;90
-41.4524;0.00457101;90
-46.7588;0.00467689;90
-41.7384;0.00467306;90
-63.0126;0.00582422;90
-75.682;0.00675688;90
-75.6333;0.00714958;90
-75.8269;0.00649779;90
-73.9699;0.00650389;90
-64.4634;0.00672718;90
-67.6101;0.00670767;90
-67.8639;0.0061676;90
-68.5329;0.00709628;90
-74.9243;0.00649763;90
-85.4072;0.00824247;90
-89.901;0.00694301;90
-85.1514;0.00252002;90
-89.1925;0.00432843;90
-80.838;0.00517502;90
-83.0194;0.00521667;90
-65.4223;0.00241148;90
24.159;0.002546;90
-17.112;0.00272566;90
-36.0167;0.00157137;90
-96.6779;0.00209824;90
-80.4905;0.000599235;90
92.9788;0.00221299;90
163.044;0.00520842;90
-148.58;0.0016804;90
-177.574;0.00125212;90
130.885;0.000985419;90
13.954;0.000675947;90
93.49;0.0132896;90
91.7075;0.0094642;90
90.785;0.00832078;90
101.797;0.00682823;90
110.318;0.00737272;90
111.808;0.00685884;90
111.147;0.00764483;90
117.133;0.0064071;90
107.751;0.00739615;90
103.359;0.00767776;90
103.747;0.00792811;90
106.971;0.00746193;90
126.838;0.005459;90
136.294;0.00507125;90
135.622;0.00495287;90
137.671;0.00553771;90
130.998;0.00477258;90
131.501;0.00475071;90
127.076;0.00428283;90
114.531;0.00471347;90
111.025;0.00677293;90
111.608;0.00639223;90
112.589;0.00603715;90
126.847;0.0058782;90
125.643;0.00579333;90
126.238;0.00509691;90
127.011;0.00544382;90
123.228;0.00563899;90
107.115;0.00698638;90
98.7243;0.00756857;90
100.683;0.00693724;90
101.283;0.00746732;90
100.832;0.00730617;90
102.991;0.00661941;90
103.12;0.00764764;90
104.25;0.00629263;90
103.321;0.00761282;90
103.687;0.00354569;90
103.578;0.00388457;90
102.025;0.00433921;90
90.2222;0.00412503;90
91.1888;0.00308466;90
89.9698;0.005691;90
92.9457;0.00762808;90
95.4325;0.00830229;90
99.1815;0.00865489;90
103.734;0.00679837;90
100.735;0.00653335;90
97.8381;0.00732544;90
102.233;0.00615885;90
104.714;0.00764574;90
98.9178;0.00723142;90
98.4325;0.00715333;90
98.682;0.00644586;90
97.9809;0.00705836;90
99.6103;0.00802056;90
99.3024;0.00618636;90
96.7833;0.00719638;90
87.3376;0.00721178;90
82.5183;0.0141848;90
96.8137;0.0163011;90
84.9928;0.00523598;90
77.3276;0.00787688;90
77.5219;0.00538725;90
75.6868;0.0055699;90
73.5886;0.00531974;90
82.259;0.00597646;90
81.3337;0.0059995;90
85.3599;0.00693473;90
85.2117;0.00712788;90
90.5006;0.00606623;90
103.089;0.00667234;90
122.717;0.00530814;90
109.563;0.00603859;90
108.697;0.00643562;90
116.13;0.00518827;90
111.054;0.00635206;90
108.067;0.0070359;90
106.511;0.00638634;90
103.605;0.00593453;90
108.013;0.00510943;90
112.703;0.00436847;90
119.578;0.0037094;90
131.127;0.00182142;90
127.474;0.00214332;90
123.849;0.00210232;90
129.09;0.00214261;90
149.078;0.00140114;90
147.053;0.00252271;90
-174.156;0.00174809;90
-128.406;0.00235825;90
-113.453;0.00503276;90
-112.786;0.00588964;90
-126.083;0.00518709;90
-153.07;0.00330319;90
-178.002;0.00324097;90
163.36;0.00443158;90
170.646;0.00269483;90
180;0.003692;90
151.544;0.00360561;90
153.118;0.00388366;90
-154.724;0.00407515;90
-122.878;0.00575476;90
-119.195;0.00558442;90
-115.234;0.00623718;90
-110.308;0.00636464;90
-118.22;0.00621126;90
-117.327;0.00581608;90
-112.963;0.0064925;90
-112.708;0.00668085;90
-112.391;0.00678882;90
-126.727;0.00545482;90
-165.326;0.00357253;90
168.294;0.00382965;90
168.523;0.00348774;90
166.956;0.00376617;90
169.257;0.00366932;90
-177.377;0.00360478;90
-121.744;0.0056773;90
-101.032;0.00642268;90
-111.985;0.0058472;90
-126.348;0.00573484;90
-126.563;0.00586528;90
-137.624;0.00511279;90
-158.703;0.00318554;90
-153.313;0.00419264;90
-173.867;0.00402503;90
-177.522;0.00351629;90
163.105;0.00389512;90
165.714;0.00344452;90
174.078;0.00377012;90
-149.899;0.0045761;90
-129.031;0.00527675;90
-124.836;0.00574202;90
-141.475;0.00445206;90
-170.757;0.00262103;90
-117.171;0.00186141;90
-100.048;0.00444213;90
-111.29;0.00330774;90
179.494;0.00101904;90
175.708;0.00118933;90
100.076;0.00181195;90
124.502;0.00127289;90
97.8275;0.00182097;90
-11.4579;0.000911159;90
-83.3007;0.00222016;90
-92.5667;0.00203204;90
-1.60547;0.000999392;90
-11.9431;0.00102928;90
54.4467;0.00213256;90
74.9868;0.00288756;90
82.059;0.00372775;90
136.957;0.00258881;90
158.36;0.00336518;90
159.728;0.0038761;90
134.798;0.00482391;90
109.656;0.00681404;90
124.067;0.00412734;90
137.011;0.002983;90
124.616;0.00509614;90
114.573;0.00566067;90
111.788;0.00619665;90
117.769;0.00585532;90
123.567;0.00531182;90
136.24;0.00437943;90
137.519;0.00450438;90
112.896;0.00552099;90
124.56;0.00531852;90
130.995;0.00496045;90
127.569;0.00489896;90
115.249;0.0049278;90
120.75;0.004737;90
146.958;0.00451527;90
134.214;0.0028881;90
158.675;0.0019001;90
-32.8188;0.00111258;90
32.9013;0.00217602;90
-20.2095;0.00203211;90
38.0942;0.00270522;90
2.15948;0.00270692;90
54.9435;0.00393117;90
84.8991;0.00548874;90
131.092;0.00131758;90
157.145;0.00146501;90
82.104;0.00169608;90
-151.763;6.12944e-05;90
-75.6164;0.00192019;90
-65.1409;0.00304956;90
-95.2397;0.00538751;90
-147.442;0.00350833;90
-151.95;0.00424459;90
175.281;0.00193255;90
-71.853;0.00232778;90
-36.8754;0.0041728;90
-52.0144;0.00449905;90
-65.6047;0.00584704;90
-51.6892;0.0053845;90
-51.9453;0.00712832;90
-59.1692;0.0050985;90
-59.2634;0.00609871;90
-32.977;0.00430092;90
-58.1101;0.00583583;90
-56.5411;0.0053615;90
-68.9912;0.011598;90
-54.0227;0.00724128;90
-48.6604;0.00231484;90
-50.3184;0.00319645;90
-69.4688;0.00619873;90
-57.9946;0.00562265;90
-21.951;0.00384149;90
-21.5103;0.00420271;90
-18.2193;0.00218452;90
-82.7821;0.00175894;90
0.848764;0.000675074;90
132.064;0.000552268;90
57.5461;0.00127278;90
13.1138;0.00284725;90
41.1078;0.00455225;90
56.6211;0.00556733;90
40.3097;0.00907996;90
-1.56829;0.00369038;90
60.2551;0.00345065;90
114.296;0.00387412;90
130.366;0.00364077;90
-144.738;0.00135453;90
61.2134;0.000103832;90
-9.18054;0.00250711;90
-62.1941;0.00247814;90
78.778;0.00102255;90
92.9143;0.00391406;90
98.1101;0.00283536;90
82.2506;0.00163897;90
-34.0735;0.00111913;90
8.00642;0.000524109;90
-94.7156;0.000693347;90
128.131;0.00137173;90
102.292;0.00335388;90
84.9235;0.00241849;90
85.5477;0.00221569;90
68.5473;0.00533995;90
98.0312;0.00163908;90
114.977;0.00300061;90
108.89;0.00262541;90
107.823;0.00299263;90
115.384;0.00173556;90
81.5802;0.00117466;90
76.1554;0.00145013;90
80.8828;0.00226562;90
94.2707;0.00271253;90
99.4375;0.00265291;90
97.578;0.00318482;90
98.4908;0.00325771;90
102.238;0.00262771;90
117.858;0.00235831;90
125.562;0.00221638;90
-156.026;0.00155297;90
-115.399;0.00210994;90
-104.9;0.00225171;90
-94.9365;0.0026147;90
-75.1906;0.00323548;90
-45.1436;0.00197496;90
-27.0162;0.000851968;90
119.407;6.31348e-05;90
145.055;0.00219104;90
117.633;0.00227895;90
92.6671;0.00262184;90
83.7297;0.00244462;90
62.4683;0.00188214;90
46.21;0.00174129;90
20.8794;0.00153479;90
-61.6378;0.00176826;90
-63.3556;0.00226111;90
-80.4384;0.00284756;90
-77.962;0.0024693;90
-82.9011;0.00271884;90
-82.1837;0.00327947;90
-85.2166;0.00289007;90
-96.8306;0.00224493;90
-108.418;0.00212695;90
-73.3889;0.000933978;90
-71.9405;0.00246125;90
-71.5227;0.00256524;90
-64.9477;0.0021514;90
-71.3368;0.00277808;90
-69.5413;0.00179097;90
-128.861;0.00173245;90
-104.592;0.00142496;90
-110.471;0.00188717;90
-95.1438;0.00327921;90
-93.6868;0.00284589;90
-89.7251;0.00250103;90
-81.7706;0.00277356;90
-86.9596;0.00337475;90
-86.7934;0.00320001;90
-67.2949;0.00289646;90
-91.6953;0.0020619;90
-97.6837;0.00148836;90
166.576;0.00306267;90
-167.888;0.00350298;90
-147.306;0.00379888;90
-129.386;0.0053992;90
-122.755;0.00583123;90
-149.011;0.00428455;90
-173.711;0.00245578;90
151.193;0.00204623;90
161.025;0.00345368;90
158.193;0.00373099;90
138.292;0.0048276;90
109.662;0.00581613;90
119.193;0.00481798;90
136.607;0.0026725;90
128.622;0.00444268;90
116.086;0.0065859;90
113.935;0.0106334;90
122.155;0.00542636;90
126.432;0.00500275;90
146.067;0.00438716;90
116.988;0.0061261;90
120.272;0.00538185;90
130.073;0.00458556;90
128.526;0.00580702;90
116.843;0.0055321;90
125.179;0.00523148;90
152.981;0.00287702;90
132.561;0.00373903;90
169.492;0.00173815;90
13.9985;0.00110378;90
26.3307;0.00174951;90
122.223;0.00189603;90
-144.028;0.00144198;90
45.4347;0.00139799;90
-137.15;0.00124397;90
23.9764;0.00167339;90
-10.9171;0.00466238;90
4.31489;0.00283102;90
50.9703;0.00333797;90
82.9757;0.00536426;90
110.615;0.00182058;90
163.282;0.00142525;90
93.9308;0.00150253;90
88.9669;0.000610099;90
-134.843;0.0146718;90
-20.9154;0.00121292;90
-57.9266;0.00107155;90
88.7124;0.00218055;90
83.8374;0.00142524;90
97.7808;0.00132217;90
44.7238;0.00132018;90
30.4196;0.000884801;90
58.2101;0.00129649;90
65.3969;0.000953571;90
27.7466;0.000672305;90
-54.522;0.0010045;90
37.5452;0.000746652;90
40.9144;0.000635182;90
49.8849;0.00113762;90
45.9296;0.000828131;90
-1.69298;0.000812355;90
-14.5865;0.000631349;90
-20.6684;0.000835792;90
82.8355;0.00161965;90
89.2774;0.000555044;90
-67.0266;0.00177042;90
-56.2506;0.00241017;90
-96.2252;0.00467557;90
-117.63;0.00447649;90
-177.014;0.00297504;90
-140.527;0.00302492;90
154.794;0.00199827;90
-144.844;0.00211355;90
164.491;0.00100977;90
123.589;0.00331683;90
173.793;0.00308911;90
-157.766;0.00334577;90
-135.161;0.00477228;90
-135.848;0.00525721;90
-133.58;0.00508;90
-120.369;0.00550077;90
-119.259;0.0059478;90
-119.128;0.00655152;90
-134.663;0.0043304;90
-170.903;0.00418059;90
-178.071;0.00386219;90
-177.55;0.00336808;90
-170.931;0.00376203;90
-169.627;0.00393226;90
-164.086;0.00397535;90
-147.611;0.00433665;90
-146.107;0.00439353;90
-178.093;0.00405725;90
151.099;0.00433486;90
119.429;0.00590836;90
102.517;0.0072534;90
104.838;0.00720838;90
114.153;0.00593889;90
118.742;0.00549843;90
131.388;0.00473712;90
117.977;0.00586207;90
114.279;0.00640114;90
110.387;0.00676899;90
105.771;0.00653812;90
101.513;0.00686411;90
111.499;0.00601661;90
148.275;0.00406779;90
155.541;0.00390547;90
155.264;0.00388111;90
142.376;0.00418036;90
136.404;0.00305986;90
129.149;0.00197676;90
109.016;0.00411876;90
111.751;0.0050355;90
106.55;0.00504814;90
106.103;0.00638138;90
106.585;0.00700335;90
99.6138;0.00721533;90
92.3934;0.00732739;90
90.8881;0.00683882;90
85.7207;0.00592351;90
85.9073;0.00459572;90
84.5512;0.00579217;90
89.1238;0.0059507;90
88.0998;0.00678573;90
97.0983;0.00691097;90
91.205;0.00817881;90
79.8279;0.00637013;90
85.6265;0.00715985;90
89.0517;0.00761304;90
94.4078;0.0077419;90
99.915;0.00717821;90
102.178;0.00687368;90
104.598;0.00568967;90
116.28;0.00449008;90
132.428;0.00386116;90
142.364;0.00365193;90
119.794;0.00462079;90
111.362;0.00586387;90
103.232;0.00756689;90
110.444;0.00599779;90
102.192;0.00610366;90
98.9897;0.00663652;90
91.7073;0.00768641;90
94.9216;0.00644577;90
86.9031;0.00161035;90
32.247;0.00311674;90
68.9277;0.00614386;90
86.3629;0.00818148;90
78.5375;0.00810159;90
80.6628;0.00782771;90
70.1799;0.00537649;90
41.1994;0.00398979;90
-24.8698;0.00350724;90
20.3567;0.00326278;90
79.7536;0.00587469;90
96.4166;0.0062099;90
80.2244;0.00631367;90
89.8024;0.00667004;90
105.059;0.00601972;90
101.315;0.00635554;90
81.5539;0.00615475;90
61.8806;0.00402282;90
31.1498;0.00348556;90
54.3934;0.00502562;90
54.8984;0.00484151;90
54.773;0.00495304;90
68.7862;0.00557691;90
75.066;0.00578955;90
77.112;0.00455064;90
71.7428;0.00438262;90
42.0779;0.00267705;90
45.6253;0.00369344;90
62.5932;0.00511399;90
71.4921;0.00397562;90
66.1864;0.00402464;90
64.5565;0.00459242;90
79.8977;0.00665315;90
77.9282;0.00663676;90
73.7044;0.00764096;90
86.9634;0.00468157;90
85.6411;0.00497339;90
71.1771;0.00481025;90
41.1704;0.00417134;90
47.397;0.00410835;90
57.7077;0.00474132;90
78.0715;0.00592188;90
79.5952;0.00671644;90
83.6023;0.00627307;90
78.8463;0.00654462;90
80.3073;0.00666413;90
86.2986;0.00625805;90
96.4336;0.00589009;90
93.6533;0.00557132;90
83.152;0.00518298;90
87.1126;0.00583641;90
92.0692;0.00559465;90
85.288;0.00589191;90
81.8168;0.00763676;90
81.2795;0.00440593;90
87.3823;0.00634963;90
89.8104;0.00574203;90
91.5915;0.00439269;90
99.5856;0.00252222;90
102.236;0.00257142;90
71.2134;0.00278222;90
76.3408;0.00235871;90
75.0547;0.00186509;90
75.84;0.00168417;90
76.4283;0.00149577;90
81.1402;0.00161021;90
89.1818;0.00903392;90
102.406;0.00172221;90
102.921;0.00407416;90
99.9684;0.00586352;90
102.816;0.00631124;90
101.615;0.00608459;90
102.932;0.00366394;90
92.3432;0.00457382;90
79.9093;0.00605567;90
92.428;0.00594834;90
104.955;0.00773085;90
129.009;0.00517601;90
122.235;0.00505634;90
110.268;0.00541849;90
96.9504;0.00585906;90
92.2906;0.00447858;90
85.3806;0.00316629;90
80.1017;0.00484005;90
79.9841;0.00546225;90
81.914;0.00569462;90
86.2034;0.00610139;90
86.7552;0.00572418;90
134.573;0.0019948;90
88.0102;0.0019872;90
75.2167;0.00388769;90
74.6813;0.00434539;90
75.0092;0.00347941;90
100.431;0.00117644;90
104.171;0.000514662;90
-74.383;0.00148585;90
-104.699;0.00653799;90
-66.7833;0.00249614;90
-107.961;0.00202677;90
-94.7334;0.00518669;90
-91.819;0.00696251;90
-95.1495;0.00531445;90
-102.419;0.00583555;90
-98.3085;0.00667809;90
-96.6058;0.00312072;90
-90.432;0.00649918;90
-82.7904;0.00428689;90
-74.1402;0.00643288;90
-61.0951;0.00527973;90
-51.293;0.00549623;90
-71.637;0.00604375;90
-74.188;0.00601874;90
-71.2056;0.0060992;90
-70.1936;0.00631561;90
-75.5616;0.00639291;90
-72.9563;0.00299556;90
-70.7756;0.00378719;90
-53.1418;0.0039244;90
-40.4986;0.00211724;90
-35.3154;0.00329541;90
-33.4642;0.00344749;90
-24.5285;0.0012333;90
-48.4601;0.00345627;90
-64.6118;0.00570497;90
-73.8134;0.00619873;90
-77.6668;0.00619394;90
-79.9229;0.00715538;90
-101.887;0.00729648;90
-124.534;0.00235496;90
122.196;0.00315871;90
136.175;0.00251712;90
-138.258;0.00329691;90
-167.821;0.00346499;90
144.144;0.0044627;90
162.394;0.00378216;90
177.38;0.00242854;90
-150.045;0.00283583;90
173.365;0.00139333;90
-87.3057;0.00536093;90
-91.0072;0.00438068;90
-95.3181;0.0105735;90
-101.36;0.00542222;90
-94.1692;0.00850049;90
-93.3415;0.00458079;90
-86.5831;0.00627516;90
-98.5269;0.00731081;90
-82.6133;0.0067359;90
-85.8275;0.00314734;90
-93.8255;0.00668489;90
-99.7313;0.00647821;90
-98.3639;0.00582293;90
-99.5144;0.00669104;90
-97.7743;0.00567012;90
-100.902;0.00730178;90
-122.559;0.00480519;90
-136.558;0.00361536;90
-136.143;0.00464449;90
-109.132;0.00571466;90
-91.5813;0.00663153;90
-97.5403;0.00669086;90
-110.996;0.00540594;90
-100.93;0.00660279;90
-101.175;0.00633614;90
-122.409;0.00377263;90
-111.033;0.00329342;90
-110.687;0.00413566;90
-114.709;0.00479172;90
-137.48;0.00375826;90
-132.146;0.00322346;90
-109.555;0.00423953;90
-102.237;0.00546824;90
-105.093;0.00631379;90
-119.055;0.00693702;90
-126.769;0.00408461;90
-125.75;0.00369531;90
-124.719;0.00424719;90
-149.131;0.00384346;90
-110.699;0.00498796;90
-93.9771;0.00500305;90
-78.1268;0.00554565;90
-74.2178;0.00569156;90
-88.6821;0.00630467;90
-99.2006;0.00734246;90
-85.6551;0.0056362;90
-93.7655;0.00517718;90
-131.942;0.00328707;90
159.587;0.00328852;90
-163.063;0.00337436;90
-114.992;0.00552427;90
-102.211;0.00661876;90
-100.596;0.00715703;90
-97.3813;0.00798618;90
-99.3787;0.00585425;90
-119.876;0.0049325;90
-151.282;0.00204789;90
-83.9084;0.0106391;90
-91.65;0.00729302;90
-78.2946;0.00761537;90
-75.2694;0.00652444;90
-72.1509;0.00630971;90
-73.3941;0.00741109;90
-61.0262;0.00523524;90
-46.979;0.00485294;90
-44.8278;0.00446964;90
-67.1368;0.00592228;90
-76.5993;0.00645063;90
-77.9816;0.00780406;90
-83.7881;0.0070514;90
-89.6141;0.00742417;90
-92.1473;0.00875415;90
-96.4749;0.00713853;90
-94.4761;0.00885401;90
-82.2768;0.00706912;90
-89.4048;0.00664236;90
-91.1233;0.00601916;90
-93.3339;0.0065;90
-95.5818;0.00654905;90
-92.4807;0.0070466;90
-86.488;0.00728067;90
-86.6896;0.00786212;90
-75.6966;0.00691743;90
-74.5774;0.00791917;90
-71.1391;0.0066786;90
-71.8866;0.00676106;90
-63.4977;0.00326511;90
-49.5029;0.00393588;90
-39.2878;0.00487354;90
-30.3302;0.00435856;90
-21.1267;0.00503009;90
-45.3207;0.00492649;90
-76.6008;0.00676207;90
-76.895;0.00711839;90
-72.986;0.00697528;90
-66.6974;0.00607451;90
-64.721;0.00543993;90
-56.0262;0.006104;90
-50.3547;0.00453111;90
-65.2908;0.00618642;90
-71.5817;0.00873231;90
-78.8485;0.00404334;90
-82.4595;0.00153931;90
-73.7767;0.00490012;90
-64.3481;0.000757676;90
-46.9242;0.000715996;90
-61.7608;0.00107153;90
-46.5987;0.0038524;90
-18.3122;0.00368881;90
13.8655;0.00390581;90
39.1823;0.0041786;90
35.6997;0.00332969;90
8.26821;0.00375503;90
12.8971;0.00405018;90
12.026;0.00337405;90
3.63465;0.00373852;90
1.94561;0.00377017;90
4.00506;0.00385141;90
44.6936;0.005157;90
59.7041;0.00626801;90
61.8391;0.00590954;90
59.2807;0.00598827;90
45.532;0.00479793;90
41.6991;0.00486306;90
45.4676;0.00467837;90
25.597;0.00370569;90
-8.56761;0.00353748;90
-38.3945;0.00381115;90
29.7251;0.00143595;90
-21.7886;0.00165956;90
31.373;0.00244906;90
15.4272;0.00262768;90
43.7832;0.00406254;90
84.0999;0.00556448;90
126.771;0.0018476;90
172.636;0.00110007;90
85.5456;0.00118458;90
93.9644;0.0748812;90
97.1869;0.00838488;90
-57.1689;0.00179466;90
-140.823;0.0016099;90
-91.1876;0.00530714;90
102.322;0.0120475;90
115.172;0.000735884;90
132.299;0.0166419;90
103.807;0.00199875;90
119.004;0.00166022;90
158.804;0.00064997;90
143.569;0.000626418;90
116.822;0.00209656;90
122.515;0.00212273;90
130.87;0.0009032;90
109.274;0.000821015;90
-75.373;0.0469062;90
-112.178;0.00259608;90
-107.572;0.00272936;90
-113.707;0.00147988;90
-96.1725;0.00132066;90
-78.2867;0.00161564;90
-80.5708;0.00142222;90
-87.5171;0.00150041;90
-58.421;0.00158114;90
-73.4491;0.000961852;90
-40.7795;0.00122024;90
-62.0179;0.00119353;90
-69.6072;0.00131438;90
-65.8624;0.00136209;90
-79.2268;0.00169589;90
-89.7838;0.00185501;90
-81.8425;0.00295995;90
-87.0391;0.00191656;90
-78.4001;0.000929995;90
-72.009;0.0017548;90
-78.2916;0.00101512;90
-59.0046;0.000932095;90
-27.9644;0.00115371;90
-28.1081;0.000946647;90
-75.1968;0.00391391;90
-81.4833;0.0028292;90
-79.3453;0.00140624;90
-60.7385;0.00126433;90
-55.967;0.0013901;90
-52.377;0.0011565;90
-85.7056;0.00219015;90
-87.6334;0.00147726;90
-105.824;0.00187401;90
-92.1664;0.00121687;90
-73.5608;0.00156185;90
-87.3296;0.00107317;90
-62.4544;0.000914686;90
-98.4722;0.00116067;90
-92.4575;0.00116607;90
-92.089;0.00145397;90
-107.077;0.00098754;90
-98.5439;0.00107695;90
-88.9795;0.0012352;90
-14.3658;0.00054814;90
-3.00111;0.000515707;90
-35.4594;0.00144624;90
-50.5128;0.00158986;90
-40.2985;0.00119053;90
30.1695;0.000569087;90
-136.91;0.0163553;90
146.586;0.00115129;90
-160.669;0.00608402;90
-137.117;0.00484204;90
-137.006;0.00494924;90
-134.278;0.00488437;90
-119.235;0.00820857;90
-119.118;0.00812141;90
-136.428;0.00709307;90
-178.857;0.00386077;90
-177.473;0.00376566;90
-175.17;0.0037172;90
-171.615;0.00387442;90
-167.719;0.00288195;90
-156.421;0.00629234;90
-140.315;0.00127474;90
-148.949;0.00585497;90
170.002;0.00372659;90
154.335;0.00187942;90
133.698;0.0044828;90
108.6;0.00559631;90
99.6448;0.00619557;90
92.6073;0.00109914;90
69.0604;0.00260504;90
79.597;0.00245333;90
93.3053;0.00225475;90
122.329;0.0031527;90
115.67;0.00366357;90
109.902;0.00180372;90
-170.43;0.000878221;90
-179.357;0.0015151;90
-137.492;0.00123578;90
133.303;0.00114602;90
135.514;0.00267863;90
117.928;0.00526296;90
116.649;0.00673549;90
113.758;0.00664731;90
107.496;0.00632983;90
103.981;0.00710654;90
105.673;0.00772525;90
141.522;0.00407741;90
156.963;0.00441073;90
154.51;0.0041965;90
141.216;0.00410129;90
133.012;0.00385252;90
128.235;0.00157865;90
81.1385;0.00166184;90
103.825;0.00276201;90
109.32;0.00100351;90
-74.785;0.00225193;90
-72.7537;0.00231718;90
-100.359;0.00114567;90
114.732;0.00146761;90
110.805;0.00400624;90
110.55;0.00603078;90
106.684;0.00688275;90
106.542;0.00751609;90
102.702;0.00669895;90
93.2722;0.00835662;90
91.4282;0.00734228;90
86.3733;0.00687677;90
84.6996;0.00553165;90
84.5877;0.00514192;90
88.0433;0.00735129;90
91.4527;0.0084017;90
98.0762;0.00735999;90
83.5998;0.00749068;90
82.7396;0.0092421;90
90.6818;0.00613443;90
90.5994;0.00764742;90
100.277;0.00767311;90
100.146;0.00730016;90
104.398;0.00633394;90
114.834;0.00555022;90
132.911;0.00411244;90
133.86;0.00518695;90
117.941;0.00497266;90
105.78;0.00703097;90
106.841;0.00676515;90
102.609;0.0163401;90
89.7066;0.00527207;90
94.9279;0.00724077;90
94.9105;0.0077103;90
94.5838;0.00759529;90
110.508;0.00666222;90
113.483;0.00628887;90
113.219;0.00648312;90
113.425;0.0059112;90
115.58;0.00624626;90
116.403;0.00474496;90
118.012;0.00497818;90
133.729;0.00357035;90
141.137;0.00268542;90
172.348;0.000931292;90
122.633;0.00154843;90
131.006;0.00427353;90
123.873;0.00400468;90
119.781;0.00332401;90
121.887;0.00411736;90
123.672;0.00171347;90
109.482;0.00242271;90
127.051;0.00361482;90
137.639;0.00299494;90
121.088;0.00348795;90
117.584;0.000855208;90
107.027;0.00105525;90
111.03;0.00231843;90
113.732;0.00401776;90
128.744;0.00191422;90
95.3609;0.00105963;90
77.4148;0.00363944;90
56.1876;0.0025985;90
82.2258;0.00143418;90
108.583;0.00159095;90
102.888;0.00133155;90
114.675;0.00199297;90
143.387;0.000712607;90
-109.953;0.00176707;90
-115.207;0.00264154;90
-109.298;0.0020788;90
-67.2184;0.00128093;90
-53.5882;0.00115064;90
-112.79;0.00254032;90
-140.855;0.00147636;90
-134.872;0.00443923;90
-137.141;0.00208176;90
-134.186;0.00333293;90
-147.862;0.00310358;90
124.717;0.00541863;90
94.4877;0.00805168;90
96.6339;0.00855226;90
126.537;0.0058807;90
137.564;0.00594423;90
136.635;0.00748282;90
121.04;0.00712526;90
100.265;0.0122613;90
96.9307;0.0112623;90
99.6394;0.0126608;90
108.393;0.0104109;90
116.49;0.0106468;90
117.474;0.00898878;90
117.313;0.00681701;90
116.731;0.00679186;90
117.503;0.00773291;90
116.841;0.00936163;90
111.181;0.00947937;90
107.354;0.0112312;90
107.749;0.0113502;90
107.638;0.0118711;90
106.666;0.0117715;90
104.222;0.0123124;90
103.937;0.0120198;90
100.331;0.0125911;90
100.649;0.012658;90
105.007;0.012196;90
109.95;0.0110374;90
104.439;0.0119629;90
110.096;0.0119122;90
116.046;0.00982479;90
108.102;0.0104376;90
107.217;0.00953737;90
99.2178;0.00947637;90
108.567;0.00861438;90
113.615;0.00983564;90
145.575;0.00378364;90
-174.522;0.00318454;90
147.371;0.00311573;90
102.623;0.0052212;90
104.567;0.0028031;90
101.069;0.00191156;90
105.836;0.00286576;90
102.514;0.00489222;90
105.611;0.00551443;90
103.683;0.00685249;90
103.425;0.00777444;90
103.089;0.00776269;90
98.3606;0.00920887;90
95.117;0.00803904;90
116.312;0.0061725;90
143.738;0.00522249;90
125.6;0.00720817;90
119.12;0.00717373;90
142.6;0.00767733;90
137;0.00524781;90
130.938;0.00661888;90
141.771;0.00543953;90
152.436;0.00387256;90
102.752;0.00772452;90
96.1556;0.00760988;90
95.7832;0.00871335;90
109.444;0.00914451;90
114.475;0.0100556;90
104.07;0.00953917;90
101.511;0.0112003;90
93.1467;0.0118959;90
96.1482;0.011998;90
93.9096;0.0114106;90
90.7087;0.0176243;90
109.822;0.0084369;90
118.922;0.00410039;90
119.601;0.00236461;90
117.975;0.000763178;90
121.988;0.00139125;90
114.631;0.00247853;90
120.972;0.00378926;90
119.667;0.00375181;90
121.554;0.00581119;90
119.398;0.00605239;90
122.694;0.00745158;90
131.695;0.00608416;90
130.088;0.00706094;90
160.34;0.00527873;90
-135.352;0.0063266;90
-133.451;0.0068282;90
-135.487;0.00731882;90
-166.483;0.00524117;90
152.344;0.00563815;90
152.458;0.00472326;90
112.019;0.00700169;90
106.764;0.00867466;90
123.805;0.0074807;90
126.892;0.0066332;90
114.4;0.00916234;90
118.368;0.0060699;90
118.619;0.00444279;90
121.157;0.00244112;90
126.222;0.00231675;90
112.834;0.00276248;90
120.905;0.00167829;90
119.543;0.00123105;90
116.425;0.00109657;90
118.362;0.000955718;90
115.566;0.00156414;90
115.086;0.00256384;90
116.355;0.00377317;90
107.652;0.00430363;90
107.828;0.00579425;90
107.034;0.00576909;90
110.262;0.00809385;90
107.863;0.00659178;90
110.955;0.00724198;90
105.062;0.00941238;90
111.092;0.00944259;90
110.691;0.0096654;90
113.69;0.00936079;90
122.209;0.00835824;90
129.78;0.00481841;90
115.369;0.00668685;90
100.491;0.00739257;90
94.3269;0.00838991;90
95.1475;0.00906154;90
98.7914;0.009533;90
114.005;0.00677937;90
113.962;0.00735486;90
105.812;0.00544609;90
121.698;0.00412419;90
148.391;0.00210065;90
151.07;0.0016476;90
148.973;0.00155789;90
150.412;0.00203542;90
154.16;0.00116553;90
150.364;0.00162796;90
158.478;0.00167369;90
127.332;0.00225747;90
109.067;0.00332755;90
109.536;0.00297847;90
112.846;0.00386088;90
108.425;0.0076407;90
106.217;0.0044938;90
94.7762;0.00682169;90
89.6245;0.0109862;90
100.995;0.00982027;90
114.2;0.00856025;90
110.649;0.00856953;90
111.646;0.0118712;90
118.117;0.0107496;90
121.834;0.00665268;90
122.908;0.016135;90
121.327;0.0302816;90
111.994;0.0128221;90
118.564;0.00821719;90
117.228;0.00831426;90
115.655;0.0147568;90
132.628;0.00422009;90
122.953;0.00875805;90
111.865;0.0102223;90
129.67;0.00825866;90
151.622;0.00685474;90
149.998;0.00690756;90
125.088;0.00863898;90
113.935;0.00989161;90
101.006;0.0110737;90
106.8;0.0101753;90
139.083;0.00704156;90
131.956;0.00742945;90
127.907;0.00846379;90
137.971;0.00826729;90
128.049;0.00834937;90
124.553;0.00860243;90
128.922;0.00956933;90
131.79;0.0139165;90
147.151;0.00521724;90
123.994;0.00695216;90
108.322;0.00976924;90
103.983;0.0106733;90
117.927;0.00867303;90
115.575;0.00782025;90
105.217;0.00914359;90
106.99;0.00925387;90
107.281;0.00958048;90
106.964;0.00895568;90
107.39;0.00629366;90
108.959;0.00480149;90
105.356;0.00277923;90
118.034;0.000697883;90
101.07;0.00186979;90
108.156;0.00279201;90
106.954;0.0032304;90
106.749;0.00389002;90
106.665;0.0049238;90
97.5293;0.00666244;90
84.8108;0.00792749;90
84.8995;0.0111582;90
79.456;0.00539917;90
75.6837;0.00848448;90
80.202;0.0104657;90
85.3038;0.0105775;90
85.1958;0.0104357;90
84.2589;0.0242918;90
81.7244;0.00657244;90
74.1872;0.00789372;90
71.7093;0.00452144;90
74.0038;0.00355984;90
70.9327;0.0024642;90
78.4831;0.00206355;90
70.9314;0.00234466;90
73.5892;0.00167421;90
65.556;0.00015708;90
72.1339;0.00515983;90
73.1713;0.00296707;90
68.1816;0.00376683;90
69.2083;0.00446797;90
70.6528;0.00482656;90
74.3356;0.0066666;90
86.7316;0.00696333;90
104.779;0.00707196;90
91.819;0.00878943;90
85.9369;0.00925827;90
79.8427;0.00815989;90
84.5905;0.00836927;90
93.8765;0.0104429;90
119.441;0.00804029;90
107.614;0.008873;90
95.1813;0.0118705;90
94.7213;0.00978019;90
95.2692;0.0113028;90
95.1376;0.0108546;90
91.6396;0.0109395;90
87.6604;0.00952894;90
92.8665;0.0111379;90
90.0437;0.010481;90
88.933;0.011492;90
104.794;0.0106677;90
99.6194;0.0107958;90
104.794;0.0101588;90
117.502;0.00929434;90
113.302;0.00967953;90
102.76;0.0113503;90
105.994;0.0112546;90
106.644;0.011242;90
107.944;0.0110326;90
104.883;0.0110652;90
103.852;0.0118208;90
101.202;0.0112116;90
95.1062;0.0093481;90
99.9538;0.0106564;90
99.3735;0.00869409;90
98.1135;0.00780816;90
93.2;0.0124324;90
96.4676;0.0104314;90
97.4625;0.0116033;90
95.83;0.0121287;90
98.2742;0.0120909;90
96.6436;0.0225857;90
96.8001;0.00934071;90
97.9566;0.00261518;90
98.7214;0.00246652;90
97.3751;0.0025864;90
100.911;0.00284238;90
94.1433;0.00127333;90
93.2864;0.00092452;90
96.7093;0.0489079;90
103.315;0.0087492;90
101.412;0.0062618;90
100.093;0.0108875;90
99.7691;0.0125885;90
97.2304;0.010186;90
98.2767;0.0120525;90
98.4316;0.0122009;90
99.4742;0.0111055;90
99.1835;0.012093;90
97.4244;0.0129859;90
97.0812;0.0102129;90
91.0566;0.0136653;90
90.2858;0.0100251;90
90.4584;0.0118754;90
92.5123;0.00809878;90
80.6824;0.00982665;90
78.9534;0.0107094;90
80.443;0.0124315;90
79.8931;0.0105649;90
84.6865;0.0121161;90
84.669;0.0117749;90
80.0621;0.00837872;90
86.5662;0.0201852;90
92.9515;0.0115553;90
92.7764;0.0132335;90
93.0986;0.0133385;90
92.0478;0.0120617;90
93.1699;0.0121346;90
93.6914;0.00953679;90
91.0202;0.012862;90
92.622;0.0121757;90
92.7865;0.0103673;90
92.8931;0.00905454;90
102.779;0.00757257;90
117.421;0.00517663;90
118.822;0.00488289;90
111.991;0.00376815;90
126.808;0.0020446;90
114.725;0.00103046;90
120.61;0.00144542;90
120.834;0.00271586;90
122.376;0.00388254;90
116.981;0.00523925;90
116.232;0.00446148;90
118.13;0.00537259;90
118.201;0.00764555;90
117.395;0.00707208;90
117.795;0.00822839;90
117.12;0.0090972;90
117.896;0.00979975;90
121.691;0.00957108;90
133.943;0.284687;90
-157.907;0.00522461;90
-139.935;0.00582766;90
-130.375;0.00727862;90
-132.975;0.00746393;90
-136.773;0.00708436;90
-164.542;0.00722227;90
178.64;0.0538292;90
159.677;0.00707438;90
173.96;0.00609182;90
-154.171;0.00717032;90
-164.067;0.0203196;90
142.08;0.00839941;90
136.482;0.00779139;90
141.553;0.0323565;90
151.9;0.0226939;90
134.548;0.00851595;90
136.184;0.00769709;90
143.316;0.0232373;90
132.018;0.00848121;90
133.031;0.0608096;90
168.907;0.00569133;90
152.916;0.00415121;90
141.898;0.00524581;90
152.909;0.00350451;90
130.841;0.00522655;90
131.817;0.00483983;90
118.78;0.00492885;90
105.47;0.00730673;90
100.542;0.00250325;90
94.7149;0.00371056;90
98.786;0.00207535;90
89.3333;0.00137509;90
103.736;0.00273317;90
118.45;0.00305836;90
-71.8322;0.123079;90
108.246;0.129564;90
-65.4531;3.25413;90
155.734;0.00109253;90
166.303;0.000941782;90
93.8371;0.00165872;90
115.386;0.00117329;90
164.014;0.00136166;90
103.378;0.00111938;90
72.6625;0.00165101;90
-57.722;0.0010917;90
29.4009;0.000144627;90
32.1743;0.00150987;90
0.380897;0.00285806;90
-73.6171;0.00489265;90
-103.123;0.00243561;90
141.256;0.00256297;90
75.8801;0.000332032;90
-15.8476;0.00249378;90
95.8422;0.00476475;90
138.892;0.00339629;90
-146.857;0.00133522;90
-149.578;0.00107037;90
-152.088;0.000608826;90
21.8152;0.000772307;90
47.5839;0.00138026;90
4.29911;0.00114723;90
-36.5361;0.00329566;90
-89.5791;0.00571715;90
-176.281;0.00135686;90
131.841;0.00142416;90
83.3849;0.00151911;90
-69.1131;0.00188486;90
-44.0661;0.00151836;90
-81.8808;0.00147983;90
-96.2282;0.00604669;90
-137.005;0.00321294;90
-175.635;0.00314011;90
-134.747;0.00192476;90
176.662;0.00166583;90
-71.6334;0.00291657;90
-31.8426;0.00365627;90
-56.2475;0.00457878;90
-64.4067;0.00566925;90
-51.1409;0.00561198;90
-57.165;0.0163918;90
-36.8638;0.0037622;90
-52.8684;0.00503605;90
-52.1162;0.00512;90
-64.8365;0.00616176;90
-68.3006;0.00604755;90
-66.6504;0.00617904;90
-47.5522;0.00449388;90
-52.3004;0.0019198;90
-72.2947;0.00355121;90
-87.4944;0.00635908;90
-89.748;0.00523005;90
-76.4554;0.00342012;90
-47.021;0.0023059;90
-36.2936;0.00216751;90
-45.0862;0.00282136;90
-88.3969;0.00146557;90
-124.729;0.00267687;90
-155.447;0.000738805;90
57.9416;0.00137344;90
79.3015;0.00384076;90
141.813;0.00206234;90
144.96;0.00236701;90
124.055;0.00318044;90
90.798;0.0041644;90
90.7452;0.00668957;90
94.5919;0.00482148;90
120.234;0.00218061;90
133.61;0.00314755;90
123.875;0.00437938;90
114.576;0.00642944;90
112.036;0.00531743;90
118.428;0.00665895;90
122.233;0.00609535;90
146.292;0.00443816;90
124.772;0.00553911;90
111.362;0.00525719;90
133.16;0.00394274;90
130.218;0.00451291;90
127.564;0.0040925;90
119.181;0.00395839;90
113.804;0.00415989;90
132.05;0.00283076;90
147.512;0.00292114;90
135.719;0.00276006;90
139.613;0.00266382;90
-104.772;0.00166296;90
45.5494;0.00206485;90
17.0867;0.00131714;90
101.228;0.00178211;90
-147.061;0.00152278;90
173.564;0.000660161;90
39.3684;0.00117452;90
110.952;0.000288045;90
-116.05;0.00144366;90
-7.7333;0.00234836;90
-56.5526;0.00144057;90
23.2195;0.00180087;90
33.9677;0.00246096;90
6.40124;0.00279845;90
67.0214;0.00410362;90
85.0017;0.00486651;90
155.174;0.00157671;90
124.604;0.0011481;90
92.406;0.00119105;90
42.4362;0.000284542;90
-74.761;0.00249576;90
-89.9247;0.00913201;90
-160.942;0.00270422;90
-165.062;0.00291346;90
-136.429;0.001786;90
-164.664;0.00173167;90
-49.2566;0.00362969;90
-29.0761;0.00336852;90
-72.8796;0.110965;90
-77.295;0.0020461;90
-64.4542;0.00268997;90
-63.4349;0.00418816;90
-63.0605;0.00266858;90
-58.6991;0.00291415;90
-67.0472;0.00401053;90
-44.2513;0.00135281;90
-83.764;0.00224629;90
-106.966;0.00218301;90
105.904;0.000945178;90
87.385;0.00376993;90
51.9217;0.000815581;90
134.37;0.00212216;90
117.388;0.00283473;90
139.065;0.00322191;90
114.118;0.00291223;90
111.602;0.00624999;90
86.3845;0.012036;90
73.9866;0.00254474;90
24.2479;0.00142688;90
38.8291;0.00285487;90
45.9647;0.00218386;90
51.3017;0.00278942;90
32.8606;0.00164763;90
44.4272;0.00233428;90
54.6424;0.00218256;90
116.058;0.00166638;90
82.7866;0.00160873;90
77.8885;0.00214474;90
96.4397;0.00343266;90
109.338;0.00170626;90
117.937;0.00272789;90
90.5339;0.00279012;90
69.9558;0.00280383;90
81.5813;0.00176906;90
161.345;0.00131615;90
-140.28;0.00170571;90
82.2269;0.00163401;90
175.741;0.00201958;90
65.2223;0.00159151;90
4.67742;0.00198662;90
-168.095;0.00211346;90
-138.094;0.00068123;90
116.42;0.00141365;90
109.295;0.00250576;90
172.513;0.00137371;90
132.488;0.0068903;90
115.54;0.0043002;90
106.997;0.00701962;90
122.245;0.00529103;90
124.077;0.00501155;90
127.676;0.00449284;90
142.712;0.00394671;90
122.048;0.00508259;90
113.063;0.00637665;90
139.651;0.00453476;90
134.672;0.00444919;90
115.572;0.00699189;90
117.561;0.00486508;90
146.584;0.00208819;90
138.098;0.00409518;90
137.822;0.00314549;90
-113.132;0.00168768;90
50.654;0.00170819;90
-5.82719;0.00273815;90
29.4902;0.00379463;90
4.04428;0.00276488;90
74.9847;0.00783553;90
115.771;0.00319475;90
156.141;0.00101362;90
90.1594;0.00143801;90
-3.82783;0.000554236;90
-73.2197;0.00223413;90
-53.9726;0.00223064;90
-95.6003;0.00480594;90
-116.631;0.00386393;90
178.551;0.0024918;90
-149.097;0.0024183;90
-156.951;0.00191052;90
-139.467;0.00118021;90
-49.1507;0.00345834;90
-28.2846;0.0031149;90
-61.7976;0.00485201;90
-63.9478;0.00549648;90
-49.9878;0.00465199;90
-47.3921;0.00491302;90
-58.4395;0.00526941;90
-67.4797;0.00518001;90
-50.4499;0.00221122;90
-74.4233;0.00262543;90
-86.0135;0.00329397;90
-70.1707;0.00184542;90
-66.2066;0.00258031;90
-69.2378;0.00165872;90
-84.0956;0.0034121;90
-87.7066;0.00332366;90
-80.777;0.00306968;90
-83.1664;0.0027314;90
-84.669;0.00258317;90
-94.3745;0.00344804;90
-98.2552;0.00427631;90
-99.8135;0.0050164;90
-97.7164;0.00264394;90
-103.25;0.00486039;90
-90;0.005064;90
-103.724;0.00450153;90
-85.7656;0.00537668;90
-79.4042;0.00501959;90
-74.6154;0.00461746;90
22.3569;0.00107263;90
46.8094;0.00369506;90
-3.04416;0.0029752;90
8.00328;0.00306687;90
15.6087;0.00289891;90
-3.11198;0.00163942;90
-107.409;0.00385037;90
-97.7296;0.00521942;90
-79.5879;0.00449298;90
-71.7777;0.00425962;90
-62.2391;0.00336423;90
-61.6621;0.00365727;90
-54.0824;0.00264737;90
-57.7166;0.00297132;90
-53.886;0.00140992;90
127.94;0.00261206;90
120.681;0.00337085;90
121.593;0.00371454;90
116.157;0.00358182;90
110.212;0.00440527;90
101.466;0.00473858;90
85.764;0.00515809;90
71.3098;0.00397565;90
118.088;0.000875059;90
-158.315;0.00237616;90
-165.794;0.00310908;90
172.428;0.00322513;90
-160.77;0.00284791;90
-124.396;0.00342359;90
121.484;0.0015854;90
100.957;0.00493496;90
101.924;0.0057787;90
86.7896;0.00530332;90
81.4793;0.00533185;90
82.0111;0.0063678;90
81.5949;0.00615713;90
78.1444;0.00455108;90
83.4777;0.00389118;90
91.5032;0.0032021;90
98.1538;0.00376506;90
99.0938;0.00380887;90
92.4369;0.00468023;90
97.0219;0.00227406;90
125.596;0.00159259;90
116.911;0.00170347;90
100.69;0.00306214;90
100.181;0.00334365;90
113.733;0.0022088;90
116.894;0.00444582;90
116.594;0.00524045;90
130.243;0.00410972;90
130.634;0.0048677;90
124.841;0.00426567;90
115.094;0.00547033;90
127.292;0.00317889;90
147.473;0.00328062;90
135.709;0.00383069;90
166.53;0.00196197;90
14.8175;0.001263;90
18.1077;0.00188222;90
-20.3231;0.0018715;90
37.6942;0.00216862;90
13.2808;0.00244643;90
25.5516;0.00268012;90
81.1173;0.00526515;90
91.4874;0.00323609;90
166.206;0.00148894;90
107.031;0.00134184;90
-155.488;0.0105355;90
137.385;0.00256548;90
135.296;0.00670983;90
168.611;0.0072263;90
-166.442;0.00665444;90
-156.586;0.0589424;90
113.827;0.00102977;90
122.514;0.00185115;90
108.809;0.363307;90
-128.207;0.00233143;90
-150.043;0.00117152;90
-132.39;0.00406867;90
-129.12;0.00262302;90
-151.972;0.00434341;90
138.067;0.00311857;90
96.9945;0.0160625;90
128.117;0.0162669;90
109.208;0.0764193;90
116.498;0.0130734;90
118.215;0.0091502;90
116.746;0.00790812;90
110.364;0.0157194;90
106.649;0.00550061;90
107.483;0.0133947;90
107.87;0.0162615;90
102.677;0.0564583;90
108.319;0.0782823;90
99.9482;0.00732818;90
109.493;0.0154782;90
129.41;0.00673682;90
-162.741;0.00328282;90
147.954;0.00359594;90
102.587;0.00675945;90
104.288;0.00690869;90
102.463;0.00899904;90
103.71;0.0082233;90
103.776;0.0102045;90
100.91;0.00920945;90
96.0283;0.0103884;90
103.911;0.00609372;90
140.685;0.0071451;90
132.306;0.00484479;90
116.3;0.00965097;90
142.672;0.00983051;90
130.028;0.0106225;90
146.711;0.00974743;90
102.317;0.0352995;90
105.798;0.0226007;90
95.6338;0.0219621;90
95.7469;0.0100565;90
90.5861;0.0212141;90
105.309;0.011272;90
118.5;0.00788216;90
118.718;0.00884497;90
119.798;0.00908753;90
119.394;0.00886071;90
129.008;0.0159397;90
136.759;0.00684307;90
-141.725;0.00620086;90
-131.835;0.00806908;90
-134.873;0.00734332;90
-157.915;0.0060348;90
162.138;0.00512188;90
138.635;0.00534304;90
113.77;0.00857434;90
103.374;0.00593597;90
123.032;0.00736191;90
125.209;0.00754297;90
115.362;0.007989;90
116.114;0.00856977;90
121.661;0.00837318;90
118.445;0.00982744;90
111.029;0.0105453;90
108.372;0.0123326;90
108.946;0.0123723;90
107.6;0.0112412;90
108.663;0.00959348;90
110.352;0.0105091;90
111.718;0.0116392;90
121.062;0.00844254;90
120.879;0.0145237;90
101.128;0.00587037;90
94.7337;0.0101667;90
95.497;0.00306911;90
95.4463;0.0141499;90
114.383;0.0067435;90
119.418;0.00557024;90
106.747;0.0077424;90
112.689;0.00355946;90
145.473;0.00243123;90
147.643;0.00165734;90
157.658;0.00155471;90
143.234;0.0017676;90
156.049;0.00156912;90
145.988;0.000690058;90
152.538;0.0012859;90
149.345;0.00152979;90
142.924;0.00161061;90
115.661;0.00232535;90
109.147;0.00259453;90
108.93;0.00348022;90
111.322;0.00379797;90
110.085;0.00566662;90
103.483;0.0088355;90
90.5987;0.00985754;90
93.5369;0.00870458;90
108.665;0.010705;90
110.831;0.00946253;90
111.421;0.0113629;90
114.713;0.0100197;90
122.321;0.00888218;90
123.835;0.010009;90
124.274;0.00873116;90
120.781;0.0264245;90
114.131;0.0107603;90
115.386;0.00999958;90
116.006;0.00943979;90
116.126;0.0162258;90
127.99;0.0113042;90
111.472;0.0100043;90
120.02;0.00832704;90
149.98;0.00653807;90
151.803;0.00634496;90
137.425;0.00820625;90
117.602;0.00877577;90
105.448;0.0102265;90
101.032;0.00949037;90
120.281;0.009902;90
139.957;0.00702096;90
123.949;0.00909302;90
137.25;0.00716852;90
136.293;0.00789474;90
123.779;0.00950924;90
126.206;0.00792293;90
132.952;0.00773715;90
135.247;0.00688728;90
131.261;0.00744967;90
136.082;0.00681631;90
111.767;0.00945189;90
104.151;0.0118908;90
113.615;0.00981817;90
116.494;0.00761918;90
107.71;0.00971751;90
106.886;0.0102593;90
106.983;0.0102364;90
106.662;0.0101523;90
108.182;0.00738367;90
106.308;0.00436252;90
107.463;0.00283254;90
105.664;0.00351867;90
108.316;0.00305793;90
106.527;0.00511118;90
101.743;0.00736516;90
86.611;0.00761231;90
85.0349;0.00798396;90
81.8137;0.0105273;90
75.5215;0.0121912;90
84.8914;0.0358926;90
85.3058;0.00685499;90
81.4017;0.0137253;90
77.3196;0.007093;90
73.8789;0.0084201;90
96.079;0.46378;90
96.3004;0.00222343;90
98.3706;0.00249356;90
97.7816;0.00267362;90
97.4367;0.00232556;90
101.856;0.00117302;90
99.9633;0.00141027;90
96.7348;0.00335112;90
93.877;0.00326848;90
96.9955;0.00488537;90
98.69;0.00946465;90
96.3402;0.00846679;90
91.3023;0.0105597;90
103.335;0.0101887;90
101.833;0.0107923;90
100.102;0.0108725;90
99.5965;0.0124289;90
98.1664;0.0109258;90
97.7874;0.0115132;90
97.9703;0.0123251;90
99.6158;0.0106202;90
99.7063;0.012082;90
97.832;0.0110884;90
97.0105;0.0126586;90
91.2506;0.0115458;90
90.8171;0.0106591;90
89.524;0.0109544;90
91.6539;0.0112257;90
82.1751;0.00807216;90
79.3254;0.011904;90
80.362;0.0109364;90
79.4139;0.0105872;90
84.4;0.0132502;90
83.4156;0.0107791;90
83.1361;0.0101246;90
82.4452;0.00922609;90
90.6121;0.0103896;90
91.2745;0.0130382;90
93.5392;0.0103838;90
92.9738;0.0135893;90
92.1627;0.0133555;90
90.9303;0.00917721;90
95.2708;0.0117457;90
90.374;0.0117973;90
92.0714;0.0113984;90
93.5188;0.0101832;90
92.7857;0.0111522;90
101.378;0.00838887;90
118.281;0.00833488;90
117.437;0.00367428;90
121.507;0.00254876;90
123.044;0.00142678;90
117.534;0.00142771;90
118.247;0.00167554;90
115.287;0.00188458;90
118.75;0.00301462;90
117.254;0.00453999;90
117.568;0.0052095;90
117.396;0.00635021;90
117.341;0.0076248;90
117.682;0.00731646;90
117.831;0.0089062;90
117.468;0.00939399;90
117.87;0.00979965;90
122.466;0.00964428;90
127.817;0.0088104;90
132.972;0.00895334;90
132.204;0.00858035;90
128.852;0.00848387;90
133.011;0.00839417;90
156.507;0.00665023;90
160.143;0.00676525;90
163.187;0.00654791;90
160.606;0.00731189;90
158.821;0.00618903;90
149.666;0.00864096;90
148.026;0.00897575;90
141.854;0.00708636;90
141.403;0.00466632;90
138.932;0.00407333;90
136.047;0.00317402;90
148.487;0.000715525;90
129.595;0.00135874;90
146.243;0.00141809;90
138.038;0.00153446;90
139.886;0.00178486;90
152.254;0.00123726;90
138.355;0.00167943;90
146.539;0.00186991;90
139.117;0.00392041;90
144.828;0.00468546;90
144.713;0.00600169;90
153.241;0.00569485;90
147.497;0.0054769;90
148.133;0.00618055;90
149.741;0.00903146;90
126.755;0.00749002;90
119.351;0.00808713;90
110.826;0.0115347;90
97.3373;0.0132878;90
91.7391;0.0142015;90
86.3872;0.0224556;90
88.5719;0.0148456;90
94.1057;0.00730475;90
98.0931;0.00766433;90
102.955;0.00546409;90
178.825;0.0483572;90
-151.344;0.00631215;90
-136.45;0.00575769;90
-134.133;0.00808669;90
-131.106;0.00836104;90
-147.616;0.00767932;90
-178.141;0.0241367;90
-152.987;0.00371646;90
-165.755;0.00325922;90
-177.727;0.00133605;90
178.416;0.0023509;90
174.837;0.00282245;90
172.344;0.00331758;90
175.656;0.00477873;90
173.754;0.00486186;90
162.709;0.0059216;90
165.875;0.0155058;90
-156.478;0.00512156;90
-148.886;0.00681778;90
-149.637;0.00654234;90
-171.573;0.00734227;90
146.429;0.0065158;90
134.754;0.00724367;90
139.649;0.0114028;90
136.722;0.00282405;90
136.405;0.00467255;90
135.08;0.00655559;90
146.166;0.0042063;90
144.629;0.00311127;90
158.755;0.00508346;90
167.734;0.0055589;90
166.453;0.00431608;90
148.123;0.00538162;90
134.195;0.0077549;90
134.402;0.00867384;90
138.83;0.0242946;90
149.362;0.00759408;90
127.918;0.00926235;90
115.137;0.00954606;90
140.214;0.0558081;90
156.478;0.00297414;90
140.275;0.00393829;90
146.181;0.00357727;90
148.897;0.00346514;90
130.574;0.00462767;90
129.013;0.00273872;90
123.238;0.00611188;90
108.708;0.00318635;90
101.017;0.00467312;90
95.4138;0.00541616;90
100.148;0.0019241;90
107.48;0.00231384;90
99.4783;0.00293913;90
-131.65;0.00819169;90
-68.8158;0.117756;90
108.086;0.119867;90
-57.2722;0.00232868;90
-84.6309;0.00602745;90
-81.18;0.00271308;90
-83.9588;0.00391474;90
-71.6385;0.00394906;90
-59.4238;0.0045136;90
-49.0837;0.00591795;90
-54.1059;0.00379335;90
-34.4061;0.00512694;90
-33.6932;0.00502031;90
-15.9018;0.0108253;90
-28.3635;0.00723903;90
-37.7279;0.0071726;90
-44.2246;0.00768059;90
-52.5277;0.0090733;90
-42.9613;0.0139339;90
-63.421;0.0110498;90
-61.6468;0.00917235;90
-35.2094;0.00535585;90
-30.9161;0.00515782;90
-30.8927;0.00567163;90
-43.7652;0.00744827;90
-43.2301;0.0076694;90
-45.5958;0.00822763;90
-46.9175;0.00889685;90
-22.0387;0.020939;90
-29.4054;0.00694929;90
-43.667;0.00927056;90
-43.1954;0.00740991;90
-42.9553;0.0083237;90
-41.7302;0.00821936;90
-35.1323;0.0082646;90
0.541096;0.00645929;90
15.9337;0.0276586;90
-19.5393;0.00669452;90
-13.7773;0.00729797;90
5.02019;0.0260208;90
15.6487;0.00618007;90
-0.881903;0.0194263;90
44.4802;0.00740442;90
48.5731;0.00778341;90
46.4177;0.00934586;90
31.651;0.00526161;90
21.7036;0.00282852;90
18.5077;0.00498059;90
-12.9733;0.0465174;90
-83.5866;0.00354519;90
-86.4695;0.0117082;90
-91.4308;0.00885076;90
-92.9381;0.031918;90
-86.1144;0.0148602;90
-75.6365;0.0110411;90
-67.3936;0.00947715;90
-59.5057;0.007179;90
-36.2048;0.017194;90
-36.1563;0.00189495;90
-35.0528;0.00633258;90
-25.7942;0.00628303;90
-33.8335;0.00664533;90
-38.3315;0.00697827;90
-36.7766;0.00675301;90
-40.2901;0.00770733;90
-39.487;0.0064255;90
-40.9667;0.00705743;90
-35.9207;0.00643468;90
-33.3237;0.00650566;90
-30.7659;0.00670341;90
-20.3251;0.00717152;90
-19.365;0.00609799;90
-18.848;0.0092986;90
-17.6359;0.00541972;90
-17.8354;0.00553081;90
-44.8349;0.00785316;90
-51.3452;0.00887411;90
-47.0945;0.00845487;90
-48.3396;0.00884891;90
-51.2767;0.0114218;90
-59.9862;0.019188;90
-61.689;0.00797036;90
-62.5679;0.00898421;90
-62.4212;0.00859455;90
-63.0573;0.00807328;90
-62.0287;0.00736201;90
-62.2985;0.00617813;90
-62.5347;0.00509529;90
-62.989;0.00361986;90
-67.0335;0.00194519;90
-48.1985;0.000481583;90
-51.6636;0.00276651;90
-65.7696;0.000977078;90
-65.0277;0.00131934;90
-73.9926;0.00139613;90
-57.0752;0.00303198;90
-60.7426;0.00373209;90
-70.0642;0.00486557;90
-82.008;0.00627899;90
-87.4072;0.00691908;90
-87.5244;0.00840384;90
-86.9236;0.00965191;90
-88.0106;0.0101111;90
-88.8761;0.0107061;90
-85.5052;0.0107059;90
-89.3695;0.0108137;90
-86.9503;0.0154128;90
-86.9734;0.00721607;90
-87.0444;0.0111709;90
-87.9926;0.0110198;90
-90.3468;0.0100782;90
-92.1046;0.00884997;90
-101.914;0.00833148;90
-94.5305;0.00926696;90
-95.2802;0.0100406;90
-96.4722;0.0105925;90
-99.5868;0.0102136;90
-100.873;0.0148017;90
-100.779;0.00630423;90
-99.6899;0.00831767;90
-88.6474;0.00889648;90
-88.5938;0.00945385;90
-90.2931;0.0103591;90
-90.5838;0.0111876;90
-84.0736;0.0152927;90
-82.599;0.00811259;90
-81.0296;0.0107424;90
-80.6511;0.0129581;90
-81.063;0.010956;90
-81.1369;0.011806;90
-81.7346;0.0270176;90
-80.3496;0.0074626;90
-80.1701;0.0160669;90
-73.3053;0.00849716;90
-83.3396;0.00351774;90
-85.9228;0.004346;90
-85.2551;0.0149422;90
-82.6791;0.00874227;90
-83.1486;0.010076;90
-81.6971;0.010879;90
-83.0289;0.0166269;90
-83.7635;0.00695919;90
-82.1257;0.0110219;90
-82.2924;0.0114676;90
-84.0501;0.0120298;90
-83.9554;0.0113008;90
-82.762;0.0106277;90
-86.2962;0.0110992;90
-83.1448;0.0106149;90
-80.5175;0.00981511;90
-78.2302;0.00796649;90
-86.1602;0.00934798;90
-79.7362;0.00911994;90
-77.7733;0.00997731;90
-75.1681;0.0105671;90
-73.8785;0.0107716;90
-72.6086;0.0107829;90
-72.9618;0.0104434;90
-74.8541;0.0104945;90
-77.5471;0.0103136;90
-65.6333;0.00921043;90
-63.6016;0.00799577;90
-70.6615;0.00904429;90
-82.1054;0.00990891;90
-74.3603;0.008832;90
-83.3412;0.00957257;90
-94.9523;0.00981163;90
-86.7002;0.00953781;90
-87.4339;0.00955959;90
-92.0645;0.00921598;90
-89.2034;0.00956692;90
-84.6746;0.0107313;90
-84.6745;0.0106449;90
-85.5107;0.0106677;90
-84.8993;0.0106853;90
-77.208;0.00949363;90
-55.2604;0.00734408;90
-78.554;0.00751343;90
-93.8322;0.00861827;90
-96.5541;0.00848948;90
-99.4348;0.00888823;90
-90.632;0.00797749;90
-82.1732;0.00862838;90
-82.0137;0.00760779;90
-101.719;0.0088076;90
-109.152;0.00859258;90
-112.278;0.00857292;90
-105.498;0.00922542;90
-106.859;0.00880964;90
-106.585;0.00891594;90
-100.768;0.00945244;90
-98.083;0.0099852;90
-94.7442;0.010785;90
-94.5981;0.0113265;90
-94.4991;0.0117281;90
-97.6869;0.00952459;90
-104.644;0.00979414;90
-100.249;0.00998736;90
-94.2847;0.011444;90
-93.0606;0.00586236;90
-79.5098;0.00633285;90
-72.9335;0.00488616;90
-73.5294;0.00343182;90
-72.1765;0.00296322;90
-72.2826;0.00184344;90
-69.1893;0.000816253;90
-74.3835;0.00291978;90
-73.9831;0.00286315;90
-73.3703;0.00402536;90
-75.9853;0.00451747;90
-71.3375;0.00493762;90
-72.5424;0.0066;90
-73.1486;0.00685432;90
-73.5932;0.00805083;90
-74.2544;0.00756175;90
-71.4011;0.00784469;90
-59.3877;0.0076037;90
-66.4512;0.0085075;90
-76.5828;0.00902431;90
-72.0857;0.00894361;90
-58.1019;0.0069094;90
-33.3537;0.00533825;90
-53.6854;0.00689272;90
-40.6821;0.00699688;90
-51.2513;0.00644186;90
-51.1552;0.00710922;90
-57.8011;0.00900611;90
-46.5826;0.00634941;90
-40.8;0.00847693;90
-55.8145;0.00689657;90
-46.3917;0.0079481;90
-40.593;0.00448146;90
-68.08;0.0100452;90
-79.0858;0.00783777;90
-73.4999;0.0105275;90
-62.9664;0.00721872;90
-44.724;0.00777897;90
-27.538;0.00671588;90
-30.3394;0.00626384;90
-57.6325;0.00957695;90
-68.6027;0.00879308;90
-57.2913;0.00880882;90
-53.3735;0.00762827;90
-65.6175;0.0119663;90
-63.4367;0.0143922;90
-65.5342;0.0115127;90
-66.4585;0.00989451;90
-59.8218;0.00928203;90
-53.6262;0.00898574;90
-54.9846;0.00842982;90
-56.2397;0.0088264;90
-57.3421;0.00943809;90
-62.1556;0.0095146;90
-68.7941;0.0105772;90
-65.5489;0.00998995;90
-69.8775;0.00881614;90
-79.7446;0.0101552;90
-88.8656;0.0110112;90
-84.5899;0.00736079;90
-74.035;0.00721322;90
-65.0513;0.00405874;90
-71.2113;0.0047628;90
-68.8919;0.0031461;90
-67.979;0.00266438;90
-60.3329;0.00182641;90
-28.3259;0.00154272;90
-24.6334;0.00132674;90
-61.4254;0.00089274;90
-12.9198;0.00103316;90
-19.4129;0.00105604;90
-30.0028;0.00162586;90
-28.1269;0.00111577;90
-31.8008;0.0020191;90
-32.37;0.00143262;90
-47.5809;0.00288934;90
-72.412;0.00455702;90
-77.5637;0.00356157;90
-67.3677;0.00461;90
-59.2934;0.00489187;90
-68.5783;0.00644526;90
-87.7971;0.00793486;90
-83.4055;0.00803718;90
-87.0101;0.00724687;90
-79.2681;0.00802842;90
-69.0323;0.00583219;90
-52.0851;0.00666731;90
-57.1803;0.00774173;90
-65.0719;0.0091582;90
-70.0928;0.0099942;90
-69.702;0.0110204;90
-71.6821;0.0105222;90
-71.9137;0.00930264;90
-71.3985;0.0102231;90
-71.5776;0.0115879;90
-67.9045;0.00976733;90
-63.2117;0.00837816;90
-58.8204;0.00773773;90
-59.5398;0.0071034;90
-67.5223;0.00951811;90
-55.1977;0.0050723;90
-54.3031;0.00606687;90
-60.283;0.00688095;90
-74.3317;0.00744256;90
-64.3798;0.0065633;90
-26.4862;0.00455174;90
-27.8921;0.00513673;90
15.498;0.00527687;90
45.6288;0.00682965;90
46.1837;0.00660649;90
44.5255;0.00606223;90
5.2891;0.00432843;90
-48.1198;0.00636633;90
-48.9319;0.00713595;90
-54.5614;0.00678992;90
-59.9927;0.00758232;90
-59.8205;0.00611484;90
-61.7982;0.00544884;90
-60.5085;0.00403824;90
-61.1664;0.00176251;90
-54.8061;0.00127875;90
-60.5633;0.00166035;90
-60.3792;0.00269292;90
-66.5935;0.00466706;90
-70.5712;0.00680024;90
-88.5988;0.00907871;90
-91.1039;0.0091357;90
-85.9155;0.0108806;90
-83.6095;0.0103141;90
-86.8127;0.0126976;90
-77.3831;0.0107219;90
-76.475;0.0114979;90
-64.0971;0.00986843;90
-73.0162;0.00829162;90
-83.1892;0.00981526;90
-85.4539;0.00730498;90
-73.1013;0.00687695;90
-26.3956;0.00483843;90
-38.0658;0.00524194;90
-50.1543;0.00658007;90
-40.9381;0.00645867;90
-39.7689;0.00519625;90
-60.5887;0.00745709;90
-56.8294;0.0070056;90
-35.217;0.00436121;90
-50.4926;0.00506777;90
-82.0553;0.00725665;90
-84.2807;0.00987415;90
-76.0671;0.00793651;90
-76.4334;0.00849194;90
-76.848;0.00807788;90
-75.9205;0.00674565;90
-77.59;0.00486262;90
-75.286;0.00207091;90
-75.3379;0.00239809;90
-76.537;0.00353926;90
-74.5388;0.00477894;90
-21.9048;0.00277968;90
9.60617;0.0036015;90
-51.7268;0.00641092;90
-69.4143;0.00701065;90
-71.0282;0.0082343;90
-80.6943;0.00878157;90
-73.9349;0.00907021;90
-71.4809;0.00925948;90
-65.7254;0.010586;90
-68.261;0.00988717;90
-74.5264;0.0103263;90
-72.7084;0.0119972;90
-73.8308;0.0137822;90
-78.2921;0.0134386;90
-75.6394;0.0611837;90
-70.9392;0.0355237;90
-62.0096;0.0100144;90
-63.463;0.0109786;90
-62.5078;0.00906576;90
-62.7734;0.00972218;90
-65.4026;0.0103546;90
-71.5797;0.0110955;90
-82.465;0.010417;90
-82.885;0.0135473;90
-76.9528;0.0115923;90
-52.9627;0.00670723;90
-41.9562;0.00563298;90
-43.3826;0.00531107;90
-46.7333;0.00514302;90
-78.8605;0.00659424;90
-86.4683;0.00680192;90
-78.6079;0.00710804;90
-33.9414;0.00379335;90
38.8036;0.00261389;90
43.6741;0.00207804;90
54.8538;0.00216098;90
41.5984;0.00148967;90
39.0737;0.00151352;90
45.9535;0.00148725;90
40.4088;0.0016784;90
41.6668;0.000571602;90
45.0959;0.00211213;90
51.7782;0.00249229;90
47.8333;0.001874;90
55.3853;0.00319688;90
47.8101;0.0024375;90
-20.9697;0.00260985;90
-72.5187;0.0044841;90
-77.9343;0.00426727;90
-45.4169;0.00320681;90
-50.8684;0.00426712;90
-46.5719;0.0068311;90
-59.6082;0.00511949;90
-85.8373;0.00677788;90
-91.0378;0.00651507;90
-103.91;0.00606074;90
-105.106;0.00648508;90
-89.6365;0.00788016;90
-72.9503;0.00945766;90
-72.6258;0.00643982;90
-73.127;0.00979152;90
-69.8093;0.00811252;90
-65.3168;0.00757183;90
-69.8824;0.00968169;90
-75.2076;0.0087107;90
-77.1422;0.0068754;90
-71.286;0.00506476;90
-67.1507;0.00691459;90
-82.7221;0.00659917;90
-84.7387;0.00914955;90
-67.3916;0.00577477;90
2.24429;0.00385596;90
12.3357;0.00466674;90
-24.3146;0.00469221;90
-53.826;0.00597724;90
-79.0662;0.00788718;90
-77.8039;0.00868604;90
-83.2059;0.00977162;90
-86.3156;0.00978823;90
-88.2105;0.0118488;90
-90.2888;0.00991913;90
-97.0336;0.0109595;90
-94.4236;0.0114742;90
-92.8352;0.0113419;90
-83.5575;0.0108817;90
-77.7966;0.0124135;90
-76.9849;0.00691361;90
-78.4499;0.00687726;90
-77.0841;0.00463938;90
-78.8218;0.00204785;90
-73.9026;0.00129477;90
-83.4247;0.000995549;90
-72.331;0.00421063;90
-55.2766;0.0038447;90
-46.914;0.00417072;90
-33.401;0.00538787;90
-24.4842;0.00400297;90
-30.1596;0.00604884;90
-61.5581;0.00786534;90
-60.655;0.0109822;90
-57.3271;0.00496812;90
-75.041;0.00936746;90
-62.9594;0.00436406;90
-62.0018;0.00312924;90
-69.4594;0.00173853;90
-62.6858;0.00123128;90
-68.579;0.00156619;90
-57.3247;0.000861307;90
-64.5051;0.00328044;90
-58.2474;0.00235438;90
-19.4616;0.0058948;90
8.16225;0.00579672;90
37.3005;0.0112839;90
53.4009;0.00592407;90
47.6628;0.010502;90
27.7608;0.0023788;90
43.1186;0.0122763;90
-4.18232;0.00806247;90
22.1646;0.00451137;90
1.48272;0.00664723;90
-8.72933;0.00362398;90
-37.7253;0.00523798;90
-38.4985;0.00144258;90
-56.5894;0.00216114;90
-32.4466;0.000894665;90
16.9018;0.0109207;90
-40.6288;0.00270903;90
-94.9047;0.00263164;90
-103.606;0.00697576;90
-169.777;0.00418646;90
-153.089;0.00281481;90
-161.223;0.00359747;90
114.746;0.00312715;90
167.488;0.004505;90
-149.802;0.00474956;90
-135.28;0.00535781;90
-135.86;0.00522964;90
-124.28;0.00729525;90
-120.286;0.00611915;90
-118.713;0.00528709;90
-126.888;0.0051612;90
-158.765;0.00368308;90
-179.362;0.00377323;90
-179.148;0.00356339;90
-171.093;0.00442435;90
-171.075;0.00346799;90
-167.845;0.00400375;90
-151.507;0.00418829;90
-143.744;0.00446066;90
-166.718;0.00418289;90
164.037;0.00401065;90
126.212;0.00504933;90
106.782;0.00708265;90
102.25;0.00730023;90
112.822;0.00677543;90
114.384;0.00561705;90
129.817;0.00449294;90
125.914;0.00352389;90
115.524;0.00457888;90
115.716;0.0045263;90
112.292;0.00604479;90
107.111;0.00637938;90
101.855;0.00744275;90
107.588;0.006867;90
142.756;0.00398708;90
156.051;0.00426192;90
154.435;0.00410157;90
141.093;0.00412381;90
137.466;0.00376317;90
127.818;0.00193426;90
109.457;0.00388168;90
110.49;0.00498221;90
107.314;0.00617584;90
106.277;0.00615468;90
106.763;0.00690335;90
99.1079;0.00693645;90
91.1704;0.00675641;90
90.4718;0.00740825;90
85.0702;0.00589982;90
86.6346;0.0063199;90
86.3186;0.00534202;90
88.8652;0.00575613;90
87.6795;0.00659441;90
98.7912;0.00628787;90
91.6021;0.00668861;90
80.1349;0.00652549;90
84.8596;0.00642886;90
88.119;0.00697676;90
92.6361;0.00797944;90
101.333;0.00644261;90
97.4265;0.00549308;90
103.758;0.00585294;90
107.003;0.00504762;90
120.897;0.00399026;90
134.674;0.00398249;90
132.987;0.00434715;90
117.133;0.00527783;90
107.99;0.00703913;90
103.584;0.00583316;90
108.805;0.00586931;90
102.469;0.00692432;90
95.2112;0.00558207;90
93.3959;0.00709045;90
94.1035;0.00570162;90
94.101;0.00634825;90
94.5329;0.00589644;90
105.251;0.00602934;90
114.982;0.00496999;90
112.577;0.005363;90
113.072;0.00575426;90
116.295;0.00597529;90
113.769;0.00469418;90
115.987;0.00625102;90
123.234;0.00446298;90
134.577;0.00440681;90
140.803;0.00153166;90
136.223;0.00218687;90
131.662;0.00354579;90
129.04;0.00301656;90
117.856;0.00341355;90
123.047;0.0034621;90
121.833;0.00298613;90
112.161;0.00281278;90
122.814;0.00380874;90
134.207;0.00332018;90
122.6;0.00316458;90
118.704;0.00141373;90
109.118;0.00220142;90
114.578;0.00321203;90
117.259;0.00306319;90
-114.794;0.00254676;90
-111.881;0.00321458;90
151.774;0.00109524;90
111.077;0.00126246;90
-26.6353;0.000729406;90
53.73;0.000955052;90
4.75944;0.00113291;90
77.7905;0.00418465;90
-63.1374;0.0068031;90
-63.8088;0.00678572;90
-52.9695;0.00934844;90
-60.1673;0.00712407;90
-59.3808;0.00487699;90
-50.7106;0.00379478;90
-41.9603;0.00269362;90
-46.3594;0.00235462;90
-46.2177;0.00455833;90
-56.5741;0.00535347;90
-64.2215;0.00602677;90
-67.1854;0.00436879;90
-64.5096;0.0065573;90
-66.548;0.00676918;90
-66.7317;0.0104674;90
-82.2502;0.0101003;90
-85.1884;0.0144971;90
-83.7732;0.0136173;90
-75.0356;0.0108707;90
-73.6348;0.0122409;90
-57.3413;0.00719563;90
-45.3902;0.00706133;90
-71.296;0.00807971;90
-75.5297;0.00685134;90
-78.8078;0.0071561;90
-83.9408;0.00693474;90
-91.6536;0.011886;90
-95.9565;0.00628292;90
-92.7208;0.0139037;90
-85.5929;0.0104238;90
-92.9577;0.00879872;90
-95.0055;0.00568468;90
-93.5028;0.00680872;90
-92.682;0.0060266;90
-88.4014;0.00684666;90
-86.2328;0.00707729;90
-77.7873;0.00631082;90
-73.5963;0.00614722;90
-74.2006;0.00603812;90
-71.0762;0.00537449;90
-69.9936;0.00440481;90
-67.1859;0.00326763;90
-58.7326;0.00239484;90
-45.3095;0.00405815;90
-34.0638;0.004167;90
-27.9448;0.00382613;90
-22.7518;0.00400786;90
-59.1972;0.0101975;90
-76.7849;0.00619403;90
-74.4059;0.00797558;90
-66.049;0.0105997;90
-59.4377;0.00885983;90
-62.6857;0.0129274;90
-69.4832;0.00718153;90
-80.9314;0.00583696;90
-67.2457;0.00623094;90
-39.4194;0.00446462;90
-13.3952;0.00385898;90
26.6286;0.0044377;90
35.9353;0.00407074;90
23.8933;0.00428852;90
11.6549;0.00387591;90
6.25853;0.0036417;90
6.81198;0.0037686;90
1.97272;0.00357312;90
-0.658732;0.00347923;90
30.4564;0.00509388;90
57.9866;0.0045405;90
59.48;0.00597828;90
64.9102;0.00550658;90
55.4649;0.00532182;90
46.03;0.0046811;90
36.05;0.00445886;90
42.9944;0.00446529;90
33.5722;0.00296571;90
50.8465;0.000978777;90
27.9236;0.00215036;90
24.542;0.00183696;90
31.1922;0.0023228;90
-51.3467;0.00138167;90
-90.628;0.00319319;90
-54.8862;0.00204276;90
-22.1086;0.00193962;90
36.7435;0.0019942;90
9.7205;0.00273628;90
36.2485;0.00289537;90
81.8768;0.00583151;90
102.684;0.0022089;90
162.04;0.00156317;90
91.1685;0.0019124;90
-31.8808;0.000975094;90
-91.1031;0.00155829;90
-15.0759;0.00114957;90
-90.9641;0.00320945;90
-99.9068;0.00580658;90
-163.709;0.00245976;90
-168.11;0.00253846;90
-141.133;0.00237604;90
155.502;0.00150004;90
105.406;0.00179552;90
-171.116;0.00164473;90
-177.187;0.00103925;90
132.529;0.00173827;90
136.134;0.00114291;90
111.221;0.000989064;90
-158.736;0.00148619;90
-142.765;0.000847817;90
-139.932;0.000139818;90
-13.0579;0.00271316;90
65.3585;0.0035041;90
28.9797;0.00193189;90
-69.7989;0.00202134;90
-86.6668;0.00263145;90
-62.507;0.00251278;90
0.982282;0.00198329;90
35.0126;0.00205488;90
6.091;0.00307234;90
57.9558;0.00360177;90
84.4627;0.0056584;90
138.468;0.00158966;90
138.151;0.00126056;90
85.5427;0.00127385;90
-81.2538;0.000105224;90
-53.0072;0.00298481;90
-85.318;0.00145786;90
-95.2373;0.00556523;90
-128.522;0.00318392;90
-177.309;0.00306738;90
-160.035;0.00406213;90
-50.9701;0.00616618;90
-58.1609;0.00920506;90
-56.3099;0.00498648;90
-48.0468;0.0071441;90
-62.8288;0.0103996;90
-40.4105;0.00706969;90
-58.7585;0.0107896;90
-65.6653;0.0088141;90
-60.2094;0.00949015;90
-50.5625;0.0046833;90
-86.8192;0.00935341;90
-89.5451;0.00617119;90
-53.5077;0.00494691;90
-41.347;0.00445038;90
-23.6593;0.00307004;90
-75.1785;0.00396389;90
-19.4726;0.00116992;90
61.1467;0.000884847;90
132.769;0.00108977;90
66.1889;0.0018057;90
8.26937;0.00110549;90
86.4641;0.00291856;90
89.1343;0.00225026;90
148.302;0.00330385;90
95.0304;0.00740151;90
83.0549;0.00987445;90
93.2254;0.0046744;90
124.377;0.00520152;90
135.445;0.0046423;90
119.599;0.0057458;90
141.983;0.00528666;90
114.447;0.00468284;90
114.216;0.00378616;90
98.231;0.00586037;90
82.8146;0.00435722;90
48.213;0.00223302;90
60.729;0.00287969;90
74.9597;0.0040694;90
85.9487;0.0046426;90
84.6953;0.00404533;90
96.9467;0.0037868;90
105.639;0.00313818;90
113.968;0.00217122;90
107.082;0.00289366;90
87.9304;0.00473509;90
82.4349;0.00499044;90
77.7619;0.00566575;90
78.5599;0.00586859;90
81.9109;0.00593404;90
74.2408;0.00456561;90
24.2089;0.0031873;90
67.3317;0.00418531;90
59.4476;0.00300988;90
57.5067;0.00358525;90
79.7027;0.00476068;90
86.1416;0.00549846;90
65.967;0.00676221;90
63.1412;0.00689031;90
71.6645;0.0067423;90
78.4483;0.0073907;90
74.5515;0.0070165;90
75.7946;0.00722905;90
85.943;0.00599302;90
96.1604;0.00629938;90
82.455;0.00732643;90
83.1575;0.00726877;90
90.2935;0.00683209;90
94.7137;0.00752044;90
105.864;0.00549841;90
116.012;0.00547012;90
127.595;0.00416993;90
125.386;0.00492845;90
133.508;0.00410049;90
149.608;0.00357764;90
111.933;0.0058418;90
108.098;0.006448;90
95.7597;0.00615809;90
98.701;0.00559236;90
143.003;0.00369241;90
127.653;0.00361614;90
119.541;0.00547815;90
113.574;0.00566586;90
88.9893;0.00674605;90
86.8779;0.00545309;90
107.34;0.00874023;90
94.3897;0.00683304;90
79.6094;0.0055002;90
72.0685;0.00489476;90
65.2409;0.00498086;90
62.8142;0.00495318;90
68.6197;0.00644343;90
79.6803;0.00653674;90
84.4429;0.00635085;90
82.2267;0.00606271;90
77.9121;0.00642751;90
81.4831;0.0069547;90
88.3485;0.00690487;90
82.5307;0.00710025;90
82.6849;0.00830157;90
83.0725;0.00730432;90
87.9972;0.00849819;90
92.3256;0.00798458;90
83.1675;0.00821232;90
94.9996;0.00705685;90
102.357;0.00757449;90
102.163;0.00604673;90
96.6395;0.00623582;90
95.5514;0.00154022;90
133.468;0.00264411;90
116.959;0.0056556;90
128.782;0.00525573;90
148.654;0.00372932;90
148.304;0.00503029;90
144.53;0.00420666;90
120.377;0.00589883;90
111.639;0.00583309;90
121.717;0.00474578;90
135.577;0.00407597;90
129.137;0.0039529;90
131.118;0.00357201;90
114.84;0.00497751;90
122.287;0.00487117;90
120.463;0.00482272;90
125.179;0.00308434;90
127.264;0.00363009;90
138.706;0.00388377;90
133.202;0.00446263;90
104.048;0.00680555;90
95.287;0.00761841;90
92.1912;0.00698311;90
105.371;0.00541365;90
121.366;0.00452064;90
135.497;0.00334262;90
132.772;0.00436474;90
134.281;0.0038901;90
135.655;0.00445506;90
133.65;0.00438245;90
119.938;0.00543412;90
117.637;0.00667002;90
123.006;0.00511082;90
119.378;0.00647003;90
114.914;0.00700046;90
117.701;0.00545753;90
128.939;0.00551159;90
112.293;0.00540932;90
108.899;0.00480397;90
111.088;0.00435786;90
103.259;0.0036277;90
118.122;0.00388459;90
144.029;0.00255031;90
-134.117;0.00316609;90
-148.306;0.00173588;90
164.348;0.00225357;90
148.266;0.00228337;90
149.075;0.00229414;90
153.443;0.003033;90
-171.944;0.00174825;90
-170.343;0.000918009;90
-159.967;0.00175733;90
-160.781;0.00106326;90
179.859;0.000812002;90
-115.081;0.00129512;90
-89.7167;0.00384305;90
-89.047;0.00456963;90
-89.534;0.00233608;90
-4.57173;0.00104131;90
-52.8721;0.00324223;90
-56.9368;0.00359994;90
-32.2526;0.00154782;90
88.1554;0.0036659;90
161.673;0.000836424;90
-7.0165;0.000130981;90
-60.8788;0.000752067;90
-87.3794;0.00260272;90
-96.0491;0.0013475;90
126.563;0.00216383;90
121.292;0.00298996;90
125.947;0.0031054;90
132;0.000662052;90
132.138;0.00161422;90
89.8348;0.00416302;90
90.9174;0.00430955;90
88.9738;0.00318251;90
108.683;0.0024881;90
92.5165;0.0016626;90
74.0679;0.00415667;90
78.7948;0.00278917;90
24.8109;0.00067203;90
-39.181;0.00133909;90
-53.6493;0.00158927;90
59.4004;0.00143016;90
161.151;0.00218835;90
-124.814;0.00231909;90
-104.388;0.005771;90
-79.7581;0.00285144;90
-79.5394;0.00134943;90
-90.4719;0.00327811;90
-87.5569;0.00375341;90
-91.0584;0.00373564;90
-94.2011;0.00197932;90
-93.1048;0.00372947;90
-97.433;0.00468436;90
-99.4645;0.00434211;90
-96.1192;0.00718594;90
-92.8757;0.00472395;90
-85.5566;0.00551157;90
-99.221;0.00554161;90
-91.2648;0.00539131;90
-84.161;0.00506226;90
-84.3141;0.00577341;90
-97.9621;0.00660568;90
-99.4465;0.00653157;90
-101.433;0.00604392;90
-95.13;0.00716872;90
-102.098;0.00626003;90
-107.275;0.00557655;90
-124.099;0.00466626;90
-136.777;0.00410461;90
-129.893;0.00468692;90
-98.7647;0.00588674;90
-92.7267;0.00695788;90
-106.167;0.00620957;90
-104.694;0.00630003;90
-99.9037;0.00738404;90
-111.681;0.00485334;90
-116.884;0.00425262;90
-107.878;0.00445934;90
-117.411;0.00481344;90
-134.36;0.00379881;90
-140.729;0.00215329;90
-62.979;0.00252907;90
-62.5663;0.00324491;90
-75.4032;0.00451162;90
-68.6699;0.00503381;90
-74.0848;0.00990466;90
-62.1868;0.00453716;90
-66.8493;0.00408494;90
-69.0458;0.0043957;90
-87.5289;0.00459227;90
-111.159;0.00294773;90
-89.0183;0.00356052;90
-82.9071;0.00553133;90
-65.0571;0.00467615;90
-50.1886;0.00252553;90
-57.8568;0.00273289;90
-48.5203;0.0027523;90
35.6545;0.00119747;90
-146.896;0.00108394;90
-23.2221;0.000958668;90
-39.1985;0.00323887;90
-79.5311;0.00481007;90
-72.0785;0.00599908;90
-69.8511;0.00510652;90
-73.0022;0.00522003;90
-63.9702;0.00497905;90
-55.3157;0.00166241;90
-56.132;0.00205462;90
-70.9123;0.00394172;90
-62.6534;0.00380301;90
-64.6276;0.00384598;90
-74.6271;0.00456431;90
-73.1545;0.00334033;90
-59.9769;0.0037294;90
-54.5312;0.0043515;90
-36.0261;0.00325935;90
-44.7541;0.00296563;90
-21.7917;0.00219808;90
-45.6223;0.00318995;90
-20.3401;0.00211167;90
14.3464;0.00259905;90
-10.5065;0.00180425;90
-46.6888;0.00319114;90
-56.2713;0.00329215;90
-73.4521;0.00435017;90
-37.4086;0.00331855;90
-36.6554;0.00315242;90
-46.1006;0.00357084;90
-54.7718;0.00363709;90
-71.5868;0.00500209;90
-62.8056;0.00537404;90
-50.9564;0.00359098;90
-72.8269;0.00389149;90
-51.0904;0.00286582;90
-97.4558;0.00414605;90
-102.868;0.00568476;90
-93.4384;0.00725306;90
-88.3042;0.00604865;90
-98.6738;0.00584181;90
-86.3543;0.00618051;90
-59.6352;0.00441341;90
-84.0363;0.00675657;90
-81.4506;0.00577821;90
-90.1638;0.00664503;90
-74.1023;0.00577904;90
-82.5454;0.0060582;90
-78.9086;0.005193;90
-80.2383;0.00591565;90
-79.6145;0.0013979;90
171.764;7.67919e-05;90
-93.7148;0.00660588;90
-102.519;0.00969245;90
-68.9239;0.00544205;90
-66.8894;0.00546997;90
-52.2771;0.0045273;90
-71.5535;0.006267;90
-78.2726;0.0118422;90
-82.7001;0.00666603;90
-72.9211;0.00565226;90
-66.357;0.00553565;90
-83.3864;0.00553081;90
-73.2791;0.00531785;90
-55.7395;0.00423479;90
-77.9273;0.00581869;90
-66.5073;0.00391338;90
-84.7163;0.00546221;90
-83.6615;0.00370465;90
-88.8812;0.00425081;90
-97.8055;0.00364477;90
-93.869;0.00395702;90
-91.5825;0.00220884;90
-92.5762;0.00315919;90
-88.0594;0.00327788;90
-59.9049;0.00207005;90
-133.657;0.00138772;90
-151.81;0.001956;90
152.897;0.00119188;90
107.883;0.0021982;90
105.513;0.00196665;90
93.9716;0.00275762;90
-143.097;0.001712;90
-152.024;0.00223406;90
-159.14;0.00189843;90
-151.636;0.00189444;90
32.6345;0.00177645;90
18.3817;0.00169972;90
25.5355;0.00174218;90
32.2035;0.0018389;90
-37.7767;0.00112474;90
-89.2121;0.00305429;90
-59.3451;0.00213193;90
-161.114;0.00104422;90
-129.144;0.00282763;90
156.179;0.00147571;90
115.139;0.00156305;90
96.7971;0.000997008;90
-61.5756;0.00329412;90
23.058;0.00117703;90
42.5414;0.00250546;90
-34.6064;0.00126599;90
11.5646;0.0019853;90
39.3375;0.00310308;90
-3.586;0.00295779;90
73.2931;0.00499171;90
91.9873;0.00429658;90
166.439;0.0018722;90
112.425;0.0010407;90
73.3008;0.000970949;90
120.007;0.000297935;90
-82.0713;0.00124692;90
-33.6901;0.00231476;90
-87.5933;0.00264333;90
-98.9459;0.00512535;90
-143.591;0.0032045;90
-169.478;0.00262311;90
-142.228;0.00277054;90
151.746;0.0013203;90
110.718;0.00240556;90
-152.986;0.00176789;90
82.0216;0.000907787;90
63.4639;0.000886377;90
48.2056;0.0137833;90
-111.142;0.00149996;90
146.501;0.00116682;90
-43.0919;0.00125298;90
-69.6621;0.00107608;90
69.5675;0.00293037;90
-83.2256;0.00222957;90
-42.198;0.00137414;90
-95.2157;0.00633624;90
-124.458;0.00328911;90
176.517;0.00278214;90
-139.88;0.00345756;90
153.516;0.00157643;90
-74.2942;0.002464;90
-35.5349;0.0047815;90
-57.8807;0.00298485;90
-62.4373;0.00601012;90
-55.4578;0.00499812;90
-50.004;0.0060476;90
-55.4756;0.0050092;90
-65.9351;0.00596659;90
-39.5137;0.0042231;90
-49.8077;0.00572863;90
-57.0001;0.0064006;90
-66.0562;0.00560319;90
-68.1487;0.00682431;90
-61.6429;0.00599202;90
-45.5446;0.00282714;90
-35.0411;0.00143513;90
-64.2443;0.00208959;90
-83.9619;0.00391673;90
-88.1967;0.00616505;90
-92.627;0.00373092;90
-74.7048;0.00313504;90
-54.1457;0.00248239;90
-33.3453;0.00193566;90
-33.6817;0.00189874;90
-59.9248;0.00236662;90
-18.1308;0.00154891;90
1.88183;0.00118764;90
-80.987;0.00243203;90
7.46874;0.000661613;90
59.8877;0.000715571;90
-119.818;0.000291606;90
125.615;0.00111447;90
153.531;0.00294804;90
140.083;0.00145245;90
131.991;0.00211504;90
144.991;0.00166288;90
122.816;0.010778;90
114.653;0.00278814;90
123.958;0.00349631;90
121.036;0.00352224;90
108.928;0.00415254;90
99.5363;0.00458131;90
108.91;0.00464997;90
121.225;0.0123535;90
138.121;0.00248067;90
110.322;0.00206451;90
102.767;0.00680115;90
103.432;0.00126562;90
121.212;0.0145079;90
124.437;0.0176817;90
138.497;0.00826662;90
143.682;0.00315735;90
169.938;0.0031078;90
131.973;0.000616042;90
40.5494;0.000838328;90
34.2667;0.00170856;90
-42.2975;0.000809831;90
-46.4812;0.00134042;90
-46.8608;0.00158971;90
136.301;0.00130848;90
147.177;0.00106265;90
98.9173;0.00139992;90
-163.038;0.00143963;90
-139.8;0.00092957;90
94.4441;0.000193582;90
25.6916;0.00249351;90
30.2726;0.00331274;90
8.93216;0.0010305;90
-75.9717;0.00700491;90
15.7672;0.00158982;90
33.7321;0.00188903;90
3.50201;0.00230831;90
38.096;0.00336477;90
93.1595;0.00781989;90
149.898;0.00085536;90
92.4454;0.00180464;90
84.8444;0.00013354;90
-64.3736;0.00169248;90
-57.3849;0.00235068;90
-94.644;0.00453288;90
-110.412;0.00429788;90
-179.908;0.002502;90
-151.095;0.00285918;90
-167.568;0.00198351;90
-92.8678;0.00213868;90
-37.2339;0.00374668;90
-40.0745;0.00340953;90
-65.5259;0.00503764;90
-58.5566;0.00590044;90
-48.4078;0.0049486;90
-50.7135;0.00559698;90
-67.3196;0.00676623;90
-42.9758;0.00498468;90
-46.8753;0.00509956;90
-58.1993;0.00608199;90
-65.3689;0.00602964;90
-66.5591;0.00630211;90
-63.5729;0.00575879;90
-48.7583;0.00444453;90
-33.7201;0.0010592;90
-63.255;0.00213546;90
-87.9773;0.00541137;90
-87.3492;0.00544883;90
-91.3513;0.00390108;90
-65.5688;0.00297872;90
-44.3334;0.00218794;90
-36.4171;0.00207526;90
-45.8241;0.00226156;90
-79.7146;0.00157938;90
-125.544;0.00215198;90
56.6462;0.00250451;90
113.577;0.00214507;90
143.67;0.00193269;90
145.467;0.00190338;90
128.941;0.00295453;90
99.521;0.00369388;90
89.3984;0.00580932;90
92.4663;0.00557717;90
114.895;0.00270098;90
114.888;0.00155876;90
131.934;0.00376791;90
120.57;0.00578856;90
110.531;0.00509246;90
114.054;0.00618509;90
120.876;0.00547956;90
123.047;0.00549021;90
146.85;0.00429745;90
125.689;0.00466759;90
112.315;0.00575716;90
130.463;0.00449644;90
131.659;0.00476905;90
124.445;0.00507234;90
115.088;0.00510127;90
125.775;0.00393432;90
147.967;0.00350107;90
134.463;0.00392603;90
-157.124;0.00149455;90
34.858;0.00189137;90
-7.16109;0.00177283;90
7.02557;0.00192949;90
32.3607;0.00254648;90
2.88171;0.00296375;90
72.6758;0.00561157;90
90.3825;0.00404409;90
162.693;0.00152609;90
108.079;0.00137593;90
91.0331;0.000610099;90
-74.0512;0.00228911;90
-46.8751;0.00218259;90
-94.74;0.00522788;90
-129.502;0.00386728;90
-176.533;0.00257972;90
-139.928;0.00299648;90
164.742;0.00158072;90
-64.7259;0.00313621;90
-34.6227;0.00305015;90
-48.9305;0.00398189;90
-65.7556;0.00579841;90
-56.5489;0.00491996;90
-46.0634;0.00487705;90
-53.6326;0.00586043;90
-67.3003;0.00585124;90
-43.3049;0.00435061;90
-41.2154;0.00401735;90
-57.4147;0.00512111;90
-61.2267;0.00589597;90
-66.734;0.00636456;90
-66.8115;0.00523164;90
-56.3437;0.00565129;90
-45.2375;0.00272946;90
-61.3867;0.0016016;90
-80.3583;0.00462128;90
-88.0226;0.00565137;90
-90.9441;0.00534073;90
-64.5469;0.00336457;90
-41.4206;0.00165361;90
-33.3558;0.00209153;90
-43.7139;0.00220531;90
-67.2512;0.0015387;90
-128.293;0.00222209;90
-142.463;0.00111608;90
7.47156;0.000246089;90
53.3711;0.00228282;90
86.6295;0.00168391;90
131.044;0.00204984;90
150.084;0.00186673;90
135.417;0.00194318;90
124.778;0.00293656;90
92.2524;0.00437638;90
89.0443;0.00527573;90
92.1369;0.00469326;90
113.526;0.00322179;90
132.154;0.00242129;90
117.019;0.0168198;90
119.684;0.00931315;90
135.508;0.00774242;90
125.141;0.00530241;90
116.505;0.00688128;90
130.343;0.00635808;90
120.725;0.0122367;90
129.868;0.00351782;90
151.992;0.00287694;90
153.933;0.00457875;90
23.1032;0.00639161;90
20.36;0.00167569;90
62.1784;0.00956462;90
120.703;0.00406593;90
114.309;0.00035223;90
-84.0531;0.00202691;90
91.4989;0.00669029;90
-160.947;0.00181652;90
-161.774;0.00147395;90
-78.236;0.000544435;90
65.0952;0.000833509;90
-10.4793;0.00102815;90
82.9747;0.00199498;90
-18.1051;0.00159287;90
-50.1376;0.00309542;90
-87.3263;0.00424462;90
-124.995;0.00188841;90
147.202;0.00115752;90
92.941;0.00192954;90
145.548;0.000208586;90
-83.3375;0.0117393;90
-78.7232;0.0200358;90
-46.9713;0.00770849;90
-59.8048;0.00175167;90
-74.415;0.0280161;90
-76.4595;0.0834012;90
82.9662;0.00187007;90
73.4506;0.00289284;90
131.997;0.00264538;90
121.546;0.00344044;90
121.855;0.00319643;90
115.895;0.00386061;90
109.607;0.00476212;90
97.2934;0.00531702;90
81.8358;0.00569674;90
82.952;0.00313771;90
-158.265;0.0028625;90
-163.048;0.00360462;90
164.193;0.00351699;90
-133.928;0.00427238;90
-154.755;0.00132008;90
99.8669;0.00658845;90
102.623;0.00497422;90
91.2321;0.00572032;90
79.9932;0.00562253;90
81.2062;0.0063122;90
81.9422;0.00683448;90
75.3905;0.00317568;90
85.1322;0.00255722;90
83.7248;0.00272634;90
92.5359;0.00241837;90
98.9034;0.00288172;90
98.5359;0.00277575;90
94.535;0.00387012;90
93.1134;0.00406901;90
121.881;0.00190662;90
110.076;0.00173332;90
107.583;0.00301904;90
97.1901;0.00371521;90
119.868;0.00230519;90
115.031;0.00534612;90
119.799;0.00535855;90
131.825;0.00473711;90
129.95;0.00497258;90
117.122;0.00450991;90
115.485;0.00474354;90
135.838;0.00290228;90
146.782;0.0033971;90
137.302;0.00341525;90
-151.913;0.00139759;90
44.7078;0.00235682;90
1.2208;0.00126729;90
-8.88934;0.00203848;90
32.8531;0.00271527;90
7.53341;0.00346289;90
75.9312;0.00469379;90
87.9579;0.00437778;90
162.66;0.00173799;90
98.6102;0.0018903;90
-92.227;0.000180136;90
-53.1395;0.0036758;90
-92.7974;0.00413893;90
-127.324;0.00593419;90
-163.748;0.0029478;90
-160.913;0.00302744;90
-53.3624;0.00508084;90
-53.9214;0.00903726;90
-58.7413;0.0051975;90
-48.0045;0.00670481;90
-58.7996;0.00734895;90
-63.4417;0.00759324;90
-83.3967;0.00471327;90
-73.7331;0.0017136;90
-58.4022;0.00230937;90
-79.129;0.0032768;90
-85.6851;0.00461207;90
-78.8024;0.00429985;90
-88.377;0.0032483;90
-90.5355;0.00406618;90
-97.7785;0.00504643;90
-100.819;0.00633969;90
-101.567;0.00576509;90
-93.5763;0.00782324;90
-95.575;0.00546585;90
-74.6301;0.0118166;90
54.8054;0.00287323;90
18.9161;0.00342708;90
-2.589;0.00402911;90
17.3324;0.00348421;90
-92.4578;0.00408075;90
-81.1036;0.0158618;90
-61.4646;0.00347288;90
-55.1441;0.00455281;90
-52.7934;0.00309745;90
-99.0248;0.00148539;90
-101.525;0.00250246;90
-102.898;0.00116028;90
84.4664;0.00454217;90
111.273;0.00169231;90
120.518;0.00361358;90
118.318;0.00410868;90
118.358;0.00434547;90
108.207;0.00588252;90
93.3677;0.00539632;90
74.1049;0.00516654;90
72.8364;0.00193832;90
39.9056;0.00205448;90
37.3359;0.00196707;90
43.7075;0.00213176;90
40.361;0.00248301;90
46.0629;0.0022108;90
47.9659;0.00209089;90
50.101;0.00188483;90
13.8171;0.00133153;90
-13.5072;0.00154987;90
-78.3235;0.00196159;90
-22.2281;0.00092256;90
1.04163;0.00104517;90
59.111;0.000788894;90
-105.141;0.000440284;90
70.5682;0.00618003;90
-28.3667;0.00217632;90
-34.9612;0.000912706;90
-37.8577;0.000580086;90
156.816;0.00100843;90
-176.227;0.00121564;90
81.2044;0.00264207;90
87.6545;0.00271227;90
138.88;0.00213186;90
161.031;0.00312257;90
153.061;0.00369719;90
153.788;0.00312429;90
114.113;0.00526763;90
110.898;0.00455567;90
127.224;0.00278045;90
136.027;0.0015382;90
130.216;0.0043412;90
120.531;0.00567711;90
110.699;0.00604309;90
114.001;0.006107;90
122.692;0.00520443;90
124.289;0.00520088;90
148.61;0.0038072;90
124.081;0.00483432;90
113.22;0.00561046;90
130.61;0.0045076;90
131.911;0.0045002;90
124.408;0.00475859;90
115.064;0.00457478;90
120.413;0.00449793;90
151.049;0.00296447;90
138.291;0.00357254;90
141.215;0.00271071;90
-80.4715;0.00156459;90
54.8189;0.00218515;90
15.7086;0.0011967;90
123.259;0.00169577;90
-142.654;0.00134845;90
-170.81;0.000657439;90
48.2797;0.000877543;90
64.1527;0.000821149;90
-84.6;0.000403792;90
-40.3693;0.00415154;90
36.7402;0.00203281;90
16.8868;0.00292617;90
26.3047;0.00285459;90
81.957;0.00521025;90
92.369;0.00295152;90
166.488;0.00164349;90
98.4889;0.0017613;90
110.963;0.00032983;90
-62.6471;0.00234183;90
-6.45798;0.00128918;90
88.1292;0.00398212;90
123.435;0.00411259;90
173.005;0.00185581;90
-122.945;0.0010665;90
-154.346;0.000956264;90
-75.8184;0.0006694;90
45.0682;0.00178262;90
80.0024;0.00160132;90
-32.2342;0.00233604;90
-59.2833;0.00425612;90
-97.2673;0.0040949;90
154.988;0.00202931;90
104.157;0.00149645;90
94.7263;0.000509733;90
-67.4733;0.00250839;90
-22.9002;0.00146225;90
-94.1193;0.00424597;90
-107.787;0.00514599;90
-175.507;0.00280863;90
-149.386;0.00292582;90
-174.822;0.00194996;90
110.784;0.00235313;90
-156.894;0.00195699;90
55.5808;0.00102434;90
-131.494;0.0012603;90
-21.6492;0.0028651;90
19.8715;0.00377157;90
121.103;0.00211973;90
89.6789;0.00356906;90
87.9257;0.00326014;90
85.8653;0.00174755;90
90.8584;0.00307034;90
118.739;0.00167423;90
155.702;0.00159422;90
165.498;0.00182102;90
-119.6;0.00162164;90
-110.786;0.00122578;90
-83.9136;0.0010469;90
-93.1914;0.00274826;90
-64.8677;0.00194957;90
-38.7009;0.00261013;90
34.2334;0.00128696;90
-73.5546;0.00179441;90
-19.8033;0.000489977;90
30.2457;0.00153263;90
-54.016;0.00155219;90
40.4169;0.000876078;90
-16.4544;0.00134509;90
79.7599;0.00308819;90
84.8903;0.00257122;90
83.8981;0.00164633;90
-78.4217;0.00644719;90
83.007;0.00554424;90
113.924;0.00769622;90
127.639;0.00355992;90
104.784;0.00472233;90
90.1899;0.00482703;90
114.426;0.00379904;90
103.222;0.00523784;90
114.84;0.00343258;90
120.825;0.00481638;90
96.6136;0.00560027;90
99.4601;0.00427109;90
118.478;0.00309555;90
109.297;0.00548306;90
98.7376;0.00562832;90
102.042;0.0058671;90
101.325;0.00608038;90
103.058;0.0062804;90
120.218;0.00501899;90
120.656;0.00549729;90
112.849;0.00537474;90
98.2721;0.00599133;90
73.3629;0.00467678;90
67.3212;0.00455954;90
93.4796;0.00502526;90
102.703;0.0047021;90
100.507;0.00648169;90
100.885;0.00828202;90
93.9927;0.00909106;90
98.856;0.00515749;90
98.443;0.00849304;90
116.806;0.00255451;90
98.0202;0.00700249;90
78.6259;0.00595801;90
91.053;0.00620305;90
95.9121;0.00563095;90
75.9147;0.00652106;90
75.7022;0.00435696;90
102.897;0.00114694;90
128.9;0.00313397;90
102.312;0.00341863;90
135.131;0.00433316;90
105.891;0.0066179;90
111.973;0.0029158;90
127.48;0.0052409;90
142.167;0.0035591;90
147.763;0.0056015;90
108.674;0.00764867;90
137.334;0.00425395;90
-172.837;0.00150777;90
-156.096;0.00239876;90
144.716;0.00246354;90
141.334;0.00312113;90
170.448;0.00230192;90
130.316;0.00180987;90
142.522;0.00506689;90
116.774;0.00650208;90
107.555;0.00498307;90
105.196;0.00547442;90
127.042;0.00319721;90
108.977;0.00377624;90
117.81;0.0069339;90
111.965;0.00149987;90
115.891;0.0059658;90
104.179;0.00419273;90
109.992;0.00619213;90
103.348;0.00373386;90
104.728;0.00486174;90
154.758;0.0044532;90
117.736;0.00352388;90
129.873;0.00360014;90
116.068;0.00536587;90
93.1871;0.00480243;90
95.411;0.00352069;90
71.109;0.00234427;90
80.1342;0.00431887;90
106.153;0.00519405;90
112.056;0.00308907;90
121.353;0.00393804;90
110.41;0.00416656;90
106.679;0.00692326;90
108.473;0.00331059;90
105.594;0.00645772;90
104.663;0.00348035;90
76.8205;0.00543413;90
59.7719;0.00595698;90
74.4771;0.00516023;90
62.3835;0.00443532;90
68.3279;0.00477127;90
77.8652;0.00578936;90
75.5347;0.00965198;90
75.8221;0.0046094;90
89.233;0.00597654;90
81.7541;0.00532;90
64.5671;0.00525087;90
30.5156;0.00412192;90
56.1151;0.00489304;90
72.4272;0.00687272;90
75.7837;0.00478452;90
86.6903;0.00753457;90
78.7933;0.00533574;90
79.5481;0.00864342;90
82.812;0.00485113;90
95.1785;0.00816533;90
96.0396;0.0036211;90
88.7813;0.0057363;90
85.7203;0.00904522;90
89.0863;0.00696089;90
80.1098;0.00281788;90
83.4508;0.00575153;90
79.1161;0.0064877;90
90.1232;0.00372101;90
83.5991;0.0025026;90
92.3913;0.00357111;90
90.7487;0.0058165;90
87.8823;0.00124485;90
108.707;0.00233221;90
98.7584;0.00212781;90
72.7259;0.00312181;90
76.4296;0.00292362;90
71.6502;0.00191539;90
76.2043;0.00179066;90
79.9773;0.00158011;90
91.7353;0.00832182;90
91.5581;0.00279503;90
