angle=Azimuth
heading=Coordinate_System
dist_units=Default
startAt=15.6466;60.6052;90
survey=Polygonal
[data]
-140.57;0.00115095;90
-84.9687;0.00165337;90
-76.0265;0.00132934;90
-84.1959;0.007802;90
-26.8591;0.000697215;90
-51.8817;0.000908816;90
-52.5145;0.00130308;90
-52.2727;0.00149697;90
11.3536;0.00154422;90
-70.8838;0.00329786;90
-74.548;0.00140374;90
-93.7166;0.00219061;90
-37.2074;0.00152803;90
-105.092;0.00144794;90
-101.969;0.00230001;90
-90.4113;0.00320408;90
-89.768;0.000988008;90
-41.7548;0.00251072;90
-28.3045;0.00209213;90
-31.4366;0.000768854;90
-28.8729;0.00101063;90
-66.5885;0.00286158;90
-66.7046;0.00435176;90
-92.89;0.0022809;90
-86.2164;0.0031218;90
-87.3565;0.00388113;90
-88.6678;0.00150541;90
-100.14;0.00897418;90
-90.8725;0.000985114;90
-36.3557;0.00127025;90
-58.0781;0.000799981;90
-45.5497;0.000958174;90
-97.2936;0.00876694;90
-114.572;0.00144045;90
-99.2846;0.00153714;90
-64.7284;0.00164438;90
-90.7056;0.00162412;90
-87.7141;0.000977778;90
-46.1365;0.000962562;90
-45.2348;0.00103521;90
-64.925;0.000773941;90
-45.3997;0.000608127;90
-69.9623;0.00143592;90
-27.6106;0.000955855;90
-13.8717;0.000675707;90
-27.2193;0.000900747;90
-42.931;0.000979274;90
-41.6202;0.00106747;90
-47.9197;0.00123551;90
-30.5252;0.00112026;90
-49.0486;0.00140216;90
-62.6318;0.0014357;90
-24.6656;0.000877021;90
-41.1078;0.00110422;90
-53.2034;0.0014074;90
-70.1049;0.00150162;90
-97.4535;0.00211991;90
-78.7971;0.00157501;90
-78.7996;0.0013334;90
-86.5344;0.00132342;90
-69.8513;0.00115253;90
-75.4361;0.00139585;90
-69.3718;0.00111552;90
-82.0438;0.000931971;90
-79.6119;0.00123118;90
-89.2872;0.00273321;90
-56.5922;0.00135127;90
-57.1092;0.00117303;90
-57.7535;0.00148624;90
-68.3336;0.00149782;90
-66.3313;0.00192055;90
-63.3429;0.00222668;90
-45.9882;0.00159901;90
-99.251;0.00106992;90
-115.359;0.00110442;90
-103.144;0.00149517;90
-87.0874;0.00165314;90
-75.8153;0.0014038;90
-88.2839;0.00176979;90
-92.158;0.00212451;90
-80.6071;0.00203427;90
-75.1209;0.00225874;90
-54.4398;0.00177626;90
-15.2303;0.00141987;90
-63.5856;0.00204109;90
-52.5548;0.00181249;90
-66.6517;0.00115563;90
-79.5053;0.00129567;90
-71.1526;0.00092246;90
-76.4745;0.000897903;90
-76.2139;0.00116661;90
-89.3239;0.00228816;90
-120.096;0.00113271;90
-93.5323;0.001055;90
-78.2666;0.00127361;90
-107.082;0.00123237;90
-126.016;0.000765285;90
114.311;0.000750558;90
93.3465;0.00236403;90
104.955;0.0019956;90
102.079;0.00235106;90
114.621;0.00152901;90
139.59;0.000715766;90
172.299;0.000850673;90
119.881;0.000780801;90
126.143;0.000803665;90
136.771;0.000617599;90
128.728;0.00104855;90
116.492;0.00140112;90
128.123;0.00133472;90
-167.8;0.00098423;90
148.153;0.000879378;90
150.329;0.000676734;90
143.357;0.000807606;90
-121.643;0.0014906;90
-179.863;0.000836002;90
156.241;0.000657745;90
165.787;0.000472462;90
-165.313;0.000619233;90
173.918;0.000613453;90
160.685;0.000659096;90
110.145;0.00148377;90
92.5358;0.00113011;90
95.7193;0.00130449;90
72.4024;0.00127675;90
75.6161;0.00111908;90
80.6049;0.00126193;90
80.6641;0.000893839;90
72.3123;0.00145477;90
84.619;0.00219668;90
99.0565;0.0017407;90
100.157;0.00155944;90
114.496;0.00153629;90
107.095;0.002218;90
157.62;0.00125016;90
84.7514;0.00162883;90
23.8491;0.00117973;90
55.6722;0.0014204;90
102.552;0.00190964;90
76.717;0.00247214;90
77.103;0.0026837;90
64.4766;0.00233708;90
90;0.002356;90
85.3676;0.00203063;90
92.6235;0.00249061;90
96.3138;0.00240056;90
89.0902;0.0023933;90
124.277;0.00135298;90
141.733;0.0010011;90
144.392;0.0012349;90
118.86;0.0013736;90
128.932;0.00144494;90
137.685;0.00120765;90
150.956;0.00106492;90
133.588;0.00134886;90
140.223;0.00128165;90
163.112;0.00113599;90
118.856;0.00137583;90
-161.947;0.000758331;90
117.514;0.00188974;90
138.687;0.0013966;90
101.372;0.002343;90
98.4253;0.00244337;90
92.0964;0.00188626;90
71.675;0.00197832;90
68.3931;0.00153162;90
91.7149;0.00100245;90
81.227;0.00162602;90
59.6655;0.000687065;90
64.6613;0.000731362;90
68.6867;0.00141691;90
114.887;0.000962369;90
119.121;0.00100276;90
101.149;0.00544577;90
-31.271;0.000959377;90
-7.92548;0.00197991;90
26.5763;0.0022866;90
41.036;0.00230148;90
79.3066;0.00324434;90
104.211;0.00293688;90
145.717;0.00109892;90
-128.511;0.00144539;90
-120.481;0.00111975;90
-132.94;0.00108187;90
57.0388;0.0014171;90
43.3333;0.00145867;90
46.7102;0.00144526;90
101.647;0.00366547;90
106.793;0.00335402;90
114.952;0.00287538;90
126.11;0.00260803;90
134.328;0.00235271;90
161.802;0.00183477;90
131.647;0.00103981;90
135.75;0.00108055;90
149.329;0.00264849;90
151.28;0.00187918;90
149.265;0.00073179;90
93.9058;0.00320043;90
83.3113;0.00268729;90
-54.4306;0.00126012;90
-71.8375;0.00199542;90
-175.926;0.00171734;90
-87.1628;0.00238392;90
-39.0975;0.00153336;90
-29.9954;0.00263837;90
-29.7796;0.00184229;90
-64.9068;0.00217641;90
21.4677;0.00143452;90
-43.9224;0.00229355;90
-49.0831;0.00232379;90
-61.9082;0.00278624;90
-69.9155;0.00294404;90
-75.4039;0.00399597;90
-79.2856;0.00118872;90
-131.088;0.00164786;90
-128.687;0.00133107;90
-137.703;0.00131952;90
39.8872;0.000809322;90
49.98;0.00188164;90
39.8845;0.0006503;90
58.755;0.000838638;90
-46.8161;0.000580119;90
-78.1542;0.00343924;90
-96.1601;0.00305665;90
-159.717;0.000882734;90
95.5381;0.00138848;90
-78.1841;0.000932765;90
-128.621;0.00230388;90
-154.871;0.00212404;90
176.262;0.00230089;90
-179.305;0.00123609;90
-97.9247;0.0028795;90
-30.5537;0.0010544;90
-41.6435;0.00095411;90
-54.0601;0.00105974;90
109.108;0.00425229;90
76.0112;0.00205185;90
85.6119;0.00248328;90
84.6625;0.00242953;90
87.437;0.0023033;90
92.3158;0.00227686;90
95.3666;0.00265162;90
93.1899;0.00253393;90
94.0388;0.00244206;90
104.423;0.00186684;90
122.064;0.00154463;90
126.327;0.00130826;90
65.3384;0.0011983;90
13.105;0.00108937;90
44.5455;0.00133718;90
55.8546;0.00153574;90
48.8863;0.00149189;90
21.1805;0.000805408;90
106.245;0.00178736;90
81.6893;0.00148055;90
95.0525;0.00116954;90
146.994;0.00106843;90
136.548;0.00112542;90
119.373;0.00104998;90
66.9907;0.00170896;90
70.3532;0.00164475;90
83.602;0.00164223;90
87.0279;0.00140789;90
92.4564;0.00135324;90
171.997;0.000639226;90
148.434;0.000636123;90
91.3074;0.000964251;90
85.4215;0.0010022;90
79.0578;0.00122222;90
82.9395;0.00121219;90
84.3762;0.00105106;90
-127.741;0.00297174;90
-103.582;0.00100922;90
-93.6455;0.0010852;90
-84.8126;0.00148207;90
-86.0002;0.003283;90
-84.7534;0.000995169;90
-81.0835;0.00138069;90
-102.887;0.00143925;90
-48.3968;0.00109794;90
-54.3236;0.000864187;90
-151.122;0.00104151;90
-107.044;0.000924606;90
-114.183;0.00110826;90
-113.079;0.00156636;90
-127.526;0.000820854;90
136.943;0.000604924;90
126.634;0.00145801;90
164.299;0.000709474;90
-91.3592;0.0014334;90
-82.1133;0.00169806;90
-79.1733;0.00158114;90
-77.7486;0.00163524;90
-24.073;0.000894826;90
-58.2344;0.000759813;90
-54.7361;0.00160563;90
-61.7347;0.00164289;90
-76.6091;0.00167967;90
-85.0114;0.00171349;90
-86.4979;0.00168615;90
-87.1295;0.0017572;90
-87.6634;0.00169241;90
-85.7598;0.00169063;90
-88.1886;0.00158179;90
-91.9957;0.00152192;90
-95.0313;0.00165337;90
-95.3223;0.00255502;90
-98.6288;0.00274608;90
-112.846;0.0013857;90
-115.246;0.000893322;90
-57.6258;0.0012681;90
-46.8094;0.00123169;90
-48.4578;0.000937917;90
114.329;0.00419448;90
72.2347;0.00243512;90
85.629;0.00396253;90
87.0613;0.00394018;90
92.238;0.00448142;90
94.5041;0.00379472;90
105.81;0.00336218;90
122.657;0.00253706;90
105.154;0.000845398;90
32.9234;0.000621875;90
15.5433;0.00207488;90
49.324;0.00316057;90
-43.1377;0.00498278;90
35.6717;0.00203725;90
65.6572;0.00365604;90
84.0333;0.00418467;90
99.9677;0.00445424;90
105.2;0.00500406;90
104.482;0.0052023;90
105.11;0.0052671;90
114.337;0.00455474;90
132.074;0.00293691;90
149.631;0.00150327;90
144.419;0.00290794;90
147.142;0.00332495;90
149.565;0.00187542;90
132.78;0.00233662;90
155.04;0.0013887;90
-114.847;0.00217757;90
136.118;0.000905976;90
82.2348;0.000932551;90
103.597;0.00585716;90
91.1129;0.00216241;90
96.7333;0.00185077;90
121.222;0.00117872;90
-78.8108;0.00986859;90
-69.2277;0.0021091;90
-77.074;0.000938789;90
-114.286;0.00269883;90
-118.17;0.00193183;90
-127.499;0.00215033;90
-176.163;0.000672507;90
-93.5209;0.00174229;90
-75.1808;0.00223639;90
-85.5272;0.00729622;90
-38.0326;0.00108422;90
-48.4519;0.00172635;90
-47.9019;0.00322642;90
-90;0.00198;90
-155.913;0.0013035;90
-144.921;0.000755169;90
-171.131;0.000888624;90
-34.7731;0.00441676;90
-30.9149;0.0014092;90
-76.873;0.00132975;90
-77.4186;0.00189142;90
-60.3894;0.00185184;90
128.735;0.000712778;90
118.211;0.00199271;90
93.4757;0.00138555;90
71.4073;0.00149292;90
117.81;0.00146184;90
100.244;0.0018444;90
114.791;0.00181969;90
132.942;0.00309134;90
130.132;0.000674893;90
120.697;0.00103037;90
74.845;0.00260873;90
73.6487;0.00279192;90
123.065;0.001908;90
132.151;0.00223368;90
112.059;0.00462238;90
49.1464;0.00199502;90
61.1134;0.00202038;90
67.1926;0.00296155;90
100.84;0.00174412;90
111.151;0.00184853;90
70.0531;0.00148616;90
-106.727;0.0110662;90
-89.7766;0.00179501;90
-85.4705;0.00164614;90
-96.3586;0.00102933;90
92.4803;0.00134026;90
-68.4943;0.00151121;90
-90.7494;0.00963382;90
-105.496;0.00154206;90
-101.577;0.00201806;90
-100.929;0.00271627;90
-106.899;0.00338517;90
-104.819;0.00204089;90
178.477;0.000752266;90
149.62;0.00282953;90
-148.644;0.00315359;90
-141.746;0.00211902;90
-157.219;0.00430263;90
-165.226;0.00397646;90
-126.525;0.0052825;90
-123.411;0.00558978;90
-141.951;0.00461598;90
-128.08;0.00549322;90
-129.134;0.0103227;90
-133.131;0.00242808;90
-128.795;0.00455997;90
-128.728;0.00600036;90
-133.811;0.00579104;90
-125.373;0.00597004;90
-127.516;0.00606419;90
-133.732;0.00530319;90
-134.971;0.00551543;90
-120.959;0.00652569;90
-153.569;0.004592;90
-177.66;0.00761735;90
-179.804;0.00146401;90
-158.215;0.00447024;90
-128.098;0.00571311;90
-115.236;0.00557289;90
-111.744;0.00873233;90
-114;0.00720378;90
-117.089;0.00660115;90
-122.614;0.00634911;90
-121.116;0.0112718;90
-110.156;0.00325324;90
-105.562;0.00695184;90
-98.9243;0.00831567;90
-97.7518;0.00848151;90
-101.175;0.00773465;90
-106.471;0.00730789;90
-104.944;0.00601855;90
-104.24;0.00820406;90
-99.5029;0.00464575;90
-112.088;0.00348907;90
-109.487;0.00537488;90
-109.724;0.00191113;90
-84.5181;0.00378933;90
-64.4117;0.00443387;90
-63.3145;0.00616798;90
-61.8506;0.00105135;90
-98.4172;0.00172154;90
-136.366;0.00112745;90
107.947;0.0133706;90
103.181;0.00334615;90
115.406;0.00154768;90
-100.753;0.00153292;90
65.1111;0.00981562;90
78.9991;0.00178174;90
74.19;0.00418429;90
76.5162;0.00749664;90
74.9612;0.00824747;90
75.0026;0.0090658;90
81.2403;0.0167575;90
79.4358;0.00754895;90
71.4353;0.0083769;90
61.3431;0.00748598;90
54.4438;0.00682199;90
61.1195;0.00763794;90
65.0491;0.00812865;90
67.0439;0.00778667;90
66.5498;0.00774466;90
51.0115;0.00588082;90
20.5012;0.00428008;90
0.606282;0.00415823;90
7.82173;0.00415163;90
21.6026;0.00438931;90
54.0681;0.00626764;90
46.7008;0.00555111;90
43.8008;0.00533841;90
52.9677;0.00592762;90
56.5421;0.00629756;90
53.415;0.00607368;90
45.0367;0.0055218;90
48.3991;0.00567674;90
49.6576;0.00612184;90
51.1829;0.00591542;90
52.0262;0.00589629;90
37.4194;0.00512964;90
61.0539;0.00656629;90
42.4779;0.00464383;90
14.1155;0.00368218;90
20.702;0.00362934;90
39.5329;0.00215232;90
34.294;0.00334198;90
-33.5807;0.00319647;90
-69.0213;0.0022373;90
-69.3309;0.00171969;90
-91.4675;0.00328008;90
-88.1652;0.00593404;90
-88.4212;0.00373842;90
-26.5526;0.00206479;90
-57.626;0.00443184;90
-59.518;0.00389539;90
-49.468;0.00358532;90
-47.4324;0.00363214;90
-46.3317;0.00377273;90
-45.204;0.00238296;90
-35.8718;0.00143522;90
-54.5017;0.00135359;90
93.0304;0.0090797;90
88.6973;0.00721386;90
100.632;0.00167475;90
92.6784;0.00318848;90
100.948;0.00421776;90
119.341;0.00326939;90
53.3584;0.00110421;90
33.7263;0.00350487;90
20.6917;0.00286693;90
-60.1768;0.0036274;90
11.2091;0.00133751;90
62.865;0.00409131;90
85.5914;0.0053077;90
102.713;0.00535734;90
104.532;0.0047107;90
105.853;0.00576943;90
107.775;0.00515928;90
120.653;0.00410917;90
137.922;0.00216373;90
108.931;0.00127919;90
88.5248;0.00411736;90
99.3443;0.00199548;90
67.5715;0.00128955;90
-3.04098;0.00288406;90
-85.6792;0.00157949;90
-96.7628;0.00227583;90
-101.407;0.00348891;90
-133.769;0.00213949;90
-39.1378;0.00183464;90
-60.9249;0.00407445;90
-73.0769;0.00590888;90
-75.6839;0.00571033;90
-75.0842;0.00545066;90
-86.9203;0.00832002;90
-104.81;0.00185047;90
-120.345;0.00266627;90
-116.589;0.00212248;90
119.946;0.00212349;90
124.364;0.00367792;90
-139.103;0.00307319;90
-147.258;0.0026976;90
-128.66;0.00121659;90
-59.8586;0.00265267;90
-73.1875;0.00329483;90
-85.6888;0.0038178;90
-86.7824;0.00420463;90
-90.3203;0.00411406;90
-97.6709;0.00397053;90
-108.899;0.00343941;90
-69.5768;0.0013125;90
-39.7742;0.001871;90
144.618;0.00261128;90
133.805;0.00461275;90
132.682;0.00129365;90
-166.274;0.000804988;90
-102.308;0.00357927;90
-87.9276;0.00378848;90
-89.2972;0.00342426;90
-85.8449;0.00205641;90
-55.5204;0.00132836;90
17.4383;0.000527231;90
111.068;0.00121845;90
131.535;0.00106473;90
97.3172;0.00140545;90
91.0784;0.00345361;90
92.3478;0.00344189;90
79.7438;0.00274079;90
71.4542;0.00179839;90
-55.2854;0.00167519;90
-47.5694;0.00277606;90
-41.5999;0.00212223;90
-43.394;0.00105966;90
-38.1096;0.0012849;90
-48.145;0.000966657;90
-58.3238;0.00136541;90
-52.6478;0.00085543;90
125.85;0.00130281;90
120.605;0.000958524;90
94.9831;0.00856537;90
87.4962;0.004189;90
91.045;0.00400267;90
93.7572;0.0039525;90
96.9341;0.00376051;90
122.342;0.00306557;90
104.184;0.00160389;90
12.6437;0.00102793;90
35.0998;0.00282955;90
37.7071;0.00287431;90
-54.3161;0.00364298;90
-8.98397;0.00157533;90
60.5676;0.00359384;90
83.7717;0.00577006;90
103.379;0.00566989;90
103.893;0.00554729;90
104.703;0.00585884;90
110.464;0.00546595;90
127.29;0.00401091;90
150.981;0.00141002;90
141.793;0.00237345;90
147.577;0.00273423;90
148.708;0.00110704;90
148.159;0.0012207;90
155.955;0.000773085;90
131.717;0.00240741;90
167.97;0.00129545;90
-126.203;0.00158131;90
113.437;0.00246648;90
80.4988;0.00145394;90
77.6641;0.00164293;90
119.858;0.00182183;90
89.0297;0.00129919;90
-64.8847;0.00362359;90
-64.0842;0.00347328;90
-48.4239;0.00256926;90
-39.0617;0.00146948;90
-33.3256;0.00300875;90
-31.88;0.00290642;90
-25.0937;0.00153266;90
-46.3462;0.00282921;90
-60.1049;0.00421137;90
-71.9771;0.00479319;90
-75.6725;0.00562908;90
-75.7917;0.00613982;90
-78.9382;0.00552464;90
-98.5696;0.00481172;90
-118.48;0.00376004;90
-91.0872;0.00242444;90
-75.9465;0.00402342;90
-71.4959;0.00392913;90
-73.4639;0.00460965;90
-62.6731;0.00504502;90
-50.8037;0.00450331;90
-59.5972;0.00518499;90
-64.7697;0.0055483;90
-65.2634;0.00560644;90
-56.878;0.00489547;90
-58.9235;0.00523072;90
-62.6359;0.00541941;90
-59.9787;0.00519265;90
-45.8105;0.00449906;90
-44.0019;0.00446535;90
-49.36;0.00417624;90
-43.3261;0.00297748;90
-43.8331;0.00295137;90
-50.9161;0.0030803;90
-65.4928;0.00397292;90
-76.3678;0.00522726;90
-89.1121;0.00613074;90
-85.9316;0.00639913;90
-80.6694;0.00564975;90
-58.0324;0.00433666;90
-42.2415;0.00334991;90
-41.3119;0.0023964;90
-42.4218;0.00226362;90
-59.5989;0.00247999;90
-56.1423;0.00293826;90
-59.7082;0.00419703;90
-55.5354;0.00369325;90
-64.8465;0.00403017;90
-59.876;0.00386153;90
-46.5967;0.00284226;90
-51.139;0.00324656;90
-44.2287;0.00320419;90
-49.0583;0.00337712;90
-67.8217;0.00477099;90
-67.901;0.00522052;90
-54.4245;0.00440032;90
-33.601;0.003567;90
-31.6437;0.0037283;90
-31.5493;0.00367524;90
-38.4406;0.00363357;90
-61.1702;0.00475312;90
-61.6257;0.00437683;90
-39.3773;0.00298065;90
-35.8359;0.00299249;90
-55.0206;0.00334042;90
-51.0783;0.00293828;90
-43.6172;0.00219762;90
-43.9454;0.00215138;90
-58.6491;0.003452;90
-63.2302;0.00488003;90
-72.3575;0.00551016;90
-85.6359;0.00507271;90
-86.1996;0.00586891;90
-86.8673;0.00600197;90
-82.7541;0.00635072;90
-81.6553;0.00630475;90
-81.7659;0.00623528;90
-82.1157;0.00675788;90
-84.9747;0.00692964;90
-83.6532;0.00669403;90
-77.7754;0.00653621;90
-77.1591;0.00637134;90
-71.4844;0.00606494;90
-64.9721;0.00563513;90
-65.1096;0.00593751;90
-67.7189;0.00585518;90
-73.9258;0.00617231;90
-72.8735;0.00620411;90
-53.9823;0.00481433;90
-19.4535;0.0035401;90
-17.9472;0.00349191;90
-5.1342;0.00353117;90
-21.7656;0.00356517;90
-37.6298;0.00428298;90
-60.6922;0.00525228;90
-81.4726;0.00679108;90
-83.9;0.00682263;90
-79.0291;0.00679417;90
-70.7574;0.00621418;90
-52.7077;0.00501914;90
-52.6657;0.00478676;90
-49.1527;0.00495072;90
-52.7296;0.00492092;90
-44.943;0.00426244;90
-21.2602;0.00367619;90
-20.4397;0.00368821;90
-22.5016;0.00361632;90
-20.8074;0.00362866;90
-34.6672;0.00375698;90
-55.1203;0.00518313;90
-59.9843;0.0052755;90
-60.4885;0.00529844;90
-59.5748;0.00518154;90
-65.0193;0.0056451;90
-72.833;0.00635932;90
-73.4215;0.00617886;90
-77.0211;0.00657189;90
-80.0354;0.00742602;90
-80.2927;0.00676689;90
-80.3806;0.00659473;90
-80.7041;0.00673545;90
-83.1145;0.00703171;90
-86.1386;0.00708308;90
-86.6045;0.00707442;90
-86.3968;0.00692168;90
-89.9398;0.00761;90
-94.0404;0.0070395;90
-96.508;0.00663475;90
-97.0049;0.00656803;90
-94.6488;0.00592248;90
-81.5812;0.00538907;90
-48.3119;0.00401459;90
-45.3814;0.00403625;90
-42.5464;0.0039146;90
-41.6532;0.00386386;90
-41.3388;0.0034549;90
-57.512;0.00391344;90
-81.0694;0.00184233;90
-40.0971;0.000603958;90
-17.7592;0.00270805;90
-12.565;0.00325906;90
14.2896;0.00345592;90
40.5628;0.00451497;90
63.7364;0.0055254;90
67.4281;0.00560646;90
63.5945;0.00353255;90
35.5133;0.00136858;90
7.59681;0.00174734;90
-31.7023;0.00166316;90
-27.4884;0.00116559;90
-33.454;0.00121175;90
-57.9979;0.00183602;90
-55.1669;0.00118175;90
-56.5028;0.00206017;90
-48.7786;0.00197429;90
-53.5691;0.00287108;90
-66.1799;0.00490261;90
-70.5221;0.0054552;90
-76.3796;0.00691754;90
-74.7183;0.00662837;90
-70.7528;0.0061794;90
-69.9069;0.00627279;90
-62.4413;0.00567376;90
-72.5969;0.00619875;90
-70.1607;0.0061936;90
-57.0218;0.00515689;90
-74.5693;0.00600963;90
-88.4306;0.00722971;90
-95.2548;0.00679154;90
-95.4271;0.00677738;90
-96.0525;0.00668627;90
-101.164;0.00506687;90
-49.8458;0.00151509;90
-32.9784;0.00174162;90
65.2772;0.00137724;90
-6.42302;0.000840274;90
-44.3097;5.86941e-05;90
148.224;0.000955172;90
-133.178;0.00175663;90
145.389;0.00155281;90
165.946;0.000774174;90
-102.517;0.0042449;90
-106.92;0.00536004;90
-103.318;0.00594283;90
-102.794;0.00637631;90
-96.8001;0.006824;90
-85.0854;0.00778562;90
-81.2402;0.00669105;90
-93.7462;0.0127953;90
-99.0643;0.00627132;90
-89.331;0.00659445;90
-81.6692;0.0065016;90
-81.4022;0.00642824;90
-81.0545;0.00679768;90
-81.3078;0.00645818;90
-81.3505;0.00639675;90
-81.0479;0.00651638;90
-81.3164;0.00647118;90
-78.1821;0.00612789;90
-75.9432;0.00607697;90
-79.992;0.00678423;90
-82.1585;0.00645738;90
-76.9313;0.00608973;90
-76.4098;0.00610699;90
-81.2142;0.00626552;90
-84.9069;0.00665728;90
-85.1698;0.00657937;90
-88.5659;0.00655305;90
-88.9668;0.00504682;90
-88.6658;0.00476729;90
-81.3084;0.00431455;90
-76.2673;0.00421242;90
-76.2671;0.00590995;90
-76.7105;0.00615996;90
-76.5018;0.00622495;90
-76.5143;0.00668944;90
-76.8688;0.00663345;90
-79.0174;0.00744842;90
-79.1369;0.00683956;90
-79.2444;0.00681065;90
-78.6738;0.00691466;90
-77.3075;0.00668127;90
-63.2513;0.00544128;90
-53.5656;0.00494694;90
-52.8864;0.00493704;90
-53.0089;0.00529341;90
-52.4496;0.00500115;90
-56.7319;0.00508424;90
-68.3795;0.00611739;90
-68.6359;0.0060336;90
-68.6522;0.00588691;90
-67.5836;0.00446326;90
-51.5242;0.00369665;90
-48.9027;0.00425959;90
-49.6124;0.00491546;90
-44.5218;0.00457514;90
-41.936;0.00440521;90
-46.329;0.00463421;90
-40.1516;0.00436716;90
-59.7057;0.00544562;90
-74.7333;0.00609924;90
-75.7996;0.00626545;90
-75.685;0.00628102;90
-76.2815;0.00564195;90
-71.8025;0.00534113;90
-62.13;0.00579292;90
-67.8383;0.00631989;90
-68.2693;0.00617159;90
-68.2761;0.00617345;90
-73.818;0.00665257;90
-84.2685;0.00791055;90
-89.966;0.00675;90
-86.9523;0.00336676;90
-88.2297;0.00420801;90
-81.8619;0.00608932;90
-83.0698;0.00517984;90
-79.7042;0.0011302;90
-90.8167;0.00238524;90
-88.0808;0.00343393;90
-88.1684;0.00369189;90
-88.4535;0.00366834;90
-92.5028;0.00375558;90
-91.6038;0.00339433;90
-99.4289;0.0284331;90
-126.754;0.0010846;90
-124.8;0.00100225;90
-153.153;0.00191097;90
-131.708;0.00192084;90
-116.183;0.00268111;90
-127.928;0.0029349;90
-148.43;0.00251174;90
-171.926;0.00215738;90
-158.564;0.00174576;90
-136.896;0.00262834;90
-118.652;0.00320552;90
135.682;0.00166323;90
120.523;0.00377051;90
117.941;0.00428331;90
111.794;0.00279583;90
114.004;0.00266224;90
112.263;0.00271867;90
114.115;0.0022493;90
156.377;0.00207378;90
-145.089;0.00311202;90
-143.394;0.00247523;90
-143.874;0.00140272;90
146.43;0.000660095;90
153.484;0.00259608;90
174.306;0.00211644;90
-119.66;0.00309789;90
-116.343;0.00379956;90
-125.153;0.00365084;90
-155.406;0.00287371;90
156.664;0.00169898;90
157.947;0.00396835;90
157.308;0.00408523;90
177.964;0.00374436;90
-173.435;0.00374355;90
113.599;0.0056429;90
100.376;0.0121985;90
93.9481;0.00614358;90
122.946;0.00418862;90
146.026;0.00363805;90
145.272;0.00359671;90
136.486;0.00436149;90
106.87;0.00661257;90
103.928;0.00668454;90
103.954;0.00607528;90
104.177;0.00601417;90
112.17;0.00467999;90
103.102;0.0048482;90
88.2985;0.00400777;90
93.3266;0.00329155;90
94.3961;0.00333983;90
93.9963;0.00223844;90
152.322;0.000990318;90
-32.0829;0.00407421;90
-88.6372;0.00239668;90
-157.71;0.00100186;90
-176.844;0.00132601;90
-85.7984;0.00334399;90
-90.743;0.00562947;90
-72.8372;0.0056119;90
-70.9602;0.00500269;90
-76.0094;0.00426038;90
-75.9462;0.00634594;90
-76.0958;0.00673329;90
-72.6269;0.00645026;90
-42.3172;0.00442639;90
-34.784;0.00399485;90
-34.7918;0.00356294;90
-64.0051;0.00462934;90
-87.9706;0.00550645;90
-79.3218;0.0111175;90
-72.7146;0.00498096;90
-32.9772;0.00298729;90
27.4204;0.00308567;90
-8.56835;0.00293981;90
-22.5352;0.00317547;90
-22.5672;0.00318162;90
-30.4527;0.00317268;90
-74.4398;0.00551721;90
-63.736;0.00399993;90
-43.7454;0.00361701;90
-56.1154;0.00392092;90
-78.0512;0.00510051;90
-70.3952;0.00432152;90
-35.7251;0.00323345;90
-27.8962;0.00288754;90
-37.36;0.00259549;90
-48.025;0.000696764;90
71.1217;0.00183892;90
76.8467;0.00492624;90
72.662;0.00449316;90
65.4862;0.00421053;90
52.3134;0.00322733;90
25.0703;0.00240012;90
52.0656;0.00296051;90
67.088;0.00393767;90
55.3562;0.00303269;90
40.6074;0.00204034;90
14.3863;0.00202448;90
13.8969;0.0020943;90
35.573;0.00282772;90
57.1308;0.00290388;90
64.9462;0.00244174;90
42.0369;0.00162781;90
6.33178;0.000752591;90
40.0367;0.00136488;90
54.6642;0.000791884;90
53.6864;0.00123606;90
48.2705;0.0011403;90
-36.0556;0.000745875;90
83.2822;0.0272612;90
89.3474;0.00368724;90
88.925;0.00383768;90
91.8189;0.00431617;90
90.2094;0.00410403;90
89.7953;0.00307902;90
97.0033;0.00350213;90
97.4888;0.00529416;90
96.718;0.00616332;90
96.4176;0.00351603;90
89.5396;0.0104533;90
96.3487;0.0074517;90
106.529;0.00689284;90
111.774;0.00649971;90
111.733;0.00655171;90
113.135;0.00642903;90
116.229;0.00617031;90
104.824;0.0063514;90
104.095;0.00684509;90
104.091;0.00681404;90
104.338;0.00676368;90
115.269;0.00579111;90
140.701;0.00431348;90
133.415;0.0047564;90
137.936;0.00466596;90
136.175;0.004484;90
130.537;0.00485274;90
130.643;0.00459817;90
130.235;0.00354992;90
114.031;0.00492596;90
111.016;0.00570231;90
111.131;0.00606374;90
111.752;0.00597976;90
123.279;0.00540902;90
127.544;0.00496414;90
126.01;0.00500916;90
126.59;0.00504286;90
126.297;0.00508465;90
117.765;0.00561779;90
103.546;0.00688657;90
100.512;0.0069832;90
100.957;0.0069446;90
100.646;0.00747567;90
101.095;0.00709867;90
103.126;0.00685201;90
103.639;0.00682754;90
103.996;0.00684314;90
102.787;0.00563884;90
103.731;0.00414548;90
103.899;0.00323883;90
102.471;0.00397786;90
91.9758;0.00452469;90
90.9717;0.00448164;90
91.1276;0.00523401;90
92.7084;0.0065393;90
94.985;0.00698542;90
95.444;0.00671429;90
102.65;0.00654795;90
104.315;0.0057227;90
100.373;0.00591467;90
97.6165;0.00607358;90
101.374;0.00578053;90
104.223;0.00559242;90
101.235;0.00610804;90
98.8721;0.00598461;90
98.9317;0.00589346;90
98.5074;0.00629325;90
98.716;0.00576761;90
98.5736;0.00575531;90
99.0957;0.00673063;90
98.6578;0.00631091;90
94.5333;0.0061362;90
84.3011;0.00584087;90
80.0732;0.0055572;90
83.9837;0.00654505;90
96.3512;0.00689733;90
98.7571;0.0067851;90
90.3452;0.00647412;90
80.6652;0.00642407;90
76.941;0.00540375;90
77.9511;0.00436414;90
74.2268;0.0042968;90
74.275;0.00432071;90
78.2636;0.00629766;90
81.9134;0.00670366;90
84.7528;0.00687782;90
87.3482;0.0142653;90
104.028;0.00654725;90
123.135;0.00480781;90
112.499;0.00578317;90
105.768;0.006484;90
118.035;0.00566582;90
110.84;0.00621777;90
108.8;0.00629907;90
105.798;0.00661174;90
103.589;0.00621808;90
107.617;0.00441088;90
109.137;0.00389843;90
113.843;0.00339908;90
128.117;0.00184684;90
138.684;0.00119961;90
122.607;0.00196704;90
125.577;0.00136475;90
123.581;0.00160004;90
125.573;0.00190809;90
134.181;0.00138466;90
170.562;0.000780566;90
143.292;0.00163281;90
174.827;0.00192986;90
-144.455;0.00193692;90
-114.829;0.00339591;90
-112.464;0.00441502;90
-114.453;0.0053993;90
-132.295;0.00440453;90
-157.451;0.00361431;90
172.709;0.00354567;90
164.666;0.00326731;90
123.549;0.00158146;90
114.474;0.00436413;90
137.799;0.00385126;90
138.129;0.00406769;90
137.02;0.00421273;90
136.178;0.00447269;90
127.386;0.00399716;90
95.3873;0.0048675;90
84.6067;0.0282471;90
92.0014;0.00798887;90
93.4379;0.00800441;90
93.4745;0.00825017;90
95.8398;0.00648666;90
98.7477;0.00577316;90
99.2445;0.00583884;90
99.397;0.00591031;90
99.6228;0.00657451;90
100.293;0.00591011;90
104.452;0.00551759;90
105.954;0.00573384;90
105.628;0.00599149;90
110.622;0.0054684;90
118.901;0.00480662;90
119.881;0.0048174;90
119.906;0.00484172;90
119.974;0.00497197;90
128.069;0.00443557;90
150.942;0.00372255;90
158.643;0.00342414;90
157.786;0.0037374;90
159.004;0.00346077;90
158.498;0.00323839;90
137.37;0.00367656;90
123.51;0.00441599;90
134.737;0.00384741;90
128.525;0.00397526;90
127.771;0.0040293;90
128.527;0.00336181;90
114.265;0.00361103;90
106.53;0.00429137;90
100.196;0.00506193;90
96.7782;0.00553267;90
95.8826;0.00583473;90
107.297;0.00541489;90
126.976;0.00440741;90
146.18;0.00355924;90
166.319;0.00352193;90
169.191;0.00307149;90
163.811;0.00329256;90
161.412;0.00308386;90
131.495;0.00394384;90
109.889;0.00524696;90
105.232;0.00554581;90
108.275;0.00532877;90
114.422;0.00496307;90
115.776;0.00532592;90
114.295;0.00501407;90
108.224;0.00558936;90
103.125;0.00581286;90
102.791;0.00599374;90
97.935;0.00610647;90
93.4437;0.00635948;90
96.8922;0.00625822;90
98.3862;0.00648636;90
98.0042;0.00682247;90
98.0501;0.00648389;90
94.6279;0.00651925;90
93.2603;0.00671687;90
94.6372;0.00632069;90
109.706;0.00543002;90
117.132;0.00479347;90
124.485;0.00301841;90
134.713;0.00254279;90
134.29;0.00319495;90
124.661;0.00343575;90
136.466;0.00326224;90
144.884;0.00311006;90
123.501;0.00428481;90
115.18;0.00501339;90
138.212;0.00381164;90
148.5;0.00359237;90
148.327;0.00319955;90
147.77;0.00321192;90
135.801;0.0037452;90
115.848;0.00471579;90
112.266;0.00503548;90
117.402;0.00435006;90
142.249;0.00291394;90
127.058;0.00365902;90
132.684;0.00304446;90
127.781;0.00379828;90
114.382;0.00485937;90
123.793;0.00400577;90
120.039;0.00399335;90
126.015;0.00328237;90
122.15;0.00336381;90
138.398;0.0031975;90
138.382;0.00367983;90
121.199;0.00488209;90
99.3565;0.00605252;90
92.9161;0.00623107;90
91.7132;0.0062548;90
104.839;0.00522837;90
118.383;0.0042283;90
132.99;0.00340682;90
136.502;0.00372349;90
131.154;0.0037214;90
133.321;0.00395867;90
138.253;0.00398744;90
127.317;0.00404632;90
118.708;0.0047487;90
117.63;0.0047632;90
121.215;0.00442453;90
124.044;0.00435309;90
117.357;0.00494844;90
114.005;0.00500708;90
115.274;0.00490449;90
125.594;0.00414923;90
125.534;0.00483672;90
110.369;0.00502203;90
107.881;0.0046086;90
108.723;0.00421822;90
106.954;0.00263031;90
-151.467;0.000950443;90
116.227;0.00598293;90
-146.759;0.00152325;90
-145.895;0.00436228;90
-80.7557;0.00216005;90
-58.6819;0.00302238;90
-85.6867;0.00715326;90
-84.5391;0.00184939;90
-91.3545;0.00274977;90
-93.4055;0.00378769;90
-96.7302;0.00394217;90
-112.707;0.00267862;90
-49.6842;0.000761978;90
-37.5799;0.00154952;90
-59.467;0.00116331;90
98.6308;0.00645712;90
86.668;0.00302812;90
87.0531;0.0039292;90
91.7715;0.00679325;90
94.7952;0.00196187;90
99.6239;0.00273956;90
121.68;0.00283904;90
108.668;0.00178702;90
9.78976;0.00132327;90
40.2537;0.00291408;90
10.9799;0.00343895;90
-67.283;0.00145269;90
-65.0466;0.00190812;90
35.7529;0.00179534;90
63.9163;0.0039392;90
85.227;0.00457888;90
101.583;0.00514477;90
104.639;0.00542097;90
104.042;0.00518905;90
109.303;0.00634679;90
125.194;0.00447992;90
144.847;0.00162913;90
88.4722;0.00273797;90
91.1649;0.00245951;90
95.8678;0.00148679;90
81.5415;0.00152964;90
84.2363;0.00193177;90
10.7975;0.000811365;90
-96.6739;0.00902616;90
-59.2958;0.00170386;90
-50.6354;0.00262829;90
-61.879;0.00382106;90
-71.5651;0.00437659;90
-76.3038;0.0143428;90
-73.3803;0.00158731;90
-87.2013;0.00233478;90
-100.118;0.00429784;90
-122.486;0.0032471;90
-118.074;0.00179976;90
114.771;0.00288549;90
127.494;0.00262536;90
-152.329;0.00206293;90
-137.104;0.00281194;90
-173.786;0.00169999;90
-73.5155;0.00235062;90
-58.1367;0.00247966;90
-80.6474;0.00351979;90
-89.5166;0.0027261;90
-85.0752;0.00502053;90
-93.6682;0.00381381;90
-102.12;0.00643443;90
-117.57;0.00104575;90
-36.678;0.00107481;90
-39.7061;0.00118025;90
-61.1477;0.00121023;90
111.127;0.0044362;90
77.5709;0.00361472;90
86.6421;0.00390971;90
89.6627;0.00458708;90
90;0.006726;90
116.97;0.00202638;90
119.191;0.00240093;90
110.947;0.00186849;90
29.5307;0.00122746;90
30.9141;0.00296641;90
38.425;0.00266778;90
-55.2624;0.00341336;90
28.5655;0.00325412;90
70.6295;0.00214969;90
85.0002;0.00503717;90
102.296;0.00528729;90
107.025;0.00586084;90
103.588;0.00601022;90
111.835;0.00536381;90
125.582;0.00346127;90
136.885;0.00152606;90
96.6163;0.00171844;90
89.3564;0.00373924;90
100.081;0.00141687;90
75.7082;0.00103297;90
90.6189;0.0017591;90
-90;0.007778;90
-65.7904;0.00244833;90
-49.36;0.00289266;90
-64.924;0.00468122;90
-74.8685;0.0106078;90
-75.4455;0.00276162;90
-76.1223;0.00464458;90
-89.9572;0.005353;90
-111.964;0.00478316;90
-119.168;0.00236373;90
117.404;0.00290049;90
135.945;0.00325879;90
-133.403;0.00370385;90
-163.31;0.00240951;90
-78.6238;0.00220533;90
-59.7487;0.0032414;90
-82.3418;0.00429228;90
-88.1965;0.00753073;90
-96.8148;0.00341311;90
-94.5244;0.00318192;90
-112.933;0.00329005;90
-42.4438;0.00142695;90
-46.6029;0.00192125;90
127.771;0.00096652;90
144.648;0.00237123;90
66.6342;0.00292486;90
81.73;0.00405315;90
88.5005;0.00454756;90
90.4185;0.00520314;90
95.8602;0.0041527;90
110.493;0.00391046;90
114.174;0.00228322;90
34.9153;0.00452683;90
26.363;0.0024096;90
-55.5155;0.00258044;90
-63.1198;0.00203262;90
47.9783;0.00284429;90
70.6217;0.00432184;90
91.0857;0.00480286;90
104.761;0.00525544;90
105.885;0.00582753;90
103.462;0.0062929;90
114.946;0.00512846;90
133.514;0.00354521;90
102.271;0.00147265;90
90.6338;0.00343521;90
98.752;0.00225425;90
77.2325;0.00138012;90
77.681;0.0014811;90
-94.5716;0.00391445;90
-88.9184;0.00460882;90
-64.5756;0.00170735;90
-48.7601;0.00299751;90
-63.3058;0.00436526;90
-74.2095;0.00528442;90
-75.1053;0.00532595;90
-74.526;0.00507496;90
-88.0266;0.00920546;90
-109.055;0.00204611;90
-126.403;0.0029943;90
178.629;0.000752215;90
118.912;0.00395266;90
-170.74;0.0026475;90
-129.422;0.00331008;90
-167.692;0.00174511;90
-59.5413;0.00295709;90
-72.3913;0.00377172;90
-86.9269;0.00419704;90
-87.9683;0.00344116;90
-90.2411;0.00285203;90
-92.4689;0.00362136;90
-98.2205;0.00376266;90
-110.389;0.00248573;90
-36.9405;0.000973401;90
-49.391;0.00160702;90
136.328;0.00478911;90
137.283;0.00284058;90
126.795;0.000763001;90
134.685;0.00128695;90
127.729;0.0017878;90
134.657;0.00153657;90
133.048;0.00168177;90
122.118;0.00177932;90
125.49;0.00166908;90
115.449;0.00199674;90
128.465;0.00288892;90
110.83;0.0011277;90
136.727;0.00112623;90
112.133;0.00112273;90
90.6065;0.0017951;90
116.152;0.00111627;90
95.5434;0.00197725;90
89.4552;0.00241911;90
91.1223;0.00214441;90
140.184;0.0006809;90
-161.582;0.00110142;90
104.091;0.00101865;90
89.7615;0.000961008;90
92.5363;0.00164962;90
76.0629;0.0016815;90
-177.463;0.000519509;90
159.434;0.000688904;90
71.2619;0.00179304;90
132.253;0.000737653;90
140.665;0.000981308;90
-178.984;0.00101516;90
-152.641;0.000935661;90
-134.967;0.00122542;90
-167.544;0.00102001;90
170.833;0.00073438;90
116.301;0.00126384;90
-173.218;0.000829807;90
-166.325;0.000769823;90
-151.414;0.000925861;90
166.871;0.000673606;90
142.231;0.00109554;90
117.416;0.00108372;90
126.319;0.00108225;90
121.646;0.0014695;90
99.536;0.00204628;90
106.528;0.00179622;90
115.014;0.00244537;90
122.305;0.00172146;90
115.795;0.00146386;90
115.017;0.00182082;90
118.649;0.00191892;90
128.235;0.0014106;90
-160.474;0.000631305;90
138.017;0.000913434;90
157.022;0.000750553;90
89.8197;0.00127101;90
149.426;0.000908277;90
173.821;0.00125429;90
-166.181;0.00115132;90
-154.172;0.00135651;90
-176.062;0.00113568;90
-111.732;0.00138009;90
-122.116;0.00121137;90
-127.32;0.00122224;90
-124.169;0.00142618;90
-109.583;0.00190945;90
-101.871;0.00206108;90
-120.979;0.00129584;90
162.489;0.00117652;90
-176.25;0.00119255;90
-169.351;0.00107145;90
166.859;0.000822539;90
139.438;0.00111491;90
173.921;0.00159597;90
-157.436;0.00110239;90
-152.985;0.000968694;90
-130.98;0.000917961;90
-136.279;0.00117197;90
-144.859;0.000821774;90
-170.638;0.000842217;90
174.295;0.000985883;90
-107.788;0.00204581;90
-131.578;0.00215628;90
-113.441;0.00210906;90
-173.811;0.00108532;90
-145.215;0.00129186;90
162.138;0.00148666;90
170.086;0.00152172;90
-103.088;0.0018901;90
-82.5548;0.00215315;90
-74.8668;0.00210293;90
-65.3732;0.00202301;90
-89.2904;0.00306824;90
-99.2455;0.00230292;90
-99.7577;0.00236014;90
-100.058;0.00205559;90
-105.223;0.00200329;90
-132.981;0.00140519;90
-119.726;0.0014682;90
-116.979;0.0015474;90
-104.924;0.00191044;90
-95.6653;0.00201585;90
-86.7032;0.00173888;90
-85.8985;0.00180362;90
-79.9089;0.00167796;90
-85.7742;0.00160135;90
-66.0464;0.00130543;90
-58.0208;0.00116123;90
-74.3358;0.00170741;90
-74.9755;0.00154688;90
-85.6968;0.00193245;90
-87.2405;0.00189019;90
-87.6485;0.00214481;90
-78.9501;0.00229046;90
-70.837;0.00191618;90
-80.455;0.00205039;90
-92.6746;0.00205724;90
-94.5359;0.00240252;90
-102.314;0.00211465;90
-102.415;0.00186051;90
-84.4526;0.00185167;90
-80.621;0.00192068;90
-89.3477;0.00202013;90
-82.9231;0.00206977;90
-78.5773;0.00229241;90
-70.48;0.00198722;90
-65.556;0.00178829;90
-67.2501;0.00155931;90
-71.5651;0.00178352;90
-86.2561;0.00228187;90
-75.6938;0.00200725;90
-70.2906;0.00221794;90
-77.9334;0.00255444;90
-79.8386;0.00246568;90
-85.9747;0.00216534;90
-100.301;0.00251656;90
-89.6041;0.00275007;90
-87.733;0.0024269;90
-101.462;0.00236517;90
-90.9663;0.00266838;90
-81.6147;0.00266752;90
-84.8258;0.00282752;90
-85.3685;0.00269982;90
-76.6447;0.00285727;90
-53.9149;0.00160615;90
-71.8324;0.00264274;90
-74.282;0.00294201;90
-23.3405;0.00174914;90
-10.5896;0.0016379;90
-47.1701;0.00153128;90
-70.771;0.00150602;90
-64.6436;0.00133568;90
-63.8354;0.00147182;90
-73.2527;0.00159986;90
-89.3891;0.00215712;90
-93.4951;0.00180436;90
-20.2732;0.000995681;90
-12.9163;0.00131528;90
-2.02627;0.000961601;90
-14.8062;0.000884365;90
-35.8871;0.00120098;90
-59.8386;0.0015186;90
-72.1595;0.00188988;90
-45.8321;0.00131465;90
-53.8807;0.0011451;90
-60.6952;0.00135661;90
-25.0887;0.000867882;90
40.8517;0.000967736;90
32.3506;0.00102037;90
-21.4292;0.00102915;90
-11.3759;0.000851733;90
-16.6933;0.000915586;90
-37.9716;0.00140426;90
1.05044;0.000709119;90
60.9088;0.0012176;90
65.3574;0.00159969;90
57.7931;0.00144659;90
81.0501;0.00183838;90
86.2621;0.00210147;90
85.2364;0.00211932;90
88.8757;0.00229344;90
86.0808;0.00235551;90
86.721;0.00173083;90
85.9144;0.00160007;90
75.3598;0.00149556;90
70.0169;0.00141627;90
65.1584;0.00126395;90
51.1922;0.00108822;90
37.5882;0.00106888;90
39.4113;0.00119077;90
45.5581;0.0013068;90
37.6004;0.00109809;90
52.3608;0.00123631;90
48.9256;0.00120845;90
57.2467;0.00171342;90
53.2616;0.00209141;90
56.9774;0.0019524;90
79.1242;0.00222598;90
81.33;0.00240144;90
77.974;0.00262051;90
72.605;0.00200363;90
87.1722;0.00214862;90
86.3507;0.00210527;90
84.8438;0.00203624;90
84.2788;0.00214669;90
76.6021;0.00195932;90
78.0205;0.00253419;90
79.0479;0.00273175;90
73.0608;0.00244717;90
89.1218;0.00300135;90
77.9453;0.00319853;90
82.3478;0.00217033;90
94.4495;0.00181748;90
93.3321;0.00156565;90
95.6042;0.00160768;90
99.4995;0.00152086;90
99.985;0.00129766;90
97.0321;0.00168266;90
94.0613;0.00319101;90
88.0975;0.00403622;90
78.2635;0.0038985;90
89.2806;0.00398231;90
95.0602;0.00359401;90
88.5233;0.00372524;90
84.9915;0.00410066;90
82.9579;0.00420069;90
81.3963;0.00446525;90
80.3984;0.0048682;90
89.1048;0.00371245;90
22.7572;0.000545463;90
-6.40124;0.000932816;90
-47.888;0.00126308;90
-56.5931;0.0021886;90
-65.9078;0.0028711;90
-58.0842;0.00237387;90
-55.4692;0.00119079;90
-51.1277;0.00117912;90
-41.1345;0.0010489;90
-49.7766;0.00129922;90
-44.272;0.00111308;90
-51.953;0.00227808;90
-47.5686;0.00249293;90
-41.1099;0.00141748;90
-40.2806;0.00106569;90
-67.4757;0.00138354;90
-73.2734;0.0018033;90
-72.4629;0.00149341;90
-64.3561;0.00141874;90
-64.2119;0.00151709;90
-77.6324;0.00165746;90
-70.7048;0.00157974;90
-65.4237;0.0011469;90
-57.51;0.0011654;90
-66.4684;0.00110706;90
-51.2815;0.000762597;90
-64.112;0.00158951;90
-57.7457;0.00119548;90
-68.7714;0.000947279;90
-80.0728;0.00147915;90
-65.9735;0.00145398;90
-69.101;0.00160349;90
-56.6094;0.00153904;90
-45.2526;0.00160373;90
-53.1301;0.00164;90
-75.4215;0.00181958;90
-62.1359;0.00179513;90
-71.9215;0.0011182;90
118.688;0.00404335;90
118.717;0.00133408;90
121.959;0.000908736;90
119.656;0.00120252;90
132.16;0.000813465;90
116.069;0.0012925;90
119.319;0.00105172;90
105.746;0.00150342;90
105.15;0.00353174;90
126.699;0.000671003;90
123.26;0.00103565;90
121.634;0.000865612;90
122.493;0.00120812;90
119.653;0.00107935;90
121.953;0.000814397;90
107.493;0.00123092;90
111.246;0.0012639;90
98.0262;0.0028075;90
145.908;0.00102761;90
107.4;0.000892857;90
106.741;0.00104844;90
106.482;0.00108561;90
99.7916;0.00105842;90
38.2695;0.000573171;90
-22.0679;0.000519024;90
-50.2412;0.000626997;90
-42.6404;0.000704168;90
-56.8445;0.000802686;90
98.3337;0.00636824;90
85.5207;0.00425098;90
88.5565;0.00452544;90
93.3154;0.00461673;90
95.9554;0.00419263;90
120.53;0.00307883;90
109.678;0.00258071;90
149.655;0.00265238;90
151.032;0.00346672;90
162.144;0.00266119;90
-176.386;0.00199897;90
96.2822;0.00174548;90
88.5244;0.00236879;90
132.715;0.00242943;90
103.417;0.00208593;90
140.414;0.0016038;90
77.717;0.00240198;90
76.2912;0.00220687;90
79.6001;0.00204967;90
-38.0572;0.000193041;90
67.0221;0.00265897;90
-49.2232;0.00216042;90
46.5409;0.00181439;90
87.7204;0.00354481;90
75.9021;0.00225388;90
68.9323;0.00245082;90
78.2469;0.00215518;90
70.2995;0.00280626;90
87.3302;0.00433671;90
80.6322;0.0027892;90
73.6591;0.00272612;90
56.2846;0.00188265;90
-3.49997;0.00229328;90
-10.618;0.00211115;90
46.972;0.000945254;90
-29.9683;0.0011451;90
24.437;0.000686499;90
-137.82;0.00201203;90
-95.7136;0.00187833;90
-86.9148;0.00191377;90
-89.6679;0.00189803;90
-86.0984;0.00348307;90
-77.4059;0.00152264;90
-72.8267;0.00191016;90
-118.344;0.00216108;90
-92.9644;0.00199167;90
-71.8019;0.0020653;90
-46.9769;0.00141435;90
-81.1096;0.00108706;90
-104.428;0.00226752;90
-95.7015;0.0050329;90
-98.522;0.000971729;90
-97.2623;0.00124196;90
-103.835;0.00227912;90
-86.9805;0.0018035;90
-34.0968;0.00121122;90
-29.7588;0.00101944;90
-50.5206;0.00186694;90
-69.3498;0.00292065;90
-94.2379;0.00144796;90
-162.067;0.000902865;90
-141.439;0.00271118;90
-140.824;0.00256448;90
-164.756;0.00130076;90
-75.6887;0.001869;90
-56.6086;0.00377756;90
-87.1535;0.00682642;90
-86.8099;0.00185087;90
-89.856;0.00318301;90
-94.5005;0.00423105;90
-104.168;0.00347676;90
-103.157;0.00195943;90
-30.1541;0.00112874;90
-45.2532;0.00127988;90
-91.641;0.00852049;90
-125.81;0.00119981;90
-110.89;0.0018089;90
-114.505;0.00148034;90
-64.9164;0.00114167;90
-80.7085;0.0011582;90
162.708;0.00055509;90
-136.279;0.000982416;90
-103.073;0.00109642;90
-113.146;0.00128982;90
-53.8653;0.00113789;90
-72.3374;0.0011964;90
-10.8023;0.00104044;90
-48.4622;0.00163924;90
-137.516;0.000676646;90
-2.78443;0.000843996;90
-67.8439;0.000959878;90
-7.11011;0.000476666;90
-26.1712;0.000845701;90
6.47978;0.00117853;90
12.5419;0.00142296;90
-2.37988;0.00118002;90
-45.6903;0.00140866;90
-30.7306;0.00109589;90
-47.1374;0.00128925;90
-62.0378;0.00174241;90
-28.5133;0.000894497;90
-42.3595;0.00121256;90
-38.8266;0.00101919;90
-80.4459;0.00236176;90
-90.8243;0.00208522;90
-80.8584;0.00132179;90
-81.6341;0.000996605;90
-86.3701;0.00120041;90
-66.4776;0.00162612;90
-79.4482;0.00103755;90
-75.598;0.00151976;90
-79.5539;0.00119684;90
-91.4321;0.00136042;90
-86.5211;0.00194458;90
-54.5256;0.00115794;90
-51.837;0.00111668;90
-60.0067;0.00114423;90
-65.4474;0.00122254;90
-66.1856;0.00145378;90
-69.4477;0.00181449;90
-58.0393;0.00204028;90
-40.4531;0.00125766;90
-113.933;0.00158749;90
-98.6821;0.00237825;90
-91.4356;0.00123739;90
-73.996;0.00134201;90
-84.3808;0.0016851;90
-90.2584;0.00177402;90
-88.5628;0.00195361;90
-78.0082;0.00205995;90
-71.1096;0.00198914;90
-31.2659;0.00159342;90
-26.7286;0.00140962;90
-61.8255;0.00221324;90
-50.5275;0.00125529;90
-81.8806;0.00150812;90
-71.3527;0.00119472;90
-83.2873;0.00117203;90
-68.3666;0.00107685;90
-92.3838;0.00110596;90
-89.6282;0.00169504;90
-118.561;0.00111692;90
-85.0802;0.00134094;90
-98.7651;0.00137809;90
-124.945;0.000899107;90
98.2105;0.00312301;90
106.115;0.00218693;90
103.472;0.00189721;90
119.666;0.00161233;90
145.767;0.000673714;90
152.366;0.000838672;90
127.758;0.00129016;90
123.567;0.0018086;90
116.073;0.00135377;90
133.592;0.0012661;90
162.352;0.001105;90
-174.449;0.000713345;90
154.505;0.000789917;90
139.751;0.00102458;90
-106.792;0.0010038;90
-121.783;0.000875247;90
157.288;0.000865078;90
156.184;0.000633984;90
174.513;0.000585683;90
175.381;0.000558815;90
-173.012;0.000780801;90
114.007;0.00131254;90
90.1215;0.001415;90
99.0823;0.0011403;90
85.2873;0.00139973;90
75.7223;0.002072;90
80.1129;0.00115313;90
69.4802;0.00185147;90
88.1576;0.00211509;90
99.6768;0.00206437;90
101.569;0.00169034;90
115.612;0.00177434;90
117.641;0.00157134;90
138.421;0.00105476;90
74.943;0.00129341;90
25.845;0.00124559;90
72.1477;0.00186584;90
94.642;0.0023477;90
78.9697;0.00245128;90
70.773;0.00274512;90
77.7519;0.00247944;90
83.8624;0.00174903;90
89.1471;0.00154517;90
97.0908;0.00228447;90
91.6214;0.00258003;90
88.3083;0.00193084;90
107.612;0.00123278;90
101.763;0.000917264;90
132.375;0.000725546;90
110.503;0.00126194;90
85.6635;0.00564717;90
132.43;0.000835934;90
144.277;0.000719344;90
130.629;0.0011134;90
140.444;0.000559014;90
134.243;0.000749599;90
113.548;0.00116392;90
118.354;0.000802245;90
120.57;0.000998831;90
-152.141;0.000772535;90
170.668;0.000795529;90
123.673;0.000943268;90
118.134;0.00160118;90
133.029;0.00234332;90
125.462;0.00201841;90
107.903;0.00255681;90
96.5526;0.00193665;90
52.0937;0.000961957;90
119.578;0.00799829;90
136.564;0.00152863;90
134.478;0.00201958;90
149.903;0.0010888;90
-105.376;0.00237604;90
-95.0941;0.00227499;90
-87.0263;0.00169628;90
77.5908;0.00638927;90
-45.5907;0.00246935;90
-47.1129;0.00255085;90
-40.2245;0.00141843;90
-38.036;0.00106142;90
-48.9022;0.0011014;90
99.1134;0.00488669;90
86.1185;0.00259996;90
85.5311;0.00356785;90
88.6781;0.0041181;90
93.4439;0.00399522;90
94.7339;0.00351399;90
106.641;0.00255606;90
125.462;0.00236832;90
99.1216;0.00129943;90
151.677;0.00103489;90
141.593;0.00336901;90
153.289;0.00228035;90
92.0359;0.00323704;90
82.2553;0.00277532;90
-61.85;0.00182712;90
-71.3705;0.00186259;90
-122.525;0.00301486;90
165.878;0.00193859;90
-178.211;0.00269131;90
-157.535;0.00264578;90
158.666;0.00138812;90
122.659;0.00103219;90
110.463;0.00339525;90
142.971;0.00288601;90
-148.404;0.00293744;90
-144.01;0.00201824;90
-154.316;0.00363628;90
-164.185;0.00385284;90
-148.427;0.00394966;90
-114.868;0.0063134;90
-142.918;0.00453763;90
-130.107;0.0106766;90
-129.489;0.0022974;90
-130.03;0.00451346;90
-130.428;0.00557134;90
-129.798;0.0101549;90
-132.759;0.00213427;90
-127.325;0.00463775;90
-123.651;0.00605816;90
-132.25;0.00561594;90
-137.238;0.00537882;90
-125.295;0.00645564;90
-134.145;0.00545028;90
-172.14;0.00434381;90
-178.823;0.00467399;90
-173.494;0.00396252;90
-139.516;0.00523541;90
-118.107;0.006648;90
-113.233;0.00774721;90
-112.799;0.00715611;90
-115.404;0.00701643;90
-120.168;0.00659647;90
-125.78;0.00601529;90
-119.239;0.00674775;90
-108.757;0.0076503;90
-101.424;0.00820453;90
-97.1687;0.0086224;90
-99.8798;0.00895785;90
-105.573;0.00778892;90
-105.598;0.00730401;90
-102.577;0.00721923;90
-104.911;0.00775307;90
-111.567;0.00195056;90
-112.397;0.00271371;90
-108.759;0.00385583;90
171.262;0.00102692;90
130.464;0.00270893;90
124.142;0.0034459;90
127.619;0.00263102;90
-119.126;0.00141147;90
-72.7305;0.00141478;90
55.7549;0.00154602;90
-62.2208;0.00517095;90
-59.4227;0.00228819;90
-57.8863;0.00089729;90
80.7896;0.00243033;90
-20.4855;0.0011401;90
68.5115;0.00809142;90
64.4796;0.00107931;90
79.1656;0.00203223;90
75.074;0.00684081;90
76.8602;0.00810726;90
74.5284;0.0147848;90
80.3789;0.00415241;90
83.6235;0.00749134;90
80.518;0.00907499;90
73.3539;0.00816519;90
62.7947;0.00552299;90
59.0845;0.00752862;90
56.2422;0.00609699;90
62.3312;0.00710441;90
67.4435;0.0132171;90
64.4407;0.00341411;90
64.2416;0.00600354;90
41.7962;0.00599715;90
7.10856;0.00475152;90
1.97539;0.00429355;90
14.7125;0.00450056;90
45.1847;0.00526514;90
53.0503;0.00617521;90
43.674;0.00516397;90
48.2065;0.00538527;90
56.7456;0.00663801;90
50.6224;0.00507386;90
52.1569;0.00662916;90
45.5467;0.00526182;90
49.5455;0.00546048;90
50.7839;0.00577464;90
50.7901;0.00572637;90
48.7895;0.00569193;90
39.1423;0.00476675;90
64.974;0.00642744;90
29.6122;0.00396255;90
16.2803;0.00296072;90
21.0314;0.00406264;90
36.3437;0.00185108;90
37.8165;0.00274818;90
-22.6965;0.00247246;90
-32.4657;0.00159651;90
-78.2263;0.00344038;90
-72.7839;0.00163527;90
-99.8515;0.00256583;90
-87.8581;0.00337136;90
-91.495;0.00509774;90
-15.3699;0.000656479;90
35.5817;0.000604953;90
-140.555;0.00121983;90
91.4173;0.00416427;90
90.939;0.0081771;90
5.02285;0.000513974;90
9.73528;0.00293324;90
10.1981;0.0017283;90
-9.8809;0.00357808;90
90.6178;0.00315318;90
85.4779;0.00242254;90
-44.3293;0.00199347;90
-87.0944;0.00165713;90
-153.263;0.00178484;90
-88.1627;0.00143474;90
174.622;0.00276317;90
-170.668;0.00187481;90
-157.305;0.00200092;90
173.055;0.00169544;90
-120.784;0.00125829;90
-88.5542;0.0040823;90
-88.1049;0.00381008;90
-86.102;0.00313325;90
60.2551;0.00101584;90
-73.9858;0.00125781;90
-48.6469;0.00193432;90
-58.4466;0.00506599;90
-58.051;0.00161576;90
-51.8155;0.00259788;90
-49.5998;0.00305961;90
-48.4267;0.00268544;90
-44.2789;0.00297786;90
-45.8689;0.00228492;90
61.8399;0.00253847;90
23.6465;0.000957384;90
-14.2598;0.00180254;90
22.0427;0.00216096;90
36.8287;0.0025024;90
89.151;0.00560161;90
105.348;0.0012506;90
-179.333;0.000515035;90
-131.837;0.000961008;90
-114.897;0.00161289;90
-153.542;0.000720462;90
55.5084;0.0038267;90
-72.186;0.00239272;90
-81.2431;0.00365865;90
-120.496;0.00227003;90
87.941;0.00150297;90
-93.7855;0.00133291;90
-143.134;0.0032136;90
-161.825;0.000907267;90
165.282;0.00157053;90
158.587;0.00104085;90
-113.803;0.00153125;90
-106.817;0.00172476;90
-39.5755;0.00194477;90
-50.7305;0.00101269;90
92.3584;0.0128068;90
93.0373;0.00171741;90
93.6324;0.00344091;90
92.1317;0.00379062;90
101.935;0.00353952;90
127.836;0.00231333;90
103.127;0.00152792;90
12.2936;0.00126808;90
38.6629;0.0028636;90
33.4296;0.00280626;90
-55.8237;0.00366004;90
-15.6104;0.00138613;90
58.886;0.00327049;90
79.0597;0.00474219;90
98.6606;0.00504047;90
105.657;0.00377197;90
104.476;0.00496048;90
104.574;0.00571488;90
111.057;0.00499024;90
128.106;0.00376428;90
154.749;0.00109238;90
92.4218;0.00172754;90
-30.5685;0.00146686;90
4.16985;0.00101769;90
76.5067;0.00271288;90
79.2224;0.00240645;90
96.4943;0.00172406;90
-175.48;0.000799486;90
168.063;0.000483455;90
-54.7114;0.0197647;90
119.644;0.00126565;90
118.685;0.000858343;90
93.2812;0.00106575;90
0.682641;0.00117508;90
2.7534;0.000603697;90
18.0042;0.000588833;90
20.7474;0.000595626;90
118.632;0.00104134;90
113.58;0.0012024;90
119.415;0.00114225;90
117.996;0.000877707;90
119.489;0.000999482;90
112.429;0.00133932;90
93.0851;0.00120775;90
101.029;0.00404573;90
147.025;0.000733093;90
141.2;0.000831472;90
-179.393;0.000755042;90
169.494;0.000559378;90
66.9688;0.00206782;90
37.2561;0.000771418;90
53.5328;0.000996025;90
80.0692;0.0015482;90
86.7654;0.00127603;90
92.3649;0.00101787;90
79.78;0.00126812;90
82.8556;0.00439009;90
136.534;0.00124142;90
-161.429;0.00120262;90
119.315;0.00123976;90
130.288;0.00105007;90
130.942;0.00105907;90
131.778;0.000956106;90
154.185;0.00058098;90
146.219;0.00052336;90
114.089;0.00142839;90
104.368;0.000878479;90
109.997;0.00142703;90
-138.507;0.00166482;90
-99.0055;0.00253626;90
-97.8814;0.00306293;90
-95.925;0.00124968;90
-105.499;0.000987927;90
-22.4453;0.00090885;90
58.4888;0.00136416;90
-28.366;0.000654597;90
-85.0431;0.00211792;90
-79.2853;0.000962786;90
-123.822;0.000842592;90
-91.5268;0.00101336;90
-134.72;0.00188022;90
-105.229;0.00170176;90
-67.4299;0.000885846;90
167.127;0.000920127;90
-126.723;0.0010904;90
-142.742;0.000708616;90
-46.8528;0.00253701;90
-17.302;0.000591778;90
-88.5742;0.00229071;90
-101.151;0.00297823;90
-158.294;0.00223336;90
169.211;0.000582293;90
-68.5825;0.00232774;90
-49.7848;0.00349255;90
-69.7031;0.00879831;90
-76.9788;0.00258753;90
-76.0447;0.00446169;90
-81.4192;0.00266078;90
-78.4814;0.00807768;90
-110.766;0.00437737;90
-127.451;0.00246513;90
-175.562;0.000891674;90
117.176;0.00381853;90
178.92;0.00217439;90
-127.737;0.00321057;90
-168.359;0.0020369;90
-86.4868;0.0018114;90
-64.488;0.00491526;90
-91.9409;0.00168297;90
-85.0102;0.00408147;90
-88.8537;0.00434887;90
-94.7191;0.00416913;90
-97.3474;0.00405832;90
-109.773;0.00242391;90
-22.7332;0.00124469;90
-54.4623;0.00122153;90
-33.6901;0.000522805;90
-93.5465;0.00863253;90
-139.142;0.000822392;90
-109.294;0.00122267;90
-104.786;0.0010932;90
-83.3206;0.000988711;90
-60.4037;0.0012432;90
-95.4441;0.00145456;90
-75.785;0.00171037;90
-44.0102;0.00102334;90
-52.466;0.000707448;90
-43.2911;0.000640216;90
-74.5227;0.00124412;90
-47.5295;0.000881207;90
-39.1737;0.000870704;90
-15.2647;0.00105212;90
-25.71;0.000689233;90
-38.38;0.000895511;90
-45.9517;0.000851474;90
-52.3336;0.0010359;90
-25.187;0.00107854;90
-51.0043;0.00135874;90
-56.9713;0.00148975;90
-29.3461;0.000534603;90
-48.6146;0.00118889;90
-45.9094;0.000980173;90
-35.7539;0.000893369;90
-78.6776;0.00180819;90
-98.4219;0.00205516;90
-77.9877;0.00140783;90
-70.2112;0.000856584;90
-84.0443;0.00106977;90
-82.544;0.00191116;90
-66.9487;0.000817254;90
-73.0418;0.00116569;90
-79.0824;0.000945106;90
-69.4905;0.00115309;90
-91.5689;0.00164362;90
-85.9766;0.00183853;90
-70.9494;0.000971192;90
-32.2251;0.000857015;90
-56.4141;0.00106835;90
-60.0261;0.000992782;90
-75.9205;0.00192792;90
-57.9683;0.00184959;90
-63.9899;0.00221649;90
-47.5401;0.00153168;90
-111.134;0.00145056;90
-111.882;0.000920307;90
-101.165;0.00123946;90
-88.7789;0.00107925;90
-75.2162;0.00137554;90
-82.7191;0.00123093;90
-90.2912;0.00157402;90
-90.3422;0.00184203;90
-79.1031;0.0017139;90
-75.1431;0.00198123;90
-65.117;0.00196546;90
-19.9335;0.00118499;90
-37.5339;0.00120808;90
-66.6829;0.0013971;90
-47.6675;0.00124586;90
-59.7632;0.00125701;90
-72.9557;0.0010815;90
-77.2836;0.00112663;90
-77.2191;0.00108488;90
-82.7986;0.00167521;90
-86.0229;0.00154272;90
-114.023;0.0010587;90
-106.109;0.0010596;90
-84.344;0.00104509;90
-82.7816;0.00121765;90
-117.363;0.00118791;90
99.9174;0.0022354;90
102.317;0.0020205;90
108.932;0.0017877;90
101.886;0.00214601;90
121.307;0.00080057;90
156.085;0.000609309;90
169.16;0.000622101;90
125.156;0.00137722;90
132.06;0.00111658;90
135.659;0.000676746;90
109.774;0.00128582;90
138.174;0.00118764;90
136.334;0.00100224;90
-176.081;0.000760779;90
142.488;0.000678243;90
164.476;0.000597809;90
143.781;0.000704045;90
163.155;0.000490026;90
-102.69;0.000887683;90
-131.2;0.000746932;90
165.085;0.000695432;90
161.219;0.000680218;90
160.787;0.000489249;90
-162.346;0.000672679;90
164.31;0.000554667;90
136.313;0.000864311;90
102.801;0.000911661;90
96.7951;0.00109872;90
94.9113;0.000934431;90
90.9132;0.00144318;90
138.319;0.00218651;90
152.79;0.000754497;90
-138.791;0.00117637;90
-124.113;0.000864801;90
-107.702;0.000963625;90
-134.493;0.00151963;90
-149.612;0.000751202;90
-77.1715;0.00178352;90
-85.7333;0.00635762;90
-82.3762;0.00129646;90
-81.7895;0.00130942;90
-84.5042;0.00127386;90
-93.1998;0.00143323;90
-106.45;0.000904005;90
-86.5772;0.00262969;90
-83.4424;0.00206652;90
-75.926;0.00257427;90
-67.3737;0.00411469;90
-76.795;0.00157155;90
-86.8187;0.00212628;90
-66.1932;0.00175645;90
-71.0033;0.00180638;90
-73.6252;0.00263905;90
-92.4792;0.00168758;90
-95.5854;0.001685;90
-76.1415;0.00172007;90
122.487;0.000858311;90
144.724;0.000561017;90
-129.893;0.00234346;90
-116.418;0.00139799;90
-104.245;0.00206035;90
-103.16;0.00114199;90
134.992;0.0105741;90
99.256;0.00173458;90
127.115;0.000840208;90
105.19;0.00145793;90
77.9924;0.000918088;90
112.279;0.00122656;90
128.232;0.000900054;90
150.326;0.000601941;90
96.4732;0.00104667;90
109.385;0.00116293;90
106.496;0.00221518;90
132.662;0.000883912;90
114.705;0.00137814;90
102.447;0.0029739;90
79.1585;0.00196711;90
81.5851;0.00190652;90
92.9467;0.00319022;90
87.8487;0.00231763;90
92.273;0.00181543;90
90.6003;0.00219512;90
83.6063;0.00212824;90
89.8308;0.00237101;90
100.378;0.00224269;90
120.866;0.00180691;90
119.422;0.00156137;90
106.187;0.00153172;90
101.291;0.00116964;90
112.202;0.000928871;90
103.139;0.00199728;90
111.289;0.000933714;90
97.4394;0.00309707;90
86.9483;0.00193474;90
110.845;0.000834631;90
122.135;0.000889235;90
109.356;0.00147539;90
119.732;0.00107675;90
107.523;0.00192639;90
100.848;0.00121674;90
168.056;0.000584658;90
82.5891;0.00169012;90
-31.3496;0.000509362;90
-79.8002;0.00107296;90
-65.4623;0.001517;90
-55.4877;0.000773054;90
-59.6857;0.000998529;90
-56.6145;0.00109583;90
-51.0128;0.00112057;90
-58.4074;0.00151562;90
53.2894;0.001079;90
54.2184;0.00147427;90
69.6913;0.00138297;90
89.878;0.001879;90
68.3434;0.00132234;90
90.7102;0.00121009;90
73.7931;0.00090288;90
77.5784;0.0017387;90
78.0546;0.000884146;90
76.9182;0.00128125;90
85.8442;0.00162828;90
74.2113;0.00120548;90
73.546;0.00165581;90
77.7749;0.00122784;90
71.9753;0.00159003;90
80.0149;0.00290094;90
89.8768;0.00186;90
77.316;0.00156212;90
81.0625;0.000933332;90
65.6526;0.00098237;90
81.155;0.00119015;90
27.67;0.000602956;90
78.1664;0.00236016;90
113.778;0.00103921;90
112.192;0.0010908;90
113.611;0.00127581;90
126.496;0.000827218;90
98.8719;0.00121251;90
75.5487;0.00103784;90
67.6824;0.00119556;90
69.4246;0.00138858;90
84.6228;0.00150462;90
116.258;0.0015845;90
63.9366;0.00137926;90
74.9302;0.00162695;90
63.8049;0.000969579;90
54.1066;0.000786314;90
84.3907;0.000900311;90
89.6164;0.00119503;90
85.1162;0.00106888;90
55.5832;0.0010934;90
57.7584;0.000822883;90
94.8393;0.0155996;90
90.9531;0.00438861;90
92.3441;0.00427858;90
108.4;0.00618731;90
119.358;0.00122996;90
65.9066;0.000933309;90
21.6003;0.00290931;90
12.9642;0.00395378;90
-56.0968;0.0030567;90
52.2236;0.00336282;90
79.7712;0.00586217;90
100.833;0.00594292;90
104.142;0.00682278;90
104.632;0.00629826;90
112.183;0.00454759;90
124.686;0.00314368;90
138.637;0.00161617;90
151.841;0.00112518;90
146.035;0.00219802;90
146.991;0.00254237;90
146.861;0.0022189;90
154.933;0.00109515;90
127.673;0.00184078;90
122.219;0.00290537;90
110.049;0.00366084;90
109.478;0.00184138;90
107.183;0.00241687;90
106.715;0.00322318;90
102.055;0.00381615;90
108.526;0.00396234;90
119.454;0.00352226;90
105.074;0.00673268;90
104.523;0.00670732;90
118.477;0.00545502;90
133.433;0.00462833;90
113.027;0.00600769;90
98.8648;0.00690448;90
92.327;0.00554157;90
83.0696;0.00449182;90
80.1825;0.00599377;90
79.7732;0.00577881;90
85.7389;0.00590833;90
85.8912;0.00616886;90
87.2127;0.00621035;90
105.584;0.00566527;90
117.336;0.00525032;90
108.39;0.00599726;90
101.233;0.00726925;90
97.3072;0.00725694;90
95.7531;0.00711283;90
98.129;0.00704377;90
100.586;0.00755559;90
100.837;0.00797828;90
100.542;0.00789831;90
96.384;0.00823808;90
91.4693;0.00846278;90
91.7032;0.00898297;90
97.3795;0.00798816;90
106.677;0.0075266;90
94.2374;0.00836386;90
90.4205;0.00831222;90
103.826;0.00772481;90
106.504;0.00757195;90
103.684;0.00769338;90
96.8395;0.0082628;90
93.7648;0.00889419;90
91.9886;0.00835703;90
91.7469;0.00849595;90
90.5381;0.00851838;90
89.2693;0.00831168;90
81.0779;0.00807268;90
77.3796;0.00780354;90
88.3461;0.00831546;90
95.4076;0.00829793;90
98.3625;0.00878743;90
101.478;0.00795509;90
104.297;0.00773866;90
105.494;0.00771125;90
104.42;0.00761385;90
100.083;0.00805948;90
95.7627;0.00820647;90
91.4126;0.00835654;90
90.9774;0.00850024;90
91.9594;0.00892022;90
93.6721;0.00858763;90
95.2965;0.0103673;90
91.8712;0.00946305;90
88.953;0.00875646;90
93.4064;0.00866731;90
101.163;0.00831633;90
105.311;0.00613888;90
105.496;0.00643801;90
105;0.00855035;90
101.968;0.00811131;90
99.4245;0.00845817;90
96.3292;0.00865375;90
95.2564;0.00878695;90
95.0721;0.00797423;90
95.1263;0.00670381;90
89.8491;0.00873403;90
82.6538;0.00912692;90
81.6268;0.00843289;90
84.8679;0.00874205;90
93.3708;0.00772136;90
101.035;0.00764842;90
91.7266;0.00760045;90
91.0385;0.00634504;90
91.0908;0.00698627;90
90.8619;0.0071128;90
90.7518;0.00640155;90
89.819;0.00474902;90
91.1455;0.00455191;90
90.5523;0.0043572;90
90.733;0.00445536;90
90.6539;0.00438129;90
81.1751;0.00342859;90
77.5389;0.00394391;90
69.6202;0.0036153;90
65.7418;0.00428868;90
64.0074;0.00443121;90
54.0592;0.00432917;90
46.1581;0.00465301;90
46.178;0.00522804;90
60.1788;0.00623573;90
85.5586;0.00813543;90
89.2624;0.00652554;90
86.6044;0.00553772;90
81.3445;0.00590728;90
80.6332;0.00572027;90
81.9859;0.00565927;90
86.0462;0.00619274;90
90.5173;0.00631326;90
91.1885;0.00477303;90
83.6741;0.00532744;90
79.2776;0.00873959;90
77.8551;0.00773819;90
79.5142;0.0069399;90
82.7193;0.00662038;90
90.2934;0.00585808;90
89.8196;0.00730504;90
89.6357;0.00770716;90
89.7391;0.00768508;90
90.9468;0.00762504;90
93.3284;0.00769899;90
93.4568;0.00815985;90
93.3823;0.00762729;90
93.7376;0.00767031;90
91.0573;0.00699119;90
88.4147;0.00686763;90
88.4604;0.00867213;90
88.5556;0.00940199;90
84.0383;0.00862666;90
73.3733;0.00778656;90
56.3043;0.00562383;90
37.0046;0.00450921;90
33.7731;0.00440183;90
49.7108;0.00541564;90
70.5265;0.00760716;90
84.2047;0.00948749;90
74.9382;0.00795426;90
54.9238;0.00663865;90
61.3226;0.00675796;90
61.9565;0.00686388;90
53.8521;0.00622169;90
68.5927;0.00758639;90
83.5782;0.00876198;90
80.0357;0.00844336;90
83.5177;0.00872478;90
92.7354;0.00959693;90
96.7516;0.00681325;90
93.6197;0.00725447;90
91.473;0.00832475;90
87.0152;0.00871883;90
78.1675;0.00814916;90
75.5777;0.0074157;90
75.3552;0.00746761;90
75.5783;0.00825513;90
77.9617;0.00808378;90
82.5677;0.00858109;90
83.2356;0.00871064;90
79.5214;0.00828619;90
72.4239;0.00774244;90
74.1563;0.00789701;90
81.1846;0.00848928;90
85.8995;0.0101249;90
90.2951;0.00873612;90
93.6617;0.00795424;90
93.2973;0.00749341;90
83.8458;0.00704259;90
75.6197;0.00662352;90
75.4286;0.00706319;90
82.9859;0.0087787;90
93.1586;0.0100362;90
97.5584;0.00939664;90
98.907;0.00926169;90
99.3289;0.0092473;90
99.2434;0.00938183;90
96.8517;0.00943841;90
94.159;0.00962434;90
93.5283;0.0096032;90
88.7516;0.00945524;90
83.1179;0.0101229;90
83.2259;0.00937646;90
86.6542;0.00961238;90
90.1133;0.00960702;90
90.0661;0.00954101;90
90.274;0.00961911;90
87.6258;0.00958323;90
84.0941;0.00948535;90
83.4648;0.0100251;90
80.6907;0.00935927;90
75.6031;0.00882411;90
66.0345;0.00769104;90
51.2419;0.00646451;90
53.1407;0.0064866;90
68.1914;0.0073942;90
80.4491;0.00850388;90
81.2935;0.00912313;90
62.4031;0.00655587;90
57.2631;0.00618549;90
66.2695;0.00707194;90
67.8856;0.00775122;90
68.4308;0.00806259;90
68.9032;0.00742893;90
78.7127;0.00744908;90
75.3817;0.00563439;90
-128.388;0.00147992;90
-53.9202;0.00546772;90
-31.6311;0.00493281;90
-17.6633;0.00453164;90
-17.737;0.0045692;90
-14.5066;0.00457898;90
-1.45978;0.00439643;90
10.716;0.00478647;90
6.80191;0.00439896;90
-4.73898;0.00328021;90
-18.5669;0.00343266;90
-32.0565;0.00392083;90
-42.6975;0.00517454;90
-38.9012;0.00552407;90
-18.4006;0.00475196;90
11.998;0.00488266;90
36.854;0.0050302;90
33.3855;0.00433061;90
15.3696;0.00351262;90
0.0158758;0.003609;90
-10.6046;0.004684;90
-7.17836;0.0045295;90
-3.77933;0.0042783;90
-22.0407;0.00453546;90
-39.0357;0.00578433;90
-27.8104;0.00483552;90
-8.48104;0.00353263;90
10.8716;0.00325543;90
25.4355;0.00335744;90
39.3103;0.00386571;90
48.4785;0.0041605;90
39.8153;0.00377939;90
17.2306;0.00451357;90
-5.91267;0.00451401;90
-7.73344;0.00439195;90
2.33909;0.00458182;90
12.0314;0.00461027;90
15.2101;0.00458149;90
5.1389;0.0045774;90
-9.61464;0.00451441;90
-22.5034;0.00510793;90
-31.693;0.00509358;90
-27.8648;0.0049488;90
-18.6437;0.00468589;90
-32.3449;0.00511575;90
-42.0194;0.00556185;90
-45.6722;0.00578595;90
-39.0714;0.00532613;90
-38.705;0.00573954;90
-46.7739;0.00584775;90
-42.8757;0.00557017;90
-32.5096;0.00514288;90
-26.1442;0.00487029;90
-38.9603;0.00545023;90
-48.9847;0.00603419;90
-54.7411;0.00659481;90
-62.6027;0.00766694;90
-61.3041;0.00690394;90
-38.547;0.00531648;90
-12.5193;0.00459936;90
-2.00754;0.00448175;90
-10.2552;0.00422957;90
-24.7281;0.0045062;90
-23.2903;0.00443107;90
11.994;0.00456669;90
36.7001;0.00512862;90
42.2521;0.00554585;90
48.4629;0.00601715;90
53.767;0.00635119;90
50.0158;0.00570983;90
27.472;0.0042097;90
17.8589;0.00389992;90
-22.1336;0.00419623;90
-45.2023;0.00580892;90
-43.9352;0.00624059;90
-35.9347;0.00550213;90
-35.5018;0.00520208;90
-43.4933;0.00564749;90
-49.7118;0.00603434;90
-56.5355;0.00655217;90
-58.4634;0.00725561;90
-51.5932;0.00633088;90
-45.0686;0.00649761;90
-44.9564;0.00558049;90
-32.9248;0.00448543;90
-31.4408;0.0043461;90
-31.1608;0.00453771;90
-16.0875;0.00420778;90
-12.6078;0.00479666;90
-26.5799;0.00518723;90
-42.6859;0.0055164;90
-43.4368;0.00552102;90
-38.3587;0.00514194;90
-33.4239;0.00501427;90
-17.8102;0.00449544;90
25.6601;0.00475716;90
28.3083;0.0051601;90
22.7076;0.00467324;90
-3.74681;0.00419296;90
3.45301;0.00318779;90
38.4408;0.00388126;90
47.264;0.00535203;90
25.2804;0.00484722;90
38.4382;0.00553187;90
48.9436;0.00711478;90
48.1408;0.00622057;90
57.817;0.00707626;90
60.2115;0.00732487;90
60.1065;0.00736372;90
55.1518;0.00688829;90
29.7584;0.00524233;90
10.7876;0.00490468;90
10.8135;0.00486641;90
30.5951;0.00565065;90
49.1892;0.00637888;90
49.9355;0.00646004;90
40.0426;0.00569513;90
23.2875;0.00516258;90
4.75378;0.0048266;90
0.419874;0.00477613;90
25.9412;0.00517546;90
51.0929;0.00694839;90
47.7443;0.00643923;90
17.7038;0.00485702;90
-12.2805;0.00370477;90
-15.5002;0.00307587;90
-7.48352;0.00327086;90
8.22549;0.00441744;90
11.2783;0.00497507;90
10.6997;0.00487984;90
-4.85925;0.00507625;90
-16.3187;0.00493272;90
-28.4631;0.00530642;90
-41.479;0.00643621;90
-41.4731;0.00628748;90
-38.0392;0.00501784;90
-14.6337;0.00318636;90
6.37002;0.00318164;90
12.7255;0.00315961;90
13.9753;0.00296476;90
0.138157;0.00290301;90
-1.13118;0.00384975;90
9.23373;0.00477994;90
11.458;0.00485781;90
-21.4445;0.00477023;90
-34.8439;0.00443517;90
-34.1991;0.00446385;90
-26.0092;0.00428719;90
5.33139;0.00393904;90
6.53633;0.00393558;90
-19.6064;0.00471752;90
-30.0389;0.00526981;90
-3.418;0.00483059;90
28.9811;0.00514529;90
52.7821;0.00655372;90
27.6883;0.00485946;90
18.466;0.00525665;90
11.2146;0.00483329;90
-27.0926;0.00519729;90
-48.877;0.00642108;90
-49.6838;0.00645127;90
-46.8446;0.00612884;90
-25.0411;0.00514567;90
21.2013;0.00499938;90
10.857;0.00486305;90
-26.0795;0.0055935;90
-20.0989;0.00494409;90
-18.9253;0.00495168;90
-33.6554;0.00549985;90
-50.0205;0.00653682;90
-57.7321;0.00689483;90
-46.2355;0.00609951;90
-25.9068;0.0052162;90
-5.19227;0.00480672;90
3.74623;0.00511192;90
-10.4537;0.00492169;90
16.873;0.00489576;90
7.77816;0.00476585;90
-25.0296;0.00515733;90
-39.9869;0.00582622;90
-29.1765;0.00525127;90
-16.7667;0.00496403;90
16.6269;0.00523175;90
37.1079;0.00563385;90
28.7952;0.00529813;90
15.114;0.00495127;90
-1.69103;0.00477808;90
-21.0196;0.0050629;90
-23.4676;0.00509002;90
-1.70395;0.00480913;90
15.8923;0.0048899;90
-0.70141;0.00514639;90
-20.1112;0.00500518;90
-26.1657;0.00519764;90
-17.4872;0.00495186;90
-4.24038;0.00477407;90
10.9664;0.00484141;90
14.5534;0.00489093;90
-1.2219;0.0048301;90
-17.5018;0.00532029;90
-36.2389;0.00557554;90
-43.7989;0.00600466;90
-37.5912;0.00571945;90
-29.2028;0.0052572;90
9.35604;0.00478566;90
49.6131;0.00643572;90
30.9101;0.00531251;90
-4.32778;0.0047706;90
-36.8583;0.0059216;90
-16.732;0.00502265;90
5.88574;0.0048174;90
10.2646;0.00483742;90
7.27627;0.00479259;90
0.727791;0.00480239;90
18.8018;0.00484028;90
53.5141;0.00686315;90
62.2826;0.00822816;90
58.0786;0.00709023;90
30.5331;0.00529294;90
35.6271;0.0055141;90
59.4701;0.00736042;90
42.8158;0.00584424;90
16.4998;0.004954;90
-3.85041;0.00482489;90
-20.0444;0.00534794;90
-12.2618;0.0048875;90
29.4432;0.00537065;90
23.7987;0.00507777;90
3.3924;0.00479941;90
-7.84596;0.00479085;90
19.8975;0.00503029;90
21.4269;0.00502855;90
22.3207;0.00534769;90
50.3865;0.0064554;90
48.5375;0.00631447;90
37.3841;0.00566083;90
37.2091;0.0057431;90
51.9171;0.00662288;90
69.1267;0.00824298;90
54.3491;0.00670332;90
17.0478;0.00491182;90
-24.0807;0.00556096;90
-35.8922;0.00557941;90
-32.7242;0.00531451;90
-3.43426;0.00362251;90
31.581;0.00410729;90
56.3152;0.00598244;90
64.6235;0.00771878;90
25.5873;0.00518888;90
17.5969;0.00419426;90
31.0431;0.00321903;90
40.7536;0.0038771;90
47.9445;0.00386803;90
49.8493;0.00361352;90
30.0193;0.00486916;90
23.9748;0.00473009;90
51.5008;0.00579594;90
56.3309;0.00682004;90
38.9769;0.00524955;90
33.2591;0.00501435;90
51.594;0.00641631;90
65.4021;0.00828594;90
75.7315;0.00849609;90
76.6643;0.00706244;90
66.5423;0.00693843;90
48.7798;0.00628571;90
56.5501;0.00674882;90
75.0469;0.00903391;90
77.0327;0.00878811;90
73.8539;0.00839306;90
51.3662;0.00584777;90
42.2205;0.00456409;90
58.4584;0.00552648;90
58.0499;0.0067047;90
45.4205;0.00607068;90
15.2889;0.00461534;90
15.6307;0.00400096;90
13.473;0.00323194;90
15.2521;0.00334896;90
-4.1642;0.00296082;90
-0.354595;0.00307006;90
28.1058;0.00334324;90
29.8957;0.00353314;90
28.9849;0.00446986;90
30.1334;0.00499388;90
30.8204;0.00349567;90
29.7992;0.00313907;90
28.7148;0.00350504;90
14.088;0.00295384;90
-7.84729;0.00292237;90
-24.424;0.00308838;90
-23.5744;0.00316298;90
-24.123;0.0041669;90
-20.1144;0.00492009;90
-19.6155;0.00503415;90
-40.7061;0.00622375;90
-40.641;0.00578673;90
-40.2033;0.00558946;90
-26.6852;0.0049055;90
18.876;0.00410792;90
-19.9319;0.00363153;90
27.2185;0.00360746;90
62.7766;0.00560485;90
74.1256;0.00743245;90
81.0901;0.00864532;90
57.088;0.00586178;90
14.4044;0.00407614;90
15.1036;0.00345018;90
34.7343;0.00333291;90
12.6627;0.00292412;90
16.4622;0.00338058;90
30.3447;0.00411123;90
40.1815;0.0050929;90
41.3777;0.00489093;90
58.3164;0.00602025;90
67.1892;0.00694627;90
44.3876;0.00456464;90
8.60575;0.00294718;90
13.5477;0.00321444;90
9.55502;0.00304829;90
-12.8076;0.00303142;90
-13.3621;0.00296836;90
-0.328339;0.00279205;90
11.2349;0.00284349;90
2.52197;0.00284075;90
-8.00146;0.00270837;90
-8.72738;0.00255053;90
-7.29436;0.00281176;90
-8.50078;0.00264506;90
8.71448;0.0033001;90
15.0499;0.00308481;90
0.828886;0.0029033;90
-29.5362;0.00320099;90
-41.0619;0.00352122;90
-24.8928;0.00309559;90
37.8778;0.00354735;90
66.3224;0.00516696;90
61.6868;0.00562946;90
41.5712;0.00381885;90
21.0171;0.0032288;90
19.8584;0.00329706;90
20.5907;0.00426229;90
20.1286;0.00370211;90
34.812;0.00490116;90
42.617;0.00508496;90
32.2725;0.00411464;90
30.295;0.00374664;90
29.3663;0.00364199;90
7.13279;0.0036563;90
-13.349;0.0038418;90
-13.7571;0.00368367;90
-11.7259;0.00397087;90
17.6629;0.00427136;90
35.8987;0.00494411;90
48.7965;0.00582024;90
51.5424;0.00579643;90
53.9291;0.00590877;90
64.6812;0.00707346;90
66.712;0.00723657;90
60.2107;0.00671884;90
42.1126;0.00550262;90
37.5247;0.00509273;90
37.971;0.00518316;90
37.4353;0.00537126;90
45.034;0.00595879;90
54.4198;0.00657567;90
41.384;0.00574041;90
34.8888;0.00550189;90
38.7884;0.0053588;90
24.2744;0.00380436;90
17.702;0.00368341;90
25.7618;0.00497663;90
30.5986;0.00567758;90
31.1034;0.00527891;90
32.0869;0.00521456;90
43.5344;0.005861;90
32.7372;0.0052701;90
-3.28105;0.0043331;90
9.00265;0.00436477;90
10.6512;0.00457177;90
-2.02313;0.00458886;90
-5.69622;0.00436254;90
39.8702;0.0051088;90
58.2045;0.00650991;90
49.8837;0.00583076;90
20.4165;0.0045178;90
16.2106;0.00448116;90
15.263;0.00444063;90
-1.51327;0.00439253;90
-10.7889;0.00463697;90
-10.591;0.00442336;90
0.546292;0.0043002;90
16.5447;0.00433341;90
21.3168;0.00461042;90
-3.07368;0.00440133;90
-14.4893;0.00441647;90
-12.7482;0.00385195;90
-12.7764;0.00391596;90
-23.8652;0.00502242;90
-46.679;0.00588849;90
-61.6478;0.00648149;90
-66.6405;0.00668602;90
-63.4435;0.00599892;90
-37.5193;0.0047469;90
-6.96713;0.00391592;90
-19.2331;0.00422268;90
26.1847;0.00498565;90
39.4606;0.00546459;90
13.9339;0.00448085;90
-16.9807;0.0045232;90
-39.5753;0.00503381;90
-37.475;0.00511329;90
-0.837094;0.0046545;90
-10.3753;0.00443654;90
-28.5675;0.00478677;90
22.6531;0.00450992;90
44.5981;0.00554456;90
8.44663;0.00437748;90
2.89237;0.00420135;90
48.1877;0.00572228;90
54.8259;0.00652186;90
46.163;0.00536522;90
36.4769;0.00498572;90
27.3024;0.00472654;90
21.119;0.00449062;90
15.0877;0.00432198;90
-5.43966;0.00406129;90
-29.8254;0.0044113;90
-19.5911;0.00399635;90
-38.0504;0.00464018;90
-57.6399;0.00498283;90
-66.2868;0.00277751;90
-96.3216;0.00204343;90
-70.7232;0.00204463;90
-83.247;0.00380137;90
-84.7387;0.00527824;90
-78.5163;0.00517357;90
-79.0874;0.00568378;90
-84.5351;0.00496657;90
-80.9473;0.00397856;90
-76.1569;0.00266233;90
-76.3403;0.00154984;90
-74.1603;0.0015644;90
-77.9802;0.00256422;90
-83.8128;0.00297835;90
-83.8095;0.00257803;90
-84.5666;0.00117227;90
-84.2868;0.00217983;90
-83.0773;0.00284575;90
-31.2637;0.00088443;90
25.5056;0.00157222;90
-84.6824;0.00172643;90
-86.2143;0.00295344;90
-84.6888;0.00275483;90
-83.9759;0.00218205;90
83.5109;0.0085387;90
91.3972;0.00139441;90
39.5851;0.000831734;90
48.3755;0.00105684;90
51.3944;0.00264121;90
77.9956;0.00318771;90
77.3426;0.00212668;90
77.9288;0.00255346;90
66.6298;0.00179746;90
61.2781;0.00172299;90
32.116;0.00137312;90
-34.1578;0.000917227;90
-89.3345;0.0030132;90
-101.725;0.00289338;90
-109.882;0.0035432;90
-99.4171;0.00375257;90
-98.3388;0.0029512;90
-88.7667;0.00320574;90
-89.4189;0.00266214;90
88.9992;0.00830127;90
89.5807;0.00259607;90
95.9;0.0031909;90
107.754;0.00191521;90
-118.979;0.00197531;90
-119.431;0.00106436;90
-104.33;0.00420587;90
-132.482;0.00062781;90
163.675;0.00074712;90
-110.748;0.00230338;90
-93.2506;0.00188704;90
-85.6765;0.00794561;90
-1.03785;0.000828136;90
76.0011;0.00111615;90
-131.461;0.0078235;90
-161.36;0.000885443;90
-153.469;0.000763394;90
-92.6366;0.00191303;90
-83.5606;0.00248769;90
-81.2427;0.00195074;90
-88.2411;0.00149871;90
-83.0725;0.00212249;90
-77.77;0.00322417;90
-71.3782;0.00232682;90
-71.0342;0.0021846;90
-67.1338;0.00221833;90
85.1021;0.00138205;90
42.1956;0.000592558;90
-77.0332;0.00154643;90
107.671;0.00742537;90
106.904;0.00326717;90
157.747;0.000683937;90
95.8832;0.00145366;90
99.558;0.00620311;90
86.5201;0.00118619;90
91.4262;0.0028929;90
96.6191;0.00324463;90
101.38;0.00367424;90
91.3724;0.00192055;90
109.003;0.000924379;90
46.5647;0.00132066;90
23.0769;0.00210222;90
53.0238;0.000754801;90
12.577;0.00141905;90
-64.3382;0.00139011;90
-84.2478;0.00712387;90
96.7656;0.00786879;90
169.38;0.00068371;90
-163.125;0.00149853;90
98.812;0.00152095;90
97.4566;0.00293583;90
96.4825;0.0022675;90
95.6016;0.00292999;90
98.3961;0.00292434;90
101.743;0.00168527;90
103.547;0.00255715;90
102.296;0.00589318;90
95.9763;0.0056859;90
99.695;0.00554621;90
102.892;0.0054545;90
96.4942;0.00488937;90
94.4019;0.00413018;90
103.089;0.0019209;90
102.621;0.00242561;90
108.404;0.00413341;90
121.841;0.00523355;90
149.056;0.00486199;90
157.685;0.00462214;90
155.055;0.00447661;90
-170.735;0.00415521;90
-161.989;0.00444059;90
-159.009;0.00475131;90
-141.221;0.0102377;90
-134.244;0.00267875;90
-125.027;0.00426681;90
-126.387;0.00652023;90
-164.31;0.00465547;90
-178.406;0.00481586;90
-135.337;0.00552401;90
-159.045;0.00511424;90
150.747;0.00501565;90
175.655;0.00465939;90
171.86;0.00468218;90
139.508;0.00562263;90
145.331;0.00531092;90
175.097;0.00486681;90
-154.233;0.00487913;90
-137.824;0.005554;90
-177.616;0.00430272;90
164.048;0.00451175;90
160.783;0.00468187;90
120.414;0.00666869;90
110.369;0.00722265;90
121.356;0.0075871;90
131.775;0.00465023;90
149.269;0.00333653;90
162.828;0.00297042;90
167.165;0.00260201;90
164.98;0.00382778;90
167.159;0.00488209;90
175.312;0.00467364;90
-159.587;0.00430643;90
-159.608;0.00342674;90
-172.768;0.00326497;90
177.206;0.0031998;90
169.31;0.00389764;90
166.345;0.00487992;90
-177.727;0.00451255;90
-163.048;0.00460614;90
-162.924;0.00401501;90
-157.022;0.0052821;90
-127.706;0.00608225;90
-121.933;0.00683657;90
-152.417;0.00473406;90
168.501;0.00474525;90
-178.624;0.00499844;90
-162.427;0.00361363;90
-173.268;0.00305406;90
-175.683;0.0026435;90
179.713;0.00299404;90
-145.031;0.00373906;90
-133.674;0.00406483;90
-140.597;0.00402353;90
-152.375;0.00512416;90
-147.039;0.00453255;90
-150.451;0.00315311;90
-147.14;0.00404169;90
-159.505;0.00362442;90
-163.896;0.00356905;90
-150.614;0.00502561;90
-140.983;0.00538638;90
-145.275;0.00508216;90
-134.02;0.00529276;90
-124.744;0.00560786;90
-133.562;0.00470586;90
-144.637;0.00500553;90
-142.417;0.00540082;90
-141.123;0.00540912;90
-139.832;0.00534705;90
-121.319;0.00689695;90
-114.54;0.00746866;90
-114.059;0.00714795;90
-125.817;0.0064867;90
-129.427;0.0106378;90
-140.62;0.00226017;90
-145.684;0.00479817;90
-174.659;0.00438303;90
168.01;0.00310474;90
167.313;0.00270915;90
166.303;0.0041387;90
-175.175;0.00394699;90
-148.161;0.00361493;90
-150.481;0.00387041;90
-148.091;0.00428325;90
-136.845;0.00485256;90
-145.009;0.00444679;90
-161.091;0.00374932;90
-158.007;0.00388793;90
-159.497;0.00318902;90
-159.459;0.00352832;90
-140.996;0.00400078;90
-119.783;0.0052747;90
-111.577;0.00536497;90
-140.193;0.0038831;90
153.908;0.00389939;90
140.333;0.00443508;90
164.002;0.0035994;90
-165.169;0.0031996;90
-163.401;0.00321706;90
175.173;0.00307792;90
171.366;0.00341065;90
170.173;0.00320502;90
173.337;0.00233577;90
-174.487;0.00286224;90
-169.682;0.0031601;90
174.628;0.00301223;90
165.294;0.00337972;90
174.461;0.00328433;90
-165.492;0.00338907;90
-170.679;0.00338975;90
-146.333;0.00410201;90
-116.753;0.00544038;90
-114.136;0.00435799;90
-125.487;0.00628923;90
-138.776;0.00448856;90
-140.063;0.00419821;90
-151.738;0.00356496;90
-162.756;0.0031035;90
-166.806;0.00277321;90
-148.81;0.00307791;90
-159.465;0.00319288;90
-171.238;0.00330861;90
-139.783;0.00446041;90
-111.097;0.00611485;90
-96.6635;0.00555855;90
-135.812;0.0182579;90
-164.202;0.00400009;90
143.13;0.00248;90
139.194;0.00333587;90
138.825;0.00461141;90
140.354;0.00568307;90
138.848;0.00568948;90
164.374;0.00421374;90
161.096;0.00425024;90
154.444;0.00446925;90
157.395;0.00540092;90
168.898;0.00394176;90
-160.294;0.0059282;90
-150.046;0.00499293;90
-149.8;0.00463396;90
-149.931;0.00443481;90
-151.044;0.00429833;90
-151.099;0.00534238;90
174.678;0.00435578;90
-168.027;0.00536982;90
-165.37;0.00467973;90
-167.021;0.003758;90
-161.255;0.00380269;90
-131.481;0.004573;90
-122.396;0.00432277;90
-121.421;0.00346044;90
-121.443;0.00367106;90
-126.582;0.00318804;90
-142.719;0.00343229;90
-123.565;0.00674101;90
-104.251;0.00926614;90
-102.312;0.00858649;90
-107.713;0.0080265;90
-125.778;0.00574884;90
-111.759;0.0316102;90
-116.879;0.00489483;90
-126.74;0.00519741;90
-142.529;0.00431164;90
-146.053;0.0050714;90
-128.518;0.00699629;90
-124.523;0.00637335;90
-149.25;0.00490918;90
-157.39;0.00416946;90
-134.846;0.0102835;90
-136.064;0.00258987;90
-148.83;0.00395495;90
-166.862;0.00471644;90
-141.991;0.00560591;90
-114.364;0.00796315;90
-124.037;0.00636558;90
-123.326;0.00257552;90
-53.5282;0.000777219;90
-104.666;0.00180894;90
97.1523;0.00312431;90
163.315;0.0037791;90
150.296;0.00505528;90
143.225;0.00533841;90
150.656;0.00516468;90
-179.303;0.00452033;90
-136.663;0.00562741;90
-113.426;0.00739012;90
-117.234;0.0073925;90
-138.279;0.00599548;90
-143.62;0.0055248;90
-140.325;0.0045941;90
-131.316;0.0131851;90
-161.503;0.00205517;90
-169.584;0.00428664;90
-152.252;0.00519773;90
-178.737;0.00476216;90
175.121;0.00462074;90
-165.696;0.00477194;90
-148.793;0.00554306;90
-172.091;0.00494201;90
159.217;0.00534906;90
169.469;0.00542743;90
-169.487;0.00510265;90
-143.707;0.00609551;90
-120.654;0.00810223;90
-143.375;0.00571925;90
-150.192;0.00564482;90
-120.648;0.00781925;90
-118.277;0.00773846;90
-126.767;0.00688321;90
-164.407;0.00453491;90
-178.421;0.00449871;90
-174.83;0.00463887;90
-168.809;0.00462698;90
-172.195;0.00463191;90
169.196;0.00459851;90
144.044;0.00533928;90
157.057;0.0044533;90
-161.678;0.00546506;90
-130.898;0.00618748;90
-147.372;0.00505946;90
160.274;0.00487083;90
145.661;0.00528996;90
138.781;0.00553313;90
137.88;0.00572843;90
149.991;0.00511463;90
167.231;0.00456079;90
-177.326;0.00447988;90
-163.995;0.00526613;90
-168.783;0.00461619;90
175.5;0.00458815;90
161.93;0.00471031;90
153.373;0.00493769;90
156.662;0.00490208;90
175.832;0.00454001;90
-162.864;0.00479904;90
-175.461;0.00454927;90
159.129;0.00511138;90
152.422;0.00503507;90
175.224;0.00456385;90
-170.75;0.00492707;90
-154.163;0.00527755;90
-142.923;0.00575564;90
-154.33;0.00503713;90
170.825;0.00455933;90
155.523;0.00492128;90
144.276;0.00536067;90
143.054;0.00572821;90
172.6;0.00465074;90
-160.413;0.00509799;90
-177.306;0.00487238;90
178.887;0.00509796;90
-175.653;0.0047627;90
163.401;0.00458924;90
143.604;0.00534578;90
125.318;0.00702118;90
123.37;0.00679768;90
135.94;0.00573187;90
152.167;0.00509099;90
162.661;0.00487554;90
155.406;0.00495448;90
156.885;0.00496457;90
-159.265;0.00498808;90
-165.025;0.00462092;90
149.437;0.00540028;90
131.965;0.00634387;90
130.586;0.00630205;90
131.781;0.00606948;90
156.372;0.00488776;90
-168.069;0.00468725;90
-161.129;0.00506738;90
-138.363;0.0103309;90
-131.242;0.00222227;90
-154.912;0.00338206;90
-178.316;0.00408376;90
155.726;0.00405007;90
145.836;0.00396042;90
168.017;0.00358819;90
-174.995;0.00355355;90
-175.675;0.00417689;90
152.265;0.0180542;90
-169.823;0.00903821;90
174.958;0.00119462;90
166.674;0.00301107;90
-168.125;0.00376149;90
-165.049;0.00358538;90
-166.437;0.00328768;90
171.864;0.00399218;90
144.946;0.00528946;90
139.015;0.00573599;90
137.235;0.0053314;90
142.403;0.00435175;90
159.211;0.00334155;90
162.996;0.00385032;90
171.526;0.00468212;90
-171.802;0.00450908;90
-169.175;0.00463753;90
-168.837;0.00473151;90
178.284;0.00470911;90
164.165;0.00483757;90
179.483;0.00465419;90
-142.309;0.00559697;90
-126.972;0.00438961;90
-127.969;0.00440161;90
-145.855;0.00485849;90
-173.635;0.00481669;90
-179.722;0.00474206;90
-163.254;0.00482773;90
-145.105;0.00536819;90
-134.136;0.00450195;90
-129.73;0.00611261;90
-133.412;0.00614924;90
-157.051;0.00494216;90
-170.139;0.00470045;90
-168.048;0.00476121;90
-144.275;0.0054839;90
-123.413;0.00682983;90
-120.081;0.00716846;90
-119.492;0.00712983;90
-123.28;0.00736966;90
-131.741;0.00661791;90
-131.361;0.00623936;90
-143.51;0.00551892;90
-152.094;0.00510232;90
-132.859;0.00535583;90
-147.927;0.00438415;90
172.54;0.00424392;90
-166.868;0.00497818;90
-151.142;0.0054098;90
-152.764;0.00542328;90
171.266;0.00451131;90
146.095;0.00428814;90
144.458;0.00512478;90
137.307;0.0063578;90
136.36;0.00506573;90
143.358;0.00458264;90
165.934;0.00374427;90
169.485;0.00419749;90
155.797;0.00542484;90
149.047;0.00528456;90
146.823;0.00520441;90
136.067;0.00565713;90
134.816;0.00595316;90
130.5;0.00624533;90
121.419;0.00706133;90
122.207;0.00694218;90
130.233;0.00673941;90
137.436;0.00580564;90
144.29;0.00551493;90
146.091;0.00530048;90
133.791;0.00626707;90
134.424;0.00422305;90
140.246;0.0031556;90
174.317;0.00336253;90
-159.702;0.00511674;90
-136.367;0.00637214;90
-126.96;0.00741621;90
-129.645;0.00624272;90
-137.258;0.00578013;90
-144.885;0.00528488;90
-172.055;0.00469507;90
154.603;0.00500357;90
157.916;0.00391525;90
170.799;0.00363983;90
176.235;0.00366992;90
170.69;0.00425302;90
153.728;0.00428347;90
127.439;0.00557808;90
114.422;0.00788005;90
123.206;0.00682555;90
126.685;0.00519243;90
132.574;0.00494428;90
141.687;0.00446322;90
153.731;0.00493909;90
149.055;0.00419863;90
141.665;0.00352115;90
135.571;0.00362127;90
132.459;0.00638013;90
139.348;0.00147361;90
144.329;0.00363379;90
140.226;0.00503787;90
134.657;0.00566686;90
138.047;0.00418988;90
141.762;0.0038615;90
153.944;0.0036266;90
155.95;0.00334212;90
156.479;0.00443009;90
147.039;0.00473281;90
155.061;0.00433301;90
162.758;0.00344795;90
175.235;0.00340677;90
-176.402;0.00358507;90
-165.328;0.00347429;90
-166.192;0.00370816;90
-171.439;0.00517263;90
176.265;0.0048513;90
170.265;0.00452415;90
-176.241;0.0030205;90
-155.228;0.00338662;90
-136.517;0.00504698;90
-136.499;0.00524287;90
-154.121;0.00578736;90
-179.083;0.00437256;90
158.183;0.00421918;90
139.899;0.00550656;90
150.672;0.00595531;90
176.551;0.00541882;90
170.618;0.00470494;90
169.6;0.00408816;90
-176.437;0.00415103;90
-158.124;0.00515844;90
-140.893;0.00534427;90
-157.201;0.00468395;90
174.012;0.00449553;90
149.682;0.00456421;90
137.34;0.00516194;90
141.248;0.00536629;90
155.936;0.00508385;90
179.503;0.00460817;90
-169.77;0.00679604;90
-172.356;0.00145089;90
-178.151;0.00207608;90
173.526;0.00203095;90
168.993;0.00278626;90
160.59;0.00368016;90
167.868;0.00394921;90
161.078;0.00446846;90
145.727;0.00444477;90
-138.051;0.00405251;90
-108.628;0.00806132;90
-111.663;0.00767722;90
-111.73;0.00778955;90
-111.937;0.00763693;90
-118.492;0.00714201;90
-123.067;0.00666207;90
-105.382;0.00831278;90
-95.9886;0.00910569;90
-107.45;0.00805361;90
-122.554;0.0068408;90
-124.351;0.0111011;90
-119.495;0.00289636;90
-106.426;0.00767735;90
-101.944;0.00871672;90
-96.787;0.0091048;90
-95.8018;0.016194;90
-93.5348;0.00395753;90
-90.0229;0.0075;90
-89.913;0.00988201;90
-89.9065;0.00919501;90
-90.282;0.00934611;90
-95.3229;0.00916251;90
-97.0364;0.00906124;90
-96.3367;0.00909658;90
-88.5183;0.0175579;90
-85.5277;0.003283;90
-85.5826;0.00682929;90
-82.7927;0.00966839;90
-80.2361;0.00883903;90
-80.9827;0.00840285;90
-80.769;0.00879591;90
-82.0509;0.00913275;90
-86.454;0.00918358;90
-93.327;0.00913239;90
-105.28;0.00843932;90
-102.937;0.00862082;90
-92.5526;0.0096776;90
-85.2083;0.00917005;90
-89.2256;0.00932285;90
-93.2052;0.00853135;90
-96.6393;0.0077842;90
-103.049;0.0103554;90
-108.79;0.00781762;90
-101.796;0.00824718;90
-96.2194;0.00859358;90
-96.9498;0.00876037;90
-101.018;0.00832445;90
-104.92;0.00849024;90
-104.488;0.00809852;90
-104.46;0.00794156;90
-101.445;0.00840105;90
-92.1139;0.00878398;90
-89.0179;0.00840123;90
-85.2594;0.00928075;90
-82.8394;0.006795;90
-90.7559;0.00955083;90
-99.2108;0.00865257;90
-97.5291;0.00733423;90
-98.5356;0.00881261;90
-115.01;0.0067411;90
-125.487;0.00575008;90
-117.683;0.00660168;90
-118.693;0.00656291;90
-127.086;0.00551564;90
-108.894;0.00730351;90
-95.7271;0.00898887;90
-104.634;0.0079995;90
-123.966;0.0061517;90
-144.522;0.00503108;90
-144.265;0.00502018;90
-122.3;0.00625248;90
-105.933;0.00804713;90
-95.0355;0.00864737;90
-91.3808;0.00647388;90
-91.455;0.00618299;90
-91.3849;0.00695103;90
-91.2007;0.00615635;90
-88.3282;0.00586149;90
-85.9511;0.00556589;90
-86.7727;0.00589735;90
-86.6294;0.00571489;90
-86.3624;0.00583175;90
-88.2023;0.00229513;90
-85.6949;0.00680721;90
-90.189;0.00788304;90
-90.3401;0.00842315;90
-90.226;0.00684605;90
-90.0616;0.006506;90
-91.5429;0.00820798;90
-100.466;0.00697504;90
-101.718;0.00591835;90
-101.499;0.00594941;90
-101.113;0.00581605;90
-100.505;0.00527644;90
-88.117;0.00626939;90
-89.8627;0.00625802;90
-93.3545;0.0061866;90
-98.5709;0.00606574;90
-99.0775;0.00602141;90
-98.5393;0.00562334;90
-93.657;0.00580081;90
-90.9629;0.00612887;90
-94.1791;0.00916637;90
-111.649;0.003204;90
-131.928;0.00323259;90
-133.732;0.0062955;90
-133.07;0.00562611;90
-117.648;0.00563098;90
-113.749;0.00376919;90
-112.503;0.00404716;90
-104.681;0.00278182;90
-99.6329;0.00276093;90
-97.22;0.00224379;90
-90.8984;0.00363545;90
-88.5345;0.00355816;90
-90;0.003044;90
-90.2251;0.00280002;90
-88.5512;0.00316401;90
-89.3978;0.00323518;90
-89.4038;0.0036522;90
-89.486;0.00423617;90
-89.5577;0.00453414;90
-87.7922;0.00594441;90
-90;0.005876;90
-88.7032;0.00605355;90
-89.189;0.00536954;90
-82.6699;0.00634082;90
-78.6164;0.00564403;90
-89.0325;0.00586284;90
-94.2229;0.00579874;90
-96.972;0.00603865;90
-99.209;0.00836684;90
-94.9778;0.0101995;90
-88.2281;0.00249019;90
-86.0984;0.0047029;90
-83.5961;0.00834708;90
-85.2966;0.0154882;90
-83.4507;0.00408566;90
-81.7756;0.00722127;90
-78.8781;0.00842421;90
-75.5549;0.00659447;90
-74.2062;0.00669786;90
-74.7195;0.00812007;90
-77.1571;0.00854784;90
-85.0229;0.00909429;90
-90.3211;0.00945615;90
-89.2404;0.00950484;90
-85.4804;0.00803298;90
-84.2156;0.00602267;90
-87.1356;0.00854468;90
-87.4871;0.0085302;90
-89.323;0.0103247;90
-85.4717;0.00956285;90
-81.9418;0.00900996;90
-75.9265;0.00931871;90
-74.9005;0.00865274;90
-76.0224;0.00876451;90
-79.6438;0.00897826;90
-82.7642;0.00923354;90
-85.4661;0.00753959;90
-95.794;0.00744906;90
-104.182;0.00705296;90
-96.6864;0.00756646;90
-90.0744;0.01771;90
-88.9125;0.00379368;90
-87.233;0.0091767;90
-87.3113;0.00927321;90
-84.5634;0.00724057;90
-80.05;0.00600736;90
-74.5061;0.00568251;90
-73.8334;0.00572853;90
-73.9691;0.00552588;90
-82.7964;0.00660312;90
-91.2412;0.0051242;90
-86.3489;0.00760043;90
-73.528;0.00541004;90
-76.6997;0.00570297;90
-85.0278;0.00611501;90
-89.54;0.0062282;90
-87.2762;0.00641825;90
-88.1428;0.00694265;90
-80.4563;0.0106514;90
-79.2213;0.00807955;90
-79.5645;0.00968927;90
-82.2755;0.00857077;90
-84.7845;0.00738156;90
-81.8429;0.00570169;90
-79.2147;0.0054401;90
-74.0516;0.00527712;90
-65.4762;0.00463294;90
-62.1008;0.00453284;90
-82.0346;0.00506588;90
-93.7288;0.0058123;90
-93.3634;0.00547142;90
-95.4633;0.00592391;90
-100.158;0.00553983;90
-99.6289;0.00542848;90
-97.7516;0.00361806;90
-92.0546;0.00245458;90
-86.5994;0.00778871;90
-73.1457;0.00810516;90
-50.6127;0.00555977;90
-56.4786;0.00461568;90
-73.381;0.00574811;90
-72.0998;0.00376106;90
-100.969;0.00425168;90
-97.6954;0.0045853;90
-95.5733;0.00377886;90
-84.693;0.00317863;90
-76.4394;0.00701146;90
-77.3462;0.00651422;90
-79.5353;0.00615538;90
-75.2075;0.0047039;90
-89.0999;0.00292836;90
-88.6249;0.00829239;90
-104.468;0.00186515;90
-102.36;0.0016912;90
-63.4023;0.000783966;90
-12.4168;0.00466;90
-26.5924;0.000938254;90
-23.3327;0.000785215;90
-63.8119;0.00101967;90
-52.3989;0.00225678;90
-160.963;0.000512001;90
-86.5029;0.00162302;90
-65.2339;0.0026497;90
-135.09;0.00224082;90
-53.481;0.00277605;90
-31.6564;0.00222741;90
-28.0271;0.00155994;90
-68.3022;0.00195018;90
-15.0123;0.00291861;90
-44.2834;0.00118733;90
-55.8039;0.00260664;90
-64.0481;0.00305062;90
-76.2469;0.00593928;90
-71.9757;0.0011473;90
-133.729;0.00111538;90
-137.534;0.00135968;90
-126.312;0.00143707;90
173.75;0.00056033;90
11.9421;0.0010487;90
52.4359;0.00155171;90
50.3001;0.00201326;90
-68.9049;0.0022144;90
-90;0.004279;90
-127.384;0.00173927;90
98.405;0.00162141;90
-68.0246;0.00318005;90
6.44275;0.000802065;90
46.6683;0.00145726;90
-130.717;0.00107001;90
-148.548;0.000724436;90
166.056;0.000900536;90
115.611;0.00118215;90
-146.367;0.000828723;90
-149.235;0.00271741;90
172.175;0.00223279;90
-129.895;0.00239173;90
-115.781;0.000947287;90
-34.2005;0.000871746;90
-39.7896;0.000918793;90
-55.8225;0.00114106;90
142.202;0.00275256;90
81.0929;0.00113671;90
72.4886;0.00304093;90
81.6479;0.00375887;90
84.9497;0.00428263;90
96.5383;0.00351285;90
91.9308;0.00362106;90
98.2958;0.00356935;90
116.534;0.00247577;90
122.307;0.00147066;90
33.8107;0.00171264;90
31.9679;0.0021041;90
57.2787;0.00272314;90
11.3194;0.00118709;90
93.5505;0.00332638;90
138.811;0.0019361;90
127.783;0.00169422;90
104.164;0.000980816;90
75.369;0.00165879;90
72.2815;0.00283236;90
91.7812;0.00205899;90
70.7913;0.00103036;90
43.9407;0.00141516;90
-106.662;0.00987356;90
-40.4756;0.00173002;90
-40.7521;0.00247247;90
-87.1196;0.00318402;90
-158.798;0.00200469;90
-136.146;0.00424208;90
-174.161;0.00123843;90
-70.2002;0.00689034;90
-75.2819;0.00183418;90
-86.3827;0.00296391;90
-89.4124;0.00477825;90
-95.1594;0.00533763;90
-104.742;0.00453115;90
-69.8623;0.00133033;90
-33.7982;0.00117569;90
-51.288;0.00120082;90
92.2058;0.00475452;90
-1.60002;0.00250698;90
35.4992;0.00328574;90
71.8509;0.00323284;90
103.392;0.00403678;90
-166.095;0.000848877;90
-131.219;0.00181202;90
-127.12;0.00137201;90
44.5327;0.000866942;90
56.1868;0.001549;90
47.5781;0.00135194;90
93.8099;0.00183606;90
102.445;0.00393035;90
110.777;0.0030418;90
121.416;0.00327864;90
134.53;0.00293176;90
170.388;0.00194633;90
139.588;0.000556864;90
31.9311;0.00187938;90
45.7403;0.00366665;90
-6.09783;0.00253233;90
-58.7173;0.00351269;90
-75.3073;0.00389538;90
-71.0465;0.00580049;90
-72.741;0.0066871;90
-56.3453;0.00583739;90
-54.867;0.00585949;90
-65.7271;0.00676505;90
-64.6867;0.00638729;90
-56.062;0.00576755;90
-60.8844;0.00638135;90
-61.781;0.00664702;90
-50.389;0.00437441;90
-41.5391;0.0035257;90
-47.2148;0.00384246;90
-48.2019;0.0037599;90
-43.9196;0.0031875;90
-45.8012;0.00359033;90
-59.5171;0.00384205;90
-74.9025;0.00593174;90
-88.2186;0.00649814;90
-86.0398;0.00641432;90
-80.4576;0.00600205;90
-57.8364;0.00441448;90
-42.5438;0.00326701;90
-39.6242;0.00270953;90
-49.0742;0.00252793;90
-59.9114;0.00169546;90
-55.6598;0.00322634;90
-59.5683;0.00411837;90
-56.1502;0.00378085;90
-65.2478;0.00453791;90
-55.7852;0.00417929;90
-46.1803;0.00326116;90
-52.8828;0.00366063;90
-39.6358;0.00345663;90
-65.6337;0.00537365;90
-68.6258;0.00590193;90
-53.2756;0.00480462;90
-31.9939;0.00370119;90
-31.5155;0.00350851;90
-31.1042;0.00370695;90
-40.0183;0.00365612;90
-63.2368;0.00478566;90
-60.977;0.00405638;90
-39.7813;0.0030241;90
-37.366;0.00346513;90
-55.8318;0.00378901;90
-46.2223;0.00304974;90
-43.4851;0.00243401;90
-54.6502;0.00358126;90
-63.02;0.00481617;90
-69.7197;0.00510656;90
-84.4222;0.00592606;90
-86.3442;0.00652428;90
-86.2313;0.00655718;90
-82.0107;0.0059861;90
-81.3639;0.00637326;90
-82.0301;0.00688046;90
-82.1436;0.00627692;90
-86.3137;0.00611265;90
-83.9768;0.00610872;90
-78.1264;0.00821374;90
-75.7517;0.00806097;90
-67.2738;0.00613209;90
-64.8723;0.00581203;90
-66.2385;0.0064552;90
-71.6508;0.00676285;90
-74.1224;0.00719344;90
-56.7154;0.00540819;90
-18.5643;0.00392313;90
-15.3637;0.00384231;90
-9.43979;0.00376194;90
-27.1787;0.00396701;90
-44.7507;0.00503818;90
-71.9379;0.00670544;90
-84.3715;0.00750418;90
-81.1015;0.00771891;90
-73.4571;0.00691524;90
-54.3905;0.0062103;90
-52.2504;0.00633115;90
-47.1859;0.0056914;90
-55.3376;0.00519746;90
-27.1987;0.0036799;90
-20.5843;0.00426638;90
-21.4465;0.00467683;90
-21.6441;0.00439487;90
-43.0439;0.00519956;90
-59.5448;0.00643368;90
-60.2639;0.00646767;90
-60.4689;0.00644762;90
-68.2441;0.00770803;90
-73.5789;0.00769383;90
-74.916;0.00769306;90
-80.011;0.00840542;90
-80.0532;0.00830179;90
-80.6084;0.00825464;90
-81.7948;0.00831007;90
-85.6549;0.00860573;90
-86.6378;0.00859379;90
-87.2456;0.00911453;90
-91.7295;0.00871397;90
-95.8642;0.00731126;90
-96.4885;0.00665463;90
-96.6829;0.00583464;90
-89.2201;0.00587754;90
-59.2887;0.00424309;90
-44;0.00392999;90
-43.4861;0.00409487;90
-40.4671;0.00393676;90
-43.4034;0.00352771;90
-47.483;0.00375402;90
-75.8194;0.00317577;90
-42.4937;0.00105106;90
-15.5397;0.00314289;90
-8.55262;0.00324104;90
17.3866;0.00324947;90
32.0872;0.00230041;90
-116.65;0.000909633;90
172.779;0.0119891;90
120.033;0.00496108;90
138.483;0.00458628;90
138.323;0.00483059;90
135.574;0.0050101;90
128.531;0.00529102;90
93.4059;0.006228;90
84.2219;0.00583062;90
83.349;0.00671721;90
83.4624;0.00721089;90
87.5023;0.00796256;90
92.3187;0.00887327;90
93.3711;0.00869004;90
93.8993;0.00880839;90
97.8352;0.0092867;90
99.5657;0.00838255;90
99.203;0.0095165;90
101.11;0.00886921;90
105.691;0.00805312;90
106.403;0.00782238;90
114.464;0.00725868;90
119.641;0.00671699;90
119.961;0.00708243;90
123.382;0.00624657;90
148.932;0.00461383;90
158.947;0.0041811;90
159.572;0.0040913;90
157.814;0.0035671;90
152.108;0.00351425;90
125.599;0.00553676;90
132.802;0.00460948;90
129.007;0.00409745;90
127.869;0.00546863;90
118.28;0.00603875;90
103.318;0.00753156;90
96.8111;0.00846575;90
99.78;0.00803578;90
124.006;0.00603634;90
151.302;0.00501048;90
170.133;0.00402656;90
164.7;0.00371776;90
163.628;0.00322477;90
135.538;0.00384188;90
111.64;0.00515214;90
105.052;0.00583002;90
108.938;0.00529038;90
113.334;0.00472875;90
115.344;0.00407191;90
114.894;0.00463242;90
112.385;0.00484727;90
104.036;0.00785039;90
102.37;0.0073005;90
97.6047;0.00677055;90
94.4801;0.00917905;90
98.2797;0.00845109;90
97.9901;0.00735238;90
98.9246;0.00632356;90
94.2669;0.00763416;90
93.5064;0.00848589;90
100.662;0.00688588;90
116.147;0.00588638;90
121.187;0.00377917;90
135.387;0.00251311;90
135.447;0.0026284;90
126.689;0.00399682;90
136.275;0.00374859;90
144.868;0.00300798;90
123.47;0.00368629;90
113.684;0.00478721;90
134.098;0.0039518;90
148.494;0.00485466;90
148.228;0.00486384;90
137.189;0.00496185;90
114.493;0.00671528;90
113.357;0.00622513;90
139.345;0.00406907;90
126.607;0.00409344;90
133.514;0.00349004;90
120.248;0.00396827;90
115.781;0.00405124;90
123.761;0.00403073;90
120.069;0.00377617;90
124.9;0.00306041;90
123.68;0.00319896;90
138.635;0.00286601;90
137.967;0.00325139;90
128.247;0.00424523;90
101;0.00613676;90
95.5596;0.00653374;90
90.1842;0.00622003;90
103.106;0.00549925;90
115.778;0.00439429;90
131.1;0.00333749;90
136.531;0.00352053;90
132.38;0.00388254;90
132.03;0.00417612;90
138.989;0.00382198;90
128.735;0.00464586;90
118.643;0.00487112;90
117.603;0.00484099;90
121.627;0.0046836;90
123.048;0.00470166;90
115.624;0.0050363;90
114.62;0.00516561;90
117.424;0.00489396;90
127.932;0.0046606;90
121.39;0.00440232;90
108.446;0.00488287;90
109.213;0.00472836;90
105.909;0.00411876;90
106.495;0.00156021;90
161.107;0.000870919;90
117.368;0.00501197;90
-153.112;0.00238145;90
-139.919;0.00268842;90
-175.343;0.00214308;90
146.991;0.00513605;90
142.714;0.00074282;90
87.418;0.00126528;90
81.6554;0.00415499;90
-70.765;0.00201552;90
-84.8307;0.00144287;90
-171.257;0.0120652;90
-6.9283;0.0132226;90
-28.89;0.00199532;90
-31.3685;0.00106812;90
-71.4965;0.0021143;90
-55.3315;0.00258251;90
-83.5612;0.00622426;90
-85.1857;0.00159663;90
-87.7021;0.00379105;90
-92.9823;0.00682324;90
-101.16;0.0017929;90
-112.588;0.00261131;90
-48.4811;0.000954942;90
-43.7331;0.00118328;90
-56.7697;0.0011405;90
56.5543;0.00754427;90
42.8613;0.000682126;90
51.6618;0.00064001;90
87.458;0.00180377;90
88.4641;0.00100736;90
77.3485;0.00111405;90
90.8667;0.00125614;90
102.414;0.00145604;90
100.577;0.00122583;90
100.523;0.00167009;90
110.425;0.00158462;90
70.0169;0.00115877;90
-25.7281;0.000949089;90
-33.3962;0.000703092;90
7.05425;0.000903842;90
22.9184;0.000885935;90
-54.1453;0.000756319;90
54.2678;0.000684935;90
107.581;0.00133748;90
112.149;0.00110342;90
93.1092;0.00112466;90
110.907;0.00116575;90
83.9862;0.00124083;90
81.6734;0.00152609;90
102.907;0.0013296;90
64.1449;0.000830092;90
49.728;0.000943663;90
72.8302;0.000816383;90
83.7911;0.00183074;90
74.6752;0.00115403;90
83.1699;0.00125289;90
84.2211;0.00125136;90
102.823;0.0018563;90
81.0893;0.00312471;90
98.1212;0.000913158;90
125.763;0.000973582;90
113.371;0.0021428;90
104.401;0.00110574;90
94.7676;0.00119112;90
102.623;0.000924342;90
108.551;0.00155901;90
110.377;0.001502;90
107.748;0.00118752;90
110.54;0.000860721;90
98.9306;0.0012046;90
96.8586;0.00114721;90
120.23;0.00137845;90
101.737;0.00149935;90
104.617;0.00114919;90
120.092;0.00110492;90
101.221;0.00126927;90
90.5029;0.00182307;90
89.4185;0.0018721;90
115.598;0.000768422;90
103.398;0.00208885;90
109.597;0.00101372;90
83.9713;0.00243748;90
93.6133;0.000967924;90
87.2877;0.000972089;90
59.6286;0.00132713;90
56.4792;0.000657323;90
63.6997;0.000774135;90
75.5238;0.000916084;90
64.8628;0.00152547;90
80.4165;0.00139953;90
58.7542;0.00146324;90
-39.5517;0.000722391;90
70.3378;0.00137306;90
80.0899;0.0016618;90
59.0153;0.000940155;90
108.132;0.00155523;90
22.3135;0.000561008;90
50.7639;0.00121103;90
134.166;0.00160318;90
133.35;0.00100663;90
140.838;0.000570056;90
162.827;0.000602876;90
81.011;0.00109444;90
-157.804;0.000592939;90
110.368;0.000965361;90
108.06;0.00145152;90
120.159;0.000720537;90
-123.408;0.000900844;90
-132.449;0.00109639;90
-105.157;0.00331221;90
-155.958;0.00066028;90
178.012;0.000778468;90
-107.38;0.00199194;90
-93.8738;0.00102133;90
-46.5502;0.00316263;90
58.6556;0.00108424;90
69.9816;0.00124736;90
-31.1549;0.000771233;90
-86.6772;0.00100068;90
-72.4306;0.000983897;90
-86.8629;0.00111467;90
-114.842;0.00107111;90
-107.099;0.00119377;90
-137.876;0.00146556;90
-81.2491;0.000926789;90
-104.349;0.00195293;90
122.034;0.000835172;90
-94.459;0.00524788;90
-92.7065;0.00137654;90
134.265;0.00121349;90
-90.8105;0.00134313;90
-59.1555;0.000988863;90
-62.2295;0.000892836;90
-60.8431;0.000979058;90
-87.7985;0.00197846;90
-114.495;0.0014978;90
-113.274;0.000802283;90
-117.734;0.00120549;90
-118.338;0.000939598;90
-105.142;0.000980027;90
-78.0003;0.00101007;90
-68.4058;0.00102709;90
-89.0264;0.00111816;90
-96.5558;0.00117367;90
-101.008;0.00111552;90
-102.154;0.00134413;90
-106.528;0.00163454;90
-111.211;0.00111665;90
-120.053;0.0016833;90
-77.4421;0.000855465;90
-83.2343;0.00191836;90
-20.3885;0.000760654;90
-82.0847;0.00135794;90
-81.9265;0.0015736;90
-100.26;0.00102743;90
-111.666;0.0020369;90
-92.3174;0.000939769;90
-65.7758;0.00148912;90
-107.58;0.000847585;90
-123.42;0.00106032;90
-116.717;0.00100981;90
-167.951;0.000608403;90
115.589;0.00102337;90
119.401;0.000723136;90
139.216;0.000750149;90
-102.185;0.00110387;90
-80.8648;0.00100778;90
-86.4844;0.00105999;90
-76.8317;0.00140905;90
-81.3274;0.00171764;90
-48.7693;0.000602344;90
-42.8502;0.00135719;90
-62.5944;0.000945064;90
-60.0033;0.0010161;90
-53.576;0.000796624;90
-69.2309;0.00173152;90
-82.0617;0.00126714;90
-87.7178;0.00135608;90
-89.5614;0.00143704;90
-86.1235;0.00146435;90
-88.4602;0.00130247;90
-85.7281;0.00107398;90
-87.4517;0.00110209;90
-85.3053;0.00158833;90
-89.6986;0.00152102;90
-96.8766;0.00134467;90
-98.4711;0.00118796;90
-93.0435;0.00137494;90
-95.8047;0.00187863;90
-106.718;0.00206843;90
-113.009;0.00170896;90
-44.1839;0.000744659;90
-40.2733;0.000909604;90
-45.7117;0.000683118;90
-58.1987;0.000833058;90
93.156;0.0108074;90
77.03;0.00139458;90
104.629;0.00119576;90
91.5038;0.00491569;90
93.7166;0.00547652;90
117.654;0.00381363;90
108.008;0.00224813;90
151.796;0.00533207;90
163.375;0.00163223;90
161.547;0.00200299;90
-173.015;0.00183361;90
79.4975;0.00132215;90
84.1706;0.00153594;90
111.831;0.00141444;90
130.207;0.0013539;90
135.272;0.00134281;90
-66.9274;0.00501408;90
-90.4312;0.00106303;90
-1.95807;0.00070241;90
-6.51746;0.00278399;90
-27.7817;0.0021905;90
-29.5428;0.00327131;90
-29.4662;0.0020146;90
-74.3643;0.00134684;90
-39.7172;0.00132864;90
-75.7043;0.00380276;90
-82.8228;0.00380985;90
-88.7361;0.00417101;90
-94.0431;0.00211326;90
-88.9522;0.00519487;90
-99.0487;0.00419015;90
-113.527;0.00215189;90
-31.1536;0.00119072;90
-30.9862;0.000876015;90
-61.7074;0.000949419;90
137.372;0.0034685;90
132.663;0.00194192;90
133.917;0.00486152;90
132.996;0.00293134;90
130.025;0.00293565;90
120.709;0.0031683;90
121.335;0.00304399;90
124.38;0.00276261;90
160.716;0.00128086;90
107.388;0.00141883;90
88.8913;0.00377271;90
91.7321;0.00390378;90
90.5104;0.00303112;90
102.516;0.0033455;90
124.247;0.00256949;90
-178.327;0.00325439;90
-130.981;0.00231014;90
-156.936;0.00300955;90
-163.011;0.00402148;90
-160.834;0.00384406;90
-117.721;0.00609453;90
-133.079;0.00493696;90
-136.758;0.00497896;90
-128.428;0.00564729;90
-129.111;0.00597477;90
-130.666;0.00556742;90
-128.005;0.00564371;90
-130.925;0.00553225;90
-132.379;0.00542707;90
-123.767;0.00597135;90
-127.721;0.00601646;90
-135.961;0.00565199;90
-132.431;0.00556841;90
-123.281;0.00656227;90
-162.032;0.00442797;90
-177.799;0.00455736;90
-178.387;0.00440475;90
-151.168;0.00492902;90
-120.83;0.00669858;90
-112.889;0.00753316;90
-113.365;0.00738562;90
-114.415;0.00732067;90
-119.688;0.00720816;90
-125.898;0.00634271;90
-119.062;0.00675442;90
-109.552;0.00775095;90
-101.557;0.00851054;90
-96.8964;0.00873621;90
-100.173;0.00868554;90
-105.465;0.00815319;90
-105.541;0.00746079;90
-103.664;0.00691265;90
-101.744;0.0051733;90
-109.942;0.00286159;90
-110.775;0.00453912;90
-110.791;0.00319186;90
-173.468;0.000694508;90
-117.535;0.0016916;90
-88.0644;0.00180603;90
-66.5663;0.00246425;90
-65.1558;0.00260619;90
-49.2468;0.000859373;90
-58.6612;0.00251491;90
41.8095;0.00189303;90
-175.997;0.000845062;90
-69.0872;0.00201151;90
-62.8972;0.00309709;90
-92.2528;0.00175536;90
-105.326;0.00106694;90
-152.565;0.000618568;90
102.057;0.00825817;90
115.657;0.00442976;90
106.728;0.00395017;90
70.538;0.00492224;90
68.8989;0.00252212;90
68.6389;0.00268226;90
86.0662;0.00155967;90
75.0467;0.00472811;90
75.5547;0.00723575;90
75.5221;0.00755181;90
74.0924;0.00791719;90
79.0653;0.00937318;90
83.0422;0.00909699;90
78.4245;0.00863156;90
70.2743;0.00766478;90
60.8865;0.0071813;90
53.7004;0.00578709;90
61.3784;0.00699132;90
64.2593;0.00708728;90
66.7179;0.0075672;90
66.5637;0.00803812;90
58.254;0.0065323;90
30.3299;0.00488338;90
0.447923;0.00434913;90
6.14777;0.00460347;90
19.4227;0.00165095;90
48.1636;0.00804641;90
40.8312;0.00686721;90
41.7651;0.00542579;90
55.562;0.00682034;90
56.3041;0.0109051;90
43.192;0.00244286;90
43.5136;0.00436149;90
48.9494;0.0101945;90
54.9278;0.00257567;90
50.9185;0.00473172;90
49.4228;0.00567588;90
37.868;0.00504036;90
62.2372;0.00562673;90
51.2213;0.00466539;90
8.88779;0.00372169;90
19.4629;0.00361348;90
30.0579;0.00195258;90
53.2776;0.000854603;90
34.5842;0.00280823;90
-16.5051;0.00260118;90
-45.2569;0.00189224;90
-78.3284;0.00282746;90
-86.5158;0.00162901;90
-90.3001;0.00362705;90
-88.1107;0.00451946;90
-90.8166;0.00350836;90
-11.7714;0.00148524;90
-51.5844;0.00256533;90
-60.2154;0.00321697;90
-61.6399;0.00281256;90
-51.8772;0.00308254;90
-46.776;0.00310286;90
-49.4591;0.00319235;90
-43.8847;0.00316066;90
-40.6934;0.0016196;90
-39.5143;0.00105773;90
-42.3608;0.00110567;90
147.199;0.000839917;90
123.433;0.000740532;90
148.293;0.00101793;90
82.2982;0.00158934;90
71.0223;0.003238;90
84.8345;0.00394301;90
91.6897;0.0071221;90
89.2352;0.00172315;90
94.2792;0.00316282;90
107.501;0.00337523;90
125.057;0.00261671;90
140.319;0.00522469;90
148.422;0.00214454;90
178.036;0.000729429;90
176.16;0.00189626;90
167.993;0.00146608;90
-0.77553;0.000591054;90
105.768;0.00464789;90
137.242;0.000939757;90
127.667;0.00142374;90
84.4581;0.002568;90
-61.3798;0.00140918;90
-158.373;0.000488381;90
-112.964;0.00144556;90
-92.8378;0.000929139;90
-64.7771;0.00490683;90
-31.3671;0.00160801;90
-6.18006;0.00264739;90
-26.5459;0.00267389;90
-32.0877;0.00302513;90
-34.682;0.0013778;90
-75.8247;0.00169872;90
-57.0651;0.00286195;90
-83.6129;0.00593283;90
-81.9012;0.00232822;90
-90.8572;0.00327537;90
-71.4263;0.00130602;90
105.621;0.000921017;90
-92.9505;0.00386612;90
-97.3093;0.00455098;90
-92.6346;0.00308927;90
-43.2587;0.00174524;90
135.409;0.00842115;90
170.373;0.000974726;90
-102.823;0.00323057;90
-88.8096;0.0041879;90
-86.6932;0.00377929;90
-105.903;0.00131015;90
-57.9909;0.00162625;90
-42.4615;0.000718418;90
110.697;0.00199474;90
107.394;0.00153206;90
91.6039;0.00546614;90
84.3843;0.00456792;90
55.2836;0.00153288;90
-47.6491;0.00379415;90
-41.1014;0.00248558;90
-44.9355;0.00125582;90
-44.5527;0.000996344;90
-35.9151;0.00120017;90
-97.6465;0.00452423;90
-99.9716;0.00136868;90
-95.6725;0.00134559;90
-92.2671;0.00126399;90
-132.57;0.00118405;90
-107.547;0.00173472;90
-111.919;0.00135818;90
-60.9492;0.00145392;90
-110.482;0.00108029;90
-175.085;0.000723661;90
-106.479;0.00151941;90
144.919;0.000788184;90
-75.6934;0.00205575;90
-66.4977;0.00121368;90
-64.6262;0.00118314;90
10.7843;0.000598572;90
-3.09563;0.000981432;90
-100.183;0.000967236;90
-35.5309;0.000984269;90
-63.3672;0.000756239;90
-28.1269;0.000557883;90
-5.16365;0.0010111;90
-6.86879;0.00113716;90
24.1783;0.00126716;90
-11.9442;0.00127562;90
-42.9491;0.00132384;90
-37.4359;0.00131606;90
-50.5789;0.00162201;90
-56.0774;0.0014353;90
-33.9805;0.00103952;90
-47.0381;0.00119294;90
-56.6122;0.00152461;90
-92.5134;0.00218911;90
-86.5464;0.00166001;90
-80.4404;0.00125848;90
-84.5922;0.00133695;90
-75.6721;0.00114357;90
-73.6304;0.00129864;90
-74.3362;0.00122967;90
-76.5101;0.00114458;90
-78.3972;0.00149658;90
-89.4763;0.00164107;90
-82.4118;0.00176445;90
-42.6555;0.00114081;90
-61.2434;0.00115779;90
-61.8503;0.00130994;90
-68.9997;0.00166028;90
-64.0953;0.00159084;90
-60.4258;0.00183163;90
-52.4686;0.00178432;90
-95.8702;0.000928871;90
-118.197;0.00108359;90
-99.4488;0.00139493;90
-92.821;0.00138167;90
-74.9184;0.00130288;90
-85.3764;0.00156309;90
-90.2154;0.00186201;90
-86.7587;0.00201623;90
-82.1934;0.00230436;90
-66.6537;0.0024452;90
-22.7452;0.00147685;90
-49.3919;0.00182829;90
-56.4418;0.00180722;90
-53.3273;0.00122061;90
-79.3574;0.00138075;90
-75.2405;0.00109514;90
-73.7539;0.0016228;90
-85.576;0.00138713;90
-78.1216;0.00114655;90
-113.711;0.0012036;90
-112.172;0.00109173;90
-81.2459;0.00110386;90
-92.6865;0.00130143;90
-120.927;0.00107015;90
104.393;0.000856895;90
93.6668;0.00232977;90
109.759;0.00212087;90
99.7004;0.00249264;90
120.534;0.0014408;90
156.96;0.000618324;90
171.903;0.000496955;90
126.28;0.00128267;90
128.28;0.000682807;90
133.502;0.000865794;90
117.986;0.000973883;90
118.294;0.00121519;90
137.498;0.00120039;90
176.112;0.000929138;90
158.127;0.000595897;90
145.567;0.000855974;90
144.612;0.000842682;90
-127.839;0.00083952;90
-119.364;0.00108086;90
158.313;0.000746868;90
162.698;0.000655668;90
-178.799;0.000477105;90
170.187;0.000510468;90
-175.011;0.000529004;90
142.624;0.000724828;90
110.241;0.00123422;90
88.6651;0.000987268;90
98.2926;0.00129656;90
74.5121;0.00110098;90
77.0232;0.00120682;90
76.9635;0.00133439;90
82.0572;0.00190326;90
78.3221;0.00201572;90
94.3306;0.0020659;90
103.139;0.00157934;90
111.059;0.00150556;90
103.552;0.00226609;90
163.481;0.00124853;90
96.6564;0.00188068;90
23.5589;0.00121093;90
54.6356;0.00157574;90
96.1923;0.00222498;90
81.3954;0.00249306;90
70.1245;0.0025031;90
69.4004;0.00231074;90
89.1008;0.0024213;90
85.1783;0.00212954;90
95.4476;0.00225418;90
96.3738;0.00226098;90
87.6042;0.0021769;90
122.35;0.00148201;90
139.097;0.00102935;90
144.189;0.00134163;90
118.064;0.00126471;90
130.094;0.00139741;90
135.187;0.00130108;90
151.979;0.00098553;90
132.677;0.00120378;90
135.979;0.00124186;90
154.873;0.00115865;90
125.195;0.00143661;90
-155.64;0.000674003;90
119.232;0.00166275;90
126.848;0.0015408;90
129.237;0.00154932;90
90.1706;0.00268601;90
104.6;0.00207087;90
73.136;0.00206479;90
42.4136;0.000908851;90
86.0343;0.00105553;90
85.9285;0.00145066;90
84.246;0.00144629;90
43.9949;0.000725603;90
71.981;0.00082759;90
73.0287;0.00163417;90
125.622;0.0012585;90
104.751;0.00594598;90
-32.3599;0.0014218;90
22.4156;0.00500626;90
36.459;0.00117123;90
69.4743;0.00242708;90
96.9452;0.00375455;90
176.73;0.00212145;90
-125.092;0.000702738;90
-113.617;0.000808738;90
-133.11;0.00147937;90
46.4246;0.00122297;90
39.144;0.00121976;90
69.7762;0.002725;90
100.096;0.0011752;90
104.562;0.00277618;90
112.092;0.00311359;90
110.567;0.0029746;90
134.384;0.002236;90
135.301;0.00228611;90
170.648;0.00128001;90
163.773;0.00075508;90
112.79;0.00114108;90
147.719;0.00184993;90
150.526;0.00233523;90
152.832;0.00136005;90
102.164;0.000868499;90
94.4221;0.00356662;90
74.5353;0.00170264;90
-52.1383;0.00113237;90
-68.2574;0.000904337;90
-77.7602;0.00165563;90
109.852;0.00395184;90
84.6107;0.00154382;90
8.70336;0.00050886;90
79.2338;0.00192183;90
72.6813;0.0021264;90
129.556;0.00161738;90
119.653;0.00131179;90
105.909;0.00152855;90
121.031;0.0010223;90
91.5786;0.00177868;90
126.722;0.0013212;90
95.0916;0.00201696;90
-72.5532;0.00390568;90
-79.3547;0.00233315;90
-65.642;0.00132384;90
-96.7418;0.00146513;90
-98.8479;0.00124178;90
-107.308;0.00139831;90
-47.8492;0.00122339;90
-44.5686;0.00103311;90
-109.844;0.00168505;90
-52.4176;0.00101328;90
-94.0346;0.00152077;90
-59.9565;0.0011425;90
-98.1262;0.00413148;90
-31.2814;0.00306215;90
-28.4482;0.00160592;90
-69.364;0.00176206;90
37.2644;0.000987623;90
-36.6718;0.00312442;90
-48.3162;0.000757873;90
-54.6193;0.00173919;90
-62.3208;0.00218505;90
-65.7164;0.00233675;90
-73.4528;0.00270711;90
-78.5861;0.00248617;90
-87.9854;0.00119474;90
-129.129;0.00135485;90
-134.588;0.00108119;90
-116.74;0.00102457;90
-154.268;0.000614984;90
122.745;0.0010427;90
14.6015;0.00186834;90
48.6222;0.00148861;90
41.57;0.00089822;90
-78.0077;0.00273366;90
-86.2513;0.00402261;90
-144.728;0.00132652;90
95.8718;0.00194521;90
-139.51;0.00937911;90
-44.8601;0.00173807;90
-48.2872;0.00180043;90
94.9512;0.00857399;90
86.3302;0.00332782;90
91.8087;0.00446723;90
89.5133;0.00364913;90
95.7538;0.00369059;90
116.72;0.0028179;90
115.965;0.00269058;90
26.3241;0.000638179;90
24.9595;0.00247406;90
47.2629;0.00327717;90
-30.0635;0.00254312;90
-68.6068;0.00328429;90
46.1766;0.00220381;90
67.5959;0.00390149;90
85.222;0.0046341;90
102.594;0.00456791;90
105.826;0.0053976;90
102.383;0.00532078;90
108.047;0.00528397;90
117.813;0.00420928;90
137.537;0.00337125;90
61.9297;0.00153224;90
-40.4261;0.00180888;90
67.714;0.00215173;90
81.8762;0.00256171;90
87.9812;0.00238448;90
116.198;0.000838095;90
-149.635;0.000985142;90
39.7574;0.00182632;90
50.5865;0.00110409;90
53.9104;0.00121891;90
31.5596;0.000940035;90
27.9115;0.000837415;90
73.285;0.00139076;90
83.049;0.0013882;90
52.7733;0.000674413;90
81.0167;0.00139612;90
86.64;0.00104079;90
74.6167;0.00156818;90
62.5527;0.000900348;90
-35.6952;0.000887787;90
-91.9168;0.0012557;90
-9.92943;0.000887291;90
37.5611;0.000928468;90
13.9767;0.000699716;90
107.603;0.00198074;90
177.091;0.000867117;90
132.414;0.00109713;90
92.3328;0.00103186;90
76.8336;0.00172535;90
88.6748;0.0015134;90
155.084;0.00530033;90
-150.738;0.0010454;90
-104.022;0.000974023;90
-99.1655;0.00460175;90
-93.4086;0.000958696;90
94.7201;0.00153119;90
159.632;0.000890688;90
139.867;0.00100843;90
-36.2347;0.00193032;90
116.411;0.00083182;90
155.657;0.000565256;90
173.686;0.000718357;90
-79.8662;0.00110829;90
-40.6523;0.0035351;90
-62.5062;0.00104841;90
-93.1245;0.00132096;90
-50.4022;0.001059;90
-115.54;0.00172563;90
-109.772;0.0012061;90
115.875;0.000742428;90
-109.216;0.00141588;90
-97.9435;0.00112883;90
-68.3405;0.000899511;90
-139.377;0.00141764;90
-116.001;0.00122721;90
-145.535;0.000614941;90
-168.951;0.000688767;90
-55.6451;0.00107564;90
-13.5174;0.000616066;90
-44.9436;0.00215597;90
-94.5711;0.00163119;90
-103.687;0.00306401;90
-149.689;0.00136916;90
-142.902;0.00115721;90
-42.8505;0.00105575;90
-50.8609;0.0035662;90
-67.412;0.00455869;90
-75.6389;0.00547509;90
-75.1215;0.00551076;90
-76.54;0.00598026;90
-88.3749;0.00525411;90
-109.635;0.00466633;90
-122.016;0.00228801;90
127.976;0.00189655;90
122.61;0.00320646;90
-156.028;0.0025007;90
-138.298;0.0031221;90
-149.293;0.00145501;90
-61.8555;0.00243377;90
-67.4397;0.00318254;90
-86.3932;0.0039899;90
-85.8265;0.00403971;90
-92.9737;0.00454913;90
-94.5123;0.00437255;90
-108.915;0.00339957;90
-67.82;0.00115226;90
-40.7415;0.00115223;90
-53.976;0.00123273;90
136.139;0.00643807;90
132.497;0.00267188;90
132.618;0.00241615;90
134.096;0.00251054;90
126.897;0.0025484;90
119.58;0.00279762;90
122.125;0.00273236;90
122.765;0.00243906;90
148.787;0.00114236;90
153.667;0.00110239;90
88.1661;0.00309358;90
91.0338;0.00360259;90
91.6157;0.00375949;90
89.8425;0.001091;90
97.3772;0.0017757;90
107.43;0.00221678;90
78.64;0.00224396;90
74.4556;0.00347407;90
77.4377;0.00166895;90
71.9145;0.00165896;90
-63.4078;0.000944962;90
-6.10006;0.00500635;90
-44.0848;0.000664058;90
-44.7476;0.00128412;90
-46.6644;0.00141198;90
-60.5512;0.000720031;90
-101.575;0.00199354;90
-64.0694;0.0026253;90
-117.219;0.00297774;90
-47.3871;0.00151098;90
-32.6483;0.0026544;90
-25.9926;0.000581854;90
-32.8781;0.000939479;90
-34.6768;0.000789178;90
-65.1115;0.00102411;90
6.45649;0.000924866;90
-42.753;0.00259708;90
-47.6934;0.00257318;90
-60.4352;0.00299955;90
-71.7271;0.00190085;90
-80.3452;0.0070955;90
-155.503;0.00115277;90
-130.325;0.00193472;90
-43.32;0.00511317;90
-130.9;0.0021856;90
-145.401;0.00248315;90
178.055;0.00259249;90
153.176;0.00118781;90
-111.298;0.00188042;90
-87.9093;0.00167211;90
-36.8171;0.0013016;90
-54.6573;0.00129826;90
136.626;0.00692678;90
130.696;0.00217625;90
132.443;0.00266279;90
135.691;0.00263841;90
125.969;0.0024551;90
120.501;0.00308142;90
119.27;0.00305161;90
127.929;0.00261925;90
170.568;0.000939705;90
104.19;0.00180302;90
89.4913;0.00473019;90
92.8911;0.00477808;90
94.0805;0.00240309;90
109.307;0.0027009;90
72.1476;0.00261281;90
74.139;0.00233074;90
77.4572;0.00221486;90
73.6892;0.00176608;90
91.808;0.00158479;90
128.41;0.00171902;90
32.2432;0.00423982;90
-45.5932;0.00232226;90
-48.3442;0.00064244;90
-49.6757;0.00336572;90
-36.6692;0.000571004;90
-81.1287;0.0018805;90
-84.2881;0.0043305;90
-101.155;0.000945872;90
-98.5204;0.00247026;90
-83.9596;0.00181508;90
-48.8333;0.00308848;90
-27.9468;0.00270777;90
-43.0652;0.00152893;90
-61.7038;0.00257578;90
-80.519;0.00706653;90
-90.1528;0.00150001;90
-85.5996;0.00258061;90
-90.6869;0.0028362;90
-91.7304;0.00758346;90
-109.873;0.00124728;90
-113.403;0.00188071;90
-54.626;0.000651222;90
-28.2889;0.00130824;90
-56.3099;0.00112133;90
137.087;0.0053797;90
132.786;0.00239817;90
132.196;0.002732;90
134.12;0.00354514;90
126.281;0.00315337;90
120.08;0.00352351;90
120.262;0.00232364;90
131.831;0.00259693;90
168.888;0.000850953;90
93.1754;0.00213027;90
92.0921;0.00460207;90
91.7206;0.00469612;90
97.388;0.0021075;90
103.372;0.00227878;90
128.818;0.00249504;90
-172.059;0.00317747;90
-150.02;0.00447471;90
-161.835;0.00167761;90
-149.075;0.00225915;90
-138.746;0.00878831;90
-116.333;0.00264887;90
-139.407;0.00394813;90
-135.569;0.00527245;90
-128.776;0.00564132;90
-128.018;0.00574755;90
-131.791;0.00560908;90
-129.578;0.0105207;90
-132.354;0.00202165;90
-130.696;0.00455034;90
-123.406;0.00620273;90
-129.902;0.00609533;90
-138.239;0.00534366;90
-127.428;0.0062459;90
-129.849;0.00609584;90
-169.803;0.00464334;90
179.424;0.00447823;90
-173.687;0.00465624;90
-135.974;0.00573971;90
-115.077;0.00640805;90
-113.189;0.0115196;90
-113.959;0.00746635;90
-119.226;0.00686945;90
-126.009;0.00631211;90
-120.108;0.0071727;90
-110.334;0.00862764;90
-101.025;0.00911422;90
-96.7417;0.00945538;90
-100.798;0.00788359;90
-106.215;0.00789296;90
-105.439;0.00730979;90
-103.071;0.00669445;90
-102.848;0.00502788;90
-108.665;0.00504324;90
-110.664;0.00508088;90
-105.11;0.00124297;90
-85.391;0.00384543;90
-64.5557;0.0051672;90
-63.8956;0.00467264;90
-55.5478;0.002252;90
-102.64;0.00357361;90
-114.532;0.00247107;90
-116.647;0.00312826;90
-121.777;0.00215149;90
-120.953;0.00175958;90
-121.516;0.00284461;90
-131.167;0.00375536;90
-132.179;0.00494301;90
-131.354;0.00528217;90
-118.978;0.00596933;90
-106.817;0.00773897;90
-111.687;0.00667873;90
-123.363;0.00559147;90
-140.282;0.00446311;90
-159.915;0.00374474;90
-154.335;0.00395743;90
-139.147;0.00477132;90
-122.484;0.00610167;90
-111.557;0.0067577;90
-106.301;0.0067264;90
-114.035;0.00606924;90
-125.019;0.00523833;90
-118.417;0.00590899;90
-116.482;0.0067659;90
-129.731;0.00557435;90
-146.329;0.00489523;90
-146.805;0.0051051;90
-147.252;0.00475831;90
-158.65;0.00442786;90
-173.298;0.00423292;90
-174.423;0.00417777;90
173.972;0.00438022;90
132.3;0.00571906;90
116.732;0.00676726;90
141.799;0.00513078;90
-164.264;0.0047012;90
-135.423;0.00546113;90
-152.259;0.00470702;90
165.448;0.00444562;90
153.892;0.00459258;90
158.409;0.00408997;90
167.609;0.00374217;90
167.498;0.00369563;90
172.174;0.00380443;90
-174.225;0.00345855;90
-171.77;0.00350004;90
-166.153;0.0037438;90
-140.106;0.00555373;90
-133.005;0.00556548;90
-125.387;0.00608024;90
-125.025;0.0061802;90
-143.774;0.00537254;90
-129.273;0.00588137;90
-135.76;0.00533064;90
-122.202;0.00637815;90
-111.447;0.007365;90
-113.904;0.00706062;90
-116.498;0.00684729;90
-110.229;0.00743563;90
-114.088;0.00764689;90
-119.784;0.00646618;90
-122.694;0.00627045;90
-146.2;0.00492547;90
-177.558;0.00434194;90
-163.956;0.00446491;90
-144.037;0.00510504;90
-131.226;0.00575844;90
-142.113;0.00447151;90
172.655;0.00391109;90
150.823;0.00410253;90
153.282;0.00386573;90
176.066;0.00357141;90
-161.665;0.00380517;90
-160.939;0.00379401;90
-161.773;0.00330903;90
-172.034;0.00346342;90
-172.066;0.00372365;90
-165.576;0.00354886;90
-159.942;0.00347263;90
-158.35;0.00343965;90
-152.539;0.00343055;90
-162.141;0.00327059;90
-150.368;0.00351924;90
-156.217;0.00324344;90
-151.399;0.00370169;90
-135.011;0.00363524;90
-154.818;0.00242774;90
-156.478;0.00246807;90
-151.985;0.00394077;90
-148.37;0.00391095;90
-139.245;0.00342968;90
167.038;0.00249662;90
-151.513;0.00315955;90
-137.349;0.00291502;90
-137.556;0.0026005;90
-139.195;0.00295797;90
-144.157;0.00301248;90
-143.566;0.0034939;90
-142.508;0.00357181;90
-154.743;0.00274213;90
-157.295;0.00205962;90
-144.647;0.0019875;90
-121.663;0.00248606;90
-143.538;0.00227666;90
135.802;0.00212294;90
131.938;0.00198556;90
-162.965;0.00117767;90
-115.944;0.00189943;90
113.497;0.00118637;90
63.3289;0.00217436;90
-39.3015;0.00365329;90
-46.6588;0.00197861;90
34.3282;0.00229105;90
58.6397;0.00215596;90
45.3219;0.00176214;90
20.2366;0.00193121;90
25.9224;0.00510348;90
52.6801;0.00162965;90
37.5607;0.00267059;90
28.6072;0.00281118;90
43.4019;0.00578073;90
32.4057;0.00127447;90
42.2961;0.0029229;90
30.8491;0.00299934;90
-13.5655;0.00271576;90
36.1667;0.0027214;90
39.1021;0.00404627;90
22.9191;0.00328428;90
25.2572;0.00342879;90
29.6835;0.00289373;90
44.109;0.00350131;90
29.9146;0.00284735;90
24.2539;0.00279467;90
34.9322;0.00290426;90
19.0024;0.00265043;90
20.0692;0.00267226;90
25.9223;0.00279079;90
25.2167;0.00273681;90
19.3069;0.00675383;90
4.60542;0.00123298;90
6.53776;0.00262608;90
8.32644;0.00350798;90
15.2069;0.00375135;90
21.0679;0.0035246;90
19.0679;0.00366404;90
2.48739;0.00345626;90
-16.3647;0.00351021;90
-30.7516;0.00444733;90
-15.8331;0.00469513;90
30.9923;0.00412488;90
51.5955;0.00515285;90
40.8519;0.00508327;90
24.8664;0.00425442;90
6.36419;0.00342813;90
4.24723;0.00293005;90
30.5168;0.00373775;90
52.4496;0.00441211;90
60.8598;0.00474794;90
60.0831;0.00495645;90
65.3527;0.00585328;90
70.5324;0.00714127;90
65.0594;0.00689388;90
64.461;0.00676832;90
68.0611;0.00657623;90
63.2531;0.00789247;90
43.7393;0.00552808;90
51.3933;0.00589931;90
37.8365;0.00521674;90
51.3133;0.00598021;90
55.7221;0.00575809;90
51.3807;0.00309224;90
45.9761;0.00294694;90
45.0114;0.00354048;90
37.6107;0.00298545;90
12.7375;0.00425881;90
9.97641;0.00441577;90
-0.303289;0.00434506;90
-11.2588;0.00439457;90
-12.709;0.00445002;90
-20.6881;0.00467335;90
-23.498;0.00796555;90
5.76263;0.00175286;90
27.5152;0.00299361;90
45.1178;0.00378374;90
40.6245;0.00374444;90
10.953;0.00336836;90
-30.3627;0.00372721;90
-57.3881;0.00499679;90
-61.7341;0.00522844;90
-41.1373;0.00420907;90
-5.47135;0.00350296;90
2.22805;0.00285516;90
5.92994;0.00421053;90
12.8786;0.0048141;90
33.0166;0.00493135;90
33.2956;0.0044721;90
32.575;0.00431833;90
37.6523;0.00446742;90
58.4859;0.00594596;90
63.5121;0.00531156;90
60.5148;0.00489843;90
54.7847;0.00487643;90
64.094;0.00575423;90
73.8947;0.00560914;90
70.1136;0.00662931;90
63.1237;0.00543283;90
49.0309;0.00564324;90
31.412;0.00480056;90
19.3127;0.00429361;90
38.4594;0.00509036;90
64.0345;0.0117534;90
69.4224;0.00218223;90
72.5864;0.00516261;90
58.2347;0.00915772;90
47.0814;0.00188851;90
47.7088;0.00439888;90
50.0623;0.00388657;90
50.7884;0.00290262;90
68.2198;0.00250912;90
53.0853;0.002559;90
69.5083;0.00239665;90
59.2024;0.00272066;90
85.127;0.00413194;90
114.888;0.00539392;90
115.902;0.00541388;90
101.959;0.00408771;90
70.6206;0.00335721;90
69.1702;0.00516883;90
74.2831;0.00334091;90
76.0539;0.00709102;90
76.437;0.00831077;90
75.4015;0.0152235;90
78.6585;0.00320356;90
83.3688;0.00782837;90
80.3715;0.00900992;90
72.5896;0.00831179;90
64.1634;0.00756299;90
54.2133;0.00668639;90
59.7837;0.006889;90
63.6135;0.00775159;90
66.9299;0.00732153;90
66.9918;0.00723017;90
62.659;0.0067039;90
36.8934;0.0053654;90
5.14369;0.00429429;90
2.86176;0.00442652;90
17.1821;0.00467148;90
47.2619;0.00575114;90
51.7655;0.0059963;90
42.8194;0.00544513;90
50.4159;0.00596349;90
56.6471;0.00640967;90
54.0224;0.00634417;90
46.4021;0.00557721;90
47.8225;0.00628957;90
50.3415;0.00588677;90
51.0556;0.0060996;90
51.4966;0.00594962;90
37.2449;0.0047057;90
58.7842;0.00580786;90
37.8676;0.00752314;90
14.5069;0.00156489;90
20.1375;0.00288432;90
38.7926;0.00262888;90
34.2702;0.00257505;90
-8.5358;0.00281619;90
-55.2309;0.00254791;90
-73.9529;0.00154833;90
-51.5547;0.00250255;90
20.5152;0.00213436;90
19.9188;0.00129444;90
-0.76425;0.00217419;90
-11.259;0.00198725;90
91.4444;0.00361015;90
74.276;0.00202581;90
-70.7181;0.00231061;90
-73.8464;0.00124724;90
-129.825;0.00222656;90
-54.5994;0.00189542;90
-28.5212;0.00225348;90
-29.7898;0.00158206;90
-38.3697;0.000832885;90
-27.4234;0.00179129;90
-37.0167;0.000936803;90
-40.9989;0.00184439;90
-56.4534;0.00531654;90
-71.9395;0.000822526;90
-74.8954;0.00500802;90
-71.0889;0.00148411;90
-105.326;0.00127121;90
-128.637;0.00160156;90
-121.122;0.0011144;90
-139.857;0.000977194;90
10.9942;0.0033454;90
-77.7562;0.00359784;90
-125.95;0.001533;90
124.695;0.000790569;90
96.639;0.00141851;90
-137.733;0.0096092;90
-43.0939;0.000892863;90
-46.7149;0.00106326;90
-54.4623;0.00116131;90
53.8523;0.00609288;90
64.1676;0.000874374;90
54.0413;0.000980924;90
44.2397;0.000905884;90
88.2179;0.002058;90
56.482;0.00129301;90
106.728;0.00319627;90
88.7057;0.0011953;90
102.792;0.00203244;90
98.4379;0.0019218;90
69.9685;0.00111229;90
-39.0314;0.00146885;90
-3.44325;0.000832503;90
31.3459;0.00136293;90
-52.7403;0.00088202;90
100.641;0.00134309;90
101.249;0.00185565;90
102.199;0.00180782;90
86.4345;0.00165621;90
97.809;0.00176638;90
73.2219;0.00153118;90
55.1506;0.00131602;90
67.1348;0.00097024;90
90.5581;0.00154007;90
85.484;0.00149865;90
75.0504;0.00162811;90
105.362;0.00169869;90
96.0505;0.000939232;90
83.8056;0.000954573;90
65.5389;0.000828351;90
95.4477;0.00184333;90
140.447;0.000901388;90
111.312;0.000869457;90
100.613;0.00159631;90
107.993;0.00114921;90
96.9331;0.00125921;90
112.266;0.00141987;90
107.401;0.00131414;90
96.0043;0.00190244;90
126.761;0.001051;90
99.3951;0.00196029;90
114.37;0.00147107;90
100.989;0.00196198;90
112.38;0.00158109;90
107.334;0.00151375;90
90;0.001456;90
91.9519;0.00111565;90
93.3926;0.00103081;90
108.083;0.00103092;90
96.1528;0.0018567;90
112.102;0.000850496;90
100.29;0.00102448;90
77.2827;0.00102207;90
87.268;0.000965097;90
97.7895;0.00137973;90
90.134;0.00171;90
70.5661;0.00155987;90
7.42159;0.000503216;90
24.8483;0.000656804;90
58.6205;0.000921829;90
68.5817;0.000972137;90
78.8293;0.00088782;90
71.2836;0.00186672;90
-48.0407;0.0010664;90
64.3648;0.0010748;90
78.6591;0.00108825;90
28.4528;0.000638073;90
-39.2771;0.00098567;90
-44.3368;0.000794134;90
-48.1733;0.00103467;90
28.3851;0.000689951;90
-47.2323;0.000943997;90
-48.5457;0.000743178;90
-20.2171;0.000732105;90
70.438;0.0017203;90
30.4842;0.000778631;90
173.188;0.000817773;90
178.379;0.000954382;90
-133.423;0.000693934;90
75.5792;0.00101188;90
79.3623;0.00175516;90
83.7359;0.00108146;90
69.8938;0.000954149;90
61.506;0.00263066;90
37.819;0.000627886;90
23.7162;0.000566873;90
12.875;0.000646248;90
43.9971;0.000646395;90
75.3118;0.00179051;90
78.1341;0.00181887;90
39.9274;0.00114363;90
54.0162;0.0016424;90
83.1121;0.00206792;90
99.1671;0.00191445;90
137.468;0.00113313;90
89.6419;0.00112002;90
50.9297;0.00141684;90
-47.5649;0.00107446;90
-62.396;0.00103592;90
-59.6678;0.00108908;90
-42.3816;0.000928694;90
-48.496;0.000881281;90
-84.88;0.00188251;90
-78.2598;0.00133186;90
52.6318;0.00108084;90
36.7037;0.000965404;90
59.678;0.00119439;90
78.4274;0.00154031;90
96.2034;0.00106423;90
131.897;0.000901468;90
-178.332;0.00130555;90
167.881;0.000971656;90
80.1819;0.00174759;90
83.2755;0.0013664;90
57.4794;0.000978418;90
43.2206;0.00084257;90
36.019;0.00101011;90
93.6114;0.00193685;90
85.8084;0.00103978;90
113.347;0.00111532;90
93.7813;0.00104628;90
99.9703;0.00105696;90
151.184;0.000887957;90
-150.972;0.000842882;90
137.398;0.00123357;90
96.3606;0.000929723;90
100.851;0.00139698;90
-105.839;0.00125671;90
-126.48;0.000968822;90
-167.396;0.000582025;90
-117.92;0.000775238;90
-59.9286;0.000935981;90
-115.465;0.00144432;90
-167.827;0.000663928;90
-103.027;0.0014729;90
103.627;0.00142615;90
67.8265;0.000829333;90
83.6154;0.00199638;90
78.9903;0.0030318;90
82.1672;0.0009539;90
105.659;0.000933651;90
132.159;0.00131259;90
130.813;0.00108477;90
132.832;0.00102816;90
123.872;0.00122367;90
-118.505;0.0011755;90
-94.9844;0.00219831;90
-89.5502;0.00242007;90
-98.623;0.0016274;90
-90.6022;0.00142708;90
-104.1;0.00153525;90
-97.286;0.00198704;90
-107.168;0.00173114;90
-131.168;0.000909959;90
-158.86;0.000723703;90
-130.797;0.00108054;90
-64.8804;0.00134744;90
-55.4077;0.000880696;90
-28.5658;0.000717321;90
-19.7237;0.00071707;90
62.2601;0.0012869;90
59.4689;0.000931092;90
36.9888;0.0010604;90
-50.5772;0.00078578;90
-106.533;0.00187658;90
-98.397;0.0020338;90
-80.1088;0.00193273;90
-142.187;0.000898722;90
-102.538;0.0013543;90
-66.9191;0.00102288;90
-63.5595;0.00102859;90
-74.4944;0.00132419;90
-89.5419;0.00150105;90
-91.782;0.00112554;90
144.699;0.000789096;90
-175.879;0.000459187;90
-167.471;0.000516294;90
170.175;0.00101387;90
-145.338;0.000654086;90
-98.3878;0.000911753;90
-103.417;0.000874877;90
-66.8145;0.00114552;90
-159.775;0.000809938;90
-64.8234;0.000996685;90
-137.776;0.0013288;90
-98.5403;0.00118514;90
-166.197;0.00119037;90
134.417;0.00118164;90
-173.947;0.000948287;90
140.026;0.00113006;90
-160.017;0.000819329;90
96.4229;0.00191301;90
99.4217;0.00116066;90
122.768;0.000931185;90
103.281;0.00121448;90
104.011;0.00111518;90
148.078;0.000656245;90
-130.537;0.00106318;90
-113.8;0.00100114;90
-95.505;0.00146978;90
-91.0392;0.00126821;90
-82.2948;0.00133505;90
-99.8513;0.00169499;90
-113.092;0.00205245;90
-30.6997;0.000781527;90
67.3854;0.00167477;90
-35.0266;0.000951292;90
-89.8777;0.001406;90
-65.6628;0.0012885;90
-113.409;0.00168139;90
-128.993;0.00129049;90
-115.449;0.0012171;90
-99.8462;0.00125143;90
-97.5231;0.00148175;90
115.125;0.00163687;90
-97.3783;0.00162748;90
-87.6539;0.00251611;90
-89.2819;0.00183514;90
-52.6264;0.000841833;90
-53.473;0.000935817;90
-99.6916;0.00197215;90
-98.5036;0.00260362;90
-110.812;0.00196736;90
-111.976;0.00177173;90
-125.032;0.00151558;90
-72.9678;0.00143389;90
-81.7108;0.00208781;90
-99.5402;0.00241946;90
-104.41;0.00268032;90
-116.013;0.00236676;90
-114.784;0.0022018;90
-110.39;0.00133463;90
-120.226;0.00137262;90
-165.126;0.00122712;90
-81.5577;0.00192081;90
-67.0483;0.00103602;90
-76.3304;0.000871691;90
-63.3261;0.0014123;90
-116.152;0.00111627;90
-95.2455;0.00142195;90
-95.3273;0.00156175;90
-82.9484;0.00164545;90
-77.5215;0.00160594;90
-80.0654;0.00203451;90
-14.6238;0.000827818;90
-57.9152;0.000841533;90
-66.2222;0.00103921;90
-51.3745;0.000783368;90
-59.0721;0.000823022;90
-65.4428;0.00104668;90
-78.1456;0.00146525;90
-84.7182;0.00166206;90
-86.9721;0.00159022;90
-87.003;0.00153009;90
-87.865;0.00153006;90
-87.4552;0.00171169;90
-87.1286;0.00159701;90
-88.9178;0.00164129;90
-96.252;0.00150596;90
-94.8698;0.00139002;90
-94.8692;0.00130772;90
-95.4056;0.00125257;90
-94.6242;0.001228;90
-108.455;0.000916112;90
-113.372;0.000778913;90
-115.806;0.00131627;90
-44.8432;0.00103379;90
-46.4652;0.000580725;90
-45.8212;0.000641412;90
-54.7856;0.000865361;90
54.1364;0.00547744;90
39.6596;0.000653374;90
97.1787;0.00119235;90
113.783;0.00213752;90
107.068;0.00196244;90
107.838;0.00124379;90
95.4173;0.00153586;90
84.5539;0.00140133;90
93.7087;0.00170056;90
106.704;0.00128732;90
151.507;0.000664489;90
142.23;0.00105633;90
96.6167;0.00125838;90
105.341;0.00134181;90
94.2513;0.00241464;90
105.361;0.00161572;90
113.679;0.00151887;90
129.127;0.00149276;90
96.0329;0.00137964;90
-177.922;0.00074449;90
135.483;0.00100554;90
96.6611;0.00171558;90
103.039;0.00126768;90
95.5799;0.00109017;90
-144.237;0.000621116;90
125.305;0.000944752;90
130.14;0.00076785;90
119.51;0.00766777;90
121.988;0.00103636;90
115.924;0.00555832;90
-113.21;0.0013753;90
-117.687;0.00105026;90
-116.987;0.00103354;90
-148.77;0.000736766;90
132.446;0.000650478;90
-48.6162;0.00506732;90
-40.4462;0.000561093;90
-47.3506;0.000810319;90
5.22593;0.000494054;90
-62.3902;0.00120186;90
-15.0049;0.000502121;90
-15.2986;0.000462385;90
44.7599;0.000843586;90
-11.3522;0.000797605;90
-73.452;0.000979572;90
-40.0823;0.000742366;90
-74.6606;0.00131173;90
-65.2353;0.00768692;90
-14.3354;0.000464462;90
-58.1502;0.000975944;90
-62.2358;0.000940249;90
-53.0202;0.0014596;90
-71.3605;0.00168329;90
-81.7132;0.00113788;90
-88.35;0.0014586;90
-84.1202;0.00141545;90
-88.5966;0.00249075;90
-86.1058;0.00185528;90
-93.5436;0.00131051;90
-79.326;0.00136054;90
19.405;0.000635076;90
-56.7071;0.00116046;90
-30.6567;0.000607971;90
-46.967;0.00105067;90
-48.0869;0.000919158;90
50.1516;0.000685126;90
3.45025;0.000481873;90
8.84181;0.000683118;90
-80.6716;0.00105495;90
-65.0639;0.000770861;90
-143.22;0.00762601;90
-1.82541;0.00166384;90
-8.89851;0.0014869;90
32.347;0.00364455;90
45.5804;0.00146591;90
67.0381;0.00190711;90
108.213;0.00301715;90
120.002;0.00207388;90
-138.718;0.00139594;90
-113.282;0.00171788;90
-150.148;0.000928154;90
49.3845;0.00305232;90
47.6648;0.00106464;90
91.6671;0.00182177;90
107.323;0.00611225;90
113.06;0.00103142;90
120.071;0.00242083;90
132.145;0.00400295;90
146.759;0.000884774;90
-146.738;0.00103926;90
134.785;0.000753781;90
112.38;0.00101116;90
149.127;0.00217289;90
148.74;0.00192321;90
149.266;0.00145192;90
96.4222;0.00378173;90
80.6866;0.00240369;90
-63.8085;0.0022634;90
-76.914;0.00131618;90
-158.37;0.00521955;90
-170.287;0.00123876;90
-159.991;0.00111639;90
-165.784;0.00224371;90
139.968;0.000841081;90
113.425;0.0029556;90
130.008;0.0042013;90
-146.301;0.00342084;90
166.561;0.000791679;90
77.1579;0.00228106;90
-10.3253;0.00400587;90
-43.8987;0.00217051;90
-74.2941;0.00187293;90
-65.5274;0.00215567;90
-16.3485;0.00197172;90
13.1206;0.004022;90
-5.6988;0.000966778;90
-16.6482;0.0016126;90
83.3602;0.002534;90
36.5901;0.00139242;90
-111.975;0.00337521;90
-154.207;0.000829657;90
164.721;0.0020681;90
-172.064;0.00217281;90
-156.775;0.00228736;90
163.477;0.00133617;90
120.178;0.00163917;90
111.135;0.00220212;90
-106.453;0.00102393;90
-98.0989;0.00129896;90
-90.885;0.000971116;90
110.852;0.00614123;90
-145.548;0.00283532;90
-137.062;0.00127716;90
86.8617;0.00321482;90
-57.1101;0.00129091;90
-134.611;0.00114483;90
23.1131;0.00334228;90
-7.9039;0.000967188;90
-44.2232;0.00208616;90
-20.9448;0.000931552;90
-80.3206;0.00295;90
-40.8813;0.00244158;90
23.5019;0.00205878;90
25.1448;0.000703683;90
3.90522;0.00192347;90
-13.448;0.00210265;90
69.8076;0.00156733;90
87.168;0.00348125;90
-52.2994;0.00195901;90
-75.5459;0.0013301;90
-75.3051;0.00413526;90
-25.4331;0.00162996;90
-33.8049;0.000968786;90
-39.7807;0.000590762;90
-74.1265;0.00142223;90
26.8781;0.00130946;90
-43.1706;0.00330034;90
-54.6774;0.00102217;90
-58.4871;0.00218293;90
-68.7125;0.00505167;90
-76.2339;0.00149185;90
-78.0156;0.00286546;90
-129.113;0.00132361;90
-139.876;0.00119793;90
-118.466;0.00120009;90
-138.652;0.000832541;90
59.7018;0.00187512;90
35.6347;0.00205968;90
-72.0155;0.00442416;90
-107.095;0.00260928;90
108.54;0.00121084;90
-76.4169;0.00303591;90
132.051;0.000797258;90
137.616;0.000697227;90
-154.351;0.00414217;90
148.655;0.000643991;90
169.71;0.00105802;90
155.575;0.00100604;90
68.2487;0.00170004;90
86.4085;0.0018837;90
85.0527;0.00331636;90
-90.3799;0.00346908;90
-98.1016;0.00340599;90
-113.144;0.00275796;90
-65.6063;0.00132202;90
-41.3384;0.000918993;90
-46.2595;0.000932899;90
-19.3775;0.000711292;90
140.597;0.00439369;90
135.722;0.00201966;90
133.933;0.00250642;90
132.348;0.0021243;90
131.978;0.00281679;90
127.821;0.00325345;90
118.653;0.0032534;90
124.384;0.00304747;90
129.871;0.00257073;90
175.801;0.00086031;90
94.8758;0.00161183;90
91.1166;0.00549104;90
91.4378;0.00474249;90
101.956;0.00380862;90
83.059;0.00208528;90
76.7221;0.00298685;90
74.4216;0.00231608;90
74.1506;0.00237634;90
110.109;0.00171026;90
132.462;0.00175676;90
-61.8298;0.0053803;90
-46.5131;0.000937243;90
-37.2542;0.00122243;90
77.0292;0.00179993;90
28.4675;0.000511895;90
-40.5003;0.00141504;90
10.7237;0.000575043;90
-105.1;0.00120149;90
-105.225;0.00312259;90
-105.537;0.00317709;90
-92.9847;0.00257349;90
0.866229;0.00238127;90
-18.832;0.00269211;90
-31.1606;0.00274622;90
-32.794;0.00269562;90
-52.5102;0.00110906;90
-65.6286;0.00287411;90
-68.4913;0.002872;90
-81.9672;0.00341349;90
-83.4513;0.00388434;90
-94.2389;0.00423458;90
-96.9453;0.00344024;90
-96.404;0.00307519;90
-108.447;0.00294218;90
-39.4229;0.000996789;90
-43.9436;0.00099719;90
-66.6573;0.000835374;90
-90.707;0.00583544;90
-89.3415;0.00130509;90
-95.9552;0.00128192;90
-129.768;0.00116309;90
-110.22;0.00163474;90
-115.199;0.00155719;90
-59.8958;0.00124608;90
-86.0459;0.00133418;90
160.692;0.000768206;90
-114.922;0.000951614;90
-102.886;0.000869908;90
179.377;0.000828049;90
-71.6903;0.00188124;90
-66.8648;0.00106897;90
-48.7919;0.000972988;90
-22.2372;0.00163565;90
-109.91;0.000872129;90
-20.9004;0.00111004;90
-52.6157;0.00126985;90
6.52264;0.00114441;90
-16.336;0.00114836;90
31.83;0.00131589;90
-26.04;0.0012688;90
-33.2712;0.00121399;90
-45.373;0.00141212;90
-50.8306;0.00154524;90
-52.7087;0.00119663;90
-47.6975;0.00133721;90
-31.3049;0.000893009;90
-57.2082;0.00152145;90
-90.6479;0.00229915;90
-86.7673;0.00168468;90
-78.8367;0.00137909;90
-84.1101;0.00133505;90
-72.8725;0.00119186;90
-72.7309;0.00156976;90
-79.9304;0.00102377;90
-75.8729;0.00137663;90
-78.5395;0.00126829;90
-92.2038;0.0018984;90
-76.5298;0.00157122;90
-41.1334;0.000922753;90
-56.72;0.00147249;90
-68.4936;0.001623;90
-66.3323;0.00179607;90
-64.16;0.00201441;90
-54.2898;0.00204562;90
-66.3458;0.00118889;90
-152.793;0.000918634;90
-89.5444;0.00150905;90
-100.402;0.00116311;90
-86.0671;0.00128302;90
-79.0786;0.00138814;90
-83.9447;0.00155467;90
-93.2816;0.00206138;90
-81.318;0.0021729;90
-77.232;0.00231217;90
-57.6783;0.00193951;90
-8.03479;0.00144519;90
-62.8019;0.00242852;90
-52.9189;0.00151921;90
-70.32;0.00146986;90
-85.2016;0.00123132;90
-67.5025;0.00100877;90
-74.9984;0.00136761;90
-85.452;0.00105934;90
-85.1641;0.00131669;90
-120.766;0.00104392;90
-107.516;0.000926983;90
-74.4459;0.00122693;90
-101.704;0.00128165;90
-122.4;0.00123175;90
96.1894;0.0027269;90
100.722;0.00198872;90
108.823;0.00177281;90
102.607;0.00214881;90
139.807;0.00100409;90
164.86;0.000742782;90
125.325;0.00125386;90
155.332;0.000486388;90
122.601;0.000978113;90
112.91;0.00101724;90
121.282;0.00123447;90
137.839;0.00119931;90
175.14;0.000991564;90
157.766;0.000663323;90
151.409;0.000695852;90
146.041;0.000827067;90
-122.588;0.00124026;90
-159.976;0.00084402;90
149.467;0.000775539;90
175.791;0.000531433;90
-165.113;0.000587729;90
164.779;0.00072752;90
146.463;0.000622653;90
105.539;0.0012393;90
98.2919;0.00135213;90
95.4535;0.00144152;90
59.9266;0.0010816;90
83.1445;0.000896409;90
84.557;0.00100152;90
76.3206;0.000934508;90
76.5763;0.00102089;90
77.3461;0.00173924;90
89.6072;0.00218805;90
106.454;0.00154633;90
103.403;0.00131584;90
113.725;0.00185911;90
123.598;0.00154512;90
116.135;0.00148926;90
45.4218;0.00115262;90
48.9605;0.00154589;90
92.1865;0.00191339;90
79.4613;0.00256425;90
79.447;0.00227142;90
64.966;0.00222613;90
83.5915;0.00249962;90
84.6065;0.002032;90
89.5016;0.00218408;90
104.016;0.00210982;90
86.1921;0.00246945;90
108.674;0.00121496;90
126.304;0.000972847;90
129.537;0.00475355;90
133.939;0.00133595;90
144.506;0.000607975;90
158.796;0.000765849;90
132.655;0.00095044;90
134.681;0.000635699;90
116.146;0.000916812;90
153.778;0.000672174;90
171.87;0.000643467;90
125.117;0.000902222;90
145.791;0.00143895;90
130.688;0.000789953;90
106.459;0.000889445;90
154.119;0.000936979;90
130.083;0.00100638;90
90.1262;0.001816;90
99.6778;0.00174889;90
100.607;0.00167868;90
77.5565;0.00123911;90
61.8286;0.0012603;90
80.2114;0.00282919;90
79.895;0.00112851;90
39.7033;0.000788965;90
63.7614;0.000784873;90
89.6522;0.00247105;90
121.418;0.000972599;90
104.698;0.00545863;90
83.5446;0.00691987;90
90;0.001508;90
90.6806;0.00319923;90
92.5096;0.00433916;90
100.118;0.00364875;90
115.126;0.00292033;90
118.102;0.00203376;90
151.935;0.00256341;90
147.395;0.00319204;90
161.851;0.00285399;90
176.648;0.00205251;90
87.4892;0.00374359;90
73.6432;0.00306088;90
78.1602;0.00241743;90
110.672;0.0021387;90
-155.518;0.00098452;90
-34.5274;0.00187897;90
-97.2709;0.00204646;90
-103.987;0.00227135;90
-103.197;0.00306186;90
-95.7454;0.00163823;90
-28.3178;0.00114048;90
-2.10354;0.00277887;90
-28.063;0.00319912;90
-38.2148;0.00452465;90
-63.8649;0.00357557;90
-74.2179;0.00366205;90
-87.3347;0.00410744;90
-86.3461;0.00442499;90
-92.651;0.00445377;90
-99.8403;0.0040374;90
-108.406;0.0024767;90
-64.9252;0.00137565;90
-29.5295;0.0008907;90
-45.2579;0.00109956;90
-12.422;0.0016875;90
32.8987;0.000863473;90
98.7074;0.00145983;90
84.679;0.00143418;90
70.4307;0.0015495;90
20.6413;0.000550328;90
80.0687;0.00112486;90
113.615;0.0011034;90
118.436;0.000945019;90
108.215;0.00131805;90
113.911;0.00112013;90
135.15;0.000812468;90
-178.415;0.000542208;90
-59.7346;0.00368646;90
-60.9077;0.00103452;90
-65.5909;0.000951002;90
-111.898;0.0011047;90
-126.694;0.000714603;90
-110.923;0.000823284;90
-97.9261;0.000913729;90
-86.624;0.00105283;90
-94.0387;0.00130624;90
-134.246;0.000644937;90
-136.844;0.000659365;90
154.087;0.00117848;90
-75.1433;0.0977177;90
28.5231;0.000785318;90
47.6458;0.00114886;90
88.1805;0.00229916;90
34.3438;0.00102099;90
-18.0618;0.000922456;90
48.7931;0.00102614;90
-5.65551;0.00103504;90
-18.4775;0.000851918;90
-4.92711;0.000873227;90
29.6953;0.00114658;90
67.5722;0.00169847;90
103.538;0.00184116;90
127.327;0.00160465;90
132.742;0.00139974;90
-46.6029;0.000960627;90
-51.4436;0.00129796;90
-60.1172;0.00170002;90
-90;0.001472;90
-126.061;0.00136074;90
-156.194;0.000854722;90
-164.308;0.000713595;90
146.652;0.00102233;90
-174.7;0.000930981;90
-138.117;0.00135257;90
166.93;0.00113644;90
-119.333;0.00136156;90
-93.0587;0.00157424;90
-135.625;0.00129691;90
128.89;0.000777283;90
96.3602;0.00189567;90
116.876;0.00181393;90
112.929;0.00125517;90
87.1798;0.00203246;90
85.8568;0.00226993;90
95.6589;0.00286999;90
109.598;0.00235227;90
107.815;0.00186965;90
125.811;0.00126642;90
161.27;0.000921816;90
122.939;0.00124874;90
133.301;0.000739252;90
133.353;0.000689007;90
139.381;0.000694286;90
110.437;0.00163811;90
147.059;0.00133694;90
176.494;0.00081753;90
164.733;0.000858289;90
130.004;0.000925584;90
177.231;0.000890039;90
-97.4725;0.00102269;90
-123.319;0.000813762;90
163.103;0.000553914;90
146.479;0.00103397;90
178.431;0.000511192;90
-177.961;0.000618391;90
144.83;0.000923607;90
111.975;0.00110099;90
109.091;0.000993653;90
101.156;0.00124044;90
66.249;0.00140281;90
82.2133;0.00132118;90
77.0919;0.0016384;90
73.4112;0.00159019;90
76.1761;0.00196285;90
95.5832;0.00214819;90
99.586;0.00144721;90
109.224;0.00140007;90
112.608;0.00188592;90
135.277;0.00161152;90
101.165;0.00139439;90
30.7615;0.000971717;90
54.209;0.00160388;90
90.2317;0.00173101;90
78.986;0.00269565;90
77.8974;0.00256603;90
67.4912;0.0028577;90
91.393;0.0020156;90
84.7927;0.00201632;90
93.4207;0.00186031;90
102.908;0.0020816;90
84.5002;0.00278582;90
110.804;0.00165275;90
128.705;0.0013737;90
150.531;0.0012359;90
124.367;0.00147921;90
130.406;0.00127122;90
135.581;0.00125447;90
159.287;0.000938674;90
140.249;0.000942992;90
130.447;0.0016925;90
162.13;0.0012188;90
122.584;0.00147994;90
-145.102;0.000697413;90
115.453;0.0019359;90
140.117;0.00150648;90
103.529;0.00249215;90
101.593;0.00269702;90
87.5813;0.00189569;90
62.7067;0.0018297;90
61.0592;0.000733614;90
85.6205;0.00159766;90
95.529;0.0012247;90
77.6625;0.00110451;90
40.5292;0.00103411;90
73.7398;0.001225;90
112.977;0.00210066;90
135.956;0.00330548;90
74.2552;0.00133405;90
70.5457;0.00289742;90
84.6812;0.00341972;90
84.3361;0.00232033;90
-68.5572;0.000771394;90
-98.1984;0.00486674;90
-104.517;0.00231387;90
-99.9376;0.00212082;90
-41.1549;0.00104392;90
-45.9566;0.000762367;90
-73.6462;0.000905641;90
98.51;0.0053317;90
83.1961;0.00199203;90
85.4528;0.00230827;90
83.7908;0.00236689;90
91.9843;0.00231039;90
92.3523;0.00241203;90
92.7229;0.00242073;90
93.4563;0.0024715;90
95.3253;0.0024566;90
113.041;0.00186259;90
124.644;0.00161662;90
104.595;0.00151592;90
170.401;0.000893511;90
118.092;0.00139312;90
97.9333;0.00168816;90
110.318;0.0015494;90
139.602;0.000916537;90
134.236;0.00068949;90
113.212;0.00492465;90
78.765;0.00134987;90
62.7191;0.000966504;90
87.1654;0.00123351;90
69.2769;0.00116433;90
75.701;0.000846216;90
38.1524;0.000670168;90
-91.9247;0.00294766;90
-101.775;0.00108789;90
-128.792;0.00115085;90
150.429;0.000613975;90
-104.746;0.00133187;90
-78.6559;0.000986268;90
-48.9235;0.000837055;90
-71.223;0.00100657;90
-57.3676;0.000736213;90
106.525;0.00434549;90
109.626;0.00152138;90
132.109;0.0011498;90
133.429;0.00219215;90
121.938;0.00108883;90
166.819;0.000552558;90
81.2731;0.00135772;90
131.345;0.000709965;90
81.2439;0.00393486;90
-65.1526;0.00171584;90
163.947;0.000730485;90
-103.492;0.00109728;90
-99.3942;0.00193596;90
-62.6296;0.00136816;90
-69.3187;0.0011779;90
-59.6922;0.00088379;90
-44.2865;0.000965276;90
-56.1662;0.00154817;90
-44.8752;0.000973688;90
-82.1857;0.00115472;90
-59.2191;0.00128968;90
-89.7647;0.000974008;90
-65.6279;0.00132069;90
-61.7601;0.00599791;90
-86.7359;0.00154551;90
-16.1655;0.000822521;90
-48.2435;0.000812353;90
-87.3847;0.00142448;90
-31.4746;0.000904005;90
-53.7271;0.000806244;90
-59.5901;0.000940371;90
-74.8504;0.00128568;90
-85.5554;0.00181947;90
-89.3857;0.00139908;90
-86.2369;0.00156938;90
-89.8555;0.00158601;90
-79.5536;0.0011582;90
-92.2761;0.00173737;90
-83.6871;0.00139144;90
-91.1715;0.00151632;90
-99.0982;0.0014229;90
-92.689;0.00153469;90
-94.3723;0.000996901;90
-99.4506;0.00160782;90
-108.191;0.000964187;90
-108.267;0.000973037;90
-109.866;0.00158321;90
-40.8604;0.00117545;90
-46.6587;0.00073287;90
-44.841;0.000764385;90
141.448;0.00248707;90
76.2922;0.0016078;90
64.9224;0.00222251;90
-29.5878;0.00176403;90
6.46227;0.00217683;90
40.9405;0.0036458;90
114.652;0.00150079;90
-145.113;0.00672943;90
125.406;0.000907896;90
84.5502;0.0037379;90
86.6993;0.00383837;90
92.1522;0.00660366;90
94.3147;0.0016216;90
99.1146;0.00279023;90
117.819;0.00371992;90
105.67;0.00117362;90
13.9223;0.00109723;90
38.8603;0.00321314;90
31.4553;0.00263877;90
-57.4161;0.00354852;90
-53.1961;0.0012152;90
47.1434;0.00255232;90
69.8347;0.00370725;90
88.4317;0.00529798;90
105.022;0.00498848;90
104.249;0.00548886;90
104.334;0.00573144;90
110.127;0.00505363;90
127.969;0.00414796;90
147.133;0.00154417;90
77.034;0.00164904;90
-35.3336;0.00182766;90
38.1676;0.000927238;90
79.7071;0.00256325;90
78.8035;0.00217846;90
95.2683;0.0020366;90
-159.51;0.00101416;90
131.852;0.00167413;90
-154.436;0.000537633;90
-14.2128;0.00267591;90
-84.1685;0.00202749;90
-100.551;0.00241381;90
-106.448;0.00338346;90
144.795;0.00216131;90
-68.6193;0.00230138;90
-50.683;0.00453433;90
-70.1364;0.00536521;90
-77.4785;0.00598229;90
-74.9129;0.00583202;90
-78.846;0.00627044;90
-98.4304;0.00493836;90
-126.259;0.00499288;90
104.872;0.00124677;90
120.267;0.00358116;90
-161.128;0.00236197;90
-140.458;0.00391746;90
-115.977;0.00135155;90
-58.3124;0.00342098;90
-80.8457;0.00455704;90
-89.0929;0.0048006;90
-91.5455;0.0052279;90
-94.4565;0.00486471;90
-113.65;0.0031659;90
-39.8896;0.0012225;90
-35.016;0.00117461;90
-51.2892;0.000877853;90
95.2648;0.00906725;90
82.7156;0.00361215;90
93.1773;0.00254391;90
94.0077;0.00246102;90
94.3893;0.00233886;90
96.2411;0.00210648;90
96.0657;0.00179807;90
118.765;0.00186402;90
117.505;0.00171708;90
100.136;0.0014547;90
-155.841;0.000798981;90
111.921;0.00169559;90
111.231;0.000894725;90
100.489;0.00177974;90
111.423;0.00101299;90
172.588;0.00051934;90
131.967;0.000628084;90
111.865;0.00755873;90
135.583;0.000764422;90
132.86;0.000946769;90
129.633;0.00114914;90
120.433;0.0013326;90
147.508;0.000623619;90
124.396;0.000810756;90
101.169;0.00159521;90
114.495;0.00215385;90
108.192;0.00223575;90
65.6506;0.00120301;90
114.42;0.00198344;90
-80.1136;0.0029762;90
-53.3828;0.00104281;90
-85.7721;0.00149206;90
-95.9382;0.00110191;90
-51.5104;0.000735894;90
-79.388;0.00138468;90
-56.7279;0.0010645;90
-37.4828;0.00069184;90
-44.0522;0.000769437;90
-49.9599;0.00125131;90
-44.8006;0.00101612;90
-64.4354;0.00145993;90
-30.7822;0.000541252;90
-64.9725;0.00098333;90
-96.2743;0.00115291;90
-64.4021;0.00100682;90
-111.994;0.00271024;90
-83.3193;0.00183949;90
-148.476;0.000631145;90
164.939;0.000596491;90
169.06;0.00106434;90
166.167;0.00116272;90
-174.207;0.00083225;90
120.682;0.0010465;90
81.9559;0.0010362;90
-97.7348;0.00170148;90
-133.341;0.00136812;90
-163.125;0.000813007;90
-157.402;0.000788539;90
-177.176;0.00103526;90
-105.219;0.00152757;90
-169;0.00050834;90
-176.169;0.000688538;90
137.804;0.00134441;90
94.8161;0.00381146;90
71.32;0.00140501;90
81.5752;0.00098968;90
-37.5095;0.000591237;90
8.05761;0.000670621;90
-9.87064;0.000507513;90
85.3549;0.00112369;90
-43.4887;0.00083114;90
-50.5752;0.000655051;90
58.1497;0.00176236;90
33.0893;0.000661239;90
-47.1111;0.000902173;90
-51.8823;0.00130411;90
-41.8616;0.000813686;90
61.5393;0.000824666;90
-31.6948;0.00064523;90
-26.603;0.000674398;90
44.3275;0.000602496;90
-54.2787;0.00079816;90
-35.6476;0.000787579;90
-36.021;0.000661473;90
33.0201;0.000640445;90
79.8236;0.00155649;90
62.4472;0.000726383;90
-65.1307;0.00136012;90
-64.7233;0.00141221;90
-81.555;0.0339713;90
78.4037;0.00172624;90
69.9295;0.00296932;90
86.7904;0.00469737;90
96.9745;0.0159601;90
118.602;0.00164813;90
99.8658;0.00105054;90
155.524;0.00268641;90
152.737;0.00223981;90
154.318;0.00240898;90
173.094;0.00217075;90
172.555;0.00111137;90
85.6472;0.00316212;90
130.609;0.00158858;90
140.515;0.00167014;90
104.303;0.0028132;90
143.33;0.00125921;90
66.8195;0.00166654;90
84.0789;0.000920913;90
62.1906;0.00115319;90
-177.553;0.000702641;90
124.23;0.0023537;90
144.357;0.000887203;90
169.26;0.00175474;90
138.466;0.00119295;90
105.174;0.013624;90
-73.2443;0.000874113;90
-106.865;0.0021578;90
-90.4633;0.00148405;90
-74.4648;0.00249412;90
-70.7678;0.00420466;90
-63.1568;0.000921271;90
-48.4265;0.00182194;90
-21.04;0.00163501;90
-29.8236;0.00324934;90
-49.6674;0.00150334;90
-86.1016;0.00122082;90
-104.581;0.00234761;90
-103.724;0.002942;90
-105.104;0.00303174;90
-83.7698;0.00235893;90
-71.3163;0.00131109;90
-88.9908;0.00170326;90
-88.9098;0.0044148;90
-89.7202;0.00471006;90
-88.2747;0.00166075;90
-42.8934;0.000827167;90
-41.0293;0.00213422;90
-55.727;0.0034077;90
-61.8685;0.00371371;90
-51.5707;0.00357172;90
-49.269;0.00316318;90
-46.9619;0.00386236;90
-44.9712;0.00280863;90
-35.4042;0.00104774;90
-36.8208;0.001168;90
-52.6047;0.00106864;90
99.7684;0.00526331;90
84.4913;0.00361469;90
84.5384;0.00293131;90
52.3443;0.00064166;90
-101.66;0.00943572;90
-66.9979;0.0019142;90
-47.7568;0.00126436;90
-36.5665;0.00067981;90
131.215;0.00336327;90
63.848;0.00291546;90
87.4952;0.00830594;90
88.5287;0.00175258;90
91.8085;0.00288344;90
97.1745;0.00430773;90
105.207;0.00315653;90
126.779;0.0017704;90
137.67;0.00622364;90
149.68;0.000915174;90
139.341;0.000868698;90
90.7034;0.00472436;90
50.392;0.00111367;90
-74.6407;0.00260504;90
94.1451;0.0050081;90
108.231;0.000974936;90
116.845;0.00238278;90
72.4974;0.000874486;90
114.704;0.00129447;90
146.871;0.00118933;90
129.396;0.00392481;90
64.9497;0.000828976;90
71.9409;0.00178388;90
75.1041;0.00197228;90
46.4285;0.00113455;90
-75.5664;0.00136405;90
126.487;0.00676875;90
110.981;0.00238513;90
92.5379;0.00164862;90
49.6053;0.0019551;90
63.1119;0.00118961;90
112.721;0.00156116;90
-98.8247;0.00626415;90
-55.7607;0.0047454;90
-45.623;0.00162573;90
-38.0061;0.000958188;90
-88.3744;0.00133954;90
-101.261;0.000916647;90
-77.1352;0.00234896;90
-67.065;0.00139856;90
-96.5844;0.00269477;90
-55.8334;0.00146723;90
-22.2142;0.00332478;90
-7.42609;0.00139268;90
-54.9551;0.00124343;90
-49.9988;0.0018746;90
-47.7058;0.00301068;90
-46.4456;0.000896897;90
126.623;0.00209202;90
154.983;0.00175461;90
120.494;0.00311366;90
162.651;0.0020859;90
-115.684;0.00267644;90
-104.661;0.00233503;90
-81.4399;0.00163926;90
-65.3994;0.00151337;90
-81.9873;0.00144915;90
-136.915;0.00209491;90
-172.913;0.00224515;90
-179.492;0.00202908;90
-161.478;0.00166526;90
-153.808;0.00123702;90
170.072;0.000991852;90
145.118;0.000599761;90
110.811;0.00147204;90
111.11;0.00193806;90
-122.21;0.00100934;90
-97.9549;0.00115612;90
-101.503;0.00127868;90
46.1805;0.000583487;90
82.0007;0.00309714;90
-64.5296;0.0020835;90
-62.2128;0.00167743;90
-20.6937;0.000682001;90
-4.60154;0.000909933;90
34.3916;0.000883426;90
27.58;0.000732204;90
6.46325;0.00169678;90
-1.01059;0.00164426;90
-18.4838;0.00111344;90
-17.0134;0.000471641;90
-33.3219;0.00120872;90
-32.6791;0.00245216;90
-25.8234;0.00207301;90
-21.2341;0.000543928;90
-15.8801;0.00144723;90
34.0715;0.00270783;90
44.3647;0.00248705;90
-28.409;0.00204304;90
-68.0332;0.00289519;90
-19.614;0.000968178;90
-76.603;0.00352184;90
-73.5421;0.0041615;90
-71.0634;0.00390114;90
-71.8203;0.00539427;90
-56.9761;0.00484231;90
-52.7921;0.00481388;90
-63.7163;0.00591894;90
-65.9037;0.00560655;90
-61.2229;0.00513292;90
-55.5787;0.00473753;90
-63;0.00553756;90
-59.7694;0.00510645;90
-55.2128;0.00444674;90
-40.9495;0.00337355;90
-46.9158;0.00406106;90
-48.7491;0.00348217;90
-44.5464;0.00285822;90
-41.5942;0.00278526;90
-51.005;0.00317678;90
-63.7546;0.00408849;90
-75.5123;0.00474075;90
-87.5483;0.00572724;90
-87.0069;0.00597515;90
-84.9025;0.00567243;90
-69.3989;0.0044677;90
-41.3225;0.00374831;90
-40.3612;0.002588;90
-40.8189;0.00205608;90
-55.6001;0.00241785;90
-56.1756;0.00272164;90
-58.5948;0.00367309;90
-55.9637;0.00413065;90
-60.3562;0.00471283;90
-62.9284;0.0044012;90
-47.3327;0.00338773;90
-52.3537;0.00292247;90
-45.7268;0.00334488;90
-49.8893;0.00353425;90
-68.047;0.00519466;90
-65.6245;0.00491623;90
-55.3511;0.00430924;90
-29.9774;0.00363648;90
-34.1068;0.00358457;90
-31.7547;0.00339171;90
-35.6341;0.00338479;90
-59.2882;0.0042117;90
-65.0675;0.0040185;90
-49.1341;0.00333491;90
-30.5435;0.00301657;90
-50.9802;0.00360394;90
-52.7273;0.00375489;90
-43.332;0.00264782;90
31.5672;0.00130278;90
14.8455;0.00206079;90
17.5765;0.00192067;90
68.5488;0.0027645;90
98.2956;0.00298726;90
111.449;0.00244213;90
111.054;0.0017091;90
92.0049;0.00217233;90
87.7737;0.00362974;90
83.0919;0.00383282;90
71.0342;0.00368611;90
61.9885;0.00331312;90
50.8954;0.00309796;90
19.0918;0.00248255;90
35.4346;0.00271485;90
65.5239;0.00428179;90
70.4298;0.0040542;90
67.1583;0.00172855;90
71.6477;0.00262975;90
75.8686;0.0037969;90
-33.3398;0.00140647;90
-10.4653;0.00207553;90
-27.6492;0.00226912;90
-30.583;0.00234872;90
43.0596;0.00242252;90
35.2896;0.00252376;90
45.62;0.00307114;90
-16.9061;0.0022283;90
8.6939;0.00208394;90
16.6642;0.00218997;90
24.126;0.00231195;90
8.21041;0.00221975;90
43.0422;0.00244236;90
59.9203;0.0028232;90
82.2547;0.00286413;90
82.8923;0.00409749;90
82.3913;0.00458436;90
83.2662;0.00461383;90
86.2879;0.00489627;90
84.4913;0.00420844;90
82.8664;0.0041471;90
91.5396;0.00468969;90
90.4721;0.00509717;90
79.9844;0.0135353;90
41.6973;0.00268793;90
48.8481;0.00301341;90
9.29114;0.00236604;90
-13.172;0.00215469;90
-47.1485;0.00316865;90
-62.3186;0.00280054;90
-57.9984;0.00320978;90
-51.6308;0.0032027;90
-57.7416;0.0035523;90
-63.8279;0.00299953;90
-42.4404;0.0020109;90
-36.2595;0.00108886;90
-3.24814;0.000511822;90
-17.594;0.000840308;90
-2.88274;0.00182931;90
20.4465;0.00208111;90
17.417;0.00211811;90
-17.4592;0.00129988;90
-82.6873;0.00272617;90
-72.1505;0.00235222;90
-44.3225;0.00167455;90
-29.6696;0.00132122;90
-38.6495;0.000869419;90
-63.4794;0.0109626;90
-90.3414;0.00201404;90
-97.2556;0.0016865;90
-102.339;0.00157232;90
-134.695;0.0010635;90
-110.24;0.00146549;90
-140.997;0.00125207;90
-163.914;0.000949164;90
137.085;0.00108825;90
114.279;0.00123306;90
121.017;0.00148072;90
160.599;0.000975385;90
-164.956;0.000785937;90
53.013;0.000684801;90
-27.1191;0.00111004;90
-46.9672;0.00144193;90
-70.3672;0.0014673;90
-39.0939;0.00148432;90
28.0259;0.00115777;90
52.9829;0.0010896;90
56.9799;0.00128089;90
75.6752;0.00390026;90
109.415;0.00968368;90
119.991;0.00147441;90
118.796;0.00167743;90
142.119;0.000884338;90
142.035;0.000721732;90
157.447;0.00099077;90
129.442;0.00119;90
112.207;0.00165366;90
101.357;0.00213276;90
99.3089;0.00171863;90
170.863;0.00107058;90
-167.635;0.00219491;90
-157.524;0.00232024;90
170.016;0.00220337;90
-132.32;0.00108872;90
-91.5658;0.00263498;90
-82.9204;0.00281547;90
-88.3226;0.00300629;90
-84.8782;0.00306925;90
-76.515;0.00289892;90
-86.2084;0.00305469;90
-87.2881;0.00378324;90
-87.4481;0.00395292;90
-82.1069;0.00324777;90
-80.1245;0.0035567;90
-85.9237;0.00348883;90
-75.5426;0.00333253;90
-76.8636;0.00311964;90
-77.0164;0.00390791;90
-79.9826;0.00210408;90
-81.2216;0.0124235;90
-69.0588;0.00132341;90
-52.4873;0.00738006;90
-58.1811;0.00175823;90
-81.0906;0.00282812;90
-84.9638;0.00347441;90
-77.8896;0.00332704;90
-80.9602;0.0037678;90
-75.5189;0.00777811;90
-90.078;0.002939;90
-98.4887;0.00377334;90
-91.4915;0.00349618;90
-77.9773;0.0080557;90
-67.8292;0.00264993;90
-78.3069;0.024429;90
-77.7828;0.00153578;90
-96.9241;0.00721663;90
-92.0708;0.00273979;90
-83.1177;0.00805303;90
-101.95;0.00143919;90
-94.5019;0.00830663;90
-81.5877;0.00114836;90
-84.7693;0.00957588;90
-89.482;0.00342914;90
-102.909;0.00189797;90
135.119;0.000683067;90
124.76;0.00681762;90
108.414;0.00263386;90
101.979;0.00410028;90
120.975;0.00337887;90
156.081;0.00370957;90
119.128;0.0112931;90
153.168;0.0011498;90
154.229;0.00209763;90
-170.071;0.00242431;90
-154.542;0.00324067;90
151.695;0.00662853;90
134.006;0.0018338;90
171.133;0.00186833;90
157.017;0.0034933;90
163.476;0.00274955;90
131.895;0.00389056;90
149.372;0.00333879;90
141.74;0.00358506;90
135.597;0.00393456;90
128.898;0.00679846;90
139.58;0.00133717;90
147.545;0.00617553;90
136.583;0.00138221;90
143.139;0.0013586;90
164.156;0.00595212;90
-129.611;0.00154337;90
-178.261;0.00181283;90
145.868;0.00370523;90
156.721;0.00328437;90
160.522;0.00347592;90
151.034;0.0037581;90
122.357;0.00404153;90
119.991;0.00381708;90
154.967;0.00195681;90
106.687;0.00226018;90
99.8145;0.00588412;90
115.522;0.00508298;90
123.495;0.00438881;90
135.697;0.0029637;90
133.885;0.00294424;90
127.733;0.00367822;90
137.057;0.00305313;90
140.031;0.00390271;90
118.392;0.00503684;90
121.976;0.00530253;90
146.994;0.00390287;90
149.258;0.00426074;90
144.964;0.00395583;90
131.825;0.00489008;90
114.385;0.00634832;90
113.228;0.00579363;90
141.246;0.0033212;90
129.617;0.00875867;90
129.323;0.00156543;90
109.143;0.00191807;90
119.386;0.00489711;90
124.441;0.00383164;90
119.319;0.00415987;90
123.025;0.00310819;90
134.772;0.00745862;90
138.162;0.00142274;90
132.595;0.00166812;90
112.36;0.0054649;90
94.8299;0.00638969;90
91.8321;0.00644329;90
104.516;0.0124195;90
135.28;0.00216872;90
136.269;0.00354277;90
131.651;0.0037647;90
131.313;0.00350814;90
135.945;0.00373191;90
125.413;0.0107755;90
120.565;0.00184657;90
115.458;0.00212869;90
123.606;0.0056732;90
120.26;0.0115671;90
111.602;0.00261034;90
110.353;0.00218225;90
117.983;0.0050233;90
122.35;0.00963195;90
105.466;0.00221625;90
105.532;0.00205401;90
109.896;0.00487497;90
108.036;0.00436342;90
106.977;0.00183914;90
59.1376;0.0074662;90
90.4395;0.00208606;90
102.502;0.00253613;90
104.568;0.00407914;90
104.698;0.00396888;90
101.842;0.00340139;90
111.595;0.00880072;90
114.021;0.00149114;90
127.965;0.00251146;90
139.167;0.000992573;90
149.93;0.00146289;90
157.753;0.00124141;90
141.929;0.00343475;90
156.618;0.00192509;90
131.938;0.00190625;90
115.865;0.00794713;90
99.8034;0.00129795;90
110.664;0.00179658;90
105.088;0.00605059;90
102.684;0.00168512;90
108.099;0.00259121;90
120.222;0.00375082;90
109.832;0.00422985;90
89.1294;0.00302735;90
79.5937;0.00323318;90
88.0319;0.00521207;90
86.2483;0.00641876;90
79.9471;0.00679431;90
65.5917;0.0106356;90
47.2627;0.00220294;90
51.5175;0.00343256;90
66.97;0.00526567;90
90.7763;0.00619957;90
95.7433;0.00750467;90
88.9241;0.00671018;90
79.5494;0.00622425;90
82.9009;0.00657037;90
83.5207;0.00646026;90
85.6062;0.00631757;90
95.5133;0.00595354;90
95.7831;0.00503161;90
84.0328;0.00495384;90
75.4519;0.00589191;90
69.2001;0.00481266;90
71.7132;0.00428016;90
76.1934;0.00453812;90
74.0462;0.00470419;90
75.2418;0.00538981;90
71.7395;0.00529779;90
71.2082;0.00528047;90
72.4235;0.005762;90
50.9535;0.00416541;90
47.1426;0.00376373;90
42.5454;0.00392946;90
36.2547;0.0035392;90
19.7375;0.00340823;90
2.96094;0.00313619;90
-4.53698;0.00457634;90
-16.5579;0.00353353;90
-16.5411;0.00409549;90
7.97196;0.00338168;90
6.85292;0.00762649;90
38.9283;0.00226626;90
48.6272;0.00178832;90
24.9479;0.00366056;90
41.7579;0.00952725;90
61.5571;0.0020744;90
55.0449;0.00355539;90
37.6659;0.00341213;90
45.6213;0.0046297;90
32.9649;0.00521571;90
43.2623;0.00366096;90
36.5965;0.00473685;90
39.1195;0.00367864;90
4.55181;0.00361641;90
-31.9552;0.00338966;90
-8.22207;0.0030837;90
15.1866;0.00322565;90
32.9181;0.00329383;90
46.9827;0.003965;90
48.339;0.00642224;90
25.8809;0.00161053;90
53.8463;0.00276802;90
71.0179;0.00562911;90
58.2452;0.00443486;90
69.688;0.00412234;90
71.6666;0.00303295;90
74.9453;0.002156;90
72.2745;0.00148132;90
55.1881;0.00211076;90
38.7041;0.00181833;90
42.0346;0.00233729;90
50.5267;0.00903072;90
55.5076;0.00164402;90
64.8977;0.00206725;90
60.6643;0.00467214;90
36.6292;0.00309403;90
-26.6103;0.0028331;90
-21.5177;0.00258732;90
-62.1219;0.00263478;90
-77.3982;0.00119171;90
-150.482;0.0168156;90
-138.824;0.00162218;90
-156.592;0.00208674;90
-125.849;0.0018629;90
-155.709;0.00256948;90
-141.137;0.00189174;90
-110.429;0.0023722;90
-104.35;0.00349402;90
-109.228;0.00441212;90
-119.519;0.00436568;90
-114.491;0.00479548;90
-115.549;0.00494338;90
-150.562;0.00361356;90
-126.298;0.00744957;90
-134.174;0.00122696;90
-151.934;0.00242518;90
-169.797;0.00272103;90
-168.541;0.00331202;90
156.046;0.00275859;90
161.196;0.00265257;90
-174.749;0.00281883;90
-135.266;0.00381347;90
-133.556;0.00440597;90
-147.784;0.00435556;90
-143.028;0.00461241;90
-139.27;0.00492878;90
-124.28;0.00908148;90
-137.337;0.00308697;90
-142.752;0.00318207;90
-158.988;0.00405783;90
-144.09;0.00458304;90
-145.073;0.00447137;90
178.796;0.00394887;90
-176.087;0.00438121;90
162.619;0.00695977;90
-179.795;0.00167801;90
172.156;0.00323124;90
-170.87;0.00377483;90
-166.243;0.0042808;90
-137.33;0.00502674;90
-137.516;0.00465513;90
-123.563;0.00562356;90
-109.449;0.00702483;90
-109;0.00688936;90
-105.434;0.00713946;90
-104.079;0.0075106;90
-106.891;0.00696966;90
-108.999;0.0064229;90
-101.713;0.00663007;90
-86.8717;0.00690829;90
-84.9108;0.00744033;90
-96.9021;0.00701484;90
-97.2386;0.00744433;90
-94.9121;0.00762601;90
-95.0456;0.0074589;90
-87.3793;0.0071735;90
-86.3739;0.00646695;90
-110.857;0.00572409;90
-124.603;0.0052387;90
-123.194;0.00509428;90
-114.292;0.00595307;90
-98.8757;0.00783583;90
-95.3643;0.00803318;90
-86.2326;0.00538764;90
176.951;0.00125978;90
-84.8033;0.0046702;90
-63.4311;0.00668718;90
-73.1797;0.00566747;90
-72.423;0.00430814;90
-73.2409;0.00265998;90
-72.5963;0.00344365;90
-64.7531;0.00346056;90
-51.2624;0.00264481;90
-54.2288;0.00139766;90
-33.7253;0.0022568;90
-32.0574;0.00268667;90
-28.0979;0.002257;90
-29.4051;0.00131777;90
-46.3207;0.0026078;90
-61.3948;0.00433401;90
-72.8041;0.00592275;90
-75.3603;0.00538896;90
-75.1682;0.00518785;90
-80.2192;0.00493879;90
-99.4168;0.00496896;90
-118.773;0.00342373;90
-126.648;0.00175741;90
113.188;0.00354541;90
146.15;0.00238411;90
-132.567;0.00329809;90
-154.914;0.00216524;90
-109.719;0.0015382;90
-53.4827;0.00279465;90
-81.3089;0.00363979;90
-86.2224;0.00376418;90
-86.7786;0.00366579;90
-92.1599;0.00355553;90
-94.6938;0.00367834;90
-105.04;0.00329487;90
-95.7642;0.00170261;90
-37.128;0.00111001;90
-51.107;0.00118974;90
59.9224;0.00551108;90
15.5453;0.00116045;90
38.3452;0.00167796;90
85.9282;0.00177448;90
-93.8335;0.00137608;90
39.9575;0.0014481;90
96.877;0.00658941;90
-126.733;0.0010918;90
-140.802;0.00159492;90
-117.498;0.00085116;90
-113.053;0.000875948;90
52.29;0.00130954;90
56.621;0.00250284;90
63.3564;0.000978951;90
103.407;0.0060036;90
124.096;0.00125227;90
121.928;0.00422049;90
125.53;0.000872439;90
141.027;0.00128627;90
145.52;0.0019519;90
-164.226;0.00055178;90
161.326;0.000530951;90
124.52;0.00185816;90
146.363;0.00361055;90
155.46;0.00148075;90
99.1536;0.00335675;90
80.0549;0.00284881;90
-62.2609;0.00342682;90
160.116;0.00197579;90
-88.1247;0.00326975;90
-41.9584;0.00162581;90
-31.9028;0.00207198;90
-29.1466;0.00254186;90
-63.561;0.000813036;90
-38.9204;0.000721062;90
-10.2387;0.00139522;90
-44.5943;0.00249686;90
-53.654;0.00290892;90
-66.0539;0.0035528;90
-75.7591;0.00414229;90
-81.9395;0.00244617;90
-132.308;0.00158071;90
-119.438;0.00120452;90
-138.352;0.00130614;90
49.6117;0.00064201;90
57.8356;0.00103128;90
44.1054;0.00113222;90
47.3048;0.00137148;90
95.8575;0.00197933;90
105.293;0.00342737;90
110.592;0.00302528;90
118.325;0.00254808;90
128.253;0.00231127;90
137.121;0.00213976;90
-179.533;0.00147205;90
121.876;0.00164745;90
149.12;0.00244917;90
147.999;0.00268148;90
155.82;0.000827615;90
89.7844;0.00212602;90
83.926;0.00558536;90
-37.6087;0.00113229;90
-50.9864;0.00159332;90
-135.787;0.00350192;90
-89.6304;0.00294506;90
-99.1046;0.00142191;90
53.119;0.0010364;90
-27.1426;0.00239584;90
-28.543;0.00325229;90
-80.7067;0.00156048;90
-56.555;0.002464;90
-79.0926;0.00653201;90
-89.319;0.00193514;90
-89.5481;0.00291609;90
-91.2213;0.00304969;90
-92.4863;0.00378056;90
-100.072;0.00307641;90
-109.15;0.00268562;90
-37.4496;0.00102785;90
-52.1457;0.00218852;90
91.1208;0.0124744;90
93.4742;0.00321791;90
95.7891;0.00464971;90
90.5139;0.00345614;90
116.395;0.00511302;90
132.612;0.00305453;90
146.793;0.00292698;90
154.028;0.00263512;90
179.41;0.00213611;90
-170.038;0.00115034;90
89.0779;0.00236131;90
101.566;0.00184547;90
133.779;0.00202349;90
114.369;0.00133054;90
120.982;0.00160849;90
99.9114;0.00161511;90
81.8188;0.00348547;90
141.927;0.0013427;90
134.251;0.0015692;90
37.7132;0.00478332;90
-51.2034;0.00150505;90
-51.6602;0.000810867;90
-44.8993;0.00120703;90
-47.5753;0.00262814;90
-57.7415;0.00283096;90
-90.6972;0.00189014;90
-47.8039;0.00159007;90
-100.59;0.00176303;90
-104.201;0.00261285;90
-85.6928;0.00340863;90
-146.703;0.000930809;90
179.086;0.00332342;90
-162.983;0.00276088;90
177.557;0.00159545;90
117.513;0.00178373;90
108.905;0.00184873;90
82.3345;0.00165681;90
75.4005;0.00360231;90
75.575;0.002252;90
74.8531;0.00176429;90
81.8613;0.000946533;90
120.124;0.00121743;90
132.907;0.00199466;90
97.0521;0.0179276;90
107.181;0.00933665;90
33.3477;0.00143892;90
-47.8713;0.00114341;90
68.2309;0.00131584;90
87.0282;0.00264255;90
97.1858;0.00151893;90
-86.1087;0.00325651;90
-108.673;0.00236129;90
135.402;0.00100694;90
-80.3919;0.00930452;90
-82.5453;0.018344;90
-47.1964;0.00250924;90
-72.716;0.000976076;90
-105.474;0.00277354;90
-103.356;0.00335062;90
-103.156;0.00293503;90
-80.0965;0.00279667;90
-47.5419;0.00215243;90
17.0626;0.00209941;90
14.7255;0.00161298;90
-1.1246;0.0025985;90
16.9195;0.0014947;90
91.2504;0.00398695;90
-59.2746;0.00276167;90
102.927;0.00113989;90
110.947;0.00135666;90
134.009;0.000817538;90
-92.0246;0.00421763;90
-58.1423;0.00238532;90
-30.9854;0.00226875;90
-29.8775;0.00208974;90
-65.6833;0.00193793;90
-59.3184;0.00254181;90
-73.913;0.00277881;90
-87.1926;0.00265419;90
-84.4241;0.00266561;90
-89.9113;0.002585;90
-91.3945;0.00205461;90
-91.2665;0.0117179;90
-48.3146;0.00073379;90
-35.3883;0.000758053;90
-93.7293;0.00539643;90
-102.418;0.00106491;90
-88.6598;0.00149641;90
-130.757;0.000917511;90
-111.954;0.00201944;90
-115.725;0.00137309;90
-72.6433;0.00129392;90
-73.2226;0.00133377;90
174.877;0.000727908;90
-139.329;0.000889958;90
-100.22;0.0013301;90
-155.526;0.000784488;90
-72.594;0.00125025;90
-63.0257;0.00125223;90
-38.0728;0.000838385;90
-28.985;0.00175822;90
-97.2525;0.00139415;90
-19.367;0.000913703;90
7.15822;0.000642004;90
-39.0053;0.00103592;90
5.73271;0.00103116;90
9.82393;0.00093775;90
23.4327;0.00131767;90
-39.1924;0.0015793;90
-40.7869;0.00160735;90
-48.7201;0.0013187;90
-61.5988;0.00166091;90
-30.9994;0.000827138;90
-34.597;0.00103381;90
-50.4211;0.00119754;90
-69.5917;0.00154284;90
-92.8257;0.00194737;90
-78.8014;0.00151382;90
-80.6398;0.00119896;90
-91.9943;0.00112068;90
-76.298;0.00137205;90
-77.1126;0.00116125;90
-54.2902;0.00092859;90
-81.2492;0.00187988;90
-90.5285;0.00130106;90
-81.1857;0.00191866;90
-85.4245;0.00144159;90
-46.273;0.000827519;90
-59.8945;0.00120217;90
-61.1605;0.00113816;90
-63.6299;0.00170881;90
-68.1177;0.00170914;90
-58.3504;0.00196294;90
-54.388;0.00170361;90
-78.0823;0.00101692;90
-123.562;0.00149048;90
-100.976;0.00114495;90
-80.7382;0.00234862;90
-80.4025;0.00146348;90
-89.6095;0.00161404;90
-90.9055;0.00189824;90
-79.2816;0.00203246;90
-77.2593;0.00231705;90
-58.8324;0.00178343;90
-15.9099;0.00155039;90
-63.7186;0.00171643;90
-49.3875;0.00166375;90
-64.8364;0.00146283;90
-84.4639;0.00150301;90
-72.2369;0.00118657;90
-70.005;0.000824711;90
-93.2623;0.00100162;90
-74.4732;0.00112817;90
-81.3524;0.00123706;90
-141.752;0.000956277;90
-92.7391;0.00127646;90
-81.0661;0.00169355;90
-123.986;0.0013435;90
95.2453;0.00254867;90
105.834;0.00198637;90
116.819;0.00181749;90
100.644;0.00220901;90
133.857;0.000886181;90
-170.705;0.000619129;90
127.688;0.000966699;90
135.994;0.000652051;90
123.766;0.00124863;90
125.048;0.00117019;90
117.463;0.00119913;90
126.302;0.00121106;90
168.967;0.000893516;90
-176.339;0.000673374;90
133.334;0.000705284;90
145.491;0.000815492;90
-173.199;0.000810704;90
-107.293;0.00106305;90
-152.861;0.000892236;90
125.846;0.000884541;90
-165.709;0.000980339;90
163.579;0.000926804;90
145.052;0.000846676;90
123.773;0.000955195;90
88.4943;0.0017506;90
97.1975;0.00137282;90
51.918;0.000898201;90
76.2346;0.000975004;90
80.2218;0.00092443;90
72.321;0.00103068;90
74.6264;0.00258759;90
94.5346;0.00226409;90
111.488;0.00132403;90
103.525;0.00130417;90
116.336;0.00156437;90
104.701;0.00219485;90
150.552;0.000862425;90
87.7419;0.0015482;90
27.9988;0.00114388;90
59.5137;0.00195532;90
95.5446;0.00237009;90
76.8151;0.00259542;90
73.5191;0.0026895;90
80.1133;0.00270822;90
86.1474;0.00227715;90
84.3102;0.00218878;90
103.619;0.00173272;90
90.284;0.00161402;90
94.0894;0.00213143;90
119.914;0.00143174;90
152.845;0.000955299;90
129.259;0.00143485;90
136.837;0.00101451;90
129.228;0.00144843;90
138.197;0.00140721;90
153.363;0.0010751;90
131.721;0.00142149;90
134.708;0.00138878;90
169.065;0.00113867;90
124.845;0.0011149;90
168.188;0.000693689;90
114.139;0.00181687;90
140.185;0.00161954;90
91.2557;0.00278367;90
114.615;0.00202392;90
79.6679;0.00244769;90
61.4612;0.00146728;90
86.8955;0.0017726;90
83.9395;0.00151547;90
54.4467;0.000853025;90
67.7121;0.00111533;90
62.2795;0.00126408;90
108.453;0.00100149;90
120.502;0.00151112;90
107.179;0.0045437;90
78.5975;0.00121396;90
-108.108;0.00249033;90
-151.42;0.0010431;90
132.147;0.00292681;90
132.179;0.00326159;90
133.352;0.00336793;90
129.777;0.00335572;90
119.84;0.00373407;90
123.378;0.002801;90
-58.0122;0.00450033;90
-56.3099;0.0048062;90
-47.5314;0.00403445;90
-45.9819;0.00392007;90
-44.2419;0.00277917;90
-36.6484;0.00124141;90
-46.0627;0.00125816;90
-48.863;0.000881644;90
131.222;0.0011806;90
141.119;0.0012936;90
140.929;0.00191661;90
132.663;0.00407562;90
134.595;0.00370038;90
130.48;0.00364303;90
120.376;0.00386218;90
121.561;0.00333772;90
132.029;0.00276922;90
-171.232;0.00100373;90
-92.7608;0.00363322;90
-98.9795;0.00520884;90
-98.3028;0.00483366;90
-96.5867;0.00505638;90
-92.5406;0.00550441;90
-88.771;0.00265761;90
-87.5497;0.00519275;90
-101.783;0.00455907;90
-90.482;0.00416015;90
-84.0802;0.00474128;90
-83.0548;0.0039117;90
-89.9235;0.00524;90
-99.9487;0.00710788;90
-100.114;0.00703838;90
-98.2832;0.00677467;90
-99.2832;0.0068872;90
-102.856;0.00688972;90
-124.153;0.00555745;90
-137.005;0.00466906;90
-124.818;0.00501602;90
-97.2855;0.00619804;90
-93.0305;0.00715;90
-109.652;0.0055811;90
-103.802;0.00557909;90
-99.4688;0.00579901;90
-104.484;0.00524572;90
-124.724;0.00353568;90
-108.461;0.00351803;90
-108.501;0.00330585;90
-117.992;0.00454465;90
-134.73;0.00329515;90
-139.6;0.00268008;90
-111.76;0.00336369;90
-104.184;0.00395456;90
-103.02;0.0053177;90
-107.317;0.00520389;90
-117.928;0.00468231;90
-126.034;0.00418344;90
-124.757;0.00461674;90
-126.05;0.00430424;90
-148.829;0.00321871;90
-122.565;0.00371388;90
-100.653;0.00577757;90
-81.6541;0.00533247;90
-71.9958;0.00475272;90
-81.2746;0.00545817;90
-94.6599;0.00624063;90
-98.0769;0.0057864;90
-81.7465;0.00571216;90
-103.239;0.00529676;90
-158.497;0.00306643;90
151.509;0.00344639;90
-142.541;0.00342158;90
-118.289;0.00446074;90
-97.7933;0.00567845;90
-101.864;0.00744197;90
-97.8279;0.00817922;90
-96.663;0.00742918;90
-127.925;0.00482242;90
-146.84;0.00155766;90
-88.2796;0.00329749;90
-85.1528;0.0063196;90
-88.1601;0.00819122;90
-78.0255;0.00738878;90
-74.3733;0.00597693;90
-71.8834;0.0047242;90
-75.9212;0.00522082;90
-71.4074;0.00494297;90
-60.9454;0.00340785;90
-58.5712;0.00340213;90
-38.1108;0.00270583;90
-40.8964;0.00305334;90
-59.6888;0.00406581;90
-72.7845;0.00436873;90
-75.8885;0.00461424;90
-77.7456;0.00541334;90
-80.7142;0.00576353;90
-82.6749;0.00610986;90
-90.6533;0.00640242;90
-92.1208;0.00648544;90
-96.3557;0.00692858;90
-98.359;0.0067962;90
-85.344;0.00676332;90
-82.6712;0.00652228;90
-92.3156;0.00576671;90
-92.3449;0.00510828;90
-94.0896;0.00508996;90
-94.8494;0.00505108;90
-93.8978;0.00528122;90
-91.165;0.00541012;90
-88.0993;0.0056381;90
-87.4934;0.00583058;90
-80.2699;0.0058045;90
-73.9955;0.00572698;90
-73.7114;0.00541224;90
-73.6053;0.00502741;90
-70.7898;0.00437035;90
-69.038;0.00436059;90
-68.7374;0.00270514;90
-94.7387;0.00152521;90
-105.554;0.00277461;90
-107.077;0.00342919;90
-107.497;0.00339927;90
-109.751;0.00289108;90
-107.84;0.00252648;90
-102.219;0.00589658;90
-98.5272;0.00879422;90
-98.8713;0.00811204;90
-98.0477;0.00825732;90
-102.243;0.00800711;90
-106.184;0.00764913;90
-105.891;0.00753808;90
-119.138;0.00630715;90
-121.466;0.00583152;90
-114.87;0.00648654;90
-113.071;0.00700745;90
-97.8423;0.00782721;90
-99.0921;0.00763189;90
-110.603;0.00679459;90
-112;0.00669231;90
-112.08;0.00615866;90
-105.516;0.00586161;90
-99.8283;0.0057646;90
-96.5651;0.00663853;90
-97.5037;0.00266482;90
-105.067;0.00668997;90
-117.73;0.00532115;90
-118.636;0.00472835;90
-118.658;0.00390544;90
-119.084;0.00380589;90
-118.511;0.00550569;90
-114.449;0.000968878;90
-115.365;0.00486943;90
-95.5846;0.00470634;90
-97.3248;0.00565515;90
-106.44;0.00737448;90
-126.101;0.00569071;90
-118.406;0.00521944;90
-95.754;0.00525648;90
-80.509;0.00460301;90
-67.3358;0.00477254;90
-78.1699;0.00669725;90
-73.5621;0.00535383;90
-76.2846;0.00576128;90
-82.4193;0.00569275;90
-69.6996;0.005168;90
-71.0377;0.00522241;90
-83.2782;0.00613417;90
-78.3597;0.00544192;90
-67.1099;0.00531667;90
-82.2294;0.00572457;90
-104.45;0.00571477;90
-106.455;0.00814773;90
-94.387;0.00753006;90
-82.6646;0.00746409;90
-84.6903;0.00742386;90
-83.3483;0.00668198;90
-83.2568;0.00562088;90
-87.6152;0.0040375;90
-94.7092;0.00506711;90
-93.6387;0.00126054;90
-109.402;0.018983;90
-160.431;0.00370818;90
164.942;0.00390302;90
-140.701;0.00466239;90
-142.532;0.00511408;90
-151.859;0.00546389;90
-151.614;0.00499566;90
-156.531;0.00472813;90
-158.061;0.00480711;90
-131.693;0.00606789;90
-114.477;0.00780772;90
-100.601;0.00941469;90
-96.4409;0.00942247;90
-112.689;0.00260023;90
126.208;0.0045013;90
-170.968;0.000656135;90
170.582;0.00213883;90
-146.863;0.00186776;90
-84.0929;0.00626728;90
-79.9446;0.0044788;90
-80.9117;0.00226645;90
-80.9142;0.00505341;90
-83.1907;0.00578581;90
-85.0165;0.00469675;90
-82.8726;0.00606083;90
-83.1586;0.00506204;90
-77.0516;0.00343638;90
-79.3639;0.00320201;90
-65.9377;0.00303142;90
-51.0847;0.00210134;90
-67.733;0.00187373;90
121.485;0.00596051;90
97.0911;0.00272182;90
102.088;0.00293201;90
102.525;0.00323704;90
96.4196;0.00446298;90
97.2131;0.00443611;90
94.7239;0.00431064;90
98.7141;0.00448173;90
94.8346;0.00475793;90
101.617;0.00337207;90
88.6902;0.00166243;90
23.0127;0.00133526;90
-5.96056;0.000866686;90
-77.2707;0.00325398;90
-83.4484;0.00454871;90
-80.5641;0.00462964;90
-87.2458;0.00547332;90
-73.6634;0.00470704;90
-80.594;0.00485224;90
-64.5405;0.00387091;90
-69.7922;0.00413982;90
-66.7073;0.00391727;90
-81.2097;0.00444319;90
-83.359;0.00481632;90
-82.8716;0.00415008;90
-73.8072;0.00146304;90
-95.3195;0.00559811;90
-91.7841;0.00674527;90
-80.9603;0.00728751;90
-72.8455;0.0067503;90
-82.1536;0.00762539;90
-87.4685;0.00735818;90
-87.4512;0.00856748;90
-89.7001;0.00802411;90
-99.0361;0.00760235;90
-108.663;0.00730618;90
-110.043;0.00737892;90
-106.555;0.00763342;90
-100.88;0.00810061;90
-110.568;0.00574415;90
-146.015;0.00361198;90
-153.195;0.00330404;90
-123.089;0.00465253;90
-131.922;0.00254147;90
-115.892;0.00392278;90
-93.9593;0.0106013;90
-88.4234;0.0363087;90
-77.7378;0.00470842;90
-79.6287;0.00470487;90
-50.8655;0.00348732;90
-80.9078;0.0046322;90
-77.5559;0.00366613;90
-99.0727;0.00309472;90
-106.792;0.00112497;90
140.129;0.00112314;90
139.524;0.00144346;90
139.285;0.00158056;90
135.125;0.00129825;90
122.324;0.00104729;90
116.96;0.00110285;90
136.499;0.00116217;90
120.474;0.00108254;90
-52.7027;0.00557636;90
-42.8519;0.000999844;90
-41.6658;0.00117933;90
-40.3243;0.00130116;90
-19.8098;0.000790797;90
84.9031;0.0030842;90
96.8349;0.0051929;90
92.973;0.00212085;90
115.452;0.00338336;90
107.631;0.00710159;90
99.347;0.00187793;90
115.508;0.00385474;90
107.551;0.00455296;90
92.5941;0.00523637;90
88.7101;0.0101726;90
84.1541;0.00273925;90
85.2324;0.0107803;90
82.969;0.0026469;90
85.247;0.00985991;90
70.7354;0.00414934;90
44.8372;0.00398103;90
52.5163;0.00160549;90
30.047;0.00557407;90
45.6896;0.00146877;90
56.8938;0.00361961;90
78.0588;0.00622981;90
78.8157;0.00670738;90
71.5164;0.0066996;90
69.6917;0.00725498;90
72.1697;0.00650232;90
80.4079;0.0068954;90
90.5926;0.0136337;90
91.4025;0.00236971;90
92.3883;0.00595117;90
94.0761;0.00728743;90
104.038;0.00673206;90
104.726;0.00727805;90
92.911;0.00706912;90
85.4887;0.0061661;90
89.5361;0.00321111;90
98.196;0.00553453;90
95.7332;0.00176181;90
97.1078;0.00329734;90
100.599;0.00391988;90
114.015;0.00331714;90
111.199;0.0035674;90
113.856;0.0030561;90
108.455;0.00358855;90
99.811;0.00367373;90
104.427;0.00333931;90
95.9832;0.00336734;90
91.7047;0.00369764;90
97.4589;0.00323538;90
99.6699;0.00372087;90
99.4247;0.0037557;90
148.818;0.00112795;90
-158.495;0.00143489;90
-92.8452;0.00199446;90
-74.6526;0.00272415;90
-85.6701;0.0043444;90
-80.9269;0.00435651;90
-84.5453;0.00320853;90
-84.14;0.00362394;90
-83.8995;0.00419677;90
-82.7422;0.00422687;90
-76.9305;0.00447081;90
-80.7829;0.00326516;90
-62.7854;0.00189362;90
-51.6763;0.00162392;90
-49.2841;0.00119269;90
-66.7205;0.00102222;90
-82.9527;0.00594189;90
-95.6932;0.00131046;90
-69.831;0.00131674;90
-83.0664;0.00107688;90
-62.9338;0.001534;90
115.176;0.00132817;90
107.324;0.00179335;90
97.0041;0.00105789;90
91.5817;0.0023549;90
75.7547;0.000930615;90
97.7466;0.00166923;90
107.776;0.00167707;90
104.643;0.00109972;90
120.156;0.00131381;90
-70.2893;0.00149138;90
-59.0471;0.000906027;90
111.298;0.0018171;90
147.744;0.000509652;90
137.795;0.00211677;90
108.876;0.00110968;90
99.8827;0.00275589;90
102.83;0.00164815;90
101.615;0.00335265;90
97.4021;0.00420706;90
96.5609;0.00791181;90
94.5952;0.00161018;90
99.8724;0.00222799;90
96.6915;0.0100495;90
98.9038;0.00160231;90
98.7679;0.00100373;90
50.5693;0.00136977;90
38.1164;0.00149855;90
93.1226;0.00405702;90
87.9736;0.00517524;90
85.2178;0.00128347;90
-34.9575;0.00176798;90
-50.6676;0.00365878;90
77.8455;0.00194255;90
83.9915;0.0118079;90
78.8584;0.00681036;90
69.4342;0.00615742;90
56.6846;0.00513247;90
41.5315;0.00433614;90
20.545;0.00365871;90
20.8584;0.00392632;90
28.5692;0.00387479;90
28.3861;0.00395447;90
28.2389;0.00388884;90
32.7059;0.00387543;90
51.0465;0.00441712;90
-0.34548;0.00315106;90
-14.1161;0.00330479;90
39.3071;0.0040917;90
63.1423;0.004728;90
60.6016;0.00330224;90
76.5122;0.00392732;90
81.7427;0.00382263;90
83.7154;0.00295979;90
83.1783;0.0030224;90
88.1599;0.00295853;90
93.4047;0.00351921;90
96.2857;0.00418315;90
96.6447;0.0047791;90
95.7183;0.00516872;90
96.2804;0.00582295;90
96.2928;0.00640459;90
89.2602;0.00650554;90
74.8138;0.00598189;90
73.4546;0.00684752;90
87.9011;0.00696267;90
111.833;0.00615227;90
102.073;0.0066603;90
98.279;0.00696559;90
110.099;0.00505166;90
109.096;0.00446575;90
99.7468;0.00711774;90
105.402;0.00708235;90
101.896;0.00681127;90
108.688;0.00558337;90
104.978;0.00457338;90
88.5462;0.00508464;90
70.6539;0.00429555;90
53.9669;0.00367019;90
53.5193;0.0043579;90
71.3377;0.00613771;90
83.2052;0.00602633;90
83.1813;0.00491879;90
71.0844;0.00426005;90
61.4492;0.00252962;90
60.992;0.00346234;90
61.2668;0.00465749;90
61.605;0.00473349;90
61.0698;0.00491996;90
63.1268;0.00557057;90
74.8735;0.00597813;90
82.6022;0.00625204;90
82.2444;0.00644697;90
77.3042;0.00643841;90
70.8194;0.0060022;90
66.5609;0.00572435;90
69.1876;0.005885;90
71.1863;0.00636296;90
83.9588;0.00670825;90
81.6044;0.00668463;90
66.8196;0.0057872;90
64.769;0.00551295;90
62.7244;0.00540946;90
54.4678;0.00483172;90
67.7322;0.00565795;90
73.9385;0.006712;90
73.926;0.00624099;90
76.0136;0.00585869;90
81.0902;0.00625649;90
81.4525;0.00692997;90
81.1107;0.00693733;90
81.4786;0.00668783;90
79.0329;0.00626034;90
74.0159;0.00203362;90
73.7258;0.00098132;90
69.8734;0.00313866;90
72.6579;0.00402916;90
73.5197;0.0029575;90
-106.091;0.00453882;90
-108.439;0.00429342;90
-108.169;0.00217757;90
133.67;0.00243735;90
133.049;0.00307345;90
133.783;0.00336305;90
142.582;0.00351536;90
171.831;0.00291356;90
-176.991;0.00272376;90
-176.021;0.00305536;90
-168.115;0.00336003;90
-170.456;0.00184554;90
96.0624;0.00505628;90
95.3198;0.00662252;90
93.2026;0.00655123;90
87.5667;0.00645382;90
86.8748;0.00616317;90
91.7055;0.00510726;90
91.5426;0.00553501;90
79.0478;0.00584241;90
76.9068;0.00579156;90
98.1865;0.00546368;90
96.276;0.00621123;90
92.4055;0.00536072;90
70.8841;0.00335288;90
55.5388;0.00255546;90
56.9612;0.00305022;90
68.8175;0.00471025;90
69.5559;0.00419418;90
77.9705;0.00490368;90
79.9004;0.00506956;90
91.0276;0.00512983;90
120.192;0.00426333;90
126.753;0.00413121;90
126.975;0.00445741;90
126.828;0.0043726;90
126.827;0.0047798;90
111.194;0.00581426;90
95.538;0.00667315;90
96.8341;0.00657169;90
96.3671;0.00657355;90
96.471;0.00653061;90
96.8714;0.00596787;90
85.1274;0.00615725;90
94.4739;0.00625606;90
98.6202;0.0063649;90
102.633;0.00549605;90
94.5068;0.00650311;90
95.032;0.00673797;90
90.0438;0.005232;90
97.0461;0.00351354;90
110.178;0.00486457;90
105.183;0.00520052;90
114.917;0.00440061;90
112.288;0.00495954;90
110.189;0.00491712;90
100.191;0.00428968;90
103.331;0.00494834;90
103.455;0.00542798;90
102.944;0.00629907;90
97.337;0.00546575;90
97.3005;0.00558729;90
93.1277;0.00432544;90
134.2;0.00354578;90
127.766;0.00335221;90
119.041;0.0020497;90
118.456;0.00445981;90
124.265;0.0038684;90
113.356;0.00258806;90
123.548;0.00425956;90
138.397;0.00316279;90
122.157;0.00364874;90
113.817;0.00220148;90
109.644;0.00406032;90
118.093;0.00360582;90
176.703;0.000626036;90
114.042;0.00394198;90
116.055;0.00477643;90
115.307;0.00447992;90
97.0089;0.00263066;90
117.242;0.0012496;90
141.452;0.00160469;90
128.416;0.00268278;90
124.358;0.00261531;90
127.444;0.00221551;90
122.759;0.00315833;90
104.841;0.00348631;90
129.889;0.00175424;90
128.803;0.00231872;90
126.089;0.00204059;90
128.057;0.00225809;90
122.534;0.00218485;90
117.422;0.00298996;90
118.506;0.00287902;90
117.494;0.00234594;90
133.179;0.0021804;90
139.372;0.00252323;90
126.69;0.00299421;90
133.875;0.00252061;90
-43.2133;0.00278948;90
-57.1308;0.00141324;90
-48.8028;0.00287861;90
-38.4844;0.00219347;90
-61.1312;0.00419423;90
-42.2944;0.000928759;90
73.3171;0.00303056;90
71.522;0.00378936;90
72.5684;0.00251028;90
-2.90237;0.000572735;90
-55.0436;0.00316256;90
-55.293;0.00550072;90
-55.9033;0.00457195;90
-55.7554;0.00315251;90
-53.2609;0.00271661;90
-53.9995;0.00516679;90
-54.6539;0.0050768;90
47.7994;0.0013175;90
76.8445;0.00702127;90
75.7446;0.00754534;90
75.0867;0.00714569;90
74.8228;0.00735659;90
81.199;0.00810442;90
82.8679;0.00798982;90
78.5354;0.0078486;90
71.7728;0.00697603;90
59.8035;0.00632646;90
55.1081;0.00558012;90
59.6878;0.00606287;90
61.9531;0.00631229;90
65.1785;0.0063055;90
66.5499;0.0064606;90
67.7018;0.00608287;90
62.3828;0.00538223;90
35.198;0.00421579;90
15.8875;0.00421189;90
4.69166;0.00780014;90
14.1008;0.00150639;90
32.106;0.00326066;90
56.0009;0.00575843;90
46.4493;0.003299;90
43.0246;0.0065234;90
54.2135;0.00570142;90
57.0324;0.00589527;90
51.5795;0.00579472;90
48.5527;0.00513498;90
46.2967;0.00487463;90
49.55;0.00533922;90
48.901;0.00502007;90
52.7997;0.0100248;90
42.9573;0.00214248;90
33.7072;0.00371926;90
59.7636;0.00493081;90
55.9801;0.00438442;90
18.2515;0.00404868;90
17.2532;0.00369527;90
33.1216;0.0024322;90
39.785;0.00249723;90
-3.95234;0.00303221;90
-37.1847;0.00174723;90
-77.9321;0.00372124;90
-23.3407;0.00248866;90
24.7101;0.00338494;90
-6.82231;0.00211296;90
-29.3823;0.00382159;90
-29.7111;0.00315358;90
-63.3159;0.00193733;90
-76.3934;0.00679264;90
-82.6404;0.00178773;90
-83.9192;0.00363445;90
-84.0577;0.00391202;90
92.3909;0.00431476;90
95.2066;0.00213782;90
91.785;0.0033066;90
102.779;0.00424515;90
118.542;0.00241102;90
-8.9563;0.000912121;90
132.114;0.000603928;90
-104.979;0.00107555;90
-57.4719;0.0028584;90
-83.8378;0.00465791;90
-88.3385;0.00776026;90
-92.27;0.00222174;90
-95.2231;0.00397651;90
-109.372;0.00346094;90
-59.3831;0.00118988;90
-46.5208;0.00191835;90
99.8975;0.00519532;90
81.717;0.00259608;90
77.9296;0.00263015;90
89.1937;0.00270027;90
96.3209;0.00623993;90
93.4888;0.00387819;90
111.826;0.00306899;90
116.664;0.00283892;90
140.468;0.0022262;90
156.507;0.00278702;90
138.687;0.00152839;90
92.9404;0.00311911;90
82.2532;0.00266331;90
-58.3999;0.00152866;90
-69.9739;0.00193606;90
-59.9279;0.000738391;90
121.89;0.000944566;90
106.59;0.00155159;90
99.2287;0.00528136;90
111.499;0.00154983;90
101.834;0.00182376;90
132.149;0.00139331;90
129.673;0.00138626;90
127.136;0.00250123;90
69.1287;0.00151009;90
76.6603;0.00251382;90
77.254;0.00183112;90
131.084;0.00195689;90
132.789;0.00186957;90
121.202;0.00279888;90
95.6302;0.00163087;90
54.3477;0.00296467;90
66.6483;0.00186692;90
68.8976;0.00272472;90
105.954;0.00180451;90
101.997;0.0017993;90
66.5134;0.00114921;90
-83.7963;0.00472869;90
-111.555;0.00298044;90
-116.042;0.00191102;90
-127.133;0.00209222;90
-179.2;0.000931091;90
-81.4565;0.00290119;90
-80.6121;0.00215182;90
-105.834;0.000989547;90
-77.4925;0.00554561;90
-28.3537;0.000659067;90
-61.0612;0.000960992;90
-47.1979;0.000663754;90
-52.0651;0.00125902;90
-48.189;0.00171598;90
-63.6975;0.00117126;90
-107.342;0.00218743;90
-106.417;0.00155333;90
-106.194;0.0024346;90
-105.914;0.00123638;90
-105.473;0.00263137;90
-159.645;0.000500237;90
144.557;0.000562174;90
-68.4138;0.00341125;90
-3.91899;0.00210693;90
-18.1285;0.00195084;90
-31.5604;0.0024704;90
-27.556;0.00276688;90
-32.1475;0.00115392;90
-72.4184;0.00220815;90
-57.9255;0.00263643;90
-83.0047;0.00367032;90
-87.9719;0.00720551;90
-85.1154;0.00157372;90
-94.0724;0.00339357;90
-96.6857;0.00402839;90
-113.076;0.00276309;90
-42.3707;0.00103276;90
-39.2194;0.00115137;90
-52.8226;0.00108062;90
97.9081;0.0297489;90
-31.6307;0.000810386;90
-73.2882;0.00217695;90
-59.4043;0.00312391;90
-83.6773;0.00398625;90
-87.4762;0.00406494;90
-89.4781;0.00417217;90
-93.1259;0.00412614;90
-99.0706;0.00392002;90
-109.617;0.00219224;90
-32.9911;0.00131862;90
-48.7829;0.00121108;90
149.609;0.00830986;90
-106.928;0.00129825;90
-92.1353;0.00327427;90
-86.9265;0.00406585;90
-88.1441;0.00222317;90
-35.9393;0.00124376;90
122.389;0.00155134;90
96.8738;0.00124495;90
93.8903;0.00535033;90
84.0286;0.00319132;90
77.2454;0.00255915;90
-28.8751;0.00105404;90
-45.5452;0.00334406;90
-35.8831;0.0020439;90
69.5318;0.00282538;90
84.4282;0.00361508;90
86.2885;0.00393926;90
91.3684;0.00397813;90
93.0636;0.003499;90
97.4681;0.00437007;90
122.726;0.00319636;90
109.095;0.00200533;90
151.081;0.00262423;90
148.974;0.0023864;90
113.872;0.00185575;90
91.641;0.00331736;90
60.2158;0.00126627;90
-69.0392;0.00203785;90
-78.365;0.00120986;90
-107.396;0.00266908;90
-36.0867;0.00191678;90
-31.1768;0.00189113;90
-27.7192;0.00115449;90
-30.0809;0.000634449;90
-34.7668;0.00247967;90
-40.8957;0.00232173;90
-54.0476;0.00224829;90
-63.8362;0.00402323;90
-68.9162;0.00133433;90
-77.6937;0.0024022;90
-74.9812;0.00291352;90
-123.621;0.00115766;90
-139.548;0.00116828;90
-119.944;0.00121406;90
-133.529;0.00104686;90
50.5799;0.00407243;90
-43.5666;0.000763207;90
-77.056;0.00356253;90
-109.624;0.00388569;90
88.031;0.00200819;90
-55.3202;0.00353258;90
-140.722;0.000709226;90
145.867;0.000645136;90
-179.651;0.000657012;90
112.722;0.00107439;90
-153.381;0.00142616;90
-155.032;0.00232641;90
165.107;0.00192983;90
152.132;0.000924182;90
-104.409;0.00387798;90
-9.22316;0.000630147;90
-23.0423;0.00062594;90
-61.9786;0.00105577;90
-27.3917;0.000712933;90
54.4339;0.00374457;90
60.0393;0.00118541;90
41.8589;0.0011614;90
114.092;0.00170995;90
110.254;0.00166388;90
107.326;0.00135655;90
109.764;0.00104984;90
100.021;0.00183905;90
81.6027;0.00148593;90
92.4628;0.00176863;90
103.225;0.00123269;90
139.124;0.000747226;90
156.498;0.000719701;90
117.933;0.00099265;90
105.041;0.00117527;90
93.8065;0.00150632;90
94.655;0.00205779;90
110.112;0.00155587;90
116.044;0.00186764;90
116.766;0.00153216;90
122.165;0.000989936;90
158.336;0.00100499;90
99.3288;0.00162246;90
101.775;0.00181315;90
92.1267;0.00226356;90
86.3618;0.00173349;90
125.198;0.00152845;90
134.314;0.00129976;90
130.455;0.0012761;90
135.645;0.000879697;90
139.011;0.00104129;90
126.61;0.00127941;90
152.921;0.000847951;90
116.918;0.00130544;90
135.746;0.000868401;90
102.933;0.00110811;90
45.4142;0.000880371;90
-64.7371;0.0156055;90
-83.5471;0.00145925;90
-62.1388;0.00140372;90
-30.8405;0.00111577;90
-73.1199;0.00145677;90
-55.7284;0.000983811;90
-58.4911;0.00102749;90
-69.0668;0.00126232;90
-83.4711;0.00160944;90
-85.4555;0.00162812;90
-84.8524;0.0016607;90
-89.916;0.002727;90
-86.6249;0.00193636;90
-87.7997;0.00289113;90
-97.557;0.00171086;90
-95.5402;0.0013051;90
-95.257;0.00124423;90
-96.4678;0.00203294;90
-119.008;0.00166828;90
-102.723;0.00147112;90
-45.7197;0.00129481;90
-52.9922;0.000747602;90
-32.7995;0.000803026;90
113.886;0.00371191;90
76.1223;0.00324368;90
86.3689;0.00391586;90
88.2517;0.00399886;90
91.7739;0.00368276;90
94.8055;0.0036408;90
103.444;0.00338064;90
126.746;0.00240361;90
101.041;0.00129497;90
14.7423;0.00224387;90
49.0346;0.0030552;90
6.34019;0.00224574;90
-61.0725;0.0037213;90
31.8925;0.0018833;90
66.6878;0.00410622;90
87.4986;0.005247;90
103.673;0.00489059;90
104.469;0.00539099;90
104.66;0.00581635;90
109.95;0.00551283;90
125.602;0.00390616;90
145.985;0.00176259;90
75.3411;0.00158458;90
-38.4705;0.00189034;90
66.232;0.00227276;90
76.874;0.00254961;90
91.0213;0.00235637;90
90;0.002824;90
76.1422;0.00264705;90
91.4298;0.00184357;90
78.6572;0.00170837;90
87.4805;0.00191085;90
66.2323;0.00265738;90
77.3347;0.00296002;90
-103.733;0.00440184;90
-112.102;0.00180461;90
-103.511;0.0013226;90
-88.1511;0.00142574;90
-86.1663;0.00136105;90
-100.251;0.00428744;90
-96.9068;0.00117251;90
-81.3636;0.00289685;90
-105.877;0.00298279;90
-121.703;0.00243188;90
150.425;0.00200987;90
-61.2289;0.00202156;90
-50.9272;0.00474531;90
-69.2459;0.00507962;90
-75.8639;0.00584293;90
-75.4975;0.00610967;90
-77.5259;0.00579172;90
-94.7379;0.00535129;90
-116.25;0.00422802;90
-174.497;0.0013452;90
115.639;0.00390334;90
-172.2;0.00221045;90
-133.667;0.00340352;90
-164.46;0.00195963;90
-60.1584;0.00301244;90
-77.3035;0.00407668;90
-87.1687;0.00441339;90
-88.9989;0.0045787;90
-94.0675;0.00473693;90
-99.8;0.00410084;90
-101.497;0.00210218;90
-19.4147;0.00112815;90
-56.4935;0.00129884;90
46.5178;0.000720795;90
-95.0242;0.00578924;90
-94.6273;0.00132632;90
-91.0074;0.0013082;90
-118.76;0.00103919;90
-111.442;0.00159757;90
-114.343;0.00172978;90
-79.8954;0.00130525;90
-78.4111;0.00132909;90
177.992;0.000599368;90
-127.342;0.000849029;90
-124.797;0.00134928;90
-125.26;0.000647856;90
-64.0238;0.00143608;90
-61.9835;0.001024;90
-67.2011;0.00128001;90
19.1504;0.000658438;90
-16.4082;0.00103724;90
-97.9942;0.00101385;90
-21.545;0.00103749;90
-51.7001;0.00121818;90
4.01732;0.00095635;90
-11.7858;0.00120439;90
27.341;0.00138694;90
-28.823;0.00144159;90
-29.6455;0.00121505;90
-43.0534;0.001478;90
-53.6238;0.00148546;90
-85.1406;0.00188879;90
-93.4171;0.00318767;90
-84.1873;0.00161933;90
-79.0791;0.00153072;90
-100.37;0.00125551;90
-70.2399;0.00155879;90
-82.8108;0.00155019;90
-45.1008;0.00120562;90
-22.2797;0.00117902;90
73.0629;0.00124605;90
82.3392;0.00183034;90
93.5844;0.00177547;90
102.973;0.00198671;90
84.5681;0.0022501;90
104.823;0.0013251;90
133.288;0.000923186;90
121.024;0.00146683;90
150.142;0.0013237;90
122.656;0.00142886;90
125.765;0.00149368;90
148.575;0.00117189;90
134.645;0.00125372;90
135.43;0.00122545;90
139.824;0.00116875;90
164.967;0.00112966;90
127.642;0.0010987;90
135.237;0.000854899;90
122.09;0.00178822;90
141.4;0.00135122;90
95.1944;0.00248521;90
102.801;0.00349793;90
62.7823;0.00094234;90
61.0203;0.00156037;90
78.9982;0.000875083;90
82.0066;0.00148139;90
86.2842;0.00135785;90
59.1257;0.00142841;90
58.6386;0.00071671;90
79.6163;0.000909902;90
106.401;0.000864163;90
119.466;0.00132545;90
98.5705;0.00719333;90
89.705;0.00155402;90
79.6136;0.0019469;90
86.2765;0.00252533;90
93.7567;0.00285413;90
97.0351;0.00221266;90
90.954;0.00456463;90
114.264;0.0056918;90
94.7099;0.00097429;90
145.146;0.00464408;90
156.013;0.00117333;90
141.081;0.000827729;90
95.3419;0.0032009;90
78.5293;0.00272544;90
-58.8163;0.00205491;90
-63.3471;0.00204198;90
-173.515;0.000610909;90
-150.789;0.00170481;90
-91.339;0.000984269;90
-165.622;0.00142153;90
176.324;0.0020903;90
-178.278;0.00139763;90
-151.379;0.00209386;90
175.541;0.0013892;90
118.355;0.00336469;90
-117.78;0.00158126;90
79.32;0.00239041;90
72.5651;0.00367797;90
68.2194;0.00204822;90
75.702;0.0014334;90
80.3973;0.00208015;90
73.8355;0.000933921;90
81.2569;0.00140128;90
77.0777;0.0012476;90
93.672;0.00732303;90
104.031;0.00258203;90
-65.6827;0.0108211;90
-51.9618;0.00132428;90
-46.0989;0.00136426;90
-51.0235;0.00175198;90
-88.9391;0.00189032;90
-68.9518;0.00192118;90
-59.7036;0.00113385;90
-106.608;0.00205368;90
-55.7639;0.00139708;90
-73.7326;0.00190632;90
-122.609;0.00271852;90
-48.5626;0.00128588;90
-30.9567;0.00279748;90
-19.3793;0.00172684;90
-41.3039;0.000548441;90
-79.9617;0.00174979;90
-58.2894;0.00218405;90
-70.5558;0.00301602;90
-87.1777;0.00635671;90
-84.7212;0.00178256;90
-94.1063;0.0025696;90
-94.3295;0.00463623;90
-103.113;0.00571707;90
-15.1634;0.00049317;90
-36.4806;0.00088302;90
-45.5058;0.00112152;90
-37.0928;0.000616805;90
-78.7547;0.0225938;90
97.5794;0.00323728;90
84.7785;0.00134056;90
105.601;0.00500853;90
99.8494;0.00104642;90
122.424;0.000740428;90
99.4323;0.00188549;90
166.565;0.000878027;90
114.95;0.00082499;90
117.459;0.00103229;90
117.106;0.00108857;90
101.715;0.00122144;90
74.0844;0.00105754;90
83.5605;0.00350411;90
133.127;0.00787431;90
135.564;0.00193969;90
134.008;0.00351343;90
130.26;0.00308079;90
121.206;0.00365364;90
121.391;0.00349215;90
139.178;0.00351376;90
102.28;0.00094973;90
89.0294;0.00448664;90
92.1044;0.00520151;90
84.2358;0.00202122;90
100.251;0.00495611;90
70.2753;0.00168592;90
78.8199;0.00432712;90
56.5775;0.000831505;90
74.7148;0.00150214;90
127.321;0.00203206;90
128.256;0.00188475;90
95.9422;0.0168365;90
111.207;0.0295908;90
106.248;0.0057684;90
49.3508;0.00376559;90
30.4295;0.00209683;90
12.2623;0.00100288;90
19.0885;0.00166347;90
-42.1416;0.00151722;90
-84.4647;0.00143067;90
-78.6271;0.00321003;90
-79.699;0.00400963;90
-77.8914;0.00403784;90
-70.0866;0.00182619;90
-79.8595;0.00305573;90
-79.0249;0.00258427;90
-78.9347;0.00473095;90
-77.8219;0.00542304;90
-78.3621;0.005448;90
-79.009;0.00412262;90
-75.6963;0.00254592;90
-75.956;0.00179258;90
-93.6156;0.00309215;90
-87.7706;0.00804609;90
-102.345;0.00219372;90
-107.456;0.00170345;90
-100.93;0.00189335;90
-105.281;0.00287982;90
-105.707;0.00243803;90
-89.1165;0.00246429;90
-75.9018;0.00269312;90
-89.5105;0.00491618;90
-89.403;0.00518228;90
-73.7601;0.00203104;90
-34.8048;0.00208135;90
-57.2694;0.00376001;90
-61.4409;0.00383002;90
-50.3977;0.00346534;90
-45.8848;0.00297657;90
-48.0877;0.00443717;90
-43.0596;0.00250601;90
-39.4205;0.00135274;90
-49.1091;0.00135193;90
99.805;0.00508528;90
-25.5112;0.000875345;90
-12.1428;0.00191586;90
34.6281;0.00372725;90
18.2596;0.000826623;90
67.5485;0.00248755;90
103.387;0.00372316;90
169.075;0.00142992;90
-136.517;0.000640863;90
-121.978;0.0013463;90
-144.35;0.000826987;90
41.5526;0.000999536;90
52.9373;0.00136721;90
49.7557;0.00168873;90
100.958;0.00431366;90
100.926;0.00128734;90
106.538;0.00281755;90
122.957;0.00286027;90
132.728;0.00247894;90
138.336;0.00217521;90
-168.53;0.0011214;90
113.118;0.00148744;90
151.444;0.00177606;90
149.065;0.00238297;90
153.577;0.00180228;90
95.0863;0.00378992;90
78.3937;0.00253993;90
-67.0354;0.00212219;90
-74.0632;0.00183555;90
-101.849;0.00308779;90
-29.003;0.00161904;90
-36.1308;0.0024032;90
-15.1341;0.0023671;90
44.421;0.00286888;90
35.7267;0.00239588;90
-37.392;0.00280932;90
-64.1689;0.00247866;90
-95.1842;0.00101817;90
168.653;0.00778111;90
-150.657;0.000867272;90
-0.680325;0.00117908;90
-133.709;0.00100435;90
-59.8559;0.00290137;90
-78.6725;0.00446498;90
-91.2912;0.00741088;90
-86.5058;0.00187048;90
-93.7551;0.00413788;90
-100.931;0.00370217;90
-106.152;0.00160328;90
-35.6667;0.000981016;90
-46.7867;0.00158752;90
136.61;0.00556359;90
133.247;0.00307382;90
132.549;0.00289401;90
131.365;0.00282208;90
127.592;0.0025392;90
119.7;0.00314862;90
122.92;0.0030747;90
134.161;0.00231673;90
168.027;0.00101713;90
88.7356;0.00308175;90
90.3328;0.00327106;90
91.0495;0.00289349;90
91.4505;0.00272587;90
101.892;0.00266418;90
107.094;0.000959382;90
125.904;0.00229013;90
172.862;0.00276039;90
-134.15;0.00257415;90
-153.312;0.00228884;90
-158.88;0.00392142;90
-165.182;0.00385522;90
-126.335;0.00533663;90
-124.262;0.00575336;90
-141.231;0.00467757;90
-128.184;0.0053382;90
-129.199;0.00522612;90
-129.839;0.00522762;90
-130.125;0.00520901;90
-128.186;0.00522638;90
-132.992;0.00508581;90
-130.212;0.00519343;90
-123.156;0.00601182;90
-129.707;0.00545809;90
-136.809;0.00510644;90
-131.188;0.00538168;90
-122.798;0.006022;90
-159.018;0.00433439;90
-178.02;0.00416849;90
-178.599;0.00413223;90
-160.884;0.00433611;90
-129.067;0.00593756;90
-113.08;0.00687968;90
-112.811;0.00699512;90
-114.382;0.00682138;90
-116.306;0.00663627;90
-121.362;0.00619279;90
-125.796;0.00581802;90
-117.398;0.00643251;90
-108.725;0.00736694;90
-101.357;0.00838926;90
-96.7915;0.00816026;90
-99.8122;0.00796857;90
-105.089;0.00731417;90
-106.424;0.00740619;90
-103.376;0.00631532;90
-103.277;0.00444995;90
-103.587;0.00260079;90
-107.964;0.00577451;90
-111.032;0.00479546;90
-101.821;0.0027728;90
-69.0438;0.00496009;90
-62.8475;0.00519108;90
-62.6835;0.00368267;90
-52.1283;0.00303146;90
-67.6131;0.0045975;90
-77.8852;0.00180111;90
-113.883;0.0019117;90
-127.664;0.000880485;90
120.723;0.000777067;90
-107.949;0.00656133;90
130.934;0.00211391;90
145.796;0.00222721;90
-140.17;0.00212644;90
-128.813;0.00327388;90
-146.304;0.00287501;90
-128.189;0.00391744;90
-128.224;0.00318229;90
-94.6189;0.00345221;90
-168.896;0.0009294;90
89.0356;0.00249535;90
90.6828;0.000923066;90
-88.5355;0.00101733;90
-96.0169;0.00228961;90
161.489;0.0011906;90
168.503;0.00156541;90
-148.091;0.00132055;90
-21.0815;0.000842381;90
56.2547;0.0051773;90
48.8647;0.0084139;90
41.661;0.00138404;90
46.4096;0.00206962;90
-61.8214;0.000984708;90
40.3274;0.00399287;90
-16.3514;0.00203532;90
69.2578;0.00208943;90
92.2345;0.00379589;90
101.481;0.00144185;90
133.913;0.00104388;90
61.7814;0.00297566;90
90.9476;0.00411156;90
114.668;0.00918633;90
114.295;0.00203194;90
101.632;0.00296591;90
85.0113;0.00131097;90
65.9114;0.00424355;90
69.4666;0.00444756;90
74.2501;0.00326041;90
77.8365;0.00762211;90
75.3472;0.00784309;90
74.147;0.00791816;90
77.7931;0.00828123;90
82.1069;0.00841068;90
81.1987;0.00900605;90
73.3798;0.00798876;90
65.7185;0.00694761;90
55.3836;0.0062104;90
57.1306;0.00638997;90
62.6842;0.00679242;90
65.7418;0.00643301;90
67.2212;0.00809972;90
66.1304;0.00632389;90
53.2287;0.00685741;90
17.6173;0.00454307;90
0.871203;0.00440651;90
13.3209;0.00444869;90
26.0834;0.00478759;90
56.3022;0.00618047;90
45.6814;0.00541046;90
48.5079;0.00975372;90
56.4347;0.00254663;90
55.9254;0.00541344;90
52.7904;0.00600431;90
44.0317;0.00552329;90
48.2966;0.00571793;90
50.0685;0.0058828;90
55.8501;0.00604781;90
66.0554;0.00389304;90
97.5691;0.00400086;90
87.4924;0.00523401;90
96.4666;0.00535406;90
107.763;0.00533956;90
103.496;0.00501756;90
83.2986;0.00513307;90
57.8524;0.00384325;90
70.6125;0.00429876;90
88.432;0.00515293;90
66.7385;0.00418303;90
42.3798;0.00334104;90
11.0079;0.00252954;90
-25.6398;0.00852992;90
-31.961;0.00273925;90
-61.4643;0.00312116;90
-67.5568;0.00271894;90
-69.2628;0.00236951;90
62.6433;0.00255696;90
-117.734;0.00254204;90
-80.6401;0.00229962;90
-70.9194;0.00291834;90
-56.8593;0.00355773;90
-8.49065;0.000494419;90
-8.12426;0.00138692;90
-21.6099;0.00144453;90
-47.7222;0.00187595;90
-43.9415;0.00122492;90
-88.8848;0.000976185;90
-78.3612;0.00160602;90
-45.9207;0.00158412;90
-48.1078;0.00143471;90
-44.6845;0.00205488;90
72.4858;0.00202697;90
67.7478;0.00151049;90
-47.0439;0.00198257;90
-45.4129;0.0017664;90
-87.3339;0.00171986;90
-73.394;0.00188251;90
-71.1375;0.00199197;90
99.1972;0.00653805;90
134.08;0.00140874;90
129.525;0.00266806;90
-104.939;0.00192403;90
-105.321;0.00288763;90
133.759;0.00212253;90
145.96;0.000635976;90
125.655;0.00113225;90
-108.864;0.00109797;90
12.1715;0.000730419;90
104.315;0.00527788;90
87.601;0.00164844;90
89.2998;0.0081006;90
94.5072;0.00198514;90
101.71;0.0023305;90
86.7084;0.0013933;90
2.1162;0.000866591;90
47.9012;0.00156471;90
63.1263;0.00157735;90
64.4773;0.00307287;90
100.451;0.00221067;90
111.349;0.00202173;90
97.3456;0.00161122;90
71.5082;0.00127377;90
-95.0091;0.00125981;90
-73.0837;0.00318585;90
-80.3302;0.0018158;90
-105.918;0.000864135;90
-108.391;0.00247859;90
-123.323;0.00229179;90
-133.641;0.00178948;90
179.662;0.000508009;90
-90.715;0.00184314;90
-84.201;0.00264252;90
-86.4513;0.00155097;90
-81.1919;0.00478038;90
-56.9873;0.00107924;90
-42.5399;0.00143321;90
-40.5311;0.000707845;90
-50.3357;0.00150559;90
-51.4862;0.00177773;90
-47.1252;0.00146826;90
-56.8108;0.00155461;90
-95.4856;0.00179924;90
-53.4942;0.00169943;90
-104.37;0.00145863;90
-89.8809;0.001443;90
-66.9761;0.00167981;90
-72.7991;0.00167387;90
168.631;0.00171974;90
-82.9626;0.00243232;90
-65.7358;0.00100257;90
-27.0273;0.00205099;90
-24.9178;0.00185133;90
-35.5633;0.00156121;90
-78.6648;0.000890367;90
35.4056;0.000907896;90
-45.6676;0.00412696;90
-53.1215;0.0026578;90
-62.7614;0.00350014;90
-71.706;0.00398543;90
-79.9702;0.00273886;90
-127.43;0.00141167;90
-132.525;0.00245595;90
50.983;0.00358191;90
-82.0632;0.00217988;90
-78.3261;0.00426012;90
-132.316;0.000906091;90
110.753;0.00196981;90
-137.496;0.00917493;90
-78.7515;0.00109707;90
-37.5135;0.00101486;90
-38.2874;0.000865065;90
111.593;0.00383408;90
77.2463;0.00331581;90
85.6699;0.00384096;90
75.3819;0.000859833;90
64.6647;0.00075015;90
127.304;0.00068642;90
92.7385;0.00535812;90
93.564;0.0043434;90
111.176;0.00353789;90
116.891;0.00251383;90
63.0769;0.000715556;90
6.20671;0.00189611;90
50.5847;0.00291367;90
18.7795;0.00215576;90
-60.5828;0.00325348;90
-23.1338;0.00150937;90
59.5611;0.00393194;90
83.2337;0.00556778;90
102.484;0.00550515;90
104.735;0.00494979;90
104.514;0.00500781;90
106.817;0.00527457;90
119.447;0.00431436;90
134.489;0.00261852;90
112.251;0.00108802;90
56.0914;0.00101816;90
84.7376;0.00183172;90
-71.0837;0.0183691;90
-74.9108;0.00545094;90
-76.3333;0.0061666;90
-94.8712;0.0058411;90
-119.844;0.00538746;90
119.053;0.00397635;90
-177.05;0.00287581;90
-137.118;0.00371202;90
-140.129;0.00112314;90
-62.0981;0.00322037;90
-79.2524;0.00445617;90
-86.9298;0.00498516;90
-89.0425;0.00388954;90
51.1677;0.000881917;90
-107.589;0.00227013;90
-94.015;0.0038705;90
-104.961;0.00456681;90
-25.4536;0.000507236;90
-41.23;0.000978632;90
-46.3868;0.00113948;90
126.814;0.0004072;90
-75.3105;0.0120199;90
-62.7814;0.00117625;90
-68.9875;0.0075522;90
-55.2009;0.00128964;90
-59.625;0.00872922;90
-64.2972;0.00133732;90
-86.052;0.002106;90
-87.493;0.00384068;90
-135.567;0.000785634;90
-162.878;0.00109032;90
-139.28;0.00089061;90
49.4663;0.0037683;90
124.967;0.000759018;90
94.9943;0.0049508;90
122.631;0.00187493;90
119.875;0.00202165;90
118.741;0.00839981;90
98.0266;0.00219147;90
118.518;0.00177199;90
125.979;0.00140257;90
115.259;0.00716175;90
103.389;0.00163237;90
111.561;0.00207628;90
109.485;0.00348668;90
88.581;0.00109033;90
-36.4773;0.00148863;90
-46.528;0.00108721;90
-53.9083;0.000589054;90
118.31;0.00456727;90
48.128;0.00125699;90
80.4624;0.00287879;90
83.5214;0.00402369;90
94.5593;0.00700717;90
92.7325;0.001762;90
94.6673;0.0028635;90
111.907;0.00612424;90
152.574;0.00122014;90
154.666;0.00185323;90
153.844;0.00312834;90
158.472;0.00307125;90
-163.13;0.0049312;90
144.173;0.000714118;90
-97.878;0.00356767;90
-87.8229;0.00371168;90
-92.0653;0.00391254;90
-90.2515;0.00432804;90
-96.5314;0.00489678;90
-100.255;0.00488706;90
-96.9568;0.00506932;90
-93.1508;0.00493045;90
-89.4048;0.00442824;90
-86.5785;0.0040382;90
-100.41;0.00479289;90
-89.7863;0.00697205;90
-83.4414;0.00196989;90
-82.5382;0.00381934;90
-86.3329;0.00417455;90
-100.125;0.00581354;90
-98.6364;0.00480144;90
-99.9038;0.00509899;90
-96.7911;0.00938686;90
-102.299;0.00344098;90
-101.54;0.00512867;90
-115.143;0.00542279;90
-127.216;0.00469889;90
-139.561;0.00417951;90
-115.631;0.0049124;90
-95.0841;0.00616124;90
-93.2729;0.00621814;90
-108.965;0.00536314;90
-104.542;0.00580289;90
-99.6306;0.00627037;90
-109.002;0.00523636;90
-120.672;0.00336587;90
-107.953;0.00364971;90
-110.192;0.00475419;90
-127.653;0.00392057;90
-138.216;0.00331519;90
-126.879;0.0025428;90
-105.992;0.00455529;90
-102.198;0.00554212;90
-106.629;0.00625145;90
-118.571;0.00545532;90
-126.075;0.00513209;90
-129.419;0.00860812;90
-150.906;0.00141905;90
-140.326;0.002171;90
138.628;0.00225737;90
161.161;0.00354595;90
162.133;0.00334744;90
-179.198;0.00235723;90
-94.2638;0.00123742;90
-93.3673;0.00408605;90
-110.964;0.00443562;90
172.859;0.00538981;90
154.928;0.00163065;90
152.808;0.00347282;90
163.697;0.0050834;90
130.528;0.00354562;90
-179.748;0.00204502;90
-154.3;0.00136282;90
148.71;0.00183489;90
159.74;0.0035059;90
107.344;0.00104659;90
131.787;0.0024731;90
179.153;0.00101511;90
-106.263;0.0047136;90
-107.981;0.00479416;90
-106.268;0.00341992;90
0.942501;0.000851115;90
-45.0276;0.00146866;90
-85.9062;0.00400622;90
-91.3503;0.00390408;90
-105.361;0.00185735;90
83.8805;0.00504676;90
98.7737;0.00552667;90
171.37;0.000486508;90
-106.38;0.00228368;90
118.654;0.0010427;90
95.4792;0.00251348;90
104.47;0.00288553;90
119.957;0.00070291;90
134.572;0.00283841;90
129.569;0.00295128;90
131.235;0.00285368;90
130.014;0.00214783;90
134.719;0.00230944;90
109.716;0.00298499;90
-177.935;0.00102667;90
-114.02;0.00230677;90
-111.72;0.00261571;90
-109.79;0.00243374;90
-107.957;0.00318199;90
-114.032;0.00175076;90
-113.185;0.00107698;90
-113.782;0.00212767;90
124.056;0.001825;90
114.561;0.00214839;90
146.31;0.00126555;90
-110.659;0.00189057;90
56.8915;0.00218591;90
-24.4825;0.00172291;90
69.4597;0.00170435;90
114.926;0.00515848;90
90.2122;0.00216001;90
73.5058;0.00321219;90
53.8817;0.0023632;90
103.639;0.00150545;90
100.882;0.00167919;90
119.492;0.00120861;90
79.3159;0.00649968;90
-48.7619;0.0012394;90
-57.1707;0.00387724;90
-40.9428;0.00243856;90
-16.1906;0.002471;90
-44.326;0.00108195;90
-101.804;0.00290851;90
-84.7587;0.0053092;90
-57.1479;0.0013844;90
-44.8566;0.00169565;90
-48.7811;0.00261633;90
-48.3069;0.00295426;90
-48.3349;0.00543342;90
-68.5717;0.0013686;90
-76.9772;0.00259166;90
-84.8142;0.00240083;90
60.3412;0.00198046;90
12.5072;0.000863492;90
-86.7568;0.0084315;90
-100.617;0.00119953;90
90;0.003816;90
101.765;0.00602252;90
-108.448;0.00139994;90
-145.224;0.000980054;90
93.0621;0.00256466;90
109.167;0.00416063;90
130.187;0.00328691;90
134.2;0.00298782;90
131.344;0.00309423;90
130.446;0.00219968;90
119.546;0.00307831;90
110.367;0.00291633;90
109.721;0.00435334;90
179.367;0.00226214;90
-128.222;0.00255211;90
-120.525;0.0015022;90
108.223;0.00162131;90
108.759;0.00324012;90
74.3082;0.005742;90
-37.2091;0.000709412;90
-59.8424;0.00108484;90
-55.5761;0.00125594;90
-52.5107;0.00312678;90
-23.0902;0.00270794;90
-34.2614;0.00228076;90
-49.7847;0.00223801;90
-35.2144;0.00175153;90
-31.5729;0.00162916;90
-44.641;0.00225713;90
-23.3146;0.00233463;90
10.5063;0.00310404;90
-42.1792;0.00150867;90
-49.9;0.0026408;90
-88.9712;0.00105817;90
-106.96;0.00425088;90
-107.433;0.0046831;90
-106.125;0.00407949;90
-100.44;0.0021689;90
57.052;0.00152056;90
-18.9801;0.00139589;90
-85.5447;0.00481455;90
-93.3998;0.00514305;90
-39.9869;4.04599e-05;90
82.2819;0.00460169;90
109.995;0.00601562;90
-118.659;0.00140743;90
78.2108;0.00504134;90
71.3153;0.00152328;90
73.0917;0.00322857;90
72.166;0.00385946;90
74.8041;0.0019533;90
-2.60256;0.0004845;90
-48.005;0.00272469;90
-48.4389;0.00216907;90
-23.8701;0.0018262;90
-11.8608;0.00106065;90
-15.4993;0.000617454;90
-13.2348;0.0011444;90
7.07375;0.00194077;90
-24.3909;0.00214549;90
-40.9448;0.00198983;90
-30.1567;0.00219163;90
-19.9774;0.00343042;90
-30.617;0.00368351;90
-15.8276;0.00360778;90
7.94347;0.00321283;90
74.1717;0.0048395;90
102.192;0.000904399;90
82.4127;0.00361263;90
9.88456;0.00196314;90
-21.9548;0.00312136;90
-16.0268;0.00319103;90
-37.3212;0.00276769;90
32.4901;0.00162896;90
29.0662;0.00335103;90
53.9944;0.00772968;90
54.2872;0.00212943;90
54.2424;0.00454346;90
67.4586;0.00601016;90
74.6721;0.00565931;90
77.3542;0.00520732;90
72.9067;0.00401118;90
41.8443;0.00530498;90
50.6391;0.00135288;90
59.9802;0.00390367;90
72.4439;0.00451531;90
69.0958;0.00379478;90
58.2687;0.00403281;90
79.07;0.00618113;90
80.0283;0.00530717;90
72.6247;0.00449721;90
72.0495;0.00497412;90
86.6133;0.00548458;90
86.8425;0.00541021;90
73.9974;0.00426216;90
47.7819;0.00319069;90
38.0298;0.00318145;90
52.0278;0.00366988;90
59.7063;0.00431177;90
78.2249;0.00545888;90
77.7201;0.00546811;90
86.587;0.00505597;90
79.7738;0.00462446;90
79.6806;0.00529769;90
81.1689;0.00589488;90
83.1944;0.00520669;90
95.346;0.00400341;90
96.8161;0.00444038;90
91.0881;0.00621412;90
79.6015;0.0054739;90
94.548;0.00538496;90
85.5601;0.0058646;90
87.1009;0.00444869;90
82.494;0.00444005;90
80.5826;0.00503587;90
86.088;0.00641996;90
-11.0876;0.00161719;90
-55.0277;0.00261523;90
-55.2986;0.00292289;90
-62.9072;0.00262168;90
-53.2238;0.0031786;90
-46.7475;0.00352445;90
-45.6533;0.00390702;90
-48.9387;0.00302649;90
-31.0078;0.0013394;90
-46.0621;0.00129706;90
-53.0778;0.0008756;90
-60.6925;0.00211237;90
-104.957;0.00141805;90
-117.779;0.00185814;90
-78.0125;0.00134329;90
-72.7585;0.00167004;90
-58.2326;0.00117385;90
-63.3755;0.000861334;90
-61.2521;0.00119761;90
-59.9359;0.00115776;90
-51.9974;0.00110282;90
-60.6475;0.00237259;90
-78.2183;0.00104808;90
-67.2473;0.000995464;90
-66.9274;0.000895643;90
-65.9069;0.000756943;90
-57.425;0.001354;90
-63.91;0.000970934;90
-55.3988;0.000732574;90
-53.4572;0.000735612;90
-60.2455;0.000739495;90
-61.71;0.00108454;90
-63.2635;0.00119585;90
-57.4378;0.00101447;90
-61.9303;0.00119224;90
-67.7849;0.00149173;90
-72.9404;0.00117259;90
-76.3811;0.00166481;90
-97.1036;0.00132618;90
76.996;0.00137322;90
111.485;0.00117677;90
110.476;0.00134071;90
94.5864;0.00110052;90
122.128;0.00119027;90
114.812;0.000862631;90
119.338;0.00123889;90
119.604;0.000809701;90
112.211;0.000960255;90
133.749;0.000744761;90
118.245;0.000701533;90
118.361;0.000898894;90
123.593;0.00131575;90
109.882;0.000964486;90
130.95;0.000961237;90
110.741;0.0010137;90
116.249;0.000809469;90
100.697;0.00119069;90
104.751;0.00118609;90
111.65;0.000981218;90
159.228;0.000775403;90
125.636;0.00108645;90
121.285;0.00131524;90
122.788;0.000986102;90
119.851;0.00127173;90
106.942;0.00149279;90
110.148;0.00139645;90
77.2413;0.00440578;90
128.901;0.000705443;90
50.095;0.0022135;90
71.3111;0.00156977;90
72.0149;0.00157075;90
43.0199;0.00108464;90
81.0184;0.000999252;90
120.52;0.00128388;90
109.511;0.00156592;90
107.888;0.0015888;90
104.676;0.00176043;90
85.8952;0.00191391;90
92.7835;0.00181214;90
64.3125;0.001022;90
52.3578;0.00118711;90
50.5409;0.00116439;90
52.0611;0.00117921;90
-28.0203;0.00135594;90
-41.9359;0.000912766;90
37.5748;0.00112168;90
9.19607;0.000919822;90
85.7272;0.000872425;90
104.507;0.00144508;90
104.449;0.00134659;90
101.029;0.000998439;90
82.656;0.00152551;90
91.4203;0.00169452;90
87.0053;0.00116759;90
48.6125;0.0012569;90
81.8079;0.00104567;90
75.2202;0.00104663;90
77.9598;0.000953986;90
86.0435;0.00104349;90
78.2531;0.00131147;90
87.7094;0.00105084;90
102.734;0.00133381;90
92.6723;0.00186603;90
75.021;0.00147409;90
100.627;0.00144783;90
143.741;0.000544431;90
111.622;0.00136505;90
108.282;0.00201786;90
91.3485;0.00114732;90
102.116;0.000948119;90
118.72;0.00121325;90
101.93;0.000923957;90
103.589;0.0018004;90
112.189;0.00153574;90
101.27;0.00196999;90
98.2286;0.00106901;90
123.247;0.00121844;90
96.3264;0.0013794;90
112.898;0.000902088;90
119.671;0.00105653;90
93.569;0.00146184;90
90.9062;0.00170721;90
96.7395;0.00191725;90
100.578;0.00193386;90
110.14;0.00130692;90
85.9609;0.00140549;90
84.1569;0.000903695;90
85.9775;0.0023949;90
61.1892;0.000981493;90
64.3278;0.000860991;90
65.3197;0.0020668;90
75.1646;0.00165207;90
44.6379;0.00268565;90
90.2363;0.000970008;90
73.7471;0.00250824;90
82.1087;0.00139117;90
76.8702;0.000889247;90
-22.0887;0.00103712;90
65.4204;0.00143284;90
-64.1447;0.00140794;90
-141.227;0.000945322;90
142.139;0.00105256;90
-106.921;0.00108915;90
-164.077;0.00103158;90
83.0227;0.0015394;90
39.6738;0.000723666;90
122.448;0.00172774;90
127.394;0.00072123;90
150.182;0.000677726;90
141.561;0.000891134;90
107.843;0.00113247;90
104.857;0.000998379;90
127.209;0.00114762;90
-156.655;0.000668746;90
-131.59;0.000867742;90
-102.775;0.00103564;90
-100.584;0.00128486;90
-102.408;0.00108433;90
-74.2546;0.00098392;90
-94.1056;0.00101962;90
-99.7004;0.000949577;90
-103.675;0.00107858;90
-116.233;0.0009253;90
-142.502;0.000639038;90
27.4336;0.00303872;90
-78.8596;0.00205472;90
-99.8705;0.00313846;90
-144.189;0.00104938;90
-95.6641;0.00134758;90
-107.35;0.000935569;90
-106.787;0.00157199;90
-70.9954;0.00178108;90
-84.4679;0.00162859;90
-89.4622;0.00159807;90
-105.389;0.00176736;90
-100.627;0.00200641;90
-67.1749;0.00163178;90
-81.1519;0.00200891;90
-67.9224;0.00208055;90
-80.1506;0.00104642;90
-107.897;0.001178;90
-95.8098;0.00155097;90
-82.7631;0.00127012;90
-72.1348;0.001431;90
-81.0302;0.00315559;90
-88.8207;0.000923196;90
-87.2143;0.0022016;90
-106.348;0.00154548;90
-84.6297;0.00147447;90
-89.7385;0.00153402;90
-95.4235;0.00144949;90
-103.238;0.00113105;90
-105.123;0.00171334;90
-50.2194;0.00176448;90
-126.755;0.0013954;90
-114.941;0.00222444;90
-101.798;0.00179492;90
-168.66;0.000742496;90
-130.978;0.0010888;90
-121.551;0.00112183;90
-124.312;0.00104845;90
-149.412;0.000758555;90
-165.39;0.000654151;90
-104.418;0.00153019;90
-54.7288;0.00092476;90
-60.4142;0.000848649;90
-63.2789;0.000985215;90
-79.7242;0.00141266;90
-83.3439;0.00174275;90
-87.9119;0.00186624;90
-86.7546;0.00169572;90
-88.1267;0.001866;90
-88.9196;0.00201536;90
-85.1731;0.00158061;90
-95.9476;0.00161168;90
-94.7566;0.00202598;90
-95.9481;0.00192034;90
-93.017;0.001444;90
-106.449;0.00118657;90
-118.512;0.0011585;90
-81.9214;0.00141605;90
-37.3627;0.000627823;90
-46.3376;0.00069669;90
-49.8275;0.00115953;90
-133.837;0.00247326;90
-55.6991;0.00184726;90
-70.0568;0.00294352;90
-68.6972;0.00379854;90
-60.4813;0.00223053;90
-55.8844;0.00130691;90
-72.2205;0.00257078;90
-71.1639;0.00356809;90
-57.9963;0.00362848;90
-58.0436;0.00347457;90
-71.7169;0.00250548;90
112.101;0.00361999;90
126.126;0.00300225;90
110.131;0.00291721;90
109.976;0.00484446;90
110.898;0.00256793;90
131.225;0.00260994;90
113.634;0.00302578;90
105.941;0.00376478;90
111.406;0.00357565;90
101.454;0.00211002;90
-39.302;0.000961466;90
-42.1574;0.00112639;90
-52.9827;0.001166;90
-73.3485;0.0025301;90
-108.836;0.00230441;90
-113.227;0.00107514;90
-89.8026;0.00116101;90
-98.2667;0.00100848;90
-109.815;0.000787636;90
-113.411;0.00159315;90
-103.679;0.00151806;90
-69.8772;0.00133126;90
-81.6158;0.00191345;90
-94.3276;0.00111317;90
-74.597;0.00118973;90
-22.7355;0.00110485;90
-62.0412;0.000919296;90
-54.4623;0.00099787;90
-62.8968;0.00123794;90
-11.9104;0.000542683;90
-25.5751;0.00059533;90
-14.6063;0.000828785;90
-44.1896;0.000999949;90
-57.4314;0.00121863;90
-36.0774;0.000925489;90
16.323;0.00058352;90
-50.5242;0.00157923;90
-53.0033;0.001356;90
-58.3521;0.00120641;90
-95.0903;0.00189347;90
-103.545;0.00184019;90
-77.6794;0.00170118;90
-79.2141;0.00162979;90
-100.795;0.00124401;90
-74.5695;0.00183411;90
-85.8222;0.00137265;90
-51.1648;0.00142884;90
-27.987;0.00126153;90
53.5959;0.000984033;90
85.2277;0.00164671;90
-48.8033;0.00100206;90
-72.2797;0.00116634;90
-75.9744;0.00130387;90
-85.2739;0.00139575;90
-85.7952;0.00160933;90
-83.3013;0.00180029;90
-61.7074;0.000949419;90
-44.3433;0.000987186;90
-53.6576;0.00104284;90
-75.6794;0.00171014;90
-65.5609;0.00196507;90
-64.5963;0.00255948;90
-48.5457;0.00148636;90
-104.331;0.00164829;90
-91.0154;0.00107217;90
-100.902;0.00121085;90
-85.6935;0.00147817;90
-78.5612;0.00148245;90
-86.85;0.00276618;90
-85.3509;0.0028253;90
-75.7095;0.00234971;90
-57.5333;0.00196159;90
-10.7738;0.00152997;90
-64.4912;0.00232904;90
-56.4105;0.00157979;90
-64.197;0.00147951;90
-78.6095;0.00125573;90
-82.9115;0.00136141;90
-78.0644;0.0013829;90
-82.148;0.00145666;90
-108.624;0.00134018;90
-105.683;0.00119862;90
-76.9745;0.00125119;90
-99.5468;0.00156163;90
-128.105;0.000983628;90
-103.963;0.00094492;90
-88.1868;0.00107454;90
-77.721;0.00154228;90
-67.3909;0.00205492;90
-85.4025;0.00252011;90
-24.8725;0.000575368;90
26.1343;0.000892216;90
83.3961;0.00199121;90
78.4867;0.00193391;90
-15.4948;0.000838475;90
-6.23833;0.000993885;90
21.1169;0.000932629;90
2.35652;0.000729617;90
-27.4465;0.00087217;90
6.61263;0.000998644;90
44.9343;0.0012332;90
65.836;0.00155857;90
114.165;0.00161228;90
128.983;0.00127487;90
125.987;0.00145337;90
140.612;0.000122919;90
-53.4028;0.00147102;90
-45.1398;0.00144887;90
-78.0319;0.0018952;90
-110.609;0.00151709;90
-146.703;0.000930809;90
-162.39;0.000856117;90
166.693;0.000686431;90
158.984;0.000948064;90
-152.406;0.00199266;90
149.11;0.000533704;90
158.347;0.000861815;90
-96.8919;0.00222508;90
-107.999;0.00149517;90
-141.548;0.000905345;90
104.586;0.000909308;90
98.3187;0.0019768;90
112.954;0.00163334;90
124.536;0.0010901;90
88.08;0.00158189;90
85.7096;0.00235259;90
93.3263;0.00243009;90
109.679;0.00225682;90
97.1161;0.00239747;90
123.059;0.00193769;90
168.991;0.000858804;90
122.291;0.00099959;90
153.137;0.000688271;90
132.309;0.000662583;90
122.034;0.00149693;90
116.5;0.00156435;90
164.936;0.00105423;90
158.157;0.00101594;90
163.286;0.000768464;90
141.814;0.000888034;90
-149.902;0.00106684;90
-117.717;0.000844957;90
150.146;0.00071717;90
157.774;0.000626553;90
-171.32;0.000589754;90
-172.582;0.000557667;90
173.757;0.000652872;90
121.724;0.00105927;90
86.8047;0.00143523;90
105.162;0.000974939;90
98.5728;0.00128132;90
74.4782;0.00133779;90
64.6352;0.00102479;90
74.8572;0.00143171;90
82.8693;0.00125672;90
78.922;0.0018892;90
94.748;0.0021263;90
94.9782;0.00175161;90
121.114;0.00149976;90
100.187;0.00200155;90
130.357;0.00145008;90
107.477;0.00166486;90
28.287;0.00113107;90
59.7048;0.00180789;90
87.4715;0.00242536;90
82.1566;0.00257206;90
67.1894;0.00265678;90
85.2701;0.00295908;90
85.1408;0.00184162;90
81.1118;0.00141094;90
98.6739;0.00126649;90
108.162;0.000930353;90
105.544;0.000940394;90
76.9649;0.00116605;90
91.1609;0.00113523;90
99.6948;0.00137767;90
125.916;0.00109275;90
139.347;0.00083963;90
137.075;0.000781158;90
167.801;0.000847127;90
112.707;0.001316;90
123.002;0.00122459;90
132.986;0.00114693;90
161.08;0.000746324;90
130.901;0.00111797;90
147.286;0.000993612;90
135.325;0.00112078;90
169.231;0.00105966;90
115.785;0.00154482;90
160.787;0.000698928;90
132.146;0.00144854;90
132.302;0.00136694;90
104.95;0.00217461;90
96.9845;0.00237664;90
97.0134;0.00197377;90
76.2811;0.00170772;90
37.2683;0.00103543;90
78.2018;0.0011738;90
90.821;0.00160516;90
81.6686;0.00120775;90
54.9601;0.0011774;90
68.8247;0.00122362;90
114.928;0.00180077;90
100.597;0.0059922;90
-21.1217;0.00200361;90
14.7409;0.00222834;90
36.1483;0.002509;90
65.5137;0.00268773;90
103.839;0.00515464;90
-133.778;0.0017908;90
-112.569;0.00130277;90
-126.516;0.00178303;90
63.976;0.00170485;90
54.8187;0.00136419;90
44.0059;0.0015488;90
99.6216;0.00420008;90
103.892;0.00134947;90
109.539;0.00295412;90
118.867;0.00269485;90
129.553;0.00220482;90
139.537;0.00246705;90
-160.227;0.00135382;90
109.038;0.00132127;90
137.701;0.00135066;90
151.491;0.00283473;90
148.238;0.00216761;90
93.9802;0.00247798;90
86.1996;0.00334937;90
-62.833;0.00263915;90
-88.6291;0.0017555;90
102.502;0.00364953;90
-107.076;0.00238724;90
-86.6796;0.00255529;90
-33.4862;0.00389679;90
-31.0514;0.00280143;90
1.76601;0.000973462;90
37.0183;0.00278041;90
34.8138;0.00287085;90
-55.8136;0.00349003;90
-52.2036;0.00191725;90
-78.5678;0.00413708;90
-70.9413;0.00400874;90
-71.8003;0.00400537;90
-70.7696;0.00421414;90
-57.8854;0.00378282;90
-50.3469;0.00365751;90
-59.6183;0.00460892;90
-63.1027;0.00424189;90
-66.7041;0.00587387;90
-60.0021;0.00494432;90
-56.4923;0.00444345;90
-62.2308;0.00451159;90
-61.4771;0.00475174;90
-58.45;0.00444153;90
-43.9433;0.00352765;90
-41.2285;0.00379477;90
-49.3874;0.00603587;90
-46.0964;0.0011825;90
-42.6571;0.00278479;90
-49.3951;0.00348781;90
-62.2607;0.00401548;90
-75.7468;0.00480491;90
-87.3426;0.00593138;90
-87.7332;0.00538521;90
-83.6158;0.00531496;90
-71.3614;0.0047153;90
-47.2333;0.00339315;90
-38.9808;0.0025085;90
-41.6475;0.00239412;90
-49.4495;0.0025703;90
-41.4866;0.00116538;90
-73.9783;0.00113405;90
-59.0061;0.00684537;90
-61.4736;0.00789213;90
-62.1361;0.00169672;90
-50.9296;0.00272421;90
-45.7464;0.00314831;90
-53.3571;0.00348343;90
-37.5898;0.00296063;90
-61.9096;0.00431759;90
-68.6344;0.00559126;90
-60.7329;0.0053694;90
-38.7126;0.00372553;90
-31.7564;0.00378105;90
-31.5488;0.00364471;90
-34.5061;0.00366112;90
-56.555;0.00460322;90
-63.0557;0.00513547;90
-41.2579;0.00359694;90
-38.1411;0.00319139;90
-55.4215;0.0040068;90
-47.5041;0.00265418;90
-41.5;0.00185325;90
-45;0.00209869;90
-60.7058;0.0042735;90
-64.8667;0.00508328;90
-81.8976;0.0105291;90
-86.5361;0.00283017;90
-85.4863;0.0055783;90
-83.6962;0.00694902;90
-81.0906;0.00640528;90
-81.6018;0.00634706;90
-82.1035;0.00638353;90
-85.1534;0.00659257;90
-84.5555;0.00651338;90
-80.1404;0.00628381;90
-76.7344;0.00614908;90
-74.9692;0.00638547;90
-66.7468;0.00537241;90
-64.6801;0.0052891;90
-65.3285;0.00529208;90
-69.8182;0.00571594;90
-73.3691;0.0103562;90
-63.8984;0.00221154;90
-43.5874;0.00321266;90
-16.9715;0.00330597;90
-16.3949;0.00364209;90
-7.74457;0.00325771;90
-21.5911;0.00338878;90
-35.3408;0.00375494;90
-59.2032;0.00470903;90
-78.1811;0.00664487;90
-83.6799;0.00693112;90
-80.7385;0.00666083;90
-73.5857;0.00627786;90
-54.8611;0.00521058;90
-52.4807;0.0047469;90
-49.4166;0.00452691;90
-50.3152;0.00461817;90
-52.5543;0.00471704;90
-24.6927;0.00364092;90
-23.4869;0.00370604;90
-20.7024;0.00618646;90
-22.6463;0.00133492;90
-25.3913;0.00307837;90
-45.597;0.00407174;90
-60.1201;0.00463283;90
-60.5375;0.00566225;90
-59.984;0.00550534;90
-61.6631;0.00548188;90
-70.0724;0.00599708;90
-73.1001;0.00620915;90
-74.6571;0.00612635;90
-77.8895;0.00585327;90
-80.3237;0.0151414;90
-80.5484;0.00615658;90
-80.8043;0.00727753;90
-85.4509;0.00707328;90
-85.8986;0.0069909;90
-86.8202;0.0070128;90
-87.5605;0.00725958;90
-93.3313;0.0125452;90
-96.6469;0.00276458;90
-97.0952;0.00500331;90
-94.1309;0.00477541;90
-96.506;0.0054189;90
-82.9272;0.00489727;90
-49.7733;0.00346695;90
-43.9366;0.00358141;90
-44.8183;0.00379082;90
-40.4673;0.00352535;90
-41.7746;0.00340587;90
-43.4665;0.00298577;90
-67.3252;0.00369131;90
-77.8093;0.00108445;90
-27.9975;0.00166371;90
-9.08148;0.00128612;90
-15.7838;0.00238596;90
-0.680091;0.00311722;90
28.2723;0.00286702;90
22.9545;0.00154103;90
-125.941;0.000974528;90
60.6869;0.00027983;90
-157.946;0.00336632;90
174.269;0.00713064;90
161.072;0.000955676;90
131.058;0.0013474;90
110.723;0.00489468;90
142.316;0.00464747;90
138.817;0.004875;90
135.528;0.00467771;90
131.823;0.00482281;90
102.46;0.00594195;90
84.3427;0.00630973;90
83.4169;0.00742294;90
83.7024;0.00816829;90
87.5685;0.00827345;90
92.4782;0.00899641;90
93.6332;0.00830068;90
93.8609;0.00839104;90
97.857;0.00848566;90
100.182;0.00781203;90
99.5938;0.00645021;90
99.5278;0.00949701;90
103.211;0.00794629;90
106.043;0.00791006;90
109.35;0.00708947;90
117.908;0.00660179;90
119.53;0.00629357;90
119.767;0.00630034;90
126.614;0.00576946;90
153.535;0.00437554;90
158.512;0.00430523;90
158.769;0.00432989;90
158.024;0.00462291;90
130.72;0.00559042;90
131.898;0.00526647;90
127.521;0.00564976;90
129.142;0.00539724;90
114.285;0.0070586;90
100.617;0.00770185;90
96.2742;0.00613978;90
97.8897;0.0060321;90
112.682;0.00643139;90
143.318;0.00458002;90
157.428;0.00418131;90
174.087;0.00366952;90
164.24;0.00352345;90
153.863;0.00395214;90
119.784;0.00603752;90
103.233;0.00759672;90
110.108;0.00727761;90
115.134;0.00759069;90
114.011;0.00699421;90
104.99;0.00746191;90
103.314;0.00869778;90
96.0901;0.0089827;90
95.4334;0.00907176;90
98.7874;0.00876488;90
97.5322;0.00794152;90
96.7658;0.00819104;90
91.5373;0.00711956;90
96.3417;0.00862779;90
112.761;0.0066661;90
119.401;0.00480941;90
135.284;0.00271179;90
132.581;0.00303265;90
126.77;0.00437181;90
140.595;0.00386578;90
141.674;0.00334608;90
116.128;0.00510017;90
120.618;0.0043215;90
140.962;0.00340404;90
148.858;0.00335676;90
150.506;0.00322952;90
147.302;0.00360415;90
129.465;0.00403234;90
114.593;0.00460142;90
111.42;0.0051916;90
123.947;0.00433724;90
139.499;0.00314571;90
129.159;0.00342533;90
132.887;0.0034134;90
116.779;0.00789248;90
124.323;0.00165644;90
121.21;0.00351232;90
122.583;0.00394604;90
122.237;0.0034888;90
134.146;0.00322618;90
139.128;0.00275993;90
137.964;0.00348717;90
112.551;0.00482385;90
97.8492;0.00617283;90
91.466;0.00566786;90
92.7736;0.00622029;90
106.382;0.00482905;90
120.676;0.00440431;90
134.616;0.00337863;90
136.245;0.00354839;90
129.85;0.00382818;90
134.131;0.00386761;90
138.281;0.00379277;90
127.936;0.00337518;90
118.687;0.00564144;90
117.714;0.00546381;90
124.194;0.00422781;90
121.178;0.0042592;90
115.948;0.00523136;90
115.104;0.00490977;90
117.593;0.00476046;90
127.502;0.00444327;90
121.609;0.00461343;90
109.556;0.00459187;90
108.737;0.00425237;90
107.93;0.00416425;90
107.406;0.00267762;90
115.84;0.00303772;90
130.368;0.00280222;90
-143.287;0.00256101;90
-137.611;0.00253053;90
163.002;0.00196692;90
165.31;0.000658527;90
149.827;0.00162751;90
151.052;0.00197929;90
149.411;0.0015996;90
91.0805;0.00265147;90
87.0743;0.00307601;90
-47.7455;0.00100383;90
-62.686;0.00205289;90
-118.856;0.00078325;90
15.3971;0.00053106;90
-46.235;0.00127945;90
135.949;0.00106717;90
180;0.000473;90
107.668;0.00338046;90
-98.5473;0.0035929;90
-83.8945;0.00142911;90
-60.9517;0.000887658;90
-32.0323;0.00293365;90
-33.1141;0.00149;90
-18.9229;0.000891162;90
-63.0644;0.00421865;90
-75.7626;0.00531835;90
-95.0321;0.00194951;90
-86.7733;0.0036598;90
-91.0141;0.00389861;90
-93.0888;0.00558612;90
-113.9;0.00130817;90
-107.275;0.00224947;90
-34.2369;0.00116243;90
-45.8657;0.00102966;90
-46.278;0.000729208;90
-84.7701;0.00774524;90
-74.6323;0.00129428;90
-56.6436;0.00176231;90
-57.3888;0.00238619;90
-70.0096;0.00735089;90
-48.2999;0.00121612;90
-50.5292;0.00157783;90
-60.7903;0.00699785;90
-67.6004;0.00176086;90
-83.9795;0.00182104;90
-85.6208;0.00269788;90
114.05;0.00173239;90
87.0995;0.00345843;90
119.244;0.00437227;90
121.368;0.00145812;90
121.552;0.00785059;90
-149.715;0.00114415;90
82.3148;0.00367905;90
121.336;0.00430728;90
117.961;0.00400107;90
109.791;0.0035943;90
112.537;0.00399185;90
72.2375;0.00158979;90
-37.8099;0.00138979;90
-51.0851;0.000947203;90
6.93592;0.000488575;90
-104.998;0.000606667;90
110.447;0.00406192;90
74.1002;0.00137979;90
83.6502;0.00262209;90
85.9823;0.00396775;90
87.5692;0.00351316;90
96.6521;0.00290053;90
93.1307;0.00523682;90
112.808;0.00267517;90
115.122;0.00300086;90
146.333;0.00207264;90
146.082;0.00348382;90
146.743;0.000917223;90
94.0756;0.00408032;90
73.4884;0.00195982;90
-64.6383;0.00157588;90
-77.1318;0.00186791;90
39.3693;0.000706272;90
120.735;0.00163577;90
95.7859;0.0037099;90
100.494;0.000922428;90
130.443;0.0016464;90
77.6185;0.0018142;90
135;0.00180595;90
127.088;0.000842406;90
130.886;0.00185315;90
129.401;0.00134071;90
129.431;0.00105645;90
133.991;0.00180694;90
100.663;0.00554475;90
88.9717;0.00211734;90
104.648;0.00220259;90
101.087;0.0102758;90
104.717;0.00222397;90
102.349;0.00572341;90
100.749;0.00654687;90
101.577;0.00193843;90
80.9527;0.00458504;90
80.341;0.00541172;90
98.9027;0.00626143;90
108.125;0.00625223;90
132.248;0.00499298;90
120.175;0.00541935;90
102.683;0.0107718;90
90.7434;0.0023892;90
84.9505;0.00694194;90
79.5512;0.00210084;90
79.6752;0.00461981;90
81.2127;0.00604192;90
85.3929;0.00598835;90
87.6573;0.00457482;90
86.7481;0.00772143;90
112.133;0.00579936;90
115.966;0.0053512;90
106.995;0.00599061;90
119.597;0.004997;90
149.605;0.00397073;90
-159.478;0.00377668;90
-175.137;0.00349157;90
150.631;0.00400467;90
144.316;0.00368239;90
155.163;0.00333773;90
-174.693;0.00285424;90
-168.652;0.00263757;90
-175.983;0.00315475;90
-165.62;0.00323742;90
-134.236;0.00424302;90
-116.083;0.00484215;90
-125.209;0.00335961;90
-120.993;0.00775637;90
-114.798;0.00192886;90
-121.746;0.00351605;90
-133.222;0.00674622;90
-140.927;0.00132158;90
-145.751;0.00284297;90
-136.148;0.00377742;90
-115.044;0.00507185;90
-113.895;0.00346609;90
-130.261;0.00281613;90
-169.911;0.00218072;90
173.809;0.00276312;90
161.667;0.00283277;90
162.057;0.00346029;90
161.812;0.0037388;90
144.81;0.00393029;90
128.449;0.0047474;90
118.466;0.00541919;90
110.755;0.00592021;90
120.543;0.00560815;90
128.789;0.005346;90
131.632;0.00475361;90
134.294;0.00464958;90
127.312;0.00508455;90
121.128;0.00533517;90
117.888;0.00449391;90
111.503;0.00606731;90
114.684;0.00570863;90
130.014;0.00539372;90
160.658;0.00393721;90
146.988;0.00438133;90
143.266;0.00412641;90
145.494;0.00420838;90
165.35;0.00550393;90
-80.5789;0.00114241;90
-127.507;0.00136648;90
-156.176;0.00227266;90
-133.331;0.00310693;90
-158.467;0.00249299;90
-150.082;0.00279092;90
-142.088;0.00315732;90
-138.756;0.00372385;90
-141.657;0.00304981;90
-140.242;0.00295676;90
-136.8;0.00292604;90
-121.213;0.00346568;90
-115.454;0.00355065;90
-141.967;0.00312444;90
-141.426;0.00291249;90
146.861;0.00320299;90
109.522;0.0027501;90
107.409;0.00229618;90
118.837;0.00383564;90
113.545;0.00427817;90
113.817;0.00725589;90
135.209;0.00116532;90
120.284;0.00225468;90
110.156;0.00296882;90
109.289;0.00222807;90
115.783;0.00150814;90
110.598;0.00191866;90
53.7831;0.00100026;90
-58.6145;0.0010484;90
30.2427;0.000299803;90
168.947;0.000657192;90
-116.485;0.00160773;90
-46.4634;0.000775242;90
-54.7909;0.000648672;90
-62.3485;0.00216982;90
-70.1252;0.00320914;90
-68.9208;0.00325587;90
-54.8854;0.00336918;90
-67.8206;0.00405289;90
-65.2485;0.00371642;90
-61.9038;0.00354812;90
-63.6633;0.00246819;90
-74.25;0.00245726;90
-59.2261;0.00336362;90
6.6789;0.00259662;90
43.01;0.00315631;90
39.9471;0.00285011;90
63.9161;0.00346156;90
55.6269;0.00342025;90
46.1429;0.00258782;90
41.0033;0.00259716;90
45.8738;0.00310668;90
30.7761;0.00298426;90
40.6176;0.00304451;90
36.1433;0.00298064;90
12.1911;0.00257609;90
45.585;0.00325498;90
26.8465;0.00245792;90
61.4769;0.00188476;90
24.2714;0.00101688;90
-18.3495;0.0033925;90
-31.0563;0.00382065;90
-33.8292;0.00377031;90
-35.0362;0.00393141;90
-24.0473;0.00370561;90
-31.8444;0.00396123;90
-57.2689;0.00498801;90
-71.6948;0.00614495;90
-62.3271;0.00932123;90
-56.7123;0.00221192;90
-58.5886;0.00388542;90
-51.023;0.00454207;90
-43.839;0.00425766;90
-46.8774;0.00455409;90
-53.3107;0.00393322;90
-60.267;0.00960562;90
-75.5731;0.0023119;90
-63.4028;0.00478876;90
-55.7915;0.00444499;90
-47.3312;0.00391142;90
-21.2016;0.00290889;90
-16.2969;0.00300056;90
-18.9046;0.002855;90
-15.8605;0.00222469;90
-13.357;0.00321188;90
6.78001;0.00271901;90
49.7453;0.00294033;90
65.2583;0.00371062;90
67.0693;0.00426829;90
48.3297;0.00310449;90
40.046;0.0034473;90
31.9688;0.00382278;90
50.6739;0.00384073;90
55.8208;0.00363841;90
61.0709;0.00199493;90
63.7484;0.0015532;90
64.3928;0.00256826;90
53.6387;0.00220789;90
60.097;0.00179727;90
54.3231;0.0022959;90
61.6933;0.00197178;90
58.3428;0.00793582;90
29.9161;0.00136947;90
5.5913;0.00152928;90
9.52698;0.00262217;90
6.28709;0.00250205;90
5.18312;0.00321013;90
7.13505;0.00212546;90
-30.8272;0.00359839;90
-34.9418;0.00392322;90
-26.9583;0.00351831;90
9.07665;0.00332159;90
20.2093;0.00382977;90
-30.8627;0.00330615;90
-33.6463;0.00254302;90
-70.2349;0.00249286;90
-80.0433;0.00375353;90
-69.3319;0.00514514;90
-64.3969;0.00452868;90
-70.7182;0.00494223;90
-88.9371;0.00576799;90
-94.9784;0.00571556;90
-95.2926;0.00512786;90
-100.646;0.00570011;90
-98.5273;0.00483545;90
-99.066;0.00513414;90
-92.7014;0.00371313;90
-88.5883;0.00616987;90
-80.6142;0.00615642;90
-64.6919;0.00501537;90
-53.6488;0.00417557;90
-54.6348;0.0043643;90
-66.1516;0.00494414;90
-77.9976;0.00606867;90
-75.522;0.00559983;90
-61.8535;0.00460224;90
-76.1178;0.00523078;90
-74.857;0.00448265;90
-68.4295;0.00147425;90
-110.802;0.00232025;90
-103.889;0.00151221;90
-66.7355;0.00194189;90
-108.915;0.00165962;90
-109.371;0.00238183;90
-60.5371;0.00133575;90
-104.981;0.00509103;90
-177.245;0.000748866;90
-82.9101;0.00222804;90
-85.7956;0.00264612;90
-91.7525;0.00124258;90
-76.7862;0.00528903;90
-47.2463;0.0014613;90
-46.9937;0.000894324;90
-49.0648;0.00152624;90
-47.7626;0.00180451;90
-49.1873;0.0016463;90
-63.4168;0.00141454;90
-75.8573;0.00287308;90
-92.252;0.00213765;90
-86.2686;0.00152122;90
-69.292;0.00189759;90
-76.9134;0.000980464;90
-126.501;0.000186604;90
104.27;0.00267762;90
-122.303;0.00159246;90
-83.8034;0.0014545;90
-88.3082;0.00165972;90
-51.2408;0.00117084;90
-28.8751;0.00210809;90
-34.0542;0.00218223;90
-26.9512;0.000928884;90
-71.4209;0.00226293;90
-56.3234;0.00236607;90
-79.2132;0.00320055;90
-86.1477;0.00369134;90
-89.0082;0.006644;90
-92.4846;0.00149941;90
-93.8807;0.00360527;90
-107.396;0.00329469;90
-77.0289;0.00200927;90
-25.7975;0.000567565;90
-46.5085;0.00104759;90
-97.3917;0.000746201;90
127.917;0.00248322;90
92.9547;0.00347262;90
15.0799;0.00111852;90
-28.9181;0.00126355;90
4.2175;0.00235237;90
32.4282;0.00265738;90
72.9758;0.00182392;90
-69.0312;0.000958475;90
90.0733;0.005473;90
109.03;0.00121754;90
-136.22;0.00162742;90
-160.46;0.00057406;90
-119.039;0.00107745;90
-134.45;0.000958174;90
58.2584;0.00142751;90
45.5925;0.00136762;90
48.4921;0.00143951;90
100.251;0.00315232;90
106.37;0.00387093;90
115.165;0.00305717;90
126.942;0.0027038;90
136.451;0.00256904;90
-174.286;0.00155674;90
112.184;0.00114149;90
16.815;0.00237139;90
49.0807;0.00351758;90
-20.0074;0.00242005;90
-61.398;0.00323361;90
-69.4734;0.00250398;90
-74.987;0.00425421;90
-69.1111;0.00362635;90
-73.9381;0.00398662;90
-65.4002;0.00465555;90
-52.2736;0.00365261;90
-54.0887;0.00399296;90
-64.2924;0.00481122;90
-65.1632;0.00642088;90
-61.127;0.00560814;90
-56.1934;0.00518341;90
-62.3749;0.00543905;90
-61.4066;0.00591319;90
-49.4182;0.00477301;90
-41.8297;0.00424489;90
-49.0805;0.00447176;90
-45.6719;0.00410009;90
-44.8298;0.00357161;90
-55.09;0.00423388;90
-73.653;0.00562437;90
-86.4738;0.00663356;90
-86.5922;0.00725082;90
-80.0296;0.00654383;90
-53.1546;0.004676;90
-41.4462;0.00302304;90
-41.2943;0.00218812;90
-48.376;0.00249759;90
-58.3688;0.00253218;90
-56.0166;0.00270864;90
-60.0455;0.00386532;90
-55.375;0.00402849;90
-66.2121;0.00496588;90
-52.2631;0.00382004;90
-47.6422;0.00348196;90
-51.7379;0.00362207;90
-40.679;0.00320027;90
-66.0468;0.00437695;90
-68.3302;0.00469049;90
-61.9591;0.00447988;90
-42.1408;0.00377074;90
-31.9976;0.00311767;90
-31.4551;0.00329993;90
-31.1954;0.0032242;90
-39.1331;0.00304377;90
-61.521;0.00431176;90
-63.5614;0.004054;90
-45.4353;0.00297842;90
-33.7919;0.0031213;90
-51.0025;0.00357707;90
-52.7749;0.00300026;90
-44.3001;0.00243121;90
-43.7741;0.00244574;90
-60.6019;0.0045694;90
-64.3515;0.00469679;90
-74.5319;0.00497936;90
-86.4006;0.00729539;90
-86.5076;0.00783054;90
-83.0823;0.00740591;90
-81.6523;0.00722555;90
-81.8023;0.00730767;90
-83.0597;0.00734885;90
-86.0469;0.00742667;90
-80.2422;0.00726916;90
-76.8732;0.00695267;90
-74.1681;0.007144;90
-65.5732;0.00608903;90
-64.8757;0.00599411;90
-66.8869;0.00624639;90
-74.1916;0.00672121;90
-72.6799;0.00655;90
-49.2495;0.00491447;90
-16.8945;0.00382299;90
-14.3655;0.00375645;90
-9.93927;0.00400917;90
-29.3973;0.00402761;90
-48.9702;0.00480005;90
-74.657;0.00680659;90
-84.4263;0.00749544;90
-80.7083;0.00723392;90
-73.3123;0.00667931;90
-55.3708;0.00533028;90
-52.3379;0.00538131;90
-47.8901;0.00482436;90
-53.6142;0.00518359;90
-43.6719;0.0045458;90
-21.6143;0.00386583;90
-20.9156;0.00387964;90
-21.1635;0.0038861;90
-23.3442;0.00387631;90
-43.3277;0.00491861;90
-59.5298;0.00563411;90
-60.0377;0.00562241;90
-60.2248;0.00562225;90
-63.0888;0.00584832;90
-72.2158;0.00668232;90
-73.7004;0.0066878;90
-75.5675;0.0068729;90
-79.8773;0.0073169;90
-80.5144;0.00768204;90
-80.333;0.00708663;90
-80.6429;0.00734372;90
-83.9668;0.00744021;90
-86.37;0.00759724;90
-86.7188;0.00746023;90
-87.3209;0.00750921;90
-91.7826;0.00758667;90
-95.9601;0.00779112;90
-96.9193;0.00683982;90
-96.0364;0.00581022;90
-89.7398;0.00594506;90
-58.4179;0.00472009;90
-44.7165;0.00457362;90
-42.3719;0.0044722;90
-41.4392;0.004406;90
-42.837;0.00436525;90
-71.2456;0.0041398;90
-28.1365;0.00205482;90
-15.4818;0.00376875;90
6.28008;0.00368411;90
37.6041;0.00432315;90
61.9554;0.00568106;90
67.2644;0.00533016;90
65.0828;0.00402793;90
37.6296;0.00194577;90
-9.41059;0.00236685;90
-28.4192;0.00176921;90
5.5241;0.00106997;90
-74.9667;0.00163081;90
-51.8871;0.00232335;90
-57.4456;0.00258874;90
-52.5282;0.00205631;90
-55.259;0.00379562;90
-69.5013;0.00526007;90
-72.9916;0.00624933;90
-76.2548;0.00744934;90
-72.3968;0.00782019;90
-70.4046;0.00699513;90
-63.2376;0.00623375;90
-72.2746;0.00689429;90
-68.5828;0.00636986;90
-59.5157;0.0057382;90
-77.8617;0.00671513;90
-91.0263;0.0068671;90
-95.1797;0.00705581;90
-94.8977;0.00830432;90
-99.3759;0.00664781;90
-88.8735;0.00249248;90
-35.9236;0.00138059;90
-31.7748;0.00121159;90
71.6655;0.00144327;90
3.38919;0.000592035;90
148.276;0.000323303;90
-149.24;0.00207257;90
144.331;0.00146972;90
-142.862;0.000770208;90
-104.699;0.00612031;90
-104.168;0.00656158;90
-102.947;0.00744015;90
-98.1365;0.00757425;90
-86.6391;0.00723244;90
-81.4186;0.00687598;90
-93.2342;0.0141976;90
-98.8233;0.00604352;90
-88.5333;0.00683724;90
-81.223;0.00692712;90
-81.3174;0.00692233;90
-81.2755;0.00684318;90
-80.9575;0.00686532;90
-81.6596;0.00654927;90
-81.0743;0.00558159;90
-80.7954;0.0078207;90
-76.4486;0.00705028;90
-78.0253;0.00713322;90
-82.4826;0.00749845;90
-77.1929;0.0071909;90
-76.5219;0.00707073;90
-82.4357;0.00724707;90
-84.8303;0.00609278;90
-85.1916;0.0057382;90
-89.2141;0.00524949;90
-88.8192;0.00480402;90
-89.139;0.00405946;90
-85.7134;0.00454872;90
-76.2424;0.00503752;90
-76.459;0.00566754;90
-76.5575;0.0080742;90
-76.3076;0.00828444;90
-76.9198;0.00677375;90
-78.1819;0.00685531;90
-79.4593;0.00936402;90
-79.2366;0.00925279;90
-79.0656;0.00828746;90
-71.6978;0.00750569;90
-54.9052;0.0062564;90
-53.1955;0.0063046;90
-53.0907;0.0061044;90
-53.4458;0.00598909;90
-63.7087;0.00664656;90
-68.6496;0.00733649;90
-68.4287;0.00485504;90
-68.9925;0.00356495;90
-66.3067;0.00313309;90
-52.6577;0.00220748;90
-49.3512;0.00431518;90
-49.6368;0.00495962;90
-46.6439;0.00475725;90
-41.4842;0.00496971;90
-46.1841;0.00550883;90
-40.7886;0.00497804;90
-65.265;0.00687584;90
-76.0956;0.00706193;90
-76.1438;0.00702338;90
-75.6352;0.00693688;90
-72.673;0.00619827;90
-63.0218;0.00626473;90
-67.8992;0.00668197;90
-68.2451;0.00663991;90
-68.4998;0.00635737;90
-76.6131;0.00753267;90
-86.7417;0.00777657;90
-89.6132;0.00622114;90
-88.9229;0.00367065;90
-84.0942;0.00511213;90
-81.9905;0.00429894;90
-82.086;0.00393649;90
-76.3789;0.00200849;90
-92.4782;0.00416289;90
-88.3223;0.00508918;90
-89.5079;0.0053562;90
-92.301;0.00550444;90
-96.8486;0.0265837;90
83.57;0.0268419;90
85.9883;0.00370207;90
89.3809;0.00388723;90
90.8963;0.00389948;90
91.5082;0.00391336;90
94.7264;0.00319185;90
153.068;0.00160508;90
91.2941;0.00283372;90
96.9861;0.00414376;90
95.9564;0.00433641;90
99.5114;0.00191837;90
88.0262;0.00177105;90
-89.3704;0.00245715;90
-83.7714;0.0121296;90
-0.0540017;0.001061;90
15.5395;0.000795063;90
-90.6127;0.00458226;90
-88.9025;0.00553402;90
-91.7218;0.00735532;90
-89.2605;0.00178215;90
-97.1517;0.0276713;90
82.7174;0.0266954;90
87.6164;0.00413558;90
89.7797;0.00598104;90
91.5055;0.00540487;90
96.4123;0.00385914;90
92.1112;0.0051575;90
97.978;0.00772375;90
97.4643;0.0050266;90
88.0848;0.00628351;90
92.5368;0.00964745;90
102.911;0.00691481;90
111.001;0.00591813;90
111.811;0.0056171;90
111.818;0.00569602;90
115.29;0.00560632;90
115.59;0.00525552;90
104.375;0.00577584;90
103.846;0.00650605;90
104.549;0.00800157;90
105.457;0.00831474;90
123.886;0.00518703;90
137.542;0.00481448;90
135.941;0.00568449;90
137.316;0.00517884;90
131.586;0.00506976;90
130.681;0.00476955;90
130.152;0.00377319;90
115.44;0.0052844;90
111.515;0.00683312;90
111.138;0.00684667;90
113.981;0.00658655;90
127.265;0.00565813;90
126.27;0.00580972;90
127.236;0.00607672;90
126.716;0.00586442;90
114.841;0.00679357;90
101.476;0.00805197;90
100.657;0.00686745;90
101.064;0.00675862;90
100.977;0.00563;90
100.699;0.00630765;90
103.131;0.00656771;90
103.488;0.00603238;90
103.33;0.00595955;90
103.484;0.00608574;90
103.426;0.00553425;90
103.677;0.00406425;90
101.298;0.00477249;90
91.4758;0.00504767;90
91.1041;0.00555303;90
91.1405;0.00612921;90
94.5066;0.00655426;90
95.0709;0.00655064;90
98.4687;0.00689215;90
103.859;0.00785261;90
100.977;0.00708972;90
98.5934;0.0090415;90
103.753;0.00877456;90
100.409;0.008385;90
99.0112;0.00849788;90
98.6924;0.00802619;90
98.5135;0.00788286;90
98.793;0.0078108;90
98.8556;0.00664522;90
95.4905;0.00665754;90
84.2493;0.00654695;90
82.9671;0.0126512;90
96.8192;0.00655235;90
98.3015;0.00628889;90
90.6738;0.00646245;90
81.2974;0.00600109;90
76.8025;0.0059481;90
77.4937;0.00551383;90
72.4626;0.00508746;90
77.9588;0.00500921;90
78.7801;0.00548891;90
84.0495;0.00677149;90
84.8189;0.0131889;90
90.9709;0.00655094;90
104.918;0.00640176;90
122.172;0.00614685;90
107.034;0.00783783;90
113.1;0.00655561;90
113.813;0.00660312;90
108.974;0.00685233;90
106.96;0.00611914;90
103.369;0.00597285;90
106.585;0.00605386;90
108.862;0.0047913;90
120.866;0.0038282;90
135.49;0.00165328;90
122.768;0.00177555;90
126.943;0.0017204;90
122.266;0.00203055;90
130.063;0.00184887;90
141.405;0.00124877;90
153.008;0.00113908;90
155.006;0.00184366;90
-164.685;0.00151065;90
-136.064;0.00182748;90
-112.745;0.00355116;90
-112.863;0.00394819;90
-113.459;0.004283;90
-126.641;0.00414883;90
-147.299;0.00326323;90
-170.725;0.00287256;90
167.206;0.00309791;90
164.637;0.00279694;90
106.763;0.00335977;90
128.91;0.00382583;90
138.538;0.00374703;90
138.623;0.00567314;90
135.53;0.00542586;90
122.506;0.00540948;90
89.7056;0.00681209;90
83.396;0.0074605;90
83.7049;0.00799823;90
84.3552;0.00632366;90
89.4634;0.0069403;90
93.5448;0.00758551;90
93.2117;0.00838918;90
94.5432;0.00967039;90
98.5227;0.00842099;90
99.2294;0.00675242;90
99.5625;0.00704895;90
99.829;0.00827141;90
104.004;0.00830588;90
106.239;0.00825328;90
110.009;0.00743479;90
119.035;0.0066097;90
120.228;0.00641183;90
119.896;0.00650453;90
132.788;0.00557049;90
157.298;0.00445408;90
157.836;0.00452214;90
158.921;0.00441544;90
152.959;0.00447184;90
125.168;0.00465465;90
130.292;0.00435917;90
129.869;0.00529766;90
129.35;0.00588271;90
113.8;0.00708227;90
101.433;0.00842517;90
96.1346;0.00800082;90
101.775;0.00650284;90
123.656;0.00469498;90
146.313;0.0049238;90
168.531;0.00409884;90
166.244;0.00415929;90
162.091;0.00440967;90
122.762;0.00585785;90
106.043;0.0076749;90
108.586;0.00745478;90
115.219;0.00679684;90
114.984;0.00703422;90
106.776;0.00803809;90
103.076;0.00829612;90
97.7265;0.0089331;90
94.9917;0.00903326;90
98.1584;0.00801209;90
98.3821;0.00855438;90
97.3219;0.00787017;90
93.5873;0.00811891;90
93.6967;0.00756875;90
106.776;0.00618421;90
116.86;0.00537826;90
126.647;0.00369423;90
135.886;0.00292777;90
129.722;0.00385097;90
129.156;0.0038959;90
147.522;0.00314724;90
128.754;0.00380206;90
113.996;0.00520812;90
132.6;0.00425486;90
148.037;0.003984;90
148.355;0.00405023;90
146.628;0.004403;90
122.366;0.00550881;90
111.638;0.00613428;90
118.719;0.00498638;90
140.026;0.00347891;90
127.952;0.00413174;90
131.123;0.00435018;90
113.63;0.00488237;90
124.047;0.0038705;90
120.316;0.00453283;90
124.668;0.00329984;90
120.387;0.00315316;90
136.852;0.0030853;90
138.942;0.0033327;90
130.709;0.00432831;90
101.929;0.0065893;90
94.5739;0.00679665;90
92.2754;0.00720368;90
105.953;0.00602505;90
123.458;0.00458713;90
136.593;0.00406885;90
133.437;0.00435598;90
131.658;0.00469398;90
138.37;0.00437891;90
126.333;0.00473941;90
117.731;0.00564769;90
118.453;0.00544465;90
124.717;0.00487604;90
118.201;0.00527972;90
114.567;0.00537564;90
115.624;0.00558421;90
126.089;0.00481125;90
123.458;0.00493354;90
108.932;0.00550162;90
109.041;0.0047266;90
105.706;0.00457689;90
117.014;0.00188238;90
115.465;0.00316775;90
147.503;0.00241042;90
-130.958;0.00304956;90
-153.174;0.0023555;90
-108.221;0.00143916;90
-59.2021;0.00373234;90
-84.7552;0.00422268;90
-87.0517;0.00443287;90
-90.3405;0.00437508;90
-95.3094;0.00437678;90
-101.855;0.00315428;90
-100.121;0.00184369;90
-35.1199;0.00121157;90
-47.5077;0.0011636;90
131.211;0.00148747;90
154.25;0.00135117;90
66.6476;0.00298447;90
83.9311;0.00410501;90
87.2183;0.0043271;90
91.619;0.00484894;90
93.2469;0.00478468;90
113.36;0.00418396;90
111.684;0.00271729;90
151.374;0.00235029;90
151.288;0.0025791;90
145.524;0.000991065;90
92.063;0.00127783;90
89.571;0.00414012;90
-18.2419;0.000750729;90
-42.8027;0.00118032;90
-56.5775;0.00124726;90
123.452;0.00166717;90
-97.8874;0.00103479;90
-70.3062;0.000964411;90
107.944;0.00350551;90
-94.9158;0.00547313;90
-59.696;0.000953252;90
-30.435;0.003048;90
-30.0899;0.00245134;90
-75.2068;0.000881209;90
-7.18797;0.000903097;90
-32.4576;0.00225649;90
-47.8156;0.0027207;90
-59.6861;0.00308477;90
-70.4922;0.00356356;90
-77.4296;0.00402959;90
-98.9704;0.00132116;90
-137.374;0.00151946;90
-118.37;0.00129219;90
-146.699;0.000857864;90
51.2041;0.00131514;90
53.8295;0.00158932;90
43.5703;0.00127531;90
-73.8846;0.00375037;90
-94.9762;0.00382743;90
114.41;0.0019745;90
-77.8925;0.00219789;90
-153.651;0.00438451;90
-160.688;0.00312058;90
-108.305;0.00167475;90
-30.8815;0.00107547;90
-46.2977;0.00109276;90
-17.2962;0.000827415;90
146.841;0.00361819;90
70.0691;0.00468778;90
84.5736;0.00194572;90
88.2719;0.00756044;90
92.394;0.00237007;90
94.857;0.00581087;90
118.525;0.00213177;90
117.656;0.00230088;90
110.688;0.000812385;90
150.266;0.00317963;90
151.631;0.00345152;90
166.208;0.002844;90
-174.347;0.00118778;90
83.5242;0.00550613;90
72.7879;0.00327465;90
103.825;0.00229756;90
-166.166;0.00117097;90
-31.997;0.00217787;90
-100.142;0.00323149;90
-110.512;0.00180653;90
-102.216;0.00270321;90
-73.705;0.00171072;90
-2.54137;0.00259355;90
-26.6989;0.00114845;90
-28.5331;0.0014194;90
-29.0684;0.00281566;90
-25.9871;0.00208367;90
-71.6358;0.00153624;90
-59.5015;0.00299892;90
-77.1736;0.00436492;90
-86.1082;0.00505365;90
-92.2642;0.00511299;90
-93.2644;0.00481181;90
-104.562;0.00356761;90
-74.1456;0.00138363;90
-39.2425;0.00128991;90
-45.3437;0.000825208;90
22.423;0.00232801;90
90.6219;0.00147409;90
74.984;0.0022695;90
48.2913;0.00133014;90
116.507;0.00177007;90
107.798;0.00386707;90
107.526;0.000976318;90
86.47;0.0021601;90
90.7718;0.0022272;90
49.0126;0.00138437;90
47.0965;0.00158498;90
41.2925;0.00121381;90
-30.8572;0.00147592;90
5.72174;0.0010231;90
10.8509;0.00112613;90
96.5479;0.00173633;90
105.893;0.00208884;90
87.95;0.00223643;90
92.589;0.00210315;90
78.3818;0.00149462;90
45.2179;0.00111582;90
75.554;0.00125467;90
85.3932;0.00118282;90
83.5048;0.00191831;90
80.3715;0.00130336;90
99.8945;0.00119883;90
93.7489;0.00134588;90
83.1427;0.00140707;90
85.0713;0.00181571;90
123.085;0.00110281;90
120.053;0.00101437;90
104.358;0.00090734;90
105.591;0.000866899;90
100.706;0.00182477;90
105.236;0.00132041;90
105.167;0.00125367;90
105.416;0.0016815;90
115.723;0.00143079;90
103.374;0.00161685;90
102.838;0.00164718;90
113.849;0.00143448;90
98.9614;0.00186173;90
117.89;0.00172089;90
92.6188;0.00192601;90
88.8568;0.00135327;90
91.2442;0.00105925;90
114.685;0.00088596;90
95.2298;0.00117389;90
103.121;0.00112333;90
112.777;0.00112362;90
78.9934;0.00103708;90
84.3033;0.00122907;90
94.8991;0.00129975;90
91.7025;0.00151467;90
84.0247;0.00142172;90
52.7321;0.000662216;90
12.3942;0.000507836;90
13.8166;0.000569478;90
63.2333;0.00165202;90
75.0068;0.00107458;90
84.1505;0.0018054;90
-24.2136;0.00111181;90
49.3398;0.000738215;90
84.4204;0.00113136;90
33.518;0.00101594;90
-46.2961;0.00109417;90
-52.1838;0.00136839;90
10.9377;0.000664063;90
37.2536;0.000776417;90
-75.0124;0.00131472;90
-42.5876;0.000957564;90
11.9077;0.000620349;90
94.1903;0.00156017;90
168.368;0.00090764;90
80.4605;0.00158694;90
81.5642;0.00119291;90
50.3099;0.00101623;90
43.4725;0.00106104;90
35.6086;0.000563336;90
56.8964;0.00135493;90
53.3379;0.000716805;90
70.8906;0.00104774;90
56.6483;0.000798505;90
77.0965;0.00179123;90
121.238;0.000823374;90
-169.441;0.000523871;90
-167.225;0.000606001;90
163.542;0.00156721;90
173.865;0.000832769;90
-137.269;0.00073243;90
-84.2355;0.00201117;90
-115.554;0.00114057;90
-99.2393;0.000971605;90
-112.564;0.00173046;90
-162.346;0.000580332;90
172.767;0.000984838;90
158.479;0.000910475;90
175.08;0.00100269;90
-176.59;0.00100879;90
103.952;0.00131479;90
96.6262;0.00168123;90
110.412;0.00107233;90
110.026;0.00103668;90
109.216;0.00139153;90
178.08;0.000686385;90
-128.324;0.000985317;90
-109.548;0.000944434;90
-95.6466;0.00187007;90
-88.6607;0.00132636;90
-86.2535;0.00180586;90
-120.415;0.00137874;90
-108.403;0.00112451;90
-7.61471;0.000943319;90
59.7838;0.00153796;90
-63.3014;0.000959276;90
-79.8414;0.00136642;90
-85.9628;0.00134935;90
-105.467;0.00172861;90
-141.039;0.00112915;90
-103.297;0.0022565;90
-107.919;0.00130006;90
116.171;0.00162566;90
-87.1723;0.00115541;90
-90.3634;0.00236505;90
-93.3501;0.00164281;90
-82.1826;0.00103663;90
-56.3323;0.000708907;90
-47.6209;0.000804114;90
-92.7263;0.00119836;90
-100.081;0.00181096;90
-69.3924;0.0019519;90
-81.5582;0.0019754;90
-66.5759;0.00230169;90
-63.821;0.00185866;90
-79.7341;0.00184046;90
-57.7132;0.00114386;90
-81.9519;0.0018785;90
-78.0182;0.00148843;90
-64.2653;0.00138874;90
-73.8059;0.00180356;90
-72.0705;0.00197176;90
-81.0927;0.0021894;90
-73.0459;0.00170092;90
-59.1717;0.00116105;90
-75.7527;0.00190974;90
-105.972;0.00145726;90
-87.0995;0.00150192;90
-78.7401;0.0017976;90
-97.1453;0.00245204;90
-97.2488;0.00235381;90
-104.43;0.00130414;90
-135.834;0.00102046;90
-106.99;0.00126626;90
-80.7862;0.00166751;90
-96.5366;0.00173931;90
-77.5916;0.00118672;90
-79.8975;0.00154495;90
-73.5576;0.00134605;90
-129.444;0.000810618;90
-154.624;0.000991686;90
178.398;0.00114445;90
150.315;0.000953083;90
-150.844;0.00115768;90
-134.178;0.000886803;90
-131.799;0.00083569;90
-123.167;0.000941365;90
-110.34;0.000932122;90
-87.9942;0.00185714;90
-99.4623;0.00149028;90
-75.8212;0.00155951;90
-71.8353;0.00140818;90
-72.4281;0.00142761;90
-65.0849;0.00125809;90
-61.7617;0.00105677;90
-108.188;0.00102838;90
-147.142;0.000726179;90
-109.348;0.00121036;90
-92.5759;0.00126828;90
-72.9297;0.00116848;90
-123.415;0.000982385;90
-143.877;0.000751464;90
-117.2;0.000726319;90
138.002;0.00409057;90
84.9782;0.00309588;90
64.0463;0.00134127;90
85.8949;0.00251445;90
87.1506;0.00374163;90
90.7363;0.00443537;90
92.3584;0.00398538;90
94.0015;0.00300934;90
117.612;0.00381895;90
111.346;0.00130771;90
144.608;0.00352917;90
146.299;0.00293409;90
95.5525;0.00465082;90
65.3257;0.00162651;90
-71.6914;0.00229519;90
-78.7388;0.00115218;90
-49.3933;0.0148157;90
-69.4473;0.00604155;90
-68.6294;0.0013831;90
-80.22;0.00240191;90
-122.77;0.00157222;90
-137.229;0.00130914;90
-129.198;0.00136393;90
-152.754;0.000489286;90
46.5828;0.00442889;90
-78.8444;0.00167464;90
-77.7588;0.00237705;90
-97.8942;0.00291967;90
174.299;0.000624087;90
101.859;0.00118734;90
-63.01;0.000663236;90
-92.4525;0.00161248;90
-35.0237;0.00177552;90
19.0771;0.000507894;90
-166.108;0.000962142;90
157.38;0.000637;90
114.909;0.00122275;90
-148.899;0.00214305;90
-160.079;0.00237725;90
150.208;0.00181947;90
-118.4;0.00243051;90
-85.576;0.00138713;90
-31.687;0.000896666;90
-51.4188;0.000910806;90
-47.1683;0.000953155;90
-168.275;0.000108259;90
128.815;0.00184426;90
143.287;0.00160921;90
64.679;0.00259535;90
82.4273;0.00344505;90
86.7181;0.00373813;90
89.891;0.00420501;90
93.2156;0.00408243;90
95.0476;0.00325061;90
105.3;0.00169404;90
123.778;0.0028886;90
99.8324;0.00124732;90
13.1066;0.00203296;90
48.2086;0.00358783;90
-8.53449;0.00228429;90
-62.9138;0.00304833;90
22.2798;0.00180149;90
67.2367;0.00454609;90
90.3646;0.00597112;90
104.575;0.00629044;90
104.268;0.00617549;90
106.364;0.00628249;90
121.047;0.00495014;90
137.789;0.00197658;90
148.276;0.00109923;90
145.059;0.00221045;90
148.569;0.00267324;90
146.565;0.00236305;90
140.217;0.00163311;90
129.339;0.00229373;90
-124.766;0.00199394;90
171.59;0.000635838;90
109.959;0.00241399;90
69.6437;0.00114128;90
97.4677;0.00387789;90
-43.0503;0.000997598;90
-61.6582;0.0066206;90
-63.1016;0.0013837;90
-38.7218;0.00129968;90
-32.3992;0.00586023;90
-30.5503;0.00116468;90
-21.1673;0.000855737;90
-44.8449;0.00235114;90
-62.9124;0.00671787;90
-74.7392;0.00533409;90
-75.5724;0.00532596;90
-76.0182;0.00535567;90
-81.6662;0.00473298;90
-101.404;0.00431927;90
-119.945;0.00294287;90
-124.992;0.00191643;90
115.232;0.00309421;90
138.205;0.00273229;90
-133.471;0.00347101;90
-157.692;0.00239204;90
-92.8604;0.0014428;90
-55.3427;0.00230011;90
-76.1565;0.00317214;90
-86.7176;0.00220061;90
-86.6032;0.00354423;90
-88.8641;0.00383375;90
-13.8529;0.000530428;90
-105.128;0.00245612;90
-100.918;0.00729098;90
-75.5267;0.00120835;90
-35.4727;0.0010253;90
-51.5104;0.00110384;90
-77.1154;0.000663712;90
118.501;0.00100591;90
138.2;0.00154532;90
138.586;0.00162812;90
133.765;0.00252567;90
130.653;0.00264015;90
-135.712;0.0011944;90
-101.14;0.00324005;90
-87.656;0.00347191;90
-87.6348;0.00322275;90
-97.1294;0.00162758;90
-72.141;0.00106954;90
-63.4109;0.00106571;90
5.06096;0.000272061;90
106.21;0.004553;90
87.2248;0.0072495;90
77.8144;0.00132178;90
72.0766;0.00177095;90
-50.6192;0.000794363;90
-44.0457;0.00263222;90
-47.0646;0.00233568;90
-40.3708;0.00140182;90
-33.1579;0.000806292;90
-48.4998;0.000891911;90
-63.1226;0.00090249;90
93.9215;0.00741336;90
85.7973;0.00125538;90
89.5776;0.00149204;90
86.4382;0.00172233;90
54.8493;0.00115332;90
141.513;0.000673268;90
-92.6716;0.00622176;90
-101.475;0.00490606;90
-55.4732;0.00096861;90
-33.9014;0.00127832;90
-106.193;0.0005092;90
129.844;0.00190416;90
104.547;0.0019588;90
74.6664;0.0033316;90
85.5461;0.00382455;90
88.3286;0.00380562;90
92.6544;0.00386515;90
92.9169;0.00383196;90
99.6104;0.00235404;90
120.12;0.00269025;90
110.853;0.0021434;90
15.1338;0.00198794;90
46.5722;0.00291225;90
22.1577;0.00226961;90
-56.5225;0.0031399;90
-54.4766;0.00140439;90
-75.8312;0.00303946;90
-73.7683;0.004014;90
-69.359;0.00299848;90
-73.788;0.00436976;90
-64.9986;0.00470376;90
-52.402;0.00404513;90
-55.049;0.00423477;90
-65.0196;0.00540128;90
-65.8753;0.0050205;90
-61.4159;0.00484902;90
-55.2757;0.00459422;90
-60.0532;0.00394234;90
123.214;0.000668159;90
122.319;0.00487999;90
122.737;0.00498717;90
115.327;0.00554719;90
114.317;0.00558553;90
120.321;0.00522932;90
128.457;0.00476583;90
115.336;0.00523226;90
107.077;0.0049377;90
109.666;0.00463539;90
104.569;0.00351813;90
118.275;0.00194848;90
119.729;0.00323247;90
-176.713;0.00204036;90
-128.58;0.00280145;90
-157.987;0.00181426;90
-108.282;0.00142177;90
-55.9875;0.00261185;90
-78.0634;0.00326357;90
-87.1044;0.00362263;90
-87.0383;0.00377404;90
-91.4722;0.00389228;90
-94.6802;0.00410569;90
-106.237;0.0034798;90
-80.5882;0.00149209;90
-38.2961;0.00120537;90
-52.8544;0.00128841;90
128.796;0.00157689;90
144.525;0.00117515;90
108.115;0.000906955;90
68.202;0.00312117;90
85.109;0.00384701;90
87.7916;0.00456739;90
92.0389;0.00441279;90
94.1519;0.00430931;90
109.213;0.00330615;90
118.215;0.00270318;90
21.3467;0.00203566;90
47.1409;0.0028771;90
21.5254;0.00242837;90
-59.7545;0.00339285;90
-48.9353;0.00168973;90
-79.3963;0.00418446;90
-69.198;0.00354509;90
-71.8262;0.00381533;90
-72.1184;0.00422405;90
-59.7003;0.00409892;90
-50.5694;0.00348268;90
-57.5517;0.0040314;90
-65.4111;0.00494107;90
-65.6234;0.00500081;90
-62.0299;0.00474189;90
-55.6778;0.00432387;90
-60.8779;0.00470132;90
-61.5726;0.00472015;90
-59.4643;0.00525709;90
-45.9327;0.00386626;90
-41.9325;0.00350166;90
-48.8287;0.00404519;90
-46.8684;0.00364354;90
-43.74;0.00318346;90
-48.6553;0.00336064;90
-65.0785;0.00431918;90
-77.093;0.00563641;90
-89.7723;0.00578805;90
-85.1719;0.00620201;90
-81.0201;0.00572112;90
-57.8445;0.00432905;90
-42.4795;0.00340872;90
-40.8158;0.00263605;90
-47.7323;0.00258105;90
-57.4881;0.00258989;90
-57.1571;0.0030387;90
-59.7178;0.00335938;90
-55.73;0.00306876;90
-61.3271;0.00314917;90
-66.684;0.00108893;90
-66.6993;0.00250533;90
-49.6175;0.00352222;90
-48.494;0.00362004;90
-49.2342;0.00347643;90
-41.6177;0.00270869;90
-63.997;0.00382967;90
-68.9697;0.00458115;90
-64.2174;0.00468321;90
-46.279;0.00389642;90
-30.541;0.00357962;90
-32.6941;0.00343051;90
-30.3481;0.00323997;90
-40.0156;0.00335305;90
-63.7533;0.00434609;90
-62.7689;0.00388565;90
-44.1027;0.00298011;90
-31.925;0.00287249;90
-53.4938;0.00368627;90
-49.6784;0.00335509;90
-44.126;0.00287402;90
-49.1657;0.00266718;90
-62.5888;0.00420963;90
-65.6714;0.00476735;90
-77.7131;0.00539457;90
-87.051;0.00637544;90
-86.5278;0.00648891;90
-84.3653;0.00563221;90
-81.2115;0.00587093;90
-81.9645;0.00616655;90
-81.6292;0.00639513;90
-82.9661;0.00632057;90
-86.3706;0.0063347;90
-82.1411;0.00633348;90
-76.8366;0.0067668;90
-76.3181;0.00627403;90
-68.7973;0.00557971;90
-65.0865;0.00508962;90
-64.7019;0.0050968;90
-67.5754;0.00519049;90
-73.4869;0.00536529;90
-74.855;0.00584087;90
-62.9544;0.00538598;90
-27.7539;0.00347023;90
-17.1015;0.0033564;90
-11.9381;0.00334535;90
-9.83678;0.00304375;90
-28.3457;0.0033678;90
-40.4019;0.00380162;90
-63.0356;0.00481214;90
-81.3911;0.00660037;90
-84.2314;0.00648685;90
-79.5991;0.00640321;90
-72.5434;0.00596366;90
-55.7839;0.00480335;90
-51.7257;0.00461879;90
-51.2142;0.00440286;90
-47.0461;0.00423827;90
-55.7005;0.00495459;90
-29.8384;0.00357146;90
-21.8392;0.0033817;90
-20.9498;0.0034233;90
-21.5033;0.00349743;90
-21.2816;0.00343848;90
-37.9279;0.00380205;90
-56.9125;0.00490549;90
-60.3938;0.00532756;90
-60.1563;0.00503582;90
-60.3006;0.00499749;90
-65.3224;0.0054178;90
-72.963;0.00596267;90
-74.2236;0.00582233;90
-74.6872;0.00618353;90
-79.1069;0.00657752;90
-80.7744;0.00640586;90
-80.424;0.00671456;90
-80.5509;0.00641403;90
-81.5685;0.00645173;90
-84.797;0.00669358;90
-86.3959;0.00655396;90
-86.4221;0.00671409;90
-87.0268;0.00669001;90
-91.1653;0.00727751;90
-95.2693;0.00644624;90
-96.6969;0.00647417;90
-96.4123;0.00632155;90
-94.3453;0.00518691;90
-82.5815;0.00496456;90
-50.3742;0.0037145;90
-44.3908;0.00392396;90
-42.5171;0.00426008;90
-42.6137;0.00429657;90
-40.2429;0.00362368;90
-57.4795;0.00320684;90
-78.9159;0.00263719;90
-15.9917;0.00186934;90
-16.4313;0.00286709;90
-2.02157;0.00326003;90
25.8753;0.00330649;90
48.6869;0.00406863;90
65.9147;0.00478564;90
66.9822;0.00482842;90
65.2577;0.00365558;90
49.5218;0.0013633;90
10.9197;0.00126694;90
-13.3598;0.00154069;90
-30.3272;0.00128134;90
-26.8995;0.000919487;90
-32.4786;0.0011937;90
-59.6322;0.00196222;90
-51.8837;0.00141594;90
-57.89;0.00180041;90
-53.5877;0.00165265;90
-49.0838;0.00161843;90
-55.3642;0.00280633;90
-68.8272;0.00404506;90
-70.605;0.00466154;90
-76.4396;0.00595809;90
-75.0048;0.0068834;90
-70.9219;0.00633918;90
-70.5207;0.00607258;90
-64.027;0.00558287;90
-69.6954;0.00613524;90
-72.5744;0.00635463;90
-55.7991;0.00485326;90
-69.9498;0.00554188;90
-84.4258;0.00639323;90
-95.741;0.0118163;90
-103.281;0.003552;90
-105.316;0.00306278;90
-116.979;0.00204337;90
-117.519;0.000859217;90
-106.93;0.000903142;90
-94.1758;0.00429841;90
-56.1758;0.00248811;90
-43.8427;0.000840214;90
-34.9337;0.00161012;90
-22.1156;0.00108373;90
74.7636;0.00160958;90
-32.3525;0.00096239;90
-36.8461;0.0009622;90
75.385;0.00122462;90
107.64;0.000980084;90
106.801;0.00241823;90
76.2349;0.00235772;90
161.985;0.000517363;90
122.356;0.00159575;90
110.793;0.0029662;90
106.474;0.00183013;90
-124.724;0.00187491;90
98.495;0.00126589;90
71.4234;0.00434751;90
83.8697;0.0108531;90
92.0297;0.00688932;90
93.3747;0.00285395;90
75.4886;0.00365562;90
81.0296;0.00405965;90
76.3606;0.00339679;90
88.4227;0.00334227;90
85.1198;0.00371447;90
86.3943;0.00352999;90
70.9807;0.00530247;90
100.675;0.00249416;90
97.5608;0.00335921;90
89.7972;0.00423703;90
92.3304;0.00403334;90
-26.2379;0.00148835;90
-20.4037;0.00264175;90
-5.03849;0.00169656;90
51.3905;0.00177882;90
-54.3694;0.00143334;90
-9.33839;0.00114011;90
-41.6335;0.00110783;90
-8.28306;0.0010065;90
-9.58453;0.000924911;90
-21.0061;0.00131114;90
-82.7542;0.00111793;90
-85.4346;0.00134427;90
-98.3016;0.00132286;90
86.1899;0.00189619;90
91.5213;0.00184565;90
49.6213;0.00153588;90
83.2762;0.00143487;90
96.2563;0.00339522;90
112.411;0.00274102;90
139.575;0.00226075;90
114.842;0.00156148;90
87.1717;0.00310078;90
92.1394;0.00174121;90
84.5492;0.00208443;90
88.0908;0.0016209;90
75.0785;0.00185247;90
96.8075;0.00161136;90
89.0268;0.00223732;90
91.3852;0.0040952;90
88.6073;0.00123436;90
80.3418;0.00211599;90
85.4067;0.00223518;90
81.6147;0.00327097;90
78.1642;0.00318369;90
27.4699;0.00178416;90
25.9444;0.00264229;90
23.1448;0.00279604;90
32.6832;0.00304633;90
47.3195;0.00347686;90
47.6677;0.00381332;90
47.6549;0.0029157;90
42.1451;0.00323691;90
21.158;0.00262924;90
11.9776;0.0023563;90
-35.2311;0.00306305;90
-32.419;0.00311319;90
-30.8341;0.00257729;90
-31.9409;0.00207166;90
-33.2066;0.00236644;90
-50.5763;0.00213212;90
-39.4864;0.00130997;90
-27.7131;0.00111602;90
-31.2415;0.00141522;90
-31.5348;0.000774355;90
13.5139;0.000611943;90
63.0014;0.00171377;90
-27.3568;0.00126216;90
93.0522;0.00107052;90
101.267;0.00314257;90
119.025;0.00224037;90
160.063;0.00171265;90
-179.913;0.001968;90
175.517;0.00223885;90
-162.418;0.00233718;90
-163.059;0.00234057;90
147.209;0.0033938;90
145.574;0.00334845;90
164.855;0.00265626;90
-158.442;0.00266977;90
-145.179;0.00293688;90
-132.506;0.00357428;90
-135.503;0.00322453;90
-132.983;0.00363607;90
-136.034;0.00388053;90
-159.486;0.0030419;90
-160.669;0.00256777;90
-142.996;0.00214001;90
-101.957;0.00340283;90
-98.427;0.00349372;90
-122.065;0.00202492;90
-130.309;0.00230014;90
-174.245;0.00167544;90
152.468;0.00235805;90
141.466;0.00263731;90
149.247;0.00246805;90
160.721;0.00212623;90
-177.032;0.00235616;90
175.325;0.00269898;90
-179.748;0.00318903;90
171.285;0.00223076;90
-163.515;0.00240694;90
-151.098;0.00182078;90
165.279;0.00182594;90
126.887;0.0027406;90
91.4787;0.00162754;90
172.981;0.000941053;90
172.137;0.000423986;90
-53.7309;0.00402482;90
-87.381;0.00332647;90
-119.251;0.00158398;90
-95.863;0.00332841;90
-99.5996;0.00308824;90
-120.045;0.00333745;90
-113.268;0.00315674;90
-87.2807;0.00274009;90
-62.2776;0.00221416;90
-103.038;0.00228285;90
-75.533;0.00654865;90
-75.2586;0.00689702;90
-72.3988;0.00619398;90
-69.2593;0.00526629;90
-65.769;0.00485361;90
-66.237;0.00542493;90
-72.8169;0.00597782;90
-64.158;0.00499667;90
-61.3673;0.00534231;90
-80.1863;0.00664727;90
-91.5829;0.00597328;90
-95.8964;0.00604498;90
-95.0049;0.00621269;90
-94.8326;0.00579259;90
-102.266;0.00510248;90
-85.07;0.00168724;90
-29.2042;0.00197162;90
5.25449;0.000949992;90
69.1748;0.00139515;90
-43.3179;0.00137309;90
13.7923;0.000683714;90
97.9003;0.0018334;90
90.8504;0.00437948;90
131.288;0.00237024;90
113.414;0.00213151;90
104.35;0.0024773;90
-136.237;0.000654934;90
-134.061;0.00125104;90
76.5629;0.0039892;90
78.9561;0.00422321;90
84.4355;0.00944652;90
100.263;0.0124431;90
127.65;0.00158635;90
121.987;0.00233327;90
109.78;0.00946762;90
111.534;0.00250376;90
116.989;0.00495124;90
113.079;0.00542087;90
109.252;0.00662976;90
107.221;0.00668782;90
102.265;0.00666103;90
108.928;0.00293786;90
62.281;0.00168768;90
109.281;0.00205634;90
92.3088;0.00340076;90
67.69;0.00284496;90
59.8204;0.00284457;90
74.8553;0.00354823;90
79.3542;0.00336695;90
75.0697;0.00341944;90
98.5518;0.00107596;90
138.551;0.000981935;90
127.21;0.000808614;90
132.532;0.00128105;90
149.824;0.00229384;90
177.728;0.000504397;90
-160.249;0.00134938;90
-155.213;0.00167204;90
-170.718;0.00140743;90
-149.125;0.00166611;90
-142.399;0.00086207;90
-105.027;0.00301614;90
-115.169;0.00200098;90
-138.325;0.000914414;90
-101.64;0.00105571;90
93.2397;0.00196414;90
8.15735;0.00148705;90
82.0795;0.0023585;90
96.9373;0.00230991;90
15.9283;0.00138102;90
20.235;0.00167114;90
19.5175;0.00246037;90
18.6591;0.00226294;90
-1.83886;0.00190098;90
-67.3036;0.000749001;90
140.964;0.00095268;90
-172.508;0.00253867;90
-155.878;0.000619059;90
-161.538;0.0013231;90
-161.964;0.00172475;90
-156.824;0.00196671;90
-144.139;0.00146463;90
-127.043;0.00224761;90
-118.364;0.00176602;90
-142.719;0.000863422;90
128.8;0.000255345;90
-84.5362;0.00103972;90
-62.4701;0.00183249;90
-48.5575;0.00107121;90
-56.7492;0.00198977;90
-53.0681;0.001849;90
-57.4865;0.0019721;90
-70.1448;0.00122481;90
-56.8255;0.00181838;90
-75.4681;0.0102623;90
-24.2939;0.00126392;90
-79.2974;0.00390391;90
-76.2839;0.0225717;90
-75.4731;0.00351229;90
-89.6568;0.00267105;90
-75.4173;0.00910326;90
-30.047;0.00265823;90
-48.2574;0.0030986;90
-57.2807;0.00389622;90
-68.0856;0.00404854;90
-83.6542;0.0145572;90
-98.3644;0.00345778;90
-107.583;0.0032341;90
-84.7738;0.00130643;90
55.0156;0.0018418;90
-77.0512;0.0022492;90
-68.5136;0.00236431;90
-59.6337;0.00172691;90
-34.2385;0.00124591;90
-101.606;0.00163034;90
-143.351;0.00119281;90
-78.0633;0.00129091;90
-44.5949;0.000900169;90
118.177;0.00244812;90
55.283;0.00249156;90
142.582;0.00171488;90
117.792;0.00271521;90
101.568;0.00287235;90
166.759;0.00057632;90
-124.143;0.00150911;90
75.1575;0.00274044;90
84.9371;0.020748;90
90.6752;0.0028852;90
84.8884;0.00118973;90
73.2007;0.00109681;90
78.3469;0.00651529;90
82.746;0.00126714;90
85.1977;0.00160062;90
88.8171;0.00348774;90
85.7163;0.00649314;90
79.1041;0.00124851;90
66.9322;0.00184013;90
90.1259;0.00682802;90
95.9734;0.00143177;90
94.0972;0.00176351;90
87.9844;0.00597069;90
-40.9024;0.000722388;90
-25.5495;0.00085789;90
5.33833;0.00529898;90
89.8375;0.00141001;90
74.7151;0.00202565;90
62.8908;0.00339048;90
63.649;0.00371056;90
111.601;0.000847519;90
114.038;0.000851876;90
83.5503;0.00352531;90
75.3236;0.00112883;90
82.8201;0.00220025;90
96.864;0.00149773;90
75.534;0.000840652;90
114.699;0.00310397;90
146.935;0.001908;90
128.065;0.000661744;90
132.66;0.00112595;90
156.046;0.00131528;90
128.955;0.000940022;90
115.906;0.00206;90
131.921;0.00172429;90
149.162;0.00243066;90
161.173;0.00217222;90
-171.872;0.00451233;90
146.182;0.00148771;90
-179.417;0.00157208;90
177.547;0.0022901;90
-171.046;0.00389345;90
-154.201;0.00100408;90
-179.27;0.00133511;90
140.091;0.00212759;90
123.201;0.00217506;90
125.682;0.00134069;90
-32.0888;0.000873439;90
114.583;0.000374989;90
-62.4922;0.00279949;90
-22.3466;0.00362958;90
15.0278;0.00114931;90
17.7532;0.00204645;90
-0.0190099;0.003014;90
-1.33035;0.00284277;90
-4.45837;0.00294591;90
-3.80839;0.00267992;90
-23.0975;0.00238085;90
-34.8237;0.00259345;90
-56.1312;0.0016006;90
-69.5647;0.00216527;90
-75.2485;0.00221501;90
-78.3149;0.00314518;90
-73.9009;0.00128021;90
-97.7403;0.00343025;90
-21.9319;0.000896911;90
10.7766;0.00208579;90
-16.5279;0.00112133;90
-88.3709;0.00175871;90
-104.86;0.00237855;90
-87.3308;0.00367198;90
-64.5149;0.00147115;90
-39.5935;0.0022139;90
-65.17;0.00233374;90
-73.337;0.00363045;90
-40.238;0.00210383;90
-55.5733;0.0019846;90
-51.3496;0.00191172;90
-38.3604;0.00185303;90
-27.6823;0.0019954;90
-148.732;0.001549;90
127.531;0.00244256;90
152.027;0.00185694;90
145.303;0.00165659;90
158.755;0.00162547;90
153.209;0.00124684;90
-131.158;0.000759726;90
165.017;0.00151242;90
172.511;0.00128899;90
140.432;0.00114287;90
164.218;0.000963314;90
142.614;0.00148886;90
-164.59;0.00107256;90
-159.518;0.00208053;90
155.536;0.00233021;90
148.226;0.00180795;90
-99.9084;0.0012669;90
91.6563;0.00290621;90
116.857;0.0028953;90
134.047;0.0029745;90
120.174;0.00289877;90
149.153;0.00276748;90
151.867;0.00271247;90
-179.422;0.00257913;90
-153.356;0.00293238;90
-177.905;0.00429387;90
163.47;0.00117037;90
-158.326;0.00192511;90
176.721;0.000576945;90
108.608;0.00492337;90
118.812;0.0045275;90
127.25;0.00177764;90
118.864;0.00113728;90
114.452;0.00115236;90
-61.9804;0.00165612;90
-54.699;0.00287088;90
-54.7305;0.0015396;90
-67.7478;0.00448394;90
-70.7613;0.00516229;90
-76.8927;0.00674677;90
-74.4423;0.00730775;90
-70.4319;0.00697166;90
-68.2411;0.00625571;90
-64.4115;0.00621896;90
-74.2925;0.00760915;90
-60.1451;0.00555639;90
-74.549;0.0119551;90
-92.6041;0.0050402;90
-94.5917;0.00871898;90
-95.7543;0.00731084;90
-98.4548;0.00850847;90
-24.8087;0.000714983;90
-35.2611;0.00170967;90
54.6503;0.0014173;90
-16.3751;0.00111732;90
-6.38416;0.000863354;90
89.8072;0.00118901;90
-152.267;0.00146985;90
-155.472;0.00192468;90
171.625;0.000563004;90
155.408;0.00122072;90
113.663;0.00087453;90
78.4496;0.00443991;90
82.5905;0.00609489;90
84.2081;0.00672835;90
87.6984;0.0139693;90
102.233;0.0063901;90
121.133;0.00504808;90
114.976;0.00556548;90
104.67;0.00662599;90
117.054;0.00539315;90
111.221;0.00593439;90
109.032;0.00564877;90
107.509;0.00586995;90
102.816;0.0059687;90
104.74;0.0046614;90
85.8172;0.00193315;90
96.7245;0.00159699;90
103.569;0.00279604;90
72.9788;0.00315312;90
61.7927;0.00282442;90
70.062;0.0032551;90
81.0103;0.00314868;90
75.3483;0.00304812;90
73.5215;0.00196365;90
127.16;0.00225483;90
118.654;0.00115324;90
67.215;0.00165516;90
-132.082;0.000763959;90
47.1345;0.000892281;90
133.857;0.000815456;90
-139.756;0.00125377;90
170.967;0.0010318;90
175.58;0.00121963;90
-154.972;0.00156715;90
-152.796;0.00148305;90
-154.115;0.00154389;90
-172.627;0.00151956;90
-132.202;0.0019412;90
-153.943;0.0012111;90
-119.753;0.00174504;90
146.153;0.000807924;90
120.29;0.00145921;90
124.664;0.00128875;90
-123.699;0.00178613;90
-131.672;0.00149806;90
173.518;0.000894719;90
-166.385;0.000726414;90
-174.378;0.000581799;90
-174.472;0.000498317;90
-157.464;0.000941924;90
-174.058;0.000540907;90
-179.934;0.000874001;90
-164.941;0.000461861;90
-170.722;0.000614033;90
167.634;0.000457617;90
159.755;0.000560635;90
-132.99;0.00167334;90
-114.447;0.00181469;90
172.42;0.000750558;90
154.989;0.000577118;90
177.787;0.000621464;90
-173.237;0.000687786;90
-145.085;0.00128415;90
-141.032;0.000726687;90
-138.635;0.00102596;90
-157.43;0.000789462;90
102.496;0.00112771;90
72.6334;0.00108548;90
85.1538;0.00357478;90
90.8064;0.00163416;90
100.754;0.00151664;90
-157.159;0.000716159;90
134.776;0.000904396;90
-170.525;0.000722862;90
-140.973;0.000706701;90
-116.413;0.0010116;90
128.109;0.000860401;90
97.0833;0.0010218;90
102.948;0.00127645;90
117.297;0.00150455;90
131.568;0.00108665;90
126.763;0.0017076;90
135.284;0.00156768;90
84.5093;0.00274861;90
77.9804;0.00117169;90
78.0329;0.00169279;90
68.4525;0.00469405;90
68.6874;0.00148023;90
100.604;0.000891219;90
75.4591;0.00572746;90
50.9645;0.00104795;90
114.437;0.0013005;90
91.9125;0.00284659;90
93.0327;0.00453635;90
98.7116;0.0025221;90
66.3356;0.0032787;90
71.1235;0.00119;90
45.6421;0.00170353;90
-28.6302;0.000694974;90
-14.1854;0.000559047;90
41.7391;0.000721002;90
54.0089;0.00139536;90
3.33666;0.00079034;90
39.0484;0.00140482;90
31.0403;0.00064192;90
67.7233;0.000783476;90
68.0301;0.00101037;90
73.3253;0.00223394;90
80.8423;0.00234995;90
53.6577;0.00184608;90
42.4883;0.000951973;90
39.9103;0.00168177;90
39.6798;0.000991392;90
15.3833;0.00137216;90
-8.51911;0.000729044;90
-59.37;0.000883233;90
-53.7969;0.000910862;90
80.5108;0.00245661;90
60.9692;0.00187109;90
-22.8724;0.00129155;90
-5.17409;0.0012752;90
2.29061;0.0011259;90
-9.74777;0.00151791;90
-2.31019;0.00163733;90
-17.0658;0.00205132;90
-28.0092;0.00234235;90
-9.08257;0.00176108;90
-71.8607;0.00306429;90
-34.8954;0.0018459;90
-28.5205;0.00208389;90
-15.1275;0.000866009;90
86.6607;0.00235199;90
82.5344;0.00173168;90
80.3706;0.00118368;90
83.4142;0.00170022;90
83.3474;0.00105309;90
91.0569;0.00184331;90
108.505;0.00103343;90
79.1822;0.00143856;90
56.0635;0.000902783;90
52.9233;0.00249302;90
118.06;0.00210888;90
178.193;0.00082441;90
158.229;0.00104342;90
177.847;0.000984695;90
165.688;0.000857616;90
159.408;0.000554424;90
172.416;0.00071223;90
168.768;0.000867619;90
-160.902;0.000492083;90
115.13;0.0012857;90
136.918;0.000929659;90
105.217;0.00143636;90
82.0469;0.000961246;90
79.1318;0.00150092;90
77.3073;0.00182049;90
81.4986;0.00183314;90
87.2128;0.0022827;90
74.3785;0.00223558;90
71.5923;0.00199508;90
75.1926;0.00434324;90
74.6097;0.00107764;90
65.7148;0.00191111;90
67.5963;0.00609504;90
65.8991;0.00100895;90
75.2518;0.00187373;90
88.6028;0.00328098;90
90.8737;0.00275432;90
89.8374;0.00246701;90
84.8371;0.00280036;90
67.9797;0.000874817;90
-15.3915;0.0011793;90
1.90915;0.0010806;90
34.6456;0.000731751;90
17.4774;0.000775815;90
15.3448;0.00100897;90
50.9464;0.0016586;90
-7.00234;0.000926914;90
-19.0735;0.000936409;90
-55.5906;0.00136966;90
-53.3301;0.00177661;90
-61.4863;0.00174917;90
-59.0073;0.00169732;90
-50.2915;0.00158715;90
-36.6279;0.00113641;90
-36.939;0.0013262;90
-67.6331;0.00212594;90
-94.1483;0.00273717;90
-62.7452;0.00282346;90
-28.0428;0.00124859;90
-15.8845;0.00129339;90
-70.4394;0.0021087;90
-40.3914;0.000976844;90
98.5868;0.00202267;90
117.065;0.00133185;90
94.8638;0.00175733;90
88.4657;0.00100836;90
90.601;0.00114406;90
84.5623;0.0010447;90
79.9041;0.000981193;90
47.8515;0.000739135;90
90.3626;0.00126403;90
156.862;0.000987425;90
125.096;0.000994877;90
113.394;0.00153629;90
128.594;0.00298495;90
132.316;0.000906091;90
112.369;0.000861854;90
108.988;0.0014076;90
153.533;0.00104782;90
92.3367;0.00179049;90
78.3948;0.00110356;90
77.8767;0.00196175;90
-39.3246;0.00114405;90
-9.37492;0.000969955;90
-57.516;0.00137041;90
-48.4038;0.00165543;90
-1.0298;0.00105717;90
-1.30856;0.00118231;90
2.22678;0.00118389;90
3.14548;0.00120281;90
21.0637;0.00125485;90
-36.8627;0.0015936;90
-8.74616;0.00122322;90
-19.0044;0.00114543;90
20.2525;0.000817544;90
-29.6662;0.00126478;90
-45.1561;0.000778527;90
-62.9682;0.00214088;90
-90.7326;0.00305025;90
-65.9856;0.0015677;90
53.1045;0.0017906;90
16.1998;0.00117568;90
36.4927;0.00136703;90
25.7293;0.00128766;90
34.2507;0.00178567;90
26.3589;0.00136714;90
14.0362;0.00109675;90
-9.94135;0.00074722;90
23.5861;0.000757262;90
-12.4362;0.000738324;90
-19.0653;0.00051738;90
24.2385;0.000484732;90
-61.649;0.00100448;90
-96.2369;0.00140834;90
-119.939;0.00128439;90
-118.296;0.00149572;90
-119.514;0.00184317;90
148.997;0.00126;90
125.913;0.00129398;90
-178.438;0.000660245;90
-130.373;0.000788874;90
-107.786;0.00354546;90
-90.7569;0.00174115;90
-132.168;0.00157453;90
-133.771;0.00164794;90
-137.982;0.00180769;90
-137.204;0.00126878;90
-113.228;0.00179772;90
-88.6056;0.00250674;90
-113.643;0.00167565;90
-113.793;0.00291253;90
-111.874;0.00102263;90
-110.624;0.000985136;90
-89.1618;0.00157217;90
-93.8541;0.00142823;90
-95.0165;0.00265316;90
-90.0987;0.002323;90
-82.562;0.00188486;90
-93.7024;0.00218356;90
-90.6198;0.00212612;90
-92.7474;0.00206537;90
-113.016;0.0020589;90
-106.677;0.00146356;90
-101.993;0.00141488;90
-107.812;0.00087284;90
-136.475;0.00145642;90
-125.727;0.00112342;90
-140.483;0.00104351;90
178.091;0.000870483;90
155.394;0.000876604;90
121.619;0.000989955;90
112.096;0.00108466;90
98.7771;0.0022544;90
-155.531;0.00133269;90
-109.217;0.00125175;90
-125.405;0.00070423;90
-157.61;0.00132055;90
147.247;0.00234004;90
105.745;0.00133405;90
83.7113;0.0018441;90
97.5919;0.00138514;90
113.586;0.0012221;90
-123.828;0.00126638;90
-119.968;0.00111508;90
-151.492;0.00168875;90
-116.095;0.00119813;90
-107.987;0.00129531;90
-130.391;0.00165432;90
-86.9079;0.00155727;90
-62.0386;0.00157824;90
-66.5683;0.00177541;90
-66.1378;0.00150789;90
-84.0682;0.00229328;90
-79.7544;0.00224886;90
-32.0779;0.000670343;90
66.6017;0.000866234;90
75.0839;0.000963465;90
-5.07961;0.000903549;90
52.8619;0.00128201;90
84.6452;0.00168234;90
78.5339;0.00143871;90
-28.945;0.000710788;90
-36.7057;0.00146561;90
58.5166;0.00105888;90
86.959;0.0012818;90
87.6559;0.00102686;90
9.35015;0.00117562;90
-31.6742;0.00078844;90
-71.5269;0.00142334;90
-70.7931;0.00185421;90
20.6383;0.000896536;90
41.2395;0.000603755;90
-10.1972;0.000666528;90
41.3309;0.000817677;90
66.4677;0.000879111;90
54.7691;0.00123771;90
74.8995;0.0014625;90
52.9444;0.000987405;90
51.8295;0.00096925;90
27.6074;0.000688376;90
48.8469;0.00114881;90
77.251;0.00160866;90
65.0891;0.000914038;90
85.0385;0.00211593;90
20.7494;0.000485489;90
54.8603;0.000953835;90
39.5488;0.000885768;90
76.7223;0.00141071;90
26.7978;0.000880571;90
26.7749;0.000854631;90
73.4388;0.00143138;90
50.8196;0.00122039;90
12.7692;0.000723903;90
-0.171801;0.000667003;90
35.7644;0.000704931;90
65.8894;0.00098164;90
70.416;0.00143501;90
65.9422;0.00219792;90
69.364;0.00134211;90
65.994;0.00147235;90
-72.6274;0.000921014;90
-95.0061;0.00170751;90
-71.0473;0.00181965;90
11.7853;0.000685449;90
75.2983;0.0016707;90
82.5129;0.00119721;90
74.195;0.00168157;90
78.5763;0.00158031;90
68.5618;0.0012011;90
59.7238;0.0010433;90
60.3114;0.00100952;90
49.3297;0.00117077;90
-42.8613;0.000852658;90
-98.3175;0.00168674;90
-57.048;0.000968864;90
31.0422;0.00087653;90
51.2494;0.00177336;90
47.0673;0.00105852;90
-2.70754;0.00101613;90
29.6524;0.00153617;90
29.271;0.00107988;90
73.0339;0.00129538;90
36.9265;0.0018226;90
71.1925;0.00136171;90
29.8904;0.0010254;90
31.9448;0.0010017;90
-5.92276;0.000591156;90
-22.3909;0.000577543;90
-11.5745;0.000976865;90
62.9097;0.00136585;90
45.4735;0.000941191;90
20.8349;0.000913751;90
-31.2159;0.000584644;90
-8.60009;0.00110341;90
13.2521;0.000850652;90
-11.8107;0.00121165;90
-23.9253;0.00125263;90
-79.2287;0.00185671;90
-90.9857;0.00290643;90
52.1118;0.00113658;90
35.3468;0.000767471;90
2.51688;0.000546527;90
-8.28449;0.000839763;90
-11.8604;0.000939047;90
-43.7905;0.00110545;90
-16.3323;0.00101704;90
12.6665;0.000902976;90
-82.9477;0.00146609;90
-123.716;0.00244651;90
-115.404;0.0020093;90
-127.128;0.00177602;90
-109.848;0.00144908;90
-56.2554;0.00116654;90
-50.1944;0.00117935;90
-31.2325;0.000950799;90
-12.0712;0.000679014;90
8.6226;0.000493579;90
49.4029;0.00148294;90
17.2744;0.000686988;90
-49.5582;0.00113;90
42.5231;0.00111261;90
53.4249;0.00217663;90
-31.7805;0.00132342;90
-21.0796;0.000781282;90
-2.62641;0.000763802;90
-23.5214;0.000699087;90
-5.92062;0.00067862;90
-42.2675;0.000622962;90
-33.3106;0.00121454;90
-4.3538;0.000684977;90
-93.6968;0.00136484;90
-85.0762;0.00178258;90
-79.9712;0.00159639;90
-128.605;0.000818976;90
-118.427;0.00141797;90
-111.903;0.00146365;90
-144.706;0.00114923;90
-152.609;0.000558628;90
-105.892;0.000891058;90
-121.393;0.000733348;90
-110.244;0.00088145;90
-121.29;0.00183489;90
-106.995;0.00140956;90
-130.222;0.000933798;90
-163.656;0.000572121;90
-121.069;0.000842917;90
-104.862;0.00153226;90
-117.105;0.00360828;90
-94.6305;0.00218012;90
-103.867;0.00148117;90
-138.188;0.00133496;90
-145.308;0.00114202;90
-121.855;0.00174126;90
-119.567;0.00171652;90
-122.175;0.00207697;90
-97.6696;0.00237525;90
-87.0852;0.00218282;90
-74.8079;0.00263302;90
-76.36;0.00273514;90
-94.1065;0.00175952;90
-100.625;0.00134506;90
-104.854;0.00191914;90
-101.979;0.00211506;90
-107.886;0.00145218;90
-123.215;0.00120485;90
-105.661;0.00149656;90
-118.103;0.00119941;90
-82.1647;0.00294146;90
-84.4155;0.00203466;90
-87.0492;0.00155406;90
-35.1286;0.000928029;90
-45.8946;0.0010417;90
-100.44;0.0014073;90
-103.385;0.0022419;90
-114.713;0.00134189;90
-117.304;0.00159579;90
-50.8746;0.00105702;90
-17.5827;0.000956695;90
-34.0906;0.00083318;90
-52.7246;0.000989025;90
-5.64517;0.000609958;90
-69.5544;0.00139701;90
-116.919;0.0007245;90
-94.6962;0.00218634;90
-84.1316;0.00223974;90
-113.09;0.00180021;90
-118.837;0.00214384;90
-158.878;0.00117386;90
-121.202;0.00164846;90
-110.836;0.0020383;90
-110.754;0.00250879;90
-90.8191;0.00237824;90
-89.263;0.00264322;90
-101.857;0.00248706;90
-91.5791;0.0029031;90
-88.1585;0.00273841;90
-99.5745;0.00243492;90
-105.1;0.00229939;90
-163.509;0.00108149;90
157.4;0.00130631;90
134.503;0.00130537;90
157.675;0.0011794;90
-139.075;0.00134336;90
-128.633;0.00100748;90
-169.076;0.000960403;90
150.242;0.00106782;90
141.276;0.00126126;90
153.221;0.00107645;90
-168.319;0.000938435;90
172.639;0.000842947;90
158.095;0.000924764;90
177.174;0.000790962;90
-161.877;0.00087122;90
-157.091;0.000960781;90
118.079;0.00110053;90
95.3932;0.00138312;90
146.878;0.00117491;90
167.704;0.00138988;90
139.687;0.00153177;90
-131.065;0.00142181;90
-98.3923;0.00290511;90
-88.6271;0.00242069;90
-97.163;0.00186858;90
-112.362;0.000872624;90
-93.9926;0.00153673;90
-87.1886;0.00201843;90
-104.036;0.00213577;90
-103.494;0.00140992;90
-103.195;0.00171734;90
-96.7007;0.00219399;90
-125.731;0.00210282;90
-143.472;0.00130542;90
123.751;0.00104395;90
130.217;0.00105159;90
140.649;0.00079014;90
156.497;0.000544142;90
156.738;0.00106345;90
-91.0022;0.00171526;90
-43.8326;0.000971766;90
-90.8661;0.00224926;90
-101.092;0.00128908;90
-136.205;0.000638659;90
-127.321;0.000762024;90
-140.072;0.000959767;90
-122.487;0.000832234;90
-127.966;0.000773742;90
-157.333;0.000934154;90
148.252;0.001203;90
-156.094;0.000616925;90
-132.183;0.00132389;90
-97.1575;0.00174963;90
-115.579;0.00187142;90
-117.165;0.00230641;90
-137.847;0.00120994;90
-140.339;0.00142109;90
-68.0461;0.000906754;90
-109.395;0.00120753;90
-94.59;0.00156201;90
-84.0587;0.0015071;90
-90.7888;0.00138013;90
-104.595;0.00131752;90
-108.696;0.00124785;90
-117.615;0.00131816;90
-125.556;0.000715388;90
-107.997;0.00128171;90
-98.1575;0.00147997;90
126.096;0.00232541;90
99.0245;0.00189344;90
33.376;0.00121426;90
59.572;0.001394;90
40.3341;0.000860572;90
62.7126;0.00134801;90
70.9201;0.00137663;90
77.125;0.00114888;90
113.102;0.000932802;90
135.436;0.00111443;90
67.1955;0.00095462;90
39.1693;0.00114152;90
97.6481;0.00134496;90
106.795;0.00102784;90
51.0213;0.00120662;90
48.3852;0.00126935;90
46.5113;0.00083114;90
74.8843;0.00108142;90
61.6796;0.00118254;90
90.7265;0.0011831;90
69.2277;0.00108556;90
51.5056;0.000649061;90
30.0835;0.000524676;90
66.0778;0.00129964;90
76.5023;0.00110965;90
61.275;0.00131709;90
68.4952;0.00193683;90
89.5919;0.00210605;90
75.6492;0.00172276;90
77.7973;0.002744;90
97.7396;0.00373502;90
113.075;0.00194675;90
135.748;0.00129977;90
136.577;0.00120749;90
115.615;0.00137627;90
88.3704;0.00186375;90
103.077;0.00114469;90
82.2611;0.00186398;90
77.8666;0.00176032;90
94.5622;0.00214981;90
68.2644;0.00113144;90
90.3852;0.00163604;90
91.0248;0.00173328;90
88.5114;0.00103935;90
92.454;0.00133122;90
96.7848;0.00129507;90
90.2789;0.00143802;90
117.319;0.00200458;90
68.4281;0.00199364;90
67.1187;0.00215779;90
82.8138;0.00302174;90
78.6711;0.00296783;90
55.9055;0.0015324;90
61.8747;0.00165888;90
82.5922;0.00251297;90
85.2884;0.0030192;90
88.72;0.00290973;90
84.6034;0.00266883;90
80.992;0.00277827;90
63.6446;0.0028112;90
87.3062;0.00259587;90
99.6736;0.00245186;90
116.548;0.00151024;90
117.329;0.00181227;90
-165.788;0.00126677;90
111.298;0.00188042;90
128.703;0.00125064;90
-174.507;0.0010237;90
134.833;0.00121128;90
173.303;0.00051451;90
-114.452;0.00115236;90
164.212;0.000698344;90
-158.246;0.000677231;90
-167.891;0.000858091;90
-155.546;0.000946947;90
171.38;0.000860722;90
-129.322;0.00110781;90
-168.366;0.000833115;90
177.487;0.000843812;90
-156.329;0.000779593;90
165.995;0.000884285;90
-126.216;0.00122708;90
-125.275;0.00114284;90
-128.447;0.00117725;90
-104.386;0.0014288;90
-116.565;0.00146686;90
104.945;0.00134551;90
102.054;0.00208293;90
-176.418;0.000688344;90
-122.503;0.00083001;90
-137.321;0.000960332;90
-95.5159;0.00190382;90
-79.8481;0.00214458;90
-96.6855;0.00137435;90
-93.3156;0.00112388;90
-127.414;0.000905241;90
-156.199;0.000612053;90
-112.163;0.00126442;90
-108.612;0.00132848;90
-133.741;0.00115852;90
-97.4115;0.00124036;90
126.365;0.00154486;90
-165.159;0.00114003;90
132.637;0.00108067;90
-135.478;0.00135486;90
114.68;0.00138667;90
-165.322;0.00101823;90
-150.827;0.000707778;90
-171.997;0.000639226;90
172.829;0.000464634;90
131.175;0.000985781;90
171.887;0.000481823;90
170.169;0.00104839;90
-100.817;0.00191299;90
-92.6542;0.00181395;90
-96.0142;0.00174661;90
-130.625;0.00128857;90
-118.578;0.00166824;90
-87.0363;0.00177938;90
-114.447;0.00142803;90
-111.191;0.00270276;90
11.1257;0.000792902;90
49.2046;0.000800478;90
-60.4847;0.000990549;90
-92.9609;0.00191656;90
-123.623;0.000949925;90
31.3853;0.00116554;90
89.5756;0.00162004;90
60.963;0.001265;90
58.0693;0.00121953;90
66.0607;0.0010055;90
30.2032;0.000542669;90
62.7649;0.000841266;90
64.1583;0.000885553;90
102.159;0.00136257;90
53.6017;0.00121504;90
-83.6853;0.00149105;90
-107.495;0.000848237;90
-106.508;0.00100649;90
-80.4865;0.000919648;90
-91.7341;0.00214798;90
-97.7816;0.00188334;90
-114.851;0.00152523;90
-161.746;0.000699183;90
-120.873;0.0010777;90
136.563;0.00119263;90
-176.961;0.0009243;90
-171.196;0.000529235;90
-55.1595;0.00421324;90
-100.344;0.00182669;90
-105.698;0.00487483;90
-100.528;0.00119309;90
-107.327;0.0049695;90
-121.767;0.000942134;90
-125.181;0.00136419;90
-105.684;0.00262265;90
-90.0785;0.002921;90
-63.7429;0.0021632;90
-126.809;0.0011266;90
-80.6817;0.00379204;90
-73.2311;0.00386119;90
-73.6188;0.00700642;90
-69.4806;0.00548607;90
-67.7949;0.0114653;90
-67.1737;0.00189978;90
-67.0156;0.00295021;90
-75.0071;0.00594125;90
-63.3426;0.00832489;90
-45.9591;0.00126731;90
-73.9424;0.00315614;90
-87.9802;0.00888052;90
-93.4873;0.0062636;90
-98.0439;0.00507392;90
-95.1118;0.00496073;90
-95.0315;0.00413895;90
-91.8422;0.00615918;90
-13.0152;0.000626084;90
-26.1902;0.000820207;90
47.1804;0.00161691;90
-23.7379;0.000725369;90
-30.3654;0.000870403;90
107.105;0.00183936;90
65.4018;0.000768766;90
-95.1741;0.000510078;90
-139.389;0.00367784;90
137.785;0.000916786;90
145.051;0.00118707;90
142.639;0.00053722;90
-23.104;0.00214831;90
-40.9529;0.00127243;90
65.968;0.00125477;90
-7.89969;0.000844009;90
33.7731;0.00134016;90
119.615;0.000764924;90
94.4648;0.00299308;90
90.7462;0.00176615;90
138.585;0.00115343;90
111.654;0.00195389;90
111.836;0.00217505;90
103.736;0.00152872;90
-128.821;0.00204979;90
75.8825;0.00325119;90
77.3518;0.00317402;90
96.9096;0.0179463;90
113.296;0.00426576;90
129.953;0.00352871;90
141.048;0.00269778;90
110.282;0.0099904;90
93.9215;0.00340698;90
103.631;0.0258326;90
97.6925;0.00433299;90
84.8417;0.00186857;90
109.517;0.00460352;90
116.768;0.00404776;90
131.721;0.00174304;90
128.559;0.00168293;90
124.807;0.00220563;90
124.294;0.00189552;90
127.528;0.00174011;90
139.286;0.00149476;90
153.687;0.00101742;90
155.342;0.00219077;90
-153.73;0.00199505;90
-119.765;0.00416558;90
-113.036;0.00519529;90
-114.823;0.00498784;90
-133.33;0.00400322;90
-157.012;0.0032903;90
176.059;0.00307026;90
164.855;0.00315768;90
136.099;0.00221224;90
114.953;0.00446809;90
139.363;0.00387557;90
138.121;0.00405208;90
138.188;0.00389087;90
134.602;0.00406879;90
129.698;0.0043539;90
95.0129;0.00597385;90
84.4497;0.00622418;90
83.1872;0.00591779;90
82.9413;0.00642872;90
86.4281;0.00642047;90
89.8625;0.00666502;90
93.1245;0.0066599;90
93.5862;0.00652277;90
93.1369;0.00703554;90
95.8347;0.00657104;90
99.0171;0.00649527;90
99.378;0.00637014;90
99.6141;0.00632889;90
99.2079;0.00629309;90
100.865;0.00629179;90
105.216;0.00610397;90
106.296;0.00638972;90
107.582;0.005694;90
115.755;0.00534831;90
120.062;0.0049348;90
119.709;0.00494154;90
119.689;0.00498893;90
123.189;0.00475341;90
143.318;0.00409122;90
158.605;0.00337993;90
158.527;0.0033656;90
157.696;0.00287727;90
158.07;0.00264004;90
161.493;0.00150904;90
152.932;0.00244591;90
127.942;0.00421234;90
128.102;0.00468668;90
132.362;0.00428607;90
127.255;0.0045179;90
128.756;0.00416766;90
113.237;0.0046992;90
104.148;0.00583809;90
98.3376;0.00636528;90
95.3913;0.00653491;90
104.368;0.00628663;90
126.903;0.0044532;90
146.723;0.00357763;90
163.381;0.00336351;90
170.344;0.00325512;90
163.659;0.00335868;90
160.818;0.00334787;90
128.459;0.0046868;90
107.285;0.00589314;90
105.192;0.00593751;90
111.359;0.00540631;90
114.956;0.00509801;90
114.999;0.00497398;90
113.159;0.00530662;90
105.121;0.00599559;90
102.963;0.00647708;90
100.75;0.00629955;90
95.0331;0.00665667;90
95.3757;0.00655382;90
98.3233;0.00637616;90
97.4819;0.0062129;90
98.4934;0.00622224;90
96.3584;0.00660966;90
93.7529;0.00647789;90
93.9688;0.00650159;90
100.95;0.00586477;90
114.314;0.00516841;90
118.881;0.00413877;90
134.853;0.002477;90
135.686;0.00230321;90
129.821;0.00323549;90
125.633;0.00364065;90
146.468;0.00292356;90
138.331;0.00305491;90
118.744;0.00379914;90
115.851;0.00445146;90
137.929;0.00369522;90
149.091;0.00374364;90
148.493;0.00359734;90
147.194;0.00352166;90
130.193;0.00422711;90
113.604;0.00540195;90
111.694;0.00504535;90
127.744;0.00363322;90
138.577;0.00288992;90
126.786;0.0032864;90
133.992;0.00265348;90
127.761;0.00276633;90
110.637;0.000995904;90
113.997;0.00167695;90
117.202;0.00293793;90
123.554;0.00327829;90
119.908;0.00365011;90
124.575;0.00328644;90
120.445;0.00270962;90
132.355;0.00245203;90
138.969;0.00253328;90
138.552;0.00320723;90
124.471;0.00409018;90
100.727;0.00545329;90
96.5844;0.00538955;90
90.2009;0.00542003;90
96.741;0.00516269;90
107.653;0.00467934;90
122.333;0.00375998;90
136.323;0.00300035;90
136.423;0.00301745;90
131.521;0.00381055;90
132.369;0.00394416;90
138.279;0.00372052;90
129.435;0.00411993;90
118.869;0.00463957;90
117.288;0.00453466;90
120.052;0.00447102;90
124.568;0.00454547;90
117.228;0.00486735;90
114.193;0.00457041;90
114.966;0.00452041;90
122.315;0.00416034;90
129.175;0.00394339;90
118.304;0.00414221;90
107.848;0.00379778;90
108.624;0.00392978;90
109.594;0.00342323;90
103.267;0.0033422;90
117.515;0.00261701;90
124.641;0.0031736;90
-151.433;0.00240703;90
-136.292;0.00291756;90
-171.401;0.00150491;90
-67.0078;0.00273421;90
-68.0819;0.00337279;90
-88.2995;0.00384169;90
-87.8497;0.00429102;90
-88.9872;0.00429967;90
-96.1545;0.00402017;90
-102.631;0.00305493;90
-101.467;0.00164993;90
-34.61;0.00119193;90
-47.4512;0.00100855;90
-55.0131;0.000919096;90
138.281;0.00366953;90
73.1913;0.00631793;90
86.6691;0.00170388;90
88.326;0.00314934;90
91.7676;0.00408494;90
92.2396;0.00381291;90
98.9164;0.00376146;90
123.696;0.00286059;90
107.331;0.00210141;90
150.28;0.00232367;90
152.168;0.00252738;90
153.7;0.000965992;90
154.583;0.00174046;90
173.254;0.00204314;90
-174.312;0.000988868;90
96.6843;0.00196737;90
75.6574;0.00267642;90
75.0815;0.00228399;90
76.7526;0.00237829;90
69.3588;0.00173326;90
74.9435;0.00247911;90
122.965;0.0013802;90
127.571;0.00152031;90
137.117;0.00141659;90
129.222;0.00132051;90
-49.8303;0.00529879;90
-103.615;0.0118952;90
-99.0276;0.00119176;90
-10.6104;0.0011405;90
-18.7871;0.00262379;90
-20.556;0.00237523;90
-25.3509;0.00230054;90
-31.811;0.00234293;90
-33.4317;0.000553596;90
-66.9658;0.0019679;90
-57.7791;0.00228251;90
-82.5649;0.00401072;90
-86.7546;0.00397437;90
-89.2345;0.00374233;90
-92.678;0.00434474;90
-95.5215;0.00364793;90
-104.738;0.00332541;90
-51.2987;0.00193999;90
-53.5443;0.00132783;90
110.756;0.00506791;90
54.6038;0.000894296;90
79.9002;0.00169933;90
86.7722;0.00344547;90
89.4753;0.00753432;90
94.1492;0.00179671;90
91.7732;0.00342564;90
113.906;0.00287242;90
121.819;0.0023443;90
110.438;0.00142041;90
148.719;0.00278484;90
152.032;0.0031963;90
160.097;0.00294916;90
-179.905;0.001209;90
138.902;0.000613069;90
86.3037;0.00300926;90
76.9434;0.00346149;90
70.2478;0.00258616;90
77.2064;0.00213603;90
74.7955;0.00168913;90
118.036;0.001568;90
142.63;0.00135265;90
127.163;0.00144682;90
133.474;0.00127466;90
-47.6379;0.00161321;90
-37.5225;0.00121168;90
-55.7143;0.00178762;90
-50.6882;0.00161947;90
-49.1425;0.00167385;90
-96.9965;0.00165835;90
-56.3798;0.00159116;90
-80.172;0.0018806;90
-103.811;0.00278142;90
-91.3757;0.0038321;90
-46.2412;0.0019259;90
-31.7901;0.00265182;90
-26.466;0.00181077;90
-75.0709;0.00157206;90
-57.5023;0.00314555;90
-79.4134;0.00383732;90
-88.7093;0.00426208;90
-88.6429;0.00418017;90
-94.5592;0.00402574;90
-90.7578;0.00378033;90
-109.956;0.00309696;90
-40.8961;0.000948541;90
-37.8097;0.000999934;90
-62.3838;0.00121886;90
129.548;0.00190508;90
112.93;0.00201741;90
79.2015;0.00716284;90
88.6844;0.00400706;90
92.7488;0.00412875;90
93.4064;0.00378669;90
104.672;0.00334404;90
124.028;0.00267869;90
97.5215;0.000932019;90
127.817;0.000859517;90
149.46;0.00303852;90
150.098;0.00248132;90
94.5925;0.00405903;90
74.1173;0.00200972;90
-61.4498;0.00182036;90
-64.9226;0.00142978;90
116.144;0.00158407;90
118.632;0.00171126;90
80.1956;0.00167953;90
86.3194;0.00137083;90
130.203;0.00182649;90
79.6396;0.0018461;90
130.657;0.00177428;90
131.715;0.00169064;90
130.144;0.00164569;90
130.556;0.00219935;90
121.337;0.000763356;90
152.257;0.000522009;90
-35.9097;7.16101e-05;90
-46.6231;0.00119832;90
-54.7756;0.0012119;90
-28.7156;0.000869996;90
-53.4951;0.00185244;90
-50.5139;0.00172199;90
-49.6502;0.00177928;90
-102.447;0.00196724;90
-51.9751;0.0019448;90
-96.5519;0.00167393;90
-102.098;0.00329212;90
-85.6935;0.0038619;90
-27.6699;0.0028296;90
-30.6278;0.00239862;90
-32.6753;0.000689046;90
-71.6911;0.00186859;90
-59.0751;0.00303553;90
-79.0656;0.00314204;90
-86.931;0.00412792;90
-87.7436;0.00368286;90
-93.179;0.00405724;90
-94.3307;0.00419799;90
-110.076;0.00332397;90
-53.1508;0.0011072;90
-39.9;0.00101021;90
-44.4463;0.00124386;90
84.1615;0.0317326;90
-153.858;0.00533361;90
-141.556;0.00141213;90
135.262;0.000618018;90
162.646;0.00103931;90
155.408;0.00336415;90
141.44;0.00187862;90
152.064;0.00140242;90
165.51;0.00195829;90
-173.036;0.00159174;90
-158.712;0.00165814;90
-164.907;0.00180113;90
160.147;0.0006007;90
-123.973;0.00100929;90
-87.9233;0.0041117;90
-89.2314;0.00424938;90
-93.3314;0.0023059;90
-92.5122;0.00495076;90
-99.1282;0.00555333;90
-98.1268;0.00493759;90
-96.9628;0.0043803;90
-92.7949;0.00508605;90
-86.3194;0.00476683;90
-92.9632;0.00479741;90
-98.2822;0.00506078;90
-86.9464;0.00501212;90
-82.6768;0.00509153;90
-85.764;0.00561835;90
-102.644;0.00603025;90
-99.1783;0.00573644;90
-102.734;0.00564381;90
-93.7312;0.00579328;90
-101.805;0.0060612;90
-102.653;0.00574759;90
-123.37;0.00421606;90
-131.123;0.00386966;90
-139.288;0.00369791;90
-115.478;0.00469122;90
-95.9971;0.00606821;90
-92.3609;0.00619025;90
-110.141;0.00538427;90
-103.431;0.00564848;90
-99.2829;0.00624884;90
-105.758;0.00516616;90
-125.872;0.00300866;90
-109.342;0.00331512;90
-108.482;0.00383901;90
-118.326;0.00427828;90
-133.863;0.00391956;90
-140.638;0.00210179;90
-114.627;0.00285575;90
-104.476;0.00483655;90
-103.477;0.00519197;90
-107.058;0.00543405;90
-118.846;0.00469678;90
-125.649;0.00419515;90
-125.398;0.00461632;90
-125.272;0.00401756;90
-149.197;0.00268705;90
-145.905;0.00200335;90
-107.647;0.00335802;90
-99.1324;0.00505305;90
-82.1316;0.00479918;90
-72.0928;0.00487517;90
-80.3818;0.00495566;90
-93;0.00590409;90
-99.0701;0.00583597;90
-83.39;0.00553379;90
-96.8127;0.00553005;90
-142.961;0.00351782;90
147.058;0.00346273;90
-148.994;0.00323995;90
-126.044;0.00376099;90
-99.9282;0.00566077;90
-100.098;0.00552661;90
-102.764;0.00564859;90
-96.0961;0.00578169;90
-94.5868;0.00567718;90
-110.94;0.00439851;90
-141.081;0.00214257;90
-147.847;0.00185087;90
-86.9707;0.0020058;90
-85.0282;0.00612705;90
-88.4089;0.00630243;90
-82.3833;0.00618658;90
-78.3233;0.00597362;90
-72.5086;0.0055496;90
-73.7826;0.00610492;90
-75.1729;0.00569358;90
-63.9604;0.00502287;90
-60.214;0.00414685;90
-31.8578;0.00304464;90
-46.4765;0.00348507;90
-64.759;0.00435479;90
-73.9049;0.0049417;90
-76.7648;0.00549906;90
-81.3567;0.00588888;90
-79.1362;0.00556575;90
-87.5571;0.00661601;90
-91.4116;0.00649497;90
-92.9357;0.00648251;90
-99.4342;0.00635698;90
-93.0977;0.0067729;90
-81.8623;0.00636509;90
-87.5751;0.00631065;90
-92.308;0.00541339;90
-92.5486;0.00530725;90
-95.3394;0.00533013;90
-94.4356;0.00523668;90
-93.0999;0.00528874;90
-88.7079;0.00594251;90
-88.0814;0.00648163;90
-82.7695;0.00633236;90
-74.2761;0.00597042;90
-73.5196;0.00594316;90
-73.9779;0.00533317;90
-70.9558;0.00443155;90
-68.8878;0.0043532;90
-67.4915;0.00288908;90
75.0091;0.00117913;90
107.356;0.00203149;90
113.031;0.000761712;90
122.434;0.000354261;90
-79.449;0.00466385;90
-107.098;0.00391818;90
-102.712;0.00149054;90
-107.945;0.00358963;90
-109.134;0.00401481;90
-103.346;0.00591781;90
-102.043;0.0057608;90
-99.1676;0.00629541;90
-98.6484;0.00623793;90
-97.9228;0.00664543;90
-99.1221;0.00625714;90
-104.633;0.0060089;90
-105.897;0.0060712;90
-105.765;0.00620543;90
-111.911;0.00561135;90
-126.478;0.00470971;90
-117.531;0.00535659;90
-114.729;0.00589014;90
-113.26;0.00547719;90
-100.182;0.00619455;90
-94.9013;0.00656601;90
-106.284;0.00584864;90
-110.863;0.00544179;90
-112.185;0.00548723;90
-112.435;0.00552626;90
-105.565;0.00652532;90
-99.5253;0.00642965;90
-96.6534;0.00658535;90
-101.366;0.00617511;90
-112.992;0.00536088;90
-118.798;0.00521042;90
-118.437;0.00446244;90
-119.183;0.00424939;90
-119.17;0.00427979;90
-116.999;0.00318515;90
-116.491;0.00344578;90
-99.0014;0.00590573;90
-96.8891;0.00584419;90
-102.493;0.00569996;90
-124.797;0.00496605;90
-126.362;0.00451018;90
-107.446;0.00570022;90
-86.5112;0.00563645;90
-68.1378;0.00437461;90
-75.3454;0.00471953;90
-77.6579;0.00589013;90
-74.4759;0.00650118;90
-78.8139;0.00617022;90
-74.898;0.00584175;90
-70.3867;0.00570501;90
-81.9735;0.00633809;90
-79.6694;0.00617307;90
-67.132;0.00541674;90
-83.5026;0.00623907;90
-104.985;0.00635822;90
-106.314;0.00589536;90
-98.707;0.00622271;90
-84.9508;0.00649922;90
-83.9748;0.00646873;90
-83.6795;0.00641298;90
-84.1647;0.00543918;90
-83.7613;0.00411336;90
-84.5414;0.00327987;90
-89.0365;0.00321145;90
-98.752;0.00301005;90
-96.2196;0.0029906;90
-97.6206;0.00394383;90
-102.844;0.00406675;90
-118.346;0.00351098;90
-118.025;0.00387994;90
-117.504;0.00190986;90
-129.699;0.000895491;90
-130.707;0.000765115;90
-145.523;0.000948627;90
170.556;0.00209642;90
165.915;0.00313114;90
-157.854;0.00330265;90
-130.452;0.00461;90
-151.465;0.00374718;90
-151.906;0.00383935;90
-151.804;0.00394289;90
-151.85;0.00386406;90
-163.472;0.00349752;90
-154.672;0.00364653;90
-134.876;0.00425467;90
-120.831;0.00540479;90
-108.794;0.00601256;90
-99.6359;0.00656563;90
-96.672;0.00673058;90
-96.3206;0.00582239;90
175.289;0.00108366;90
123.313;0.00341037;90
-151.203;0.00127463;90
-92.3703;0.00442479;90
-87.4622;0.00361354;90
-97.9184;0.00210507;90
-168.729;0.00144283;90
-96.3835;0.0023385;90
-78.4364;0.00367663;90
-84.9217;0.00473358;90
-81.4946;0.00436096;90
-85.0255;0.00417472;90
-83.1158;0.00401293;90
-83.8295;0.00443771;90
-77.882;0.00361556;90
-77.2775;0.00285612;90
-81.5554;0.00322092;90
-47.2867;0.00164816;90
-48.4597;0.00158185;90
-62.6192;0.0014764;90
-78.9111;0.000915085;90
104.335;9.28924e-05;90
-135.807;0.000803353;90
100.07;0.0028367;90
131.947;0.00126115;90
133.809;0.00159911;90
97.3913;0.00240196;90
98.0431;0.0028874;90
105.17;0.0023043;90
95.9591;0.00300524;90
101.127;0.00326437;90
97.5032;0.00447229;90
94.6488;0.00381254;90
96.0649;0.00386161;90
97.6502;0.00415397;90
98.4563;0.00643294;90
63.5932;0.00113324;90
20.284;0.000813445;90
15.5103;0.000886276;90
-72.7294;0.00155616;90
-81.9253;0.00453496;90
-81.7439;0.00411565;90
-85.2954;0.0045112;90
-81.1496;0.00706512;90
-74.7008;0.00285;90
-78.1666;0.00373538;90
-63.9223;0.0036807;90
-70.5928;0.00454738;90
-63.968;0.00298036;90
-82.0002;0.00833511;90
-84.0431;0.0021295;90
-83.0258;0.0032037;90
-83.5339;0.00175818;90
-93.6599;0.00573369;90
-95.8994;0.00582786;90
-80.9027;0.00709626;90
-70.4226;0.00726393;90
-79.4625;0.0077975;90
-86.6535;0.00673248;90
-90.3906;0.00718717;90
-88.8646;0.00671232;90
-93.2649;0.00668986;90
-102.104;0.00662426;90
-111.122;0.00624667;90
-109.703;0.00673003;90
-107.711;0.00678458;90
-100.488;0.00704267;90
-106.054;0.00606764;90
-139.426;0.00385746;90
-161.026;0.00332781;90
-122.894;0.00447437;90
-132.035;0.00328112;90
-113.029;0.00482882;90
-95.4318;0.00635956;90
-91.3839;0.0065009;90
-95.6588;0.00650068;90
-95.8748;0.0067022;90
-93.5241;0.00595426;90
-88.7295;0.00550235;90
-72.5527;0.0103292;90
-74.7263;0.00189804;90
-86.2738;0.00333906;90
-59.7021;0.00705456;90
-89.0365;0.00231933;90
-85.6557;0.00427729;90
-82.4308;0.00208012;90
-95.2444;0.00425582;90
-91.737;0.00541049;90
-94.6879;0.00597098;90
-100.457;0.00409908;90
155.031;0.000867036;90
174.193;0.00252999;90
168.232;0.000686428;90
-176.132;0.00120074;90
-176.362;0.00151305;90
-143.703;0.00438362;90
-172.262;0.000950657;90
-156.079;0.00180285;90
-170.684;0.00232264;90
138.093;0.00301384;90
-140.605;0.00608191;90
-122.529;0.0015324;90
-163.723;0.0020908;90
169.24;0.00277988;90
168.664;0.00345439;90
140.265;0.00593362;90
131.6;0.00143087;90
140.882;0.0024631;90
103.787;0.00278628;90
99.3784;0.00336903;90
100.301;0.00396491;90
99.7026;0.00407631;90
89.5725;0.00455713;90
102.537;0.00233569;90
-122.903;0.00145428;90
137.806;0.000967775;90
126.353;0.00139686;90
-53.2555;0.000822402;90
-5.33863;0.00176265;90
87.2178;0.00385254;90
76.996;0.00274643;90
56.7093;0.00246681;90
58.157;0.00194468;90
48.4636;0.00210678;90
-29.5502;0.0014599;90
-31.7391;0.0015968;90
-16.955;0.00191002;90
10.5942;0.00207232;90
3.89605;0.00204573;90
1.06684;0.00214837;90
38.9882;0.00231578;90
52.8306;0.00267804;90
48.0369;0.00212218;90
13.8378;0.000840391;90
11.7382;0.00178431;90
31.4483;0.0017442;90
55.0641;0.00284462;90
-40.0608;0.0016097;90
-68.0038;0.00360437;90
-79.1023;0.00373434;90
-85.1644;0.00416382;90
-80.4388;0.00390728;90
-73.1552;0.00305404;90
-68.84;0.00282015;90
-66.9047;0.00298526;90
-70.8343;0.00334754;90
-60.4303;0.00263637;90
-38.5544;0.00229279;90
-37.4807;0.00234513;90
-34.1823;0.00187246;90
-9.36019;0.000645596;90
66.0097;0.00146342;90
60.7825;0.00146888;90
87.3858;0.00335449;90
86.994;0.00400451;90
84.3237;0.00365995;90
104.001;0.00157478;90
93.589;0.00365817;90
106.013;0.0041906;90
125.447;0.00359171;90
95.8515;0.00449241;90
110.308;0.00475987;90
111.699;0.00454936;90
94.6747;0.00561969;90
90.1081;0.00583201;90
85.5779;0.00618642;90
84.6169;0.0113842;90
83.5309;0.00240532;90
87.8623;0.00512056;90
84.5759;0.00636852;90
58.0607;0.00385808;90
51.6279;0.004074;90
52.2645;0.0043953;90
11.8268;0.00319584;90
54.5663;0.00442079;90
76.296;0.00602347;90
79.5155;0.00624832;90
72.8406;0.00632138;90
69.6571;0.00572721;90
70.63;0.00571658;90
74.9414;0.00603525;90
83.4033;0.00651111;90
90.8115;0.00677868;90
92.2217;0.00657794;90
92.3748;0.00682987;90
94.8165;0.00639558;90
102.682;0.00651802;90
107;0.00587261;90
96.0483;0.00687125;90
86.2917;0.00677218;90
85.4208;0.00650075;90
88.2042;0.00670129;90
97.5519;0.00655889;90
105.029;0.00608929;90
106.837;0.00626976;90
96.9077;0.00637729;90
96.9798;0.00631178;90
101.133;0.00642185;90
98.0449;0.00637373;90
89.3525;0.00601738;90
117.765;0.00196415;90
118.61;0.0033455;90
165.985;0.00263855;90
163.359;0.00207073;90
-93.3839;0.00328673;90
-83.9365;0.00473348;90
-81.7127;0.00396844;90
-78.5439;0.0016917;90
-80.1879;0.00315109;90
-81.8072;0.00374724;90
-81.7161;0.00463637;90
-83.033;0.00355324;90
-86.0436;0.00227542;90
-84.6144;0.00352657;90
-83.6269;0.00364855;90
-82.7542;0.00323483;90
-75.5018;0.00243659;90
-75.3593;0.00206919;90
-83.3498;0.00246962;90
-72.0113;0.0021112;90
-45.8542;0.00137548;90
-39.8674;0.000948498;90
-69.1586;0.0013632;90
-66.6624;0.000865837;90
107.786;0.000586008;90
120.804;0.00338214;90
108.949;0.00549689;90
102.888;0.00136745;90
105.653;0.00196799;90
97.0754;0.00343415;90
96.0011;0.00343382;90
99.7265;0.00306607;90
93.83;0.00383256;90
97.6153;0.00402954;90
96.564;0.00390158;90
95.5686;0.00381299;90
100.677;0.00266107;90
84.6801;0.00148841;90
14.4233;0.00125661;90
63.2795;0.00148341;90
95.8966;0.0038936;90
86.9251;0.00411993;90
83.8887;0.001935;90
-23.7204;0.00165808;90
-61.1817;0.00369684;90
50.3292;0.00146936;90
87.1752;0.00525539;90
83.1557;0.00615083;90
79.7009;0.00629238;90
73.4398;0.006196;90
60.4095;0.00561768;90
46.0793;0.00476745;90
23.2501;0.00394432;90
20.6744;0.00419195;90
27.2764;0.00814126;90
28.7818;0.00181526;90
29.1624;0.00247698;90
38.2423;0.0042004;90
47.411;0.00457196;90
-11.4627;0.00345695;90
-9.60573;0.00328404;90
49.8486;0.00388176;90
55.2232;0.00133069;90
-155.946;0.000510314;90
-117.447;0.00267287;90
-176.291;0.00709486;90
-174.314;0.001625;90
-131.375;0.00287448;90
-137.283;0.00452695;90
-150.492;0.00404233;90
-149.849;0.0043541;90
-158.817;0.0042341;90
-156.527;0.00413738;90
-158.85;0.00406588;90
-136.481;0.00467766;90
-120.438;0.00554873;90
-107.874;0.00577997;90
-100.552;0.00714278;90
-95.273;0.00772569;90
-95.7644;0.00508773;90
-144.541;0.000674004;90
118.497;0.00318373;90
150.607;0.00294625;90
166.469;0.00253023;90
-105.681;0.00223103;90
-88.0725;0.00499483;90
-76.0842;0.00461546;90
-83.1439;0.00153296;90
-82.4233;0.00338253;90
-82.9372;0.00434295;90
-80.47;0.00445143;90
-86.3415;0.00369854;90
-85.4147;0.00381521;90
-80.3437;0.00432224;90
-84.3501;0.00441847;90
-73.8828;0.00261165;90
-68.9579;0.0017936;90
-86.7472;0.00296077;90
-61.475;0.00176529;90
-47.9718;0.00166394;90
-50.1552;0.00149522;90
-77.6484;0.000981723;90
-85.461;0.000720259;90
101.01;0.00205787;90
124.842;0.0033519;90
124.235;0.00204056;90
96.2341;0.00274423;90
104.182;0.00305305;90
98.2639;0.00405612;90
94.7248;0.00514749;90
97.3853;0.00412321;90
96.9438;0.00258899;90
97.3054;0.00413658;90
97.188;0.00518676;90
99.5567;0.0031923;90
87.1893;0.00154986;90
111.032;0.00215667;90
99.7417;0.00434972;90
94.3372;0.00464129;90
72.0491;0.00153471;90
-10.6197;0.00167672;90
-12.854;0.00250374;90
-54.26;0.00401638;90
-38.8445;0.00125955;90
84.8978;0.00213647;90
81.6341;0.00388332;90
86.1454;0.00743783;90
79.7195;0.00694246;90
69.6629;0.00627837;90
57.4525;0.00541079;90
41.827;0.00427961;90
22.4805;0.00329001;90
16.1874;0.0029916;90
28.3836;0.00332581;90
30.8999;0.00307669;90
24.3956;0.00323702;90
28.4308;0.00346148;90
33.0736;0.00381517;90
50.3604;0.00415545;90
10.6474;0.00266285;90
-11.7582;0.00486304;90
32.3148;0.00123651;90
56.6742;0.00279214;90
68.2796;0.00407212;90
42.5104;0.00133486;90
-124.548;0.000982207;90
-116.534;0.00247577;90
-111.465;0.00101113;90
-72.7325;0.000434587;90
84.561;0.00201507;90
64.7562;0.00657489;90
68.5534;0.00167928;90
75.5811;0.00254207;90
85.7921;0.00297101;90
67.1001;0.00163702;90
134.566;0.000560045;90
-90.2872;0.00239403;90
-96.6058;0.00559817;90
-114.508;0.00140784;90
-114.083;0.00295304;90
-120.961;0.00363491;90
-124.953;0.00620527;90
175.709;0.00105596;90
163.6;0.00405185;90
-178.783;0.000847191;90
-137.953;0.00531106;90
-131.1;0.00168399;90
-150.784;0.00504818;90
-155.882;0.0013827;90
-150.769;0.00473038;90
-153.754;0.00312965;90
-157.469;0.00333777;90
-169.712;0.00311305;90
-134.198;0.00151477;90
-137.05;0.00314369;90
-132.193;0.00394119;90
-111.888;0.00465669;90
-106.901;0.00628443;90
-97.3226;0.00571965;90
-99.7218;0.00638976;90
-96.4338;0.00459595;90
-129.806;0.00110906;90
120.829;0.00335624;90
156.634;0.00211549;90
172.519;0.00215837;90
-143.583;0.00146885;90
-84.5614;0.00482171;90
-83.4942;0.00454527;90
-63.7207;0.00179335;90
-81.5795;0.00195305;90
-86.1237;0.00349099;90
-79.3875;0.00296471;90
-85.0479;0.0070202;90
-80.9269;0.00145217;90
-83.5972;0.00222387;90
-85.3744;0.00265364;90
-83.5142;0.00530294;90
-77.9052;0.00309265;90
-77.6603;0.00266251;90
-77.7198;0.00189946;90
-80.0095;0.00303197;90
-55.5759;0.00199181;90
-52.8716;0.00288103;90
123.883;0.00115517;90
122.413;0.00158018;90
125.599;0.000982642;90
154.275;0.00091465;90
106.502;0.00161241;90
96.7068;0.00222623;90
102.192;0.00151518;90
102.761;0.00219112;90
102.858;0.00267816;90
95.3026;0.00321375;90
98.4204;0.00348962;90
96.0829;0.0025574;90
95.1927;0.00308265;90
96.0679;0.0034624;90
98.3051;0.00356539;90
95.4319;0.00353889;90
101.264;0.00316394;90
85.033;0.00180177;90
16.3413;0.0012724;90
51.5833;0.00117803;90
94.1461;0.00384506;90
88.4676;0.00482373;90
82.7516;0.00172781;90
-34.3341;0.00209745;90
-59.871;0.00323738;90
78.3607;0.00436679;90
83.0396;0.00673363;90
82.0488;0.00670143;90
73.7853;0.00669324;90
62.2385;0.00539726;90
49.451;0.00451931;90
31.4678;0.00384086;90
13.7807;0.00348018;90
27.4534;0.00377851;90
28.0472;0.00373459;90
27.8853;0.00374596;90
27.869;0.00400897;90
42.4472;0.00406424;90
42.4772;0.00391976;90
-12.4988;0.00331763;90
-9.31709;0.00324278;90
52.4487;0.00343084;90
64.9902;0.00388861;90
57.5326;0.00349652;90
74.9951;0.00391654;90
81.0395;0.0036789;90
82.88;0.00285602;90
82.4908;0.00292307;90
86.9152;0.00284312;90
91.7677;0.00298242;90
95.1113;0.00368164;90
96.5526;0.00521406;90
96.4088;0.00636075;90
95.9917;0.0067539;90
96.279;0.00547685;90
95.6033;0.00223267;90
87.0311;0.00507782;90
74.5617;0.00507512;90
73.2445;0.00526556;90
78.4456;0.00579136;90
101.368;0.00596095;90
112.282;0.00553317;90
97.6374;0.0062;90
99.9162;0.00618439;90
111.312;0.00565686;90
102.115;0.00614179;90
102.614;0.00674481;90
106.727;0.00586832;90
100.536;0.00601033;90
109.556;0.00486673;90
106.573;0.0038249;90
90.5469;0.00555225;90
69.4668;0.00528581;90
53.2589;0.00445001;90
55.9266;0.00472643;90
78.1586;0.00568702;90
83.3466;0.00533392;90
82.7341;0.00449106;90
71.9392;0.00372872;90
61.7758;0.0023323;90
59.0576;0.000919918;90
62.0309;0.00290195;90
61.3554;0.00442451;90
61.2736;0.00473131;90
60.2899;0.00469521;90
61.7268;0.00492109;90
71.7608;0.00546034;90
81.1363;0.00604216;90
83.1886;0.00675367;90
78.947;0.00616536;90
72.7734;0.00584835;90
66.8151;0.00548388;90
68.5014;0.00562108;90
68.9573;0.00552548;90
76.9747;0.00644687;90
85.6354;0.00721392;90
72.9517;0.00665127;90
64.8387;0.00582357;90
64.4947;0.00546454;90
56.9571;0.00491135;90
60.1877;0.00516332;90
73.5023;0.00637025;90
74.0598;0.00608081;90
74.3889;0.00666279;90
79.7668;0.0058653;90
82.3441;0.00618513;90
81.2122;0.00649322;90
81.4449;0.00640628;90
80.9797;0.00530663;90
78.1581;0.00479505;90
76.1785;0.00252409;90
68.6128;0.00321113;90
71.8806;0.00361738;90
73.4787;0.00373104;90
73.6707;0.00252172;90
88.9349;0.00204435;90
110.698;0.00398093;90
111.236;0.0047817;90
106.726;0.00572627;90
106.043;0.0056594;90
106.311;0.0051878;90
103.546;0.0050978;90
94.7053;0.00563198;90
91.9354;0.00574428;90
91.3251;0.0056215;90
86.3696;0.00541687;90
85.8635;0.00497696;90
84.1697;0.00495161;90
87.6191;0.00515145;90
87.5389;0.00533292;90
90.8037;0.00570356;90
99.0576;0.00588843;90
90.4483;0.0063902;90
79.9259;0.00597411;90
85.3826;0.00631048;90
88.4709;0.00599614;90
88.9735;0.00597296;90
96.0883;0.00582687;90
100.453;0.00584805;90
100.684;0.00538842;90
104.033;0.0050023;90
107.551;0.00492109;90
119.924;0.00396913;90
138.96;0.00332781;90
138.41;0.00341217;90
119.63;0.00428194;90
112.141;0.00485825;90
104.427;0.00689133;90
108.003;0.00566538;90
103.589;0.00643103;90
103.383;0.00569875;90
92.073;0.00644122;90
93.484;0.00646695;90
95.0416;0.00624717;90
93.8882;0.00653304;90
97.3455;0.00638238;90
112.622;0.00540485;90
113.314;0.00559156;90
113.471;0.00521988;90
113.394;0.00539988;90
115.078;0.00506551;90
115.985;0.00432746;90
115.839;0.00427213;90
120.535;0.00439906;90
134.905;0.0038205;90
136.119;0.00275258;90
135.876;0.00203529;90
133.911;0.0036465;90
125.339;0.00298747;90
120.63;0.00280079;90
120.657;0.0042558;90
121.307;0.00328889;90
112.736;0.00304024;90
129.226;0.00387267;90
133.907;0.00337281;90
120.025;0.00344535;90
115.755;0.00136011;90
108.915;0.00366173;90
115.943;0.00370538;90
155.182;0.000836231;90
116.873;0.00307956;90
115.592;0.00447725;90
116.231;0.00452275;90
107.584;0.00291626;90
88.1077;0.00136274;90
152.065;0.000954179;90
-91.1284;0.00132026;90
68.1374;0.0119957;90
63.2398;0.00105051;90
75.7626;0.00531835;90
76.1615;0.00709906;90
75.7928;0.00666588;90
74.4594;0.0063377;90
77.7937;0.00645595;90
81.0915;0.00603783;90
82.8114;0.00737598;90
79.0255;0.00673416;90
72.2708;0.00664983;90
65.499;0.00582337;90
55.8649;0.00482049;90
55.6025;0.00507673;90
59.6387;0.00526856;90
64.1621;0.00549759;90
65.3524;0.00558704;90
66.1121;0.010063;90
71.0976;0.00279049;90
61.8719;0.00496771;90
42.2348;0.00405998;90
17.2068;0.00348184;90
0.837248;0.00335336;90
3.57943;0.00345975;90
15.4211;0.00357262;90
32.9308;0.00387215;90
57.7698;0.00505135;90
46.7399;0.00468108;90
44.0555;0.00424675;90
47.4799;0.00439596;90
55.5749;0.00477775;90
55.8759;0.00494308;90
53.8631;0.0048464;90
47.5318;0.00441807;90
44.6436;0.00443294;90
49.9528;0.00476673;90
49.931;0.0046232;90
49.9011;0.00460171;90
53.0053;0.00477281;90
48.892;0.00421914;90
33.6516;0.00371566;90
60.699;0.00835722;90
41.4797;0.0015777;90
13.7122;0.00334535;90
18.0038;0.0033616;90
25.7744;0.0027873;90
39.5987;0.00177281;90
33.7452;0.00317011;90
-40.1329;0.0029586;90
-65.2612;0.00143136;90
-72.51;0.00258868;90
-92.4971;0.00165257;90
-89.3122;0.00441532;90
-88.4278;0.00444667;90
-92.268;0.00212266;90
-20.4129;0.00163999;90
-53.8702;0.00275603;90
-61.4609;0.0029471;90
-57.6544;0.00265969;90
-55.0719;0.00264432;90
-43.073;0.00483652;90
-61.2391;0.00130727;90
-48.5956;0.00170253;90
-43.0665;0.00282933;90
-36.9671;0.001179;90
-38.6907;0.00115818;90
-47.2207;0.0006022;90
-56.2293;0.000787952;90
-95.6035;0.000266272;90
131.088;0.00352395;90
71.1974;0.00335082;90
79.4844;0.00355063;90
87.0923;0.00398213;90
89.2045;0.0041774;90
96.0775;0.0042881;90
103.231;0.00341669;90
123.588;0.00312352;90
100.059;0.00124818;90
122.459;0.000696864;90
147.11;0.00289859;90
153.164;0.00274458;90
157.145;0.000525235;90
164.842;0.00258908;90
-170.733;0.00173869;90
91.1036;0.00295955;90
108.608;0.00178322;90
133.069;0.00182608;90
91.5411;0.00286304;90
-62.3554;0.00522215;90
-105.553;0.00118229;90
-104.439;0.00107082;90
-88.2246;0.00135565;90
-10.2797;0.00122161;90
-8.91613;0.0018453;90
-22.2793;0.0011131;90
-29.7644;0.00181897;90
-29.8075;0.00419845;90
-27.4337;0.000648982;90
-64.8316;0.00605483;90
-86.9594;0.00173444;90
-85.219;0.00274756;90
-89.0773;0.00900417;90
-93.455;0.00170911;90
-97.5868;0.00144666;90
-98.7885;0.0051444;90
-49.2978;0.00104734;90
-51.2813;0.00151879;90
106.655;0.000997864;90
158.404;0.00201871;90
78.6557;0.00587682;90
74.9706;0.00146926;90
88.6791;0.00364397;90
93.714;0.00765708;90
87.5104;0.00177267;90
104.016;0.00351361;90
117.807;0.00319833;90
137.269;0.00283985;90
148.808;0.00339827;90
123.068;0.00109782;90
92.1647;0.00301815;90
80.5455;0.00241075;90
-60.6456;0.00183799;90
-63.2019;0.00153932;90
-106.026;9.78008e-05;90
110.339;0.00151335;90
-92.1371;0.00490741;90
-33.808;0.00148272;90
-28.3473;0.00166802;90
-13.7405;0.00117462;90
-66.9501;0.0015682;90
-66.4085;0.00216385;90
-59.1126;0.00244471;90
-83.2318;0.00326677;90
-86.6289;0.0036393;90
-88.9896;0.00430967;90
-76.07;0.00104679;90
139.552;0.000445468;90
-95.712;0.00835951;90
-91.2372;0.0021305;90
-47.4769;0.00111261;90
-60.8519;0.00136942;90
105.255;0.000695507;90
140.267;0.00241081;90
74.696;0.00380389;90
84.2164;0.00351288;90
87.001;0.00393739;90
92.2291;0.00390796;90
92.8713;0.00419226;90
99.0854;0.00372372;90
124.775;0.00270881;90
105.504;0.00135428;90
20.3594;0.00126183;90
35.8853;0.00249077;90
42.1963;0.00279005;90
-44.2659;0.00275936;90
-55.8367;0.00235062;90
-74.579;0.00324171;90
-72.7166;0.00503536;90
-72.0042;0.00458006;90
-69.4248;0.00489419;90
-54.6779;0.00447963;90
-53.8075;0.00456732;90
-64.7036;0.00547389;90
-65.5274;0.00563418;90
-60.6975;0.00559029;90
-56.0926;0.00504614;90
-61.2803;0.00460329;90
-63.382;0.00483662;90
-56.367;0.00445591;90
-43.1803;0.00356279;90
-43.0533;0.0034555;90
-49.3297;0.00351232;90
-47.4453;0.00318205;90
-43.4389;0.00269932;90
-45.7673;0.00322116;90
-58.6814;0.00379379;90
-73.3167;0.00481049;90
-85.2347;0.00583818;90
-88.3808;0.00594537;90
-83.4062;0.00591311;90
-70.7319;0.00530623;90
-44.4923;0.00327191;90
-41.6987;0.00292237;90
-40.2227;0.00270844;90
-56.6873;0.00193733;90
-57.0744;0.00222427;90
-57.9004;0.00257813;90
-59.3429;0.00282016;90
-56.6511;0.00260852;90
-58.1544;0.00323142;90
-66.6136;0.00360517;90
-56.596;0.00316599;90
-45.7546;0.00300688;90
-54.2699;0.00359951;90
-40.2649;0.00247554;90
-44.9852;0.00273438;90
-67.5434;0.00456302;90
-68.7632;0.00520121;90
-57.0034;0.00449146;90
-37.1017;0.00365863;90
-32.1011;0.00330063;90
-31.7873;0.00325761;90
-32.1905;0.00344448;90
-49.7347;0.00371793;90
-66.5333;0.00437702;90
-56.3746;0.00343831;90
-37.2412;0.00287026;90
-39.2733;0.00325266;90
-55.2305;0.00394545;90
-46.5174;0.00320432;90
-42.6956;0.00281373;90
-59.2167;0.00359326;90
-64.1683;0.0043674;90
-71.0436;0.00507314;90
-84.6212;0.00573927;90
-86.6212;0.00627791;90
-86.0183;0.00620698;90
-82.7256;0.00632592;90
-81.5645;0.00639417;90
-81.6981;0.00721662;90
-82.8836;0.00658674;90
-85.824;0.00655039;90
-82.7423;0.00658577;90
-77.171;0.00645822;90
-76.589;0.00644577;90
-69.9865;0.00579707;90
-64.7658;0.00506427;90
-65.3787;0.00572226;90
-67.1567;0.00548412;90
-73.5738;0.00582786;90
-74.06;0.00580417;90
-60.1363;0.00490422;90
-25.0752;0.00344024;90
-16.7594;0.00337433;90
-12.6578;0.00327663;90
-11.2904;0.00345792;90
-30.9392;0.00359444;90
-46.917;0.00414314;90
-70.7275;0.00571105;90
-83.8986;0.00649177;90
-82.3443;0.00638794;90
-77.6365;0.00616497;90
-69.2277;0.00561392;90
-52.1493;0.00454527;90
-53.5761;0.00472754;90
-48.2354;0.00428483;90
-51.2953;0.00438505;90
-51.7955;0.0044222;90
-25.5301;0.00346647;90
-22.0476;0.00345786;90
-20.6785;0.00344921;90
-21.82;0.00342756;90
-22.8221;0.00359656;90
-43.3553;0.00399114;90
-60.8068;0.00485693;90
-59.9288;0.00498727;90
-59.8699;0.00496249;90
-59.909;0.0052356;90
-66.797;0.00510165;90
-73.0948;0.00586337;90
-73.7269;0.0062202;90
-75.7041;0.0059936;90
-79.6139;0.00643443;90
-79.8369;0.0062907;90
-80.2752;0.00628126;90
-81.0725;0.00634082;90
-81.5371;0.00642799;90
-85.2422;0.00657064;90
-86.4464;0.00659869;90
-86.2829;0.00652473;90
-87.1949;0.0070905;90
-90.5579;0.00667532;90
-94.6437;0.00654649;90
-96.6518;0.00651788;90
-96.5195;0.00571596;90
-96.1051;0.00508685;90
-86.807;0.00506286;90
-56.4219;0.00411699;90
-44.9013;0.00369464;90
-43.0624;0.0035135;90
-40.6492;0.00324365;90
-41.7979;0.00312676;90
-41.7589;0.00322674;90
-60.0668;0.00358524;90
-72.02;0.0023098;90
-17.9247;0.00198852;90
-14.6877;0.00302898;90
1.33966;0.00286578;90
27.0441;0.0031561;90
48.294;0.0038764;90
65.1987;0.00459148;90
66.7929;0.00443593;90
66.9942;0.00401971;90
47.0859;0.00178734;90
3.00604;0.00223107;90
-28.9919;0.00177435;90
-31.7094;0.00125187;90
-46.2578;0.00141738;90
-56.0084;0.00226626;90
-57.6036;0.00187953;90
-50.1524;0.00209443;90
-50.3218;0.00207369;90
-59.7864;0.00327487;90
-69.8375;0.00403848;90
-71.2363;0.00468499;90
-76.655;0.00659405;90
-74.3846;0.00698792;90
-70.0845;0.0065848;90
-70.6489;0.00539901;90
-62.6811;0.00458881;90
-70.2767;0.0059352;90
-73.4181;0.00561345;90
-57.6335;0.00457472;90
-66.2265;0.00532593;90
-81.7727;0.00600278;90
-93.8642;0.0124052;90
-94.7693;0.00761336;90
-98.7232;0.00684417;90
-101.423;0.00496842;90
-105.674;0.00515259;90
-104.719;0.00458134;90
-102.867;0.00528983;90
-102.843;0.00626678;90
-95.3487;0.00625423;90
-85.5719;0.00626871;90
-81.2525;0.00649657;90
-86.4812;0.00640307;90
-97.2858;0.00583511;90
-99.7322;0.00523534;90
-95.7802;0.00557032;90
-85.5575;0.00531898;90
-81.4387;0.00584412;90
-81.5551;0.00550873;90
-81.163;0.00647688;90
-81.2553;0.00602504;90
-81.0388;0.00599619;90
-80.9521;0.00577384;90
-81.0308;0.00609351;90
-80.1742;0.00601219;90
-76.0992;0.00533628;90
-76.7772;0.0055522;90
-82.0816;0.00631521;90
-81.4622;0.00606218;90
-75.7785;0.00525092;90
-76.1078;0.00540201;90
-80.1731;0.00560727;90
-85.1361;0.00607387;90
-84.9241;0.00612602;90
-88.0414;0.00602752;90
-88.5935;0.00541863;90
-89.4284;0.00421021;90
-87.4063;0.00413223;90
-77.4065;0.00413242;90
-76.3544;0.00462453;90
-76.1892;0.00524051;90
-77.4951;0.00570842;90
-76.2569;0.00582991;90
-76.6046;0.00635386;90
-76.9183;0.00586727;90
-78.8284;0.00568778;90
-79.431;0.00549014;90
-79.1075;0.00339211;90
-79.2324;0.00273516;90
-79.4053;0.00620579;90
-79.0217;0.00681064;90
-74.1253;0.00690224;90
-57.6132;0.0049997;90
-52.8896;0.00400264;90
-53.4399;0.00414326;90
-53.7932;0.00406127;90
-53.5609;0.00412312;90
-53.152;0.0041788;90
-59.7673;0.00469104;90
-68.8173;0.00459121;90
-68.6326;0.00509953;90
-69.0278;0.00535044;90
-68.2945;0.00466152;90
-58.2478;0.00350216;90
-49.9662;0.00350414;90
-49.1365;0.00402898;90
-49.3289;0.00391581;90
-43.8139;0.00399672;90
-41.7032;0.00368872;90
-45.1474;0.00412174;90
-43.3471;0.00397135;90
-44.9551;0.00360625;90
-66.3821;0.00513186;90
-75.9013;0.00534088;90
-75.946;0.00548106;90
-75.9469;0.00576556;90
-75.969;0.00525478;90
-72.9385;0.0055147;90
-63.5428;0.00594124;90
-66.8261;0.00638845;90
-68.3859;0.0060784;90
-68.295;0.00584867;90
-72.4147;0.00658996;90
-82.5283;0.00680579;90
-89.2503;0.0070316;90
-88.3228;0.00495412;90
-87.6798;0.00471787;90
-82.3389;0.0061509;90
-81.9704;0.0051616;90
-86.9502;0.00300726;90
-88.765;0.00528923;90
-88.5162;0.00459554;90
-91.032;0.00488579;90
-97.3275;0.0303277;90
-126.502;0.000904419;90
-128.021;0.000756553;90
-125.846;0.0012756;90
-121.951;0.00123394;90
-163.316;0.00108675;90
-153.657;0.00115382;90
-118.223;0.00239583;90
-121.204;0.00326776;90
-138.173;0.00245318;90
-163.249;0.00242177;90
-167.591;0.00206627;90
-141.491;0.00285237;90
-117.915;0.00461161;90
-120.817;0.00454816;90
-154.596;0.00280416;90
-125.686;0.00355196;90
-114.216;0.00433222;90
-105.365;0.00485347;90
-102.841;0.00436004;90
-131.56;0.00141393;90
142.204;0.00268415;90
152.005;0.00290377;90
146.884;0.00298721;90
110.599;0.00463003;90
101.842;0.00540912;90
125.914;0.00375232;90
135.715;0.00351177;90
116.115;0.00432558;90
105.232;0.00490635;90
144.86;0.00294834;90
157.976;0.002864;90
157.453;0.003127;90
160.09;0.0030099;90
-154.424;0.0031086;90
168.71;0.00275837;90
112.867;0.00463204;90
102.333;0.0107869;90
89.9561;0.00522;90
103.101;0.00483074;90
137.602;0.00431426;90
146.775;0.00471954;90
136.74;0.00505461;90
106.529;0.0072934;90
104.04;0.00706094;90
103.918;0.00672237;90
106.224;0.00649984;90
109.21;0.00588997;90
89.8841;0.00543701;90
94.1644;0.00440663;90
93.595;0.00382753;90
131.847;0.0012471;90
95.2;0.000926814;90
98.0235;0.00212783;90
68.404;0.00160572;90
83.4433;0.00260101;90
82.7455;0.00235989;90
87.0529;0.00334542;90
89.0765;0.00353646;90
66.6916;0.00136979;90
-103.669;0.00287338;90
-87.6719;0.00317562;90
-94.1303;0.00301282;90
-100.384;0.00292389;90
-101.686;0.00238953;90
-87.4332;0.00254555;90
-57.0855;0.00122933;90
-82.4886;0.00268504;90
-84.7395;0.00486449;90
-90.6785;0.00548938;90
-75.4351;0.0058097;90
-71.4131;0.00608013;90
-76.1865;0.0059264;90
-75.8644;0.00643691;90
-75.8136;0.0066632;90
-66.2483;0.00576751;90
-35.3178;0.00442302;90
-34.3552;0.00406151;90
-49.1857;0.00487294;90
-84.8785;0.00696782;90
-79.2433;0.0132234;90
-58.0218;0.00514353;90
18.9411;0.00375851;90
-10.129;0.00375858;90
-22.9478;0.00374975;90
-22.3601;0.00373265;90
-64.8158;0.00504782;90
-67.4124;0.00573815;90
-44.0767;0.00451971;90
-68.4557;0.0054218;90
-75.6528;0.00598878;90
-40.032;0.00411527;90
-28.1627;0.00351289;90
-42.2239;0.00255495;90
72.438;0.00323792;90
76.6009;0.00604145;90
68.0282;0.00443405;90
61.6852;0.00358833;90
31.0636;0.00305045;90
46.09;0.0033827;90
67.2799;0.00408824;90
55.5111;0.00375985;90
33.0401;0.00222477;90
8.88656;0.0026994;90
30.1399;0.0031487;90
56.5265;0.00337593;90
64.3239;0.00294034;90
20.4091;0.00168903;90
22.8637;0.000741237;90
59.0109;0.000776889;90
56.1485;0.0010825;90
54.6832;0.000693655;90
54.6326;0.00121282;90
81.6638;0.0275208;90
87.8337;0.00351851;90
89.6899;0.00498807;90
90.897;0.00440754;90
92.1893;0.00447627;90
126.078;0.00192398;90
115.246;0.00101052;90
93.1208;0.00231443;90
95.049;0.00281793;90
97.4526;0.00314557;90
97.8313;0.00347138;90
95.52;0.00218312;90
-164.792;0.000106738;90
96.5755;0.00473314;90
106.929;0.00162439;90
105.775;0.00314131;90
118.542;0.0027878;90
108.429;0.00307468;90
95.1659;0.00382052;90
108.633;0.00310474;90
87.7149;0.00373697;90
107.188;0.00587121;90
110.893;0.000995452;90
116.202;0.00282645;90
102.068;0.00379283;90
99.1257;0.00428119;90
102.038;0.00603675;90
93.914;0.0024026;90
104.794;0.00361482;90
104.313;0.00663391;90
103.736;0.0109121;90
104.098;0.00405617;90
109.68;0.00510734;90
127.042;0.00480582;90
135.91;0.00467386;90
137.351;0.00468924;90
134.995;0.00774211;90
129.391;0.0013457;90
132.144;0.00478245;90
131.522;0.00314677;90
130.313;0.00185174;90
119.73;0.00443015;90
110.577;0.00225913;90
109.014;0.00488344;90
111.4;0.00630358;90
112.1;0.00612394;90
124.16;0.00510952;90
126.169;0.00493757;90
126.646;0.00506144;90
127.042;0.00493362;90
126.241;0.0049223;90
118.926;0.00548302;90
103.822;0.00724993;90
100.585;0.0111925;90
101.573;0.00290608;90
100.772;0.00638857;90
100.71;0.00640864;90
103.038;0.00740283;90
101.828;0.00643974;90
104.291;0.00692325;90
103.615;0.00669513;90
103.719;0.00533829;90
103.795;0.0043196;90
97.9559;0.00446498;90
90.3238;0.00477708;90
92.1943;0.00506672;90
90.6821;0.00546039;90
93.5205;0.00653032;90
94.0302;0.00721384;90
101.348;0.00818197;90
102.164;0.0114756;90
99.6976;0.00360349;90
98.4888;0.00519592;90
104.366;0.00408679;90
103.047;0.00740208;90
98.9752;0.0113712;90
101.028;0.00299022;90
98.9233;0.00555726;90
98.5053;0.00622041;90
98.7832;0.00576966;90
98.3656;0.00615853;90
98.5199;0.00623683;90
98.3973;0.00658055;90
88.1775;0.00685447;90
80.5317;0.00630388;90
87.1708;0.011447;90
97.3551;0.00268711;90
99.1724;0.00633602;90
91.5989;0.00698872;90
80.5585;0.00632772;90
77.1088;0.00589867;90
77.4756;0.00420097;90
73.1445;0.00698718;90
80.5535;0.00297332;90
77.4972;0.00572783;90
83.7472;0.0107147;90
85.9824;0.00294023;90
87.0042;0.0127815;90
108.42;0.0106496;90
124.137;0.00273892;90
109.539;0.00523549;90
108.508;0.00694626;90
116.086;0.00588106;90
108.348;0.00601055;90
110.616;0.00623104;90
104.43;0.00708657;90
104.578;0.00582039;90
108.202;0.00473808;90
113.057;0.00483091;90
123.904;0.00245429;90
134.958;0.000972272;90
124.801;0.00164527;90
126.198;0.00172372;90
125.131;0.00117994;90
122.069;0.00201909;90
135;0.000766504;90
137.689;0.00155239;90
155.17;0.00152167;90
174.876;0.00279919;90
-133.33;0.00213496;90
-112.418;0.00521296;90
-113.042;0.00586601;90
-125.975;0.00508482;90
-151.694;0.00341426;90
178.985;0.00310549;90
167.946;0.00283961;90
158.921;0.00226882;90
111.876;0.00113794;90
118.532;0.00491151;90
139.333;0.00396831;90
139.296;0.0046446;90
134.766;0.00450148;90
134.283;0.00452301;90
109.045;0.00540274;90
86.2589;0.00579334;90
83.9277;0.00616358;90
82.8349;0.00709541;90
84.4889;0.00763228;90
87.9022;0.00592797;90
93.9028;0.00846263;90
93.7653;0.00679166;90
94.8109;0.0132828;90
98.1377;0.00317901;90
98.5543;0.00613121;90
100.083;0.0070824;90
98.9151;0.0069368;90
100.748;0.00704052;90
104.502;0.00740389;90
106.63;0.0109823;90
111.996;0.00273939;90
118.166;0.00491277;90
120.89;0.00936314;90
115.215;0.00235434;90
120.217;0.00477475;90
133.323;0.00461585;90
156.067;0.00408961;90
159.919;0.00379788;90
157.945;0.00385619;90
158.04;0.00382125;90
142.687;0.00413412;90
123.116;0.00501335;90
135.448;0.00442733;90
126.721;0.00483682;90
129.529;0.0040866;90
116.874;0.00556163;90
104.116;0.00630229;90
97.5537;0.00749302;90
96.7098;0.00770276;90
112.226;0.00617045;90
139.234;0.00445349;90
155.907;0.00365982;90
171.731;0.00350443;90
164.229;0.00369405;90
162.908;0.00343992;90
133.012;0.00413836;90
109.749;0.00553133;90
104.427;0.00594444;90
111.029;0.00550674;90
113.466;0.0050954;90
115.202;0.00516902;90
114.855;0.00536493;90
104.94;0.00665601;90
103.276;0.00777274;90
99.5615;0.00779022;90
93.9847;0.00768458;90
96.9047;0.00741981;90
98.9734;0.00724467;90
97.9211;0.00732893;90
96.6181;0.00751407;90
93.664;0.00680691;90
94.0828;0.00858178;90
111.383;0.00640165;90
117.955;0.00459066;90
129.058;0.00276622;90
135.876;0.00245041;90
135.182;0.00266722;90
125.042;0.00291548;90
136.684;0.0039226;90
140.629;0.00297003;90
121.849;0.00458419;90
117.435;0.00485954;90
140.528;0.00373605;90
148.194;0.00372072;90
148.171;0.00358747;90
148.232;0.00358039;90
123.833;0.00500924;90
111.954;0.0063365;90
117.521;0.00533242;90
142.619;0.00302912;90
128.942;0.00599652;90
134.019;0.00189957;90
124.34;0.00269102;90
113.777;0.004901;90
122.769;0.00427896;90
120.159;0.00403061;90
125.565;0.00295897;90
126.185;0.00326223;90
137.937;0.00350478;90
137.533;0.00425528;90
111.07;0.00577188;90
96.7789;0.00737053;90
90.8546;0.0071738;90
101.709;0.00665242;90
117.32;0.00475429;90
133.914;0.00391595;90
135.547;0.00399816;90
130.09;0.00477494;90
135.823;0.00453161;90
133.681;0.00469997;90
117.423;0.00540876;90
120.274;0.00504037;90
121.763;0.00638294;90
119.985;0.00551054;90
111.575;0.00569718;90
117.913;0.00593214;90
126.138;0.00504461;90
124.202;0.00481222;90
108.535;0.00470295;90
108.802;0.00448642;90
109.98;0.00323682;90
104.938;0.00335953;90
116.684;0.00345831;90
144.17;0.00279986;90
-130.011;0.00324448;90
-157.24;0.00216347;90
-110.849;0.00132902;90
-57.3991;0.00284529;90
-78.9716;0.00351287;90
-86.2993;0.00413663;90
-87.9812;0.00454182;90
-94.8598;0.00702325;90
-99.5617;0.00151708;90
-111.444;0.00237973;90
-32.1053;0.000972762;90
-45.9944;0.00105941;90
-55.8855;0.00119819;90
95.0836;0.00865605;90
88.7482;0.00173942;90
75.4152;0.00146935;90
98.4917;0.0015237;90
-92.0531;0.00533142;90
-103.992;0.00560015;90
-47.1229;0.00169893;90
-54.239;0.00131245;90
-27.1009;0.00176925;90
73.4516;0.00360221;90
75.8949;0.00383667;90
111.265;0.00158814;90
108.096;0.00197677;90
106.194;0.00199724;90
87.499;0.00217707;90
92.1146;0.00195133;90
55.029;0.00156326;90
48.8013;0.00126922;90
45.6656;0.00158261;90
-29.4689;0.0012359;90
-27.3239;0.00101303;90
31.0737;0.0012516;90
43.0716;0.000840519;90
106.897;0.00172027;90
103.911;0.00177609;90
87.2409;0.00157883;90
86.768;0.00182691;90
91.533;0.0011214;90
55.2352;0.00140475;90
77.5265;0.00123618;90
82.0628;0.00210012;90
83.8023;0.00173212;90
80.775;0.00130994;90
97.9522;0.00195884;90
91.4399;0.000915289;90
77.7596;0.00109898;90
87.2524;0.00102218;90
87.9338;0.00127583;90
147.025;0.000977458;90
111.554;0.000988094;90
106.195;0.000914281;90
106.342;0.00232076;90
98.2568;0.00140658;90
98.6682;0.00134031;90
120.885;0.00162083;90
99.2232;0.00126029;90
107.705;0.00126596;90
100.487;0.00207669;90
116.644;0.00161444;90
107.049;0.00304585;90
107.122;0.000855937;90
90.5972;0.00143908;90
87.4234;0.00160162;90
98.3298;0.00133913;90
108.119;0.00103218;90
100.333;0.00125434;90
103.641;0.00122968;90
83.2049;0.00200307;90
94.1242;0.00105674;90
98.6209;0.00163447;90
86.9396;0.00151716;90
72.0212;0.00107236;90
12.0696;0.000636061;90
26.496;0.000741928;90
56.4237;0.00111745;90
78.5735;0.00106001;90
78.9264;0.00180664;90
35.3646;0.000692839;90
-39.1274;0.000746379;90
62.6292;0.000922246;90
85.1925;0.00108582;90
27.8539;0.000755535;90
-32.5259;0.000723478;90
-48.9049;0.000830658;90
-54.1266;0.00079352;90
-18.8338;0.000681487;90
42.6863;0.000840728;90
-64.8958;0.00107008;90
-56.1842;0.00113742;90
13.2895;0.00066994;90
70.3855;0.00127498;90
131.274;0.00109905;90
-147.892;0.00100467;90
77.8604;0.00213985;90
78.3712;0.00102198;90
77.7083;0.00199166;90
54.3387;0.00253176;90
24.7286;0.0010327;90
19.1691;0.000715682;90
68;0.00160702;90
97.8153;0.000926607;90
68.5907;0.00227928;90
44.9692;0.00131593;90
65.0652;0.0018549;90
85.9435;0.00210628;90
132.067;0.00132686;90
123.43;0.00097656;90
59.6718;0.00201009;90
-26.4397;0.000613131;90
-46.0593;0.000917981;90
-68.3233;0.00102337;90
-62.084;0.00127089;90
-16.4404;0.000572403;90
-66.8586;0.0011832;90
-85.5985;0.00158969;90
-30.4807;0.000956139;90
49.709;0.000861335;90
63.4101;0.00103217;90
60.6535;0.00110592;90
75.7671;0.00113071;90
112.565;0.00169908;90
-176.312;0.000481998;90
-166.424;0.000694402;90
155.596;0.00118596;90
85.8675;0.00191498;90
70.2643;0.00136519;90
47.2178;0.00102324;90
43.2101;0.00104137;90
57.0452;0.000799666;90
99.7364;0.00164976;90
90.8062;0.00106611;90
111.747;0.00136839;90
88.7485;0.00100724;90
124.665;0.00109181;90
129.129;0.000629089;90
-135.229;0.00105925;90
110.544;0.00328277;90
-119.349;0.000754893;90
-121.653;0.000741271;90
-149.686;0.000861836;90
-117.11;0.000752694;90
-80.0826;0.00128317;90
-108.604;0.00118175;90
-158.906;0.000511258;90
-107.044;0.00164107;90
120.869;0.00114407;90
73.6542;0.00125784;90
76.7727;0.00123681;90
81.6487;0.00091571;90
17.2517;0.00073507;90
87.3278;0.00130842;90
99.213;0.00154898;90
84.9859;0.00100685;90
115.282;0.00127846;90
125.919;0.00116936;90
140.053;0.000931343;90
129.693;0.00130739;90
135.847;0.000908732;90
-109.654;0.00090683;90
-95.6091;0.00230202;90
-91.9377;0.0022773;90
-96.1028;0.00207878;90
-94.6122;0.00232553;90
-94.6964;0.00205189;90
-113.036;0.00134419;90
-121.469;0.00138113;90
-152.125;0.00066518;90
-135.619;0.000982229;90
-85.7655;0.00109699;90
-64.2534;0.00109579;90
-34.9204;0.000917131;90
-27.4852;0.000751863;90
58.0107;0.0011307;90
55.9867;0.000983222;90
57.0404;0.00145759;90
-50.3266;0.00116539;90
-110.24;0.00169677;90
-99.0507;0.00194522;90
-85.6494;0.0024651;90
-79.7326;0.00177848;90
-80.799;0.00198251;90
-70.9704;0.000944623;90
-86.5121;0.00202175;90
-140.748;0.00141923;90
135.188;0.000859846;90
177.473;0.0011341;90
-153.869;0.00100358;90
-110.053;0.00147864;90
-97.04;0.00133809;90
-69.9375;0.000801645;90
-173.308;0.000918255;90
-97.4193;0.00183537;90
-164.989;0.000555972;90
-135.142;0.00114127;90
126.932;0.0012898;90
-160.295;0.000898624;90
154.873;0.00110452;90
137.139;0.000682126;90
97.7523;0.00240195;90
109.777;0.00116151;90
112.527;0.00080654;90
115;0.000802153;90
110.481;0.000983146;90
-146.38;0.00113603;90
-125.018;0.000897469;90
-107.638;0.000818477;90
-94.2588;0.00113112;90
-98.6621;0.00103581;90
-85.3013;0.00102545;90
-95.4585;0.00119843;90
-97.4798;0.00158247;90
-109.665;0.00134017;90
-146.95;0.000645434;90
-19.1747;0.00110215;90
57.9704;0.00150276;90
34.4942;0.00102768;90
-82.9362;0.00127669;90
-65.5769;0.00136406;90
-110.104;0.0015739;90
-112.169;0.00147612;90
-134.167;0.00121565;90
-107.943;0.00128868;90
-70.2759;0.00109632;90
174.623;0.000939132;90
-100.192;0.00196095;90
-93.3941;0.00231406;90
-83.3945;0.000930175;90
-70.1109;0.000884774;90
-74.1736;0.00191769;90
-95.4438;0.00232951;90
-99.7706;0.00213903;90
-116.815;0.0016404;90
-116.432;0.00172983;90
-104.855;0.00144323;90
-75.786;0.00203222;90
-93.7514;0.0026136;90
-104.499;0.00269999;90
-111.378;0.00256229;90
-117.178;0.00250678;90
-117.637;0.00181735;90
-134.455;0.00171057;90
-167.8;0.000643535;90
-108.198;0.00145371;90
-101.679;0.00127949;90
-105.35;0.00111062;90
-61.063;0.000994113;90
-45.2099;0.00115825;90
-51.5082;0.00138495;90
-94.0689;0.00219854;90
-84.3405;0.00200779;90
-76.4685;0.00211984;90
-72.2523;0.00145001;90
-28.0756;0.00106876;90
-71.0139;0.00118338;90
-55.2787;0.000970883;90
-54.1516;0.000964753;90
-66.884;0.00145698;90
-84.7069;0.0017344;90
-87.3854;0.00151257;90
-84.9122;0.00184929;90
-87.2233;0.00156884;90
-88.8935;0.0016053;90
-87.5288;0.00176264;90
-87.8108;0.00180632;90
-94.6232;0.00176173;90
-95.4471;0.00160123;90
-94.9633;0.00154881;90
-96.3046;0.00142059;90
-96.0068;0.0013474;90
-113.296;0.000925449;90
-121.335;0.00134989;90
-51.8115;0.00123413;90
-39.3948;0.00080358;90
-55.0867;0.00101339;90
-67.3135;0.000396693;90
111.559;0.00373641;90
82.781;0.00120959;90
82.6974;0.0027614;90
86.1388;0.00380163;90
88.4476;0.00406049;90
88.9885;0.00390861;90
96.7918;0.00383894;90
113.267;0.00350615;90
114.532;0.00247107;90
138.476;0.00169098;90
149.352;0.00304655;90
150.282;0.0029431;90
174.687;0.00262427;90
-158.809;0.00165705;90
37.8937;0.000537286;90
89.5927;0.00267307;90
72.5857;0.00289363;90
73.9896;0.00302743;90
75.5414;0.00213874;90
73.3322;0.00174324;90
85.6711;0.00151031;90
130.221;0.00176542;90
136.997;0.00127852;90
126.064;0.00139294;90
119.097;0.00118448;90
-66.9354;0.0005054;90
-46.8099;0.00284328;90
-62.9579;0.00306173;90
-105.247;0.00192786;90
-99.2866;0.00123316;90
-108.067;0.00226361;90
-105.373;0.00310821;90
-103.109;0.00331129;90
-89.8056;0.00117901;90
-155.658;0.00186807;90
-178.103;0.00178198;90
118.068;0.00168747;90
109.864;0.00292823;90
135.015;0.00268064;90
-153.783;0.00279782;90
-134.436;0.00201111;90
-153.259;0.00290467;90
-162.951;0.00303225;90
-168.414;0.00321654;90
-136.29;0.00386249;90
-114.231;0.00527031;90
-139.949;0.00380286;90
-137.513;0.00398272;90
-129.309;0.00421462;90
-127.019;0.00430341;90
-131.053;0.00426336;90
-129.634;0.00368249;90
-130.752;0.00479179;90
-127.338;0.00462975;90
-132.242;0.00426172;90
-132.609;0.00410196;90
-123.571;0.00465672;90
-124.814;0.00461017;90
-131.236;0.00419016;90
-135.732;0.00370766;90
-135.993;0.00473126;90
-120.685;0.00398379;90
-131.109;0.00541903;90
-169.351;0.00299254;90
-177.621;0.00404749;90
-174.634;0.00251301;90
173.854;0.00120493;90
-166.686;0.00309621;90
-142.448;0.0042823;90
-119.427;0.0054364;90
-113.117;0.00612046;90
-113.057;0.00620464;90
-114.703;0.00512062;90
-115.256;0.00600944;90
-117.444;0.00419625;90
-125.259;0.00603879;90
-126.135;0.00406993;90
-115.172;0.00711906;90
-106.688;0.00690899;90
-101.754;0.00647987;90
-96.8918;0.00728363;90
-99.2164;0.007049;90
-102.595;0.00640206;90
-106.213;0.00601;90
-105.157;0.00627632;90
-103.452;0.00658979;90
-103.044;0.00500208;90
-101.331;0.00270268;90
-112.509;0.00398347;90
-110.712;0.00400376;90
-103.912;0.00190488;90
-85.543;0.00369317;90
-63.6634;0.00471099;90
-64.3757;0.00433095;90
-61.7066;0.00263931;90
-19.3232;0.000489579;90
-102.285;0.00344489;90
-114.186;0.00307053;90
-119.073;0.00335239;90
-120.838;0.00288135;90
-124.261;0.00303575;90
-121.408;0.00216644;90
-134.029;0.00434084;90
-132.42;0.00424128;90
-131.023;0.00427202;90
-117.961;0.00543436;90
-105.606;0.0102114;90
-117.434;0.0026827;90
-119.449;0.00463139;90
-130.012;0.00383857;90
-146.588;0.0043367;90
-162.68;0.00368823;90
-149.992;0.00375308;90
-135.13;0.00437135;90
-121.966;0.00541161;90
-108.938;0.0105194;90
-108.014;0.00245431;90
-112.495;0.0048457;90
-122.945;0.0047772;90
-122.065;0.00505757;90
-116.812;0.00477986;90
-116.98;0.00592708;90
-125.497;0.00397474;90
-148.392;0.00468032;90
-148.007;0.00398061;90
-143.643;0.00343954;90
-150.466;0.00418707;90
-159.242;0.0037526;90
-175.871;0.0033888;90
-174.506;0.00365579;90
-176.13;0.00357114;90
157.081;0.00395198;90
122.504;0.00549354;90
117.865;0.00559921;90
141.853;0.00420124;90
-178.214;0.00356073;90
-139.612;0.00439689;90
-137.603;0.00431285;90
-161.035;0.0039293;90
158.689;0.00390179;90
154.451;0.00386051;90
158.302;0.00328904;90
165.705;0.00419591;90
166.887;0.0036892;90
169.606;0.00361939;90
-177.44;0.00358158;90
-171.084;0.00360658;90
-169.941;0.00301738;90
-148.96;0.00487159;90
-134.231;0.00463621;90
-131.505;0.00472023;90
-125.566;0.00509072;90
-124.586;0.00521454;90
-140.712;0.00423397;90
-136.362;0.00458052;90
-129.853;0.00476105;90
-136.556;0.00447764;90
-121.051;0.0047169;90
-111.101;0.00504423;90
-112.082;0.00565263;90
-114.826;0.0051422;90
-117.436;0.00482689;90
-110.384;0.00436963;90
-111.601;0.00658981;90
-114.556;0.00585673;90
-120.155;0.00601385;90
-121.262;0.00539542;90
-139.365;0.00427342;90
-171.666;0.00334633;90
-172.017;0.00391696;90
-158.472;0.00311749;90
-144.506;0.00477418;90
-132.001;0.00470305;90
-135.534;0.00455397;90
-172.358;0.0039178;90
150.552;0.00392166;90
149.788;0.00397259;90
168.926;0.00375899;90
-166.855;0.00347814;90
-161.368;0.00376851;90
-163.01;0.0034736;90
-166.954;0.00326938;90
-169.933;0.00277472;90
-171.984;0.00326288;90
-163.895;0.00344625;90
-159.871;0.00598027;90
-149.134;0.00131179;90
-152.214;0.00224597;90
-167.732;0.00242845;90
-154.561;0.00327781;90
-151.059;0.00299846;90
-154.621;0.00302381;90
-143.715;0.00274414;90
-138.562;0.00360826;90
-156.979;0.00275653;90
-148.865;0.00298615;90
-157.722;0.00312852;90
-146.111;0.00335013;90
-139.191;0.0033862;90
172.155;0.00247618;90
-155.335;0.00253531;90
-139.062;0.00348418;90
-139.23;0.00324952;90
-138.92;0.00306186;90
-147.357;0.00282168;90
-140.983;0.00300531;90
-140.708;0.00332717;90
-157.056;0.00263443;90
-159.306;0.0019979;90
-147.907;0.00194997;90
-122.028;0.00266812;90
-139.535;0.00214642;90
146.801;0.00161812;90
130.846;0.00253811;90
-118.163;0.001267;90
-92.4192;0.00480929;90
-135.566;0.000715627;90
-140.986;0.0015663;90
-142.808;0.00167083;90
-138.866;0.00164636;90
-136.13;0.00222216;90
-137.178;0.00180513;90
-158.077;0.00157489;90
-166.977;0.00228989;90
-160.907;0.00239369;90
-161.69;0.00232681;90
-164.955;0.00184525;90
173.147;0.0025895;90
146.405;0.000833161;90
-110.407;0.0070665;90
-103.322;0.00177065;90
-90.9527;0.00439061;90
-77.8251;0.00539126;90
-59.8031;0.00408769;90
-66.039;0.00391761;90
-89.4688;0.00496121;90
-95.1122;0.00548783;90
-105.907;0.00325462;90
-114.295;0.00653803;90
-125.105;0.00523408;90
-125.216;0.00421916;90
-127.91;0.0030305;90
-128.626;0.002121;90
-124.445;0.00431566;90
-125.601;0.00398358;90
-123.492;0.00424598;90
-145.604;0.00603282;90
-137.993;0.00176027;90
-129.675;0.00348978;90
-124.593;0.00423955;90
-111.363;0.00475468;90
-102.533;0.00645173;90
-103.929;0.0100948;90
-101.805;0.00238545;90
-100.585;0.00573254;90
-109.292;0.00577212;90
-110.449;0.00551557;90
-111.643;0.00524368;90
-106.091;0.00561394;90
-115.128;0.00565187;90
-123.458;0.00492633;90
-127.84;0.00434582;90
-129.226;0.00421737;90
-108.307;0.00411635;90
-72.1091;0.00679351;90
-82.5034;0.00204649;90
-86.9782;0.00368012;90
-93.7705;0.00393853;90
-102.579;0.00320493;90
-111.147;0.0024532;90
-121.807;0.0021781;90
-139.01;0.00159773;90
-133.777;0.00433909;90
-111.808;0.00170394;90
-101.523;0.00358934;90
-90;0.00384;90
-93.3642;0.00449875;90
-121.785;0.00306225;90
-176.873;0.0018147;90
-161.383;0.00258423;90
-176.954;0.00229624;90
176.772;0.00216644;90
-173.601;0.00268271;90
-166.075;0.00262206;90
-165.79;0.0031246;90
-145.179;0.00337296;90
-130.849;0.003732;90
-131.738;0.00355402;90
-131.085;0.00327306;90
-111.457;0.00410877;90
-126.654;0.00334182;90
163.543;0.00262974;90
140.691;0.00314445;90
135.782;0.00305569;90
136.703;0.00304473;90
137.848;0.00303087;90
138.188;0.00317842;90
140.433;0.00294987;90
148.652;0.00299289;90
144.964;0.00349419;90
145.23;0.00388581;90
138.551;0.00371024;90
125.284;0.00422762;90
123.299;0.0038633;90
122.511;0.00470541;90
122.771;0.0047702;90
122.13;0.00433964;90
122.169;0.00750164;90
133.807;0.00149373;90
133.087;0.00347383;90
152.981;0.00322049;90
153.505;0.00327718;90
172.122;0.00304978;90
-168.252;0.00292222;90
-169.642;0.00281995;90
-169.518;0.00274277;90
175.166;0.00283609;90
177.024;0.00315926;90
167.704;0.00280331;90
168.39;0.00288197;90
-179.777;0.00282702;90
-176.494;0.00304169;90
-178.598;0.00510953;90
178.477;0.00105337;90
167.383;0.00253625;90
155.553;0.00331522;90
150.818;0.0032815;90
149.339;0.00305512;90
169.201;0.0029248;90
-144.54;0.00316996;90
-144.478;0.00302744;90
-161.85;0.00260986;90
-179.512;0.00246409;90
-176.653;0.00255235;90
-175.227;0.0030285;90
178.43;0.0029191;90
163.761;0.0032184;90
177.406;0.00309317;90
-169.64;0.00307513;90
-168.887;0.00319593;90
-164.545;0.00304718;90
-159.679;0.00225751;90
-161.285;0.00278315;90
-160.38;0.00272204;90
-151.62;0.00230162;90
-129.182;0.00310393;90
-151.427;0.00314047;90
-153.3;0.00303122;90
-161.459;0.00255987;90
-125.454;0.0032618;90
-128.917;0.00302293;90
-123.638;0.00273495;90
-115.62;0.00290236;90
-99.9859;0.00286033;90
-109.761;0.00200827;90
-104.868;0.00173819;90
-87.083;0.000157204;90
-116.449;0.00155139;90
-99.1545;0.00232562;90
-95.1304;0.00234841;90
-131.966;0.00160314;90
118.37;0.00239915;90
115.546;0.002363;90
134.676;0.00324991;90
106.241;0.00511304;90
127.247;0.00687655;90
165.268;0.00131731;90
-146.472;0.00665893;90
179.455;0.000946043;90
-150.628;0.00127833;90
-147.736;0.00317526;90
-141.594;0.0036025;90
163.61;0.0073361;90
-137.97;0.00199247;90
169.247;0.00308721;90
129.783;0.00383355;90
-161.752;0.00213645;90
-130.202;0.00320382;90
-106.058;0.00417907;90
-97.9514;0.00498796;90
-104.603;0.00561231;90
-105.26;0.00529261;90
-112.722;0.00489816;90
-130.828;0.00392636;90
-109.069;0.0048332;90
-124.79;0.00432025;90
-100.152;0.0107117;90
-98.7925;0.00244675;90
-94.526;0.00386505;90
-95.6425;0.00577699;90
-95.2861;0.0100186;90
-117.044;0.00171334;90
-138.91;0.00231267;90
-113.631;0.00531136;90
-100.537;0.00489962;90
-90.3091;0.00574608;90
-90.4011;0.00600015;90
-78.121;0.00489687;90
-74.6979;0.00566483;90
-85.1667;0.0116785;90
-95.4576;0.00236572;90
-93.5429;0.00438538;90
-105.233;0.00509606;90
-141.319;0.00416328;90
-120.608;0.00442098;90
-97.8243;0.00633195;90
-92.574;0.00610116;90
-74.1784;0.0048965;90
-62.0731;0.00442196;90
-85.5591;0.00468807;90
-106.714;0.00398121;90
-119.362;0.00427061;90
-122.649;0.00448937;90
-119.684;0.00468479;90
-115.828;0.0049372;90
-131.93;0.00422466;90
-126.089;0.00398957;90
-123.735;0.00428562;90
-148.603;0.00319597;90
172.847;0.00524382;90
-133.969;0.00204387;90
-124.297;0.00389893;90
-121.541;0.00476962;90
-79.8195;0.00548231;90
-59.0025;0.0043631;90
-79.4208;0.00539775;90
-72.5552;0.00459326;90
-60.0777;0.00472711;90
-63.262;0.00503654;90
-54.0103;0.00480397;90
-64.8642;0.00518169;90
-80.0157;0.00490834;90
-94.337;0.00519688;90
-81.7286;0.0052203;90
-52.8613;0.00400664;90
-52.3995;0.00415634;90
-76.9094;0.00586337;90
-74.7486;0.00540952;90
-75.9045;0.00679561;90
-82.7968;0.00626847;90
-86.4816;0.00653432;90
-81.5567;0.00628613;90
-67.3778;0.00578185;90
-68.1634;0.00543605;90
-42.4475;0.00396939;90
-76.3269;0.00589301;90
-87.8413;0.00586716;90
-88.9251;0.00629011;90
-87.3837;0.00644071;90
-80.9494;0.00603919;90
-53.9329;0.00413941;90
-82.3531;0.00565126;90
-73.9828;0.00504485;90
-67.7785;0.00491289;90
-87.7471;0.0058255;90
-102.881;0.00592101;90
-105.037;0.00626347;90
-103.833;0.00561692;90
-104.675;0.00552628;90
-104.487;0.00558043;90
-126.704;0.00379802;90
-142.145;0.00639595;90
-108.759;0.00212382;90
-96.2638;0.00406024;90
-90.1156;0.00545101;90
-103.913;0.00406321;90
-123.797;0.00414916;90
-123.534;0.00418329;90
-100.659;0.00624984;90
-82.8539;0.00674439;90
-78.2606;0.00654183;90
-95.8743;0.00640966;90
-114.396;0.00541114;90
-128.241;0.0052393;90
-122.314;0.00436619;90
-119.359;0.00420165;90
-115.75;0.00569003;90
-126.896;0.0008828;90
-155.373;0.00132227;90
-84.7684;0.00209473;90
-114.823;0.00289884;90
-94.9833;0.00457028;90
-98.6069;0.0013765;90
-92.4502;0.00107598;90
-90.8933;0.000962117;90
-92.2175;0.0014731;90
-92.9873;0.00153509;90
86.8124;0.00287745;90
89.4114;0.00146008;90
86.5986;0.00134838;90
83.006;0.00179032;90
85.3086;0.00270205;90
72.0792;0.00313616;90
69.1015;0.00139047;90
-99.3416;0.000468209;90
106.379;0.00186884;90
-145.898;0.00652261;90
-128.233;0.00314449;90
-129.173;0.00217996;90
-158.513;0.0025008;90
-170.558;0.00276141;90
-165.457;0.00225009;90
-149.03;0.00315009;90
-139.854;0.00375193;90
-139.285;0.00394608;90
-139.076;0.00373094;90
-139.475;0.0038336;90
-140.967;0.00369343;90
-143.662;0.00215509;90
-99.2101;0.00500452;90
-117.55;0.00486461;90
-121.375;0.0048959;90
-116.015;0.00540125;90
-108.762;0.00586992;90
-106.33;0.005726;90
-88.1984;0.00594794;90
-70.3687;0.005316;90
-67.9878;0.00509867;90
-79.2422;0.00575922;90
-78.7083;0.00615922;90
-58.2263;0.00537445;90
-55.5763;0.00476554;90
-45.7688;0.00437385;90
-46.4186;0.00442714;90
-64.6784;0.00544074;90
-66.2978;0.0054082;90
-66.3477;0.00530678;90
-73.3046;0.0056982;90
-80.817;0.00688018;90
-66.223;0.00580141;90
-61.6964;0.00545404;90
-64.7706;0.00560243;90
-63.2358;0.00540506;90
-47.4401;0.00455082;90
-46.4316;0.00452831;90
-65.9463;0.00561345;90
-78.237;0.00709296;90
-87.2544;0.00693096;90
-95.5982;0.00684766;90
-88.5995;0.00671;90
-87.1219;0.00655227;90
-93.6486;0.00672563;90
-90.6184;0.00667139;90
-75.0023;0.00601282;90
-74.6279;0.00593015;90
-89.0684;0.00701193;90
-105.572;0.00598259;90
-125.332;0.00482094;90
-150.485;0.00395414;90
-140.314;0.0040543;90
-112.641;0.00354846;90
-96.9277;0.00648333;90
-99.8477;0.00691692;90
-97.5929;0.0066372;90
-88.4281;0.00513993;90
-97.1762;0.00333009;90
-112.264;0.00358422;90
-128.725;0.00274304;90
-143.394;0.00130301;90
-163.647;0.00307228;90
-169.429;0.00328679;90
-149.715;0.00383892;90
-133.962;0.00417756;90
-127.824;0.0043474;90
-104.323;0.00488691;90
-107.205;0.00436115;90
-135.012;0.0032633;90
-154.021;0.00332163;90
-140.965;0.00415056;90
-124.345;0.00536181;90
-121.03;0.00521648;90
-126.571;0.00483367;90
-133.227;0.00468541;90
-134.17;0.00444463;90
-135.804;0.00443258;90
-134.196;0.00342556;90
-132.627;0.00363835;90
-123.108;0.00414854;90
-110.145;0.00493915;90
-100.247;0.00553731;90
-93.3986;0.00450392;90
-92.9692;0.00359082;90
-92.8418;0.00346927;90
-92.6116;0.00344558;90
-91.4411;0.00302196;90
-92.9395;0.003042;90
-91.7534;0.00274529;90
-94.078;0.0026858;90
-90.498;0.00218608;90
-93.3701;0.00278982;90
-89.2065;0.00245524;90
-88.9746;0.00301748;90
-89.9251;0.003061;90
-90.4653;0.00517217;90
-100.129;0.00572624;90
-114.611;0.00549632;90
-114.565;0.00520292;90
-114.463;0.00535362;90
-113.953;0.00530813;90
-114.194;0.00541681;90
-114.5;0.00539914;90
-109.854;0.00588586;90
-96.9336;0.00723995;90
-94.7007;0.00702864;90
-108.761;0.00627438;90
-126.26;0.00486268;90
-123.073;0.00483782;90
-114.608;0.00502872;90
-108.167;0.00555492;90
-108.962;0.00529324;90
-124.582;0.00440291;90
-139.747;0.00335825;90
-107.295;0.00506919;90
-94.3996;0.0051231;90
-81.9077;0.00515028;90
-99.3864;0.00570843;90
-109.399;0.00505498;90
-118.795;0.00448224;90
-119.188;0.00462188;90
-120.097;0.00427543;90
-135.434;0.00345432;90
-128.545;0.00388686;90
-120.432;0.00443617;90
-118.147;0.0047293;90
-115.84;0.0046666;90
-109.141;0.00523333;90
-118.562;0.00462029;90
-118.543;0.00484487;90
-109.398;0.00487154;90
-100.837;0.00584015;90
-92.2536;0.0058235;90
-101.379;0.00555009;90
-110.487;0.00484012;90
-124.527;0.00389025;90
-145.333;0.00349678;90
-146.966;0.00363574;90
-133.885;0.00337849;90
-145.803;0.00310478;90
-159.302;0.00287454;90
-128.253;0.00367127;90
-139.037;0.00341531;90
-119.988;0.00438157;90
-100.377;0.0056738;90
-87.2311;0.00639647;90
-84.9858;0.00575502;90
-86.8707;0.00622829;90
-95.0097;0.00620671;90
-96.246;0.00637886;90
-96.7845;0.00636557;90
-98.3944;0.00619234;90
-109.123;0.00555241;90
-113.171;0.00550726;90
-115.456;0.00531613;90
-115.573;0.0053213;90
-116.011;0.00532209;90
-114.765;0.00525422;90
-106.189;0.00621232;90
-97.3583;0.00651969;90
-90.2969;0.00675509;90
-83.0118;0.00649324;90
-78.7672;0.00626807;90
-78.7377;0.00566305;90
-78.5179;0.00593784;90
-78.6524;0.00537201;90
-75.3253;0.0054198;90
-76.8415;0.00539875;90
-87.8986;0.00569983;90
-99.7279;0.00588867;90
-112.075;0.00568364;90
-105.404;0.00593314;90
-94.3173;0.00572525;90
-88.8439;0.00530308;90
-88.8075;0.00475703;90
-89.5359;0.00518517;90
-90.9791;0.00514975;90
-91.4435;0.00527968;90
-92.7521;0.0058107;90
-105.172;0.00457755;90
-119.704;0.00400186;90
-146.334;0.00333181;90
-117.474;0.00428306;90
-97.7801;0.00518574;90
-82.9847;0.0051828;90
-84.2696;0.00488742;90
-103.414;0.00446995;90
-103.185;0.00538804;90
-101.308;0.0051153;90
-106.41;0.00485998;90
-107.156;0.00492932;90
-108.236;0.00482535;90
-130.207;0.00372392;90
-135.647;0.00344595;90
-116.451;0.00426553;90
-106.871;0.00509949;90
-108.36;0.00556846;90
-135.572;0.00361137;90
179.156;0.00298732;90
-169.791;0.00341913;90
-166.352;0.00329298;90
169.548;0.00345635;90
165.328;0.00341123;90
-160.599;0.00281483;90
-146.721;0.00317103;90
-123.868;0.00392258;90
-123.494;0.00373288;90
-125.602;0.00393196;90
-118.433;0.00415638;90
-112.244;0.00397047;90
-98.0589;0.00455094;90
-89.4313;0.00544027;90
-99.8844;0.00528952;90
-109.913;0.00440114;90
-110.137;0.00462149;90
-118.157;0.00404124;90
-141.781;0.00310826;90
-171.343;0.0026775;90
-174.542;0.00261787;90
-175.263;0.00288184;90
-174.417;0.00313487;90
-173.534;0.00301015;90
-174.135;0.00292632;90
-174.025;0.00289171;90
-174.781;0.00279258;90
-174.037;0.00286852;90
-166.182;0.00299776;90
-152.962;0.00314357;90
-176.517;0.00278214;90
170.721;0.00261725;90
-151.798;0.00258371;90
-127.268;0.00311127;90
-109.632;0.00404196;90
-104.191;0.00449929;90
-104.378;0.00491701;90
-110.606;0.00494113;90
-139.777;0.00341304;90
-170.013;0.00306749;90
-166.642;0.00286964;90
-160.851;0.00253634;90
-141.546;0.00303916;90
-122.234;0.00361282;90
-121.59;0.00381418;90
-122.004;0.00377942;90
-121.437;0.00378099;90
-121.769;0.00390507;90
-122.032;0.00403658;90
-127.971;0.00314338;90
-136.318;0.00304349;90
-145.469;0.00326892;90
-142.665;0.0031757;90
-131.833;0.0025339;90
-122.783;0.00280353;90
-121.079;0.00365927;90
-120.956;0.00377348;90
-131.282;0.00314051;90
-146.068;0.00302037;90
-162.516;0.00291571;90
-164.08;0.00275257;90
-161.018;0.00281614;90
-152.369;0.00283761;90
-144.597;0.00257884;90
-143.126;0.0028564;90
-146.247;0.00350959;90
-154.128;0.00299297;90
-161.632;0.00298298;90
-170.662;0.00257006;90
-173.191;0.00233648;90
-174.875;0.00263052;90
-173.455;0.0024389;90
-174.024;0.00238195;90
-177.34;0.00254274;90
179.542;0.00237708;90
173.842;0.001734;90
173.219;0.00144813;90
171.126;0.000849165;90
-129.298;0.00185046;90
-112.886;0.00337357;90
-105.991;0.00495473;90
-98.9546;0.00495337;90
-80.6158;0.00542764;90
-72.7649;0.00471156;90
-90;0.005092;90
-109.498;0.00502731;90
-140.992;0.0034412;90
-149.046;0.00313208;90
-148.528;0.00297459;90
-130.753;0.00355236;90
-109.622;0.00519041;90
-97.8787;0.00554434;90
-97.3369;0.00566942;90
-97.5761;0.00653807;90
-94.7836;0.00645147;90
-96.5662;0.00571046;90
-97.6098;0.00573148;90
-97.6861;0.0058768;90
-95.0788;0.00646137;90
-85.5408;0.00603226;90
-81.6574;0.00651999;90
-81.6279;0.00639414;90
-84.9957;0.00638534;90
-92.6132;0.00660187;90
-92.4445;0.00590838;90
-91.613;0.00596836;90
-88.9824;0.00602495;90
-85.3915;0.00674581;90
-83.6885;0.0063857;90
-84.3111;0.0065774;90
-84.1367;0.00683275;90
-84.0209;0.00662404;90
-84.1094;0.00681096;90
-89.535;0.00702323;90
-93.5496;0.00696136;90
-90.122;0.00751602;90
-86.2649;0.00709206;90
-82.2004;0.00688974;90
-79.2498;0.00668533;90
-76.4673;0.00656836;90
-73.7851;0.00636728;90
-75.5223;0.00654793;90
-85.1655;0.00691761;90
-95.5432;0.00742271;90
-104.092;0.00651815;90
-100.82;0.00658406;90
-96.7656;0.00696047;90
-94.6782;0.00701336;90
-93.2419;0.00702023;90
-93.365;0.00695098;90
-97.653;0.00687827;90
-101.323;0.00670247;90
-104.008;0.00696514;90
-107.742;0.0062975;90
-111.418;0.00602725;90
-110.111;0.00602324;90
-105.044;0.00643765;90
-103.555;0.00649388;90
-100.751;0.0134552;90
-91.2729;0.00756287;90
-101.208;0.00671405;90
-106.732;0.00610653;90
-101.138;0.00314219;90
-101.823;0.00210363;90
-106.042;0.0052182;90
-120.364;0.00492794;90
-142.455;0.00405488;90
-162.277;0.00381716;90
-146.456;0.00423293;90
-125.439;0.00493414;90
-111.918;0.00592852;90
-105.707;0.00593252;90
-119.483;0.00420792;90
-165.341;0.00216549;90
-168.242;0.00067721;90
-158.652;0.00161801;90
-141.88;0.00318156;90
-127.129;0.00389824;90
152.103;0.00638838;90
156.322;0.00290342;90
-170.515;0.00290066;90
-157.251;0.00313162;90
-129.795;0.00412317;90
-113.482;0.00453998;90
-110.629;0.00494722;90
-114.447;0.00544631;90
-118.053;0.00558177;90
-119.883;0.00509201;90
-122.225;0.00453449;90
-132.033;0.00460307;90
-135.494;0.00434958;90
-132.794;0.00479562;90
-123.792;0.00500562;90
-114.604;0.00555317;90
-105.681;0.00646357;90
-111.558;0.0059384;90
-106.265;0.00619808;90
-102.997;0.00642971;90
-106.551;0.00605176;90
-111.364;0.00564382;90
-117.695;0.00630425;90
-128.835;0.005103;90
-143.368;0.00442624;90
-150.315;0.00415765;90
-123.101;0.00440011;90
-101.387;0.00656931;90
-118.944;0.00569884;90
-164.095;0.00309446;90
104.297;0.00570159;90
109.829;0.00507063;90
133.96;0.00451774;90
-177.823;0.00355357;90
-155.878;0.00364094;90
-147.469;0.00393668;90
-165.886;0.0037399;90
176.358;0.00362031;90
146.711;0.00423968;90
142.663;0.00397193;90
152.595;0.00390638;90
133.611;0.00446245;90
133.474;0.00454053;90
126.974;0.00464381;90
119.718;0.00501683;90
132.431;0.00405368;90
140.877;0.00338361;90
-177.435;0.00285987;90
-138.775;0.00318961;90
-164.09;0.00290009;90
-151.953;0.00321565;90
-144.379;0.00304592;90
-144.022;0.00270993;90
-140.492;0.00258574;90
-139.453;0.00323346;90
-139.348;0.00341384;90
-138.919;0.00307249;90
-133.642;0.00360938;90
-131.934;0.00384722;90
-147.232;0.00331088;90
-148.946;0.00357661;90
-148.156;0.00383053;90
-129.645;0.00453111;90
-125.131;0.00475279;90
-125.115;0.0051076;90
-116.399;0.00463986;90
-103.141;0.0051858;90
-103.222;0.00523784;90
-105.578;0.00539934;90
-97.6713;0.00588063;90
-102.264;0.00587508;90
-105.331;0.00569983;90
-121.71;0.00392491;90
-126.084;0.00348573;90
-125.616;0.00349104;90
-121.851;0.00349059;90
-111.472;0.00448313;90
-103.006;0.00496332;90
-101.793;0.0046287;90
-102.006;0.00429291;90
-93.4436;0.00571031;90
-95.8149;0.00617879;90
-106.159;0.00619473;90
-105.981;0.00637436;90
-103.256;0.00698616;90
-100.478;0.0072143;90
-100.22;0.0050105;90
-100.268;0.00569419;90
-102.89;0.00550472;90
-107.384;0.00561968;90
-108.216;0.00522064;90
-107.729;0.00623933;90
-104.844;0.00643268;90
-100.721;0.0066226;90
-100.375;0.00667413;90
-100.17;0.00551058;90
-100.346;0.00494439;90
-102.981;0.00580947;90
-105.071;0.00582641;90
-107.763;0.0061754;90
-110.792;0.0059441;90
-110.862;0.00592225;90
-110.572;0.00553815;90
-110.707;0.00535922;90
-109.457;0.00547572;90
-102.903;0.0072593;90
-95.6209;0.00654447;90
-91.8897;0.00648953;90
-95.0556;0.00661574;90
-95.7227;0.00661899;90
-92.7902;0.00682009;90
-104.377;0.00620635;90
-110.802;0.00599479;90
-109.911;0.00588157;90
-102.257;0.00646742;90
-99.4422;0.00562623;90
-108.092;0.00549044;90
-127.066;0.00421582;90
-159.758;0.00324864;90
-162.154;0.0017229;90
-81.6391;0.00466963;90
-71.4369;0.00579868;90
-84.2682;0.00698894;90
-75.8652;0.00592127;90
-73.6772;0.00552572;90
-83.7053;0.00570037;90
-75.1159;0.00553988;90
-56.3879;0.00427952;90
-40.8391;0.00360585;90
-50.1679;0.00387017;90
-58.9944;0.00375445;90
-69.72;0.00318227;90
-97.7414;0.00379357;90
-112.247;0.00432386;90
-115.664;0.00400842;90
-146.211;0.00305141;90
-157.536;0.00298878;90
-119.753;0.00419734;90
-75.2613;0.00421365;90
-101.901;0.003443;90
161.657;0.00274866;90
-120.245;0.00400635;90
-120.444;0.00277685;90
-97.4205;0.00204412;90
-97.839;0.00601218;90
-108.82;0.00560463;90
-95.7156;0.00570335;90
-101.692;0.00629155;90
-102.114;0.00610393;90
-97.2805;0.00617075;90
-83.353;0.00628928;90
-102.119;0.00590153;90
-116.768;0.0053022;90
-114.703;0.00553227;90
-115.182;0.00561238;90
-116.002;0.0059603;90
-115.914;0.00558785;90
-115.895;0.00546801;90
-97.8586;0.00596805;90
-69.5228;0.00586564;90
-83.4682;0.00650523;90
-95.9919;0.00683032;90
-112.292;0.00535955;90
-116.601;0.00567469;90
-113.894;0.00503886;90
-92.4198;0.00613447;90
-91.7702;0.00653912;90
-114.032;0.00504861;90
-87.7347;0.00607175;90
-63.5987;0.00516355;90
-56.4911;0.00429839;90
-69.4579;0.00432608;90
-85.9673;0.00531817;90
-93.498;0.00524477;90
-91.5943;0.00549913;90
-112.378;0.00504058;90
-127.499;0.00444187;90
-130.183;0.00438754;90
-151.845;0.00373836;90
-156.553;0.00363407;90
-142.043;0.00435398;90
-132.658;0.00422213;90
-132.696;0.00399343;90
-132.25;0.00417037;90
-117.075;0.00517178;90
-102.363;0.00588036;90
-91.7899;0.00598692;90
-86.6341;0.00597831;90
-97.0186;0.00574505;90
-113.652;0.0053144;90
-117.23;0.00446931;90
-105.408;0.00526938;90
-92.0591;0.00551056;90
-79.4789;0.00564083;90
-68.5221;0.00542685;90
-69.4867;0.00533638;90
-78.443;0.00573017;90
-81.0368;0.00634144;90
-75.3201;0.00526796;90
-61.6734;0.00451004;90
-57.3403;0.00501253;90
-63.637;0.0048192;90
-85.8068;0.00573034;90
-106.402;0.00498278;90
-127.569;0.00411671;90
-118.662;0.00458254;90
-109.526;0.0054303;90
-95.6342;0.00567341;90
-92.888;0.00591451;90
-103.1;0.00551964;90
-112.529;0.00501901;90
-114.803;0.00431944;90
-114.876;0.00338285;90
-117.67;0.00343256;90
-145.351;0.00260135;90
-162.624;0.00159058;90
127.91;0.00288728;90
172.093;0.00297327;90
-171.01;0.0028733;90
-149.297;0.00327857;90
-163.099;0.00378028;90
156.937;0.00359426;90
-163.666;0.00364096;90
-154;0.00362484;90
-120.849;0.00383797;90
-94.1013;0.00469803;90
-99.2303;0.00373435;90
-114.411;0.00284316;90
-149.483;0.00270582;90
-131.047;0.00267711;90
-148.304;0.00161016;90
-147.096;0.00179851;90
-152.452;0.00224221;90
-144.858;0.00252775;90
-138.684;0.00244315;90
-133.047;0.0025315;90
-130.421;0.00320636;90
-126.388;0.00430175;90
-140.381;0.00398158;90
-167.568;0.00346525;90
-169.045;0.0031942;90
-148.025;0.00318763;90
-141.354;0.00189111;90
-123.422;0.00236749;90
-121.141;0.00455194;90
-120.114;0.00464607;90
-122.354;0.00499671;90
-140.413;0.00393563;90
-168.429;0.00332048;90
-149.636;0.00218004;90
-91.3744;0.00637884;90
-93.2911;0.00656683;90
-99.5554;0.00627709;90
-106.005;0.00607134;90
-110.685;0.00624241;90
-108.009;0.00603569;90
-103.778;0.00619733;90
-100.321;0.00638532;90
-98.0927;0.0065068;90
-95.9747;0.00656164;90
-88.7877;0.00666449;90
-77.9926;0.00636424;90
-65.7673;0.00579129;90
-52.0054;0.00478892;90
-45.243;0.00450219;90
-67.6343;0.00582629;90
-80.0366;0.00676807;90
-90.8695;0.00678778;90
-100.296;0.00661858;90
-102.227;0.00655367;90
-96.5963;0.0068423;90
-93.3928;0.00599851;90
-92.1376;0.00450413;90
-98.161;0.00524108;90
-113.764;0.00444704;90
-103.291;0.00499787;90
-84.6963;0.00598261;90
-75.8724;0.0051745;90
-101.816;0.00544028;90
-136.997;0.00424027;90
-114.67;0.00481555;90
-135.817;0.00367167;90
-124.728;0.00437786;90
-126.515;0.00381487;90
-106.531;0.0050153;90
-154.034;0.00316555;90
-122.351;0.00440469;90
-107.426;0.00582013;90
-108.775;0.00640056;90
-121.462;0.00478791;90
-125.133;0.00441543;90
-107.975;0.00547313;90
-102.525;0.00594856;90
-98.6761;0.00596627;90
-106.718;0.00562474;90
-104.994;0.00568971;90
-91.7943;0.00657923;90
-87.8051;0.0062666;90
-83.7174;0.00582096;90
-82.3716;0.0054916;90
-88.8139;0.00497607;90
-101.852;0.00535107;90
-114.796;0.0045208;90
-122.65;0.00424832;90
-116.51;0.00558078;90
-114.018;0.00602679;90
-123.175;0.00453763;90
-107.448;0.00539628;90
-115.868;0.00478107;90
-129.494;0.0042893;90
-113.515;0.00508531;90
-98.0505;0.00569815;90
-92.4176;0.0059503;90
-95.1596;0.00640495;90
-102.588;0.00568976;90
-95.268;0.00606662;90
-91.0069;0.00608894;90
-94.6371;0.00575183;90
-101.551;0.00516359;90
-104.588;0.00505807;90
-86.8657;0.00599897;90
-74.6911;0.00625702;90
-58.7784;0.00464937;90
-57.8447;0.00465977;90
-85.5633;0.00542927;90
-91.8927;0.00602529;90
-83.1292;0.00609376;90
-92.6514;0.00618262;90
-103.474;0.00576365;90
-107.44;0.00566544;90
-100.408;0.00654266;90
-95.6168;0.00577272;90
-105.662;0.005171;90
-113.269;0.00371847;90
-55.4253;0.00240713;90
-42.9837;0.00397923;90
-68.0534;0.00564293;90
-67.9661;0.00585892;90
-71.6087;0.00622495;90
-77.4475;0.00707204;90
-75.9938;0.00600761;90
-71.6388;0.00589829;90
-75.6251;0.00636012;90
-75.0332;0.00552545;90
-75.1388;0.0053065;90
-77.0742;0.00568198;90
-77.0698;0.00693587;90
-53.9856;0.00519738;90
-39.2017;0.00363261;90
26.2547;0.00363277;90
-39.5088;0.00422668;90
-29.1122;0.00396489;90
-40.0845;0.00420862;90
-37.5803;0.00417792;90
-45.9591;0.00392853;90
-51.2527;0.00419405;90
-53.2581;0.00429781;90
-33.4145;0.00213368;90
-32.9789;0.00357504;90
-44.4557;0.00334972;90
-43.9533;0.00205166;90
-87.2068;0.21331;90
-100.921;0.00332523;90
-49.8715;0.00208998;90
-90.6217;0.00460827;90
-90.1397;0.00451201;90
-90.6722;0.00485833;90
-110.377;0.00408675;90
-115.582;0.0042751;90
-111.024;0.0040528;90
-105.05;0.00348142;90
-107.185;0.00388547;90
-111.533;0.00373252;90
-114.339;0.00400603;90
-115.884;0.0042126;90
-112.866;0.00400688;90
-115.007;0.00371638;90
-119.442;0.00330594;90
-109.85;0.00431435;90
-113.71;0.00384231;90
-102.228;0.00419723;90
-99.7421;0.00545466;90
-99.8939;0.0050633;90
-97.5308;0.00474594;90
-73.7986;0.00335108;90
-65.4584;0.00354638;90
-72.3874;0.0042964;90
-74.1621;0.00461313;90
-81.7033;0.00515596;90
-58.887;0.00322607;90
-36.1105;0.00324428;90
-69.8535;0.0052726;90
-60.67;0.00394007;90
-68.7651;0.00416906;90
-69.853;0.00501698;90
-71.8308;0.00524975;90
-73.7952;0.00524956;90
-71.962;0.00511226;90
-73.6451;0.00522753;90
-80.8897;0.00610096;90
-85.9668;0.0055307;90
-62.1573;0.00136389;90
45.1615;0.00200678;90
-79.8011;0.00396464;90
-94.2878;0.00530986;90
-101.768;0.0054424;90
-83.9037;0.004774;90
-82.6254;0.00535227;90
-102.826;0.00522538;90
-100.76;0.00535108;90
-96.4939;0.00539361;90
-80.9504;0.0047238;90
-45.7322;0.00409448;90
-45.3852;0.00315518;90
-65.1546;0.00478376;90
-56.4386;0.00469222;90
-42.144;0.00410136;90
-36.8933;0.0044026;90
-40.9724;0.001641;90
-100.404;0.00228151;90
-130.604;0.00197439;90
-177.101;0.00300585;90
-116.693;0.00480622;90
-118.983;0.00480243;90
-117.271;0.00482983;90
-105.328;0.00604504;90
-99.1865;0.00580648;90
-96.7477;0.00565115;90
-96.3899;0.00483403;90
-108.315;0.00317904;90
-135;0.000987121;90
114.27;0.00149624;90
142.313;0.000799881;90
175.624;0.000956789;90
-164.531;0.00199839;90
165.75;0.00201088;90
147.029;0.00229692;90
175.529;0.00200109;90
-131.772;0.00239878;90
-111.463;0.00295168;90
71.4219;0.00113937;90
78.5294;0.00237851;90
-105.086;0.00109887;90
-107.405;0.000334307;90
-115.083;0.00198853;90
-103.511;0.00272646;90
-119.75;0.00253515;90
-147.016;0.00168808;90
123.51;0.00775974;90
107.739;0.00453251;90
149.04;0.00265531;90
157.004;0.00256482;90
110.679;0.0043214;90
119.058;0.00306363;90
-171.508;0.00210609;90
-167.697;0.00176453;90
-171.343;0.00102973;90
96.7699;0.000780442;90
78.4908;0.00112767;90
-76.4824;0.00163427;90
17.2955;0.00251261;90
-14.9959;0.00125991;90
-23.9275;0.00133142;90
-65.09;0.00320518;90
-73.7763;0.0028276;90
-30.1414;0.00340546;90
0.808067;0.000709071;90
-39.9299;0.00206434;90
-72.1126;0.00284555;90
-77.2897;0.00294517;90
-51.7021;0.0061073;90
-93.4682;0.00297545;90
-102.305;0.00431207;90
-95.2184;0.00411204;90
-88.8784;0.00194137;90
-73.0648;0.000930345;90
-52.5519;0.00350798;90
30.7406;0.00180572;90
46.3153;0.00144783;90
45.5387;0.0016547;90
47.3883;0.00145932;90
14.0023;0.000818315;90
5.60617;0.000655134;90
7.57581;0.000804018;90
82.261;0.00207187;90
76.2844;0.00299027;90
64.3222;0.00309017;90
44.195;0.00176158;90
51.3402;0.00172244;90
44.2668;0.00116046;90
57.6121;0.00195277;90
69.7089;0.00260677;90
75.0955;0.00260877;90
69.1519;0.00160723;90
128.645;0.00179506;90
159.574;0.00154729;90
-152.168;0.00188055;90
170.125;0.0020991;90
142.449;0.00260718;90
-167.813;0.00221696;90
-126.408;0.00240428;90
-115.387;0.0023931;90
77.2844;0.0012312;90
68.4057;0.00107871;90
-80.7539;0.000261396;90
-116.621;0.00182329;90
-106.995;0.00179959;90
-107.416;0.00170727;90
-122.141;0.00223681;90
-153.379;0.00137921;90
125.637;0.00684118;90
105.04;0.00355685;90
124.307;0.00265245;90
154.074;0.00160336;90
155.088;0.00271348;90
110.641;0.0038523;90
116.079;0.00321871;90
176.899;0.002052;90
-163.762;0.00193832;90
127.126;0.00098581;90
-154.548;0.000667816;90
-151.761;0.000627709;90
-172.538;0.000485108;90
-76.8442;0.004877;90
-103.678;0.00151394;90
-119.98;0.00129878;90
-83.2594;0.000979772;90
-106.012;0.000830208;90
-105.335;0.00144443;90
-99.9577;0.0011219;90
151.188;0.00752792;90
-48.7208;0.00132933;90
-172.793;0.000868864;90
-24.6409;0.000626005;90
-60.5607;0.00118616;90
-8.83584;0.00568345;90
69.6182;0.00142416;90
81.2827;0.00195964;90
81.5226;0.00095645;90
85.9366;0.000917306;90
78.7797;0.00125397;90
92.4782;0.00131823;90
90.8279;0.00103811;90
98.4483;0.00137492;90
127.253;0.000718616;90
114.496;0.00100331;90
-13.5548;0.000490667;90
8.88405;0.00104251;90
-158.55;0.00199626;90
173.532;0.00352443;90
173.879;0.00196017;90
173.347;0.00216659;90
172.779;0.00275283;90
162.867;0.00317385;90
145.833;0.0032318;90
98.087;0.00526031;90
101.842;0.0053897;90
116.834;0.00458131;90
133.258;0.00390786;90
132.224;0.00423347;90
166.559;0.00333844;90
-150.517;0.0032774;90
162.497;0.00320855;90
143.933;0.00338353;90
151.375;0.00334598;90
119.006;0.00479893;90
118.972;0.00450473;90
120.081;0.00416379;90
122.609;0.00420482;90
118.538;0.00376777;90
111.349;0.0033649;90
-171.697;0.00261744;90
-163.304;0.00326149;90
150.261;0.00360246;90
140.495;0.00409813;90
165.804;0.00348646;90
-165.341;0.00384102;90
-138.813;0.00433851;90
174.823;0.00353542;90
-135.65;0.00460922;90
-153.04;0.00421956;90
175.508;0.00321788;90
104.42;0.00608366;90
122.805;0.0053657;90
154.659;0.00370556;90
171.755;0.00302628;90
157.01;0.00184342;90
-175.955;0.00280699;90
-164.458;0.0035716;90
-119.53;0.00479832;90
-161.714;0.00340705;90
-166.489;0.00362121;90
-151.671;0.00424204;90
-133.141;0.00497075;90
-159.238;0.00415803;90
-166.078;0.00388616;90
169.148;0.00355864;90
172.549;0.00346224;90
170.08;0.00320999;90
171.856;0.00302147;90
163.009;0.00308673;90
127.229;0.00398508;90
111.191;0.00465583;90
107.218;0.00480743;90
101.498;0.00556875;90
103.626;0.00718627;90
111.389;0.00681111;90
122.097;0.00537685;90
128.61;0.00519059;90
146.216;0.00374063;90
170.14;0.00303077;90
-170.548;0.00273412;90
143.736;0.00348259;90
113.26;0.00491769;90
106.208;0.00502992;90
128.112;0.00282406;90
89.0846;0.00525767;90
75.6446;0.00535624;90
89.258;0.00471039;90
107.729;0.00269605;90
121.527;0.002947;90
175.234;0.00182933;90
-178.515;0.00204569;90
-157.499;0.00155216;90
-85.2611;0.00134359;90
-106.059;0.00138089;90
40.9292;0.000776949;90
87.802;0.00239876;90
15.6763;0.00207623;90
-3.81869;0.00165167;90
-15.8306;0.00185121;90
-65.3835;0.00274882;90
72.1477;0.00286074;90
104.7;0.00667551;90
109.618;0.00765751;90
115.713;0.00661949;90
122.393;0.00479162;90
142.471;0.00367064;90
-138.695;0.00226037;90
-34.946;0.00193609;90
-101.395;0.00185252;90
-95.9087;0.00541075;90
-96.0892;0.00456274;90
-113.944;0.00245419;90
-124.693;0.00204327;90
-99.2948;0.00208031;90
-54.9373;0.00351975;90
-57.4819;0.00290197;90
-53.2968;0.00213161;90
-68.0782;0.002033;90
-67.3924;0.00252069;90
-97.1763;0.00415455;90
-93.5621;0.0052792;90
-94.7076;0.00543433;90
-100.889;0.00482792;90
-102.686;0.00479505;90
-92.6218;0.0039131;90
-57.1791;0.00245012;90
-63.9313;0.00196155;90
-75.2881;0.00267366;90
-84.8039;0.0031138;90
-99.9751;0.00343493;90
-108.253;0.00328847;90
-117.847;0.00321761;90
-115.155;0.00347232;90
-109.908;0.00392347;90
-118.755;0.0032657;90
-146.865;0.00272038;90
-146.671;0.00290835;90
-154.284;0.00262498;90
-122.131;0.00159064;90
-91.2024;0.00347877;90
-95.6281;0.00366065;90
-101.64;0.00343974;90
-100.542;0.00362926;90
-72.4686;0.00244664;90
-45.1928;0.00252156;90
-49.1585;0.00261328;90
-55.6154;0.00295178;90
-54.8199;0.00249589;90
-55.2762;0.00379726;90
-55.4051;0.00372333;90
-30.6278;0.00327602;90
-47.5866;0.00402683;90
-47.7785;0.0033259;90
-102.96;0.00284035;90
-91.6104;0.00256201;90
-81.5475;0.00394586;90
-87.4325;0.0040851;90
-95.3737;0.00419644;90
-86.826;0.00379282;90
-75.3697;0.00229233;90
-77.5447;0.00261965;90
-74.6638;0.00186024;90
-65.0005;0.00158775;90
-58.379;0.000837311;90
-79.2636;0.00039186;90
114.205;0.000912195;90
117.248;0.00165123;90
107.524;0.00143143;90
103.705;0.00151102;90
101.39;0.00280015;90
102.152;0.00146789;90
95.7297;0.00298491;90
84.4576;0.0035928;90
90.4726;0.00315211;90
92.3013;0.00256507;90
98.6955;0.00257965;90
94.2948;0.00228341;90
84.1133;0.00252532;90
71.5417;0.00155394;90
-36.3085;0.00118386;90
149.48;0.000752215;90
133.175;0.00339654;90
132.694;0.00325179;90
137.735;0.00296333;90
151.666;0.00257897;90
117.808;0.00327751;90
125.92;0.00297961;90
124.997;0.00277228;90
124.54;0.00269142;90
131.103;0.00287184;90
130.785;0.00283822;90
95.1749;0.00398022;90
77.5494;0.00484699;90
84.5551;0.00478459;90
88.5562;0.00317501;90
58.5704;0.000907086;90
25.6122;0.00301195;90
32.6641;0.00348519;90
40.2945;0.00364611;90
71.4005;0.00473427;90
65.556;0.00171579;90
64.4343;0.00312829;90
64.175;0.00370503;90
75.0014;0.00417317;90
20.6839;0.00246595;90
-16.0503;0.0028501;90
-33.7385;0.00360638;90
-36.7226;0.00381141;90
-43.0357;0.00394019;90
-85.7958;0.00526517;90
-102.727;0.00493422;90
-103.634;0.00515013;90
-94.2118;0.00627695;90
-49.0498;0.00322397;90
-21.9873;0.00188835;90
-45.0682;0.00178262;90
-60.0306;0.00218402;90
-55.2447;0.00162611;90
-32.3196;0.00110167;90
-3.29275;0.00168879;90
-2.14137;0.00230161;90
37.8501;0.00322687;90
53.0094;0.00398881;90
29.8048;0.00356104;90
30.1514;0.00333873;90
78.4846;0.00393725;90
75.6049;0.00414307;90
54.0293;0.00133816;90
-71.8913;0.00466507;90
-67.1305;0.00534951;90
-42.3768;0.00410977;90
-8.27708;0.00347318;90
-10.3745;0.00345956;90
-8.2907;0.00348138;90
-11.783;0.00349157;90
7.53463;0.00346996;90
15.7433;0.00377771;90
36.4687;0.0039705;90
47.365;0.00443805;90
17.7217;0.00332792;90
12.392;0.00267942;90
17.3396;0.0028453;90
53.3457;0.00403863;90
35.9233;0.00352308;90
7.01624;0.00339744;90
-1.78447;0.00131664;90
-23.288;0.00302767;90
0.573476;0.00319716;90
-46.0161;0.0039873;90
-66.1035;0.0052927;90
-68.9;0.00506671;90
10.0837;0.0036839;90
32.4712;0.00445913;90
40.4106;0.00397679;90
-0.597908;0.00325818;90
37.9198;0.00403868;90
14.0588;0.00369261;90
-22.3265;0.00401174;90
-40.7571;0.00438689;90
-3.66107;0.00371157;90
4.87024;0.00339225;90
-29.7068;0.00149325;90
-65.8536;0.00442957;90
-58.2762;0.00480959;90
-59.4071;0.00490239;90
-61.0704;0.00454174;90
-60.5205;0.00417791;90
-45.5748;0.00331296;90
-5.56467;0.00203157;90
-45.5977;0.00237247;90
-31.4811;0.00231704;90
23.9559;0.00266234;90
19.5028;0.00283358;90
-27.0285;0.00259884;90
-47.7578;0.00293931;90
-47.2844;0.00310454;90
-49.7049;0.00326724;90
-67.9775;0.00394698;90
-79.4369;0.00466404;90
-83.6063;0.00448993;90
-46.3382;0.0031489;90
-20.6093;0.00239209;90
-10.5898;0.00235613;90
-5.96181;0.00222403;90
-7.37314;0.00211953;90
-6.86768;0.00237504;90
-5.59745;0.00236829;90
0.0303473;0.001888;90
26.8441;0.00119363;90
-174.522;0.000858923;90
-163.811;0.000742441;90
178.982;0.000450071;90
-28.2832;0.00110377;90
-173.487;0.000916917;90
-158.419;0.00125605;90
133.718;0.000821864;90
177.652;0.000683574;90
160.636;0.000545881;90
-174.688;0.000486087;90
167.559;0.000566298;90
179.767;0.000492004;90
169.239;0.000819411;90
174.366;0.00127315;90
-127.58;0.0012757;90
-104.704;0.002809;90
-108.229;0.00237836;90
-99.2142;0.00242935;90
-91.7782;0.0274242;90
-111.36;0.00168579;90
-113.472;0.00154156;90
-97.2086;0.00204013;90
-101.767;0.00186826;90
-143.738;0.00109386;90
-174.786;0.000792278;90
150.366;0.000768521;90
114.17;0.00086701;90
120.919;0.000883561;90
138.862;0.00100779;90
156.477;0.000927038;90
158.405;0.00971917;90
114.975;0.00148264;90
161.633;0.0031958;90
120.076;0.00146066;90
-95.4762;0.00204333;90
-104.019;0.00158934;90
-149.182;0.000808104;90
-164.286;0.000919362;90
-123.555;0.00129717;90
-126.173;0.0013317;90
-153.784;0.00095303;90
-163.828;0.00100892;90
-150.913;0.00101616;90
-114.215;0.00202848;90
-118.608;0.00191932;90
-94.4146;0.00193574;90
-88.9839;0.0019173;90
-95.3491;0.00184503;90
-93.5445;0.00190865;90
-92.6957;0.00187107;90
-91.3059;0.00166743;90
-74.7191;0.00175298;90
-81.1365;0.00267393;90
109.315;0.000761883;90
96.1764;0.00173809;90
107.97;0.00152016;90
88.3821;0.0020188;90
87.3289;0.00212431;90
86.209;0.00231406;90
86.1824;0.00217783;90
92.6975;0.00227352;90
66.0436;0.00191606;90
66.8476;0.0016303;90
53.9024;0.00137993;90
24.7672;0.0010121;90
16.4819;0.00108561;90
42.3335;0.00135275;90
56.8374;0.00150635;90
30.3704;0.00137463;90
59.8482;0.00169423;90
82.6768;0.00251048;90
-65.8129;0.00212341;90
-18.6636;0.00245616;90
2.25064;0.000916707;90
-26.1658;0.0102048;90
-33.2639;0.000820424;90
-20.9299;0.000878998;90
-55.6834;0.00101461;90
-48.8745;0.00187316;90
20.4951;0.00153944;90
80.3883;0.00239563;90
73.8761;0.00255657;90
67.5131;0.0019557;90
87.8245;0.0272126;90
-120.554;0.00122162;90
-3.33961;0.00250626;90
63.9794;0.000800101;90
-3.65426;0.000596212;90
-67.836;0.000850873;90
-3.15854;0.00597107;90
76.6249;0.0018286;90
82.1917;0.00143531;90
71.774;0.00147395;90
83.7188;0.00160866;90
100.622;0.00177949;90
98.4656;0.00108684;90
114.944;0.000995896;90
126.588;0.000691208;90
18.1473;0.000818724;90
-15.8882;0.000825537;90
-173.112;0.00284352;90
173.249;0.00452538;90
172.368;0.00140041;90
172.721;0.00243866;90
172.587;0.00254225;90
158.119;0.002804;90
131.681;0.00321212;90
95.3795;0.0051306;90
103.528;0.00530107;90
119.05;0.004022;90
131.922;0.00347691;90
132.825;0.00378221;90
150.889;0.00306062;90
-158.429;0.00305174;90
-162.953;0.00282095;90
137.384;0.00316209;90
160.974;0.00260744;90
142.437;0.00294442;90
120.132;0.00408964;90
118.434;0.00414161;90
120.263;0.0040499;90
121.387;0.00383053;90
121.733;0.00318279;90
114.807;0.00355613;90
103.126;0.00221487;90
61.8688;0.00430336;90
55.5607;0.00468762;90
65.6578;0.00577653;90
30.0922;0.00364185;90
21.0668;0.00364996;90
36.9332;0.003618;90
133.635;0.00186941;90
-172.949;0.00401637;90
-163.402;0.00435132;90
168.816;0.00438223;90
143.469;0.00500789;90
145.876;0.00497691;90
152.526;0.00479473;90
170.893;0.00402473;90
-152.226;0.00455812;90
-134.293;0.00527118;90
-161.827;0.00421947;90
155.733;0.00450617;90
142.694;0.00491194;90
155.296;0.00469464;90
179.773;0.00429103;90
-172.178;0.00465127;90
167.7;0.00433756;90
-174.076;0.00429192;90
-147.705;0.00490944;90
-152.607;0.0046448;90
171.413;0.00435988;90
177.549;0.00430294;90
-153.061;0.00472804;90
-149.21;0.00481347;90
-167.98;0.0043647;90
159.307;0.00478255;90
153.143;0.00465287;90
167.423;0.00438113;90
155.981;0.0046113;90
136.637;0.0053465;90
120.418;0.00644864;90
120.709;0.0063191;90
127.636;0.00579232;90
136.916;0.00503459;90
137.253;0.00525221;90
110.366;0.00639903;90
95.1326;0.00763461;90
96.4018;0.00585652;90
-137.799;0.00101379;90
-162.513;0.000515838;90
126.086;0.0032445;90
176.481;0.00198775;90
-173.777;0.00193741;90
-137.589;0.00162801;90
-75.3014;0.00142669;90
-126.801;0.000833001;90
-25.8329;0.000139989;90
-121.165;0.00214683;90
-175.372;0.000979192;90
-96.0957;0.00380451;90
-93.951;0.0054279;90
-94.5838;0.00510533;90
-97.7523;0.00381789;90
-102.946;0.00490569;90
-101.72;0.00435683;90
-67.1928;0.00367102;90
-60.5267;0.0025121;90
-80.5881;0.00429279;90
-96.595;0.0045189;90
-110.07;0.00373585;90
-115.75;0.00374043;90
-114.656;0.00404148;90
-109.842;0.0045076;90
-141.248;0.00359934;90
-147.224;0.00316247;90
-154.556;0.0026744;90
-115.935;0.00203271;90
-92.2569;0.0050279;90
-100.199;0.00480594;90
-99.1047;0.00424043;90
-63.9083;0.00313999;90
-44.2139;0.003608;90
-56.8252;0.00348504;90
-56.3893;0.00320478;90
-55.4055;0.00374275;90
-51.0848;0.00318863;90
-29.7475;0.00271475;90
-48.7749;0.00385573;90
-46.8758;0.00352116;90
-94.5058;0.0018457;90
-97.2901;0.00279762;90
-84.0939;0.00285717;90
-85.4054;0.00343303;90
-87.6457;0.00399237;90
-94.7382;0.00393445;90
-80.464;0.0039658;90
-78.514;0.00306335;90
-79.5634;0.00178859;90
-68.1018;0.00175891;90
-49.021;0.00125041;90
-102.473;0.000898201;90
-103.355;0.000857181;90
58.5704;4.219e-05;90
85.1231;0.00117626;90
111.914;0.00245434;90
105.85;0.00190025;90
100.454;0.0016148;90
101.994;0.00185755;90
159.642;0.00125328;90
176.752;0.000794276;90
149.669;0.000605941;90
151.262;0.00175747;90
134.582;0.000581257;90
167.345;0.000543195;90
158.531;0.00063936;90
108.553;0.000770016;90
125.929;0.000681692;90
-60.2209;0.00165909;90
-6.99461;0.000599461;90
-29.9611;0.000558656;90
-37.4158;0.00102865;90
-33.9591;0.000827067;90
-26.834;0.00104783;90
1.25905;0.000546132;90
4.08562;0.00051932;90
60.2155;0.00107501;90
96.9322;0.00328099;90
84.919;0.00352284;90
90.2004;0.00314502;90
94.2945;0.00345871;90
96.7813;0.00281167;90
90.8907;0.00199424;90
80.4815;0.00251563;90
95.5156;0.00122768;90
132.283;0.0030277;90
132.351;0.00333545;90
141.208;0.00243257;90
153.601;0.0023121;90
118.476;0.00343338;90
125.848;0.00281405;90
123.89;0.00190818;90
124.782;0.00232795;90
126.205;0.00268678;90
133.782;0.00269539;90
137.215;0.00259844;90
139.772;0.00272828;90
148.397;0.00256664;90
144.081;0.00237453;90
136.625;0.00229336;90
132.888;0.00193808;90
99.8288;0.00172228;90
135.08;0.00151957;90
152.997;0.00122898;90
128.01;0.00159792;90
-151.954;0.000380706;90
-36.7136;0.00271321;90
9.21103;0.00311112;90
19.7143;0.00216702;90
36.0315;0.00304813;90
34.164;0.00355436;90
29.2862;0.0030521;90
24.0506;0.00264021;90
31.386;0.00293202;90
33.489;0.0031607;90
61.5777;0.00367042;90
69.5383;0.00440813;90
63.5438;0.0042378;90
67.142;0.00399796;90
71.5651;0.00293143;90
19.9261;0.00266133;90
-23.6824;0.00290788;90
-34.9265;0.00372734;90
-35.934;0.00388172;90
-51.0955;0.00387564;90
-87.2038;0.00522722;90
-105.339;0.00524692;90
-101.633;0.00573276;90
-87.9778;0.00572457;90
-33.9117;0.00286782;90
-35.9382;0.00207867;90
-54.4598;0.00266312;90
-53.3674;0.00236642;90
-14.8441;0.00147937;90
-2.54212;0.0014204;90
-2.25488;0.00147414;90
27.4302;0.00216208;90
50.209;0.00302193;90
48.2986;0.00308456;90
29.4229;0.00282543;90
28.6406;0.00258077;90
66.0901;0.00265483;90
82.2837;0.00295677;90
71.4572;0.00319169;90
62.8164;0.00111855;90
-71.8896;0.00284704;90
-69.1916;0.00536814;90
-54.999;0.00472812;90
-16.8058;0.00334799;90
-8.87792;0.00386834;90
-7.86402;0.00365437;90
-10.879;0.00362413;90
2.21749;0.00369577;90
15.6788;0.00386688;90
34.8887;0.00426935;90
45.0563;0.00503814;90
12.8261;0.00372084;90
16.8445;0.0034751;90
37.7521;0.00388406;90
49.0596;0.00421503;90
5.82534;0.00347796;90
10.3245;0.0015623;90
-26.9842;0.00305679;90
-1.16548;0.00383479;90
-50.566;0.00460021;90
-73.4111;0.00591938;90
-51.2578;0.00423606;90
18.8872;0.00392641;90
39.2218;0.00423517;90
25.076;0.00380349;90
18.8106;0.00313547;90
29.2778;0.00394034;90
9.80703;0.00371631;90
-32.5753;0.00447617;90
-38.9333;0.00448271;90
13.5816;0.00360686;90
7.92316;0.00305416;90
-65.7704;0.00285336;90
-61.7483;0.00490761;90
-58.6435;0.00490429;90
-59.9419;0.00524079;90
-61.1078;0.00524254;90
-50.2371;0.00412125;90
-17.9992;0.00328475;90
-35.2077;0.00361292;90
24.3318;0.00376437;90
-9.49544;0.00369766;90
-47.3406;0.00479606;90
-48.8745;0.00455215;90
-70.9766;0.00591187;90
-82.9254;0.00634934;90
-51.2833;0.0042448;90
-15.7757;0.00357153;90
-8.27428;0.00320335;90
-6.01479;0.00311113;90
-7.74136;0.0027097;90
-2.17131;0.00211152;90
6.39135;0.00160799;90
-151.53;0.000941905;90
50.1248;0.00136948;90
169.621;0.000555082;90
-128.148;0.000734983;90
-174.671;0.000463001;90
-49.4274;0.000650358;90
22.7692;0.00112139;90
8.82291;0.00385967;90
-50.7932;0.00287919;90
-71.3107;0.00455942;90
-26.6808;0.00287738;90
-33.7185;0.00279763;90
-71.7971;0.00413914;90
-58.0866;0.00765743;90
-95.0369;0.00395226;90
-100.198;0.0049817;90
-90.9914;0.00352553;90
-80.0503;0.00216456;90
-50.4875;0.0027285;90
24.971;0.000980672;90
34.1265;0.00152935;90
39.8704;0.00147102;90
51.1768;0.00147866;90
53.0738;0.001017;90
-6.00493;0.000736039;90
21.3534;0.000807428;90
-0.175753;0.000652003;90
74.2141;0.000937352;90
78.4808;0.00193293;90
74.7204;0.00225781;90
62.0073;0.0027463;90
49.4597;0.00203698;90
47.6354;0.00173779;90
51.6717;0.00167374;90
62.9072;0.00218473;90
74.6537;0.00341579;90
69.6348;0.00122988;90
63.4097;0.00101428;90
58.7891;0.00218646;90
80.2761;0.00399642;90
83.1916;0.00549978;90
83.4279;0.00556557;90
77.2709;0.00490147;90
73.504;0.0051312;90
62.3235;0.0041961;90
59.7608;0.00406861;90
67.0968;0.00455836;90
26.178;0.00284703;90
6.65397;0.00209713;90
129.765;0.00216997;90
135.685;0.00413828;90
125.873;0.00484993;90
121.593;0.00515384;90
121.782;0.00516435;90
128.74;0.00478595;90
141.612;0.00415146;90
170.807;0.00357391;90
-170.042;0.00376471;90
-169.33;0.00360229;90
-177.145;0.00353339;90
173.874;0.00351407;90
165.176;0.00365051;90
153.772;0.00380585;90
143.144;0.004138;90
134.651;0.00441243;90
130.796;0.00490992;90
143.322;0.00417702;90
162.58;0.00385795;90
179.493;0.00361614;90
-169.54;0.00367405;90
-155.86;0.00385844;90
-164.473;0.00376543;90
155.72;0.00411719;90
135.32;0.00456091;90
149.133;0.0040484;90
169.038;0.00358644;90
-173.999;0.00358666;90
-160.523;0.00375488;90
-176.377;0.0037034;90
155.452;0.00387527;90
142.239;0.00441073;90
145.815;0.00398317;90
152.053;0.00378319;90
161.761;0.00370305;90
-167.83;0.00356717;90
-140.229;0.00422842;90
-138.43;0.00479854;90
-172.624;0.00373088;90
151.147;0.00432487;90
142.081;0.00446835;90
154.535;0.0040771;90
175.456;0.00350903;90
-168.801;0.00384624;90
175.437;0.00374587;90
169.628;0.00368826;90
-168.166;0.00369145;90
-146.955;0.00435911;90
-150.198;0.0041187;90
178.774;0.00378587;90
167.013;0.00384023;90
-163.587;0.00398853;90
-146.847;0.00428802;90
-154.308;0.00405044;90
-173.153;0.00403477;90
155.604;0.00398261;90
151.652;0.00415305;90
169.099;0.00379141;90
160.182;0.00390529;90
145.667;0.00432804;90
129.064;0.00511435;90
118.303;0.00573681;90
122.057;0.00577095;90
128.793;0.00503584;90
136.458;0.00475259;90
139.576;0.00456478;90
114.054;0.00597156;90
97.5728;0.00692036;90
93.3273;0.00721917;90
103.545;0.00667774;90
107.677;0.00704775;90
112.844;0.00613305;90
117.375;0.00578931;90
131.945;0.00482933;90
172.498;0.00265775;90
-72.5679;0.00227656;90
-13.9068;0.00107347;90
98.2764;0.00193819;90
27.8649;0.000276002;90
-96.4133;0.00129812;90
-129.038;0.00108918;90
131.813;0.00183141;90
115.099;0.00215001;90
167.715;0.00237335;90
142.661;0.00356452;90
117.357;0.0057951;90
100.229;0.00693727;90
97.2415;0.00695749;90
108.57;0.00685173;90
118.969;0.00564075;90
130.541;0.00484775;90
137.838;0.0047137;90
126.359;0.00520541;90
114.148;0.00611841;90
125.582;0.0051593;90
147.936;0.00417247;90
-177.741;0.00400812;90
-175.53;0.0037464;90
147.751;0.0042448;90
161.742;0.00390037;90
156.079;0.0040225;90
127.902;0.00539628;90
123.594;0.00545992;90
122.301;0.00556167;90
128.132;0.00566497;90
148.359;0.00429668;90
174.233;0.0041299;90
178.077;0.00399225;90
163.314;0.00408187;90
133.945;0.00506799;90
125.651;0.00521058;90
138.69;0.00429609;90
167.036;0.00410976;90
139.093;0.00456754;90
136.64;0.00457049;90
165.282;0.00383379;90
175.233;0.00386236;90
175.945;0.00374738;90
175.607;0.00377308;90
174.821;0.00379951;90
-168.47;0.00414259;90
-156.732;0.00402757;90
-159.619;0.00393962;90
-160.572;0.00408881;90
166.383;0.00377614;90
143.098;0.0043318;90
132.47;0.00488592;90
124.049;0.00535629;90
110.425;0.00692008;90
103.533;0.00708983;90
110.463;0.00632725;90
115.761;0.00576828;90
117.215;0.00579671;90
113.211;0.00643704;90
114.198;0.00655056;90
116.801;0.00620112;90
120.164;0.00623304;90
117.663;0.00597498;90
117.87;0.00603045;90
129.771;0.005307;90
125.465;0.00524638;90
125.593;0.00520429;90
125.508;0.0052995;90
136.071;0.00503194;90
146.295;0.00429615;90
145.9;0.00442357;90
142.346;0.00455723;90
135.473;0.00487991;90
132.332;0.00486027;90
132.065;0.00473746;90
132.4;0.00497254;90
134.181;0.00484983;90
138.431;0.00506843;90
122.489;0.00562423;90
108.383;0.0065924;90
94.6883;0.00732852;90
82.5044;0.00696048;90
79.005;0.00677944;90
85.8526;0.00680281;90
94.6018;0.00631937;90
107.062;0.00629506;90
122.713;0.00534947;90
143.846;0.00430374;90
139.622;0.0046417;90
118.133;0.005688;90
111.904;0.00620818;90
128.76;0.00499632;90
148.959;0.00421218;90
151.061;0.00436273;90
132.51;0.00484968;90
115.648;0.00637182;90
129.97;0.00522585;90
137.395;0.00490736;90
112.399;0.00631659;90
98.0967;0.00704321;90
95.5602;0.0071627;90
101.617;0.00684318;90
120.489;0.0058104;90
129.447;0.00482248;90
124.625;0.00539074;90
133.03;0.00520385;90
139.08;0.00479077;90
136.398;0.00480976;90
130.334;0.00516343;90
131.709;0.00513711;90
147.548;0.00491801;90
140.204;0.00478704;90
138.475;0.0047591;90
130.365;0.00497024;90
119.186;0.00567213;90
121.782;0.00548903;90
127.174;0.00512047;90
123.656;0.00566571;90
125.137;0.00603096;90
132.546;0.0050371;90
122.08;0.00550924;90
131.808;0.00505376;90
121.139;0.00505306;90
111.474;0.00568998;90
119.247;0.00588641;90
127.807;0.00556274;90
118.363;0.00625602;90
114.967;0.00670455;90
123.673;0.0055875;90
129.64;0.00514762;90
140.785;0.00464389;90
153.367;0.00455308;90
153.921;0.00479967;90
146.04;0.0048889;90
138.677;0.00503861;90
131.589;0.00540693;90
120.898;0.00553443;90
117.019;0.0167603;90
135.092;0.00483167;90
154.698;0.0040174;90
177.087;0.00387701;90
176.666;0.00423016;90
167.464;0.00406799;90
156.603;0.0043137;90
137.126;0.00478404;90
123.124;0.00552841;90
124.3;0.00544968;90
133.958;0.00497885;90
134.238;0.00494382;90
134.126;0.00528694;90
135.334;0.00497741;90
139.204;0.00483194;90
143.252;0.00469501;90
146.153;0.00426233;90
149.883;0.0043387;90
146.64;0.0044263;90
145.741;0.00452269;90
147.859;0.00468976;90
148.117;0.00416898;90
160.96;0.00404004;90
165.546;0.00402232;90
151.37;0.00421996;90
146.804;0.00440365;90
159.521;0.0041044;90
173.529;0.00376197;90
-167.817;0.00411774;90
-152.633;0.0041832;90
-152.999;0.00428622;90
-152.152;0.00455556;90
-153.096;0.00430719;90
-166.236;0.00402662;90
173.038;0.00410023;90
168.876;0.00447814;90
-174.614;0.0041232;90
-158.854;0.00441315;90
-144.681;0.00480176;90
-135.206;0.00531111;90
-126.145;0.00574226;90
-126.48;0.00340768;90
-135.487;0.00416218;90
-148.561;0.00471637;90
-173.68;0.00446011;90
-171.245;0.00430314;90
-153.858;0.00441904;90
-171.444;0.00409355;90
169.341;0.00419539;90
170.489;0.00664534;90
-178.466;0.00141951;90
-169.152;0.00355452;90
-155.253;0.00387706;90
-150.416;0.00374524;90
-158.632;0.00390009;90
-168.926;0.00432655;90
-174.163;0.00402185;90
177.386;0.00372688;90
154.27;0.00414164;90
160.76;0.00407247;90
-176.884;0.00397387;90
178.346;0.00436582;90
165.911;0.0042354;90
156.956;0.00706366;90
142.218;0.00183463;90
145.285;0.00426522;90
165.086;0.00419636;90
-169.085;0.00392398;90
-144.497;0.00467153;90
-128.148;0.00543475;90
-123.029;0.00572405;90
-118.778;0.00619629;90
-114.682;0.00647781;90
-111.763;0.00629786;90
-110.776;0.00647289;90
-118.794;0.00585264;90
-137.587;0.00485712;90
-164.441;0.00415319;90
166.596;0.00375735;90
176.375;0.00354309;90
-172.167;0.00341184;90
-159.715;0.00374103;90
-166.577;0.0039458;90
-173.577;0.00399608;90
-179.052;0.00410956;90
170.671;0.0039543;90
175.052;0.00412738;90
-164.613;0.00387801;90
-164.645;0.00391993;90
-177.051;0.00388815;90
-179.061;0.00378151;90
-174.035;0.00360854;90
-168.58;0.0033585;90
-168.687;0.00331848;90
-170.562;0.00393325;90
170.465;0.00399621;90
152.439;0.00419505;90
144.724;0.00442931;90
142.93;0.00470483;90
147.415;0.00434134;90
152.792;0.00422554;90
143.932;0.00471846;90
130.238;0.00797257;90
125.973;0.00522804;90
128.882;0.00491623;90
135.319;0.00457647;90
140.151;0.00421369;90
145.895;0.00394319;90
142.902;0.00402703;90
137.629;0.00419331;90
130.363;0.00438214;90
122.025;0.00551771;90
120.563;0.00570916;90
119.194;0.00569321;90
110.986;0.0057408;90
109.673;0.00572095;90
111.38;0.00628986;90
114.283;0.00607664;90
116.874;0.00588899;90
119.844;0.00552811;90
122.719;0.00546874;90
125.986;0.00524002;90
128.432;0.00487141;90
121.584;0.00442201;90
115.526;0.00485933;90
112.088;0.00481867;90
116.116;0.00450716;90
125.268;0.00412881;90
139.109;0.00354252;90
146.014;0.00353848;90
136.476;0.00354024;90
128.171;0.00358572;90
118.033;0.00427677;90
108.223;0.00435543;90
109.1;0.00569027;90
117.135;0.0054442;90
122.441;0.00514135;90
130.662;0.00488951;90
143.613;0.00406074;90
153.949;0.00373662;90
165.708;0.00374697;90
-179.811;0.00363602;90
-170.265;0.00366071;90
-170.337;0.00362239;90
-173.021;0.00354728;90
179.462;0.00341015;90
170.723;0.00325051;90
168.589;0.00321454;90
168.282;0.00360412;90
168.182;0.00322741;90
169.336;0.00316669;90
171.692;0.00314197;90
-171.417;0.00312905;90
-154.469;0.00339446;90
-143.757;0.00361802;90
-146.879;0.00360351;90
-157.259;0.00348708;90
-167.929;0.00302693;90
-168.97;0.00284862;90
-168.408;0.002991;90
-164.703;0.00309672;90
-160.473;0.00320112;90
-160.554;0.003208;90
-160.308;0.00322883;90
-159.556;0.00348128;90
-162.383;0.00338999;90
-168.396;0.00366899;90
-178.721;0.00326981;90
-173.72;0.00303521;90
-161.036;0.00342489;90
-159.533;0.00332596;90
-159.997;0.00336181;90
-160.78;0.00359964;90
-159.075;0.00314438;90
-155.075;0.00268841;90
-149.533;0.00223454;90
-148.661;0.00230533;90
-154.018;0.00219817;90
133.96;0.00261036;90
119.605;0.0021922;90
122.672;0.00662056;90
141.093;0.00456969;90
176.765;0.00191405;90
53.7944;0.00172512;90
57.6853;0.00300429;90
60.372;0.00364911;90
54.7295;0.00364022;90
62.75;0.00404042;90
77.8033;0.00522084;90
84.0611;0.00581823;90
92.862;0.00632889;90
81.0607;0.00581766;90
78.6553;0.00581563;90
75.8045;0.00575782;90
76.5748;0.00609454;90
78.3033;0.0063039;90
79.1422;0.00623767;90
81.2545;0.00632048;90
80.9526;0.00669631;90
85.5088;0.00764949;90
84.819;0.00696546;90
80.8095;0.00668684;90
79.1684;0.00657718;90
78.9116;0.00664505;90
83.4987;0.00687119;90
86.6744;0.00691264;90
86.7705;0.00697608;90
86.5479;0.00753968;90
81.7958;0.00700065;90
77.9691;0.00682695;90
80.9533;0.00655049;90
89.0704;0.00659487;90
105.599;0.00522131;90
107.477;0.0059203;90
91.198;0.00707855;90
84.8424;0.00746422;90
84.3461;0.00673979;90
88.1403;0.00717978;90
93.0883;0.00673779;90
86.6023;0.00656354;90
76.2963;0.00618404;90
64.8083;0.00548576;90
72.2061;0.00599163;90
78.1473;0.00648016;90
71.3358;0.00576836;90
73.0334;0.00439321;90
80.9097;0.0015444;90
70.2165;0.000980894;90
41.0251;0.00234617;90
51.116;0.00287378;90
50.7253;0.00273601;90
46.4465;0.00288521;90
51.7179;0.00265361;90
58.5005;0.00229286;90
-53.6182;0.000939034;90
-74.0146;0.000984051;90
-142.487;0.00131868;90
-131.663;0.00195564;90
-132.475;0.00221539;90
-131.579;0.00172984;90
-128.347;0.000714037;90
-105.289;0.00134251;90
-103.02;0.00134046;90
79.631;0.00207793;90
52.07;0.00246462;90
48.1356;0.0035033;90
48.2797;0.000877543;90
37.095;0.00101801;90
56.4634;0.000932177;90
109.762;0.00110615;90
-139.716;0.00199514;90
-127.596;0.00385191;90
-127.656;0.00344072;90
-128.808;0.00338273;90
-134.867;0.00274712;90
-129.681;0.0014111;90
-91.0661;0.00306353;90
-115.398;0.00346931;90
-109.232;0.00629955;90
-101.743;0.00708529;90
-111.417;0.00667385;90
-110.268;0.00675207;90
-95.8353;0.00713095;90
-87.4004;0.00782705;90
-91.1456;0.00820264;90
-94.8598;0.00806198;90
-96.2398;0.0080688;90
-82.9936;0.00778816;90
-71.1179;0.00721211;90
-90.0213;0.008065;90
-99.711;0.00730974;90
-101.837;0.00699066;90
-96.3757;0.00731222;90
-95.0897;0.00653778;90
-91.0157;0.00795425;90
-94.259;0.00729815;90
-98.6593;0.00762492;90
-102.674;0.00706002;90
-99.3645;0.0070307;90
-97.3033;0.0071742;90
-94.4345;0.00735903;90
-95.7429;0.00723531;90
-100.395;0.00651189;90
-99.4975;0.00749068;90
-100.893;0.00684228;90
-103.281;0.00667759;90
-104.506;0.0072181;90
-100.719;0.00574219;90
-96.5778;0.00583139;90
-85.7611;0.00593925;90
-96.3103;0.00572267;90
-105.848;0.0052693;90
-120.226;0.0039014;90
-125.081;0.0036904;90
-119.731;0.00309318;90
-118.11;0.00270394;90
-50.8321;0.00228944;90
9.43482;0.00239743;90
52.0126;0.00335344;90
43.1842;0.0032805;90
11.436;0.00267307;90
3.03646;0.00292611;90
57.9042;0.00208343;90
108.025;0.00340301;90
104.753;0.00184172;90
94.7709;0.00197183;90
173.575;0.00185868;90
175.949;0.00104762;90
167.173;0.00166659;90
176.153;0.00102832;90
-113.524;0.00327956;90
-120.087;0.00402537;90
-124.636;0.00352948;90
-123.028;0.0030236;90
-69.1648;0.00369995;90
-45.6214;0.00130398;90
-38.1946;0.00163504;90
-57.5629;0.00837104;90
-49.4304;0.00137306;90
-79.5102;0.0036856;90
-85.5052;0.00375154;90
-78.2432;0.00344528;90
-48.3756;0.0010448;90
-96.2139;0.00130265;90
-150.663;0.000887863;90
104.955;0.00205769;90
94.8381;0.00524067;90
76.699;0.00417705;90
46.428;0.00224152;90
39.9458;0.00130828;90
18.3622;0.0019935;90
134.835;0.000734687;90
-79.197;0.00272632;90
95.4898;0.000878027;90
170.1;0.00122727;90
-144.585;0.00228474;90
-124.314;0.00236816;90
-99.8133;0.00378437;90
-77.7944;0.00415287;90
-45;0.000927724;90
-100.887;0.00177902;90
144.182;0.00106798;90
90.7871;0.00305729;90
94.0738;0.00413846;90
100.52;0.00340117;90
115.143;0.00232533;90
110.824;0.000827022;90
124.425;0.00800249;90
-131.121;0.000992932;90
-108.153;0.00314556;90
-105.652;0.00257239;90
-108.544;0.00314426;90
-109.692;0.00479865;90
-115.19;0.00380152;90
-107.769;0.00418777;90
-118.287;0.0225055;90
-93.0847;0.0021371;90
-106.868;0.0368882;90
-121.216;0.00429128;90
-131.736;0.00401085;90
-169.205;0.00287792;90
-132.551;0.0032769;90
-109.747;0.00465261;90
-137.441;0.00330448;90
-143.047;0.00954661;90
-165.129;0.00184686;90
155.498;0.00675865;90
132.808;0.00131264;90
125.763;0.00295155;90
129.378;0.00348654;90
120.158;0.00426765;90
139.863;0.00254414;90
-106.689;0.00389299;90
-104.861;0.0026786;90
-105.267;0.00205451;90
-101.288;0.0030602;90
155.345;0.000764713;90
140.405;0.00159881;90
146.292;0.00181997;90
174.984;0.00160113;90
157.962;0.00189225;90
142.699;0.00247027;90
154.39;0.00249625;90
178.485;0.00253389;90
-172.799;0.00084567;90
144.15;0.0012806;90
149.201;0.00131437;90
160.981;0.00139622;90
60.9454;0.000998676;90
-125.547;0.000701787;90
172.07;0.00109447;90
-177.299;0.00403248;90
-147.911;0.0106619;90
-141.437;0.000927205;90
-120.478;0.0007078;90
-131.972;0.00115136;90
-160.521;0.00114557;90
25.6131;0.000592193;90
41.9872;0.00102248;90
43.9549;0.000852913;90
48.3665;0.000746579;90
40.1429;0.00115248;90
28.4897;0.0119706;90
-7.69443;0.00189708;90
-19.4135;0.00179612;90
-17.9328;0.00165963;90
-13.6891;0.00144093;90
81.5502;0.00321894;90
77.2605;0.00368676;90
69.362;0.00319183;90
69.5841;0.00334832;90
63.8568;0.00309793;90
32.6689;0.00233427;90
32.2196;0.00195624;90
29.7398;0.001397;90
-3.00863;0.001448;90
-3.74616;0.000505079;90
75.886;0.00125076;90
-54.8589;0.00100766;90
91.1942;0.00331072;90
97.9458;0.00562803;90
91.9415;0.00608049;90
90.1407;0.00610802;90
90.5288;0.00585125;90
90.1118;0.00563701;90
90.3269;0.0061351;90
90.2857;0.00601607;90
90.9236;0.00589377;90
92.1441;0.00572;90
93.6805;0.00219653;90
93.8974;0.0063998;90
94.0726;0.00499862;90
96.3307;0.0066747;90
95.3352;0.00656042;90
87.0696;0.00610298;90
78.3113;0.00578496;90
76.0374;0.00565715;90
68.0516;0.00470609;90
-27.3732;0.0033929;90
-26.877;0.00353259;90
-21.6394;0.00334903;90
-15.1275;0.00342571;90
-18.4579;0.00394178;90
-18.0135;0.00365411;90
-24.0473;0.00363444;90
-29.0256;0.00384377;90
-33.4173;0.00366966;90
-27.8608;0.00318408;90
-35.2328;0.00325533;90
-35.633;0.00321495;90
-41.6775;0.00357478;90
-38.1405;0.00520408;90
-32.3225;0.00103426;90
-23.6865;0.00206605;90
-22.7986;0.00182455;90
17.2351;0.000891009;90
93.124;0.00273406;90
134.615;0.00147223;90
132.426;0.00162162;90
-87.0549;0.00124565;90
1.8183;0.000252127;90
-0.521605;0.00208709;90
-82.0898;0.00368405;90
-60.7492;0.000992563;90
-26.3415;0.00160461;90
-6.45882;0.00250691;90
13.9553;0.00308918;90
19.2835;0.00330969;90
1.5543;0.00302311;90
-41.9012;0.00371491;90
48.1086;0.00337716;90
57.6802;0.00461615;90
57.9146;0.00478367;90
70.9281;0.00540467;90
81.6859;0.00585756;90
92.085;0.00610204;90
85.4961;0.00655825;90
80.1441;0.00622183;90
74.3172;0.00674406;90
77.722;0.00644235;90
77.2038;0.00657838;90
79.8089;0.00648837;90
83.0075;0.00648927;90
80.6072;0.00759179;90
85.5209;0.00737553;90
83.7467;0.00742719;90
80.3187;0.00623784;90
79.2454;0.00586807;90
80.6261;0.0116161;90
86.0682;0.00294593;90
86.071;0.00607127;90
87.3854;0.00736567;90
86.3893;0.00738366;90
79.1581;0.0061457;90
81.4452;0.0135659;90
81.6565;0.00349398;90
98.0985;0.00589883;90
110.161;0.00709684;90
93.1216;0.00741901;90
85.7871;0.00737794;90
83.3959;0.00769506;90
88.5694;0.00777042;90
91.918;0.00773834;90
84.3189;0.00716218;90
69.4741;0.00689899;90
67.5899;0.0063452;90
78.2483;0.00773309;90
71.5706;0.00658892;90
78.2191;0.00481952;90
100.295;0.00153877;90
-86.7953;0.00280839;90
-142.639;0.00053722;90
64.7808;0.00118052;90
58.7246;0.00283731;90
50.6014;0.00310062;90
50.7583;0.00304461;90
47.9453;0.00214678;90
47.8278;0.00227895;90
51.0269;0.00225612;90
58.2247;0.00205853;90
-53.476;0.00175583;90
-140.915;0.000988139;90
-136.331;0.00149169;90
-132.576;0.00188896;90
-130.424;0.0020295;90
-131.415;0.00167346;90
-105.43;0.00137558;90
-99.1011;0.00125176;90
58.5006;0.00941071;90
-133.439;0.00485467;90
-131.286;0.00215059;90
-125.281;0.00491349;90
-96.7172;0.00587332;90
-87.2134;0.00275626;90
-83.3668;0.00187858;90
-90.7656;0.00396635;90
-95.8862;0.132313;90
-104.909;0.00130596;90
-103.476;0.00307671;90
-105.786;0.00703948;90
-101.578;0.00921756;90
-102.513;0.00971989;90
-98.1072;0.0106009;90
-100.451;0.00872678;90
-100.741;0.00327844;90
-102.359;0.0265195;90
-91.6666;0.00484805;90
-86.1373;0.00305795;90
-94.969;0.00674234;90
-103.228;0.00611833;90
-118.866;0.00579161;90
-135.395;0.00348753;90
-117.803;0.00569212;90
-118.588;0.00610648;90
-134.326;0.000601082;90
-104.969;0.00509489;90
-92.8954;0.00112844;90
-101.272;0.00538692;90
-123.695;0.00301202;90
94.77;0.00224879;90
85.7213;0.00465096;90
90.8568;0.00100311;90
86.2896;0.00135985;90
90.5108;0.00134605;90
145.147;0.000943184;90
140.289;0.00108153;90
-179.084;0.00175122;90
168.149;0.00224485;90
163.292;0.0006609;90
169.66;0.000869115;90
-177.228;0.000951113;90
151.865;0.00187677;90
172.678;0.000792463;90
133.919;0.000637217;90
121.51;0.00525598;90
141.461;0.000741515;90
118.58;0.00134829;90
56.9293;0.00379714;90
-159.562;0.00085054;90
176.896;0.00121879;90
-79.8689;0.00342236;90
12.9183;0.00106906;90
-50.0436;0.00102148;90
-93.8071;0.00109943;90
131.337;0.00107346;90
26.5967;0.000810798;90
-54.4576;0.00711331;90
-24.3643;0.00053571;90
-17.4925;0.00148046;90
54.0709;0.00107194;90
-67.6638;0.00113409;90
-19.0296;0.000944623;90
1.53297;0.0011214;90
-28.5576;0.000951799;90
11.8571;0.000841965;90
3.60533;0.000492976;90
-68.1901;0.00125159;90
-82.9067;0.00626797;90
-88.8211;0.00393683;90
59.8268;0.00346786;90
87.1275;0.00113743;90
76.8095;0.00773918;90
65.9152;0.00432995;90
58.6234;0.00399876;90
61.1467;0.00384194;90
61.2535;0.00312516;90
58.4411;0.00262527;90
54.5059;0.00214082;90
48.8069;0.00224719;90
69.1105;0.00283537;90
81.5459;0.00347577;90
80.1579;0.00424142;90
90.4323;0.00450613;90
90.5067;0.00350514;90
87.1341;0.00244005;90
84.1221;0.00160142;90
82.3497;0.00238119;90
79.6468;0.00349998;90
78.4294;0.00327557;90
76.7112;0.00291916;90
74.9513;0.0044061;90
77.5648;0.0073699;90
78.6701;0.00844966;90
80.57;0.00844715;90
81.3364;0.00838467;90
77.1379;0.00826129;90
76.4816;0.00678909;90
77.2053;0.00530574;90
76.704;0.00426122;90
76.6062;0.00413137;90
76.1179;0.00270501;90
76.7312;0.00568579;90
79.2024;0.0076759;90
83.4384;0.0091449;90
83.0739;0.0080024;90
83.7528;0.0080317;90
85.0939;0.00771727;90
91.0806;0.00752934;90
86.7692;0.00629901;90
73.9794;0.00418868;90
77.0628;0.00269337;90
87.1978;0.00132959;90
77.7666;0.00372355;90
89.0801;0.00597977;90
84.6942;0.00577474;90
85.4042;0.00751316;90
85.6119;0.00828629;90
93.302;0.00736122;90
81.409;0.00654038;90
87.3273;0.00564014;90
90.2742;0.00480606;90
81.1613;0.00362505;90
81.6311;0.0043766;90
88.2167;0.00244218;90
94.3369;0.00170588;90
95.3285;0.00123835;90
92.2299;0.00233877;90
81.1145;0.00400102;90
64.2418;0.00416039;90
46.316;0.00347918;90
46.2291;0.00286798;90
58.0516;0.00202587;90
37.5746;0.00115449;90
-130.53;0.00748487;90
47.8186;0.0026315;90
47.671;0.00411205;90
31.6971;0.00100489;90
104.723;0.00216406;90
58.4391;0.00153036;90
47.3716;0.00164048;90
62.483;0.00320339;90
65.3853;0.00172143;90
69.2019;0.00343589;90
73.0945;0.00292647;90
69.7222;0.00294023;90
76.5167;0.00341821;90
83.8621;0.00381587;90
79.3503;0.00456157;90
77.7075;0.00360259;90
87.5608;0.0028666;90
0.948693;0.00108715;90
59.6875;0.00411915;90
68.6423;0.00556304;90
74.1443;0.00605747;90
71.5278;0.00584199;90
61.6417;0.00545913;90
67.2662;0.00556863;90
72.2632;0.00609891;90
68.6249;0.00564102;90
71.7174;0.00606622;90
78.5547;0.00630947;90
68.9556;0.00595948;90
61.8574;0.00562047;90
66.2138;0.00633731;90
70.1235;0.00583245;90
70.103;0.00562689;90
69.8436;0.00578958;90
77.9925;0.00633051;90
79.455;0.00608171;90
82.509;0.0061747;90
79.3062;0.00678483;90
78.3691;0.00605636;90
54.7824;0.0045779;90
45.1371;0.00413659;90
45.7224;0.0040379;90
50.1944;0.0041941;90
50.2234;0.00431075;90
47.2552;0.00429476;90
59.862;0.00518837;90
51.193;0.00443754;90
66.2306;0.00527221;90
63.8146;0.00526427;90
79.9137;0.00618966;90
68.6747;0.00563159;90
68.1119;0.00540244;90
57.658;0.00476286;90
42.4751;0.00438195;90
41.5916;0.00397248;90
42.249;0.00406631;90
45.1814;0.00424337;90
40.7161;0.00406095;90
46.8329;0.00444361;90
52.3045;0.00476069;90
39.0113;0.00427659;90
16.4151;0.00392081;90
0.591151;0.00358619;90
-19.051;0.00367636;90
-35.0474;0.0041567;90
-12.6117;0.00359986;90
-1.514;0.00367128;90
12.2038;0.0036331;90
49.0114;0.00458905;90
60.3303;0.00567273;90
52.5393;0.00479105;90
35.8122;0.00414951;90
62.5473;0.00542714;90
52.1064;0.00486978;90
54.2599;0.00417901;90
58.8656;0.00201529;90
63.814;0.000811263;90
57.4096;0.00361287;90
58.3069;0.00412282;90
65.8656;0.00389113;90
74.5631;0.0019348;90
75.7412;0.00181078;90
78.6926;0.00445752;90
79.1775;0.00497957;90
82.95;0.00360123;90
75.1795;0.00189608;90
68.2757;0.00427675;90
79.6295;0.0054663;90
82.603;0.00488566;90
80.3718;0.00545281;90
68.4357;0.0055204;90
75.4417;0.00593558;90
60.047;0.00553186;90
62.4563;0.00557712;90
60.6462;0.00546919;90
56.605;0.00468561;90
56.9695;0.00436079;90
54.6278;0.00402498;90
50.4707;0.0031596;90
50.7889;0.00303553;90
56.9783;0.00437466;90
57.3405;0.00450295;90
57.1526;0.00445056;90
57.3829;0.00448776;90
70.4895;0.00532368;90
79.7565;0.00542649;90
84.8977;0.0055771;90
82.3388;0.00546074;90
76.1673;0.00587231;90
76.2058;0.0057416;90
76.9044;0.00565815;90
78.4291;0.00589786;90
75.8154;0.00561933;90
71.6789;0.0054113;90
69.7131;0.00538185;90
54.7075;0.0044829;90
53.6105;0.00469937;90
53.5466;0.00442972;90
54.1032;0.00445144;90
59.0131;0.00467522;90
70.4187;0.00499487;90
71.0627;0.00526603;90
70.7592;0.00544092;90
67.1442;0.00515689;90
60.2934;0.00463518;90
59.3074;0.00409457;90
69.8261;0.00466841;90
81.7551;0.0052927;90
82.2229;0.00518772;90
83.8041;0.00491068;90
87.2496;0.00508486;90
88.5442;0.00452646;90
86.841;0.00518989;90
75.6221;0.00565409;90
60.6735;0.00439988;90
47.931;0.00380285;90
41.6335;0.00368473;90
37.6101;0.00345249;90
37.2466;0.00325487;90
37.291;0.00302048;90
30.0782;0.00353964;90
20.4511;0.00402681;90
23.8059;0.00386483;90
37.963;0.00371128;90
49.4109;0.00357653;90
58.1029;0.00342168;90
64.3352;0.00381431;90
67.653;0.00555737;90
67.2388;0.00552094;90
59.3978;0.00429407;90
46.7047;0.00261462;90
33.6694;0.00308081;90
31.9169;0.00356732;90
22.4174;0.00326471;90
-10.8106;0.00285772;90
-26.4035;0.00317299;90
-26.4737;0.00336708;90
-27.4462;0.0034605;90
-6.31887;0.00267123;90
25.3858;0.00295537;90
26.7769;0.00326513;90
31.5439;0.00330306;90
37.7031;0.00327355;90
44.1558;0.00355148;90
53.1332;0.0036636;90
52.4203;0.00377789;90
21.3428;0.00324773;90
13.2737;0.00297035;90
53.1332;0.0036686;90
60.2293;0.00412664;90
40.8458;0.00378731;90
14.8617;0.00296312;90
10.323;0.00282371;90
31.012;0.00305696;90
36.4226;0.00374071;90
40.745;0.00345951;90
44.7493;0.00355537;90
43.9182;0.00363306;90
40.4555;0.00345376;90
37.4624;0.00328818;90
34.4482;0.00322808;90
31.4694;0.00320663;90
27.1377;0.00326661;90
23.3316;0.00294153;90
21.9372;0.00282128;90
20.3136;0.00293238;90
26.6553;0.00340598;90
36.4379;0.00326289;90
44.376;0.00350604;90
51.5459;0.00382706;90
52.9461;0.00423522;90
52.938;0.00393742;90
52.2334;0.00398729;90
45.3137;0.0034868;90
34.4879;0.00314712;90
30.3599;0.00310824;90
29.6548;0.00323582;90
32.7067;0.00337751;90
35.8438;0.00335054;90
34.2417;0.00342821;90
19.1224;0.00295188;90
18.0601;0.00309341;90
26.3161;0.00329331;90
-2.32505;0.00285935;90
-24.1915;0.00309917;90
-7.72083;0.00291038;90
14.2136;0.00289977;90
18.8034;0.00363922;90
33.7177;0.00402629;90
57.6451;0.00457058;90
63.116;0.00490064;90
38.6547;0.00349329;90
39.6078;0.00363435;90
49.8742;0.00426088;90
53.0938;0.0044146;90
43.6407;0.00396445;90
31.8314;0.00383944;90
39.7696;0.00387056;90
54.71;0.00449011;90
62.2224;0.00490301;90
57.4825;0.00464881;90
55.5682;0.00449927;90
58.4236;0.00445922;90
64.043;0.00463563;90
64.2918;0.00544275;90
64.4145;0.00476084;90
64.7163;0.00435963;90
67.233;0.00458417;90
67.2873;0.00493901;90
68.2689;0.00514246;90
70.0844;0.00565414;90
70.2614;0.00554586;90
69.9031;0.0054626;90
69.9742;0.00550164;90
69.9623;0.00520082;90
70.2397;0.00503126;90
63.2246;0.00450615;90
52.3016;0.00401142;90
42.1104;0.00335241;90
46.6103;0.00387506;90
49.8032;0.00382545;90
50.9628;0.00422022;90
57.9477;0.00426988;90
65.6635;0.00437035;90
71.7093;0.00452144;90
77.3548;0.00496544;90
80.0665;0.00521721;90
75.8296;0.00497127;90
79.3018;0.00519835;90
87.2213;0.00519811;90
85.5031;0.00554808;90
76.2369;0.00529194;90
61.3994;0.0046459;90
47.9481;0.00408329;90
44.011;0.00458839;90
50.1856;0.00414647;90
64.1148;0.00505074;90
70.3778;0.00523501;90
74.586;0.00604234;90
76.2428;0.0057273;90
75.2733;0.00571577;90
70.3082;0.00537748;90
64.9653;0.00505711;90
57.6515;0.00458447;90
49.6906;0.00419375;90
59.5288;0.00361069;90
60.7901;0.00261675;90
-70.0675;0.00271037;90
-98.0787;0.00236244;90
-133.251;0.00113544;90
-179.399;0.000763042;90
25.2328;0.00105795;90
-59.4797;0.00307969;90
-61.307;0.00654009;90
16.5001;0.0019013;90
27.3717;0.00346267;90
24.6547;0.00342085;90
13.2638;0.00338222;90
15.9322;0.00357014;90
18.7722;0.00354561;90
24.229;0.0020956;90
51.1648;0.00591948;90
53.5631;0.00545176;90
49.1212;0.00510649;90
28.9062;0.0035252;90
23.6496;0.00340278;90
7.99837;0.00209134;90
10.8371;0.00223384;90
-7.04276;0.0023326;90
-3.10603;0.00271299;90
-5.1447;0.00177314;90
15.14;0.00196418;90
29.0587;0.00271358;90
29.6999;0.00332016;90
26.693;0.00340375;90
42.8209;0.00351474;90
43.0211;0.00350156;90
41.0594;0.00396139;90
35.7826;0.00375228;90
20.5182;0.0037232;90
12.243;0.00323968;90
-27.0661;0.00245485;90
21.5221;0.00289484;90
11.1569;0.00315768;90
-54.9236;0.00378305;90
-76.5742;0.000478065;90
122.406;0.00393714;90
-172.674;0.00322331;90
177.316;0.00585042;90
-164.898;0.00134339;90
-158.503;0.00265251;90
-164.898;0.00200733;90
90.3275;0.00332405;90
56.964;0.00437299;90
49.8225;0.00439893;90
51.8463;0.00450813;90
51.7025;0.0041743;90
60.3655;0.00444318;90
69.9539;0.00520748;90
59.2615;0.00444905;90
55.8569;0.00368277;90
39.4252;0.00264223;90
40.6886;0.00540841;90
63.2571;0.00172894;90
65.4886;0.00534137;90
60.5592;0.00451046;90
38.3807;0.00326954;90
56.8351;0.00366145;90
68.6076;0.00437008;90
60.4346;0.00399865;90
62.2756;0.0040669;90
59.1328;0.00397037;90
64.0892;0.0041124;90
84.5429;0.00517345;90
76.1341;0.00383475;90
61.9023;0.00107012;90
117.635;0.00105427;90
87.4896;0.00321909;90
78.6145;0.00386506;90
79.8763;0.00410186;90
75.4166;0.00360618;90
67.6199;0.0030151;90
70.3396;0.00292767;90
72.9516;0.00240467;90
81.0768;0.00536392;90
59.3593;0.00145982;90
46.2807;0.0030689;90
31.3867;0.00278796;90
44.4125;0.00317225;90
53.9378;0.00374577;90
80.8093;0.00790752;90
74.5855;0.00173439;90
76.2409;0.00396065;90
77.7799;0.00485194;90
82.2355;0.00392297;90
103.316;0.00293079;90
98.6873;0.00407171;90
75.3952;0.00405709;90
58.2744;0.00349528;90
73.2113;0.00447995;90
75.5157;0.00458988;90
66.9107;0.00165236;90
-85.873;0.00197312;90
-47.0627;0.00343806;90
-45.7392;0.00389153;90
-46.9136;0.003367;90
-48.4542;0.00287537;90
-25.355;0.00279526;90
-17.569;0.0024482;90
16.9573;0.0029555;90
-7.71284;0.00310711;90
-22.4794;0.00291878;90
-17.4087;0.00300148;90
-14.6884;0.00306827;90
-13.9985;0.00257961;90
-22.4765;0.000614694;90
-26.816;0.00173565;90
20.2923;0.00251723;90
53.9297;0.00392678;90
46.695;0.00368139;90
31.4115;0.00316013;90
27.0101;0.00310912;90
29.1056;0.00294601;90
-5.69475;0.00251943;90
-11.3183;0.00269542;90
45.3237;0.00212772;90
44.4614;0.00293392;90
-25.8174;0.00274165;90
-33.016;0.00273458;90
20.3209;0.00265206;90
43.8861;0.00287352;90
42.5079;0.00273202;90
63.7655;0.00348832;90
17.9412;0.00216529;90
38.7402;0.00278208;90
53.9853;0.0026531;90
64.1497;0.00329801;90
76.7447;0.00489337;90
61.064;0.00384844;90
20.6206;0.00259527;90
32.7957;0.00250533;90
62.8232;0.00255508;90
14.4384;0.00224594;90
1.81532;0.000915459;90
35.2345;0.00228453;90
61.0193;0.00323623;90
67.4569;0.00424647;90
66.7669;0.00436279;90
64.8011;0.00418308;90
33.3527;0.00315574;90
29.8228;0.00310062;90
43.4397;0.00233715;90
59.5695;0.000995078;90
0.946013;0.00151421;90
17.7626;0.00207491;90
25.9547;0.00235114;90
46.8299;0.00620025;90
37.1008;0.00168761;90
39.0346;0.00379651;90
45.2031;0.00398952;90
54.6932;0.00490523;90
58.417;0.0044431;90
50.8422;0.00434867;90
41.2442;0.00406965;90
31.4761;0.00385527;90
20.8249;0.00379171;90
11.8117;0.00371772;90
26.9679;0.0036252;90
53.5081;0.0044257;90
84.2754;0.0048924;90
95.4336;0.00442488;90
97.5314;0.00407415;90
76.6112;0.00212475;90
53.9211;0.0031873;90
30.8932;0.00250663;90
60.3234;0.00260349;90
65.0826;0.00264413;90
56.6408;0.0024496;90
37.4755;0.00210052;90
-59.029;0.00135638;90
-86.8571;0.00361143;90
-54.1645;0.0024374;90
-40.7385;0.00208395;90
-106.812;0.00276937;90
-114.681;0.00186321;90
-104.661;0.00284875;90
-94.5244;0.00304248;90
-102.757;0.00324715;90
-107.308;0.00273274;90
-111.805;0.0032441;90
-93.2288;0.0044741;90
-106.322;0.00279672;90
-110.47;0.00271653;90
-113.358;0.00298132;90
-102.533;0.00265425;90
-122.485;0.0024931;90
-111.46;0.00305586;90
-105.747;0.00277099;90
-74.2076;0.0012346;90
-89.5954;0.00212405;90
83.7389;0.00143959;90
101.285;0.00222298;90
69.8197;0.00171317;90
70.9816;0.00232914;90
57.0265;0.00286081;90
77.0519;0.00332043;90
67.2382;0.00313516;90
71.6444;0.0031977;90
77.3471;0.00320483;90
85.1627;0.00419795;90
66.7676;0.00333873;90
75.9676;0.00361693;90
82.269;0.00399935;90
76.4989;0.00334956;90
67.5361;0.00234493;90
77.5759;0.00308627;90
146.265;0.0024723;90
107.263;0.0032787;90
99.9369;0.00331473;90
-141.434;0.00238525;90
-125.907;0.00196428;90
118.124;0.000131529;90
46.0254;0.00454389;90
-71.5358;0.00619174;90
-70.6964;0.00139757;90
-36.3559;0.00153846;90
-102.899;0.00287146;90
-113.665;0.00240417;90
-104.791;0.00235814;90
-96.8611;0.00323114;90
-101.704;0.00319442;90
-108.897;0.00289927;90
-109.516;0.00308314;90
-95.1421;0.00357037;90
-97.4719;0.00292988;90
-114.366;0.00278506;90
-111.185;0.00307158;90
-105.523;0.002851;90
-116.286;0.00257419;90
-109.594;0.00271948;90
-112.279;0.0018728;90
-106.629;0.00178568;90
-66.101;0.00137488;90
-85.6224;0.00145424;90
-107.823;0.00142121;90
-95.1364;0.000982947;90
57.2091;0.00111342;90
38.3411;0.00134764;90
48.6914;0.00123009;90
66.957;0.00623879;90
86.5955;0.00557384;90
-137.857;0.000709403;90
136.639;0.00111273;90
94.375;0.00129778;90
71.1033;0.00188351;90
68.784;0.00163588;90
81.5205;0.00115968;90
117.097;0.000770582;90
107.984;0.00112391;90
109.801;0.000968248;90
-162.098;0.00112234;90
91.1586;0.00133527;90
125.424;0.00111796;90
-163.659;0.000874321;90
-112.066;0.000803884;90
170.861;0.000698871;90
119.774;0.0012143;90
173.49;0.00100548;90
123.924;0.00115573;90
149.755;0.00143538;90
175.754;0.000891447;90
179.567;0.000927026;90
-147.023;0.000712845;90
-150.591;0.00061299;90
-177.892;0.000489331;90
173.468;0.000791136;90
92.177;0.00128993;90
80.8217;0.00102816;90
109.492;0.00109686;90
134.749;0.00112785;90
118.34;0.00150202;90
146.391;0.000787675;90
148.584;0.000782744;90
158.276;0.000964502;90
100.465;0.000864378;90
113.742;0.00113506;90
102.582;0.00151027;90
92.3941;0.00146027;90
102.589;0.00155539;90
95.7835;0.00132977;90
84.6531;0.00139507;90
90.6892;0.00191214;90
97.2642;0.00168452;90
72.1081;0.00106763;90
84.7744;0.000999153;90
87.6918;0.00104285;90
82.3675;0.00149827;90
85.7343;0.00158639;90
89.7817;0.00183701;90
123.445;0.001232;90
148.521;0.000934534;90
145.418;0.000801639;90
144.897;0.000843401;90
132.709;0.00145073;90
135.898;0.00175879;90
-89.3488;0.00536735;90
-86.4984;0.00181739;90
-90.7749;0.00118311;90
-82.6476;0.00125028;90
-90;0.001193;90
-91.3726;0.00125236;90
-86.8569;0.00138609;90
-86.2931;0.00213447;90
-81.8699;0.00118087;90
-104.036;0.00114622;90
-83.2138;0.000964759;90
-91.8068;0.000951473;90
-87.1211;0.00121453;90
-96.6482;0.00152022;90
-99.8237;0.00122496;90
-105.484;0.000988891;90
-115.861;0.00112796;90
-105.239;0.00124788;90
-118.579;0.00117063;90
-128.394;0.000639226;90
-102.798;0.00122339;90
-110.667;0.00247636;90
129.323;0.00106518;90
-144.279;0.00137708;90
-131.446;0.000684381;90
-157.668;0.000581623;90
-138.574;0.000896233;90
33.1209;0.00131221;90
69.3431;0.00132947;90
94.0711;0.00112684;90
94.41;0.00193774;90
113.979;0.00103098;90
112.216;0.00123249;90
112.12;0.00123489;90
138.067;0.000938261;90
144.769;0.00100021;90
167.672;0.00077282;90
138.677;0.000705731;90
-88.6924;0.00368096;90
-96.0441;0.0017095;90
-96.196;0.00214956;90
-80.9212;0.00157169;90
-84.1765;0.00206968;90
-96.8499;0.00160143;90
-116.801;0.00141276;90
-109.433;0.000871656;90
-98.6763;0.000934696;90
-143.932;0.0010293;90
-141.952;0.0014197;90
-148.452;0.00126144;90
-147.912;0.00147774;90
-129.058;0.00148228;90
-127.556;0.00187193;90
-156.595;0.00167916;90
-129.495;0.00176886;90
-137.967;0.00159808;90
-140.894;0.00156319;90
-143.434;0.00158622;90
-153.651;0.00130677;90
-154.575;0.000831535;90
-122.251;0.00103817;90
-132.668;0.00133825;90
-139.16;0.00116981;90
-163.386;0.00051761;90
-138.783;0.00105022;90
-129.979;0.00109882;90
-143.389;0.000930609;90
-145.963;0.000594927;90
147.098;0.000867078;90
124.285;0.00136159;90
-154.612;0.000848991;90
-134.017;0.00127793;90
-138.421;0.00069916;90
-133.014;0.00122403;90
-134.697;0.00106916;90
120.06;0.00121779;90
132.106;0.00121848;90
112.173;0.00123211;90
164.458;0.0010338;90
-160.769;0.000819741;90
-156.062;0.000722114;90
-155.657;0.000657451;90
154.567;0.000565836;90
111.935;0.00437147;90
93.9412;0.00098934;90
98.5453;0.000975833;90
83.6797;0.00158966;90
75.0935;0.00103793;90
90.3884;0.00118003;90
100.256;0.00104469;90
94.5723;0.00144259;90
101.645;0.00120888;90
100.491;0.00247132;90
92.6958;0.000892988;90
-136.644;0.00155274;90
-139.216;0.000952221;90
-150.255;0.00092716;90
-173.146;0.000837988;90
-137.768;0.00102509;90
-107.123;0.00147749;90
-117.551;0.00135123;90
-117.656;0.0014801;90
-124.054;0.00135544;90
-128.443;0.00128188;90
-110.256;0.0014326;90
-105.249;0.00158169;90
-100.996;0.00171957;90
-99.7162;0.00155835;90
-102.916;0.00131528;90
-105.298;0.00151985;90
-99.7218;0.00112516;90
-90.6348;0.00108307;90
-103.176;0.00137315;90
-108.692;0.000986008;90
-100.448;0.00143377;90
-99.2012;0.00155096;90
-102.968;0.00144382;90
-102.807;0.000893222;90
-104.988;0.00131472;90
-103.65;0.000970407;90
-97.1077;0.00122844;90
-79.7866;0.000840315;90
-118.794;0.00091972;90
116.951;0.00112745;90
-138.341;0.000740184;90
-144.263;0.00107181;90
-144.77;0.00112506;90
-148.428;0.00117843;90
-138.54;0.00109953;90
-137.816;0.00099327;90
-154.331;0.000944183;90
-139.879;0.00104749;90
-153.883;0.00114267;90
-110.082;0.00134263;90
-112.298;0.00132833;90
-125.001;0.00109138;90
-106.291;0.00154712;90
-85.4662;0.00159399;90
-87.2767;0.00183107;90
-73.6206;0.00159576;90
-49.224;0.00120961;90
-26.0988;0.00093426;90
-20.2911;0.000683411;90
-23.5214;0.000699087;90
-15.1638;0.000825751;90
-10.6109;0.000803744;90
-23.1579;0.000925579;90
-10.724;0.000978082;90
-7.41195;0.00101549;90
26.9463;0.00161314;90
17.1572;0.000850864;90
21.7587;0.000747238;90
8.8559;0.000714518;90
0.972289;0.00076611;90
-90.7268;0.00268022;90
-90.596;0.00144208;90
-83.2469;0.00162427;90
175.671;0.000887533;90
-168.96;0.0012481;90
-158.668;0.000544291;90
-162.271;0.000564826;90
-163.832;0.000743401;90
-170.633;0.000688175;90
-167.941;0.000674893;90
-161.051;0.000705216;90
-178.35;0.000729302;90
156.768;0.000684501;90
-173.971;0.000733055;90
139.662;0.000896041;90
136.23;0.000955521;90
124.688;0.00101914;90
146.389;0.00100262;90
123.324;0.00104119;90
160.511;0.000773308;90
-133.765;0.00124621;90
-153.722;0.00062566;90
-156.792;0.000809504;90
-145.335;0.000945901;90
172.354;0.00080415;90
107.856;0.00115777;90
177.722;0.000553437;90
-150.489;0.000609016;90
-154.466;0.000596232;90
-140.722;0.000680801;90
-162.043;0.000986032;90
-153.081;0.00108675;90
120.517;0.000901938;90
109.709;0.00182066;90
132.512;0.00172697;90
141.071;0.00173152;90
139.91;0.00147052;90
153.67;0.000982984;90
-169.724;0.00071751;90
104.254;0.00216877;90
104.973;0.00277522;90
102.159;0.00210318;90
107.179;0.00197721;90
106.334;0.00151828;90
100.249;0.00203447;90
101.501;0.000998041;90
83.6001;0.00116627;90
83.2607;0.00136342;90
81.9349;0.0014968;90
72.1799;0.00162076;90
87.4774;0.00165861;90
71.5765;0.00157893;90
86.1078;0.00141426;90
70.3173;0.000668031;90
73.2646;0.00136481;90
76.0128;0.00113361;90
72.5366;0.00115629;90
-26.8611;0.000779056;90
-35.578;0.00082501;90
-28.3316;0.000754361;90
-66.6421;0.00103916;90
-95.6938;0.00169335;90
-83.0163;0.00176006;90
-21.3241;0.00104773;90
-19.7481;0.00106249;90
-36.4913;0.00127123;90
-50.295;0.00167805;90
-46.3194;0.001474;90
-46.8909;0.00132867;90
-48.0723;0.00135889;90
-53.5675;0.00136224;90
-43.9664;0.00109761;90
-22.6992;0.000888847;90
1.61148;0.000782309;90
-16.1384;0.000733922;90
-60.25;0.00138448;90
-63.4974;0.00123029;90
-61.1816;0.000989554;90
-58.2484;0.000885531;90
-77.4978;0.000933126;90
-120.854;0.0010705;90
-126.097;0.00102349;90
-98.2858;0.00135312;90
-85.765;0.0015031;90
-85.9934;0.00186055;90
-69.2439;0.00170998;90
-42.9109;0.00112505;90
-21.0651;0.000895868;90
-26.5345;0.00083942;90
-16.6267;0.000831777;90
-15.1126;0.000916704;90
-18.391;0.00082409;90
-16.2814;0.00086676;90
-8.52489;0.000964658;90
14.741;0.001124;90
23.8106;0.000995753;90
18.4162;0.000965443;90
17.6229;0.00100412;90
7.60578;0.00101997;90
37.4416;0.00118266;90
-0.715472;0.00104108;90
-28.1138;0.00122447;90
-43.7363;0.00134666;90
-44.8198;0.00134917;90
-59.1023;0.00133786;90
51.614;0.00111119;90
-2.05013;0.000866555;90
4.75944;0.00113291;90
22.7569;0.00115816;90
36.3882;0.00126084;90
35.965;0.00121575;90
56.3221;0.00130743;90
64.204;0.00133282;90
64.6902;0.00134733;90
64.5246;0.0012229;90
70.1821;0.00192607;90
73.9833;0.00165629;90
66.6595;0.00159013;90
62.3509;0.00153645;90
66.086;0.00144068;90
62.7232;0.00144014;90
64.8623;0.00134653;90
53.6198;0.00117004;90
23.7737;0.00095504;90
17.8842;0.000954103;90
22.589;0.000999692;90
22.0281;0.000938512;90
31.5058;0.000996966;90
50.1692;0.00116155;90
40.2574;0.00112036;90
59.317;0.00101511;90
-6.29291;0.000802837;90
15.0161;0.00121965;90
16.8645;0.00109614;90
21.7274;0.00115075;90
23.0205;0.0010561;90
29.189;0.00103549;90
55.9825;0.00131022;90
49.4901;0.00115613;90
43.6525;0.00111259;90
40.4445;0.00122859;90
40.3854;0.00115137;90
40.1294;0.00113263;90
40.2799;0.00116005;90
40.1514;0.00118795;90
40.2333;0.00111472;90
40.2277;0.0011644;90
40.9166;0.00128099;90
43.5329;0.00124279;90
48.7758;0.00126706;90
54.4907;0.0014066;90
56.8241;0.00142175;90
58.759;0.00138247;90
59.7204;0.001422;90
58.3437;0.00146145;90
54.5549;0.001295;90
56.0998;0.00128553;90
51.7662;0.00113432;90
49.8614;0.00110139;90
49.921;0.00136835;90
43.6584;0.00120807;90
41.7233;0.00111339;90
39.5193;0.000999468;90
39.5148;0.000983848;90
39.53;0.000904975;90
35.8731;0.00109217;90
31.377;0.00118886;90
28.4045;0.00130967;90
21.9493;0.00143933;90
16.4493;0.00151501;90
12.1837;0.00153047;90
12.0255;0.00179029;90
11.9003;0.00177004;90
25.809;0.00138961;90
41.1152;0.00152378;90
49.3458;0.00199695;90
59.4678;0.00204912;90
-67.7058;0.000906784;90
-103.71;0.00212659;90
-108.882;0.0019436;90
-100.656;0.00153039;90
-113.404;0.00171947;90
-112.226;0.00205682;90
-114.043;0.00165674;90
-116.187;0.00135732;90
-116.227;0.00166545;90
-116.726;0.00159432;90
-108.294;0.00141133;90
-52.5399;0.00141728;90
-14.6209;0.000784401;90
61.9525;0.00148659;90
-9.69897;0.000676672;90
-58.0532;0.000829661;90
-49.2282;0.000911112;90
-105.605;0.00106319;90
-71.8179;0.00157673;90
-54.2966;0.00132627;90
-21.4842;0.000939261;90
65.7099;0.00104775;90
24.8219;0.000940926;90
-88.0229;0.000898535;90
-86.2563;0.00151624;90
-76.4425;0.00133521;90
-96.6229;0.000962422;90
-86.8081;0.00158045;90
95.9256;0.00151107;90
87.0789;0.00170722;90
83.32;0.00482274;90
63.583;0.00276916;90
64.583;0.00319196;90
72.6892;0.00356236;90
72.3245;0.00303004;90
63.4223;0.00202722;90
84.6819;0.00226575;90
84.5906;0.00412638;90
67.0544;0.00300366;90
75.2306;0.00327935;90
80.8097;0.00339356;90
79.8526;0.00328641;90
66.5503;0.0026662;90
71.9319;0.00296311;90
118.457;0.00211334;90
139.811;0.00214159;90
98.2151;0.00333825;90
102.269;0.00246121;90
-137.556;0.0016492;90
-137.026;0.00160048;90
-122.496;0.00159705;90
-115.181;0.00229622;90
-105.056;0.00246771;90
-164.483;0.00182035;90
-131.84;0.00237312;90
-125.002;0.00230122;90
-132.649;0.00112029;90
-82.3031;0.00185168;90
-176.272;0.000707497;90
118.895;0.0031022;90
-160.643;0.00237739;90
-151.17;0.00247816;90
-153.566;0.00214753;90
-160.28;0.00203006;90
-168.226;0.00203379;90
-122.15;0.00261025;90
-151.078;0.0024358;90
-143.863;0.0024232;90
-175.19;0.00134775;90
141.047;0.00171153;90
172.084;0.00227266;90
-173.779;0.0017996;90
-140.217;0.000972056;90
71.9958;0.000504714;90
29.1494;0.00146791;90
-9.78933;0.00365827;90
-37.4206;0.00193529;90
26.7534;0.00176829;90
30.9035;0.0019568;90
32.2331;0.00215987;90
57.7022;0.00276239;90
2.17728;0.00200044;90
24.5698;0.00226069;90
26.0927;0.00233275;90
31.0246;0.00242139;90
3.04869;0.00218109;90
-61.7719;0.00309736;90
-35.7092;0.00058252;90
90.7071;0.00307923;90
52.3326;0.00275907;90
48.7013;0.00262885;90
26.8043;0.00214217;90
73.6651;0.00325332;90
61.6049;0.00131637;90
31.7296;0.00396454;90
-82.2478;0.0047817;90
-42.457;0.00250209;90
-47.1595;0.00140743;90
-106.152;0.00250904;90
-120.003;0.00170785;90
-104.562;0.00195686;90
-107.886;0.00260805;90
-91.2625;0.00276867;90
-98.2203;0.00224507;90
-108.547;0.0047001;90
-113.003;0.00103641;90
-97.5036;0.00174595;90
-92.6017;0.00295204;90
-111.121;0.00567525;90
-105.972;0.00119202;90
-108.647;0.00230184;90
-114.238;0.00474751;90
-114.114;0.00130706;90
-107.635;0.00335044;90
-85.8122;0.0023964;90
-89.8597;0.001633;90
-84.3869;0.00105305;90
-70.028;0.000884175;90
115.571;0.00118619;90
84.8783;0.00192669;90
102.708;0.00176832;90
85.468;0.00125292;90
70.9701;0.00130957;90
72.17;0.00140761;90
71.2331;0.00136455;90
60.0352;0.00113121;90
55.9235;0.00197395;90
76.8006;0.00239117;90
70.4745;0.00156182;90
66.0146;0.00152028;90
75.7348;0.00145692;90
89.6248;0.00106902;90
107.324;0.000896674;90
105.44;0.00108931;90
130.857;0.000704706;90
141.833;0.00103406;90
118.747;0.00160935;90
128.607;0.000673109;90
-111.905;0.00144211;90
-171.259;0.000914624;90
108.919;0.000823486;90
148.611;0.00399929;90
-166.397;0.000769588;90
152.837;0.000856461;90
-146.59;0.00079545;90
-149.217;0.00092421;90
-159.392;0.000517088;90
113.849;0.00138747;90
84.5016;0.00107495;90
81.227;0.00129819;90
164.105;0.000785016;90
123.888;0.00152627;90
133.088;0.00105984;90
140.171;0.000949266;90
169.466;0.000694707;90
-123.639;0.00124558;90
-133.277;0.000940877;90
-123.776;0.00110441;90
-149.276;0.000696805;90
-133.889;0.000875563;90
-122.796;0.00108374;90
-133.096;0.000787445;90
-103.767;0.00139508;90
-120.116;0.00114797;90
-119.616;0.00094093;90
153.169;0.000868498;90
-167.595;0.000800692;90
-177.391;0.000812843;90
-129.464;0.000601016;90
-143.758;0.000529432;90
-145.77;0.000529762;90
-146.22;0.0012392;90
-141.107;0.000691231;90
-158.125;0.000579741;90
-161.241;0.000503759;90
-140.249;0.000541084;90
-160.461;0.000639848;90
-150.429;0.000613975;90
-140.782;0.000561471;90
-160.234;0.00072151;90
-157.243;0.000579079;90
-151.318;0.00146473;90
-152.437;0.000641849;90
-148.855;0.00146169;90
-143.898;0.00146293;90
-141.738;0.00150664;90
-140.55;0.00163045;90
-125.622;0.00227834;90
-157.623;0.00175732;90
-127.462;0.00199431;90
-140.998;0.00180665;90
-142.726;0.00167264;90
-144.517;0.0017193;90
-157.161;0.00146593;90
-123.007;0.00172191;90
-142.362;0.00125271;90
-145.842;0.000815714;90
-144.773;0.000920579;90
-133.355;0.00108373;90
-135.687;0.00100204;90
-140.674;0.000779516;90
152.12;0.00105212;90
123;0.00138075;90
-156.179;0.000700693;90
-130.034;0.00106182;90
-139.313;0.00137285;90
-128.901;0.000965006;90
-150.375;0.00100543;90
121.294;0.00110121;90
137.693;0.000918131;90
113.725;0.00112836;90
112.966;0.000840631;90
-162.221;0.00107746;90
-158.968;0.000760677;90
-141.72;0.000894271;90
157.667;0.000721086;90
117.471;0.0034489;90
100.112;0.000956864;90
95.2674;0.0014923;90
101.294;0.00144498;90
64.7433;0.00082264;90
70.1397;0.000877171;90
90.481;0.000953034;90
97.9486;0.00129444;90
95.6508;0.00123902;90
100.928;0.00126596;90
100.049;0.00138119;90
104.6;0.0010592;90
119.205;0.00100014;90
-135.599;0.000811803;90
-139.066;0.00074788;90
-143.326;0.000879005;90
-177.535;0.000813753;90
-147.325;0.000861307;90
-117.497;0.00107211;90
-110.348;0.0015817;90
-120.183;0.00129682;90
-124.147;0.00118294;90
-124.967;0.00133133;90
-123.736;0.00138647;90
-104.791;0.00160209;90
-103.31;0.00170274;90
-100.606;0.0015159;90
-100.06;0.00146553;90
-105.811;0.00117444;90
-105.625;0.00137376;90
-94.4932;0.00209343;90
-101.413;0.000985485;90
-116.177;0.00112208;90
-94.4651;0.00132302;90
-99.5969;0.00146957;90
-102.855;0.00135291;90
-94.9033;0.00115824;90
-109.045;0.000772272;90
-107;0.00118686;90
-107.947;0.00118779;90
-80.0275;0.0014956;90
-113.849;0.000821112;90
-115.104;0.000718906;90
-102.646;0.00116937;90
-103.091;0.00129362;90
-100.188;0.00123243;90
-72.0971;0.0016005;90
-74.9045;0.00110203;90
-74.7893;0.00101765;90
-71.789;0.00113274;90
-63.8408;0.0015152;90
-86.7731;0.00135014;90
-76.5968;0.000987908;90
-75.0962;0.00200236;90
-72.1962;0.000775121;90
8.67244;0.00129986;90
-1.05517;0.000923157;90
-30.2634;0.00119252;90
-46.3411;0.00169186;90
-49.4268;0.00154823;90
-49.8103;0.00064929;90
42.2118;0.00130828;90
-5.64112;0.00123096;90
18.3891;0.00118554;90
34.7569;0.000998079;90
34.3157;0.00127006;90
44.5293;0.000946848;90
58.9672;0.00128024;90
67.1883;0.00151662;90
64.6157;0.00193148;90
67.9061;0.00160053;90
72.9763;0.0025037;90
64.1522;0.00210788;90
64.5675;0.00119921;90
66.0724;0.00116623;90
62.2829;0.00122338;90
64.8795;0.00143691;90
50.1673;0.00108345;90
21.2314;0.000933351;90
12.4219;0.000929766;90
-73.1653;0.00105313;90
-80.789;0.00209907;90
-81.4013;0.00262855;90
-82.9658;0.00242525;90
-81.5077;0.00302011;90
-51.251;0.00110399;90
33.4756;0.00111135;90
10.3591;0.000472705;90
18.8561;0.000903487;90
-3.58969;0.0010701;90
-17.0144;0.00181128;90
17.0037;0.00153197;90
21.3747;0.00114689;90
29.3949;0.00117761;90
42.4215;0.00106881;90
28.1925;0.0010393;90
34.6499;0.000960321;90
45.2856;0.000709237;90
46.2134;0.000634417;90
119.345;0.00165082;90
53.4049;0.00120941;90
41.2348;0.000882961;90
50.588;0.0011183;90
56.4859;0.00126417;90
44.7544;0.00115472;90
-55.8754;0.00106062;90
3.87998;0.00133005;90
27.2218;0.00128761;90
17.2215;0.00056744;90
-55.0343;0.00107139;90
37.5553;0.00105328;90
56.9067;0.000692303;90
78.8901;0.0041569;90
33.1532;0.000947192;90
46.3634;0.00175341;90
52.0701;0.00155687;90
16.9064;0.000900937;90
-81.3207;0.00202115;90
-50.4801;0.000821879;90
75.6035;0.00150424;90
67.8386;0.000797949;90
1.7534;0.000588275;90
52.3945;0.0012307;90
52.1401;0.0013312;90
56.1904;0.0013299;90
59.0294;0.00143802;90
54.1949;0.00127002;90
59.9934;0.00122175;90
66.6502;0.00144319;90
60.1592;0.00111135;90
59.4019;0.00201566;90
47.8188;0.00162478;90
46.8923;0.00128481;90
98.9278;0.000863461;90
103.589;0.00105555;90
0.186833;0.000920005;90
62.1429;0.00170566;90
32.6287;0.00122776;90
24.3542;0.000950589;90
42.3957;0.00104265;90
39.5719;0.00109882;90
51.4962;0.000974996;90
62.1183;0.0011483;90
61.3436;0.000796571;90
65.2485;0.000847894;90
45.4405;0.00119575;90
-121.041;0.00076214;90
-90.7119;0.00185114;90
-77.4189;0.00106968;90
-76.4556;0.00169514;90
-82.4269;0.00228392;90
-55.4984;0.00170366;90
-47.0197;0.00280896;90
51.5368;0.00195656;90
-83.813;0.00173511;90
-73.9964;0.00189338;90
-99.4183;0.00106942;90
-90.3048;0.00150402;90
-145.692;0.000308709;90
86.6701;0.0227254;90
144.515;0.000637386;90
132.286;0.0009408;90
145.752;0.00355913;90
176.344;0.000893819;90
171.726;0.000562859;90
-177.979;0.000992617;90
-135;0.000625082;90
-172.364;0.000820274;90
150.304;0.000728704;90
89.6681;0.00189903;90
95.1315;0.00131929;90
150.751;0.00083094;90
126.045;0.00147175;90
121.323;0.000711733;90
142.456;0.00057764;90
158.4;0.000475383;90
179.026;0.000706102;90
111.81;0.0012839;90
112.306;0.00126463;90
101.411;0.00156187;90
96.5402;0.00167691;90
99.4382;0.00156113;90
92.5125;0.00130025;90
87.0654;0.00134777;90
91.887;0.00163989;90
102.215;0.00136592;90
70.0062;0.00137167;90
89.2166;0.0010971;90
81.3675;0.00233849;90
90.6841;0.00100507;90
89.8731;0.001806;90
94.3534;0.00135691;90
144.192;0.00113319;90
145.556;0.00109618;90
146.209;0.000945765;90
131.927;0.0014906;90
132.015;0.00152093;90
-109.25;0.00140135;90
-86.9401;0.0035781;90
-89.4711;0.00162507;90
-86.0635;0.00205385;90
-92.0028;0.001631;90
-85.9068;0.00107875;90
-83.2404;0.000875083;90
-95.6478;0.00136161;90
-82.1776;0.00171193;90
-88.1091;0.00115163;90
-88.541;0.00164953;90
-94.8295;0.000867078;90
-86.9889;0.00175142;90
-98.0056;0.00104115;90
-97.8519;0.00133956;90
-103.147;0.0013278;90
-112.916;0.00077301;90
-104.608;0.00116568;90
-122.78;0.000838535;90
-115.657;0.0015243;90
-107.671;0.00106736;90
-105.419;0.0011058;90
-107.123;0.00102232;90
-117.646;0.000829729;90
-129.723;0.00106872;90
-99.9716;0.00127628;90
-144.336;0.00115946;90
-122.625;0.00140225;90
-138.587;0.00116406;90
-136.388;0.00108007;90
103.17;0.00186095;90
97.7543;0.00118584;90
112.465;0.000738003;90
27.2222;0.00167671;90
26.6837;0.00108002;90
31.4611;0.000948423;90
84.7026;0.00115895;90
94.8819;0.00160984;90
99.7613;0.00119733;90
103.94;0.00101283;90
116.411;0.00132868;90
108.536;0.000899669;90
140.515;0.00128013;90
143.574;0.000877426;90
-126.064;0.00182098;90
-91.4788;0.00278993;90
-101.024;0.00231675;90
-83.5971;0.00161407;90
-85.2934;0.00208403;90
-88.602;0.00172151;90
-120.046;0.00158382;90
-107.866;0.000860498;90
-122.389;0.00177161;90
-134.826;0.00139725;90
-150.013;0.00140855;90
-146.793;0.00144615;90
-129.154;0.00199238;90
-138.862;0.00202622;90
-137.362;0.00284782;90
-133.36;0.000716593;90
-143.163;0.001758;90
-142.546;0.00174469;90
-152.532;0.00156097;90
-146.46;0.00158367;90
-127.028;0.00159581;90
-140.065;0.00119331;90
-145.767;0.000673714;90
-139.925;0.0010873;90
-134.014;0.00110961;90
-135.617;0.00105082;90
167.276;0.000508488;90
140.032;0.00103992;90
117.415;0.000753638;90
-169.689;0.000888345;90
-130.351;0.00114291;90
-144.35;0.000591934;90
-134.881;0.00102177;90
-125.366;0.000777468;90
177.736;0.000961751;90
129.532;0.00152865;90
113.39;0.0012595;90
117.388;0.000778232;90
-160.716;0.000832719;90
-164.41;0.000796295;90
-144.858;0.000941628;90
167.005;0.00072045;90
148.173;0.000511981;90
106.181;0.0016004;90
109.491;0.00326086;90
96.8551;0.000921588;90
97.5649;0.00101786;90
70.4542;0.0011418;90
81.8764;0.00123843;90
94.2096;0.0011852;90
97.471;0.00156125;90
99.5773;0.0015567;90
98.6538;0.000990274;90
103.607;0.00155567;90
155.136;0.000723016;90
-137.826;0.000932393;90
-141.34;0.000966872;90
-170.787;0.000830716;90
-155.681;0.000913017;90
-114.029;0.00139488;90
-112.484;0.00152708;90
-121.373;0.00163271;90
-123.514;0.00153403;90
-124.499;0.00159076;90
-106.639;0.00299647;90
-100.61;0.00256892;90
-101.29;0.00165502;90
-107.508;0.00162214;90
-100.924;0.00130871;90
-93.9945;0.00147859;90
-112.743;0.00110708;90
-100.151;0.00160005;90
-95.8747;0.00156321;90
-99.4236;0.001704;90
-106.852;0.000972772;90
-106.249;0.00080412;90
-109.752;0.00118364;90
-101.461;0.00126829;90
-90.4718;0.00194307;90
-111.402;0.000824879;90
-105.333;0.000835749;90
-103.581;0.00125201;90
-104.894;0.0013928;90
-75.4998;0.00101844;90
-74.5955;0.00107668;90
-74.3903;0.00128956;90
-75.2754;0.00123144;90
-60.0892;0.000727963;90
-72.6822;0.00103806;90
-75.8505;0.00110451;90
-79.4367;0.00124917;90
-72.3892;0.0019567;90
-78.553;0.000901941;90
-92.1707;0.000897644;90
-85.7354;0.00127754;90
-90.7709;0.00252723;90
-92.1667;0.00171923;90
174.163;0.000629263;90
-163.358;0.00105102;90
-170.989;0.000938583;90
-159.902;0.00106803;90
-163.4;0.00121462;90
-169.172;0.00104867;90
174.58;0.000942213;90
167.332;0.000934756;90
149.371;0.00102849;90
127.688;0.00137234;90
132.81;0.00112866;90
133.905;0.0012214;90
176.604;0.00113099;90
-125.005;0.000725184;90
-160.154;0.000680412;90
-157.12;0.000779316;90
-147.44;0.000886306;90
145.566;0.00138825;90
159.976;0.000946201;90
-144.552;0.000813851;90
-131.684;0.000757873;90
-165.988;0.00114816;90
-154.205;0.00133058;90
106.945;0.00138618;90
112.709;0.00113716;90
128.542;0.00136418;90
139.525;0.00142502;90
141.092;0.0012594;90
138.68;0.00116772;90
155.599;0.000888352;90
-176.588;0.00080643;90
105.032;0.00161941;90
99.8453;0.00167263;90
105.336;0.00173167;90
143.23;0.0010274;90
-114.644;0.00137417;90
-107.577;0.00135108;90
-90.5691;0.00151007;90
-101.838;0.000872558;90
-111.091;0.00137834;90
-118.736;0.000873588;90
-142.402;0.000708057;90
-140.786;0.000855716;90
-98.9185;0.000935308;90
-94.6106;0.00124403;90
-85.2188;0.00243547;90
-51.5518;0.00169184;90
-71.3666;0.00155237;90
-85.7374;0.00129157;90
-84.3475;0.00147216;90
-89.0371;0.00154722;90
-106.985;0.00146176;90
-112.512;0.00175254;90
-96.9254;0.00170846;90
-93.591;0.00194782;90
-82.8391;0.00118726;90
-79.6984;0.00156015;90
-80.6712;0.00162246;90
-72.8887;0.00147844;90
-69.9684;0.00181585;90
-62.0604;0.00154736;90
-63.2928;0.00144182;90
-44.5265;0.000855628;90
-22.0362;0.000634341;90
4.03682;0.000752868;90
-32.2484;0.000749637;90
-36.0906;0.0011323;90
-37.214;0.000699413;90
-34.8786;0.000869125;90
-42.7974;0.000956715;90
-27.3985;0.000830116;90
8.74616;0.000736565;90
42.7267;0.000748708;90
49.2435;0.000840934;90
-23.1776;0.00107474;90
-31.8274;0.000785038;90
-11.0877;0.000909986;90
-1.12575;0.000916177;90
7.23598;0.000960651;90
27.9896;0.00109735;90
38.8235;0.0010384;90
42.7923;0.00152353;90
47.5691;0.0015933;90
38.3054;0.000934093;90
51.3665;0.00102028;90
-52.5285;0.000971454;90
19.4243;0.00100734;90
14.0103;0.00106982;90
-39.2726;0.00119745;90
-4.2191;0.000978652;90
11.7972;0.000807047;90
74.1427;0.000892982;90
5.29705;0.000758238;90
86.7917;0.0008934;90
99.6836;0.00106416;90
98.6687;0.00129378;90
99.469;0.0014163;90
100.07;0.00128682;90
122.776;0.000851573;90
99.6518;0.00164022;90
55.2503;0.000929837;90
-8.47855;0.000813895;90
6.91346;0.000772618;90
5.5821;0.000842998;90
-32.8318;0.00096279;90
-33.4278;0.000969349;90
-0.680587;0.000926065;90
4.96974;0.000923472;90
8.07795;0.00093225;90
-15.208;0.000960642;90
20.6082;0.000900632;90
30.6723;0.00101151;90
8.98296;0.000864605;90
12.3711;0.000984868;90
31.0022;0.00102316;90
28.9161;0.000763142;90
91.8252;0.00131867;90
99.2542;0.00194633;90
98.6295;0.00160618;90
102.451;0.00127089;90
99.9251;0.00128219;90
100.075;0.00113754;90
100.65;0.001277;90
58.9692;0.0014646;90
-4.83157;0.000700489;90
-6.2947;0.000556354;90
36.3487;0.000681628;90
25.292;0.000603887;90
7.18427;0.000599708;90
-1.45506;0.000748241;90
38.1483;0.000717178;90
44.5679;0.00093765;90
62.0848;0.00132859;90
44.6043;0.000921382;90
33.1579;0.000806292;90
59.7994;0.00110729;90
66.0271;0.00111739;90
57.8828;0.000868988;90
38.4537;0.000998581;90
36.4111;0.000999032;90
38.3393;0.00106075;90
36.7597;0.0013518;90
30.8378;0.000702288;90
60.6058;0.000770146;90
21.8305;0.000731454;90
28.314;0.000879184;90
19.4608;0.000918473;90
36.8249;0.0010194;90
37.3109;0.000935428;90
23.1423;0.000801495;90
13.7081;0.00118578;90
-3.62067;0.00088677;90
-21.2954;0.00092517;90
-7.75725;0.000977949;90
11.5514;0.00102374;90
17.6948;0.000832381;90
28.0821;0.00104729;90
27.4433;0.00110877;90
41.8478;0.000977286;90
33.2669;0.0013144;90
34.6417;0.00108542;90
84.407;0.00140569;90
83.0495;0.00166927;90
32.8522;0.000853498;90
53.4053;0.00116581;90
54.6084;0.00113958;90
42.9638;0.00109459;90
-21.0115;0.000633096;90
-33.8142;0.00102426;90
25.1448;0.00108259;90
25.1771;0.00101547;90
0.869698;0.000527061;90
-61.0078;0.00160515;90
72.8553;0.00130604;90
46.841;0.000792369;90
80.2694;0.00157973;90
91.3964;0.00188756;90
54.4176;0.0011927;90
15.0312;0.000628505;90
34.4619;0.000823527;90
52.6826;0.00112663;90
46.4149;0.00111686;90
66.3455;0.00130352;90
-23.1986;0.000502641;90
-81.5241;0.00175719;90
-77.8243;0.0012849;90
49.9958;0.00114491;90
79.4456;0.00129389;90
-3.46823;0.000495908;90
52.5946;0.00126266;90
47.9467;0.00122421;90
55.8568;0.00133271;90
57.685;0.00149091;90
57.0502;0.00145982;90
63.4546;0.00130452;90
63.7351;0.000768323;90
59.6;0.00106317;90
58.9363;0.00157367;90
64.978;0.00136181;90
42.9467;0.00128281;90
48.8699;0.00135153;90
105.018;0.0014433;90
29.5995;0.000684302;90
50.3548;0.0011896;90
64.6684;0.000934893;90
32.3661;0.0012964;90
22.7801;0.000934927;90
42.6021;0.000845025;90
38.1422;0.00107186;90
48.9647;0.00114543;90
61.0615;0.00119867;90
64.9639;0.000720718;90
68.9253;0.000995593;90
-88.35;0.0014586;90
-116.423;0.00162697;90
-120.029;0.00152465;90
-65.649;0.00137755;90
-27.3499;0.00107744;90
61.7049;0.0013776;90
-71.4283;0.0019875;90
-56.8863;0.00261943;90
-54.0848;0.00202868;90
-50.9554;0.00118585;90
-12.9733;0.0010067;90
-61.336;0.000683801;90
-97.8705;0.001592;90
-84.8636;0.00107231;90
-62.1065;0.000790886;90
114.616;0.00151246;90
76.0647;0.00178967;90
104.556;0.00112202;90
89.6341;0.00234905;90
69.9934;0.00478475;90
31.4539;0.000781891;90
58.2397;0.00272623;90
80.2247;0.00328063;90
72.3025;0.00240796;90
67.782;0.00201782;90
74.2735;0.00337951;90
89.3486;0.00431028;90
63.1388;0.00346148;90
78.927;0.0035562;90
83.4781;0.00382978;90
74.571;0.00361218;90
70.4449;0.00359114;90
110.781;0.00205467;90
132.267;0.00284722;90
92.6633;0.00475614;90
-152.924;0.00265611;90
-124.813;0.00107549;90
-125.128;0.00251996;90
-106.848;0.00268422;90
-143.562;0.00291608;90
-141.094;0.000726059;90
-118.259;0.00248178;90
-135.77;0.00152678;90
-124.229;0.000855108;90
-79.0734;0.00231599;90
132.72;0.00188381;90
128.118;0.00260822;90
-152.071;0.00234854;90
-162.618;0.00147956;90
-150.107;0.00312817;90
-166.205;0.00242392;90
-133.624;0.00244376;90
-138.439;0.00222786;90
-150.464;0.00217459;90
-146.652;0.00241576;90
145.714;0.00170774;90
159.532;0.00212196;90
174.241;0.00189356;90
-144.513;0.0017243;90
-51.1799;0.000669988;90
-127.139;0.000170602;90
63.8365;0.00185062;90
-7.90567;0.0031772;90
-13.9323;0.00147025;90
-41.2811;0.00147176;90
40.7128;0.00156071;90
33.5007;0.00218137;90
22.876;0.0017724;90
57.2593;0.00125546;90
43.0503;0.00232773;90
6.20232;0.00220289;90
22.3717;0.00371242;90
34.2477;0.00148195;90
40.527;0.00150506;90
-7.00501;0.00159894;90
-59.872;0.00215168;90
-64.979;0.00167632;90
-17.5374;0.00048452;90
105.326;0.00190681;90
72.7892;0.0019095;90
53.6254;0.00448857;90
28.8213;0.000954199;90
17.5773;0.00150004;90
73.0719;0.00438918;90
54.1715;0.00084734;90
50.1944;0.00191351;90
27.5431;0.00227933;90
-83.0982;0.00146461;90
-83.7814;0.00359113;90
-47.8421;0.00229597;90
-39.7004;0.00181441;90
-109.922;0.00328988;90
-110.659;0.00268142;90
-101.486;0.0035052;90
-97.5502;0.00511434;90
-115.317;0.00279217;90
-105.889;0.00323251;90
-92.0882;0.00354035;90
-108.392;0.00292859;90
-109.429;0.00262445;90
-113.962;0.00243267;90
-101.678;0.00295926;90
-118.908;0.00246173;90
-115.628;0.0027883;90
-107.031;0.00295667;90
-77.4009;0.00194381;90
-94.3887;0.00175113;90
-98.2539;0.000982174;90
-72.3874;0.000859279;90
77.1892;0.049253;90
132.438;0.0069932;90
-123.447;0.0156688;90
124.111;0.00090585;90
172.099;0.00459057;90
-143.585;0.00118424;90
-160.945;0.00494072;90
-160.048;0.00170854;90
-128.241;0.00311809;90
100.349;0.000935213;90
93.2656;0.00133417;90
87.225;0.00134257;90
92.5558;0.00127827;90
92.3108;0.00181047;90
99.1758;0.00121657;90
88.8404;0.00207543;90
91.5245;0.00229281;90
91.8806;0.00140175;90
98.9185;0.000935308;90
90.1429;0.001604;90
93.1568;0.00138009;90
90.6056;0.00141908;90
92.619;0.00142249;90
51.8235;0.00099986;90
-39.4481;0.00053354;90
-50.3116;0.000626358;90
-39.1345;0.000546627;90
-45.1723;0.000940456;90
-54.4443;0.000741195;90
1.85885;0.00049326;90
-34.1708;0.000760243;90
-36.5472;0.000745612;90
-64.1776;0.00117314;90
-90.6939;0.00247718;90
-90;0.000939;90
-97.498;0.00141006;90
-92.7122;0.00135252;90
-95.8022;0.00105842;90
-107.016;0.00126435;90
-79.1563;0.00139796;90
-89.3826;0.00139208;90
-83.6158;0.000863354;90
-89.6806;0.00269104;90
-82.4626;0.00165429;90
-76.3848;0.000858114;90
-82.2684;0.0010778;90
-71.4717;0.00116435;90
-54.4454;0.00196912;90
-25.8722;0.0010725;90
-51.2632;0.00162686;90
-48.5008;0.00120433;90
-45.9683;0.00100424;90
-103.819;0.00140672;90
-89.2066;0.00137213;90
-39.212;0.000729209;90
15.5615;0.000574043;90
22.8842;0.000550314;90
49.0496;0.000640824;90
1.10454;0.000778145;90
11.9373;0.000788042;90
-33.0694;0.000896171;90
18.9144;0.000604649;90
-47.749;0.00187245;90
-1.58869;0.00064925;90
-55.3597;0.00125435;90
-41.6497;0.000883272;90
60.8583;0.00121362;90
27.58;0.000732204;90
-48.4474;0.00105833;90
-89.1665;0.00233725;90
29.4134;0.00145793;90
-72.5156;0.00125813;90
-65.7352;0.00105851;90
-94.9123;0.00159988;90
-103.231;0.00105295;90
-114.343;0.000749647;90
-114.515;0.00080013;90
-114.474;0.00110312;90
-66.9592;0.00138227;90
-1.81679;0.0011986;90
-104.903;0.0124736;90
-124.906;0.000980376;90
-168.191;0.000923546;90
-130.629;0.000668037;90
34.1982;0.00184501;90
59.453;0.00132023;90
67.9288;0.00611297;90
88.8096;0.00548718;90
176.49;0.000539011;90
136.304;0.000590587;90
-127.02;0.001146;90
-106.275;0.00126676;90
-124.801;0.00113014;90
-130.257;0.00144533;90
-110.275;0.00159588;90
-106.032;0.00164393;90
-103.289;0.00156182;90
-76.4393;0.00157799;90
-89.7056;0.00155702;90
-89.3939;0.0017961;90
89.0677;0.0030114;90
100.094;0.00104416;90
90.1871;0.00214401;90
72.8009;0.00244849;90
62.8381;0.00193207;90
51.9402;0.0018492;90
78.2695;0.00296594;90
66.3412;0.0024521;90
73.0173;0.00224594;90
65.798;0.00223439;90
78.742;0.00238183;90
87.1927;0.00296055;90
78.7015;0.00296037;90
59.9872;0.00238707;90
81.2071;0.0025186;90
78.5835;0.00316257;90
82.3446;0.00249221;90
75.7042;0.00171305;90
63.7418;0.00158674;90
72.1595;0.00198127;90
78.4442;0.00237616;90
142.612;0.00181487;90
132.212;0.0020495;90
95.5008;0.00309827;90
102.769;0.00222605;90
84.0543;0.000994349;90
97.0997;0.00336581;90
110.788;0.00320356;90
105.528;0.00360457;90
105.767;0.00362125;90
106.026;0.00363319;90
100.386;0.00408798;90
99.8056;0.00521417;90
100.409;0.00524126;90
103.524;0.00507162;90
108.383;0.00488635;90
114.305;0.00472804;90
119.683;0.00426692;90
129.327;0.00417043;90
147.306;0.00402107;90
165.432;0.00368136;90
-175.789;0.00362278;90
170.596;0.00353754;90
-157.844;0.00332772;90
161.542;0.00320592;90
135.087;0.00370524;90
-175.306;0.00343352;90
-174.719;0.00324879;90
-174.68;0.00326808;90
-174.298;0.00325109;90
-176.616;0.00311743;90
179.214;0.00284227;90
-148.804;0.00317978;90
171.873;0.00279406;90
129.712;0.00384393;90
126.5;0.00421469;90
113.031;0.00490497;90
118.844;0.00434051;90
141.758;0.00222944;90
-131.991;0.00319275;90
-177.521;0.00295877;90
162.498;0.00269999;90
-162.937;0.00252201;90
171.865;0.00314465;90
-176.872;0.00324383;90
-148.246;0.00318469;90
164.518;0.00139357;90
88.9349;0.00204435;90
83.3056;0.00412613;90
81.7496;0.00202092;90
97.7999;0.00289579;90
108.598;0.00344595;90
108.721;0.00298175;90
116.799;0.00263277;90
-68.8861;0.00134639;90
53.7023;0.00428561;90
65.7985;0.00537874;90
71.3152;0.00558432;90
68.0315;0.00541304;90
62.8136;0.00544336;90
55.7099;0.00471438;90
47.2923;0.00392475;90
48.3654;0.00456518;90
65.2809;0.0085659;90
64.8623;0.00240586;90
66.3331;0.00497983;90
69.2656;0.00522544;90
70.0972;0.00560476;90
69.0636;0.00557187;90
68.0234;0.00589214;90
63.3271;0.00522615;90
55.6154;0.00466759;90
56.0151;0.00479628;90
54.7169;0.00470901;90
55.5797;0.00485263;90
55.4551;0.00487081;90
55.0739;0.00512995;90
59.0136;0.00478018;90
56.6182;0.00402025;90
62.012;0.00443012;90
49.1493;0.00403614;90
48.1644;0.00379163;90
48.1085;0.00743273;90
51.4633;0.00435944;90
50.7651;0.00177391;90
53.9301;0.00475566;90
52.3964;0.00479519;90
50.2827;0.00407043;90
55.6824;0.00559615;90
52.7084;0.00472873;90
56.0674;0.00491386;90
54.3826;0.00400776;90
59.1955;0.0103688;90
62.9634;0.00217353;90
65.9151;0.00451617;90
66.5636;0.00433459;90
67.3008;0.00500139;90
68.2231;0.0043397;90
66.8691;0.0045541;90
67.3058;0.00516054;90
71.4122;0.00604535;90
76.16;0.00594871;90
76.3774;0.00581252;90
75.8887;0.00926147;90
75.3462;0.00234012;90
76.9112;0.00592596;90
73.0034;0.00579512;90
72.3764;0.00589571;90
71.1167;0.0061426;90
67.3299;0.00886816;90
72.8365;0.00208066;90
70.3698;0.00864122;90
82.2406;0.00222941;90
78.0051;0.00524962;90
76.8957;0.00575589;90
74.0184;0.00565143;90
72.8618;0.00582672;90
73.9984;0.00601818;90
79.274;0.00533013;90
85.6426;0.00372477;90
-117.363;0.00170137;90
-15.9138;0.00199132;90
9.79621;0.00225691;90
-16.0074;0.000634606;90
20.8522;0.00335152;90
14.9094;0.0030238;90
15.2914;0.0019376;90
-11.2929;0.00264521;90
-37.8989;0.00315171;90
-21.1308;0.00158669;90
-7.8086;0.00166342;90
28.0552;0.00233882;90
47.7906;0.0023964;90
31.2205;0.00283216;90
8.98859;0.00242579;90
28.3436;0.00190202;90
48.5742;0.00238193;90
-14.7986;0.00058335;90
-59.1138;0.000759739;90
-81.6697;0.000890394;90
64.6068;0.00133387;90
69.9563;0.000968671;90
8.10225;0.000581808;90
71.7643;0.00100023;90
92.465;0.00141831;90
84.2686;0.00137186;90
86.3405;0.00150407;90
89.5668;0.00251307;90
87.1365;0.00266232;90
94.0563;0.00166818;90
86.7901;0.00348246;90
88.6122;0.00268379;90
88.7195;0.00255064;90
88.9744;0.00486078;90
88.6618;0.00132736;90
111.577;0.00175391;90
-101.346;0.00188075;90
-83.8715;0.00125517;90
-45.7686;0.00115976;90
-85.6785;0.00136689;90
-92.1206;0.00435098;90
-92.3245;0.00310656;90
-90;0.00205;90
-92.4133;0.00235109;90
-90.5874;0.00146308;90
-92.6788;0.00286713;90
-90.4076;0.00267107;90
-84.6483;0.000857739;90
-93.6824;0.0026625;90
-77.468;0.00194945;90
-4.29091;0.000815285;90
-77.9553;0.00103989;90
-91.1818;0.000921196;90
-90.7105;0.000887068;90
-161.313;0.00107993;90
179.358;0.000892056;90
-177.068;0.000860126;90
89.0722;0.00123516;90
77.1953;0.00648836;90
88.6581;0.00469729;90
92.225;0.00206055;90
87.7848;0.00297522;90
86.6836;0.00356096;90
90.7101;0.00250119;90
88.5398;0.00239378;90
87.8649;0.00287199;90
89.5916;0.00322708;90
90.4561;0.00238708;90
85.1914;0.00158658;90
88.0369;0.00434955;90
84.432;0.00495739;90
79.7062;0.0018579;90
82.2334;0.00552771;90
104.868;0.00377643;90
105.899;0.00135067;90
-14.1502;0.00134171;90
35.7432;0.00576731;90
40.7321;0.00161527;90
37.5444;0.00620143;90
43.3435;0.00406049;90
74.7159;0.00710531;90
84.0583;0.00254065;90
78.5516;0.00941635;90
73.7698;0.00588556;90
75.1706;0.00676327;90
73.6892;0.00217556;90
73.0383;0.00704757;90
71.3651;0.00199351;90
72.294;0.00807869;90
62.7782;0.00511109;90
59.7576;0.00175714;90
57.5477;0.00629149;90
58.65;0.00379038;90
57.0385;0.00392593;90
57.7873;0.00413084;90
57.8061;0.00199705;90
59.7689;0.00765855;90
52.1604;0.00439643;90
40.0325;0.00391156;90
71.7284;0.00565829;90
72.2612;0.00562231;90
63.2147;0.00546767;90
56.1146;0.00512435;90
61.0071;0.00559519;90
64.5204;0.00243149;90
62.4387;0.00859093;90
49.7155;0.00474803;90
40.717;0.00429849;90
44.068;0.00460812;90
48.0128;0.00468186;90
49.9515;0.00703723;90
72.9183;0.00902513;90
87.0083;0.0025675;90
91.6543;0.00952597;90
92.9954;0.00503288;90
90.8799;0.00397247;90
86.979;0.00442114;90
78.5554;0.00467189;90
81.9296;0.00611153;90
81.5998;0.0060307;90
82.7575;0.00193544;90
81.2622;0.00992013;90
81.3388;0.00241049;90
82.5015;0.00905746;90
78.131;0.00554761;90
80.283;0.0058063;90
77.4286;0.00860531;90
73.6264;0.00770134;90
78.1723;0.00232231;90
61.5719;0.00892752;90
59.1287;0.00212624;90
62.2471;0.00759353;90
69.3746;0.00560955;90
72.689;0.00206347;90
77.6356;0.00782244;90
73.6695;0.00476212;90
76.7007;0.0052426;90
75.9012;0.0022209;90
71.539;0.00765176;90
71.3258;0.00212064;90
69.4277;0.00744475;90
50.9129;0.00326725;90
20.3468;0.00310898;90
36.9906;0.00332401;90
36.8734;0.0032614;90
29.6272;0.00308078;90
28.0232;0.00130047;90
44.5641;0.00520446;90
46.83;0.00148356;90
55.4281;0.00423481;90
57.404;0.00140892;90
58.839;0.0059272;90
65.3052;0.00328877;90
70.2353;0.00378816;90
65.1378;0.00418374;90
66.1077;0.00207151;90
70.1179;0.00818912;90
70.6212;0.00191976;90
72.4111;0.00636035;90
76.5103;0.00330518;90
71.9714;0.00267535;90
65.4754;0.00311503;90
71.262;0.0052017;90
71.4817;0.00260698;90
71.8457;0.00923048;90
70.3861;0.00270495;90
75.5063;0.0088703;90
81.2669;0.00499896;90
79.9682;0.00473032;90
77.6812;0.00198265;90
79.7229;0.00996589;90
70.1523;0.00896557;90
68.9851;0.00254315;90
62.5258;0.00848382;90
67.82;0.00258531;90
73.9605;0.0100398;90
68.2761;0.00260716;90
64.5507;0.00856621;90
60.5393;0.00557717;90
64.0851;0.00244373;90
73.8492;0.0100371;90
66.1379;0.00156475;90
78.1886;0.0115393;90
77.0879;0.00650242;90
73.9234;0.00624003;90
71.3644;0.00641219;90
72.6956;0.00647508;90
70.3572;0.00597044;90
71.6367;0.00631982;90
67.8871;0.0061817;90
61.9394;0.00226188;90
59.8692;0.00801034;90
58.3663;0.00530996;90
57.978;0.00475441;90
57.0467;0.00459413;90
57.6908;0.00531724;90
57.6371;0.00198775;90
69.5188;0.0097685;90
77.3192;0.00302478;90
78.3007;0.0101591;90
78.7642;0.00303313;90
84.1977;0.0114346;90
81.6389;0.00280582;90
81.7165;0.00993262;90
83.5083;0.00630644;90
78.5082;0.00623907;90
73.7649;0.00611276;90
76.3295;0.0019379;90
69.6941;0.00911443;90
80.9707;0.00252327;90
76.6454;0.0100097;90
77.2357;0.00234905;90
58.999;0.00764387;90
38.7198;0.00164186;90
39.0975;0.00539768;90
46.1447;0.00155736;90
69.708;0.00741627;90
82.9246;0.00271971;90
83.1123;0.0117992;90
86.0269;0.00733162;90
91.9457;0.00730421;90
88.5715;0.00718023;90
76.027;0.00658897;90
77.8229;0.00233248;90
85.848;0.00953001;90
84.9372;0.00256099;90
85.6686;0.0102483;90
78.3832;0.00216025;90
75.2732;0.00696273;90
57.2792;0.00167238;90
-100.435;0.00118154;90
121.819;0.00117215;90
73.5712;0.00864496;90
89.1497;0.00107812;90
69.8519;0.00427351;90
73.7916;0.00601508;90
72.9059;0.0058651;90
74.7573;0.00609336;90
73.5834;0.00597978;90
73.4822;0.00604966;90
73.5871;0.00594214;90
73.5196;0.00594316;90
75.2997;0.00619478;90
76.0949;0.00657055;90
74.9925;0.00495086;90
76.9408;0.00325724;90
76.3733;0.00532695;90
76.0527;0.00625233;90
80.1641;0.00721201;90
83.384;0.00738619;90
84.4445;0.00724101;90
85.1963;0.00784556;90
84.3653;0.00698676;90
63.5897;0.00596004;90
63.3978;0.00620375;90
74.1835;0.00708109;90
82.9761;0.00723731;90
84.3147;0.00766169;90
84.8501;0.00756454;90
83.8229;0.00818754;90
80.6036;0.00742969;90
71.2465;0.0113189;90
63.2381;0.0026028;90
64.4476;0.00531373;90
69.6169;0.00666962;90
78.9506;0.00728912;90
82.5463;0.00719984;90
84.2859;0.0131473;90
88.3369;0.00327338;90
93.2467;0.00674483;90
85.1379;0.0126124;90
86.1813;0.00331837;90
85.7902;0.00627994;90
87.3715;0.0074138;90
86.5681;0.00745036;90
83.1568;0.0118504;90
77.736;0.00328599;90
73.5135;0.0111702;90
66.4113;0.00258391;90
66.7569;0.00456119;90
71.5057;0.00793795;90
77.5957;0.0071366;90
76.0255;0.00698163;90
72.1343;0.00665281;90
65.1553;0.0059287;90
64.1694;0.00676824;90
64.6076;0.00607488;90
69.8324;0.00647393;90
74.8493;0.00693298;90
77.7963;0.0071291;90
76.1508;0.00683469;90
69.7079;0.00698661;90
66.0394;0.00619046;90
58.5714;0.00574951;90
54.5102;0.00500725;90
53.7183;0.00872826;90
55.7121;0.00220644;90
57.8838;0.00553384;90
61.75;0.00596215;90
62.6684;0.00595026;90
57.1474;0.00478175;90
59.1344;0.00681056;90
47.0532;0.00503288;90
31.7443;0.00428032;90
27.6346;0.00424077;90
25.687;0.00417344;90
24.318;0.00414036;90
22.5284;0.00414208;90
23.5249;0.0040812;90
27.1975;0.00445675;90
34.7651;0.00450884;90
42.2401;0.00469923;90
48.6241;0.00470956;90
51.1609;0.00554107;90
52.0723;0.00524349;90
47.1758;0.00795291;90
41.9129;0.00189072;90
42.622;0.00403894;90
40.2364;0.00597731;90
39.0047;0.00479993;90
39.9251;0.00362115;90
37.1501;0.00609367;90
34.3981;0.00435445;90
27.9377;0.00397642;90
22.7247;0.00441362;90
20.3731;0.0045816;90
18.3079;0.00327897;90
12.1843;0.00478069;90
12.7716;0.00404405;90
14.327;0.00305914;90
17.2535;0.00469319;90
23.8585;0.00430924;90
27.6665;0.00411781;90
29.9729;0.00436358;90
34.2556;0.00446805;90
34.4338;0.00758505;90
31.2157;0.00167676;90
26.5333;0.00403834;90
16.0141;0.00389308;90
8.06288;0.00385713;90
11.6447;0.00389415;90
36.98;0.00447521;90
55.0575;0.00549451;90
62.3694;0.00630054;90
60.3744;0.00577954;90
53.115;0.0052998;90
46.0103;0.00493284;90
39.0471;0.00469079;90
32.2948;0.00425997;90
24.6875;0.00397205;90
17.9912;0.00379769;90
22.393;0.00386657;90
32.943;0.00412649;90
42.1868;0.00399077;90
57.7682;0.00622298;90
77.255;0.0107519;90
83.7195;0.00286117;90
85.8402;0.00726514;90
86.627;0.00673066;90
88.3586;0.00572535;90
98.3206;0.0027641;90
54.6503;0.0014173;90
12.4495;0.00141016;90
8.64456;0.0023153;90
5.43932;0.00269011;90
-7.06571;0.00275593;90
-6.20345;0.000740335;90
-15.6527;0.00126387;90
-1.45621;0.00326605;90
5.85243;0.00285387;90
13.3501;0.00281507;90
13.8292;0.0030875;90
3.14257;0.00315575;90
-4.87756;0.0032578;90
16.6191;0.00588796;90
33.4939;0.00170155;90
34.897;0.00420029;90
33.7754;0.00409757;90
21.4828;0.00390746;90
-10.1776;0.00277872;90
-22.8712;0.000666391;90
-21.9819;0.000884286;90
-4.44738;0.00153462;90
-13.9046;0.00232204;90
-16.9583;0.00224565;90
-25.4494;0.00105652;90
-43.4897;0.00340732;90
-38.6638;0.00452342;90
-46.7287;0.0048756;90
-56.4902;0.00476018;90
-43.2814;0.00301788;90
-31.0126;0.00201271;90
-17.6103;0.00224102;90
-4.60449;0.0025412;90
-7.90679;0.00420901;90
-17.7867;0.00109011;90
-23.9974;0.00283505;90
-32.6893;0.00217559;90
-31.5632;0.0036394;90
-42.232;0.0041584;90
-51.4879;0.00490622;90
-50.3657;0.00483943;90
-66.3305;0.00998606;90
-72.9569;0.00282506;90
-69.2223;0.0047189;90
-49.1006;0.0040444;90
-41.553;0.00478658;90
-34.2409;0.00421203;90
-9.6353;0.00381177;90
7.14702;0.0035526;90
-12.301;0.00261913;90
-38.6598;0.000973275;90
-40.5345;0.00148945;90
-52.7104;0.00196585;90
-52.2717;0.0044189;90
-53.1406;0.0010886;90
-52.3251;0.00318891;90
-52.9466;0.00362122;90
-61.6803;0.00389974;90
-67.7048;0.00407245;90
-68.1087;0.00390778;90
-69.0329;0.00461669;90
-66.6372;0.0044433;90
-67.0593;0.00425884;90
-46.7891;0.00308024;90
-32.7406;0.0025442;90
-28.2873;0.00260396;90
-25.9895;0.00244862;90
-32.8817;0.00467853;90
-41.2191;0.00113667;90
-39.4748;0.00221789;90
-23.1479;0.0022284;90
-2.57272;0.00200502;90
13.7603;0.00256872;90
16.4232;0.0054681;90
9.9417;0.00155231;90
7.14051;0.00366845;90
10.8849;0.00356922;90
34.7862;0.00358097;90
41.9128;0.0040045;90
42.3805;0.00379052;90
46.8371;0.00397032;90
47.8247;0.00332886;90
41.5315;0.0038686;90
33.7606;0.00450583;90
39.4617;0.00409559;90
47.4145;0.00365899;90
58.0291;0.00440048;90
62.6048;0.00456832;90
64.7534;0.00448987;90
63.2454;0.00527134;90
62.7756;0.00458603;90
58.684;0.00435203;90
53.2042;0.0040186;90
47.4982;0.00611592;90
47.0687;0.00148872;90
48.5145;0.00376039;90
47.3913;0.00444025;90
43.2629;0.00515506;90
37.8863;0.0044423;90
38.8215;0.00591963;90
43.2015;0.00308663;90
56.8456;0.0055184;90
58.2293;0.0053825;90
41.0186;0.00354409;90
16.9585;0.00254047;90
-6.59886;0.00310658;90
-27.4835;0.00359919;90
-37.6189;0.00423816;90
-51.8324;0.00494527;90
-53.262;0.00512741;90
-38.1616;0.00440052;90
-33.4076;0.00433171;90
-43.1772;0.00462399;90
-55.0386;0.00858776;90
-60.9628;0.00223949;90
-54.5353;0.00583936;90
-31.1241;0.00441096;90
1.9792;0.00370621;90
23.3627;0.00316227;90
3.4975;0.0029014;90
-21.9725;0.00373101;90
9.09281;0.00356885;90
36.2914;0.00417981;90
34.921;0.00389906;90
-22.886;0.00281565;90
-58.8935;0.00447321;90
-60.3839;0.00380626;90
-59.3572;0.00440861;90
-46.1935;0.00339485;90
-48.4151;0.00362045;90
-68.6135;0.00510341;90
-69.3275;0.00529706;90
-68.8034;0.0055591;90
-69.1658;0.00766734;90
-70.0169;0.001744;90
-76.7959;0.00557745;90
-76.6625;0.00608616;90
-64.5144;0.00553122;90
-71.1587;0.00592974;90
-79.5752;0.00619526;90
-75.6243;0.00573146;90
-58.2587;0.00549721;90
-50.6566;0.00455544;90
-48.5786;0.00455416;90
-50.7858;0.00401916;90
-28.8656;0.0024733;90
18.1423;0.00266236;90
18.1614;0.00278157;90
0.260343;0.00286103;90
-6.30085;0.00321643;90
-12.5195;0.00398577;90
-17.8635;0.00323391;90
-17.9128;0.00360894;90
-17.2939;0.00449417;90
-7.18387;0.00120748;90
22.2695;0.00318237;90
39.9942;0.00330631;90
35.4313;0.00438138;90
42.4585;0.00135544;90
44.6625;0.00252088;90
57.2852;0.00337307;90
58.1566;0.00326194;90
57.8864;0.00701656;90
62.1245;0.00177948;90
61.984;0.00423871;90
60.9431;0.00485507;90
33.7377;0.00634328;90
43.7914;0.00167622;90
46.159;0.00391534;90
23.9641;0.00357737;90
19.6409;0.00387655;90
15.6251;0.00385756;90
-13.2648;0.00378293;90
24.4636;0.00626878;90
53.4679;0.00210324;90
49.43;0.00496174;90
10.3944;0.00371903;90
7.03574;0.00382077;90
19.3277;0.00387647;90
24.2135;0.00403279;90
1.34552;0.00370502;90
-5.32265;0.00360053;90
16.8705;0.00342855;90
23.7185;0.00379124;90
10.7777;0.00363105;90
15.7316;0.0038284;90
13.1094;0.00340371;90
3.61404;0.00379154;90
1.2957;0.0035379;90
-3.06589;0.00340287;90
-22.9566;0.00388684;90
-48.1006;0.00470632;90
-50.0227;0.00499935;90
-45.9413;0.00757555;90
-55.346;0.00255531;90
-57.5601;0.00561879;90
-67.5085;0.00621363;90
-70.0645;0.00668988;90
-59.0187;0.00561624;90
-48.4343;0.00491048;90
-42.5772;0.00379702;90
-75.9055;0.00739564;90
-63.7753;0.00647443;90
-70.6021;0.00634095;90
-76.9344;0.00671483;90
-65.8321;0.0057204;90
-65.9964;0.00551384;90
-59.9157;0.00546407;90
-57.2471;0.00527341;90
-43.7587;0.00453715;90
-11.4356;0.00366679;90
-6.31056;0.00363;90
-25.7005;0.00423828;90
-60.1249;0.00807853;90
-66.203;0.00172244;90
-72.3141;0.00561226;90
-62.2181;0.00606514;90
-55.4578;0.00516566;90
-54.443;0.00483567;90
-54.9467;0.00467495;90
-52.7986;0.00425227;90
-51.8458;0.00422966;90
-29.2009;0.00346197;90
-14.6257;0.00252275;90
3.08967;0.00141005;90
20.9645;0.00326729;90
17.0221;0.00365512;90
17.9426;0.00371676;90
8.36534;0.00306562;90
12.3899;0.00402678;90
1.73432;0.00376673;90
-10.6793;0.00400944;90
-0.615016;0.0035402;90
3.90006;0.00598386;90
5.93003;0.00148092;90
28.4339;0.00416891;90
33.26;0.00402779;90
-14.1522;0.00371371;90
-31.0753;0.00431646;90
-26.1025;0.00387747;90
-11.8919;0.00364932;90
1.18954;0.00332372;90
1.25279;0.00402496;90
3.91321;0.00357534;90
-12.023;0.00351408;90
-10.9325;0.00336405;90
-4.5279;0.00367346;90
5.06249;0.00385303;90
12.3126;0.00396725;90
5.65591;0.0041703;90
-25.8888;0.00348583;90
-26.5056;0.00387869;90
-45.1109;0.00511381;90
-59.255;0.00925242;90
-56.2092;0.00220799;90
-56.5315;0.00552153;90
-57.7448;0.00423092;90
-56.3554;0.00664392;90
-46.1691;0.00499038;90
-33.287;0.0048102;90
-31.8919;0.0029963;90
-34.0006;0.00214949;90
-36.4996;0.00297066;90
-38.4434;0.00268761;90
-44.2189;0.00446084;90
-44.6767;0.0038842;90
-41.0597;0.00367362;90
-32.9533;0.00329991;90
34.3088;0.00274815;90
67.7813;0.00469135;90
54.1291;0.0039576;90
47.9561;0.00390772;90
47.1054;0.00381105;90
27.4977;0.00472588;90
10.2688;0.000852658;90
11.6344;0.00221654;90
13.6386;0.00248096;90
-6.53905;0.00244994;90
3.10444;0.00223428;90
9.65011;0.00245778;90
23.5404;0.0015849;90
12.5251;0.00169227;90
51.6122;0.00184225;90
83.6009;0.00397476;90
90.5659;0.00506225;90
79.4176;0.00396951;90
56.3713;0.00258934;90
43.8141;0.000888316;90
46.4068;0.00123852;90
44.5504;0.00162215;90
48.9526;0.00245171;90
68.1837;0.00357074;90
81.098;0.00421983;90
91.494;0.00659724;90
97.7968;0.00162906;90
105.872;0.00355764;90
103.325;0.00453407;90
58.9208;0.00408545;90
51.8013;0.00535584;90
52.313;0.00537175;90
67.3469;0.00635854;90
70.272;0.00660041;90
68.7794;0.00644823;90
67.5489;0.00658295;90
76.039;0.00702141;90
79.1798;0.0078465;90
76.3283;0.00705284;90
77.2783;0.00673432;90
64.9825;0.0054316;90
53.3834;0.00497605;90
41.6403;0.00424711;90
29.1371;0.00377695;90
55.5749;0.00477775;90
53.9895;0.00750764;90
54.5667;0.0019146;90
53.7817;0.00485391;90
56.818;0.00469212;90
58.9698;0.00488274;90
57.6225;0.00487959;90
75.1848;0.005655;90
86.1759;0.00646239;90
95.3368;0.00430064;90
119.037;0.00402375;90
118.21;0.00376978;90
100.458;0.0050631;90
82.6331;0.00467156;90
73.9646;0.00288526;90
77.1285;0.00366304;90
118.024;0.00193259;90
-96.3293;0.000580539;90
30.6064;0.00131988;90
-35.9483;0.00282257;90
9.18601;0.00323853;90
16.474;0.000804006;90
14.9965;0.00215644;90
20.2119;0.00218239;90
9.27679;0.00192923;90
36.9472;0.0038564;90
46.1205;0.00227803;90
39.8112;0.00130572;90
20.6532;0.00200164;90
63.7775;0.00134658;90
68.7098;0.00201877;90
92.446;0.0014293;90
84.319;0.00269725;90
80.3354;0.00102454;90
-43.0511;0.0013931;90
-47.5662;0.00344282;90
33.7349;0.00106419;90
53.9713;0.00313334;90
37.7269;0.0027145;90
23.5179;0.004972;90
35.7044;0.00127826;90
41.5046;0.00343303;90
34.52;0.00591678;90
44.8411;0.00127492;90
43.6354;0.00145493;90
39.5045;0.0017056;90
42.5934;0.00229022;90
41.4847;0.00252559;90
7.79373;0.00216803;90
-1.28424;0.00249863;90
44.4001;0.00324156;90
29.5626;0.00292475;90
25.032;0.00274151;90
31.991;0.00211406;90
17.2429;0.00258414;90
40.0665;0.00328892;90
36.8521;0.003223;90
26.6703;0.00316359;90
28.3406;0.00301656;90
24.861;0.00466203;90
14.7384;0.00112812;90
22.8036;0.00268594;90
26.1792;0.00471463;90
15.8502;0.00115699;90
17.1486;0.00247922;90
18.1428;0.00316327;90
8.70203;0.00306023;90
3.36969;0.00313041;90
17.2161;0.00327054;90
19.2852;0.00334574;90
20.5521;0.00338975;90
9.55349;0.00351272;90
-12.1895;0.00346205;90
-31.2025;0.00448593;90
-22.918;0.00402144;90
15.2841;0.00382011;90
46.1958;0.00433692;90
47.3859;0.00489176;90
35.7241;0.0045009;90
12.2265;0.00616688;90
-1.24884;0.00178943;90
23.4319;0.00380477;90
46.2384;0.00441691;90
61.2961;0.0064108;90
62.7293;0.00591887;90
65.9733;0.00597796;90
70.14;0.00652295;90
63.8613;0.00594945;90
65.414;0.00584052;90
68.0006;0.00617998;90
67.0884;0.00644985;90
51.1085;0.00475116;90
48.0711;0.00803791;90
45.396;0.00194388;90
36.3063;0.00357877;90
46.8003;0.00463667;90
56.1719;0.00863477;90
48.1207;0.00209119;90
44.4364;0.00330659;90
38.623;0.00754413;90
11.763;0.00176098;90
11.8449;0.0037805;90
4.08012;0.0037104;90
-7.18778;0.00679339;90
-13.9432;0.00164342;90
-19.6786;0.00249151;90
-16.7871;0.0043107;90
-23.9206;0.00444915;90
-21.9894;0.00418764;90
14.7324;0.00367275;90
39.7302;0.0045731;90
40.5961;0.00475164;90
1.59557;0.00359139;90
-40.7568;0.00439611;90
-61.0543;0.00506012;90
-59.5137;0.00461039;90
-25.7451;0.00609391;90
20.3181;0.00118365;90
3.11025;0.00210109;90
4.69854;0.00540817;90
13.8893;0.00160802;90
22.1761;0.00403227;90
33.8726;0.00330853;90
32.9993;0.00351983;90
33.5486;0.003932;90
38.7909;0.00607361;90
52.1523;0.00184007;90
62.7436;0.00437362;90
64.1675;0.0076605;90
52.9329;0.00185981;90
56.1493;0.00356174;90
58.6497;0.00452458;90
71.4746;0.00581006;90
72.0601;0.00896697;90
63.8113;0.00272359;90
57.7635;0.00436246;90
45.3018;0.00389268;90
33.3677;0.00354903;90
18.933;0.00352892;90
29.769;0.00530509;90
46.0736;0.00166058;90
56.7928;0.00431101;90
63.9044;0.00480368;90
72.0827;0.00588018;90
73.9169;0.00497054;90
90.5897;0.00301216;90
155.134;0.00241378;90
138.899;0.00360823;90
117.281;0.00468627;90
94.8099;0.00586766;90
85.4109;0.00572435;90
96.3603;0.00630078;90
92.8532;0.00498218;90
81.996;0.00983178;90
77.2559;0.00173166;90
81.5856;0.00450348;90
78.6645;0.00439065;90
59.0949;0.00385306;90
69.4079;0.00335218;90
73.5354;0.00383526;90
127.573;0.000749456;90
121.553;0.00296777;90
126.63;0.00319623;90
125.764;0.00176233;90
136.64;0.00143319;90
-141.997;0.0010216;90
-121.426;0.00227466;90
-167.893;0.000986952;90
150.535;0.0010429;90
-120.016;0.000891572;90
-121.502;0.00116933;90
120.139;0.00115516;90
-73.6861;0.00034176;90
-30.6287;0.00099711;90
64.4411;0.00211386;90
-33.562;0.00124087;90
38.744;0.000850055;90
42.1014;0.00223732;90
80.927;0.00275851;90
-61.6229;0.00274369;90
-55.5403;0.0016931;90
75.2258;0.00305087;90
72.0577;0.00367786;90
69.3536;0.00267158;90
-28.7347;0.000956829;90
-50.4121;0.00428082;90
-56.1597;0.00476045;90
-54.5503;0.00416388;90
-57.5701;0.00266099;90
-60.462;0.00202637;90
-59.505;0.00306032;90
-52.6258;0.00722548;90
-48.515;0.000865005;90
71.5062;0.00400376;90
75.9367;0.00667094;90
75.4342;0.0101037;90
73.3364;0.00261898;90
76.404;0.00684892;90
80.6737;0.00713329;90
83.2204;0.00633631;90
80.2941;0.00758051;90
74.8248;0.00654005;90
66.1187;0.00638024;90
57.3858;0.00540651;90
53.7548;0.0050081;90
59.936;0.00565706;90
64.7586;0.0059048;90
65.8553;0.00616318;90
66.1624;0.00628734;90
68.0956;0.00588915;90
59.2976;0.00571508;90
36.3441;0.00416278;90
9.43523;0.00382474;90
4.83042;0.00605651;90
9.69853;0.00155523;90
32.3391;0.00598771;90
58.0802;0.00212774;90
53.1657;0.0051476;90
44.0044;0.00447666;90
44.7411;0.00453755;90
53.9033;0.00498005;90
56.1087;0.00552707;90
54.6535;0.00501797;90
47.0938;0.00460634;90
45.3167;0.00460475;90
49.5439;0.00440923;90
50.4832;0.00452142;90
51.1718;0.00850417;90
53.0686;0.0011184;90
48.6211;0.00485904;90
35.7019;0.00364996;90
61.1628;0.00542584;90
50.2415;0.00452034;90
12.2661;0.00357256;90
17.7258;0.00301515;90
34.2141;0.00348755;90
19.6076;0.000834384;90
32.8583;0.00277019;90
-35.4494;0.00256559;90
-56.8443;0.00169496;90
-72.8352;0.00305298;90
-6.67346;0.00239221;90
21.1342;0.00267921;90
-7.56787;0.00226271;90
-25.7038;0.00217191;90
-30.9716;0.00250868;90
-30.1338;0.00232062;90
-23.9917;0.000796844;90
-80.216;0.00125932;90
-63.1491;0.00510993;90
-93.7395;0.00122661;90
-87.5135;0.00325006;90
-86.0173;0.00372901;90
-91.1437;0.00325665;90
68.2995;0.00105475;90
-101.049;0.010629;90
-38.2951;0.000956896;90
-50.0521;0.00159791;90
-58.6767;0.000792511;90
143.065;0.00916281;90
-92.001;0.0088494;90
-78.8459;0.00396489;90
108.641;0.00201786;90
92.5628;0.00536737;90
91.9289;0.00193109;90
81.255;0.0039135;90
93.2999;0.00171985;90
133.347;0.00245185;90
129.498;0.00288343;90
120.28;0.0031335;90
121.89;0.00491013;90
126.929;0.000977001;90
145.819;0.00197397;90
92.0481;0.00307797;90
91.2476;0.00385791;90
91.9795;0.00387932;90
90;0.000952;90
98.4198;0.00145468;90
108.733;0.0021858;90
77.6894;0.00355985;90
72.8501;0.00107165;90
77.2274;0.00272749;90
73.1951;0.00254572;90
114.461;0.00113266;90
131.224;0.00140666;90
-62.3189;0.00282424;90
-104.57;0.00213465;90
-103.85;0.00231429;90
-105.24;0.00390326;90
-78.1531;0.00318075;90
-63.0356;0.00141144;90
-0.861526;0.00199523;90
25.5469;0.00103188;90
16.8263;0.000518185;90
14.2133;0.00117703;90
-8.35002;0.00283707;90
-28.5924;0.00278117;90
-28.4779;0.00396586;90
-74.0119;0.00257771;90
-52.2555;0.0025419;90
-79.0301;0.00366802;90
-88.5545;0.00214068;90
-87.7307;0.00366187;90
-90.3596;0.00366507;90
58.5513;0.000709172;90
-98.612;0.00425396;90
-97.6127;0.00357047;90
-111.501;0.00290302;90
-16.5884;0.00113838;90
-51.5335;0.00175868;90
-19.8769;0.000276471;90
127.196;0.00116122;90
140.184;0.00440562;90
133.91;0.00356871;90
135.9;0.00126022;90
130.717;0.00316253;90
128.612;0.00336836;90
121.03;0.00611273;90
122.986;0.00112779;90
135.877;0.00147803;90
171.128;0.000972636;90
118.605;0.000804152;90
90.8758;0.00379444;90
88.3644;0.00522013;90
96.2294;0.00548338;90
115.468;0.0010744;90
77.9252;0.00240931;90
69.2947;0.00300937;90
77.5982;0.00200683;90
81.449;0.00154012;90
99.8922;0.00186269;90
131.218;0.00252988;90
-51.5458;0.00274165;90
-44.063;0.00121073;90
-109.179;0.00175331;90
-99.5941;0.001716;90
-107.282;0.00246739;90
-101.013;0.00413007;90
-78.5479;0.00126417;90
-73.7235;0.0014022;90
-89.1815;0.00189019;90
-88.4388;0.00462472;90
-89.328;0.00648045;90
-39.479;0.0039541;90
-58.636;0.00132572;90
-60.2383;0.00295128;90
-57.9928;0.00326776;90
-48.5579;0.00300817;90
-44.867;0.00304622;90
-47.7234;0.00264899;90
-45.676;0.00287671;90
-34.7984;0.00133347;90
-49.305;0.00159195;90
146.443;0.00262318;90
136.653;0.00164188;90
143.218;0.000915201;90
143.525;0.000753618;90
120.07;0.0015068;90
124.15;0.000897811;90
127.875;0.000763918;90
88.6512;0.00225162;90
61.145;0.00164527;90
74.4056;0.00165907;90
113.035;0.00119857;90
124.196;0.000754422;90
131.685;0.00073379;90
102.29;0.00143284;90
93.8497;0.00171286;90
99.1668;0.00124287;90
101.333;0.000987249;90
169.16;0.00105279;90
157.527;0.000871157;90
171.143;0.000591047;90
172.198;0.00069241;90
170.927;0.000653172;90
-175.989;0.000657611;90
155.612;0.000929981;90
-162.058;0.000662205;90
151.787;0.000575355;90
123.06;0.00065625;90
144.303;0.000879184;90
155.156;0.000521239;90
163.606;0.000683802;90
151.774;0.000570884;90
110.927;0.00122907;90
91.8555;0.00117362;90
94.0567;0.00113083;90
92.1701;0.00203346;90
91.2195;0.00197345;90
79.0538;0.000926864;90
74.072;0.000903695;90
88.1693;0.00131467;90
94.6338;0.000953115;90
81.0432;0.00169568;90
82.5223;0.000906711;90
125.365;0.00127164;90
-88.606;0.00435729;90
-81.9802;0.0011755;90
-94.7561;0.00188148;90
-93.928;0.00217511;90
-88.4282;0.00222384;90
-87.2249;0.000950114;90
-82.8203;0.00156023;90
-85.3632;0.00476259;90
-92.6775;0.00156271;90
-92.8094;0.000918103;90
-68.1664;0.00132289;90
-63.5198;0.000906056;90
-62.7695;0.000808617;90
-61.4012;0.000781327;90
-64.6382;0.000873153;90
-56.3948;0.00112382;90
-60.601;0.00121209;90
-56.086;0.000709744;90
-55.9188;0.00105645;90
59.3544;0.00145176;90
61.1914;0.00113098;90
40.1231;0.000623805;90
-49.2751;0.00100548;90
-45.4826;0.000587627;90
-49.9469;0.00130381;90
-38.919;0.00100124;90
-44.8982;0.000796203;90
-50.4081;0.000892807;90
-48.0799;0.00107919;90
-43.4814;0.000667036;90
-63.2793;0.000822876;90
-57.1237;0.000781097;90
-42.2784;0.000819046;90
-48.3001;0.00128978;90
-33.7706;0.000591866;90
-40.0969;0.000579118;90
-16.7434;0.000621342;90
-31.4546;0.000760796;90
-46.8029;0.000584359;90
-41.9511;0.000943909;90
133.603;0.003944;90
145.983;0.0051588;90
123.716;0.0105914;90
138.058;0.00121937;90
115.088;0.00287967;90
131.817;0.00129884;90
117.915;0.00115771;90
105.306;0.00167439;90
-77.5865;0.00274927;90
164.826;0.000806105;90
90.5963;0.00259414;90
90.3302;0.00399107;90
92.0088;0.00425061;90
83.0792;0.00180918;90
106.067;0.00401066;90
-53.0943;0.0009592;90
-86.6367;0.00741477;90
-88.554;0.00360615;90
-90.9478;0.00392954;90
-49.9922;0.00101572;90
-35.1623;0.001792;90
-56.7554;0.00474449;90
-62.698;0.00271213;90
-57.8409;0.00161947;90
-47.2846;0.0032107;90
-45.1765;0.0027549;90
-47.398;0.00280543;90
-48.5255;0.0026333;90
-36.7253;0.001189;90
-38.7213;0.00116381;90
-48.8708;0.00123601;90
113.711;0.00371783;90
76.8202;0.00540333;90
91.4081;0.00358108;90
90.3226;0.00337505;90
90.7142;0.00216617;90
93.1009;0.00338295;90
101.415;0.00362266;90
125.362;0.00292701;90
98.8938;0.00120954;90
137.749;0.00138611;90
150.032;0.00315708;90
148.66;0.00185343;90
152.922;0.000599737;90
165.08;0.00235748;90
-179.02;0.00198729;90
88.3563;0.00251003;90
74.9965;0.002816;90
74.7299;0.00268064;90
60.8621;0.00113573;90
-109.099;0.00199268;90
-105.313;0.00260136;90
-105.287;0.00282185;90
-65.9449;0.00169522;90
3.19023;0.00091642;90
-12.6659;0.00222105;90
-26.2386;0.00258986;90
-28.6085;0.00233281;90
-33.6982;0.00196281;90
-69.4889;0.00268844;90
-47.5879;0.00100229;90
-66.88;0.00267918;90
-83.3979;0.00282675;90
-85.974;0.0028771;90
-88.9502;0.00458477;90
-51.6325;0.000214273;90
-96.3455;0.00237958;90
-95.1847;0.00371821;90
-104.994;0.00480457;90
-41.1791;0.00078522;90
-43.7522;0.00107152;90
-50.3511;0.00107667;90
-39.7316;0.00426632;90
-19.8286;0.000507063;90
-37.5726;0.000880666;90
-24.8231;0.000500216;90
56.4769;0.000856461;90
11.4704;0.000910179;90
-9.00935;0.000811006;90
-15.2336;0.00140435;90
-0.877547;0.000457054;90
-44.1697;0.000585546;90
-18.4349;0.00109415;90
-59.4843;0.000811385;90
-65.5225;0.000847138;90
-31.7972;0.00110834;90
-57.333;0.0014136;90
-65.2105;0.000837139;90
-56.6827;0.00123618;90
-53.5742;0.00129004;90
-53.542;0.00125203;90
-104.199;0.00119449;90
-105.995;0.00173102;90
-94.2752;0.00163655;90
-95.9324;0.00328962;90
-107.025;0.00102805;90
-104.734;0.00127389;90
-97.0523;0.00136835;90
-103.326;0.00160522;90
-98.5264;0.00128824;90
-104.077;0.00205573;90
-100.787;0.00120224;90
-104.242;0.00134948;90
-92.1779;0.00160516;90
-94.1924;0.00129948;90
-72.7851;0.00135155;90
-88.3136;0.00197085;90
-106.039;0.00310902;90
165.757;0.000873862;90
135.046;0.000883177;90
102.606;0.00194283;90
98.2356;0.00138225;90
92.7809;0.00164894;90
95.2812;0.00107557;90
97.1892;0.00143831;90
106.238;0.0010478;90
83.0879;0.00186959;90
84.4604;0.00106698;90
94.6733;0.0012642;90
132.962;0.000934679;90
125.703;0.000765959;90
138.393;0.00072889;90
151.628;0.00109219;90
134.613;0.00167305;90
136.99;0.00126224;90
152.358;0.000594899;90
173.037;0.000791841;90
141.809;0.000572552;90
140.831;0.000702966;90
114.966;0.00205172;90
114.45;0.000811799;90
168.107;0.000635645;90
123.403;0.00199445;90
79.8369;0.0020969;90
114.482;0.00124273;90
88.8916;0.00196437;90
68.0278;0.00286511;90
76.7512;0.00118247;90
108.553;0.0103245;90
136.291;0.00414187;90
134.668;0.00109674;90
131.094;0.00239771;90
129.745;0.00364419;90
119.616;0.00315061;90
121.73;0.00288641;90
124.689;0.00251262;90
153.881;0.001322;90
-168.118;0.000471094;90
-95.6225;0.0034295;90
-98.4778;0.006315;90
-98.2457;0.00518763;90
-98.518;0.00465838;90
-90.0465;0.004929;90
-85.6965;0.00655649;90
-97.9081;0.00171531;90
-100.05;0.0034154;90
-95.1135;0.00448786;90
-83.3972;0.00756619;90
-86.6637;0.00156365;90
-63.1451;0.00265201;90
-57.5827;0.00432024;90
-72.691;0.0010621;90
-72.7548;0.00150778;90
-56.651;0.00181723;90
-79.6197;0.00230879;90
-77.406;0.0019079;90
107.034;0.00721658;90
111.587;0.00361774;90
124.88;0.000841107;90
126.516;0.00220484;90
123.657;0.00143806;90
96.1498;0.00196028;90
98.2841;0.00378954;90
92.9193;0.00447681;90
87.0938;0.00443771;90
79.1993;0.00441318;90
94.3207;0.0039422;90
91.7178;0.00406983;90
86.214;0.00421019;90
83.3333;0.00410878;90
81.7526;0.00393873;90
80.7945;0.00414438;90
85.5588;0.00631496;90
87.1474;0.00174817;90
89.4104;0.00408122;90
91.1656;0.00393281;90
87.6051;0.00291955;90
-12.1849;0.00155401;90
23.3232;0.00181098;90
23.3762;0.0011014;90
2.04188;0.0017401;90
-12.7405;0.0017911;90
27.4484;0.0010153;90
87.8793;0.00513452;90
-59.849;0.00183762;90
-71.2399;0.00144898;90
103.142;0.00666351;90
112.521;0.001154;90
89.0799;0.00186824;90
131.802;0.00158427;90
132.834;0.00101047;90
128.487;0.00144618;90
132.719;0.00133254;90
131.982;0.00151744;90
22.4235;0.000359156;90
-56.5851;0.00173235;90
-47.9341;0.000649268;90
-50.9459;0.00181572;90
-49.0675;0.00159501;90
-52.2061;0.00148819;90
-84.0703;0.00291359;90
-31.2166;0.00081617;90
-102.406;0.00136384;90
-103.774;0.00243605;90
-90.4085;0.00322608;90
-90.3242;0.00141402;90
-155.768;0.000648103;90
167.296;0.00262834;90
-172.62;0.00130784;90
-157.671;0.0027005;90
160.943;0.00148541;90
-99.4174;0.00188845;90
-89.2344;0.00456541;90
-89.1105;0.00444454;90
-73.3974;0.00153291;90
-32.7968;0.00195694;90
-57.0623;0.0035698;90
-60.4832;0.00286597;90
-14.1224;0.000483617;90
-65.8395;0.00229175;90
-49.4175;0.000991481;90
-48.0671;0.002511;90
-46.3706;0.00289714;90
-46.5363;0.00313856;90
-46.1184;0.0022462;90
-32.6862;0.001124;90
-44.962;0.00106702;90
-51.6685;0.00114477;90
134.467;0.011322;90
130.659;0.00117717;90
140.371;0.00191122;90
121.802;0.00325814;90
116.921;0.00288011;90
129.385;0.00211023;90
145.702;0.00303466;90
144.09;0.000537075;90
-93.2113;0.00373086;90
-99.1652;0.00519837;90
-98.2415;0.0106177;90
-89.0232;0.00557281;90
-93.1426;0.00187883;90
-86.7973;0.00443893;90
-98.0258;0.00442635;90
-92.759;0.00475751;90
-83.1319;0.00746759;90
-82.2914;0.00159542;90
-61.6929;0.00182413;90
-50.4689;0.00221839;90
-45.7092;0.0021137;90
-82.5041;0.00283624;90
-59.6905;0.00217766;90
-78.4098;0.00216515;90
-84.0543;0.0019887;90
107.842;0.00647543;90
102.787;0.00279225;90
127.458;0.00163769;90
124.683;0.00201747;90
125.502;0.00203538;90
97.5127;0.00221804;90
96.7229;0.0045956;90
91.6611;0.00486404;90
81.9736;0.00461218;90
86.2761;0.00464982;90
93.8241;0.00457318;90
87.7644;0.00487071;90
84.0566;0.00475154;90
81.7904;0.00489516;90
80.5857;0.00510475;90
87.0156;0.00424476;90
79.6776;0.000876181;90
-9.49355;0.00120652;90
-50.8285;0.00304285;90
-58.0569;0.00341161;90
-59.4359;0.00371286;90
-47.0599;0.00318687;90
-48.1188;0.00132567;90
-49.45;0.00339019;90
-43.008;0.00425157;90
65.9322;0.00115983;90
75.7435;0.0035328;90
84.2509;0.00503131;90
62.6001;0.000736639;90
-96.9848;0.0109452;90
-43.4498;0.00109783;90
-54.4804;0.00110331;90
100.915;0.00558199;90
83.7499;0.00281071;90
89.8284;0.00367202;90
89.7192;0.00693808;90
92.7377;0.00167491;90
99.0118;0.00357513;90
122.884;0.00325447;90
103.339;0.00173377;90
142.041;0.0016843;90
135.78;0.00306559;90
172.534;0.00200096;90
88.3435;0.002387;90
88.4193;0.00152258;90
89.807;0.00237501;90
-36.64;0.000598205;90
-60.3713;0.00317976;90
121.359;0.00332818;90
76.1672;0.00143461;90
88.8983;0.00119622;90
121.736;0.00259501;90
69.3695;0.00108134;90
71.1825;0.000852569;90
140.444;0.00179637;90
137.829;0.00138974;90
117.583;0.00183789;90
135.778;0.0016661;90
120.299;0.00135973;90
-126.37;0.0026577;90
-89.021;0.0013462;90
-102.393;0.00197093;90
-105.003;0.00221345;90
-105.144;0.00392739;90
-107.14;0.00135728;90
-94.5217;0.00271445;90
-72.7694;0.00296403;90
-92.7376;0.00337085;90
-88.1789;0.0049405;90
-90.8659;0.00403646;90
28.7015;0.000803754;90
94.9392;0.00154474;90
-66.9951;0.00365139;90
-53.9059;0.00277705;90
-59.9233;0.00323451;90
-55.6145;0.0043647;90
-47.2865;0.000797544;90
-46.6729;0.00191354;90
-46.6787;0.002969;90
-46.9892;0.0031372;90
-44.6861;0.00206478;90
-38.4618;0.00131031;90
-43.3789;0.00104977;90
-50.5711;0.000895893;90
99.8169;0.00666864;90
85.9777;0.00516071;90
73.1592;0.00131855;90
96.6483;0.00217664;90
93.8346;0.00632516;90
93.0222;0.00159322;90
110.018;0.0034675;90
118.421;0.00255493;90
133.912;0.00160189;90
150.72;0.00290747;90
151.274;0.00267982;90
165.903;0.00273023;90
-173.358;0.00133999;90
86.6109;0.00341698;90
40.227;0.00107925;90
-48.4781;0.00136369;90
62.5165;0.00133913;90
110.08;0.00126701;90
-116.625;0.00512328;90
-44.6222;0.000965222;90
-2.46576;0.00209194;90
-20.3964;0.0022266;90
-30.4979;0.00421866;90
-25.7497;0.000817142;90
-43.7211;0.00152066;90
-68.3331;0.00229409;90
-72.6856;0.00569192;90
-94.3799;0.00140109;90
-86.9973;0.0059752;90
-90.9472;0.00187526;90
-94.2777;0.00337841;90
-96.6892;0.00357131;90
-113.751;0.00266906;90
-44.185;0.000994293;90
-40.4675;0.00120798;90
-52.7056;0.00113383;90
136.618;0.00814134;90
130.322;0.0013785;90
132.081;0.00322152;90
129.223;0.00316127;90
120.635;0.00313796;90
118.698;0.00332779;90
130.161;0.00305143;90
163.749;0.0013114;90
91.8842;0.0022202;90
89.9527;0.004844;90
92.9607;0.00427871;90
86.6497;0.00104378;90
110.064;0.00114552;90
110.011;0.0033343;90
148.442;0.00281067;90
-138.677;0.00401331;90
-171.326;0.000729343;90
-160.165;0.00349536;90
-160.212;0.00407035;90
-149.499;0.00379865;90
-120.055;0.00832422;90
-147.417;0.0016081;90
-145.99;0.00173957;90
-128.407;0.008351;90
-129.14;0.00521529;90
-130.953;0.00572132;90
-128.45;0.00532462;90
-129.859;0.00546884;90
-133.788;0.00514889;90
-126.341;0.00560764;90
-124.135;0.0057918;90
-134.399;0.00505963;90
-136.509;0.00496915;90
-124.432;0.005525;90
-130.274;0.00542357;90
-166.37;0.00375988;90
-178.9;0.00458284;90
-176.883;0.00406501;90
-153.111;0.00434475;90
-123.651;0.00534343;90
-120.583;0.00399583;90
-112.794;0.00131901;90
-176.19;0.000948095;90
-178.961;0.00143424;90
-144.885;0.000803177;90
168.835;0.00108453;90
-141.177;0.00230654;90
-166.447;0.0020398;90
170.611;0.0014038;90
156.299;0.00229125;90
152.205;0.00272997;90
-158.733;0.002746;90
-146.784;0.00291893;90
158.594;0.00272069;90
134.324;0.00497343;90
-165.417;0.00101676;90
171.239;0.00256695;90
158.054;0.00278804;90
117.99;0.00433395;90
117.46;0.00383845;90
117.251;0.00261415;90
103.671;0.00418043;90
96.3152;0.00430009;90
136.316;0.00206317;90
94.3203;0.00100887;90
-36.6496;0.000988407;90
-15.4414;0.000593421;90
146.07;0.00138843;90
94.1473;0.00125829;90
7.51517;0.00061932;90
13.2972;0.000752166;90
-105.567;0.00332392;90
-51.3402;0.00209382;90
-82.945;0.00599237;90
-71.0754;0.001813;90
-65.2226;0.00351234;90
-58.9722;0.0042933;90
-54.9824;0.00385481;90
-8.44485;0.00293482;90
4.96715;0.0028758;90
-54.109;0.00401539;90
-27.3678;0.00303241;90
29.049;0.00297184;90
24.9009;0.00286427;90
-27.6863;0.00239976;90
-25.9825;0.00228717;90
-24.0991;0.00132006;90
12.6767;0.00151288;90
28.5178;0.00227048;90
5.86628;0.00128171;90
27.2625;0.00150633;90
-0.0342269;0.001674;90
43.6014;0.00139059;90
67.192;0.00173355;90
62.1659;0.00504804;90
44.5299;0.00491244;90
16.6143;0.00394156;90
-2.9718;0.00308615;90
9.22019;0.00466832;90
19.6819;0.00425775;90
51.1911;0.00468148;90
51.7275;0.00577653;90
42.4875;0.00475845;90
47.1431;0.00489731;90
55.1662;0.00551648;90
56.3753;0.00559277;90
52.5956;0.00538163;90
44.7062;0.00482607;90
48.5923;0.00522518;90
48.3404;0.00530312;90
51.359;0.0052287;90
52.5847;0.00540004;90
41.6488;0.00749967;90
48.5893;0.0019427;90
66.0954;0.00573275;90
34.1562;0.00388636;90
14.3023;0.003291;90
18.8105;0.00347352;90
43.0105;0.00230161;90
36.7913;0.0026248;90
-12.4402;0.00273419;90
-37.0935;0.00163981;90
-78.6585;0.00320356;90
-84.3284;0.00219575;90
-88.9344;0.00473182;90
-89.3653;0.00478429;90
-85.6828;0.00178005;90
-19.017;0.00152525;90
-53.0904;0.0025976;90
-60.5721;0.00280261;90
-57.276;0.00307625;90
-51.9656;0.00510765;90
-44.2325;0.00121421;90
-46.703;0.00299804;90
-46.36;0.00297917;90
-42.0793;0.00152651;90
-35.4722;0.0010167;90
-48.7279;0.00100055;90
-49.3034;0.000848091;90
96.7808;0.00778344;90
87.5729;0.00649383;90
91.8156;0.00495549;90
93.5262;0.000926755;90
95.1407;0.0032812;90
111.58;0.00336055;90
117.669;0.00241406;90
128.352;0.000873492;90
151.237;0.00320664;90
152.263;0.00209921;90
151.097;0.00135932;90
171.839;0.00236697;90
-171.437;0.0010679;90
93.5594;0.00294769;90
115.274;0.00162782;90
115.111;0.000951977;90
134.69;0.00169779;90
105.433;0.0021495;90
128.571;0.00121253;90
71.7931;0.00222436;90
78.3106;0.00201376;90
76.2047;0.00161457;90
74.4788;0.00313534;90
-39.5023;0.000870919;90
-56.5872;0.00103148;90
-49.3885;0.0006099;90
-50.3781;0.00175783;90
-47.9176;0.00322293;90
-49.3185;0.000929656;90
-92.0139;0.001622;90
-67.7942;0.000947256;90
-49.617;0.00153729;90
-104.808;0.00226937;90
-101.089;0.00315083;90
-85.0529;0.00295702;90
-42.1826;0.00215787;90
-28.36;0.00301257;90
-31.0379;0.00119277;90
-65.7232;0.00297948;90
-65.6585;0.00305453;90
-85.7589;0.004016;90
-87.8426;0.00608331;90
-93.2237;0.000942491;90
-92.7553;0.00357814;90
-99.7389;0.00541504;90
-116.5;0.00117886;90
-50.2358;0.00123978;90
-46.7298;0.00124154;90
-49.047;0.000971867;90
115.413;0.0041152;90
77.0321;0.00321294;90
85.6996;0.00406745;90
89.6193;0.00406409;90
91.9483;0.0041474;90
93.1613;0.00360849;90
109.426;0.00338256;90
121.068;0.00235828;90
69.6731;0.00105361;90
11.7185;0.00192512;90
51.6239;0.00283818;90
12.8113;0.00215566;90
-61.4593;0.00373601;90
11.5703;0.0015107;90
63.336;0.00388629;90
82.8083;0.00426556;90
99.6177;0.00472846;90
104.373;0.00524104;90
104.359;0.00529027;90
105.815;0.00529128;90
116.119;0.00476565;90
135.209;0.00310139;90
147.497;0.00164698;90
146.532;0.00307722;90
145.764;0.00299857;90
150.292;0.00171317;90
127.696;0.00296991;90
114.227;0.0037821;90
0;0;90
107.424;0.00277849;90
107.777;0.0025613;90
106.011;0.00514457;90
104.716;0.00555834;90
117.674;0.0051976;90
104.135;0.00562635;90
103.908;0.00542505;90
110.209;0.00460554;90
133.722;0.00374153;90
124.835;0.00446762;90
110.95;0.00546209;90
97.9873;0.00601637;90
91.9936;0.00549032;90
82.8858;0.0039484;90
80.063;0.00565585;90
80.3861;0.00577815;90
84.3382;0.00596008;90
86.415;0.00615705;90
86.119;0.00614609;90
100.557;0.00547466;90
118.731;0.00504057;90
111.893;0.00521619;90
108.164;0.00509069;90
123.533;0.0042468;90
156.192;0.00335665;90
-158.406;0.00354049;90
-172.136;0.00335455;90
150.675;0.00377125;90
145.39;0.00402293;90
151.269;0.00304144;90
-176.125;0.00264905;90
-173.727;0.00245269;90
-174.262;0.00251058;90
-167.865;0.00310641;90
-157.002;0.00340677;90
-119.438;0.00499718;90
-120.706;0.00521515;90
-124.395;0.00464513;90
-116.384;0.0051081;90
-123.826;0.00468141;90
-128.913;0.00426811;90
-142.994;0.00387941;90
-145.362;0.00372282;90
-121.841;0.00473683;90
-114.159;0.00491116;90
-122.051;0.00316197;90
-163.097;0.00240071;90
175.542;0.0029078;90
161.173;0.00337771;90
162.824;0.00336927;90
162.418;0.00333373;90
146.466;0.00386655;90
129.052;0.00447604;90
119.801;0.00491959;90
112.229;0.00614037;90
115.214;0.00515736;90
129.275;0.00467111;90
130.036;0.00455956;90
133.393;0.00443672;90
132.153;0.00473993;90
123.27;0.00502932;90
121.506;0.00505755;90
118.807;0.00528161;90
108.016;0.00600438;90
118.637;0.00524567;90
139.286;0.00417299;90
159.702;0.00384262;90
145.015;0.00393993;90
143.581;0.00394312;90
145.915;0.00394346;90
163.779;0.0035118;90
163.09;0.00351707;90
145.924;0.0039551;90
131.515;0.00448995;90
115.089;0.00591949;90
122.628;0.00492409;90
116.56;0.0055374;90
130.87;0.00441816;90
140.248;0.00314638;90
123.352;0.0037124;90
123.324;0.00368606;90
122.233;0.00357731;90
120.054;0.0042031;90
149.537;0.001217;90
160.757;0.00213001;90
155.011;0.00287846;90
118.111;0.00451;90
112.266;0.00501171;90
117.171;0.00469511;90
109.98;0.00513614;90
113.426;0.00536522;90
134.646;0.00389199;90
128.713;0.00418437;90
111.828;0.00512872;90
105.847;0.00448236;90
111.768;0.00354047;90
114.596;0.00430787;90
114.672;0.00517216;90
121.83;0.00518585;90
140.492;0.00390134;90
137.522;0.00403371;90
133.831;0.00412541;90
134.285;0.00419064;90
135.274;0.00413379;90
134.909;0.00401566;90
134.845;0.00391102;90
129.454;0.00444872;90
135.653;0.0036581;90
137.559;0.00443515;90
125.604;0.00469955;90
132.81;0.00423796;90
138.694;0.00366619;90
139.91;0.00394883;90
149.345;0.00375587;90
173.447;0.00341733;90
-163.756;0.00331744;90
175.007;0.00329751;90
139.879;0.00386562;90
143.085;0.0035696;90
157.917;0.00359362;90
141.248;0.00338523;90
129.582;0.00432845;90
129.797;0.00449947;90
131.119;0.00456495;90
124.111;0.00502683;90
124.707;0.00499836;90
137.178;0.00435327;90
138.884;0.0042276;90
152.454;0.00376028;90
-178.319;0.00211391;90
143.295;0.00180361;90
137.892;0.00372837;90
138.667;0.00370363;90
132.04;0.00406634;90
121.992;0.00440737;90
133.977;0.0019399;90
129.972;0.00339658;90
146.008;0.00394758;90
147.378;0.00376374;90
146.417;0.00386876;90
136.493;0.00423418;90
128.607;0.0045659;90
128.047;0.00508187;90
151.43;0.00405245;90
169.439;0.00400484;90
156.288;0.00407066;90
136.688;0.00480192;90
130.563;0.00506392;90
133.535;0.0046458;90
144.438;0.00412668;90
144.964;0.00415613;90
143.926;0.00412;90
130.261;0.00513559;90
118.467;0.00557849;90
126.71;0.00500202;90
142.682;0.00396712;90
141.993;0.00380995;90
120.37;0.00485178;90
111.994;0.00589827;90
111.886;0.00605757;90
105.56;0.0069414;90
109.723;0.00627301;90
111.763;0.00612238;90
109.254;0.00623475;90
108.974;0.00625273;90
117.987;0.00556818;90
112.742;0.00609701;90
112.245;0.0059779;90
122.517;0.00491678;90
123.08;0.00372475;90
122.577;0.0035993;90
120.188;0.00421805;90
122.684;0.00447213;90
123.375;0.00468812;90
120.979;0.00508425;90
127.865;0.00469691;90
126.801;0.005018;90
122.24;0.00504245;90
119.471;0.00519525;90
119.55;0.00520502;90
119.041;0.00524893;90
110.795;0.00584473;90
100.641;0.00646619;90
92.6857;0.00725597;90
91.4899;0.00688433;90
99.553;0.00664617;90
109.404;0.00589058;90
96.8539;0.00673715;90
100.292;0.00653719;90
110.579;0.00584925;90
112.226;0.00568652;90
108.488;0.00647413;90
105.266;0.00590953;90
105.409;0.00631914;90
106.029;0.00714166;90
106.194;0.00680916;90
109.963;0.00641443;90
115.061;0.00599875;90
119.088;0.00575137;90
119.599;0.00575387;90
121.308;0.00535943;90
128.879;0.00494684;90
133.694;0.00468297;90
145.97;0.00817864;90
125.493;0.0252375;90
140.819;0.00434493;90
173.936;0.00348349;90
-148.538;0.00384532;90
-169.194;0.00345629;90
149.356;0.00371592;90
141.966;0.0043497;90
140.547;0.00406013;90
127.808;0.00458061;90
137.71;0.00432172;90
153.839;0.00380365;90
152.253;0.00399089;90
150.207;0.00398697;90
153.582;0.00402091;90
156.484;0.00397733;90
155.454;0.00392137;90
-179.346;0.00367724;90
178.798;0.00357579;90
170.538;0.00361924;90
153.008;0.00390428;90
121.9;0.00536296;90
117.746;0.00583604;90
118.157;0.0055203;90
117.657;0.0054655;90
118.172;0.00553466;90
115.72;0.00579294;90
113.384;0.00589083;90
104.346;0.00654201;90
103.878;0.0066666;90
104.047;0.00672406;90
108.451;0.00658133;90
112.51;0.00595793;90
109.475;0.00623577;90
110.252;0.00627174;90
109.417;0.00619645;90
109.153;0.00620867;90
109.428;0.00620532;90
110.008;0.00623109;90
115.702;0.00582204;90
121.609;0.00528506;90
133.268;0.00493715;90
145.049;0.00414572;90
150.653;0.00392579;90
155.171;0.00386749;90
158.679;0.0038119;90
163.002;0.00369439;90
150.257;0.00399305;90
129.353;0.00480051;90
115.291;0.00613505;90
109.537;0.00629758;90
109.287;0.00624872;90
109.829;0.00616131;90
115.109;0.00573603;90
124.519;0.0051157;90
127.705;0.00492812;90
129.313;0.00485201;90
130.964;0.00510383;90
133.938;0.00461749;90
135.036;0.00449579;90
149.958;0.00398889;90
153.52;0.00392028;90
153.363;0.00393459;90
154.327;0.00384785;90
154.318;0.00386036;90
153.293;0.00416312;90
154.259;0.00385449;90
147.301;0.00408903;90
132.288;0.00469337;90
123.108;0.00518838;90
116.725;0.00545469;90
111.293;0.00516885;90
107.379;0.00454655;90
146.911;0.00118879;90
-120.069;0.00432504;90
-119.941;0.00489878;90
-139.644;0.0153025;90
-161.25;0.00345326;90
-170.016;0.0034665;90
-168.871;0.00354874;90
-143.455;0.00374166;90
-145.221;0.00378152;90
-176.394;0.00348189;90
179.278;0.00333426;90
-174.077;0.00321718;90
-154.2;0.00334769;90
-154.725;0.00339611;90
-153.965;0.00372277;90
-166.661;0.00336786;90
155.115;0.00364546;90
141.284;0.00396026;90
141.754;0.00404657;90
141.194;0.00398447;90
126.768;0.00471621;90
122.642;0.00497233;90
124.018;0.0048476;90
139.057;0.00430788;90
145.356;0.00386652;90
143.24;0.00395681;90
135.216;0.00431126;90
137.337;0.00414497;90
162.696;0.00347634;90
163.807;0.00346756;90
169.071;0.00342309;90
175.726;0.0033814;90
-171.104;0.00364079;90
-141.937;0.00401607;90
-147.604;0.00375905;90
-166.203;0.00348042;90
-147.942;0.00382649;90
-159.095;0.00360962;90
-165.624;0.0035161;90
-165.125;0.00352927;90
-165.979;0.00372292;90
174.868;0.00343176;90
150.607;0.00376118;90
147.965;0.0038515;90
148.025;0.00382776;90
152.167;0.00371815;90
163.083;0.00353287;90
160.461;0.00359396;90
132.198;0.00446931;90
126.098;0.00504446;90
125.927;0.00473964;90
127.295;0.00474653;90
142.528;0.00399422;90
170.05;0.00345497;90
-160.305;0.00353691;90
-141.164;0.0040696;90
-142.148;0.00400079;90
-159.476;0.0038077;90
179.046;0.00342247;90
161.348;0.00359585;90
160.956;0.00356725;90
160.987;0.00354225;90
160.773;0.00356802;90
161.307;0.00357562;90
167.927;0.00347588;90
-177.675;0.00362298;90
-163.361;0.00355172;90
-160.296;0.00359766;90
-160.656;0.00358647;90
-161.236;0.0033078;90
-150.859;0.00142313;90
-169.532;0.00181623;90
-160.866;0.00272134;90
-157.188;0.00293779;90
-140.366;0.00290338;90
-131.112;0.001752;90
-151.318;0.00185228;90
-136.421;0.00293752;90
-133.231;0.00345869;90
-131.188;0.00324361;90
-114.798;0.00207427;90
-132.761;0.00220786;90
-123.436;0.0030054;90
-119.896;0.00263227;90
-140.697;0.00201602;90
-137.739;0.00251593;90
-135.871;0.00283795;90
-134.197;0.00111027;90
-128.144;0.00173563;90
-85.3705;0.00386561;90
-91.9193;0.00489675;90
-93.274;0.00513037;90
-95.0604;0.00514706;90
-105.875;0.00566297;90
-112.564;0.00539716;90
-112.316;0.00574639;90
-100.729;0.00754184;90
-95.8234;0.0074806;90
-102.616;0.00689959;90
-99.2386;0.00703222;90
-98.3685;0.00700155;90
-106.307;0.0066422;90
-106.175;0.00664089;90
-103.792;0.00649735;90
-102.776;0.00676038;90
-104.351;0.00680638;90
-111.451;0.00582983;90
-118.436;0.00598512;90
-119.564;0.0051724;90
-116.556;0.00592961;90
-105.759;0.00709155;90
-98.3954;0.00723958;90
-97.5427;0.00714583;90
-97.7206;0.0073022;90
-97.6582;0.00721132;90
-98.6541;0.00709781;90
-101.098;0.00689902;90
-103.225;0.00673565;90
-103.157;0.00700283;90
-93.1412;0.00551128;90
-87.9729;0.00378837;90
-169.966;0.00293286;90
-174.499;0.00342176;90
-163.212;0.0036976;90
-155.795;0.00376829;90
-153.331;0.00370964;90
-149.513;0.00356369;90
-134.722;0.00363811;90
-117.132;0.00338781;90
-112.105;0.00213924;90
-86.9033;0.00233241;90
-81.8201;0.00211552;90
-81.1232;0.00183397;90
-80.5121;0.00367629;90
-76.0566;0.00554025;90
-78.9841;0.00619108;90
-79.1231;0.00576049;90
-82.4816;0.00635867;90
-92.1165;0.00693173;90
-92.4481;0.00660203;90
-83.3456;0.00658436;90
-83.2571;0.00617471;90
-91.0004;0.00681604;90
-95.1196;0.00589452;90
-143.299;0.00183221;90
-174.357;0.00252222;90
175.914;0.00255449;90
-173.5;0.00226154;90
-153.8;0.00238504;90
99.9831;0.00213432;90
101.946;0.00346402;90
98.381;0.00484373;90
97.2529;0.00383368;90
96.285;0.0040101;90
93.9757;0.00445672;90
110.948;0.00422634;90
-137.983;0.00157616;90
-101.701;0.000862931;90
-107.905;0.00294041;90
-86.7352;0.00287967;90
-100.25;0.00102841;90
168.087;0.000838051;90
-178.386;0.00106542;90
173.385;0.000529525;90
-4.81839;0.000869071;90
-1.1844;0.000919196;90
-15.7293;0.000582825;90
81.508;0.00687336;90
70.8291;0.00201896;90
-23.2777;0.000951447;90
-66.3829;0.00240875;90
113.143;0.00134852;90
109.135;0.0027944;90
96.874;0.0032836;90
89.6253;0.00351708;90
81.6981;0.00349058;90
91.7081;0.00295231;90
94.5578;0.00312087;90
107.602;0.00213287;90
170.718;0.0018786;90
108.909;0.00122195;90
84.777;0.00435006;90
75.9933;0.00469767;90
72.3233;0.00485104;90
72.3624;0.00454463;90
73.5123;0.00378775;90
83.0038;0.00137927;90
44.2702;0.00383071;90
24.1394;0.00322283;90
43.5831;0.00300259;90
62.8994;0.00421025;90
39.5229;0.00365972;90
30.9579;0.0033281;90
26.4513;0.00337871;90
23.7211;0.00347018;90
17.2964;0.00367624;90
6.76748;0.00296164;90
64.9713;0.00321931;90
70.1313;0.00521971;90
76.9257;0.00635678;90
76.4081;0.00600415;90
77.5687;0.0059925;90
79.68;0.00610679;90
81.881;0.00656379;90
82.2361;0.006218;90
82.2215;0.00619904;90
82.0326;0.00682488;90
82.4738;0.0071385;90
76.7459;0.00628953;90
66.7756;0.00583263;90
60.9349;0.0053005;90
61.0103;0.00523261;90
64.1579;0.00567112;90
72.2677;0.00580163;90
77.162;0.00647178;90
77.1162;0.0067048;90
75.3382;0.00595388;90
73.5116;0.00572545;90
73.9738;0.00642573;90
81.8114;0.00707008;90
80.3257;0.00724199;90
77.5089;0.00675489;90
84.3771;0.00650128;90
81.4159;0.00615697;90
68.7479;0.00569424;90
67.5257;0.00532871;90
69.6043;0.00510184;90
83.3183;0.00605915;90
86.3632;0.00638486;90
90.5707;0.00582329;90
99.7625;0.00166308;90
95.0097;0.00174065;90
18.6268;0.000566683;90
44.6005;0.0014199;90
44.323;0.00293258;90
42.4196;0.00282705;90
42.4648;0.00177445;90
52.0452;0.00163729;90
55.9648;0.00322314;90
57.1884;0.00256884;90
62.096;0.00176071;90
45.5131;0.0023689;90
46.681;0.00323004;90
48.2234;0.00345827;90
41.8134;0.00298932;90
35.4282;0.0015819;90
40.0303;0.00284052;90
29.0781;0.00284567;90
17.9736;0.00267031;90
20.1507;0.00236581;90
22.9016;0.00106386;90
19.2371;0.00275588;90
18.4148;0.00360247;90
19.83;0.00339002;90
20.0325;0.003471;90
9.58795;0.00337413;90
-3.13709;0.00319779;90
-15.691;0.00321688;90
-18.2695;0.00339409;90
-19.1159;0.00343226;90
-19.2395;0.00369327;90
-19.2586;0.00395958;90
-13.8676;0.00370911;90
7.18724;0.00354082;90
27.3826;0.00391799;90
39.8827;0.00428092;90
32.9523;0.00402801;90
5.03163;0.00356875;90
-26.0091;0.00391778;90
-48.9809;0.00468528;90
-53.911;0.0054003;90
-53.9912;0.00497696;90
-52.3074;0.00490331;90
-22.0585;0.00380772;90
-15.7203;0.0037056;90
-27.4033;0.00397392;90
-32.182;0.00429958;90
-32.7972;0.00405785;90
-26.8115;0.00384652;90
1.97001;0.00360713;90
12.5323;0.00354855;90
14.691;0.00371443;90
14.6009;0.00374081;90
27.5384;0.00397541;90
28.2545;0.00335243;90
13.3911;0.0037479;90
41.7607;0.00434221;90
22.081;0.00372955;90
8.78418;0.00366701;90
-10.0747;0.00358427;90
-15.759;0.00363046;90
-18.0465;0.00373157;90
-33.9665;0.00471445;90
-46.1296;0.00451929;90
-36.5089;0.00419028;90
-34.8678;0.00415614;90
-41.1338;0.00434162;90
-56.0659;0.00527552;90
-58.1225;0.00446313;90
-52.8504;0.00421925;90
-39.7223;0.0037899;90
-37.9698;0.00360506;90
-38.0431;0.00352614;90
-35.2766;0.00354617;90
-5.75443;0.00325138;90
23.3805;0.00421837;90
26.2292;0.00373788;90
26.1835;0.00362609;90
10.447;0.0032814;90
-0.486134;0.00330012;90
0.575138;0.00338717;90
30.8747;0.00386232;90
37.2937;0.00402871;90
12.334;0.00341277;90
8.658;0.0036071;90
19.38;0.00354698;90
46.1204;0.0216621;90
58.7951;0.00297433;90
80.4448;0.00121688;90
-71.5651;0.00224205;90
-72.5969;0.00467081;90
-68.1544;0.00529956;90
-63.5431;0.00521407;90
-57.5861;0.00468255;90
-49.1368;0.00405805;90
-38.0201;0.00363673;90
-26.728;0.00345966;90
-25.2991;0.00329945;90
-26.9522;0.00397135;90
-25.5917;0.00410691;90
-26.1701;0.00389309;90
-28.2382;0.00390584;90
-26.0503;0.0039826;90
-35.5253;0.00431279;90
-46.008;0.00542647;90
-48.1972;0.00505874;90
-50.0317;0.00464379;90
-51.6185;0.00466262;90
-53.0444;0.00508321;90
-60.1852;0.00559335;90
-69.0617;0.00659553;90
-70.4987;0.0058623;90
-70.6067;0.00570997;90
-70.1531;0.00542843;90
-61.1934;0.00475663;90
-48.1691;0.00416982;90
-30.2331;0.0035371;90
-17.5603;0.00397734;90
-20.3001;0.00372113;90
-23.9485;0.00375201;90
-29.9742;0.00436941;90
-35.9586;0.00379768;90
12.1851;0.00088596;90
-80.0603;0.00126296;90
-48.6626;0.00398491;90
-58.5988;0.0049863;90
-65.4058;0.00568253;90
-70.077;0.00611285;90
-70.2383;0.00621396;90
-70.295;0.00640613;90
-70.4172;0.00672498;90
-70.7365;0.00704123;90
-70.2882;0.0065137;90
-65.3455;0.00623762;90
-74.8579;0.00711295;90
-75.8874;0.0069147;90
-75.9758;0.00692439;90
-74.2731;0.00669981;90
-63.4932;0.00571808;90
-62.163;0.00622541;90
-62.0395;0.00593136;90
-61.5862;0.00583604;90
-62.11;0.00572497;90
-61.5335;0.0053373;90
-40.715;0.00388013;90
-12.3031;0.00330388;90
-7.82451;0.00326136;90
5.25579;0.00363528;90
-10.2599;0.00353147;90
-26.9043;0.00377679;90
-23.7548;0.0035847;90
-26.8062;0.00371861;90
-29.921;0.00459898;90
-25.5959;0.00430997;90
-32.8924;0.0044028;90
-52.2703;0.00522439;90
-40.5154;0.00484721;90
-37.896;0.00453413;90
-32.5091;0.00440054;90
14.1583;0.00398608;90
28.148;0.00401483;90
-14.9954;0.00346292;90
-42.6228;0.00426186;90
-57.6971;0.00496075;90
-62.5195;0.0053744;90
-62.4109;0.00518001;90
-54.8345;0.00449179;90
-33.8396;0.0039309;90
-29.2901;0.00387546;90
-35.9731;0.0041147;90
-43.3315;0.00434701;90
-51.0415;0.00476336;90
-56.5991;0.00554957;90
-59.5096;0.00537649;90
-60.3844;0.00549599;90
-63.1492;0.00565017;90
-67.9389;0.00589997;90
-72.0843;0.0061765;90
-74.1083;0.00615733;90
-74.4323;0.00612573;90
-74.2674;0.00676753;90
-74.027;0.00626488;90
-70.8715;0.00600877;90
-67.0098;0.00653398;90
-74.0546;0.00626089;90
-83.0078;0.00636635;90
-79.9377;0.00665639;90
-69.269;0.00475166;90
-82.8639;0.00706775;90
-89.0385;0.00727002;90
-85.397;0.00707783;90
-75.554;0.00654596;90
-64.7335;0.00578217;90
-61.061;0.00558199;90
-61.0842;0.00545165;90
-59.5345;0.00542385;90
-54.4538;0.00544585;90
-49.879;0.00481375;90
-59.3554;0.00541875;90
-57.3358;0.0052361;90
-56.3324;0.00424623;90
-59.3721;0.00377458;90
-58.724;0.00343054;90
-56.7496;0.0033613;90
-57.4842;0.00483134;90
-64.5671;0.00574916;90
-66.5045;0.00597978;90
-64.7806;0.00567492;90
-67.0383;0.00590595;90
-71.8539;0.00633507;90
-69.5485;0.00615602;90
-68.5073;0.00610018;90
-73.7296;0.00697432;90
-69.9353;0.00623759;90
-68.2817;0.00588581;90
-64.9482;0.00565609;90
-43.0622;0.00443327;90
-34.5488;0.00381233;90
-49.2572;0.00417213;90
-61.6338;0.00492312;90
-56.8792;0.00482974;90
-42.2046;0.00446574;90
-34.0357;0.00413786;90
-35.4469;0.00410727;90
-39.2632;0.00446369;90
-49.6272;0.00500495;90
-48.5433;0.00481683;90
-36.8206;0.0041848;90
-16.9832;0.00376938;90
-10.5693;0.00356549;90
-37.3109;0.00436533;90
-51.552;0.00485844;90
-51.0233;0.00460251;90
-40.9173;0.00397271;90
-32.7135;0.00348236;90
-33.0144;0.00305772;90
-33.3096;0.00271504;90
-34.6627;0.0025653;90
-43.5679;0.0020371;90
-52.6131;0.00130765;90
-60.5006;0.00341582;90
-54.6916;0.00412473;90
-41.9643;0.00372532;90
-41.8834;0.00369373;90
-43.4971;0.00256131;90
-9.9272;0.00147915;90
-18.5584;0.00249473;90
-28.9519;0.00336104;90
-40.5743;0.00460001;90
-43.8559;0.00449739;90
-57.7309;0.00504405;90
-54.1203;0.00479112;90
-48.7369;0.0041879;90
-49.758;0.00416862;90
-51.2603;0.00448079;90
-37.1129;0.00405544;90
-21.7256;0.00379023;90
-42.6236;0.00441685;90
-26.2344;0.00387517;90
13.2219;0.00370317;90
1.83877;0.00355283;90
-23.8336;0.00379131;90
-39.7028;0.00442701;90
-40.9785;0.00436582;90
-49.6402;0.00509585;90
-52.3091;0.0048855;90
-41.6005;0.00374436;90
-44.6209;0.00363319;90
-50.4952;0.00434179;90
-44.6151;0.00410485;90
-44.6598;0.00404896;90
-44.8012;0.00407579;90
-46.5099;0.00423987;90
-45.725;0.00469415;90
-39.2427;0.0043139;90
-47.0345;0.00464084;90
-62.6987;0.00487279;90
-66.0212;0.00498525;90
-64.4691;0.00371695;90
-72.5483;0.00381458;90
-73.8241;0.00491769;90
-62.8214;0.00501132;90
-44.233;0.00411997;90
-57.1715;0.00501728;90
-71.3196;0.00634738;90
-62.7968;0.00530026;90
-67.4493;0.00484223;90
-66.5121;0.0038489;90
-47.1644;0.00277101;90
-19.3017;0.00255035;90
-24.915;0.00271795;90
-59.0588;0.00348725;90
-58.3631;0.00357651;90
-57.0574;0.00348659;90
-57.9598;0.0036606;90
-43.9767;0.00312803;90
-38.9971;0.00313056;90
-63.4715;0.0049122;90
-57.1882;0.00463201;90
-62.2308;0.00451159;90
-64.9703;0.00459006;90
-49.6043;0.00377895;90
-36.4571;0.00363669;90
-20.5602;0.00322331;90
-15.2738;0.00322284;90
-25.2572;0.00342879;90
-35.8841;0.00349912;90
-36.1025;0.00392715;90
-33.3901;0.00339065;90
-17.2415;0.00312754;90
-40.6877;0.00366754;90
-59.5692;0.00484899;90
-72.4686;0.00587593;90
-63.7102;0.0048407;90
-59.0407;0.0043835;90
-57.8958;0.00473035;90
-52.667;0.00410753;90
-44.8065;0.00418751;90
-46.7933;0.00408979;90
-50.5651;0.00415616;90
-52.8864;0.00451444;90
-65.809;0.00519303;90
-67.2988;0.00530931;90
-60.9682;0.00513295;90
-50.7076;0.00410247;90
-39.2049;0.00362761;90
-19.1167;0.00287029;90
-16.6503;0.00313755;90
-19.1416;0.00264102;90
-19.2977;0.00245705;90
-4.73779;0.00276043;90
20.5857;0.00271325;90
61.0115;0.00378637;90
66.5666;0.00413396;90
59.2801;0.00427138;90
35.2969;0.00340248;90
34.4371;0.00359504;90
50.0085;0.00426032;90
53.0747;0.0043444;90
63.7761;0.00503303;90
59.4305;0.00486056;90
56.1485;0.00472496;90
61.8244;0.00477365;90
42.1676;0.00377774;90
14.047;0.00259149;90
10.6548;0.00250417;90
7.19347;0.00249161;90
6.76549;0.00282668;90
-8.29361;0.00267599;90
-31.3261;0.00328135;90
-33.6387;0.0037115;90
-24.9955;0.00323278;90
7.81145;0.0028989;90
24.3591;0.00324157;90
-16.6764;0.00312232;90
-45.1935;0.00335029;90
-49.0814;0.00205653;90
-99.2815;0.00130205;90
-75.0246;0.00511989;90
-65.1051;0.00544714;90
-64.5925;0.00520216;90
-86.7244;0.00607292;90
-94.1972;0.00625778;90
-94.3842;0.0057428;90
-97.5242;0.00591089;90
-99.7964;0.00569504;90
-99.4528;0.00492589;90
-95.1106;0.00278407;90
-87.9689;0.0057276;90
-82.5709;0.00539832;90
-68.7773;0.00533159;90
-58.1532;0.00451815;90
-46.018;0.00405943;90
-70.319;0.00554067;90
-76.4133;0.00615114;90
-73.1307;0.00581001;90
-62.0231;0.00500942;90
-77.9504;0.00575786;90
-73.0887;0.0030802;90
-73.6041;0.0010132;90
-70.6205;0.00120847;90
-71.7007;0.00173578;90
-70.4329;0.0039533;90
-58.1952;0.00296759;90
-43.1874;0.0015649;90
-39.1563;0.00209046;90
-32.068;0.00271413;90
-31.8557;0.00255598;90
-34.9876;0.00106557;90
-34.0383;0.00150604;90
-46.8136;0.00245772;90
-62.6159;0.00409824;90
-73.6973;0.00517612;90
-75.9834;0.00565229;90
-75.455;0.00565421;90
-79.1184;0.0050111;90
-99.2213;0.00445558;90
-114.615;0.00332517;90
-117.46;0.00217507;90
117.641;0.00281079;90
131.371;0.00309414;90
-138.847;0.00290852;90
-148.4;0.00284362;90
-115.222;0.00131651;90
-56.5418;0.00280958;90
-77.8134;0.00348657;90
-87.4061;0.00388898;90
-87.7452;0.00396507;90
-92.1682;0.00422903;90
-94.8472;0.00392905;90
-110.436;0.00317908;90
-62.8165;0.00116014;90
-41.1974;0.000938275;90
-50.3656;0.0010284;90
97.5523;0.00545532;90
86.002;0.00410198;90
87.9599;0.00384844;90
92.5403;0.00421915;90
92.6154;0.00425143;90
104.977;0.00338189;90
124.052;0.00267704;90
110.873;0.00177659;90
150.782;0.00261811;90
150.646;0.0024908;90
157.229;0.00230462;90
175.637;0.00219536;90
149.931;0.00105382;90
82.0654;0.00281798;90
125.214;0.00164749;90
133;0.0016613;90
99.4138;0.00174855;90
77.2714;0.00214676;90
-42.717;0.00170407;90
71.4412;0.00131646;90
-41.5254;0.000968395;90
-51.009;0.00118881;90
-99.2391;0.00130797;90
-105.331;0.00217853;90
-112.181;0.00148597;90
130.371;0.00140182;90
132.782;0.00151647;90
115.754;0.00322205;90
143.502;0.000554812;90
72.9903;0.00362351;90
71.83;0.00567603;90
-45.1929;0.000840048;90
-125.167;0.0029481;90
-102.882;0.00244453;90
-109.942;0.000961665;90
-104.891;0.00308976;90
-106.516;0.00535389;90
-72.2357;0.000999664;90
44.3186;0.000772922;90
98.1841;0.00120123;90
-30.5297;0.00805929;90
-19.3779;0.00255578;90
-30.7447;0.00304961;90
-28.092;0.00241671;90
-70.7047;0.00155855;90
-58.7746;0.00255398;90
-72.7494;0.00330465;90
-86.6621;0.00388158;90
-87.4288;0.00390093;90
-90.6039;0.00294116;90
69.3028;0.00132983;90
-100.041;0.00328634;90
-94.8095;0.00404324;90
-110.491;0.00318235;90
-74.5861;0.00091802;90
-34.2346;0.000904757;90
-46.0843;0.000896772;90
-56.7926;0.00108642;90
-87.2693;0.00680072;90
-69.1109;0.00169116;90
-57.851;0.000845669;90
-55.2669;0.00105133;90
-63.9588;0.000929349;90
-71.1874;0.00172727;90
-86.4055;0.00177048;90
-54.8317;0.00111809;90
-71.1908;0.00111346;90
-81.7294;0.00196039;90
-106.05;0.00165657;90
-105.151;0.00129708;90
-105.39;0.00100608;90
-169.036;0.000878028;90
-158.762;0.000982747;90
-153.687;0.00142573;90
-134.053;0.000855716;90
-91.9824;0.0013298;90
-112.526;0.000984078;90
-118.077;0.000762765;90
-122.771;0.000761147;90
-119.885;0.000965365;90
-111.193;0.00148546;90
-117.706;0.000763545;90
-97.0759;0.00173723;90
-88.1743;0.00109856;90
-112.547;0.00108492;90
-98.2652;0.000959971;90
108.898;0.00191735;90
104.679;0.000951042;90
110.038;0.00134544;90
114.947;0.0013301;90
43.824;0.00120587;90
40.3836;0.000571074;90
86.9677;0.000926297;90
90.2256;0.00101601;90
92.1108;0.0010317;90
15.0066;0.000687445;90
73.174;0.00138531;90
66.4025;0.00113163;90
-132.966;0.00127501;90
-164.615;0.00119482;90
94.5558;0.00100718;90
85.4261;0.00137939;90
82.5783;0.00126964;90
164.188;0.00158913;90
173.056;0.00228275;90
137.761;0.000660498;90
110.913;0.00108979;90
78.4457;0.00110336;90
102.88;0.000973494;90
91.7554;0.0015017;90
74.5351;0.00160511;90
84.4605;0.00153316;90
-28.6306;0.000682444;90
-27.773;0.00129408;90
-31.4247;0.000554301;90
-61.7155;0.000715417;90
-53.6801;0.000979245;90
-47.6242;0.000679535;90
-46.4212;0.000741276;90
-53.7853;0.000787051;90
-73.8395;0.000988041;90
-86.0269;0.00127005;90
-68.7398;0.00522886;90
-89.7007;0.00134002;90
-114.018;0.000945897;90
151.064;0.000562181;90
-100.21;0.00139915;90
-110.757;0.00173245;90
112.952;0.00100779;90
93.3322;0.00137633;90
52.6806;0.00140204;90
72.9319;0.00133897;90
112.145;0.00102134;90
-98.4128;0.000888561;90
-179.223;0.00132712;90
122.145;0.000781857;90
69.8713;0.00188301;90
-138.008;0.00295058;90
-124.181;0.000711984;90
150.124;0.000867253;90
119.3;0.000974694;90
126.273;0.000941451;90
145.531;0.00059192;90
117.582;0.000907092;90
139.553;0.00060578;90
128.181;0.000690781;90
127.559;0.0014469;90
57.7193;0.00101485;90
-69.7922;0.000827964;90
-27.3595;0.00145135;90
67.5979;0.000991853;90
87.2711;0.00105019;90
108.419;0.00113621;90
35.7461;0.000958584;90
-3.36646;0.000596029;90
-60.4876;0.00106981;90
-36.7132;0.000804603;90
-28.5325;0.000586195;90
13.1246;0.00059453;90
32.2174;0.000744654;90
2.05963;0.000862557;90
-48.3665;0.00149316;90
37.9828;0.000885567;90
78.3266;0.00145305;90
48.6596;0.000697923;90
76.5226;0.00206383;90
110.161;0.00181629;90
79.8245;0.00190191;90
63.2212;0.00143825;90
61.3379;0.000708861;90
82.8081;0.00106236;90
86.0131;0.0013232;90
80.4437;0.0011023;90
58.2331;0.000942134;90
71.1929;0.00175257;90
113.852;0.00100154;90
114.747;0.00115618;90
136.97;0.0077757;90
127.385;0.000779031;90
121.554;0.000699408;90
144.824;0.00106927;90
90.4163;0.00110103;90
72.7185;0.000989677;90
-94.2802;0.00255914;90
-27.837;0.000543946;90
-48.4935;0.000823896;90
-54.9312;0.00140629;90
-61.9146;0.00104506;90
-40.8972;0.00067206;90
-48.3665;0.00110783;90
-8.28013;0.000486067;90
-44.0496;0.00106576;90
-18.4715;0.000495529;90
-9.0943;0.000563078;90
-49.2248;0.000643093;90
-55.8248;0.00131025;90
136.561;0.00314143;90
64.8393;0.00271898;90
82.4338;0.00318977;90
86.9441;0.00664044;90
91.8307;0.00403806;90
92.0544;0.00340319;90
96.9225;0.00168428;90
110.273;0.00283992;90
121.605;0.00257607;90
134.596;0.00160376;90
150.895;0.00287617;90
148.344;0.00218745;90
175.761;0.00355773;90
145.772;0.000798249;90
124.835;0.00101364;90
83.9996;0.00175059;90
71.4939;0.00254564;90
76.763;0.00281684;90
73.6473;0.00289824;90
74.0014;0.00133157;90
73.2577;0.00140245;90
130.929;0.00182257;90
130.123;0.00166348;90
130.149;0.00153852;90
130.511;0.00137317;90
-47.2735;0.00208549;90
-47.1448;0.00164376;90
-50.741;0.00212064;90
-85.7575;0.00104085;90
-105.148;0.00173737;90
-104.291;0.00103709;90
-107.563;0.00151775;90
-105.561;0.00329893;90
-103.87;0.00385027;90
-89.5639;0.00105103;90
-145.315;0.0028907;90
166.33;0.00151903;90
-90.2976;0.00442806;90
-88.818;0.00445995;90
-92.2377;0.00294525;90
-91.3789;0.00282582;90
-96.9198;0.00561087;90
-99.6222;0.00506729;90
-96.4927;0.00468706;90
-94.3621;0.00491724;90
-88.685;0.00518537;90
-88.4982;0.00480765;90
-101.403;0.00457736;90
-90.1316;0.00478901;90
-82.9473;0.00481342;90
-84.9508;0.00568105;90
-97.8274;0.00551438;90
-99.4845;0.00551033;90
-100.849;0.0058974;90
-98.2667;0.00557796;90
-95.8695;0.00584766;90
-103.11;0.00525085;90
-110.244;0.00494764;90
-124.257;0.0040398;90
-136.178;0.00361054;90
-138.912;0.00348284;90
-107.848;0.0052759;90
-93.1034;0.00515356;90
-93.158;0.00553641;90
-107.756;0.00480384;90
-107.82;0.00477405;90
-99.1397;0.00540158;90
-101.46;0.00560678;90
-119.476;0.0037516;90
-113.111;0.00385976;90
-108.035;0.00407944;90
-116.583;0.00435541;90
-132.469;0.00337832;90
-139.797;0.00234236;90
-127.807;0.00176184;90
-108.039;0.00434665;90
-102.281;0.00514781;90
-105.367;0.00620379;90
-114.247;0.00516462;90
-126.351;0.00464119;90
-125.683;0.0046426;90
-125.677;0.00444776;90
-149.841;0.00329619;90
-143.242;0.002047;90
143.147;0.0026744;90
161.861;0.00355255;90
159.052;0.00335366;90
-156.293;0.00164153;90
-98.5558;0.00215094;90
-94.3976;0.00397771;90
-120.173;0.0040011;90
170.343;0.00294473;90
162.369;0.00277327;90
150.358;0.00318249;90
159.189;0.00273013;90
159.324;0.00241023;90
146.502;0.00148577;90
136.826;0.00237496;90
169.27;0.00182084;90
179.873;0.001351;90
-118.254;0.000910475;90
142.631;0.00169866;90
166.162;0.00175185;90
149.916;0.0017416;90
128.754;0.00255438;90
134.33;0.00211793;90
-109.365;0.00317566;90
-106.95;0.00451409;90
-107.19;0.0044257;90
-106.746;0.00237053;90
-74.0082;0.00135753;90
68.3827;0.00236967;90
-58.6678;0.00181346;90
-86.18;0.0031971;90
-89.8541;0.00314101;90
-91.0977;0.00276651;90
-129.681;0.000472969;90
89.6446;0.00983319;90
136.647;0.00150039;90
-106.77;0.00233949;90
146.31;0.00059131;90
81.1305;0.0019068;90
72.2916;0.00246899;90
73.4344;0.00365469;90
73.6827;0.00389384;90
73.4093;0.00348822;90
110.205;0.00169959;90
130.256;0.00255646;90
175.471;0.00216576;90
-164.105;0.0020192;90
146.642;0.00234781;90
134.302;0.00238101;90
157.572;0.00117162;90
139.43;0.0021603;90
93.2468;0.00275442;90
91.4968;0.0040964;90
91.5868;0.00400854;90
82.8425;0.00438215;90
83.7117;0.00439142;90
69.6472;0.00369466;90
75.5761;0.003585;90
88.5381;0.00254783;90
94.6388;0.00415461;90
90.393;0.00393609;90
90.2586;0.00421004;90
81.2326;0.00410699;90
79.7143;0.00241379;90
74.0412;0.00410626;90
74.7164;0.00387712;90
79.2523;0.00329785;90
84.3529;0.00367885;90
83.9004;0.00383974;90
84.7643;0.00439433;90
83.5981;0.00441252;90
84.3677;0.00458514;90
84.4307;0.00471928;90
83.1058;0.00415706;90
73.0484;0.00108724;90
42.8774;0.00206192;90
26.6748;0.00233446;90
18.4627;0.00261457;90
11.4844;0.00257659;90
-44.661;0.00298758;90
-65.3682;0.00396367;90
-58.1196;0.00374138;90
-58.9886;0.00370917;90
-63.5568;0.00378612;90
-67.429;0.00324885;90
-27.5893;0.00145099;90
23.807;0.00145916;90
-46.2783;0.00136293;90
-63.7292;0.000957944;90
-85.7312;0.000913534;90
142.723;0.00549314;90
112.579;0.00432339;90
117.885;0.00397902;90
125.049;0.00384654;90
115.387;0.00504519;90
124.63;0.00292644;90
178.75;0.00233856;90
-164.261;0.00263583;90
-156.973;0.00276099;90
-137.24;0.00273223;90
101.907;0.00210836;90
143.696;0.00153868;90
20.7063;0.00165169;90
64.222;0.00576244;90
65.6323;0.00584356;90
66.6717;0.00614647;90
66.8929;0.00625046;90
59.6929;0.00594093;90
34.5258;0.00427858;90
5.48002;0.00383252;90
1.87342;0.00379303;90
12.7795;0.00389242;90
25.8257;0.00388169;90
55.6234;0.00532384;90
48.2416;0.00491448;90
43.1953;0.00487226;90
49.0949;0.00495107;90
57.0275;0.00542595;90
56.1333;0.00548934;90
50.2732;0.00503185;90
44.6065;0.00483885;90
48.6501;0.00496477;90
49.3664;0.00499678;90
50.5134;0.00551976;90
52.2368;0.00516983;90
46.8786;0.0048102;90
39.5824;0.00456852;90
65.498;0.00563989;90
39.2786;0.00374511;90
13.0329;0.00347655;90
17.8595;0.00330633;90
40.6089;0.00244741;90
32.0553;0.00231376;90
5.76045;0.00263028;90
-24.4244;0.00193958;90
74.2097;0.00375573;90
81.8699;0.00137886;90
72.832;0.00238842;90
75.4934;0.00192022;90
78.1938;0.00178884;90
-56.2279;0.00174315;90
-115.539;0.00569662;90
-105.452;0.0038097;90
-91.0326;0.00277445;90
-72.9294;0.00183274;90
-89.5963;0.00212905;90
-88.3107;0.00403675;90
-89.1953;0.00462846;90
-81.8836;0.00237277;90
-27.7249;0.00174539;90
-56.3953;0.00334984;90
-60.122;0.00368359;90
-54.1029;0.00342809;90
-47.0492;0.00342105;90
-47.7161;0.00340218;90
-46.174;0.00338209;90
-39.4246;0.00152111;90
-36.6712;0.000922606;90
-45.2768;0.000731864;90
-56.4613;0.00104977;90
135.673;0.00602072;90
132.945;0.00268166;90
171.312;0.00111884;90
-104.095;0.00305498;90
-89.7591;0.00356703;90
-86.9884;0.0026076;90
-88.4715;0.00157456;90
-88.6626;0.00179949;90
-67.2129;0.000895927;90
-48.3363;0.00063181;90
106.332;0.00203408;90
105.289;0.00118701;90
91.6672;0.00405572;90
91.8355;0.00321565;90
77.6868;0.00296828;90
77.885;0.00138177;90
132.437;0.00248231;90
131.967;0.00299384;90
121.99;0.00272949;90
118.944;0.00282256;90
122.618;0.00251933;90
133.155;0.00215213;90
115.298;0.000910302;90
92.7912;0.00188924;90
-86.8602;0.00230045;90
-37.8135;0.00122657;90
-54.7004;0.00235008;90
-58.1692;0.00253881;90
-61.7181;0.00267196;90
-54.4956;0.00260174;90
-47.8133;0.00239149;90
-46.9772;0.00245937;90
-46.7805;0.00268547;90
-46.8171;0.00274283;90
-42.0252;0.0014579;90
-32.2559;0.000775714;90
-42.6261;0.000699929;90
-46.3175;0.000768828;90
-55.5413;0.000888987;90
95.0319;0.00973652;90
87.2272;0.00386553;90
91.3046;0.00439214;90
93.4223;0.00452307;90
107.375;0.0035898;90
119.011;0.0026826;90
122.821;0.00140771;90
149.867;0.00236453;90
151.26;0.00251023;90
109.402;0.00142386;90
92.1555;0.00345645;90
64.7633;0.00136974;90
-18.6882;0.000930035;90
-103.667;0.00113;90
-88.0182;0.00485791;90
-29.7915;0.00243939;90
-29.9064;0.0021561;90
-70.6074;0.00234611;90
-56.4581;0.00235998;90
-79.6159;0.00355625;90
-86.6254;0.00370342;90
-87.7338;0.00356579;90
-90.7991;0.00358535;90
-94.1517;0.00352224;90
-100.437;0.00307487;90
-115.045;0.00193935;90
-56.646;0.000756624;90
-28.7693;0.000604633;90
-43.7629;0.000851555;90
-56.1338;0.000992363;90
93.3685;0.00993917;90
87.9502;0.0037464;90
92.1128;0.00385162;90
93.0573;0.00378739;90
100.249;0.00368683;90
123.905;0.00280375;90
101.268;0.00132555;90
140.321;0.00157089;90
149.217;0.00271792;90
151.439;0.00119434;90
151.101;0.000823556;90
157.378;0.00198362;90
172.983;0.00157983;90
-175.585;0.00105212;90
117.355;0.00110338;90
84.8922;0.00179714;90
-91.104;0.00238744;90
-20.3382;0.000923578;90
-4.8952;0.00209765;90
-19.483;0.00184993;90
-30.9638;0.00208165;90
-29.1339;0.00203553;90
-28.2046;0.00125047;90
-32.7517;0.000626618;90
-67.8988;0.00262595;90
-60.0325;0.00284079;90
-83.891;0.00407816;90
-87.0042;0.0037311;90
-88.7147;0.00374494;90
-92.9503;0.00371092;90
-95.0624;0.00345648;90
-110.733;0.00276827;90
-127.139;0.00093581;90
133.242;0.00248877;90
132.732;0.00262613;90
132.737;0.00257871;90
132.317;0.0025682;90
129.8;0.00247303;90
121.02;0.00228591;90
119.8;0.00270235;90
122.739;0.00272368;90
118.135;0.00177924;90
90.2734;0.00146702;90
60.29;0.000815156;90
-102.182;0.00184351;90
-72.3139;0.00137919;90
-56.0027;0.00258605;90
-59.2645;0.00292716;90
-60.3538;0.00295364;90
-48.7317;0.00287908;90
-47.5276;0.00287011;90
-47.3836;0.0029243;90
-46.7868;0.00288003;90
-44.7782;0.00164404;90
-32.5653;0.00107383;90
-43.648;0.00104893;90
-56.6737;0.0010484;90
-105.887;0.00307963;90
-71.4655;0.00309556;90
-66.7492;0.00345783;90
-60.283;0.00229365;90
-54.4575;0.00137277;90
-68.1152;0.00191285;90
-72.2326;0.00317546;90
-63.335;0.00307728;90
-56.4444;0.00283674;90
-61.8164;0.00324583;90
-60.6056;0.00289924;90
-73.5531;0.00219689;90
-94.6001;0.00209475;90
-81.0888;0.00179466;90
107.551;0.0114972;90
123.172;0.00230099;90
120.357;0.00377335;90
105.497;0.00421421;90
128.116;0.00156337;90
119.125;0.00230321;90
115.276;0.00417356;90
111.329;0.00398386;90
106.407;0.00390501;90
76.2284;0.00115521;90
-34.5034;0.00115278;90
-52.125;0.00118578;90
-46.8292;0.000708882;90
104.424;0.00519062;90
82.7668;0.00269243;90
87.3863;0.00677605;90
92.7913;0.00406582;90
93.3818;0.00394988;90
107.808;0.00329276;90
121.887;0.00271466;90
123.257;0.0017615;90
150.193;0.00330528;90
146.518;0.00183441;90
92.6273;0.00283598;90
84.9187;0.00293554;90
-48.9662;0.00106321;90
-37.7014;0.000868291;90
-59.2655;0.00132861;90
-158.004;0.00743844;90
-159.473;0.0030144;90
150.408;0.000974048;90
-95.0266;0.00414293;90
-88.4333;0.00391346;90
-91.0474;0.00393866;90
-38.7426;0.00097312;90
-9.0524;0.000896162;90
-54.8991;0.00275992;90
-59.8561;0.0031523;90
-59.6816;0.00306059;90
-48.9306;0.0028677;90
-48.8431;0.00315443;90
-44.367;0.00262423;90
-49.5871;0.00207777;90
-44.7757;0.00180596;90
-35.4586;0.00134801;90
-43.575;0.000995207;90
-52.9451;0.00111521;90
-89.5021;0.0052932;90
-101.707;0.000960992;90
-97.7096;0.00102123;90
-100.263;0.00158841;90
-119.764;0.00185928;90
-93.443;0.00158186;90
-57.926;0.000796589;90
-80.0184;0.00163271;90
-101.682;0.00135813;90
-52.1832;0.00198487;90
-53.7405;0.00108886;90
-66.6202;0.00157752;90
-33.698;0.00199886;90
9.44456;0.000530187;90
-40.4669;0.000832039;90
-45.4679;0.000952505;90
-51.8428;0.000640962;90
-41.3307;0.000707142;90
-27.5577;0.00134229;90
-46.6004;0.00108866;90
-55.7016;0.00112333;90
-70.6672;0.00139252;90
-95.3777;0.00195259;90
-98.2913;0.00100551;90
-81.758;0.00152071;90
-88.2285;0.000970464;90
-75.0378;0.00108064;90
-89.1284;0.000986114;90
-96.3051;0.000901453;90
-80.1674;0.00310359;90
-46.8297;0.000730814;90
-22.5851;0.000760308;90
-21.9196;0.000900067;90
-69.8892;0.00126514;90
-88.8506;0.000947191;90
-131.339;0.000808458;90
-114.906;0.00131312;90
-98.6399;0.00700954;90
-123.117;0.0010268;90
-129.359;0.000690652;90
-179.343;0.000523034;90
-71.6917;0.00200236;90
-3.69139;0.000497031;90
-80.2969;0.00144771;90
-70.3245;0.00106625;90
-57.7607;0.000701088;90
-76.7832;0.00193321;90
-79.5498;0.00151615;90
-87.7356;0.000961751;90
-96.9295;0.000944902;90
-101.626;0.00145893;90
-103.593;0.00137861;90
-98.3195;0.000898455;90
-92.8036;0.00102222;90
-120.746;0.000901746;90
-93.4307;0.00115307;90
-93.3499;0.00162578;90
-74.4792;0.000926797;90
-70.3345;0.000986542;90
-26.5309;0.000749977;90
-10.1204;0.000472349;90
6.57386;0.000541561;90
-15.334;0.00127437;90
26.8518;0.000982988;90
41.4304;0.00112436;90
-35.139;0.00143686;90
-10.0104;0.00137493;90
-24.444;0.00083373;90
-58.9353;0.00116859;90
-60.2947;0.00161642;90
-54.8336;0.00129177;90
-53.8502;0.00106628;90
-29.6524;0.000614469;90
-19.5803;0.000838487;90
-61.755;0.00111359;90
-74.306;0.00153419;90
-74.2783;0.00105549;90
-65.1328;0.00143395;90
-89.7613;0.000960008;90
-88.3393;0.00407171;90
-90.9056;0.00145518;90
-71.9969;0.00125862;90
-66.9045;0.00233516;90
-87.122;0.00183231;90
-87.6637;0.001202;90
-91.1989;0.00109924;90
-106.877;0.00123311;90
-98.4586;0.00192393;90
-91.5595;0.000955354;90
-93.1074;0.00127287;90
-67.4237;0.00111223;90
-70.0054;0.000848121;90
-73.4003;0.00132314;90
-71.4224;0.00165103;90
-65.2423;0.00114857;90
-76.3233;0.00166213;90
-90.1319;0.001738;90
-83.1106;0.00229255;90
24.542;0.000532069;90
8.26297;0.00103676;90
-18.7018;0.000882601;90
-30.3987;0.000782586;90
-32.4417;0.00104392;90
-2.40597;0.00119105;90
21.9218;0.000707129;90
-3.07677;0.000894289;90
-19.6957;0.000919813;90
55.1391;0.00118093;90
31.8438;0.00112774;90
24.4894;0.000938423;90
56.8257;0.00175625;90
79.3109;0.00177378;90
62.1835;0.00129007;90
2.2142;0.000569425;90
11.1049;0.000493235;90
-18.4128;0.000816816;90
-53.4927;0.000948019;90
-33.9537;0.000542503;90
-27.6589;0.0011245;90
3.5899;0.000527034;90
3.29116;0.00102769;90
-16.9211;0.000742129;90
4.04826;0.000764908;90
-5.077;0.000485906;90
30.3432;0.000712618;90
59.1399;0.000758368;90
60.1374;0.00102627;90
13.5005;0.000466901;90
26.6102;0.000567067;90
26.8803;0.000650258;90
20.7256;0.000672521;90
3.39301;0.000760333;90
-3.48226;0.000493912;90
-2.69998;0.000827919;90
8.37938;0.000617593;90
15.6498;0.000585713;90
15.1314;0.000609118;90
9.86581;0.000700357;90
-4.95406;0.00142432;90
-1.0933;0.000786143;90
51.1442;0.0010042;90
46.8191;0.000824195;90
10.4155;0.000741213;90
27.9018;0.000651768;90
14.5536;0.000752134;90
58.4396;0.000955299;90
66.5014;0.00152987;90
79.5693;0.00109916;90
47.7263;0.000713571;90
42.8962;0.000693432;90
60.2644;0.000768147;90
61.4136;0.0011411;90
54.8307;0.000741327;90
-29.3578;0.000660872;90
-75.9416;0.00125561;90
-33.138;0.00054696;90
40.4384;0.00118249;90
-32.1082;0.00100467;90
-97.7807;0.00183186;90
137.929;0.0042758;90
93.7304;0.00122961;90
80.5423;0.00204479;90
96.2968;0.00160468;90
106.098;0.000977324;90
102.12;0.00364832;90
111.017;0.00177616;90
102.509;0.00192059;90
86.7218;0.00232581;90
95.3558;0.00196056;90
108.688;0.00142936;90
122.834;0.000872363;90
127.348;0.00103024;90
128.236;0.0013928;90
142.738;0.000934822;90
137.777;0.000685992;90
124.248;0.000826265;90
145.237;0.00063663;90
142.848;0.00081301;90
136.719;0.00103709;90
135.243;0.000833686;90
132.015;0.00105927;90
131.996;0.000917671;90
136.836;0.000904854;90
106.387;0.001354;90
110.768;0.00145237;90
102.398;0.0011365;90
102.781;0.00160476;90
93.5636;0.0019628;90
96.6522;0.00174374;90
93.6433;0.00149502;90
95.0741;0.00137941;90
103.771;0.000995619;90
89.6;0.00114603;90
86.4499;0.00122736;90
86.6989;0.00138931;90
90.3919;0.00160804;90
94.0078;0.00141646;90
92.5277;0.00104301;90
96.8875;0.00101734;90
115.501;0.00151676;90
107.54;0.00121446;90
96.6275;0.00105706;90
115.416;0.00109276;90
115.726;0.000976819;90
118.929;0.00114942;90
127.085;0.00122721;90
124.448;0.00136302;90
128.913;0.000813517;90
127.79;0.000946522;90
138.664;0.000752485;90
133.937;0.00125816;90
125.232;0.0009794;90
109.433;0.000961795;90
102.146;0.00124998;90
91.4795;0.0015105;90
97.3602;0.00163144;90
97.3046;0.00126628;90
94.8403;0.00130365;90
105.55;0.000954953;90
96.3036;0.00138437;90
103.329;0.00137504;90
100.997;0.00179802;90
101.478;0.00166837;90
126.43;0.00252427;90
152.34;0.00102967;90
124.637;0.00117529;90
120.368;0.000957357;90
122.957;0.00119298;90
120.865;0.000996065;90
108.9;0.00089527;90
97.6339;0.00106141;90
97.4342;0.00176988;90
94.4948;0.00164606;90
88.0592;0.00144683;90
100.403;0.00135121;90
107.041;0.000948648;90
133.196;0.000898471;90
157.714;0.000725166;90
167.738;0.00102642;90
142.521;0.00105346;90
151.865;0.000865236;90
138.276;0.00079184;90
163.875;0.000964963;90
156.108;0.000738259;90
169.916;0.000651058;90
151.296;0.000778694;90
162.611;0.000675891;90
176.571;0.000702257;90
167.136;0.000759053;90
-171.893;0.000702016;90
137.804;0.00187891;90
107.063;0.00159836;90
109.313;0.00167209;90
115.335;0.00075015;90
109.599;0.000840707;90
137.21;0.00128365;90
119.982;0.00123068;90
129.867;0.000837746;90
121.893;0.0013003;90
123.534;0.00081458;90
118.039;0.00111259;90
123.569;0.00104894;90
134.253;0.000650594;90
116.125;0.00128086;90
135.425;0.000953206;90
123.011;0.000959976;90
134.013;0.000862091;90
125.398;0.000856283;90
131.987;0.000861032;90
139.346;0.000709146;90
126.37;0.000688026;90
144.503;0.000650987;90
136.497;0.000730691;90
157.775;0.000803711;90
141.433;0.000580655;90
136.205;0.000739797;90
129.415;0.000900888;90
136.551;0.000783761;90
-164.909;0.000580001;90
130.172;0.000781297;90
-142.039;0.00105019;90
-151.899;0.000700588;90
136.563;0.00116645;90
167.953;0.00050308;90
-163.684;0.0006158;90
-133.536;0.000830414;90
-147.985;0.000616813;90
-124.472;0.0011378;90
-133.351;0.000761869;90
-93.6661;0.00131369;90
-86.3145;0.00124457;90
-98.6297;0.00183275;90
-72.1086;0.0016666;90
-74.7961;0.00196373;90
-73.665;0.000949321;90
-63.2186;0.00130274;90
-66.0966;0.000885992;90
-136.705;0.00121181;90
-108.474;0.00092465;90
-103.252;0.00109927;90
-123.641;0.000653437;90
-103.944;0.00166404;90
-103.286;0.00144467;90
159.048;0.00115218;90
-145.334;0.00197086;90
-66.397;0.00347905;90
-73.4409;0.00371925;90
-59.9237;0.00304498;90
-57.5315;0.00161316;90
-53.9048;0.00124251;90
-75.1339;0.00226067;90
-72.2152;0.00326083;90
-54.6166;0.00280634;90
-59.9306;0.00337293;90
-63.9567;0.00270128;90
-59.068;0.00185596;90
-70.9402;0.00191392;90
-95.4502;0.00192671;90
-82.5865;0.0020693;90
107.63;0.0106418;90
119.438;0.00333683;90
122.665;0.00258837;90
108.834;0.00285908;90
109.195;0.0034339;90
138.974;0.000571302;90
117.766;0.00134373;90
123.242;0.00141924;90
118.208;0.00209024;90
106.07;0.0027817;90
112.768;0.00237724;90
110.531;0.00244639;90
106.41;0.00225485;90
47.0601;0.00068846;90
-36.5426;0.00112022;90
-51.399;0.00137043;90
128.47;0.00184052;90
104.375;0.00238053;90
55.4133;0.00116973;90
81.1852;0.00577521;90
93.6139;0.00133265;90
91.7719;0.00556266;90
93.4738;0.00376291;90
99.3814;0.00372381;90
124.568;0.00282348;90
101.629;0.00130478;90
11.8641;0.00180455;90
45.7582;0.00304578;90
28.1549;0.00228883;90
87.1647;0.00285049;90
125.126;0.00210297;90
144.057;0.00184164;90
136.984;0.00189972;90
87.3833;0.00183992;90
96.8891;0.00225931;90
112.165;0.00114242;90
172.625;0.00148024;90
84.2072;0.0016645;90
61.8831;0.00242747;90
86.8704;0.00208811;90
111.052;0.00201552;90
-162.904;0.00131302;90
128.903;0.00195063;90
-46.7521;0.00524989;90
-112.771;0.00163547;90
-117.694;0.00249594;90
-80.3528;0.00132473;90
-14.1671;0.001381;90
-10.7459;0.00167334;90
-24.9063;0.00118964;90
-103.02;0.00299603;90
-112.969;0.00186811;90
-56.6716;0.00123035;90
-35.6904;0.00196262;90
-62.8903;0.00235245;90
-91.3114;0.00249065;90
-169.732;0.00168295;90
-131.513;0.00349888;90
-171.725;0.00189675;90
-79.0574;0.00204926;90
-56.958;0.00237871;90
-79.7052;0.00356438;90
-87.6372;0.00380824;90
-87.9981;0.00380732;90
-92.1167;0.0038176;90
-94.4131;0.00336598;90
-104.967;0.0030008;90
-99.9789;0.00171393;90
-34.285;0.00112194;90
-48.7285;0.00119613;90
-39.454;0.000563373;90
135.093;0.0135135;90
-29.0938;0.00056762;90
78.8853;0.00431595;90
94.8791;0.00449127;90
107.554;0.00209874;90
134.95;0.000803981;90
-121.201;0.00235693;90
-90.1989;0.00230501;90
-91.0703;0.0028375;90
-160.082;0.000977471;90
121.096;0.00104169;90
120.021;0.00244847;90
125.188;0.00205809;90
122.519;0.00212994;90
177.428;0.000846853;90
155.469;0.000541917;90
89.4344;0.00273513;90
91.8159;0.00867836;90
91.8943;0.00102856;90
108.873;0.00516573;90
153.435;0.00103977;90
171.362;0.00177109;90
-132.48;0.00365008;90
-174.341;0.000547669;90
-161.367;0.00237552;90
-159.412;0.00524391;90
-168.027;0.0011858;90
-131.374;0.00481868;90
-113.278;0.00190289;90
-123.798;0.00413474;90
-149.221;0.00308562;90
-123.698;0.00198083;90
-114.364;0.00278283;90
117.188;0.00156266;90
98.8437;0.00339537;90
89.2411;0.00400135;90
91.7702;0.00381982;90
66.9142;0.00140012;90
-57.1191;0.00163015;90
-76.8689;0.00125892;90
117.459;0.00183469;90
170.899;0.000625879;90
93.552;0.00308292;90
105.931;0.00977128;90
103.862;0.00222891;90
94.3458;0.00166278;90
78.852;0.00416356;90
59.2948;0.0030786;90
51.7952;0.00230082;90
30.1399;0.00109736;90
5.80988;0.00183744;90
13.8269;0.00199172;90
-18.0971;0.00219877;90
-57.3815;0.0026547;90
-61.5765;0.00183409;90
-59.9612;0.00140236;90
-60.2185;0.00213613;90
-58.0142;0.00154802;90
-70.9976;0.00185192;90
-65.1112;0.00186523;90
-79.1652;0.00260137;90
-59.978;0.00302599;90
-37.0171;0.00241341;90
15.1438;0.00234649;90
53.9421;0.0030343;90
27.6305;0.000937969;90
12.0863;0.000940855;90
89.3811;0.00351821;90
78.1436;0.00246765;90
72.943;0.00138073;90
-7.12502;0.00114484;90
-11.7072;0.00130107;90
-31.6103;0.00132217;90
-50.702;0.00187889;90
-16.5661;0.000824212;90
-99.117;0.0033007;90
-74.2642;0.001014;90
-64.4034;0.00116426;90
-87.943;0.00158802;90
-40.3027;0.00116569;90
-61.645;0.00164655;90
-39.5077;0.0010343;90
-104.653;0.00155353;90
-91.151;0.00154331;90
-145.098;0.00239962;90
168.846;0.00158698;90
-100.915;0.00227618;90
-87.0146;0.00374408;90
-89.2072;0.00354134;90
-93.4253;0.0027449;90
-15.0304;0.00078278;90
-35.35;0.00120642;90
-55.6466;0.00268299;90
-53.4781;0.00220624;90
-63.3101;0.00225754;90
1.59374;0.000611236;90
86.9003;0.00218219;90
86.5391;0.0028492;90
91.3869;0.00190056;90
13.149;0.00136273;90
9.79697;0.000534799;90
-169.939;0.000503746;90
-47.5039;0.00123013;90
-85.7222;0.00276169;90
-84.285;0.00387627;90
-91.0104;0.00413964;90
-56.5107;0.000712239;90
-70.6861;0.00204086;90
-104.706;0.0025092;90
75.7551;0.00273097;90
121.513;0.00221929;90
127.859;0.00288403;90
127.314;0.00258008;90
119.829;0.00453943;90
122.874;0.00109065;90
172.472;0.000969355;90
30.5943;0.000744662;90
-59.2982;0.00735256;90
-46.0361;0.00132958;90
-46.9152;0.00402003;90
-48.4474;0.003175;90
-47.4619;0.00279848;90
-41.194;0.0020027;90
-32.203;0.00098326;90
-54.6565;0.00150914;90
134.995;0.00758513;90
138.415;0.00185167;90
-104.294;0.00231672;90
-96.3965;0.00280949;90
-87.755;0.00321647;90
-88.2184;0.00257324;90
-88.5937;0.0019966;90
-73.5361;0.000956206;90
-49.5762;0.000700146;90
6.18583;0.000491864;90
119.219;0.00172899;90
101.338;0.00242125;90
91.8544;0.00460441;90
86.9099;0.00311653;90
23.096;0.0027124;90
-46.4497;0.00282297;90
-42.229;0.00172594;90
-34.716;0.000867413;90
-45.561;0.00115547;90
-47.3629;0.00080608;90
135.478;0.00897915;90
131.991;0.00255901;90
133.057;0.00233621;90
130.571;0.0022525;90
121.024;0.00245638;90
119.428;0.00251559;90
123;0.00257788;90
131.531;0.0019049;90
172.28;0.00102731;90
107.994;0.000903173;90
88.1712;0.0037289;90
91.5862;0.00484085;90
89.1835;0.0029473;90
100.065;0.000984147;90
108.97;0.00271019;90
129.969;0.00270095;90
-170.15;0.00254857;90
-129.863;0.00231376;90
-157.348;0.00246408;90
-160.573;0.00372509;90
-164.892;0.00396712;90
-122.951;0.00608723;90
-128.385;0.00523563;90
-138.728;0.00486175;90
-127.778;0.00551749;90
-129.223;0.00572483;90
-130.014;0.00587424;90
-129.399;0.00581046;90
-131.129;0.0057194;90
-131.474;0.00606998;90
-123.979;0.00609596;90
-127.308;0.00578457;90
-136.319;0.00506918;90
-134.208;0.00511429;90
-120.231;0.00591084;90
-147.876;0.00425198;90
-174.492;0.0038548;90
179.373;0.00420425;90
-172.12;0.00412092;90
-141.11;0.00485642;90
-117.394;0.00636809;90
-112.964;0.00684335;90
-113.767;0.00689038;90
-114.444;0.00669401;90
-118.451;0.00627825;90
-124.601;0.0063818;90
-122.335;0.00591171;90
-113.54;0.00646499;90
-105.362;0.00711523;90
-99.3475;0.00746817;90
-96.9675;0.00717196;90
-99.7095;0.00678317;90
-104.064;0.00662559;90
-106.705;0.00680833;90
-104.254;0.00644543;90
-103.356;0.00610821;90
-103.155;0.00233323;90
-92.2582;0.00162426;90
130.828;0.00203124;90
124.075;0.00467096;90
124.569;0.00432329;90
132.421;0.00229476;90
119.026;0.00385406;90
124.552;0.00437098;90
123.804;0.00445037;90
126.491;0.00399529;90
138.687;0.000934608;90
-125.605;0.000996243;90
-109.321;0.00333376;90
-106.82;0.00332108;90
-106.377;0.00209604;90
-150.108;0.000678224;90
121.076;0.00148398;90
134.419;0.00132448;90
-131.803;0.00106515;90
-137.462;0.00164625;90
-142.834;0.00112062;90
166.624;0.00109367;90
-125.071;0.000955471;90
-131.084;0.00100432;90
129.6;0.000856572;90
25.5883;0.00427643;90
24.373;0.00140304;90
72.7321;0.00178548;90
19.5824;0.000647448;90
-62.0338;0.00250559;90
-61.1205;0.00270203;90
-64.6673;0.00243296;90
-53.6712;0.00205429;90
-50.4705;0.00178012;90
-54.5015;0.00187194;90
-52.2796;0.0027623;90
-36.0241;0.00127354;90
-75.467;0.00419627;90
-52.0977;0.00276405;90
-56.3401;0.00263594;90
-53.4342;0.00327825;90
-46.2323;0.00256456;90
-42.7705;0.00127234;90
-72.4842;0.000887133;90
-78.7382;0.00420395;90
-63.8113;0.00442527;90
-63.9931;0.00280058;90
-65.4555;0.00249879;90
-60.7038;0.00101364;90
-32.2592;0.000622013;90
-102.576;0.00287498;90
-113.647;0.00278483;90
-148.008;0.000926756;90
118.108;0.00197606;90
118.512;0.00152722;90
77.7316;0.00739795;90
116.171;0.00435999;90
113.788;0.00386757;90
94.7421;0.00198379;90
79.2642;0.00127227;90
66.8106;0.00327347;90
69.6145;0.00373492;90
69.1822;0.00146034;90
74.8468;0.00271231;90
76.0593;0.00567001;90
76.8109;0.0070212;90
74.5168;0.00711729;90
74.7284;0.00700848;90
79.2386;0.00784599;90
82.8732;0.00818121;90
80.6393;0.00787587;90
73.206;0.00735468;90
64.9303;0.00675209;90
55.5603;0.00595716;90
56.6713;0.00642106;90
63.0021;0.00669006;90
65.8079;0.00673992;90
66.8532;0.00697553;90
67.2998;0.00701978;90
56.8635;0.00579911;90
29.6593;0.00448225;90
4.04675;0.0035709;90
0.0167434;0.003422;90
11.1236;0.00295451;90
20.4135;0.00348058;90
49.9948;0.00510845;90
51.7715;0.0056852;90
43.1115;0.00504229;90
48.6092;0.00531313;90
56.1363;0.00594919;90
55.6531;0.00648348;90
48.1309;0.00537284;90
45.7472;0.00542256;90
49.8113;0.00536179;90
50.2049;0.00559649;90
52.1623;0.00579043;90
49.9117;0.00531859;90
35.5597;0.0042249;90
61.5044;0.00573474;90
51.4571;0.00436366;90
13.0548;0.00349739;90
16.1991;0.00341248;90
28.5494;0.00254438;90
40.0063;0.00160841;90
32.4912;0.00285012;90
-36.0892;0.00265685;90
-56.3864;0.00145415;90
-75.0394;0.00252561;90
-70.3415;0.000829338;90
-92.4858;0.00334315;90
-88.7294;0.00414902;90
-90.6254;0.00421425;90
-30.9518;0.000818563;90
90;0.001967;90
-57.2356;0.0174598;90
-46.5491;0.00240646;90
-41.7149;0.0033317;90
-43.6786;0.002269;90
-46.6688;0.00165109;90
-63.9912;0.000921303;90
97.9808;0.00678471;90
85.7428;0.00549616;90
90;0.001505;90
91.4801;0.00414238;90
97.5807;0.0073452;90
119.545;0.0013851;90
117.618;0.00228654;90
119.193;0.00197026;90
158.022;0.00283502;90
144.112;0.00199589;90
170.83;0.000451774;90
87.9088;0.00468612;90
22.7252;0.000794694;90
-41.9019;0.00134759;90
127.856;0.000801719;90
133.007;0.00105706;90
-102.197;0.00296289;90
-87.1121;0.00258028;90
-32.1629;0.00235193;90
-28.3291;0.00260044;90
-28.872;0.00118876;90
-76.6104;0.00184824;90
-55.9531;0.00280601;90
-79.9513;0.00350172;90
-87.0416;0.0042046;90
-88.612;0.00396316;90
-92.9391;0.003803;90
-95.7135;0.00390741;90
-109.558;0.00306484;90
-61.9275;0.001224;90
-41.4877;0.000946472;90
-53.9836;0.00115473;90
117.011;0.00367934;90
71.5583;0.0026775;90
85.5302;0.00333615;90
87.2549;0.00334083;90
89.8749;0.00366301;90
94.2047;0.00360069;90
93.36;0.00312237;90
110.315;0.0029985;90
119.677;0.00261155;90
129.835;0.00197164;90
150.176;0.00261193;90
151.369;0.00272978;90
165.176;0.00254056;90
-175.16;0.00161175;90
92.3667;0.00285744;90
145.227;0.00102749;90
137.296;0.000653184;90
30.5144;0.00107138;90
-49.2042;0.0010224;90
-99.1875;0.00253654;90
-40.8076;0.00132513;90
-7.2745;0.00237713;90
-23.7188;0.00245868;90
-30.3418;0.00241707;90
-29.5778;0.00238247;90
-68.133;0.00227143;90
-56.3498;0.0027882;90
-81.2404;0.00388734;90
-87.292;0.00402149;90
-88.5874;0.00389418;90
-84.5148;0.00139137;90
-97.4482;0.00191314;90
-94.6688;0.00416482;90
-110.261;0.00309555;90
-65.3862;0.00111645;90
-41.7237;0.00100219;90
-51.1373;0.00105824;90
163.359;0.00207073;90
-76.5339;0.00504572;90
-51.2779;0.00129328;90
-72.5042;0.00270095;90
-56.9803;0.00405375;90
-68.2614;0.00118529;90
-60.442;0.00190146;90
-74.3868;0.00144533;90
-70.3754;0.00263506;90
-63.9049;0.00288954;90
-49.633;0.00262629;90
-68.2232;0.00432893;90
119.413;0.0085604;90
110.989;0.0011921;90
110.767;0.00209833;90
104.646;0.00227802;90
119.94;0.00134442;90
124.441;0.00126954;90
119.651;0.0023589;90
118.072;0.002278;90
107.85;0.00458048;90
116.136;0.00125536;90
106.964;0.00257399;90
70.9879;0.00138135;90
-44.837;0.00124239;90
-52.6001;0.000973042;90
136.47;0.00821221;90
127.741;0.00142136;90
133.793;0.0044982;90
128.039;0.00122526;90
119.613;0.00226252;90
125.332;0.00161678;90
120.104;0.0041509;90
136.472;0.00189921;90
167.147;0.000786711;90
93.9209;0.00178418;90
89.5802;0.00518614;90
91.415;0.00526461;90
104.73;0.00238333;90
112.484;0.00227493;90
141.196;0.00273196;90
-148.696;0.00262518;90
-128.547;0.00182458;90
-157.108;0.00260411;90
-162.318;0.00329886;90
-165.84;0.0033601;90
-137.642;0.00378917;90
-113.783;0.00535364;90
-139.42;0.0038631;90
-136.916;0.00429242;90
-127.909;0.00471998;90
-129.585;0.00472831;90
-129.979;0.00475019;90
-130.022;0.00506005;90
-127.775;0.00468358;90
-131.468;0.00468287;90
-133.129;0.00439701;90
-126.119;0.00448379;90
-124.036;0.00496327;90
-130.254;0.00469218;90
-136.562;0.00456536;90
-134.786;0.00435934;90
-119.955;0.0052792;90
-137.784;0.00394536;90
-168.264;0.00326935;90
-178.044;0.00336996;90
-178.164;0.00333971;90
-172.657;0.00322344;90
-144.972;0.00420577;90
-121.389;0.0048556;90
-113.641;0.00570806;90
-112.321;0.00591631;90
-114.103;0.00590375;90
-114.416;0.00574805;90
-118.727;0.00540529;90
-123.393;0.00524005;90
-125.136;0.00532904;90
-116.907;0.00554644;90
-109.046;0.00617185;90
-103.287;0.00662227;90
-97.8496;0.0069047;90
-97.3117;0.00689103;90
-101.354;0.00682151;90
-105.035;0.00651501;90
-106.553;0.00637416;90
-103.754;0.00546779;90
-103.243;0.00481504;90
-102.004;0.00357722;90
-104.73;0.00220239;90
-112.406;0.00420549;90
-110.395;0.00375329;90
-105.854;0.00120067;90
148.063;0.00106053;90
144.229;0.000771542;90
132.312;0.00244221;90
124.796;0.00308942;90
126.633;0.00237142;90
125.092;0.00225609;90
113.56;0.00361756;90
111.154;0.00221957;90
132.318;0.00226664;90
127.479;0.00199351;90
126.658;0.00178881;90
126.438;0.00227966;90
117.757;0.00292452;90
129.338;0.0017274;90
142.655;0.000891831;90
124.343;0.00146062;90
141.919;0.00080418;90
-141.761;0.00114713;90
-128.253;0.00158286;90
-133.095;0.000999694;90
162.581;0.00115916;90
-152.797;0.00068249;90
-109.6;0.00143091;90
139.235;0.000871413;90
41.7817;0.00735561;90
-34.3451;0.000776354;90
-61.5446;0.00185739;90
-61.1534;0.0020333;90
-61.9748;0.00249224;90
-60.4251;0.00225707;90
-52.7885;0.00211324;90
-52.3219;0.00165897;90
-56.3701;0.00158533;90
-48.0314;0.00205915;90
-14.0362;0.000845237;90
-78.7398;0.00316492;90
-62.1777;0.00313885;90
-51.2332;0.00158907;90
-56.8599;0.00268709;90
-51.7473;0.0030995;90
-45.6795;0.00226573;90
-42.873;0.00100974;90
-42.1211;0.000858804;90
-91.52;0.00275197;90
-66.0404;0.00397447;90
-64.1556;0.0039823;90
-64.4074;0.00337292;90
-62.8247;0.00142759;90
-44.7846;0.000752367;90
-103.298;0.00289975;90
-113.902;0.00259888;90
-115.54;0.00242384;90
-121.031;0.00304942;90
-157.866;0.000671486;90
96.959;0.00274019;90
93.4125;0.00146159;90
-5.18583;0.00120594;90
-55.7279;0.000873698;90
46.5194;0.00266673;90
64.8114;0.00268092;90
90.8864;0.00297336;90
113.591;0.00360313;90
116.045;0.00383993;90
115.416;0.00363479;90
104.171;0.00350465;90
80.0947;0.00161609;90
66.9432;0.00307678;90
69.2956;0.00384107;90
76.0332;0.0028008;90
71.555;0.00359045;90
77.5527;0.00518692;90
76.9477;0.00550831;90
74.2814;0.00551837;90
73.7663;0.00554092;90
76.7067;0.00572335;90
80.4657;0.00589239;90
83.232;0.00644894;90
81.558;0.00587162;90
76.8145;0.00560271;90
71.3347;0.00534935;90
65.4242;0.00499884;90
57.898;0.00452365;90
54.1382;0.00447909;90
57.9551;0.00460813;90
62.3155;0.00482993;90
64.8619;0.00493877;90
65.6196;0.00499767;90
67.6962;0.005146;90
66.7379;0.0052084;90
64.8918;0.00489007;90
48.6944;0.00391773;90
27.1315;0.00352824;90
2.88231;0.003162;90
0.759208;0.00309427;90
9.69248;0.00298765;90
15.9576;0.00323361;90
39.3165;0.00357005;90
58.4618;0.00460171;90
46.6646;0.0040407;90
43.1584;0.0039385;90
44.8276;0.003759;90
55.3621;0.00424182;90
56.5618;0.00441712;90
55.4121;0.00449557;90
51.3317;0.00421888;90
45.4372;0.00389203;90
45.7053;0.00402091;90
51.3999;0.00419951;90
48.2404;0.00407804;90
51.2014;0.00418937;90
52.5431;0.00415842;90
51.1729;0.00406397;90
40.0159;0.00380093;90
42.7966;0.00382545;90
65.8464;0.00493177;90
41.2511;0.003969;90
14.3027;0.00312899;90
18.0057;0.00274335;90
23.3878;0.00218666;90
49.5514;0.00150594;90
32.7766;0.00191368;90
17.7242;0.00224349;90
-40.5632;0.00244969;90
-53.6228;0.00102344;90
-78.1318;0.0025965;90
-86.398;0.00237169;90
-88.4955;0.00361825;90
-88.7814;0.00413794;90
-90.145;0.00316201;90
16.1246;0.000658922;90
-45.9454;0.000642848;90
-46.541;0.00184056;90
-55.793;0.00261302;90
-60.5123;0.00439422;90
-57.555;0.00100841;90
-47.852;0.00233068;90
-41.0548;0.00135662;90
-34.0644;0.000764116;90
-47.2106;0.00914758;90
-42.396;0.00132295;90
-60.3575;0.00104127;90
134.913;0.00278883;90
127.06;0.000721804;90
62.0315;0.00188065;90
77.838;0.00291441;90
85.9539;0.00361401;90
88.7479;0.00352384;90
92.339;0.00355296;90
93.1432;0.00355635;90
97.9598;0.00347347;90
120.167;0.00254117;90
111.894;0.00194423;90
13.1561;0.00101052;90
30.5722;0.00223348;90
47.2015;0.00290836;90
-30.7049;0.00239123;90
-61.5939;0.00290928;90
-66.4936;0.00202832;90
-76.0425;0.00441124;90
-69.388;0.00419558;90
-73.4464;0.00471022;90
-63.8714;0.00446198;90
-51.1329;0.00388516;90
-56.3784;0.00440848;90
-65.1206;0.00526017;90
-65.1209;0.004849;90
-61.6312;0.00461753;90
-54.8979;0.00426583;90
-60.7259;0.00466473;90
-63.0316;0.00470123;90
-59.7968;0.0044964;90
-48.6233;0.00398332;90
-41.6725;0.0037887;90
-48.383;0.00402621;90
-46.8531;0.00380481;90
-43.7361;0.00314173;90
-48.4381;0.00325431;90
-62.6451;0.00421762;90
-76.6466;0.00569805;90
-88.5332;0.00593795;90
-86.1081;0.00646792;90
-80.4153;0.00577157;90
-58.3187;0.00442312;90
-40.4091;0.00342774;90
-41.5793;0.0023702;90
-45.0693;0.00233911;90
-58.145;0.00262425;90
-57.6229;0.00294124;90
-60.16;0.0041099;90
-54.7347;0.00352118;90
-65.0721;0.00392903;90
-59.1961;0.00393282;90
-46.4998;0.0032149;90
-52.8412;0.00352964;90
-39.9992;0.00310683;90
-55.1239;0.00348371;90
-68.8321;0.00520629;90
-67.236;0.00483025;90
-50.6534;0.00394789;90
-32.1861;0.00315955;90
-32.074;0.00336338;90
-31.8113;0.00322315;90
-33.7199;0.00319202;90
-53.1502;0.0040002;90
-66.4116;0.00480553;90
-51.4291;0.00332166;90
-31.873;0.00279904;90
-47.2967;0.00319374;90
-53.5791;0.00352191;90
-45.9346;0.0022977;90
-42.9705;0.00209647;90
-49.1328;0.0023842;90
-62.8213;0.00400861;90
-64.2538;0.00422436;90
-74.4565;0.00442587;90
-86.0816;0.00559007;90
-86.4353;0.00582226;90
-86.2304;0.0059168;90
-82.4221;0.00610431;90
-81.5698;0.00583201;90
-81.4521;0.0062838;90
-81.6582;0.00589335;90
-85.1884;0.00594897;90
-85.3985;0.00604549;90
-80.0651;0.00585987;90
-76.7248;0.00567875;90
-76.619;0.00555685;90
-69.8215;0.00518632;90
-65.1812;0.00522454;90
-65.2347;0.00485556;90
-66.197;0.00470523;90
-62.2259;0.00205585;90
-81.9318;0.00143925;90
-74.3264;0.00393845;90
-74.0833;0.00521805;90
-64.4583;0.00443215;90
-36.4505;0.00341509;90
-16.3381;0.00326692;90
-14.3425;0.00303974;90
-8.82101;0.00308448;90
-19.4848;0.00312391;90
-33.4838;0.00338952;90
-53.5648;0.00405952;90
-73.7523;0.0054934;90
-84.0154;0.00603288;90
-82.3223;0.00628737;90
-78.7278;0.00594977;90
-69.983;0.00533743;90
-50.9399;0.00435938;90
-54.5413;0.00421468;90
-49.3279;0.00403849;90
-46.3579;0.00396869;90
-57.9416;0.00447075;90
-35.384;0.00377167;90
-21.8384;0.00316406;90
-21.5853;0.00319937;90
-21.0073;0.00326929;90
-21.4424;0.00320052;90
-26.1796;0.00325713;90
-47.0887;0.00397729;90
-60.724;0.00507753;90
-60.5609;0.00460225;90
-59.8908;0.0047603;90
-59.5868;0.00460461;90
-65.1787;0.00502633;90
-74.0657;0.00569689;90
-73.9376;0.00551531;90
-74.5578;0.00561469;90
-78.9408;0.00600553;90
-80.244;0.00641477;90
-80.4883;0.00591228;90
-80.6365;0.0059067;90
-81.1107;0.00614784;90
-82.9847;0.00602611;90
-86.1384;0.00634039;90
-86.313;0.00629804;90
-85.5506;0.00614853;90
-87.8575;0.00652656;90
-91.998;0.00633885;90
-95.6142;0.00609222;90
-97.0428;0.00588037;90
-96.3893;0.0054096;90
-95.8388;0.00502306;90
-87.2547;0.00517794;90
-57.9255;0.00377762;90
-44.6726;0.00358863;90
-42.9824;0.0035349;90
-41.3692;0.00352847;90
-42.3596;0.00349965;90
-43.1443;0.00320983;90
-58.4564;0.00340631;90
-80.0642;0.00220812;90
-18.3276;0.00202576;90
-16.2445;0.00321016;90
1.06995;0.00305253;90
29.0979;0.00333948;90
50.0634;0.00402997;90
65.744;0.00499496;90
68.1594;0.00489214;90
62.1417;0.0032892;90
52.3524;0.0010609;90
11.694;0.00166761;90
-23.9313;0.00205354;90
-22.8364;0.00101778;90
-27.9667;0.00111524;90
-58.5175;0.00159123;90
-53.3108;0.00183941;90
-55.4294;0.00194917;90
-52.541;0.0019451;90
-52.1394;0.00209371;90
-61.3285;0.00427065;90
-69.7964;0.00452864;90
-72.7719;0.00551023;90
-77.3951;0.00563174;90
-74.9007;0.00573914;90
-71.5255;0.00550047;90
-68.8397;0.00552664;90
-63.7222;0.00508444;90
-69.2475;0.00580247;90
-74.9022;0.0056552;90
-56.0894;0.00468365;90
-65.3565;0.0048013;90
-78.8502;0.00554364;90
-90.8318;0.00599263;90
-95.3644;0.0118409;90
-95.7106;0.00643192;90
-100.325;0.00542891;90
-101.785;0.00470518;90
-107.029;0.00456201;90
-103.38;0.00468003;90
-102.509;0.0053879;90
-102.597;0.00568586;90
-95.2337;0.00594177;90
-86.4005;0.00662607;90
-80.9135;0.00604081;90
-85.5293;0.00586284;90
-95.7312;0.00579798;90
-100.366;0.00604669;90
-95.4916;0.00609196;90
-84.6183;0.00625859;90
-81.1179;0.00605562;90
-81.0996;0.00601746;90
-81.4499;0.00646384;90
-81.0579;0.0061376;90
-80.9508;0.00611005;90
-81.0513;0.00610734;90
-81.0665;0.0060919;90
-77.2267;0.00574415;90
-76.5694;0.00578213;90
-78.865;0.00558718;90
-82.2639;0.00283783;90
-81.975;0.00262167;90
-81.8015;0.0033169;90
-77.0975;0.00493972;90
-76.5645;0.00536688;90
-79.0884;0.00564201;90
-84.4278;0.00593203;90
-85.0071;0.00653781;90
-86.6214;0.00582012;90
-88.118;0.00569407;90
-90.6329;0.00416425;90
-88.335;0.00419877;90
-78.9862;0.00459055;90
-76.4008;0.00473783;90
-76.4207;0.00498742;90
-76.9293;0.00587214;90
-76.2199;0.00629313;90
-76.3853;0.00590081;90
-76.5073;0.00593172;90
-79.5402;0.00611969;90
-79.352;0.00621298;90
-79.2646;0.00608246;90
-79.3321;0.00605566;90
-79.1494;0.00650734;90
-73.8074;0.00582716;90
-58.6227;0.00477653;90
-53.3971;0.00442085;90
-53.6058;0.00445615;90
-53.8316;0.00436153;90
-52.9377;0.00452643;90
-53.434;0.00444986;90
-63.6186;0.00502313;90
-68.0308;0.00577106;90
-69.0553;0.00545225;90
-68.6657;0.0051703;90
-65.4947;0.00401902;90
-50.6021;0.0034914;90
-49.1198;0.00414375;90
-49.4993;0.00420043;90
-45.8848;0.00398361;90
-42.2476;0.00413781;90
-43.4733;0.00387491;90
-46.0402;0.00401208;90
-42.2926;0.00387715;90
-64.055;0.00508333;90
-75.971;0.00577526;90
-76.0176;0.00593897;90
-75.8108;0.0062703;90
-75.8897;0.00563192;90
-71.1602;0.00505692;90
-62.6875;0.00469659;90
-66.4272;0.00504608;90
-68.4207;0.00512523;90
-68.2615;0.00507599;90
-68.0818;0.00510069;90
-74.1241;0.00588549;90
-83.9293;0.00612736;90
-89.2648;0.00623451;90
-89.7616;0.00456704;90
-85.5809;0.00237506;90
-85.2628;0.00467397;90
-82.1989;0.0050245;90
-81.4309;0.00435562;90
-77.477;0.00213069;90
-94.6569;0.00338718;90
-88.8876;0.00412078;90
-87.5894;0.00145028;90
-89.6474;0.00130002;90
-88.0358;0.00110865;90
-85.8913;0.00159109;90
-91.0119;0.0019253;90
-95.5546;0.00197327;90
-88.984;0.00174827;90
-93.0603;0.00164835;90
-88.4792;0.0206853;90
-98.5661;0.003048;90
-91.4828;0.00324609;90
-47.6546;0.00145042;90
-25.5532;0.0023299;90
-17.2646;0.00798895;90
-40.2687;0.00291473;90
-45.4954;0.0032712;90
-45.989;0.00335926;90
-61.8634;0.00420718;90
-70.7448;0.00512468;90
-71.1498;0.00532352;90
-67.1241;0.00552559;90
-53.0448;0.0041634;90
-45.9198;0.00383231;90
-55.2738;0.0044325;90
-57.0798;0.00454119;90
-64.8339;0.0048725;90
-78.4538;0.00575547;90
-88.8429;0.00604123;90
-91.5962;0.00631845;90
-91.2085;0.00611636;90
-87.5821;0.00604438;90
-77.8107;0.0058018;90
-83.3542;0.00596206;90
-86.9773;0.00608747;90
-83.2441;0.0119943;90
-73.7999;0.00583884;90
-72.3133;0.0054244;90
-72.5864;0.00539317;90
-72.4237;0.00538122;90
-72.939;0.00544669;90
-77.3303;0.00551222;90
-72.1811;0.00549983;90
-66.7063;0.00506266;90
-67.5348;0.00524179;90
-66.7198;0.00497941;90
-72.081;0.00540835;90
-80.3075;0.0059337;90
-80.8293;0.00591055;90
-81.0708;0.00590152;90
-80.7198;0.00579181;90
-78.1953;0.00583644;90
-77.9441;0.00617622;90
-78.4184;0.00558369;90
-70.9768;0.00535971;90
-54.2483;0.00426341;90
-62.3051;0.00469487;90
-69.2185;0.00520568;90
-76.9349;0.0058525;90
-73.9809;0.00565665;90
-64.6815;0.00532444;90
-49.1795;0.00396823;90
-47.1949;0.00402498;90
-47.3455;0.00400841;90
-48.0954;0.00407251;90
-58.4709;0.00450154;90
-70.8993;0.00576965;90
-73.6573;0.00558673;90
-73.4585;0.00553195;90
-67.0274;0.00516025;90
-64.141;0.0048996;90
-65.3365;0.00505406;90
-70.7562;0.00555541;90
-75.8527;0.00588344;90
-78.4661;0.00637167;90
-78.8211;0.00626181;90
-82.2216;0.00645035;90
-85.0864;0.00663137;90
-84.3015;0.0065765;90
-82.3809;0.0065014;90
-90.2705;0.00656507;90
-87.9141;0.00651131;90
-70.967;0.00533252;90
-65.6817;0.00513349;90
-65.5868;0.00508572;90
-63.1548;0.00484741;90
-63.9699;0.00498128;90
-61.6835;0.00469704;90
-61.9393;0.004849;90
-62.1191;0.00508303;90
-59.3438;0.00460103;90
-59.8738;0.00411829;90
-74.8617;0.00469078;90
-69.6559;0.00436637;90
-69.5498;0.00443341;90
-64.0638;0.00411551;90
-62.8672;0.00410696;90
-62.8403;0.00495539;90
-63.3936;0.00495915;90
-62.9827;0.00492889;90
-60.6416;0.0047076;90
-50.3573;0.00414265;90
-63.0266;0.00489443;90
-44.9894;0.0038304;90
-44.2157;0.0038746;90
-43.3293;0.0040018;90
-39.3069;0.0027657;90
-39.5533;0.00241365;90
-50.7055;0.00239695;90
-52.5967;0.00255671;90
-58.3338;0.0030078;90
-44.0386;0.0028656;90
-39.0749;0.00278106;90
-39.1712;0.0033421;90
-33.4565;0.00292579;90
-40.4559;0.00324876;90
-65.1073;0.00445928;90
-58.1587;0.00399759;90
-52.3674;0.00371113;90
-58.7742;0.00423795;90
-61.7655;0.00445166;90
-64.1923;0.00412769;90
-52.2266;0.00341202;90
-46.3565;0.00325572;90
-38.1104;0.0025406;90
-37.3624;0.00230369;90
-37.7346;0.00214704;90
-48.1246;0.00239995;90
-51.0603;0.00239776;90
-36.6138;0.00214782;90
-56.4298;0.00238716;90
-61.097;0.00242278;90
-44.3215;0.00149281;90
-47.2063;0.00168982;90
-35.6299;0.00115527;90
-33.4386;0.00145361;90
-28.8741;0.00110999;90
-30.9945;0.0015982;90
-28.7682;0.00171007;90
-26.9043;0.00173701;90
-13.3898;0.00195617;90
-14.4365;0.00201358;90
-19.4805;0.002201;90
-4.93489;0.00227845;90
0.298932;0.00230003;90
-8.75515;0.00242425;90
13.9847;0.00242487;90
-3.36812;0.0020255;90
-10.4224;0.00187392;90
-62.8259;0.00315527;90
-62.1094;0.00402108;90
-62.8812;0.00393343;90
-62.5435;0.00442661;90
-62.4269;0.00477877;90
-62.7453;0.00509011;90
-71.2293;0.0057741;90
-74.5658;0.00583545;90
-80.7991;0.00619774;90
-78.6665;0.00619276;90
-79.004;0.00662157;90
-78.8836;0.00627065;90
-79.1672;0.00619337;90
-76.8046;0.00603227;90
-71.5587;0.00568072;90
-78.7901;0.00617786;90
-88.5895;0.00649997;90
-95.563;0.00637503;90
-112.628;0.00564015;90
-122.301;0.0046897;90
-96.7374;0.00630756;90
-92.5422;0.00647037;90
-87.9617;0.00666322;90
-86.312;0.00652952;90
-81.5384;0.00642898;90
-81.3273;0.00634657;90
-83.1341;0.00680077;90
-86.2613;0.00642568;90
-87.5262;0.00662618;90
-88.1152;0.00650652;90
-93.7217;0.00651674;90
-96.5491;0.00639171;90
-97.7341;0.00640527;90
-114.799;0.00512124;90
-142.189;0.00398334;90
-114.372;0.00513017;90
-94.337;0.00641336;90
-82.9655;0.00636088;90
-88.2412;0.00645104;90
-87.6847;0.00641123;90
-77.4061;0.00630162;90
-83.8465;0.0064743;90
-75.0698;0.00623344;90
-74.4962;0.00588099;90
-76.043;0.00596202;90
-73.079;0.00581683;90
-73.3574;0.00503491;90
-74.2578;0.00488004;90
-69.2534;0.00510396;90
-62.2056;0.00498176;90
-60.1691;0.00438042;90
-64.8987;0.00467446;90
-68.2825;0.00481583;90
-62.9762;0.00469232;90
-53.7826;0.00414487;90
-43.4108;0.0035185;90
-37.2521;0.00338828;90
-37.8695;0.00363435;90
-54.7702;0.00404606;90
-69.2794;0.00497158;90
-80.0043;0.00566905;90
-87.3625;0.00588924;90
-88.4923;0.00592905;90
-85.8274;0.00586856;90
-83.4589;0.00579372;90
-77.7804;0.00592934;90
-71.88;0.00535034;90
-78.7145;0.00551361;90
-84.3007;0.00607202;90
-82.1531;0.00583766;90
-74.2206;0.00550131;90
-69.7645;0.00531399;90
-73.9965;0.00568742;90
-77.8668;0.00571875;90
-82.0024;0.00580748;90
-83.1371;0.00610071;90
-83.9431;0.00607491;90
-83.9282;0.0059182;90
-77.8815;0.00573991;90
-73.9434;0.00544855;90
-71.8774;0.00556822;90
-85.4268;0.00597001;90
-85.7555;0.00598542;90
-70.629;0.00561379;90
-58.1127;0.00462849;90
-57.2083;0.00463454;90
-57.7249;0.00443646;90
-58.0041;0.00448422;90
-49.9898;0.00437377;90
-42.6793;0.00377197;90
-60.8037;0.00479292;90
-61.8391;0.00480136;90
-61.7348;0.0050195;90
-61.0278;0.00492996;90
-63.5914;0.00507679;90
-60.7664;0.00485082;90
-59.9228;0.00517593;90
-42.7366;0.00392114;90
-40.5543;0.00383132;90
-29.5599;0.00353513;90
-31.515;0.0035296;90
-39.4649;0.00379009;90
-43.0756;0.00397972;90
-52.9552;0.00438882;90
-49.1559;0.00447857;90
-48.8115;0.00415921;90
-58.539;0.00440682;90
-44.3837;0.00374718;90
-42.7111;0.00371811;90
-52.5162;0.00416244;90
-49.6409;0.00402887;90
-33.3497;0.00336154;90
-32.8895;0.00359287;90
-27.1296;0.00331357;90
-24.3668;0.00313638;90
-53.5019;0.00409889;90
-51.8884;0.00422719;90
-53.0079;0.00412661;90
-28.6289;0.00322874;90
-27.0042;0.0034423;90
-31.5832;0.00339484;90
-17.7964;0.00312136;90
-29.1725;0.00330296;90
-55.8542;0.00425441;90
-62.3349;0.00468229;90
-65.6542;0.00497764;90
-47.656;0.00389115;90
-43.1567;0.00367108;90
-18.1898;0.00310412;90
-47.0552;0.00400268;90
-65;0.00492879;90
-67.5901;0.00512288;90
-67.6573;0.00524798;90
-61.4702;0.00476115;90
-42.1901;0.00400987;90
-27.5528;0.00360597;90
-5.33454;0.00351723;90
-1.27969;0.00286571;90
9.75678;0.000607791;90
-8.19584;0.000862812;90
11.0292;0.00268153;90
4.49129;0.00284774;90
-17.0704;0.00351903;90
-30.0016;0.00362582;90
-38.9871;0.00377338;90
-29.9187;0.00351665;90
-54.0395;0.00441056;90
-75.8794;0.00592709;90
-74.286;0.00605532;90
-58.006;0.00478833;90
-57.8851;0.00504496;90
-75.8042;0.00565983;90
-78.8581;0.00535086;90
-64.9293;0.00521315;90
-62.5832;0.00490379;90
-58.0962;0.0046623;90
-34.3265;0.00369564;90
-15.8933;0.00317331;90
-40.0006;0.00413818;90
-56.8824;0.00463614;90
-31.9685;0.00329585;90
-47.4433;0.00364916;90
-65.927;0.00484433;90
-62.2199;0.00457647;90
-36.32;0.00316735;90
-45.0978;0.00372858;90
-56.9687;0.00453497;90
-46.579;0.00369533;90
-55.5396;0.00410543;90
-61.5974;0.0045326;90
-60.8844;0.00456252;90
-56.3788;0.00415388;90
-43.6472;0.0035641;90
-42.9009;0.00355206;90
-54.2444;0.00443244;90
-45.25;0.00356527;90
-25.4222;0.0031168;90
-25.9997;0.0030819;90
-47.5663;0.00375851;90
-50.1714;0.00413431;90
-41.6222;0.0037804;90
-38.0449;0.00360876;90
-59.1636;0.00509181;90
-68.9425;0.00514884;90
-71.4156;0.00545653;90
-74.7397;0.00581297;90
-77.1543;0.00588324;90
-77.4722;0.00603468;90
-68.0015;0.00523515;90
-52.8124;0.00432807;90
-39.6216;0.00390771;90
-39.3584;0.00374033;90
-38.0121;0.00359191;90
-35.7921;0.00350862;90
-32.6824;0.00351679;90
1.11295;0.00303757;90
-22.9937;0.00319484;90
-46.6867;0.00420416;90
-60.4222;0.00472239;90
-46.9439;0.00404415;90
-38.6598;0.00354733;90
-45.1351;0.00389829;90
-57.0265;0.00447955;90
-75.1416;0.00571303;90
-68.7648;0.00522368;90
-60.0891;0.0047508;90
-52.9707;0.00452822;90
-51.5664;0.00419236;90
-53.9218;0.00431321;90
-64.6817;0.00507663;90
-75.5698;0.00589084;90
-70.469;0.00527343;90
-59.7286;0.00468363;90
-47.084;0.0040445;90
-39.1982;0.00388921;90
-17.8815;0.00314282;90
-43.1228;0.0037992;90
-29.5916;0.00343044;90
-29.9124;0.00339298;90
-22.3207;0.00319651;90
-25.2132;0.00327944;90
-20.4076;0.00325212;90
-19.7187;0.00338765;90
-20.4402;0.00300949;90
-38.9039;0.00296967;90
-82.9378;0.00509163;90
-79.4285;0.00482388;90
-66.1178;0.0033345;90
-82.8333;0.00391962;90
-79.6882;0.00370382;90
-81.7952;0.00358065;90
-73.1838;0.00295538;90
-84.999;0.00429033;90
-91.2479;0.00440805;90
-91.5329;0.00456063;90
-88.4143;0.00498691;90
-88.1268;0.00547593;90
-92.0858;0.0061821;90
-91.2274;0.00658251;90
-91.2046;0.00656445;90
-91.0654;0.00656113;90
-94.8665;0.00610601;90
-99.3359;0.00491916;90
-97.7008;0.00520898;90
-89.6025;0.00605415;90
-80.4936;0.00598215;90
-76.3382;0.00586391;90
-76.6047;0.00561578;90
-77.5236;0.00557772;90
-77.1548;0.00557758;90
-72.025;0.00527864;90
-57.838;0.00430573;90
-60.6429;0.00465476;90
-65.9661;0.00497205;90
-66.3921;0.00549597;90
-52.3533;0.00420439;90
-39.6228;0.00377275;90
-52.2199;0.00412972;90
-54.6293;0.0043879;90
-38.2041;0.00357337;90
-54.9045;0.0041726;90
-47.6297;0.00339061;90
-46.2556;0.00361418;90
-47.3485;0.00369278;90
-56.7032;0.00416229;90
-50.4489;0.00380517;90
-30.9575;0.00315317;90
-40.2817;0.00363624;90
-44.7316;0.00377387;90
-58.8225;0.0046437;90
-66.3548;0.00560998;90
-46.5725;0.00404547;90
-33.1758;0.003368;90
-48.9551;0.00409045;90
5.05759;0.00299466;90
18.8494;0.00314781;90
-26.1761;0.0032938;90
-47.7778;0.0039687;90
-48.0846;0.00427075;90
-50.2612;0.00406389;90
-55.1402;0.00457862;90
-45.0319;0.0038106;90
-49.9451;0.00406047;90
-57.5111;0.0047232;90
-56.0796;0.00441545;90
-49.8273;0.00401647;90
-47.6235;0.00412463;90
-54.196;0.00437596;90
-42.9053;0.00352092;90
-46.9238;0.0037703;90
-54.5406;0.00416806;90
-52.7358;0.00398189;90
-50.5506;0.00383068;90
-39.3235;0.00354585;90
-39.2108;0.0035892;90
-39.5069;0.003782;90
-46.2988;0.00383704;90
-66.9022;0.00499871;90
-66.9451;0.00502538;90
-71.2461;0.00534054;90
-74.3081;0.00555711;90
-80.5836;0.00594714;90
-71.498;0.00567218;90
-87.0612;0.00565644;90
-89.4964;0.00568822;90
-79.1937;0.00597903;90
-78.8023;0.00520611;90
-75.7989;0.00480586;90
-73.6065;0.00486477;90
-80.6202;0.00559582;90
-82.9734;0.00613911;90
-82.0237;0.00558503;90
-79.3427;0.00542355;90
-70.7693;0.00478182;90
-64.8541;0.00469495;90
-76.167;0.00526572;90
-83.1596;0.00564216;90
-72.4117;0.0051361;90
-87.7339;0.00579153;90
-80.6967;0.00604349;90
-74.2368;0.00505407;90
-68.7139;0.00466634;90
-75.7671;0.00508818;90
-79.3347;0.00531685;90
-81.0414;0.00529155;90
-71.0628;0.00468984;90
-77.9918;0.00513333;90
-81.0239;0.00521081;90
-73.4039;0.0034591;90
-78.1198;0.00313311;90
-75.1695;0.00321924;90
-88.7883;0.00340476;90
-93.7475;0.00286112;90
-92.3396;0.00205772;90
-18.9855;0.0016783;90
58.2094;0.00268595;90
55.5493;0.00321727;90
82.8765;0.00476579;90
52.8791;0.00333223;90
38.5896;0.00293232;90
50.8397;0.00355824;90
66.8175;0.00421428;90
83.0038;0.00529543;90
77.6512;0.00524638;90
77.7859;0.00456125;90
78.1747;0.00484073;90
65.4597;0.00354414;90
47.4611;0.00321111;90
55.4167;0.00343373;90
48.2726;0.00329483;90
50.3439;0.00328749;90
52.2845;0.0036862;90
59.1298;0.00336;90
75.3624;0.0037435;90
78.0575;0.0038902;90
41.3933;0.00283262;90
73.4517;0.00458178;90
75.92;0.00476413;90
58.8919;0.00374331;90
50.4565;0.00333143;90
63.9819;0.00229565;90
113.554;0.00292031;90
124.065;0.00326171;90
124.617;0.00337801;90
124.782;0.0034639;90
119.002;0.00340727;90
102.644;0.00362285;90
96.4609;0.00403462;90
94.6538;0.00277314;90
95.6743;0.00204301;90
98.9149;0.00160033;90
92.0342;0.00109869;90
-83.9014;0.0044522;90
-83.1305;0.00127918;90
-76.5138;0.000934775;90
92.7583;0.0262454;90
-47.1705;0.000970847;90
-69.6748;0.000987484;90
-57.0217;0.00131724;90
-69.5655;0.00126885;90
-66.1012;0.000913304;90
-60.7058;0.00127735;90
-73.5656;0.00151281;90
-86.552;0.00119717;90
-109.422;0.00156082;90
-106.56;0.000908692;90
-105.66;0.00112994;90
-142.981;0.000921803;90
-119.789;0.00112115;90
-158.776;0.000331483;90
-86.2967;0.00247717;90
-94.1333;0.00154001;90
-81.9286;0.00179478;90
-43.5013;0.000973312;90
128.714;0.000329371;90
-90;0.006338;90
85.003;0.0140062;90
-173.044;0.000883503;90
175.159;0.00111397;90
116.745;0.00184879;90
116.946;0.00107691;90
121.975;0.00100085;90
165.485;0.000638376;90
114.435;0.00110717;90
104.919;0.00152646;90
120.229;0.00120368;90
128.46;0.00107401;90
109.721;0.00102832;90
121.876;0.00131419;90
-142.194;0.000869516;90
149.94;0.00063085;90
136.298;0.00268487;90
92.6666;0.00296621;90
89.158;0.00156517;90
61.5516;0.000762016;90
80.3354;0.00176911;90
88.2446;0.0015017;90
94.3014;0.0019866;90
93.0724;0.00121274;90
100.444;0.0012192;90
126.321;0.000688832;90
94.0519;0.00193885;90
154.047;0.000628371;90
112.351;0.00116232;90
97.009;0.0011637;90
88.6913;0.0015324;90
101.064;0.00168838;90
31.2871;0.00112453;90
139.673;0.000815885;90
85.2336;0.00169687;90
-6.20533;0.000656849;90
18.5902;0.000583442;90
-42.1467;0.00154836;90
15.7712;0.00112952;90
-31.7977;0.000789492;90
-23.0952;0.000945802;90
-31.3845;0.00114444;90
-2.64881;0.000843902;90
-64.6079;0.0012453;90
-61.1236;0.00202932;90
-43.535;0.00163183;90
-30.5289;0.00151386;90
-74.3212;0.00132843;90
-70.1434;0.00209028;90
-82.3195;0.00127948;90
-70.3886;0.000908714;90
-60.1486;0.0018021;90
-70.0547;0.00116381;90
-66.1148;0.00112866;90
-46.0393;0.00124754;90
-38.2804;0.000966893;90
-56.2837;0.00121063;90
-67.015;0.00214858;90
-71.5102;0.00198338;90
-55.9875;0.000690058;90
-70.9976;0.00153251;90
-82.9005;0.00139167;90
-83.543;0.001734;90
-90.4968;0.00138405;90
-79.3649;0.00136546;90
-82.5784;0.00100643;90
-84.5268;0.00132102;90
-108.609;0.00104039;90
-161.834;0.000606215;90
121.852;0.00110664;90
-126.349;0.00110005;90
-98.65;0.00144949;90
-143.026;0.0013268;90
-162.861;0.000811015;90
156.975;0.000521552;90
-159.141;0.000575733;90
177.576;0.000496444;90
171.72;0.000486067;90
-177.776;0.000721543;90
148.525;0.00101891;90
-128.989;0.00220131;90
-83.8201;0.00236877;90
-100.393;0.000992279;90
-91.4156;0.00121437;90
-99.8329;0.00111843;90
-64.2003;0.000937443;90
-75.7607;0.00164246;90
-82.3332;0.0022037;90
-105.967;0.0014541;90
-98.7658;0.00155516;90
100.042;0.00728358;90
-80.8705;0.00317016;90
-85.2045;0.00223683;90
-85.015;0.00277349;90
-84.0822;0.00354992;90
-75.8203;0.00348622;90
-59.868;0.00357972;90
-56.0721;0.00360836;90
-54.7751;0.00378996;90
-58.8088;0.00349877;90
-67.1974;0.00188101;90
-114.737;0.00135977;90
-126.955;0.0029558;90
-128.925;0.00286644;90
-110.524;0.0038077;90
-104.931;0.004176;90
-108.482;0.00386114;90
-141.725;0.00246354;90
-101.022;0.00429421;90
-107.744;0.00390475;90
-122.17;0.00350278;90
-128.702;0.00342895;90
-129.254;0.00329825;90
-131.707;0.00309021;90
-123.994;0.00350021;90
-132.458;0.00304568;90
-112.374;0.00367788;90
-102.776;0.00443171;90
-102.422;0.00514137;90
-102.4;0.00483377;90
-97.4276;0.00516736;90
-111.812;0.00419857;90
-129.148;0.00342611;90
-140.603;0.00307079;90
-135.454;0.00267578;90
-96.7318;0.00442752;90
-111.835;0.00283111;90
-129.576;0.00239367;90
-128.21;0.00194973;90
156.634;0.00144228;90
88.6986;0.00255366;90
85.4211;0.00229232;90
87.9302;0.00285186;90
105.205;0.00279483;90
99.4429;0.003395;90
114.426;0.00295993;90
94.2449;0.0044853;90
106.786;0.00438378;90
98.8609;0.00493389;90
112.306;0.00429976;90
95.8935;0.0055805;90
104.357;0.00507344;90
105.385;0.00480208;90
110.701;0.00463098;90
102;0.0051751;90
99.5961;0.00556081;90
92.5164;0.00564845;90
108.082;0.00492629;90
96.014;0.00601309;90
108.09;0.00498858;90
113.793;0.00467975;90
107.371;0.00517501;90
100.064;0.00560829;90
97.3576;0.00602057;90
96.696;0.00604624;90
101.983;0.00580858;90
107.334;0.00569568;90
100.79;0.00572624;90
101.139;0.00590626;90
93.7548;0.00610811;90
90.0761;0.00602601;90
110.163;0.00498127;90
99.7896;0.00569898;90
103.059;0.00605869;90
110.47;0.00537863;90
111.197;0.00505287;90
113.134;0.00486412;90
124.258;0.00428305;90
140.881;0.00333317;90
140.968;0.00259785;90
138.808;0.00183121;90
143.934;0.00313731;90
133.986;0.00347739;90
125.997;0.00404427;90
124.786;0.0037843;90
125.938;0.00386091;90
142.259;0.00251269;90
137.962;0.00224453;90
121.397;0.00337639;90
137.905;0.00327882;90
126.655;0.00383423;90
135.909;0.00316612;90
119.63;0.00406562;90
123.223;0.0041504;90
129.963;0.00395456;90
135.138;0.00382758;90
124.502;0.00432349;90
128.768;0.00422092;90
131.803;0.00376555;90
132.235;0.00389928;90
140.253;0.00348299;90
-165.69;0.00304652;90
-163.768;0.00305164;90
143.155;0.0032752;90
137.541;0.00379524;90
143.912;0.00347352;90
121.676;0.00440288;90
111.209;0.00518842;90
129.373;0.00405287;90
136.287;0.00368425;90
146.133;0.00332156;90
143.267;0.00308821;90
125.251;0.00407162;90
123.865;0.00389596;90
135.056;0.0036211;90
132.928;0.00365743;90
132.354;0.00356833;90
124.455;0.00380198;90
143.724;0.00345459;90
122.667;0.00445939;90
131.846;0.00425403;90
140.381;0.00366482;90
123.426;0.00468727;90
113.227;0.00525383;90
113.313;0.00519515;90
121.811;0.00440697;90
118.105;0.00487594;90
105.735;0.00579308;90
102.682;0.00625868;90
102.713;0.00589349;90
102.746;0.00613722;90
103.595;0.00551761;90
102.817;0.00213213;90
-114.732;0.00120228;90
-112.829;0.00313671;90
-117.94;0.00400595;90
-116.919;0.00398475;90
-93.0876;0.00382455;90
-97.4929;0.00409497;90
-104.328;0.00171329;90
-126.477;0.0044659;90
-122.501;0.00411676;90
-109.113;0.00534779;90
-114.315;0.0050686;90
-111.201;0.00524284;90
-108.999;0.00559055;90
-104.304;0.00591333;90
-113.067;0.00524754;90
-109.767;0.0058752;90
-129.677;0.00417721;90
-140.112;0.00373778;90
-139.979;0.00746268;90
-149.436;0.00346899;90
-143.718;0.00331217;90
-111.081;0.0057273;90
-97.5066;0.00653702;90
-118.026;0.00459483;90
-96.3084;0.00597921;90
-100.291;0.0320293;90
-75.3593;0.00606906;90
-76.4941;0.00589605;90
-76.3944;0.0059047;90
-80.4305;0.0062378;90
-88.8802;0.00644723;90
-90.3625;0.00663813;90
-89.9341;0.006955;90
-91.2174;0.00649547;90
-88.442;0.00647339;90
-87.0606;0.0066107;90
-87.3372;0.00600548;90
-87.0822;0.00681684;90
-83.2911;0.00698483;90
-82.5854;0.00677263;90
-78.527;0.00675191;90
-76.6618;0.0063503;90
-77.0895;0.00638234;90
-79.4117;0.00672653;90
-79.9525;0.00671194;90
-83.4723;0.00600795;90
-120.931;0.00414787;90
-125.765;0.00424319;90
-92.6909;0.00568727;90
-85.8117;0.00616145;90
-90.2775;0.00619507;90
-87.9106;0.00628118;90
-87.6403;0.00609617;90
-85.1606;0.00565416;90
-74.3929;0.00421127;90
-82.085;0.00523588;90
-82.8276;0.00464535;90
-125.759;0.00225882;90
-164.645;0.00250751;90
179.913;0.002629;90
-154.731;0.00270812;90
137.097;0.00301429;90
140.563;0.00344285;90
136.973;0.00351287;90
158.083;0.00257727;90
-167.17;0.00268401;90
-110.256;0.00367105;90
-107.397;0.00359547;90
-90.5361;0.00406118;90
-76.2754;0.00414742;90
-76.1961;0.00484493;90
-76.1357;0.00396038;90
-77.1153;0.00343961;90
-76.2876;0.00321874;90
-55.0286;0.00136435;90
107.029;0.00769645;90
103.803;0.00487889;90
103.606;0.00394059;90
103.311;0.00392648;90
92.0356;0.00439177;90
73.3948;0.0032683;90
72.0525;0.00163559;90
66.4067;0.00245851;90
16.8342;0.00199238;90
-8.51508;0.0021679;90
-39.9094;0.00268558;90
-39.1109;0.00293585;90
-40.8941;0.00299238;90
-35.5924;0.00255664;90
24.5502;0.00227683;90
3.49865;0.00239246;90
7.93788;0.00236062;90
46.041;0.00241305;90
100.722;0.00284874;90
94.9714;0.00448889;90
96.7521;0.00396349;90
113.009;0.00174481;90
103.038;0.00109934;90
95.8764;0.0062217;90
91.08;0.00668519;90
93.3231;0.00659008;90
89.0726;0.0068579;90
94.876;0.00677652;90
71.9043;0.00582091;90
48.9325;0.00427888;90
90.5545;0.0063033;90
100.445;0.00656377;90
100.237;0.00658889;90
102.299;0.00639375;90
103.728;0.0063504;90
102.43;0.00671336;90
97.5063;0.0068971;90
97.1822;0.0068306;90
95.4135;0.0067943;90
90.736;0.00653954;90
92.3765;0.00653562;90
92.4692;0.00673125;90
89.2105;0.00667663;90
89.8258;0.00756403;90
89.3025;0.00690051;90
91.7534;0.0072554;90
101.462;0.00642616;90
103.419;0.00682535;90
103.599;0.00673274;90
99.2653;0.00535385;90
49.6852;0.00377442;90
84.458;0.0124773;90
81.7134;0.0166246;90
79.5591;0.00429308;90
61.3714;0.00352722;90
83.696;0.00541877;90
71.9323;0.00473656;90
63.3112;0.00434827;90
8.43936;0.00254152;90
38.2982;0.00294471;90
40.2666;0.00323048;90
40.3671;0.00344922;90
39.2957;0.00319426;90
42.4008;0.00327444;90
57.5166;0.00143561;90
69.6584;0.00334564;90
68.9183;0.00409509;90
63.9104;0.00377238;90
79.0908;0.00465513;90
69.5771;0.00433018;90
72.3205;0.00506103;90
66.3094;0.0049851;90
67.1499;0.00522504;90
70.0754;0.00493862;90
50.8591;0.003311;90
52.7248;0.00325108;90
60.8417;0.000751194;90
78.8479;0.00185095;90
84.189;0.00448404;90
83.1388;0.00431087;90
59.0925;0.00349068;90
61.9506;0.00379812;90
67.1828;0.00355087;90
81.3897;0.00160307;90
90;0.005583;90
82.3567;0.00599224;90
81.1018;0.00584434;90
86.7344;0.00630223;90
89.0182;0.00624492;90
88.9519;0.00645108;90
88.8207;0.00646237;90
87.7062;0.00582166;90
92.6729;0.00499644;90
91.8143;0.00432717;90
88.1658;0.00453032;90
88.3094;0.00399974;90
94.0867;0.00369038;90
103.212;0.0033209;90
100.918;0.00338426;90
99.4564;0.00320151;90
96.4411;0.00401132;90
111.096;0.00335057;90
104.411;0.00389351;90
95.357;0.00469149;90
111.688;0.00412932;90
159.362;0.00278043;90
160.173;0.00342291;90
158.624;0.00327316;90
160.712;0.00318793;90
153.021;0.0033439;90
156.322;0.00323209;90
149.774;0.00335513;90
144.923;0.00363158;90
146.569;0.00337788;90
149.532;0.00360709;90
139.956;0.0037163;90
123.963;0.00448758;90
116.703;0.00500031;90
102.879;0.00580094;90
109.572;0.00535226;90
124.065;0.00482738;90
127.35;0.00434495;90
129.254;0.00408213;90
120.941;0.00469512;90
117.599;0.00478552;90
104.759;0.00575073;90
111.976;0.00524833;90
130.002;0.00410694;90
141.33;0.00359137;90
142.039;0.00380249;90
121.573;0.00462575;90
123.483;0.00452971;90
142.783;0.00353486;90
175.354;0.0030741;90
164.842;0.00309777;90
144.223;0.00350304;90
142.861;0.00366044;90
141.754;0.0038237;90
140.535;0.00370981;90
137.714;0.00383753;90
117.044;0.00486496;90
107.123;0.00566196;90
101.165;0.00602706;90
104.286;0.00584371;90
107.299;0.00597946;90
109.412;0.00545193;90
117.14;0.00485788;90
128.391;0.00409164;90
142.723;0.00366209;90
133.978;0.00392295;90
129.221;0.00419253;90
143.784;0.00380145;90
157.26;0.00319755;90
142.414;0.00364948;90
125.145;0.0044124;90
133.451;0.00394922;90
139.058;0.00368691;90
125.115;0.00434964;90
118.476;0.00488047;90
118.207;0.00519831;90
127.494;0.00416805;90
131.536;0.00401451;90
122.022;0.0046129;90
145.689;0.00345404;90
128.38;0.00396858;90
115.716;0.00474054;90
116.754;0.00487152;90
154.267;0.0035101;90
126.424;0.00434353;90
127.9;0.00413647;90
155.383;0.00339452;90
159.937;0.00313951;90
135.437;0.00380081;90
118.568;0.00487448;90
117.161;0.00507123;90
109.881;0.00537537;90
99.4533;0.00626508;90
114.786;0.00501389;90
123.169;0.00445609;90
117.055;0.00486318;90
102.788;0.00593213;90
107.416;0.00558294;90
134.577;0.00383121;90
151.366;0.00362882;90
137.672;0.00371564;90
154.374;0.00332951;90
165.839;0.00313114;90
-175.677;0.00303764;90
-170.902;0.00309898;90
178.259;0.00309443;90
177.297;0.00322359;90
160.258;0.00322984;90
138.112;0.00375178;90
127.821;0.00413077;90
112.322;0.00537369;90
112.393;0.00517635;90
112.611;0.00520723;90
124.019;0.00443989;90
159.002;0.00341583;90
141.225;0.00366462;90
133.98;0.00393284;90
117.387;0.00480223;90
115.964;0.00498402;90
120.89;0.00452482;90
150.076;0.0034199;90
164.166;0.00304556;90
147.996;0.00376055;90
152.179;0.00334686;90
153.541;0.00337557;90
125.592;0.00425246;90
127.542;0.00419469;90
128.234;0.00430942;90
159.297;0.00313976;90
150.525;0.00337366;90
147.155;0.00381842;90
143.827;0.00350206;90
128.053;0.00411588;90
129.395;0.00421329;90
141.53;0.00371805;90
127.115;0.00416464;90
124.294;0.00447612;90
135.068;0.0041486;90
127.599;0.00422694;90
128.973;0.00414819;90
137.768;0.0037924;90
140.374;0.0037145;90
149.417;0.00337671;90
150.333;0.00338007;90
139.481;0.00378327;90
137.072;0.00404801;90
119.419;0.00470695;90
119.122;0.00481234;90
115.674;0.0048864;90
118.76;0.00471799;90
118.436;0.00480698;90
118.486;0.00487066;90
118.467;0.00477082;90
133.971;0.00417543;90
132.616;0.00394341;90
122.238;0.00454223;90
123.992;0.00457717;90
120.846;0.00458331;90
123.141;0.00445944;90
110.991;0.00534577;90
97.3458;0.00608494;90
93.2761;0.00673701;90
107.818;0.00552292;90
106.307;0.00581596;90
101.346;0.00593193;90
96.3545;0.00617091;90
96.6283;0.00628098;90
96.5837;0.00618378;90
99.2958;0.00616597;90
102.541;0.00625421;90
107.314;0.00562487;90
109.231;0.00532832;90
104.496;0.00583681;90
96.0163;0.00619211;90
96.7914;0.0061562;90
105.252;0.00567176;90
106.127;0.00563058;90
100.148;0.0064306;90
92.9578;0.00635647;90
93.1054;0.00640541;90
91.626;0.0062025;90
98.1488;0.0060814;90
109.437;0.00540927;90
125.161;0.00433253;90
141.797;0.0036802;90
143.422;0.00381425;90
134.698;0.00389409;90
123.476;0.00430755;90
115.195;0.00512564;90
111.644;0.00528677;90
117.386;0.00474363;90
120.579;0.00462525;90
114.686;0.00495153;90
108.402;0.00492904;90
105.203;0.00465595;90
107.919;0.00519394;90
105.648;0.00581345;90
103.743;0.00582991;90
107.103;0.00552536;90
102.588;0.0058824;90
96.5069;0.00653006;90
102.3;0.00598028;90
91.3166;0.00648471;90
92.4639;0.00621074;90
96.7353;0.00630954;90
84.8244;0.0063519;90
63.8948;0.00495886;90
37.1113;0.00379703;90
65.7187;0.00551047;90
82.6958;0.00642615;90
83.6407;0.00660866;90
86.7457;0.00665874;90
92.2167;0.00672203;90
93.4018;0.00667376;90
93.6592;0.00664354;90
97.6371;0.006426;90
98.4987;0.00696953;90
97.8131;0.00656898;90
92.7886;0.00674198;90
90.8512;0.00666374;90
87.1282;0.00670642;90
76.3305;0.0059876;90
52.9737;0.00454182;90
76.0883;0.00613908;90
87.4353;0.0070841;90
95.0679;0.00647531;90
106.259;0.00599684;90
107.211;0.00538722;90
101.141;0.00586351;90
100.903;0.00607465;90
100.814;0.00572975;90
101.142;0.00541302;90
101.229;0.00558186;90
99.079;0.00582396;90
105.561;0.00563246;90
107.085;0.00549029;90
116.863;0.0050746;90
117.111;0.00493075;90
117.759;0.00474284;90
117.084;0.00498351;90
118.18;0.00398312;90
118.627;0.00312044;90
172.476;0.00192457;90
-179.55;0.00216607;90
-165.088;0.00245984;90
166.597;0.00250215;90
-171.434;0.00251101;90
157.046;0.00258466;90
177.53;0.00218103;90
158.32;0.00201127;90
162.928;0.0017679;90
151.607;0.00168238;90
153.255;0.00142215;90
147.892;0.00130571;90
149.916;0.0010274;90
144.263;0.00086977;90
130.002;0.0079697;90
128.43;0.00171183;90
144.003;0.00150918;90
130.799;0.00175693;90
-121.306;0.0013799;90
-111.073;0.00372405;90
-110.264;0.00344737;90
-115.734;0.00351457;90
-125.05;0.00300372;90
-171.87;0.000777817;90
150.801;0.00231633;90
-177.217;0.00210048;90
-164.478;0.00180483;90
-158.98;0.00231398;90
-158.055;0.00222092;90
-149.787;0.00238266;90
-150.562;0.00265934;90
-138.641;0.00315086;90
-150.658;0.00253868;90
-171.873;0.00241222;90
-174.808;0.00250829;90
-174.577;0.00274027;90
-175.117;0.00258438;90
-174.178;0.00255317;90
-151.732;0.00269431;90
-151.422;0.00277623;90
-141.382;0.0030026;90
-130.906;0.00327873;90
-133.62;0.00322959;90
-150.109;0.00292165;90
-133.914;0.0032455;90
-126.697;0.00345222;90
-122.9;0.00368023;90
-133.124;0.00250592;90
-147.396;0.00139005;90
-147.199;0.00203794;90
-146.335;0.002558;90
-123.911;0.00373898;90
-102.101;0.00486101;90
-100.605;0.00497192;90
-105.602;0.00497845;90
-109.239;0.00452788;90
-136.132;0.00314865;90
-157.908;0.00259773;90
-126.338;0.00284532;90
-103.581;0.0048887;90
-99.2712;0.00487873;90
-107.274;0.00335428;90
-147.458;0.00254686;90
-140.37;0.00208522;90
-107.962;0.0027595;90
-92.4708;0.00371145;90
-75.1638;0.00418657;90
-74.4521;0.00399935;90
-82.5681;0.00495563;90
-87.3596;0.00453682;90
-102.275;0.00491537;90
-99.3234;0.00515409;90
-120.955;0.00352275;90
-138.662;0.00346553;90
-127.892;0.00385721;90
-150.575;0.00309186;90
-116.383;0.00380312;90
-178.016;0.000866519;90
46.3692;0.0112448;90
42.4204;0.00160251;90
42.3884;0.00346064;90
79.472;0.00599289;90
77.91;0.00593463;90
92.6932;0.00617182;90
101.303;0.00495919;90
104.774;0.00501169;90
94.736;0.0044813;90
104.166;0.00290122;90
129.214;0.00448896;90
124.943;0.00455518;90
119.388;0.00481339;90
107.492;0.00578554;90
98.6984;0.00711483;90
91.5794;0.00634941;90
86.0805;0.00730007;90
82.2629;0.0111122;90
79.4368;0.00261837;90
78.8514;0.00696646;90
94.0385;0.0108339;90
99.2157;0.00259753;90
93.6093;0.00671933;90
97.4045;0.00559465;90
101.134;0.00804237;90
91.6267;0.00697481;90
89.6313;0.00714815;90
91.7115;0.0071652;90
96.551;0.0067229;90
102.283;0.0064916;90
103.443;0.00651243;90
108.379;0.00587994;90
110.619;0.00553453;90
97.4025;0.00624807;90
87.2519;0.00588176;90
78.8614;0.00655855;90
80.7335;0.00625361;90
84.1164;0.00609712;90
84.8413;0.00623927;90
84.5488;0.00573695;90
83.3322;0.0045387;90
94.8958;0.00903396;90
102.429;0.00155648;90
97.3207;0.00410446;90
95.6278;0.00420125;90
96.383;0.00340008;90
96.993;0.00096921;90
101.246;0.000881935;90
67.5473;0.00115993;90
-59.32;0.00093485;90
-47.7829;0.0019079;90
1.52753;0.00202572;90
47.6412;0.00190272;90
30.9591;0.00209554;90
-13.8807;0.00142975;90
-16.8123;0.00140715;90
-5.67662;0.000839115;90
56.6414;0.00210956;90
155.081;0.00119858;90
159.82;0.00181757;90
175.515;0.000818506;90
-94.3997;0.0216257;90
-93.1197;0.00169051;90
-137.002;0.0010323;90
-175.824;0.000906406;90
-152.973;0.000886853;90
-176.142;0.000520179;90
-173.826;0.000874069;90
96.3071;0.00114694;90
92.4896;0.00140433;90
98.3391;0.00205472;90
104.255;0.00114526;90
101.202;0.00135379;90
102.688;0.00144324;90
97.9107;0.00265931;90
96.0618;0.00238634;90
97.115;0.00212335;90
92.8624;0.0016821;90
100.833;0.00148445;90
90.1186;0.001449;90
95.1894;0.00206747;90
128.711;0.00122003;90
91.6719;0.00157667;90
124.189;0.00133826;90
127.537;0.00133929;90
91.6776;0.00167372;90
92.5246;0.0011351;90
95.2528;0.0013326;90
98.5082;0.00188575;90
93.8947;0.0015606;90
89.3811;0.0017591;90
107.201;0.001498;90
100.45;0.00155479;90
108.079;0.00147586;90
101.917;0.0013317;90
108.58;0.00112356;90
113.282;0.00126501;90
109.121;0.000897519;90
143.452;0.000712011;90
90.5174;0.00210409;90
103.758;0.00174919;90
115.961;0.00195085;90
109.494;0.00213965;90
108.649;0.00161056;90
106.668;0.00157936;90
108.726;0.00130825;90
109.597;0.00163682;90
114.105;0.00110429;90
105.777;0.000981995;90
108.12;0.00207069;90
107.913;0.00218491;90
105.708;0.00215342;90
110.185;0.00128385;90
108.81;0.00120643;90
108.821;0.00140725;90
109.203;0.00136812;90
107.436;0.00192232;90
92.0295;0.00141189;90
121.386;0.00106949;90
123.3;0.000896139;90
96.1589;0.00192008;90
101.151;0.00119965;90
100.822;0.00119831;90
101.474;0.000960189;90
100.375;0.00161033;90
106.039;0.00100617;90
115.62;0.000786308;90
112.588;0.000825308;90
102.408;0.00118672;90
93.9291;0.00122588;90
93.3058;0.00138731;90
89.8476;0.00150401;90
100.699;0.00187458;90
91.6387;0.00157364;90
88.6881;0.00183448;90
93.544;0.00210302;90
96.8514;0.00236388;90
111.015;0.00368083;90
110.289;0.00254064;90
113.836;0.0015218;90
110.065;0.00136697;90
100.815;0.00172667;90
74.0265;0.00167882;90
95.183;0.00136157;90
103.512;0.00140386;90
117.355;0.00110338;90
142.406;0.000822866;90
156.329;0.00055794;90
172.158;0.000674306;90
157.945;0.00067111;90
127.552;0.000856461;90
120.703;0.00086762;90
128.367;0.00162235;90
114.652;0.00129943;90
98.0272;0.00133912;90
104.01;0.00264364;90
116.54;0.00202543;90
134.101;0.000991486;90
132.528;0.00119683;90
124.564;0.000800248;90
130.491;0.00101643;90
114.019;0.000926199;90
144.701;0.000780493;90
176.52;0.000741367;90
-140.183;0.000641849;90
119.828;0.000942913;90
96.7962;0.0011239;90
101.663;0.00190942;90
126.913;0.001327;90
137.501;0.000599491;90
122.219;0.00133921;90
116.151;0.00191949;90
124.267;0.00129474;90
116.12;0.00080635;90
125.912;0.0014236;90
110.352;0.00102072;90
100.873;0.00190317;90
110.579;0.00088764;90
73.6789;0.00184328;90
76.8528;0.0011255;90
96.3741;0.00130607;90
86.0773;0.00105247;90
71.7327;0.00086457;90
79.845;0.00112868;90
101.801;0.00151093;90
116.905;0.0010541;90
101.653;0.00160406;90
85.5744;0.00212534;90
85.1438;0.00292952;90
92.2294;0.00295624;90
91.0261;0.00167527;90
93.6419;0.00223551;90
88.7373;0.00208751;90
101.75;0.00217048;90
102.737;0.00263073;90
105.427;0.00233825;90
100.265;0.00194717;90
105.55;0.00214865;90
116.117;0.00142889;90
106.933;0.000916743;90
105.9;0.00120094;90
110.964;0.00144784;90
99.828;0.00136503;90
107.342;0.00145934;90
111.019;0.0011152;90
113.66;0.00159726;90
114.568;0.0014503;90
113.449;0.00156309;90
108.46;0.00142113;90
112.092;0.00150229;90
123.679;0.00137593;90
120.424;0.00187405;90
119.182;0.00244881;90
-125.618;0.0020777;90
-104.916;0.00142191;90
-139.445;0.00080286;90
-123.275;0.000765506;90
-131.049;0.000708083;90
177.201;0.000450537;90
-162.474;0.000936468;90
105.482;0.00117255;90
116.104;0.0010568;90
-149.568;0.000517262;90
150.004;0.000904098;90
139.171;0.000845819;90
138.766;0.000893591;90
123.526;0.00145027;90
121.571;0.00101996;90
135.56;0.00093979;90
-173.606;0.00105959;90
-171.148;0.000942224;90
125.584;0.0015862;90
163.834;0.000750681;90
171.484;0.000567254;90
126.491;0.000845819;90
119.336;0.0012859;90
98.8983;0.0016033;90
99.5953;0.00148781;90
105.933;0.00131866;90
109.944;0.00112869;90
106.3;0.00126484;90
107.982;0.00136045;90
107.918;0.00140095;90
118.159;0.001318;90
117.084;0.00143204;90
116.037;0.00116415;90
108.246;0.00210799;90
112.903;0.00132332;90
124.562;0.00138552;90
126.841;0.0011958;90
153.399;0.000707939;90
-160.086;0.000710484;90
-151.587;0.000624187;90
-156.588;0.000739917;90
-158.91;0.000703097;90
122.187;0.000867295;90
126.382;0.000939034;90
112.216;0.000796097;90
127.821;0.00093933;90
171.752;0.000690138;90
-142.343;0.000669463;90
147.664;0.000587037;90
133.291;0.000735011;90
110.226;0.00207389;90
110.601;0.00135569;90
153.873;0.000526833;90
-137.579;0.000785684;90
-160.321;0.000757228;90
174.941;0.000612385;90
159.749;0.000748255;90
-159.456;0.00055852;90
-159.412;0.000622776;90
126.283;0.000858445;90
120.263;0.00124809;90
124.768;0.00138533;90
127.69;0.000922494;90
104.003;0.00247556;90
119.827;0.00164259;90
147.5;0.00120229;90
150.056;0.00106981;90
149.01;0.000747734;90
128.841;0.000790868;90
132.94;0.00068846;90
121.273;0.00117701;90
103.227;0.00171757;90
95.5102;0.00202034;90
86.9577;0.00194074;90
91.1835;0.00203343;90
117.289;0.00113199;90
110.575;0.00107561;90
108.786;0.00128865;90
109.735;0.00108684;90
108.872;0.00111916;90
104.454;0.00129809;90
92.1155;0.00113778;90
71.0309;0.00125516;90
105.35;0.00126928;90
118.849;0.00230051;90
142.231;0.000994322;90
93.8062;0.00194329;90
99.8855;0.00124651;90
96.6017;0.00133082;90
93.7842;0.0017879;90
93.1197;0.00174559;90
95.4872;0.00191377;90
98.1885;0.00166396;90
93.5189;0.00136858;90
90.8461;0.00257328;90
96.9087;0.0027268;90
93.8741;0.00152448;90
99.7994;0.00125735;90
106.724;0.00201211;90
129.15;0.0011309;90
114.053;0.00122431;90
127.13;0.00110001;90
131.1;0.0012474;90
116.682;0.00131839;90
126.849;0.0010872;90
142.817;0.000842213;90
107.753;0.00108885;90
88.8082;0.00144231;90
84.5183;0.00144461;90
97.9072;0.00130844;90
89.1427;0.00153717;90
91.4582;0.00208267;90
73.2946;0.00179161;90
92.4309;0.0023341;90
115.501;0.00161427;90
104.968;0.00141708;90
102.312;0.00123337;90
97.7881;0.00135046;90
101.095;0.00140832;90
108.451;0.00112166;90
106.56;0.0011789;90
104.054;0.00153598;90
104.283;0.00124034;90
113.368;0.00106648;90
119.464;0.00126455;90
93.9593;0.00210001;90
84.9856;0.00161317;90
93.0529;0.00127681;90
85.3108;0.00172477;90
86.6248;0.00154568;90
99.324;0.0019751;90
98.2448;0.00162479;90
90;0.002531;90
100.616;0.00208977;90
114.989;0.00138241;90
104.911;0.00106486;90
94.5652;0.00234945;90
81.2205;0.00274516;90
70.8405;0.00132542;90
74.6882;0.00186314;90
66.4048;0.00172633;90
85.0583;0.00141626;90
108.243;0.00151094;90
106.583;0.00160475;90
89.7497;0.00183102;90
102.463;0.0014133;90
88.751;0.00137633;90
85.8569;0.00163327;90
90.4842;0.00224808;90
86.3951;0.00200397;90
53.0398;0.0013954;90
79.2728;0.00291189;90
77.5124;0.00166028;90
86.4576;0.00147281;90
40.9617;0.000793222;90
48.6522;0.00113226;90
84.5435;0.00168262;90
74.5742;0.00159029;90
72.5862;0.00154375;90
86.2035;0.00173681;90
57.2476;0.000999981;90
39.5938;0.000900618;90
91.1691;0.00166635;90
95.4446;0.0019287;90
91.4925;0.00161255;90
92.8945;0.00142582;90
107.79;0.00101136;90
125.369;0.00110738;90
132.621;0.000766457;90
134.691;0.00144323;90
103.061;0.00148235;90
89.4561;0.00158007;90
83.7286;0.00174846;90
-127.064;0.00448143;90
-99.1365;0.0089617;90
-70.3132;0.00140407;90
-69.8161;0.00248671;90
-69.9626;0.00288354;90
-70.8021;0.00311101;90
-72.7189;0.00337642;90
-76.5454;0.00281938;90
-83.0239;0.00377092;90
-84.7259;0.00364443;90
-81.8504;0.00414789;90
-92.0754;0.00463904;90
-89.2895;0.00491938;90
-82.7781;0.0043989;90
-86.7886;0.00382;90
-86.3773;0.00416232;90
-66.2767;0.00296778;90
-19.9077;0.00188249;90
-49.8991;0.00228523;90
-75.7247;0.00331331;90
-77.2584;0.00364988;90
-51.5979;0.00243087;90
-48.8725;0.00193695;90
-60.6719;0.00378514;90
-71.9027;0.00450696;90
-74.4773;0.00431956;90
-70.1593;0.00299052;90
-66.4666;0.00420253;90
-75.7763;0.00489197;90
-76.5018;0.00449414;90
-66.2719;0.00441852;90
-88.4576;0.00564705;90
-74.1137;0.00532643;90
-72.2181;0.00574339;90
-73.601;0.0061773;90
-68.7287;0.00527862;90
-78.2105;0.00595155;90
-60.7079;0.00485016;90
-75.4795;0.00605439;90
-78.3327;0.00622563;90
-84.7653;0.00669693;90
-79.848;0.00633722;90
-68.3456;0.00600801;90
-62.6514;0.00529819;90
-61.5139;0.0051096;90
-40.0885;0.00388994;90
7.78628;0.00329942;90
-11.8219;0.00340216;90
-35.019;0.00348002;90
-48.045;0.00423306;90
-70.4132;0.00563189;90
-75.6606;0.0057295;90
-75.9017;0.00470059;90
-68.4055;0.00406211;90
-61.4836;0.00457049;90
-62.6732;0.0048773;90
-69.2831;0.00520987;90
-74.8157;0.00553214;90
-86.269;0.00563995;90
-97.7882;0.00582977;90
-84.5583;0.00591566;90
-73.3103;0.00575232;90
-55.3853;0.00464039;90
-53.6376;0.00465178;90
-72.8123;0.00634851;90
-71.7003;0.00549384;90
-67.5732;0.00547834;90
-76.2531;0.00590824;90
-67.3452;0.00504962;90
-62.1619;0.0050324;90
-77.4012;0.00585908;90
-94.3656;0.0059643;90
-86.528;0.005994;90
-59.9092;0.00445777;90
-55.9283;0.00433036;90
-76.6773;0.00630981;90
-76.251;0.00633657;90
-73.267;0.00585596;90
-76.6682;0.00585889;90
-77.9498;0.00538874;90
-77.5302;0.00473776;90
-77.9159;0.00413666;90
-72.6308;0.00338327;90
-76.4438;0.00364762;90
-86.1629;0.00381054;90
-89.6494;0.00326806;90
-103.044;0.00218436;90
-81.9648;0.00409925;90
-84.7616;0.00472072;90
-82.5233;0.00474938;90
-78.9457;0.0048347;90
-89.5689;0.00598017;90
-94.8869;0.00644443;90
-95.3247;0.00653018;90
-95.6621;0.00657809;90
-99.3395;0.00674744;90
-99.5808;0.00627858;90
-95.79;0.00631421;90
-86.673;0.00656506;90
-73.1472;0.0056465;90
-73.732;0.0171028;90
-81.7401;0.00624377;90
-84.4399;0.0060997;90
-88.8555;0.00535707;90
-91.1119;0.00432882;90
-91.4816;0.00471858;90
-86.4327;0.00551268;90
-76.6485;0.00576379;90
-82.0529;0.00615511;90
-87.4365;0.0063944;90
-82.041;0.00620376;90
-86.4519;0.00633414;90
-96.1194;0.00619128;90
-101.512;0.00601806;90
-98.6251;0.0061546;90
-94.77;0.00601282;90
-91.1377;0.00654729;90
-89.3754;0.00632938;90
-81.4903;0.00644698;90
-72.7564;0.00535363;90
-60.4956;0.00463968;90
-56.2494;0.00394004;90
-50.1312;0.00324945;90
-56.3498;0.00318703;90
-61.4665;0.000950443;90
-96.768;0.00103521;90
-89.8286;0.00267401;90
-76.7279;0.00363715;90
-74.2701;0.00452963;90
-83.0563;0.00552553;90
-90.5312;0.00571725;90
-101.387;0.00656931;90
-107.518;0.00474086;90
-138.063;0.00375869;90
-129.254;0.00436498;90
-150.561;0.00344251;90
-111.689;0.00415086;90
162.178;0.000709023;90
-115.887;0.0151236;90
-121.03;0.00459565;90
-101.091;0.00626909;90
-87.204;0.00758503;90
-96.2827;0.00637831;90
-98.5277;0.00637953;90
-86.9733;0.00672338;90
-93.233;0.00663155;90
-112.591;0.00512308;90
-126.834;0.0044604;90
-117.124;0.00486278;90
-104.159;0.00589508;90
-95.7959;0.00608008;90
-104.397;0.00586002;90
-109.465;0.00557568;90
-121.73;0.00699914;90
-115.947;0.00505783;90
-116.179;0.00444272;90
-115.083;0.00287073;90
-95.8021;0.00910062;90
-109.652;0.00171276;90
-104.363;0.00378119;90
-97.4789;0.0053011;90
-92.2687;0.00512802;90
-105.452;0.00496549;90
-101.663;0.00538212;90
-90;0.005456;90
-95.2211;0.00582417;90
-88.6748;0.00626968;90
-86.7364;0.0054278;90
-88.3223;0.00601158;90
-110.537;0.00416468;90
-107.414;0.00548331;90
-97.9914;0.00589828;90
-96.1949;0.00579182;90
-94.5856;0.00587882;90
-102.412;0.00534084;90
-95.0433;0.0101583;90
-94.4498;0.00206222;90
-89.0908;0.00529367;90
-104.571;0.00163767;90
-110.868;0.00405928;90
-115.83;0.00265085;90
-118.006;0.00403783;90
-102.156;0.00581744;90
-99.3444;0.00615265;90
-92.1638;0.0134546;90
-81.573;0.00232005;90
-83.7982;0.00292512;90
-83.3265;0.00561907;90
-71.9573;0.00498829;90
-70.5137;0.00584266;90
-71.2398;0.00534813;90
-70.5049;0.00490522;90
-74.4118;0.0016746;90
108.603;0.0213916;90
100.089;0.00503486;90
98.7118;0.00558544;90
92.2698;0.00626191;90
88.0721;0.00621252;90
80.2791;0.00648511;90
81.0812;0.00603092;90
67.5617;0.00519533;90
62.8985;0.00482475;90
72.4808;0.00542147;90
93.4862;0.00550919;90
86.9009;0.00649249;90
82.5024;0.0060467;90
75.0943;0.0061696;90
89.8889;0.00618901;90
81.0018;0.00616993;90
80.8799;0.0061386;90
63.7702;0.00489171;90
87.1652;0.00610647;90
91.9669;0.00635174;90
92.3578;0.0068548;90
85.1992;0.00652389;90
91.1644;0.00639732;90
74.1458;0.00577987;90
80.5072;0.00587546;90
84.4282;0.00636507;90
75.833;0.00584682;90
81.8088;0.00609922;90
78.1271;0.00578884;90
63.6892;0.00524095;90
63.941;0.00516507;90
63.1334;0.00501423;90
57.9514;0.00463781;90
76.3117;0.00603027;90
77.4733;0.00589227;90
81.9825;0.00625918;90
70.1187;0.00557529;90
49.7854;0.00448384;90
65.1423;0.00532868;90
79.2045;0.00598492;90
94.2995;0.00650932;90
87.171;0.00634173;90
81.0681;0.00628623;90
87.6913;0.00645424;90
87.2966;0.00655129;90
74.3497;0.00632032;90
46.9638;0.00402368;90
69.3682;0.00513109;90
56.8628;0.00411052;90
64.2997;0.00337819;90
130.472;0.000770322;90
58.6298;0.00461806;90
30.7813;0.00371656;90
53.9849;0.00239967;90
42.9367;0.00306376;90
34.2234;0.000983249;90
-128.843;0.01585;90
95.7622;0.00221117;90
44.194;0.00628327;90
49.8902;0.00364142;90
42.785;0.00338462;90
44.1624;0.00304725;90
78.3922;0.00441326;90
78.7087;0.00422885;90
82.8994;0.00494291;90
94.8575;0.0045112;90
98.4945;0.00366925;90
105.777;0.0039685;90
104.787;0.00342441;90
95.0568;0.00116855;90
89.5469;0.00202306;90
74.0873;0.00240724;90
57.2138;0.00209231;90
42.05;0.00203351;90
25.6806;0.00130378;90
69.0458;0.00360437;90
78.6901;0.00426278;90
77.7038;0.00472847;90
61.5411;0.00341008;90
21.8442;0.00273325;90
45.1548;0.0034019;90
70.9135;0.00478294;90
75.2792;0.00513557;90
78.7768;0.0053126;90
75.164;0.0051083;90
45.3994;0.00365159;90
33.7907;0.00315736;90
36.0838;0.00298828;90
55.8915;0.00383585;90
54.6844;0.00401848;90
46.6867;0.00360356;90
31.1696;0.0034372;90
47.3125;0.00369764;90
48.5516;0.00367553;90
29.8607;0.0032517;90
28.2538;0.00330813;90
10.3694;0.00309454;90
4.92204;0.00291374;90
3.76774;0.00304358;90
5.36072;0.00327533;90
26.0815;0.00323213;90
39.814;0.00349682;90
30.3344;0.00327891;90
25.2268;0.00308304;90
21.8356;0.0027988;90
15.0433;0.00253901;90
-2.84726;0.00245603;90
-35.0468;0.00214369;90
53.9745;0.00219844;90
59.5699;0.00327748;90
67.6481;0.00374973;90
69.8004;0.00302932;90
70.0086;0.00237511;90
26.2289;0.000991042;90
-48.1563;0.00219607;90
-36.6578;0.00194461;90
-65.6992;0.00271671;90
-49.5399;0.00180454;90
-43.9903;0.000922918;90
137.741;0.00134575;90
125.084;0.00214344;90
115.436;0.00152037;90
131.769;0.00183149;90
139.487;0.001681;90
129.887;0.00188061;90
131.444;0.00218917;90
133.324;0.00249079;90
150.277;0.00197252;90
143.408;0.00218583;90
139.174;0.00240914;90
128.999;0.00292862;90
127.883;0.00301927;90
114.639;0.00375156;90
118.53;0.00376865;90
120.843;0.00348949;90
122.879;0.00338762;90
128.554;0.00348331;90
117.363;0.00391618;90
117.659;0.00393575;90
148.287;0.00287062;90
143.594;0.0029671;90
141.928;0.0031833;90
140.744;0.00291092;90
130.07;0.00297023;90
122.866;0.00292995;90
127.779;0.00273414;90
135.438;0.00268213;90
140.093;0.00289927;90
138.581;0.00316979;90
134.918;0.00393293;90
138.988;0.00355829;90
123.511;0.00416776;90
121.061;0.00415353;90
128.875;0.00404227;90
117.968;0.00454818;90
116.976;0.00461626;90
116.965;0.0046091;90
116.534;0.00490236;90
117.169;0.00436907;90
114.097;0.00474665;90
110.332;0.00508267;90
107.689;0.00509802;90
111.834;0.00490161;90
123.908;0.00422685;90
117.362;0.00482143;90
118.222;0.00448519;90
118.34;0.00453334;90
118.334;0.00456375;90
115.471;0.00456912;90
116.31;0.00471547;90
114.105;0.00468888;90
114.17;0.00477236;90
106.353;0.00563289;90
90.9437;0.00582879;90
89.9609;0.005868;90
97.5258;0.00594017;90
96.0543;0.00582147;90
94.8977;0.00585638;90
95.5152;0.00583702;90
100.304;0.00562979;90
101.038;0.00591748;90
101.53;0.00555307;90
105.151;0.00538725;90
109.56;0.00517037;90
115.146;0.00480321;90
115.789;0.00465681;90
113.771;0.00479805;90
106.567;0.005685;90
106.14;0.00529885;90
107.877;0.005033;90
117.609;0.00454221;90
132.192;0.00376704;90
132.402;0.00374444;90
132.784;0.00378515;90
132.586;0.00379346;90
124.283;0.00439568;90
109.268;0.00495771;90
104.506;0.00552927;90
104.194;0.00536685;90
112.042;0.00490017;90
120.753;0.00434152;90
124.213;0.00415987;90
106.476;0.00521828;90
102.251;0.00594744;90
102.076;0.00547311;90
102.072;0.00561824;90
99.5514;0.00581562;90
98.9161;0.00558752;90
99.1325;0.00573976;90
99.2086;0.00560524;90
105.959;0.00532835;90
112.929;0.00521831;90
108.636;0.030477;90
104.503;0.027145;90
95.2444;0.0292986;90
87.7951;0.00577027;90
88.6939;0.00601056;90
92.9441;0.00609404;90
103.554;0.00547034;90
117.154;0.00465395;90
123.334;0.00330469;90
123.558;0.00240241;90
128.719;0.0036579;90
133.847;0.00358576;90
123.405;0.00406683;90
112.223;0.00497343;90
109.118;0.00543792;90
108.938;0.00511487;90
120.444;0.00438917;90
134.655;0.00364096;90
135.144;0.00365363;90
157.517;0.0119817;90
151.668;0.000623712;90
100.913;0.0027202;90
82.2195;0.00352344;90
91.2992;0.0212145;90
88.056;0.00350802;90
88.4155;0.00452073;90
91.0424;0.00395765;90
92.0056;0.00437168;90
94.2457;0.00318775;90
91.1213;0.00275953;90
97.2714;0.00500122;90
97.9077;0.00557501;90
96.2925;0.00424256;90
89.0898;0.00333642;90
90.1486;0.00578202;90
92.6435;0.00628769;90
100.299;0.00601288;90
108.85;0.00554963;90
111.898;0.00517756;90
112.037;0.00524519;90
111.63;0.00522493;90
116.539;0.00487686;90
113.744;0.00511606;90
104.152;0.00614756;90
103.954;0.00575586;90
103.924;0.00583445;90
104.144;0.00568019;90
109.069;0.00537177;90
126.583;0.00415445;90
138.875;0.0038087;90
134.013;0.004227;90
138.22;0.00371322;90
137.838;0.00374235;90
131.202;0.00408828;90
130.426;0.00408807;90
131.071;0.00365301;90
127.053;0.00343702;90
111.732;0.00505853;90
111.104;0.00529624;90
111.263;0.00531372;90
111.432;0.00517804;90
120.206;0.00465505;90
126.637;0.00428324;90
126.427;0.00431633;90
126.83;0.0046076;90
126.818;0.0042084;90
126.49;0.00430989;90
118.914;0.00470327;90
105.369;0.00564072;90
100.656;0.00645735;90
100.884;0.00545512;90
101.038;0.00591748;90
100.588;0.00635114;90
100.792;0.00602964;90
103.032;0.00578706;90
103.524;0.00572577;90
103.252;0.00572341;90
103.553;0.00581185;90
103.841;0.00555119;90
103.518;0.00404712;90
103.615;0.00445623;90
94.376;0.00444295;90
90.9757;0.00452166;90
91.0179;0.00534784;90
91.6185;0.00633753;90
95.236;0.00623502;90
95.2933;0.00624363;90
99.6216;0.00609068;90
103.974;0.0060047;90
102.862;0.00580874;90
97.7922;0.00601857;90
99.3631;0.00598068;90
103.485;0.00582355;90
103.427;0.00576661;90
98.945;0.0059362;90
98.8642;0.00601585;90
98.6284;0.00658553;90
98.777;0.00607514;90
98.6011;0.00612488;90
98.7944;0.00613513;90
98.8061;0.00602907;90
97.3745;0.00612365;90
87.5065;0.0062289;90
80.6523;0.00591657;90
82.0074;0.00636483;90
92.935;0.00611302;90
98.8544;0.00599646;90
95.6085;0.00620068;90
86.1673;0.00632815;90
77.8805;0.00581562;90
77.2931;0.00526905;90
76.7314;0.00467069;90
72.3227;0.00492663;90
78.3274;0.00346976;90
-27.353;0.00113827;90
-35.521;0.00159724;90
35.49;0.000838843;90
76.0973;0.000936433;90
-31.4718;0.00179858;90
59.3135;0.000815142;90
99.7995;0.00136897;90
85.4316;0.00287513;90
-158.916;0.000875622;90
-112.803;0.00144493;90
-70.6112;0.000930787;90
-17.3833;0.001051;90
-132.729;0.00319368;90
168.69;0.0010504;90
148.014;0.00124974;90
146.085;0.000845924;90
86.0353;0.00121491;90
78.9923;0.00453544;90
83.8345;0.00525137;90
84.0986;0.00582588;90
85.5033;0.0120661;90
96.0642;0.00559431;90
108.141;0.00481431;90
124.198;0.00419536;90
113.445;0.00516761;90
104.463;0.00583387;90
115.263;0.00468398;90
114.582;0.00549284;90
109.197;0.00539501;90
109.058;0.00544228;90
104.851;0.00562594;90
103.71;0.00545957;90
107.414;0.00429379;90
109.59;0.00315248;90
108.435;0.00176139;90
114.81;0.00255479;90
129.045;0.00206529;90
143.795;0.000878659;90
122.987;0.00169529;90
124.622;0.00133062;90
125.835;0.00107438;90
123.404;0.00178006;90
133.751;0.00133038;90
134.744;0.00126715;90
157.667;0.000981628;90
148.612;0.00176065;90
-176.674;0.0014825;90
-147.548;0.0013474;90
-116.499;0.00388182;90
-112.468;0.00481986;90
-114.777;0.00508953;90
-131.136;0.00358895;90
-150.208;0.00301094;90
-173.227;0.00274717;90
166.739;0.00306472;90
162.547;0.00251058;90
116.842;0.00166544;90
114.557;0.00382826;90
137.655;0.00404546;90
139.371;0.00355365;90
138.221;0.00372527;90
135.276;0.00381701;90
134.935;0.00376464;90
107.52;0.00467381;90
87.0397;0.00487951;90
83.5377;0.00528659;90
83.8519;0.00612523;90
84.0025;0.00627837;90
85.164;0.00578861;90
90.7632;0.00630656;90
93.198;0.0062918;90
93.2895;0.00611708;90
93.6719;0.00624582;90
94.8073;0.00632425;90
98.3905;0.00656527;90
99.6977;0.00604336;90
99.3186;0.00596573;90
99.4299;0.0058166;90
99.4985;0.00598708;90
103.228;0.005917;90
106.084;0.00561999;90
106.557;0.00560752;90
109.013;0.0056693;90
117.567;0.00493755;90
119.782;0.00463059;90
120.064;0.0046969;90
119.672;0.00467847;90
123.458;0.00444929;90
141.275;0.00368133;90
159.348;0.00335136;90
158.182;0.00318839;90
157.944;0.00325954;90
158.979;0.00317531;90
155.651;0.00326218;90
130.98;0.00405463;90
124.855;0.00431147;90
134.317;0.00391482;90
127.397;0.00430238;90
128.316;0.00429517;90
119.911;0.00466658;90
105.356;0.00567563;90
99.9258;0.00597544;90
95.926;0.00624739;90
98.6772;0.00593898;90
115.119;0.00497997;90
139.311;0.00390367;90
151.698;0.00330509;90
170.179;0.00310145;90
167.964;0.00311242;90
163.359;0.00318123;90
157.161;0.00326172;90
122.049;0.00443609;90
106.494;0.00566721;90
105.621;0.00565591;90
111.335;0.00558794;90
114.646;0.00504785;90
114.971;0.00495302;90
113.499;0.00516645;90
105.524;0.00552974;90
102.942;0.00574186;90
101.939;0.00584442;90
95.8035;0.00656666;90
94.1074;0.00505398;90
96.9334;0.00552541;90
98.265;0.00594777;90
98.3385;0.00602671;90
98.3453;0.0059874;90
95.5426;0.00624319;90
93.3359;0.00616945;90
93.5372;0.00648335;90
103.669;0.00571692;90
114.941;0.00481172;90
117.724;0.00351671;90
132.476;0.00232793;90
137.209;0.00221984;90
133.995;0.00225743;90
125.382;0.0029584;90
131.291;0.00339911;90
148.878;0.00297174;90
128.225;0.00366222;90
113.583;0.0047966;90
128.565;0.00405037;90
148.019;0.00344012;90
148.286;0.00349836;90
148.661;0.00346092;90
140.616;0.00382969;90
120.317;0.00463367;90
111.138;0.00522452;90
114.04;0.00460765;90
141.071;0.00305557;90
128.312;0.00370357;90
133.25;0.00351879;90
126.59;0.00367904;90
113.07;0.00478246;90
125.619;0.00370028;90
120.176;0.00399081;90
124.589;0.0030246;90
120.22;0.00291864;90
134.922;0.00260286;90
138.628;0.0032741;90
136.658;0.0038129;90
109.566;0.00560465;90
95.7524;0.00586654;90
93.2982;0.00271149;90
90.0792;0.002893;90
90.7271;0.00267922;90
95.7589;0.00224232;90
102.944;0.00211166;90
106.16;0.0021666;90
110.205;0.00209917;90
120.375;0.00187081;90
126.688;0.00163361;90
132.597;0.00192219;90
137.199;0.00294798;90
133.512;0.00354097;90
130.661;0.00396267;90
137.037;0.00390004;90
133.918;0.00426744;90
120.842;0.00467163;90
117.336;0.004952;90
119.017;0.00456844;90
124.965;0.00437462;90
118.584;0.0047989;90
114.115;0.00511543;90
115.096;0.00514465;90
123.989;0.0048315;90
127.42;0.0042508;90
114.217;0.00446381;90
106.697;0.0041698;90
109.706;0.00372197;90
105.412;0.00364612;90
114.086;0.00192348;90
113.582;0.00268961;90
126.866;0.0028486;90
-144.455;0.0026215;90
-139.316;0.00277194;90
-173.187;0.00129817;90
-71.2447;0.00214912;90
-59.2112;0.00269597;90
-84.4509;0.0036712;90
-85.4286;0.00358842;90
-89.8263;0.00395802;90
-92.8315;0.00417009;90
-94.6368;0.00348842;90
-111.352;0.00267242;90
-79.8966;0.00104318;90
-39.516;0.000836092;90
-45.8447;0.000815383;90
-54.6759;0.000904529;90
93.8738;0.00938444;90
87.7671;0.0042092;90
92.2083;0.00464545;90
93.7658;0.0045829;90
110.758;0.00345636;90
115.455;0.00272449;90
139.385;0.00185877;90
151.995;0.00268771;90
149.13;0.0029196;90
172.73;0.00275011;90
-173.611;0.000898582;90
97.0183;0.00193147;90
74.4701;0.0031635;90
75.646;0.00332376;90
75.6932;0.00251706;90
73.23;0.0024053;90
121.437;0.0015588;90
131.159;0.00200562;90
131.395;0.00201287;90
-47.5136;0.00365997;90
-49.9485;0.0018198;90
-66.1966;0.00303519;90
-63.3515;0.00245699;90
-98.9898;0.0017343;90
-102.237;0.00338286;90
-89.06;0.00347447;90
-41.4737;0.00116115;90
-28.9245;0.00269406;90
-29.9056;0.00260945;90
-78.5846;0.00117219;90
-59.6498;0.00277072;90
-74.1043;0.00348319;90
-88.6237;0.00682797;90
-87.0209;0.00330947;90
-95.4189;0.00723232;90
-99.3795;0.00318458;90
-39.3416;0.00139129;90
-51.259;0.00110259;90
135.916;0.00309611;90
71.8564;0.00323379;90
83.3965;0.0035566;90
87.2716;0.00649136;90
91.6285;0.00161865;90
93.9153;0.0040274;90
108.538;0.00650134;90
112.649;0.00104131;90
110.339;0.00129472;90
165.634;0.00155977;90
140.545;0.00238563;90
153.525;0.0025527;90
173.296;0.00160195;90
167.338;0.00224459;90
88.777;0.00323274;90
75.4882;0.0025421;90
80.8441;0.00141402;90
77.8875;0.00225418;90
116.509;0.00181927;90
-171.431;0.00118119;90
-70.9281;0.0046365;90
-104.498;0.00252852;90
-108.942;0.0026093;90
-45.3477;0.00198064;90
0.708194;0.000809062;90
-14.1297;0.00208096;90
-16.6602;0.000561574;90
-38.6339;0.00172822;90
-27.0463;0.00431263;90
-14.3252;0.000480954;90
-84.2894;0.00133663;90
-61.6936;0.00275208;90
-79.6735;0.00661617;90
-87.8052;0.00169725;90
-88.3242;0.00417178;90
-94.9267;0.00461104;90
-81.8104;0.00299757;90
-111.292;0.00363513;90
-44.4862;0.000946147;90
-48.5851;0.00115343;90
-47.7313;0.000771623;90
-89.5997;0.0042941;90
-131.256;0.00069303;90
-99.1975;0.00124501;90
-85.6772;0.00127362;90
-99.3637;0.00143208;90
-121.446;0.00201844;90
-87.2008;0.00194532;90
-81.995;0.00285078;90
-56.8814;0.0014459;90
-35.8612;0.000658902;90
-30.4165;0.000592555;90
-42.7953;0.000753627;90
-59.7722;0.00072104;90
-65.34;0.0012511;90
-74.4072;0.000937504;90
-31.0124;0.000605562;90
-7.30576;0.000707746;90
-44.2927;0.00091648;90
-45.0366;0.00110662;90
-41.9028;0.00106009;90
-33.5594;0.00109443;90
-46.5777;0.00192618;90
-60.8862;0.0018806;90
-24.9163;0.000963697;90
-36.8828;0.0008914;90
-56.9247;0.00144757;90
-88.8931;0.00357167;90
-79.8045;0.00159316;90
-77.2228;0.00150117;90
-71.6422;0.00117479;90
-80.1552;0.00140367;90
-76.4932;0.00120739;90
-75.3136;0.000919027;90
-79.1367;0.00145915;90
-87.6433;0.00138617;90
-84.4636;0.00229069;90
-61.4486;0.00201278;90
-20.0853;0.000527054;90
-63.294;0.00181793;90
-70.4743;0.00207641;90
-62.1208;0.00329549;90
-25.5874;0.000655263;90
-96.7724;0.0013907;90
-103.679;0.00217777;90
-86.5988;0.00155073;90
-82.0579;0.00099151;90
-81.3526;0.00167605;90
-87.419;0.00168771;90
-90.3143;0.00200503;90
-80.4585;0.00214163;90
-73.0029;0.00219278;90
-34.0374;0.00150964;90
-34.4184;0.00170196;90
-65.9328;0.00200095;90
-43.1386;0.00132794;90
-78.0598;0.00217506;90
-75.2797;0.00150334;90
-76.9722;0.00194301;90
-75.1957;0.00110364;90
-108.886;0.00184746;90
-102.296;0.00125376;90
-96.2352;0.00186906;90
144.989;0.000758199;90
93.425;0.00172408;90
104.036;0.00176469;90
108.352;0.00196283;90
104.147;0.0018862;90
143.118;0.0009164;90
171.206;0.000902612;90
112.079;0.000994967;90
130.003;0.000706256;90
136.469;0.00137931;90
111.801;0.00164248;90
131.19;0.00118136;90
176.045;0.000841002;90
169.088;0.000734277;90
150.788;0.000813455;90
139.514;0.000862517;90
-175.402;0.000573847;90
-110.233;0.0010583;90
-151.565;0.000781251;90
147.804;0.000797653;90
169.97;0.000597126;90
-160.71;0.000593309;90
-163.145;0.00056215;90
124.531;0.00154889;90
99.9073;0.00141815;90
94.4564;0.00274129;90
26.9728;0.000628351;90
82.7678;0.00212087;90
75.3811;0.00124015;90
75.7932;0.00138537;90
92.8617;0.00406607;90
99.4559;0.00146085;90
110.491;0.0025824;90
140.378;0.00207459;90
84.2473;0.000947773;90
49.0815;0.00070536;90
72.4175;0.00550519;90
80.0605;0.00276348;90
65.5941;0.00249275;90
86.272;0.00362968;90
89.089;0.00289337;90
99.6678;0.0024295;90
84.49;0.00198919;90
93.5517;0.00130751;90
69.501;0.0011765;90
82.4373;0.00154242;90
79.8457;0.00088486;90
78.8;0.00143126;90
79.432;0.00149943;90
77.8781;0.00132862;90
81.817;0.00168617;90
76.9318;0.000875679;90
81.8622;0.0010526;90
76.7218;0.00104493;90
77.169;0.00199481;90
79.2651;0.00168041;90
81.0274;0.00126954;90
100.471;0.00170031;90
128.049;0.000835577;90
120.418;0.000971755;90
123.983;0.000921369;90
121.64;0.000930273;90
125.673;0.00103403;90
154.391;0.000643183;90
125.179;0.000853972;90
129.456;0.00123686;90
160.333;0.000603186;90
170.67;0.00106712;90
-141.713;0.000792442;90
137.793;0.000638569;90
128.393;0.000872708;90
150.977;0.000876003;90
-130.013;0.000813424;90
-156.009;0.000617331;90
171.529;0.000617739;90
147.541;0.00107137;90
159.478;0.000790145;90
159.213;0.000755156;90
144.828;0.000965224;90
130.64;0.00128358;90
114.294;0.000823967;90
132.706;0.00962932;90
137.009;0.00667566;90
117.274;0.00148173;90
118.207;0.00285618;90
126.117;0.00491322;90
166.382;0.000564881;90
178.826;0.000488102;90
96.4347;0.0018738;90
87.3151;0.0030954;90
93.4057;0.00488162;90
86.5545;0.00259569;90
104.988;0.00162012;90
112.434;0.00258894;90
153.075;0.00384701;90
-137.279;0.00142241;90
-123.725;0.00183356;90
100.786;0.00173668;90
71.4115;0.00153403;90
43.6529;0.000631621;90
-73.6706;0.00129108;90
12.7867;0.000578342;90
29.8409;0.000813917;90
17.1748;0.000934679;90
-25.1952;0.00102889;90
-36.0389;0.00183399;90
24.2323;0.00114268;90
-23.2519;0.00112976;90
55.9476;0.00118403;90
64.7477;0.0011908;90
-52.6065;0.00135686;90
-41.0186;0.00138503;90
-10.704;0.000667617;90
-10.3541;0.000728869;90
-37.905;0.00133962;90
-59.2903;0.00108285;90
-6.25633;0.000679044;90
39.6865;0.000862842;90
73.7935;0.00102472;90
70.7335;0.00172141;90
-64.949;0.00152329;90
-54.0127;0.00115554;90
160.042;0.00193948;90
-87.0819;0.00359466;90
-168.016;0.00123287;90
-178.919;0.00381468;90
-155.268;0.00102062;90
-172.258;0.00225657;90
113.31;0.0031033;90
119.856;0.00242253;90
155.61;0.00270983;90
-140.556;0.00271674;90
-142.646;0.00177506;90
-154.295;0.00295105;90
-164.003;0.00335284;90
-162.208;0.0034101;90
-119.295;0.00834866;90
-137.172;0.00175347;90
-143.516;0.0043979;90
-127.73;0.00495636;90
-128.418;0.00517549;90
-130.092;0.00511629;90
-130.022;0.00515019;90
-128.174;0.00512253;90
-131.307;0.00506137;90
-129.631;0.00829043;90
-123.725;0.00226761;90
-125.918;0.00593562;90
-137.088;0.00487025;90
-136.316;0.00489518;90
-120.797;0.00571487;90
-137.604;0.0046689;90
-171.32;0.00386324;90
-179.006;0.00386058;90
-178.565;0.00379319;90
-153.509;0.00415193;90
-126.068;0.00565615;90
-113.333;0.00633726;90
-112.484;0.0108833;90
-118.077;0.00223729;90
-115.57;0.00574354;90
-119.224;0.00573498;90
-125.59;0.00538855;90
-122.557;0.00566404;90
-113.487;0.00634573;90
-103.612;0.0113961;90
-97.7282;0.00300429;90
-97.0126;0.00809254;90
-101.027;0.00726207;90
-104.493;0.00711646;90
-106.977;0.00540766;90
-103.191;0.0107014;90
-103.371;0.00196322;90
-99.3824;0.00282783;90
-111.475;0.00306477;90
-111.669;0.00394585;90
-110.915;0.00274806;90
-100.28;0.00142894;90
-83.0605;0.00360038;90
-65.025;0.0038842;90
-64.4139;0.00421426;90
-62.7004;0.00341878;90
-44.9772;0.00177413;90
-65.1713;0.00366034;90
-68.9959;0.00320281;90
-106.117;0.00284585;90
152.068;0.000862473;90
101.599;0.0095245;90
172.24;0.000481408;90
113.699;0.0033986;90
115.648;0.00391362;90
114.65;0.00421511;90
100.489;0.00515819;90
50.2932;0.00118806;90
70.4708;0.0035269;90
68.6631;0.00398515;90
75.9946;0.00496252;90
75.7111;0.00286049;90
77.4808;0.00582654;90
74.4855;0.00670325;90
73.8016;0.00678224;90
79.0401;0.0120396;90
83.9046;0.00333385;90
81.453;0.00783198;90
76.9804;0.00773689;90
67.7405;0.00736268;90
58.3715;0.00589806;90
56.7047;0.00990247;90
63.0974;0.002809;90
65.2081;0.00692305;90
66.93;0.00655089;90
67.0948;0.00641046;90
64.9946;0.00660511;90
41.8082;0.00506721;90
14.4694;0.00404221;90
-1.606;0.00396056;90
9.67627;0.00396237;90
23.185;0.00386842;90
50.8396;0.00484407;90
52.6993;0.00542575;90
45.0888;0.0100395;90
55.2643;0.00214289;90
56.3895;0.00399606;90
57.349;0.00601089;90
44.8689;0.00525311;90
47.337;0.00516759;90
50.0959;0.00566013;90
51.511;0.00906062;90
48.0015;0.00226868;90
50.4444;0.0061037;90
36.2059;0.00469452;90
63.7792;0.00588007;90
43.9539;0.00426032;90
14.0119;0.00342388;90
19.702;0.00351795;90
37.6577;0.00383996;90
33.8526;0.00107529;90
5.5722;0.00214212;90
-34.8939;0.00229697;90
-76.4565;0.00335633;90
-68.5948;0.000805566;90
-43.779;0.000829625;90
13.8048;0.00444232;90
-7.54359;0.0014092;90
-14.5677;0.00222245;90
90.2447;0.00351203;90
79.3579;0.00235551;90
-63.419;0.00321368;90
117.649;0.00224541;90
-107.173;0.0020525;90
-91.4338;0.00167853;90
-105.017;0.0015168;90
164.695;0.00233376;90
-170.36;0.00253784;90
-161.545;0.00266612;90
119.303;0.00442755;90
-107.351;0.00202201;90
-81.2018;0.0123959;90
-92.2342;0.000974741;90
-30.1748;0.0009092;90
-43.6515;0.00219335;90
-58.2754;0.00352581;90
-59.9254;0.00344822;90
-51.3658;0.00524229;90
-40.2679;0.00117426;90
-46.7071;0.00498449;90
-47.1853;0.00116828;90
19.3811;0.00145548;90
75.9856;0.00317964;90
86.7284;0.004293;90
87.7353;0.00432738;90
92.7348;0.00414973;90
94.3596;0.00370973;90
108.448;0.00286945;90
121.346;0.00269893;90
34.0911;0.00150577;90
39.3788;0.00288757;90
36.7875;0.0026434;90
74.1725;0.0020019;90
115.114;0.00247165;90
143.503;0.00135343;90
-144.774;0.000662273;90
107.156;0.00118995;90
135.654;0.00204296;90
138.668;0.00213347;90
125.132;0.00251276;90
161.065;0.00173805;90
174.59;0.000721213;90
-105.01;0.00229739;90
-105.668;0.00235865;90
-89.175;0.00187519;90
-65.8989;0.00239257;90
-49.7636;0.00132829;90
-173.292;0.00225141;90
-89.3591;0.00178811;90
-31.7539;0.00207687;90
-25.6758;0.00285267;90
-34.7325;0.00106714;90
-67.3265;0.00303777;90
-55.4688;0.00117138;90
-82.3581;0.00657237;90
-87.3388;0.00221839;90
-86.4502;0.00350472;90
-94.3818;0.00519619;90
-98.3363;0.0038901;90
-110.144;0.00221553;90
-42.6071;0.00265892;90
129.589;0.00216704;90
156.81;0.000850734;90
69.4413;0.0025515;90
81.0452;0.00350775;90
85.0476;0.004286;90
90.8685;0.00376043;90
91.8214;0.00409007;90
95.2478;0.00417651;90
121.856;0.0030846;90
103.966;0.00276782;90
171.506;0.00215969;90
140.983;0.00348665;90
117.041;0.00166951;90
86.5051;0.00351053;90
44.5838;0.000584086;90
-61.4498;0.00250456;90
-121.089;0.00283522;90
-44.1974;0.0028775;90
-22.6177;0.00203338;90
-39.4507;0.0016745;90
-73.1466;0.00131759;90
-60.1555;0.0027831;90
-73.8657;0.00345821;90
-83.4956;0.00369881;90
-90.6266;0.00484629;90
-94.2359;0.00407513;90
-93.7828;0.00341043;90
-109.502;0.00342977;90
-61.3017;0.00140567;90
-38.9303;0.000628606;90
-53.5879;0.00122644;90
85.2961;0.0320951;90
-12.5917;0.00108715;90
7.31399;0.00424958;90
93.6813;0.0111049;90
99.2961;0.0025505;90
108.855;0.0153444;90
131.469;0.00176829;90
112.564;0.00326277;90
-48.6987;0.00177571;90
6.03845;0.000712956;90
84.5871;0.00792936;90
59.5823;0.0105096;90
-49.6669;0.0010429;90
-49.5358;0.0012697;90
8.86186;0.000752989;90
35.113;0.000737147;90
-76.7373;0.00132946;90
-43.9815;0.00127299;90
49.8273;0.000739428;90
78.4088;0.00151796;90
132.01;0.000935361;90
100.296;0.00168412;90
81.5339;0.00144677;90
12.3635;0.000789305;90
50.8612;0.00080323;90
58.0295;0.00104442;90
54.8482;0.00108729;90
65.6955;0.00122453;90
94.072;0.00268979;90
140.072;0.000959767;90
176.707;0.00109681;90
172.263;0.000824506;90
-133.737;0.000705864;90
-114.183;0.00110826;90
-75.3046;0.00193944;90
-125.055;0.00104813;90
-100.567;0.00154317;90
-143.344;0.00155441;90
-126.457;0.00136144;90
160.71;0.00148327;90
98.3539;0.00181021;90
-152.231;0.00100019;90
100.839;0.00107416;90
94.6005;0.00172054;90
111.256;0.00203011;90
107.639;0.00106927;90
116.637;0.00107287;90
-140.159;0.00122685;90
-116.325;0.000852397;90
-98.1874;0.00198018;90
-86.0555;0.00271844;90
-101.551;0.00116357;90
-117.733;0.00149132;90
-78.9399;0.00121456;90
58.9223;0.00155172;90
30.5698;0.000947724;90
-85.958;0.00205712;90
-91.0984;0.00198236;90
-111.937;0.00149095;90
-152.135;0.000552004;90
-99.933;0.0014609;90
-114.098;0.00102865;90
-100.031;0.00142377;90
-43.2089;0.0010633;90
-118.095;0.00175818;90
-40.0806;0.000907024;90
-89.5956;0.00226706;90
-104.129;0.0028595;90
-132.163;0.00169985;90
158.364;0.00141575;90
-55.2685;0.00338756;90
-52.7044;0.00156124;90
-66.2704;0.0052706;90
-74.6155;0.00571063;90
-76.2662;0.00560629;90
-74.4771;0.00502946;90
-85.4053;0.00495593;90
-105.528;0.00460198;90
-124.541;0.00293302;90
-173.504;0.00137885;90
105.623;0.00314519;90
161.693;0.00225724;90
-131.888;0.00359458;90
-169.873;0.00204181;90
-71.0509;0.00246668;90
-61.7135;0.00326032;90
-88.2811;0.00433395;90
-87.1072;0.00414128;90
-91.4692;0.00413436;90
-94.0271;0.00467053;90
-104.02;0.00441245;90
-36.1924;0.0014039;90
-50.2025;0.000912391;90
-45.674;0.000661191;90
101.438;0.00544616;90
78.4545;0.00200354;90
89.5778;0.0035281;90
90.4163;0.00412911;90
92.8134;0.00660096;90
92.6778;0.00179796;90
112.882;0.0030218;90
121.385;0.00268248;90
138.628;0.0016204;90
147.46;0.00288724;90
149.259;0.00203262;90
79.5033;0.00240423;90
90.6278;0.00310319;90
-47.3373;0.000624187;90
-67.2646;0.00251762;90
-54.6061;0.00138986;90
-60.8982;0.00684057;90
-37.6004;0.000658854;90
-62.9717;0.00121691;90
-76.8619;0.00137704;90
-72.3547;0.002593;90
-85.2269;0.002019;90
-90.2627;0.00261703;90
-84.2142;0.00235098;90
-92.1322;0.00153206;90
-62.8203;0.000958881;90
20.8952;0.000751417;90
-74.8745;0.00100792;90
-32.119;0.000748572;90
-48.0467;0.000878054;90
-97.4272;0.00117587;90
-69.9925;0.0010025;90
-71.5014;0.000854132;90
-76.0325;0.00101089;90
-53.3787;0.00110641;90
-78.6367;0.00168503;90
-154.18;0.00123754;90
-114.195;0.000800302;90
-102.354;0.0042627;90
-137.355;0.000912231;90
125.528;0.000708994;90
121.703;0.00070406;90
99.5859;0.00586692;90
83.3537;0.00221186;90
84.5061;0.00349907;90
90.7688;0.00283225;90
93.2966;0.00231283;90
91.7683;0.00223606;90
93.6526;0.00323357;90
95.5344;0.00106798;90
104.036;0.00206155;90
121.815;0.00143217;90
120.835;0.00136959;90
97.4815;0.000936977;90
168.472;0.000980784;90
126.695;0.000984005;90
101.641;0.00132322;90
101.349;0.00143302;90
104.673;0.000872455;90
143.982;0.0009013;90
129.855;0.000898819;90
-155.58;0.00232938;90
-56.2074;0.00185908;90
-29.0893;0.00304624;90
-35.9082;0.00204949;90
-39.8097;0.00179777;90
-34.0806;0.00244129;90
-52.5757;0.00324495;90
-59.2363;0.00117889;90
-66.8978;0.00304303;90
-77.6928;0.00356083;90
-84.2106;0.00267665;90
-131.384;0.00160337;90
-119.284;0.00131047;90
-159.532;0.000989467;90
42.3166;0.00188792;90
45.0369;0.00109672;90
44.326;0.00108195;90
-77.6098;0.004036;90
-76.2813;0.00126921;90
-119.907;0.00262335;90
81.0529;0.000932344;90
-129.422;0.00327385;90
-155.202;0.00160939;90
158.085;0.00271413;90
-111.634;0.00088967;90
-113.837;0.00241501;90
-42.6943;0.000861246;90
-39.8492;0.00100816;90
-56.0338;0.00149632;90
-95.5093;0.00382266;90
-69.0634;0.00574533;90
-56.7422;0.00113966;90
-59.9604;0.0023392;90
-67.6183;0.0019434;90
-70.4171;0.00331473;90
-64.8586;0.00342;90
-61.3627;0.00629507;90
-71.0134;0.00114954;90
116.267;0.0122833;90
105.61;0.00150138;90
111.537;0.00229633;90
122.854;0.00159632;90
121.205;0.0031731;90
109.831;0.00354312;90
109.81;0.00300376;90
107.682;0.0031771;90
84.6666;0.0012695;90
-33.589;0.000943547;90
-46.3057;0.000993036;90
-57.7616;0.00109477;90
124.54;0.00360678;90
69.0913;0.00249103;90
80.7226;0.00336198;90
88.2533;0.00600379;90
90.2371;0.00193302;90
94.3859;0.00308604;90
94.4328;0.00296286;90
106.138;0.00306165;90
128.135;0.00250841;90
77.1549;0.00149337;90
9.52929;0.00196917;90
42.5232;0.00415601;90
1.87641;0.000641344;90
-57.5807;0.00262632;90
-55.2859;0.00190875;90
-74.5759;0.00603848;90
-70.0617;0.00185626;90
-71.0119;0.00478222;90
-70.4426;0.00511723;90
-53.3323;0.00442083;90
-54.5077;0.0048416;90
-63.8665;0.00534435;90
-66.7265;0.00531988;90
-58.9917;0.0079373;90
-54.6948;0.00194833;90
-61.9262;0.00533353;90
-63.0949;0.00512471;90
-55.4615;0.00501976;90
-43.5826;0.00420221;90
-44.8842;0.00419881;90
-48.3961;0.00448811;90
-44.2506;0.00351391;90
-46.9829;0.00384189;90
-67.009;0.00500018;90
-79.4988;0.0058215;90
-89.2375;0.00601153;90
-84.712;0.00670554;90
-75.6009;0.00601185;90
-46.9333;0.00429671;90
-41.0441;0.00311587;90
-44.0141;0.00295897;90
-57.6889;0.00301955;90
-57.0874;0.00345444;90
-57.494;0.00567746;90
-56.7343;0.000973526;90
-62.6118;0.00301945;90
-66.355;0.00377491;90
-48.4664;0.00328628;90
-47.1051;0.00300299;90
-56.5531;0.00267978;90
-33.3675;0.00206906;90
-50.7808;0.0032153;90
-68.9386;0.00483071;90
-66.595;0.00517587;90
-53.3656;0.00452484;90
-33.9363;0.00361474;90
-31.8551;0.00363793;90
-31.5704;0.00364438;90
-38.7226;0.00370554;90
-60.4436;0.00301654;90
-65.4972;0.00434973;90
-48.1083;0.00383392;90
-33.4057;0.00340923;90
-53.1479;0.0057874;90
-46.299;0.00124766;90
-43.2077;0.00269044;90
-52.2044;0.00335484;90
-64.5682;0.00452221;90
-63.9163;0.00511049;90
-84.7738;0.00636747;90
-88.2471;0.00585174;90
-85.6679;0.00732092;90
-81.7361;0.00642168;90
-81.9722;0.00625833;90
-82.6109;0.00583949;90
-81.2087;0.00656918;90
-85.5547;0.00556073;90
-85.1138;0.00555318;90
-80.4235;0.0057765;90
-76.8363;0.00551081;90
-76.128;0.00583931;90
-68.8037;0.00590767;90
-65.1132;0.00537513;90
-65.6386;0.00844382;90
-69.4256;0.00219394;90
-74.1302;0.00582918;90
-73.7477;0.0058206;90
-60.0299;0.00381745;90
-30.5126;0.00370277;90
-17.9313;0.00280631;90
-10.3939;0.00316493;90
-10.8177;0.0028079;90
-20.7484;0.00285945;90
-32.418;0.00281108;90
-48.1716;0.00327184;90
-63.8347;0.00358987;90
-79.1616;0.00436079;90
-83.4314;0.00493037;90
-84.2972;0.0051123;90
-79.4726;0.00534192;90
-74.3195;0.00513926;90
-64.7974;0.00208774;90
-57.1307;0.00110369;90
-52.4797;0.00209674;90
-49.5421;0.00177688;90
-51.5486;0.00171745;90
-53.3046;0.00111621;90
-55.8564;0.00157678;90
-51.1702;0.000894723;90
-50.3388;0.000813165;90
-43.9292;0.000756736;90
-42.0962;0.000586237;90
-48.8332;0.000846178;90
-43.1889;0.00178987;90
-55.0563;0.00368908;90
-52.161;0.0034885;90
-30.713;0.00278225;90
-19.7419;0.00253712;90
-22.5181;0.00264247;90
-21.5948;0.00411912;90
-20.6581;0.00105162;90
-21.9399;0.0026898;90
-25.729;0.00220679;90
-38.7004;0.00220392;90
-52.6673;0.0030951;90
-60.2949;0.00446587;90
-60.3081;0.00469782;90
-60.358;0.00476567;90
-60.6871;0.00486949;90
-67.2117;0.0055741;90
-73.676;0.00621556;90
-74.2081;0.00625405;90
-76.0295;0.00613033;90
-79.7287;0.00641582;90
-80.6725;0.006429;90
-80.4892;0.00641518;90
-80.4759;0.0065513;90
-82.3068;0.00706661;90
-86.0186;0.00685554;90
-86.6091;0.011429;90
-86.3954;0.00291076;90
-89.017;0.00711105;90
-93.2465;0.00701025;90
-96.4844;0.00675622;90
-96.5092;0.00565445;90
-96.1291;0.00539484;90
-91.908;0.00513585;90
-68.5923;0.0045671;90
-45.6208;0.00385042;90
-44.5928;0.0039797;90
-41.2028;0.00382253;90
-41.694;0.00361721;90
-41.1654;0.00341519;90
-68.1937;0.00431259;90
-43.3775;0.00164822;90
-16.8022;0.00298545;90
-6.84844;0.00321192;90
20.0976;0.00337873;90
45.7747;0.00428829;90
65.5144;0.00843016;90
68.7076;0.00183957;90
63.4283;0.00388092;90
31.0725;0.00153646;90
-5.91247;0.00186392;90
-25.5278;0.00160576;90
-31.2465;0.00132056;90
-51.818;0.00168564;90
-54.4691;0.00196854;90
-57.1907;0.00218328;90
-50.0478;0.00200109;90
-53.2612;0.00297241;90
-66.0188;0.00435492;90
-70.3431;0.00496749;90
-75.6891;0.00617357;90
-76.0007;0.00638669;90
-71.2333;0.00595246;90
-70.7109;0.00587585;90
-65.6819;0.00557791;90
-66.8375;0.00605073;90
-70.8747;0.00929081;90
-53.379;0.00188762;90
-64.6002;0.0053878;90
-81.4601;0.00652535;90
-93.9296;0.0122428;90
-94.846;0.00641593;90
-97.1961;0.00639437;90
-101.589;0.00520204;90
-103.349;0.00530124;90
-106.253;0.00507376;90
-103.042;0.00584478;90
-102.719;0.00629037;90
-95.7615;0.00672397;90
-83.2627;0.0120613;90
-82.1108;0.00289238;90
-95.0713;0.0123875;90
-98.6297;0.00635798;90
-88.5486;0.00572484;90
-81.3633;0.0105415;90
-81.167;0.00270913;90
-81.2797;0.00689268;90
-81.2846;0.00750364;90
-81.3368;0.0071435;90
-81.3286;0.00693123;90
-80.6055;0.00694109;90
-76.111;0.0064197;90
-77.1927;0.00662687;90
-82.5429;0.00701937;90
-77.5732;0.0113294;90
-76.7107;0.00262325;90
-80.4202;0.00609297;90
-84.5121;0.00650381;90
-84.8325;0.00635081;90
-88.7313;0.00623253;90
-89.0059;0.00835726;90
-88.9855;0.0019203;90
-84.4025;0.00368055;90
-76.7621;0.00501321;90
-76.3638;0.00920445;90
-76.649;0.00249441;90
-76.6577;0.00644804;90
-76.4354;0.00654044;90
-76.7921;0.00664375;90
-78.913;0.0067031;90
-79.5079;0.00678749;90
-79.1574;0.00726164;90
-79.4663;0.0067172;90
-77.9216;0.00685782;90
-65.3808;0.00600596;90
-53.8547;0.00578806;90
-53.4715;0.0053711;90
-53.1977;0.0054252;90
-53.4003;0.00572606;90
-60.1073;0.00577074;90
-68.7499;0.00694737;90
-68.9035;0.00697339;90
-68.5576;0.0053342;90
-56.4611;0.00367962;90
-49.4265;0.00736598;90
-50.0514;0.00251363;90
-45.4577;0.00478019;90
-41.9827;0.00474207;90
-46.1218;0.00512892;90
-40.4148;0.0045996;90
-63.4601;0.00612101;90
-75.748;0.00618228;90
-76.6161;0.00930985;90
-75.2111;0.00251119;90
-74.9744;0.00466344;90
-71.9446;0.00510751;90
-63.669;0.00525525;90
-66.3259;0.00623359;90
-68.4139;0.00587934;90
-67.9489;0.00545504;90
-70.9037;0.00517794;90
-78.0361;0.00568754;90
-87.393;0.00998133;90
-87.7747;0.00213761;90
-86.4637;0.00402066;90
-96.406;0.0010576;90
-85.029;0.00387758;90
-83.1117;0.00435242;90
-81.2802;0.00380599;90
-81.7673;0.00252805;90
-81.287;0.00118164;90
-87.5245;0.00106499;90
-91.836;0.00287147;90
-88.4394;0.00422257;90
-89.4089;0.00736739;90
-91.8183;0.00359281;90
-96.8586;0.0276337;90
83.3182;0.0279317;90
87.4541;0.00481776;90
91.5108;0.00493071;90
91.7546;0.0059768;90
94.2039;0.0033831;90
92.6233;0.00201011;90
96.8094;0.00436882;90
98.3328;0.00463695;90
95.6572;0.00363169;90
93.0174;0.00522424;90
87.4662;0.00208103;90
90.2704;0.00572206;90
98.0608;0.00982002;90
107.872;0.00295877;90
111.843;0.00928885;90
111.4;0.00217603;90
111.404;0.0056228;90
116.703;0.00759729;90
111.211;0.00317296;90
103.444;0.00535062;90
104.637;0.00703634;90
104.12;0.00643957;90
103.879;0.00628242;90
113.351;0.00553537;90
136.092;0.00415571;90
134.948;0.00468671;90
136.999;0.00413626;90
137.469;0.00454597;90
132.296;0.00458575;90
130.726;0.00447854;90
130.87;0.00367235;90
122.811;0.00394189;90
111.002;0.00505586;90
111.27;0.00657167;90
111.752;0.00963611;90
120.883;0.00207291;90
126.494;0.0047853;90
126.865;0.0045972;90
127.948;0.00411253;90
125.926;0.00486926;90
126.748;0.00433561;90
114.192;0.00848958;90
101.999;0.00246281;90
100.12;0.00633455;90
101.002;0.0100191;90
99.7482;0.0031302;90
101.282;0.00524434;90
101.282;0.00651184;90
103.537;0.00684413;90
103.253;0.00624224;90
103.34;0.00568643;90
103.889;0.0055616;90
103.184;0.00459923;90
104.202;0.00393322;90
98.1712;0.006501;90
90.9778;0.00199229;90
90.9862;0.00644896;90
91.0246;0.00464174;90
92.5441;0.00533926;90
95.954;0.00702791;90
95.8532;0.00627572;90
102.181;0.00594791;90
103.57;0.00596657;90
100.688;0.00609271;90
97.9546;0.00826654;90
103.391;0.00426599;90
104.036;0.00567752;90
99.8964;0.00585918;90
99.6268;0.00595587;90
98.8189;0.0058704;90
98.5714;0.00662904;90
98.8147;0.00941014;90
98.8384;0.00292878;90
98.9736;0.00616749;90
97.7668;0.00936794;90
90.4144;0.00207405;90
83.5485;0.00647903;90
80.217;0.0031427;90
85.8802;0.0114696;90
99.2641;0.0069385;90
92.3718;0.0114298;90
79.128;0.00256606;90
77.6597;0.00599859;90
77.25;0.00893532;90
69.1345;0.00184179;90
76.0564;0.00449856;90
78.1295;0.00665532;90
82.4341;0.00461014;90
85.4647;0.0205885;90
103.851;0.00951157;90
121.328;0.00202527;90
116.557;0.0060906;90
105.794;0.00259393;90
109.233;0.00619582;90
117.589;0.00443081;90
111.072;0.00554048;90
110.656;0.00545998;90
107.16;0.00541611;90
102.912;0.00554931;90
104.888;0.00544892;90
109.303;0.00457096;90
116.276;0.0070048;90
135.362;0.000895215;90
125.519;0.0017987;90
129.486;0.00227397;90
120.229;0.00237957;90
131.121;0.00158897;90
150.704;0.00142644;90
152.729;0.00239412;90
-157.037;0.00191473;90
-122.907;0.00369243;90
-112.886;0.00909494;90
-119.466;0.00213863;90
-135.076;0.00374979;90
-167.681;0.00509942;90
173.706;0.00135919;90
164.911;0.00263899;90
156.365;0.00182836;90
106.265;0.00408448;90
135.253;0.00335667;90
142.006;0.00349587;90
137.084;0.00400487;90
133.61;0.00437403;90
136.884;0.00393576;90
113.833;0.00471944;90
88.2265;0.00578377;90
83.3736;0.00601418;90
83.645;0.00596264;90
83.6625;0.00702091;90
89.2061;0.0112591;90
93.0245;0.00282393;90
93.4777;0.0111936;90
93.1969;0.00279735;90
94.4058;0.00686027;90
98.3462;0.00738522;90
99.4665;0.00672458;90
99.5434;0.00650807;90
99.6519;0.012221;90
102.275;0.00269051;90
106.829;0.00503253;90
105.686;0.00646164;90
108.979;0.00652154;90
117.515;0.00547644;90
119.753;0.00552538;90
119.44;0.00544855;90
119.885;0.00447159;90
124.292;0.00134716;90
125.533;0.00134557;90
153.589;0.0128033;90
163.473;0.000541366;90
158.461;0.000729976;90
155.638;0.000523627;90
161.174;0.000833596;90
155.594;0.00049855;90
158.923;0.000720184;90
158.332;0.00159253;90
161.303;0.00082979;90
147.944;0.000836551;90
140.026;0.000960409;90
134.865;0.000898735;90
125.433;0.0019146;90
123.449;0.00237303;90
131.535;0.00484405;90
131.114;0.00164852;90
127.465;0.00334878;90
127.979;0.00260329;90
130.135;0.00238447;90
121.46;0.0028511;90
110.467;0.00400375;90
103.428;0.00468096;90
98.427;0.00510411;90
95.745;0.00662327;90
99.1894;0.00458991;90
112.035;0.00486972;90
137.142;0.00431354;90
152.433;0.00365832;90
170.431;0.0035433;90
164.901;0.00364691;90
162.933;0.0038673;90
132.678;0.00480025;90
108.626;0.00665031;90
104.667;0.0061649;90
113.326;0.00914223;90
115.179;0.00264425;90
114.822;0.00577888;90
109.055;0.00625156;90
102.915;0.00660406;90
103.179;0.00515373;90
96.042;0.00844592;90
94.8461;0.00686554;90
98.0138;0.00675698;90
98.4056;0.00697088;90
98.7155;0.00639484;90
95.5814;0.00666259;90
93.5658;0.0125733;90
96.9036;0.00317804;90
108.247;0.0044329;90
114.993;0.00529924;90
122.923;0.00348106;90
135.016;0.00254629;90
136.262;0.00272939;90
127.288;0.00290348;90
134.313;0.00501304;90
147.878;0.00109456;90
134.505;0.00327544;90
115.035;0.00400309;90
118.908;0.00399248;90
140.676;0.00326019;90
147.744;0.00363498;90
148.737;0.00354355;90
147.978;0.0033249;90
133.636;0.00398072;90
113.948;0.00485823;90
110.772;0.00505563;90
121.335;0.00389396;90
141.897;0.00266742;90
126.849;0.0032616;90
133.258;0.00286157;90
128.629;0.00372115;90
112.506;0.00436547;90
124.463;0.00207643;90
122.798;0.00252918;90
120.796;0.00546105;90
128.48;0.00119567;90
120.651;0.00323846;90
137.149;0.00260257;90
138.998;0.00307279;90
135.331;0.00404401;90
108.084;0.0060467;90
96.2974;0.00695597;90
90.3812;0.00691315;90
101.237;0.00604999;90
119.203;0.00712227;90
141.919;0.00139111;90
137.377;0.00306866;90
132.468;0.00372939;90
131.183;0.00363269;90
137.596;0.00337212;90
135.038;0.00321946;90
124.132;0.00370523;90
117.209;0.00477207;90
117.537;0.00551136;90
123.518;0.00840097;90
115.638;0.00240588;90
113.805;0.00596335;90
117.535;0.00594208;90
127.277;0.00425151;90
119.579;0.0060977;90
112.304;0.00417106;90
106.371;0.00640049;90
105.927;0.0038373;90
116.101;0.00353668;90
153.16;0.0027021;90
-143.712;0.00547108;90
-66.7379;0.00272448;90
-72.1826;0.00399039;90
-86.9052;0.00437138;90
-84.5444;0.00444915;90
-96.5305;0.00395667;90
-93.7325;0.00345633;90
-108.823;0.00294446;90
-69.7078;0.00205878;90
-48.3225;0.0017325;90
91.0867;0.0118641;90
94.25;0.00762396;90
93.289;0.00264936;90
99.0502;0.0019199;90
114.925;0.00559291;90
142.739;0.000556613;90
162.805;0.00146131;90
137.631;0.004606;90
91.7159;0.00253814;90
86.8388;0.00255689;90
-45.791;0.00143415;90
-45.7591;0.00112086;90
-46.9914;0.00101743;90
-93.6768;0.00469366;90
-30.0218;0.00195072;90
-27.4052;0.00158599;90
-54.3848;0.00146135;90
-22.7648;0.00197701;90
-45.4606;0.00255062;90
-58.3898;0.00275118;90
-62.0037;0.00159347;90
-71.7135;0.00341654;90
-76.6386;0.00366521;90
-118.183;0.00234389;90
-136.374;0.000589897;90
-124.653;0.0014685;90
71.8935;0.000772241;90
44.8148;0.0013124;90
17.9469;0.00185632;90
-82.0905;0.00135893;90
-81.7854;0.00258957;90
-104.256;0.00252578;90
163.783;0.00058008;90
-90.8765;0.000719084;90
-146.76;0.00346255;90
-175.534;0.00104016;90
163.07;0.00190245;90
100.118;0.00114988;90
86.5517;0.00374077;90
76.532;0.0016874;90
84.1211;0.0010837;90
-95.2048;0.00449754;90
-101.816;0.00186553;90
-107.589;0.00381223;90
-52.4871;0.00276217;90
-38.5616;0.000819757;90
94.4465;0.0104735;90
88.6325;0.00414818;90
92.5837;0.00414822;90
93.3925;0.00400502;90
110.426;0.00355022;90
116.261;0.00261266;90
16.736;0.0017919;90
46.5148;0.00334366;90
8.79245;0.00244675;90
-61.8864;0.00377318;90
32.2852;0.00160634;90
64.9998;0.00414319;90
87.1577;0.005687;90
104.106;0.00633916;90
104.203;0.00615825;90
105.681;0.0063192;90
117.743;0.00515567;90
135.621;0.00287102;90
149.466;0.00164746;90
147.492;0.00344237;90
147.761;0.00306681;90
139.36;0.00160908;90
125.575;0.00318681;90
110.756;0.00463907;90
107.273;0.00285265;90
106.051;0.0053818;90
104.51;0.00607475;90
118.237;0.00528832;90
104.697;0.0067085;90
103.901;0.00658898;90
124.386;0.00518627;90
126.941;0.0051798;90
110.315;0.00596505;90
96.6693;0.00709501;90
91.5056;0.00494771;90
80.5286;0.00518975;90
80.1204;0.00586904;90
81.3014;0.00595753;90
85.8029;0.00629889;90
86.1497;0.0070439;90
94.2007;0.0068123;90
117.194;0.00591028;90
110.661;0.00692112;90
114.356;0.00602084;90
143.451;0.00467667;90
-159.574;0.00432386;90
177.371;0.00396718;90
147.764;0.00377012;90
146.511;0.00261154;90
150.549;0.00293073;90
179.562;0.00235407;90
-174.031;0.00218284;90
-173.304;0.00165529;90
-171.807;0.00309458;90
-166.81;0.00366366;90
-127.723;0.00511897;90
-120.125;0.00590567;90
-122.88;0.00571204;90
-117.041;0.00624242;90
-126.944;0.0050962;90
-135.927;0.00467812;90
-145.46;0.00416764;90
-126.846;0.0051846;90
-114.192;0.00491462;90
-122.804;0.00390944;90
-172.603;0.00361206;90
165.352;0.00399794;90
162.091;0.00420158;90
161.428;0.00384313;90
141.309;0.00436881;90
126.552;0.00518848;90
115.788;0.00593507;90
111.835;0.00624828;90
125.012;0.00539784;90
129.744;0.00512545;90
132.898;0.00508894;90
132.231;0.00500509;90
123.13;0.00550733;90
121.313;0.00563006;90
116.6;0.00590277;90
108.999;0.0064229;90
125.255;0.00537233;90
156.358;0.0039724;90
150.366;0.00415207;90
143.587;0.00436154;90
144.228;0.00461205;90
162.855;0.00397567;90
162.065;0.00387742;90
145.001;0.00423846;90
126.982;0.00523141;90
115.011;0.00613534;90
124.599;0.00527975;90
116.236;0.00598784;90
141.33;0.00439317;90
126.834;0.003156;90
123.286;0.00346197;90
123.265;0.00422776;90
117.938;0.00408736;90
146.009;0.00290306;90
159.628;0.0026572;90
137.328;0.00348184;90
112.713;0.00469293;90
113.327;0.00493214;90
116.906;0.00488813;90
107.781;0.00520988;90
119.329;0.00466495;90
138.53;0.00367544;90
123.571;0.00454633;90
107.969;0.00482327;90
104.927;0.00458884;90
115.327;0.00387109;90
114.744;0.00512229;90
116.396;0.0051555;90
128.488;0.004009;90
141.641;0.00395594;90
135.099;0.00408143;90
134.538;0.00403064;90
134.094;0.00402394;90
135.465;0.00392245;90
135.407;0.00348259;90
133.955;0.00356583;90
129.742;0.00426696;90
136.2;0.00398471;90
136.848;0.00394771;90
127.679;0.00419482;90
129.173;0.00399102;90
138.171;0.00391205;90
139.39;0.00354736;90
143.929;0.00355815;90
162.723;0.00319202;90
-173.019;0.00315942;90
-166.898;0.00303501;90
161.121;0.0030596;90
136.459;0.00383235;90
148.844;0.00321819;90
155.164;0.00349746;90
136.636;0.00381427;90
129.45;0.00396282;90
129.732;0.00397376;90
130.561;0.0040476;90
127.403;0.00421458;90
120.784;0.00441971;90
132.767;0.00386586;90
137.981;0.00398428;90
142.047;0.00342921;90
154.24;0.00296129;90
167.515;0.00186408;90
-122.691;0.00170152;90
-143.213;0.002767;90
-146.838;0.00240584;90
-176.227;0.0024012;90
-176.583;0.00214782;90
155.629;0.00188057;90
140.725;0.00202038;90
131.804;0.00228326;90
122.556;0.00253659;90
127.74;0.00267451;90
158.705;0.00113446;90
-114.654;0.00244046;90
-112.65;0.00231885;90
55.8259;0.00492425;90
-41.5558;0.000918069;90
-57.5562;0.00321358;90
-54.0528;0.00252113;90
-41.2222;0.00341284;90
-25.9337;0.000649394;90
-7.58004;0.00129633;90
-0.255132;0.00157202;90
5.81956;0.00308691;90
43.5143;0.000736346;90
33.757;0.00166105;90
34.9511;0.00206676;90
69.7256;0.0011428;90
19.268;0.00171825;90
-23.9708;0.00279616;90
-34.1347;0.00393128;90
-42.9211;0.0072512;90
-52.977;0.00194641;90
-58.1678;0.00532959;90
-51.4695;0.00477581;90
-47.6498;0.00377787;90
-51.2717;0.00691944;90
-44.1535;0.00210599;90
-26.9389;0.00390694;90
-30.5339;0.00395435;90
-42.2052;0.00433619;90
-4.20221;0.00346632;90
13.7216;0.00370988;90
-10.2313;0.0037608;90
-33.7242;0.00418771;90
-42.1078;0.00434434;90
-43.0304;0.00469089;90
-52.8602;0.00483965;90
-48.5825;0.00451521;90
-39.6737;0.00350399;90
-50.1846;0.0044681;90
-45.9275;0.00747015;90
-43.0938;0.00182818;90
-45.6991;0.00341912;90
-44.7816;0.00426742;90
-45.9403;0.00478281;90
-41.0576;0.00693191;90
-45;0.00178474;90
-60.3214;0.004932;90
-65.1627;0.00489474;90
-65.4201;0.00442828;90
-68.1865;0.00353081;90
-74.5665;0.00487375;90
-66.0802;0.00558136;90
-46.5378;0.00403125;90
-53.3642;0.00416103;90
-68.3517;0.00639184;90
-65.492;0.00533243;90
-65.5306;0.00540551;90
-66.5596;0.00522631;90
-36.4915;0.00333107;90
-23.6597;0.0043234;90
-61.3482;0.0040898;90
-55.8347;0.00391216;90
-57.9733;0.00456711;90
-51.5109;0.00361684;90
-37.3554;0.00316271;90
-58.2666;0.00480068;90
-59.6356;0.00580417;90
-57.4318;0.00253574;90
-60.993;0.00911086;90
-43.1372;0.00189251;90
-30.6203;0.00577995;90
-6.20915;0.00347639;90
-31.9509;0.00534589;90
-38.229;0.00224303;90
-33.2365;0.00791832;90
-10.7518;0.0017314;90
-48.1872;0.00764363;90
-69.8698;0.00292892;90
-67.1746;0.0100587;90
-58.0149;0.00598454;90
-53.9065;0.00522488;90
-46.9221;0.00522846;90
-47.9134;0.00535619;90
-50.9311;0.00623399;90
-62.7143;0.00661392;90
-71.0888;0.00311938;90
-59.548;0.00983001;90
-44.2031;0.00238954;90
-23.3132;0.00702451;90
-19.7269;0.00395512;90
-19.0108;0.00125865;90
-4.92869;0.0043531;90
25.3667;0.00265166;90
66.0747;0.00484533;90
65.6554;0.0021469;90
49.1149;0.00797197;90
34.1189;0.00174181;90
45.6263;0.006469;90
54.4882;0.00411796;90
63.92;0.00190162;90
61.9761;0.0068683;90
51.0418;0.00167952;90
59.3582;0.00677499;90
64.4412;0.00193539;90
49.3379;0.00275784;90
15.6817;0.00486509;90
7.09433;0.00115786;90
9.38978;0.00350598;90
-1.2856;0.00222856;90
7.27617;0.00103433;90
-29.1523;0.00495347;90
-25.7748;0.00129704;90
-29.0168;0.00500756;90
-4.17894;0.00139972;90
17.8333;0.00472818;90
15.2147;0.00136795;90
-39.0167;0.00518944;90
-10.6239;0.000835319;90
-76.3063;0.00235288;90
-79.2703;0.00358264;90
-67.8446;0.00613066;90
-62.3372;0.00515866;90
-80.0157;0.00561199;90
-94.6167;0.0063486;90
-93.5155;0.0061646;90
-95.7038;0.0025255;90
-98.9561;0.00865249;90
-99.7384;0.00238842;90
-95.3631;0.00584157;90
-98.7485;0.00376075;90
-83.7364;0.00776334;90
-70.1802;0.00617583;90
-63.2606;0.00264483;90
-53.4103;0.00879411;90
-75.3747;0.00323172;90
-74.8121;0.0108479;90
-60.8225;0.00235479;90
-72.5043;0.00808292;90
-75.6723;0.00519664;90
-68.6978;0.00206724;90
-68.9173;0.00355282;90
-65.8134;0.00184277;90
-52.9706;0.00402342;90
-98.6459;0.00408441;90
-101.029;0.00128065;90
-100.677;0.00333575;90
-107.242;0.00217264;90
-106.862;0.00239601;90
-102.939;0.00193821;90
-108.294;0.00230973;90
-84.1696;0.0031895;90
-51.2621;0.00389607;90
-45.7639;0.000742528;90
-99.4168;0.00186412;90
-48.146;0.000863264;90
-82.03;0.00278389;90
-101.998;0.000865915;90
-65.2054;0.00308322;90
-77.3437;0.000926512;90
-48.3757;0.00103275;90
127.409;0.00420739;90
-93.7331;0.0021656;90
-84.3606;0.00248302;90
-170.542;0.0019718;90
171.785;0.00239356;90
-163.938;0.00282634;90
177.47;0.00104202;90
113.425;0.00371521;90
148.79;0.000557719;90
-92.8183;0.0023999;90
71.4797;0.0025469;90
-76.9157;0.00272987;90
-35.7171;0.00222685;90
32.5535;0.00234906;90
6.39713;0.00233353;90
-10.2922;0.00202051;90
83.3587;0.00376124;90
79.3284;0.00135544;90
42.827;0.000578122;90
-68.4547;0.00257599;90
-53.0929;0.0018484;90
172.094;0.00420194;90
135.625;0.00123256;90
133.183;0.00138238;90
133.439;0.00153145;90
128.388;0.000921123;90
118.745;0.00102307;90
138.665;0.000940254;90
-141.209;0.000817259;90
-97.8533;0.00120026;90
-114.908;0.00126793;90
150.285;0.00093609;90
-154.305;0.000765718;90
176.601;0.00155173;90
145.098;0.00115348;90
160.387;0.00075373;90
-160.21;0.00147087;90
-164.649;0.000834785;90
121.311;0.00118919;90
-109.723;0.00206834;90
17.505;0.0016756;90
19.545;0.00251385;90
-40.5144;0.00250447;90
-70.6163;0.00248273;90
-54.4787;0.00285539;90
20.9329;0.00224197;90
12.6266;0.00228732;90
-12.3354;0.0023779;90
57.9108;0.00144944;90
89.9315;0.003345;90
33.014;0.000728649;90
-69.3514;0.00239057;90
178.137;0.00159985;90
-85.936;0.00263863;90
-37.5423;0.00345944;90
-29.9666;0.00240443;90
-57.156;0.00120217;90
-24.4854;0.00080104;90
-16.4501;0.00138781;90
-43.8127;0.00218401;90
-51.7944;0.00212778;90
-60.5503;0.00207054;90
-67.3376;0.002694;90
-74.0214;0.00260463;90
-77.0767;0.00307181;90
-116.148;0.00135241;90
-134.197;0.00161378;90
-124.423;0.00140989;90
34.0663;0.00346335;90
-78.0811;0.00273088;90
-92.459;0.00309985;90
-153.479;0.00116454;90
87.3446;0.00157569;90
-54.0019;0.00360182;90
-153.935;0.000921742;90
163.08;0.000670004;90
137.7;0.00133579;90
-145.018;0.00237389;90
-176.717;0.00214753;90
159.221;0.00153056;90
87.715;0.00411327;90
81.9656;0.00253993;90
-95.6468;0.0101935;90
-39.2849;0.000901801;90
-49.6549;0.00123728;90
118.839;0.00378775;90
75.7384;0.00357622;90
86.422;0.00440659;90
90.1056;0.00434201;90
92.7359;0.00454618;90
97.0879;0.00401972;90
120.707;0.00325079;90
105.515;0.00162626;90
132.703;0.00100561;90
148.653;0.00307367;90
150.456;0.00233224;90
94.1964;0.00401777;90
74.7967;0.00203627;90
-60.1286;0.00185321;90
-60.5178;0.00137965;90
121.906;0.00201315;90
116.697;0.00096822;90
-117.799;0.00099707;90
-89.2895;0.0039513;90
-52.62;0.00179707;90
-30.1705;0.00263842;90
-28.4594;0.00229993;90
1.10566;0.00222841;90
48.4094;0.00343626;90
-14.3914;0.00242613;90
-63.0993;0.00297715;90
-22.3801;0.000478004;90
-75.4427;0.00341359;90
-72.6572;0.00487775;90
-72.0552;0.00495294;90
-68.7572;0.00499006;90
-52.7282;0.00493232;90
-57.5616;0.00562462;90
-65.5125;0.00598318;90
-64.5907;0.00578678;90
-56.6302;0.00515962;90
-59.2243;0.00548781;90
-62.8044;0.00560795;90
-58.0242;0.00533084;90
-44.1563;0.00456204;90
-45.7015;0.00485112;90
-47.908;0.00430688;90
-42.9093;0.00354709;90
-48.9147;0.00374934;90
-66.2431;0.00478333;90
-77.3339;0.00547729;90
-89.6256;0.00596913;90
-85.4378;0.00642435;90
-77.8112;0.00625194;90
-50.3246;0.00456427;90
-40.9594;0.00295031;90
-40.8051;0.00237801;90
-53.2202;0.0026706;90
-56.4966;0.002895;90
-60.5123;0.00386806;90
-55.366;0.00397302;90
-61.6332;0.00411058;90
-63.195;0.00459248;90
-46.7766;0.00342121;90
-52.6686;0.00379932;90
-39.2193;0.00327856;90
-57.6344;0.00382762;90
-68.7539;0.00469404;90
-66.8213;0.00453506;90
-52.6754;0.00410833;90
-33.0974;0.00404897;90
-31.2555;0.00319935;90
-31.1149;0.00331491;90
-35.8054;0.00335878;90
-59.4982;0.00440337;90
-64.1592;0.00428107;90
-46.8366;0.00308881;90
-32.3856;0.00261942;90
-50.0718;0.00388734;90
-51.509;0.0034994;90
-43.901;0.00287563;90
-49.7408;0.00323406;90
-62.7243;0.00501231;90
-67.3826;0.00542415;90
-84.8858;0.00659626;90
-86.1827;0.00704463;90
-85.5208;0.00747784;90
-81.6996;0.00718325;90
-81.7976;0.0070582;90
-81.5536;0.00712124;90
-84.9204;0.00722839;90
-84.4891;0.00719526;90
-78.1888;0.00697161;90
-76.8426;0.00675226;90
-71.1711;0.00671431;90
-65.1985;0.00592884;90
-64.9179;0.00584078;90
-68.4399;0.00621806;90
-75.0109;0.00665028;90
-70.3915;0.00620696;90
-42.6522;0.00441888;90
-15.2306;0.00368856;90
-13.9306;0.00394606;90
-11.2761;0.00365659;90
-29.8289;0.00397457;90
-50.7952;0.00476195;90
-74.6927;0.00664784;90
-84.553;0.00731101;90
-80.8163;0.007099;90
-73.8326;0.00652193;90
-56.3464;0.00566432;90
-52.0337;0.00495451;90
-49.1299;0.00469323;90
-51.6234;0.0049289;90
-48.8279;0.00468159;90
-22.9135;0.00382697;90
-21.6156;0.00377873;90
-21.4738;0.00379976;90
-21.1724;0.00402575;90
-37.1323;0.00414804;90
-57.0773;0.00536332;90
-60.2848;0.00550144;90
-59.8534;0.00548371;90
-60.8913;0.00555226;90
-68.6043;0.00618957;90
-73.4352;0.00653105;90
-74.3722;0.00703819;90
-78.6051;0.00701018;90
-80.3377;0.00706624;90
-80.7101;0.00699373;90
-80.6984;0.0070345;90
-81.1705;0.00715985;90
-85.5448;0.00731209;90
-86.6345;0.00734166;90
-86.765;0.0077794;90
-87.8618;0.00745119;90
-94.0398;0.00731016;90
-96.6776;0.00705184;90
-96.4161;0.00600461;90
-95.7199;0.00551848;90
-88.5556;0.00559378;90
-58.1497;0.00403447;90
-45.3274;0.00445485;90
-42.4095;0.00442748;90
-41.2678;0.00434519;90
-41.8838;0.00395433;90
-60.1625;0.0036821;90
-68.6867;0.00226705;90
-17.0568;0.00311606;90
-11.9446;0.00274442;90
13.1538;0.00329136;90
38.2213;0.00371423;90
60.7165;0.00495981;90
67.0332;0.00509486;90
67.0418;0.004507;90
53.7676;0.0015819;90
23.4362;0.00117166;90
-3.55064;0.00180847;90
-25.7156;0.00168931;90
-31.3318;0.00136156;90
-55.8818;0.00163308;90
-52.0854;0.00202934;90
136.928;0.00573859;90
168.885;0.00248461;90
-147.208;0.00176888;90
-116.817;0.00345118;90
-111.355;0.0043883;90
-113.749;0.00462351;90
-126.389;0.00400494;90
-145.503;0.00311107;90
-167.667;0.00272488;90
169.944;0.00284064;90
164.47;0.00290196;90
128.63;0.00178444;90
116.977;0.00485195;90
138.316;0.00503596;90
138.883;0.00485553;90
135.657;0.00499321;90
130.89;0.00462719;90
97.7234;0.00494082;90
85.6933;0.00553964;90
83.168;0.0131474;90
85.6379;0.00757294;90
90.6037;0.00825646;90
93.479;0.00660818;90
93.3261;0.00684253;90
93.6194;0.00622542;90
96.2484;0.00655092;90
99.2336;0.00770281;90
99.6959;0.00770101;90
99.5175;0.00768072;90
100.49;0.00771188;90
105.368;0.00786003;90
106.299;0.00720456;90
111.558;0.00677924;90
119.359;0.00613725;90
119.766;0.006071;90
119.747;0.00605835;90
130.171;0.00533425;90
155.636;0.00398269;90
159.404;0.00389174;90
158.755;0.00359319;90
158.395;0.00363111;90
148.906;0.00377778;90
124.537;0.00491768;90
132.448;0.00433533;90
129.482;0.00482361;90
128.439;0.00515533;90
120.298;0.00510997;90
104.349;0.00645227;90
98.7043;0.00708359;90
95.6932;0.00722765;90
106.521;0.00637207;90
131.604;0.00476224;90
151.22;0.00383012;90
170.406;0.00379204;90
166.426;0.00351518;90
163.458;0.00335068;90
145.678;0.00346903;90
115.406;0.00504158;90
104.545;0.00499716;90
106.154;0.00521177;90
111.995;0.00527601;90
115.324;0.0043788;90
114.82;0.0045977;90
114.126;0.00484413;90
106.814;0.00528913;90
102.851;0.00512539;90
102.916;0.00586951;90
97.8933;0.00592009;90
93.8362;0.00603853;90
95.9071;0.00585911;90
98.7181;0.00651831;90
98.3151;0.00670044;90
98.3063;0.00607068;90
95.1004;0.00640034;90
93.1342;0.00843161;90
97.3859;0.00792677;90
114.498;0.00627491;90
120.576;0.00476914;90
134.436;0.00287099;90
136.088;0.00324125;90
124.004;0.00420025;90
142.209;0.00357226;90
135.297;0.00409562;90
114.91;0.00613251;90
136.035;0.00473768;90
148.741;0.00423007;90
149.089;0.00429038;90
141.129;0.00423858;90
119.491;0.00509862;90
111.278;0.00563516;90
116.039;0.00433502;90
142.682;0.00304169;90
126.915;0.0033282;90
132.532;0.00310354;90
132.025;0.00257522;90
113.898;0.00376694;90
118.629;0.00366282;90
124.015;0.0029799;90
120.439;0.00361414;90
124.466;0.00280427;90
120.461;0.00242234;90
131.853;0.00310393;90
139.955;0.00309455;90
137.405;0.00355493;90
114.161;0.00475449;90
97.3601;0.00568282;90
93.1338;0.00579867;90
91.3071;0.00552344;90
104.028;0.00535058;90
116.474;0.00422617;90
132.28;0.0032776;90
136.534;0.00322273;90
131.895;0.00416461;90
133.299;0.00462227;90
138.334;0.00404938;90
126.266;0.00446125;90
118.071;0.00464547;90
117.29;0.00512548;90
122.79;0.00467725;90
122.993;0.00469394;90
114.926;0.00545734;90
113.935;0.00540804;90
120.146;0.00499798;90
129.241;0.00405167;90
118.896;0.00439751;90
107.74;0.00448317;90
109.466;0.00409613;90
106.803;0.00370833;90
103.299;0.0018085;90
160.368;0.000696485;90
145.033;0.00602332;90
-143.931;0.00273287;90
-154.989;0.00122045;90
-60.9389;0.00256721;90
-71.0368;0.00353273;90
-87.2003;0.0046065;90
-87.6817;0.00454872;90
-92.8056;0.00453544;90
-96.7162;0.0042411;90
-108.31;0.00275656;90
-34.0632;0.00119263;90
-48.6231;0.00124204;90
-40.5911;0.00060708;90
93.1103;0.0130672;90
-92.4755;0.00266248;90
-94.4238;0.00420051;90
-107.571;0.00352444;90
-69.5304;0.00131824;90
-37.2664;0.00104042;90
-55.0482;0.00128472;90
135.005;0.00747058;90
133.537;0.00102493;90
168.496;0.00104295;90
-104.489;0.00276184;90
-89.7558;0.00281503;90
-86.8849;0.00294435;90
-90.4764;0.0027661;90
-103.664;0.000969435;90
-66.2682;0.00118522;90
-49.8658;0.000691923;90
1.65344;0.000485202;90
118.488;0.00215947;90
98.9076;0.00196976;90
91.2124;0.00505713;90
82.6641;0.00367307;90
73.5505;0.00177985;90
-42.9328;0.00305811;90
-46.7382;0.0029606;90
57.8397;0.00258693;90
83.1213;0.00392425;90
87.1194;0.00409918;90
90.2173;0.00421903;90
92.9154;0.00426652;90
100.499;0.00393488;90
124.651;0.00259775;90
49.389;0.00128434;90
-136.55;0.000966969;90
-75.2729;0.00106602;90
-61.8809;0.00303412;90
-84.8243;0.00360269;90
-86.6602;0.00365621;90
-89.3523;0.00371524;90
-91.8356;0.00368389;90
-94.7571;0.0036295;90
-112.007;0.00305564;90
-61.1077;0.00120042;90
-40.9697;0.00109661;90
-53.0425;0.0010462;90
-26.8662;0.0064659;90
4.96653;0.000773906;90
-21.5198;0.000528867;90
-51.0042;0.000878805;90
-23.2611;0.000481107;90
24.5205;0.00105296;90
-13.6446;0.000958038;90
-35.959;0.000616478;90
-53.5425;0.00119483;90
-40.6656;0.000870109;90
-36.2916;0.000733237;90
-62.862;0.000894472;90
-56.934;0.00142594;90
-58.5837;0.00184555;90
-59.01;0.000747734;90
-47.5985;0.000904613;90
-48.0128;0.000605413;90
-51.6635;0.000664218;90
-50.7323;0.000927412;90
-43.2643;0.000817083;90
-29.2471;0.00118507;90
-24.312;0.000682528;90
-68.3379;0.00152791;90
-90.692;0.00157311;90
-92.0551;0.00147795;90
-86.9051;0.00175957;90
-98.3729;0.0014353;90
-102.424;0.00142231;90
-92.3728;0.00108693;90
-100.62;0.00136742;90
-80.1892;0.000892045;90
-99.3573;0.00107632;90
-97.0298;0.00111942;90
-99.9823;0.000905711;90
-87.1541;0.00138971;90
-93.5005;0.00193261;90
-82.6989;0.000928528;90
-88.3656;0.0014726;90
-77.0297;0.0012386;90
-85.3222;0.00149598;90
-74.3844;0.00157514;90
-79.1202;0.00151524;90
-87.361;0.00099906;90
-82.7151;0.00195579;90
-85.8338;0.00141775;90
-82.713;0.00171082;90
-83.6463;0.00140966;90
-79.4085;0.000875924;90
-84.0829;0.00143565;90
-88.003;0.00143487;90
-72.8778;0.00129751;90
-151.792;0.00196542;90
159.417;0.000733848;90
127.757;0.00123955;90
117.553;0.00108957;90
122.187;0.001438;90
108.91;0.00129595;90
110.827;0.00128817;90
106.899;0.000825651;90
120.299;0.00156589;90
137.904;0.000586237;90
136.584;0.000614003;90
122.155;0.000931953;90
95.597;0.0014047;90
91.3825;0.00190656;90
98.1192;0.0014869;90
107.42;0.00128598;90
97.4451;0.00126567;90
-131.483;0.00107187;90
-118.662;0.0011613;90
-158.8;0.000530932;90
132.783;0.000658102;90
139.923;0.00116182;90
101.243;0.00150284;90
106.246;0.00128324;90
98.5212;0.00118104;90
82.1439;0.00139005;90
101.162;0.00167366;90
93.6051;0.00273541;90
83.3727;0.00178493;90
98.2093;0.00133063;90
132.704;0.00128868;90
120.942;0.00134198;90
166.234;0.000668193;90
150.213;0.000501225;90
123.624;0.000957136;90
137.835;0.00148674;90
153.543;0.000711518;90
163.426;0.000876413;90
117.249;0.00127331;90
140.987;0.001139;90
142.313;0.00058886;90
122.811;0.00126597;90
174.083;0.000717824;90
112.713;0.000898693;90
95.4942;0.00171287;90
87.3208;0.000984076;90
97.0805;0.0009573;90
111.764;0.00142131;90
77.5532;0.0015914;90
79.005;0.00128458;90
21.2205;0.000494532;90
89.5596;0.0188646;90
86.7635;0.00134615;90
50.6509;0.000675032;90
-98.8679;0.00876376;90
-121.639;0.00129439;90
-58.0552;0.000901529;90
-42.6838;0.00113725;90
-51.3114;0.00093267;90
93.2707;0.00888647;90
86.9552;0.00178852;90
-81.9759;0.00114622;90
-95.8215;0.00406195;90
-110.072;0.00326638;90
-63.6082;0.00118333;90
-37.5934;0.0012671;90
-60.9537;0.0013429;90
128.281;0.0013236;90
133.278;0.00124719;90
142.781;0.000919217;90
68.6666;0.0031144;90
83.7628;0.00393026;90
86.1596;0.00404609;90
90.656;0.00471631;90
97.5447;0.00682408;90
116.019;0.00131308;90
117.712;0.00268158;90
114.005;0.00164202;90
156.759;0.0043968;90
143.858;0.000661253;90
108.91;0.00125895;90
90.1147;0.00399501;90
78.0481;0.00238061;90
-16.6756;0.000926984;90
-40.3313;0.00131179;90
-48.6782;0.00119039;90
-24.9011;0.000508249;90
-82.8842;0.00154188;90
-97.5326;0.00134259;90
-98.7931;0.00139338;90
134.217;0.00113855;90
141.616;0.000583003;90
124.103;0.00369551;90
-91.1269;0.0031016;90
-88.0217;0.00176705;90
165.334;0.00240537;90
178.286;0.000969434;90
-165.336;0.00183683;90
-158.852;0.00213155;90
153.917;0.00186047;90
109.97;0.00289294;90
-136.373;0.000737724;90
-94.109;0.00244228;90
61.3993;0.00234175;90
-63.633;0.00258715;90
-22.0003;0.00144416;90
27.9278;0.00321548;90
0.281896;0.00081301;90
-6.89004;0.00235904;90
80.8534;0.00369903;90
80.2807;0.00135647;90
30.2721;0.000525681;90
-71.4455;0.00136389;90
-70.3567;0.00182947;90
-64.7026;0.00671164;90
-32.0551;0.000855419;90
-15.6236;0.000709204;90
-78.1841;0.000932765;90
-55.743;0.00100905;90
-61.7094;0.0011436;90
-58.8912;0.000745164;90
-71.0502;0.000985406;90
-80.9887;0.00100237;90
-88.9514;0.00103817;90
-85.9936;0.00103052;90
-85.3252;0.00117792;90
-89.6707;0.00121802;90
-86.6458;0.00136734;90
-85.8863;0.00101762;90
-82.3537;0.00117242;90
-92.9682;0.00094627;90
-88.1419;0.00175792;90
-97.5425;0.00217885;90
-89.2883;0.00273721;90
-102.166;0.00191705;90
-108.204;0.00109795;90
-116.063;0.000817091;90
-117.204;0.000842156;90
-83.9811;0.000905994;90
-25.911;0.000979462;90
-55.1447;0.000995615;90
-55.6557;0.000898673;90
94.5107;0.00878621;90
85.292;0.00419114;90
96.1366;0.000963521;90
93.0723;0.00263078;90
92.3795;0.00257722;90
94.244;0.00221608;90
93.4973;0.00244255;90
111.303;0.00185795;90
124.064;0.00174429;90
107.874;0.00135542;90
157.773;0.000774557;90
115.234;0.00175221;90
101.894;0.00205717;90
97.9455;0.00193154;90
83.9804;0.00142083;90
15.0543;0.00105107;90
-27.0949;0.00183768;90
58.4303;0.000794597;90
64.3091;0.0014071;90
70.0396;0.00150862;90
65.8314;0.00203213;90
70.8659;0.00241015;90
86.9175;0.00133894;90
87.2895;0.00120535;90
91.8992;0.00114663;90
50.9309;0.00089646;90
38.5368;0.00087317;90
45;0.000851357;90
94.7545;0.00155636;90
89.6102;0.00102902;90
96.8611;0.00223501;90
78.0879;0.0020154;90
93.2047;0.00191399;90
75.8813;0.00151682;90
90.2106;0.00108801;90
90.9891;0.00150622;90
91.2657;0.0012223;90
92.6674;0.00180496;90
107.044;0.00121119;90
97.2588;0.00111594;90
105.463;0.00115895;90
102.348;0.000963284;90
77.2234;0.00110332;90
94.7197;0.00130041;90
84.2735;0.00107235;90
-51.8885;0.00112606;90
-79.741;0.00145425;90
-88.8298;0.00112623;90
-76.0494;0.00129829;90
-61.7246;0.000764181;90
-77.6458;0.00092543;90
-78.2401;0.00307147;90
-58.2802;0.000935778;90
-71.9642;0.000862374;90
-58.6713;0.00196559;90
-47.1995;0.000994925;90
-14.5695;0.00140725;90
-23.437;0.000631064;90
-98.8314;0.00879325;90
101.519;0.0017176;90
101.637;0.00110062;90
89.3255;0.00135909;90
118.625;0.00218963;90
108.71;0.000857303;90
96.0338;0.00181707;90
90.9611;0.00137119;90
77.2723;0.00109388;90
104.571;0.00116859;90
118.96;0.00223668;90
102.865;0.00185045;90
90;0.001556;90
128.626;0.000789771;90
115.466;0.000886093;90
78.7296;0.00142243;90
105.061;0.0011122;90
130.234;0.0012169;90
101.976;0.00101203;90
-94.8641;0.00530711;90
-85.3123;0.0025696;90
104.163;0.00131188;90
81.2174;0.00227265;90
-101.925;0.00181006;90
-92.5106;0.00189482;90
-76.6259;0.00346291;90
-62.0853;0.000854415;90
-73.8108;0.00216276;90
-106.468;0.00227533;90
-82.9267;0.00192465;90
-72.065;0.00202963;90
-83.9712;0.00258027;90
-86.5907;0.002825;90
-100.266;0.00196953;90
-89.5869;0.00430011;90
-106.818;0.00193893;90
-142.112;0.00119359;90
-111.89;0.00108632;90
-54.5617;0.00107273;90
-89.7418;0.00177502;90
-102.304;0.00229471;90
-152.603;0.0010779;90
-123.063;0.00167169;90
-141.324;0.00222751;90
-163.901;0.00133433;90
-72.971;0.00131464;90
-49.9568;0.00135848;90
-63.3982;0.00139575;90
-79.7967;0.00176694;90
-86.4688;0.00198076;90
-86.74;0.00202227;90
-87.0777;0.00329529;90
-87.6851;0.002451;90
-91.6864;0.00197085;90
-94.1826;0.00176871;90
-97.0218;0.00165239;90
-97.7901;0.0015493;90
-96.3141;0.00145483;90
-112.966;0.00178119;90
-108.113;0.00106792;90
-32.767;0.00108458;90
-48.8365;0.00168032;90
101.63;0.0355162;90
-132.182;0.0035384;90
169.554;0.0021842;90
-167.936;0.00222003;90
-162.476;0.0024476;90
144.771;0.000929181;90
121.965;0.00105968;90
110.024;0.00289713;90
134.653;0.0029197;90
-153.665;0.00300485;90
-137.976;0.00198824;90
-154.904;0.00347062;90
-164.936;0.00399011;90
-150.124;0.00432014;90
-115.916;0.00643179;90
-141.588;0.00461607;90
-131.245;0.0052481;90
-128.276;0.0056583;90
-129.589;0.00608845;90
-130.687;0.00566938;90
-127.947;0.00560879;90
-132.445;0.00523355;90
-130.468;0.00579021;90
-123.688;0.00625785;90
-131.195;0.00626605;90
-137.317;0.005055;90
-125.929;0.00585739;90
-129.489;0.00544088;90
-167.993;0.00423976;90
-179.627;0.00414209;90
-177.871;0.00414586;90
-149.91;0.00482293;90
-121.051;0.00632419;90
-113.209;0.00680574;90
-112.841;0.00738836;90
-114.013;0.00676008;90
-117.778;0.00640061;90
-123.764;0.00600602;90
-124.047;0.00583168;90
-115.273;0.00666607;90
-106.197;0.0074674;90
-99.3065;0.00846543;90
-97.2995;0.0081067;90
-101.168;0.00789958;90
-105.749;0.00749018;90
-105.752;0.0070248;90
-103.269;0.00686631;90
-102.26;0.00488338;90
-108.953;0.00300808;90
-110.383;0.00505023;90
-109.007;0.00319627;90
149.201;0.00113275;90
-106.174;0.00141084;90
-62.7591;0.00511872;90
-64.0899;0.00453817;90
-64.7907;0.00412044;90
-50.5398;0.00169934;90
-100.851;0.00330407;90
-113.251;0.00302464;90
-118.01;0.003688;90
-120.683;0.00231046;90
-121.298;0.00258521;90
-125.666;0.00139951;90
-129.423;0.00168808;90
-131.339;0.00348821;90
-132.3;0.00370723;90
-133.093;0.00403699;90
-121.813;0.00541206;90
-107.881;0.00637387;90
-107.638;0.00629386;90
-117.027;0.00587792;90
-130.952;0.00531869;90
-154.66;0.00545815;90
-155.791;0.00349211;90
-142.924;0.00394943;90
-127.482;0.00583713;90
-113.833;0.00627618;90
-106.865;0.00612858;90
-108.476;0.00612786;90
-122.321;0.00535106;90
-122.49;0.00546777;90
-116.054;0.00581937;90
-118.655;0.00636451;90
-137.897;0.00477129;90
-146.235;0.00446395;90
-146.845;0.0039513;90
-146.033;0.00309998;90
-149.717;0.00264144;90
-159.738;0.00239095;90
174.06;0.0167449;90
117.647;0.00594363;90
141.143;0.00916511;90
-167.277;0.0194752;90
158.923;0.00419891;90
166.396;0.00408563;90
167.402;0.00405769;90
174.375;0.00391786;90
-171.73;0.00410873;90
-170.836;0.00391801;90
-155.084;0.00411831;90
-135.437;0.00490959;90
-132.507;0.00512076;90
-124.981;0.00566188;90
-124.954;0.00560633;90
-143.959;0.00459068;90
-131.497;0.00547404;90
-133.171;0.00502938;90
-130.278;0.00522203;90
-113.075;0.00649351;90
-111.957;0.00662991;90
-114.902;0.00635042;90
-115.649;0.00632083;90
-109.357;0.00685765;90
-114.974;0.00676671;90
-120.495;0.00583286;90
-121.01;0.00595512;90
-142.058;0.004575;90
-172.875;0.00398276;90
-171.884;0.00393844;90
-152.412;0.0043078;90
-135.623;0.00526755;90
-131.267;0.00521254;90
-160.346;0.00410303;90
155.893;0.00419157;90
150.291;0.00432212;90
167.096;0.00375688;90
-170.112;0.00360455;90
-160.776;0.00374481;90
-161.44;0.00362556;90
-167.479;0.00327489;90
-173.098;0.00337042;90
-171.065;0.00348327;90
-160.512;0.00359707;90
-160.147;0.00337455;90
-153.604;0.00318507;90
-156.604;0.00301705;90
-161.162;0.00323319;90
-147.504;0.00323322;90
-157.438;0.00303639;90
-153.909;0.00280815;90
-135.527;0.00345861;90
-149.178;0.00304274;90
-156.672;0.00331064;90
-151.568;0.00318406;90
-149.578;0.00350336;90
-137.694;0.00359537;90
169.721;0.00275725;90
-150.19;0.0030334;90
-137.567;0.00341026;90
-138.389;0.00337314;90
-140.558;0.00332915;90
-147.997;0.00308131;90
-138.794;0.00348377;90
-153.058;0.00285373;90
-150.54;0.00254163;90
-158.717;0.0016613;90
-139.191;0.002032;90
-122.213;0.00253998;90
-135.633;0.000576327;90
-147.792;0.000986864;90
169.153;0.00106808;90
125.565;0.00197551;90
141.393;0.00153691;90
-178.79;0.000805179;90
-112.631;0.00157746;90
-141.643;0.000739649;90
99.291;0.00131931;90
-15.0998;0.000679459;90
71.1547;0.000838974;90
-34.1753;0.00478169;90
11.8719;0.00105967;90
42.0468;0.0017156;90
58.9422;0.00240356;90
35.5669;0.00204933;90
27.0159;0.0025009;90
19.6728;0.00283976;90
42.972;0.00357667;90
32.2616;0.00327097;90
38.4828;0.00348878;90
41.3208;0.00363637;90
41.8691;0.00353445;90
33.7671;0.00329964;90
-11.7408;0.0029732;90
41.9352;0.00392794;90
30.0875;0.00358851;90
27.7929;0.00365234;90
23.674;0.00330733;90
39.8937;0.00349567;90
34.1436;0.00325869;90
25.4521;0.0030622;90
30.8707;0.00316896;90
22.2689;0.00327745;90
18.2112;0.00291501;90
28.5348;0.00290145;90
22.1905;0.00308986;90
20.1042;0.00351731;90
17.5199;0.00354442;90
7.15649;0.00338739;90
7.20692;0.00303699;90
15.1061;0.00316952;90
19.3777;0.00336354;90
18.9416;0.00346884;90
10.1223;0.00342532;90
-9.95528;0.00340121;90
-30.0995;0.00396807;90
-25.4286;0.00432943;90
10.3219;0.00391231;90
35.5489;0.0184263;90
2.44705;0.00398163;90
33.6027;0.00454799;90
57.7434;0.00587584;90
59.8831;0.00599882;90
64.4121;0.00668682;90
70.5829;0.0069185;90
65.5085;0.00647676;90
63.9123;0.00628089;90
68.3667;0.00658051;90
67.5401;0.00664072;90
50.3095;0.00541776;90
45.2753;0.00500355;90
50.5262;0.00568327;90
35.9808;0.00461436;90
53.9316;0.00554734;90
55.2721;0.00565055;90
47.8312;0.00518235;90
44.1617;0.00497786;90
25.042;0.00427374;90
9.46707;0.00396399;90
7.85192;0.0042236;90
-6.82626;0.00399633;90
-11.4432;0.00396175;90
-13.4468;0.00405517;90
-22.2764;0.004234;90
-27.5127;0.00435333;90
-15.3817;0.00377004;90
17.5082;0.00348023;90
42.3057;0.00361024;90
44.5524;0.00380152;90
22.2667;0.0031326;90
-15.408;0.00309006;90
-45.6182;0.00373586;90
-62.5525;0.00467528;90
-59.5758;0.00449844;90
-37.9856;0.00345105;90
-5.99677;0.00318744;90
4.64058;0.00301589;90
3.84759;0.00306992;90
10.737;0.00419749;90
23.6472;0.00422583;90
33.0454;0.00468363;90
33.9572;0.00469947;90
33.6869;0.00497427;90
53.3577;0.00563824;90
63.7554;0.00623694;90
61.9604;0.00552671;90
55.2433;0.00518513;90
63.3357;0.00542381;90
73.721;0.00646416;90
70.2591;0.00654888;90
60.7212;0.00573345;90
46.8403;0.00464597;90
33.3974;0.00418028;90
19.4857;0.00396616;90
31.3907;0.00412002;90
50.2528;0.00477322;90
62.8764;0.00550546;90
71.4578;0.00574524;90
73.3339;0.00579859;90
88.6885;0.00301479;90
-14.4322;0.0023512;90
-16.1538;0.00230396;90
84.5628;0.00341938;90
54.9099;0.00220226;90
-121.036;0.00258157;90
-89.9312;0.00333;90
122.919;0.0018953;90
80.1094;0.0023753;90
-164.611;0.00149977;90
48.3246;0.00420659;90
47.5501;0.00406848;90
49.2912;0.00346818;90
51.5629;0.00309336;90
58.5923;0.00285537;90
56.3243;0.00221464;90
62.5543;0.00276411;90
74.119;0.00158967;90
60.4166;0.00264133;90
92.2585;0.003857;90
113.946;0.00500149;90
115.508;0.0054547;90
103.5;0.00380822;90
85.6994;0.00112015;90
66.6322;0.00449031;90
70.366;0.00465463;90
74.5158;0.00307148;90
76.7849;0.00710824;90
76.5067;0.00724292;90
73.455;0.00765181;90
76.8348;0.00914125;90
82.4988;0.00891631;90
81.27;0.00861784;90
73.6764;0.00842877;90
64.555;0.00750389;90
55.4826;0.00668483;90
58.4818;0.00701839;90
63.8687;0.00750178;90
66.4603;0.00833784;90
66.6677;0.00776391;90
60.3815;0.00708587;90
30.6245;0.00509806;90
2.73663;0.00475442;90
6.81267;0.00468709;90
25.2634;0.00504006;90
55.6747;0.00677969;90
44.3729;0.006073;90
45.1371;0.00532029;90
54.7758;0.00620516;90
56.1737;0.00618132;90
51.1637;0.00572957;90
44.5561;0.00556722;90
49.4641;0.00570527;90
50.2588;0.00592504;90
51.4902;0.00626196;90
49.0383;0.00567306;90
39.6;0.0052822;90
63.9617;0.00676126;90
25.9187;0.00424164;90
15.3229;0.00393177;90
26.5342;0.00331743;90
84.2355;0.00402234;90
37.5409;0.00189553;90
74.8066;0.00219782;90
87.5972;0.00255224;90
78.265;0.00322541;90
-1.70618;0.00117552;90
-8.97714;0.00132017;90
-64.6465;0.013071;90
-92.3319;0.00216279;90
-90.6667;0.00128909;90
-6.03768;0.00198702;90
-11.9831;0.00243711;90
85.2877;0.00287271;90
82.6049;0.0027892;90
-65.5519;0.00231233;90
-77.7604;0.00154717;90
134.078;0.0025056;90
-86.0147;0.00329497;90
-45.856;0.00279268;90
-29.9661;0.00196001;90
-29.1911;0.00183506;90
-73.1033;0.00216757;90
-56.0975;0.00246871;90
-79.8704;0.00368443;90
-86.7542;0.00390326;90
-89.0769;0.00403452;90
-91.6243;0.00388056;90
-94.1964;0.00386737;90
-110.814;0.00307037;90
-64.29;0.0012586;90
-39.4787;0.000830461;90
-50.4307;0.000993703;90
134.826;0.00953962;90
133.09;0.00328917;90
131.922;0.00275249;90
119.798;0.00309293;90
120.976;0.00323892;90
127.24;0.00293806;90
166.319;0.00109507;90
100.314;0.00172589;90
90.2635;0.00413104;90
91.523;0.00387537;90
88.9896;0.0032325;90
109.287;0.00310633;90
78.1702;0.00265846;90
75.5648;0.00341377;90
76.5315;0.00212957;90
74.6519;0.00108054;90
109.91;0.00241963;90
131.938;0.00182694;90
-2.44966;0.000187171;90
-51.1875;0.00169918;90
-53.9462;0.00143235;90
-87.7669;0.00115488;90
-103.369;0.0046017;90
-101.63;0.00455859;90
-82.0147;0.00123094;90
-71.7447;0.00221866;90
-93.3353;0.00269857;90
-89.2037;0.00302229;90
-87.4622;0.00361354;90
-91.5683;0.00292309;90
-22.1835;0.000919027;90
-42.2605;0.00204163;90
-57.2787;0.00272314;90
-60.8672;0.004482;90
-51.663;0.00202326;90
-47.7201;0.00123671;90
-49.5035;0.00314289;90
-44.4083;0.00308103;90
-46.4505;0.004302;90
-32.2198;0.00141606;90
-51.5713;0.00174244;90
103.639;0.0056956;90
81.9631;0.00278233;90
88.494;0.00624016;90
90.4025;0.00156604;90
92.9995;0.0040896;90
94.2432;0.0037573;90
117.905;0.00281195;90
113.418;0.00246832;90
126.324;0.000965644;90
149.541;0.00276569;90
150.103;0.00257001;90
99.0115;0.00206853;90
84.7459;0.00408416;90
-66.2516;0.00187475;90
-72.9669;0.00187421;90
104.915;0.00806162;90
77.2908;0.00261815;90
127.027;0.000729003;90
146.429;0.00160586;90
135.983;0.00197878;90
130.831;0.00148815;90
131.044;0.00182444;90
110.008;0.00552975;90
78.2711;0.00225304;90
110.279;0.000992521;90
101.806;0.00190122;90
105.03;0.00142681;90
99.1652;0.00389877;90
102.545;0.00607709;90
101.204;0.00551715;90
102.236;0.00491668;90
102.503;0.00341807;90
83.9693;0.00650098;90
82.0571;0.00220717;90
87.7365;0.0039751;90
100.778;0.00530458;90
105.539;0.00451296;90
120.684;0.00495002;90
129.862;0.00405813;90
115.566;0.0048454;90
102.97;0.00621969;90
94.0024;0.00530093;90
87.034;0.00353674;90
79.1003;0.00520388;90
80.6117;0.00610578;90
82.5881;0.00609291;90
84.6636;0.00606428;90
82.2886;0.00369643;90
92.6029;0.00722245;90
104.715;0.00483456;90
121.427;0.00420014;90
115.965;0.00507973;90
109.65;0.00687539;90
123.106;0.00166058;90
154.991;0.00334237;90
-154.276;0.00371853;90
-173.401;0.00310658;90
155.297;0.00351024;90
145.656;0.00333064;90
153.828;0.00312878;90
164.108;0.00262949;90
-173.982;0.00247061;90
-172.485;0.00304314;90
-168.135;0.00267005;90
-148.03;0.0056924;90
-128.823;0.00131436;90
-115.304;0.00353519;90
-124.492;0.00497088;90
-119.213;0.00929408;90
-120.112;0.00205307;90
-120.556;0.00183131;90
-127.904;0.00381222;90
-143.441;0.00302024;90
-148.958;0.00525335;90
-130.249;0.0015539;90
-113.208;0.00506265;90
-108.982;0.00324654;90
-126.625;0.00290323;90
174.649;0.00713107;90
165.941;0.0012185;90
166.712;0.00581674;90
150.844;0.00115768;90
152.98;0.00236405;90
135.628;0.00380517;90
122.814;0.00465947;90
116.421;0.00552847;90
112.113;0.00580715;90
122.867;0.00509683;90
130.143;0.00513578;90
131.747;0.00470985;90
132.98;0.00479504;90
125.922;0.00501969;90
120.921;0.00859568;90
116.364;0.00317971;90
107.544;0.00488315;90
117.288;0.00528291;90
128.35;0.00435965;90
169.301;0.00409926;90
142.501;0.00424646;90
144.373;0.004242;90
152.998;0.00398658;90
157.338;0.00801477;90
151.303;0.00310089;90
125.948;0.00515967;90
113.963;0.0058623;90
123.983;0.00525447;90
115.753;0.00546147;90
136.29;0.0039898;90
128.602;0.0078746;90
117.252;0.00179077;90
126.675;0.00211461;90
119.701;0.00500331;90
145.19;0.00242617;90
161.7;0.00269111;90
142.276;0.00276371;90
114.254;0.00463512;90
113.487;0.00551271;90
116.711;0.00492339;90
107.969;0.0052543;90
118.589;0.0046226;90
137.775;0.00372446;90
124.369;0.00428508;90
109.257;0.00520311;90
105.389;0.00449932;90
114.707;0.00437336;90
114.456;0.00529726;90
116.735;0.00513046;90
131.776;0.00423733;90
141.884;0.00402915;90
134.257;0.00458102;90
134.366;0.00478953;90
134.221;0.00473169;90
136.268;0.00405908;90
135.454;0.00375203;90
129.299;0.0042282;90
134.869;0.00401284;90
137.997;0.00430085;90
125.959;0.00493182;90
132.044;0.00477225;90
139.274;0.00362481;90
139.858;0.00388253;90
152.081;0.00363507;90
174.535;0.00339142;90
-163.438;0.00343449;90
172.229;0.00326902;90
138.368;0.00352678;90
142.448;0.00374747;90
159.936;0.00314805;90
143.385;0.00332143;90
130.097;0.00373091;90
129.726;0.0039461;90
130.328;0.00387225;90
130.116;0.00389545;90
121.677;0.00427133;90
125.982;0.0041819;90
136.509;0.00370652;90
137.711;0.00372284;90
147.06;0.00328272;90
156.827;0.00262258;90
-153.125;0.00132064;90
-133.685;0.00166355;90
-144.741;0.00214805;90
-146.415;0.00227594;90
-175.338;0.0017839;90
-174.462;0.00185466;90
-174.858;0.00128316;90
147.929;0.00130518;90
147.109;0.00137191;90
139.011;0.00142548;90
131.871;0.00146377;90
125.549;0.00174406;90
117.091;0.00190163;90
131.973;0.00178086;90
131.876;0.0013363;90
-125.154;0.000868389;90
-114.783;0.00195616;90
-111.973;0.0018655;90
71.1471;0.00567865;90
62.4845;0.00455639;90
53.5865;0.00158185;90
54.5019;0.00101089;90
63.6858;0.0014302;90
67.6604;0.00207579;90
-61.3474;0.00282379;90
-60.3842;0.0037982;90
-47.9935;0.00396733;90
-40.6345;0.00317706;90
-42.258;0.00368046;90
-37.4231;0.00225771;90
-7.01018;0.00235158;90
-22.538;0.00296116;90
-39.619;0.00385303;90
-41.0158;0.0038978;90
-53.8808;0.00706741;90
-56.8351;0.00338908;90
-50.5014;0.00477943;90
-48.0724;0.00399736;90
-50.1782;0.00407401;90
-46.1185;0.0039846;90
-28.8314;0.00353978;90
-26.0406;0.00337124;90
-45.2887;0.00364872;90
-25.5948;0.00335414;90
13.4332;0.00313373;90
9.52924;0.00323768;90
-16.306;0.0032518;90
-34.8656;0.00382574;90
-40.5761;0.00419858;90
-44.1554;0.004509;90
-53.1166;0.0051034;90
-46.9496;0.00451042;90
-41.0599;0.0035914;90
-48.593;0.00438915;90
-47.8801;0.00433438;90
-45.1082;0.0041189;90
-44.6956;0.00412603;90
-44.9304;0.00407365;90
-46.7039;0.00432799;90
-45.35;0.00428303;90
-37.8967;0.00393983;90
-53.1121;0.0044548;90
-65.5203;0.00451045;90
-65.3547;0.00459233;90
-61.0709;0.00350198;90
-75.6346;0.00417969;90
-72.9533;0.00473817;90
-61.4338;0.00454646;90
-43.6952;0.00350887;90
-51.1062;0.004168;90
-71.4021;0.00522695;90
-68.2495;0.00501396;90
-57.257;0.00397691;90
-71.492;0.0054562;90
-59.6204;0.00401996;90
-20.4602;0.00230864;90
-20.4171;0.00241363;90
-38.9809;0.00189489;90
-60.5854;0.00159226;90
-61.8248;0.00318318;90
-56.0072;0.00362197;90
-58.156;0.00406362;90
-50.181;0.00328876;90
-37.148;0.00317284;90
-57.9893;0.00453329;90
-61.4784;0.00442731;90
-57.8043;0.00453067;90
-66.4819;0.00503962;90
-54.1854;0.00425692;90
-35.0426;0.00371309;90
-23.5614;0.00337976;90
-15.8267;0.00331465;90
-19.4575;0.00363245;90
-42.1704;0.0038818;90
-34.5246;0.00367528;90
-33.9272;0.00361917;90
-17.3509;0.00329284;90
-44.6516;0.00406947;90
-61.5055;0.00512708;90
-72.7075;0.00616988;90
-60.3699;0.00507688;90
-58.1891;0.00487178;90
-57.3431;0.00496843;90
-47.3319;0.0043969;90
-46.1369;0.00420528;90
-49.2978;0.00443472;90
-50.1863;0.00449794;90
-61.9704;0.00495182;90
-68.0922;0.0061027;90
-62.4982;0.00527961;90
-51.0374;0.00440354;90
-40.0813;0.00364512;90
-20.0995;0.00340753;90
-16.613;0.00305346;90
-19.5585;0.00295129;90
-13.0055;0.0027639;90
2.70264;0.00322359;90
48.2788;0.00347405;90
66.5354;0.00424177;90
64.5273;0.00448055;90
40.9069;0.00347723;90
34.2535;0.0033561;90
41.8746;0.00363144;90
51.7057;0.00403905;90
59.4849;0.0046872;90
62.4497;0.00442136;90
56.1439;0.00421102;90
56.2793;0.00415027;90
64.1517;0.0045758;90
41.12;0.00327079;90
18.1;0.00281321;90
7.1196;0.00262222;90
5.28926;0.00257095;90
7.62419;0.00217826;90
-0.320085;0.00232704;90
-28.5861;0.00281517;90
-35.6146;0.00320437;90
-31.5519;0.00344181;90
-11.6375;0.00301906;90
22.3128;0.00310012;90
12.1683;0.00310271;90
-36.4643;0.00327768;90
-33.5013;0.00252556;90
-82.613;0.00222446;90
-81.8543;0.00207493;90
-72.4034;0.00505766;90
-63.8278;0.00482689;90
-65.9194;0.00477671;90
-88.3281;0.00616963;90
-94.0884;0.00589099;90
-94.3497;0.00573552;90
-97.7948;0.00565525;90
-99.7119;0.00513357;90
-99.9221;0.00471248;90
-94.8078;0.00291124;90
-90.7574;0.00378233;90
-85.8468;0.00531596;90
-76.4386;0.00509197;90
-66.4369;0.00470533;90
-50.2987;0.00366007;90
-48.8885;0.00369111;90
-71.8549;0.00531428;90
-76.032;0.00570468;90
-74.0643;0.00567093;90
-62.2817;0.0050438;90
-76.7198;0.00512813;90
-74.484;0.00456434;90
-70.8402;0.00282446;90
-71.9081;0.00353897;90
-62.9688;0.00340833;90
-46.0643;0.00201772;90
-39.4894;0.0007658;90
-33.8825;0.00255968;90
-33.7868;0.00262901;90
-32.1766;0.00216325;90
-32.3322;0.00148646;90
-46.1831;0.00284247;90
-61.0534;0.0039174;90
-73.1593;0.0050809;90
-75.9385;0.00494724;90
-75.0799;0.00490538;90
-75.7245;0.00429874;90
-88.6914;0.00451018;90
-105.625;0.00427706;90
-124.64;0.00274448;90
-142.585;0.000841038;90
115.25;0.0033523;90
146.506;0.00226874;90
-134.71;0.00293382;90
-147.847;0.00238829;90
163.783;0.00069464;90
151.425;0.00178548;90
147.878;0.00109456;90
149.762;0.00266685;90
151.307;0.000939349;90
93.9005;0.00101435;90
93.362;0.00298414;90
76.866;0.0020948;90
-64.5561;0.00139423;90
-62.623;0.00129392;90
104.592;0.00640251;90
101.891;0.00133464;90
77.477;0.00107457;90
130.287;0.000731501;90
133.169;0.00141635;90
128.475;0.00130671;90
132.686;0.00108559;90
126.569;0.00072341;90
133.489;0.00166228;90
131.263;0.0014647;90
105.536;0.00642163;90
-52.9003;0.00179541;90
-49.0002;0.00141908;90
-49.0608;0.00220676;90
-48.6638;0.001184;90
-50.0572;0.00176474;90
-46.6905;0.00162988;90
-99.4402;0.00170104;90
-105.029;0.00117623;90
-55.8934;0.00213648;90
-89.5084;0.00128205;90
-71.5445;0.00175949;90
-51.7614;0.00114713;90
-106.466;0.00195101;90
-101.232;0.00288016;90
-86.1015;0.00325052;90
-44.6523;0.00209732;90
-29.6998;0.00268238;90
-31.0022;0.00153183;90
-70.7996;0.00220146;90
-56.3099;0.00261402;90
-80.4138;0.00357289;90
-87.1483;0.00375865;90
-88.0401;0.00380122;90
-91.6578;0.00369855;90
-94.8222;0.00390181;90
-107.069;0.00325016;90
-78.9755;0.00141715;90
-40.4516;0.00120375;90
-51.8806;0.00119228;90
137.794;0.00364098;90
133.537;0.00232573;90
133.225;0.00280785;90
132.592;0.00265965;90
134.602;0.00223875;90
128.274;0.00278324;90
119.185;0.00293455;90
120.885;0.00298648;90
124.036;0.00266566;90
164.266;0.00100672;90
167.3;0.000582244;90
91.4258;0.00430033;90
91.3509;0.00470831;90
88.9814;0.00365658;90
106.958;0.00279765;90
107.636;0.00135991;90
70.3711;0.00324773;90
78.997;0.00285549;90
65.9698;0.00103139;90
75.3281;0.00207672;90
77.0421;0.00175263;90
82.4937;0.00128602;90
-64.1324;0.00128583;90
-49.1509;0.000752213;90
127.289;0.00142284;90
-105.71;0.00180232;90
-103.529;0.000931858;90
-82.6041;0.00139057;90
-47.5372;0.00118203;90
-49.2467;0.00159466;90
-93.5867;0.00103904;90
-57.5288;0.000938765;90
-50.5345;0.00112175;90
57.4543;0.000944288;90
134.18;0.00202607;90
-117.127;0.000820229;90
-50.4576;0.00167282;90
150.275;0.0028074;90
130.483;0.00131081;90
135.297;0.000955314;90
69.805;0.00180177;90
77.1696;0.00175174;90
76.8081;0.00202442;90
-48.457;0.00152447;90
144.026;0.00132956;90
-100.051;0.00179352;90
-105.504;0.00228204;90
-102.599;0.00213644;90
-105.575;0.00342268;90
-100.299;0.00164449;90
-79.7294;0.00299499;90
-85.8118;0.00214974;90
-88.4995;0.00393335;90
-89.61;0.0044071;90
-91.2736;0.00238459;90
-39.1844;0.000767626;90
-30.9938;0.00163318;90
-56.6666;0.00222744;90
-59.5274;0.00246092;90
-61.4949;0.00243066;90
-54.8059;0.00246205;90
-47.8967;0.00212687;90
-46.6566;0.00207906;90
-47.5202;0.00241215;90
-45.2759;0.00293736;90
-44.8117;0.00215103;90
-36.269;0.00122047;90
-44.4692;0.00114486;90
-54.9328;0.00106173;90
110.281;0.00455541;90
9.75173;0.00253868;90
-11.1151;0.00098039;90
35.0938;0.00184549;90
60.2936;0.00516592;90
103.608;0.00139413;90
101.401;0.00297469;90
-130.003;0.00178587;90
-115.631;0.00123447;90
-147.411;0.00115482;90
54.7175;0.00101799;90
60.2504;0.00152153;90
63.9298;0.0027442;90
112.041;0.00168947;90
106.607;0.00154651;90
111.675;0.00529864;90
118.675;0.00105659;90
134.129;0.00227927;90
130.354;0.00193818;90
-171.756;0.00156921;90
118.34;0.00177584;90
149;0.00218043;90
147.257;0.00307096;90
165.941;0.000617496;90
91.7538;0.00460716;90
81.1021;0.00123486;90
-37.6575;0.000785674;90
-74.6105;0.00198207;90
-72.2151;0.000975625;90
-121.568;0.0027335;90
-20.8216;0.00108592;90
-31.7482;0.00349495;90
-29.8675;0.0016225;90
-68.2269;0.00375272;90
-69.0304;0.00345374;90
-87.3635;0.00391314;90
-88.1541;0.00437727;90
-90.9132;0.00357645;90
-95.0698;0.00453775;90
-110.808;0.0038116;90
-45.686;0.00159464;90
-49.1132;0.00156745;90
-26.3984;0.012764;90
-29.3681;0.000603566;90
-45.2099;0.000579124;90
-58.7363;0.00078616;90
-47.922;0.000984866;90
-59.1562;0.000737274;90
-59.2061;0.000752025;90
-48.1635;0.000961008;90
-56.3099;0.000667027;90
-96.9413;0.00154734;90
-119.239;0.000843469;90
-118.365;0.00126713;90
-115.938;0.00126658;90
-165.376;0.000732739;90
-172.082;0.000762266;90
177.072;0.000783022;90
147.21;0.000758924;90
-169.394;0.000527004;90
172.367;0.000685071;90
159.586;0.000659412;90
139.966;0.00160905;90
103.082;0.00128125;90
102.534;0.00124876;90
108.544;0.0011634;90
114.796;0.000782102;90
103.647;0.0010342;90
122.264;0.00131505;90
113.345;0.00128195;90
169.317;0.000717436;90
-161.737;0.000526522;90
133.724;0.00114297;90
148.948;0.00100618;90
128.616;0.000616887;90
129.282;0.00103612;90
93.9787;0.0187502;90
93.7193;0.00482516;90
94.3229;0.00313091;90
115.375;0.00303589;90
118.262;0.00202319;90
61.9426;0.000892941;90
14.5233;0.00202573;90
51.2742;0.00284689;90
7.87684;0.00207962;90
-61.5327;0.00344902;90
-47.6574;0.000838824;90
49.0624;0.00286462;90
73.5316;0.00520659;90
78.1031;0.00107203;90
51.8268;0.00261148;90
1.41718;0.0023047;90
-7.61983;0.00225491;90
-48.4426;0.00224912;90
5.37747;0.0026356;90
41.6783;0.003295;90
49.5698;0.00392277;90
57.2763;0.00417693;90
57.4786;0.0042019;90
19.871;0.00227123;90
-6.61195;0.00218856;90
-24.5239;0.00213456;90
-35.9443;0.00106474;90
-43.4315;0.00312588;90
-5.04925;0.00271554;90
-72.7233;0.00380152;90
-68.3215;0.00337576;90
77.1444;0.0160319;90
88.2016;0.00484339;90
96.9377;0.00299694;90
-175.838;0.00308614;90
-177.279;0.00400251;90
-161.862;0.00397029;90
-153.635;0.00447887;90
-139.342;0.00484699;90
-118.338;0.0062443;90
-115.212;0.00645822;90
-131.514;0.00509352;90
-148.796;0.00392015;90
178.286;0.00277424;90
-169.725;0.00255091;90
-126.409;0.00246148;90
-98.3295;0.001422;90
-106.419;0.00452138;90
-126.617;0.00227002;90
-115.728;0.00165397;90
106.549;0.00194142;90
118.254;0.00285178;90
169.443;0.00201409;90
-129.85;0.00316648;90
-162.212;0.00193133;90
154.387;0.00215363;90
149.541;0.00227845;90
149.647;0.00226785;90
96.2305;0.00288404;90
84.4261;0.00329458;90
66.3626;0.00162864;90
-44.7671;0.0013916;90
-49.3057;0.00140332;90
-20.5221;0.000790145;90
156.504;0.000885411;90
131.667;0.00143503;90
135.184;0.0013223;90
-96.2768;0.00209456;90
-70.4605;0.00242782;90
151.201;0.00189315;90
-85.9169;0.00327231;90
-49.3032;0.00208264;90
-29.3079;0.0029438;90
-29.3992;0.000678358;90
-30.6893;0.00103844;90
-77.5439;0.00153923;90
26.802;0.00140605;90
-43.3644;0.00240302;90
-50.5592;0.00287589;90
-63.8095;0.00314711;90
-71.7114;0.00334285;90
-76.4887;0.00357391;90
-116.307;0.00198788;90
-125.504;0.00136719;90
-133.147;0.00137746;90
51.1751;0.00417423;90
-70.6167;0.000840649;90
-77.463;0.0030405;90
-90.2293;0.00299902;90
-119.258;0.00169413;90
-42.7625;0.00134028;90
21.1953;0.000912744;90
55.3229;0.00120748;90
-123.08;0.00111945;90
-147.341;0.000539256;90
-170.267;0.000591514;90
134.671;0.00110664;90
165.314;0.000706067;90
-146.267;0.00183495;90
-168.533;0.00221828;90
160.567;0.00190556;90
-116.329;0.0028206;90
-51.553;0.00117725;90
-44.6715;0.00123321;90
-55.9326;0.00113716;90
113.942;0.00417196;90
65.8055;0.00172996;90
-23.4839;0.00171396;90
6.18539;0.00212537;90
35.4444;0.00250037;90
52.7015;0.00237967;90
98.0009;0.00344857;90
102.831;0.00259377;90
-134.12;0.00138185;90
-136.396;0.00119041;90
-120.794;0.00127355;90
52.5351;0.000808844;90
52.2357;0.00158879;90
50.4814;0.00135465;90
101.93;0.00483749;90
107.969;0.00128361;90
111.757;0.00290279;90
127.282;0.00520193;90
135.418;0.000968762;90
144.291;0.00108622;90
-147.288;0.00116948;90
114.156;0.00164944;90
148.655;0.0055114;90
119.178;0.000814328;90
86.9412;0.00307338;90
85.7042;0.002136;90
-53.229;0.0012746;90
-73.3519;0.00203845;90
-141.714;0.00371373;90
178.725;0.00318979;90
-156.587;0.000561208;90
-157.681;0.00207764;90
168.459;0.00135949;90
110.927;0.0036733;90
-104.385;0.00282559;90
-1.68078;0.00518223;90
1.86515;0.00368695;90
-14.4254;0.000678388;90
-2.73686;0.000774884;90
91.0605;0.00270146;90
82.7435;0.00281051;90
-50.986;0.0028546;90
-117.442;0.000935233;90
155.566;0.00194852;90
-86.467;0.00296964;90
-46.3092;0.00164021;90
-28.9785;0.00255944;90
-31.8129;0.00208291;90
-70.5566;0.00190462;90
-56.4281;0.00215196;90
-74.2622;0.00348774;90
-86.7538;0.00383215;90
-87.0695;0.00395117;90
-92.017;0.00366527;90
-94.6795;0.00378763;90
-102.796;0.00346301;90
-102.16;0.00171856;90
-29.2096;0.00096925;90
-46.7715;0.00109795;90
-53.945;0.000914092;90
124.686;0.00374812;90
72.2079;0.00349517;90
85.6196;0.00384924;90
121.46;0.00114771;90
122.75;0.00140303;90
83.9374;0.00184633;90
94.579;0.00134028;90
-111.522;0.00194351;90
-164.002;0.00104861;90
133.963;0.00136706;90
129.424;0.00138257;90
117.836;0.00159337;90
97.9261;0.000913729;90
-74.8115;0.0018092;90
-54.2397;0.00116702;90
-49.4743;0.00115114;90
-47.6735;0.00116729;90
25.2883;0.00108387;90
49.8527;0.00109499;90
-90.2798;0.00163802;90
-74.4451;0.00189438;90
-14.6881;0.000788777;90
87.444;0.00340839;90
92.3968;0.00437583;90
93.9251;0.00411966;90
110.144;0.00319121;90
117.587;0.0027338;90
131.671;0.00138827;90
149.748;0.0029416;90
151.794;0.00318636;90
171.381;0.0028158;90
-161.353;0.00264906;90
178.387;0.00209583;90
118.634;0.00175914;90
108.379;0.00258801;90
69.9347;0.00267858;90
75.7394;0.00309745;90
75.7646;0.00223255;90
76.5291;0.00206481;90
75.2334;0.00190285;90
92.5105;0.0085382;90
-48.4923;0.00556041;90
-47.8539;0.00142022;90
-48.6749;0.002052;90
-92.7927;0.00164195;90
-95.7546;0.0019448;90
-49.5947;0.00171246;90
-98.0942;0.00203124;90
-49.0797;0.00196792;90
-91.6876;0.0011545;90
-106.081;0.00261741;90
-89.7189;0.00387305;90
-67.1533;0.00171017;90
-31.2598;0.00265552;90
-30.0237;0.00249821;90
-64.2963;0.000922259;90
-64.7109;0.00291208;90
-72.3525;0.00377359;90
-87.1851;0.00427616;90
-87.5932;0.00445293;90
-93.0038;0.00400751;90
-94.4042;0.00402388;90
-112.335;0.00304981;90
-51.1582;0.0011799;90
-44.3122;0.00117812;90
-49.3715;0.00114105;90
98.5002;0.00722537;90
85.3256;0.00384078;90
88.9149;0.00385469;90
92.6386;0.00447474;90
94.2107;0.00394966;90
112.632;0.00320154;90
117.014;0.00245259;90
34.2643;0.000857887;90
26.7957;0.0025554;90
43.4291;0.00317257;90
-45.8674;0.00284926;90
-55.1591;0.002237;90
49.0054;0.00273328;90
73.1717;0.00446626;90
90.9286;0.00425756;90
103.911;0.00444229;90
104.221;0.00473408;90
104.826;0.0046074;90
106.105;0.00497838;90
115.42;0.00396266;90
130.111;0.0026883;90
150.057;0.00129022;90
143.639;0.0024339;90
147.581;0.00337618;90
146.544;0.00257938;90
134.024;0.00228216;90
122.994;0.0031035;90
108.668;0.0039709;90
107.059;0.000869244;90
107.891;0.00313143;90
104.628;0.00540519;90
107.569;0.00564847;90
116.21;0.00513053;90
109.566;0.00193791;90
79.8899;0.0027629;90
82.4642;0.00456745;90
87.4163;0.00718731;90
84.1272;0.00731037;90
72.1056;0.00583213;90
61.8594;0.00479818;90
56.4226;0.00493795;90
55.6908;0.00482562;90
72.7108;0.00442807;90
91.8536;0.00460641;90
100.309;0.00464905;90
89.4209;0.00573829;90
84.4465;0.0055179;90
82.3194;0.00567895;90
84.3174;0.00569599;90
84.2666;0.00550554;90
83.1809;0.00529747;90
93.0379;0.00575509;90
96.3145;0.00540982;90
88.0207;0.00541423;90
75.0671;0.00492844;90
70.7388;0.00486852;90
72.3142;0.00459518;90
74.6533;0.00477217;90
74.5277;0.00509048;90
75.3698;0.00566157;90
73.2058;0.00491461;90
71.1772;0.00504585;90
70.8853;0.00695655;90
56.4184;0.00527549;90
42.2947;0.00440453;90
42.6696;0.00439972;90
29.9202;0.0039736;90
7.6748;0.00382628;90
-4.62982;0.0035556;90
-7.25233;0.00357258;90
-18.6979;0.00372141;90
-5.23869;0.00351569;90
1.44467;0.00353012;90
-5.3588;0.00359772;90
33.7717;0.00408898;90
39.2624;0.00418725;90
19.4081;0.00398441;90
47.0117;0.00463299;90
54.3217;0.0050683;90
48.2374;0.00464533;90
38.3014;0.00401905;90
44.4198;0.00286322;90
106.816;0.00267541;90
105.489;0.00358728;90
97.5155;0.00411334;90
88.5355;0.00375623;90
76.3146;0.00372372;90
74.6242;0.00316426;90
73.0964;0.00338421;90
68.8624;0.00320569;90
69.8687;0.00320479;90
44.4022;0.0022367;90
50.4092;0.0022203;90
66.4549;0.00358224;90
55.5561;0.0030145;90
72.518;0.00336545;90
82.3192;0.0038233;90
83.2405;0.00330497;90
68.4092;0.00394048;90
61.869;0.00288024;90
57.5948;0.00259748;90
72.7417;0.00335715;90
85.2198;0.00315598;90
46.0423;0.00209904;90
69.3704;0.00218832;90
101.881;0.00188948;90
111.353;0.00268319;90
141.478;0.00175493;90
113.554;0.00266505;90
102.104;0.00256093;90
110.429;0.00252692;90
110.536;0.00238027;90
130.614;0.00188643;90
116.81;0.00240335;90
120.998;0.00282904;90
111.12;0.00326104;90
133.081;0.00259725;90
132.261;0.00294422;90
126.507;0.00296846;90
132.157;0.0030797;90
115.482;0.00350276;90
114.449;0.00296705;90
-144.009;0.00148557;90
-149.477;0.00158109;90
-152.061;0.00186542;90
-153.988;0.00180817;90
166.128;0.00203124;90
174.146;0.0021864;90
115.835;0.00361423;90
-161.122;0.00188224;90
-178.548;0.00173656;90
-113.193;0.00254682;90
-78.6349;0.0030549;90
-61.7994;0.00476342;90
-79.7263;0.0194;90
-84.5788;0.00269907;90
-81.0604;0.00270283;90
-81.1389;0.00307065;90
-97.9645;0.00288685;90
-94.0266;0.002834;90
-95.1823;0.0025685;90
-87.8643;0.00276392;90
87.9712;0.00516924;90
85.8489;0.00268003;90
80.5953;0.00245398;90
96.2618;0.00290634;90
98.0302;0.00267725;90
98.8274;0.0030562;90
87.5713;0.0032329;90
84.2516;0.00316492;90
103.99;0.00209721;90
99.7316;0.0031828;90
104.963;0.00605739;90
119.352;0.00284183;90
101.221;0.00944555;90
18.4609;0.00348641;90
-62.4856;0.00310409;90
-32.0898;0.00208565;90
-7.74181;0.00187812;90
8.52174;0.00188279;90
28.7776;0.0018882;90
29.7524;0.00189017;90
29.8902;0.00171168;90
-49.1533;0.000810351;90
-68.9466;0.00284491;90
-54.5221;0.00400938;90
-55.7303;0.00175461;90
-52.1103;0.00170807;90
-55.1486;0.00166944;90
-54.644;0.00208933;90
-6.34019;0.0012587;90
-58.1347;0.00186391;90
-70.3545;0.00276919;90
-60.2927;0.00245576;90
-60.1659;0.00207039;90
-59.5197;0.00197145;90
-55.7635;0.00200672;90
-70.6823;0.00244252;90
-73.2094;0.00252359;90
-72.8887;0.00294328;90
-60.0575;0.00219382;90
-47.4271;0.00180333;90
-69.6397;0.00219301;90
-61.9877;0.00139888;90
10.0653;0.0013904;90
-19.7537;0.00162141;90
-50.3021;0.00204309;90
-79.3449;0.00327751;90
-78.7458;0.00322807;90
-82.2554;0.00351002;90
-89.3396;0.00390426;90
-68.6778;0.00306371;90
-83.943;0.00368658;90
-81.4769;0.00404163;90
-62.9339;0.00358008;90
-86.2804;0.00399241;90
-87.4305;0.00401504;90
-83.6931;0.00398713;90
-97.1372;0.00408062;90
-101.17;0.00409354;90
-106.107;0.00302785;90
-68.4963;0.00289447;90
-63.9824;0.00159126;90
-148.479;0.00230865;90
-152.778;0.00300368;90
179.13;0.00276532;90
160.568;0.0029246;90
147.726;0.00237845;90
134.874;0.00161009;90
133.015;0.00244947;90
126.439;0.00226106;90
-140.981;0.0018457;90
-144.722;0.00169165;90
-134.815;0.00197072;90
-137.193;0.00153342;90
-141.184;0.00183146;90
-147.051;0.00233687;90
-124.856;0.00286257;90
-103.008;0.00332327;90
-140.914;0.00235376;90
-85.4213;0.00190408;90
-128.699;0.000921269;90
-138.327;0.00406989;90
-141.625;0.0040576;90
-125.572;0.0054562;90
-127.053;0.00500203;90
-152.151;0.00399015;90
-151.348;0.00391661;90
-139.854;0.00428701;90
-168.446;0.00358974;90
171.938;0.00367229;90
-174.258;0.00358801;90
161.404;0.00394496;90
170.442;0.00365575;90
176.413;0.00359605;90
178.964;0.00354058;90
-156.909;0.00385267;90
-141.086;0.00436838;90
-137.053;0.00446046;90
-129.9;0.00481253;90
-112.016;0.00641043;90
-108.659;0.0063888;90
-107.144;0.00648621;90
-105.382;0.00634115;90
-105.25;0.0056572;90
-105.741;0.00454131;90
-108.727;0.00489306;90
-107.992;0.00572073;90
-96.075;0.00608517;90
-85.0932;0.00508564;90
-84.0377;0.00514081;90
-93.8659;0.0049242;90
-96.6987;0.00540087;90
-96.5013;0.00589088;90
-94.8443;0.00560101;90
-98.0149;0.00590973;90
-91.4976;0.00627514;90
-84.2764;0.00611649;90
-87.1225;0.00494023;90
-107.561;0.00489198;90
-123.967;0.0043636;90
-123.47;0.00448229;90
-118.881;0.00499185;90
-109.24;0.00569614;90
-96.7315;0.00650081;90
-92.899;0.0067226;90
-92.098;0.0055177;90
-109.341;0.00160031;90
-101.549;0.00483999;90
-98.3905;0.00507128;90
-93.5993;0.00310613;90
-78.9513;0.00266642;90
-78.5411;0.00422318;90
-78.3426;0.00472139;90
-77.1763;0.00550121;90
-79.9271;0.00521437;90
-77.4096;0.00181669;90
-76.1483;0.00301158;90
-80.2369;0.00231756;90
-105.358;0.00116666;90
-88.5403;0.00824368;90
-101.053;0.00175251;90
-101.829;0.00197085;90
-107.176;0.00188612;90
-104.907;0.00209138;90
-104.683;0.00345999;90
-100.707;0.00141564;90
-123.307;0.000994322;90
-106.573;0.00117794;90
-78.4106;0.00104531;90
-71.2336;0.00251469;90
4.6622;0.000750483;90
-87.9294;0.00251864;90
-88.7934;0.00436897;90
-90.4686;0.00330111;90
-21.149;0.00140246;90
-52.3717;0.00275004;90
-58.5757;0.00309376;90
-59.6906;0.00334873;90
-50.3009;0.00296201;90
-47.3564;0.00325049;90
-47.0031;0.00327732;90
-46.3391;0.00299542;90
-34.823;0.0014167;90
-42.8094;0.00129495;90
-55.5109;0.00121325;90
135;0.00795212;90
143.214;0.0017718;90
-103.209;0.00280522;90
-93.7799;0.0031248;90
-88.5124;0.00335113;90
-86.843;0.00208817;90
-88.7292;0.00171342;90
-66.9962;0.000849558;90
90.1777;0.00129001;90
117.826;0.000914773;90
90.4171;0.0037091;90
93.3509;0.00410602;90
76.993;0.00345669;90
77.0792;0.000872081;90
-43.9435;0.0023777;90
-45.2466;0.00312191;90
-44.9;0.00162069;90
-34.8117;0.00111932;90
-53.6417;0.00112004;90
-57.6847;0.00115605;90
-52.0892;0.00112299;90
123.887;0.00144916;90
147.214;0.00916146;90
-97.0543;0.00261379;90
-87.6934;0.00285732;90
-88.8722;0.00248948;90
-88.3602;0.00202683;90
-87.498;0.00139733;90
70.9447;0.000817813;90
117.041;0.000915031;90
91.9544;0.00337196;90
90.3986;0.00373709;90
81.8478;0.00330742;90
73.9564;0.00168253;90
-45.345;0.00223096;90
-47.035;0.00278776;90
-41.7375;0.00187617;90
-34.0163;0.00116905;90
-48.1861;0.00108142;90
-57.1038;0.00188172;90
132.939;0.00446261;90
66.336;0.0026509;90
80.3202;0.00381228;90
88.9214;0.00605607;90
91.8072;0.00155377;90
91.3824;0.00650789;90
99.1587;0.00198531;90
122.79;0.00289534;90
116.652;0.00176113;90
142.513;0.00332579;90
150.332;0.00306478;90
161.61;0.0028021;90
-176.325;0.00188788;90
91.3106;0.00301679;90
154.285;0.000723671;90
139.41;0.00107587;90
-37.3118;0.00746842;90
-29.6591;0.00140854;90
-32.1267;0.00265329;90
-28.7732;0.00247224;90
-75.3157;0.00216574;90
-58.12;0.00280985;90
-83.8139;0.0035728;90
-87.5255;0.00363639;90
-87.4652;0.00395687;90
-81.4878;0.00167546;90
105.468;0.00108738;90
-91.8259;0.00357782;90
-101.345;0.00611039;90
-106.753;0.000926314;90
-47.5199;0.00104541;90
-38.6777;0.0010017;90
-53.1864;0.001018;90
-58.9276;0.000813762;90
93.4689;0.0150726;90
92.2189;0.00175632;90
92.8676;0.00443756;90
96.0666;0.00411605;90
125.932;0.00336045;90
134.037;0.0035332;90
140.469;0.00133544;90
145.041;0.0019791;90
159.797;0.00233677;90
178.398;0.00211082;90
161.008;0.00100787;90
86.1019;0.00213293;90
131.816;0.00119686;90
130.933;0.00076773;90
-39.5936;0.00657423;90
-25.8674;0.00154255;90
-29.627;0.00180843;90
-28.0233;0.00212629;90
-34.8719;0.0016406;90
-77.4003;0.00131568;90
-55.9667;0.0020369;90
-65.2437;0.00255039;90
-85.3393;0.0032367;90
-86.64;0.0031394;90
-87.6026;0.00291655;90
-90.0766;0.002993;90
-94.8883;0.00591451;90
-105.001;0.00132516;90
-112.191;0.00221075;90
-38.4087;0.00099796;90
-49.4289;0.00123618;90
-59.6443;0.00116351;90
-41.2469;0.00291671;90
-8.46405;0.00084925;90
-31.6463;0.00067661;90
-29.4176;0.0010424;90
-24.9548;0.000668401;90
41.5629;0.000943563;90
9.45119;0.00084649;90
-53.119;0.0010364;90
-16.874;0.000533991;90
0.794498;0.000649062;90
13.7695;0.000781458;90
-15.2354;0.000509922;90
-32.6298;0.000914302;90
-55.0579;0.000939332;90
-48.4541;0.000868491;90
-34.344;0.000753332;90
-61.7883;0.00108941;90
-56.6894;0.0012983;90
-71.9848;0.000863325;90
-45.3922;0.00113635;90
-69.3054;0.00140356;90
-107.021;0.00144845;90
-125.285;0.000976373;90
-105.081;0.000837857;90
-120.222;0.00132511;90
-178.737;0.000771187;90
178.383;0.000496198;90
156.749;0.00101329;90
-173.553;0.000471985;90
166.738;0.000466439;90
157.631;0.000543928;90
155.833;0.000598449;90
138.2;0.000772658;90
160.475;0.00108011;90
121.325;0.00111562;90
92.9753;0.000963298;90
99.712;0.00124484;90
109.264;0.00163981;90
117.106;0.00108857;90
117.544;0.00167595;90
152.959;0.0016145;90
138.935;0.00111278;90
148.34;0.000931649;90
144.962;0.00113218;90
80.8265;0.00195703;90
110.236;0.00220298;90
106.846;0.0050173;90
-34.895;0.00159595;90
20.8131;0.00443544;90
46.806;0.000942334;90
52.0689;0.00125261;90
89.2204;0.00477744;90
104.779;0.00140343;90
-157.158;0.00137047;90
-141.373;0.000541455;90
-123.183;0.00112914;90
-141.076;0.000848345;90
46.5232;0.00263349;90
66.6045;0.00179563;90
103.984;0.00345541;90
110.093;0.00558597;90
138.584;0.000656064;90
122.71;0.00175061;90
137.389;0.00424067;90
-122.525;0.00106386;90
118.353;0.00193514;90
148.768;0.00289098;90
149.809;0.00246775;90
100.252;0.00244402;90
87.3827;0.0033505;90
-36.9491;0.000868401;90
-72.4673;0.00202822;90
-118.754;0.00292691;90
-41.0959;0.00203553;90
-29.4334;0.00260067;90
-27.0978;0.00259708;90
26.3146;0.00255809;90
44.7884;0.00306321;90
-43.4322;0.00289456;90
-59.5957;0.00223079;90
-63.5015;0.00153976;90
-76.135;0.0049492;90
-69.6608;0.0045774;90
-72.7936;0.00532429;90
-58.1261;0.00480445;90
-52.2459;0.0050288;90
-63.8956;0.00561808;90
-65.4318;0.00572423;90
-62.2711;0.00539451;90
-55.2387;0.00498458;90
-61.9101;0.00542841;90
-61.6163;0.00538314;90
-53.6891;0.00485843;90
-41.6021;0.0045455;90
-48.3166;0.00458336;90
-46.9429;0.00383755;90
-43.791;0.00315015;90
-49.157;0.00339456;90
-64.5905;0.00430218;90
-76.708;0.00567606;90
-89.5488;0.0063492;90
-84.8642;0.00690372;90
-77.6439;0.00586485;90
-50.1841;0.00426504;90
-41.728;0.00307244;90
-39.7454;0.00231632;90
-52.1798;0.00256855;90
-56.5936;0.00280072;90
-58.8053;0.00344629;90
-57.6021;0.00383728;90
-58.6154;0.00422635;90
-65.9973;0.00448154;90
-48.3083;0.00360235;90
-50.3955;0.0034291;90
-46.5488;0.00332249;90
-48.911;0.00383579;90
-68.89;0.00584741;90
-64.6108;0.00557882;90
-44.7452;0.00445199;90
-31.8395;0.00432004;90
-29.5619;0.00345587;90
-32.909;0.00225839;90
-39.2182;0.00277253;90
-62.8177;0.0046495;90
-60.9477;0.00476105;90
-37.4005;0.00330434;90
-40.3154;0.0031515;90
-56.2512;0.00379082;90
-43.3052;0.00306028;90
-43.757;0.00228166;90
-56.229;0.00392534;90
-64.3854;0.00547286;90
-74.9024;0.00644237;90
-86.3876;0.00733257;90
-86.781;0.00705213;90
-82.9328;0.00725814;90
-81.663;0.00704849;90
-81.5661;0.00752033;90
-82.9213;0.00721399;90
-86.452;0.00732003;90
-80.6108;0.00708593;90
-77.1609;0.00684925;90
-74.8067;0.00658206;90
-66.5892;0.00599011;90
-65.0602;0.00588144;90
-65.7338;0.00597601;90
-72.3842;0.0069457;90
-74.2834;0.00653429;90
-58.862;0.00535678;90
-21.8324;0.00377259;90
-15.5142;0.00370499;90
-9.2978;0.00366414;90
-20.451;0.00376639;90
-39.2511;0.00420723;90
-64.5978;0.0061263;90
-82.5775;0.00723765;90
-82.9176;0.00717777;90
-77.1995;0.00681538;90
-65.6869;0.0059409;90
-50.4962;0.00498326;90
-52.4779;0.00488452;90
-45.3516;0.00403271;90
-54.0609;0.00114495;90
-55.7722;0.00156626;90
-55.5663;0.00331239;90
-42.4243;0.00171505;90
-25.031;0.00147007;90
-21.8371;0.000895237;90
-19.3098;0.000683448;90
-22.8197;0.000595619;90
-21.4223;0.000898042;90
-20.1107;0.00118953;90
-22.8914;0.00139594;90
-20.3802;0.00163964;90
-21.1497;0.00194287;90
-21.7316;0.00228758;90
-21.6127;0.00236744;90
-30.9874;0.0029057;90
-50.1755;0.00387235;90
-60.187;0.00438079;90
-60.3947;0.0041233;90
-60.0326;0.00348143;90
-60.2814;0.00432484;90
-63.1466;0.00613227;90
-72.5543;0.00712472;90
-73.9605;0.00711185;90
-76.4447;0.00797412;90
-80.6293;0.00770786;90
-80.5031;0.00763058;90
-80.2707;0.00769264;90
-82.3186;0.00785549;90
-85.5039;0.00807485;90
-86.4962;0.00798493;90
-87.0248;0.0079377;90
-90.3752;0.00809317;90
-95.4242;0.0084418;90
-96.602;0.00686251;90
-96.422;0.00580241;90
-91.5991;0.00602034;90
-63.7478;0.00515913;90
-44.583;0.00476108;90
-42.4728;0.00476275;90
-40.9587;0.00436451;90
-43.5663;0.00438048;90
-71.1644;0.00420625;90
-26.7509;0.00193063;90
-16.4508;0.00326986;90
1.55915;0.00338125;90
27.4624;0.00336972;90
-23.069;0.000696714;90
162.33;0.01384;90
136.324;0.00416173;90
138.393;0.00419413;90
138.488;0.00425335;90
134.761;0.00508697;90
123.805;0.00484032;90
91.2627;0.00589943;90
83.8471;0.00668954;90
83.356;0.0075195;90
84.6402;0.00771875;90
88.7245;0.00772691;90
92.8686;0.00785284;90
93.1821;0.00832283;90
94.2304;0.00780827;90
97.5458;0.00775213;90
99.3683;0.0076176;90
99.7796;0.00757102;90
99.6299;0.00736478;90
102.057;0.00752091;90
105.903;0.00708726;90
106.7;0.0074993;90
114.75;0.00624131;90
120.268;0.00389845;90
117.378;0.000945952;90
118.586;0.00223209;90
119.745;0.00314428;90
119.411;0.00242331;90
119.935;0.00279948;90
120.335;0.00240764;90
126.618;0.00259023;90
138.195;0.00180168;90
148.774;0.00101271;90
151.01;0.000602489;90
155.318;0.000557977;90
159.505;0.0015309;90
158.295;0.00188462;90
157.739;0.00180557;90
159.054;0.000808422;90
159.899;0.00107658;90
157.999;0.00170302;90
158.979;0.00178693;90
159.905;0.00209557;90
157.605;0.00191871;90
144.128;0.00251378;90
124.3;0.00370172;90
127.034;0.00314801;90
135.34;0.0032181;90
127.545;0.00353145;90
128.02;0.00384617;90
127.603;0.00389392;90
111.657;0.00463089;90
103.132;0.0052729;90
98.5287;0.00542802;90
95.7437;0.00567549;90
99.1909;0.00575995;90
115.045;0.00460389;90
137.449;0.00355788;90
151.779;0.00349778;90
170.563;0.00265291;90
169.793;0.00289482;90
163.545;0.00408114;90
150.873;0.00413146;90
114.603;0.00638682;90
104.681;0.0074337;90
111.296;0.00696348;90
115.04;0.00704074;90
114.505;0.0066302;90
106.047;0.00738369;90
102.727;0.00765303;90
98.4409;0.00797741;90
94.0405;0.00823146;90
97.856;0.00801119;90
98.2997;0.00798058;90
97.9775;0.00849521;90
94.1414;0.00812822;90
93.5404;0.00796721;90
103.011;0.00657377;90
116.392;0.0056376;90
122.189;0.00360984;90
136.237;0.00258791;90
134.688;0.0031198;90
124.633;0.00434972;90
141.396;0.00304039;90
141.312;0.00352437;90
117.442;0.00438544;90
118.408;0.00469996;90
141.511;0.00298699;90
149.111;0.00448984;90
148.601;0.00435705;90
138.607;0.0049121;90
116.116;0.00541816;90
110.856;0.00583961;90
127.789;0.00426435;90
134.493;0.00351587;90
130.104;0.00386075;90
128.82;0.00413159;90
113.713;0.00495321;90
124.177;0.00440587;90
119.911;0.00449814;90
125.783;0.00296213;90
121.285;0.00284229;90
139.17;0.00257715;90
138.666;0.00357183;90
126.048;0.00523054;90
99.381;0.00695096;90
92.83;0.00733194;90
95.4598;0.00697866;90
110.156;0.00580129;90
128.646;0.00388467;90
137.065;0.00370977;90
132.245;0.00459019;90
133.441;0.0046276;90
137.04;0.0047484;90
122.283;0.00537722;90
117.32;0.00563672;90
120.158;0.00547392;90
123.545;0.00524082;90
115.66;0.00580332;90
114.189;0.00578163;90
120.364;0.00479931;90
129.478;0.00418854;90
119.376;0.00412201;90
108.354;0.00425232;90
108.341;0.00442372;90
107.531;0.00378793;90
104.756;0.00239499;90
127.198;0.000802213;90
114.813;0.00340757;90
148.427;0.00241792;90
-131.239;0.00283524;90
-150.595;0.002383;90
-162.133;0.000925644;90
-65.3955;0.0023922;90
-65.4253;0.00315476;90
-85.9951;0.00399475;90
-87.2273;0.00440315;90
-90.7459;0.00407134;90
-94.3356;0.00424615;90
-105.854;0.00351781;90
-85.3407;0.00155113;90
-41.2405;0.00128333;90
-51.3402;0.00130624;90
104.085;0.00509107;90
79.1063;0.0015927;90
87.2137;0.00635651;90
90.4056;0.00155404;90
92.4898;0.00844798;90
97.0754;0.00157499;90
112.949;0.00156703;90
127.249;0.00274746;90
105.322;0.000908282;90
134.579;0.000673891;90
150.597;0.00289031;90
148.996;0.00271019;90
89.9385;0.003729;90
85.1261;0.00116521;90
49.4192;0.000908505;90
-69.397;0.00185569;90
-77.3359;0.00128629;90
-82.4074;0.00372365;90
-27.8039;0.00223391;90
-31.9081;0.00112381;90
-65.9764;0.00171451;90
0.441861;0.00155605;90
-39.2567;0.0017241;90
-45.6578;0.00264829;90
-60.9154;0.00353014;90
-75.022;0.00618307;90
-77.4276;0.00128173;90
-115.139;0.00127585;90
-134.718;0.00157757;90
-128.336;0.00138325;90
56.4868;0.000898341;90
47.8978;0.00137071;90
50.2179;0.00156282;90
-70.4984;0.00129107;90
-78.7885;0.004454;90
-120.151;0.00218803;90
95.9275;0.000919918;90
-110.495;0.00154799;90
-144.883;0.00226166;90
-176.816;0.00205217;90
158.133;0.00162706;90
-115.938;0.00208503;90
-92.9004;0.00158103;90
-33.5487;0.0010115;90
-49.1994;0.00109117;90
113.321;0.00356419;90
74.849;0.002992;90
85.6112;0.00354138;90
88.4176;0.00398352;90
92.6391;0.00356178;90
92.1041;0.00362244;90
99.3428;0.00338794;90
122.899;0.00273216;90
105.005;0.00170721;90
18.676;0.00225472;90
49.4344;0.00296316;90
12.1558;0.00209906;90
-60.2465;0.00331272;90
-11.0889;0.00137263;90
56.8439;0.00312476;90
79.3027;0.00480551;90
98.4605;0.00507725;90
104.737;0.00505531;90
104.529;0.00570028;90
105.643;0.00527747;90
116.038;0.00457206;90
132.881;0.00325067;90
123.005;0.00104458;90
39.7692;0.00100829;90
-25.8012;0.0016772;90
78.2875;0.00276354;90
75.8785;0.00228299;90
93.9291;0.0019556;90
123.915;0.0012026;90
-174.564;0.000643896;90
-171.992;0.00073214;90
169.252;0.00065957;90
59.6764;0.00239461;90
-42.517;0.00107723;90
-106.06;0.00901898;90
-62.0057;0.00181088;90
-49.4506;0.00311642;90
-64.0741;0.00424969;90
-74.5014;0.00480886;90
-75.7694;0.00507678;90
-75.7657;0.00470134;90
-76.1685;0.00475179;90
-93.7042;0.00489122;90
-112.839;0.00399088;90
-119.234;0.00217045;90
122.947;0.00222481;90
122.491;0.0028762;90
-160.72;0.00238051;90
-135.342;0.00308304;90
-171.577;0.00157701;90
-67.409;0.00274892;90
-68.8028;0.00350408;90
-86.5497;0.00425371;90
-87.5266;0.00431002;90
-91.792;0.00438114;90
-94.9271;0.00430792;90
-111.075;0.00303395;90
-59.1208;0.00127818;90
-44.1912;0.0012022;90
-54.0883;0.000801312;90
95.4857;0.00778264;90
86.1749;0.00589112;90
93.3501;0.00143746;90
96.1382;0.00385309;90
90.1896;0.00362702;90
105.178;0.00304418;90
123.298;0.00283431;90
135.494;0.00319978;90
151.042;0.00224921;90
148.605;0.00095596;90
101.885;0.00185476;90
87.2003;0.00438123;90
-67.3924;0.00287708;90
111.032;0.0182284;90
123.23;0.000932481;90
128.984;0.000964857;90
-86.5535;0.00399222;90
-65.9617;0.00122745;90
-57.7389;0.000878641;90
-76.5829;0.0158681;90
-178.747;0.00356785;90
-155.369;0.00210668;90
171.706;0.00113689;90
133.818;0.000651384;90
110.145;0.00275557;90
88.6457;0.00241167;90
73.752;0.00395288;90
77.1715;0.00219786;90
75.7882;0.00182072;90
114.386;0.00147016;90
132.303;0.00246488;90
166.439;0.00128791;90
-53.5764;0.00575157;90
-103.292;0.00209205;90
-105.631;0.00319931;90
-104.008;0.00244161;90
-81.1862;0.00251267;90
-57.6947;0.0024905;90
16.0646;0.00217909;90
17.4;0.00208333;90
-9.62795;0.00244545;90
-25.1668;0.0023092;90
-30.1364;0.00254153;90
-29.8961;0.00220894;90
-30.9824;0.000528387;90
-81.5258;0.00155397;90
46.7448;0.000812843;90
-24.094;0.0016804;90
-41.3278;0.00189894;90
-51.9209;0.00238833;90
-63.1097;0.00275712;90
-70.4675;0.00292216;90
-77.1314;0.00323731;90
-86.2297;0.00191615;90
-132.663;0.001058;90
-133.889;0.00116695;90
-122.147;0.00115392;90
-145.515;0.000619937;90
21.069;0.000522961;90
47.0231;0.00110165;90
59.6126;0.00144906;90
44.1374;0.00112726;90
-75.1767;0.00361946;90
-106.799;0.00435275;90
-140.693;0.000898213;90
-147.814;0.00245179;90
174.502;0.00214989;90
149.54;0.00105339;90
-118.654;0.00187686;90
-92.3657;0.00176851;90
-32.2077;0.00105068;90
-33.4473;0.000850918;90
-53.5548;0.000917425;90
94.8706;0.00956353;90
83.2377;0.00223354;90
94.0142;0.0011428;90
90.8478;0.00385242;90
94.1345;0.0033427;90
107.338;0.00738559;90
89.7501;0.00183402;90
3.84026;0.00174692;90
48.5114;0.00252841;90
33.1931;0.00214261;90
-46.9543;0.00230156;90
-59.3662;0.00271024;90
-96.674;0.00121322;90
24.3429;0.000703549;90
-78.3084;0.00432779;90
-69.4852;0.00358111;90
-72.8654;0.00423601;90
-68.9644;0.00433489;90
-54.7465;0.00428971;90
-52.7861;0.00426428;90
-63.8879;0.00514848;90
-65.3315;0.00536458;90
-63.2437;0.00495784;90
-55.8057;0.00460142;90
-59.4856;0.00511665;90
-62.4443;0.00530251;90
-59.1397;0.00503366;90
-45.7064;0.0044735;90
-43.8397;0.00394576;90
-49.3548;0.00381809;90
-44.3726;0.00322884;90
-44.3473;0.00304146;90
-50.5759;0.00323121;90
-64.7703;0.00383813;90
-76.2998;0.00562401;90
-89.38;0.00628437;90
-85.896;0.00598034;90
-79.877;0.00594556;90
-55.4825;0.00459007;90
-41.7489;0.00321686;90
-42.6731;0.00214218;90
-44.6647;0.00229602;90
-60.0321;0.00277269;90
-54.7604;0.00288217;90
-60.0101;0.00348107;90
-55.5725;0.00353401;90
-62.9288;0.00399914;90
-62.8421;0.00380331;90
-47.045;0.00319038;90
-50.4762;0.0028897;90
-52.711;0.00246107;90
-41.3083;0.00378876;90
-66.6773;0.00581951;90
-66.955;0.00568139;90
-50.5524;0.00461147;90
-32.5998;0.00386252;90
-32.0225;0.00354548;90
-32.3727;0.0037036;90
-43.5718;0.00394335;90
-65.7551;0.00502633;90
-56.8142;0.00356076;90
-34.9495;0.00253642;90
-36.107;0.00264383;90
-54.8032;0.00371278;90
-49.6643;0.00294779;90
-43.2892;0.00177634;90
-29.8319;0.00138907;90
51.6318;0.0081922;90
109.121;0.00324821;90
105.12;0.00304024;90
87.8804;0.00432596;90
82.2292;0.00507359;90
66.8822;0.00446994;90
58.228;0.00369582;90
31.4091;0.00251562;90
19.3736;0.00229707;90
55.3343;0.00307848;90
68.2672;0.00294643;90
69.0585;0.00295735;90
68.4896;0.00376632;90
76.0294;0.00423322;90
19.1767;0.00102593;90
-15.0461;0.00218801;90
-22.1929;0.00214706;90
-38.538;0.0023498;90
28.0184;0.00199253;90
37.1479;0.00234983;90
47.9434;0.00269905;90
26.0903;0.00183498;90
-11.3194;0.00236908;90
7.22432;0.00200391;90
25.2194;0.00217093;90
25.4527;0.00138215;90
10.6681;0.00246867;90
34.1257;0.00218891;90
61.6242;0.0026891;90
74.9543;0.00242306;90
84.7793;0.00356077;90
80.8429;0.00419749;90
85.6292;0.000944748;90
84.8983;0.00240653;90
83.9243;0.00454453;90
86.3554;0.00492396;90
82.0617;0.00333799;90
-95.5753;0.0149146;90
-97.4197;0.00378671;90
-97.6849;0.00373152;90
-95.6642;0.0028268;90
-120.652;0.00182614;90
-116.227;0.00288279;90
-163.43;0.00182687;90
-169.503;0.0021571;90
-151.776;0.00228577;90
-164.686;0.0020332;90
-177.988;0.00216433;90
166.313;0.00214697;90
-128.865;0.00301042;90
-147.481;0.00221177;90
-130.311;0.00207594;90
168.867;0.00171426;90
146.653;0.00212842;90
161.293;0.00219812;90
156.516;0.00200507;90
-122.888;0.00164457;90
-105.675;0.00450452;90
-111.303;0.00398852;90
-111.049;0.00405668;90
-121.692;0.00341293;90
-154.734;0.00177589;90
-163.468;0.00174306;90
-137.471;0.00223087;90
-120.456;0.00280737;90
-116.54;0.00303926;90
-104.928;0.00328797;90
-95.7184;0.00367328;90
-92.648;0.00354979;90
-77.8171;0.00317961;90
-69.6063;0.00239619;90
-78.8153;0.00287154;90
-110.073;0.00306518;90
-165.88;0.00215614;90
-152.841;0.00219951;90
-129.372;0.000829191;90
135;0.00303207;90
129.263;0.00354409;90
128.166;0.00380297;90
148.574;0.00318758;90
129.527;0.00363271;90
114.235;0.00460922;90
125.927;0.00419257;90
147.175;0.00356408;90
147.512;0.00343685;90
148.325;0.00350982;90
142.1;0.00368399;90
121.762;0.00454224;90
111.977;0.00387455;90
111.43;0.00384267;90
118.304;0.00272702;90
-62.0655;0.00288177;90
-68.5787;0.00288317;90
-57.7569;0.00125208;90
-75.3215;0.00188244;90
-65.7873;0.00330143;90
-53.2034;0.0034392;90
-35.396;0.00314904;90
-32.3895;0.00322586;90
-32.4751;0.00341384;90
-32.2917;0.00333002;90
147.574;0.00157213;90
147.576;0.00343915;90
148.037;0.00315657;90
148.003;0.00301389;90
137.646;0.00321652;90
120.146;0.00400233;90
111.854;0.00442716;90
112.191;0.00458567;90
133.074;0.0033458;90
133.044;0.00345906;90
131.342;0.0035803;90
129.443;0.00362185;90
113.586;0.00443117;90
123.149;0.00364288;90
120.944;0.00400621;90
122.506;0.00361187;90
123.821;0.00278294;90
127.703;0.00269469;90
138.273;0.00248954;90
138.531;0.00363932;90
122.368;0.00465295;90
98.9403;0.00626107;90
93.5563;0.00694838;90
93.1584;0.0065159;90
107.013;0.00569733;90
124.018;0.00416476;90
137.206;0.00358274;90
133.43;0.00387216;90
130.904;0.00437544;90
137.3;0.00419369;90
131.96;0.00463949;90
119.05;0.00520823;90
117.753;0.00521832;90
122.225;0.00491514;90
122.266;0.00496582;90
115.296;0.00537325;90
114.198;0.00551124;90
120.813;0.00536072;90
128.421;0.00457968;90
115.954;0.0046978;90
107.349;0.00455418;90
109.987;0.00428614;90
104.304;0.00404336;90
115.932;0.00259087;90
121.127;0.00354197;90
-157.51;0.00264301;90
-138.42;0.00299852;90
-169.85;0.00135622;90
-66.644;0.00272422;90
-66.7689;0.00300679;90
-85.9671;0.0037964;90
-87.1967;0.00396675;90
-90;0.003772;90
-93.0376;0.00388746;90
-97.5339;0.00298981;90
-113.528;0.00253255;90
-53.3792;0.00115001;90
-43.9028;0.00121857;90
-55.4915;0.00118441;90
133.08;0.0164594;90
125.579;0.00145577;90
116.741;0.00145792;90
126.028;0.0064657;90
164.21;0.000760706;90
105.561;0.00116677;90
88.3567;0.00411469;90
90.1546;0.00704303;90
105.496;0.000999329;90
106.495;0.00174689;90
91.6683;0.00195783;90
75.463;0.00574492;90
57.7086;0.000806774;90
81.1369;0.0033166;90
90.3384;0.00254004;90
93.1983;0.00842412;90
166.766;0.0220157;90
-151.076;0.00858483;90
-141.955;0.00435031;90
-144.318;0.00598329;90
145.452;0.00398347;90
130.038;0.00505212;90
155.745;0.00411637;90
160.215;0.00397356;90
-123.172;0.00497115;90
-126.234;0.00567935;90
-124.258;0.00697265;90
-109.484;0.02078;90
-155.582;0.0161419;90
162.67;0.00577097;90
-115.349;0.0221309;90
-88.243;0.00733845;90
-59.3434;0.00614248;90
-57.7427;0.0062673;90
-77.8623;0.00716722;90
-97.348;0.0116345;90
-103.409;0.127155;90
-137.236;0.000888095;90
-143.516;0.00154224;90
-128.627;0.00163717;90
113.852;0.865712;90
100.759;1.45831;90
128.764;0.294571;90
-93.6197;0.00749195;90
-91.7653;0.0116535;90
-87.0622;0.0117655;90
-81.3894;0.0114683;90
-69.9097;0.0101368;90
-61.7469;0.00912399;90
-53.5881;0.00845707;90
-30.0826;0.00633419;90
-27.0645;0.00630998;90
-34.0118;0.00696326;90
-28.6063;0.00659164;90
-34.9165;0.0101977;90
-37.6087;0.00252841;90
-38.3153;0.00620818;90
-36.822;0.0057464;90
-40.942;0.00596526;90
-41.9639;0.0058475;90
-37.5886;0.00593127;90
-32.8204;0.0043671;90
-37.2714;0.00667776;90
-31.3594;0.0063835;90
-19.8313;0.00551507;90
-24.3789;0.00473631;90
-17.6289;0.00667654;90
-19.1628;0.00637314;90
-17.3617;0.00624659;90
-24.5775;0.00646031;90
-47.2709;0.00838722;90
-51.511;0.0082749;90
-47.6403;0.00770574;90
-46.4672;0.00789814;90
-52.2322;0.0148172;90
-59.0454;0.00647407;90
-61.7312;0.00351979;90
-62.3616;0.00859472;90
-62.4931;0.00813457;90
-61.9603;0.00761141;90
-62.2675;0.00564098;90
-62.909;0.0127645;90
-63.3898;0.00283757;90
-62.8085;0.00372238;90
-61.4644;0.0051894;90
-63.4701;0.00218732;90
-62.6156;0.00300245;90
-57.9653;0.00352354;90
-64.1088;0.00163513;90
-60.5972;0.000831048;90
-59.2626;0.0054705;90
-65.2567;0.00163181;90
-62.5225;0.00671219;90
-73.5108;0.00282206;90
-83.3361;0.00611834;90
-87.3794;0.0168406;90
-86.2272;0.00341941;90
-87.8305;0.0117024;90
-88.3904;0.0040586;90
-88.6577;0.0105869;90
-85.1969;0.00953047;90
-89.1206;0.016615;90
-84.8264;0.00423626;90
-86.8265;0.0050217;90
-85.1345;0.00971501;90
-87.573;0.0104614;90
-89.7896;0.0114391;90
-90.3465;0.0100862;90
-92.2262;0.00934505;90
-102.603;0.00790137;90
-95.1266;0.00879619;90
-94.9107;0.00945069;90
-95.9026;0.00986028;90
-99.6605;0.01721;90
-104.127;0.00350295;90
-100.656;0.00886895;90
-99.8528;0.00906977;90
-88.8603;0.0139768;90
-90.8472;0.00358439;90
-90.5036;0.00955737;90
-90.5273;0.00999742;90
-85.5763;0.0198361;90
-83.9173;0.00402969;90
-80.7487;0.0120052;90
-80.6137;0.00928937;90
-80.6415;0.00952579;90
-81.3432;0.00960037;90
-82.1665;0.0101911;90
-81.7267;0.0100698;90
-81.7011;0.00988653;90
-79.6064;0.0104484;90
-79.8219;0.00958077;90
-79.9159;0.00924075;90
-76.4267;0.00861563;90
-84.885;0.00855808;90
-84.6283;0.00851339;90
-82.176;0.00860208;90
-82.9564;0.00942715;90
0;0;90
-83.2649;0.00966067;90
-81.8344;0.00982864;90
-82.8303;0.0100234;90
-83.2888;0.00996025;90
-82.8801;0.00963328;90
-82.1638;0.00970361;90
-82.5342;0.00978192;90
-85.0721;0.0102559;90
-82.7131;0.00935052;90
-84.7145;0.028702;90
-81.0493;0.00909475;90
-79.0284;0.00880087;90
-83.4996;0.00963696;90
-81.3279;0.00888053;90
-79.1711;0.00913365;90
-75.3502;0.00899131;90
-75.062;0.00892254;90
-73.2086;0.00875426;90
-72.684;0.0087286;90
-72.6202;0.0090156;90
-73.7499;0.00929848;90
-80.0137;0.00904199;90
-70.3019;0.00766027;90
-64.4915;0.00759095;90
-63.1539;0.00656339;90
-66.4395;0.00490597;90
-79.1543;0.00423566;90
-81.8871;0.00376266;90
-82.3165;0.00293939;90
-81.0549;0.00205803;90
-78.6562;0.0029843;90
-72.9684;0.00414478;90
-75.3419;0.00569847;90
-87.6759;0.00732402;90
-94.3085;0.00847896;90
-88.1512;0.00932986;90
-87.0231;0.00897311;90
-91.9923;0.0087733;90
-89.3286;0.00904562;90
-85.2449;0.00948163;90
-84.9209;0.0101659;90
-84.242;0.0103462;90
-85.4;0.0100875;90
-83.91;0.0101422;90
-64.8365;0.00713072;90
-59.5966;0.00645346;90
-86.5576;0.00837711;90
-93.9937;0.00870113;90
-95.7364;0.0572879;90
-109.587;0.00773776;90
-106.38;0.00795382;90
-107.075;0.0083302;90
-106.567;0.00783839;90
-101.189;0.00801842;90
-100.177;0.00799173;90
-95.1944;0.00842761;90
-94.7139;0.00946702;90
-94.7347;0.0100312;90
-94.7521;0.00989802;90
-97.2323;0.0103342;90
-104.781;0.00872887;90
-102.574;0.00801114;90
-94.8573;0.00792446;90
-93.9713;0.00831697;90
-89.5726;0.00656918;90
-75.2744;0.00469728;90
-73.2001;0.0041449;90
-73.9736;0.00330339;90
-71.2953;0.00248526;90
-70.3043;0.00229953;90
-71.9647;0.00126937;90
-71.861;0.000979687;90
-73.7723;0.00133832;90
-75.2454;0.00210853;90
-73.712;0.00280248;90
-73.0143;0.00323826;90
-74.0662;0.00340586;90
-73.4169;0.00387518;90
-72.4076;0.00529043;90
-72.9104;0.00641107;90
-73.3274;0.00680718;90
-72.7462;0.0071644;90
-73.3083;0.00731837;90
-70.2762;0.00743735;90
-53.6133;0.00623702;90
-72.2747;0.00811945;90
-76.5927;0.00894889;90
-70.6908;0.00845565;90
-55.3888;0.00703867;90
-33.622;0.00513986;90
-55.5606;0.00636212;90
-43.0743;0.00561831;90
-45.9496;0.00610105;90
-52.7407;0.00685636;90
-55.0228;0.00666724;90
-56.0623;0.00654497;90
-42.4558;0.00592574;90
-42.3038;0.00563693;90
-50.7765;0.00623866;90
-53.1139;0.0063676;90
-40.5728;0.00567024;90
-48.731;0.00609616;90
-77.6943;0.00885853;90
-79.4042;0.00944098;90
-67.5389;0.00788626;90
-61.533;0.00723588;90
-44.0177;0.00606292;90
-26.6521;0.00530128;90
-27.5731;0.00543985;90
-40.8484;0.00603615;90
-64.379;0.00806167;90
-69.3683;0.00859633;90
-52.4371;0.00735854;90
-53.6954;0.00691294;90
-65.4631;0.00821375;90
-65.4388;0.00824943;90
-63.5725;0.00782581;90
-64.4046;0.0076641;90
-65.9865;0.00797636;90
-66.2264;0.00862267;90
-59.6685;0.00758413;90
-54.1683;0.007318;90
-54.3273;0.00774409;90
-56.479;0.00817937;90
-57.5747;0.00833085;90
-57.8095;0.00823485;90
-64.0376;0.00846085;90
-68.5198;0.00973839;90
-68.5664;0.00946026;90
-67.1623;0.00892245;90
-79.5869;0.00998648;90
-89.2931;0.0102128;90
-83.6076;0.00944875;90
-71.3288;0.00720942;90
-69.2573;0.00524605;90
-69.5361;0.00334937;90
-70.5917;0.00260609;90
-66.9052;0.002246;90
-52.0642;0.00156967;90
-28.2225;0.00119053;90
-26.2683;0.00120883;90
-31.7431;0.00113474;90
-22.7657;0.000695156;90
-31.0393;0.00169115;90
-26.8047;0.00149684;90
-32.0596;0.00134514;90
-27.8992;0.0015366;90
-38.8029;0.0019389;90
-48.3498;0.00257757;90
-73.6435;0.00430733;90
-74.888;0.00509002;90
-62.3204;0.00446046;90
-61.4722;0.00536658;90
-73.9954;0.00651762;90
-89.3765;0.00735144;90
-82.7961;0.00675432;90
-87.1666;0.00671621;90
-80.1663;0.00634117;90
-75.2339;0.00609323;90
-54.6054;0.00549202;90
-53.5079;0.00594573;90
-59.6876;0.00730117;90
-67.1773;0.00810559;90
-69.7679;0.00857083;90
-69.6105;0.00890067;90
-70.9608;0.0093558;90
-71.6075;0.0098154;90
-71.7631;0.011069;90
-72.1993;0.0109418;90
-69.3643;0.0100135;90
-63.0708;0.00872621;90
-59.7076;0.00768418;90
-59.3971;0.00699882;90
-67.9983;0.00754336;90
-59.705;0.00695011;90
-55.2438;0.00623064;90
-56.3493;0.00605816;90
-69.8921;0.00643418;90
-75.4686;0.00673547;90
-48.903;0.0048514;90
-24.4728;0.00410368;90
-28.557;0.00445157;90
12.4605;0.00500079;90
44.3853;0.00586579;90
46.7;0.00576829;90
44.7458;0.00541932;90
42.4012;0.00486566;90
-30.5397;0.00481959;90
-51.2887;0.00573236;90
-49.2986;0.00565083;90
-53.3302;0.00670124;90
-60.2616;0.00768284;90
-60.0323;0.00682668;90
-60.0936;0.00532508;90
-59.7008;0.00328236;90
-62.0511;0.00201842;90
-59.8287;0.00101674;90
-62.5889;0.00106001;90
-62.2636;0.00144391;90
-57.0167;0.00224837;90
-67.1619;0.00373587;90
-68.2915;0.00538276;90
-83.2885;0.00819717;90
-93.096;0.00898011;90
-86.5872;0.00935659;90
-84.8419;0.00942115;90
-83.588;0.00969766;90
-86.999;0.0099897;90
-76.8508;0.0102775;90
-76.9525;0.00893877;90
-66.6209;0.00933436;90
-68.2547;0.00852676;90
-83.5623;0.00980181;90
-84.6256;0.00769784;90
-78.606;0.00694997;90
-39.5748;0.00406853;90
-24.1512;0.00385438;90
-47.5861;0.00514024;90
-50.0951;0.0061308;90
-37.3854;0.00535762;90
-37.8111;0.00534532;90
-60.6463;0.00695839;90
-59.6059;0.00646907;90
-36.5781;0.00439826;90
-41.6249;0.00442001;90
-74.9896;0.00681866;90
-87.0491;0.00792551;90
-79.8316;0.00777716;90
-76.372;0.00800024;90
-76.8225;0.00744401;90
-77.3539;0.00651812;90
-76.6514;0.00543586;90
-75.3937;0.00414393;90
-76.9418;0.00331061;90
-76.9319;0.00163638;90
-77.3073;0.00307207;90
-75.3852;0.00355503;90
-60.8588;0.00334317;90
2.99287;0.00287292;90
-2.42151;0.00321887;90
-56.8441;0.0054743;90
-68.8722;0.00737689;90
-70.8959;0.0080419;90
-81.501;0.00882997;90
-73.1521;0.00826683;90
-72.6891;0.00801191;90
-66.9821;0.0077848;90
-63.1154;0.00809827;90
-71.9878;0.00968569;90
-74.9828;0.01054;90
-71.8259;0.0106282;90
-73.8433;0.0108027;90
-77.4085;0.0111973;90
-80.1824;0.0123275;90
-77.5553;0.011151;90
-75.7795;0.0110114;90
-76.1352;0.010537;90
-72.3311;0.00979192;90
-72.1758;0.0102941;90
-72.4054;0.0105002;90
-72.0146;0.0106;90
-70.2583;0.0111344;90
-63.1832;0.00895509;90
-62.853;0.00823407;90
-62.5997;0.00748581;90
-63.0477;0.00668287;90
-62.341;0.00517655;90
-62.8742;0.00356402;90
-64.1571;0.00326447;90
-60.9773;0.00261771;90
-62.887;0.00135601;90
-65.4472;0.00135008;90
-61.3419;0.00124901;90
-71.0506;0.00112708;90
-70.7848;0.000975337;90
-70.0928;0.0013539;90
-71.3166;0.00182307;90
-72.4405;0.0027942;90
-71.8818;0.00406138;90
-82.1933;0.0155854;90
-80.1187;0.00379936;90
-82.7483;0.0047137;90
-80.6737;0.0106629;90
-58.7724;0.00789485;90
-40.8713;0.00609907;90
-43.4944;0.0053016;90
-44.1406;0.00509174;90
-78.9677;0.0106865;90
-88.2164;0.00257025;90
-85.9764;0.00533014;90
-50.7024;0.00587828;90
6.4436;0.000917798;90
38.4933;0.00220268;90
43.1924;0.00385565;90
50.6115;0.00142458;90
41.8945;0.00114861;90
44.9312;0.00176706;90
43.6816;0.00122928;90
48.6441;0.00212491;90
-32.2538;0.00105121;90
66.1836;0.00235013;90
52.426;0.000651049;90
52.1641;0.00154222;90
48.7294;0.00171766;90
60.2531;0.00355322;90
48.632;0.00136179;90
63.3586;0.00234832;90
70.6637;0.00379931;90
71.4754;0.00505491;90
62.7721;0.00541165;90
66.9103;0.00476578;90
81.0021;0.00588239;90
95.0435;0.00629035;90
94.5638;0.0070002;90
85.2623;0.00659855;90
71.375;0.0061026;90
81.5445;0.00741965;90
86.8218;0.00791818;90
87.2223;0.00827472;90
87.356;0.00867123;90
76.761;0.0128115;90
67.9995;0.00715934;90
68.5845;0.00284009;90
68.3028;0.00755206;90
81.209;0.0597853;90
40.2494;0.026229;90
75.1799;0.00281877;90
69.0782;0.0115152;90
44.0218;0.00211244;90
46.2801;0.00382994;90
59.2168;0.0056058;90
7.2864;0.00233385;90
-36.1203;0.0123821;90
-37.8314;0.00219291;90
33.9457;0.00770764;90
36.2934;0.00186849;90
-21.6083;0.021102;90
-61.8824;0.00298759;90
-24.9157;0.00543813;90
36.4289;0.00114343;90
51.3039;0.00172588;90
77.0692;0.00995649;90
-74.3462;0.00593721;90
-48.0305;0.00120376;90
-51.8347;0.00159241;90
-47.1044;0.00323507;90
-52.8952;0.00102441;90
-46.255;0.00109769;90
-99.3328;0.0017451;90
-59.293;0.0025262;90
-106.819;0.000964246;90
-103.173;0.0028962;90
-88.1067;0.00360197;90
-69.3546;0.00142662;90
-28.0748;0.00297053;90
-34.474;0.00239209;90
-67.0876;0.00257626;90
-64.6724;0.0030856;90
-80.791;0.00371792;90
-88.0694;0.00418538;90
-89.0194;0.00356452;90
-42.2869;0.000582602;90
-92.1168;0.0113437;90
-46.8295;0.000863818;90
110.206;0.00444987;90
70.5069;0.00119871;90
-26.1432;0.00103264;90
-11.4063;0.00221474;90
34.1573;0.00360484;90
44.5571;0.00100624;90
82.6496;0.00283732;90
103.241;0.00330074;90
105.294;0.000894687;90
-133.529;0.000853759;90
-134.294;0.00103245;90
-119.134;0.0011975;90
-136.85;0.00116097;90
46.752;0.000901983;90
58.3682;0.00123556;90
49.5739;0.00113499;90
49.5463;0.00105266;90
102.633;0.00291251;90
104.518;0.00305557;90
112.614;0.00299854;90
122.455;0.00245789;90
131.623;0.00228084;90
136.582;0.00207473;90
-161.722;0.00103628;90
124.218;0.0017765;90
149.52;0.00274425;90
151.658;0.0025235;90
105.703;0.00149271;90
92.3129;0.00349385;90
66.8014;0.00135561;90
-68.7442;0.00224256;90
-78.9637;0.00119103;90
166.044;0.00172492;90
-86.4766;0.00229434;90
-36.9986;0.00302761;90
-32.3019;0.00301096;90
-42.0843;0.000569959;90
-64.1195;0.00396796;90
-65.9438;0.00167553;90
-82.536;0.00469579;90
-89.1671;0.00419644;90
-98.1;0.00511705;90
-85.5576;0.00281446;90
-104.296;0.00454371;90
-60.0868;0.00139366;90
-48.7336;0.00160713;90
-20.4623;0.00064361;90
130.502;0.00370605;90
68.3913;0.00298154;90
85.4927;0.00360114;90
87.1333;0.00333918;90
90.8029;0.00378237;90
93.2429;0.00337641;90
94.3342;0.00367852;90
116.155;0.00318514;90
114.067;0.00221671;90
19.8028;0.00162935;90
40.7806;0.00228733;90
45.8701;0.00242141;90
2.06525;0.000721469;90
-47.7351;0.00263768;90
-62.749;0.00354889;90
-59.3285;0.0770394;90
-48.6892;0.00358256;90
-64.7056;0.00484004;90
-79.3889;0.00660902;90
-89.8686;0.00654102;90
-83.1861;0.00504866;90
-84.3486;0.0024067;90
-69.6534;0.00550764;90
-42.8074;0.00402922;90
-39.7958;0.00150456;90
-36.887;0.0026756;90
-57.9074;0.00487494;90
-58.524;0.00374036;90
-57.1408;0.00430354;90
-61.0659;0.00461964;90
-68.7979;0.00189958;90
-53.5093;0.00420049;90
-49.1864;0.00398103;90
-47.2468;0.0036253;90
-57.6461;0.00704106;90
-68.7431;0.00230588;90
-65.675;0.00577794;90
-45.1782;0.00454672;90
-32.3577;0.00379296;90
-31.5076;0.00428234;90
-35.3341;0.00441779;90
-60.7848;0.00530023;90
-60.4754;0.004582;90
-35.19;0.00329522;90
-41.7282;0.00341949;90
-56.2379;0.00374811;90
-46.6463;0.00499636;90
-37.6957;0.00137374;90
-61.0986;0.00374092;90
-63.5566;0.0054748;90
-78.5084;0.00618397;90
-86.4041;0.00674428;90
-86.5415;0.00676332;90
-83.701;0.00629802;90
-81.7161;0.0107512;90
-81.6683;0.00273284;90
-82.5748;0.00561004;90
-84.6727;0.00624698;90
-84.6028;0.0076228;90
-79.4059;0.00605928;90
-72.6924;0.00139831;90
-77.76;0.00294801;90
-75.1514;0.0061928;90
-68.261;0.00613965;90
-65.0016;0.0060034;90
-65.277;0.00598234;90
-71.0112;0.00654306;90
-74.988;0.00779089;90
-58.7609;0.00510403;90
-24.7448;0.00395626;90
-13.6661;0.00379237;90
-11.0632;0.00382508;90
-20.7514;0.00381018;90
-39.2238;0.00442634;90
-73.7413;0.010601;90
-84.9259;0.00301883;90
-82.0292;0.00773069;90
-75.8627;0.00701341;90
-60.8353;0.0056595;90
-51.9059;0.00504575;90
-50.2795;0.00500279;90
-49.1049;0.00492916;90
-52.5115;0.00505749;90
-24.0652;0.00379375;90
-21.0451;0.00433302;90
-21.1551;0.00391805;90
-21.0816;0.00391718;90
-37.8633;0.00431425;90
-56.9162;0.0054519;90
-60.798;0.00490889;90
-60.5136;0.0043172;90
-58.6718;0.00439474;90
-64.5391;0.00512915;90
-71.2735;0.00509576;90
-74.0592;0.00848737;90
-74.4339;0.00226197;90
-75.7034;0.00538992;90
-81.0775;0.00528698;90
-78.8809;0.00482762;90
-81.7965;0.00264911;90
-80.3733;0.00177601;90
-80.8519;0.0019184;90
-80.0247;0.00152404;90
-77.8182;0.378388;90
-78.4439;0.0037888;90
-76.2953;0.00473583;90
-76.6067;0.00629007;90
-75.1724;0.00561912;90
-77.2454;0.00858791;90
-76.8204;0.00807879;90
-78.831;0.00677838;90
-79.383;0.0066651;90
-79.5135;0.00888439;90
-77.6158;0.0152611;90
-58.4997;0.00238085;90
-53.7699;0.00351082;90
-53.8198;0.00468554;90
-52.6933;0.00480134;90
-52.3093;0.00406282;90
-54.4163;0.00433929;90
-52.9948;0.00372661;90
-66.3467;0.00438433;90
-68.5976;0.0080265;90
-67.939;0.00250004;90
-68.9686;0.00473974;90
-67.6651;0.00454713;90
-50.6682;0.00332907;90
-49.783;0.00399421;90
-48.3934;0.00406167;90
-45.2943;0.00674518;90
-44.4125;0.00158612;90
-41.7779;0.00356025;90
-48.1366;0.0040578;90
-39.3448;0.00356633;90
-56.2977;0.00389816;90
-70.8379;0.00488358;90
-76.8972;0.00841201;90
-71.3794;0.00175697;90
-76.305;0.00431673;90
-75.3335;0.00518184;90
-74.3839;0.00463613;90
-67.2568;0.00436109;90
-65.5788;0.0106279;90
-68.3375;0.00298803;90
-68.5113;0.00762179;90
-76.8567;0.0124501;90
-87.1878;0.00387266;90
-89.7535;0.00627606;90
-86.9999;0.0035729;90
-85.57;0.00701696;90
-82.3165;0.00707553;90
-83.3541;0.00345622;90
-92.2947;0.00169836;90
-86.3149;0.00147806;90
-89.2142;0.00247923;90
-88.1991;0.00439117;90
-90.8437;0.00285231;90
-90.718;0.00303224;90
-92.8657;0.0035204;90
-94.0597;0.0266118;90
86.1114;0.0271615;90
88.186;0.00363282;90
88.42;0.00442468;90
91.2328;0.00357883;90
91.6995;0.00306835;90
92.3711;0.00304561;90
99.6553;0.00234319;90
92.263;0.00415324;90
97.8529;0.00499888;90
96.8475;0.00527563;90
95.3239;0.00296379;90
89.0093;0.00682502;90
92.7257;0.0087479;90
104.515;0.00833915;90
111.563;0.00790958;90
111.744;0.00728;90
115.118;0.00671169;90
113.061;0.00632111;90
104.091;0.00756978;90
104.115;0.00701996;90
103.83;0.00742115;90
109.302;0.00677374;90
132.935;0.00502372;90
134.984;0.00491581;90
136.715;0.00531488;90
136.511;0.00504201;90
130.691;0.00541123;90
130.789;0.00443918;90
129.131;0.00330537;90
113.206;0.00536505;90
110.942;0.00625307;90
111.58;0.00666948;90
114.944;0.006829;90
126.601;0.00541226;90
126.94;0.0054012;90
126.571;0.00535907;90
126.49;0.00528012;90
121.322;0.00559199;90
105.317;0.00693122;90
100.589;0.00900637;90
100.819;0.00939195;90
100.768;0.00839277;90
102.363;0.00787461;90
103.541;0.00714973;90
103.505;0.00666735;90
103.292;0.00651966;90
103.837;0.00446559;90
103.204;0.00347178;90
103.234;0.00396633;90
93.6233;0.00441482;90
91.0674;0.00552896;90
90.9908;0.00659299;90
93.5817;0.00739544;90
95.3048;0.0077984;90
99.5857;0.00756056;90
103.749;0.00731666;90
100.232;0.00816282;90
98.3762;0.00740701;90
103.891;0.00659384;90
102.428;0.0065935;90
98.8726;0.00658075;90
98.756;0.00666771;90
98.7678;0.00663251;90
98.8264;0.00678434;90
98.6605;0.00727191;90
98.7901;0.00683832;90
97.7343;0.00677665;90
87.8356;0.00646061;90
80.4061;0.0061561;90
88.379;0.0132213;90
90.6973;0.0209536;90
76.9881;0.005725;90
77.4417;0.00441974;90
73.2698;0.00478348;90
76.8422;0.00563185;90
78.5839;0.00603235;90
83.9853;0.00637509;90
84.8354;0.0141083;90
91.9771;0.00640581;90
104.933;0.00590647;90
122.433;0.00594061;90
107.843;0.00721923;90
111.86;0.00687537;90
114.114;0.00652545;90
109.353;0.00706733;90
107.124;0.00638821;90
103.27;0.00639988;90
106.929;0.00548781;90
109.517;0.00531009;90
120.735;0.00394861;90
132.906;0.00174206;90
125.382;0.00205689;90
129.334;0.00135365;90
121.055;0.00235914;90
135.386;0.00104937;90
133.419;0.00112756;90
153.301;0.00114398;90
156.395;0.00227757;90
-155.22;0.00165102;90
-123.62;0.00365187;90
-111.941;0.0047371;90
-113.622;0.00543545;90
-129.907;0.0037753;90
-149.277;0.00351541;90
-177.222;0.00321878;90
166.369;0.00308901;90
163.595;0.00225897;90
107.152;0.00474714;90
137.112;0.00408773;90
138.516;0.0037937;90
138.122;0.00381697;90
136.019;0.00373694;90
134.435;0.00408657;90
107.691;0.00477165;90
107.51;0.00190109;90
144.187;0.00053149;90
119.526;0.00139404;90
114.069;0.0020842;90
83.3123;0.00196638;90
51.0179;0.00263719;90
60.4303;0.00247426;90
78.5994;0.00322258;90
82.1341;0.00576524;90
84.8685;0.00601511;90
88.7818;0.00540922;90
97.0946;0.00491463;90
94.9708;0.00457019;90
93.9444;0.00505898;90
93.958;0.00569358;90
93.9159;0.00591581;90
94.0903;0.00518721;90
101.032;0.00408652;90
111.783;0.0040502;90
114.583;0.00372349;90
114.406;0.00186352;90
115.148;0.00607815;90
115.066;0.00579698;90
111.035;0.00563339;90
102.025;0.00653745;90
132.858;0.00482372;90
129.119;0.00487215;90
98.7496;0.00757313;90
94.3926;0.00787313;90
111.019;0.00655194;90
110.335;0.0062559;90
127.212;0.00217604;90
158.149;0.00344446;90
158.695;0.00430737;90
158.621;0.00430955;90
142.384;0.00502323;90
125.732;0.00579974;90
131.882;0.00539543;90
127.839;0.00555879;90
120.225;0.00613038;90
104.951;0.00598872;90
100.423;0.00139298;90
98.5984;0.0018862;90
96.7202;0.00616133;90
97.6689;0.0077483;90
116.864;0.00625392;90
145.007;0.00476916;90
165.573;0.00359228;90
168.199;0.00343255;90
164.75;0.00453571;90
141.525;0.00464822;90
109.943;0.00740293;90
105.451;0.0066327;90
112.125;0.0056209;90
114.847;0.0053833;90
115.205;0.00546425;90
110.313;0.00585621;90
103.794;0.00636662;90
102.653;0.00693442;90
97.5189;0.00629714;90
93.8678;0.00695284;90
97.1355;0.00678656;90
98.2898;0.00690111;90
98.4391;0.00655498;90
97.8257;0.00638951;90
93.7079;0.00660282;90
93.5419;0.00653949;90
95.8887;0.00573124;90
111.484;0.00486288;90
116.687;0.00419711;90
123.913;0.00334986;90
135.194;0.00270894;90
134.888;0.00254064;90
125.762;0.00329041;90
131.004;0.00302387;90
148.265;0.00316169;90
127.671;0.00396319;90
113.821;0.00497917;90
132.092;0.00418156;90
147.634;0.00392472;90
147.887;0.00361746;90
147.953;0.00349216;90
133.113;0.00433692;90
114.728;0.00534292;90
111.851;0.00606685;90
132.939;0.00381377;90
132.144;0.00317886;90
128.832;0.00280364;90
133.217;0.00281848;90
120.997;0.00354179;90
115.893;0.00415848;90
124.265;0.00359131;90
119.512;0.00387934;90
125.591;0.00251723;90
122.325;0.00231709;90
127.692;0.00280169;90
138.526;0.00303499;90
138.198;0.00387816;90
115.517;0.00518139;90
97.0112;0.00680791;90
91.6827;0.00691298;90
97.5494;0.00653061;90
111.569;0.00543776;90
128.955;0.00345789;90
137.87;0.00338988;90
132.247;0.00403375;90
131.613;0.00430815;90
138.073;0.00426079;90
129.983;0.0041319;90
118.46;0.00492294;90
117.65;0.00465454;90
120.428;0.00458676;90
124.482;0.00439281;90
117.305;0.00460624;90
114.013;0.00450926;90
114.835;0.00478558;90
124.259;0.00463641;90
126.602;0.00488045;90
111.698;0.00535546;90
108.226;0.00467135;90
109.013;0.00388917;90
103.278;0.00298685;90
120.86;0.00133152;90
116.421;0.00319803;90
148.03;0.00204166;90
-135.015;0.00261559;90
-144.797;0.0026055;90
172.632;0.000818761;90
-51.1038;0.000984215;90
-26.6984;0.00172938;90
-45.487;0.00257891;90
-56.7866;0.0028005;90
-66.9215;0.00325772;90
-74.3558;0.00339684;90
-77.8085;0.00268966;90
-128.301;0.001273;90
-135.417;0.00136051;90
-125.269;0.00145997;90
52.8682;0.00231922;90
47.3409;0.00161001;90
-73.6345;0.0022856;90
-83.0621;0.0043297;90
-144.234;0.00148508;90
94.1608;0.00179172;90
-75.8195;0.000963355;90
-95.4591;0.00115624;90
-140.468;0.00166219;90
-154.019;0.0022827;90
167.283;0.00227583;90
143.563;0.000555616;90
86.4715;0.00149483;90
86.1515;0.00420147;90
88.5018;0.00424545;90
93.6918;0.0041466;90
92.7755;0.0033249;90
110.799;0.00374828;90
114.284;0.00255069;90
19.5858;0.00113359;90
24.1249;0.00157562;90
51.5773;0.00132109;90
43.5511;0.00240493;90
-35.0671;0.00225051;90
-64.4929;0.00191351;90
-42.8566;0.00134232;90
-109.128;0.00146487;90
100.463;0.00191077;90
117.08;0.00258992;90
155.227;0.00215976;90
-130.791;0.00297717;90
-154.938;0.00216481;90
-134.71;0.00111724;90
-58.7036;0.00283561;90
-74.5718;0.00345448;90
-86.9649;0.00404167;90
-88.089;0.00422835;90
-91.8579;0.00447235;90
-94.9259;0.00395962;90
-111.077;0.0032451;90
-48.574;0.00107761;90
-43.3514;0.00115518;90
-54.8297;0.00110589;90
-37.792;0.00423795;90
-34.4293;0.000558907;90
-25.8679;0.00099244;90
10.6029;0.000842383;90
33.8006;0.000862838;90
-19.9504;0.000896819;90
-49.5335;0.00119876;90
47.7583;0.000602446;90
-15.7226;0.000494502;90
-1.24536;0.000874206;90
-22.6527;0.000537462;90
-39.5457;0.000959646;90
-63.0468;0.000858223;90
-41.4373;0.00111514;90
-51.2107;0.000967343;90
-58.1477;0.00115021;90
-51.4709;0.000752916;90
-63.1571;0.00129112;90
-53.7223;0.00116106;90
-100.742;0.00126619;90
-122.221;0.00135225;90
-114.835;0.000799982;90
-115.597;0.00113877;90
-145.689;0.000895893;90
-172.99;0.000680084;90
139.612;0.00064201;90
-174.319;0.000777821;90
151.221;0.000544218;90
153.483;0.000533079;90
-176.72;0.000699145;90
151.432;0.000959859;90
139.384;0.00082336;90
121.211;0.00103243;90
102.377;0.00134834;90
99.5825;0.00148979;90
114.021;0.00188418;90
108.258;0.00102458;90
149.744;0.000764084;90
111.637;0.000775653;90
159.021;0.000698286;90
148.664;0.000844134;90
147.739;0.00052269;90
154.799;0.000864262;90
131.532;0.00079483;90
101.962;0.00165494;90
104.596;0.00787308;90
-23.379;0.00137597;90
1.59523;0.0023349;90
33.5913;0.00257381;90
46.8557;0.00224907;90
97.0451;0.00364452;90
103.093;0.00260882;90
-130.475;0.00122783;90
-138.204;0.00129037;90
-130.423;0.000487337;90
45.8374;0.00116119;90
46.936;0.001507;90
93.3721;0.00180212;90
103.374;0.00363149;90
110.711;0.00319231;90
119.226;0.00292883;90
131.603;0.00279232;90
146.367;0.00221353;90
-151.8;0.00108136;90
98.0766;0.00106052;90
144.295;0.00282378;90
150.568;0.00279814;90
155.571;0.00254373;90
177.442;0.00235234;90
-159.939;0.00226226;90
-167.732;0.00164251;90
121.356;0.00305755;90
111.982;0.00212121;90
142.079;0.00285728;90
-146.895;0.00287821;90
-125.919;0.001483;90
-158.807;0.00253656;90
-161.06;0.00340749;90
-165.58;0.00351369;90
-131.473;0.00455108;90
-118.193;0.00560272;90
-143.631;0.00434917;90
-130.72;0.00464308;90
-128.951;0.00488502;90
-129.565;0.00533009;90
-130.109;0.00573076;90
-128.025;0.00574677;90
-131.495;0.00536708;90
-132.346;0.00528351;90
-124.133;0.00634984;90
-128.508;0.00596664;90
-136.539;0.00545022;90
-131.039;0.00524087;90
-122.708;0.00619774;90
-159.798;0.00443056;90
-178.673;0.00414411;90
-179.304;0.0040323;90
-159.002;0.00467441;90
-128.618;0.00533068;90
-112.827;0.00633081;90
-112.482;0.00656387;90
-113.859;0.00626216;90
-115.53;0.00606297;90
-119.217;0.00588582;90
-125.632;0.0055649;90
-122.203;0.00617728;90
-113.015;0.00647108;90
-105.604;0.00728656;90
-98.669;0.00762309;90
-97.3376;0.0077908;90
-100.871;0.00760345;90
-105.693;0.00722427;90
-105.984;0.00653672;90
-103.423;0.00573363;90
-103.643;0.0044516;90
-102.612;0.00232203;90
-101.796;0.00231386;90
-112.341;0.00398297;90
-110.599;0.00463003;90
-100.828;0.00109652;90
-81.9315;0.00407534;90
-64.4169;0.00514103;90
-64.0009;0.00448264;90
-52.6339;0.00150106;90
-54.0484;0.0023335;90
-66.7784;0.00424816;90
-69.5722;0.00271899;90
-116.29;0.00204781;90
171.278;0.000903448;90
85.9264;0.00509587;90
115.235;0.00377639;90
145.449;0.00145819;90
114.269;0.00445469;90
116.087;0.00498034;90
111.663;0.00484629;90
89.3818;0.0017611;90
66.6084;0.00335253;90
68.547;0.00546567;90
74.6524;0.00304147;90
76.8205;0.00634205;90
76.5781;0.00739703;90
74.5481;0.00768684;90
75.8709;0.0082341;90
80.6209;0.00758439;90
82.7254;0.00907404;90
77.0755;0.00857525;90
68.2296;0.00721241;90
59.1039;0.0065377;90
54.1678;0.00615121;90
61.3584;0.00676363;90
66.1552;0.00702022;90
66.3274;0.00592015;90
66.8766;0.0054009;90
65.9788;0.00574341;90
52.1405;0.00550082;90
23.584;0.0047039;90
2.73202;0.00381834;90
5.55297;0.00390633;90
17.6271;0.00441846;90
50.6511;0.00589552;90
50.0156;0.00578294;90
43.2269;0.0051877;90
50.8631;0.00581455;90
56.2956;0.00667499;90
53.5733;0.00612838;90
46.5028;0.00555411;90
47.6901;0.00574025;90
49.389;0.00573803;90
51.7041;0.00575418;90
52.1612;0.00541697;90
44.0725;0.0049801;90
47.7712;0.00532367;90
60.7819;0.00585494;90
17.7607;0.00408468;90
16.5768;0.00398878;90
33.2045;0.00255282;90
37.8225;0.00210529;90
15.0492;0.00275758;90
-39.9782;0.00229418;90
-75.0053;0.00256639;90
-70.8883;0.00171344;90
-93.0244;0.00259662;90
-88.8411;0.00375777;90
-89.1097;0.00366844;90
-90.7957;0.00136813;90
-77.2646;0.00114312;90
-12.5288;0.000719124;90
-44.8628;0.00206688;90
-55.8015;0.00253175;90
-59.968;0.00249958;90
-60.7839;0.00244619;90
-50.2159;0.0023957;90
-51.4928;0.00216989;90
-44.8891;0.00328876;90
-46.3322;0.00361924;90
-41.0461;0.00223554;90
-42.7803;0.00146056;90
-49.9419;0.00113275;90
101.757;0.00543297;90
-10.3687;0.00288918;90
13.7013;0.000954151;90
46.9147;0.00361887;90
107.811;0.00130768;90
-85.903;0.0025054;90
-153.285;0.00479593;90
143.973;0.00129214;90
102.083;0.00308126;90
83.0806;0.00231587;90
90.1164;0.00787702;90
93.778;0.00253451;90
101.132;0.00486351;90
125.271;0.000673662;90
113.49;0.00232573;90
38.572;0.00448438;90
51.0164;0.00143698;90
48.5511;0.00250018;90
98.8134;0.00181442;90
146.445;0.00223794;90
-67.1024;0.0049989;90
-162.82;0.000866672;90
-135.032;0.00379504;90
-159.049;0.00237716;90
-86.3742;0.00101203;90
-6.46227;0.00186586;90
-46.2222;0.00258577;90
-45.3552;0.00216732;90
-70.8961;0.00601316;90
-73.9828;0.00142429;90
-79.4098;0.00334091;90
-75.1519;0.00398817;90
-104.155;0.00305474;90
-163.655;0.00043352;90
-138.89;0.00162585;90
-166.845;0.00389316;90
155.092;0.00114445;90
86.7942;0.00244983;90
86.5709;0.00478156;90
90.9215;0.00472561;90
93.1914;0.00384396;90
95.4758;0.00291329;90
115.988;0.00257653;90
118.578;0.00236856;90
134.901;0.00205415;90
150.217;0.00336209;90
123.69;0.00192536;90
90.4925;0.00395515;90
36.1946;0.000831458;90
-69.724;0.00177179;90
-75.2265;0.00116863;90
-112.289;0.00292666;90
-31.1201;0.0023257;90
-29.1686;0.00229389;90
-32.1979;0.000820125;90
-70.9622;0.00153284;90
-57.8081;0.0023125;90
-71.3705;0.00325875;90
-86.6663;0.00380043;90
-87.5481;0.00430094;90
-90.9657;0.00344149;90
-94.2004;0.00369994;90
-96.6583;0.00246664;90
-112.168;0.00287017;90
-43.3324;0.0011177;90
-43.9704;0.00110185;90
-54.768;0.000958592;90
84.0867;0.00466884;90
5.0189;0.00242329;90
36.5456;0.00265004;90
60.1135;0.000100344;90
-137.647;0.00174559;90
-156.778;0.00256914;90
162.781;0.00214514;90
99.3152;0.0016001;90
85.2994;0.00414895;90
89.1235;0.00398747;90
92.5463;0.00438933;90
92.6676;0.00204121;90
99.9662;0.00381355;90
122.607;0.00322893;90
97.5867;0.000954354;90
143.745;0.00277656;90
150.919;0.00298534;90
155.195;0.00244562;90
176.052;0.00216414;90
-171.707;0.000547727;90
99.567;0.0022503;90
113.659;0.00145532;90
131.789;0.000732298;90
-71.2389;0.00422234;90
-6.46708;0.00364016;90
-21.4665;0.00101651;90
-30.3481;0.00274516;90
-29.9531;0.00167237;90
-28.5493;0.00142076;90
-74.2477;0.00126345;90
-60.0098;0.00312893;90
-79.3569;0.00586388;90
-89.6752;0.00211703;90
-88.7145;0.0035659;90
-92.2338;0.00402806;90
-94.3953;0.00392755;90
-110.483;0.00295482;90
-76.5078;0.00127725;90
-39.3216;0.00100052;90
-49.0387;0.000983908;90
-63.4349;0.000809457;90
-52.9337;0.00134221;90
134.44;0.0052088;90
133.751;0.00554857;90
131.723;0.00149656;90
131.111;0.00379459;90
125.82;0.0029919;90
117.883;0.00274125;90
123.666;0.00469193;90
156.714;0.0014621;90
94.5452;0.00437877;90
91.6617;0.00579344;90
90.924;0.00167422;90
75.9771;0.00103999;90
109.658;0.00299346;90
82.7368;0.00226215;90
74.8417;0.00409964;90
75.1991;0.00376182;90
80.7379;0.00287042;90
90.1825;0.00847604;90
94.1167;0.00249343;90
103.864;0.00265845;90
20.3556;0.000735959;90
48.3392;0.00296215;90
104.665;0.00203427;90
117.653;0.00138974;90
76.6935;0.000895029;90
74.0637;0.0025968;90
141.022;0.00205559;90
-130.954;0.00151344;90
-95.765;0.00303636;90
-62.8793;0.00198304;90
-64.1756;0.00145312;90
-63.6196;0.000832716;90
102.493;0.00738692;90
65.9408;0.0019844;90
64.092;0.00198889;90
-59.3627;0.0017759;90
38.9006;0.00089176;90
-49.291;0.00600107;90
-44.2334;0.000792738;90
-37.0146;0.000712602;90
-102.054;0.00252364;90
-98.2633;0.00310322;90
-99.7585;0.00292634;90
-69.5267;0.00202704;90
-61.474;0.00265308;90
-33.5987;0.00191372;90
-53.7627;0.00242755;90
-20.1435;0.00149547;90
24.3803;0.00171273;90
-30.4421;0.000866447;90
-41.7006;0.000638869;90
-13.0334;0.00077599;90
78.265;0.00161271;90
132.51;0.00153021;90
96.2796;0.00146278;90
107.065;0.00224902;90
60.3325;0.00238804;90
118.922;0.00462139;90
146.61;0.00296547;90
146.005;0.00328554;90
144.14;0.00173607;90
127.279;0.00313688;90
111.11;0.00390936;90
108.628;0.00196916;90
-125.354;0.00123223;90
-111.87;0.00187385;90
138.611;0.00103301;90
-112.084;0.00226087;90
-110.22;0.00213241;90
-94.6954;0.00306629;90
-58.9807;0.00194634;90
-46.8324;0.000685537;90
118.515;0.00258908;90
178.055;0.000736424;90
-81.7661;0.00351221;90
-76.796;0.00395763;90
-79.4192;0.00280469;90
-84.2773;0.00658884;90
-48.6806;0.000726991;90
-43.0054;0.00113772;90
-49.2722;0.000835293;90
-47.8388;0.00137064;90
-49.6323;0.00204882;90
-49.2401;0.0016067;90
-62.2843;0.00155885;90
-90.348;0.00181103;90
-41.9171;0.00127535;90
-89.3145;0.00100307;90
-106.83;0.00172697;90
-103.559;0.00177445;90
-88.9008;0.0021894;90
-88.7737;0.00196245;90
-51.9607;0.00100941;90
-29.8263;0.00244485;90
-29.9778;0.00250168;90
-50.6897;0.000962873;90
-73.5003;0.00173234;90
-59.9028;0.00346981;90
-86.6038;0.00430456;90
-86.379;0.00416431;90
-89.2492;0.0035103;90
-94.9579;0.00357538;90
-94.5926;0.00281002;90
-110.912;0.00310984;90
-55.0932;0.00126694;90
-44.3576;0.00138743;90
-49.9554;0.000859519;90
125.387;0.00366263;90
68.3168;0.00287977;90
85.0982;0.00602704;90
-99.0661;0.00140252;90
-94.8717;0.00475719;90
-109.834;0.0034071;90
-40.9501;0.00121147;90
-46.303;0.000839553;90
-45.8393;0.00130334;90
136.241;0.00780051;90
133.765;0.0019358;90
133.144;0.00296858;90
129.429;0.00356155;90
119.984;0.00338159;90
124.016;0.00565942;90
157.778;0.000708632;90
150.562;0.00097257;90
90.7299;0.00478839;90
90.7067;0.00494538;90
91.2454;0.00317475;90
110.831;0.00290488;90
84.1499;0.0022075;90
64.7954;0.00348478;90
83.8906;0.00200137;90
77.357;0.00261337;90
68.0148;0.00086813;90
83.3328;0.00141255;90
92.4844;0.0081897;90
72.2584;0.00211667;90
106.104;0.00323389;90
106.176;0.00215012;90
106.265;0.00416676;90
27.2724;0.000905677;90
-30.5537;0.0010544;90
-107.074;0.00219682;90
-79.0982;0.00399205;90
-73.4583;0.00261315;90
-96.8345;0.00330247;90
-88.7053;0.00894028;90
-103.977;0.00163954;90
-104.512;0.00511622;90
-103.256;0.00124723;90
-106.957;0.00217036;90
-78.7125;0.00350479;90
-80.158;0.00133972;90
-90.1686;0.00373802;90
-88.9137;0.00479986;90
-89.9355;0.003553;90
-6.5198;0.00119775;90
-49.9465;0.00301786;90
-60.687;0.00292904;90
-62.1038;0.00267595;90
-56.1625;0.00280152;90
-44.0921;0.00432874;90
-107.243;0.00126171;90
-102.989;0.00334561;90
-86.281;0.00400844;90
-89.1446;0.00328237;90
-83.058;0.0015141;90
-70.1559;0.000810104;90
104.257;0.0017664;90
93.4393;0.00323382;90
89.5287;0.00316111;90
95.0309;0.00247453;90
74.3084;0.00232567;90
58.969;0.0010223;90
-42.0729;0.00362795;90
-45.9142;0.00106362;90
-43.1252;0.00192365;90
-34.0603;0.00107309;90
-51.0945;0.00116554;90
-44.5039;0.000653391;90
95.431;0.00899136;90
87.8548;0.00518263;90
92.3322;0.00523434;90
96.2278;0.00478423;90
120.613;0.00369381;90
117.408;0.00212897;90
149.772;0.00332512;90
153.613;0.00315913;90
172.606;0.00311591;90
103.291;0.00238797;90
73.9281;0.00398058;90
74.9286;0.00361122;90
74.0113;0.00272647;90
105.5;0.00187104;90
130.787;0.00227171;90
77.8612;0.0039043;90
83.5719;0.00244739;90
130.485;0.00278474;90
105.107;0.00162309;90
71.7859;0.00205075;90
-71.5566;0.0064482;90
-112.097;0.00129728;90
-105.39;0.00294666;90
-85.3003;0.00223351;90
-46.8169;0.0027209;90
-104.31;0.00208365;90
-108.024;0.00260167;90
-105.241;0.00432512;90
-98.1913;0.0044989;90
-3.90918;0.00224422;90
-19.5249;0.00340797;90
-29.7274;0.00366423;90
-45.6384;0.00222116;90
-69.5957;0.00689246;90
-86.8566;0.00235254;90
-87.6859;0.00653833;90
-93.7631;0.00627753;90
-106.885;0.00455851;90
-42.1185;0.0011675;90
-45.7709;0.00215475;90
140.422;0.00339019;90
65.9839;0.00260447;90
30.4477;0.00114257;90
-16.7182;0.00202666;90
23.753;0.00238831;90
37.6922;0.00203461;90
89.5669;0.0070122;90
-174.192;0.000701602;90
-129.884;0.00290221;90
45.5361;0.00377894;90
101.295;0.0046154;90
115.385;0.00167249;90
110.845;0.00269221;90
127.469;0.00413263;90
140.481;0.00156207;90
155.197;0.001702;90
169.833;0.00104237;90
106.255;0.00144684;90
147.356;0.00124579;90
148.856;0.0015236;90
163.421;0.00123014;90
148.39;0.00184115;90
90.7244;0.00268921;90
86.9733;0.00282194;90
5.88905;0.000575035;90
-69.4636;0.00204389;90
-71.5868;0.000832628;90
113.711;0.0174719;90
-74.9693;0.00642792;90
-42.4603;0.00070214;90
-49.8281;0.00146183;90
-46.6683;0.00131153;90
-62.2378;0.000727775;90
-45.0903;0.00134563;90
-7.73587;0.000616612;90
-97.5265;0.00238959;90
-55.5048;0.000888163;90
-46.9208;0.000928246;90
-75.2648;0.00139177;90
-119.11;0.00350469;90
162.546;0.00116357;90
159.277;0.00205174;90
-161.946;0.00209411;90
-158.091;0.00277114;90
147.835;0.000531591;90
121.879;0.00167575;90
107.939;0.00223044;90
-102.975;0.00171478;90
-9.75918;0.00561627;90
4.1453;0.00123122;90
-9.85885;0.00247048;90
34.7967;0.00110572;90
81.2664;0.00449816;90
-73.9277;0.00223225;90
-69.9148;0.00091143;90
-136.239;0.00222366;90
-90;0.000957;90
-28.4014;0.00146538;90
-31.6107;0.00116952;90
-29.9504;0.00238558;90
-43.0597;0.000563887;90
-64.3936;0.00203153;90
-55.056;0.000684387;90
-58.4535;0.00264722;90
-81.9597;0.00351758;90
-87.9087;0.00263075;90
-88.4055;0.00424064;90
-90.9797;0.00426962;90
-94.6823;0.00392008;90
-104.072;0.00423613;90
-24.0254;0.00055509;90
-42.7595;0.000904374;90
-50.188;0.00114952;90
94.5408;0.00813453;90
86.819;0.00535225;90
91.42;0.00153347;90
93.3826;0.00374553;90
92.9393;0.00401729;90
110.426;0.0029313;90
119.518;0.00285567;90
25.5388;0.00212237;90
46.9595;0.00324681;90
-29.5686;0.00439544;90
-63.2001;0.00109121;90
42.0318;0.0015294;90
64.3319;0.00411397;90
85.867;0.00534189;90
104.167;0.00551576;90
103.952;0.00595159;90
104.384;0.00555926;90
113.509;0.00525956;90
130.465;0.00493692;90
93.8227;0.00131994;90
-21.4636;0.00179552;90
52.0241;0.00154389;90
77.4196;0.00276847;90
87.1143;0.00196649;90
101.246;0.00123063;90
-160.989;0.00075519;90
162.914;0.000510533;90
134.402;0.000610266;90
156.476;0.000623847;90
152.476;0.000534495;90
-18.0254;0.00340618;90
82.3236;0.00171436;90
59.6333;0.000822895;90
47.0797;0.00101324;90
16.7525;0.000721627;90
19.285;0.000532902;90
66.1131;0.00184722;90
84.8272;0.00144187;90
67.8041;0.00099795;90
73.1256;0.00228749;90
-33.3227;0.00090834;90
-52.1927;0.00103914;90
-47.0622;0.00112008;90
39.2236;0.000857123;90
62.9792;0.00331709;90
87.5302;0.00352728;90
-144.029;0.000522664;90
-145.784;0.00305348;90
149.23;0.00142105;90
151.995;0.00104994;90
-147.012;0.000995484;90
164.965;0.000639906;90
-117.999;0.000911707;90
-112.262;0.00147818;90
-101.268;0.00160188;90
-49.7663;0.00125096;90
-82.1369;0.00179084;90
-102.529;0.00274742;90
-140.351;0.0013572;90
-177.166;0.000606742;90
-138.386;0.000969722;90
150.773;0.000808988;90
-131.849;0.000771913;90
-140.725;0.000857756;90
-76.9827;0.001323;90
-60.6406;0.00388957;90
-99.5717;0.00215297;90
-143.733;0.00264055;90
156.017;0.000575701;90
-73.9388;0.00203857;90
-47.7068;0.00354869;90
-65.9202;0.00441413;90
-75.663;0.00522162;90
-75.9476;0.00515218;90
-75.13;0.00468386;90
-77.9113;0.00528111;90
-99.6658;0.00485999;90
-121.29;0.00349657;90
-127.709;0.00157117;90
114.91;0.00410266;90
175.787;0.00234133;90
-140.474;0.00433666;90
178.725;0.000584145;90
-97.7583;0.00113337;90
-55.9846;0.00239357;90
-76.9495;0.00391923;90
-86.0602;0.00400246;90
-90.235;0.00658406;90
-93.5967;0.00175345;90
-93.4579;0.00386303;90
-111.024;0.00313575;90
-51.4501;0.00130296;90
-43.4988;0.00102566;90
-55.9599;0.00108973;90
63.9472;0.00475183;90
33.7043;0.00111911;90
37.5508;0.00314702;90
78.9752;0.00323164;90
103.046;0.0033669;90
116.252;0.000818413;90
-129.377;0.00183316;90
-122.005;0.00121698;90
-140.054;0.00109958;90
54.6494;0.00178023;90
44.9245;0.00161008;90
68.2062;0.00139791;90
102.435;0.00336698;90
107.632;0.00304715;90
114.501;0.00273201;90
124.555;0.00248062;90
135.623;0.00253513;90
159.493;0.00178406;90
144.654;0.000902319;90
128.48;0.00124549;90
149.791;0.00327934;90
149.335;0.00187639;90
97.2488;0.0016643;90
93.0456;0.00293615;90
74.8511;0.00156125;90
-63.2979;0.00168242;90
-74.9293;0.00193454;90
153.838;0.00184391;90
-84.5081;0.00258085;90
-179.905;0.001201;90
-175.26;0.00337655;90
-159.329;0.00204249;90
171.179;0.00209984;90
109.598;0.00311549;90
150.79;0.000678251;90
-104.475;0.00199637;90
-97.2796;0.00183882;90
75.6779;0.0107935;90
71.6067;0.00217723;90
78.6208;0.00162188;90
75.9478;0.00174626;90
72.5197;0.00330251;90
-12.8268;0.000563051;90
-56.6336;0.00181639;90
-51.8334;0.00172344;90
-52.6096;0.00160727;90
-36.602;0.000769808;90
-48.7939;0.00187015;90
-94.0377;0.00178944;90
-65.9165;0.00139438;90
-54.1552;0.00145323;90
-116.108;0.00112031;90
-94.1132;0.00147781;90
-65.2146;0.00155526;90
-70.1376;0.00166293;90
-132.43;0.00222326;90
-81.1555;0.00141786;90
-28.713;0.00320967;90
-36.1825;0.00306762;90
-73.1159;0.00181107;90
-66.82;0.00527156;90
-88.714;0.00187147;90
-87.673;0.00396527;90
-91.0367;0.00447673;90
-94.819;0.0042139;90
-101.378;0.0039639;90
-93.6455;0.00180866;90
-33.3212;0.00129248;90
-48.5648;0.00131919;90
-81.0381;0.010239;90
-59.9987;0.00135795;90
-52.7425;0.00144863;90
-53.1386;0.0013486;90
-77.3087;0.00114702;90
-74.876;0.0015331;90
-62.4816;0.00147825;90
-71.6911;0.00172534;90
-58.0533;0.00144955;90
-43.1381;0.00145812;90
-63.7361;0.00263726;90
-71.1079;0.00261592;90
-63.3052;0.00158046;90
-55.0441;0.0014312;90
-87.0588;0.00185144;90
-92.1053;0.00187827;90
-78.7203;0.00185585;90
91.3926;0.00456735;90
108.399;0.00152074;90
131.692;0.000808863;90
138.958;0.000788891;90
140.628;0.00186017;90
119.81;0.00164346;90
131.91;0.000878797;90
134.922;0.00103803;90
153.023;0.00080903;90
134.804;0.00103309;90
135.439;0.000830875;90
136.83;0.00101875;90
154.862;0.00077213;90
140.57;0.000917916;90
144.692;0.000579615;90
131.521;0.00139841;90
120.996;0.00185253;90
139.073;0.00139369;90
84.0662;0.00199268;90
108.875;0.00173108;90
99.3644;0.00192364;90
59.7074;0.00228383;90
19.7052;0.00142654;90
119.59;0.000965986;90
98.2168;0.00186818;90
76.4224;0.00160588;90
71.6021;0.000979041;90
90.4799;0.00179106;90
116.586;0.00121776;90
104.458;0.00521102;90
-9.50325;0.000460317;90
-14.0926;0.00221775;90
22.094;0.00236356;90
48.8565;0.00394256;90
94.7499;0.00138877;90
-87.9556;0.00193423;90
-142.798;0.00165723;90
52.2809;0.000580264;90
70.5473;0.00275952;90
103.184;0.00322705;90
124.148;0.00104037;90
-132.025;0.00156694;90
-114.577;0.00110842;90
-142.01;0.00126884;90
53.9859;0.00127214;90
46.4292;0.00141748;90
47.6203;0.00145392;90
100.658;0.00408242;90
105.656;0.00144148;90
111.216;0.00303683;90
119.347;0.00260765;90
130.499;0.00236053;90
136.98;0.00237447;90
-160.422;0.00131609;90
111.857;0.00153644;90
148.974;0.00236891;90
151.048;0.0027062;90
147.727;0.00104316;90
91.9351;0.00213222;90
88.2021;0.00290043;90
78.4106;0.00104531;90
-67.357;0.002478;90
-72.0845;0.00129058;90
176.944;0.00189469;90
-68.0683;0.000979917;90
-88.7498;0.00155837;90
-33.4553;0.00209873;90
-28.4748;0.00289866;90
-28.4624;0.00108061;90
-75.7997;0.00152459;90
-56.4005;0.00263289;90
-74.6099;0.0030898;90
-86.9246;0.00356013;90
-87.4259;0.0034735;90
-90.3912;0.00322208;90
-93.2152;0.00449307;90
-100.326;0.00387171;90
-102.962;0.00209539;90
-36.8419;0.0012258;90
-49.6199;0.000983245;90
-41.2414;0.000582495;90
-69.9782;0.0238888;90
151.154;0.000775188;90
97.7917;0.00146048;90
125.414;0.000968113;90
128.481;0.00120208;90
127.813;0.00179744;90
91.0082;0.0013072;90
105.984;0.00144174;90
104.63;0.00182518;90
124.396;0.000945281;90
139.925;0.000708308;90
137.159;0.00071327;90
107.267;0.000822047;90
115.848;0.00121562;90
120.029;0.00105108;90
134.166;0.000680309;90
150.848;0.000515268;90
113.296;0.000847059;90
94.2736;0.00210686;90
62.9254;0.00135779;90
69.1656;0.000891279;90
96.8782;0.0120074;90
86.6374;0.00351205;90
91.3359;0.00360298;90
92.8311;0.00356335;90
94.0229;0.00357782;90
114.936;0.00287943;90
114.924;0.00268617;90
139.229;0.00237811;90
150.032;0.00315708;90
137.871;0.00138342;90
91.5764;0.00334427;90
77.9768;0.00223707;90
-61.7795;0.001161;90
-71.182;0.00203371;90
-89.131;0.00375843;90
-29.5074;0.0027531;90
-28.9247;0.00154241;90
-75.6429;0.00116953;90
8.61888;0.00106098;90
-35.8249;0.00162307;90
-44.4063;0.00245662;90
-55.6658;0.00259034;90
-66.2216;0.00297122;90
-73.4379;0.00356073;90
-76.8409;0.0032637;90
-138.602;0.0014744;90
-123.967;0.00143364;90
-131.924;0.00140988;90
46.8965;0.000747822;90
65.7154;0.0010115;90
43.9868;0.00139958;90
47.2977;0.000917148;90
-71.0564;0.00220862;90
-81.7834;0.00384143;90
-128.991;0.00194533;90
-80.8055;0.000738488;90
-23.7106;0.00161645;90
-41.1859;0.000106301;90
-173.42;0.000925093;90
121.024;0.00146683;90
-144.63;0.00166537;90
-153.753;0.00217304;90
168.575;0.00215571;90
142.261;0.000738485;90
-113.736;0.00225581;90
-83.6464;0.00141871;90
-36.2283;0.00096446;90
-51.5833;0.001104;90
-39.2966;0.000562104;90
99.6158;0.00650743;90
85.2947;0.00399848;90
136.157;0.00112029;90
158.168;0.00105679;90
-151.474;0.00135898;90
139.771;0.000969266;90
128.535;0.000715902;90
-44.0297;0.0019625;90
39.2971;0.00157261;90
-34.6409;0.00113646;90
49.8178;0.00099346;90
89.8688;0.00480401;90
94.0343;0.00477583;90
102.17;0.00414107;90
119.505;0.00325284;90
135.66;0.00196306;90
150.537;0.00332616;90
137.266;0.00160922;90
91.7975;0.00328362;90
79.1848;0.00233956;90
-64.376;0.00182443;90
-73.8949;0.00177361;90
114.709;0.00363149;90
-120.43;0.00561905;90
-178.35;0.00100742;90
-162.891;0.00476904;90
119.185;0.00191742;90
108.572;0.00329352;90
145.124;0.00262679;90
-146.018;0.002834;90
-131.092;0.00155642;90
-154.949;0.00230261;90
-161.306;0.00272686;90
-160.332;0.00549668;90
-144.093;0.00133339;90
-118.524;0.00812302;90
-144.214;0.00412474;90
-130.069;0.00485316;90
-128.757;0.0057219;90
-128.824;0.00467352;90
-131.411;0.00465341;90
-135.52;0.0040533;90
-116.748;0.00279734;90
-132.794;0.00756882;90
-132.929;0.00174133;90
-123.677;0.00858593;90
-127.877;0.00229816;90
-136.094;0.00707448;90
-134.898;0.00199334;90
-123.318;0.00764088;90
-131.389;0.00209933;90
-161.433;0.00592012;90
178.027;0.00180107;90
-178.122;0.00530885;90
-172.518;0.0015744;90
-142.98;0.00662182;90
-113.714;0.005898;90
-111.654;0.00252305;90
-113.829;0.00962114;90
-114.985;0.00230358;90
-113.182;0.00887566;90
-123.345;0.00211761;90
-126.128;0.00815148;90
-123.571;0.00240879;90
-114.861;0.0118215;90
-97.878;0.00269948;90
-100.281;0.010153;90
-95.1725;0.00283956;90
-99.6761;0.0111912;90
-102.972;0.00249467;90
-105.261;0.00826338;90
-106.878;0.00215273;90
-105.251;0.0109217;90
-95.8823;0.00189297;90
-83.4252;0.00396508;90
-50.2986;0.00070446;90
-60.9454;0.00264598;90
-88.7064;0.00186047;90
112.608;0.00515838;90
151.436;0.000794735;90
122.37;0.00468264;90
125.078;0.00175226;90
123.912;0.00564772;90
137.371;0.00189738;90
117.33;0.00304937;90
123.449;0.00447758;90
124.619;0.00227596;90
126.433;0.00665459;90
133.577;0.00139555;90
143.496;0.00444629;90
149.406;0.00106297;90
131.371;0.00637887;90
106.3;0.00133256;90
109.088;0.00291423;90
117.48;0.00596838;90
166.957;0.000713405;90
113.91;0.00407357;90
114.74;0.0012497;90
123.142;0.00985886;90
121.051;0.00788483;90
139.246;0.00158544;90
115.408;0.0095674;90
117.401;0.00306598;90
115.58;0.00819193;90
115.27;0.00211765;90
110.78;0.00909569;90
109.598;0.00240003;90
108.366;0.010581;90
104.584;0.00263697;90
107.939;0.00949668;90
103.32;0.00362862;90
99.2603;0.0114715;90
99.9039;0.00277333;90
98.7235;0.00905273;90
98.9268;0.00253268;90
99.9835;0.005151;90
110.498;0.00550023;90
115.558;0.00750764;90
132.143;0.00174519;90
131.452;0.00725539;90
138.968;0.00199245;90
136.203;0.00656835;90
109.68;0.00700199;90
103.178;0.0024608;90
99.6978;0.0113208;90
103.59;0.00233642;90
100.803;0.0110549;90
103.925;0.0063867;90
104.54;0.0067915;90
103.901;0.00666829;90
103.267;0.00683236;90
104.016;0.00280347;90
111.428;0.0098896;90
117.106;0.00251077;90
115.415;0.0098049;90
117.824;0.00232026;90
115.945;0.00892109;90
116.943;0.00217172;90
111.175;0.0114887;90
97.4789;0.00228948;90
96.0167;0.0085863;90
93.4261;0.00287814;90
112.395;0.00723898;90
142.31;0.00163397;90
-177.059;0.00382003;90
140.745;0.00279722;90
102.71;0.0040769;90
106.439;0.00242409;90
102.74;0.00726896;90
111.569;0.00100648;90
111.332;0.00456046;90
115.39;0.00194042;90
115.389;0.00769414;90
107.467;0.00138591;90
101.687;0.00480358;90
99.2263;0.00259457;90
97.1061;0.00977307;90
98.1192;0.00297381;90
92.4334;0.0133781;90
84.3023;0.00264909;90
94.8278;0.0144603;90
110.834;0.0104877;90
98.2356;0.00253413;90
97.1087;0.00869484;90
102.726;0.00257834;90
98.8908;0.00858616;90
97.5628;0.00261374;90
94.6807;0.012904;90
97.104;0.0030484;90
103.103;0.0085003;90
100.621;0.00339109;90
98.2144;0.0129761;90
98.8405;0.00295409;90
99.2666;0.0107807;90
108.833;0.00268263;90
101.21;0.00992741;90
102.377;0.00270589;90
111.153;0.0162167;90
99.7682;0.00274073;90
110.61;0.0124316;90
107.043;0.00223829;90
109.666;0.00491784;90
111.771;0.00320027;90
115.88;0.00808262;90
136.436;0.000705207;90
133.563;0.00544148;90
143.708;0.00138707;90
133.162;0.00648043;90
125.422;0.00178917;90
124.528;0.00403837;90
137.776;0.000700858;90
138.364;0.0052062;90
144.554;0.00174674;90
148.508;0.00625413;90
137.772;0.00442955;90
131.267;0.00212867;90
128.522;0.00888709;90
141.739;0.0016811;90
167.695;0.00695376;90
145.74;0.00654939;90
133.516;0.00188366;90
128.829;0.00761085;90
137.278;0.00179676;90
143.77;0.00625179;90
147.739;0.00406916;90
143.575;0.00172625;90
126.66;0.00858026;90
119.305;0.00219833;90
128.592;0.00717244;90
147.858;0.00150934;90
136.945;0.00695911;90
113.083;0.0057515;90
112.071;0.0063126;90
107.989;0.00292709;90
107.393;0.0108721;90
109.361;0.00240712;90
111.69;0.0100517;90
103.577;0.00245357;90
112.882;0.00870286;90
115.495;0.00579645;90
112.496;0.00758733;90
116.438;0.00202141;90
124.582;0.00596736;90
114.486;0.00145485;90
121.797;0.00872437;90
122.856;0.0064402;90
123.549;0.00247175;90
123.822;0.00916256;90
133.357;0.00214554;90
121.815;0.0104195;90
122.782;0.00169732;90
120.626;0.00794412;90
107.18;0.0167378;90
94.6469;0.00269085;90
93.132;0.0125558;90
96.5567;0.00277616;90
101.573;0.0193208;90
104.187;0.00286436;90
111.533;0.00819817;90
113.092;0.00275363;90
105.76;0.0152243;90
109.483;0.00290535;90
105.619;0.0140986;90
110.51;0.00870798;90
118.954;0.00777933;90
121.78;0.0021798;90
118.693;0.00704624;90
124.153;0.0019576;90
128.078;0.00753968;90
133.514;0.00166297;90
141.567;0.00701741;90
150.27;0.0014579;90
147.756;0.00627344;90
127.44;0.00217131;90
118.414;0.00888316;90
118.115;0.00535824;90
127.355;0.00484717;90
140.686;0.00433895;90
179.572;0.0034831;90
-147.953;0.00433454;90
-168.723;0.00136536;90
152.223;0.00615191;90
142.973;0.00175361;90
139.624;0.00688488;90
126.223;0.00497692;90
145.622;0.00403962;90
161.311;0.00185691;90
151.488;0.00576523;90
150.986;0.00456262;90
152.305;0.00147386;90
154.589;0.00670688;90
151.546;0.00169586;90
179.158;0.00986607;90
172.332;0.00154381;90
134.149;0.00704215;90
119.335;0.0021657;90
119.012;0.0106024;90
118.323;0.0095355;90
118.954;0.00204912;90
112.521;0.0115736;90
103.259;0.00836291;90
111.07;0.00279271;90
104.199;0.0110238;90
106.607;0.00261717;90
113.637;0.0106473;90
109.296;0.00620983;90
109.459;0.00237145;90
109.482;0.0086566;90
107.964;0.00292141;90
109.677;0.0099458;90
110.172;0.00274327;90
119.456;0.0143671;90
135.781;0.00207626;90
147.333;0.00969687;90
157.383;0.00555415;90
165.391;0.00138373;90
158.252;0.00199177;90
149.164;0.00729059;90
125.479;0.00227427;90
119.239;0.00417033;90
109.567;0.0105014;90
109.687;0.00660188;90
111.521;0.00637333;90
115.286;0.002484;90
124.861;0.00792888;90
126.269;0.00209612;90
127.924;0.00856465;90
130.739;0.00212224;90
136.022;0.00618534;90
134.83;0.00190495;90
147.565;0.00660779;90
153.751;0.00162117;90
153.623;0.00611792;90
153.199;0.00814606;90
158.858;0.00166078;90
157.156;0.00653997;90
138.194;0.00195465;90
128.539;0.00790475;90
120.019;0.00220474;90
113.13;0.0139047;90
111.787;0.001428;90
103.506;0.00398624;90
101.542;0.00207904;90
98.9153;0.00893697;90
96.1089;0.00279085;90
89.1167;0.0121304;90
87.1667;0.00285249;90
82.793;0.0117014;90
90.2285;0.00275802;90
90.2947;0.00894312;90
88.0841;0.00227327;90
92.0485;0.00467199;90
16.3046;0.00319864;90
-4.94987;0.00786935;90
-16.6637;0.00617951;90
-6.36417;0.00316651;90
-22.1828;0.000836947;90
-18.3254;0.00198465;90
-4.66948;0.00222338;90
-24.4336;0.000913842;90
-43.7815;0.00409012;90
88.8328;0.0207653;90
75.944;0.00842011;90
74.5974;0.0274022;90
84.7573;0.00225443;90
84.6756;0.0108518;90
85.7231;0.00245383;90
87.019;0.00976822;90
87.377;0.00216327;90
89.0994;0.0118975;90
80.278;0.00203117;90
76.4271;0.0185953;90
72.0691;0.0102089;90
69.1481;0.000997321;90
80.62;0.0213951;90
93.0128;0.0207577;90
90.9069;0.119795;90
94.817;0.0024055;90
95.071;0.00811175;90
89.3469;0.00193013;90
91.0813;0.00985676;90
91.2389;0.00231254;90
87.3705;0.00889336;90
84.8056;0.00168994;90
89.5094;0.00794229;90
96.7952;0.00196077;90
109.396;0.00750071;90
103.965;0.00135917;90
97.2683;0.00431568;90
93.7595;0.00384327;90
99.0079;0.00489234;90
109.241;0.00193298;90
115.255;0.00690276;90
121.419;0.00174951;90
114.601;0.00917371;90
115.077;0.00597634;90
116.346;0.004804;90
103.888;0.00497442;90
91.5819;0.00623037;90
77.8343;0.00248173;90
89.2643;0.00833369;90
96.5364;0.00254756;90
120.839;0.00787318;90
136.139;0.00156584;90
114.738;0.00726689;90
105.389;0.00281493;90
104.236;0.00860837;90
104.866;0.00639609;90
104.951;0.00209699;90
99.5708;0.00608064;90
81.7062;0.00425652;90
90.25;0.00527205;90
98.5673;0.00698797;90
107.999;0.00631082;90
107.258;0.00615825;90
97.8244;0.00683867;90
95.8657;0.00690817;90
96.9615;0.00695528;90
95.412;0.00691282;90
94.4679;0.00685483;90
95.2918;0.00756826;90
94.2531;0.00709253;90
94.3886;0.0069915;90
95.5467;0.00702489;90
97.8493;0.00686835;90
98.0589;0.00694054;90
100.673;0.00677623;90
96.4852;0.00733091;90
96.0462;0.00604764;90
100.194;0.00463314;90
101.693;0.00325658;90
100.667;0.00321455;90
98.8105;0.00406092;90
96.961;0.0044639;90
98.855;0.00476176;90
97.3667;0.00511623;90
97.3637;0.00678798;90
97.5408;0.00688857;90
98.0308;0.00660679;90
96.2164;0.00623365;90
88.9817;0.00602095;90
94.9382;0.00629637;90
94.6411;0.00598161;90
95.1508;0.00594802;90
91.7378;0.00580367;90
89.2557;0.00615852;90
96.5648;0.00614026;90
108.585;0.00520544;90
113.369;0.00516575;90
107.288;0.0058147;90
101.322;0.00573051;90
101.924;0.00635002;90
100.43;0.0055019;90
100.565;0.00603226;90
100.684;0.00563671;90
100.302;0.00565314;90
100.541;0.00548253;90
100.163;0.00579796;90
99.4412;0.0058097;90
94.1618;0.00578726;90
91.9098;0.0063015;90
98.0484;0.00574963;90
115.302;0.00476622;90
101.103;0.00582096;90
86.5329;0.00591983;90
86.3099;0.00568679;90
86.8933;0.006126;90
90.104;0.00606301;90
91.7715;0.00679325;90
94.1074;0.00617085;90
96.1408;0.0060296;90
105.147;0.00588235;90
106.785;0.0051943;90
104.83;0.00551264;90
99.495;0.00606205;90
98.2586;0.00573649;90
98.4142;0.00576101;90
93.2632;0.0062892;90
87.8191;0.00620149;90
88.1962;0.00606801;90
88.5808;0.00645998;90
89.6862;0.0063901;90
90.7482;0.00612652;90
92.786;0.00643961;90
96.6703;0.00634495;90
97.5477;0.00580126;90
94.671;0.00642233;90
91.1216;0.00602816;90
90.1837;0.00592603;90
91.8853;0.00592721;90
95.766;0.00607172;90
98.1699;0.00489063;90
104.019;0.00409085;90
116.91;0.00274862;90
77.3952;0.00384466;90
76.6353;0.00449061;90
76.2451;0.00251925;90
79.5289;0.00255861;90
78.7761;0.00391997;90
81.6988;0.00520857;90
80.2528;0.00558766;90
76.9843;0.00528375;90
77.935;0.00483684;90
63.5444;0.00468233;90
13.551;0.00375143;90
10.3004;0.00343943;90
9.0777;0.00360009;90
28.8062;0.00383108;90
47.8164;0.00453308;90
56.4477;0.0051909;90
65.3636;0.00623232;90
73.4096;0.00619906;90
77.7867;0.00638143;90
89.8455;0.00556402;90
93.6974;0.00548943;90
78.1509;0.00596102;90
76.3101;0.00565773;90
82.4273;0.00671557;90
82.0697;0.00668998;90
78.1078;0.00503711;90
82.4865;0.00186602;90
65.7167;0.00357204;90
77.5332;0.00220499;90
50.7069;0.00217595;90
82.2112;0.00534229;90
96.3252;0.00675311;90
99.2268;0.00628026;90
102.246;0.00354057;90
-141.079;0.0017159;90
-126.195;0.00324283;90
-127.371;0.00292931;90
-126.634;0.00340703;90
-124.407;0.00319255;90
-114.284;0.00309046;90
-116.018;0.00107828;90
-114.22;0.00106034;90
150.431;0.00161308;90
174.956;0.00144459;90
157.963;0.00130861;90
161.847;0.00089873;90
159.343;0.00119054;90
155.973;0.00109048;90
154.369;0.00107032;90
165.547;0.00113388;90
153.704;0.00181258;90
144.305;0.0019024;90
143.874;0.00154013;90
146.254;0.000568845;90
142.005;0.000794353;90
140.061;0.000825584;90
132.355;0.00171586;90
128.482;0.00191236;90
130.969;0.00151909;90
133.87;0.0036218;90
145.314;0.000797779;90
152.091;0.00131606;90
132.862;0.0026535;90
-131.39;0.00150488;90
129.724;0.00152249;90
127.237;0.00271686;90
135.225;0.00108047;90
111.001;0.0010101;90
142.125;0.000763918;90
148.479;0.000564257;90
123.69;0.000789616;90
106.655;0.00186316;90
101.387;0.00568286;90
104.463;0.00367961;90
97.9235;0.00376494;90
102.912;0.00483321;90
110.027;0.00518877;90
113.289;0.00571354;90
128.563;0.00469225;90
139.232;0.00451304;90
128.689;0.00526165;90
119.144;0.0097287;90
127.152;0.00227343;90
137.116;0.00363842;90
150.926;0.00407668;90
157.301;0.00386647;90
140.909;0.00694462;90
130.374;0.00193742;90
125.86;0.00533283;90
130.978;0.00470749;90
144.164;0.00402246;90
158.086;0.0039763;90
149.191;0.00735492;90
160.786;0.00318755;90
155.885;0.00397489;90
140.318;0.00463879;90
138.747;0.00442534;90
146.302;0.00414916;90
139.289;0.00443396;90
126.493;0.00510491;90
118.468;0.00568319;90
123.071;0.00521365;90
135.195;0.00476946;90
128.55;0.00489731;90
133.038;0.00514156;90
152.456;0.00405682;90
150.048;0.00412604;90
136.979;0.00456568;90
128.066;0.00496128;90
124.441;0.00524791;90
128.137;0.00506524;90
134.965;0.00462589;90
131.166;0.00482195;90
128.222;0.00531428;90
149.541;0.00404992;90
161.936;0.00381189;90
145.158;0.00423405;90
131.575;0.00479355;90
124.092;0.00522013;90
128.787;0.00518811;90
140.323;0.00445134;90
154.17;0.0040096;90
168.934;0.00373546;90
-173.249;0.00372583;90
174.609;0.00369334;90
161.379;0.00389278;90
147.93;0.00432617;90
135.765;0.004557;90
132.092;0.00478125;90
137.913;0.00456391;90
142.415;0.00427913;90
146.034;0.00409346;90
151.37;0.00405931;90
155.367;0.00395383;90
160.461;0.00370751;90
153.644;0.00379329;90
145.218;0.00337624;90
147.879;0.0032612;90
154.891;0.00308006;90
-152.617;0.00194155;90
79.0724;0.00452607;90
93.7188;0.00275981;90
96.2764;0.00565288;90
101.879;0.0063735;90
107.979;0.00532608;90
125.351;0.00178023;90
-83.1581;0.00268613;90
51.5568;0.00400651;90
59.6199;0.00523595;90
56.4943;0.00525886;90
51.0126;0.00469841;90
15.9549;0.00332509;90
-7.73107;0.0024977;90
-11.9796;0.00194639;90
-36.882;0.0018978;90
8.20935;0.00153372;90
37.0883;0.00173121;90
-32.2707;0.00153394;90
-92.1989;0.00237175;90
-105.404;0.00114825;90
-99.5332;0.00172685;90
16.1485;0.00584981;90
-139.376;2.54211;90
-152.593;0.0138405;90
-175.651;0.069475;90
-126.366;0.0605591;90
-152.603;0.127339;90
-153.413;0.0137232;90
-153.023;0.133161;90
-151.726;0.0175475;90
-153.769;0.109956;90
-153.095;0.013719;90
-153.202;0.0159366;90
-153.185;0.138083;90
-154.002;0.0138272;90
-153.678;0.0112829;90
-153.325;0.110586;90
-153.297;0.0135367;90
-153.861;0.178006;90
-154.264;0.0137466;90
-153.777;0.0948606;90
-154.87;0.0135043;90
-2.18768;3.92223;90
122.596;0.00232406;90
20.7347;0.00206473;90
49.5953;0.00331851;90
10.7669;0.00215188;90
-59.9955;0.00301159;90
-19.1744;0.00151928;90
58.5054;0.00359099;90
83.1242;0.00564661;90
102.738;0.0058141;90
103.842;0.00580561;90
105.257;0.00562422;90
109.469;0.00534354;90
126.642;0.00437823;90
144.426;0.00146798;90
69.0492;0.00137597;90
-35.8961;0.00176525;90
63.0058;0.00179114;90
76.6967;0.00276829;90
87.7803;0.00206555;90
141.866;0.000970036;90
-179.448;0.000519024;90
122.772;0.000831325;90
37.595;0.0036979;90
27.9587;0.00106647;90
18.0514;0.00103915;90
71.653;0.00164881;90
86.9903;0.00196171;90
74.1663;0.00183253;90
63.4349;0.00107331;90
-21.713;0.000481137;90
-46.4009;0.00214034;90
-28.5914;0.000720912;90
31.6075;0.00100745;90
66.4268;0.00192788;90
81.0203;0.00126855;90
155.469;0.00535429;90
-152.417;0.00115757;90
178.928;0.000641112;90
-113.421;0.00135352;90
-93.49;0.00294045;90
-16.9574;0.000637727;90
-91.6189;0.00240696;90
-107.592;0.00253769;90
-154.828;0.00167397;90
-102.992;0.00142344;90
-134.234;0.00126866;90
179.077;0.000683089;90
-83.9938;0.00761681;90
-154.964;0.000888482;90
145.417;0.00170896;90
-80.6575;0.00133673;90
-47.1777;0.00307035;90
-61.8535;0.00455347;90
-73.6111;0.00539417;90
-75.703;0.00591623;90
-74.3545;0.00545823;90
-81.6661;0.00520901;90
-101.985;0.00517684;90
-125.369;0.00332214;90
155.356;0.0010408;90
120.542;0.00370155;90
-158.828;0.00253619;90
-137.829;0.00312356;90
-159.59;0.00151405;90
-60.0917;0.00291408;90
-71.0791;0.0032813;90
-87.5856;0.00427279;90
-88.2178;0.00440513;90
-92.1816;0.0044132;90
-95.0902;0.00408009;90
-111.747;0.00315237;90
-47.8388;0.00137064;90
-47.7347;0.00137831;90
-45.208;0.000779237;90
95.7212;0.00535668;90
7.02633;0.00489677;90
39.2099;0.000862119;90
95.9844;0.0023116;90
-84.5477;0.00181019;90
62.1457;0.00256408;90
102.536;0.00362133;90
113.4;0.00134459;90
-130.621;0.00127794;90
-126.974;0.0012104;90
-145.519;0.000422167;90
50.9588;0.00147806;90
46.9261;0.00143058;90
94.5255;0.00169829;90
102.755;0.00335171;90
108.277;0.0026402;90
115.516;0.00234469;90
123.426;0.00204409;90
134.815;0.00197496;90
138.029;0.00180635;90
-164.582;0.0012977;90
117.953;0.00186453;90
151.15;0.00274808;90
150.433;0.00259606;90
101.814;0.00216383;90
89.0895;0.0031464;90
2.50162;0.000824786;90
-74.1812;0.00211302;90
104.965;0.00796203;90
74.8671;0.00152073;90
128.259;0.00158427;90
129.472;0.00121125;90
131.765;0.00141576;90
128.147;0.0012029;90
90.9004;0.00171821;90
72.9578;0.00118399;90
74.8779;0.00154863;90
75.9122;0.00134753;90
113.896;0.00139235;90
131.361;0.00237289;90
126.556;0.00273504;90
100.318;0.00232256;90
53.3326;0.00283002;90
98.3701;0.00199222;90
112.183;0.00183805;90
72.0375;0.00264597;90
-96.4645;0.00788715;90
-155.694;0.0014407;90
-76.1001;0.00315952;90
-95.2619;0.00307496;90
-76.6751;0.00455153;90
-49.3838;0.00166516;90
-51.2963;0.00101872;90
-49.8855;0.00204247;90
-45.3775;0.00139515;90
-50.5441;0.0015736;90
-59.9601;0.00163802;90
-88.1809;0.00239421;90
-60.8016;0.0016645;90
-104.597;0.00287273;90
-91.0304;0.00428169;90
-43.544;0.002922;90
-27.5367;0.0030066;90
-35.4393;0.000745032;90
-70.2786;0.00245075;90
-61.4957;0.00331709;90
-85.6241;0.00404981;90
-87.4091;0.00422532;90
-90.0549;0.004172;90
-94.5311;0.00405066;90
-98.9112;0.00329882;90
-111.005;0.00229876;90
-32.1854;0.00138362;90
-47.4999;0.00102133;90
-51.6007;0.000824294;90
56.7293;0.00613931;90
100.437;0.00208653;90
116.767;0.000888172;90
109.649;0.00165646;90
101.033;0.00109728;90
110.285;0.000891278;90
98.304;0.0012117;90
80.696;0.00124944;90
92.8684;0.0019184;90
108.218;0.00158653;90
154.573;0.000878054;90
146.746;0.000510616;90
101.632;0.00108121;90
104.198;0.00128835;90
97.461;0.00158643;90
101.044;0.00414476;90
126.587;0.00154182;90
111.186;0.0011926;90
151.372;0.000795214;90
136.303;0.00115076;90
98.6406;0.00144439;90
104.93;0.00247247;90
161.988;0.0005142;90
130.592;0.000643958;90
162.387;0.000528787;90
102.693;0.0197568;90
-72.048;0.00480177;90
-66.1517;0.001019;90
-73.7315;0.0013886;90
-91.1726;0.00205243;90
-103.764;0.00107178;90
-78.3895;0.0014956;90
-83.1366;0.00198321;90
-84.1572;0.00198431;90
-74.2894;0.00087156;90
-46.5602;0.000727175;90
-74.4981;0.00124219;90
-62.2676;0.00777061;90
-62.9586;0.00236674;90
-52.2445;0.00100932;90
-55.1346;0.00100061;90
-74.8072;0.00136988;90
-82.587;0.00120911;90
-85.837;0.00184587;90
-89.2064;0.00187718;90
-86.7932;0.00176977;90
-87.8442;0.00164817;90
-90.443;0.00155205;90
-90.2298;0.00274302;90
-93.772;0.00226491;90
-95.3736;0.00130273;90
-93.3946;0.00155373;90
-106.371;0.00105372;90
-113.236;0.00101644;90
-97.8576;0.00184331;90
-41.0647;0.000844863;90
-19.2495;0.000533846;90
-53.5793;0.000867427;90
-58.3332;0.00107623;90
132.764;0.0117604;90
133.747;0.00546653;90
120.585;0.0055246;90
117.522;0.00120541;90
141.559;0.00306415;90
91.9798;0.00243145;90
92.5658;0.0033954;90
90.619;0.00351721;90
90.4961;0.0026561;90
100.58;0.00236928;90
120.487;0.00375286;90
125.475;0.000854653;90
-158.472;0.00252623;90
-134.456;0.00223314;90
-154.476;0.00223957;90
-160.313;0.00529555;90
-157.264;0.00407785;90
-117.409;0.00443371;90
-119.464;0.00366961;90
-144.369;0.00443044;90
-130.487;0.00515807;90
-128.809;0.00509472;90
-130.204;0.00871094;90
-127.259;0.00516012;90
-129.875;0.00539061;90
-133.348;0.00517464;90
-126.188;0.00716411;90
-122.896;0.00236048;90
-131.432;0.0082375;90
-130.346;0.00187365;90
-131.991;0.00817624;90
-107.345;0.00234462;90
-158.511;0.00701029;90
-178.274;0.00165975;90
-179.621;0.00317807;90
-163.007;0.0073154;90
-136.701;0.00204868;90
-115.995;0.0106026;90
-111.321;0.00241208;90
-114.466;0.0108777;90
-113.083;0.00265778;90
-118.841;0.00913394;90
-126.344;0.0023303;90
-120.728;0.0102199;90
-114.146;0.00288218;90
-103.882;0.0114783;90
-100.151;0.0030924;90
-97.0397;0.012076;90
-101.582;0.00313789;90
-106.379;0.0113903;90
-106.872;0.00257379;90
-102.947;0.0104753;90
-100.946;0.00142187;90
-106.958;0.00552001;90
-104.501;0.0015256;90
-111.027;0.00644087;90
145.558;0.0027901;90
125.386;0.00629611;90
141.702;0.000593784;90
-112.729;0.00169785;90
-0.935104;0.000919122;90
0.877355;0.000653077;90
-138.627;0.00140855;90
89.0712;0.00308441;90
-56.6179;0.00288975;90
-51.9095;0.00496673;90
-24.2905;0.000957792;90
19.2333;0.0014298;90
66.9698;0.00138542;90
70.8378;0.00642816;90
75.916;0.00203827;90
75.1067;0.00541594;90
75.6587;0.013028;90
72.8957;0.00272346;90
75.4217;0.00622956;90
79.8411;0.0081132;90
81.9738;0.0145031;90
76.274;0.00313555;90
71.2504;0.0058737;90
60.3209;0.0116654;90
55.9869;0.00226321;90
57.4807;0.00465602;90
63.595;0.0104045;90
64.862;0.00265772;90
68.5187;0.00731298;90
64.3809;0.010375;90
48.1403;0.00250409;90
29.814;0.00441886;90
4.15123;0.00765308;90
-0.520226;0.00165207;90
16.2223;0.0033254;90
48.4678;0.00544763;90
53.8698;0.00577828;90
43.7486;0.00514826;90
51.3871;0.0106721;90
52.489;0.00230574;90
55.706;0.00394719;90
52.2036;0.00562774;90
44.2676;0.00531081;90
49.6993;0.00543755;90
50.4191;0.00561548;90
50.4137;0.00562112;90
52.0906;0.00540189;90
36.7808;0.00450101;90
57.7509;0.00528297;90
42.1952;0.00702291;90
13.0564;0.00146076;90
18.8926;0.00348368;90
31.6547;0.00254574;90
40.2002;0.0019521;90
26.6279;0.00244537;90
-36.8494;0.002798;90
65.2877;0.00273883;90
78.874;0.00262738;90
29.5099;0.000574534;90
-48.2131;0.00155171;90
74.6276;0.00179938;90
-5.65854;0.000547669;90
-42.2602;0.00113904;90
76.2862;0.00159445;90
-72.798;0.0406943;90
67.4869;0.000867078;90
86.8947;0.00345207;90
86.1534;0.00351792;90
89.2022;0.00387838;90
93.1015;0.00438042;90
95.1219;0.00371885;90
119.738;0.00298973;90
108.297;0.00236033;90
-1.50616;0.00117941;90
38.2849;0.00272123;90
38.7413;0.00274366;90
-50.4073;0.00313654;90
-54.165;0.00194892;90
-101.688;0.00113044;90
-70.0072;0.0095495;90
-74.2525;0.00465367;90
-63.4293;0.00450255;90
-49.4345;0.00433481;90
-57.8639;0.00427498;90
-65.7501;0.00508136;90
-65.596;0.00545541;90
-60.0711;0.0045578;90
-55.7035;0.00445449;90
-61.2451;0.00493906;90
-62.5859;0.00488903;90
-57.3639;0.00458371;90
-44.0042;0.00398727;90
-43.8582;0.00386793;90
-49.6096;0.00421455;90
-44.421;0.00342894;90
-43.7586;0.0032966;90
-54.3828;0.00385152;90
-71.4262;0.0049572;90
-83.5648;0.00605817;90
-88.8027;0.00622136;90
-83.5148;0.00610909;90
-71.1539;0.0054206;90
-43.7512;0.00386101;90
-41.1087;0.00320918;90
-43.3534;0.00253461;90
-59.6269;0.00282816;90
-56.0945;0.00309775;90
-59.9447;0.00391546;90
-55.2937;0.00356534;90
-64.6214;0.00403876;90
-58.9136;0.00400519;90
-46.5436;0.0033338;90
-53.3207;0.00372822;90
-38.6034;0.00317345;90
-59.9459;0.0039755;90
-68.6561;0.0053027;90
-64.0445;0.00496033;90
-44.6823;0.00382551;90
-31.7261;0.00348001;90
-31.9524;0.00343906;90
-31.8725;0.00342783;90
-42.2737;0.00370165;90
-64.9671;0.00496764;90
-56.431;0.00446341;90
-33.3951;0.00312494;90
-46.5876;0.00349657;90
-53.541;0.0039041;90
-44.2152;0.00258118;90
-43.8443;0.00245416;90
-58.0632;0.00310028;90
-63.8048;0.00477992;90
-70.946;0.00538504;90
-85.8322;0.00635681;90
-86.4942;0.00618157;90
-85.8151;0.00616644;90
-81.8389;0.00628363;90
-81.7224;0.00604295;90
-81.5525;0.00612647;90
-82.1644;0.00652088;90
-86.1555;0.0062641;90
-84.0497;0.00618331;90
-78.0813;0.00599934;90
-76.7119;0.00579516;90
-74.1955;0.00564334;90
-66.4141;0.00512842;90
-64.9557;0.00505529;90
-64.9245;0.00502346;90
-68.9344;0.00542238;90
-75.3074;0.00571694;90
-72.5016;0.00549424;90
-54.8919;0.0044495;90
-21.5345;0.0032692;90
-16.7218;0.00316274;90
-11.278;0.00317022;90
-11.0165;0.00313986;90
-29.816;0.00339893;90
-43.8474;0.00379652;90
-66.5678;0.00505705;90
-82.2695;0.00669081;90
-84.0879;0.0062231;90
-79.1445;0.00605841;90
-72.7109;0.00558222;90
-56.0325;0.00458188;90
-51.6535;0.00428422;90
-51.6857;0.00411791;90
-45.4036;0.00401505;90
-56.6878;0.00449927;90
-41.7583;0.0037388;90
-21.9383;0.00326546;90
-20.6744;0.00322894;90
-22.3517;0.00328696;90
-21.2078;0.00326191;90
-24.3564;0.00324918;90
-45.8077;0.00421336;90
-59.3505;0.00475298;90
-60.2506;0.00473391;90
-60.175;0.00470291;90
-60.2641;0.00472175;90
-65.5681;0.00511833;90
-72.6821;0.00567737;90
-73.7726;0.0055824;90
-74.7422;0.00571131;90
-78.5238;0.00608159;90
-80.5131;0.00613389;90
-80.5756;0.00596045;90
-80.6509;0.00598956;90
-80.5624;0.00609246;90
-83.0399;0.00620573;90
-86.0916;0.00642594;90
-86.5821;0.00634028;90
-86.4968;0.00625168;90
-87.5224;0.00624584;90
-91.6873;0.0064528;90
-95.3031;0.00615635;90
-96.8304;0.00641553;90
-96.5664;0.00506321;90
-95.2551;0.00513157;90
-86.5978;0.00508897;90
-55.7131;0.00399406;90
-44.6955;0.00372509;90
-43.7571;0.00358588;90
-41.6363;0.00350693;90
-41.105;0.00352884;90
-42.8041;0.00348789;90
-69.7156;0.00375273;90
-53.8516;0.00146132;90
-16.2188;0.00293584;90
-10.3501;0.00317262;90
16.4843;0.00324226;90
40.6661;0.00383642;90
62.2473;0.00500584;90
66.7971;0.00527681;90
67.5449;0.00390617;90
51.0346;0.00190347;90
12.2567;0.00150736;90
-21.8363;0.00182817;90
-24.404;0.00118596;90
-30.2795;0.00124946;90
-55.3803;0.00100858;90
-56.8821;0.00127754;90
-55.8113;0.00105175;90
-57.5576;0.00152856;90
-53.4404;0.00221603;90
-48.2078;0.00152904;90
-55.145;0.00308311;90
-69.0734;0.00456084;90
-71.3334;0.00516151;90
-76.27;0.00589855;90
-75.7161;0.00577968;90
-71.1478;0.00551484;90
-70.5622;0.00567336;90
-65.6077;0.00523751;90
-65.4382;0.00555242;90
-75.4431;0.00576507;90
-65.575;0.004503;90
-52.3465;0.00222301;90
-62.7661;0.0012259;90
-68.1503;0.00440655;90
-81.1685;0.00546479;90
-91.8956;0.00565309;90
-95.26;0.00569398;90
-95.2211;0.00582417;90
-95.2456;0.00588464;90
-100.574;0.00557467;90
-101.875;0.00567137;90
-107.802;0.00497836;90
-102.897;0.00541665;90
-102.548;0.00621853;90
-99.4885;0.00647864;90
-89.1012;0.00682084;90
-81.4736;0.00656253;90
-83.639;0.0063994;90
-97.3111;0.0121095;90
-96.3629;0.00612674;90
-85.2226;0.00623165;90
-81.1373;0.0063154;90
-81.2048;0.00621306;90
-81.2199;0.00666915;90
-81.3694;0.00633069;90
-81.2747;0.00626248;90
-81.1072;0.00641714;90
-81.1562;0.0064264;90
-77.0694;0.00603298;90
-76.3304;0.00621607;90
-81.0656;0.0063875;90
-81.9079;0.00639366;90
-76.9407;0.00597452;90
-75.7438;0.00568508;90
-81.2095;0.00588918;90
-84.8165;0.00616521;90
-84.8839;0.0064256;90
-88.7925;0.00612136;90
-89.0541;0.00533073;90
-88.9488;0.00436073;90
-83.9859;0.00469585;90
-76.2861;0.00413797;90
-76.401;0.00464008;90
-76.565;0.00550053;90
-76.7204;0.00587715;90
-76.4722;0.00590379;90
-76.5192;0.00595404;90
-77.3572;0.00594412;90
-79.3197;0.00615665;90
-79.2575;0.00615894;90
-79.2894;0.00607483;90
-79.1977;0.00608788;90
-78.8029;0.00597371;90
-70.908;0.00559792;90
-56.5414;0.00453083;90
-53.0157;0.00440661;90
-53.4439;0.00438207;90
-53.3236;0.00473803;90
-53.0067;0.00445721;90
-54.0291;0.00447415;90
-67.3277;0.00537539;90
-68.5505;0.00538174;90
-68.8199;0.00548019;90
-68.6036;0.00512309;90
-61.2215;0.00389053;90
-48.9182;0.00362178;90
-50.0771;0.00425083;90
-48.8037;0.00414642;90
-43.4474;0.00394074;90
-42.0518;0.00382202;90
-45.1738;0.00396194;90
-43.6938;0.00390849;90
-47.6533;0.00438381;90
-69.3068;0.00537689;90
-75.9873;0.00590574;90
-75.9591;0.00592709;90
-75.8507;0.00589896;90
-75.7717;0.00593197;90
-67.6943;0.00527469;90
-63.312;0.00500299;90
-67.9816;0.00539337;90
-68.2786;0.00531758;90
-68.1293;0.005377;90
-70.9973;0.0055526;90
-79.976;0.00620472;90
-87.8887;0.00651442;90
-90.0843;0.00544001;90
-84.5398;0.0027324;90
159.132;0.00109482;90
-117.436;0.00105912;90
-103.471;0.00132649;90
-80.9593;0.0123332;90
-87.811;0.00259189;90
-49.2503;0.000753727;90
44.1819;0.00143628;90
-88.147;0.00272142;90
-88.9571;0.00401066;90
-88.4962;0.00419144;90
-90.1347;0.00468001;90
-92.1507;0.00458323;90
-88.545;0.0193762;90
-91.3721;0.00334096;90
-97.4411;0.00332803;90
-86.627;0.00207359;90
-29.1566;0.00190887;90
-20.457;0.0105578;90
-44.0938;0.00362155;90
-45.4834;0.0035201;90
-54.2775;0.00385537;90
-69.9511;0.00513093;90
-70.7044;0.00490556;90
-70.8846;0.00521876;90
-59.5973;0.00476412;90
-47.3454;0.00395675;90
-50.359;0.00401269;90
-56.8123;0.00439728;90
-58.7659;0.00436229;90
-72.0595;0.00535014;90
-83.9041;0.00621514;90
-91.0513;0.00643108;90
-91.731;0.00632289;90
-91.0083;0.00625097;90
-79.6604;0.0059059;90
-80.1454;0.00590716;90
-86.7066;0.00663195;90
-86.7869;0.00620876;90
-78.7872;0.0115709;90
-72.5673;0.00551427;90
-72.4909;0.0055774;90
-72.6878;0.0055515;90
-72.3473;0.00569832;90
-76.8246;0.00584383;90
-73.3788;0.00562503;90
-67.155;0.00540389;90
-67.1021;0.00557968;90
-67.098;0.00565584;90
-74.0336;0.00599112;90
-80.8569;0.00643172;90
-80.7834;0.00636213;90
-80.758;0.00641325;90
-78.9789;0.00622481;90
-78.1469;0.00672336;90
-77.8783;0.00622888;90
-74.7095;0.00596101;90
-56.3538;0.00470885;90
-60.4716;0.00479249;90
-69.343;0.00557866;90
-76.4021;0.00621419;90
-73.8754;0.0060167;90
-62.7097;0.00529991;90
-47.7018;0.00424524;90
-47.477;0.00422113;90
-47.3629;0.00425333;90
-49.6153;0.00433235;90
-65.3213;0.00527148;90
-73.3008;0.00605538;90
-73.7957;0.00598788;90
-70.0101;0.00575683;90
-64.043;0.00539415;90
-64.4101;0.00525552;90
-70.0416;0.00574504;90
-75.5856;0.00617436;90
-78.5466;0.00626475;90
-78.9243;0.00623615;90
-81.327;0.00637287;90
-85.0897;0.00655405;90
-84.5478;0.00661995;90
-81.8749;0.00642449;90
-89.3889;0.00675038;90
-89.0768;0.00664086;90
-72.0963;0.00569582;90
-65.4661;0.00537531;90
-65.3092;0.00536004;90
-63.335;0.00512508;90
-63.7331;0.00524231;90
-62.0048;0.00532171;90
-61.8715;0.005114;90
-61.7558;0.00500602;90
-57.0018;0.00468589;90
-69.7244;0.00502113;90
-71.7108;0.00497112;90
-69.3761;0.00474403;90
-65.7376;0.00451916;90
-62.8417;0.00440574;90
-63.0745;0.00483403;90
-63.1228;0.00508981;90
-63.0874;0.00501291;90
-61.3024;0.00487935;90
-50.05;0.00426556;90
-62.6676;0.00500924;90
-45.6242;0.00395933;90
-43.573;0.00397517;90
-43.1832;0.00381393;90
-40.457;0.00292814;90
-39.4849;0.00251622;90
-50.6984;0.00264919;90
-55.1876;0.00287445;90
-55.8751;0.00292335;90
-41.2088;0.00235274;90
-39.5058;0.00242236;90
-38.5068;0.00263247;90
-36.4666;0.00301167;90
-30.4967;0.00279809;90
-62.6719;0.00402975;90
-63.033;0.00420749;90
-50.7608;0.00393797;90
-58.4705;0.0043772;90
-59.4416;0.00441174;90
-65.8499;0.00437271;90
-53.5752;0.00360411;90
-49.2442;0.00345875;90
-37.8562;0.0026724;90
-37.3884;0.0025197;90
-36.4425;0.00217166;90
-48.6261;0.00263855;90
-49.5662;0.00252248;90
-36.5633;0.00198083;90
-57.9844;0.00238235;90
-59.7947;0.0025005;90
-43.2761;0.0014573;90
-49.3821;0.0011198;90
-40.576;0.00147589;90
-31.7531;0.00144416;90
-30.5854;0.00145434;90
-29.2842;0.00169685;90
-29.1725;0.00188741;90
-21.357;0.00186722;90
-19.0751;0.00226433;90
-2.57915;0.00222225;90
-25.5668;0.00261839;90
8.53427;0.00242586;90
-12.0115;0.00269092;90
14.0362;0.00263879;90
-1.53503;0.0022398;90
-12.2522;0.00193201;90
-62.3593;0.00366869;90
-62.6204;0.00471858;90
-62.5431;0.00522901;90
-62.4329;0.00526809;90
-62.457;0.00518799;90
-68.8223;0.00554445;90
-73.5892;0.00608802;90
-80.2115;0.00635248;90
-79.0662;0.00627389;90
-78.8889;0.00621653;90
-79.2209;0.00615968;90
-79.0795;0.00605974;90
-77.8478;0.00661728;90
-71.8096;0.00585248;90
-76.8044;0.0063476;90
-88.0603;0.00688394;90
-95.2647;0.00664804;90
-111.604;0.00537777;90
-124.237;0.00453599;90
-98.3173;0.00627702;90
-92.4281;0.00684515;90
-87.8251;0.00682492;90
-86.1637;0.00684534;90
-81.7614;0.00649705;90
-81.2964;0.00655549;90
-83.5243;0.00663232;90
-86.7258;0.00667089;90
-86.6911;0.006601;90
-88.8834;0.00667127;90
-94.6506;0.00715355;90
-96.3591;0.00668111;90
-100.289;0.00638263;90
-124.578;0.00453023;90
-141.801;0.00376781;90
-107.017;0.00587731;90
-89.6403;0.00669013;90
-83.8408;0.00660815;90
-89.9314;0.00668;90
-82.5652;0.00651477;90
-80.2111;0.00657574;90
-81.8904;0.00632323;90
-72.2172;0.00572346;90
-76.0424;0.00600737;90
-75.4166;0.00604475;90
-72.122;0.00510764;90
-74.3811;0.00501415;90
-72.9707;0.00482139;90
-67.5894;0.00480272;90
-60.8676;0.00429309;90
-60.3074;0.00421321;90
-65.5345;0.00461432;90
-68.2094;0.00493244;90
-62.0742;0.00459507;90
-53.835;0.00416191;90
-42.6126;0.00341192;90
-36.718;0.00324481;90
-37.4551;0.00338738;90
-53.1699;0.0040354;90
-69.1551;0.00506127;90
-80.2432;0.00607791;90
-87.9142;0.00637422;90
-87.3728;0.00632665;90
-86.8628;0.00655983;90
-80.4486;0.00613505;90
-75.2213;0.00580194;90
-73.4877;0.00566461;90
-82.5874;0.00630166;90
-84.129;0.00604169;90
-76.63;0.00567378;90
-72.0595;0.00535014;90
-71.7551;0.00543314;90
-76.3724;0.00547514;90
-79.4271;0.00571706;90
-82.8226;0.00610685;90
-83.2583;0.00630359;90
-83.3179;0.00616186;90
-82.1791;0.0061068;90
-74.9536;0.0057781;90
-70.8516;0.0059174;90
-82.6168;0.00599975;90
-86.475;0.0061316;90
-75.2117;0.00580219;90
-59.9151;0.00480767;90
-57.6864;0.00476847;90
-57.5845;0.00473831;90
-57.6969;0.00473242;90
-51.2688;0.00438411;90
-41.4754;0.00391063;90
-60.6559;0.00503618;90
-61.633;0.00503454;90
-61.6189;0.00502384;90
-61.7533;0.00502885;90
-63.9131;0.00514403;90
-61.1483;0.0049094;90
-58.8923;0.00477694;90
-41.5485;0.00425177;90
-39.7772;0.00387619;90
-28.3404;0.00362327;90
-34.6487;0.00374641;90
-39.8704;0.00396223;90
-45.5806;0.00425629;90
-53.8699;0.00463179;90
-45.9878;0.00418387;90
-51.6952;0.00453662;90
-57.9074;0.00487494;90
-36.7658;0.00374241;90
-48.7262;0.0042325;90
-53.2172;0.00460601;90
-36.6594;0.00391923;90
-32.9129;0.00368077;90
-30.0784;0.00345182;90
-20.1915;0.00321881;90
-53.0067;0.00445721;90
-52.8757;0.00463925;90
-49.9592;0.0041798;90
-23.4141;0.00324631;90
-31.4373;0.00352785;90
-31.6119;0.00339589;90
-14.6396;0.00308619;90
-33.6221;0.0037384;90
-60.8801;0.00519687;90
-66.0077;0.00565893;90
-54.7156;0.00465518;90
-45.2068;0.00411468;90
-22.8533;0.0033988;90
-41.3317;0.00384606;90
-63.9779;0.00528585;90
-67.3709;0.00572038;90
-67.7603;0.00570436;90
-57.1476;0.0047615;90
-42.4255;0.00406148;90
-22.5171;0.00334501;90
-1.81434;0.00344273;90
-1.83108;0.0031296;90
9.28355;0.00316141;90
3.2499;0.00317511;90
-17.3489;0.00335357;90
-29.4723;0.00359754;90
-38.6326;0.00394026;90
-29.2403;0.00374637;90
-58.5213;0.00486613;90
-76.987;0.00630184;90
-71.7032;0.00577181;90
-57.5742;0.00473885;90
-59.5308;0.00476852;90
-75.9458;0.00464917;90
-80.5689;0.004217;90
-69.5168;0.00460089;90
-62.7172;0.00392684;90
-62.7252;0.00397156;90
-55.6208;0.00451947;90
-27.7991;0.00394534;90
-18.9806;0.00332054;90
-48.6873;0.00442008;90
-54.7442;0.00467926;90
-24.2815;0.00335587;90
-61.4481;0.00483729;90
-64.2708;0.00527276;90
-51.03;0.00403871;90
-34.3387;0.00340552;90
-58.1968;0.00477606;90
-47.6413;0.00412752;90
-54.9334;0.00459508;90
-61.4126;0.0051578;90
-61.8379;0.00526307;90
-49.9559;0.00442819;90
-39.072;0.00395052;90
-53.1554;0.004536;90
-50.0822;0.00444609;90
-24.9691;0.00383769;90
-26.9296;0.00344451;90
-50.4267;0.00435905;90
-48.7296;0.00433739;90
-38.5668;0.00384969;90
-45.8303;0.00390364;90
-62.2832;0.00511716;90
-70.7983;0.00581342;90
-72.401;0.00591694;90
-75.8768;0.00639325;90
-78.5017;0.00656169;90
-71.2545;0.00600873;90
-57.9038;0.00481611;90
-39.8704;0.00396223;90
-38.7764;0.00399181;90
-37.983;0.00404596;90
-36.1225;0.00398634;90
-27.0974;0.00375407;90
0.533962;0.00321914;90
-32.3707;0.00332464;90
-42.978;0.00142288;90
-58.7841;0.00409251;90
-58.1199;0.00455747;90
-37.0694;0.00384882;90
-39.8993;0.00391307;90
-51.9031;0.0043712;90
-70.5617;0.00565217;90
-73.5672;0.00597403;90
-60.8091;0.00534937;90
-54.4155;0.00483242;90
-51.7967;0.00460665;90
-53.5851;0.00468475;90
-65.8391;0.00586366;90
-76.9685;0.00629307;90
-65.4522;0.00529785;90
-58.0152;0.00471593;90
-39.7852;0.00359425;90
-36.3844;0.00354013;90
-22.1967;0.00317639;90
-40.387;0.00359597;90
-29.6127;0.00344036;90
-27.5152;0.00329016;90
-24.9704;0.00319792;90
-22.079;0.00321907;90
-19.98;0.00319;90
-20.4778;0.00308708;90
-20.0259;0.00274497;90
-37.5088;0.00292338;90
-83.9151;0.00517918;90
-79.0192;0.00495064;90
-67.3172;0.00350077;90
-83.4537;0.00368402;90
-79.5212;0.00312309;90
-82.9434;0.00301181;90
-72.76;0.00263855;90
-80.6382;0.00299996;90
-87.4674;0.00364356;90
-91.6557;0.0038416;90
-91.6776;0.00379163;90
-88.956;0.00439073;90
-86.9086;0.00524764;90
-92.2106;0.00575528;90
-91.4298;0.00565076;90
-91.0293;0.00590095;90
-90.9936;0.00640096;90
-92.2443;0.00643494;90
-97.7526;0.00659024;90
-98.9279;0.00592174;90
-90.2837;0.00626008;90
-80.6145;0.00613209;90
-76.1676;0.00572606;90
-77.1588;0.00590775;90
-77.4066;0.00576981;90
-77.0084;0.00578713;90
-71.0927;0.00536973;90
-57.4608;0.00446013;90
-62.1403;0.00475062;90
-66.7818;0.0049945;90
-65.7827;0.00502195;90
-52.9548;0.00418462;90
-37.7508;0.00364243;90
-52.1496;0.0040906;90
-54.7568;0.00429773;90
-38.1364;0.00370991;90
-54.7901;0.00430821;90
-47.4905;0.00374272;90
-45.8926;0.00367669;90
-49.2782;0.00397157;90
-57.3808;0.00439288;90
-46.0005;0.0036853;90
-28.2153;0.00304366;90
-43.1524;0.00372839;90
-44.2491;0.00366879;90
-63.9936;0.00486234;90
-64.9728;0.00503252;90
-45.4062;0.00388989;90
-32.9492;0.00334623;90
-48.0669;0.00393857;90
3.93033;0.00291786;90
19.9642;0.00310457;90
-25.5806;0.00338367;90
-48.003;0.00392771;90
-47.8731;0.00396407;90
-48.9445;0.00388556;90
-55.4114;0.0044215;90
-46.8912;0.00383531;90
-48.9177;0.00395348;90
-56.0937;0.0044099;90
-61.2747;0.00469819;90
-43.5763;0.00372831;90
-52.5752;0.00413019;90
-47.0718;0.00389234;90
-50.8275;0.00410191;90
-41.3883;0.00356949;90
-54.3913;0.00403438;90
-54.0127;0.00410309;90
-53.7729;0.00402885;90
-39.5267;0.00355102;90
-38.9867;0.00344915;90
-38.7758;0.00370445;90
-39.8162;0.00346698;90
-62.4987;0.0045434;90
-67.6011;0.00498619;90
-69.1261;0.00510506;90
-72.2368;0.00531331;90
-77.3975;0.00573825;90
-77.7594;0.00584386;90
-75.3398;0.00545665;90
-91.9399;0.00620356;90
-82.3865;0.0060231;90
-78.6615;0.00589506;90
-77.5361;0.00574541;90
-73.54;0.00550563;90
-80.0308;0.00590922;90
-82.9842;0.00611579;90
-81.695;0.00602316;90
-77.4507;0.00575755;90
-70.881;0.00521781;90
-64.0536;0.00480425;90
-81.9368;0.0064235;90
-75.8771;0.00561058;90
-83.4222;0.00585756;90
-82.415;0.00590164;90
-79.009;0.00546015;90
-69.8289;0.00463423;90
-72.9229;0.0049377;90
-76.4449;0.00525642;90
-84.0452;0.00536897;90
-70.6164;0.00462199;90
-79.4205;0.00516886;90
-73.8155;0.00487208;90
-84.7744;0.00482003;90
-69.4929;0.00328839;90
-77.9279;0.00353825;90
-81.058;0.00282433;90
-94.4309;0.00231692;90
-71.1722;0.00479666;90
61.1293;0.00251224;90
53.8467;0.00291043;90
82.1966;0.00466217;90
58.2242;0.00341248;90
35.2566;0.00289135;90
51.1419;0.00343006;90
62.1997;0.00390016;90
82.8725;0.00563353;90
77.9594;0.0056135;90
77.3088;0.00505244;90
77.5109;0.00532705;90
58.7904;0.00371692;90
48.1205;0.00352025;90
53.9613;0.00370879;90
49.8241;0.0037837;90
51.7637;0.00390851;90
57.6605;0.00407152;90
75.2748;0.00492165;90
67.4852;0.00402693;90
59.7247;0.00392537;90
74.7546;0.00464341;90
70.3292;0.00454525;90
50.1985;0.00360552;90
55.5967;0.00303001;90
105.934;0.00215271;90
121.299;0.00337052;90
125.053;0.00363903;90
123.324;0.00381891;90
120.234;0.00397;90
101.789;0.004219;90
95.3998;0.00348547;90
95.8304;0.00285477;90
96.4502;0.0022432;90
97.966;0.00217196;90
95.0341;0.00100287;90
112.723;0.00102777;90
-58.4466;0.00214985;90
-113.637;0.00121712;90
-83.6578;0.00631867;90
-84.463;0.00426992;90
-74.4029;0.00449658;90
-56.9281;0.00365042;90
-56.2934;0.00383464;90
-54.6379;0.00367867;90
-62.7678;0.00361015;90
-95.0362;0.0016062;90
-125.97;0.00379327;90
-123.172;0.00453985;90
-104.621;0.00618013;90
-119.071;0.00472531;90
-107.608;0.00549756;90
-111.221;0.00494532;90
-125.464;0.00427269;90
-129.131;0.00408658;90
-133.029;0.00388502;90
-125.544;0.00425234;90
-125.837;0.00418288;90
-101.908;0.00610131;90
-102.559;0.00635097;90
-101.187;0.00639144;90
-103.656;0.00584524;90
-128.556;0.00429666;90
-143.588;0.00365572;90
-110.468;0.00454705;90
-106.037;0.00430763;90
-124.291;0.00301385;90
-162.181;0.00173524;90
161.226;0.00074884;90
-89.6721;0.00332005;90
-102.292;0.00388916;90
-93.5397;0.00438937;90
-62.9197;0.00452509;90
-49.2963;0.00424751;90
-52.1785;0.00469665;90
-53.2074;0.0047452;90
-62.9205;0.00537975;90
-77.4128;0.00659859;90
-67.3999;0.00603438;90
-70.5615;0.00637328;90
-72.2543;0.0063092;90
-75.3348;0.00658451;90
-77.3012;0.00683724;90
-77.2157;0.00686006;90
-69.051;0.0061784;90
-63.5957;0.00573867;90
-63.6187;0.00571631;90
-58.6869;0.0058513;90
-57.7617;0.00532017;90
-59.0758;0.00496591;90
-57.5765;0.00488089;90
-33.6038;0.00368599;90
-10.6544;0.00313708;90
-41.4396;0.00397383;90
-31.7888;0.00364472;90
-10.2724;0.00347673;90
-39.9739;0.00370464;90
-62.7535;0.00526408;90
-62.5559;0.00536362;90
-68.1885;0.00526706;90
-62.32;0.00455081;90
-42.2061;0.00342364;90
-42.5196;0.00344755;90
-64.7611;0.00459903;90
-59.2439;0.00439983;90
-66.4739;0.00473236;90
-54.921;0.00377584;90
-3.53614;0.00275625;90
7.3689;0.00288483;90
22.0631;0.0030083;90
57.4037;0.00421372;90
50.5351;0.00344553;90
23.6087;0.00269671;90
-82.2663;0.00476333;90
-78.7937;0.00498606;90
-66.7675;0.00443895;90
-62.7624;0.00373404;90
-90.5583;0.0043102;90
-70.3673;0.00473528;90
-90.8243;0.00556058;90
-89.2399;0.00603053;90
-79.7309;0.00588426;90
-79.4183;0.00594103;90
-73.4808;0.00548646;90
-76.1973;0.00511779;90
-64.0837;0.00450284;90
-50.7433;0.00344819;90
-50.4561;0.00364397;90
-65.4097;0.00417901;90
-78.2005;0.00539398;90
-64.1428;0.00492286;90
-69.2363;0.00497299;90
-64.4443;0.00472197;90
-60.8129;0.00453592;90
-74.8865;0.00567634;90
-73.7818;0.0049052;90
-18.631;0.0019407;90
-66.0011;0.00319631;90
-38.6279;0.00280332;90
21.2796;0.00305853;90
-55.008;0.00378403;90
-73.4282;0.00473675;90
-79.8675;0.00567857;90
-84.2508;0.00589968;90
-89.7131;0.00619008;90
-91.5491;0.00636233;90
-80.18;0.00610951;90
-74.5944;0.00564275;90
-58.6192;0.00412311;90
-59.2879;0.0044897;90
-59.0029;0.00442141;90
-58.0003;0.00426861;90
-47.6362;0.0035053;90
-49.5956;0.00328304;90
-69.6848;0.00501175;90
-68.6793;0.00464812;90
-43.2867;0.00262525;90
-74.1668;0.00413799;90
-81.4155;0.00595572;90
-80.6868;0.00593828;90
-75.2553;0.00533571;90
-62.2304;0.00433983;90
-52.3804;0.00369912;90
-64.2155;0.0044645;90
-42.1256;0.00338423;90
-25.1771;0.00291714;90
-23.6146;0.00289328;90
-59.3406;0.00419663;90
-63.8015;0.004614;90
-52.2558;0.00395826;90
-51.8462;0.00380235;90
-69.1613;0.00469727;90
-69.6943;0.00423307;90
-57.2133;0.00374691;90
-63.6257;0.00376153;90
-46.729;0.00255453;90
-50.6965;0.00257172;90
23.8904;0.00209882;90
18.8817;0.00194676;90
-20.7062;0.00254542;90
-56.5098;0.00365716;90
-60.1729;0.00345809;90
-18.5258;0.00179396;90
-3.3848;0.00220184;90
15.0528;0.00231027;90
-41.3385;0.00296742;90
-20.36;0.00270179;90
9.33432;0.00228121;90
7.95443;0.00216786;90
-33.1896;0.0026671;90
-15.7755;0.00250121;90
15.0545;0.00257953;90
61.5123;0.00379898;90
47.6144;0.00279032;90
-73.4672;0.00494442;90
-69.7113;0.00341167;90
-51.0406;0.00268779;90
-44.1533;0.00287117;90
-56.0702;0.00159089;90
120.29;0.0134838;90
101.952;0.00171416;90
-127.613;0.0011879;90
-135.361;0.00202095;90
-120.214;0.00395647;90
-164.101;0.00187264;90
154.818;0.00224209;90
179.56;0.00156405;90
131.64;0.00226806;90
-174.121;0.0018256;90
-177.484;0.00407793;90
143.423;0.00266483;90
-177.855;0.00363355;90
177.937;0.00119477;90
156.413;0.000774726;90
135.708;0.00332083;90
126.945;0.0025888;90
119.702;0.00197786;90
172.294;0.00510107;90
-165.307;0.000634757;90
170.743;0.00160389;90
126.319;0.00610008;90
111.925;0.00145957;90
131.186;0.00206225;90
108.821;0.00407911;90
113.693;0.00759518;90
128.66;0.00171604;90
130.251;0.00449282;90
117.713;0.0043545;90
115.663;0.00459972;90
150.961;0.00314998;90
160.505;0.00295755;90
138.277;0.00368581;90
115.723;0.00480628;90
130.742;0.00387645;90
114.299;0.00523694;90
101.467;0.0062375;90
98.8718;0.00620524;90
98.6219;0.00603015;90
125.033;0.00345618;90
121.481;0.00378393;90
107.494;0.00529279;90
119.743;0.00425104;90
139.733;0.00341921;90
122.554;0.00467205;90
120.921;0.00463355;90
120.088;0.0047015;90
119.099;0.00464304;90
104.85;0.00605939;90
97.6664;0.0060642;90
87.8472;0.00588315;90
90.797;0.00575156;90
95.4055;0.00538193;90
100.634;0.00576602;90
105.829;0.00520227;90
130.625;0.00425433;90
-145.085;0.00330732;90
121.326;0.00377184;90
127.569;0.00208295;90
142.856;0.00217282;90
105.94;0.00555665;90
106.346;0.00536901;90
119.698;0.00444255;90
115.119;0.00193168;90
112.851;0.000952777;90
115.746;0.00100141;90
112.843;0.00258364;90
112.372;0.0046792;90
111.762;0.00507357;90
103.909;0.00590309;90
126.906;0.0044346;90
131.421;0.00382867;90
115.866;0.00491435;90
104.153;0.00417987;90
104.778;0.00717844;90
100.521;0.00662131;90
98.8789;0.00702316;90
85.9379;0.0064091;90
101.933;0.00553257;90
97.4891;0.00509446;90
109.864;0.00409674;90
114.084;0.00482504;90
100.029;0.00516797;90
103.579;0.00474463;90
-142.917;0.00355242;90
-119.346;0.00439726;90
-146.549;0.00305864;90
-155.94;0.00310036;90
-172.663;0.003054;90
153.235;0.00320878;90
108.637;0.00547931;90
123.843;0.00456076;90
115.461;0.0056176;90
136.92;0.00398961;90
134.016;0.00411738;90
114.54;0.0053283;90
113.688;0.00565768;90
118.045;0.00542159;90
117.457;0.00514447;90
167.06;0.00320642;90
170.166;0.00326701;90
139.189;0.00400727;90
138.848;0.00158041;90
167.508;0.00474329;90
132.837;0.00397253;90
121.303;0.00488865;90
121.159;0.0047351;90
121.424;0.00478359;90
123.369;0.00465429;90
116.397;0.00517339;90
116.41;0.00527446;90
115.561;0.0055879;90
105.083;0.00664076;90
102.336;0.00726884;90
103.596;0.00704029;90
107.351;0.00653855;90
107.609;0.00620472;90
113.133;0.00587216;90
105.159;0.00653541;90
109.091;0.00585502;90
126.512;0.00473789;90
125.723;0.00509702;90
133.483;0.00424625;90
119.078;0.00480456;90
96.4399;0.00482344;90
77.0546;0.00471381;90
88.7653;0.00338779;90
-23.4244;0.00203251;90
59.9187;0.00348544;90
64.7653;0.00354423;90
83.7446;0.0045521;90
39.8011;0.00326187;90
45.0228;0.00355675;90
52.6686;0.00379932;90
80.653;0.00547368;90
78.6644;0.00568796;90
77.4783;0.00525807;90
77.8367;0.00554345;90
67.329;0.00413554;90
48.1395;0.00339567;90
54.8534;0.0037643;90
47.5241;0.00356445;90
51.0815;0.00377101;90
54.8878;0.00386662;90
68.6289;0.00492032;90
77.8017;0.00498352;90
46.2381;0.0035017;90
75.3283;0.00507343;90
72.5996;0.00530685;90
49.6031;0.00370943;90
54.9488;0.00309416;90
109.032;0.00291325;90
123.444;0.00368158;90
124.267;0.00377409;90
124.546;0.00356573;90
114.595;0.00450029;90
97.1266;0.00451387;90
96.2706;0.00363475;90
95.0332;0.00234805;90
98.6983;0.00163986;90
97.7032;0.00170842;90
85.3209;0.00275819;90
84.9228;0.0031865;90
-179.599;0.000572014;90
21.6671;0.00324745;90
-24.0116;0.000592252;90
-79.1145;0.00119144;90
129.299;0.0021141;90
-154.219;0.00104613;90
173.021;0.000633696;90
-127.042;0.001001;90
97.7172;0.00247239;90
114.891;0.000933733;90
132.619;0.000646854;90
132.912;0.001009;90
116.586;0.00122671;90
112.685;0.00250477;90
120.121;0.00183129;90
110.715;0.00160581;90
-160.741;0.000945935;90
175.158;0.000485733;90
135.321;0.00151323;90
133.792;0.00157649;90
88.7233;0.00206451;90
96.0548;0.00137467;90
72.6672;0.00144669;90
79.6603;0.00191103;90
87.1956;0.00202342;90
97.8945;0.00199491;90
97.6237;0.00169599;90
122.27;0.000850339;90
91.8064;0.00206202;90
-100.542;0.001126;90
103.997;0.00175305;90
114.36;0.00112737;90
99.3312;0.00143702;90
87.618;0.00120304;90
84.6722;0.00140005;90
87.1617;0.00107031;90
84.2164;0.00117096;90
22.7459;0.00101385;90
-22.2568;0.00154188;90
-3.72956;0.000676433;90
-21.3102;0.00134281;90
-19.9965;0.000731074;90
-24.0675;0.000831265;90
-15.4701;0.000794796;90
-44.7018;0.000951072;90
-71.056;0.000961054;90
-58.5982;0.0010767;90
-53.1532;0.0009922;90
-40.1674;0.00131778;90
-50.7907;0.00226369;90
-68.7751;0.00208546;90
-79.5589;0.00124156;90
-75.7764;0.00133492;90
-60.328;0.00107265;90
-62.1888;0.0020769;90
-64.2715;0.00143973;90
-37.5439;0.00127509;90
-54.7957;0.00103904;90
-64.06;0.00122991;90
-64.4876;0.00155791;90
-80.953;0.00136093;90
-62.2112;0.00123549;90
-65.5138;0.0011219;90
-76.458;0.00101214;90
-90.5252;0.00130906;90
-80.49;0.00217286;90
-86.4558;0.00166619;90
-82.875;0.00125771;90
-96.86;0.00185025;90
151.309;0.000856109;90
-134.375;0.00175161;90
-98.2835;0.000950921;90
-154.187;0.00183955;90
-168.991;0.000858804;90
-174.265;0.000690456;90
138.213;0.000618276;90
-177.695;0.000969785;90
167.546;0.00123813;90
-166.475;0.00100487;90
-127.777;0.000871709;90
-47.4255;0.00362576;90
118.691;0.0118168;90
123.776;0.00202355;90
112.024;0.00143469;90
-179.029;0.00076711;90
-170.121;0.000542038;90
134.673;0.00148636;90
143.066;0.0014362;90
93.8199;0.00195134;90
94.4996;0.00209044;90
69.2185;0.00139795;90
77.5449;0.00143272;90
84.8814;0.00136745;90
94.0513;0.00118897;90
97.6538;0.0010887;90
93.8604;0.00106943;90
101.244;0.00136928;90
113.077;0.000992416;90
93.3209;0.0018471;90
122.411;0.00101868;90
112.522;0.00134454;90
127.649;0.000779272;90
79.5717;0.001453;90
80.8891;0.00120622;90
83.4935;0.00110311;90
86.5332;0.00120721;90
73.4127;0.000882734;90
-24.3448;0.0010043;90
-1.64897;0.000660273;90
-47.7656;0.000981901;90
6.81821;0.000741242;90
-11.382;0.000623258;90
-36.5188;0.000848616;90
-17.1207;0.000703159;90
-39.0261;0.00102593;90
9.76247;0.000878725;90
-70.0443;0.00125112;90
-59.1903;0.00114802;90
-58.8282;0.0012751;90
-38.1987;0.00116431;90
-25.6913;0.00123177;90
-70.0917;0.00163575;90
-68.7237;0.00137792;90
-74.5283;0.00122956;90
-79.4435;0.00189406;90
-61.69;0.00167425;90
-57.0279;0.000973853;90
-58.695;0.00224599;90
-36.3359;0.00105145;90
-57.1358;0.0013084;90
-62.2347;0.00157991;90
-58.6911;0.000967956;90
-83.5747;0.00163527;90
-69.2325;0.00117323;90
-58.0609;0.000916793;90
-90.2054;0.00111601;90
-80.7625;0.00213671;90
-87.3587;0.0014105;90
-82.9133;0.00148333;90
-81.4127;0.00115191;90
-88.4765;0.0011284;90
-164.929;0.000873028;90
-147.973;0.001682;90
-90.9264;0.00117515;90
-155.673;0.00194686;90
-168.864;0.000579918;90
-157.32;0.000884385;90
136.062;0.000954051;90
81.0446;0.00345613;90
69.1343;0.000909657;90
107.754;0.00164956;90
-159.433;0.000586376;90
121.333;0.00106537;90
99.6727;0.00488038;90
81.6217;0.0010775;90
91.9399;0.00124071;90
143.31;0.000890404;90
113.829;0.00143317;90
132.174;0.00123328;90
109.081;0.000841219;90
143.191;0.000938001;90
-146.457;0.000865058;90
-78.5729;0.000767208;90
-88.0544;0.00235636;90
-67.9017;0.0020787;90
-42.448;0.00112754;90
30.6578;0.000513817;90
-63.8998;0.00110242;90
-73.7593;0.0011728;90
-68.4026;0.00161649;90
-81.6465;0.000943005;90
-86.2303;0.00146016;90
-57.5906;0.000781768;90
120.621;0.00784723;90
1.54579;0.00196471;90
-83.0462;0.00170152;90
-62.7613;0.00148351;90
-69.4742;0.00110943;90
-74.0496;0.00158294;90
-73.4602;0.00103273;90
-77.6567;0.00167471;90
-102.9;0.00163938;90
-129.971;0.00168587;90
-56.5507;0.000858129;90
-13.8193;0.000640541;90
-12.3671;0.000499593;90
-79.5423;0.00197785;90
-99.5007;0.000490731;90
129.275;0.000843543;90
91.6054;0.00189174;90
166.243;0.000647578;90
-170.834;0.00133707;90
-142.855;0.000957211;90
-107.941;0.000879778;90
-87.4565;0.0107486;90
-84.7605;0.00229961;90
-84.0759;0.00240283;90
-84.2138;0.00150768;90
-80.2945;0.00336922;90
-63.6625;0.00349142;90
-55.9672;0.00352352;90
-55.2129;0.00366502;90
-55.8599;0.00363673;90
-66.3445;0.00301318;90
54.8358;0.00190825;90
60.5149;0.00402075;90
59.8214;0.0038174;90
60.2477;0.00381258;90
60.4062;0.00362257;90
-36.9919;0.001878;90
-68.6456;0.00428412;90
-22.5696;0.00263154;90
39.0355;0.00319148;90
53.8032;0.00377946;90
48.0726;0.00356187;90
18.7963;0.00260703;90
47.4424;0.00313604;90
42.1952;0.0024566;90
-34.0727;0.00215977;90
0.776669;0.0022132;90
4.63297;0.00247609;90
2.93799;0.00253633;90
23.2607;0.0027854;90
-15.378;0.00241341;90
-27.3444;0.00161101;90
2.2929;0.0009998;90
31.8934;0.000813868;90
45.2451;0.0013223;90
48.0587;0.0017625;90
33.0596;0.00141152;90
22.7309;0.000595232;90
26.6502;0.00060195;90
-154.427;0.000671815;90
-152;0.00121412;90
-137.258;0.00197436;90
-135.187;0.00173101;90
-141.137;0.00092596;90
178.4;0.00111043;90
150.92;0.00222211;90
177.982;0.00227141;90
-158.084;0.00259881;90
-178.862;0.0025175;90
-174.894;0.00235936;90
176.245;0.00213759;90
149.084;0.00206313;90
-135.506;0.0022402;90
-121.427;0.00280204;90
176.689;0.00140234;90
-155.004;0.00163294;90
-137.084;0.00210008;90
-127.178;0.00223403;90
-126.285;0.00246873;90
-129.538;0.00213952;90
-147.548;0.00210586;90
165.987;0.00181708;90
129.811;0.00252553;90
102.803;0.00342515;90
130.914;0.00146886;90
84.7124;0.00389558;90
86.4061;0.00590261;90
101.663;0.00524836;90
111.909;0.00495807;90
103.451;0.00545976;90
105.257;0.00520236;90
98.7691;0.00570671;90
103.465;0.00471974;90
108.128;0.00283154;90
120.233;0.00208336;90
85.3093;0.00195655;90
-77.9227;0.0151698;90
-71.5024;0.00463021;90
-73.2311;0.0144118;90
-67.9997;0.00144416;90
-90.9417;0.00529371;90
-94.5536;0.00629788;90
-118.804;0.0097858;90
-112.867;0.00304426;90
-122.707;0.0047359;90
126.885;0.0061012;90
119.432;0.00129631;90
125.917;0.00182745;90
128.161;0.00462557;90
101.948;0.010757;90
93.2446;0.00176683;90
97.7283;0.00280346;90
86.9863;0.00340471;90
93.8246;0.00508232;90
-89.9714;0.006004;90
-86.5237;0.00214394;90
-85.5092;0.00233718;90
-84.4131;0.00368752;90
-84.1637;0.0045335;90
-72.6771;0.0039596;90
-56.6095;0.00334156;90
-56.4169;0.00356506;90
-55.321;0.00359943;90
-60.1628;0.00361983;90
-75.5209;0.00163183;90
-124.874;0.00318133;90
-129.936;0.00336482;90
-110.59;0.00434773;90
-105.496;0.00519898;90
-121.889;0.00376883;90
-110.362;0.00428794;90
-105.711;0.00483046;90
-123.184;0.00414738;90
-128.547;0.00364276;90
-130.679;0.00374487;90
-125.592;0.00367691;90
-131.807;0.0033137;90
-123.559;0.00363607;90
-102.455;0.00520243;90
-102.577;0.00540981;90
-101.894;0.00529365;90
-97.8876;0.00581502;90
-116.674;0.0042302;90
-129.272;0.00379774;90
-147.162;0.00324563;90
-107.405;0.00411858;90
-104.311;0.00404554;90
-127.797;0.00264495;90
-134.175;0.00206355;90
157.432;0.00127677;90
86.2206;0.00439957;90
90.3379;0.00390007;90
102.999;0.00439256;90
110.831;0.00354042;90
94.7868;0.00493722;90
106.589;0.00462344;90
100.11;0.00505855;90
110.695;0.00432936;90
95.6124;0.00522505;90
103.44;0.00503798;90
105.961;0.00498207;90
110.513;0.00499684;90
101.279;0.00551655;90
98.6787;0.00536139;90
94.2353;0.00583594;90
106.471;0.00528696;90
96.1837;0.00602506;90
112.585;0.00502539;90
110.886;0.00516968;90
104.607;0.00557932;90
98.815;0.00595129;90
96.1799;0.00619601;90
99.9046;0.0058776;90
104.449;0.00565899;90
104.231;0.00569477;90
101.274;0.0063424;90
99.0637;0.00595435;90
88.8235;0.00633133;90
101.09;0.00561485;90
104.474;0.00552537;90
101.662;0.00594165;90
107.049;0.00549132;90
110.484;0.00514642;90
112.785;0.00503271;90
116.124;0.00487835;90
139.664;0.00358275;90
141.215;0.00351376;90
141.201;0.00360684;90
140.598;0.00354466;90
126.243;0.00427766;90
126.009;0.00415367;90
125.958;0.00427454;90
140.277;0.00353638;90
127.388;0.00405137;90
134.104;0.00406778;90
126.371;0.00424616;90
137.129;0.00361723;90
117.997;0.00468871;90
124.701;0.00435452;90
131.998;0.00392913;90
131.778;0.00387541;90
124.926;0.00424444;90
131.313;0.00416712;90
132.106;0.00393583;90
132.293;0.00404209;90
164.176;0.00311713;90
-159.993;0.00321503;90
172.731;0.00300314;90
130.108;0.00407931;90
148.825;0.00343857;90
129.017;0.0041315;90
112.532;0.00531578;90
122.628;0.00460702;90
136.025;0.00387415;90
143.613;0.00372533;90
143.791;0.00352103;90
125.273;0.00434829;90
126.125;0.00430836;90
134.381;0.00405762;90
132.622;0.0040906;90
126.428;0.00417472;90
136.674;0.00384901;90
131.855;0.00385317;90
124.121;0.00442109;90
140.466;0.00364474;90
131.518;0.00408684;90
115.329;0.00510032;90
113.368;0.00516352;90
116.628;0.00491086;90
123.429;0.00444541;90
109.783;0.00552508;90
102.922;0.00595174;90
102.751;0.00592615;90
102.865;0.00628784;90
103.787;0.00597104;90
98.1977;0.00623471;90
88.7008;0.00657169;90
80.5195;0.00620475;90
82.8133;0.00621886;90
88.2062;0.00645316;90
89.0992;0.00636079;90
88.9535;0.00646108;90
88.1467;0.0064934;90
89.3008;0.00590044;90
93.8253;0.00508132;90
88.3914;0.00527208;90
88.714;0.00392099;90
90.8559;0.00328037;90
97.5189;0.00350009;90
109.637;0.00179435;90
99.6651;0.00320449;90
100.128;0.00386117;90
97.4577;0.00469976;90
111.027;0.00432821;90
97.3249;0.00547468;90
106.501;0.00443256;90
159.342;0.00308966;90
159.808;0.00318686;90
159.586;0.00329706;90
160.241;0.00328332;90
153.195;0.00341495;90
155.945;0.00328749;90
149.425;0.00346006;90
144.561;0.00370796;90
149.517;0.0033512;90
146.927;0.003555;90
139.906;0.00381964;90
122.905;0.00465715;90
115.567;0.00518802;90
102.789;0.00592704;90
111.03;0.00537822;90
125.446;0.0048609;90
127.783;0.00439056;90
128.407;0.00424953;90
119.924;0.00486913;90
114.612;0.00509269;90
104.331;0.00593468;90
118.111;0.00484106;90
133.393;0.00405968;90
141.739;0.00368189;90
136.813;0.00379907;90
119.407;0.00492451;90
130.101;0.00422271;90
153.528;0.00332012;90
-178.537;0.00313302;90
149.028;0.0034394;90
143.804;0.00369146;90
141.793;0.00371861;90
141.16;0.00368338;90
140.141;0.00410358;90
126.425;0.00432493;90
111.586;0.00544165;90
102.55;0.00602394;90
102.941;0.00616662;90
105.619;0.00579396;90
108.987;0.00561552;90
113.459;0.00523248;90
120.891;0.00469615;90
143.527;0.00366729;90
136.964;0.00394019;90
129.251;0.00424987;90
136.133;0.00396835;90
157.38;0.003302;90
149.839;0.00362241;90
125.927;0.00466803;90
131.378;0.00426459;90
138.996;0.00394747;90
125.461;0.00460399;90
118.587;0.00550057;90
118.369;0.00511419;90
130.13;0.00431478;90
127.453;0.00448443;90
124.213;0.00468103;90
152.422;0.00354249;90
118.583;0.00507903;90
114.277;0.00535339;90
136.308;0.00396649;90
140.986;0.00381087;90
123.806;0.00477903;90
145.477;0.00374074;90
164.61;0.0033159;90
138.737;0.00392714;90
119.286;0.00480402;90
117.613;0.00513487;90
111.636;0.00515307;90
99.6451;0.00567015;90
110.363;0.00554661;90
122.784;0.00461513;90
119.111;0.00485303;90
103.812;0.00619926;90
106.809;0.00597531;90
135.202;0.00401639;90
150.806;0.00358775;90
139.332;0.00391299;90
153.74;0.00352588;90
171.294;0.0032373;90
-172.827;0.0032837;90
-176.479;0.00325615;90
179.122;0.00326238;90
170.931;0.00322937;90
147.889;0.00389603;90
136.509;0.00405384;90
114.775;0.00529759;90
112.384;0.00556966;90
112.698;0.00551731;90
120.005;0.00491927;90
152.847;0.00352781;90
145.923;0.00369439;90
134.036;0.00415908;90
117.919;0.00503614;90
116.283;0.00526422;90
123.883;0.00462428;90
152.121;0.00350931;90
159.718;0.00334648;90
148.272;0.003727;90
158.13;0.00343629;90
140.857;0.0038178;90
125.947;0.0046198;90
126.323;0.00492622;90
141.839;0.00378876;90
158.792;0.00331447;90
146.843;0.00378655;90
146.147;0.00369792;90
131.396;0.00425246;90
128.119;0.00448567;90
139.022;0.00401211;90
129.914;0.00431549;90
124.258;0.00473072;90
134.793;0.00411468;90
127.081;0.00456263;90
130.229;0.00433545;90
139.286;0.0039553;90
140.841;0.00391152;90
151.903;0.00354588;90
144.995;0.00374799;90
139.402;0.00425661;90
127.103;0.00442604;90
119.8;0.00512698;90
115.931;0.00521617;90
118.133;0.00500083;90
118.383;0.00516031;90
118.263;0.00513179;90
118.682;0.00506099;90
131.767;0.00425011;90
133.791;0.00415588;90
122.471;0.00482421;90
122.464;0.00484753;90
122.361;0.0047828;90
121.845;0.00485004;90
106.673;0.00631552;90
94.231;0.00662806;90
97.9238;0.0064415;90
109.227;0.00553894;90
105.113;0.00577992;90
97.9715;0.00612923;90
96.5847;0.00639217;90
96.6756;0.00626246;90
97.0697;0.0064188;90
101.167;0.00620651;90
104.699;0.00593524;90
109.704;0.00555527;90
106.755;0.00589006;90
98.5412;0.00626852;90
96.2393;0.00645926;90
101.472;0.00623456;90
108.108;0.00553408;90
101.064;0.00639894;90
94.2601;0.00687901;90
94.106;0.00639642;90
91.8307;0.00632323;90
96.0959;0.00621514;90
106.728;0.00570127;90
121.814;0.00456597;90
140.47;0.00372361;90
143.476;0.00364607;90
136.77;0.00386901;90
125.595;0.00427966;90
117.012;0.0050398;90
111.102;0.00547731;90
117.01;0.00483766;90
120.499;0.00465394;90
115.275;0.00496533;90
109.041;0.00510958;90
104.886;0.00456211;90
107.889;0.00533912;90
105.661;0.00591976;90
103.853;0.00623126;90
107.244;0.00584262;90
101.239;0.00630082;90
97.2043;0.00645093;90
101.266;0.00640339;90
90;0.00685;90
94.6686;0.00651161;90
94.1683;0.0066175;90
79.4895;0.00625495;90
49.0157;0.00425096;90
45.5667;0.00414668;90
75.124;0.00599079;90
83.479;0.00661278;90
84.1084;0.00661494;90
89.2089;0.00717068;90
93.1751;0.00668025;90
93.2254;0.00670061;90
95.2812;0.00663818;90
98.399;0.00644917;90
98.3137;0.00648717;90
95.6236;0.00662288;90
92.7146;0.00675658;90
88.8971;0.00670224;90
86.1126;0.00675554;90
63.8578;0.00509077;90
59.9266;0.00491111;90
82.3042;0.00654899;90
89.8365;0.00666003;90
98.651;0.00636239;90
107.827;0.00634357;90
103.943;0.00614198;90
101;0.00633641;90
100.851;0.00636378;90
100.966;0.00637644;90
100.984;0.00638702;90
99.2486;0.00643363;90
105.896;0.00594744;90
108.678;0.00574243;90
117.641;0.0052378;90
117.414;0.00519317;90
117.257;0.0051071;90
117.699;0.00447257;90
117.641;0.00390576;90
135.875;0.00226937;90
170.284;0.0018962;90
-170.225;0.00270934;90
-178.61;0.00247273;90
175.587;0.00245628;90
179.303;0.00254819;90
158.851;0.00257762;90
163.261;0.00222216;90
167.354;0.00200976;90
151.841;0.00226736;90
150.544;0.00221653;90
149.068;0.00217889;90
143.788;0.00175872;90
134.013;0.000780054;90
133.409;0.00203725;90
122.602;0.00227912;90
118.176;0.00260918;90
144.914;0.00213984;90
130.46;0.0029572;90
132.093;0.00281649;90
145.519;0.00249056;90
142.504;0.00287497;90
136.172;0.00314658;90
129.21;0.00351173;90
118.781;0.00415191;90
117.264;0.00457981;90
120.743;0.00401413;90
125.066;0.0038241;90
125.097;0.00402112;90
115.102;0.00445033;90
131.157;0.00333373;90
148.081;0.00317745;90
141.385;0.00317267;90
140.604;0.00313545;90
136.046;0.00298237;90
122.869;0.00321343;90
127.215;0.00315306;90
135.387;0.00303285;90
140.302;0.00306854;90
138.898;0.00345301;90
134.392;0.00412832;90
137.224;0.00406397;90
118.099;0.00504459;90
128.423;0.00437681;90
120.379;0.00500871;90
116.974;0.00550936;90
116.811;0.00521009;90
116.919;0.00521506;90
117.104;0.00513379;90
112.194;0.00556208;90
110.632;0.00564186;90
106.177;0.00557057;90
122.869;0.00482195;90
118.628;0.00505724;90
118.08;0.00505618;90
118.129;0.005114;90
117.043;0.00514224;90
116.16;0.00519183;90
115.556;0.00533161;90
114.248;0.00528636;90
111.015;0.00602044;90
93.2579;0.00651052;90
89.6716;0.00663011;90
97.2774;0.00662335;90
95.8756;0.00656449;90
95.006;0.00663531;90
97.5285;0.00646473;90
100.915;0.00628469;90
101.149;0.00627849;90
103.633;0.00610089;90
109.125;0.00583293;90
114.95;0.00542641;90
116.232;0.00522846;90
111.62;0.00556123;90
106.106;0.00638042;90
106.587;0.00585358;90
112.336;0.00547045;90
128.157;0.00445112;90
132.6;0.00423858;90
132.218;0.00423986;90
132.195;0.00430578;90
121.301;0.0048101;90
107.28;0.00579036;90
103.788;0.00620994;90
108.927;0.00574038;90
116.416;0.00516981;90
125.75;0.00458368;90
107.822;0.00581924;90
102.029;0.00671751;90
102.136;0.0061883;90
101.443;0.00634614;90
99.0812;0.00644984;90
99.073;0.00641122;90
98.9764;0.00635787;90
104.232;0.00609714;90
112.878;0.00553544;90
112.722;0.00543155;90
112.967;0.00538702;90
108.698;0.00579588;90
102.557;0.00635194;90
107.714;0.00567927;90
107.352;0.00597176;90
107.615;0.00581255;90
107.451;0.00583874;90
99.8202;0.0130807;90
93.085;0.00667067;90
94.9758;0.00659485;90
101.755;0.00617961;90
94.0708;0.00660667;90
88.2894;0.00663296;90
88.536;0.0067322;90
92.2998;0.0064542;90
103.655;0.00572275;90
118.083;0.00486247;90
123.279;0.00479662;90
128.421;0.00450565;90
132.309;0.00448801;90
119.233;0.00492872;90
109.177;0.00575962;90
109.205;0.00571823;90
113.875;0.00518355;90
132.681;0.00398427;90
135.094;0.00388273;90
157.245;0.0113754;90
152.171;0.00188502;90
149.591;0.000513662;90
88.153;0.0030716;90
83.0799;0.00367679;90
91.1951;0.0225349;90
87.9485;0.00469301;90
90.9588;0.00478067;90
91.5635;0.0040315;90
92.9232;0.00329429;90
135.707;0.00177568;90
18.6632;0.000793738;90
86.52;0.0035255;90
97.9666;0.00570001;90
96.5978;0.00537862;90
97.1086;0.00302223;90
87.9349;0.0047731;90
90.1829;0.00595203;90
95.7723;0.00572704;90
103.05;0.00559346;90
110.794;0.00509274;90
111.7;0.00525222;90
112.031;0.00532913;90
112.208;0.0052386;90
117.743;0.00491502;90
109.797;0.0054416;90
103.988;0.00579175;90
103.976;0.0064922;90
104;0.00616307;90
104.809;0.0060603;90
116.223;0.00516228;90
138.924;0.00392658;90
134.414;0.00421387;90
136.711;0.00402523;90
138.164;0.00395806;90
133.736;0.00416587;90
130.205;0.00437321;90
130.498;0.00386495;90
128.167;0.0035245;90
112.351;0.00541698;90
111.322;0.00561321;90
111.317;0.00596939;90
111.85;0.00547319;90
123.744;0.00473825;90
126.584;0.00453186;90
126.686;0.00455282;90
126.699;0.00456482;90
126.722;0.00450381;90
124.492;0.00469544;90
110.291;0.00556537;90
101.354;0.00639515;90
100.758;0.00620913;90
100.798;0.00625067;90
100.784;0.00630128;90
100.886;0.00636453;90
102.756;0.00625437;90
103.547;0.0064803;90
103.327;0.00615578;90
103.393;0.00609579;90
103.479;0.00531542;90
103.71;0.0038816;90
103.23;0.00401557;90
94.0938;0.00448244;90
91.1584;0.00455093;90
90.9437;0.00601082;90
92.4604;0.00675523;90
95.2244;0.00657833;90
95.6165;0.00666198;90
102.301;0.00623311;90
104.291;0.00599554;90
99.8803;0.00676027;90
97.577;0.00644629;90
102.883;0.00614467;90
103.621;0.00615305;90
99.8564;0.00626243;90
98.8938;0.00634529;90
98.5295;0.00653326;90
98.6361;0.00645317;90
98.7597;0.00643506;90
98.9493;0.00649912;90
98.7047;0.00640275;90
96.8801;0.00652801;90
85.8254;0.00660753;90
80.1894;0.00622097;90
84.1204;0.00644289;90
96.0077;0.00688883;90
98.7139;0.00634322;90
91.4385;0.00669211;90
81.2315;0.00643521;90
76.9608;0.00588165;90
76.9799;0.00489587;90
73.0621;0.0048295;90
76.7902;0.00490992;90
78.4274;0.00513437;90
82.6201;0.00546527;90
84.9718;0.0054309;90
85.2153;0.012624;90
95.453;0.00641905;90
109.632;0.00554215;90
123.82;0.00488692;90
107.961;0.00573973;90
107.48;0.0054832;90
117.562;0.00506367;90
111.106;0.00538203;90
109.429;0.00565184;90
107.511;0.0058826;90
103.372;0.00610552;90
104.885;0.00478042;90
109.339;0.00422754;90
111.574;0.0040766;90
125.555;0.00299919;90
130.089;0.00150317;90
125.875;0.00223374;90
123.982;0.00320787;90
131.44;0.00140065;90
151.711;0.00130824;90
143.958;0.00171658;90
170.641;0.00190637;90
-149.778;0.00166882;90
-116.532;0.0038684;90
-112.341;0.0044749;90
-113.819;0.00479874;90
-128.227;0.00413716;90
-150.306;0.00335105;90
-174.636;0.00278118;90
164.845;0.00286877;90
163.237;0.00242713;90
148.413;0.000725482;90
103.607;0.00369368;90
134.572;0.00369191;90
138.81;0.00394802;90
138.048;0.00394912;90
136.137;0.00402635;90
134.99;0.00394495;90
113.745;0.00471845;90
87.9595;0.00623495;90
83.6678;0.00632861;90
83.1289;0.00643623;90
83.9957;0.00642424;90
88.1171;0.00660457;90
92.2603;0.00755588;90
93.5743;0.00691345;90
93.432;0.00688234;90
94.6522;0.00700307;90
98.4897;0.00689556;90
99.5088;0.00648916;90
99.413;0.00648735;90
99.5211;0.00640828;90
100.641;0.00655269;90
104.79;0.00638142;90
106.305;0.0061264;90
107.573;0.00592551;90
115.429;0.00552641;90
119.571;0.00518542;90
119.848;0.00541884;90
119.778;0.00513851;90
125.315;0.00479176;90
147.391;0.00382256;90
158.962;0.0034821;90
158.417;0.00350688;90
158.348;0.00355051;90
158.769;0.00350703;90
139;0.00405453;90
123.569;0.00484865;90
134.713;0.00423562;90
127.409;0.00472101;90
128.895;0.00438134;90
117.753;0.00517537;90
103.963;0.00680095;90
98.0412;0.00665544;90
95.4675;0.00680094;90
106.69;0.00609685;90
130.67;0.00449589;90
149.216;0.0036538;90
167.692;0.00337763;90
168.063;0.00338419;90
163.744;0.00350096;90
153.349;0.00358934;90
118.86;0.00513813;90
105.456;0.00626662;90
107.048;0.00597245;90
113.613;0.00560969;90
115.052;0.00592765;90
114.499;0.00548372;90
107.198;0.00605053;90
103.049;0.00633355;90
101.981;0.00635852;90
95.8952;0.00679594;90
94.5706;0.00680163;90
97.8924;0.00661264;90
98.3467;0.00662012;90
98.4534;0.00659161;90
96.521;0.00668324;90
93.5067;0.00693198;90
93.5315;0.00662358;90
103.656;0.00665823;90
115.706;0.00524954;90
121.291;0.00345215;90
135.33;0.00233278;90
135.55;0.00287028;90
126.937;0.003428;90
131.47;0.00354863;90
147.152;0.00319126;90
126.722;0.00388001;90
113.636;0.00481383;90
131.6;0.00395828;90
147.534;0.00342772;90
147.927;0.003597;90
148.586;0.00333832;90
140.247;0.00364201;90
119.349;0.00442951;90
111.676;0.0049059;90
113.672;0.0046077;90
137.566;0.00315828;90
130.476;0.00332599;90
131.38;0.0035837;90
129.092;0.0038537;90
117.429;0.00631716;90
120.927;0.00398683;90
122.226;0.00607956;90
121.671;0.00312546;90
138.412;0.00331443;90
136.881;0.0049128;90
113.133;0.00524359;90
98.8829;0.00627527;90
91.7357;0.0103337;90
106.576;0.0068841;90
121.458;0.00413704;90
135.123;0.00428578;90
134.96;0.0030441;90
134.421;0.00384898;90
133.67;0.00420418;90
129.251;0.00743302;90
118.907;0.0067626;90
120.58;0.00806113;90
118.932;0.00652997;90
115.115;0.00533876;90
114.715;0.0050991;90
126.519;0.00780055;90
113.413;0.00600219;90
106.813;0.00373045;90
110.937;0.00290479;90
104.422;0.00335265;90
114.127;0.00215528;90
110.119;0.00251763;90
130.645;0.00326849;90
-145.996;0.00162003;90
-133.531;0.00289655;90
-171.617;0.00195489;90
-76.2411;0.00245546;90
-61.3457;0.00291956;90
-82.6103;0.003732;90
-88.0251;0.00377224;90
-89.7303;0.00403604;90
-53.8314;0.000686251;90
-95.2938;0.010546;90
-45;0.000933381;90
-54.4623;0.000688186;90
47.1913;0.00371715;90
65.5064;0.00200438;90
46.8873;0.000987657;90
117.357;0.0010032;90
118.953;0.0014274;90
106.721;0.00100447;90
103.997;0.00107492;90
105.718;0.00152087;90
124.364;0.00134469;90
128.44;0.00138652;90
131.282;0.000948812;90
89.6569;0.00200404;90
95.5549;0.0020868;90
92.2258;0.00236879;90
95.9331;0.00335698;90
111.527;0.00248537;90
123.601;0.0015992;90
110.371;0.00116059;90
159.843;0.00112596;90
98.718;0.00201225;90
102.128;0.00201804;90
162.957;0.000494726;90
130.027;0.000628154;90
131.167;0.000846178;90
119.853;0.0114711;90
118.837;0.00145548;90
94.1363;0.00169141;90
139.206;0.00122447;90
77.114;0.000869908;90
71.0787;0.000931324;90
-108.593;0.00148659;90
-83.8373;0.00103398;90
-21.4902;0.000717909;90
-95.0088;0.00139734;90
-42.6039;0.000828747;90
-47.9599;0.000643619;90
-38.3434;0.000622206;90
-66.0301;0.000790142;90
-39.2787;0.0011278;90
-56.6835;0.0014037;90
-38.0039;0.00081856;90
-63.9383;0.00111987;90
-86.2473;0.000993129;90
-85.2197;0.00113997;90
-65.5852;0.000977403;90
-55.5131;0.000957228;90
-69.0144;0.00110853;90
-66.6045;0.00722282;90
0;0.000901;90
-63.5521;0.00153126;90
-58.7266;0.00199953;90
-66.7206;0.00130309;90
-85.9144;0.00353699;90
-87.3004;0.0015287;90
-82.9466;0.00158802;90
-88.408;0.00190774;90
-92.0224;0.00204027;90
-90.074;0.003097;90
-93.2136;0.00272929;90
-94.3668;0.00220641;90
-103.914;0.00102714;90
-123.206;0.00101708;90
-107.369;0.00134325;90
-53.733;0.00140648;90
-34.1827;0.00103234;90
-56.5203;0.000906386;90
97.6296;0.00704235;90
85.9032;0.0036393;90
88.6173;0.0037711;90
92.2668;0.00384301;90
93.0822;0.00390565;90
103.754;0.0034489;90
122.963;0.00277705;90
38.0927;0.00184622;90
45.2511;0.00354971;90
4.68399;0.00244918;90
-62.0791;0.00378001;90
40.4677;0.00232659;90
71.3015;0.00495028;90
93.4276;0.00567014;90
104.691;0.00537057;90
104.505;0.00569759;90
104.913;0.00586762;90
116.205;0.00469226;90
130.924;0.00300432;90
146.746;0.000729452;90
100.071;0.00126956;90
-14.9622;0.00120071;90
8.99825;0.00127874;90
78.5334;0.0025101;90
79.0499;0.00231108;90
95.8288;0.00188072;90
-169.203;0.00085412;90
146.213;0.00196004;90
34.0763;0.00308587;90
45.8775;0.000969557;90
19.3386;0.000501283;90
41.4038;0.000890587;90
60.1872;0.000836739;90
79.1189;0.000969429;90
75.608;0.000937418;90
22.5652;0.00153231;90
79.3884;0.00173772;90
49.1709;0.000845819;90
-38.1076;0.000712966;90
-30.8081;0.000568177;90
-44.5666;0.00186964;90
45.5595;0.000724112;90
-67.6719;0.00161617;90
-8.35126;0.00102588;90
63.4545;0.00131347;90
72.428;0.0012388;90
-167.186;0.000500465;90
-138.102;0.000666364;90
-155.311;0.000696685;90
91.5944;0.000970376;90
63.4649;0.000855073;90
88.4846;0.0017016;90
114.246;0.000862039;90
-50.9027;0.000797603;90
90.7777;0.0011051;90
50.1556;0.000755418;90
88.6186;0.00381611;90
169.745;0.000713395;90
-178.983;0.00050708;90
-86.0719;0.00126998;90
-140.906;0.000618466;90
-57.8666;0.00147022;90
-174.873;0.000995984;90
-91.8634;0.00116862;90
-154.765;0.00071305;90
-147.598;0.00101147;90
115.92;0.00158994;90
-165.086;0.00147261;90
175.766;0.000799181;90
-150.512;0.00055258;90
172.466;0.000503346;90
-137.028;0.000839154;90
-121.007;0.00159957;90
-95.9297;0.00166491;90
-44.3285;0.0011463;90
-113.605;0.00190544;90
-126.456;0.00132783;90
-109.182;0.00143042;90
-89.6014;0.00115003;90
-157.098;0.00101501;90
104.485;0.000835561;90
-95.8778;0.00201158;90
-95.3328;0.00123736;90
-60.0883;0.000681822;90
7.19872;0.00115712;90
-82.254;0.00107582;90
-98.3401;0.00297142;90
-90.9968;0.00109217;90
-113.511;0.00247661;90
143.614;0.00113784;90
-157.691;0.000482084;90
-55.2534;0.00267744;90
-59.784;0.00479671;90
-72.7447;0.0054681;90
-75.0797;0.00565879;90
-78.8972;0.0118243;90
-93.6039;0.00181359;90
-109.715;0.00275978;90
-121.476;0.00285745;90
-109.356;0.00143618;90
131.914;0.00179937;90
115.472;0.00276697;90
175.257;0.002044;90
-147.21;0.00511857;90
-82.4223;0.00178963;90
-59.5491;0.00337214;90
-85.0036;0.00801445;90
-87.568;0.00315784;90
-93.2323;0.00175579;90
-95.622;0.00444036;90
-105.034;0.00370481;90
-76.458;0.00134952;90
-48.8641;0.00247626;90
101.448;0.00578407;90
-0.739743;0.00534445;90
43.4893;0.00163611;90
72.5798;0.00283922;90
101.483;0.00162758;90
157.352;0.00300469;90
-111.34;0.000829899;90
153.276;0.000965091;90
84.3796;0.00101086;90
78.7387;0.0076197;90
111.317;0.00142768;90
117.901;0.00314566;90
129.375;0.00231561;90
135.996;0.00211598;90
-178.83;0.00146931;90
113.034;0.00151042;90
150.351;0.00266836;90
150.186;0.00245378;90
146.766;0.000766343;90
97.0671;0.00356005;90
83.2992;0.0018597;90
68.6114;0.000773255;90
-66.182;0.00153033;90
-72.7081;0.00175953;90
-121.843;0.00284876;90
-166.893;0.000837828;90
170.834;0.00282507;90
-165.628;0.00157117;90
-156.333;0.00149471;90
-176.782;0.00142525;90
130.529;0.00119724;90
107.777;0.0025613;90
173.297;0.000522572;90
-104.342;0.00181662;90
-4.69495;0.00858882;90
59.6395;0.00329021;90
88.2405;0.00123758;90
7.5179;0.00108533;90
-75.8747;0.0015612;90
-69.913;0.000800705;90
-125.968;0.00263053;90
-38.4665;0.00268464;90
-29.7389;0.00235864;90
-28.2977;0.00128677;90
-76.3496;0.00144069;90
27.367;0.00102243;90
-33.1704;0.00159011;90
-44.503;0.00171197;90
-49.8702;0.00167411;90
-58.4417;0.00198332;90
-65.4263;0.00226516;90
-71.5651;0.0024982;90
-76.7917;0.00275282;90
-76.8967;0.00181732;90
-126.378;0.000745227;90
-133.747;0.00135797;90
-121.932;0.00124783;90
-139.88;0.00107233;90
-58.0395;0.00500817;90
87.6758;0.00143018;90
-52.0691;0.00341299;90
-149.54;0.000526693;90
165.603;0.00134731;90
136.908;0.000955831;90
-143.708;0.00212031;90
-170.121;0.0021915;90
159.12;0.00188264;90
86.382;0.00206011;90
85.7574;0.00377133;90
89.5159;0.00402414;90
92.9874;0.00402948;90
93.2059;0.0040233;90
111.995;0.00328943;90
117.736;0.00245169;90
128.014;0.0015231;90
150.406;0.0026324;90
148.296;0.00237665;90
158.853;0.00188493;90
175.28;0.00195664;90
-170.952;0.000953868;90
92.2659;0.00278218;90
108.585;0.00168803;90
131.236;0.00107713;90
131.455;0.000800562;90
118.664;0.0010257;90
82.3876;0.00212876;90
-43.7329;0.000607553;90
-66.5244;0.00896177;90
-15.1958;0.00228903;90
-29.9816;0.00276153;90
-29.8989;0.00322988;90
-26.0535;0.000500899;90
-78.0663;0.00144115;90
-57.331;0.00291042;90
-78.3398;0.00384944;90
-87.0238;0.00427577;90
-88.8125;0.00439094;90
-78.2709;0.00107239;90
-96.1152;0.00705917;90
-98.7762;0.00304768;90
82.7475;0.0089748;90
165.478;0.00100098;90
99.6306;0.00307838;90
81.4765;0.00156529;90
-84.8757;0.00576604;90
-104.098;0.00203221;90
-104.194;0.00149669;90
-62.806;0.00171114;90
-111.107;0.0018855;90
-63.5186;0.00153171;90
-51.7809;0.000832431;90
-50.216;0.00101892;90
122.515;0.00344736;90
64.3763;0.00215049;90
84.7586;0.00243016;90
84.9008;0.0038141;90
84.5202;0.000963403;90
92.5852;0.00254959;90
90.4057;0.00268307;90
96.9431;0.00210947;90
92.3832;0.00257323;90
96.5724;0.00253365;90
121.567;0.00140019;90
127.506;0.00145849;90
100.392;0.00135828;90
126.137;0.00268942;90
103.554;0.00175796;90
109.434;0.00103391;90
156.704;0.000697895;90
-65.4062;0.00547356;90
-50.4211;0.00119754;90
-64.3677;0.00118125;90
-63.4498;0.00172267;90
-66.5128;0.00140762;90
-81.2781;0.00143762;90
-87.9799;0.001617;90
-85.4443;0.00187593;90
-85.5251;0.00253774;90
-89.683;0.00271104;90
-90.7041;0.00309223;90
-98.5535;0.00174137;90
-93.5751;0.00293471;90
-109.879;0.00117927;90
-108.619;0.00118396;90
-117.37;0.000796119;90
-61.0443;0.00157601;90
-46.2103;0.00180777;90
102.782;0.00465537;90
86.969;0.00281794;90
86.2022;0.00609939;90
91.9894;0.00394638;90
93.1548;0.00381578;90
99.1159;0.00353464;90
123.814;0.00294879;90
112.301;0.00212926;90
149.967;0.00295703;90
149.021;0.00260335;90
154.283;0.00087574;90
169.792;0.00265198;90
-171.106;0.00129355;90
100.784;0.00128265;90
77.559;0.00332815;90
74.3693;0.00267596;90
74.7228;0.00227333;90
74.965;0.00178097;90
74.2225;0.002203;90
125.538;0.00172047;90
130.738;0.00163653;90
130.663;0.00100059;90
131.721;0.00174304;90
-49.0383;0.00610476;90
-49.7198;0.00207107;90
-99.5191;0.00182614;90
-52.9457;0.00167781;90
-68.1986;0.000915478;90
-105.499;0.00224152;90
-95.8343;0.00322671;90
-88.2086;0.00243119;90
-42.5085;0.00180554;90
-29.4792;0.00262138;90
-29.0546;0.00197676;90
-70.6777;0.00251147;90
-58.3425;0.00247885;90
-81.7367;0.00352762;90
-86.9789;0.00362404;90
-87.9713;0.0036723;90
-91.8722;0.00361193;90
-94.3289;0.00359024;90
-104.816;0.00320662;90
-95.8846;0.00163863;90
-36.5718;0.00119162;90
-48.1639;0.00112743;90
133.498;0.00199614;90
86.0509;0.00304924;90
9.34056;0.000696231;90
4.74352;0.00425658;90
37.5773;0.00119869;90
58.4623;0.00112989;90
95.2426;0.0012914;90
-83.8496;0.0016334;90
64.3545;0.0027865;90
105.872;0.00407329;90
138.081;0.000815766;90
-126.17;0.00242298;90
-140.152;0.0010394;90
40.7468;0.000982047;90
53.6765;0.00287333;90
93.9205;0.00239861;90
102.154;0.00155792;90
108.507;0.0027787;90
114.291;0.00229959;90
118.821;0.00140847;90
123.894;0.00248896;90
138.808;0.000851823;90
160.416;0.00269702;90
115.549;0.00171578;90
151.713;0.00229166;90
147.699;0.00378583;90
95.9271;0.00421252;90
39.3129;0.00137005;90
-73.0814;0.00267686;90
139.679;0.0022625;90
-86.8202;0.003245;90
-49.1116;0.0016667;90
-30.2793;0.00234027;90
-29.4474;0.00205442;90
-64.7644;0.00150349;90
12.2005;0.00113565;90
-38.9193;0.00206932;90
-45.2212;0.00183142;90
-55.0525;0.00211059;90
-62.7904;0.00222637;90
-69.1808;0.00259975;90
-76.1282;0.00295725;90
-79.3952;0.00261364;90
-133.454;0.00131004;90
-135.769;0.00115976;90
-121.882;0.00117766;90
-3.82254;0.00315001;90
-88.7127;0.0035609;90
-149.961;0.00115862;90
92.4177;0.0013512;90
-75.5993;0.00110574;90
-107.668;0.000968692;90
-144.63;0.00218535;90
-162.46;0.00206395;90
162.459;0.00184478;90
180;0.000515;90
-113.095;0.00267432;90
-51.5014;0.000999204;90
-45.0789;0.00102672;90
-50.3009;0.00103326;90
136.763;0.00278095;90
74.0917;0.00190808;90
72.6613;0.00289243;90
88.141;0.00422322;90
73.52;0.00125141;90
-94.5644;0.00575525;90
-98.8228;0.00159082;90
-102.494;0.00306458;90
-28.55;0.000529371;90
-54.7924;0.000827348;90
-50.6889;0.00111281;90
141.202;0.00298449;90
65.0067;0.00161415;90
29.833;0.00290266;90
-16.2849;0.00083448;90
28.2598;0.00350814;90
81.3462;0.00202708;90
-65.8503;0.00130523;90
76.1456;0.00259757;90
101.816;0.00335509;90
113.87;0.0010651;90
-137.664;0.0012324;90
-131.734;0.0026935;90
57.203;0.00128124;90
41.1349;0.0014791;90
52.1448;0.00152363;90
101.577;0.00454445;90
108.359;0.00142872;90
112.16;0.0036215;90
130.096;0.00396228;90
137.763;0.00115888;90
156.298;0.00162944;90
167.052;0.000638226;90
131.57;0.00165477;90
147.584;0.00523822;90
95.3613;0.00261142;90
85.4347;0.00292729;90
-65.5393;0.00310576;90
95.4846;0.00582768;90
120.32;0.000915174;90
123.323;0.00160367;90
82.1026;0.00177584;90
130.565;0.00188372;90
130.597;0.00159357;90
129.964;0.00120035;90
117.526;0.001387;90
74.5298;0.00221941;90
74.9875;0.00254796;90
103.768;0.00134876;90
128.66;0.00145991;90
-52.3678;0.00126271;90
-48.7634;0.000851071;90
-98.7144;0.00123425;90
-105.776;0.00148597;90
-56.0784;0.00157869;90
-50.2457;0.00200314;90
-96.7591;0.00135945;90
-104.412;0.00177588;90
-106.733;0.00162898;90
-105.218;0.00122288;90
-105.167;0.00164738;90
-105.017;0.00257805;90
-105.805;0.00281233;90
-100.562;0.00291336;90
-117.221;0.0014844;90
-158.565;0.00186071;90
173.774;0.000553263;90
134.45;0.00139943;90
107.103;0.00254347;90
176.895;0.000553813;90
-105.941;0.00166399;90
-84.583;0.0011652;90
-112.181;0.00151512;90
97.2174;0.00115414;90
73.6496;0.0107456;90
70.3133;0.00234507;90
77.0024;0.00285002;90
78.3579;0.00372156;90
-56.8791;0.00108893;90
-41.7158;0.000925709;90
50.5263;0.0020339;90
79.8147;0.00398683;90
131.907;0.00154657;90
-52.9496;0.00196841;90
-102.463;0.00356807;90
-103.679;0.0025668;90
-51.4106;0.0017796;90
-47.6095;0.00158415;90
-50.971;0.00184211;90
-73.4996;0.00102105;90
-101.761;0.00136874;90
-49.2679;0.00190032;90
-98.0759;0.00149482;90
-90.3499;0.00180103;90
-70.5161;0.00260837;90
-65.7126;0.00569395;90
-29.7946;0.00142888;90
-67.2404;0.00138808;90
10.0696;0.000915096;90
-31.5824;0.00179484;90
-44.5492;0.00206694;90
-54.6509;0.00236623;90
-62.9008;0.0023028;90
-69.6848;0.00250587;90
-75.6954;0.00279671;90
-77.7895;0.00255787;90
-128.418;0.00111041;90
-137.496;0.00116925;90
-119.384;0.00118207;90
-137.526;0.000962601;90
57.5324;0.00120897;90
46.1878;0.00266071;90
-4.40715;0.000520539;90
-77.9118;0.00368164;90
-98.7693;0.00320749;90
163.045;0.000514358;90
97.9207;0.00116108;90
-90.8004;0.00136013;90
-114.993;0.000994083;90
-145.151;0.00229083;90
-177.494;0.00208099;90
160.637;0.00160159;90
-114.781;0.00198256;90
-96.6544;0.00138936;90
-28.2174;0.000930591;90
-38.5069;0.000819134;90
-64.8394;0.00120426;90
96.7608;0.0074921;90
85.8582;0.00348911;90
72.5881;0.00177116;90
-93.1831;0.0115979;90
-49.4785;0.00116817;90
-47.1029;0.00329522;90
-19.4243;0.00100734;90
-4.31603;0.000478357;90
-34.5116;0.000967219;90
-5.76109;0.00101613;90
48.4385;0.000660212;90
50.4245;0.000605875;90
-47.8784;0.000887124;90
-41.9687;0.000922651;90
9.57915;0.00096749;90
-9.82234;0.00107272;90
-23.9415;0.000830452;90
-52.2086;0.000721293;90
-53.0089;0.0010404;90
-38.0773;0.00116746;90
-66.8648;0.00106897;90
-53.87;0.000820868;90
-58.5217;0.00133671;90
-54.6114;0.00138486;90
-77.2084;0.00120593;90
-106.881;0.000816168;90
-97.0809;0.0022552;90
-108.64;0.00132658;90
-98.1975;0.0016832;90
-91.2658;0.00140334;90
-107.895;0.0013766;90
-105.815;0.00114847;90
-83.1125;0.00101734;90
-104.562;0.00163864;90
-91.1729;0.000928194;90
-133.526;0.000797173;90
-95.1308;0.00171086;90
-98.7239;0.00176037;90
-95.3544;0.00126452;90
-100.091;0.00191767;90
-79.5349;0.003006;90
-85.35;0.00117186;90
-96.7837;0.00181168;90
-97.5815;0.00115207;90
-157.802;0.000857562;90
146.063;0.000836496;90
140.332;0.000639162;90
101.839;0.00206186;90
110.136;0.00105445;90
92.6614;0.00163677;90
94.0991;0.000909326;90
98.646;0.00243467;90
96.4717;0.00125097;90
77.624;0.00142307;90
87.3715;0.00100306;90
90;0.000933;90
116.873;0.00124998;90
133.183;0.000691191;90
132.721;0.00108485;90
159.374;0.000860136;90
132.566;0.00101561;90
132.665;0.00124979;90
154.04;0.000550551;90
135.065;0.00062579;90
168.056;0.000850412;90
119.785;0.00105888;90
-167.061;0.00069669;90
109.018;0.000994272;90
140.184;0.0006809;90
124.087;0.00072085;90
125.906;0.000975338;90
155.572;0.000599683;90
117.129;0.000953953;90
82.7607;0.00111892;90
87.7619;0.0011779;90
109.031;0.00152114;90
106.034;0.000883367;90
75.8885;0.000922849;90
73.5278;0.000821726;90
61.6742;0.00123713;90
61.2624;0.000754992;90
86.6933;0.00112688;90
86.4741;0.000991878;90
93.8078;0.00121969;90
118.734;0.0119962;90
177.036;0.000986319;90
-91.8528;0.0116601;90
-82.3345;0.00165681;90
6.39775;0.000879477;90
124.943;0.00172498;90
103.722;0.00119305;90
92.6391;0.00412638;90
88.4384;0.0040365;90
75.373;0.00312839;90
-39.4494;0.00350175;90
-44.1444;0.00255718;90
-41.0708;0.00131052;90
-46.7379;0.00111916;90
-50.4422;0.00103634;90
135.612;0.00833868;90
132.728;0.00338971;90
132.126;0.00341255;90
121.804;0.00374182;90
120.991;0.0035929;90
129.217;0.00296869;90
170.159;0.000994636;90
93.8058;0.00230508;90
90.577;0.00566029;90
90;0.00414;90
97.8999;0.00130236;90
110.037;0.00289525;90
71.8827;0.00325119;90
78.3171;0.00301241;90
71.4519;0.00192077;90
74.7699;0.00140847;90
122.127;0.00190111;90
-77.4093;0.00311491;90
-103.941;0.00232859;90
-105.708;0.0038747;90
-99.5829;0.00156179;90
-79.9297;0.00303678;90
-86.8779;0.0036354;90
-88.3517;0.0055623;90
-91.6408;0.00384158;90
-26.6831;0.00173698;90
-54.1835;0.00341598;90
-59.7293;0.00347361;90
-57.3746;0.0031346;90
-47.5562;0.00317099;90
-47.248;0.00311862;90
-46.9079;0.00312219;90
-44.8869;0.00250811;90
-35.8314;0.001247;90
-44.239;0.00111803;90
-53.6576;0.00104284;90
45.8598;0.00306282;90
75.9115;0.001064;90
70.2543;0.00117509;90
61.649;0.00100448;90
68.6742;0.000984405;90
134.413;0.000621579;90
112.816;0.00127908;90
108.276;0.00114159;90
108.324;0.000814288;90
115.137;0.000951072;90
94.6659;0.00121703;90
127.932;0.000701121;90
146.497;0.00178448;90
99.2798;0.00144491;90
92.4565;0.0019598;90
91.5392;0.00241987;90
93.5377;0.00388941;90
98.3513;0.00091571;90
112.167;0.00212291;90
127.396;0.00117565;90
102.532;0.00177427;90
165.579;0.00101188;90
104.907;0.00317589;90
110.33;0.00148234;90
139.384;0.00173891;90
-60.0661;0.00680359;90
-65.3371;0.00281587;90
-62.5512;0.00150774;90
-77.0303;0.00207186;90
-87.7468;0.00330656;90
-87.266;0.001761;90
-88.347;0.00169871;90
-87.6125;0.00156035;90
-91.4091;0.00280585;90
-94.2544;0.00411133;90
-94.8004;0.00168491;90
-109.05;0.00123779;90
-122.639;0.000786142;90
-108.776;0.00122098;90
-47.7328;0.00118646;90
-41.1948;0.000607329;90
-48.6848;0.000792183;90
-46.0809;0.00078715;90
-77.1577;0.012233;90
-29.7589;0.00050569;90
-58.8004;0.00220841;90
-61.1101;0.00158757;90
-92.5368;0.00094893;90
-75.7706;0.00158255;90
-50.795;0.00105047;90
-56.0203;0.00131688;90
-66.9895;0.00088002;90
-65.4988;0.000745094;90
-40.3447;0.00121103;90
-65.662;0.000805593;90
-70.0763;0.00139978;90
-58.6298;0.00169239;90
-67.5839;0.00147116;90
-61.8092;0.000740884;90
-69.6603;0.00192183;90
-95.4682;0.00136421;90
-92.4593;0.00123514;90
-79.7338;0.00212096;90
93.3131;0.00410085;90
97.0921;0.00129592;90
129.057;0.00112682;90
127.368;0.000942436;90
152.526;0.00056356;90
141.978;0.000547111;90
133.867;0.000858595;90
121.369;0.00116416;90
132.081;0.000638639;90
127.795;0.0015616;90
-178.717;0.00075919;90
127.027;0.0010196;90
133.438;0.000622485;90
133.894;0.000989427;90
141.557;0.000866927;90
168.203;0.000900009;90
150.661;0.000508183;90
112.93;0.00103694;90
144.766;0.00100881;90
129.33;0.00231153;90
125.983;0.00113694;90
87.1242;0.00213269;90
105.896;0.00143487;90
114.468;0.000782253;90
83.6411;0.00168839;90
71.2817;0.00134304;90
125.243;0.000859546;90
80.8122;0.00164713;90
79.9293;0.00126956;90
95.7106;0.00145723;90
92.8173;0.00164799;90
112.099;0.00128651;90
110.364;0.000977065;90
69.8627;0.00187353;90
-50.6679;0.000945072;90
-35.2906;0.000566015;90
-59.4434;0.000893016;90
101.376;0.00547557;90
84.9405;0.00315228;90
86.4856;0.00311586;90
89.3369;0.00362924;90
92.8995;0.00377583;90
93.4;0.003406;90
104.139;0.00298028;90
125.369;0.00236681;90
103.802;0.00142103;90
139.936;0.00198869;90
149.999;0.00299993;90
147.846;0.00142803;90
94.2892;0.00148416;90
91.0435;0.00334956;90
57.173;0.00101272;90
-69.8555;0.00218358;90
-75.4795;0.001033;90
95.5421;0.00592269;90
127.642;0.00189937;90
88.9105;0.00163029;90
116.691;0.00163189;90
130.67;0.0016388;90
130.818;0.00180368;90
121.654;0.00145201;90
74.6764;0.00256934;90
74.6648;0.00282457;90
73.0737;0.0020059;90
74.3685;0.00308407;90
78.0818;0.00269714;90
80.9738;0.00289383;90
81.6965;0.00261744;90
111.734;0.00188499;90
124.275;0.0031234;90
110.866;0.00385481;90
109.055;0.00256982;90
107.308;0.00456468;90
102.193;0.00610778;90
117.334;0.00546634;90
106.022;0.00638398;90
104.019;0.00651815;90
114.345;0.00564494;90
135.474;0.00444644;90
114.837;0.00576855;90
101.982;0.00655583;90
93.1826;0.00570981;90
86.9319;0.0036993;90
80.2278;0.00553227;90
80.1137;0.00562046;90
82.4447;0.00568132;90
86.0215;0.00632725;90
86.1206;0.00665124;90
96.4889;0.00621179;90
117.63;0.00517292;90
112.581;0.00539346;90
107.891;0.00536441;90
122.708;0.00381967;90
146.921;0.0032008;90
-165.844;0.00302176;90
-159.424;0.00296196;90
169.13;0.00285828;90
147.464;0.0031813;90
146.225;0.00318565;90
151.569;0.00306235;90
-178.154;0.00279345;90
-172.938;0.00259468;90
-174.781;0.00228648;90
-167.965;0.0022157;90
-166.837;0.00254692;90
-138.685;0.00316873;90
-116.4;0.00451375;90
-123.458;0.00541059;90
-120.585;0.00539684;90
-117.48;0.00540705;90
-127.896;0.00474576;90
-135.286;0.00411188;90
-146;0.00400222;90
-133.298;0.00426078;90
-113.983;0.00521086;90
-115.059;0.00342102;90
-144.637;0.00309627;90
178.366;0.0031913;90
162.22;0.00337311;90
161.5;0.00362429;90
164.11;0.00328347;90
146.567;0.00364275;90
131.627;0.00430242;90
120.636;0.00489413;90
113.133;0.00537083;90
112.952;0.00537994;90
126.483;0.0045931;90
129.765;0.00434775;90
132.093;0.00427997;90
135.06;0.00408001;90
127.58;0.00453375;90
121.436;0.004851;90
121.546;0.00481096;90
114.482;0.0052654;90
108.82;0.00564163;90
122.019;0.00484154;90
146.779;0.00368888;90
159.097;0.00342223;90
144.908;0.00378502;90
142.706;0.00402371;90
145.402;0.00374414;90
163.977;0.00336575;90
163.929;0.00332702;90
148.076;0.0036536;90
137.123;0.00400922;90
117.25;0.00516524;90
117.25;0.00504717;90
122.888;0.00473483;90
117.014;0.00514088;90
141.315;0.00360621;90
132.868;0.00283251;90
122;0.00330995;90
123.879;0.00344249;90
120.734;0.00398583;90
125.207;0.00382461;90
159.465;0.00256285;90
159.547;0.00239818;90
124.665;0.00351981;90
112.048;0.00486693;90
115.731;0.00525621;90
111.988;0.00592928;90
112.873;0.00589667;90
134.734;0.00426673;90
125.669;0.00476245;90
111.404;0.00356488;90
104.412;0.00151467;90
105.395;0.00283264;90
108.723;0.00308737;90
115.508;0.00385474;90
114.558;0.00492774;90
116.68;0.00469933;90
131.523;0.00392955;90
141.951;0.00348834;90
135.523;0.00395077;90
133.445;0.00388274;90
134.772;0.00373285;90
135.429;0.00377464;90
135.314;0.00399733;90
134.511;0.00348192;90
130.134;0.00263427;90
130.63;0.00363803;90
138.895;0.00351821;90
134.001;0.00401486;90
126.709;0.00455542;90
132.827;0.00410276;90
139.768;0.00340306;90
139.803;0.00380061;90
150.331;0.00363447;90
173.241;0.00316903;90
-164.849;0.00334011;90
177.381;0.00326041;90
140.941;0.0038326;90
141.553;0.00353174;90
159.05;0.00330017;90
143.334;0.00360042;90
128.991;0.0046678;90
130.005;0.00504315;90
130.764;0.00553338;90
121.577;0.00578446;90
131.884;0.00493087;90
138.067;0.00487683;90
147.287;0.00418;90
161.497;0.00290835;90
-125.591;0.00224056;90
-145.414;0.00278521;90
-153.73;0.00286712;90
-178.037;0.00265656;90
174.394;0.00180162;90
145.942;0.0019892;90
135;0.00242255;90
127.115;0.00242782;90
120.33;0.00257435;90
133.626;0.00194652;90
-140.952;0.00103655;90
-114.3;0.0020485;90
-112.957;0.00174088;90
53.4247;0.00451266;90
-44.981;0.00213617;90
-60.9204;0.00289492;90
-49.5511;0.00240609;90
-39.3232;0.00214457;90
-28.572;0.00190272;90
6.12158;0.00234437;90
1.93412;0.00237035;90
34.1145;0.00262103;90
36.2952;0.00253233;90
45.1434;0.00112996;90
-64.9315;0.00503421;90
-68.2071;0.00624642;90
-68.9902;0.00638444;90
-70.594;0.00653104;90
-70.4066;0.00650677;90
-70.4903;0.00652461;90
-70.5389;0.00648023;90
-71.5678;0.00661011;90
-77.3139;0.00707163;90
-78.1101;0.00707172;90
-77.9771;0.00701385;90
-80.4833;0.00727006;90
-81.9031;0.0073129;90
-81.3819;0.00778793;90
-77.6304;0.00710493;90
-80.0521;0.00717792;90
-85.593;0.00739186;90
-84.1595;0.00745872;90
-81.3072;0.00734437;90
-81.2762;0.00719322;90
-81.1668;0.00730666;90
-73.2348;0.00665278;90
-67.0054;0.00626913;90
-82.2373;0.00725549;90
-95.2924;0.00736138;90
-91.6146;0.00745296;90
-83.7776;0.00746397;90
-82.1364;0.00738949;90
-81.994;0.00561472;90
-80.7735;0.00423479;90
-74.2225;0.002203;90
-67.4302;0.00422346;90
-66.0351;0.00477131;90
-66.1725;0.00443829;90
-65.0575;0.00255864;90
-74.6138;0.00402527;90
-77.3931;0.0047741;90
-74.1128;0.00405489;90
-55.6197;0.00299282;90
-3.1813;0.00216233;90
-16.3697;0.00326433;90
-60.0126;0.00533404;90
-83.154;0.00697977;90
-83.9321;0.00718023;90
-75.7301;0.00677917;90
-66.1286;0.00600466;90
-63.9193;0.00597767;90
-64.3163;0.00604749;90
-64.0499;0.00608335;90
-64.2068;0.00604196;90
-64.3996;0.0061098;90
-71.2105;0.00664407;90
-76.0516;0.00664597;90
-76.172;0.00694117;90
-76.2646;0.00702078;90
-76.2175;0.0070644;90
-77.6191;0.00718715;90
-79.998;0.00781883;90
-80.346;0.0073227;90
-76.262;0.00708262;90
-65.6466;0.00623478;90
-48.7958;0.00473173;90
-44.2;0.00410233;90
-45.1929;0.00420024;90
-54.6581;0.00513783;90
-64.3142;0.00609087;90
-71.8353;0.0067041;90
-78.3938;0.00720736;90
-81.7825;0.00741614;90
-81.7102;0.0074074;90
-79.4506;0.00731362;90
-74.7797;0.00664301;90
-72.2588;0.00632059;90
-72.1371;0.00636693;90
-72.1332;0.00637863;90
-72.0902;0.00645163;90
-67.8136;0.00608017;90
-65.5871;0.00550192;90
-65.6022;0.00585374;90
-65.5919;0.00476486;90
-62.0212;0.00449542;90
-54.0283;0.00431233;90
-53.3128;0.00426482;90
-57.6562;0.00437946;90
-58.549;0.00417426;90
-58.2602;0.00329239;90
-59.4826;0.00257582;90
-60.6936;0.00243115;90
-72.8294;0.00186304;90
-125.154;0.00260517;90
-156.156;0.00225113;90
-90.598;0.00297016;90
-103.538;0.00184116;90
-69.6986;0.00173796;90
-53.0982;0.0078908;90
-48.6738;0.00199744;90
-48.1595;0.00232213;90
-55.2109;0.00231353;90
-32.8888;0.00206258;90
-52.9788;0.00174221;90
-61.707;0.00149795;90
-61.8541;0.00275588;90
-61.9973;0.0031373;90
-60.1417;0.00244448;90
-51.0756;0.00219801;90
-53.7549;0.0017607;90
-54.1343;0.002579;90
-24.9609;0.0014218;90
-78.7609;0.00317081;90
-62.9766;0.00279517;90
-51.2081;0.00169355;90
-56.3344;0.00194644;90
-54.2014;0.00290971;90
-50.9876;0.00296908;90
-37.273;0.00119383;90
-33.2332;0.00111304;90
-86.181;0.00388863;90
-64.7137;0.00501004;90
-64.2192;0.00450878;90
-63.8239;0.0022397;90
-43.4572;0.000814175;90
-105.815;0.00403264;90
-116.857;0.00263412;90
116.837;0.00188279;90
-128.395;0.00135248;90
-109.386;0.00876704;90
-86.7186;0.00225369;90
-142.32;0.00260286;90
-131.253;0.00343044;90
-127.959;0.00364006;90
-102.978;0.00417669;90
-159.567;0.00103406;90
83.8492;0.00270658;90
66.719;0.00118662;90
-112.554;0.00127231;90
-100.797;0.00142523;90
-67.2806;0.001727;90
1.24375;0.00308673;90
-8.19972;0.0023278;90
-28.8124;0.00158525;90
-27.5538;0.00225474;90
-16.6578;0.00265126;90
-7.04554;0.00277193;90
13.4973;0.00278492;90
13.8615;0.00166962;90
28.5042;0.00236577;90
41.0091;0.00213357;90
55.6461;0.00301611;90
71.9492;0.0028303;90
66.1135;0.00244983;90
81.7687;0.00104072;90
-60.88;0.00178571;90
-55.3861;0.00285541;90
-60.4947;0.00347003;90
-57.8301;0.00236275;90
-61.0484;0.0017828;90
-51.5497;0.00234949;90
-45.9255;0.00271423;90
-21.9972;0.00152178;90
63.4619;0.00380042;90
47.958;0.00311046;90
38.941;0.0030548;90
22.5423;0.00255631;90
32.568;0.00286086;90
70.2825;0.00278319;90
73.3787;0.0042266;90
72.2744;0.00401039;90
70.3462;0.00252723;90
79.6454;0.00329364;90
58.2383;0.00102206;90
-24.8807;0.00216053;90
-19.712;0.0019864;90
-22.3478;0.0020251;90
-30.0713;0.00287381;90
-17.6365;0.00254145;90
-10.4322;0.00281656;90
55.2943;0.00344246;90
84.338;0.00351716;90
83.4094;0.0025267;90
55.7888;0.00210406;90
-26.8819;0.00258762;90
-16.8327;0.00258997;90
-17.5123;0.00259214;90
-37.7403;0.00223826;90
29.1426;0.00158116;90
29.0462;0.00331607;90
53.4683;0.00426867;90
54.9101;0.00431408;90
54.0605;0.00435997;90
60.7951;0.00477729;90
72.4152;0.00539196;90
77.2002;0.00573245;90
75.0777;0.00404646;90
68.1166;0.00324373;90
38.5359;0.00274476;90
46.9046;0.00357428;90
63.1912;0.00441449;90
71.7691;0.00408506;90
66.9841;0.00411779;90
65.5379;0.0052404;90
80.1824;0.00575325;90
80.5431;0.00522197;90
66.8333;0.00448136;90
78.8959;0.00518711;90
87.064;0.00505664;90
86.217;0.00428935;90
73.5123;0.00415067;90
43.7546;0.00429457;90
45.3256;0.00410624;90
56.3373;0.00406096;90
72.0049;0.00453168;90
77.552;0.00469026;90
81.8817;0.00480818;90
85.6993;0.00493389;90
77.456;0.00491738;90
80.088;0.00494379;90
80.6959;0.00476266;90
83.1622;0.00455238;90
95.104;0.00441752;90
97.9372;0.00420024;90
92.2578;0.00454353;90
84.2881;0.00452145;90
80.9443;0.00419327;90
95.8591;0.00422206;90
89.3341;0.00456031;90
85.0278;0.00401511;90
83.2245;0.00422954;90
80.9731;0.00428305;90
81.0345;0.00462653;90
87.2037;0.00389464;90
88.5252;0.00536178;90
91.5899;0.00400054;90
90.9578;0.00293141;90
68.587;0.00109563;90
-16.7388;0.00194439;90
24.794;0.00169306;90
6.25931;0.00265986;90
-16.1074;0.00223473;90
89.4307;0.00312015;90
79.6143;0.00266262;90
-67.6422;0.00223718;90
-75.7871;0.00125852;90
-127.268;0.00247546;90
-49.5871;0.00135279;90
-32.0694;0.00237312;90
-29.1823;0.00174327;90
-29.3468;0.000856977;90
-71.7578;0.00131615;90
14.0104;0.00107395;90
-37.3789;0.00202608;90
-46.5243;0.00220625;90
-56.4655;0.00255413;90
-66.2018;0.0027979;90
-72.9617;0.00307496;90
-77.3541;0.00323856;90
-120.349;0.00159914;90
-129.837;0.00140649;90
-128.564;0.00139401;90
54.8728;0.0017362;90
44.7644;0.00154787;90
27.5528;0.000778267;90
-77.8717;0.00405041;90
-102.441;0.00303117;90
112.421;0.00146039;90
-35.7798;0.003301;90
-123.23;0.000932481;90
-148.864;0.00108302;90
147.724;0.00112361;90
129.198;0.000748418;90
-144.646;0.00155715;90
-153.128;0.00183405;90
171.697;0.00173115;90
157.635;0.00120894;90
86.4914;0.00274515;90
86.0616;0.0032176;90
66.9273;0.000836949;90
-97.3517;0.010222;90
-39.9375;0.000945555;90
-55.2863;0.00136617;90
-74.8997;0.0401213;90
136.652;0.000760456;90
113.507;0.000804789;90
101.991;0.00181459;90
124.202;0.000713373;90
84.6192;0.00114103;90
90;0.001153;90
98.2889;0.00214339;90
101.139;0.00157874;90
75.4572;0.000987644;90
88.074;0.00113064;90
90.8744;0.00150718;90
124.984;0.00119125;90
125.157;0.000682505;90
133.055;0.00122895;90
154.13;0.000847979;90
135.537;0.000603896;90
143.024;0.001079;90
130.575;0.000943973;90
151.294;0.000670394;90
162.399;0.000651498;90
111.84;0.00139513;90
-126.687;0.000939005;90
121.634;0.000865612;90
102.61;0.000993976;90
123.69;0.00133405;90
176.587;0.000722281;90
115.746;0.00128229;90
89.2736;0.00181415;90
101.895;0.00149919;90
113.764;0.00131772;90
69.4781;0.000981273;90
77.7319;0.00145421;90
-2.2782;0.000553437;90
78.4832;0.00141244;90
90;0.001037;90
86.9759;0.00159222;90
63.6295;0.000790231;90
81.0791;0.00351451;90
63.7261;0.00422443;90
72.9193;0.00133802;90
38.8005;0.00133576;90
109.997;0.00142703;90
119.944;0.00106981;90
101.859;0.00120676;90
109.809;0.00101507;90
105.892;0.00116866;90
103.705;0.00180231;90
175.697;0.000826329;90
110.2;0.00101652;90
136.551;0.000783761;90
93.4903;0.00149477;90
95.9648;0.00264633;90
93.0982;0.00260881;90
93.2864;0.00092452;90
93.7622;0.00249939;90
111.484;0.00190861;90
128.533;0.00168871;90
103.333;0.0010277;90
143.942;0.00125553;90
120.446;0.00130842;90
93.2847;0.00160564;90
110.464;0.00167041;90
158.282;0.000640464;90
129.453;0.000936351;90
131.385;0.000785036;90
-67.3203;0.0164142;90
-88.6538;0.00161745;90
-93.7992;0.00102626;90
-83.5348;0.00101244;90
-86.4812;0.00130346;90
-94.1726;0.00136061;90
-17.9089;0.000757714;90
-40.7331;0.00117848;90
-52.5153;0.000708241;90
-85.9664;0.0112168;90
-148.158;0.00211534;90
118.017;0.000794059;90
102.752;0.00520539;90
-19.1423;0.00128082;90
-4.99374;0.00206785;90
31.407;0.00228357;90
47.5398;0.0012606;90
63.0003;0.00277102;90
102.021;0.00393733;90
124.624;0.00102078;90
-133.087;0.00135557;90
-126.09;0.000940487;90
-125.248;0.000918368;90
58.8379;0.00123874;90
43.4582;0.00136663;90
47.251;0.00106219;90
-77.1041;0.00343668;90
-93.1207;0.00365542;90
-140.669;0.00301358;90
-167.723;0.00291568;90
160.151;0.00167873;90
-114.361;0.00234916;90
-70.71;0.0014197;90
-42.9965;0.0011731;90
-53.7974;0.00120208;90
107.05;0.00469641;90
81.7157;0.00367838;90
86.6065;0.00398699;90
90.2681;0.00406004;90
92.9682;0.00405544;90
95.4383;0.00397791;90
120.162;0.00302913;90
109.946;0.0019904;90
144.734;0.00342934;90
148.729;0.00256223;90
151.581;0.000525304;90
91.4682;0.00238078;90
89.0183;0.00245136;90
60.4663;0.000975788;90
-68.2551;0.00188407;90
-75.2626;0.00142694;90
72.4938;0.00119012;90
130.956;0.00152407;90
124.948;0.000846676;90
88.5225;0.00135745;90
71.3178;0.00139236;90
73.6181;0.00210964;90
57.9682;0.00161014;90
-43.1302;0.00106193;90
-8.82974;0.000521177;90
52.2703;0.00162598;90
64.4086;0.00100011;90
68.2178;0.00111027;90
59.3434;0.000927649;90
44.9403;0.000678116;90
71.4634;0.00106948;90
71.6909;0.00201501;90
77.3889;0.00234047;90
74.9469;0.000970295;90
83.4121;0.00109825;90
95.0393;0.0016052;90
102.722;0.000867293;90
78.6755;0.00231201;90
68.6456;0.00114243;90
68.0904;0.00265582;90
81.1912;0.00159987;90
84.4735;0.00170292;90
78.1341;0.000909433;90
76.7816;0.00163122;90
90.621;0.00138408;90
89.5616;0.00300609;90
75.6011;0.00130293;90
14.3709;0.000539894;90
11.6303;0.000491082;90
36.6327;0.000821207;90
73.0673;0.000916743;90
76.1323;0.00140186;90
79.6952;0.00117394;90
36.5378;0.000759213;90
-40.4937;0.000692986;90
72.9154;0.00162365;90
26.8312;0.00125176;90
-50.6057;0.000998969;90
-50.3929;0.00125643;90
36.4668;0.00082442;90
-3.79467;0.000589292;90
-75.8096;0.000901508;90
-44.0457;0.00114638;90
26.1662;0.000578261;90
71.7303;0.00120578;90
66.2942;0.000815839;90
171.684;0.000566961;90
-136.578;0.000667762;90
-168.442;0.000633853;90
81.9137;0.00110903;90
81.5506;0.00121822;90
65.8449;0.000755117;90
98.1734;0.000935503;90
-2.43571;0.00129417;90
66.3249;0.000789442;90
55.2925;0.00117143;90
64.4855;0.00197567;90
50.4664;0.000809074;90
74.3269;0.00121414;90
95.4732;0.00132102;90
-157.045;0.000894861;90
166.332;0.000490902;90
131.232;0.000699426;90
175.144;0.00113407;90
-166.694;0.000799462;90
-159.392;0.000517088;90
-95.9939;0.00138859;90
-65.5882;0.000737976;90
-56.5442;0.00101761;90
-170.506;0.000588055;90
154.395;0.00104126;90
-48.7141;0.00086236;90
-73.4761;0.00093877;90
158.147;0.000822074;90
-100.404;0.00150067;90
-161.983;0.00151635;90
144.819;0.00126875;90
-169.852;0.00101589;90
-162.551;0.00108387;90
94.6909;0.00111273;90
101.629;0.00130478;90
99.1491;0.000962242;90
113.826;0.000935746;90
105.233;0.000928629;90
108.658;0.000893983;90
108.107;0.00121623;90
-134.251;0.000973062;90
-120.139;0.00129855;90
-105.888;0.00123831;90
-93.3429;0.00171492;90
-81.9577;0.00193705;90
-92.1059;0.00125185;90
150.368;0.00106993;90
-84.6315;0.0015498;90
-123.394;0.00128997;90
-55.2482;0.000703481;90
1.02303;0.000560089;90
61.716;0.00138654;90
41.4237;0.00104289;90
-68.9781;0.00105095;90
-80.6049;0.00112104;90
-102.589;0.00166093;90
-105.752;0.0015471;90
-134.13;0.00111736;90
-104.978;0.00119562;90
-110.679;0.00185768;90
100.517;0.00140256;90
-92.3517;0.00389928;90
-95.4529;0.0010839;90
-91.2847;0.0012043;90
-58.7125;0.00139602;90
-84.7816;0.00151729;90
-95.1595;0.00207943;90
-98.6622;0.00217784;90
-114.637;0.00281859;90
-123.02;0.00140016;90
-87.1995;0.00124849;90
-76.5727;0.00198527;90
-96.7519;0.00262823;90
-104.497;0.00283218;90
-115.235;0.00263882;90
-114.319;0.0025108;90
-122.122;0.000882026;90
-135.336;0.00169001;90
-179.839;0.000713003;90
-72.8276;0.00114819;90
-78.9824;0.00199884;90
-71.5496;0.00116909;90
-75.2868;0.00211433;90
-134.217;0.000983677;90
-137.22;0.000784771;90
128.408;0.00210056;90
145.2;0.00193266;90
-67.8591;0.00100296;90
-50.0512;0.00189534;90
49.5709;0.00108249;90
-136.532;0.000793657;90
-116.816;0.00428032;90
-44.3987;0.001415;90
-29.8234;0.00253354;90
-30.0686;0.00131727;90
-39.1844;0.00153525;90
-41.7603;0.00090088;90
-24.4058;0.00186352;90
-44.1957;0.00216608;90
-54.3992;0.00200469;90
-61.8982;0.00230129;90
-68.6376;0.00254484;90
-75.1294;0.00273148;90
-77.4464;0.00275588;90
-121.13;0.00117992;90
-136.613;0.00128108;90
-119.92;0.00117685;90
-148.107;0.000813868;90
47.9877;0.00424629;90
-78.2696;0.00259214;90
-81.4366;0.00381453;90
-137.014;0.00271626;90
-159.089;0.0040765;90
159.988;0.00102275;90
-133.673;0.00115997;90
-106.044;0.0022361;90
-36.0851;0.00124112;90
-48.4266;0.00126586;90
130.896;0.00096839;90
138.12;0.000675581;90
157.717;0.00121579;90
77.0008;0.00659296;90
84.7491;0.0018357;90
80.1208;0.00164946;90
-54.8983;0.000855607;90
-98.2228;0.00978863;90
-42.8285;0.00190348;90
41.7781;0.00309495;90
78.92;0.00136851;90
67.9612;0.000986051;90
28.996;0.000759157;90
76.2106;0.00106983;90
42.5856;0.00112459;90
42.26;0.000562085;90
93.9588;0.00115876;90
96.755;0.0010372;90
107.959;0.00239994;90
-155.206;0.00104206;90
-144.029;0.0008155;90
143.021;0.0011604;90
108.261;0.000938252;90
159.174;0.000796006;90
108.204;0.000941101;90
-170.832;0.000702979;90
90.9224;0.00167722;90
93.3613;0.00194434;90
93.3105;0.00204341;90
93.2764;0.00194217;90
93.6687;0.002438;90
106.518;0.00173042;90
118.575;0.00155547;90
123.702;0.00132102;90
107.178;0.00122568;90
171.605;0.000979495;90
101.999;0.0018903;90
113.737;0.00103343;90
100.187;0.00157178;90
149.177;0.00104803;90
127.338;0.000636421;90
-67.5791;0.0251437;90
24.722;0.000903839;90
-30.2895;0.00087436;90
-82.258;0.00167022;90
-80.7951;0.00150032;90
-120.147;0.00347852;90
-104.039;0.00455918;90
-136.968;0.00117378;90
-178.571;0.000962299;90
120.957;0.00461314;90
69.9983;0.0028914;90
85.3303;0.00374644;90
87.2322;0.00387252;90
91.6999;0.00387671;90
93.779;0.00358079;90
96.3402;0.00325088;90
120.696;0.00257011;90
116.173;0.00202458;90
21.6362;0.00103061;90
34.2553;0.00272704;90
44.2279;0.00288596;90
-44.4006;0.0027713;90
-54.2361;0.00241425;90
51.0835;0.00310258;90
76.5634;0.00523736;90
98.791;0.00564026;90
104.008;0.00545317;90
104.577;0.00527272;90
105.962;0.00520363;90
116.582;0.00445827;90
132.776;0.00337049;90
118.893;0.00100169;90
89.7603;0.00262902;90
89.2563;0.00208018;90
98.8004;0.00112424;90
97.6129;0.00103412;90
90;0.001621;90
86.7709;0.00122494;90
148.955;0.000721324;90
177.359;0.000955014;90
173.543;0.00135157;90
-178.195;0.00158779;90
-134.333;0.00145674;90
-104.257;0.00271254;90
-105.047;0.00195296;90
-119.952;0.000825208;90
129.988;0.0018938;90
121.501;0.00270808;90
109.3;0.00339478;90
113.471;0.0018479;90
-156.828;0.00084627;90
96.6607;0.00286232;90
-80.5272;0.00984931;90
-78.7594;0.00113375;90
-121.176;0.00767084;90
-79.379;0.00254459;90
-78.2889;0.00240915;90
-108.284;0.00155869;90
-77.595;0.00456661;90
-49.4955;0.0010916;90
-49.5378;0.00134063;90
-48.6458;0.00134552;90
-48.9259;0.00144589;90
-49.7436;0.00100896;90
-49.9321;0.00139818;90
-51.1973;0.00156549;90
-102.799;0.00177408;90
-49.383;0.00158218;90
-78.2123;0.00108181;90
-105.641;0.00165426;90
-100.741;0.00270438;90
-86.7487;0.00315608;90
-47.1158;0.00170458;90
-29.9269;0.00296655;90
-29.8257;0.00140742;90
-54.9599;0.000977098;90
-68.1013;0.00218787;90
-61.1892;0.00276188;90
-84.0846;0.00359012;90
-87.0423;0.00333344;90
-88.3272;0.00339145;90
-91.9572;0.00357208;90
-94.2653;0.00358994;90
-105.099;0.00319013;90
-95.3203;0.00160692;90
-36.4231;0.00112843;90
-46.8183;0.00106968;90
-96.6984;0.0134085;90
-119.9;0.0017453;90
-105.073;0.000965207;90
-114.389;0.000777371;90
138.225;0.00060341;90
-101.904;0.000945331;90
-69.7956;0.00110606;90
-61.5916;0.00115396;90
-65.7682;0.00127427;90
50.0254;0.000694219;90
-18.2052;0.00110428;90
-91.0854;0.00121422;90
-26.7852;0.00104738;90
-59.9;0.00108074;90
-15.9027;0.000737214;90
-123.529;0.00118041;90
-127.639;0.00123631;90
-121.719;0.000741796;90
-124.874;0.000912954;90
-172.759;0.000491923;90
-128.881;0.000729649;90
-103.704;0.00162938;90
-104.405;0.00180887;90
-93.8816;0.00186127;90
-92.8034;0.00169703;90
-110.012;0.00117175;90
-94.8496;0.00121836;90
-106.869;0.000971815;90
-109.84;0.000889816;90
-107.436;0.00157853;90
-106.171;0.00146496;90
-91.3529;0.00160945;90
-83.7836;0.00306603;90
-69.5983;0.00152037;90
-80.7023;0.0018878;90
-65.3966;0.000862286;90
-72.5167;0.00224679;90
-59.7323;0.000734068;90
-80.6398;0.00129119;90
-71.0889;0.00114162;90
-81.5407;0.00142753;90
-66.666;0.00166628;90
-46.9001;0.000597126;90
-34.9765;0.00060533;90
-54.5654;0.000710623;90
-48.5697;0.00152182;90
-68.3303;0.00137303;90
-73.7384;0.00331044;90
-83.8134;0.00103;90
-81.9264;0.00100395;90
-80.9097;0.00787389;90
-81.7714;0.00180963;90
-87.6296;0.00137818;90
-81.0378;0.00171392;90
-84.1694;0.00109265;90
-87.8565;0.00122986;90
-80.7285;0.00108619;90
-111.729;0.000885953;90
-89.871;0.001777;90
-83.7192;0.00180986;90
-81.7082;0.00285686;90
-75.3123;0.00255964;90
-72.8609;0.00590105;90
-74.6357;0.000920913;90
-65.0018;0.00111219;90
-73.5061;0.00272618;90
-82.7487;0.00163205;90
-79.7559;0.00143386;90
-85.2535;0.0033234;90
134.783;0.00074671;90
-156.303;0.000679274;90
-150.934;0.000973617;90
-110.829;0.00108276;90
-125.74;0.000790954;90
-105.022;0.00166283;90
-111.68;0.000877041;90
-108.842;0.00213649;90
-104.526;0.00102063;90
-147.442;0.00110934;90
148.023;0.0026077;90
130.72;0.000994845;90
149.087;0.00153388;90
121.039;0.00117528;90
100.415;0.00167052;90
93.6299;0.00180061;90
102.243;0.00134867;90
96.4831;0.00141706;90
103.17;0.00149225;90
113.719;0.00109882;90
118.256;0.000863946;90
79.1388;0.00160271;90
111.073;0.00128493;90
160.066;0.000604202;90
131.53;0.000782788;90
109.823;0.000887596;90
105.248;0.00136505;90
106.759;0.00165426;90
121.229;0.00111098;90
110.128;0.00216204;90
104.069;0.00125464;90
85.7137;0.00347873;90
92.5967;0.00220727;90
93.3535;0.00285489;90
82.0374;0.00241832;90
100.688;0.00225919;90
75.8988;0.00192501;90
90.4836;0.00450216;90
103.896;0.000891079;90
108.524;0.00142903;90
119.902;0.00348837;90
97.61;0.00172923;90
106.077;0.00220629;90
111.071;0.00211116;90
99.346;0.00105298;90
96.0872;0.00115049;90
88.2596;0.00223903;90
108.094;0.00143602;90
112.369;0.00230441;90
115.956;0.00143027;90
104.966;0.00236212;90
135.32;0.00101401;90
71.3375;0.00151253;90
-58.7199;0.000962979;90
-79.668;0.00170057;90
-60.8573;0.00107395;90
-57.1461;0.00110231;90
-57.7842;0.00170322;90
-51.514;0.00118427;90
11.4733;0.00130712;90
58.7787;0.0010302;90
68.9875;0.00246812;90
87.2923;0.00146063;90
79.5137;0.00203295;90
76.4661;0.00309803;90
78.7354;0.00247773;90
87.6305;0.00130612;90
70.1144;0.00241074;90
93.0414;0.00179052;90
116.182;0.0015389;90
132.411;0.00106458;90
148.063;0.000534981;90
120.52;0.000907769;90
148.088;0.000777509;90
120.318;0.00120245;90
122.738;0.0015015;90
107.501;0.00292961;90
110.526;0.00157713;90
111.858;0.00131342;90
107.263;0.00160741;90
98.3016;0.0029297;90
105.585;0.00141814;90
62.8601;0.00133724;90
20.0603;0.0018396;90
25.6358;0.000799723;90
-17.4537;0.000480104;90
3.34745;0.000530906;90
-2.73747;0.000732836;90
-16.5938;0.000728332;90
15.7444;0.000626505;90
17.2832;0.000723675;90
5.22593;0.000658738;90
-18.3775;0.000631191;90
-53.0134;0.0013746;90
51.7235;0.00121397;90
79.0275;0.0018651;90
77.8592;0.0016499;90
112.601;0.00187608;90
65.6176;0.00177315;90
91.9931;0.00195518;90
78.777;0.00258442;90
85.1891;0.000906193;90
89.7215;0.00164602;90
109.243;0.00138964;90
107.356;0.00144478;90
115.365;0.000854365;90
