angle=Azimuth
heading=Coordinate_System
dist_units=Default
startAt=15.7366;60.5895;90
survey=Polygonal
[data]
-69.8063;0.000906736;90
-91.2873;0.00240361;90
-90.1088;0.00789601;90
-92.206;0.00129896;90
-91.9976;0.00261059;90
-120.081;0.0019253;90
-86.6995;0.00244906;90
-72.6491;0.00108644;90
-88.5651;0.00411329;90
-83.3463;0.00625714;90
-68.1845;0.00906305;90
-56.5806;0.00123283;90
-40.5825;0.00298366;90
-70.0198;0.0100382;90
-73.5569;0.00235637;90
-73.1522;0.00801502;90
-52.8626;0.00192802;90
-72.1047;0.00329018;90
-76.8576;0.00467957;90
-73.6105;0.00359717;90
-67.983;0.00138177;90
-70.4445;0.00258724;90
-71.5937;0.0037941;90
-46.9594;0.00378453;90
-56.9731;0.000790778;90
-40.9668;0.00115615;90
-29.2765;0.00245795;90
-28.7355;0.00226721;90
-36.8853;0.0014878;90
68.0456;0.00111269;90
88.3404;0.0026241;90
90.73;0.00180515;90
105.901;0.0010585;90
-168.303;0.00748749;90
151.953;0.000933647;90
120.595;0.00295893;90
108.657;0.00367301;90
108.336;0.00275277;90
107.65;0.00473279;90
101.467;0.00544773;90
116.093;0.00477909;90
109.472;0.0054359;90
103.161;0.00571408;90
107.156;0.00533957;90
126.376;0.00415455;90
116.501;0.0139285;90
93.033;0.00223012;90
91.2829;0.00853114;90
77.3494;0.00347024;90
80.4793;0.0124302;90
168.304;0.0006117;90
167.832;0.00103424;90
111.793;0.00130637;90
99.3746;0.00343792;90
94.537;0.00222497;90
146.904;0.212332;90
116.685;0.00450256;90
110.708;0.00558803;90
115.146;0.00642709;90
135.164;0.00543909;90
114.131;0.00712786;90
105.344;0.00468604;90
112.228;0.00221782;90
114.883;0.00329157;90
114.831;0.00455069;90
116.076;0.00492087;90
130.887;0.00424864;90
140.345;0.00418234;90
134.552;0.00587694;90
133.599;0.00456928;90
135.828;0.00572321;90
135.675;0.00407888;90
132.047;0.00462567;90
133.339;0.00556302;90
135.508;0.00542796;90
127.344;0.0059496;90
136.868;0.00420811;90
139.491;0.0045153;90
148.219;0.00495373;90
-174.004;0.00695002;90
169.848;0.0030467;90
138.471;0.00376022;90
144.437;0.00364855;90
155.746;0.00422603;90
132.465;0.00602833;90
130.507;0.0086384;90
127.896;0.00403105;90
122.708;0.00647347;90
147.179;0.0146804;90
140.415;0.00349953;90
138.563;0.00293592;90
138.384;0.00361821;90
129.537;0.00390683;90
121.486;0.00400929;90
141.16;0.00133779;90
128.217;0.00371783;90
146.948;0.00492854;90
147.134;0.00515037;90
141.186;0.00441614;90
129.245;0.00469623;90
129.197;0.00406335;90
180;0.001365;90
118.267;0.00195742;90
-178.837;0.00167535;90
-138.422;0.00146916;90
-114.779;0.00328549;90
-158.761;0.00255343;90
146.189;0.00289693;90
157.26;0.00296985;90
-176.539;0.00271695;90
-151.769;0.00350719;90
-134.506;0.00582324;90
-143.107;0.0053854;90
-165.624;0.00531647;90
-147.422;0.00554555;90
-129.071;0.00657805;90
-169.019;0.00457782;90
171.126;0.00484904;90
-179.74;0.00484905;90
158.764;0.005287;90
156.361;0.00573852;90
150.852;0.00538948;90
179.66;0.0151523;90
-156.579;0.0114243;90
-114.329;0.00279632;90
-96.4103;0.0181465;90
-116.614;0.00209385;90
-118.082;0.00260235;90
-108.781;0.00869705;90
-133.614;0.00491017;90
175.964;0.00453224;90
175.302;0.00437069;90
-142.026;0.00445143;90
-114.658;0.00666583;90
-124.427;0.00664003;90
-148.671;0.00395227;90
-107.285;0.00688282;90
-111.361;0.0069623;90
-101.072;0.00816497;90
-137.699;0.00390473;90
149.704;0.00426786;90
-177.423;0.00382587;90
-159.033;0.00363574;90
179.602;0.00201505;90
137.725;0.00740754;90
148.063;0.0025936;90
132.998;0.00291506;90
141.859;0.00300194;90
141.956;0.00264496;90
151.283;0.00227479;90
134.042;0.00498863;90
146.034;0.00178449;90
-166.416;0.00245672;90
-159.143;0.00287328;90
-169.233;0.00285832;90
-152.978;0.00336539;90
-134.572;0.00312621;90
-161.432;0.00244634;90
-120.194;0.00145547;90
-104.511;0.00444583;90
-110.575;0.00519007;90
-123.22;0.00426024;90
-147.804;0.00334071;90
-111.801;0.00453969;90
-100.706;0.00725121;90
-97.5121;0.00743481;90
-98.4361;0.00892254;90
-100.205;0.00835316;90
-100.883;0.00852737;90
-101.15;0.00842401;90
-100.991;0.00850196;90
-103.535;0.0091779;90
-114.518;0.00736181;90
-119.385;0.0171885;90
-113.465;0.00591187;90
-115.996;0.00761553;90
-120.448;0.00775325;90
-127.904;0.00628482;90
-142.083;0.0053619;90
-120.242;0.00668126;90
-116.979;0.00619631;90
-139.585;0.00313119;90
-172.265;0.00307599;90
147.625;0.00362675;90
134.231;0.00289869;90
128.688;0.00250206;90
128.197;0.00239984;90
134.763;0.000683071;90
116.621;0.00681777;90
98.1895;0.00327136;90
105.154;0.00478541;90
124.682;0.00333203;90
128.003;0.00148609;90
130.559;0.00220076;90
132.965;0.00324555;90
148.141;0.00331547;90
141.9;0.000959421;90
140.067;0.00190532;90
-121.436;0.00318089;90
-104.793;0.00418677;90
-101.683;0.00382219;90
-114.022;0.0352904;90
-128.168;0.0209704;90
-137.994;0.0034384;90
-125.648;0.0283628;90
-152.951;0.00317757;90
-148.159;0.00421181;90
-128.93;0.00593764;90
-115.106;0.0068513;90
-160.866;0.00479279;90
172.645;0.00427315;90
155.876;0.00527028;90
136.624;0.00546318;90
-173.141;0.00411949;90
-109.772;0.00712719;90
-103.004;0.00816847;90
-91.9011;0.0085307;90
-97.8937;0.00819162;90
-133.713;0.00585632;90
-121.078;0.0067183;90
-114.56;0.00712132;90
-128.405;0.00498699;90
173.198;0.00149452;90
124.906;0.0136728;90
130.133;0.00250867;90
102.16;0.00171856;90
127.129;0.00578346;90
105.359;0.00532726;90
123.406;0.0140238;90
140.178;0.00181761;90
-172.871;0.0078003;90
169.256;0.00144839;90
-179.762;0.00674506;90
-163.41;0.00201383;90
-122.322;0.00776164;90
-124.76;0.000950645;90
-175.122;0.00116422;90
-107.486;0.00576436;90
152.663;0.00122816;90
-168.654;0.00124024;90
14.7103;0.034139;90
-59.365;0.0049022;90
-69.698;0.00546447;90
-73.4901;0.00582726;90
-54.1184;0.00393098;90
64.2209;0.00127155;90
31.7086;0.0613813;90
66.2105;0.00430367;90
58.4419;0.00585253;90
38.15;0.00579225;90
25.7958;0.00483034;90
51.6792;0.00617678;90
63.4242;0.00717957;90
62.0231;0.00726048;90
44.8798;0.00606699;90
42.7814;0.00593637;90
50.0427;0.00594503;90
49.0486;0.0104361;90
60.4602;0.00159423;90
65.1976;0.0121838;90
69.593;0.00481521;90
66.8275;0.00490469;90
57.1676;0.00403922;90
55.2851;0.00348907;90
71.3933;0.00411509;90
79.3262;0.00422205;90
80.6485;0.00272015;90
72.2784;0.00274317;90
77.9043;0.0043332;90
-5.45789;0.00216582;90
-35.0877;0.00328619;90
-42.218;0.00560902;90
-49.8356;0.00210548;90
-53.7876;0.00393886;90
-73.2146;0.00528414;90
-81.5719;0.00364335;90
-68.5127;0.00457282;90
-49.2061;0.0025163;90
-51.5425;0.00420141;90
-45.2531;0.00416207;90
-28.9765;0.00334812;90
15.9391;0.00376162;90
55.9835;0.00623133;90
63.625;0.00728202;90
41.6607;0.0054384;90
47.296;0.00601878;90
58.6585;0.0063214;90
61.5805;0.00601146;90
65.6584;0.0071814;90
65.795;0.00779752;90
59.7092;0.00756361;90
58.7583;0.00714163;90
68.2321;0.00699477;90
77.91;0.00999775;90
79.1382;0.00965294;90
78.6985;0.00932787;90
79.1209;0.00842441;90
81.1684;0.00969191;90
82.2484;0.00834828;90
81.1335;0.00788928;90
69.1123;0.00620691;90
32.1338;0.00397256;90
64.2072;0.00537555;90
70.5406;0.00574836;90
76.649;0.00338652;90
15.3329;0.00232578;90
41.6805;0.00365126;90
25.9577;0.00371253;90
9.72118;0.00352968;90
23.3959;0.00331669;90
-10.7932;0.00210931;90
-43.0639;0.00230224;90
-56.0529;0.00234946;90
-28.5242;0.00206689;90
-32.8808;0.00231721;90
-36.9659;0.0026258;90
-46.2089;0.00328453;90
-36.9611;0.0035192;90
-49.7722;0.00390971;90
-32.6643;0.00402805;90
7.35983;0.00369242;90
34.9152;0.0167341;90
72.3524;0.00294562;90
63.0655;0.0125549;90
44.7832;0.00411115;90
59.4419;0.00668553;90
66.0963;0.00544175;90
31.9897;0.00310325;90
-6.257;0.00289022;90
-4.27447;0.00272358;90
-3.34775;0.00359614;90
36.7966;0.00391;90
74.6674;0.00759015;90
61.3342;0.00586826;90
71.8544;0.00613616;90
88.0078;0.00802585;90
79.5528;0.00748915;90
44.4514;0.00494785;90
23.0312;0.00436057;90
-7.78465;0.00410483;90
11.438;0.00421062;90
-6.83939;0.00403068;90
19.7151;0.00396332;90
-32.3149;0.00525841;90
-26.6549;0.00484825;90
-22.633;0.00468262;90
-20.1711;0.00468643;90
1.55792;0.0045977;90
-9.03043;0.00468912;90
7.51936;0.00432519;90
52.5108;0.00616156;90
34.4323;0.00503155;90
20.0587;0.0045979;90
21.7061;0.00468844;90
44.4316;0.00563097;90
38.6926;0.00546436;90
2.01348;0.00461085;90
-29.2754;0.00511648;90
50.0824;0.00517232;90
72.8522;0.00541993;90
-63.1801;0.00271506;90
-56.1002;0.00287947;90
-52.2617;0.00551583;90
-48.5763;0.00600797;90
-34.8843;0.00461777;90
-32.7818;0.00355164;90
-33.3892;0.00332714;90
-37.9452;0.00329318;90
-32.2734;0.00113304;90
-61.6908;0.00229214;90
-58.1718;0.00421712;90
-47.8228;0.00455151;90
-42.643;0.00424694;90
-40.8097;0.00328055;90
-19.3725;0.00141088;90
-16.3115;0.0029018;90
-30.977;0.00371483;90
-41.8732;0.00474468;90
-45.4368;0.00463734;90
-58.1845;0.00646072;90
-49.7452;0.00566709;90
-49.6183;0.00407485;90
-50.4302;0.00606733;90
-32.1274;0.00512595;90
-28.9487;0.00409689;90
-41.9042;0.00446482;90
-0.771146;0.00453241;90
5.55165;0.00480655;90
-30.5606;0.00577639;90
-40.8072;0.00597691;90
-50.116;0.00645473;90
-48.7597;0.00545647;90
-41.291;0.0040007;90
-49.3654;0.00466346;90
-46.385;0.0058509;90
-45.3174;0.00382975;90
-43.8092;0.00381071;90
-45.6952;0.00460431;90
-45.8299;0.00585829;90
-39.4541;0.00538508;90
-55.7634;0.00453599;90
-65.2635;0.0110863;90
-70.6822;0.00486384;90
-72.0999;0.00599626;90
-55.7666;0.00523494;90
-48.52;0.00529774;90
-69.13;0.00837337;90
-64.2149;0.0070966;90
-67.3392;0.00667316;90
-37.0762;0.00422143;90
-25.4813;0.00397241;90
-60.9324;0.0051416;90
-54.3161;0.00382642;90
-59.5393;0.00357434;90
-52.1837;0.00334186;90
-36.7328;0.00326041;90
-57.1441;0.00459146;90
-61.8128;0.00546625;90
-61.0966;0.0113338;90
-39.8458;0.00547038;90
-19.566;0.00487022;90
-21.0671;0.00499914;90
-36.4943;0.00576552;90
-32.6814;0.00549849;90
-27.1841;0.00546348;90
-61.0188;0.00765908;90
-68.705;0.00840379;90
-58.3664;0.00689437;90
-56.4802;0.00513377;90
-46.7185;0.00584757;90
-48.5009;0.00697094;90
-52.6538;0.00688064;90
-68.0602;0.0080748;90
-61.1413;0.00707343;90
-46.633;0.00580629;90
-22.9305;0.00496646;90
-17.5214;0.00479968;90
-16.2861;0.00318792;90
5.78752;0.00422453;90
60.5364;0.00581048;90
62.7489;0.00664786;90
35.5604;0.00557466;90
44.417;0.00576817;90
55.3068;0.00562386;90
64.0645;0.00610483;90
54.8725;0.00412411;90
57.7854;0.0040931;90
61.5933;0.00446684;90
40.6903;0.00334984;90
12.7244;0.00279668;90
10.3108;0.00259795;90
6.58023;0.00255684;90
6.47024;0.00282197;90
-13.0758;0.00274928;90
-33.8225;0.00347992;90
-34.0162;0.00341063;90
-41.8953;0.00236308;90
-62.4185;0.00292434;90
-51.9184;0.00289405;90
-45.4441;0.0028278;90
-50.8048;0.00290839;90
-66.7798;0.00312733;90
-56.4379;0.00211092;90
-41.4613;0.00187883;90
-36.5517;0.00208883;90
-37.3348;0.00197206;90
-18.5736;0.00169846;90
-33.08;0.00179733;90
-79.4752;0.00281943;90
-90.5795;0.00217511;90
-92.1333;0.00225656;90
-95.7563;0.00312074;90
-99.3854;0.0031826;90
-84.4744;0.00095544;90
-113.099;0.00135351;90
-145.212;0.000737887;90
140.229;0.00106296;90
82.5318;0.00302365;90
113.859;0.0345155;90
157.023;0.00308691;90
142.454;0.00308501;90
143.75;0.00353281;90
174.768;0.00493456;90
-170.886;0.00105431;90
-168.85;0.00189782;90
-169.862;0.00319285;90
-143.574;0.00945788;90
-111.805;0.00302869;90
-127.935;0.00210976;90
-120.059;0.00640661;90
-117.26;0.00597119;90
-132.839;0.00920671;90
-148.566;0.0017123;90
-144.73;0.00356059;90
-117.461;0.00554926;90
-113.953;0.00469973;90
-136.33;0.00316869;90
-177.619;0.00387535;90
160.633;0.00404382;90
163.456;0.00400689;90
156.97;0.0040541;90
138.375;0.0046488;90
122.451;0.00555191;90
112.967;0.00674789;90
114.769;0.00620814;90
129.674;0.00507347;90
130.816;0.0050594;90
134.193;0.00482153;90
129.714;0.00545732;90
121.053;0.00564145;90
120.971;0.00574623;90
109.144;0.00676937;90
116.087;0.00606264;90
137.146;0.00438148;90
161.987;0.00411993;90
144.948;0.00471517;90
143.275;0.00442161;90
154.624;0.00409512;90
163.447;0.00386101;90
152.171;0.00419633;90
136.326;0.00498007;90
115.407;0.00619517;90
121.696;0.0056203;90
116.789;0.00605934;90
133.685;0.00480535;90
133.42;0.00392381;90
122.599;0.00380316;90
124.056;0.00329637;90
119.17;0.00370945;90
127.11;0.00319883;90
161.222;0.00242614;90
158.971;0.00245233;90
124.948;0.00366246;90
111.988;0.00530702;90
116.254;0.00569222;90
110.276;0.00614052;90
115.842;0.00556557;90
136.152;0.00439697;90
120.886;0.00528319;90
107.074;0.005899;90
108.924;0.00425816;90
114.718;0.00500782;90
113.911;0.00580524;90
126.812;0.004985;90
141.851;0.00427386;90
133.815;0.00485462;90
134.629;0.0045878;90
135.275;0.00456443;90
135.326;0.00422715;90
135.212;0.00362253;90
132.469;0.00948023;90
139.127;0.00377301;90
126.811;0.0050436;90
131.219;0.00457858;90
139.298;0.00363272;90
139.233;0.00430175;90
152.784;0.00416964;90
-178.714;0.0035639;90
-167.286;0.00364846;90
156.066;0.00433583;90
135.023;0.0034521;90
154.951;0.00371765;90
147.474;0.00420328;90
129.497;0.0049478;90
131.171;0.00502956;90
129.958;0.00490012;90
122.806;0.00585833;90
129.085;0.00507719;90
137.87;0.00450497;90
144.674;0.00437199;90
158.723;0.00332891;90
-157.796;0.00134688;90
133.273;0.00302708;90
138.971;0.00368651;90
137.998;0.0035418;90
127.198;0.00405747;90
120.895;0.0037373;90
127.907;0.00221036;90
140.426;0.00367149;90
147.279;0.00462492;90
146.428;0.00443234;90
141.286;0.00464961;90
127.69;0.00529614;90
137.096;0.00377069;90
139.138;0.00154836;90
170.409;0.00204661;90
-123.361;0.00246402;90
-129.697;0.0037794;90
153.218;0.00389258;90
163.867;0.00406301;90
-159.89;0.0040254;90
-137.336;0.00478826;90
-136.058;0.00520802;90
-159.873;0.00409187;90
-162.028;0.00407378;90
-147.212;0.00431555;90
-131.555;0.00504867;90
-138.359;0.00474223;90
162.57;0.00400279;90
178.08;0.00411831;90
178.98;0.00393362;90
159.042;0.00398675;90
157.936;0.00413696;90
152.814;0.00421121;90
148.91;0.0043475;90
165.478;0.00394401;90
-170.076;0.00352779;90
-175.587;0.00344421;90
-171.795;0.00358065;90
172.087;0.0035811;90
-157.459;0.00376677;90
-143.587;0.00439014;90
-105.786;0.00633702;90
-93.0886;0.00707127;90
-95.5649;0.00688847;90
-119.939;0.00531988;90
-112.656;0.00590354;90
-107.281;0.00668894;90
-167.182;0.00361508;90
174.633;0.00357066;90
176.934;0.00351503;90
-160.509;0.00358442;90
-114.66;0.00559639;90
-119.912;0.0057153;90
-131.238;0.00469824;90
-138.496;0.00423284;90
-105.107;0.006308;90
-111.703;0.00602508;90
-101.574;0.00667371;90
-115.657;0.00516194;90
143.886;0.00430277;90
175.438;0.00352015;90
-162.793;0.00380636;90
-174.045;0.00317111;90
149.086;0.00337904;90
129.923;0.00410743;90
147.669;0.00281784;90
136.382;0.00583321;90
142.433;0.00241598;90
151.85;0.0023443;90
136.326;0.00219969;90
132.132;0.0024447;90
146.543;0.0022546;90
-158.901;0.00246956;90
-166.966;0.00281554;90
-163.046;0.00288749;90
-154.629;0.00304798;90
-135.495;0.00335393;90
-160.788;0.00233081;90
-128.357;0.00124082;90
-102.978;0.00409664;90
-109.745;0.00492242;90
-118.075;0.00451529;90
-151.096;0.00350684;90
-112.616;0.00507092;90
-101.002;0.00645565;90
-98.0074;0.00786064;90
-98.2733;0.00837415;90
-99.9137;0.00820146;90
-100.869;0.0089414;90
-101.069;0.00810477;90
-101.248;0.00821276;90
-102.406;0.00813187;90
-109.7;0.00727691;90
-121.439;0.00653192;90
-121.831;0.0068561;90
-115.261;0.00693629;90
-113.151;0.00720085;90
-117.285;0.00665775;90
-121.29;0.00674858;90
-127.613;0.00636874;90
-140.703;0.00552155;90
-120.235;0.0062873;90
-117.574;0.00652631;90
-147.745;0.00445203;90
161.324;0.00368503;90
136.888;0.00399166;90
128.606;0.00380315;90
129.547;0.00255219;90
125.487;0.00383792;90
100.705;0.00369837;90
99.8472;0.00474795;90
115.786;0.00424355;90
128.278;0.00283946;90
129.862;0.00232157;90
133.773;0.00287222;90
146.41;0.00159421;90
146.501;0.00241518;90
141.778;0.00253431;90
-121.101;0.00279938;90
-105.057;0.00412667;90
-101.861;0.00304092;90
-100.679;0.00422009;90
-106.079;0.00440846;90
-123.742;0.00336481;90
-123.804;0.00376559;90
-113.69;0.00485077;90
-111.607;0.00531445;90
-115.199;0.00517886;90
-115.548;0.00534236;90
-120.311;0.00886482;90
-138.152;0.00262309;90
-133.591;0.004918;90
-131.264;0.00528554;90
-139.133;0.00477762;90
-135.015;0.00543058;90
-118.886;0.00651677;90
-116.147;0.00680319;90
-123.226;0.00612659;90
-150.058;0.0048065;90
-151.36;0.00452116;90
-130.112;0.00578466;90
-114.097;0.00696824;90
-155.25;0.00477237;90
174.504;0.00428068;90
157.617;0.00450112;90
142.097;0.00501362;90
154.668;0.00444767;90
-119.843;0.00617136;90
-102.522;0.00848176;90
-95.9973;0.00817374;90
-93.5907;0.00822314;90
-119.349;0.00613317;90
-128.49;0.00531993;90
-123.155;0.00558053;90
-111.11;0.0069912;90
-136.629;0.00375696;90
136.68;0.00221844;90
123.193;0.00390163;90
126.131;0.00482;90
126.599;0.00486905;90
125.063;0.00269634;90
76.0299;0.00147049;90
117.651;0.0115581;90
118.012;0.00393047;90
119.244;0.00449718;90
137.498;0.00345609;90
140.127;0.00335521;90
-161.395;0.00287421;90
-169.438;0.0028096;90
173.353;0.00284211;90
166.837;0.00260853;90
-173.991;0.00288485;90
-174.322;0.00258769;90
-142.553;0.00292095;90
-121.155;0.00364934;90
-117.208;0.00314724;90
-140.472;0.0030701;90
-98.1079;0.0029212;90
-174.908;0.00208423;90
-137.909;0.000863784;90
38.3424;0.00358018;90
78.128;0.00229918;90
35.0992;0.0018835;90
52.486;0.00288198;90
59.752;0.004407;90
40.1235;0.00357677;90
-3.42748;0.00297733;90
-4.96104;0.00513423;90
-3.96506;0.00138832;90
6.35509;0.00212305;90
7.5113;0.00590568;90
-51.9226;0.00193603;90
-58.1544;0.0130716;90
-75.7993;0.00312654;90
-64.6263;0.008324;90
38.5995;0.000742138;90
-57.939;0.0101465;90
-54.0472;0.0038987;90
-56.0289;0.00339314;90
-53.6762;0.00136406;90
-111.045;0.00112504;90
-108.435;0.00393387;90
-117.511;0.00414579;90
-119.918;0.0046254;90
-114.55;0.00459214;90
-111.413;0.00386478;90
-65.4737;0.00218736;90
-53.1521;0.0010422;90
-70.3367;0.00162262;90
-71.111;0.00339165;90
-62.0113;0.00361818;90
-50.3868;0.0030505;90
-38.7241;0.00264559;90
-58.0709;0.00302343;90
-68.2608;0.00359358;90
-76.6233;0.00402418;90
-79.6044;0.00446123;90
-77.5677;0.00373457;90
-73.776;0.00209024;90
-73.5796;0.00188905;90
-69.256;0.00274709;90
-72.3947;0.00310125;90
-72.646;0.00318498;90
-70.9879;0.00304511;90
-73.8047;0.00321248;90
-82.4933;0.0103719;90
-82.8631;0.00119123;90
-80.0984;0.00246573;90
-81.6297;0.00340729;90
-81.6893;0.00332087;90
-80.1545;0.00339196;90
-78.0147;0.00314455;90
-76.7338;0.00357336;90
-74.6027;0.00314488;90
-69.1;0.0030807;90
-74.4643;0.00318849;90
-71.8956;0.00306999;90
-69.8336;0.00309792;90
-71.7681;0.00312277;90
-72.0905;0.00331041;90
-70.663;0.00305324;90
-71.9019;0.00311932;90
-75.7463;0.0031314;90
-77.488;0.00332804;90
-81.5118;0.00346192;90
-87.2033;0.00383256;90
-90.2188;0.00314202;90
-91.4074;0.00370512;90
-93.1775;0.00276024;90
-91.2529;0.00347583;90
-92.3998;0.00446592;90
-89.5729;0.00201206;90
-89.2082;0.00246023;90
-87.9869;0.00315995;90
-86.5452;0.00361757;90
-82.9297;0.00324971;90
-84.7558;0.00333697;90
-81.3122;0.00321084;90
-79.5329;0.00325313;90
-81.9893;0.00312146;90
-82.2039;0.00283823;90
-78.1579;0.00139366;90
-64.5831;0.00196411;90
-72.1174;0.00226335;90
-58.9627;0.0017378;90
-41.5041;0.00150753;90
-46.1903;0.00156587;90
-6.35674;0.00114705;90
-35.4163;0.00137184;90
-42.3549;0.00147094;90
-30.1554;0.00114264;90
-49.7172;0.0015219;90
5.70539;0.00109643;90
1.89135;0.00139376;90
25.7542;0.00129571;90
16.5044;0.00107009;90
-34.726;0.00105854;90
-17.5924;0.000688186;90
26.6036;0.000665454;90
27.8554;0.000853947;90
-9.65554;0.00082874;90
-3.50519;0.000703316;90
-22.5252;0.000837924;90
-26.1781;0.000927095;90
-27.4281;0.00100948;90
-27.7113;0.00107308;90
-18.9279;0.000955676;90
54.4928;0.000655986;90
78.1579;0.00158371;90
58.327;0.00166263;90
53.4084;0.00144102;90
57.6698;0.00158939;90
75.6107;0.00196773;90
76.5072;0.00153435;90
79.3457;0.00131975;90
86.4066;0.00146789;90
92.8132;0.00156889;90
94.4389;0.00186058;90
90.2131;0.00215101;90
94.8445;0.00194194;90
86.0597;0.00244478;90
55.1998;0.00151739;90
60.2241;0.00160489;90
7.86157;0.0016596;90
-0.252403;0.00136201;90
17.13;0.0013886;90
44.4564;0.00111799;90
-16.2496;0.00064684;90
-17.1066;0.00107768;90
-5.91074;0.00128181;90
4.26008;0.000982715;90
16.1384;0.0012232;90
17.4422;0.00155133;90
12.5719;0.00144259;90
64.37;0.00150731;90
-7.78406;0.000819552;90
-33.1876;0.00142314;90
21.6533;0.00114909;90
49.059;0.00140855;90
46.9401;0.0014412;90
7.59044;0.000900894;90
38.6066;0.00100966;90
20.9907;0.000879355;90
-5.84114;0.000786081;90
-10.8583;0.000796256;90
-38.252;0.00105311;90
-44.1054;0.00113222;90
-37.4908;0.00103346;90
9.25034;0.00062209;90
-179.507;0.000698026;90
147.487;0.000850258;90
137.068;0.000901441;90
128.093;0.000946616;90
177.156;0.000785968;90
162.058;0.000697941;90
167.839;0.000726298;90
-148.147;0.000718151;90
-149.331;0.00106845;90
-163.17;0.00100505;90
-130.531;0.00149726;90
-142.915;0.00186401;90
156.796;0.00150254;90
-153.455;0.00125756;90
-150.829;0.00180951;90
-164.427;0.00270427;90
-165.442;0.00175846;90
166.625;0.00168161;90
-167.392;0.00141103;90
-170.908;0.00229078;90
177.901;0.00199334;90
-128.56;0.0020679;90
-105.051;0.00323084;90
-89.4916;0.00338113;90
-87.8528;0.00357651;90
-91.3847;0.00347602;90
-101.912;0.00371602;90
-118.508;0.00259802;90
-124.371;0.00235764;90
-110.582;0.00235534;90
154.364;0.00206863;90
153.416;0.00135193;90
147.886;0.00139199;90
-169.651;0.000818312;90
163.589;0.000608802;90
-174.669;0.000796445;90
-150.103;0.000792461;90
173.635;0.00100117;90
152.58;0.00125949;90
-153.371;0.00200128;90
-167.304;0.00222951;90
139.682;0.00213126;90
141.735;0.00215244;90
151.275;0.0019226;90
139.574;0.0022345;90
135.881;0.00239172;90
110.591;0.00362242;90
116.687;0.0018859;90
98.6846;0.00176827;90
97.0376;0.00398301;90
99.9379;0.0049716;90
97.1963;0.00508506;90
96.6237;0.00582589;90
92.1621;0.00636153;90
89.5778;0.00624317;90
86.9532;0.00602051;90
86.5693;0.00554794;90
91.7932;0.00536863;90
97.2175;0.00561146;90
103.743;0.00529972;90
107.602;0.00450388;90
108.97;0.00558641;90
108.238;0.00514442;90
108.34;0.00537082;90
106.96;0.0050977;90
106.815;0.00536853;90
101.934;0.00546;90
98.2254;0.00586433;90
96.961;0.00623798;90
97.5664;0.00254415;90
-83.2154;0.00313193;90
-81.4003;0.00139771;90
-81.7895;0.00302501;90
98.6842;0.00253;90
96.3226;0.00252435;90
98.3333;0.0043469;90
98.8666;0.00539143;90
106.942;0.0129479;90
108.463;0.00524179;90
105.284;0.00528077;90
100.126;0.00529548;90
104.97;0.00559386;90
119.706;0.00474222;90
138.164;0.00385607;90
121.39;0.00465769;90
110.865;0.00506515;90
121.237;0.00326657;90
102.608;0.000943757;90
68.1049;0.00340566;90
64.0713;0.0050337;90
60.2614;0.00449155;90
64.0437;0.0046723;90
69.6848;0.0040094;90
108.693;0.0021061;90
127.972;0.00348464;90
125.688;0.00425631;90
123.789;0.00417163;90
128.18;0.00324525;90
122.793;0.00171895;90
69.391;0.00126709;90
154.334;0.038716;90
-116.209;0.00324012;90
-157.9;0.00181538;90
-111.084;0.00268258;90
-99.8325;0.00295135;90
154.844;0.00114566;90
-173.425;0.00121398;90
41.8759;0.0205132;90
-2.4618;0.00242123;90
-15.9888;0.00290435;90
7.36938;0.00258838;90
17.1027;0.00310114;90
-27.6634;0.00291637;90
-59.8054;0.0255379;90
76.6021;0.00148029;90
-60.1174;0.0115611;90
-54.3433;0.0035802;90
-55.256;0.0036339;90
-9.47444;0.000777607;90
46.6326;0.00233299;90
60.2269;0.00477881;90
63.6155;0.00539163;90
59.3661;0.00554018;90
43.4928;0.00448956;90
68.4615;0.00574733;90
86.1564;0.00762315;90
83.5752;0.00695267;90
78.5205;0.0068235;90
73.3008;0.00674444;90
28.7842;0.00386906;90
-44.4124;0.00461977;90
-30.8951;0.00400998;90
-22.3605;0.0041295;90
-4.26423;0.00372531;90
10.3873;0.00372708;90
60.6417;0.00542354;90
60.3171;0.00550082;90
43.1092;0.00484349;90
19.1344;0.00310875;90
33.2546;0.00339375;90
45.9412;0.00396033;90
62.1932;0.00480823;90
62.7857;0.00469694;90
63.8833;0.00508632;90
54.0748;0.00486426;90
40.0329;0.00471218;90
44.3436;0.00561692;90
50.2465;0.00535118;90
39.7072;0.00357979;90
51.8267;0.00279592;90
58.6785;0.00384542;90
63.2016;0.00472217;90
66.0885;0.00547708;90
65.7932;0.00535813;90
68.0188;0.00514824;90
62.1318;0.00450326;90
56.9814;0.00366848;90
57.2514;0.00258248;90
73.3038;0.00359558;90
78.6656;0.00459971;90
77.7611;0.00291526;90
76.0258;0.00425286;90
65.6134;0.00322361;90
-36.3693;0.0027471;90
-37.9248;0.00252023;90
-30.7224;0.00162857;90
-45.4048;0.00260222;90
-50.4394;0.00215578;90
-49.7182;0.00229527;90
-57.5934;0.00360313;90
-76.7003;0.0053207;90
-82.9976;0.00353537;90
-64.5722;0.00374034;90
-52.6867;0.00485835;90
-46.2031;0.00272791;90
-44.6464;0.00378097;90
-24.1527;0.00354865;90
23.5482;0.00367941;90
56.5775;0.00534487;90
64.701;0.00682123;90
43.8498;0.00496701;90
41.6481;0.00488598;90
58.2954;0.00591582;90
59.0943;0.00592648;90
63.5667;0.00641798;90
67.1932;0.00702742;90
63.5346;0.00591486;90
60.2182;0.00654321;90
57.5145;0.0058445;90
66.2958;0.00657687;90
76.0001;0.00726685;90
79.4963;0.00801429;90
78.6677;0.00854458;90
78.7334;0.00804096;90
79.1948;0.00808128;90
81.0905;0.00834873;90
82.4719;0.00853355;90
82.7516;0.00604733;90
73.8918;0.00449446;90
64.6454;0.0042128;90
27.2166;0.00306764;90
59.7542;0.00425641;90
70.4186;0.00447267;90
73.7962;0.0042644;90
82.7625;0.00151608;90
17.9235;0.0010983;90
22.7279;0.0023657;90
44.7259;0.0033991;90
21.28;0.002816;90
15.3964;0.00273827;90
17.4787;0.00282336;90
18.6492;0.002114;90
-22.4844;0.00185393;90
-40.1591;0.00222046;90
-58.5536;0.00225992;90
-28.3824;0.00218574;90
-35.472;0.00243492;90
-42.5691;0.00558481;90
-39.283;0.00251283;90
-46.0987;0.0030977;90
-35.1773;0.00696744;90
11.794;0.00109103;90
27.252;0.00182789;90
16.499;0.00342607;90
-5.033;0.00337401;90
-36.122;0.00324848;90
63.0899;0.033191;90
53.809;0.00151911;90
55.2667;0.00199559;90
68.2029;0.00498221;90
51.9651;0.00402343;90
-7.78341;0.00268776;90
-4.64752;0.0030731;90
-1.80912;0.00316758;90
3.56064;0.00318815;90
69.2764;0.00516306;90
75.2247;0.00569739;90
58.1564;0.00416602;90
64.0211;0.00437174;90
85.924;0.00595105;90
87.6672;0.0054295;90
80.3102;0.00550757;90
59.9838;0.00398206;90
30.0778;0.00367137;90
15.648;0.00346648;90
0.329019;0.00748812;90
4.54054;0.00294324;90
11.8644;0.00303994;90
-4.91615;0.0029639;90
-33.107;0.00384288;90
-26.9555;0.00393781;90
-24.8148;0.00363128;90
-21.6337;0.0035533;90
-21.5672;0.00363446;90
13.2234;0.0162581;90
42.7923;0.00277179;90
34.5867;0.0026407;90
22.0769;0.0103898;90
42.7751;0.00202173;90
44.3355;0.00341414;90
45;0.00436426;90
-1.06357;0.00797337;90
-35.4686;0.00231449;90
39.7537;0.00905567;90
-41.7079;0.000960422;90
-51.7279;0.00420086;90
-51.2774;0.00470146;90
-47.8167;0.0045614;90
-33.3421;0.00456665;90
-33.0694;0.00422429;90
-33.4369;0.00420495;90
-41.4826;0.00214374;90
-58.2805;0.00174223;90
-58.2361;0.00314388;90
-55.7745;0.0034723;90
-43.3018;0.00307797;90
-40.7985;0.00321395;90
-41.9077;0.00503344;90
16.3082;0.0004772;90
-14.5102;0.00219915;90
-29.2435;0.0037419;90
-40.3234;0.00471797;90
-42.9956;0.00473061;90
-57.3126;0.00546796;90
-52.8283;0.00520187;90
-49.6737;0.00422629;90
-50.2203;0.00425108;90
-48.5647;0.00499264;90
-28.2277;0.0038226;90
-26.8424;0.00351022;90
-44.7856;0.00377881;90
-24.3634;0.00311983;90
10.4325;0.00297112;90
10.9249;0.00329777;90
-13.8842;0.0028338;90
-33.8859;0.00332711;90
-37.9465;0.00407692;90
-44.0441;0.00309402;90
-45.164;0.00345777;90
-53.1437;0.004223;90
-48.3363;0.00425268;90
-42.8105;0.003202;90
-46.5638;0.00406809;90
-47.4255;0.00417709;90
-43.3781;0.00489655;90
-47.3803;0.00480116;90
-45.3127;0.00466415;90
-46.9042;0.0051711;90
-40.3444;0.00423398;90
-44.7851;0.0049017;90
-63.5431;0.00497392;90
-66.403;0.00496626;90
-62.003;0.00415189;90
-73.9518;0.00489787;90
-72.8973;0.00448849;90
-58.7942;0.00552196;90
-42.7721;0.00454731;90
-66.2012;0.0060789;90
-70.2516;0.00615288;90
-62.3418;0.00574327;90
-67.2313;0.00607217;90
-35.0587;0.00337909;90
-17.8677;0.00303435;90
-53.6598;0.00395897;90
-58.8863;0.00432521;90
-57.3523;0.00420782;90
-52.9851;0.00466261;90
-37.4509;0.00323477;90
-58.0607;0.00441193;90
-60.3531;0.00551496;90
-57.148;0.00350802;90
-65.6721;0.00555639;90
-52.1832;0.0044052;90
-38.0424;0.0038118;90
-16.6726;0.00349597;90
-15.9328;0.00373758;90
-32.5975;0.0041746;90
-37.0654;0.00422082;90
-35.1084;0.00403391;90
-18.161;0.00376979;90
-39.0668;0.00430957;90
-62.0168;0.00551136;90
-71.3932;0.00632458;90
-60.5042;0.00576407;90
-59.0436;0.00533258;90
-53.528;0.00506872;90
-46.9577;0.00453308;90
-47.159;0.00467376;90
-49.9444;0.00478299;90
-54.6393;0.00504215;90
-69.3998;0.00652844;90
-64.6429;0.00572784;90
-53.8115;0.00504536;90
-40.0576;0.00436636;90
-19.9124;0.00366725;90
-15.2609;0.00347245;90
-15.4101;0.00599866;90
7.6497;0.00268187;90
55.457;0.00402452;90
65.706;0.00508971;90
53.7092;0.00508546;90
34.3457;0.0040235;90
43.3896;0.00450393;90
52.0703;0.00486583;90
61.5054;0.00552533;90
59.5602;0.00530759;90
57.6486;0.00535404;90
61.6326;0.00564484;90
25.7415;0.00339157;90
13.9455;0.00290873;90
7.04778;0.00285255;90
6.09232;0.00280786;90
-1.945;0.00303475;90
-31.6363;0.00391593;90
-33.5006;0.00352209;90
-32.3752;0.00238112;90
-73.5077;0.00220158;90
-55.0223;0.00229565;90
-50.6001;0.00207963;90
-46.1326;0.00257579;90
-49.5877;0.00269635;90
-62.1671;0.00272867;90
-62.7459;0.00256585;90
-41.5376;0.00188505;90
-37.5935;0.00196376;90
-34.7479;0.00178783;90
-22.8062;0.00182139;90
-25.4311;0.00160447;90
-74.9567;0.00227703;90
-75.4898;0.00152463;90
-93.1442;0.00249776;90
-95.7624;0.00209157;90
-93.5563;0.00320818;90
-102.209;0.00277578;90
-100.185;0.00269751;90
150.499;0.00130982;90
80.5437;0.00157642;90
82.5959;0.00180808;90
56.5538;0.0391669;90
33.7503;0.00105476;90
48.7055;0.00387314;90
48.8659;0.00114316;90
91.8292;0.00382195;90
81.5905;0.00516251;90
59.169;0.00887988;90
85.7127;0.00315683;90
95.9237;0.00291657;90
75.1635;0.0141528;90
70.3484;0.00342552;90
71.9745;0.0051771;90
71.3776;0.0055084;90
63.0152;0.0048837;90
43.6311;0.0104781;90
19.7228;0.00759771;90
-5.4975;0.00275568;90
-9.89409;0.0119771;90
6.95407;0.00249435;90
7.47607;0.00702472;90
41.0742;0.0435334;90
52.1429;0.00140461;90
8.51038;0.00666944;90
25.8665;0.0201753;90
60.3046;0.01149;90
56.877;0.00179343;90
67.4037;0.00430985;90
73.1071;0.00337253;90
75.0774;0.00291635;90
68.2593;0.0052537;90
-140.604;0.151409;90
-103.956;0.00241735;90
-116.843;0.0682353;90
168.059;0.000729792;90
-144.909;0.000760166;90
-108.215;0.0010717;90
-109.059;0.000958543;90
-92.9068;0.00315506;90
-90.313;0.0237954;90
-9.65763;0.000530519;90
-92.4478;0.00250529;90
-82.5587;0.011752;90
-67.3617;0.00453869;90
-52.6301;0.00407936;90
-45.3621;0.00346843;90
-69.6408;0.00452999;90
-76.9377;0.00526524;90
-76.2325;0.00527351;90
-64.2711;0.00484205;90
-68.2343;0.00446319;90
-80.4652;0.00364029;90
-74.487;0.0027668;90
-65.4407;0.000945542;90
-76.0063;0.000980087;90
-68.8618;0.000898454;90
-104.977;0.00146269;90
-64.9311;0.00119894;90
108.576;0.00695956;90
-64.8069;0.00113938;90
-69.8386;0.00142747;90
-85.1443;0.0024809;90
-72.3295;0.000853258;90
86.9669;0.00266473;90
107.464;0.00410523;90
101.696;0.00536233;90
115.775;0.00457185;90
109.514;0.00567603;90
103.212;0.00504041;90
105;0.00528924;90
101.376;0.0471697;90
88.6895;0.00367296;90
-75.8246;0.091498;90
115.754;0.00739229;90
109.699;0.00160493;90
118.633;0.00100375;90
102.895;0.0817599;90
141.116;0.26468;90
133.581;0.00388462;90
134.482;0.003518;90
134.424;0.00358592;90
134.749;0.00484938;90
136.125;0.00349307;90
130.487;0.00418774;90
133.885;0.0051961;90
138.717;0.00388311;90
128.674;0.00389513;90
128.905;0.00544723;90
139.046;0.00375774;90
139.775;0.00433263;90
150.804;0.00449163;90
-179.431;0.0040292;90
-166.246;0.0034911;90
157.214;0.00346763;90
135.875;0.00347442;90
150.496;0.00344584;90
154.227;0.00352796;90
134.622;0.00396483;90
128.806;0.00435789;90
131.053;0.00429384;90
129.657;0.00457861;90
121.86;0.00593166;90
132.403;0.00485362;90
138.227;0.00460987;90
146.084;0.0043622;90
161.23;0.00297734;90
-177.215;0.00121443;90
136.737;0.00324216;90
138.968;0.00346393;90
136.156;0.00392524;90
124.315;0.00439737;90
121.637;0.00300452;90
129.779;0.00166294;90
141.562;0.00416456;90
146.608;0.00443156;90
147.224;0.00450529;90
137.887;0.00536385;90
127.868;0.00539382;90
145.662;0.00272126;90
127.681;0.00180938;90
178.456;0.00178165;90
-129.118;0.00185603;90
-122.001;0.00377221;90
169.379;0.00291901;90
149.258;0.00318681;90
172.571;0.00287715;90
-161.698;0.00300607;90
-138.498;0.00361581;90
-134.562;0.00545266;90
-152.399;0.00480028;90
-163.431;0.00471999;90
-146.73;0.00525537;90
-128.189;0.00636789;90
-169.107;0.00439724;90
168.918;0.00463034;90
-176.73;0.00455842;90
161.149;0.00491779;90
157.093;0.00494822;90
153.964;0.00513736;90
147.398;0.0052301;90
-162.623;0.00424893;90
-178.517;0.00436546;90
-176.724;0.00474175;90
-174.293;0.00469628;90
-150.844;0.00399636;90
-122.733;0.00380411;90
-100.482;0.00538689;90
-92.0722;0.0058078;90
-95.4995;0.00715795;90
-120.541;0.00641148;90
-108.583;0.00724259;90
-121.593;0.00554128;90
176.355;0.00424659;90
174.724;0.00444784;90
-154.326;0.00468558;90
-113.902;0.00726836;90
-124.32;0.00652866;90
-144.868;0.00486044;90
-106.189;0.00770449;90
-108.246;0.00845408;90
-103.599;0.00782127;90
162.235;0.00389682;90
168.043;0.00454665;90
-161.557;0.00444743;90
175.738;0.00353879;90
141.853;0.00417204;90
133.486;0.00390742;90
137.789;0.00334292;90
135.681;0.0029743;90
143.151;0.002718;90
150.238;0.00247784;90
138.792;0.0024803;90
131.625;0.00233042;90
137.592;0.00186089;90
-173.908;0.00163021;90
-153.127;0.00274996;90
-173.326;0.00250397;90
-160.299;0.00254815;90
-152.548;0.00285893;90
-135.154;0.00288996;90
-158.273;0.00214757;90
-171.562;0.000735967;90
-100.106;0.00152161;90
-106.249;0.00552156;90
-110.652;0.00512641;90
-134.682;0.00356529;90
-142.977;0.00299601;90
-110.206;0.00432838;90
-101.255;0.00678346;90
-97.4697;0.00812293;90
-98.551;0.00910623;90
-100.178;0.00826811;90
-101.095;0.00836637;90
-101.129;0.00818593;90
-101.038;0.00800712;90
-102.703;0.00862205;90
-112.197;0.00666495;90
-121.804;0.00677406;90
-120.635;0.00648395;90
-114.95;0.00683704;90
-113.477;0.00717165;90
-117.38;0.00676032;90
-121.048;0.00677454;90
-128.186;0.00573911;90
-142.619;0.0050402;90
-122.222;0.00622467;90
-115.466;0.00680516;90
-143.589;0.00437014;90
168.808;0.00351892;90
137.919;0.00376315;90
131.362;0.00352142;90
126.33;0.00269732;90
133.838;0.00198809;90
118.041;0.00400971;90
98.1421;0.00470947;90
106.031;0.00469664;90
121.832;0.00346398;90
128.584;0.00129718;90
132.452;0.00101783;90
130.662;0.00264579;90
136.222;0.00215504;90
146.105;0.00193481;90
147.912;0.00191446;90
142.033;0.00175552;90
-154.502;0.00189786;90
-102.91;0.00440433;90
-101.922;0.00257044;90
-102.243;0.00408388;90
-103.764;0.00439213;90
-116.523;0.00362109;90
-124.66;0.00340773;90
-119.282;0.00454701;90
-111.231;0.00483519;90
-112.701;0.00510985;90
-116.017;0.00490616;90
-115.569;0.00468259;90
-119.177;0.00421937;90
-124.344;0.00281834;90
-138.757;0.00323702;90
-132.357;0.00452393;90
-131.952;0.00538658;90
-137.785;0.00523878;90
-132.484;0.00576565;90
-117.414;0.00784722;90
-117.317;0.00719092;90
-136.021;0.00575606;90
-153.607;0.00507724;90
-136.857;0.005478;90
-117.309;0.00671995;90
-132.857;0.00542801;90
178.673;0.0048353;90
158.359;0.00478854;90
150.213;0.00474259;90
141.856;0.00501104;90
-127.74;0.00563985;90
-102.547;0.00902659;90
-97.0363;0.00840832;90
-93.2245;0.00867574;90
-120.142;0.00621541;90
-126.853;0.0059524;90
-123.604;0.00624454;90
-112.398;0.00654797;90
-139.803;0.00316694;90
123.965;0.00380889;90
125.164;0.00515348;90
125.352;0.00556515;90
131.379;0.00373957;90
68.0742;0.00162558;90
175.387;0.00180284;90
115.714;0.0220317;90
148.309;0.00171701;90
159.694;0.00348669;90
-178.285;0.00855183;90
165.637;0.000850586;90
-161.317;0.00131742;90
-177.397;0.00266475;90
-165.454;0.00269953;90
-121.972;0.0082718;90
-165.645;0.0013068;90
-126.494;0.00210345;90
-98.9174;0.00312882;90
-134.226;0.000837291;90
-178.208;0.00201499;90
26.8442;0.0311206;90
-38.2616;0.00215744;90
-47.8662;0.00421397;90
-54.3952;0.00466514;90
-67.7464;0.00531811;90
-74.3358;0.00582223;90
-59.6714;0.00445581;90
-9.33271;0.00101747;90
167.43;0.0421801;90
-159.555;0.000541082;90
28.8901;0.00291018;90
82.2309;0.00197513;90
56.0557;0.00256274;90
54.1162;0.00715866;90
31.4512;0.00364911;90
4.86451;0.00353774;90
-7.12896;0.00360184;90
-1.81246;0.00388895;90
18.4162;0.0038681;90
-31.827;0.00384749;90
-42.4985;0.00383971;90
-59.5249;0.0045646;90
-64.7995;0.00490151;90
-74.8847;0.00549926;90
-64.6225;0.00453125;90
-50.4004;0.003704;90
-53.0311;0.00520801;90
-54.9492;0.00551278;90
-54.6842;0.00471213;90
-9.88266;0.00116529;90
46.478;0.00430418;90
68.5703;0.00729965;90
57.3632;0.00713687;90
46.9597;0.0060585;90
83.7701;0.0110674;90
86.5678;0.00644756;90
76.0918;0.0060782;90
75.8566;0.00596275;90
46.629;0.00519863;90
-31.2403;0.00291345;90
-45.7334;0.00464041;90
-23.1139;0.004086;90
-10.4188;0.00476659;90
11.945;0.00497165;90
64.783;0.00785122;90
48.1646;0.00678868;90
27.3812;0.00571418;90
43.8576;0.00649041;90
63.5402;0.00803018;90
61.1866;0.00782018;90
44.1793;0.00636815;90
43.5289;0.00644528;90
49.0576;0.00628567;90
41.5042;0.00360659;90
54.6508;0.00353464;90
62.6718;0.00664797;90
64.2151;0.00673342;90
68.0682;0.00652739;90
68.6816;0.0260129;90
74.6328;0.00228676;90
66.7886;0.00294323;90
-27.5888;0.00392985;90
-36.2676;0.000894249;90
-36.2344;0.000793449;90
-34.4148;0.00195159;90
-51.9389;0.00529114;90
-66.0008;0.00951999;90
-81.3243;0.00414341;90
-64.5864;0.00331586;90
-47.8685;0.00265639;90
-48.7658;0.00825774;90
-35.8198;0.00259724;90
37.4862;0.00996598;90
67.289;0.00324023;90
58.3968;0.00528592;90
38.5584;0.00485311;90
47.2995;0.00475842;90
58.079;0.00611821;90
61.9931;0.00616724;90
64.4013;0.0071864;90
66.3758;0.00816749;90
60.2004;0.00701454;90
58.042;0.00705651;90
67.2565;0.00773656;90
77.2985;0.00726785;90
78.3743;0.00683318;90
79.5422;0.00880933;90
79.0832;0.0100906;90
80.0714;0.0095348;90
81.6264;0.0093527;90
80.1737;0.0139222;90
61.4635;0.0220088;90
18.0502;0.00127158;90
35.9436;0.00241232;90
40.9156;0.00239256;90
18.819;0.00995413;90
-22.0647;0.00266736;90
-41.294;0.00169565;90
-61.6924;0.00169125;90
-34.7055;0.00104855;90
-27.1554;0.00203985;90
-38.3022;0.0025524;90
-36.4043;0.00231348;90
-45.547;0.00222183;90
-44.1286;0.00274318;90
-35.8417;0.00254121;90
-49.5821;0.00294745;90
-37.4856;0.00290357;90
-17.8914;0.00263335;90
21.4606;0.00384025;90
4.86927;0.00459458;90
-34.2428;0.00488714;90
71.3371;0.0213844;90
55.0898;0.0249034;90
-3.59247;0.00354296;90
-4.98484;0.00460341;90
22.6074;0.004594;90
74.2952;0.0384327;90
1.464;0.0260285;90
-21.6258;0.00181797;90
-14.7046;0.0210412;90
-10.9919;0.00335658;90
43.7803;0.0126233;90
22.1744;0.00413589;90
16.9258;0.00426265;90
41.7461;0.00482105;90
42.6716;0.0064223;90
12.8514;0.00419919;90
-28.3786;0.00528513;90
21.9194;0.00405838;90
73.4818;0.00736495;90
-59.748;0.00280267;90
-53.3714;0.00341923;90
-51.8724;0.00553113;90
-47.0541;0.00617489;90
-33.8152;0.00507802;90
-35.6756;0.00975832;90
-55.2252;0.0025493;90
-58.2214;0.00449835;90
-47.2592;0.00401808;90
-41.9606;0.00400078;90
-42.8571;0.00370642;90
-10.3389;0.00240708;90
-25.7508;0.00402801;90
-39.6812;0.00530919;90
-45.5725;0.00580281;90
-57.5056;0.00661929;90
-49.6782;0.00567009;90
-49.1496;0.00424103;90
-50.6932;0.00578083;90
-30.6137;0.00513699;90
-33.965;0.00502786;90
-39.0835;0.00375921;90
-2.53451;0.00321114;90
12.7717;0.00445113;90
-19.9654;0.00470051;90
-40.5351;0.00582231;90
-43.4705;0.00588098;90
-52.7031;0.00644118;90
-43.0489;0.00386304;90
-43.2748;0.00349964;90
-49.8089;0.0041668;90
-47.4003;0.0041027;90
-44.518;0.00554816;90
-44.7192;0.00591643;90
-45.6631;0.00629296;90
-39.8764;0.00600967;90
-60.1266;0.0117249;90
-64.7899;0.00440673;90
-71.497;0.00532528;90
-69.7469;0.00781413;90
-48.655;0.00433702;90
-51.1531;0.00497416;90
-70.2966;0.00761378;90
-64.6482;0.00684301;90
-63.8929;0.00872855;90
-23.5063;0.00295851;90
-31.3617;0.00412344;90
-61.2947;0.00525709;90
-55.849;0.00465464;90
-54.4274;0.00534437;90
-45.0766;0.006347;90
-61.2312;0.00759438;90
-63.0091;0.00637878;90
-56.3253;0.00618602;90
-31.5025;0.00543503;90
-15.9223;0.00511421;90
-31.3739;0.00560678;90
-36.1321;0.00619691;90
-21.9921;0.00535678;90
-49.3357;0.00650987;90
-69.681;0.00874305;90
-60.8919;0.00770055;90
-57.0913;0.00730164;90
-47.8855;0.00568882;90
-45.3228;0.00464364;90
-50.5117;0.00589696;90
-60.304;0.00726286;90
-67.006;0.00849387;90
-53.6441;0.00691128;90
-29.9211;0.00580585;90
-17.4535;0.00467105;90
-18.7413;0.00372553;90
-1.53065;0.00415548;90
54.6121;0.00556026;90
65.9056;0.00582008;90
45.3209;0.00429221;90
33.7208;0.00413224;90
46.6589;0.00415246;90
52.4259;0.00445894;90
62.585;0.00509522;90
59.1122;0.00491275;90
56.2409;0.00483172;90
62.8516;0.00522686;90
37.643;0.00422438;90
15.1355;0.00310988;90
8.38594;0.00266045;90
5.59051;0.00493748;90
-18.703;0.00310919;90
-34.0965;0.0041831;90
-30.8764;0.00359907;90
-6.07898;0.00278566;90
22.8949;0.00453421;90
-28.2496;0.00462485;90
-29.7035;0.0025731;90
-83.5731;0.00211731;90
-76.2444;0.00633777;90
-63.9139;0.00674064;90
-64.9986;0.00490016;90
107.164;0.00249407;90
-105.243;0.00339649;90
-97.0947;0.0039835;90
-97.0955;0.00240441;90
-94.0697;0.00307175;90
-102.304;0.0032568;90
-95.3112;0.00391079;90
-90.8364;0.00137015;90
88.5181;0.00324809;90
140.363;0.00139202;90
80.8627;0.00255036;90
95.8917;0.00122748;90
82.1883;0.0161347;90
119.339;0.00276344;90
112.643;0.0137043;90
127.511;0.00194772;90
170.257;0.00151282;90
-175.728;0.0101763;90
141.27;0.00177414;90
145.95;0.00176814;90
163.123;0.00711965;90
179.405;0.000866047;90
-174.246;0.00117693;90
-175.888;0.00311001;90
-147.39;0.00969539;90
-118.864;0.00312183;90
-118.506;0.013387;90
-123.641;0.00128885;90
-126.72;0.0014534;90
-129.111;0.00321166;90
-131.341;0.00395584;90
-146.492;0.00375146;90
-140.438;0.00384985;90
-115.002;0.0067881;90
-115.051;0.00306314;90
-126.297;0.000920646;90
-159.649;0.00295016;90
175.225;0.00321918;90
160.98;0.00328009;90
162.823;0.00305423;90
162.968;0.00375886;90
142.817;0.00388346;90
128.389;0.00472306;90
118.929;0.00506274;90
111.641;0.00583531;90
117.042;0.00526791;90
127.879;0.00410104;90
130.698;0.00410075;90
133.611;0.00583534;90
132.749;0.0037081;90
122.856;0.00388914;90
121.66;0.00534789;90
118.172;0.00712736;90
110.29;0.00784371;90
129.128;0.0059234;90
161.091;0.00420597;90
146.336;0.00488164;90
143.264;0.00497881;90
155.517;0.00464022;90
162.985;0.00493815;90
144.39;0.00504922;90
121.522;0.00646495;90
118.058;0.00677982;90
118.369;0.00666321;90
134.134;0.00519288;90
126.312;0.00965746;90
120.959;0.00447097;90
130.37;0.00423951;90
160.245;0.0036243;90
126.366;0.0050494;90
112.669;0.00648393;90
116.329;0.00607187;90
108.581;0.00596281;90
123.507;0.00467726;90
121.421;0.011511;90
105.515;0.0042208;90
114.147;0.00440987;90
114.138;0.00664171;90
121.377;0.00674899;90
140.386;0.00550651;90
134.958;0.00584636;90
133.712;0.00572477;90
135.192;0.0046344;90
136.616;0.00381141;90
131.499;0.00390273;90
129.035;0.00319788;90
137.21;0.00392453;90
135.477;0.00424844;90
127.654;0.00502707;90
132.085;0.00401803;90
141.554;0.00351253;90
137.469;0.00364357;90
148.178;0.00381198;90
174.83;0.00409466;90
-169.861;0.00501024;90
144.647;0.00482709;90
144.382;0.00389953;90
154.239;0.00436702;90
134.151;0.00491705;90
129.693;0.00442637;90
130.547;0.00516403;90
124.953;0.00637977;90
127.869;0.00623755;90
138.248;0.00557884;90
148.917;0.00479785;90
172.216;0.00243645;90
152.895;0.00156487;90
137.507;0.00376612;90
138.338;0.00333967;90
132.987;0.00370328;90
124.022;0.00392124;90
120.196;0.00247134;90
137.095;0.00135431;90
135.541;0.00344659;90
145.825;0.00432598;90
148.032;0.00420819;90
144.938;0.00406462;90
131.161;0.00468874;90
129.839;0.00544771;90
165.47;0.00171794;90
149.657;0.00261293;90
-120.954;0.00298047;90
-143.633;0.00400875;90
150.503;0.0051403;90
-178.746;0.00434204;90
-139.525;0.00518085;90
-146.552;0.0109038;90
-159.096;0.00431609;90
-145.782;0.00376463;90
-132.813;0.00437311;90
-130.24;0.00420908;90
173.307;0.00330351;90
166.521;0.00366804;90
-177.262;0.00433395;90
166.082;0.00483496;90
157.333;0.00503923;90
154.467;0.00558437;90
146.588;0.00525557;90
-162.893;0.0042427;90
177.015;0.00416765;90
-172.487;0.00448954;90
-179.799;0.00455103;90
-151.963;0.00516971;90
-112.008;0.00683939;90
-94.0006;0.00825612;90
-97.2435;0.00713797;90
-120.829;0.0062676;90
-107.936;0.0072966;90
-125.712;0.00554213;90
175.251;0.00450547;90
175.523;0.00438137;90
-147.866;0.0044237;90
-114.458;0.00694634;90
-123.444;0.0067136;90
-147.596;0.00437408;90
-109.097;0.00497902;90
-108.671;0.00437315;90
-107.947;0.00583177;90
-101.114;0.00763622;90
-158.192;0.00320863;90
149.882;0.00384627;90
-175.001;0.00361475;90
-159.225;0.0037327;90
172.435;0.00284073;90
143.006;0.00321901;90
128.783;0.00333666;90
145.602;0.00316675;90
133.126;0.00326504;90
143.343;0.00290942;90
141.56;0.00272322;90
153.473;0.00203751;90
139.165;0.00141158;90
124.307;0.00237037;90
140.299;0.00230441;90
-170.434;0.00208195;90
-157.514;0.00287347;90
-169.871;0.00261576;90
-157.983;0.00281423;90
-141.755;0.00349261;90
-144.574;0.00269125;90
-175.816;0.00124732;90
-110.893;0.000855234;90
-103.738;0.0048971;90
-110.511;0.00509714;90
-124.955;0.00456075;90
-142.47;0.00390526;90
-108.467;0.00567313;90
-98.3457;0.0075924;90
-97.6834;0.00861636;90
-98.8623;0.00926258;90
-101.089;0.00886451;90
-100.911;0.00904961;90
-101.383;0.00863892;90
-101.155;0.00887468;90
-109.21;0.00850984;90
-121.091;0.00672156;90
-121.402;0.00584982;90
-116.069;0.00681534;90
-113.665;0.00647992;90
-116.115;0.0069517;90
-120.294;0.00765999;90
-125.999;0.00656716;90
-141.87;0.00550973;90
-122.527;0.00629909;90
-115.647;0.00672561;90
-144.52;0.00416423;90
174.114;0.00298373;90
142.168;0.00327546;90
130.925;0.00366217;90
128.632;0.00321312;90
123.461;0.00651112;90
101.233;0.00101647;90
100.176;0.00773163;90
121.106;0.00290931;90
126.784;0.001331;90
131.179;0.000742699;90
130.132;0.00109998;90
129.89;0.00244499;90
136.561;0.00215394;90
141.155;0.000626572;90
146.575;0.00192067;90
146.936;0.00246163;90
148.184;0.00221361;90
-107.034;0.00352984;90
-104.058;0.00321942;90
-97.8948;0.00127408;90
-103.041;0.00280535;90
-101.261;0.00389193;90
-109.083;0.00388447;90
-121.33;0.00362332;90
-125.524;0.00378805;90
-113.417;0.00488647;90
-111.301;0.00523031;90
-114.852;0.00484683;90
-115.934;0.0091416;90
-121.355;0.00286547;90
-125.4;0.00237018;90
-141.697;0.0035107;90
-131.272;0.00519834;90
-132.999;0.00548696;90
-139.088;0.00564364;90
-127.993;0.0284387;90
-143.606;0.00327471;90
-134.268;0.0167775;90
172.709;0.00321499;90
155.911;0.0027122;90
-141.26;0.0531469;90
128.33;0.00173496;90
113.21;0.00632057;90
114.264;0.0133207;90
138.284;0.00451735;90
158.735;0.00354861;90
-161.462;0.00298172;90
-177.074;0.00303696;90
161.613;0.00304338;90
-168.797;0.00284624;90
-179.816;0.00280401;90
-144.381;0.00327098;90
-120.085;0.00378027;90
-118.186;0.00328789;90
-161.364;0.00179935;90
-103.921;0.00312581;90
-111.204;0.0018331;90
157.71;0.00130771;90
-146.297;0.00122367;90
5.86381;0.0363532;90
-68.5846;0.00212255;90
-73.9033;0.00598358;90
-62.9594;0.00447184;90
-43.037;0.00140372;90
71.0727;0.00117768;90
-58.3058;0.0138965;90
-56.2507;0.00509576;90
36.5213;0.00134762;90
49.7981;0.0044974;90
67.5533;0.00679372;90
59.0318;0.00666392;90
41.1216;0.00486118;90
72.3665;0.00583308;90
87.9546;0.00694843;90
86.5083;0.00612437;90
76.7369;0.00623737;90
75.6396;0.00604384;90
4.24513;0.00726794;90
-29.3413;0.00454276;90
-23.5837;0.00351673;90
-6.46518;0.00354354;90
3.04514;0.00335073;90
50.6077;0.0045444;90
66.6362;0.00550977;90
49.4221;0.00452126;90
32.2317;0.00423928;90
26.0836;0.00372542;90
39.7439;0.00380539;90
62.7683;0.00515091;90
62.8329;0.00502204;90
62.9077;0.00515122;90
51.5095;0.00560104;90
41.9059;0.00471621;90
46.0445;0.00663306;90
47.3994;0.00577647;90
41.3557;0.00282566;90
54.6595;0.00385177;90
63.9627;0.00636054;90
64.7791;0.00678699;90
67.8724;0.00649109;90
67.1756;0.0054085;90
55.8094;0.00361956;90
100.144;0.00251532;90
51.3294;0.00165482;90
67.1825;0.0025864;90
-111.797;0.00259881;90
-110.303;0.00214421;90
-14.6279;0.0010335;90
60.8674;0.00378365;90
76.5799;0.00442071;90
80.267;0.0038626;90
75.0936;0.00309826;90
77.9169;0.00446185;90
3.44974;0.00234325;90
-36.9153;0.002524;90
-40.2002;0.00576333;90
-48.7262;0.00202378;90
-52.489;0.00352102;90
-68.9663;0.00541908;90
-79.9184;0.00387889;90
-74.0025;0.00452837;90
-47.835;0.00265915;90
-54.1056;0.00313665;90
-49.361;0.00313378;90
-43.4604;0.00305297;90
-30.4408;0.00281853;90
8.15748;0.00295995;90
45.7315;0.00443109;90
65.6294;0.00678563;90
53.5928;0.0060672;90
38.9583;0.00518644;90
55.0679;0.00728076;90
59.612;0.00460806;90
62.5709;0.00637575;90
64.5128;0.0178546;90
59.0979;0.00350681;90
74.9508;0.051404;90
81.1832;0.00271407;90
81.6804;0.00666918;90
81.8573;0.00643891;90
82.6898;0.00587072;90
76.8017;0.00451116;90
67.4572;0.00457777;90
31.4335;0.00409964;90
64.8979;0.00536026;90
70.8365;0.00532191;90
76.8799;0.0037314;90
13.5811;0.00235073;90
41.7665;0.00347247;90
29.1654;0.00311492;90
14.5858;0.00268038;90
10.2902;0.00245753;90
27.6018;0.00229861;90
8.99873;0.00148326;90
-43.0196;0.00204617;90
-43.7108;0.00499697;90
-31.3387;0.00254183;90
-37.0724;0.00283002;90
-45.7295;0.00338802;90
-36.3663;0.00336793;90
-50.6011;0.00349921;90
-39.0275;0.00343183;90
-21.2203;0.0027462;90
21.5272;0.00395703;90
5.12388;0.00441163;90
-32.3496;0.00455256;90
56.5508;0.00481678;90
78.6542;0.0084532;90
67.8076;0.00740236;90
64.9546;0.00642514;90
41.7614;0.00550726;90
60.781;0.00704088;90
56.4964;0.00664867;90
-3.00351;0.00421779;90
-5.44324;0.00373183;90
-0.761156;0.00278525;90
42.891;0.00322801;90
75.4391;0.00707215;90
62.2986;0.00672026;90
75.3824;0.00731477;90
87.5133;0.00862012;90
72.4713;0.00735764;90
31.7479;0.00502486;90
9.05551;0.00449199;90
-0.516597;0.00476919;90
4.98957;0.0043806;90
17.9944;0.00403013;90
-30.4272;0.0051457;90
-26.7992;0.00503477;90
-21.1766;0.010677;90
1.7127;0.00414885;90
-10.1568;0.00501865;90
17.6262;0.00457058;90
49.7125;0.00637774;90
32.1771;0.00558833;90
13.615;0.00422266;90
26.3729;0.0037347;90
45.9125;0.00586124;90
36.9664;0.00534301;90
-1.40724;0.00472342;90
-27.9742;0.00511007;90
57.8797;0.00581156;90
64.6918;0.00458728;90
-69.5349;0.00368668;90
-51.5514;0.00487125;90
-51.818;0.00584313;90
-41.5914;0.0046263;90
-32.4006;0.00379594;90
-32.6832;0.00271484;90
-33.2202;0.00331472;90
-39.6323;0.00317469;90
-25.5785;0.000727277;90
-61.7258;0.00292384;90
-57.8782;0.0042259;90
-46.8313;0.00415991;90
-40.8787;0.0039651;90
-42.611;0.00329091;90
-42.7064;0.00109548;90
5.49096;0.00160938;90
-22.861;0.00274133;90
-34.0295;0.00351131;90
-41.6178;0.00484222;90
-47.2461;0.00479929;90
-59.3023;0.00450532;90
-51.8458;0.00527372;90
-49.0746;0.00393084;90
-50.4854;0.00383168;90
-48.8438;0.00380785;90
-39.7918;0.00320156;90
-22.1105;0.00316689;90
-38.0126;0.00478375;90
-26.9631;0.00482779;90
12.7553;0.00518598;90
-11.9624;0.00371978;90
-35.0551;0.00357439;90
-40.6201;0.00462951;90
-44.9786;0.00566746;90
-51.9096;0.00655369;90
-41.8033;0.00453962;90
-47.682;0.00426145;90
-48.3637;0.00508579;90
-43.9068;0.00437354;90
-44.9547;0.00357513;90
-44.8992;0.00361827;90
-46.8976;0.00574415;90
-41.2919;0.00584941;90
-56.205;0.0110549;90
-65.6331;0.00504873;90
-70.5561;0.0124458;90
-57.6539;0.00491933;90
-45.5268;0.00492167;90
-66.0322;0.00543789;90
-69.3958;0.00473701;90
-61.1088;0.00415401;90
-68.2199;0.0059831;90
-64.0153;0.00437084;90
-24.4519;0.00299569;90
-20.9023;0.00276924;90
-55.3328;0.00362688;90
-60.2841;0.00343353;90
-55.5189;0.0033349;90
-57.6678;0.00423688;90
-46.0875;0.00327874;90
-40.2924;0.00348081;90
-61.3287;0.00435612;90
-59.6783;0.00486675;90
-62.372;0.00525522;90
-62.2135;0.00543354;90
-41.0049;0.00532827;90
-21.2957;0.00439725;90
-17.9932;0.00508573;90
-36.2184;0.00590998;90
-34.3012;0.00556479;90
-22.4668;0.00506871;90
-55.4495;0.0064641;90
-68.4476;0.00931531;90
-60.9658;0.00738051;90
-55.8307;0.00702941;90
-45.5998;0.00641735;90
-49.1732;0.00603418;90
-53.0684;0.0061262;90
-68.6599;0.00691942;90
-64.0555;0.00627656;90
-52.0424;0.00535216;90
-36.7628;0.00459981;90
-16.4682;0.00398967;90
-17.2215;0.007093;90
0.269897;0.00297203;90
42.8052;0.00321262;90
65.9033;0.00468309;90
64.568;0.00463628;90
39.9483;0.00370194;90
33.2874;0.00359122;90
45.7341;0.00402872;90
52.1116;0.00412945;90
60.2551;0.00432137;90
64.7967;0.00429044;90
54.247;0.00433002;90
58.7436;0.00480082;90
60.9287;0.00500105;90
22.7747;0.00287516;90
14.4797;0.00266361;90
8.21687;0.00242792;90
6.63859;0.00239607;90
6.80943;0.00225188;90
-10.5544;0.00258778;90
-34.4614;0.00331713;90
-32.7118;0.00381745;90
-40.5567;0.00250999;90
-63.4182;0.00306162;90
-51.5648;0.00306774;90
-46.7471;0.0028064;90
-50.9378;0.00184555;90
-49.4869;0.00176256;90
-70.194;0.00243186;90
-58.2266;0.00217259;90
-36.8376;0.001773;90
-35.9824;0.00187222;90
-38.0153;0.00179096;90
-17.3103;0.00156278;90
-24.7613;0.00144924;90
-72.7643;0.0025987;90
-74.4354;0.00136402;90
-93.1754;0.00426054;90
-96.5386;0.00338099;90
-100.542;0.00323562;90
-105.472;0.0023429;90
127.827;0.00158002;90
78.1535;0.00245019;90
96.8302;0.0010847;90
-83.4418;0.00487691;90
-78.5854;0.00128849;90
-91.3563;0.0032109;90
-90.1913;0.00359502;90
-88.2326;0.00333959;90
-92.3362;0.00326271;90
-118.402;0.00241351;90
-86.7658;0.00216244;90
-11.482;0.000587763;90
-90.3205;0.00214503;90
-87.0067;0.00570679;90
-78.5972;0.0062922;90
-67.3616;0.00547915;90
-47.2229;0.00444822;90
-60.1779;0.00543124;90
-75.5219;0.00619576;90
-75.6224;0.00594417;90
-64.3995;0.0056585;90
-74.8913;0.00597349;90
-74.075;0.00539401;90
-73.0886;0.00294955;90
-70.0375;0.00404504;90
-49.8141;0.00507229;90
-34.4896;0.00202735;90
-33.9945;0.00287061;90
-33.1528;0.00272092;90
-34.1117;0.00165832;90
-52.4982;0.00360882;90
-66.8825;0.00538436;90
-74.938;0.0102015;90
-78.2704;0.00187414;90
-76.2348;0.00389589;90
-87.7715;0.00519493;90
-106.977;0.00440078;90
-124.91;0.00252668;90
-82.1574;0.00383285;90
-69.9132;0.00453058;90
-72.8642;0.00521657;90
-65.0287;0.00524203;90
-53.0267;0.00487661;90
-58.0452;0.00504676;90
-66.6926;0.00608344;90
-63.0907;0.00625305;90
-55.4828;0.00511071;90
-61.0221;0.00507769;90
-62.526;0.0052997;90
-58.327;0.00504313;90
-43.9688;0.00436143;90
-44.8102;0.00405528;90
-48.9323;0.00474312;90
-43.2352;0.00388032;90
-46.8199;0.00367386;90
-63.6832;0.00443908;90
-76.7253;0.00594895;90
-88.6579;0.00636175;90
-85.0814;0.00684621;90
-77.6238;0.00594413;90
-50.5122;0.00424743;90
-40.6423;0.0031827;90
-42.2308;0.00314676;90
-58.0609;0.00302259;90
-54.6882;0.00321439;90
-60.759;0.0040902;90
-56.1327;0.00367685;90
-64.7756;0.00393745;90
-58.9829;0.00405011;90
-45.5506;0.00331153;90
-52.6538;0.00344032;90
-38.7672;0.00316534;90
-59.929;0.00424888;90
-70.0711;0.00550676;90
-63.2122;0.0054073;90
-37.0796;0.00371522;90
-30.7333;0.00371006;90
-32.6218;0.0038231;90
-34.3391;0.00350121;90
-50.8838;0.00372486;90
-67.0569;0.00388645;90
-59.6417;0.0034408;90
-36.8871;0.0026706;90
-36.5755;0.00303584;90
-54.0355;0.00368306;90
-48.4671;0.0032622;90
-5.60762;0.00337716;90
6.79788;0.00152069;90
30.2903;0.00207185;90
75.0278;0.00307334;90
108.268;0.00652381;90
89.2392;0.00316328;90
86.1053;0.00449037;90
77.2719;0.00389881;90
64.2396;0.00420378;90
54.0261;0.00299277;90
30.0346;0.00237951;90
10.6356;0.00176634;90
52.6752;0.000831226;90
-134.949;0.000788424;90
-164.084;0.00161907;90
-158.543;0.00157732;90
-133.13;0.00255685;90
112.927;0.0011064;90
116.962;0.00212834;90
128.419;0.00115382;90
121.269;0.00141797;90
107.222;0.00168872;90
104.939;0.00187746;90
100.42;0.00191864;90
101.196;0.00196744;90
94.4444;0.00230995;90
115.776;0.00344029;90
-56.032;0.00108639;90
-62.3379;0.00105114;90
-79.0405;0.00198826;90
-85.406;0.00204758;90
-75.4066;0.00184554;90
-80.7394;0.00154109;90
-75.5591;0.00322799;90
-70.4026;0.000888467;90
-54.753;0.00112285;90
-50.036;0.00111162;90
-52.8153;0.00127402;90
-77.8585;0.0017972;90
-101.535;0.00139518;90
-120.008;0.00351518;90
-106.097;0.00372922;90
-96.4773;0.00378516;90
-90.116;0.00395201;90
-76.1726;0.00272806;90
-70.9313;0.00268747;90
-79.0753;0.0026541;90
-111.211;0.00281362;90
-164.926;0.00202259;90
-153.493;0.00220029;90
-117.431;0.00103542;90
134.565;0.00548943;90
123.359;0.00379532;90
143.202;0.003182;90
139.006;0.00368454;90
117.199;0.00521572;90
122.148;0.00454603;90
144.827;0.00368722;90
149.563;0.00358276;90
148.37;0.00388042;90
141.181;0.00388765;90
119.603;0.00491911;90
110.935;0.00537909;90
127.597;0.00816086;90
125.204;0.0030755;90
133.034;0.00243246;90
130.467;0.00296143;90
114.614;0.00390152;90
120.907;0.00381001;90
121.981;0.0037667;90
120.184;0.0035145;90
125.02;0.00301117;90
124.041;0.00271891;90
138.281;0.00328636;90
137.477;0.00395925;90
120.62;0.00463535;90
98.8788;0.00679644;90
91.82;0.00601403;90
93.9322;0.0068391;90
112.823;0.00872406;90
135.811;0.00114916;90
135.434;0.00242545;90
136.561;0.00311525;90
133.38;0.00332685;90
131.327;0.00444765;90
137.906;0.00383533;90
127.294;0.00448252;90
117.894;0.00497391;90
117.699;0.00485769;90
122.411;0.00488258;90
121.753;0.00504511;90
114.87;0.00508123;90
114.584;0.00529057;90
120.807;0.00481896;90
121.542;0.0100838;90
106.792;0.00439959;90
110.236;0.00437717;90
103.168;0.00396834;90
67.3513;0.00534954;90
79.1863;0.00418939;90
98.041;0.00545463;90
105.016;0.00536106;90
104.74;0.00554551;90
106.098;0.00556106;90
118.601;0.00458102;90
134.685;0.0028313;90
145.873;0.00232787;90
147.437;0.00331276;90
142.227;0.00535646;90
118.502;0.00307009;90
110.105;0.00385171;90
154.48;0.000735789;90
-72.7091;0.00129869;90
103.239;0.0147592;90
120.357;0.00369223;90
107.902;0.00608037;90
103.328;0.00623801;90
110.597;0.00546641;90
135.302;0.00388419;90
120.525;0.00474688;90
110.173;0.00543118;90
96.9392;0.00596771;90
91.1366;0.00499098;90
82.2433;0.00486047;90
80.5278;0.00572404;90
81.3944;0.0054534;90
93.44;0.00214987;90
164.623;0.00127463;90
124.874;0.000993403;90
116.482;0.00123118;90
112.418;0.00131109;90
76.7803;0.001736;90
92.8049;0.00149179;90
-82.3824;0.0456095;90
-45.2799;0.00289493;90
-66.7017;0.00505412;90
-69.2242;0.00469959;90
-90.9845;0.00419062;90
-99.4429;0.00437022;90
-100.654;0.00441918;90
-81.6116;0.00348225;90
-120.646;0.0019167;90
-74.5962;0.00135155;90
-67.4768;0.00196054;90
-84.292;0.00222202;90
-98.9914;0.00222028;90
-113.415;0.00118019;90
130.093;0.000917652;90
-161.309;0.00120452;90
-73.3378;0.00873998;90
-58.3868;0.00922962;90
99.8913;0.00173479;90
104.018;0.001511;90
9.20093;0.000756736;90
45.5371;0.000905136;90
58.5246;0.00201673;90
61.1134;0.00152357;90
68.1313;0.00252899;90
95.9175;0.00173625;90
111.073;0.00186899;90
108.562;0.00185658;90
70.9553;0.000980678;90
87.5203;0.00328207;90
103.847;0.00287042;90
104.35;0.00526528;90
106.087;0.00506326;90
116.819;0.00474543;90
104.745;0.00551253;90
104.357;0.00537176;90
109.722;0.00515328;90
136.026;0.00375322;90
124.04;0.00458579;90
108.766;0.0055268;90
98.4449;0.00597175;90
92.4053;0.00419369;90
88.2101;0.00208102;90
80.0358;0.00364092;90
79.8911;0.00486553;90
80.9102;0.00482965;90
88.8445;0.00376877;90
144.916;0.000661121;90
166.809;0.00111748;90
104.758;0.0018097;90
137.714;0.00128413;90
74.8703;0.00156318;90
83.6677;0.00159574;90
95.7476;0.0135602;90
-129.889;0.000619059;90
-31.3398;0.00423371;90
-73.3474;0.00141327;90
-98.7517;0.0070258;90
-93.4649;0.00365668;90
-91.9429;0.00135678;90
164.251;0.00152526;90
147.959;0.195076;90
122.538;0.00151713;90
116.262;0.00237071;90
151.318;0.00675709;90
114.266;0.0239018;90
127.829;0.00330826;90
135.727;0.00456686;90
116.015;0.00503407;90
108.666;0.0102048;90
116.565;0.00277272;90
112.314;0.00554416;90
121.811;0.00535546;90
138.997;0.00422038;90
137.479;0.00475692;90
134.733;0.00454816;90
133.769;0.00444378;90
135.87;0.00763763;90
134.3;0.00144756;90
131.437;0.00263978;90
130.425;0.00501806;90
139.543;0.00427658;90
129.982;0.0116007;90
139.546;0.00109735;90
139.263;0.00146494;90
140.851;0.00450156;90
148.885;0.00369804;90
175.34;0.00375441;90
-179.561;0.00731321;90
138.297;0.00163542;90
132.378;0.00236492;90
150.711;0.00335028;90
136.437;0.0153406;90
131.015;0.00223846;90
-170.608;0.24644;90
-108.365;0.00308828;90
-127.106;0.00407263;90
-146.007;0.00315157;90
-110.826;0.0046776;90
-100.865;0.0141649;90
-102.68;0.0608981;90
-117.892;0.0196769;90
-113.295;0.0021013;90
-119.028;0.0169422;90
-123.453;0.00221494;90
-130.119;0.0145272;90
-129.599;0.00968298;90
178.476;0.00150353;90
143.381;0.00585086;90
132.496;0.00289695;90
128.443;0.00276164;90
133.966;0.00203821;90
122.564;0.00331636;90
104.209;0.0119372;90
126.062;0.00292189;90
141.389;0.00109931;90
126.279;0.00257894;90
127.377;0.0024627;90
158.096;0.00364298;90
134.613;0.00104796;90
-123.192;0.118186;90
-168.928;0.0040616;90
171.808;0.00407053;90
156.321;0.00429019;90
143.762;0.00429846;90
146.032;0.00445291;90
-129.727;0.00494735;90
-104.829;0.00788462;90
-100.006;0.00722287;90
-93.967;0.0139053;90
-115.609;0.0020105;90
-144.129;0.00274082;90
-124.578;0.0101353;90
-117.941;0.00169453;90
-105.173;0.00304515;90
-122.84;0.00435377;90
-143.13;0.00227;90
122.867;0.0029943;90
125.93;0.00434218;90
126.554;0.00532928;90
126.288;0.00458904;90
108.29;0.00137338;90
71.436;0.000983155;90
-134.467;0.0013676;90
128.212;0.00141779;90
112.601;0.0167157;90
122.421;0.00217856;90
164.837;0.014046;90
163.326;0.00195521;90
-149.965;0.0123689;90
-117.606;0.00219037;90
-122.125;0.00659119;90
-172.521;0.0021281;90
-161.525;0.00363536;90
111.603;0.00155632;90
109.046;0.00661618;90
133.761;0.00281211;90
174.507;0.00499393;90
162.345;0.00278623;90
149.816;0.00345087;90
100.643;0.0512231;90
89.4198;0.0930198;90
96.9436;0.00681599;90
102.941;0.00691668;90
105.227;0.00753867;90
94.4629;0.0155371;90
86.8961;0.00803379;90
90.5417;0.0253871;90
95.5633;0.0161018;90
99.8065;0.00331138;90
101.02;0.0147469;90
94.8411;0.0282136;90
99.3754;0.0103006;90
94.9697;0.0155836;90
93.2371;0.00494088;90
94.9163;0.00747952;90
99.6605;0.00736545;90
94.7558;0.00730916;90
90.8908;0.00713986;90
91.9433;0.00731321;90
95.8415;0.00775226;90
114.556;0.257122;90
109.89;0.00641359;90
105.032;0.0139152;90
98.3975;0.0450834;90
109.449;0.0185123;90
116.224;0.0039038;90
113.929;0.00680708;90
104.486;0.0182099;90
99.6393;0.00537489;90
100.975;0.00886107;90
105.754;0.00788207;90
113.624;0.00712948;90
125.993;0.0111249;90
123.664;0.00602904;90
116.762;0.00690457;90
114.832;0.00588623;90
114.538;0.00537216;90
112.448;0.00300901;90
84.2421;0.00144529;90
45.5218;0.00326131;90
45.3635;0.00445769;90
54.2733;0.00493218;90
70.5654;0.00531059;90
84.5479;0.00485195;90
84.3154;0.0120543;90
93.5613;0.00545754;90
77.0247;0.00577649;90
67.3864;0.00493869;90
75.1833;0.00350763;90
88.8518;0.00379276;90
86.1689;0.00291852;90
92.0586;0.00403661;90
86.3614;0.00510529;90
92.6372;0.00556389;90
93.4198;0.00504599;90
94.6765;0.0101066;90
87.3124;0.00162078;90
85.297;0.00376869;90
87.3356;0.00378609;90
99.9931;0.00514607;90
110.987;0.00236488;90
103.667;0.00515084;90
97.905;0.00518426;90
98.5576;0.00538293;90
99.3123;0.00389331;90
111.68;0.0173869;90
165.552;0.000977929;90
167.647;0.0018744;90
161.141;0.0010673;90
160.185;0.00171983;90
139.307;0.00249535;90
145.859;0.00179784;90
179.612;0.00088502;90
-163.181;0.0012787;90
175.904;0.00114793;90
-154.207;0.00229128;90
-147.196;0.00241989;90
-170.368;0.00199614;90
-146.375;0.00268891;90
-115.387;0.00293658;90
-105.219;0.00183226;90
-118.29;0.00405538;90
86.337;0.00214438;90
114.358;0.00104502;90
-63.8578;0.00260554;90
82.711;0.00138721;90
71.3586;0.00640713;90
24.5973;0.00098982;90
28.6431;0.00112235;90
19.9452;0.00361163;90
34.6537;0.0020119;90
21.7533;0.00177005;90
8.23136;0.00368092;90
-31.6864;0.000856704;90
-36.3418;0.004622;90
0.0933155;0.000614001;90
-23.0336;0.00113988;90
-40.8309;0.00549533;90
-34.7129;0.00245494;90
-67.1609;0.00357856;90
-82.1029;0.00455621;90
-71.7995;0.00324642;90
-83.4513;0.00388434;90
-84.9138;0.00498563;90
-80.3541;0.00446411;90
-78.6267;0.00425455;90
-72.6389;0.00290222;90
-2.18858;0.0010998;90
49.4548;0.00919471;90
41.1822;0.00146555;90
48.3525;0.00239412;90
28.0341;0.00228512;90
28.8523;0.00332813;90
19.2992;0.00324961;90
18.662;0.00223448;90
18.4001;0.00207825;90
19.4435;0.00905437;90
26.73;0.00248562;90
11.0013;0.00345856;90
-3.80603;0.00331431;90
-13.6519;0.00379625;90
-20.7842;0.00402707;90
-19.3085;0.00410701;90
-20.0812;0.0036435;90
-13.642;0.00708488;90
4.61193;0.00144267;90
19.2579;0.00235582;90
31.4782;0.00374397;90
37.7232;0.00748063;90
21.9083;0.00129448;90
0.21152;0.00216701;90
-42.6602;0.0107386;90
-54.4005;0.00431186;90
-53.3951;0.00488685;90
-33.2517;0.0104775;90
-8.25375;0.00176933;90
-30.3801;0.0119707;90
-32.9298;0.00265447;90
6.70062;0.00944451;90
18.1767;0.00666457;90
22.2463;0.0017935;90
26.8162;0.0156097;90
21.5478;0.00163636;90
-10.2725;0.0126731;90
-18.6598;0.00145023;90
-40.5963;0.0111522;90
-38.5859;0.0105261;90
-55.6976;0.0024913;90
-50.882;0.0162287;90
-38.9889;0.00201218;90
-17.8078;0.0117878;90
24.5091;0.00138368;90
19.841;0.0111605;90
9.87142;0.00131243;90
7.31469;0.0068568;90
34.3165;0.00159819;90
34.0406;0.00145057;90
19.1364;0.00911785;90
14.9396;0.00179984;90
17.0343;0.00203111;90
33.1454;0.0125465;90
61.9775;0.0145758;90
-69.7278;0.0176258;90
-54.4571;0.00253908;90
-49.3405;1.06359;90
68.5201;0.00112515;90
77.0166;0.00307563;90
85.7119;0.00270156;90
82.0334;0.00297269;90
92.2074;0.00137602;90
17.4615;0.000763168;90
-15.4241;0.000981344;90
88.7379;0.00349585;90
112.247;0.0117486;90
106.843;0.00613624;90
121.985;0.00554474;90
156.44;0.00378774;90
-155.164;0.00326167;90
-170.584;0.00283013;90
157.11;0.0031468;90
145.223;0.00336264;90
145.515;0.00287889;90
162.657;0.00282126;90
-171.896;0.00249694;90
-173.546;0.00221504;90
-173.417;0.00250351;90
-168.101;0.00274499;90
-160.4;0.00264421;90
-121.941;0.00450627;90
-118.738;0.00452995;90
-126.083;0.00397817;90
-119.39;0.00439116;90
-116.38;0.00470382;90
-127.638;0.0044918;90
-131.621;0.0038994;90
-145.348;0.0032044;90
-146.943;0.00326322;90
-121.837;0.00447766;90
-113.603;0.00427571;90
-117.326;0.00340046;90
-157.28;0.00358085;90
168.25;0.00449315;90
161.315;0.00434501;90
161.939;0.00445764;90
139.954;0.00451974;90
127.001;0.00420221;90
117.702;0.00443992;90
111.921;0.00686536;90
121.296;0.00644708;90
130.133;0.00581783;90
133.272;0.00562689;90
129.877;0.00633553;90
121.73;0.0066664;90
119.879;0.00683098;90
108.371;0.00706928;90
120.016;0.00434585;90
139.993;0.00346099;90
162.752;0.00305225;90
146.506;0.00428564;90
143.101;0.0047268;90
145.778;0.00358463;90
163.093;0.00422251;90
157.986;0.00471149;90
139.203;0.00564446;90
116.332;0.00803918;90
122.354;0.00690845;90
122.933;0.00671385;90
136.468;0.00449938;90
122.301;0.00448385;90
124.094;0.00440277;90
119.64;0.00515216;90
156.967;0.00376733;90
141.361;0.00437208;90
112.429;0.00732835;90
116.462;0.00699264;90
110.319;0.00811816;90
134.267;0.00552578;90
119.072;0.00649305;90
106.384;0.00609761;90
112.028;0.00502588;90
114.633;0.00501433;90
115.104;0.0039645;90
121.354;0.00300009;90
137.577;0.00473321;90
137.035;0.00519698;90
133.914;0.00533466;90
135.032;0.00509541;90
135.376;0.00474337;90
136.251;0.00375563;90
128.681;0.00548014;90
138.899;0.00477341;90
131.413;0.00535764;90
127.326;0.00464415;90
136.903;0.003662;90
139.204;0.00462987;90
144.991;0.00449537;90
174.14;0.00441708;90
-165;0.00425395;90
152.362;0.00446442;90
138.289;0.00410444;90
158.36;0.00369331;90
140.386;0.00475365;90
129.078;0.00398176;90
129.992;0.0040424;90
131.3;0.00420757;90
124.902;0.00428713;90
122.225;0.00462078;90
133.91;0.0043502;90
139.338;0.00543129;90
152.081;0.00442955;90
-161.513;0.00207193;90
131.948;0.00333308;90
138.505;0.00404798;90
137.076;0.00431406;90
125.055;0.00434398;90
122.578;0.00321482;90
128.835;0.00193594;90
141.123;0.00437508;90
149.018;0.0047205;90
146.503;0.0046168;90
135.845;0.00388597;90
128.336;0.0045883;90
135.591;0.00390839;90
149.066;0.00132088;90
162.911;0.00242297;90
-117.187;0.00255419;90
-133.624;0.00391497;90
151.547;0.00492828;90
175.676;0.0044958;90
-144.203;0.00531873;90
-134.77;0.00633714;90
-158.734;0.00465391;90
-157.941;0.00536795;90
-159.649;0.0211203;90
164.208;0.00332551;90
159.473;0.00487664;90
151.207;0.012505;90
-155.774;0.00311207;90
173.455;0.00431613;90
-167.908;0.00482608;90
177.591;0.00502044;90
-152.399;0.00529453;90
-112.569;0.00680839;90
-94.0131;0.00894493;90
-99.257;0.00711162;90
-120.33;0.0068379;90
-105.82;0.00833781;90
-151.008;0.00478456;90
175.623;0.0045603;90
177.492;0.0045934;90
-121.049;0.00643498;90
-119.455;0.00722139;90
-138.085;0.00558363;90
-113.327;0.00725286;90
-110.405;0.00796479;90
-101.636;0.00881517;90
-157.268;0.00351178;90
156.894;0.00481856;90
-166.301;0.00515567;90
178.081;0.00388118;90
139.852;0.00501581;90
137.241;0.00388711;90
132.995;0.00371883;90
143.016;0.00320481;90
144.619;0.00238681;90
149.958;0.00205739;90
133.32;0.00421971;90
140.51;0.00174543;90
-175.413;0.00177569;90
-152.487;0.00256736;90
-173.583;0.0022189;90
-162.724;0.00231336;90
-157.014;0.00250705;90
-134.583;0.00291336;90
-152.18;0.00208273;90
-165.389;0.00147469;90
-107.116;0.000920783;90
-104.172;0.00503214;90
-109.795;0.00545109;90
-129.095;0.00409609;90
-142.551;0.00350298;90
-110.009;0.0055617;90
-98.246;0.00824828;90
-97.7827;0.00883942;90
-99.4032;0.00892391;90
-100.589;0.00770013;90
-101.183;0.00723945;90
-100.465;0.00711842;90
-101.31;0.00919863;90
-104.923;0.00868284;90
-115.559;0.00771831;90
-122.824;0.00688295;90
-117.51;0.00751466;90
-113.224;0.00749642;90
-116.267;0.00731875;90
-120.187;0.00803459;90
-129.398;0.00673696;90
-140.972;0.00527394;90
-120.196;0.00480153;90
-113.605;0.00573377;90
-131.68;0.00448138;90
-163.602;0.00298961;90
158.441;0.00285472;90
137.538;0.00269885;90
131.454;0.00283527;90
128.439;0.00149756;90
127.304;0.00108243;90
131.851;0.00175061;90
130.987;0.00235407;90
110.667;0.00430396;90
98.645;0.00439089;90
109.139;0.00509671;90
126.375;0.00305531;90
130.255;0.00488092;90
143.123;0.0017264;90
145.47;0.00238519;90
141.698;0.00348009;90
-120.755;0.00320121;90
-103.848;0.00450803;90
-101.203;0.00410217;90
-102.967;0.00512058;90
-117.692;0.00395503;90
-124.625;0.00394222;90
-116.154;0.00474148;90
-111.083;0.00552376;90
-115.047;0.00597598;90
-115.991;0.00951316;90
-123.333;0.00426933;90
-136.814;0.00321753;90
-133.13;0.00522335;90
-132.376;0.00588576;90
-138.514;0.00443057;90
-128.132;0.00843265;90
-116.298;0.00651866;90
-117.252;0.00559728;90
-131.159;0.00466607;90
-151.665;0.00356286;90
-151.934;0.00409788;90
-134.226;0.0045563;90
-117.752;0.00533238;90
-121.729;0.005172;90
-174.281;0.00393358;90
169.995;0.0048924;90
156.271;0.00492538;90
133.522;0.00562125;90
-153.818;0.00454871;90
-106.057;0.00791789;90
-102.521;0.00833935;90
-89.2835;0.00911671;90
-102.562;0.0060324;90
-135.422;0.00537699;90
-120.864;0.00630601;90
-118.971;0.00595409;90
-117.783;0.00540848;90
-151.061;0.00239733;90
124.403;0.00445653;90
125.216;0.00567576;90
126.302;0.00548947;90
121.035;0.00247884;90
70.5082;0.00116581;90
144.743;0.00380251;90
106.027;0.00520844;90
109.415;0.0053036;90
120.335;0.00548263;90
134.692;0.0040737;90
140.905;0.00372501;90
-161.09;0.0031257;90
-172.88;0.00260609;90
173.657;0.00255262;90
166.425;0.00267986;90
-169.873;0.00233742;90
-178.681;0.0022586;90
-158.087;0.00256966;90
-125.307;0.00357813;90
-116.942;0.00387116;90
-158.725;0.00147448;90
-123.816;0.00240602;90
-98.1922;0.0032633;90
-173.1;0.000757486;90
172.352;0.00127736;90
34.3728;0.0230899;90
-9.70699;0.00219442;90
5.90614;0.00160351;90
20.338;0.00307575;90
-27.1153;0.00311991;90
-60.7968;0.025019;90
7.08262;0.000502837;90
72.1438;0.00109579;90
118.276;0.0127311;90
109.333;0.00284545;90
130.083;0.00878561;90
134.568;0.00140789;90
177.929;0.00476011;90
-158.024;0.00140293;90
-172.093;0.00149017;90
173.416;0.00550329;90
-168.192;0.00117282;90
179.459;0.00211709;90
-152.456;0.00337785;90
-127.816;0.00323424;90
-115.409;0.00401098;90
-145.01;0.00238388;90
-114.831;0.00468626;90
-179.039;0.00125218;90
2.4783;0.0367013;90
112.26;0.00213297;90
118.839;0.00352861;90
125.752;0.00456287;90
153.359;0.00707179;90
-154.257;0.00137219;90
-177.063;0.00122961;90
-178.986;0.00299547;90
161.873;0.00300199;90
-171.646;0.00275321;90
-131.202;0.0182764;90
141.077;0.000814923;90
178.833;0.00117824;90
-140.185;0.000774623;90
49.9515;0.0177858;90
2.21704;0.00305028;90
4.83431;0.00309702;90
-17.0432;0.00311165;90
6.65683;0.00315729;90
20.5511;0.00268914;90
-28.6871;0.003104;90
-36.9968;0.00370241;90
-57.7269;0.005036;90
-64.8181;0.00587318;90
-73.9795;0.00660554;90
-56.9178;0.00444451;90
53.4038;0.00108861;90
129.665;0.00583274;90
109.849;0.00438235;90
107.656;0.00492918;90
118.515;0.00495621;90
134.679;0.003537;90
140.831;0.00302083;90
-176.958;0.00282698;90
-165.248;0.00277652;90
176.726;0.0033094;90
163.164;0.002403;90
-175.323;0.00577623;90
-143.751;0.00271436;90
-122.353;0.00372056;90
-117.557;0.00353844;90
-118.996;0.00542959;90
-122.936;0.000926984;90
156.231;0.000962655;90
-147.649;0.00153056;90
-17.1411;0.0476171;90
-56.1385;0.00379944;90
-54.783;0.00488143;90
-54.6005;0.00284494;90
26.6837;0.00108002;90
45.1598;0.00354969;90
71.2638;0.00547303;90
55.9821;0.00489586;90
60.868;0.0053921;90
35.3284;0.00362811;90
17.1631;0.000698087;90
47.8089;0.0364485;90
13.6136;0.00226874;90
60.8295;0.006434;90
57.37;0.00592161;90
38.9574;0.00493047;90
25.9512;0.00546839;90
49.8922;0.00604445;90
61.8423;0.016815;90
39.7755;0.00317608;90
42.8325;0.00626308;90
48.9873;0.00522686;90
43.5224;0.00449728;90
47.5664;0.00274774;90
62.1952;0.0108926;90
63.3399;0.00350348;90
66.4993;0.0042582;90
69.5983;0.00443201;90
66.5374;0.00438778;90
56.3961;0.00332099;90
54.9504;0.00326145;90
65.7167;0.00357204;90
77.2668;0.00386095;90
79.874;0.00312264;90
76.0135;0.00446848;90
78.8399;0.00307413;90
40.1073;0.00216385;90
-38.4737;0.00211523;90
-33.2265;0.00284515;90
-37.1942;0.00215543;90
-49.3427;0.00354855;90
-58.1732;0.00812927;90
-80.655;0.00481591;90
-52.1717;0.00107615;90
-85.3664;0.00325564;90
-51.3984;0.00322968;90
-51.3808;0.00617168;90
-43.967;0.00392225;90
43.0684;0.0182509;90
39.9617;0.00286637;90
39.2162;0.00374694;90
52.3053;0.00471009;90
60.2057;0.00906645;90
62.2535;0.00331858;90
65.9265;0.00833276;90
65.1019;0.00637997;90
59.7175;0.00680795;90
57.8288;0.00651891;90
77.6161;0.0542523;90
81.6617;0.00470979;90
82.3029;0.00436029;90
81.8481;0.00594507;90
75.1711;0.00406747;90
66.3925;0.0037531;90
34.3138;0.00295534;90
48.6168;0.00349724;90
71.1982;0.00973021;90
74.9362;0.00225861;90
17.7307;0.00218688;90
35.6124;0.00615148;90
22.8494;0.00105585;90
17.4002;0.0065843;90
5.47004;0.00127983;90
-40.6256;0.00434794;90
-47.9885;0.00192595;90
-27.8089;0.00249291;90
-39.8301;0.00239339;90
-37.2701;0.00294927;90
-45.7358;0.00357896;90
-36.944;0.003093;90
-47.3573;0.0038853;90
-29.5571;0.00389831;90
17.5531;0.00365729;90
9.88912;0.00410499;90
-12.4701;0.00709027;90
76.3077;0.00638341;90
75.7056;0.00801928;90
74.5331;0.00680961;90
48.0544;0.00521525;90
47.8682;0.00527101;90
61.1451;0.00632418;90
61.7752;0.00592896;90
1.12024;0.00404077;90
-3.35;0.00367929;90
-2.84736;0.0038047;90
51.2867;0.00451374;90
75.577;0.00704194;90
24.1368;0.0804517;90
17.7119;0.00273148;90
42.5326;0.00588009;90
40.9013;0.00617327;90
8.6206;0.00416303;90
-28.6188;0.00439267;90
8.59101;0.00376221;90
71.6994;0.0063407;90
37.0586;0.00224681;90
-71.1714;0.00349819;90
-51.8519;0.00458154;90
-51.9415;0.00599709;90
-40.1927;0.00462377;90
-32.8298;0.00509827;90
-33.0503;0.00417327;90
-39.9779;0.00378837;90
-47.5768;0.00157278;90
-60.6413;0.00327571;90
-54.9715;0.00372833;90
-43.9544;0.00372;90
-42.3052;0.00342902;90
-43.7419;0.00325277;90
-9.65087;0.00159862;90
-18.939;0.00291162;90
-33.9696;0.0046049;90
-42.1067;0.00523927;90
-52.0511;0.00605407;90
-55.1427;0.00609936;90
-49.4456;0.00477106;90
-51.8756;0.00431183;90
-46.8908;0.00477911;90
-30.4208;0.00474181;90
-34.1361;0.00502352;90
-31.6478;0.00502767;90
13.4692;0.00495015;90
-10.9564;0.00457744;90
-37.269;0.00534053;90
-41.1163;0.0055749;90
-49.7211;0.00585917;90
-50.9334;0.0053013;90
-38.8587;0.00346349;90
-49.7147;0.00418964;90
-46.8759;0.00369378;90
-45.6865;0.00489848;90
-44.8376;0.00897888;90
-46.5133;0.00602453;90
-39.2628;0.00531223;90
-52.5092;0.00538912;90
-65.6698;0.0053787;90
-65.6706;0.00467739;90
-67.58;0.00430003;90
-74.4341;0.00528795;90
-64.2518;0.00564665;90
-44.6942;0.00463657;90
-60.9145;0.00612202;90
-69.4786;0.0073654;90
-64.2811;0.00639004;90
-65.5591;0.00614133;90
-29.1083;0.00362824;90
-24.05;0.00345492;90
-61.3166;0.00488781;90
-56.4454;0.00481065;90
-58.1338;0.00532449;90
-37.3676;0.00453597;90
-60.7159;0.00623133;90
-57.0893;0.00617854;90
-65.3501;0.00693166;90
-46.2422;0.00561009;90
-26.0982;0.00488508;90
-15.1222;0.00499082;90
-35.352;0.00530766;90
-35.9173;0.00528113;90
-23.8145;0.00487398;90
-43.1726;0.00556564;90
-67.2223;0.00759641;90
-65.6045;0.00724155;90
-58.492;0.00724048;90
-52.7684;0.00617812;90
-44.5737;0.00484735;90
-49.025;0.00447288;90
-49.9632;0.00453613;90
-60.5025;0.005516;90
-67.7439;0.00788654;90
-57.3031;0.00753618;90
-35.3504;0.00551354;90
-16.4681;0.00460699;90
-20.2185;0.00355612;90
-11.5119;0.00328202;90
8.46976;0.00348299;90
61.4819;0.00583953;90
63.6554;0.0065079;90
34.6793;0.00502827;90
42.03;0.00537699;90
54.5005;0.0062804;90
63.5651;0.00708701;90
55.0807;0.00625763;90
61.5199;0.00666452;90
27.3941;0.00364696;90
12.2511;0.00266264;90
7.14305;0.00236435;90
7.83529;0.00217127;90
5.70083;0.00233555;90
-12.7677;0.00270591;90
-32.886;0.00337957;90
-33.8158;0.00341225;90
-34.9181;0.00266595;90
-68.5788;0.0027983;90
-54.2898;0.00250991;90
-45.6805;0.00250051;90
-57.1837;0.00292833;90
-51.9464;0.00298184;90
-62.3205;0.00310425;90
-39.048;0.00230487;90
-32.7675;0.00213587;90
-40.3228;0.00214189;90
-13.8393;0.00176421;90
-61.8118;0.00244724;90
-82.4465;0.00220614;90
-91.6482;0.00267711;90
-98.6374;0.00284325;90
-94.0485;0.00330024;90
-102.518;0.00288355;90
-96.5651;0.00104083;90
158.806;0.00105109;90
90.9461;0.00163522;90
83.0268;0.0019192;90
92.5395;0.00119617;90
38.632;0.0228874;90
-113.25;0.00204943;90
-126.861;0.0012836;90
-88.2751;0.00112951;90
-94.9437;0.00190308;90
-93.7576;0.00128176;90
-94.6089;0.00104538;90
-87.909;0.00147999;90
-97.306;0.00533935;90
-105.42;0.00106431;90
-96.2279;0.00101398;90
-104.229;0.00115132;90
-99.5221;0.0048843;90
-103.941;0.00131576;90
-93.8496;0.00107242;90
-108.29;0.000997386;90
-114.27;0.0116024;90
174.077;0.000697725;90
152.896;0.00109304;90
-170.622;0.00156492;90
166.313;0.0016694;90
123.144;0.000843183;90
171.847;0.000698056;90
-124.337;0.00108146;90
-125.939;0.00104614;90
-111.769;0.0009788;90
-109.349;0.00164491;90
-126.817;0.0006558;90
83.1563;0.0024001;90
91.2348;0.00176341;90
85.9354;0.000973449;90
78.6168;0.00245224;90
90.7655;0.00142213;90
90.5029;0.00136705;90
87.8109;0.00130896;90
100.551;0.00148002;90
90.248;0.000924009;90
88.0475;0.00158492;90
89.2544;0.00146012;90
98.6813;0.00389563;90
106.855;0.000986373;90
83.9896;0.00830867;90
46.2602;0.00112528;90
-13.1153;0.00049799;90
66.7693;0.000938053;90
86.2611;0.00116548;90
82.6516;0.000922577;90
80.9499;0.00157663;90
68.4145;0.000788282;90
72.6147;0.00098395;90
73.8693;0.000849442;90
75.0563;0.000903559;90
75.1884;0.000985755;90
72.5708;0.000954839;90
84.3468;0.00139076;90
117.015;0.000796959;90
92.6396;0.000911968;90
77.3906;0.000925318;90
-51.1886;0.0033059;90
-129.224;0.00098363;90
-135.481;0.000925635;90
-127.863;0.0020203;90
-107.897;0.00127888;90
-104.366;0.00256728;90
-98.8653;0.00299781;90
-91.984;0.00153092;90
-96.8771;0.0023217;90
-94.3145;0.00208691;90
-97.0084;0.00237676;90
-101.189;0.00241694;90
-128.105;0.00111326;90
124.341;0.00139156;90
82.2264;0.00304599;90
3.987;0.00169711;90
82.1194;0.00136388;90
85.5253;0.00283263;90
82.5995;0.00159932;90
89.2907;0.00218117;90
77.435;0.00308898;90
74.9846;0.00320752;90
41.9025;0.00125624;90
49.8056;0.00128296;90
50.3734;0.00114773;90
45.5606;0.00108405;90
-130.97;0.00271635;90
-138.073;0.00120027;90
-83.053;0.00347249;90
-100.118;0.0047133;90
-93.9055;0.00571126;90
-93.6216;0.00544588;90
-96.3707;0.00601112;90
-100.133;0.00557597;90
-99.0067;0.00752478;90
-91.5548;0.00324319;90
-86.6053;0.00476236;90
-80.1701;0.00540637;90
-68.5206;0.0046263;90
-57.6583;0.00393669;90
-42.9542;0.00346633;90
-66.4693;0.00475652;90
-76.1559;0.00527833;90
-76.0405;0.00524799;90
-66.5155;0.00471015;90
-66.0538;0.00427715;90
-78.45;0.00491452;90
-72.8717;0.00395229;90
-74.8271;0.00189506;90
-115.078;0.00198182;90
-110.003;0.0012483;90
-104.665;0.00174588;90
-67.0984;0.00159579;90
-98.1046;0.00126968;90
-127.435;0.000891643;90
55.3114;0.00111401;90
81.5098;0.00348823;90
65.7428;0.00106613;90
-100.018;0.00374814;90
-110.56;0.00158602;90
-121.427;0.00122934;90
-63.2338;0.00343954;90
-107.545;0.00130365;90
-129.91;0.00210416;90
-160.803;0.00107053;90
-81.3755;0.00526149;90
105.957;0.0195514;90
86.3624;0.00373553;90
102.573;0.00112088;90
117.685;0.00267753;90
83.3019;0.00457825;90
80.4854;0.00450092;90
80.0436;0.00392714;90
93.9684;0.00501402;90
103.151;0.00586788;90
113.247;0.00416517;90
130.662;0.00690913;90
113.233;0.00433233;90
103.745;0.00495798;90
93.3346;0.00813177;90
88.9551;0.00126121;90
81.825;0.00343187;90
79.8523;0.00489254;90
80.4597;0.00579819;90
88.5934;0.00325898;90
166.546;0.00147857;90
105.182;0.00138224;90
132.986;0.00128773;90
86.863;0.00349023;90
-58.4587;0.00204162;90
77.6071;0.00169141;90
84.0154;0.00270474;90
82.1435;0.0024288;90
86.7001;0.00171985;90
85.25;0.00312774;90
74.1323;0.00314171;90
73.68;0.00348752;90
74.9972;0.00346511;90
76.0728;0.00280444;90
-104.865;0.0120296;90
-101.051;0.00243108;90
-92.8295;0.00208654;90
-98.982;0.00190233;90
-96.1892;0.00226319;90
-95.6597;0.00302173;90
-108.678;0.00297889;90
169.026;0.000535798;90
120.153;0.000714706;90
80.1966;0.0033418;90
140.704;0.37697;90
170.854;0.00137144;90
137.918;0.0033617;90
137.843;0.00360715;90
137.158;0.00360597;90
122.865;0.00408357;90
127.251;0.00327767;90
129.404;0.00332866;90
145.208;0.00450056;90
147.268;0.00472532;90
144.78;0.00471636;90
130.032;0.00537298;90
131.598;0.00483806;90
145.177;0.00207693;90
168.912;0.0024803;90
-112.872;0.00386704;90
-160.561;0.00360871;90
149.481;0.00477329;90
-171.355;0.0046306;90
-138.786;0.00555797;90
-135.662;0.00581351;90
-164.556;0.00499435;90
-153.925;0.00523259;90
-139.584;0.00529053;90
-128.338;0.00544259;90
169.902;0.00466527;90
178.333;0.00515518;90
172.684;0.00471942;90
157.943;0.00503017;90
154.883;0.00511463;90
149.23;0.0055806;90
-178.189;0.00411405;90
173.802;0.00440877;90
-163.821;0.00468348;90
170.998;0.00444171;90
-156.407;0.00499449;90
-136.114;0.00396408;90
-102.152;0.00612831;90
-92.6414;0.00744291;90
-98.9097;0.00657939;90
-120.587;0.00649119;90
-106.538;0.00812202;90
-136.886;0.00474938;90
176.316;0.00456042;90
173.284;0.00408705;90
-156.925;0.00299025;90
-114.793;0.004383;90
-116.235;0.00473026;90
-124.12;0.00580649;90
-151.296;0.00452851;90
-106.781;0.00874544;90
-106.67;0.00796576;90
-103.144;0.00810022;90
156.585;0.00424018;90
171.394;0.00456439;90
-161.718;0.00472446;90
167.593;0.00357448;90
139.337;0.00445055;90
136.989;0.0034846;90
135.249;0.00325979;90
137.818;0.00306336;90
144.199;0.00280869;90
148.2;0.00259797;90
130.565;0.002405;90
135.404;0.00250817;90
163.132;0.00214008;90
-153.533;0.00313676;90
-172.631;0.00317321;90
-157.001;0.00350131;90
-138.93;0.0037246;90
-155.231;0.00255395;90
-150.92;0.00110076;90
-100.942;0.00469943;90
-118.911;0.0103133;90
-112.458;0.0140809;90
-98.1798;0.0132134;90
-98.4483;0.00501643;90
-100.064;0.00925338;90
-100.56;0.00670049;90
-102;0.0043337;90
-101.821;0.00494997;90
-101.057;0.00507318;90
-100.843;0.00776665;90
-110.458;0.00804542;90
-122.416;0.00702341;90
-120.678;0.00702638;90
-113.459;0.00795554;90
-115.73;0.00752069;90
-117.788;0.00735521;90
-122.216;0.00696296;90
-136.431;0.00606038;90
-132.655;0.00587673;90
-113.316;0.00735462;90
-134.385;0.00539978;90
-177.352;0.00378804;90
139.782;0.00407155;90
120.996;0.0153114;90
98.995;0.00292295;90
120.247;0.0102933;90
129.959;0.0018591;90
136.841;0.00125435;90
-123.582;0.0680416;90
-139.636;0.108326;90
-141.954;0.0014425;90
121.956;0.00381281;90
106.122;0.00625186;90
113.423;0.00567025;90
121.068;0.00548591;90
141.258;0.00435272;90
172.831;0.00371807;90
-168.723;0.00308863;90
174.342;0.00280969;90
166.672;0.00272849;90
-170.861;0.00265065;90
-179.502;0.0025331;90
-143.016;0.00311841;90
-121.445;0.00378013;90
-119.855;0.00328841;90
-153.278;0.00179691;90
-107.602;0.00480812;90
157.631;0.000861854;90
-169.236;0.00117263;90
149.479;0.0209764;90
139.163;0.0048416;90
112.849;0.00350503;90
110.039;0.00547763;90
96.2602;0.00846447;90
92.9396;0.00715642;90
102.105;0.00762043;90
91.2209;0.083773;90
89.3473;0.00570637;90
86.376;0.00741984;90
81.6093;0.00724354;90
84.0646;0.00268841;90
163.776;0.00195068;90
151.538;0.00345796;90
155.646;0.00374418;90
111.638;0.00603958;90
138.773;0.00437304;90
141.711;0.00432033;90
-179.928;0.002388;90
102.609;0.00193773;90
115.607;0.00171217;90
124.823;0.00158481;90
111.542;0.00184917;90
115.859;0.00214142;90
141.115;0.00266185;90
101.615;0.00331284;90
107.83;0.00439929;90
116.201;0.00407688;90
119.673;0.00374511;90
94.8589;0.00414389;90
123.867;0.00376477;90
111.647;0.00414752;90
107.031;0.00279977;90
110.314;0.000858387;90
114.153;0.00372949;90
108.019;0.00418001;90
101.402;0.00391527;90
97.7516;0.00475243;90
101.184;0.00454226;90
104.131;0.00395261;90
110.935;0.0035236;90
102.94;0.0043628;90
97.6143;0.00463386;90
93.8766;0.00462959;90
95.6964;0.00483588;90
102.958;0.00398241;90
115.556;0.00314798;90
111.1;0.00235275;90
110.537;0.00208661;90
91.1634;0.00246251;90
120.502;0.00102251;90
155.556;0.00103914;90
-172.266;0.000653948;90
4.5429;0.000883777;90
-28.3342;0.00127472;90
70.9921;0.00158122;90
73.6324;0.00132364;90
68.0052;0.00192511;90
60.5411;0.00255998;90
20.7535;0.00186822;90
39.2419;0.00229056;90
54.9518;0.00308916;90
22.5858;0.001682;90
-6.25459;0.00140436;90
26.9925;0.00203801;90
63.4254;0.00269357;90
66.8778;0.00226386;90
-78.2283;0.00274983;90
-72.8101;0.00285242;90
-61.0026;0.00291891;90
-44.075;0.00280334;90
-78.0564;0.00370623;90
-75.3708;0.00377333;90
-76.7794;0.00412328;90
-78.1123;0.0030729;90
-83.5956;0.00345154;90
-72.9091;0.00214367;90
-65.808;0.00248417;90
-70.8481;0.00320965;90
-67.6888;0.00189918;90
-34.0656;0.00156567;90
-57.2122;0.00274777;90
-62.4699;0.00339886;90
-72.7852;0.00353433;90
28.996;0.00123363;90
79.866;0.00281898;90
56.4478;0.00230506;90
68.1;0.00312879;90
61.3279;0.00289498;90
67.2848;0.00157193;90
93.2155;0.00178281;90
82.6557;0.00158803;90
82.2614;0.00223536;90
76.7896;0.00185098;90
-55.3279;0.00110041;90
-78.1156;0.00488981;90
-78.9718;0.0153535;90
-88.0138;0.0360086;90
-92.9764;0.0078576;90
-89.6712;0.0106312;90
-81.3077;0.00696095;90
-74.1027;0.00735635;90
-76.9095;0.0084198;90
-86.6914;0.00575259;90
-94.1616;0.00268708;90
-98.0325;0.00606147;90
-95.5715;0.00840471;90
-90.4756;0.0086733;90
-89.5577;0.00880826;90
-90.2743;0.00939911;90
-88.4448;0.00884326;90
-85.1751;0.00861954;90
-90.4746;0.00833029;90
-91.0615;0.00782734;90
-86.0982;0.00768582;90
-90.1099;0.00625601;90
-90.464;0.00703923;90
-88.8316;0.0067184;90
-80.1713;0.00668411;90
-80.0634;0.00683249;90
-88.5725;0.00750633;90
-79.3439;0.00618669;90
-68.2553;0.00581691;90
-56.8263;0.0046164;90
-28.6706;0.00334742;90
-29.9828;0.00164285;90
-21.1364;0.00166394;90
-2.52612;0.00231425;90
-3.57633;0.00248484;90
-35.1303;0.00264842;90
-68.0668;0.00347233;90
-71.5963;0.00290139;90
-67.7899;0.00260314;90
11.4128;0.00142008;90
20.5965;0.00132467;90
31.0308;0.0014646;90
8.85857;0.00120133;90
-24.3228;0.0010173;90
79.6144;0.0028568;90
65.9053;0.00290512;90
16.5343;0.00156366;90
61.662;0.00437987;90
52.6713;0.00412113;90
9.39176;0.00307015;90
6.64528;0.00290351;90
-11.0111;0.00312045;90
-6.07287;0.00291134;90
12.1098;0.00292202;90
8.0015;0.00302444;90
-40.0134;0.00363627;90
-50.8768;0.0042679;90
-59.7067;0.00470436;90
-69.0941;0.00584585;90
-72.9312;0.00583606;90
-50.7829;0.00317907;90
72.5789;0.00173352;90
-58.4356;0.0192547;90
-95.3917;0.000893955;90
-110.337;0.00260114;90
-108.439;0.00401831;90
-123.925;0.00467478;90
-116.46;0.00513715;90
-111.32;0.00477477;90
-72.9847;0.00236137;90
-61.3328;0.00185316;90
82.515;0.011154;90
60.5725;0.00362696;90
58.4455;0.00417535;90
72.6904;0.00246357;90
73.3321;0.00210233;90
75.8231;0.00197619;90
124.036;0.00289614;90
125.2;0.0035269;90
125.1;0.00459819;90
126.258;0.00400563;90
129.633;0.00272156;90
79.7529;0.00133225;90
43.4057;0.174146;90
-74.377;0.00573695;90
-81.3344;0.00443361;90
-54.5745;0.00937818;90
-45.592;0.00492738;90
-28.912;0.00265376;90
7.75101;0.00309932;90
47.3244;0.00479459;90
66.2317;0.00691993;90
50.9794;0.00580369;90
39.5964;0.00543635;90
56.0017;0.00608404;90
59.9153;0.00662903;90
64.1104;0.00698059;90
66.6267;0.00736541;90
63.0055;0.00710061;90
57.7693;0.00636004;90
60.2551;0.00595801;90
70.6447;0.00679187;90
78.3008;0.00750593;90
79.0225;0.00767239;90
79.1236;0.00974607;90
78.9801;0.00937486;90
80.0868;0.0087537;90
82.0603;0.00906389;90
82.3961;0.00780665;90
74.6573;0.00539321;90
58.1147;0.00450002;90
31.5752;0.00348728;90
68.1113;0.00523866;90
71.0417;0.00529735;90
69.5249;0.00306461;90
20.25;0.00236625;90
43.1196;0.00366337;90
23.2732;0.0041355;90
8.47034;0.00300073;90
23.2993;0.00321084;90
-4.05566;0.00149875;90
-45.0858;0.00330714;90
-56.8392;0.00177151;90
-28.8711;0.0024563;90
-36.0288;0.00292932;90
-38.314;0.00297595;90
-45.8837;0.0032552;90
-35.4134;0.003108;90
-47.8661;0.00432725;90
-26.9995;0.00418738;90
20.4432;0.00528805;90
-0.687909;0.00349825;90
26.9995;0.00737253;90
73.0533;0.0188966;90
47.4174;0.0114667;90
63.3695;0.00861379;90
2.0924;0.00391661;90
-4.44889;0.00464098;90
1.99321;0.00399642;90
68.1246;0.00647093;90
68.7339;0.00685691;90
61.4131;0.00621119;90
87.0786;0.0080054;90
83.9087;0.00783122;90
66.3257;0.00438066;90
31.9866;0.00452503;90
11.2024;0.00417963;90
-7.83229;0.00419009;90
20.7943;0.00444772;90
0.904879;0.00424253;90
-17.4038;0.00439312;90
-28.7199;0.00497161;90
-24.9454;0.0048891;90
-21.4753;0.00476372;90
-8.29428;0.00454049;90
0.481572;0.00452116;90
-15.9951;0.00459073;90
35.4233;0.00331946;90
55.186;0.00427035;90
37.4119;0.00367876;90
30.5621;0.00379176;90
14.7846;0.00412249;90
30.138;0.00515252;90
45.8516;0.00580457;90
31.3489;0.00494956;90
-8.58195;0.0044832;90
-26.8028;0.00452629;90
57.1972;0.00549885;90
68.7249;0.00495252;90
-72.1856;0.00350401;90
-51.5229;0.0105319;90
-42.7237;0.00498479;90
-33.8517;0.0124855;90
-44.8918;0.0467971;90
-49.0543;0.0041505;90
-50.4586;0.00494317;90
-45.9584;0.00498863;90
-24.2058;0.00439984;90
-39.6782;0.00518423;90
-21.2825;0.00463403;90
12.9558;0.00486176;90
-15.6378;0.00450371;90
-38.9838;0.00527579;90
-41.4446;0.00531353;90
-51.8245;0.00598635;90
-47.5453;0.00523847;90
-41.124;0.00400644;90
-50.7796;0.00414989;90
-46.1891;0.00463396;90
-44.279;0.00556325;90
-45.0147;0.00549846;90
-46.4123;0.00418876;90
-45.9903;0.00335502;90
-39.1931;0.00372506;90
-44.615;0.00378876;90
-60.8809;0.004225;90
-65.6341;0.00510468;90
-65.0475;0.00451328;90
-70.8299;0.00423907;90
-74.3237;0.00447443;90
-64.4815;0.00509282;90
-45.5734;0.0041686;90
-56.4137;0.00582076;90
-70.5424;0.00724688;90
-64.2703;0.006687;90
-67.1192;0.00624976;90
-42.0021;0.00313678;90
-15.2386;0.00212678;90
-23.1434;0.00231533;90
-58.0819;0.00313028;90
-60.0239;0.00381075;90
-56.2923;0.00450306;90
-55.0637;0.00462924;90
-39.1558;0.00470835;90
-63.7311;0.00657502;90
-56.7851;0.00608638;90
-64.2196;0.00659657;90
-43.7626;0.00540285;90
-24.7403;0.00494377;90
-14.5285;0.00446064;90
-35.6878;0.0051477;90
-36.6321;0.00462564;90
-30.6099;0.00313831;90
-16.5869;0.00298105;90
-42.1144;0.00391881;90
-60.7842;0.00472853;90
-72.1703;0.00541823;90
-63.7003;0.00492477;90
-59.1888;0.00437906;90
-58.1324;0.00484887;90
-53.4635;0.00426147;90
-45.2413;0.00386154;90
-47.5047;0.00419078;90
-49.7515;0.00415723;90
-51.3947;0.00426636;90
-65.6918;0.0064959;90
-65.6562;0.00743067;90
-53.3592;0.00620145;90
-34.4498;0.00512477;90
-15.3671;0.00439617;90
-19.81;0.00347887;90
-12.3419;0.00309247;90
6.91015;0.00320831;90
56.1645;0.00448088;90
65.7041;0.00605421;90
45.1099;0.00516189;90
34.3701;0.00411311;90
47.6185;0.00368363;90
52.235;0.00393028;90
62.1287;0.00447285;90
63.1345;0.00486173;90
53.7717;0.00398305;90
59.3308;0.00433657;90
60.8947;0.00461128;90
25.2926;0.0031013;90
13.8972;0.00259805;90
7.7887;0.00230224;90
6.66311;0.00229248;90
8.10932;0.00233939;90
-10.2918;0.00274822;90
-34.3935;0.00359195;90
-32.7342;0.0032252;90
-34.2885;0.00257561;90
-68.6975;0.00279389;90
-55.0641;0.00225789;90
-45.6848;0.00212996;90
-53.1819;0.0028768;90
-42.0972;0.00220618;90
-67.8641;0.00219477;90
-60.4313;0.00221899;90
-47.5075;0.00176168;90
-38.3263;0.00177057;90
-28.1752;0.00157571;90
-42.0028;0.00163636;90
-17.1085;0.00146168;90
-29.9005;0.00155267;90
-80.2442;0.00234288;90
-74.7372;0.00130296;90
-94.0228;0.00233776;90
-95.2341;0.00196218;90
-96.1032;0.00280289;90
-98.1274;0.00304862;90
-100.526;0.00275334;90
157.095;0.00120501;90
84.1914;0.00203545;90
89.7379;0.00153002;90
42.3843;0.00672452;90
171.586;0.00228257;90
-172.319;0.000523699;90
175.196;0.00151633;90
-101.229;0.000975679;90
-109.68;0.000872995;90
-92.4256;0.00486736;90
-97.846;0.00159695;90
-32.3364;0.00117407;90
79.2431;0.00656333;90
92.2839;0.00135508;90
78.6249;0.00172386;90
87.8353;0.00301815;90
75.6072;0.00736619;90
74.9047;0.00301814;90
52.8647;0.0103197;90
39.628;0.00132173;90
-2.74466;0.00133653;90
-13.275;0.00133261;90
37.0428;0.00304941;90
39.1612;0.0044972;90
43.272;0.00447873;90
44.3751;0.00265817;90
92.0168;0.00358022;90
79.6536;0.00654238;90
71.6155;0.00645864;90
71.2519;0.0050341;90
74.9528;0.0059935;90
75.6157;0.00738656;90
72.3934;0.00759058;90
71.3538;0.00737511;90
64.4261;0.00661841;90
44.7444;0.00554731;90
40.9492;0.00605594;90
21.9656;0.00492447;90
-2.31174;0.00466079;90
-13.6937;0.00941152;90
5.74569;0.00308651;90
-6.66518;0.0044974;90
22.3756;0.00481774;90
42.9847;0.00374008;90
24.9912;0.00337058;90
34.9466;0.00505925;90
53.6541;0.00675768;90
44.4777;0.00535231;90
42.5533;0.00558204;90
37.3214;0.00548257;90
37.9859;0.00548364;90
42.6129;0.00580614;90
7.38205;0.00395377;90
-28.0068;0.00359047;90
-10.7507;0.00311467;90
10.0098;0.00182376;90
26.5651;0.000887719;90
32.89;0.00111228;90
24.4356;0.000565669;90
29.4759;0.00087185;90
30.0195;0.00100941;90
39.3076;0.001326;90
50.0902;0.00168958;90
56.5931;0.00106615;90
59.1097;0.00120375;90
56.5716;0.000789624;90
57.1533;0.00111174;90
54.498;0.00130697;90
37.1433;0.00121561;90
25.794;0.00129614;90
31.0918;0.00168858;90
64.4731;0.00550431;90
68.0078;0.00284394;90
57.303;0.00288044;90
63.6965;0.00284118;90
68.2627;0.00282164;90
72.6;0.00245117;90
76.6324;0.00160036;90
72.6106;0.00251285;90
51.8736;0.00187885;90
35.7395;0.00168293;90
41.8447;0.00146452;90
46.9025;0.00161875;90
15.4468;0.00154688;90
29.0921;0.00163302;90
60.491;0.00307373;90
66.2712;0.00425687;90
64.4643;0.00425682;90
55.8198;0.00330724;90
38.5216;0.00252565;90
-28.3102;0.0028635;90
-27.3659;0.00307176;90
-69.1274;0.00506328;90
-64.7468;0.00550843;90
-69.7793;0.00617988;90
-81.7315;0.00626513;90
-70.7669;0.0041316;90
-63.7125;0.0059091;90
-80.5692;0.00298434;90
-74.6829;0.0044594;90
-65.0328;0.00341625;90
-65.4062;0.0190854;90
83.6368;0.00275195;90
96.5783;0.00839729;90
126.076;0.00164556;90
153.978;0.00485964;90
109.239;0.0307483;90
109.229;0.00435709;90
114.893;0.00298866;90
113.013;0.0050955;90
114.934;0.00411559;90
152.592;0.00273724;90
163.296;0.00321466;90
-137.635;0.00292203;90
-116.809;0.00346773;90
-124.044;0.0244217;90
-110.538;0.00220623;90
-83.8899;0.00379556;90
-81.7753;0.00411028;90
-73.1649;0.00363582;90
-94.1475;0.00342898;90
-109.496;0.00397914;90
-96.6552;0.00520306;90
-113.215;0.00366581;90
-99.6791;0.00456194;90
-88.5153;0.00470858;90
-85.7743;0.00413925;90
-93.6396;0.00463134;90
-106.028;0.0104305;90
-117.634;0.0140226;90
-97.9354;0.00245551;90
-95.5419;0.00114937;90
-91.7322;0.0074434;90
-88.3458;0.0040877;90
-103.465;0.00462102;90
-114.215;0.00352298;90
-99.0133;0.00922997;90
-114.94;0.00301185;90
-143.701;0.00339357;90
-125.715;0.00851553;90
147.132;0.00106319;90
-146.03;0.00425405;90
132.299;0.00271619;90
130.511;0.00325277;90
151.074;0.00302887;90
-158.142;0.00205472;90
-138.965;0.00285293;90
-125.476;0.00432488;90
-142.072;0.00666854;90
-121.329;0.0033388;90
-128.167;0.0035245;90
-108.934;0.00330376;90
-107.634;0.00477329;90
-116.368;0.00456161;90
-122.458;0.00447747;90
-127.511;0.00434047;90
-129.69;0.00336968;90
-152.655;0.00233154;90
-157.105;0.00243157;90
115.371;0.00510874;90
105.693;0.00399284;90
123.999;0.00664374;90
154.218;0.000818477;90
110.744;0.00309997;90
131.286;0.00693218;90
137.614;0.000651216;90
121.635;0.00108292;90
102.088;0.00306087;90
105.582;0.00110564;90
-158.539;0.00100036;90
-116.793;0.000787549;90
66.1996;0.00387559;90
83.6148;0.00281446;90
89.0811;0.00305539;90
143.404;0.00129661;90
173.194;0.00226999;90
-166.017;0.00259901;90
171.836;0.0026549;90
-132.68;0.00319662;90
-108.432;0.0055128;90
-142.585;0.00311234;90
-131.667;0.00357552;90
-114.779;0.00450474;90
-149.592;0.00310976;90
-177.284;0.00324965;90
173.364;0.00280378;90
-162.138;0.00297332;90
-161.159;0.00316457;90
-152.647;0.00452265;90
88.0758;0.0044375;90
91.3587;0.00577762;90
103.796;0.00323327;90
-134.007;0.0030587;90
-135.397;0.00377675;90
-144.123;0.00363455;90
-139.87;0.00304874;90
-156.411;0.00196413;90
-179.39;0.00197311;90
-139.546;0.002355;90
-134.991;0.00466761;90
-135.038;0.00107834;90
-113.358;0.00231035;90
-103.567;0.00334638;90
-105.392;0.00375259;90
-102.375;0.00391496;90
-99.7785;0.00247293;90
-90;0.001948;90
-96.3944;0.00315161;90
-98.8111;0.00355799;90
-112.852;0.00167117;90
117.317;0.00132923;90
84.1891;0.00233098;90
91.9896;0.00120973;90
-90.8189;0.00181919;90
-99.3143;0.00190917;90
-64.2355;0.00147237;90
61.0883;0.00179125;90
79.2882;0.00355088;90
84.8201;0.00321212;90
84.3325;0.00251128;90
67.7915;0.00107149;90
-30.9638;0.000880474;90
84.4513;0.00390932;90
108.617;0.00517478;90
117.463;0.00502193;90
108.867;0.005993;90
114.693;0.00503876;90
135.912;0.00386624;90
-169.325;0.00359523;90
171.767;0.00805198;90
148.779;0.00175754;90
145.11;0.00307344;90
158.287;0.00253809;90
-173.67;0.00236743;90
-174.175;0.727516;90
50.5393;0.00242468;90
19.0628;0.00251068;90
1.96504;0.00259553;90
1.89192;0.010965;90
5.36753;0.00182802;90
-39.339;0.00292472;90
-42.593;0.0034516;90
-61.7848;0.0204533;90
-59.0362;0.0134345;90
-52.6341;0.00427416;90
-56.5242;0.00155733;90
-114.535;0.00124985;90
-107.104;0.00523973;90
-123.275;0.00455476;90
-115.769;0.00524677;90
-114.952;0.00510115;90
-78.303;0.00278687;90
-65.8272;0.00470342;90
-64.9449;0.00526106;90
-46.6072;0.00433627;90
-52.5805;0.00454541;90
-71.4703;0.00573954;90
-80.4004;0.00679414;90
-74.2979;0.00634062;90
-70.4248;0.00622902;90
-71.7645;0.00626672;90
-77.3156;0.00654883;90
-82.8507;0.00674141;90
-82.5212;0.00735255;90
-81.4377;0.00656214;90
-77.4107;0.00708842;90
-72.5332;0.00645671;90
-71.3173;0.00621551;90
-71.5786;0.0066645;90
-73.5629;0.0133339;90
-74.6108;0.00277344;90
-84.7494;0.00470976;90
-90.6768;0.00744952;90
-93.1894;0.00733336;90
-90.5334;0.00784134;90
-87.2127;0.0076911;90
-83.1379;0.00789254;90
-81.1537;0.00761458;90
-87.0734;0.00775612;90
-87.4535;0.00765256;90
-77.93;0.00725949;90
-74.1455;0.00684125;90
-68.6474;0.00694578;90
-66.9606;0.00595608;90
-85.8374;0.00657134;90
-92.0473;0.00758584;90
-92.4768;0.0156196;90
-95.7027;0.0050319;90
-99.6386;0.00293848;90
-100.827;0.00745268;90
-140.045;0.00902228;90
149.265;0.00172186;90
179.832;0.00204501;90
-101.069;0.0219126;90
-97.2968;0.00943239;90
-71.1307;0.00629849;90
-89.5607;0.0069122;90
-103.778;0.00257818;90
-100.546;0.00625058;90
-103.587;0.00615526;90
-105.59;0.0056073;90
-85.3672;0.00628955;90
-93.1557;0.00632159;90
-110.465;0.00560581;90
-106.303;0.00572104;90
-81.5361;0.00652911;90
-94.8312;0.00507001;90
-101.068;0.00465152;90
-102.375;0.00404089;90
-83.141;0.0120744;90
-99.4653;0.00623894;90
-91.2958;0.00336086;90
-40.3808;0.00107121;90
-51.9326;0.00154074;90
-74.0444;0.00231727;90
-43.7999;0.00165429;90
21.4278;0.0016232;90
-10.6568;0.00170338;90
-49.1229;0.00301938;90
-61.7557;0.00343384;90
53.2118;0.0026634;90
33.3152;0.000593542;90
51.0538;0.00146836;90
78.3054;0.00222008;90
76.2468;0.00240598;90
17.1289;0.00160938;90
-23.1381;0.00373331;90
-48.0546;0.00122079;90
-66.2287;0.00115608;90
150.558;0.00548886;90
-170.982;0.000529545;90
171.179;0.000984647;90
-109.576;0.00530356;90
-153.86;0.00126654;90
-151.074;0.001042;90
134.462;0.00353923;90
130.806;0.00106351;90
-174.066;0.000996338;90
-175.097;0.00359214;90
104.759;0.00175076;90
103.624;0.00246229;90
93.8844;0.0249914;90
81.3945;0.00185792;90
83.0888;0.0234605;90
69.9252;0.00192282;90
86.0443;0.0461119;90
103.521;0.00210432;90
78.7383;0.0307491;90
10.9997;0.00123163;90
76.5076;0.0512865;90
111.134;0.00191372;90
108.981;0.0177554;90
106.528;0.00397212;90
96.2313;0.00702953;90
93.1022;0.0517208;90
83.8452;0.00269554;90
92.6847;0.00275402;90
103.189;0.0172377;90
104.13;0.0697536;90
106.699;0.00244303;90
104.049;0.0169387;90
131.482;0.00165917;90
123.195;0.0126671;90
117.37;0.00251448;90
77.3052;0.0265429;90
124.493;0.0149479;90
-69.0546;0.023305;90
71.25;0.0048314;90
55.6487;0.00454219;90
59.322;0.00453928;90
63.2912;0.00552445;90
61.6075;0.00528696;90
44.551;0.00487212;90
60.6896;0.00428565;90
57.2393;0.0300593;90
-17.1088;0.00138007;90
-7.23314;0.00644126;90
11.2408;0.00146205;90
42.1905;0.00282758;90
67.0028;0.0058282;90
55.8382;0.00488486;90
32.5075;0.00423326;90
37.8685;0.0100415;90
63.0359;0.00488056;90
64.0577;0.00629535;90
59.0707;0.00598856;90
43.4532;0.0048985;90
42.0648;0.00477782;90
47.838;0.00521282;90
44.8853;0.00459125;90
43.0076;0.00239996;90
55.1077;0.00301379;90
62.5098;0.00465342;90
62.8818;0.00518837;90
64.8223;0.00495032;90
67.5949;0.00486419;90
69.2756;0.00509787;90
59.3042;0.00392376;90
55.9327;0.00294913;90
57.0294;0.00320281;90
78.259;0.00427545;90
78.0877;0.00374975;90
77.3663;0.00284385;90
77.8568;0.00404552;90
59.5002;0.00279586;90
-35.2891;0.00211701;90
-35.8307;0.00445513;90
-44.0054;0.00203677;90
-48.7913;0.00236337;90
-48.0176;0.00177305;90
-54.7777;0.00295622;90
-66.11;0.00385202;90
-80.2426;0.00427788;90
-80.3824;0.00315433;90
-61.5163;0.00360656;90
-47.2645;0.00186114;90
-53.5641;0.00282528;90
-47.9083;0.00326113;90
-44.2775;0.00342055;90
-14.9986;0.00340811;90
26.3737;0.00361529;90
58.9709;0.00511375;90
64.6885;0.00574449;90
49.5786;0.00483649;90
38.957;0.0043659;90
53.9413;0.00511371;90
58.098;0.00599091;90
61.8377;0.00641777;90
66.1053;0.00703605;90
65.9653;0.00692873;90
60.1892;0.00646904;90
57.7611;0.00624238;90
64.9385;0.00729478;90
75.7354;0.00766637;90
79.3973;0.00830988;90
79.5121;0.00825695;90
79.2514;0.0083271;90
80.308;0.0179208;90
82.3683;0.00643803;90
81.7592;0.00651628;90
74.7184;0.00531181;90
56.306;0.00399634;90
27.0918;0.00316193;90
64.8302;0.00457322;90
72.483;0.00467793;90
78.1605;0.00390405;90
40.3048;0.00142536;90
18.9395;0.00219059;90
44.8068;0.00335453;90
21.5953;0.00273605;90
14.5025;0.00327846;90
21.2606;0.00293152;90
12.655;0.00231422;90
-41.4297;0.00210065;90
-43.408;0.00498844;90
-32.4896;0.00214466;90
-39.27;0.00249299;90
-38.5321;0.00301307;90
-43.5108;0.00315618;90
-47.7336;0.00369176;90
-39.454;0.00394361;90
-22.6626;0.00350892;90
23.346;0.00362368;90
8.95271;0.00329008;90
-13.7711;0.0031969;90
-37.1623;0.00337044;90
55.9405;0.00378535;90
80.6051;0.00558694;90
75.7828;0.00545199;90
66.9661;0.00406618;90
74.7078;0.00433758;90
63.6223;0.00341897;90
28.3912;0.00296116;90
52.3344;0.0041764;90
59.3759;0.00509223;90
66.1908;0.00474371;90
41.3898;0.003279;90
-1.82165;0.00298851;90
-1.88907;0.0057031;90
-14.4659;0.00122896;90
54.6208;0.00727306;90
82.1402;0.00239853;90
70.7115;0.0035238;90
57.1106;0.00410851;90
71.6115;0.00468207;90
87.0786;0.00649444;90
84.8451;0.00577636;90
74.0094;0.00574634;90
39.9023;0.00356519;90
27.1225;0.00317179;90
1.53451;0.00295006;90
-8.58466;0.00310175;90
7.85715;0.00305771;90
12.6021;0.00305254;90
-2.02582;0.00302689;90
5.0483;0.00315926;90
-33.8285;0.00401826;90
-25.0454;0.00352439;90
-24.2181;0.00325442;90
-24.4634;0.00365843;90
-18.4721;0.00341494;90
-3.60115;0.00316826;90
22.0723;0.0301615;90
46.8426;0.00156139;90
45.6472;0.00369345;90
43.1176;0.00398245;90
16.8827;0.00356045;90
-6.8442;0.00318872;90
-37.9253;0.00349639;90
8.36703;0.00290694;90
66.0287;0.00397264;90
78.1978;0.00385755;90
-11.6115;0.00171408;90
-66.4566;0.00259611;90
-54.9587;0.00418693;90
-52.0824;0.00483461;90
-43.7863;0.00430654;90
-34.94;0.0036999;90
-32.2613;0.0040822;90
-33.3613;0.00348052;90
-40.4882;0.0034607;90
-51.1683;0.00177024;90
-128.977;0.00169154;90
-74.0546;0.00137594;90
-75.1018;0.00111239;90
78.6995;0.00358245;90
-60.8451;0.00310773;90
-49.3623;0.00752066;90
-41.6566;0.00164895;90
-39.6034;0.00312015;90
-42.5686;0.00296686;90
-6.97435;0.00207536;90
-24.5545;0.00330157;90
-38.2834;0.00420788;90
-47.0258;0.00818139;90
-59.6432;0.00213699;90
-55.8453;0.00410381;90
-49.8264;0.00380713;90
-46.6278;0.0036841;90
-50.5392;0.00468099;90
-36.5743;0.00821831;90
-19.1891;0.00139342;90
-42.102;0.00255946;90
-23.2128;0.00743378;90
22.6282;0.00158285;90
12.8334;0.00191791;90
-9.68681;0.00348265;90
-38.4504;0.00961506;90
-36.6553;0.00138861;90
-47.73;0.00209329;90
-51.368;0.00481968;90
-46.1097;0.00770396;90
-39.2894;0.0013502;90
-51.2998;0.00288047;90
-47.998;0.00895008;90
-43.345;0.00176285;90
-44.466;0.0026553;90
-46.3967;0.00429341;90
-44.4313;0.00463107;90
-42.6056;0.00458676;90
-40.9332;0.00428738;90
-58.0929;0.00451051;90
-64.6197;0.00447712;90
-66.7843;0.00440139;90
-64.6875;0.00355978;90
-74.9028;0.0040736;90
-70.5801;0.00472799;90
-57.8286;0.00413369;90
-56.313;0.0102406;90
-71.222;0.00380239;90
-64.7961;0.00540342;90
-64.6844;0.00561968;90
-50.7833;0.00748748;90
-13.7655;0.000718641;90
-16.9653;0.00107268;90
-38.6847;0.00287344;90
-65.0073;0.00400944;90
-56.0514;0.00399499;90
-56.6479;0.00376149;90
-52.6826;0.00371311;90
-48.5725;0.00861303;90
-67.782;0.00201782;90
-56.2378;0.00176339;90
-61.1882;0.00504218;90
-64.6601;0.00518707;90
-41.2235;0.0081806;90
-22.6858;0.00120308;90
-15.1132;0.00180648;90
-18.4634;0.00318916;90
-32.2523;0.00774855;90
-29.173;0.00150375;90
-34.1953;0.00195012;90
-32.1994;0.00347554;90
-32.9391;0.00710993;90
-70.0851;0.00157945;90
-68.3376;0.0121716;90
-59.0162;0.00294875;90
-58.2757;0.00488368;90
-47.9915;0.0100263;90
-59.3141;0.00145004;90
-45.8646;0.0017807;90
-54.6689;0.0117672;90
-63.7228;0.00347176;90
-61.3245;0.0117433;90
-48.7947;0.00194456;90
-39.4241;0.00161561;90
-25.1248;0.00766856;90
-14.3587;0.00150811;90
-11.2804;0.00190174;90
-11.7141;0.00289122;90
30.8381;0.00656635;90
69.6799;0.00130736;90
67.7094;0.00174003;90
61.3695;0.0045538;90
38.5676;0.00883008;90
46.9988;0.00269642;90
58.5911;0.00986678;90
64.6902;0.00134733;90
65.3674;0.00168427;90
55.1445;0.00415917;90
56.0527;0.00420106;90
47.0265;0.0076387;90
18.3351;0.00217755;90
11.9684;0.00262813;90
1.24007;0.00258761;90
-2.79246;0.0058089;90
-37.6515;0.00101169;90
-39.812;0.0011417;90
-35.8116;0.00286949;90
-49.9298;0.00690357;90
-51.4956;0.00247521;90
-45.7285;0.000945478;90
-39.0467;0.00117945;90
-55.4219;0.00572658;90
-70.5526;0.000859009;90
-70.2405;0.00142277;90
-40.0779;0.00180483;90
-40.5752;0.00214468;90
-23.6387;0.00176074;90
-31.2169;0.00194104;90
-23.0757;0.00183698;90
-73.1228;0.00274524;90
-82.4373;0.00118531;90
-91.2925;0.00150738;90
-94.5697;0.00488252;90
-98.4974;0.00271379;90
-98.1301;0.00299106;90
-97.5647;0.0013901;90
144.955;0.00106754;90
93.7561;0.00151125;90
79.153;0.00196613;90
97.4314;0.000974183;90
-89.6141;0.0255376;90
-89.1147;0.00343041;90
-74.2717;0.0153684;90
-46.1103;0.00306518;90
-55.1187;0.00449571;90
-74.5997;0.00574633;90
-76.1056;0.00627151;90
-67.9638;0.00507472;90
-67.2096;0.00488433;90
-77.7384;0.00537256;90
-72.659;0.00394218;90
-69.4969;0.00139326;90
-72.0158;0.00333599;90
-63.0653;0.00332689;90
-48.9238;0.00221136;90
-39.6594;0.00240825;90
-30.7442;0.00107393;90
-32.3548;0.0026422;90
-33.6511;0.00244706;90
67.2923;0.00255939;90
141.41;0.0151888;90
108.254;0.000900305;90
108.036;0.0019088;90
107.751;0.00408026;90
101.719;0.00527801;90
113.988;0.00411764;90
113.864;0.00462217;90
103.846;0.0058335;90
104.196;0.00564334;90
117.369;0.00443098;90
137.182;0.00362089;90
117.674;0.00468947;90
108.754;0.00511348;90
96.4517;0.00556223;90
92.0807;0.00399363;90
87.5662;0.00214293;90
80.6381;0.00506547;90
80.7419;0.00668812;90
84.655;0.00478782;90
138.627;0.00100611;90
159.26;0.00120296;90
104.211;0.00150712;90
93.4834;0.00365375;90
101.683;0.000903722;90
-78.1453;0.0854546;90
86.8067;0.00165156;90
67.9328;0.00212141;90
105.78;0.00391246;90
103.174;0.00554184;90
110.659;0.00525492;90
112.876;0.00533782;90
104.258;0.00941603;90
112.72;0.00529485;90
136.306;0.00415745;90
117.546;0.00535393;90
105.779;0.00611546;90
93.5714;0.00581129;90
90.7266;0.00362729;90
82.4864;0.00294428;90
80.0168;0.00415897;90
80.2604;0.00509544;90
81.4133;0.00521748;90
85.4268;0.00602017;90
87.0654;0.00566443;90
89.4012;0.00621934;90
111.876;0.00556901;90
113.043;0.00885993;90
106.526;0.00351208;90
125.425;0.00567941;90
179.493;0.00418516;90
-164.13;0.00436642;90
153.636;0.00458933;90
145.174;0.00415524;90
177.345;0.00971443;90
-166.989;0.00257614;90
-167.233;0.00268334;90
-132.754;0.00344555;90
-116.445;0.00426419;90
-122.075;0.00386613;90
-125.919;0.00354389;90
-117.014;0.0042822;90
-118.698;0.00471063;90
-127.899;0.00404385;90
-134.024;0.00377579;90
-146.444;0.00320035;90
-144.763;0.00327753;90
-119.047;0.00457437;90
-113.875;0.00426933;90
-119.779;0.00330205;90
-162.154;0.0028617;90
174.992;0.00278363;90
159.96;0.00292404;90
162.724;0.00304748;90
163.622;0.00318109;90
151.776;0.00375325;90
133.662;0.00396724;90
121.754;0.00533566;90
112.99;0.00583004;90
113.127;0.00564461;90
127.388;0.00504441;90
130.191;0.00509496;90
133.935;0.00464084;90
131.964;0.00451202;90
123.797;0.00445841;90
121.247;0.00447051;90
121.593;0.00444946;90
110.946;0.00508825;90
110.968;0.00556662;90
124.635;0.00435471;90
150.964;0.00329858;90
157.125;0.00334942;90
144.536;0.00409343;90
143.717;0.00359259;90
146.82;0.00377322;90
163.027;0.00291183;90
164.298;0.00349545;90
149.544;0.00340712;90
138.632;0.00369498;90
120.344;0.00441017;90
114.833;0.00505985;90
124.105;0.00467264;90
115.099;0.00461362;90
132.317;0.00415456;90
140.798;0.00291902;90
122.881;0.00318291;90
123.348;0.0037601;90
123.275;0.00367804;90
117.438;0.00378476;90
145.013;0.0027695;90
162.195;0.00247242;90
143.807;0.00279419;90
114.596;0.0042045;90
112.421;0.0052228;90
117.994;0.00448471;90
109.522;0.00515006;90
113.722;0.00494915;90
134.804;0.00371375;90
129.946;0.00390923;90
113.518;0.00449324;90
105.72;0.00412634;90
108.584;0.00387823;90
114.87;0.00432511;90
114.288;0.00489638;90
117.891;0.00454267;90
133.233;0.00392136;90
141.875;0.00368008;90
134.509;0.00421239;90
133.416;0.00394009;90
135.042;0.0038707;90
135.261;0.00372649;90
135.801;0.00369358;90
134.318;0.00374015;90
129.095;0.0042404;90
137.334;0.00380244;90
136.103;0.00382191;90
127.137;0.00411444;90
129.906;0.00431626;90
138.832;0.00362921;90
139.809;0.00363531;90
144.924;0.00373783;90
169.568;0.00423602;90
-165.535;0.00469586;90
153.09;0.00467526;90
136.144;0.00361404;90
158.134;0.00429068;90
140.204;0.00451368;90
128.347;0.00499826;90
131.411;0.00489075;90
129.401;0.00500048;90
121.433;0.0057123;90
133.392;0.00506417;90
138.43;0.00520089;90
151.524;0.0041444;90
176.863;0.00217426;90
144.611;0.00192704;90
138.355;0.00379377;90
138.552;0.0043252;90
128.684;0.00436459;90
121.08;0.00415319;90
130.113;0.002623;90
143.436;0.00446346;90
146.976;0.00513216;90
146.519;0.0044049;90
132.484;0.00576706;90
129.698;0.00538716;90
168.804;0.00147303;90
145.734;0.00264994;90
-128.249;0.00255054;90
-134.051;0.00439527;90
148.953;0.0046303;90
175.2;0.00431413;90
-147.027;0.00492058;90
-134.02;0.00562091;90
-148.863;0.00483097;90
-166.27;0.00444501;90
-147.591;0.00517387;90
-131.945;0.0055594;90
-143.878;0.00476501;90
161.336;0.00459356;90
-178.399;0.00343534;90
-179.21;0.00333432;90
159.028;0.00435018;90
156.466;0.0049137;90
153.842;0.00472269;90
147.503;0.00552629;90
-157.183;0.00394033;90
170.749;0.00374471;90
-167.441;0.00437364;90
171.312;0.00417085;90
-155.942;0.00443748;90
-133.563;0.00515855;90
-99.4697;0.00765228;90
-91.2286;0.00764876;90
-109.603;0.00639039;90
-118.262;0.00567897;90
-105.233;0.00778345;90
-150.325;0.00404788;90
176.566;0.00407331;90
175.209;0.00414248;90
-144.171;0.00450314;90
-114.338;0.00684754;90
-124.184;0.00634157;90
-146.775;0.00451513;90
-106.423;0.00716223;90
-110.917;0.00691575;90
-101.582;0.00771;90
-143.174;0.003884;90
151.595;0.0043326;90
-171.806;0.0039079;90
-158.954;0.00381767;90
155.204;0.00378165;90
133.554;0.00459624;90
142.811;0.00348585;90
134.11;0.00405009;90
142.816;0.00339025;90
149.641;0.00292627;90
133.584;0.00268924;90
135.122;0.00232568;90
151.517;0.00204446;90
-159.905;0.0022702;90
-162.144;0.00262862;90
-168.712;0.00257991;90
-157.272;0.00276685;90
-138.61;0.00316705;90
-149.96;0.00260489;90
-166.3;0.0012794;90
-99.6148;0.00271818;90
-108.925;0.00513984;90
-111.368;0.00530788;90
-146.734;0.00337628;90
-125.402;0.0039651;90
-107.491;0.00468144;90
-98.388;0.00672494;90
-97.731;0.00694311;90
-98.1931;0.00733284;90
-100.499;0.0126498;90
-100.622;0.00250086;90
-101.07;0.00782765;90
-101.027;0.00741897;90
-101.209;0.00780896;90
-107.667;0.00877484;90
-119.899;0.00658205;90
-121.786;0.00656101;90
-116.643;0.00722072;90
-113.46;0.00798286;90
-116.882;0.00702852;90
-120.876;0.00682994;90
-127.392;0.00623786;90
-142.518;0.0051831;90
-121.34;0.00636582;90
-116.656;0.00703915;90
-148.592;0.00424266;90
164.467;0.00361089;90
136.344;0.00419076;90
129.701;0.0039356;90
130.231;0.00289999;90
122.783;0.00374913;90
99.1252;0.00363197;90
100.641;0.00468965;90
116.774;0.00404686;90
127.352;0.00264049;90
130.933;0.00204374;90
132.76;0.00296646;90
144.871;0.00171179;90
147.111;0.00248058;90
142.063;0.00146065;90
164.218;0.00192663;90
-103.629;0.00406548;90
-103.151;0.00353368;90
-102.207;0.00364644;90
-101.671;0.00444898;90
-113.988;0.00366012;90
-124.724;0.00332153;90
-122.906;0.00391156;90
-111.335;0.0047495;90
-111.565;0.00513656;90
-115.872;0.00547251;90
-115.91;0.00496842;90
-117.737;0.00454867;90
-124.896;0.00328095;90
-138.306;0.00282039;90
-133.953;0.00448946;90
-131.772;0.00541159;90
-137.778;0.00541361;90
-133.076;0.00570886;90
-117.169;0.00670813;90
-116.907;0.00607685;90
-122.416;0.00568597;90
-151.061;0.00441645;90
-153.194;0.00394043;90
-135.175;0.00462026;90
-119.013;0.00556081;90
-121.117;0.00549929;90
-172.946;0.00398214;90
173.736;0.00373027;90
156.218;0.0040346;90
147.72;0.00392098;90
136.777;0.00428713;90
-153.456;0.00358263;90
-108.516;0.0060428;90
-103.374;0.00723726;90
-94.8804;0.00672338;90
-90.3676;0.00654713;90
-105.42;0.00645745;90
-141.469;0.00411113;90
-120.993;0.00568809;90
-123.866;0.00451861;90
-109.796;0.00621848;90
-136.003;0.00379633;90
131.205;0.00260646;90
124.609;0.00496326;90
125.127;0.00570744;90
128.97;0.00484005;90
77.7043;0.00157308;90
-112.271;0.0010871;90
139.208;0.0011082;90
120.081;0.00436138;90
105.426;0.00595139;90
113.4;0.00563768;90
123.138;0.00515673;90
141.694;0.00384601;90
158.735;0.00325352;90
-162.375;0.00302186;90
-175.02;0.00294913;90
161.68;0.00299373;90
-175.255;0.00588718;90
-148.192;0.00264291;90
-121.874;0.00364926;90
-118.415;0.00376795;90
-174.643;0.00130671;90
-116.297;0.00209924;90
-98.7049;0.0028478;90
-144.911;0.000965466;90
168.963;0.00127457;90
28.0249;0.0291387;90
-47.3556;0.014348;90
-70.5551;0.00260138;90
-68.8576;0.0112535;90
-37.6875;0.000911093;90
83.0305;0.00201086;90
118.292;0.0197275;90
135;0.00666802;90
136.839;0.00123383;90
-149.119;0.0023828;90
-167.044;0.00268947;90
-177.556;0.00264941;90
173.038;0.00449615;90
-176.632;0.00240015;90
-166.403;0.00268834;90
-133.654;0.00282921;90
-119.661;0.00380105;90
-123.702;0.00259156;90
-147.488;0.00141589;90
-108.893;0.0021773;90
-100.637;0.00278994;90
-174.263;0.000640207;90
164.275;0.00139106;90
-21.705;0.0517404;90
-53.6242;0.00340933;90
-55.1952;0.00300815;90
-109.689;0.00543473;90
-120.197;0.00508968;90
-117.014;0.00571109;90
-112.45;0.00533425;90
-72.8054;0.0029802;90
-67.6479;0.00577706;90
-59.2329;0.0056456;90
-43.9621;0.00437205;90
-62.69;0.00502174;90
-77.9504;0.00619857;90
-77.8125;0.00655575;90
-72.1935;0.00677559;90
-71.2928;0.00658805;90
-74.1064;0.00683946;90
-80.6361;0.00708035;90
-82.7347;0.0074488;90
-81.9834;0.00763663;90
-77.3912;0.0073021;90
-73.5882;0.00756003;90
-71.4087;0.00625754;90
-71.7697;0.00584329;90
-71.6082;0.0054641;90
-71.8695;0.00535697;90
-72.1487;0.00270104;90
-79.6876;0.00136302;90
107.92;0.0263084;90
107.6;0.00572813;90
103.961;0.00646601;90
100.23;0.00640178;90
98.0252;0.00548673;90
97.4796;0.00589213;90
97.8252;0.00619166;90
104.043;0.00576944;90
108.739;0.00560616;90
108.653;0.00597485;90
106.011;0.00587698;90
101.411;0.00601489;90
103.341;0.00555593;90
117.643;0.00461248;90
134.581;0.00396203;90
124.684;0.00503466;90
111.2;0.0050744;90
120.392;0.00337011;90
103.332;0.000928011;90
159.094;0.00159179;90
166.66;0.00259605;90
158.333;0.00293864;90
132.235;0.00364939;90
119.566;0.00210972;90
111.845;0.00145659;90
129.307;0.00139706;90
121.7;0.00150914;90
145.989;0.00109056;90
130.4;0.00129606;90
131.21;0.00112322;90
131.714;0.000888172;90
122.497;0.00086552;90
161.05;0.000492703;90
136.688;0.00103212;90
113.248;0.00153786;90
97.108;0.00209309;90
98.0325;0.00207536;90
106.894;0.00191672;90
114.606;0.00198858;90
167.423;0.00128586;90
152.174;0.0019709;90
127.94;0.00277308;90
159.206;0.00248164;90
159.326;0.00119815;90
116.88;0.00252366;90
129.777;0.00441228;90
-165.677;0.00300336;90
-114.605;0.00438078;90
-141.845;0.00324542;90
170.816;0.00216779;90
151.597;0.00193833;90
81.0851;0.00320067;90
89.8392;0.00391902;90
76.8805;0.00230414;90
76.5105;0.00284653;90
77.4408;0.00245576;90
78.8767;0.00264876;90
76.9147;0.00274734;90
37.9318;0.0017699;90
51.6599;0.00279852;90
59.5475;0.00422829;90
36.4786;0.00342628;90
-0.641173;0.00250216;90
9.43621;0.00252517;90
-12.6479;0.00271283;90
-6.81931;0.0028129;90
8.53077;0.00266953;90
16.6208;0.00307654;90
-39.8246;0.00347262;90
-45.3317;0.00378662;90
-57.4901;0.00430927;90
-67.5714;0.0051398;90
-74.4916;0.00527713;90
-63.5553;0.0044708;90
-33.438;0.00145;90
69.6281;0.00101978;90
117.878;0.015364;90
121.002;0.00382082;90
136.216;0.0078938;90
153.793;0.001216;90
-142.344;0.00224581;90
-168.842;0.0028886;90
171.052;0.00278388;90
174.624;0.00288168;90
-176.049;0.0024819;90
-175.695;0.00254418;90
-136.482;0.00317173;90
-120.728;0.00638203;90
-152.815;0.00066102;90
-158.414;0.00118512;90
-104.627;0.00472824;90
-160.296;0.000685118;90
-175.397;0.00189411;90
30.2151;0.000997521;90
-156.414;0.000524844;90
25.8187;0.000720969;90
-15.3324;0.00104002;90
15.8719;0.000749577;90
81.5867;0.00291841;90
46.2931;0.00394808;90
31.7954;0.0142858;90
-18.8019;0.00172822;90
5.42671;0.00558302;90
9.48439;0.00256101;90
-48.9453;0.0109245;90
-62.5207;0.0154434;90
-99.1897;0.00100186;90
136.626;0.0034641;90
113.184;0.00202448;90
103.392;0.0036225;90
109.278;0.00580025;90
120.559;0.00541863;90
134.223;0.00390995;90
141.785;0.00370502;90
-164.161;0.00294584;90
-171.07;0.00300847;90
169.917;0.00302167;90
173.158;0.00268613;90
-173.922;0.00263481;90
-173.414;0.00267666;90
-132.943;0.00338781;90
-119.276;0.00365022;90
-127.916;0.00246541;90
-114.857;0.00546201;90
-105.453;0.00193287;90
115.468;0.00114418;90
167.41;0.00172037;90
-7.19789;0.0388119;90
103.181;0.0044338;90
111.348;0.00560669;90
120.271;0.00493369;90
134.384;0.00407459;90
140.98;0.00378026;90
-159.827;0.00309698;90
-172.397;0.00229013;90
176.509;0.00259481;90
162.143;0.0027295;90
-168.781;0.00284231;90
-179.197;0.00285428;90
-139.389;0.00367784;90
-119.333;0.00391724;90
-131.522;0.00264592;90
-135.857;0.00212651;90
-98.6276;0.00330641;90
-137.541;0.000956949;90
163.753;0.00117596;90
-142.941;0.00115161;90
-11.11;0.0414131;90
-40.8018;0.0014875;90
70.9083;0.00113122;90
-58.5027;0.0170923;90
-53.0394;0.0016432;90
55.8876;0.0090671;90
58.0963;0.00435957;90
59.9887;0.00578802;90
38.0493;0.00351755;90
62.3837;0.00455832;90
82.8203;0.00610487;90
92.5736;0.00619124;90
78.679;0.00611804;90
76.8448;0.0058834;90
71.8115;0.0054398;90
32.8674;0.00343839;90
-36.3327;0.00366936;90
-40.728;0.00407223;90
-23.0236;0.00477104;90
-0.783792;0.00760271;90
54.2466;0.00407497;90
65.6052;0.00550333;90
49.3147;0.00577079;90
27.9002;0.00506696;90
55.8987;0.0222221;90
47.2246;0.0038255;90
41.754;0.00584442;90
46.783;0.00602252;90
45.7785;0.00546432;90
46.1935;0.00291957;90
55.2074;0.00353132;90
63.8785;0.00543068;90
63.8477;0.00577412;90
66.3495;0.00574339;90
69.1865;0.00622525;90
59.1524;0.00482101;90
55.8525;0.00402975;90
70.0502;0.00411493;90
78.4885;0.00401374;90
62.5723;0.00187135;90
102.864;0.00154067;90
73.8273;0.00322044;90
77.1633;0.00399689;90
-8.58013;0.00183655;90
-37.0322;0.00225981;90
-33.9363;0.00212979;90
-35.3211;0.00196832;90
-49.316;0.00300666;90
-50.5245;0.00171137;90
-52.9362;0.00348762;90
-69.3514;0.00478114;90
-79.8682;0.00396788;90
-76.2199;0.00417723;90
-49.861;0.00297063;90
-53.4947;0.00282906;90
-50.7083;0.003583;90
-42.1677;0.00363473;90
-23.074;0.00301848;90
18.4579;0.00315216;90
54.5168;0.00561965;90
64.9341;0.00705989;90
46.5413;0.00475843;90
37.8577;0.00407201;90
53.7239;0.00526808;90
59.1533;0.00562465;90
62.1632;0.00630682;90
66.0121;0.00779745;90
64.6163;0.00813431;90
58.6923;0.00739944;90
61.005;0.0080271;90
73.9936;0.00889589;90
78.8103;0.00953323;90
78.4575;0.00976039;90
79.4364;0.00992216;90
80.4998;0.0104513;90
82.0237;0.00948375;90
82.1328;0.00844549;90
72.5033;0.00428736;90
56.4209;0.00472439;90
39.4414;0.00410994;90
69.7419;0.0056953;90
71.3091;0.0038226;90
79.8478;0.00285368;90
12.1631;0.00158048;90
28.1901;0.0020343;90
45.7748;0.00298073;90
24.3692;0.00278953;90
8.51559;0.00317399;90
24.4373;0.00355333;90
0.64015;0.00232715;90
-41.8402;0.00246306;90
-60.0835;0.00211133;90
-33.1519;0.00221446;90
-31.4903;0.00281801;90
-36.4399;0.00266508;90
-47.0808;0.0025317;90
-43.2464;0.00616957;90
-44.0316;0.00259404;90
-30.8255;0.00334097;90
3.44785;0.00297639;90
17.1861;0.00439629;90
-15.1499;0.00444239;90
-8.49994;0.00376839;90
77.2124;0.00732365;90
74.3832;0.00711361;90
67.8505;0.00431007;90
75.5521;0.00472544;90
35.3929;0.0033133;90
46.4693;0.00383307;90
55.5857;0.00410317;90
65.1008;0.00529188;90
57.5478;0.00463477;90
0.287339;0.00299104;90
-4.05479;0.00291329;90
-4.39059;0.00378812;90
28.4242;0.00402525;90
73.9427;0.00773685;90
61.0191;0.00717208;90
78.534;0.00727417;90
85.8377;0.00888644;90
70.9296;0.00747102;90
24.9428;0.00541838;90
-2.59218;0.00526238;90
13.0995;0.00495494;90
-6.38777;0.00452107;90
-2.72133;0.00438094;90
-30.0713;0.00576957;90
-24.6438;0.00569578;90
-19.9246;0.00560766;90
0.941042;0.00456662;90
-10.59;0.00569704;90
28.6906;0.00536578;90
45.5797;0.00663937;90
26.8682;0.00583264;90
18.5815;0.00568643;90
45.2152;0.00658957;90
33.5763;0.00586569;90
-11.5797;0.00520596;90
-15.2439;0.00449931;90
68.2799;0.00680407;90
26.2153;0.0021981;90
-79.9457;0.00186159;90
-50.2686;0.00365776;90
-51.997;0.00596717;90
-43.669;0.00617966;90
-33.0199;0.00547776;90
-33.0292;0.00447285;90
-39.1944;0.00309675;90
-53.6148;0.00300231;90
-58.1505;0.00479259;90
-46.8839;0.00438785;90
-41.2097;0.00408612;90
-43.3279;0.00358656;90
-68.8271;0.00118499;90
34.6829;0.00177669;90
-23.5377;0.00332789;90
-37.3469;0.00449196;90
-41.7638;0.00518571;90
-52.3572;0.00376594;90
-58.5363;0.00524754;90
-49.2045;0.00553599;90
-49.8715;0.00393015;90
-50.1944;0.00627944;90
-29.9197;0.00524272;90
-36.25;0.00567553;90
-21.7376;0.00517069;90
11.1787;0.0053077;90
-22.6319;0.00512462;90
-40.3518;0.0061778;90
-46.5492;0.00635568;90
-50.8949;0.00667148;90
-40.9091;0.00494609;90
-50.4433;0.00515827;90
-45.0987;0.0065662;90
-44.9769;0.00702016;90
-45.5535;0.00688047;90
-41.2405;0.00651374;90
-54.2002;0.00660735;90
-65.8701;0.00517849;90
-68.1151;0.0107044;90
-72.8365;0.00471707;90
-58.418;0.00514972;90
-41.6408;0.00328237;90
-61.7826;0.00637455;90
-67.9861;0.00816099;90
-66.1487;0.00737701;90
-57.8555;0.00554264;90
-19.2893;0.00341469;90
-38.3782;0.00330515;90
-62.2482;0.003973;90
-56.6204;0.00388961;90
-57.3817;0.00418151;90
-46.4416;0.00435645;90
-51.9727;0.00597042;90
-59.0011;0.0067104;90
-64.0233;0.00749078;90
-48.8921;0.00621921;90
-26.9781;0.00514935;90
-16.0176;0.00533825;90
-14.9468;0.00239607;90
39.9749;0.00259942;90
47.4075;0.00265965;90
65.3515;0.00312912;90
74.1456;0.00432659;90
91.2361;0.00389391;90
44.7378;0.00278179;90
52.747;0.00340968;90
77.0677;0.00448168;90
80.8636;0.00500044;90
79.3765;0.0046324;90
69.7611;0.0038273;90
73.3665;0.00508999;90
-102.249;0.00379438;90
-71.9057;0.0123929;90
-92.6001;0.00848674;90
-95.7657;0.00186142;90
-84.8534;0.026788;90
-88.5818;0.00185857;90
-85.9813;0.00201195;90
-85.9344;0.0114107;90
-61.2754;0.00352476;90
-56.129;0.00570762;90
-46.3089;0.00557204;90
-48.3326;0.00548582;90
-50.4075;0.00485468;90
-58.4408;0.00504988;90
-68.6341;0.00779256;90
-57.7844;0.00742629;90
-39.2907;0.00612707;90
-17.0063;0.00550471;90
-20.0209;0.00362188;90
-8.61245;0.00322537;90
21.0608;0.00387913;90
64.7349;0.00605191;90
60.6494;0.00564111;90
33.1287;0.00396325;90
38.0954;0.00421736;90
52.86;0.00432785;90
57.1782;0.00457542;90
63.4515;0.00465818;90
58.3808;0.00449767;90
54.8779;0.00415073;90
62.9704;0.00490922;90
39.2942;0.003357;90
9.9708;0.00937358;90
-19.6377;0.00741211;90
-37.8681;0.00586629;90
-77.1644;0.00113435;90
-50.3441;0.00578524;90
-53.7624;0.00284537;90
-43.1099;0.00233685;90
-59.3039;0.00594729;90
-35.819;0.000828739;90
-39.3006;0.00143829;90
-34.796;0.00186802;90
-20.0379;0.00178612;90
-24.7699;0.00154185;90
-76.5891;0.00317765;90
-86.4188;0.00219328;90
-94.6494;0.00687161;90
-102.587;0.00488235;90
146.891;0.000930003;90
110.919;0.000831828;90
76.7376;0.00224487;90
94.8235;0.00127251;90
-87.4145;0.00456665;90
-13.134;0.000462088;90
75.1464;0.00180222;90
79.1881;0.00349708;90
85.8566;0.00332168;90
83.6056;0.00233452;90
73.8075;0.0177397;90
34.8188;0.00428034;90
48.8111;0.0018298;90
8.16184;0.00102135;90
-12.6329;0.00197071;90
40.4178;0.0127013;90
46.0786;0.00199086;90
76.6926;0.0307938;90
74.4229;0.00237213;90
58.2488;0.0352658;90
4.20369;0.00705297;90
-3.55555;0.00361195;90
-5.4732;0.00900606;90
7.54993;0.00135474;90
-12.3269;0.00344748;90
33.473;0.00805375;90
23.9528;0.00299273;90
27.4597;0.00358038;90
52.2248;0.00468358;90
54.5921;0.00497762;90
42.5832;0.00425916;90
40.1199;0.00401466;90
41.2385;0.00440841;90
36.3335;0.00405918;90
34.4465;0.00394953;90
48.5979;0.00433817;90
8.15321;0.00666335;90
-31.4586;0.00252164;90
-8.39009;0.00261802;90
12.7502;0.00286361;90
29.6934;0.00276163;90
40.0065;0.00310325;90
56.6209;0.00413868;90
51.068;0.00269575;90
26.3792;0.00220567;90
57.0827;0.00586094;90
68.2159;0.00184043;90
64.2657;0.00314603;90
59.9291;0.00337876;90
68.3585;0.00372562;90
72.2033;0.00298063;90
76.4152;0.00320157;90
56.8191;0.00227852;90
34.9989;0.00203989;90
-28.3945;0.000910544;90
9.16522;0.000634095;90
57.0932;0.00184621;90
52.378;0.0011123;90
28.3671;0.00152173;90
54.2964;0.00284959;90
64.1798;0.00430032;90
66.3699;0.00486491;90
55.8638;0.00366918;90
38.5912;0.00195748;90
7.93886;0.00114396;90
-152.707;0.00295721;90
-128.128;0.00216872;90
-115.254;0.00369406;90
-115.19;0.00393303;90
-114.344;0.0033696;90
-127.356;0.00261549;90
-162.259;0.00161794;90
-152.163;0.00153119;90
84.3843;0.00198251;90
76.7025;0.00282165;90
83.7802;0.0034151;90
94.3891;0.00364569;90
87.0438;0.00756206;90
96.4725;0.00454195;90
83.1467;0.00473483;90
86.5594;0.00476559;90
86.0625;0.00438335;90
87.4417;0.00470469;90
87.6576;0.00504021;90
88.357;0.00533619;90
89.1191;0.00572368;90
94.6097;0.0050393;90
94.9389;0.00442543;90
79.9981;0.00384037;90
81.9538;0.00444375;90
88.6695;0.00478029;90
79.5886;0.0046648;90
94.5663;0.00479823;90
90.2004;0.00543203;90
94.716;0.00529091;90
99.2496;0.00531308;90
95.9172;0.00532537;90
93.0154;0.00566484;90
94.3359;0.00595204;90
92.3786;0.00551775;90
92.7964;0.00602618;90
92.5332;0.00570157;90
92.9639;0.00529909;90
92.8908;0.00575032;90
92.7951;0.00586498;90
92.8746;0.00586238;90
99.6447;0.00268596;90
119.117;0.00160709;90
111.926;0.00162558;90
112.03;0.00144231;90
83.6088;0.00136549;90
90;0.001411;90
-73.943;0.00761405;90
-86.5347;0.00296141;90
-86.686;0.0062795;90
-87.4656;0.00671657;90
-87.4962;0.00663834;90
-86.9881;0.00690854;90
-87.4303;0.0058659;90
-87.5064;0.00682646;90
-85.6537;0.00620183;90
-86.5865;0.00614691;90
-84.6027;0.0055496;90
-80.0884;0.00578636;90
-87.1018;0.00543896;90
-88.9695;0.00572693;90
-93.4514;0.0110961;90
-94.4576;0.00402718;90
-101.014;0.00520793;90
-86.2332;0.0113706;90
-90.431;0.00558316;90
-92.0338;0.00546644;90
-91.4768;0.00294898;90
-92.367;0.00452786;90
-94.1158;0.00473722;90
-93.8379;0.00512449;90
-96.395;0.00473144;90
-84.1047;0.00472197;90
-92.1845;0.00451228;90
-92.7302;0.00415672;90
-87.3873;0.00434352;90
-102.479;0.00390117;90
-101.516;0.00223397;90
-134.634;0.00343166;90
-142.719;0.00144784;90
93.0442;0.00114862;90
46.0579;0.00126382;90
61.8349;0.000800825;90
-137.063;0.0929097;90
-137.802;0.00387675;90
-154.742;0.00354822;90
168.385;0.00324341;90
-175.339;0.00326079;90
175.019;0.003179;90
157.347;0.00321177;90
173.963;0.00323293;90
175.202;0.00292926;90
176.433;0.00321423;90
-161.971;0.00312441;90
-148.588;0.00339801;90
-138.03;0.00371892;90
-136.528;0.00419039;90
-128.526;0.00413893;90
-111.913;0.00506169;90
-108.836;0.00492474;90
-108.005;0.00586208;90
-105.61;0.00568573;90
-105.646;0.0055434;90
-105.166;0.00565703;90
-105.81;0.0044119;90
-110.756;0.00486473;90
-105.08;0.00535438;90
-94.5429;0.00582029;90
-103.968;0.0022289;90
-134.931;0.002955;90
-138.515;0.00317168;90
-141.161;0.00318908;90
-141.655;0.00320926;90
-167.318;0.00223656;90
-177.63;0.00195868;90
-128.428;0.00281724;90
-155.79;0.00220931;90
-135.561;0.00245661;90
-106.399;0.00354209;90
-105.761;0.0041012;90
-104.9;0.00358969;90
-103.215;0.00352125;90
-92.6496;0.00237954;90
-96.1194;0.0025797;90
-95.2178;0.00310085;90
-103.034;0.00253634;90
-100.236;0.00193581;90
152.33;0.00102073;90
88.6597;0.00213758;90
81.0339;0.0013667;90
169.775;0.0547089;90
-144.399;0.00241179;90
-145.702;0.00308431;90
-130.665;0.00449025;90
-116.973;0.00358272;90
-112.484;0.00385178;90
-130.62;0.00304592;90
-173.71;0.0023914;90
173.214;0.00258108;90
158.354;0.00308237;90
163.813;0.0032894;90
162.763;0.00322275;90
148.424;0.00317977;90
131.717;0.0039146;90
124.938;0.00429024;90
114.926;0.00464353;90
111.339;0.00487522;90
118.558;0.00460417;90
129.118;0.00556168;90
123.681;0.0421386;90
162.722;0.00291242;90
144.894;0.0107531;90
156.254;0.00373741;90
165.069;0.00453306;90
146.597;0.00548744;90
122.944;0.0256243;90
139.78;0.00185838;90
124.547;0.00174223;90
122.83;0.0043069;90
123.588;0.00450279;90
119.794;0.00464498;90
154.764;0.00354646;90
127.204;0.00924816;90
112.734;0.00338716;90
118.818;0.00228613;90
111.813;0.00637548;90
113.649;0.00629463;90
135.747;0.004825;90
111.955;0.0135098;90
115.032;0.00160473;90
114.209;0.00525518;90
115.967;0.00728551;90
131.903;0.00539179;90
138.978;0.00577897;90
133.384;0.00544194;90
135.195;0.00498372;90
135.502;0.00444009;90
135.88;0.00373043;90
129.954;0.00488808;90
135.32;0.00544551;90
134.088;0.0050218;90
127.217;0.0054875;90
136.089;0.00398244;90
140.569;0.00715575;90
163.16;0.0047152;90
-166.149;0.00397251;90
177.229;0.00322677;90
142.733;0.00343168;90
138.832;0.00360795;90
158.633;0.00315914;90
145.821;0.00364202;90
129.781;0.00381652;90
129.382;0.00494095;90
131.085;0.00585082;90
122.952;0.00639595;90
131.353;0.00575761;90
138.525;0.00515183;90
151.344;0.00487743;90
-167.455;0.00193827;90
135.038;0.00212981;90
138.462;0.00370068;90
138.426;0.00360916;90
131.596;0.00396609;90
122.33;0.00406516;90
131.369;0.00223328;90
131.593;0.00389101;90
146.86;0.00427305;90
142.629;0.0112806;90
128.196;0.00480469;90
137.054;0.00319535;90
137.925;0.00218923;90
-177.377;0.0022944;90
-112.608;0.00421923;90
-178.132;0.00386605;90
152.501;0.00425357;90
-167.692;0.00453627;90
-137.09;0.00564152;90
-135.946;0.00505226;90
-162.154;0.00532208;90
-155.555;0.00442463;90
-144.073;0.00465443;90
-128.118;0.00640872;90
176.438;0.00436143;90
173.895;0.00460713;90
-179.649;0.00441008;90
158.902;0.00506986;90
155.899;0.00478514;90
152.822;0.00476846;90
147.481;0.00495368;90
-154.668;0.00415781;90
174.018;0.00414557;90
-172.527;0.00420572;90
-142.837;0.0149914;90
-96.5115;0.00195763;90
-94.1004;0.00303477;90
-91.4754;0.00532076;90
-99.349;0.0043214;90
-117.456;0.00186958;90
-122.544;0.003439;90
-139.54;0.0186618;90
175.701;0.00114723;90
176.625;0.00122312;90
-130.522;0.00360452;90
-113.303;0.00517952;90
-120.922;0.00423842;90
-126.088;0.00389796;90
-119.979;0.0129264;90
-115.893;0.00240215;90
-102.895;0.00242414;90
-101.531;0.00559288;90
-104.572;0.00448735;90
-178.93;0.00246443;90
141.038;0.00319973;90
178.179;0.00292648;90
-165.75;0.00292912;90
-157.084;0.00287381;90
167.776;0.00240861;90
142.895;0.00248642;90
138.162;0.00237171;90
129.894;0.00283615;90
144.525;0.00234169;90
133.487;0.00251676;90
141.299;0.00239102;90
140.879;0.00242327;90
149.351;0.00231081;90
148.557;0.0017617;90
119.975;0.00194749;90
141.138;0.00167982;90
140.916;0.00174951;90
-174.286;0.00150649;90
-152.517;0.0022623;90
-170.374;0.00287042;90
-160.017;0.00282083;90
-151.083;0.00302974;90
-136.924;0.0030543;90
-163.454;0.00193826;90
-106.529;0.00300519;90
-109.536;0.00501788;90
-111;0.00510935;90
-142.937;0.00337982;90
-130.369;0.00372234;90
-107.135;0.00622845;90
-97.1778;0.00781121;90
-98.476;0.0167712;90
-100.956;0.026335;90
-101.124;0.00488273;90
-104.634;0.0079003;90
-113.47;0.00593827;90
-122.225;0.00556408;90
-121.83;0.00552717;90
-116.189;0.00572133;90
-113.217;0.00601948;90
-114.674;0.00594805;90
-119.539;0.00612971;90
-121.114;0.00523278;90
-128.083;0.0053372;90
-141.738;0.00443591;90
-128.603;0.0050263;90
-112.618;0.00610015;90
-127.779;0.00500643;90
-161.373;0.00339694;90
155.824;0.00343311;90
134.95;0.00322441;90
130.327;0.00282935;90
128.17;0.00177186;90
128.24;0.00123755;90
131.858;0.00216701;90
114.584;0.00406223;90
101.574;0.00884179;90
124.611;0.00376052;90
130.071;0.00273246;90
133.212;0.0029239;90
142.141;0.00157563;90
142.315;0.00237684;90
143.211;0.0032478;90
-126.694;0.00259901;90
-103.505;0.00360981;90
-102.715;0.00216715;90
-102.402;0.00289147;90
-101.549;0.00427047;90
-110.174;0.00376073;90
-124.902;0.0035531;90
-123.524;0.00382772;90
-112.316;0.00449029;90
-110.847;0.0050271;90
-114.963;0.00521521;90
-117.588;0.00476135;90
-114.81;0.00452569;90
-123.339;0.0032151;90
-123.669;0.00148632;90
-139.246;0.00324746;90
-132.232;0.0052564;90
-133.701;0.00552039;90
-137.357;0.00524339;90
-128.203;0.00645815;90
-116.679;0.00696671;90
-116.763;0.00700654;90
-138.795;0.00495779;90
-149.683;0.00790624;90
-130.885;0.00299595;90
-120.389;0.00423829;90
-113.964;0.0046115;90
-147.551;0.0033939;90
-179.98;0.002858;90
174.107;0.00294154;90
155.695;0.00429794;90
143.631;0.0051452;90
154.643;0.00432686;90
-121.88;0.0057787;90
-102.159;0.00785728;90
-100.671;0.00775001;90
-89.677;0.00816013;90
-109.63;0.00688198;90
-138.167;0.00509329;90
-121.021;0.00634322;90
-111.051;0.00647835;90
-131.925;0.00436277;90
151.59;0.0018475;90
124.949;0.00425419;90
125.888;0.0054742;90
125.819;0.00497244;90
130.462;0.00338705;90
115.66;0.00523976;90
103.473;0.00663149;90
120.847;0.00546859;90
128.506;0.00488919;90
141.543;0.00369822;90
-175.759;0.00325892;90
-169.898;0.00270798;90
176.182;0.00271803;90
165.374;0.00275632;90
-170.31;0.00268531;90
-178.283;0.00300335;90
-139.936;0.00320518;90
-120.966;0.00378206;90
-122.211;0.00295476;90
-148.186;0.00187228;90
-103.835;0.00261795;90
-104.359;0.00219765;90
152.167;0.00121225;90
-167.559;0.0011326;90
41.0755;0.00370899;90
69.688;0.0028577;90
32.9598;0.0157761;90
-17.2358;0.00265943;90
0.247127;0.00301403;90
17.1027;0.00323715;90
-18.7017;0.003125;90
-38.4399;0.00390547;90
-58.4076;0.005236;90
-64.6846;0.00549577;90
-73.7981;0.00641164;90
-58.6374;0.00470552;90
42.3729;0.00112619;90
-123.189;0.00120569;90
127.435;0.00320136;90
108.466;0.00581543;90
110.144;0.00646973;90
120.685;0.00535939;90
138.167;0.0044545;90
156.454;0.0037448;90
-164.165;0.00313705;90
-177.697;0.00306147;90
176.121;0.00597268;90
-179.43;0.00180809;90
-156.526;0.00291963;90
-123.496;0.00408428;90
-119.683;0.00390548;90
178.904;0.0112401;90
124.756;0.0030855;90
170.279;0.0031269;90
174.69;0.00336042;90
102.575;0.563143;90
129.718;0.00284191;90
125.144;0.00306099;90
117.259;0.00343217;90
111.896;0.0376435;90
107.015;0.00491411;90
104.254;0.00607192;90
102.023;0.00793096;90
99.1307;0.00721543;90
97.3332;0.0216077;90
97.9714;0.00321608;90
99.0719;0.00774387;90
104.877;0.00738455;90
111.121;0.00720716;90
115.165;0.00770645;90
114.536;0.00606355;90
109.468;0.00662795;90
103.937;0.00725352;90
100.343;0.00743582;90
99.6903;0.00723016;90
101.973;0.00709537;90
106.838;0.00688727;90
114.71;0.00629873;90
126.481;0.00559413;90
130.018;0.00476339;90
122.248;0.00545554;90
117.667;0.00523337;90
114.796;0.00562013;90
115.142;0.00599719;90
114.642;0.00461203;90
123.136;0.00137572;90
112.08;0.00377486;90
122.353;0.00272265;90
127.424;0.00264932;90
127.888;0.00347815;90
125.372;0.00512015;90
103.309;0.000860101;90
119.065;0.00154794;90
-95.0643;0.0010762;90
67.7642;0.00364939;90
81.5718;0.00668621;90
81.3141;0.00672108;90
78.6158;0.00651008;90
80.9747;0.00700574;90
85.6245;0.00680283;90
67.7752;0.0056789;90
68.1679;0.00553929;90
67.3811;0.00475038;90
81.031;0.0049647;90
112.541;0.00173992;90
85.8423;0.00215166;90
-10.5449;0.00136607;90
-11.212;0.00229378;90
-9.42712;0.00160569;90
-93.5572;0.00130552;90
-62.4388;0.00131188;90
-23.3715;0.00082684;90
-0.353128;0.000649012;90
16.8087;0.000501423;90
115.706;0.000984428;90
-22.7229;0.000727463;90
-3.51911;0.000749413;90
-59.3084;0.00151641;90
-60.1767;0.0125028;90
-154.523;0.00106009;90
-89.8229;0.00744304;90
-102.24;0.00286308;90
-109.912;0.0044894;90
-108.572;0.00622939;90
-95.9412;0.00375819;90
141.59;0.00257533;90
120.132;0.00238648;90
119.701;0.00304964;90
119.601;0.00251642;90
117.983;0.00357836;90
119.499;0.00375705;90
126.936;0.003453;90
-171.096;0.00173794;90
-101.663;0.0039424;90
-104.788;0.00312243;90
174.133;0.000655433;90
171.873;0.00241222;90
-167.818;0.0029003;90
179.579;0.0035361;90
145.345;0.00125214;90
121.567;0.0032722;90
112.055;0.00368572;90
114.049;0.00255695;90
121.08;0.00177244;90
68.4834;0.00138233;90
-119.514;0.00119967;90
116.675;0.00140336;90
111.014;0.00279702;90
122.869;0.00110369;90
107.968;0.00838284;90
86.8613;0.0629014;90
93.5763;0.00109012;90
120.466;0.000670585;90
27.4999;0.00271361;90
41.67;0.00783949;90
-71.7513;0.536993;90
-81.4439;0.00705754;90
-82.7663;0.00902181;90
-82.487;0.00904767;90
-81.2008;0.00894933;90
-83.2636;0.00894274;90
-87.9379;0.00944912;90
-87.8028;0.00894658;90
-82.8548;0.00846574;90
-83.1388;0.00878088;90
-86.3739;0.00898098;90
-86.3187;0.0091579;90
-81.4628;0.00927578;90
-81.3411;0.00833601;90
-80.6439;0.00887;90
-85.7965;0.00900422;90
-90.0974;0.00882101;90
-78.9006;0.00837873;90
-78.9548;0.00908224;90
-82.1779;0.00897148;90
-87.3701;0.00904453;90
-88.2052;0.00878031;90
-88.9815;0.00877639;90
-93.0875;0.00891194;90
-92.0159;0.00943784;90
-84.9351;0.00876723;90
-75.2143;0.00810332;90
-74.6793;0.00743316;90
-82.776;0.00703787;90
-91.6547;0.00432881;90
-99.7576;0.00634884;90
-95.3728;0.00884285;90
-90.6207;0.00738443;90
-89.5624;0.00798723;90
-89.9248;0.00838101;90
-88.8764;0.00821058;90
-86.6501;0.00853959;90
-87.3403;0.00855522;90
-91.181;0.00926697;90
-87.3413;0.00995972;90
-89.9162;0.00752201;90
-91.2356;0.00918214;90
-81.7848;0.00790108;90
-80.0596;0.00855036;90
-88.4738;0.008448;90
-73.7768;0.0083578;90
-64.4149;0.00598817;90
-33.2205;0.00426385;90
-15.435;0.00667681;90
-5.05332;0.002316;90
-48.8157;0.00325141;90
-69.3568;0.00761599;90
6.37488;0.00145902;90
22.9697;0.00151187;90
23.6427;0.000491232;90
36.7475;0.0011232;90
-9.36597;0.00107534;90
-9.68368;0.00080852;90
78.5438;0.00445577;90
36.0201;0.00172599;90
50.8453;0.0025134;90
59.8106;0.0044923;90
34.3634;0.00351676;90
2.71882;0.00290927;90
4.12297;0.00305992;90
-16.5801;0.00322405;90
6.80131;0.00307363;90
21.1007;0.00318881;90
-31.1889;0.00331749;90
-41.9305;0.00413331;90
-59.2985;0.00517074;90
-67.0326;0.00563033;90
-74.5148;0.0060714;90
-56.5937;0.00403217;90
47.6412;0.000951362;90
159.468;0.0397404;90
42.0277;0.00189547;90
-128.121;0.0096465;90
12.0058;0.0349791;90
-61.7942;0.00457642;90
-73.8035;0.0061126;90
-65.0855;0.00517015;90
-37.8942;0.00156625;90
73.7264;0.00119904;90
-76.6577;0.0819263;90
-71.429;0.00452776;90
-75.795;0.00634088;90
-81.9982;0.0107971;90
-82.4695;0.00678351;90
-79.9748;0.00637636;90
-76.3807;0.00633205;90
-72.0546;0.00606926;90
-71.9655;0.00579154;90
-71.411;0.00611397;90
-71.5523;0.00568831;90
-72.5364;0.0054282;90
-75.7017;0.00270479;90
104.165;0.0580996;90
99.7882;0.00702324;90
107.43;0.00663358;90
108.397;0.00664774;90
106.962;0.00644748;90
101.745;0.00674522;90
104.749;0.00654776;90
123.738;0.00532235;90
135.339;0.00417837;90
114.908;0.00627793;90
116.711;0.00492115;90
107.273;0.00109121;90
156.201;0.00166781;90
167.734;0.00299844;90
151.681;0.00357939;90
130.354;0.0037884;90
103.559;0.0015142;90
118.394;0.0011629;90
70.7914;0.0011945;90
92.0432;0.00182316;90
59.1273;0.000863325;90
88.9005;0.000990182;90
-104.198;0.00163494;90
-88.3416;0.00134756;90
-103.402;0.00140218;90
170.886;0.000486137;90
119.736;0.00160079;90
136.705;0.00128326;90
145.055;0.00108941;90
125.03;0.00137631;90
132.042;0.00101393;90
125.562;0.000832217;90
-53.3976;0.00111361;90
-48.4038;0.00127433;90
-53.3384;0.00137501;90
-36.9667;0.001184;90
-53.292;0.00311341;90
-71.2925;0.00146225;90
-57.4005;0.0020547;90
-26.6956;0.00903061;90
-2.40488;0.000881777;90
33.8862;0.000891408;90
65.6669;0.00778563;90
64.498;0.00197658;90
69.7187;0.0114243;90
118.514;0.00136792;90
125.779;0.00782342;90
127.677;0.00134813;90
126.252;0.0016505;90
117.764;0.00570814;90
119.642;0.00873057;90
-74.1108;0.00476298;90
-56.6354;0.00390571;90
19.2322;0.000840931;90
-31.8894;0.0204683;90
-28.2865;0.00081877;90
3.57633;0.000737436;90
-12.0124;0.00126367;90
-60.4183;0.00069683;90
-60.6031;0.00159313;90
-40.9063;0.00213951;90
-82.5014;0.00216855;90
174.356;0.000935535;90
130.296;0.001121;90
152.854;0.000793398;90
-95.3237;0.00188614;90
-70.5362;0.00133849;90
-30.8932;0.000835542;90
-21.9629;0.000724586;90
70.2557;0.00323839;90
38.6138;0.000972651;90
-37.2795;0.000531614;90
-34.6619;0.000654086;90
-43.1565;0.000637433;90
-41.921;0.00057925;90
-34.2993;0.00104345;90
16.7857;0.00253815;90
-29.0219;0.00221172;90
-40.8296;0.000680625;90
-37.8183;0.000531673;90
-28.2218;0.000835297;90
-8.80805;0.000633471;90
-52.249;0.00105352;90
-70.6474;0.000908323;90
-5.14021;0.000669693;90
-91.113;0.00175033;90
-99.211;0.00104953;90
-103.546;0.000879466;90
-116.392;0.00132957;90
-121.602;0.00299987;90
-128.547;0.00222735;90
-136.51;0.00104617;90
-143.264;0.0016284;90
-95.0908;0.00850856;90
-92.7577;0.000956107;90
-87.1006;0.00332125;90
-102.502;0.00139508;90
-91.8397;0.000934482;90
-94.7378;0.00165867;90
-93.9825;0.0026925;90
-85.0475;0.00100776;90
-89.3255;0.00135909;90
-104.088;0.00134753;90
-145.365;0.00448841;90
-150.355;0.000640888;90
-133.365;0.00235492;90
-160.582;0.000866275;90
163.914;0.000840924;90
159.517;0.000831578;90
165.043;0.00289819;90
171.989;0.000681652;90
126.716;0.0010404;90
134.408;0.00136762;90
115.339;0.0011496;90
120.877;0.00113018;90
110.987;0.00138487;90
104.551;0.00159207;90
119.764;0.000753387;90
116.092;0.00135287;90
118.433;0.0127318;90
104.351;0.00101672;90
107.531;0.00110219;90
113.668;0.00144232;90
92.2478;0.00214165;90
84.1828;0.00101623;90
80.3746;0.00184802;90
52.3933;0.000917676;90
64.7354;0.000768511;90
85.8005;0.00114708;90
80.8836;0.00147058;90
65.6606;0.00217644;90
46.5284;0.00121949;90
65.3235;0.00360963;90
76.3287;0.000837735;90
74.2457;0.00181207;90
78.5861;0.00140478;90
70.3853;0.00118263;90
130.542;0.00105537;90
148.631;0.0552169;90
-138.146;0.00127542;90
-102.073;0.00291651;90
-101.968;0.00208328;90
150.984;0.000575196;90
146.149;0.000592422;90
-171.51;0.00083313;90
-110.14;0.00103104;90
-167.024;0.00394576;90
105.82;0.0020725;90
111.093;0.00330656;90
112.827;0.0052198;90
137.368;0.000753005;90
-41.2238;0.000569042;90
-50.8441;0.00129863;90
-70.9027;0.00385729;90
-70.5167;0.00852092;90
-61.1019;0.00135126;90
-40.1792;0.000883473;90
21.4841;0.00298436;90
80.3645;0.00266459;90
24.584;0.032058;90
-60.8548;0.0125866;90
-73.6972;0.00231196;90
-73.9885;0.00309611;90
-60.0829;0.00375542;90
157.003;0.0376362;90
-148.301;0.0015244;90
-134.979;0.00192545;90
-99.7125;0.00267332;90
-110.881;0.0017114;90
158.61;0.00108579;90
-163.793;0.00120384;90
19.0249;0.00282533;90
82.9232;0.00191559;90
69.9681;0.00240553;90
20.7537;0.00139128;90
56.1092;0.00277074;90
20.4461;0.0145709;90
1.81977;0.00185794;90
-50.878;0.0464679;90
-60.051;0.00181079;90
-111.544;0.00355109;90
-116.405;0.00626236;90
-117.812;0.00651566;90
-112.044;0.00556051;90
-64.7174;0.00295727;90
-68.0705;0.00623084;90
-54.9619;0.00570612;90
-48.3484;0.005;90
-71.2439;0.00688249;90
-78.9662;0.00671411;90
-74.0676;0.00786513;90
-71.1972;0.00763548;90
-73.8079;0.00797537;90
-81.8149;0.00648304;90
-82.7175;0.00739969;90
-81.3312;0.00607743;90
-79.9949;0.00579615;90
-75.8295;0.00548593;90
-72.1523;0.00533789;90
-72.7505;0.00608363;90
-70.6316;0.00856047;90
-71.5926;0.00591884;90
-82.8672;0.097295;90
-64.3291;0.0026939;90
-30.8779;0.00228951;90
-16.3509;0.00426969;90
-30.1567;0.00355518;90
-12.1974;0.00296289;90
-24.8772;0.00706009;90
-16.4162;0.000969524;90
-7.40969;0.00204709;90
-5.94796;0.011889;90
-29.7241;0.00994101;90
-12.6036;0.00207603;90
-5.89288;0.00340901;90
-59.145;0.00505785;90
-77.9249;0.0067115;90
-72.64;0.00519148;90
-94.2112;0.0047799;90
-62.9009;0.00532565;90
-63.2724;0.00567427;90
-73.0834;0.0143687;90
-61.4711;0.00588566;90
-53.4397;0.00499607;90
-28.7497;0.00459891;90
-72.5251;0.00675684;90
-50.3948;0.00556554;90
-26.5343;0.00417027;90
-19.643;0.00389996;90
-49.3305;0.00446682;90
-27.9156;0.00470555;90
-71.2879;0.00549231;90
-48.5561;0.00835641;90
-8.157;0.00361558;90
-22.6284;0.00464454;90
-44.7534;0.00509334;90
-57.1934;0.00453299;90
-60.5762;0.00354187;90
-54.3876;0.00820198;90
-82.7902;0.00729065;90
-86.5253;0.00717719;90
-85.1067;0.0081477;90
-75.0309;0.00665897;90
-67.0006;0.00766532;90
-69.524;0.00536283;90
-55.3947;0.00338604;90
-71.9866;0.00382551;90
-77.0779;0.00474004;90
-47.5521;0.00309666;90
-11.8984;0.0024251;90
-27.1338;0.0022979;90
-41.5136;0.00337207;90
-42.4534;0.00450377;90
-49.0185;0.00464155;90
-32.1124;0.00340493;90
-49.9018;0.00418724;90
-55.3378;0.00351481;90
-85.468;0.00583424;90
-86.9147;0.00652145;90
-85.2406;0.00671315;90
-83.5742;0.00657632;90
-77.4227;0.00525818;90
-30.0294;0.00219805;90
-37.4291;0.00247952;90
-36.2279;0.00380204;90
-52.2273;0.0056487;90
-32.2861;0.00462981;90
-39.912;0.0048238;90
-65.38;0.0055209;90
-58.6884;0.00409666;90
-57.3746;0.0037912;90
-32.4618;0.00280771;90
-19.3419;0.00265696;90
-16.8977;0.00359522;90
17.0254;0.00277669;90
11.8967;0.00256612;90
-41.7005;0.00355061;90
-24.4341;0.00576096;90
-27.3975;0.0018776;90
-41.1365;0.00218285;90
-44.388;0.00575971;90
-75.8271;0.00325508;90
-69.0892;0.00194725;90
-52.9666;0.00189281;90
-46.9688;0.00181126;90
-70.7683;0.00366132;90
-83.5845;0.00436735;90
-118.998;0.00422461;90
-88.9885;0.00407864;90
-80.0016;0.00586914;90
-78.9829;0.00702242;90
-73.6435;0.00606861;90
-74.3451;0.0061221;90
-79.2114;0.00566819;90
-76.241;0.00516316;90
-76.7448;0.00535568;90
-84.2247;0.00572405;90
-74.3272;0.0057747;90
-77.9907;0.00440235;90
-97.5048;0.00333053;90
-112.906;0.00275419;90
-114.876;0.00385353;90
-107.625;0.00501334;90
-102.282;0.00598907;90
-81.2244;0.00192048;90
-5.43494;0.00150979;90
-43.8636;0.00121222;90
-84.4564;0.00126291;90
-85.2395;0.00151824;90
94.3225;0.00167176;90
108.519;0.0017285;90
138.488;0.00074384;90
177.538;0.00172259;90
88.2515;0.00176982;90
77.5427;0.00617027;90
69.4615;0.00842556;90
77.6086;0.00732565;90
105.413;0.00360463;90
100.914;0.0135786;90
104.449;0.00602353;90
101.095;0.00769075;90
106.467;0.00863938;90
103.566;0.00578952;90
100.881;0.0103032;90
175.528;0.00102612;90
-128.123;0.00066736;90
118.975;0.00285082;90
117.972;0.00364365;90
111.814;0.0034985;90
93.531;0.00433523;90
82.2221;0.00464776;90
74.8808;0.00343904;90
75.6664;0.00261748;90
-12.8704;0.00207411;90
4.77107;0.00256087;90
16.4004;0.00207545;90
16.9229;0.0020853;90
17.3666;0.00217096;90
14.2641;0.00231745;90
25.3604;0.000574349;90
38.4187;0.00226423;90
46.3241;0.00278462;90
36.6305;0.00263302;90
67.131;0.00511289;90
83.3957;0.00215631;90
-154.645;0.000889706;90
-128.833;0.00129016;90
52.797;0.00120402;90
23.4279;0.00210013;90
-50.5586;0.00209511;90
29.0508;0.00443382;90
41.2368;0.00243487;90
23.8706;0.00240688;90
20.7008;0.00287138;90
40.5803;0.00355104;90
35.0629;0.00397057;90
40.0733;0.00326049;90
41.5081;0.00311139;90
39.7046;0.00646651;90
-2.21215;0.00230572;90
21.2656;0.00293913;90
39.6733;0.00371705;90
24.1455;0.00343229;90
28.0969;0.00344612;90
22.3167;0.00309697;90
45.096;0.00379788;90
29.2242;0.00357619;90
23.879;0.00348315;90
23.5875;0.00744722;90
28.8119;0.00222436;90
22.1362;0.00359067;90
20.9753;0.00396686;90
14.1313;0.00409182;90
6.86241;0.00370756;90
10.9843;0.00372627;90
19.7984;0.00415989;90
17.8511;0.00459313;90
0.434051;0.00501614;90
-26.1199;0.00535376;90
-20.869;0.00524937;90
33.6213;0.00531875;90
46.8603;0.00660008;90
32.333;0.00559794;90
9.09373;0.00523885;90
16.2392;0.00500988;90
52.0456;0.00645656;90
59.7694;0.00637958;90
62.7351;0.00563844;90
69.2611;0.00652906;90
67.2238;0.00769503;90
64.043;0.0074595;90
68.3528;0.00821111;90
64.0247;0.00734274;90
44.1302;0.00591563;90
51.5196;0.00623386;90
37.0985;0.00531344;90
52.5047;0.0153919;90
32.1299;0.0133649;90
7.47323;0.00389811;90
-2.73008;0.00505974;90
-11.9758;0.00494462;90
-15.0864;0.0048833;90
-23.9997;0.00516557;90
-23.0392;0.00500306;90
17.8828;0.00508676;90
44.355;0.00665854;90
13.2398;0.0044318;90
-37.0428;0.00483722;90
-62.8685;0.00674073;90
-49.6704;0.0053756;90
-11.0547;0.00418261;90
4.70112;0.00449011;90
5.96796;0.00416457;90
19.9363;0.00512939;90
33.7067;0.00574115;90
33.58;0.00548544;90
36.7502;0.00536161;90
58.381;0.00586341;90
64.2567;0.00498918;90
61.1604;0.00434945;90
56.7711;0.00410048;90
56.6096;0.00408293;90
69.6128;0.00512397;90
73.8135;0.00584364;90
68.5943;0.00615669;90
59.0381;0.00525009;90
45.2458;0.00461604;90
31.4745;0.00434766;90
21.1183;0.00514023;90
44.3678;0.0062809;90
62.9105;0.00669328;90
72.821;0.00861327;90
65.5535;0.00731918;90
49.631;0.00537742;90
47.866;0.00510533;90
49.2201;0.00414144;90
58.2654;0.00410468;90
55.7083;0.00269433;90
69.5312;0.00345728;90
62.8131;0.0038324;90
85.8498;0.00164431;90
-3.83644;0.000851909;90
-63.2953;0.00421903;90
-68.1371;0.00311504;90
-70.3837;0.00236209;90
-58.3548;0.00338888;90
15.0469;0.00108624;90
74.6074;0.0016087;90
79.7933;0.00208804;90
46.8566;0.00320841;90
-33.518;0.00147773;90
-1.3064;0.000877228;90
-53.6617;0.00142266;90
-42.8102;0.00109186;90
-100.662;0.0021837;90
94.0032;0.00951121;90
128.014;0.00191278;90
127.287;0.00280287;90
109.22;0.00316226;90
70.5555;0.00211779;90
71.459;0.00222024;90
135.124;0.00195445;90
157.723;0.00257197;90
131.723;0.00282031;90
125.423;0.00354033;90
122.145;0.00442423;90
123.499;0.00158174;90
123.359;0.00177673;90
153.456;0.00122402;90
75.1771;0.0036391;90
76.6071;0.00658817;90
76.012;0.00863403;90
74.222;0.00949578;90
79.542;0.010236;90
82.7379;0.0101101;90
75.7041;0.0101163;90
65.6179;0.00790174;90
55.8808;0.007814;90
59.3484;0.00790089;90
64.9126;0.00839386;90
66.4218;0.00840248;90
66.4139;0.0091046;90
48.13;0.00599602;90
12.5866;0.00537825;90
2.62558;0.00508634;90
18.3837;0.0052984;90
52.6105;0.00707969;90
45.9986;0.00636988;90
45.6975;0.00638989;90
55.7861;0.00746242;90
54.9826;0.00702827;90
46.4937;0.00651042;90
48.0941;0.0068647;90
50.1901;0.00673807;90
51.2924;0.00730956;90
46.5913;0.00628931;90
47.5199;0.00591855;90
57.9551;0.00629872;90
14.7959;0.00462847;90
21.1316;0.0042412;90
45.1754;0.00161716;90
34.2934;0.00329233;90
-28.1142;0.002746;90
44.6253;0.001946;90
78.4337;0.0039002;90
72.2341;0.00246453;90
76.2977;0.00262161;90
91.1675;0.00878482;90
88.72;0.00290973;90
102.508;0.00334745;90
100.631;0.00589213;90
102.331;0.00771702;90
101.818;0.00674293;90
101.127;0.00422848;90
82.4593;0.00540272;90
84.2437;0.00624147;90
101.285;0.0076601;90
116.18;0.0064597;90
128.379;0.00620595;90
108.15;0.00750544;90
94.6538;0.00766627;90
86.4941;0.00436617;90
80.0829;0.00507483;90
79.9995;0.00577576;90
82.7123;0.00598334;90
86.0244;0.00726949;90
95.6978;0.00488514;90
147.379;0.0010555;90
80.9709;0.00284829;90
74.2531;0.00333101;90
56.1206;0.00159477;90
45;0.000954594;90
63.5633;0.0013971;90
17.4958;0.000771699;90
90.3375;0.0059421;90
31.9784;0.00404834;90
51.6926;0.00261502;90
11.4532;0.00203961;90
7.17325;0.0022103;90
39.0846;0.00391773;90
36.4853;0.00360568;90
47.3112;0.00376982;90
44.3877;0.00231591;90
90;0.00371;90
80.786;0.00622026;90
70.7185;0.00539354;90
72.76;0.00503418;90
73.9773;0.0049888;90
74.5886;0.00601322;90
75.0649;0.00697254;90
71.4488;0.00701553;90
70.5431;0.00714504;90
56.6383;0.00595175;90
43.8259;0.00503849;90
41.2998;0.00355001;90
31.4354;0.00325001;90
15.3194;0.00289175;90
-4.51689;0.00829175;90
-16.7214;0.00395525;90
-6.45534;0.00401143;90
-1.69063;0.00396573;90
3.03399;0.00383538;90
39.8405;0.00399437;90
35.7321;0.00400859;90
20.1006;0.00341607;90
46.0531;0.00423204;90
54.1758;0.00460277;90
49.5829;0.00485851;90
38.2068;0.00519481;90
40.8678;0.0050144;90
36.252;0.0051375;90
41.6921;0.00503663;90
39.7557;0.00470356;90
-2.54599;0.00321918;90
-20.0735;0.00622622;90
10.9502;0.00234265;90
29.0437;0.00305061;90
49.9695;0.0084158;90
36.5265;0.00357026;90
52.1601;0.00472568;90
66.1033;0.00618631;90
62.9335;0.00485469;90
70.3103;0.00408696;90
75.2992;0.00416122;90
73.6205;0.00224824;90
62.7549;0.00135649;90
44.6003;0.00121625;90
-113.37;0.00359492;90
-111.053;0.00159229;90
-108.009;0.0052334;90
-110.975;0.00261208;90
-112.981;0.00235382;90
-121.052;0.00455587;90
-110.609;0.00527563;90
-136.588;0.00811363;90
-123.744;0.00443039;90
-140.915;0.00330707;90
-150.484;0.00332676;90
-177.852;0.00288202;90
158.546;0.0061899;90
-173.268;0.00261906;90
-141.864;0.00401118;90
-136.576;0.0044225;90
-143.648;0.00391736;90
-142.078;0.00381064;90
-137.935;0.00403297;90
-142.183;0.00393054;90
-134.478;0.00426898;90
-124.682;0.00541635;90
-131.841;0.00458123;90
-151.782;0.00765814;90
-141.256;0.0037374;90
-172.429;0.00330178;90
172.555;0.0035116;90
-175.099;0.00326594;90
163.081;0.00350155;90
166.931;0.00341854;90
174.916;0.00341945;90
176.376;0.0034018;90
-166.113;0.00354152;90
-146.209;0.00410312;90
-135.683;0.00426981;90
-137.282;0.00419081;90
-120.669;0.00513062;90
-108.957;0.00642127;90
-108.528;0.00564246;90
-106.778;0.0059618;90
-105.197;0.00653452;90
-106.069;0.0108707;90
-106.629;0.0107976;90
-91.7946;0.00501346;90
-109.946;0.00213401;90
-134.819;0.00313391;90
-140.038;0.00351872;90
-141.512;0.00343537;90
-141.488;0.00337899;90
168.203;0.00216677;90
-144.008;0.00237548;90
-139.721;0.00262024;90
-150.647;0.00212365;90
-117.923;0.00298107;90
-105.692;0.00412992;90
-105.019;0.0042564;90
-105.175;0.00390414;90
-93.1122;0.00281816;90
-97.739;0.00246546;90
-92.8913;0.00287466;90
-102.902;0.0052085;90
141.248;0.00116943;90
85.4373;0.00163418;90
79.2208;0.00158802;90
-73.6233;0.152913;90
-49.0995;0.00353113;90
-57.5574;0.00507033;90
-65.8429;0.00621639;90
-64.9775;0.00556535;90
-56.8023;0.00587366;90
-58.3838;0.00432256;90
-63.0378;0.00567707;90
-58.6862;0.0052778;90
-47.762;0.00453429;90
-42.8139;0.00433772;90
-49.6731;0.00475625;90
-44.4532;0.00333416;90
-42.9983;0.00323911;90
-57.9028;0.00410082;90
-73.1656;0.0059667;90
-86.7051;0.00729005;90
-87.7376;0.00666219;90
-78.7384;0.00627278;90
-52.5898;0.0044328;90
-40.4603;0.00339486;90
-39.0696;0.00275123;90
-55.863;0.00291532;90
-58.6963;0.00315066;90
-60.4758;0.00399358;90
-56.739;0.00388911;90
-63.7005;0.0041484;90
-52.2461;0.00821858;90
-54.7374;0.00324428;90
-37.9402;0.00315855;90
-62.4947;0.004742;90
-68.6318;0.00567297;90
-59.2591;0.00520193;90
-37.918;0.00431872;90
-31.5741;0.00426661;90
-30.6044;0.00418379;90
-44.6607;0.00406028;90
-66.2165;0.00500395;90
-55.5876;0.0038061;90
-49.6615;0.00184458;90
-86.6636;0.00458778;90
-78.8814;0.00540342;90
-78.0157;0.00648228;90
-77.3536;0.00628959;90
-86.7482;0.00680496;90
-99.5799;0.00632724;90
-90.2348;0.00658906;90
-89.7712;0.00676205;90
-94.9786;0.00725939;90
-98.0228;0.00641983;90
-96.3438;0.00707734;90
-94.7982;0.00675467;90
-92.9944;0.00671917;90
-100.137;0.00663051;90
-101.717;0.00659339;90
-93.6919;0.00705063;90
-99.4623;0.00624091;90
-104.068;0.00621643;90
-112.953;0.00538755;90
-115.134;0.00519153;90
-115.625;0.00547776;90
-105.666;0.00462169;90
-100.41;0.00491998;90
-89.8421;0.00435502;90
-66.3642;0.00359672;90
-62.5854;0.00319703;90
-83.8148;0.0037961;90
-88.1856;0.00394798;90
-101.466;0.00368249;90
-91.5277;0.00416348;90
-70.5351;0.00524264;90
-60.1956;0.00513641;90
-55.6009;0.00477384;90
-36.3706;0.00369474;90
-73.5809;0.0048185;90
-87.8964;0.00580291;90
-74.3896;0.00568573;90
-69.4787;0.00404787;90
0;0;90
-66.8962;0.00491848;90
-25.5017;0.00347008;90
-43.756;0.00315939;90
-58.3908;0.00446079;90
-49.0439;0.00387044;90
-67.7421;0.00489471;90
-61.686;0.00468898;90
-82.7282;0.00605167;90
-87.6924;0.00605991;90
-91.0009;0.00698407;90
-98.8939;0.00586654;90
-99.0853;0.0059466;90
-83.3843;0.00622344;90
-92.92;0.00590867;90
-102.888;0.0115623;90
-109.507;0.00218014;90
-103.13;0.00371102;90
-104.795;0.00566273;90
-106.91;0.00554892;90
-111.455;0.0054432;90
-112.33;0.0115069;90
-90.0543;0.004224;90
-109.278;0.00534894;90
-122.187;0.00456925;90
-117.603;0.00513664;90
-155.481;0.00315666;90
-98.9298;0.00612018;90
-100.468;0.00684696;90
-101.036;0.00655624;90
-97.127;0.00710086;90
-91.3188;0.00447519;90
-70.9202;0.00227604;90
-68.3613;0.00281218;90
-76.0997;0.00327181;90
-82.3049;0.00316652;90
-93.1293;0.00364544;90
-95.7469;0.00376492;90
-97.9971;0.00359395;90
-110.625;0.00273958;90
-125.585;0.00255024;90
-128.025;0.00204382;90
-110.163;0.00179288;90
-84.145;0.00280363;90
-89.2102;0.00333732;90
-68.7107;0.00282584;90
-66.855;0.0026688;90
-67.5256;0.00251393;90
-63.9087;0.00302863;90
-49.4967;0.00215553;90
-19.1072;0.00167106;90
-50.7089;0.00466316;90
-55.6968;0.00184005;90
-54.2876;0.00201981;90
-36.4509;0.00164104;90
-43.137;0.00187058;90
-66.7143;0.00612926;90
-88.4942;0.00361525;90
-85.5063;0.00356095;90
-101.767;0.00275081;90
-108.868;0.00305516;90
-97.0653;0.0035691;90
-85.2183;0.00289106;90
-49.8877;0.00181751;90
-31.262;0.00197706;90
-30.5447;0.00143051;90
-25.4976;0.00165632;90
-77.0009;0.000964722;90
-128.277;0.00128659;90
-110.011;0.00249566;90
-63.3233;0.00114711;90
-55.8365;0.00177898;90
-58.1495;0.00552961;90
-66.8617;0.00224455;90
-73.7313;0.00323764;90
-47.8733;0.00241215;90
-34.9343;0.00284823;90
-34.406;0.00290769;90
-38.3904;0.00269075;90
-42.7948;0.0029954;90
-31.6118;0.0026385;90
-9.50024;0.000993628;90
31.7432;0.000857229;90
-25.2376;0.000501908;90
102.877;0.700401;90
-42.0288;0.00286481;90
-13.4909;0.000458656;90
-85.1601;0.00443281;90
-82.5913;0.000977158;90
-85.5593;0.00094283;90
75.8184;0.00611847;90
72.3746;0.00210376;90
69.0709;0.00170767;90
-49.3626;0.00103183;90
11.3399;0.00112394;90
104.923;0.0228258;90
104.475;0.00621322;90
119.128;0.0151327;90
101.594;0.0151859;90
86.09;0.00576341;90
80.3716;0.00499233;90
80.2107;0.00590498;90
99.9718;0.00403089;90
127.693;0.00270188;90
104.684;0.00145967;90
-66.7766;0.00181833;90
61.6321;0.000867129;90
79.6546;0.0025281;90
79.9099;0.00250576;90
85.2497;0.00248754;90
85.0043;0.00258382;90
60.2999;0.000793202;90
-18.339;0.00132215;90
81.443;0.00140464;90
98.3955;0.00540391;90
117.886;0.00481285;90
114.516;0.00492831;90
103.657;0.00644625;90
100.193;0.0061653;90
96.0035;0.0141506;90
98.9079;0.0051987;90
99.9932;0.00652906;90
100.752;0.00729508;90
99.9464;0.00651898;90
101.051;0.00758055;90
92.1275;0.014492;90
92.2076;0.00306327;90
94.7155;0.0114708;90
107.071;0.00281712;90
107.292;0.00504294;90
91.7667;0.0144989;90
96.6667;0.00302344;90
102.911;0.00447104;90
106.37;0.00671313;90
106.401;0.00612002;90
102.137;0.00622616;90
105.022;0.00200243;90
-177.724;0.00143513;90
-109.961;0.00285022;90
-102.611;0.00240912;90
-108.304;0.00235622;90
-116.589;0.00212248;90
-158.999;0.000784082;90
-168.455;0.00114925;90
-145.075;0.0013904;90
-123.586;0.00137205;90
-93.6698;0.00393707;90
-82.1922;0.0038719;90
-86.7417;0.00214647;90
-78.1007;0.145122;90
100.042;0.000877442;90
86.2244;0.00782097;90
-87.0524;0.00110847;90
-104.036;0.00110087;90
-88.7534;0.0352543;90
-77.1597;0.0054267;90
-66.9938;0.00520173;90
-47.1574;0.00420744;90
-57.6294;0.0046732;90
-74.2878;0.00580491;90
-76.7731;0.0062498;90
-65.7653;0.00527925;90
-70.8637;0.00550309;90
-75.9906;0.00569231;90
-71.1955;0.00274555;90
-108.766;0.00125892;90
-68.5887;0.00125459;90
117.621;0.00104397;90
46.3524;0.000838862;90
-70.8371;0.00350946;90
-62.9219;0.0037961;90
-45.5763;0.00203869;90
-33.3132;0.00160229;90
-34.5714;0.0024884;90
-38.4318;0.00270761;90
-27.643;0.00164022;90
74.6194;0.00128191;90
7.88453;0.000626927;90
92.2574;0.00220871;90
131.478;0.0214545;90
101.877;0.00487333;90
117.218;0.00412134;90
110.345;0.00526654;90
103.325;0.00561004;90
104.584;0.00575854;90
126.332;0.00432599;90
132.697;0.00399484;90
113.41;0.0051848;90
101.812;0.00566189;90
95.1247;0.0054297;90
89.6328;0.00358907;90
80.9411;0.00511277;90
81.0396;0.00561148;90
82.3792;0.00534622;90
101.918;0.00131229;90
168.913;0.00146127;90
97.1507;0.00138175;90
133.321;0.00135115;90
88.4946;0.00220776;90
87.1057;0.00134672;90
-91.0883;0.0232712;90
-50.6911;0.00124072;90
-86.3343;0.00387894;90
-86.8793;0.00580461;90
-72.8899;0.00574423;90
-62.3586;0.00476143;90
-43.7299;0.00370049;90
-62.3915;0.00464151;90
-75.2544;0.0056811;90
-75.6876;0.0056349;90
-66.4469;0.00503005;90
-70.0655;0.00513572;90
-76.8864;0.00519651;90
-71.3591;0.00351964;90
-75.4383;0.00195686;90
-70.9967;0.00309254;90
-62.963;0.00358364;90
-42.3331;0.00168686;90
-44.9068;0.00173948;90
-25.2178;0.00182603;90
-27.0559;0.00224465;90
-32.8957;0.00238072;90
-44.9356;0.0025173;90
-57.7525;0.00669819;90
-72.3013;0.0013289;90
-75.4862;0.00328793;90
-76.6829;0.003942;90
-76.0125;0.00427784;90
-81.6915;0.0108994;90
-110.916;0.00385717;90
-117.644;0.0029915;90
-77.2834;0.00443376;90
-69.2586;0.00455737;90
-72.5345;0.00469128;90
-62.6888;0.0057691;90
-51.711;0.0042235;90
-59.7946;0.00516993;90
-66.0365;0.00562593;90
-63.9082;0.00606398;90
-57.8278;0.00487919;90
-57.8766;0.00504189;90
-63.5933;0.00598777;90
-55.488;0.00510432;90
-42.9197;0.00426596;90
-45.9017;0.00453807;90
-51.5724;0.00389204;90
-42.3255;0.00334897;90
-51.0396;0.00672728;90
-72.1685;0.00447392;90
-83.1062;0.00562366;90
-89.0298;0.00673297;90
-83.1388;0.00654588;90
-70.0045;0.00513238;90
-41.2224;0.00369205;90
-39.7999;0.00256676;90
-41.6919;0.0021199;90
-57.811;0.00241405;90
-58.1927;0.00208513;90
-58.9709;0.00285562;90
-59.6629;0.00312026;90
-49.758;0.00297515;90
-61.523;0.0030159;90
-65.9057;0.00207476;90
-65.9881;0.00271057;90
-53.5804;0.0064124;90
-34.6507;0.00122412;90
-41.3869;0.00206461;90
-47.8402;0.00318235;90
-62.7649;0.00435929;90
-69.0262;0.0052327;90
-61.1483;0.00485345;90
-34.7406;0.00350962;90
-30.5605;0.00370343;90
-34.623;0.00391781;90
-31.4359;0.00345513;90
-54.6357;0.00403439;90
-65.7631;0.00428247;90
15.2759;0.00121078;90
35.7322;0.00188357;90
14.5854;0.00278371;90
-27.2736;0.000506285;90
-34.2337;0.000526157;90
-7.23984;0.00247574;90
41.0922;0.000632918;90
-18.0371;0.000910758;90
4.88701;0.00107993;90
-22.6199;0.002938;90
-45.0424;0.000955302;90
-42.9904;0.00104858;90
84.8368;0.00597826;90
98.7622;0.001628;90
84.4586;0.00185366;90
62.9033;0.00997598;90
37.957;0.00128603;90
24.5901;0.00389307;90
53.1301;0.00075;90
64.4163;0.00284604;90
69.2001;0.00401572;90
69.5606;0.00414069;90
72.8704;0.0050249;90
95.2302;0.0164003;90
97.1041;0.00203764;90
85.2585;0.0111662;90
96.8841;0.00852647;90
117.619;0.00106992;90
117.725;0.00159062;90
134.089;0.00569152;90
110.641;0.00126522;90
117.17;0.00186364;90
109.759;0.00776198;90
94.6123;0.0016664;90
76.291;0.00267521;90
81.1876;0.0101306;90
80.3104;0.00165765;90
80.5292;0.00222432;90
79.3966;0.00997228;90
91.1361;0.00368172;90
96.4044;0.00177508;90
91.0256;0.0087154;90
110.682;0.000855105;90
-92.4086;0.00126111;90
-86.4767;0.0061346;90
-80.8385;0.00225476;90
-90.6804;0.00673648;90
-99.7811;0.0015069;90
-95.4221;0.00298435;90
-99.49;0.0102259;90
-101.788;0.00173765;90
-93.9958;0.0021813;90
-98.538;0.0047284;90
-86.3751;0.0096483;90
-68.4906;0.00204008;90
-38.2989;0.0051326;90
44.1878;0.000648482;90
-63.8719;0.00838595;90
-72.1423;0.00150659;90
-86.6197;0.00535932;90
-97.1792;0.00524915;90
-104.826;0.0046074;90
-87.9539;0.0122958;90
-79.0256;0.00428639;90
-61.049;0.00494152;90
-18.9533;0.00178265;90
-34.6285;0.00282796;90
23.5602;0.00203897;90
37.2443;0.00269326;90
49.3596;0.00349757;90
-1.69499;0.00196086;90
1.88154;0.00435535;90
31.7955;0.00115774;90
23.8059;0.00208106;90
36.6146;0.00525125;90
53.94;0.00116032;90
68.1226;0.00140089;90
80.8553;0.00341034;90
83.9976;0.00496321;90
84.2506;0.0116094;90
87.1168;0.00220679;90
78.7817;0.00343361;90
89.1669;0.0222844;90
68.5452;0.00377563;90
35.4468;0.00747311;90
2.92735;0.00123361;90
-39.2524;0.00511903;90
-67.2962;0.00115554;90
-59.4111;0.00348613;90
-57.1523;0.00226398;90
-56.1397;0.0074699;90
-66.5159;0.00126476;90
-69.4304;0.00148572;90
-5.61859;0.00371786;90
-13.134;0.000862564;90
12.9041;0.000711981;90
-34.3349;0.00707232;90
-52.0436;0.00820568;90
-60.9866;0.00445966;90
-63.9523;0.00198124;90
-91.8588;0.0024663;90
-99.8189;0.00250976;90
-125.001;0.00410919;90
-152.523;0.000843104;90
136.451;0.00164738;90
108.111;0.00212319;90
165.643;0.00116953;90
-142.795;0.00140242;90
-86.766;0.00228664;90
-101.356;0.00147283;90
-89.3998;0.00400922;90
-79.0012;0.00166152;90
-46.9513;0.00153673;90
-53.4162;0.00124162;90
-82.9226;0.00238618;90
-88.034;0.0028857;90
-90;0.002141;90
-93.7314;0.00175171;90
-86.9156;0.00176556;90
-55.6205;0.0028583;90
139.978;0.278741;90
103.949;0.00414421;90
102.843;0.0736413;90
-81.0762;0.0904266;90
-78.6651;0.00495056;90
-76.5389;0.00340658;90
-87.5846;0.00218294;90
-95.1877;0.0138467;90
-98.4062;0.000909774;90
-107.064;0.00315907;90
-147.483;0.00247975;90
171.119;0.00223479;90
-141.242;0.00254938;90
-144.115;0.00197729;90
-154.721;0.0028101;90
-167.211;0.00358698;90
-156.14;0.00364886;90
-115.968;0.00592411;90
-132.584;0.0045281;90
-138.603;0.0046471;90
-128.435;0.00556608;90
-129.161;0.00553923;90
-129.876;0.0198323;90
-129.359;0.0284276;90
-125.124;0.00455552;90
-159.873;0.0044114;90
-178.508;0.00426245;90
179.732;0.00426905;90
-154.757;0.004922;90
-124.358;0.00602279;90
-113.455;0.021785;90
-119.502;0.0261037;90
-102.102;0.042068;90
-103.266;0.00443638;90
-102.738;0.00532915;90
-104.656;0.00450973;90
-75.7383;0.00265069;90
-57.1304;0.00158827;90
-58.7629;0.0019052;90
-58.0136;0.00255608;90
-55.3578;0.00267042;90
-61.08;0.00289502;90
-97.4281;0.00297799;90
-126.804;0.0019046;90
-125.419;0.00134243;90
24.6674;0.00118845;90
-67.0164;0.00252005;90
138.438;0.00293624;90
56.9739;0.00107702;90
61.1581;0.00484044;90
120.356;0.0113837;90
130.168;0.00141855;90
-167.686;0.000984654;90
79.1697;0.00215539;90
78.1241;0.052514;90
68.8212;0.0113818;90
57.8172;0.00249896;90
54.47;0.00609847;90
54.5916;0.0441646;90
4.71088;0.00288575;90
33.9474;0.0108071;90
58.5291;0.00249969;90
43.5493;0.00572586;90
43.7033;0.00556211;90
55.3382;0.00783322;90
56.8546;0.00545572;90
48.3581;0.012458;90
49.8934;0.00443487;90
49.3488;0.00585615;90
52.365;0.00636557;90
46.6831;0.00541665;90
39.7814;0.00485887;90
64.3903;0.00632985;90
32.0649;0.00418551;90
12.7139;0.00292163;90
22.2096;0.00336247;90
25.3853;0.00132493;90
32.7033;0.00388126;90
4.28451;0.00123144;90
-39.2631;0.0013794;90
-38.4843;0.00112165;90
-79.1564;0.00216872;90
-73.9998;0.00143665;90
-89.3774;0.00460127;90
-88.5795;0.00383218;90
-90.3204;0.00393406;90
-92.5295;0.00398789;90
-97.101;0.00503159;90
-100.457;0.00529494;90
-94.1374;0.00401948;90
-98.0555;0.000977647;90
-93.6053;0.00394381;90
-88.6179;0.00472638;90
-91.3559;0.0101428;90
-98.678;0.00217389;90
-89.5716;0.00200606;90
125.335;0.00108239;90
85.7699;0.0287543;90
85.0507;0.00181979;90
81.2557;0.00233514;90
87.8133;0.0200756;90
87.8845;0.00113778;90
109.349;0.00164491;90
90.8371;0.00342237;90
68.1173;0.00117787;90
75.5213;0.00106792;90
77.9959;0.0055197;90
85.2566;0.0124557;90
102.107;0.0567278;90
120.161;0.00198238;90
94.0591;0.0261777;90
85.0406;0.0226257;90
160.767;0.000613225;90
-104.824;0.011839;90
90.382;0.00180004;90
80.7609;0.00130797;90
86.4206;0.00116928;90
-89.9424;0.02585;90
-85.3498;0.00428009;90
-81.5237;0.0068114;90
-68.5192;0.00570744;90
-49.7117;0.00440744;90
-55.4215;0.00459708;90
-72.7606;0.00554721;90
-77.3631;0.00655478;90
-66.6649;0.00595293;90
-72.4352;0.0054973;90
-75.3588;0.00532905;90
-70.6328;0.00318737;90
-71.9554;0.00343495;90
-63.9889;0.00420937;90
-42.4357;0.00249717;90
-41.4077;0.00252792;90
-28.3251;0.00302862;90
-33.9914;0.00263653;90
-34.3356;0.00150167;90
-49.0997;0.00245287;90
-63.6153;0.0041202;90
-72.0328;0.0052679;90
-75.0567;0.00467303;90
-76.9251;0.00374406;90
-75.5603;0.00451152;90
-87.224;0.00559557;90
-106.69;0.00428972;90
-125.316;0.00269859;90
-80.587;0.00420056;90
-69.0801;0.00584211;90
-71.1637;0.00550693;90
-60.4636;0.00569398;90
-53.1896;0.0055844;90
-65.0468;0.00624826;90
-65.3735;0.00654424;90
-57.7919;0.00611262;90
-58.187;0.00568151;90
-62.9986;0.0062245;90
-54.2559;0.00548646;90
-43.2653;0.00467187;90
-47.1858;0.00417143;90
-47.9941;0.00364162;90
-44.91;0.00315158;90
-46.9893;0.00329993;90
-59.3113;0.00389323;90
-74.8113;0.00491986;90
-86.9448;0.00652928;90
-86.4242;0.00641349;90
-81.6205;0.0065944;90
-59.9148;0.00455228;90
-38.9916;0.00326284;90
-39.8056;0.00231964;90
-47.0198;0.00236745;90
-58.6746;0.00258128;90
-62.296;0.00278982;90
-57.7953;0.00380902;90
-54.036;0.00365586;90
-59.9947;0.00354743;90
-58.8835;0.00405201;90
-52.1743;0.00346508;90
-53.9857;0.0035494;90
-43.8057;0.00308719;90
-49.2147;0.00357915;90
-68.4199;0.00490481;90
-66.1157;0.00513471;90
-54.0164;0.00442173;90
-34.9453;0.00421618;90
-27.3614;0.0036684;90
-31.2771;0.00354407;90
-45.2552;0.00380993;90
-65.3017;0.00484634;90
-58.2324;0.00398499;90
-35.546;0.00321146;90
-40.3838;0.00328598;90
-57.7598;0.0033104;90
-48.9882;0.0027552;90
-40.3932;0.00220978;90
-47.2578;0.0027641;90
-63.8793;0.00415206;90
-65.8419;0.00544158;90
-81.2359;0.00608404;90
-86.8429;0.00713583;90
-86.5968;0.00650247;90
-82.3552;0.00739674;90
-81.6868;0.00836186;90
-81.6453;0.00772195;90
-84.9358;0.00824719;90
-84.416;0.00756389;90
-77.8215;0.0073095;90
-75.5653;0.00749769;90
-68.0338;0.0065872;90
-63.4468;0.00646939;90
-66.5519;0.00678532;90
-73.4664;0.00689092;90
-72.5826;0.00717602;90
-51.3876;0.00509736;90
-17.8711;0.00392015;90
-13.8358;0.00408966;90
-9.77145;0.00426589;90
-34.3016;0.00439181;90
-55.4274;0.00543837;90
-79.3525;0.00695474;90
-84.7984;0.00648571;90
-79.7067;0.00623434;90
-74.4511;0.00692753;90
-54.9613;0.00472541;90
-53.2762;0.00454881;90
-50.0299;0.00454866;90
-48.1798;0.00441065;90
-55.2907;0.00461528;90
-29.0649;0.00431659;90
-23.879;0.00411307;90
-20.4162;0.00455514;90
-23.0941;0.0043213;90
-38.0027;0.00495697;90
-58.4828;0.00610804;90
-60.1568;0.0062175;90
-60.3022;0.00663673;90
-66.1143;0.00674465;90
-73.7144;0.00749576;90
-73.978;0.00750346;90
-78.4342;0.00786061;90
-80.5938;0.00788705;90
-80.0628;0.00848936;90
-81.3954;0.00806073;90
-84.1521;0.00830321;90
-86.5062;0.00827037;90
-86.6644;0.00838721;90
-88.6006;0.00827147;90
-93.9055;0.00883853;90
-96.4539;0.00740191;90
-97.2075;0.006201;90
-93.7009;0.00602657;90
-75.2026;0.00492949;90
-48.7158;0.00405884;90
-42.5315;0.00467902;90
-40.7116;0.0042269;90
-41.0537;0.00370908;90
-44.967;0.00368191;90
-73.4997;0.00353143;90
-38.2379;0.00167548;90
-14.1744;0.00271568;90
-11.2049;0.00310315;90
16.4596;0.00313758;90
42.2514;0.00414346;90
63.0037;0.00439713;90
68.6765;0.00487579;90
65.9309;0.00452876;90
44.1283;0.00204519;90
11.0035;0.00194373;90
-31.917;0.00185553;90
-20.8858;0.00113883;90
-48.6844;0.0014965;90
-55.6751;0.00175213;90
-55.4522;0.0025569;90
-51.0608;0.00221004;90
-51.684;0.00247259;90
-63.2955;0.00404103;90
-70.2794;0.00536995;90
-74.6969;0.00628588;90
-75.5098;0.0078373;90
-70.0568;0.0080859;90
-69.6793;0.00729395;90
-63.5098;0.00616529;90
-74.8373;0.00663706;90
-62.7865;0.00509722;90
-64.008;0.00554483;90
-80.6982;0.00710239;90
-94.3492;0.0135821;90
-95.3281;0.00624599;90
-97.1075;0.00606964;90
-102.587;0.00530449;90
-105.999;0.00524621;90
-104.702;0.0048229;90
-102.982;0.00599625;90
-101.81;0.00643011;90
-93.5378;0.00685506;90
-83.219;0.00785092;90
-81.5906;0.00670105;90
-96.5433;0.0135231;90
-96.1943;0.00650598;90
-83.9292;0.00645822;90
-81.1881;0.00682152;90
-81.2788;0.00732064;90
-81.3831;0.00707486;90
-80.4741;0.0066649;90
-80.4735;0.00483974;90
-81.4815;0.00602851;90
-81.2716;0.00663585;90
-76.5345;0.00796187;90
-79.488;0.00892886;90
-81.5516;0.0080453;90
-76.9247;0.00760723;90
-78.463;0.00771998;90
-84.1376;0.00818481;90
-86.4978;0.00887257;90
-89.7665;0.00638005;90
-90.0512;0.004478;90
-86.8448;0.00465105;90
-75.6773;0.00465674;90
-77.0798;0.00617637;90
-75.717;0.00597055;90
-76.8754;0.00891795;90
-76.7397;0.00696675;90
-77.7058;0.00670169;90
-79.0534;0.00658787;90
-78.2387;0.00672111;90
-79.6425;0.00496694;90
-79.394;0.00723154;90
-77.3567;0.006186;90
-67.4685;0.00543593;90
-56.2962;0.00461344;90
-53.0654;0.00443;90
-54.4747;0.00431279;90
-51.8996;0.00452644;90
-52.514;0.00461247;90
-58.4755;0.00497644;90
-68.895;0.00701237;90
-68.8671;0.00754439;90
-67.2348;0.00609371;90
-58.2236;0.00384539;90
-47.6051;0.00508723;90
-50.028;0.00551047;90
-43.0772;0.00535298;90
-44.7122;0.00506719;90
-44.2332;0.00480805;90
-48.2218;0.00572459;90
-72.5664;0.00803404;90
-75.514;0.00738374;90
-76.6031;0.00665098;90
-75.9959;0.00605393;90
-66.4221;0.00618756;90
-65.6798;0.00697607;90
-67.8639;0.00747065;90
-68.1375;0.00714055;90
-73.6986;0.00740676;90
-85.4311;0.00857425;90
-91.2698;0.00740082;90
-86.6778;0.00334763;90
-84.7473;0.00525406;90
-80.4128;0.0100331;90
-94.1101;0.00249742;90
-89.135;0.00404046;90
-85.6853;0.00491794;90
-92.6612;0.00452288;90
-92.5632;0.00436036;90
-99.1308;0.0280737;90
-126.574;0.00217163;90
-117.796;0.00129096;90
-91.3267;0.00215958;90
-94.628;0.00164837;90
-106.413;0.00109356;90
71.1721;0.00885269;90
33.5009;0.00184799;90
-71.072;0.000918676;90
-20.535;0.00159644;90
-21.9734;0.0017318;90
-23.9333;0.00219142;90
-22.3069;0.010209;90
-45.4642;0.00375274;90
-44.5904;0.00316509;90
-58.6651;0.00413046;90
-70.8376;0.00453317;90
-68.3759;0.0130225;90
-50.5157;0.0107554;90
-81.1857;0.0538267;90
-87.3233;0.00368302;90
-83.1469;0.011892;90
-73.2131;0.0189777;90
-71.2232;0.00169628;90
-70.921;0.00315109;90
-73.409;0.00572954;90
-77.1948;0.00573462;90
-69.6705;0.00624607;90
-67.0145;0.00752115;90
-65.5636;0.005671;90
-75.4045;0.00608745;90
-75.2219;0.0530312;90
-70.4574;0.00436761;90
-75.3569;0.00531256;90
-74.3829;0.00491443;90
-72.0517;0.00510125;90
-58.9611;0.00392149;90
-47.6443;0.00361717;90
-47.0107;0.00358724;90
-48.0879;0.00391174;90
-48.4927;0.00350528;90
-65.9433;0.0122215;90
-76.1951;0.0032437;90
-74.083;0.00554978;90
-63.691;0.0109068;90
-62.5072;0.00176762;90
-68.4772;0.00431487;90
-73.7431;0.00553324;90
-76.2377;0.0058345;90
-78.7309;0.00577739;90
-79.4475;0.0057116;90
-81.9873;0.00697308;90
-84.9321;0.00553564;90
-85.3178;0.0058435;90
-81.919;0.00626723;90
-79.5009;0.0255406;90
-68.8733;0.00309074;90
-63.1018;0.00369136;90
-60.7833;0.00429203;90
-62.4779;0.0147266;90
-61.6543;0.00647654;90
-61.2779;0.00557265;90
-71.6701;0.00534837;90
-71.9035;0.00433651;90
-67.993;0.00419247;90
-62.8453;0.00391109;90
-63.8009;0.00546104;90
-62.2731;0.00632982;90
-65.0478;0.00594269;90
-57.243;0.015362;90
-40.4719;0.00489928;90
-45.7499;0.00507888;90
-39.5402;0.00315102;90
-39.2638;0.00220733;90
-50.5455;0.00246591;90
-52.5354;0.0074572;90
-41.0742;0.00381106;90
-37.3908;0.00294772;90
-37.0129;0.00288541;90
-31.6376;0.00274142;90
-63.2654;0.00423245;90
-61.8737;0.00407071;90
-51.7126;0.00348447;90
-56.6947;0.00388271;90
-59.6292;0.00389443;90
-65.7318;0.00407292;90
-57.8653;0.00394426;90
-50.5385;0.0033262;90
-43.2219;0.00289417;90
-35.8987;0.00202949;90
-36.1977;0.00225035;90
-41.5854;0.00217255;90
-48.6958;0.00236949;90
-50.7326;0.00219452;90
-36.9482;0.0017568;90
-52.7017;0.00192585;90
-65.4652;0.00266349;90
-41.6664;0.0018848;90
-48.3574;0.00105044;90
-42.1452;0.00159014;90
-77.0093;0.00110324;90
64.0766;0.000958439;90
-32.1152;0.00276512;90
-27.7307;0.00134102;90
-36.2338;0.00199972;90
-21.6303;0.00167925;90
-22.0793;0.00252734;90
-6.36963;0.00279425;90
-6.97193;0.00292463;90
-6.43203;0.00268691;90
4.69393;0.00279839;90
10.4984;0.00240933;90
-11.1638;0.00215375;90
-54.164;0.00314791;90
-62.8841;0.00390749;90
-66.2185;0.00523992;90
-61.3177;0.00662149;90
-61.6865;0.00611223;90
-69.916;0.006989;90
-76.8841;0.00757973;90
-79.7343;0.00772669;90
-78.9782;0.00768373;90
-78.7654;0.00820217;90
-79.2634;0.00776188;90
-74.4389;0.00720926;90
-75.8186;0.00717981;90
-87.3398;0.00812275;90
-96.9296;0.00796518;90
-111.332;0.00679556;90
-113.566;0.00632555;90
-92.8019;0.00803961;90
-87.9168;0.00828047;90
-83.5111;0.00799924;90
-81.8393;0.00768583;90
-81.2869;0.00803371;90
-87.2467;0.0084938;90
-86.4907;0.0062407;90
-87.5318;0.00513176;90
-94.1541;0.00583934;90
-97.1428;0.00760804;90
-99.5516;0.00823212;90
-129.305;0.00556482;90
-119.197;0.00603705;90
-94.5931;0.00809199;90
-83.6944;0.00840384;90
-88.9871;0.00820228;90
-80.4119;0.00801496;90
-81.7829;0.00838205;90
-74.7019;0.00795176;90
-75.4405;0.00796787;90
-72.3997;0.00731544;90
-73.3177;0.00712383;90
-70.9406;0.00635434;90
-62.8377;0.00609183;90
-61.6331;0.00704039;90
-67.7208;0.00648081;90
-60.956;0.00575924;90
-45.6882;0.00506325;90
-37.7288;0.00429628;90
-40.611;0.00446291;90
-60.2535;0.00452876;90
-74.6427;0.00511255;90
-85.785;0.0184218;90
-85.4426;0.00346094;90
-85.272;0.00333635;90
-79.7704;0.00762419;90
-74.1076;0.00757764;90
-81.8555;0.0089927;90
-79.4666;0.0081178;90
-71.9231;0.00733821;90
-73.3994;0.00739941;90
-78.6843;0.00783327;90
-82.6962;0.00906153;90
-84.4798;0.00832662;90
-82.2882;0.00827181;90
-74.0366;0.00742118;90
-77.2036;0.00805916;90
-83.6683;0.008197;90
-72.8596;0.00760058;90
-57.2756;0.00574363;90
-58.134;0.00583785;90
-56.4073;0.00619934;90
-48.394;0.0046581;90
-49.6733;0.00547636;90
-61.7993;0.00636107;90
-61.3117;0.00534743;90
-61.1688;0.00689919;90
-64.5812;0.00585699;90
-61.0118;0.00587046;90
-51.8112;0.0053004;90
-37.7471;0.00459834;90
-24.614;0.00451858;90
-39.5912;0.0102321;90
-45.3206;0.00176921;90
-54.3894;0.00301233;90
-48.5692;0.00495228;90
-52.944;0.00560243;90
-53.4578;0.00535089;90
-43.5073;0.00504904;90
-50.7935;0.00535185;90
-41.8086;0.00448365;90
-33.0793;0.00429279;90
-20.9315;0.0042687;90
-44.2555;0.00522455;90
-50.6166;0.0111047;90
-29.6934;0.00165537;90
-24.9121;0.00227905;90
-26.1524;0.0100599;90
-40.3964;0.00266945;90
-61.707;0.0060361;90
-64.2767;0.00642357;90
-48.1915;0.00481367;90
-28.7658;0.0043555;90
-43.7259;0.00521549;90
-65.3943;0.00642216;90
-68.1514;0.00631457;90
-66.0182;0.00571538;90
-46.8948;0.00442679;90
-29.7584;0.00366882;90
-8.61475;0.00381201;90
-1.30365;0.00382399;90
7.52688;0.00385522;90
1.90967;0.00372107;90
-22.2678;0.00410623;90
-39.0328;0.00441434;90
-34.1753;0.00445412;90
-48.4943;0.00446661;90
-74.474;0.0065303;90
-74.302;0.00645683;90
-57.6619;0.00501949;90
-60.9288;0.00536946;90
-76.8421;0.00591735;90
-75.8016;0.00556913;90
-65.0517;0.00711711;90
-55.8777;0.00606637;90
-27.6987;0.00870224;90
-43.9213;0.00202834;90
-57.2969;0.00396087;90
-39.8415;0.00469511;90
-55.2827;0.0052447;90
-64.7611;0.00604839;90
-44.2654;0.00435684;90
-48.0119;0.00460255;90
-51.1982;0.00586153;90
-54.2774;0.00540368;90
-60.2097;0.00610474;90
-59.2625;0.00599289;90
-43.7178;0.00511932;90
-48.2876;0.00506769;90
-49.8437;0.00545998;90
-26.0872;0.00471871;90
-40.3089;0.00486777;90
-48.9775;0.00534162;90
-41.1741;0.00500191;90
-59.6786;0.011243;90
-67.0697;0.00224326;90
-73.1874;0.00648938;90
-74.5564;0.00807766;90
-77.5589;0.00751036;90
-57.5153;0.0116688;90
-34.2974;0.00204086;90
-38.0296;0.002925;90
-37.7047;0.00492812;90
-33.3259;0.00493083;90
-3.77089;0.00405979;90
-31.2113;0.00436708;90
-58.1156;0.00486742;90
-58.139;0.00420566;90
-37.7411;0.00409087;90
-38.1367;0.00376332;90
-50.9109;0.00406485;90
-68.79;0.00483985;90
-75.8347;0.00559822;90
-63.3774;0.00623058;90
-52.2971;0.00595683;90
-54.3408;0.0058117;90
-57.3257;0.00599226;90
-73.751;0.00738708;90
-69.5319;0.0068633;90
-56.409;0.00609478;90
-43.8179;0.00524431;90
-19.2722;0.00439319;90
-35.8848;0.00481611;90
-28.9561;0.00457719;90
-26.2134;0.00429915;90
-20.3395;0.00449102;90
-17.9782;0.00686204;90
-20.9171;0.0008543;90
-34.5272;0.000949193;90
-54.4305;0.00251165;90
-84.6049;0.00486053;90
-79.3042;0.0042997;90
-66.1529;0.00277271;90
-77.4736;0.00262345;90
-86.138;0.00293968;90
-79.2693;0.00294856;90
-81.4112;0.00268511;90
-71.5032;0.00234515;90
-80.3019;0.00355582;90
-90.0503;0.004554;90
-92.2231;0.00461447;90
-87.93;0.00390355;90
-88.3417;0.00632365;90
-92.0149;0.00716743;90
-91.5852;0.00744685;90
-91.6026;0.0171987;90
-97.4109;0.00579138;90
-97.903;0.0072438;90
-88.1495;0.0070917;90
-77.3244;0.00262498;90
109.218;0.000972175;90
100.456;0.00260628;90
-115.814;0.00252384;90
-116.293;0.00415153;90
-118.828;0.00511833;90
-93.527;0.00607951;90
-114.09;0.00783981;90
-119.802;0.00595565;90
-110.928;0.00607796;90
-114.157;0.00600378;90
-108.587;0.00642514;90
-106.07;0.00650624;90
-111.253;0.0052608;90
-109.72;0.00586813;90
-126.596;0.00502206;90
-140.196;0.00470817;90
-139.679;0.00415253;90
-141.238;0.00437318;90
-167.457;0.00309896;90
-114.516;0.00582958;90
-101.225;0.00638516;90
-108.7;0.00574845;90
-100.858;0.00579169;90
-98.0058;0.00599543;90
-103.481;0.00656284;90
-85.2357;0.00716375;90
-94.4896;0.00701352;90
-139.55;0.00413547;90
-87.5976;0.00536772;90
-75.8843;0.0066467;90
-76.363;0.00692626;90
-77.7761;0.00743865;90
-88.9883;0.00758918;90
-90.3182;0.00900214;90
-90.8738;0.00826196;90
-90.0298;0.007691;90
-86.3206;0.00755758;90
-89.6038;0.00766518;90
-84.55;0.0078756;90
-82.255;0.00704931;90
-82.6451;0.00729603;90
-76.8646;0.00664897;90
-75.6491;0.0074639;90
-79.0712;0.00760594;90
-80.0272;0.00773183;90
-82.6618;0.00633388;90
-117.675;0.0045924;90
-130.245;0.00364212;90
-99.9035;0.00397118;90
-84.0873;0.00629047;90
-91.4228;0.00628294;90
-85.0617;0.00615685;90
-93.1446;0.00605211;90
-84.0894;0.00567115;90
-75.1252;0.00488883;90
-82.2994;0.00475387;90
-84.6653;0.00488315;90
-84.7567;0.00254967;90
-137.68;0.00260076;90
179.543;0.00213207;90
-178.099;0.00232128;90
-157.191;0.00218486;90
155.194;0.00205457;90
126.813;0.003019;90
141.775;0.00255351;90
138.542;0.00298758;90
167.885;0.00213454;90
-175.03;0.00233177;90
-118.802;0.00250944;90
-107.567;0.00371737;90
-101.978;0.00295842;90
-81.2606;0.00449519;90
-77.0293;0.00431715;90
-76.8027;0.00402531;90
-75.2066;0.00409266;90
-76.8803;0.00401787;90
-70.4478;0.00291934;90
104.913;0.00139499;90
82.7022;0.296795;90
69.7534;0.00639194;90
67.8684;0.00583167;90
65.2156;0.0047781;90
71.8596;0.00602865;90
52.7227;0.0039939;90
55.8823;0.00431097;90
82.6218;0.00561449;90
81.3528;0.00532756;90
58.8004;0.00449982;90
64.9734;0.00426438;90
64.6996;0.00202637;90
92.9679;0.00368895;90
85.9234;0.00590795;90
80.4962;0.0063532;90
84.5965;0.00736975;90
89.2485;0.0081577;90
89.2633;0.00769964;90
88.0201;0.00642584;90
88.8744;0.00580312;90
93.7688;0.00521828;90
88.4197;0.00482283;90
89.1506;0.00492454;90
91.4112;0.00418227;90
98.4926;0.00297259;90
109.952;0.00207771;90
97.9466;0.00251717;90
99.3179;0.002804;90
96.4342;0.00323035;90
105.261;0.00360927;90
107.338;0.00414745;90
96.3263;0.00547232;90
115.657;0.00414798;90
159.97;0.00290789;90
162.819;0.00349705;90
158.028;0.0035013;90
154.787;0.00409404;90
159.783;0.00415819;90
147.463;0.00445292;90
140.457;0.00461002;90
157.132;0.00414804;90
140.662;0.00510974;90
122.863;0.00572399;90
110.873;0.00678638;90
106.629;0.00723667;90
122.088;0.00621202;90
127.617;0.00547527;90
125.643;0.00558408;90
118.21;0.00627878;90
105.181;0.00723652;90
119.396;0.00609357;90
136.413;0.00496186;90
142.037;0.00460044;90
120.539;0.00638232;90
133.288;0.0050899;90
171.602;0.00390285;90
158.89;0.00403155;90
143.489;0.00466569;90
141.9;0.00497375;90
140.228;0.00476451;90
131.351;0.00512206;90
111.767;0.0067686;90
101.22;0.00787858;90
104.686;0.00744729;90
108.708;0.00750765;90
114.409;0.006478;90
129.557;0.00524777;90
140.846;0.00472756;90
129.292;0.00536099;90
139.116;0.0047286;90
159.727;0.00436651;90
130.216;0.00532468;90
128.446;0.00505491;90
138.624;0.00513467;90
122.238;0.00581318;90
118.084;0.00617506;90
124.762;0.00563341;90
129.102;0.00534005;90
125.155;0.00563232;90
141.405;0.00458308;90
116.455;0.00627621;90
125.404;0.00547179;90
141.4;0.00490964;90
139;0.00908299;90
150.489;0.00458597;90
121.494;0.00590718;90
116.829;0.00669352;90
105.968;0.00631048;90
102.085;0.00626688;90
121.035;0.00590419;90
119.475;0.00607876;90
102.79;0.00756162;90
114.434;0.00641121;90
149.049;0.00466065;90
141.705;0.00470545;90
153.399;0.00423198;90
179.621;0.00392609;90
-172.094;0.00389704;90
178.312;0.00420983;90
169.655;0.00398172;90
145.493;0.00447661;90
128.707;0.00528352;90
112.002;0.00680132;90
112.886;0.00667007;90
119.718;0.00602548;90
156.421;0.00413743;90
138.626;0.00515452;90
123.331;0.00570548;90
115.834;0.00638181;90
126.964;0.00536161;90
163.047;0.00409494;90
147.746;0.00468258;90
154.73;0.0041767;90
139.117;0.00474704;90
126.99;0.00551621;90
127.582;0.00542222;90
160.055;0.00412757;90
147.473;0.00472757;90
145.001;0.0045034;90
127.865;0.00548223;90
132.11;0.0051196;90
136.309;0.00485839;90
123.584;0.00556615;90
134.562;0.00434388;90
126.995;0.00602241;90
134.683;0.00499013;90
141.049;0.00472432;90
150.25;0.00436305;90
144.235;0.00457345;90
138.367;0.00483931;90
120.761;0.0063388;90
117.059;0.00627375;90
118.54;0.00613897;90
118.134;0.00617342;90
118.783;0.00617036;90
124.685;0.00598695;90
134.918;0.00494834;90
122.346;0.00587451;90
121.993;0.00586242;90
122.407;0.00582165;90
112.219;0.00662709;90
95.1847;0.00848773;90
100.278;0.00769547;90
107.457;0.00717341;90
100.445;0.00765587;90
96.8207;0.00803285;90
96.7077;0.00790209;90
98.8807;0.00835617;90
103.933;0.00742961;90
108.937;0.00697024;90
105.429;0.00672435;90
96.938;0.00786459;90
98.4612;0.00785651;90
107.787;0.00710356;90
100.346;0.00766766;90
94.3374;0.00802599;90
92.2177;0.00759769;90
93.5721;0.00763984;90
106.035;0.00696185;90
124.942;0.00538104;90
143.198;0.0047458;90
139.976;0.00455751;90
126.107;0.00536068;90
116.951;0.00604333;90
112.041;0.00656587;90
119.059;0.00579557;90
117.203;0.00614241;90
108.847;0.00558441;90
105.446;0.00581607;90
107.983;0.00665933;90
103.642;0.00718262;90
105.921;0.00705044;90
102.302;0.00767831;90
98.0543;0.0069445;90
99.4553;0.00673247;90
89.7573;0.00708206;90
96.0356;0.0069998;90
89.7785;0.00698505;90
70.97;0.00636379;90
36.3178;0.00404719;90
64.5006;0.00545874;90
82.163;0.00685705;90
83.5031;0.00694661;90
87.7549;0.00709645;90
92.6315;0.00871219;90
93.6269;0.00826756;90
96.7123;0.00812771;90
98.3867;0.00792576;90
97.0712;0.0079283;90
92.1323;0.00830475;90
88.0137;0.00868422;90
80.0017;0.00650276;90
53.5284;0.00500652;90
75.697;0.00682454;90
88.2316;0.00816589;90
99.1291;0.00757596;90
107.942;0.00606705;90
103.967;0.00501322;90
101.09;0.00777214;90
101.362;0.0077815;90
100.685;0.00776156;90
99.9716;0.00784247;90
105.008;0.00740665;90
109.539;0.00692478;90
117.769;0.00666451;90
117.626;0.00630143;90
117.622;0.00548064;90
116.504;0.00421275;90
132.501;0.00228684;90
172.442;0.00216682;90
-169.039;0.00270841;90
175.669;0.00297951;90
-174.646;0.00289362;90
156.493;0.00273279;90
176.325;0.00249613;90
161.785;0.00246976;90
154.514;0.00206605;90
150.894;0.00182553;90
149.327;0.00192887;90
150.112;0.00168973;90
150.034;0.00112314;90
129.933;0.000808555;90
133.75;0.00103687;90
126.455;0.000718619;90
132.471;0.00197121;90
115.518;0.00318022;90
143.791;0.00194333;90
131.19;0.00262847;90
132.653;0.00312591;90
142.438;0.00258359;90
143.386;0.00287043;90
137.155;0.003497;90
128.842;0.00368478;90
119.093;0.0043704;90
117.436;0.00458805;90
120.303;0.00422532;90
126.001;0.00357601;90
124.219;0.00411661;90
115.226;0.00484286;90
137.994;0.00342495;90
145.43;0.00341375;90
140.307;0.00352448;90
141.719;0.00342684;90
126.638;0.00320903;90
123.401;0.00302094;90
128.767;0.0029242;90
142.005;0.00304419;90
138.346;0.0029565;90
134.552;0.0040667;90
138.412;0.00389741;90
131.539;0.00422843;90
119.458;0.00490055;90
127.271;0.00434791;90
117.624;0.00573247;90
116.654;0.00579142;90
117.292;0.00553292;90
116.682;0.00548061;90
115.111;0.00495091;90
111.099;0.00558651;90
107.181;0.00631373;90
117.803;0.0059623;90
118.937;0.00612582;90
118;0.00578518;90
118.642;0.00600824;90
116.78;0.00632543;90
113.98;0.00560258;90
115.778;0.0074571;90
109.188;0.00663883;90
92.0431;0.00704048;90
89.7301;0.00636907;90
98.2239;0.00648064;90
94.1445;0.00617114;90
95.7707;0.00683263;90
98.6656;0.00680974;90
101.12;0.00793294;90
102.749;0.00791618;90
107.801;0.00746122;90
113.859;0.00642289;90
116.604;0.00718807;90
107.144;0.00760911;90
106.18;0.00770833;90
115.202;0.00667432;90
130.75;0.00535267;90
134.313;0.00572303;90
131.271;0.00579569;90
114.153;0.006237;90
105.496;0.00749339;90
106.79;0.00763341;90
119.791;0.00635021;90
116.532;0.00623461;90
103.232;0.00704708;90
101.923;0.0067762;90
102.639;0.00643493;90
98.9376;0.00714475;90
101.723;0.0211778;90
104.812;0.262853;90
100.688;0.00271205;90
110.473;0.0248678;90
104.251;0.00387526;90
104.704;0.00874643;90
104.564;0.00547596;90
125.581;0.0109874;90
143.998;0.00132015;90
133.951;0.00169876;90
138.55;0.00412256;90
133.793;0.0084617;90
131.894;0.00155297;90
129.634;0.00346303;90
133.957;0.003534;90
117.372;0.0043478;90
112.621;0.00563123;90
112.274;0.00612073;90
110.845;0.00557275;90
115.927;0.00550509;90
125.402;0.00421538;90
128.264;0.00962725;90
125.118;0.00994665;90
119.785;0.00195876;90
110.339;0.00444514;90
100.69;0.00692723;90
101.388;0.00603175;90
100.723;0.00813709;90
100.235;0.00594866;90
102.449;0.0142593;90
103.391;0.00506058;90
103.521;0.00639423;90
104.501;0.00974856;90
105.451;0.00156144;90
102.453;0.00311632;90
101.299;0.00422081;90
90.1434;0.00479502;90
91.1744;0.00443993;90
90.7976;0.00632161;90
93.6437;0.00641998;90
94.7191;0.0127021;90
102.579;0.00259427;90
102.107;0.00412884;90
104.77;0.00619365;90
99.7289;0.00706562;90
98.4523;0.0064632;90
103.119;0.00588151;90
103.726;0.00636787;90
97.9942;0.00614067;90
101.716;0.00661379;90
97.5639;0.00663977;90
98.9586;0.00592731;90
98.285;0.00632905;90
98.3334;0.00681698;90
99.3731;0.00622613;90
94.4944;0.00638062;90
84.6131;0.00568812;90
79.4217;0.00536009;90
90.3887;0.0128253;90
101.323;0.00266385;90
95.651;0.00716984;90
87.2633;0.00496366;90
79.8872;0.00595146;90
76.3044;0.0134226;90
72.3361;0.00270241;90
80.5793;0.00407496;90
77.7327;0.00477708;90
81.7396;0.00565871;90
84.845;0.0065776;90
86.323;0.0133785;90
98.9876;0.00634996;90
117.476;0.00585208;90
118.506;0.00500361;90
109.038;0.0109721;90
115.979;0.00218475;90
114.892;0.00286518;90
108.647;0.0120379;90
104.897;0.00639493;90
103.58;0.00414385;90
106.694;0.00439317;90
114.595;0.00913035;90
131.305;0.00163469;90
121.917;0.0023303;90
125.491;0.00396335;90
104.582;0.00175555;90
163.233;0.00386847;90
-176.493;0.0011772;90
-138.319;0.00208876;90
-114.484;0.00394032;90
-114.144;0.00984749;90
-130.067;0.00185028;90
-143.024;0.0028164;90
-159.549;0.00363191;90
168.637;0.0029845;90
160.739;0.00320435;90
165.304;0.000737115;90
98.9883;0.00341797;90
132.165;0.0036319;90
136.583;0.00412188;90
135.611;0.00470889;90
139.545;0.00454189;90
133.676;0.00480607;90
89.7396;0.0125411;90
83.624;0.00247632;90
82.9776;0.00283829;90
85.0902;0.0144882;90
89.2755;0.00300524;90
91.8443;0.00391503;90
93.3407;0.00679555;90
93.2822;0.0140601;90
96.8408;0.0022752;90
97.7151;0.003866;90
99.2635;0.0068706;90
99.3651;0.0130834;90
99.9072;0.00237136;90
99.7817;0.00527976;90
105.213;0.0127778;90
105.996;0.00247483;90
105.22;0.00439204;90
114.063;0.0060333;90
120.56;0.0062722;90
119.572;0.00670088;90
121.395;0.00664953;90
147.759;0.00834342;90
162.687;0.00116268;90
160.175;0.00245022;90
158.32;0.00439598;90
153.808;0.00467169;90
127.002;0.00605302;90
129.41;0.0167405;90
112.392;0.00286395;90
106.526;0.00513618;90
97.6726;0.0197135;90
115.558;0.00206063;90
124.515;0.00259959;90
155.883;0.00942468;90
164.923;0.00172229;90
159.431;0.00211482;90
150.27;0.00787224;90
117.733;0.00210592;90
105.561;0.0042944;90
106.044;0.00727641;90
112.655;0.00592192;90
115.163;0.00577615;90
109.731;0.0150623;90
103.199;0.00526407;90
100.892;0.0065836;90
94.4332;0.0067532;90
95.8601;0.00720867;90
98.4058;0.0065534;90
97.9642;0.00625028;90
98.4734;0.00696301;90
94.5803;0.00721304;90
93.5272;0.00669669;90
93.6104;0.00660611;90
107.675;0.00533903;90
118.825;0.00458169;90
119.661;0.00389197;90
137.801;0.00319782;90
133.281;0.00379534;90
127.174;0.00407126;90
148.471;0.00344214;90
127.447;0.00426622;90
114.305;0.00562451;90
139.079;0.0045235;90
148.26;0.00418958;90
147.281;0.00371314;90
143.822;0.00359646;90
124.229;0.00480891;90
111.942;0.00523737;90
113.324;0.00486452;90
137.608;0.00334171;90
129.496;0.00305961;90
131.171;0.00318697;90
129.878;0.00387273;90
119.014;0.00990275;90
120.497;0.00620897;90
140.533;0.000909334;90
119.61;0.00242464;90
135.59;0.00281373;90
137.398;0.00272121;90
136.962;0.00338761;90
115.37;0.00486853;90
97.3833;0.00641216;90
90.8001;0.00658864;90
96.4004;0.00609096;90
108.55;0.00595964;90
126.55;0.00408546;90
136.702;0.0036906;90
133.835;0.0039981;90
130.881;0.00417423;90
140.045;0.00332923;90
131.728;0.00412562;90
120.782;0.00475602;90
116.928;0.00544091;90
119.847;0.0049449;90
123.907;0.00505336;90
117.133;0.00523623;90
112.898;0.00553083;90
118.307;0.00517934;90
130.531;0.00433785;90
117.656;0.00512108;90
107.653;0.00517049;90
110.558;0.00450807;90
102.437;0.00421594;90
69.2028;0.00525543;90
76.8598;0.0033035;90
94.1141;0.00515729;90
104.53;0.00526128;90
107.005;0.00537185;90
102.15;0.00554931;90
113.379;0.00514107;90
131.825;0.00308914;90
145.809;0.00171187;90
148.084;0.00277677;90
148.31;0.00488656;90
133.28;0.00212086;90
119.574;0.00381731;90
108.975;0.00842373;90
107.316;0.00233168;90
100.372;0.0025883;90
106.296;0.00486444;90
115.501;0.00445725;90
106.416;0.00576398;90
104.747;0.00594792;90
112.698;0.00493416;90
133.332;0.0042027;90
117.977;0.00546348;90
105.999;0.00618974;90
94.6726;0.00627285;90
94.2592;0.00333922;90
124.933;0.00111244;90
68.2039;0.00399672;90
87.0364;0.00110247;90
88.3364;0.00199784;90
91.4781;0.00682327;90
94.5043;0.00869686;90
