angle=Azimuth
heading=Coordinate_System
dist_units=Default
startAt=15.6491;60.6067;90
survey=Polygonal
[data]
-93.1856;0.0010977;90
-129.676;0.00254525;90
177.988;0.000484298;90
-99.9734;0.00134533;90
-80.4541;0.00439587;90
-78.1903;0.00598059;90
-46.3436;0.000663449;90
-49.8969;0.00103545;90
-44.7196;0.00130038;90
-66.5251;0.00125268;90
-105.989;0.00091125;90
-70.7007;0.00262025;90
-106.829;0.00156816;90
-101.64;0.00289453;90
-107.3;0.00477187;90
-90.5658;0.00151907;90
-13.7266;0.00166042;90
-9.49184;0.00255295;90
-23.3973;0.00106017;90
-34.4729;0.00099467;90
-28.3355;0.00234497;90
-32.6453;0.00237285;90
-79.5288;0.000924394;90
-59.7597;0.0028116;90
-77.8486;0.00579586;90
-86.3431;0.00155216;90
-89.7532;0.00719707;90
-89.4951;0.00170207;90
-96.1745;0.00500202;90
-113.451;0.00134183;90
-128.791;0.00149724;90
129.446;0.00293697;90
107.833;0.00331109;90
151.591;0.000750366;90
-28.7212;0.00574137;90
84.7599;0.00397461;90
87.5296;0.00299278;90
89.6595;0.00269205;90
94.0362;0.00396383;90
92.5271;0.00337929;90
105.975;0.00349184;90
125.756;0.00293155;90
34.679;0.00134979;90
40.7285;0.0049841;90
11.6319;0.000942353;90
-55.0182;0.00505655;90
40.6935;0.000875749;90
51.6617;0.00147508;90
80.6509;0.00981842;90
103.062;0.0019248;90
105.871;0.00212085;90
105.074;0.0102973;90
106.631;0.00191824;90
116.943;0.00772891;90
137.027;0.000859673;90
153.98;0.00117622;90
144.947;0.00215728;90
145.515;0.00287889;90
142.557;0.00347877;90
142.174;0.0021345;90
121.442;0.00320336;90
107.48;0.00341573;90
107.148;0.00206897;90
104.269;0.00693391;90
103.154;0.00207853;90
113.191;0.0103557;90
102.199;0.00214851;90
105.992;0.00324144;90
111.29;0.010463;90
133.306;0.00133985;90
136.849;0.00151187;90
114.583;0.00974749;90
99.5433;0.00209297;90
91.8957;0.00807142;90
92.0402;0.00117975;90
81.0546;0.00382654;90
80.8084;0.00480165;90
81.4307;0.00588571;90
84.9653;0.00565181;90
83.7462;0.00563654;90
86.606;0.00599652;90
96.6928;0.00608346;90
120.38;0.00493341;90
106.521;0.0127191;90
99.3712;0.00248111;90
98.3614;0.00521948;90
96.8361;0.0150299;90
96.9389;0.00236734;90
101.556;0.004193;90
100.107;0.00695189;90
101.441;0.00711845;90
99.4905;0.00701096;90
92.4723;0.0141412;90
91.7289;0.00430896;90
91.4728;0.00295698;90
100.763;0.0133387;90
107.493;0.00246185;90
92.0925;0.012023;90
88.9943;0.00307647;90
99.394;0.00537914;90
106.251;0.00704656;90
107.122;0.00695631;90
101.226;0.00733024;90
95.4983;0.0161664;90
80.1474;0.00205125;90
93.3783;0.0124897;90
89.171;0.00317933;90
89.717;0.0145752;90
85.8151;0.00250769;90
84.7023;0.00306509;90
77.7143;0.00743937;90
81.1046;0.00732713;90
91.9392;0.00756533;90
97.0936;0.0119847;90
98.5103;0.00345302;90
103.034;0.00698804;90
103.862;0.00711627;90
106.227;0.00696028;90
101.952;0.0141293;90
100.568;0.00295513;90
96.9414;0.00514672;90
93.3704;0.00765424;90
90.3679;0.00763216;90
92.2109;0.0166154;90
93.5147;0.00260991;90
94.8572;0.00396825;90
94.252;0.0148228;90
89.7266;0.00314404;90
88.3893;0.005052;90
91.3191;0.00781907;90
94.9585;0.00749706;90
104.34;0.0127709;90
103.579;0.00163984;90
104.4;0.00996817;90
105.265;0.00303094;90
102.443;0.00787599;90
99.5352;0.00827026;90
96.6956;0.00843956;90
94.4181;0.00816526;90
95.4533;0.007513;90
95.2252;0.0069067;90
91.4534;0.00753042;90
85.558;0.00670113;90
81.0075;0.0116887;90
83.6656;0.00767687;90
84.3053;0.00215664;90
94.0869;0.00942898;90
104.314;0.00184839;90
102.853;0.00435614;90
91.6625;0.00644571;90
90.5563;0.0062833;90
90.8196;0.0117452;90
90.7484;0.0023732;90
90.7228;0.0063415;90
92.1698;0.00221859;90
89.1768;0.00396741;90
91.7696;0.00343264;90
89.7559;0.00352103;90
90.4985;0.00356313;90
90.9644;0.00338648;90
89.1815;0.0058806;90
71.1956;0.00102998;90
84.9325;0.00220763;90
70.8103;0.00592947;90
69.6862;0.00127318;90
64.7043;0.00751011;90
60.0965;0.00188149;90
51.3055;0.00232418;90
47.0482;0.00411516;90
45.4366;0.00807327;90
58.5549;0.00157184;90
79.1914;0.00773217;90
90.2255;0.00203302;90
89.2028;0.00876885;90
87.4858;0.00262152;90
81.732;0.0059943;90
81.0138;0.00615252;90
81.0743;0.00577493;90
86.3496;0.00617252;90
88.2848;0.00651492;90
92.7428;0.00629021;90
80.7589;0.0111153;90
74.9488;0.00221809;90
78.4492;0.00466447;90
78.2995;0.00592716;90
79.5111;0.00567991;90
84.554;0.0062693;90
91.086;0.00622612;90
89.5611;0.00639619;90
89.8593;0.00651502;90
90.1111;0.00618601;90
89.8181;0.00598503;90
93.6105;0.00647886;90
92.6202;0.0100185;90
93.1505;0.00249277;90
94.0574;0.00635994;90
93.3352;0.00603322;90
93.069;0.0064813;90
89.4277;0.0061073;90
89.0789;0.00684288;90
88.0875;0.00686182;90
88.0385;0.0064858;90
88.0343;0.00644279;90
81.0288;0.00621402;90
65.5759;0.0117077;90
36.7578;0.00439481;90
31.2834;0.00408842;90
57.9259;0.0108678;90
79.3117;0.00697705;90
83.348;0.00740686;90
72.3202;0.00643073;90
54.3529;0.00839751;90
63.5909;0.00230003;90
64.5136;0.00565423;90
57.9902;0.00547669;90
56.1846;0.00544994;90
70.3176;0.00607175;90
82.7029;0.00726686;90
82.7968;0.0073611;90
78.5727;0.00689467;90
86.601;0.00745511;90
95.2073;0.00722783;90
96.3273;0.00736788;90
92.6626;0.0073189;90
91.7552;0.00747651;90
87.2468;0.00730743;90
79.8478;0.00725052;90
75.9904;0.00677451;90
74.3966;0.00676636;90
76.3092;0.00647703;90
75.0722;0.00712341;90
80.0876;0.00858008;90
82.5315;0.00246189;90
83.0819;0.0129845;90
81.4505;0.00241483;90
77.8269;0.0046475;90
73.269;0.0124427;90
74.5532;0.00293606;90
79.3666;0.00616181;90
83.6658;0.00743237;90
89.2723;0.0144092;90
87.7244;0.00289628;90
96.6819;0.00586987;90
91.7281;0.00772651;90
79.382;0.0130413;90
73.8047;0.00261372;90
76.8759;0.00524089;90
88.382;0.0154061;90
93.0431;0.00288206;90
97.7329;0.00640626;90
99.3478;0.016038;90
97.8866;0.00558987;90
99.671;0.0034764;90
97.3036;0.0171875;90
95.17;0.00360667;90
94.0229;0.00657119;90
90.0981;0.015772;90
85.0069;0.0035043;90
83.4285;0.00670203;90
82.7808;0.00853062;90
87.4523;0.0170749;90
89.4476;0.00321515;90
91.1602;0.00602524;90
90.93;0.00850212;90
88.5724;0.00826857;90
86.9185;0.00824092;90
83.6016;0.0152279;90
81.3418;0.00306897;90
82.2003;0.00500329;90
76.8918;0.00684331;90
69.5385;0.0121346;90
56.291;0.0042074;90
50.9965;0.00203061;90
57.1335;0.0103043;90
64.0425;0.00210873;90
75.1267;0.00584379;90
82.6665;0.0138039;90
67.5165;0.00268293;90
56.156;0.00412976;90
61.0752;0.0113178;90
68.6158;0.00239702;90
69.1774;0.00495675;90
68.1757;0.0121099;90
66.3331;0.00218475;90
68.8823;0.00364156;90
78.4561;0.010084;90
71.1798;0.00192808;90
101.195;0.00186448;90
-97.5518;0.00203162;90
-58.9019;0.0037289;90
-34.5432;0.0067986;90
-23.2292;0.0019675;90
39.2552;0.00294575;90
78.9022;0.00354835;90
89.6212;0.0046891;90
87.3163;0.012793;90
90.084;0.002727;90
91.2766;0.00462315;90
82.5801;0.0113753;90
75.5876;0.00169948;90
82.9377;0.00453037;90
86.8422;0.00504666;90
37.0978;0.00246362;90
63.585;0.003927;90
63.4881;0.00385543;90
-7.78235;0.00135145;90
74.8825;0.00277607;90
32.0607;0.00263367;90
15.3073;0.00404552;90
1.04163;0.000660109;90
34.8897;0.000596156;90
70.1904;0.00160816;90
70.6476;0.00242926;90
28.4908;0.00179658;90
40.9511;0.00110159;90
35.872;0.00368616;90
41.1338;0.000723603;90
33.0785;0.0011433;90
-143.621;0.00651464;90
-141.324;0.0016178;90
-117.333;0.00256768;90
-121.667;0.00222296;90
178.761;0.00185043;90
-165.576;0.00146931;90
-148.933;0.00199985;90
-145.636;0.00226417;90
-94.9725;0.00268812;90
156.766;0.00147785;90
-118.114;0.00299429;90
-116.565;0.00404505;90
-121.97;0.00392655;90
-148.703;0.00282977;90
-129.463;0.00132636;90
-137.976;0.000585567;90
-137.523;0.000738936;90
42.3075;0.00627685;90
150.378;0.000754629;90
-94.4901;0.00779191;90
-97.7398;0.00224243;90
-103.189;0.00769189;90
-90.5373;0.0023461;90
-92.1007;0.00406473;90
-87.7528;0.00553426;90
-93.6961;0.00988155;90
-94.5709;0.00224614;90
-89.0751;0.00427456;90
-90.2007;0.00570904;90
-149.101;0.00378755;90
147.705;0.00129894;90
150.226;0.00630307;90
151.561;0.000984844;90
-130.547;0.00296891;90
-109.729;0.012418;90
-107.346;0.00249549;90
-113.541;0.00544301;90
-111.846;0.00664307;90
-113.076;0.00897298;90
-121.44;0.00224688;90
-122.418;0.00826735;90
-114.026;0.00182732;90
-99.659;0.00895799;90
-88.5147;0.00204469;90
-102.945;0.00505754;90
-105.541;0.00531118;90
-116.144;0.00560105;90
-128.301;0.0100017;90
-134.148;0.000903075;90
-119.113;0.00419499;90
-105.883;0.0103408;90
-107.213;0.00167607;90
-101.94;0.00486731;90
-97.1406;0.0145771;90
-95.6052;0.00227287;90
-96.0187;0.00494023;90
-95.4743;0.00808186;90
-89.1998;0.00844882;90
-89.4769;0.0130335;90
-90.8538;0.00335537;90
-90.6414;0.00848653;90
-94.3727;0.0165652;90
-97.0165;0.00334001;90
-96.7303;0.00491487;90
-95.5242;0.00832064;90
-87.0591;0.0168792;90
-87.5025;0.00314399;90
-86.1776;0.00595525;90
-81.8957;0.0169675;90
-80.9557;0.00319978;90
-80.4797;0.0141357;90
-81.9059;0.00292615;90
-81.5127;0.00403822;90
-86.3384;0.0152201;90
-93.0418;0.00352397;90
-101.223;0.00501489;90
-105.501;0.00689584;90
-97.2962;0.0159451;90
-86.7677;0.00406146;90
-85.8753;0.0071044;90
-88.7679;0.00404594;90
-91.0799;0.00541196;90
-93.0296;0.00643299;90
-94.9522;0.0056531;90
-99.8861;0.00642439;90
-103.253;0.0063902;90
-106.329;0.0136225;90
-99.1126;0.00293606;90
-97.5911;0.0053973;90
-97.4277;0.0161747;90
-99.5539;0.00257268;90
-105.624;0.00563627;90
-103.951;0.00781863;90
-104.546;0.00792711;90
-105.387;0.00691588;90
-99.2295;0.00784962;90
-90.9861;0.00929738;90
-89.0856;0.00839707;90
-83.612;0.011109;90
-83.5334;0.00220201;90
-88.4204;0.00565915;90
-93.3613;0.0065663;90
-99.4556;0.00560009;90
-99.6845;0.00584936;90
-95.1674;0.00672835;90
-102.608;0.00632657;90
-116.854;0.00540599;90
-127.495;0.00473148;90
-118.743;0.00557721;90
-120.135;0.011039;90
-135.78;0.00109117;90
-115.298;0.00540098;90
-103.469;0.00589924;90
-95.1737;0.00625448;90
-100.679;0.00607114;90
-113.682;0.00499678;90
-128.464;0.00434868;90
-144.634;0.00375609;90
-140.414;0.00735987;90
-127.868;0.00224974;90
-110.886;0.0072761;90
-98.6924;0.00802619;90
-92.0853;0.0082995;90
-91.4456;0.0081656;90
-91.3633;0.00815431;90
-90.4949;0.0079883;90
-86.9492;0.00760978;90
-85.9297;0.00746683;90
-87.2538;0.00740951;90
-86.7098;0.00723092;90
-87.5517;0.0111662;90
-92.1977;0.00268598;90
-89.5646;0.00460613;90
-90.5946;0.00587832;90
-89.3992;0.0054363;90
-90.6807;0.00614443;90
-89.877;0.00559001;90
-98.8748;0.00541888;90
-101.587;0.0109583;90
-102.161;0.0037123;90
-102.105;0.0022889;90
-98.9232;0.0108503;90
-88.3917;0.00260102;90
-88.2723;0.00391378;90
-90.7679;0.00567051;90
-93.4633;0.00594285;90
-98.6628;0.00590233;90
-97.9819;0.0057396;90
-100.437;0.00579081;90
-91.6561;0.00619359;90
-91.4129;0.00604284;90
-100.225;0.0113452;90
-132.366;0.00141571;90
-136.641;0.00227216;90
-132.287;0.00401875;90
-135.441;0.00367282;90
-128.028;0.00382118;90
-120.357;0.0046796;90
-114.687;0.00397205;90
-107.873;0.00690105;90
-101.402;0.00171484;90
-97.0487;0.00260771;90
-96.966;0.00192118;90
-92.989;0.00189858;90
-89.8131;0.00582403;90
-87.8331;0.00129593;90
-87.0538;0.00208175;90
-90.0591;0.00679;90
-86.6644;0.00130621;90
-88.8316;0.00333469;90
-89.2494;0.0058775;90
-89.4466;0.0137696;90
-87.9496;0.00204031;90
-88.6322;0.00494341;90
-88.1052;0.00598827;90
-81.9008;0.00550087;90
-78.8159;0.00607334;90
-89.593;0.00647616;90
-95.4808;0.00570609;90
-98.4069;0.00887132;90
-99.8266;0.0056367;90
-97.4531;0.00272906;90
-93.3155;0.00548117;90
-87.9321;0.00581979;90
-84.4679;0.00565333;90
-84.7954;0.00610718;90
-84.9094;0.0110897;90
-84.4373;0.00204262;90
-83.5623;0.0042186;90
-82.3395;0.00586635;90
-80.1999;0.00549316;90
-78.1704;0.00544872;90
-76.0647;0.00495792;90
-73.9233;0.0104289;90
-74.3862;0.00232583;90
-76.8905;0.0118909;90
-79.3253;0.00313119;90
-89.3082;0.00505237;90
-88.8842;0.00760044;90
-89.4321;0.0116026;90
-87.5082;0.00333515;90
-84.4524;0.008327;90
-86.0184;0.00757528;90
-87.8687;0.00790547;90
-89.0499;0.00826214;90
-87.2879;0.00807304;90
-86.4957;0.00778756;90
-82.9586;0.00663202;90
-76.7325;0.00679743;90
-74.8311;0.0126995;90
-75.5726;0.00287775;90
-76.4821;0.00442355;90
-78.414;0.00679648;90
-80.3304;0.00726928;90
-83.5848;0.00767908;90
-86.1246;0.00689477;90
-94.6588;0.00667305;90
-104.027;0.00610608;90
-100.227;0.00635903;90
-91.0399;0.00986262;90
-90.8999;0.00343842;90
-89.4579;0.00930042;90
-88.3959;0.00871642;90
-87.3826;0.00860598;90
-84.1409;0.00848332;90
-81.699;0.00834644;90
-73.4308;0.00797412;90
-76.8213;0.0133691;90
-91.0348;0.00758624;90
-83.3747;0.00839003;90
-72.2413;0.00624245;90
-81.4142;0.00643714;90
-88.5444;0.00736138;90
-88.2814;0.0060017;90
-85.775;0.00351555;90
-87.6916;0.00719984;90
-80.3961;0.00745042;90
-78.4784;0.00721948;90
-79.517;0.00790901;90
-81.5019;0.0125933;90
-83.9057;0.00344748;90
-83.9139;0.00719656;90
-80.1711;0.00670745;90
-74.8636;0.00664452;90
-64.6162;0.00550995;90
-66.2319;0.00496731;90
-87.9791;0.00584163;90
-94.5409;0.00491342;90
-92.9919;0.00532626;90
-96.0973;0.00492385;90
-99.0073;0.00523759;90
-100.227;0.00487749;90
-99.1312;0.00386903;90
-88.1778;0.000943477;90
-92.8642;0.0031219;90
-84.8394;0.00568103;90
-71.5214;0.0112163;90
-52.6322;0.00142685;90
-41.8911;0.00265981;90
-65.6555;0.00700594;90
-76.7473;0.00242971;90
-76.0768;0.00540686;90
-71.2426;0.00494462;90
-61.0033;0.00432174;90
-78.397;0.00517577;90
-74.6667;0.00424304;90
-70.1977;0.00186849;90
-104.621;0.00116472;90
-72.531;0.00157567;90
-86.7443;0.0078707;90
-115.011;0.00410604;90
-123.957;0.00101151;90
-113.143;0.00174546;90
-67.4927;0.0028187;90
-53.5155;0.00196264;90
-44.4116;0.00185908;90
-50.4022;0.000706;90
-90.2265;0.00101201;90
-105.099;0.00244542;90
-110.552;0.00181449;90
-73.2698;0.00177514;90
-53.9444;0.000745875;90
-96.006;0.000984403;90
-94.2751;0.00721708;90
-104.644;0.00411776;90
-94.241;0.00139281;90
-40.9555;0.00133339;90
-3.61361;0.00220538;90
-22.3979;0.00105239;90
-25.4794;0.000920531;90
-30.1113;0.00244378;90
-28.9755;0.00217986;90
-30.79;0.00107444;90
-66.565;0.0066179;90
-87.236;0.00418887;90
-87.2005;0.00454542;90
-91.2858;0.00427808;90
-95.4356;0.0039799;90
-104.977;0.00252683;90
-164.945;0.00182876;90
133.579;0.00302169;90
82.3602;0.00109068;90
109.137;0.00105849;90
104.278;0.000863677;90
136.346;0.0160713;90
-92.0459;0.00406159;90
-98.1041;0.00468175;90
-100.026;0.00402649;90
-96.7969;0.00441906;90
-95.1395;0.00434246;90
-90.0488;0.0047;90
-84.4275;0.00400593;90
-98.577;0.00417064;90
-97.8723;0.00411781;90
-88.6022;0.00438631;90
-81.0303;0.00403434;90
-79.8747;0.00308302;90
-56.8225;0.00179813;90
-57.8368;0.00165498;90
-54.6097;0.00162654;90
-73.0174;0.00333126;90
-73.5645;0.000915404;90
-53.1721;0.0016366;90
-81.0886;0.00218842;90
-77.5811;0.00214827;90
-75.3139;0.00218126;90
-73.1132;0.00193128;90
-71.8273;0.00200396;90
-60.9599;0.00153269;90
-56.46;0.00222436;90
-53.859;0.00207537;90
-88.6572;0.00277376;90
-91.068;0.00268247;90
-88.5269;0.00342313;90
-85.1978;0.0029624;90
-61.9589;0.00236118;90
-65.0255;0.00236846;90
-91.9181;0.00319679;90
-69.2805;0.00168177;90
-60.4352;0.00185445;90
-30.4515;0.00207179;90
-52.8798;0.000732407;90
-51.1022;0.00161641;90
-38.5801;0.001347;90
20.6986;0.00112887;90
33.5896;0.00174065;90
8.875;0.00125098;90
-62.2786;0.00179503;90
-64.663;0.00208673;90
-89.4844;0.00300012;90
-78.8268;0.00468582;90
-73.5335;0.00714401;90
-71.5651;0.00203967;90
-67.4053;0.00210562;90
-82.9171;0.00253031;90
-111.392;0.00685958;90
32.8932;0.0035299;90
97.9952;0.00510462;90
105.607;0.00476155;90
106.642;0.000960221;90
93.4978;0.00181939;90
112.894;0.00440067;90
103.379;0.00238986;90
98.9398;0.00236169;90
95.7849;0.00521858;90
117.55;0.00085833;90
119.333;0.00151872;90
166.156;0.00129976;90
-148.915;0.00161724;90
-156.301;0.00127884;90
141.272;0.0017023;90
125.393;0.00299559;90
167.485;0.000922931;90
138.245;0.00211127;90
95.1121;0.00214353;90
92.0903;0.00323515;90
121.969;0.00252142;90
111.271;0.00242844;90
92.7531;0.00335187;90
88.8244;0.00687245;90
103.925;0.000997308;90
124.776;0.00187245;90
131.989;0.00208672;90
114.81;0.00243801;90
105.198;0.00255952;90
108.379;0.00228664;90
99.3733;0.00264633;90
102.659;0.00266478;90
127.06;0.00150501;90
100.747;0.00231664;90
122.512;0.00372477;90
116.366;0.00103128;90
124.001;0.000819027;90
120.616;0.00172205;90
96.4987;0.00239439;90
97.047;0.00401029;90
91.915;0.00490774;90
82.0969;0.00510549;90
86.7423;0.00448725;90
94.4908;0.0049171;90
85.3965;0.00817337;90
83.0066;0.00216007;90
82.0595;0.00359043;90
80.1716;0.00512015;90
87.3528;0.00454685;90
45.7874;0.000874774;90
-25.5171;0.00146711;90
-55.6741;0.00269906;90
-59.9281;0.00554196;90
-49.3626;0.00137577;90
-53.8876;0.00198177;90
-46.991;0.00435558;90
-45.3367;0.000842179;90
72.6759;0.00148434;90
130.553;0.00102131;90
-39.2442;0.00580278;90
73.0483;0.00167372;90
86.4227;0.00746855;90
90.5593;0.00163908;90
91.745;0.00298839;90
94.9271;0.00355112;90
108.576;0.00577276;90
117.75;0.00125426;90
80.0228;0.00107932;90
-5.17952;0.0017391;90
50.3751;0.0026797;90
32.127;0.00229787;90
-50.2794;0.00491829;90
44.3949;0.000870497;90
53.5245;0.00159804;90
82.2593;0.00863468;90
99.6629;0.00201965;90
104.604;0.0137699;90
107.774;0.0025224;90
122.779;0.00806054;90
160.212;0.000576011;90
81.5809;0.00106548;90
51.2078;0.000810856;90
90.5673;0.00191909;90
87.6747;0.0120279;90
102.94;0.00148265;90
-93.3184;0.0056665;90
-93.0209;0.00223911;90
-88.4022;0.00763897;90
-79.8521;0.00225325;90
-47.9383;0.00160016;90
-67.5211;0.0190353;90
-85.7653;0.00501068;90
-103.535;0.0110149;90
135.197;0.00535566;90
-140.388;0.00102417;90
-148.655;0.00546338;90
-79.8111;0.000972334;90
-66.9815;0.00681024;90
-89.2322;0.00395536;90
-86.3396;0.00148804;90
-95.965;0.0129521;90
-108.249;0.000878169;90
119.219;0.0061334;90
140.174;0.00109766;90
-53.997;0.00674177;90
69.7178;0.00325694;90
85.1254;0.00180051;90
85.7017;0.00218815;90
89.5903;0.00419511;90
92.0623;0.00930903;90
97.55;0.00110357;90
118.797;0.00125181;90
108.867;0.00256057;90
-3.28386;0.000611003;90
-174.373;0.000754637;90
-67.7804;0.00409618;90
-68.873;0.00105705;90
-79.9819;0.00164407;90
-90.975;0.0096384;90
37.4949;0.00137508;90
-111.582;0.0101732;90
126.833;0.0036782;90
101.35;0.00226632;90
-15.7073;0.00528953;90
87.9453;0.0037374;90
77.3634;0.00149932;90
100.139;0.0166439;90
146.19;0.00621626;90
-178.841;0.00632929;90
-164.499;0.00143313;90
123.394;0.00397171;90
114.933;0.00106748;90
172.574;0.00472765;90
-161.841;0.000590404;90
107.297;0.00226021;90
161.31;0.00654724;90
114.024;0.00133132;90
-67.5472;0.001029;90
-61.1742;0.00167791;90
-25.5363;0.0140738;90
-88.3616;0.00786922;90
-95.1665;0.00148805;90
-77.759;0.00399482;90
-35.6925;0.000817573;90
-42.992;0.000928294;90
-59.4686;0.00674986;90
-61.1076;0.000892033;90
-55.5802;0.00126315;90
-47.4609;0.0071144;90
91.3498;0.00241967;90
-173.151;0.00197912;90
128.005;0.00824542;90
116.036;0.0015993;90
121.921;0.00373713;90
162.585;0.00124297;90
139.943;0.000902797;90
89.7225;0.0086721;90
90.2204;0.00182001;90
88.4529;0.00140751;90
127.056;0.00707104;90
-164.618;0.000950032;90
5.71059;0.000633142;90
-144.337;0.00356939;90
100.837;0.00332428;90
140.469;0.00860648;90
114.944;0.00600625;90
118.584;0.00121852;90
127.682;0.00754476;90
-169.67;0.00473474;90
115.803;0.000840836;90
72.7767;0.0126513;90
32.2569;0.00108672;90
85.1383;0.00257225;90
90.5153;0.00177907;90
92.6786;0.00571324;90
83.3144;0.00124547;90
82.657;0.00746422;90
162.25;0.077957;90
133.262;0.00135261;90
137.703;0.00163453;90
82.8964;0.00132618;90
102.552;0.000805246;90
-76.9523;0.00194009;90
-55.0675;0.00141981;90
-63.6815;0.00135104;90
-20.8638;0.0791863;90
-97.7114;0.00119985;90
-96.1208;0.00193201;90
-88.2053;0.00523657;90
-91.6101;0.000925365;90
-85.7769;0.00175176;90
-74.5506;0.00238;90
-137.155;0.00204994;90
-136.503;0.00320783;90
-113.855;0.00373618;90
-92.9004;0.00353753;90
-95.2631;0.00332502;90
-6.10757;0.00179519;90
5.09054;0.00394456;90
-29.0745;0.00083754;90
-46.4585;0.00161131;90
-60.3304;0.00566467;90
-64.7959;0.00406721;90
-67.3526;0.00111931;90
-66.5231;0.00105427;90
-77.1913;0.00228691;90
-49.835;0.00565435;90
22.6017;0.000970539;90
17.7004;0.00108538;90
-12.462;0.00139486;90
-90;0.001279;90
21.46;0.00202542;90
31.0176;0.0010945;90
-24.0612;0.00218046;90
-31.7566;0.00161121;90
-79.9504;0.0024699;90
-64.286;0.00141514;90
-94.7347;0.00147804;90
-90;0.004091;90
-88.2656;0.00403085;90
-88.6472;0.00258372;90
-40.003;0.00193209;90
-54.4342;0.00260988;90
-57.3575;0.00241196;90
-60.2224;0.00412577;90
-52.9765;0.0010446;90
-46.9984;0.00427848;90
-32.3765;0.00255285;90
103.532;0.00123941;90
114.845;0.000863959;90
159.988;0.00338966;90
130.664;0.00288051;90
120.833;0.0031549;90
120.368;0.00310155;90
124.677;0.00265574;90
151.993;0.00108394;90
147.371;0.00103303;90
87.4898;0.00349335;90
91.049;0.0035506;90
91.5083;0.00349521;90
90.1148;0.001996;90
108.033;0.00252609;90
115.891;0.00136946;90
145.585;0.00289466;90
-144.39;0.00305534;90
-150.154;0.00105492;90
84.603;0.00376369;90
62.7432;0.00207433;90
14.3168;0.00118892;90
88.6992;0.00352391;90
78.5881;0.00341654;90
13.7619;0.00106353;90
-14.1028;0.00208896;90
96.2313;0.017431;90
103.16;0.00980347;90
-19.7571;0.00108274;90
51.8791;0.00159398;90
91.2297;0.0030287;90
104.949;0.00105056;90
-64.1366;0.00105908;90
-66.1931;0.00168213;90
-76.2388;0.003031;90
-76.6415;0.00405985;90
-79.8566;0.00688765;90
-76.1479;0.00113192;90
27.2582;0.00325327;90
63.2945;0.00109478;90
87.9473;0.00586276;90
73.0915;0.0016263;90
134.381;0.000850699;90
-23.8194;0.00182986;90
-59.412;0.00101992;90
-52.7983;0.00379906;90
-47.0691;0.00109673;90
-29.9672;0.00198197;90
-34.0124;0.00256359;90
-32.9844;0.00243199;90
-28.9826;0.000540715;90
-34.5838;0.00172477;90
-51.7003;0.00323021;90
-67.3918;0.004932;90
-74.9373;0.00592973;90
-75.5094;0.00581085;90
-75.1838;0.0058619;90
-99.2077;0.00906176;90
-130.454;0.00105266;90
-118.054;0.00166912;90
119.414;0.00251063;90
129.007;0.00298688;90
-144.989;0.0024785;90
-136.239;0.00235522;90
-135.233;0.00226205;90
-56.4843;0.00136734;90
-79.8457;0.00986959;90
-90.1341;0.00640802;90
-94.1824;0.00282452;90
-102.59;0.00374813;90
-115.001;0.000884918;90
-118.292;0.000875595;90
130.949;0.00481399;90
85.1872;0.00154946;90
111.561;0.00119459;90
65.1568;0.0118771;90
92.3301;0.00226287;90
92.2419;0.00263302;90
114.608;0.0054225;90
-9.96014;0.000832548;90
34.0845;0.00576181;90
-43.8348;0.00212105;90
35.1736;0.00550641;90
82.4747;0.00213035;90
104.329;0.0216257;90
108.003;0.00285372;90
132.145;0.0063039;90
155.023;0.000774424;90
144.408;0.00645;90
132.217;0.00391704;90
-107.947;0.00182059;90
-109.849;0.00574002;90
47.0006;0.00631973;90
-34.209;0.00398069;90
-46.7014;0.000928841;90
-31.7508;0.0029341;90
-20.7674;0.00114221;90
-43.9191;0.00191165;90
-51.7098;0.00278386;90
-61.0568;0.00219861;90
-73.2654;0.00838721;90
-71.817;0.00194197;90
-78.3963;0.00673158;90
-69.2059;0.00177459;90
-80.692;0.00341902;90
-103.592;0.00681691;90
-122.921;0.0010948;90
-112.528;0.00177223;90
124.419;0.00488647;90
174.341;0.00133852;90
-141.504;0.00131093;90
-136.016;0.00311176;90
-176.62;0.00150963;90
-70.4093;0.00286909;90
-65.4558;0.00246031;90
-81.9107;0.00297763;90
-86.6047;0.00805414;90
-98.3574;0.00117649;90
-96.1366;0.00260996;90
-94.8975;0.00312742;90
-108.417;0.00296906;90
-138.509;0.000866416;90
134.194;0.00266535;90
128.163;0.00172844;90
77.5836;0.00149292;90
129.404;0.00105863;90
137.328;0.00900112;90
118.772;0.00149794;90
121.963;0.00286189;90
132.734;0.00225319;90
175.478;0.000925882;90
91.9596;0.00424048;90
92.2388;0.00468458;90
88.1847;0.00359881;90
105.704;0.00277457;90
129.488;0.00249561;90
-166.689;0.00439097;90
-150.776;0.000655427;90
88.6285;0.00271578;90
164.544;0.00144838;90
-160.639;0.00289576;90
126.459;0.00326128;90
109.008;0.00388695;90
109.946;0.00248293;90
116.335;0.00333624;90
121.529;0.000904528;90
118.869;0.00270291;90
119.669;0.00299805;90
141.182;0.00271197;90
179.296;0.0026052;90
-158.849;0.00256907;90
94.2798;0.00214398;90
88.5038;0.00509374;90
66.921;0.00421429;90
42.213;0.00330114;90
24.4007;0.00164603;90
110.543;0.00205466;90
94.9238;0.00323895;90
93.2687;0.00361288;90
84.4183;0.00349557;90
81.9035;0.00337969;90
88.5286;0.00284294;90
-170.083;0.0596838;90
-92.0025;0.00100161;90
-109.164;0.00139215;90
9.51569;0.0598363;90
-96.9714;0.00323794;90
-94.0499;0.00297342;90
-89.826;0.00131701;90
-87.406;0.00514828;90
-78.3576;0.000946472;90
-72.9875;0.00168158;90
-55.8944;0.0010326;90
2.00863;0.00216833;90
-30.5803;0.00648262;90
-36.8944;0.002342;90
-31.3297;0.00204053;90
-71.552;0.00277458;90
-69.7405;0.0021255;90
-69.1842;0.00191072;90
-74.8328;0.00211362;90
-71.7694;0.00496418;90
-44.8885;0.000726907;90
-49.602;0.00143652;90
-12.4373;0.00258158;90
-7.8064;0.00050064;90
-48.1221;0.00148005;90
-46.8898;0.00160813;90
-51.9295;0.00100222;90
-109.604;0.00218464;90
-99.6696;0.00136337;90
-106.996;0.00297285;90
-102.998;0.00285002;90
-79.7763;0.00309311;90
-84.2823;0.00240899;90
-89.6362;0.00425209;90
-88.3942;0.00435371;90
-84.9341;0.00250278;90
-16.0537;0.00145369;90
-56.0617;0.00224073;90
-56.5557;0.00284508;90
-62.6678;0.0029729;90
-53.8157;0.0027914;90
-44.7629;0.00256328;90
-48.896;0.00368405;90
85.0289;0.00176564;90
113.773;0.000890565;90
-44.1741;0.00618076;90
79.5316;0.00388568;90
85.9722;0.00162301;90
91.4079;0.009931;90
99.4131;0.0065056;90
120.283;0.000937992;90
120.732;0.00161244;90
37.1598;0.00454606;90
62.6577;0.000923134;90
-39.0082;0.00518881;90
32.6634;0.00100611;90
67.6726;0.00685709;90
85.86;0.0018007;90
96.7511;0.00275611;90
104.134;0.0111392;90
87.2452;0.000957106;90
107.273;0.00299403;90
118.908;0.0100309;90
149.667;0.00640363;90
131.364;0.00160554;90
146.446;0.0029291;90
134.336;0.0010374;90
-168.763;0.00260187;90
100.874;0.00214145;90
79.3051;0.00116931;90
53.9555;0.000985702;90
-51.2534;0.00629037;90
-44.7426;0.00157404;90
-30.2999;0.00113968;90
-33.6666;0.00542608;90
-34.0378;0.00251367;90
-55.9571;0.00126113;90
-55.9185;0.00227349;90
-72.4798;0.0101614;90
-77.2141;0.00193395;90
-75.4857;0.00936075;90
-80.898;0.00211767;90
-94.8445;0.00211957;90
-107.622;0.0047499;90
-126.435;0.00253067;90
179.079;0.00062208;90
118.71;0.00390736;90
-149.879;0.00519097;90
-135.881;0.000689511;90
-142.424;0.00144471;90
-56.8316;0.000913906;90
-73.0568;0.00607363;90
-85.199;0.00191171;90
-89.1943;0.00135113;90
-87.2767;0.00450409;90
-93.1864;0.00384995;90
-95.0082;0.00406653;90
-111.884;0.00321142;90
149.245;0.00103449;90
133.745;0.00264804;90
113.025;0.00168743;90
94.7211;0.00111779;90
98.4247;0.000907796;90
54.2607;0.00280775;90
-52.597;0.00111785;90
32.2025;0.00184833;90
40.9543;0.000651455;90
56.4092;0.000800711;90
79.1913;0.00109849;90
76.9483;0.00112917;90
12.2368;0.00104269;90
63.8645;0.00107379;90
53.2051;0.0010702;90
-85.8758;0.00105674;90
-125.225;0.00195741;90
-150.671;0.000547132;90
108.571;0.00132816;90
-113.637;0.000875446;90
-113.634;0.00129459;90
-115.542;0.00177885;90
-170.554;0.000572766;90
-133.248;0.000878638;90
153.645;0.00182688;90
-122.097;0.000997459;90
-98.2724;0.00119544;90
-136.517;0.000640863;90
164.508;0.00310376;90
128.426;0.00389704;90
119.604;0.00393923;90
122.343;0.000990691;90
121.195;0.00250407;90
150.042;0.00183635;90
166.572;0.000525362;90
98.7497;0.00122931;90
88.9669;0.00465876;90
91.1547;0.00396981;90
96.0984;0.00107307;90
86.2862;0.00205331;90
108.999;0.00263557;90
118.303;0.00148901;90
147.115;0.00284367;90
-146.054;0.00285091;90
-136.011;0.00164286;90
-153.144;0.0028224;90
-163.193;0.00306074;90
-166.079;0.00360797;90
-120.562;0.00815376;90
-139.886;0.00452425;90
-136.44;0.00365831;90
-127.697;0.00313173;90
-129.169;0.00530387;90
-129.745;0.00532711;90
-129.269;0.00550903;90
-127.493;0.00520151;90
-132.411;0.00505603;90
-132.922;0.00481786;90
-124.265;0.00519697;90
-126.2;0.0058974;90
-134.962;0.00534361;90
-136.765;0.00521031;90
-119.346;0.00631315;90
-147.155;0.00468495;90
-173.748;0.00374628;90
179.068;0.00399753;90
-172.952;0.00408286;90
-144.817;0.00451235;90
-115.886;0.0103806;90
-113.938;0.00283921;90
-113.56;0.00722528;90
-114.354;0.0070954;90
-119.312;0.00652206;90
-124.734;0.0053285;90
-122.681;0.00626714;90
-113.831;0.00680629;90
-106.04;0.00699949;90
-99.0077;0.00772831;90
-96.9156;0.0070926;90
-99.4841;0.00648159;90
-104.774;0.00631373;90
-106.575;0.00617665;90
-103.772;0.00536834;90
-103.925;0.00485363;90
-100.899;0.0011477;90
-101.267;0.00105432;90
-107.122;0.00088314;90
-103.107;0.00110684;90
-103.621;0.00160514;90
-86.5054;0.00144368;90
-117.173;0.00303273;90
-110.933;0.00398288;90
-106.716;0.00195042;90
-99.9278;0.00360194;90
-68.2674;0.00432652;90
-64.601;0.00428519;90
-65.1143;0.0035099;90
-59.8757;0.00112378;90
-74.8718;0.00106905;90
-103.075;0.00345662;90
-105.274;0.00234587;90
-75.3846;0.00175168;90
-86.0522;0.00222227;90
-91.1566;0.00168434;90
-101.655;0.00198493;90
-61.6316;0.00160584;90
8.36589;0.000756045;90
103.649;0.00494978;90
94.1196;0.0022829;90
103.124;0.00179693;90
104.516;0.00121684;90
62.3814;0.0028215;90
102.195;0.00572316;90
116.014;0.00441867;90
115.318;0.00357543;90
95.0927;0.00550875;90
62.808;0.00151212;90
69.2901;0.00313882;90
68.82;0.00239691;90
79.5046;0.001614;90
76.9326;0.00106149;90
72.4559;0.00341694;90
76.7208;0.00695701;90
75.6256;0.0076856;90
74.0246;0.00813518;90
78.2884;0.00870012;90
83.213;0.00984096;90
79.1327;0.00916537;90
70.9955;0.00769863;90
57.8322;0.0133846;90
56.4487;0.00229064;90
63.3903;0.0120605;90
66.152;0.00340578;90
66.929;0.00819656;90
65.3035;0.00824295;90
39.4527;0.00580069;90
6.27303;0.00480477;90
3.4324;0.00464333;90
16.9549;0.0048728;90
53.2692;0.00667162;90
47.1276;0.00599969;90
42.8374;0.00498441;90
52.8499;0.00568467;90
56.7621;0.00643112;90
52.987;0.00664622;90
45.119;0.00646651;90
49.5469;0.00670751;90
50.7933;0.00662691;90
51.759;0.00645265;90
43.9755;0.00549722;90
49.387;0.00584226;90
46.1829;0.00839161;90
13.5521;0.00146375;90
17.8776;0.0032184;90
24.6606;0.00234156;90
44.3284;0.00156847;90
36.0682;0.00288748;90
-32.5442;0.00300957;90
-31.9778;0.000881812;90
-81.5025;0.00255808;90
-83.1848;0.00289042;90
-88.4684;0.00355427;90
-89.1669;0.00419544;90
-88.2525;0.00324651;90
-11.5527;0.00120338;90
-51.4283;0.00274101;90
-59.7865;0.00316957;90
-54.5505;0.00611568;90
-47.4218;0.00197459;90
-46.3209;0.00282211;90
22.1921;0.000762483;90
104.53;0.000928703;90
113.358;0.000943309;90
-38.9741;0.00589377;90
76.8898;0.00156068;90
85.9424;0.00436695;90
87.8764;0.00431797;90
94.0043;0.00446791;90
94.8535;0.00397124;90
111.982;0.00352637;90
110.411;0.00254905;90
10.8564;0.00215558;90
49.8364;0.00305284;90
13.1383;0.00218212;90
-62.3974;0.00395178;90
33.1084;0.00215845;90
67.5299;0.00412086;90
89.2153;0.0053305;90
104.082;0.00540855;90
104.027;0.00585457;90
105.007;0.00642618;90
115.091;0.00547794;90
139.294;0.0036171;90
88.7513;0.00261562;90
89.5103;0.00128705;90
92.186;0.00238574;90
115.898;0.000883754;90
-78.7501;0.00786308;90
-49.3368;0.00341308;90
-63.5156;0.00254062;90
-75.0088;0.0141879;90
-75.587;0.00306135;90
-83.844;0.00587488;90
-103.738;0.00554153;90
-130.413;0.00214871;90
-179.624;0.000762016;90
118.706;0.00354351;90
150.663;0.00179408;90
-130.194;0.00317334;90
-152.914;0.00245978;90
-102.61;0.00145203;90
-55.0484;0.0026707;90
-80.1703;0.00346182;90
-86.2668;0.0040546;90
-89.2827;0.00455336;90
-91.3344;0.00425115;90
-157.005;0.00494057;90
128.547;0.00111368;90
167.316;0.00232268;90
132.617;0.00273816;90
121.159;0.00448969;90
121.014;0.00117614;90
125.056;0.00520041;90
167.926;0.000573691;90
161.17;0.000641325;90
128.439;0.000649844;90
87.128;0.00327311;90
91.8699;0.00398412;90
91.2577;0.00364488;90
96.3586;0.00241083;90
109.939;0.00279452;90
139.349;0.00287205;90
-148.536;0.00312088;90
-136.977;0.00174264;90
-156.552;0.00295285;90
-163.168;0.00395756;90
-154.092;0.00428682;90
-120.959;0.00898858;90
-141.24;0.00481422;90
-128.388;0.00289862;90
-128.796;0.00498602;90
-129.494;0.00564472;90
-129.096;0.0054375;90
-128.922;0.00535604;90
-131.367;0.00553504;90
-132.769;0.00561232;90
-123.053;0.00648318;90
-129.119;0.00605927;90
-137.243;0.00549136;90
-129.009;0.00592113;90
-124.563;0.00593681;90
-165.338;0.00426694;90
-178.464;0.0041785;90
-179.493;0.00395915;90
-157.166;0.00422618;90
-128.682;0.00561601;90
-113.367;0.00751102;90
-110.919;0.0116874;90
-119.284;0.00407244;90
-119.939;0.00774217;90
-125.207;0.00700055;90
-117.967;0.00769348;90
-108.255;0.0091463;90
-99.8765;0.00914148;90
-97.2232;0.00882806;90
-102.059;0.00823778;90
-105.987;0.00760305;90
-104.949;0.00712927;90
-103.592;0.00647638;90
-100.917;0.00334249;90
-98.744;0.00205893;90
-115.908;0.00308061;90
-109.9;0.00383393;90
-110.913;0.00208431;90
-97.4896;0.00309944;90
-68.2716;0.00393563;90
-64.2398;0.00700406;90
-64.4077;0.0015279;90
-43.1483;0.00129114;90
-101.136;0.00315846;90
-115.323;0.0027027;90
-78.6698;0.00221415;90
-84.8012;0.00236172;90
-90.3749;0.00244505;90
-96.2511;0.00213067;90
-31.3203;0.00126774;90
98.156;0.00812013;90
127.558;0.00158311;90
55.6942;0.00136797;90
66.2161;0.00188947;90
80.3248;0.00243362;90
114.028;0.00282916;90
114.405;0.00325042;90
115.252;0.00439055;90
110.946;0.00412884;90
91.8284;0.00144173;90
70.6264;0.00210415;90
69.3628;0.00388425;90
68.5578;0.00346589;90
74.8676;0.0024976;90
76.5999;0.00561383;90
77.0957;0.00637193;90
73.949;0.00685733;90
74.6211;0.00739063;90
80.3348;0.014021;90
83.6962;0.00365208;90
79.2018;0.00869496;90
71.5373;0.00784055;90
61.9317;0.00727912;90
52.3496;0.00615217;90
60.923;0.00670391;90
64.6298;0.00692706;90
65.9251;0.00734929;90
67.7544;0.00711346;90
59.0739;0.00940396;90
28.4852;0.0037238;90
3.25384;0.00343554;90
1.18279;0.00368178;90
13.5003;0.00386376;90
27.4325;0.00416538;90
57.0788;0.00566344;90
45.6143;0.0049465;90
43.7421;0.0045096;90
50.0911;0.00482879;90
56.1476;0.00528493;90
56.3099;0.00564629;90
50.6307;0.00519614;90
42.3149;0.00467911;90
49.9145;0.00537326;90
50.0874;0.0061002;90
51.5095;0.00602521;90
51.7236;0.00599721;90
33.6706;0.00490965;90
63.4019;0.00621135;90
43.4365;0.00471674;90
13.6633;0.00357723;90
15.5937;0.00295372;90
25.6286;0.00199752;90
50.4569;0.00150944;90
40.6135;0.00254243;90
-21.034;0.00237099;90
-34.1694;0.00139235;90
71.8874;0.00320375;90
79.6735;0.00212543;90
70.8012;0.00166034;90
77.1385;0.00141962;90
78.8909;0.00128712;90
75.3682;0.00153994;90
104.966;0.00137463;90
88.3862;0.0073149;90
86.0004;0.0021362;90
104.914;0.0023274;90
102.421;0.00430987;90
100.268;0.00554277;90
103.342;0.00532162;90
101.225;0.00584074;90
103.69;0.00325343;90
98.3755;0.00330222;90
103.359;0.00305568;90
100.87;0.00380222;90
101.033;0.00402337;90
103.785;0.00193885;90
-76.5048;0.0124055;90
-82.0451;0.00300592;90
-79.8201;0.00328166;90
-79.9432;0.0049592;90
-75.1508;0.00493998;90
-78.7529;0.00518355;90
-78.0553;0.00442583;90
-21.8706;0.00107648;90
41.839;0.00155163;90
62.958;0.00252506;90
66.936;0.00469422;90
62.9778;0.000840788;90
-41.9176;0.00318234;90
-31.3435;0.00287215;90
-35.3531;0.00288621;90
-30.6086;0.00251782;90
-35.2176;0.000998815;90
-46.2724;0.00305687;90
-70.1306;0.0121014;90
-74.2745;0.00275616;90
-75.033;0.00840618;90
-86.3101;0.00242402;90
-105.818;0.00761227;90
-132.451;0.00119265;90
168.806;0.000870561;90
120.371;0.00270176;90
155.357;0.00233353;90
-138.49;0.00489023;90
166.274;0.000627934;90
-71.472;0.00369766;90
-62.0707;0.00195354;90
-86.775;0.00168867;90
-87.2497;0.0047725;90
-89.449;0.0043672;90
-93.6763;0.00403931;90
-102.651;0.00647929;90
142.105;0.00153205;90
116.257;0.00391496;90
128.66;0.00132545;90
-8.76785;0.00522202;90
86.4256;0.00360902;90
87.8238;0.00150108;90
92.2681;0.00692342;90
89.3717;0.00100306;90
93.6763;0.00232378;90
113.136;0.00530898;90
106.567;0.000911853;90
31.9223;0.00109689;90
27.8153;0.0020702;90
49.8409;0.00261431;90
-10.4375;0.00200925;90
-37.0297;0.00372781;90
51.1876;0.000997173;90
68.4197;0.0031756;90
83.5522;0.00458601;90
103.305;0.0115891;90
104.594;0.00246864;90
104.991;0.00235826;90
109.263;0.00586221;90
123.182;0.00490596;90
143.769;0.000681842;90
147.49;0.00615681;90
148.479;0.000952548;90
147.681;0.00112414;90
139.809;0.00192303;90
127.116;0.00279403;90
111.833;0.00369181;90
111.586;0.00162819;90
106.588;0.00192303;90
108.406;0.00312907;90
103.465;0.004475;90
107.47;0.00525961;90
117.973;0.00442383;90
115.571;0.00211296;90
-99.9361;0.00733705;90
-110.258;0.00112349;90
114.997;0.00119272;90
101.807;0.00712066;90
101.429;0.00103961;90
102.055;0.00484075;90
-79.585;0.00269948;90
-76.9761;0.00790741;90
-81.4462;0.00196991;90
-76.8804;0.00154636;90
-68.4627;0.00189318;90
-84.5027;0.00286015;90
-79.3184;0.00477473;90
-77.1299;0.00551762;90
-75.8137;0.00536976;90
-78.8642;0.00600099;90
30.2627;0.000658775;90
20.097;0.000730477;90
45.915;0.00181537;90
66.9609;0.0017452;90
66.6975;0.00267957;90
67.7996;0.00282654;90
-44.1286;0.00274318;90
-43.253;0.00129885;90
-35.6151;0.00103205;90
-30.4199;0.00280053;90
-32.7564;0.0027575;90
-33.3504;0.00116961;90
-37.4321;0.0020993;90
-54.0443;0.00358506;90
-69.0974;0.00466394;90
-74.362;0.0047114;90
-76.8896;0.00867615;90
-72.6516;0.00181769;90
-78.7926;0.00317964;90
-95.5297;0.00419251;90
-109.206;0.00373594;90
-125.514;0.00226543;90
132.01;0.00168096;90
150.03;0.0042538;90
-137.989;0.000718691;90
-131.025;0.00241776;90
-173.936;0.00176085;90
-65.0084;0.00465814;90
-72.9731;0.00105525;90
-88.3565;0.00306826;90
-85.2364;0.0035884;90
-87.2737;0.00447807;90
-95.291;0.00360034;90
-96.6843;0.00406362;90
-158.542;0.00275818;90
145.411;0.00106044;90
105.257;0.00248146;90
119.956;0.000740989;90
105.308;0.00103782;90
-54.2679;0.00681854;90
69.9355;0.00162354;90
60.0301;0.00814741;90
49.0747;0.00105484;90
49.637;0.00146071;90
36.6224;0.00111141;90
-77.4886;0.00392829;90
-100.549;0.00356119;90
-145.186;0.00292688;90
175.002;0.00422406;90
84.6346;0.00297303;90
86.443;0.00480325;90
82.481;0.00355356;90
-96.8518;0.00377194;90
-95.6229;0.00929774;90
-113.821;0.00152272;90
138.255;0.00300085;90
123.994;0.00219637;90
88.951;0.00142024;90
110.948;0.000872679;90
164.309;0.0033166;90
127.276;0.00437711;90
119.439;0.00311294;90
123.094;0.00269044;90
126.83;0.0020302;90
160.084;0.000733894;90
161.744;0.000606528;90
93.6016;0.00382055;90
90.4774;0.00504117;90
89.7784;0.00387903;90
108.067;0.00290208;90
125.546;0.00250107;90
173.78;0.00257516;90
-133.573;0.00275503;90
-152.29;0.00239575;90
-160.435;0.00352663;90
-164.794;0.00375548;90
-133.002;0.00472564;90
-119.683;0.00610053;90
-143.194;0.0050408;90
-127.631;0.0056177;90
-128.661;0.00564256;90
-130.687;0.00534105;90
-129.548;0.00547017;90
-128.175;0.00527777;90
-133.518;0.00582214;90
-127.087;0.00606604;90
-124.477;0.00634193;90
-135.706;0.00585105;90
-134.627;0.00553888;90
-119.792;0.00620509;90
-146.817;0.00451655;90
-175.585;0.00417037;90
-179.889;0.00414701;90
-169.663;0.00416866;90
-140.805;0.00527094;90
-114.85;0.00700785;90
-112.52;0.00715132;90
-114.076;0.00712592;90
-115.342;0.00662116;90
-119.37;0.00616776;90
-126.024;0.00628609;90
-119.731;0.00673682;90
-109.132;0.00803057;90
-101.575;0.00848251;90
-97.0141;0.0087787;90
-100.328;0.00851191;90
-105.005;0.00721913;90
-106.39;0.00650326;90
-103.653;0.0057361;90
-102.564;0.00576916;90
-100.906;0.00247877;90
-106.619;0.00198596;90
-112.565;0.00427639;90
-110.763;0.00365861;90
-106.07;0.00107293;90
-86.1345;0.00378261;90
-65.0819;0.00459031;90
-63.9467;0.00485649;90
-64.3581;0.00241482;90
-77.7129;0.0014144;90
-103.945;0.00287987;90
-119.612;0.00187603;90
-75.4877;0.00213099;90
-84.277;0.00229645;90
-89.7886;0.00216801;90
-102.352;0.00217843;90
-52.0588;0.00166869;90
23.0089;0.000634476;90
162.828;0.000846747;90
2.23449;0.000897683;90
103.277;0.0284197;90
76.6366;0.00419252;90
69.0126;0.00115031;90
67.9427;0.00311823;90
72.1557;0.00337433;90
72.3019;0.00253288;90
77.045;0.00498694;90
76.6711;0.00734793;90
73.9367;0.00814605;90
76.5773;0.00976165;90
82.1574;0.0174199;90
77.4441;0.00321079;90
72.3469;0.00676664;90
63.6526;0.00777129;90
54.7055;0.0102721;90
61.4134;0.00268764;90
64.9512;0.00748719;90
66.325;0.00762799;90
67.74;0.00770308;90
63.6187;0.0069721;90
24.961;0.00811608;90
-1.02937;0.00161426;90
2.1308;0.00349642;90
18.2478;0.00406545;90
30.1842;0.00422251;90
58.3138;0.00610738;90
42.8422;0.00538985;90
45.2575;0.0055063;90
55.0924;0.00617382;90
56.8809;0.00617883;90
51.265;0.00618808;90
42.394;0.00541214;90
50.1548;0.00628828;90
50.9009;0.00631398;90
51.0041;0.00993064;90
40.7746;0.00204415;90
40.4116;0.00468475;90
65.0239;0.00637077;90
23.3241;0.00413708;90
18.8393;0.00380906;90
22.5707;0.00313946;90
41.438;0.00158203;90
40.3155;0.00276199;90
-26.7451;0.00270431;90
-41.6597;0.00163832;90
-80.1456;0.00278712;90
-88.4676;0.00284202;90
-87.8624;0.0035925;90
-88.4918;0.00421746;90
-90.171;0.00268001;90
-16.2639;0.00123544;90
-48.9051;0.00260608;90
-60.4592;0.00334251;90
-55.5329;0.00541936;90
-46.6167;0.00127825;90
-50.0232;0.00338377;90
-18.6767;0.00134904;90
100.626;0.00119855;90
136.672;0.00911;90
120.875;0.00265995;90
122.905;0.00101242;90
123.002;0.00226195;90
141.993;0.00148109;90
100.352;0.00420139;90
88.4494;0.00125646;90
93.2089;0.00360866;90
89.3555;0.00337821;90
105.447;0.000916092;90
111.051;0.00275057;90
127.431;0.00259292;90
-173.113;0.00253529;90
-129.936;0.00237099;90
-155.936;0.00235683;90
-159.537;0.00353828;90
-166.962;0.0037589;90
-129.526;0.00507045;90
-126.95;0.00810481;90
-140.414;0.0025783;90
-128.88;0.00581018;90
-129.116;0.00568397;90
-131.091;0.00531;90
-128.632;0.00586557;90
-129.065;0.0055935;90
-134.105;0.00529475;90
-126.439;0.00625618;90
-124.335;0.00640387;90
-136.608;0.00534359;90
-127.924;0.0130408;90
-143.266;0.0017706;90
-167.369;0.00164173;90
-176.206;0.00448884;90
-178.716;0.00455214;90
-162.026;0.00452378;90
-130.823;0.00580521;90
-113.475;0.00705925;90
-113.569;0.00721268;90
-113.834;0.0114702;90
-118.719;0.00278453;90
-123.022;0.00732892;90
-124.263;0.00565906;90
-113.434;0.00771209;90
-105.75;0.0080388;90
-98.6312;0.00818267;90
-97.7374;0.00790295;90
-101.279;0.00803723;90
-107.022;0.00738869;90
-105.348;0.0061545;90
-103.008;0.00655728;90
-102.31;0.00452607;90
-98.2926;0.00209389;90
-115.24;0.00371242;90
-110.28;0.00347651;90
-114.077;0.00172071;90
-97.706;0.00139459;90
-78.553;0.0043434;90
-62.4486;0.00470225;90
-64.1042;0.00578152;90
-85.1434;0.00184262;90
-110.181;0.00409009;90
-76.5452;0.00234229;90
-88.1305;0.00303462;90
-95.4886;0.00326196;90
-62.309;0.00150203;90
95.6696;0.00652894;90
95.5879;0.00176639;90
105.032;0.000879082;90
125.793;0.000808743;90
58.7097;0.00249723;90
82.3385;0.00311279;90
114.498;0.00663202;90
112.391;0.00119186;90
115.926;0.00469335;90
109.039;0.001499;90
94.742;0.00110077;90
79.5226;0.00178171;90
68.1391;0.00482604;90
64.3928;0.000856086;90
72.608;0.00206752;90
68.8228;0.000971616;90
75.5212;0.00376766;90
76.0052;0.00703378;90
75.1738;0.0115402;90
75.2784;0.00358881;90
76.3279;0.00763227;90
82.644;0.00855239;90
81.2329;0.00936239;90
73.4121;0.00886911;90
66.1163;0.00731324;90
53.3285;0.00658544;90
59.5635;0.00710051;90
64.1235;0.00736882;90
66.3729;0.0073556;90
66.5316;0.0071941;90
64.5165;0.00708423;90
40.3693;0.00551789;90
8.39176;0.00399477;90
2.41482;0.00429581;90
12.9819;0.00437584;90
35.4767;0.00491925;90
50.4856;0.0114872;90
43.0643;0.00213527;90
51.7196;0.00749947;90
55.8102;0.00241664;90
53.0053;0.012851;90
40.6762;0.00166006;90
46.2581;0.00338149;90
49.9252;0.00583112;90
51.7366;0.0130022;90
52.0419;0.00187454;90
39.9374;0.00205935;90
53.7696;0.0112887;90
36.9691;0.0018474;90
14.5823;0.00262144;90
16.9137;0.00294227;90
22.2027;0.00281038;90
44.3921;0.00193263;90
34.0021;0.0029541;90
-22.3044;0.00308805;90
-56.3993;0.00177809;90
-71.2068;0.00278128;90
-93.3026;0.00157962;90
-89.5936;0.00479312;90
-87.6966;0.00485192;90
-70.5109;0.00194228;90
-45.2379;0.00238438;90
-57.3707;0.00344583;90
-58.3779;0.00256716;90
-54.7609;0.00256504;90
-49.3412;0.0026997;90
-47.4048;0.00178631;90
-45.6097;0.00219286;90
64.3072;0.00111637;90
123.38;0.00133047;90
130.158;0.0177112;90
89.0059;0.00484173;90
92.4064;0.00490633;90
90.6285;0.0017321;90
110.454;0.00268423;90
76.1529;0.00227718;90
74.9178;0.0031091;90
77.8834;0.00220103;90
72.8117;0.00216572;90
79.1164;0.00226677;90
91.3499;0.00857438;90
107.873;0.00093513;90
-66.1265;0.000980927;90
-87.6807;0.0083028;90
-103.556;0.00315695;90
-100.38;0.00129316;90
-106.127;0.00247333;90
-106.621;0.00359731;90
-89.9379;0.002769;90
-73.3581;0.00267818;90
-92.507;0.00384068;90
-88.6102;0.00395816;90
-88.9104;0.00399672;90
-28.1091;0.00101241;90
-51.7148;0.00480166;90
-60.1582;0.00117362;90
-60.0164;0.00395997;90
-48.7264;0.00282875;90
-47.8266;0.00265276;90
-47.8807;0.00232154;90
73.006;0.0014336;90
130.005;0.000990883;90
147.638;0.00480888;90
127.167;0.00281724;90
118.468;0.0030566;90
122.859;0.00294521;90
130.637;0.0024076;90
172.584;0.00114659;90
89.7172;0.00385005;90
91.5286;0.00513583;90
88.3871;0.00365945;90
107.605;0.00290296;90
86.418;0.00190472;90
74.7969;0.00328704;90
77.207;0.00270515;90
73.9818;0.0023773;90
121.906;0.00189772;90
136.386;0.00207597;90
168.239;0.00182021;90
154.482;0.00185938;90
121.829;0.00274944;90
107.329;0.00345796;90
107.103;0.00360439;90
109.657;0.0037219;90
122.578;0.0030309;90
148.042;0.00269791;90
153.94;0.00795803;90
149.583;0.00143791;90
108.89;0.00270889;90
92.1924;0.0036857;90
90.1909;0.00360202;90
83.4103;0.00339845;90
80.029;0.00349986;90
-101.057;0.00266446;90
-95.965;0.00327171;90
-98.5107;0.00112843;90
-87.1419;0.00794188;90
-71.8777;0.00231798;90
-20.0668;0.000877255;90
-26.8007;0.0114197;90
-50.1523;0.00139368;90
-71.1187;0.00328792;90
-70.3064;0.0029081;90
-74.1629;0.00261631;90
-75.2622;0.00204012;90
-64.7762;0.0025601;90
-48.1527;0.00149142;90
-30.2449;0.00143538;90
-20.1452;0.00280777;90
-55.0118;0.00122426;90
-37.5205;0.000581237;90
-43.9559;0.00120299;90
-107.522;0.00220217;90
-101.856;0.00492097;90
-106.678;0.00127879;90
-98.7794;0.00157242;90
-76.5629;0.00315435;90
-91.4881;0.00281095;90
-88.0749;0.00455457;90
-90.5102;0.00426717;90
-65.0724;0.00162763;90
-36.2629;0.00203891;90
-57.7764;0.00406396;90
-65.1503;0.00198697;90
-52.6494;0.00464816;90
-46.3576;0.00259652;90
-45.8005;0.00248007;90
77.8745;0.00143297;90
111.512;0.00110174;90
-36.3068;0.00563747;90
76.541;0.00163696;90
86.4878;0.00634993;90
84.7417;0.00129846;90
92.5601;0.00624623;90
90.6565;0.00130909;90
106.151;0.00367401;90
126.041;0.0009535;90
112.969;0.00255235;90
21.6428;0.00100592;90
30.0727;0.00188585;90
22.519;0.00419593;90
-57.3789;0.00102582;90
-60.6129;0.00415115;90
-78.6268;0.00106491;90
124.288;0.00175378;90
119.202;0.00579442;90
-162.219;0.000664754;90
-139.93;0.00188434;90
-148.547;0.00377345;90
164.515;0.00054685;90
145.667;0.00477128;90
161.774;0.00260257;90
172.707;0.0027573;90
-158.199;0.00214868;90
-174.555;0.00227627;90
109.499;0.00357715;90
87.3458;0.00181395;90
73.5772;0.00281901;90
78.6386;0.00240105;90
77.6891;0.00211053;90
62.5038;0.00140354;90
131.902;0.00310095;90
152.307;0.000568071;90
154.162;0.00133996;90
158.14;0.00270447;90
122.193;0.000679462;90
127.363;0.00127705;90
109.318;0.00392074;90
97.7742;0.00143418;90
110.442;0.00615029;90
108.165;0.00167761;90
144.579;0.00433419;90
136.611;0.000829764;90
156.097;0.0052864;90
162.611;0.00155926;90
150.953;0.00151793;90
102.2;0.00323199;90
97.0165;0.00144079;90
92.3373;0.00495312;90
83.6303;0.00107262;90
80.7541;0.0055268;90
-100.83;0.00133579;90
-102.034;0.00203369;90
-91.8315;0.00297252;90
-87.5171;0.00413188;90
-88.8787;0.00275953;90
-82.6973;0.00239946;90
-63.0919;0.00112029;90
-152.663;0.00136099;90
-144.314;0.00301024;90
-116.108;0.00375403;90
-94.9164;0.00423558;90
-91.3148;0.00366096;90
18.4856;0.00214466;90
9.59668;0.00224339;90
-29.819;0.00287575;90
-56.7238;0.00330249;90
-64.2222;0.00315718;90
-61.6314;0.00245821;90
-65.0952;0.00225356;90
-66.2947;0.00289529;90
-71.4785;0.00334949;90
-50.0413;0.00306585;90
18.7697;0.00286855;90
0.643746;0.00133508;90
-87.3131;0.00228251;90
37.4221;0.00271853;90
-10.7196;0.00236019;90
-36.3716;0.00190887;90
-79.6104;0.00247864;90
-57.1233;0.00257906;90
16.9074;0.00237255;90
14.8427;0.00220559;90
-12.0001;0.00240966;90
-27.7026;0.00286094;90
-29.2203;0.00315669;90
-30.3106;0.00121858;90
6.21517;0.00242928;90
49.2123;0.00353306;90
-28.3008;0.0026429;90
-56.0592;0.00297849;90
-77.1272;0.00430007;90
-70.7341;0.00481887;90
-85.1404;0.00247891;90
-89.6232;0.00228105;90
88.7048;0.00287573;90
100.978;0.00210044;90
110.256;0.0040004;90
104.04;0.00377167;90
118.745;0.00190472;90
120.077;0.00357772;90
-158.546;0.00257007;90
-135.826;0.00323889;90
-160.982;0.00146073;90
-61.3039;0.00266992;90
-69.4213;0.00325468;90
-87.0835;0.00428455;90
-87.8546;0.004274;90
-91.4293;0.00412928;90
-95.4265;0.00451524;90
-110.424;0.00305186;90
-172.302;0.00076893;90
133.17;0.00287798;90
110.871;0.00151009;90
94.0031;0.00108866;90
113.325;0.00106831;90
-140.871;0.00160365;90
133.478;0.00271625;90
131.328;0.00272725;90
121.263;0.00341836;90
120.149;0.00334096;90
124.839;0.00287781;90
164.377;0.00136648;90
99.5995;0.00151116;90
89.6304;0.00418609;90
91.9162;0.00433642;90
89.4009;0.00286916;90
108.428;0.00276162;90
125.882;0.00228454;90
166.573;0.00241603;90
-138.343;0.00242526;90
-144.919;0.00147372;90
-152.194;0.00295409;90
-163.442;0.00278968;90
-166.152;0.00295386;90
-139.319;0.0034364;90
-113.296;0.00508235;90
-135.797;0.00406626;90
-134.085;0.0034094;90
-117.802;0.00283868;90
107.196;0.00261803;90
96.1797;0.00421751;90
38.4684;0.00116865;90
-63.2517;0.00279734;90
160.425;0.00214603;90
-80.2432;0.00281471;90
23.0462;0.00153012;90
34.3032;0.00342103;90
55.4498;0.00764907;90
61.2641;0.0020779;90
28.7013;0.00357527;90
15.6606;0.00337114;90
21.0304;0.00347765;90
42.4411;0.00223315;90
32.2176;0.00263348;90
-19.5699;0.00257049;90
-33.0545;0.00172522;90
-83.222;0.0028469;90
-59.501;0.000782231;90
-89.7649;0.00560605;90
-88.0894;0.00512885;90
-92.5368;0.00205601;90
-36.73;0.00344121;90
-58.573;0.00212116;90
-59.4121;0.00515073;90
-51.9966;0.00121324;90
-51.7864;0.00222601;90
-45.7846;0.00459592;90
82.8883;0.0015993;90
126.216;0.000981664;90
-56.1897;0.00660982;90
61.7843;0.00145942;90
78.2735;0.00296692;90
87.6957;0.0085309;90
86.9287;0.00149314;90
94.6041;0.00280304;90
85.038;0.00225445;90
-89.947;0.011897;90
-96.7198;0.004367;90
-102.458;0.00175226;90
150.091;0.00464686;90
76.205;0.00086392;90
45.9337;0.0058146;90
79.8264;0.00222498;90
54.8522;0.00114472;90
31.6215;0.00107571;90
10.1755;0.000871711;90
-45;0.00078206;90
-147.835;0.00758877;90
118.109;0.000929647;90
-141.613;0.000589406;90
-104.504;0.00127772;90
-113.352;0.000933461;90
-64.0285;0.0068642;90
64.9338;0.00456493;90
83.5496;0.00166454;90
85.347;0.0036119;90
69.3716;0.000834504;90
74.9144;0.00136401;90
-103.116;0.00105759;90
114.457;0.00144682;90
91.7359;0.0071963;90
94.3685;0.00174607;90
116.53;0.00369846;90
110.797;0.00225599;90
144.94;0.00158939;90
147.52;0.00236494;90
153.435;0.00225172;90
156.432;0.00246349;90
-174.461;0.00219626;90
-159.871;0.00241767;90
158.189;0.00213698;90
112.386;0.0034738;90
134.532;0.00276912;90
-159.447;0.00248092;90
-131.389;0.00206602;90
-156.671;0.00230548;90
-158.456;0.00313717;90
-167.311;0.00379673;90
-136.189;0.00436096;90
-116.24;0.00607505;90
-140.622;0.00674146;90
-128.194;0.00199893;90
-127.886;0.00536724;90
-129.091;0.00527476;90
-131.682;0.00498497;90
-128.703;0.00532553;90
-128.603;0.00519778;90
-134.754;0.00510324;90
-125.393;0.00501227;90
-123.291;0.00533801;90
-132.772;0.00472988;90
-136.762;0.00441443;90
-133.862;0.00462963;90
-130.617;0.00885413;90
-173.192;0.00447958;90
179.411;0.00408522;90
-173.068;0.00361241;90
-147.809;0.00379545;90
-122.65;0.00600368;90
-112.502;0.0119801;90
-113.413;0.00297713;90
-115.012;0.00698178;90
-118.114;0.00681624;90
-124.848;0.00638257;90
-121.379;0.00650666;90
-107.467;0.0149556;90
-99.6503;0.00325709;90
-97.2772;0.0123787;90
-102.287;0.0028288;90
-103.888;0.00457885;90
-105.782;0.00677644;90
-105.966;0.00623864;90
-102.739;0.00633083;90
-102.973;0.00457477;90
-91.0998;0.00177133;90
-115.63;0.00252217;90
-111.975;0.00399525;90
-111.592;0.00335869;90
-82.498;0.00563725;90
-64.6687;0.00182774;90
-63.3257;0.00469128;90
-65.2386;0.00377949;90
-75.4446;0.00147225;90
-106.035;0.00369995;90
-97.0774;0.00238618;90
-81.3692;0.00147268;90
-80.8901;0.00149688;90
-90.3499;0.00196504;90
-97.9001;0.00221906;90
-55.8097;0.00149303;90
-10.0738;0.000554549;90
93.5118;0.0124564;90
83.4399;0.00250339;90
112.172;0.00327518;90
116.507;0.00352226;90
115.868;0.00396976;90
111.866;0.00347176;90
90.6167;0.00102206;90
89.1766;0.00132214;90
67.0844;0.00763018;90
71.3849;0.00100561;90
81.9519;0.00237136;90
72.341;0.00474037;90
76.7705;0.00566741;90
74.8241;0.01167;90
75.0672;0.00265051;90
75.8601;0.00509229;90
81.8027;0.0118248;90
80.7155;0.009694;90
76.424;0.00277761;90
71.0872;0.00599146;90
62.788;0.00641614;90
55.0158;0.00598064;90
57.7897;0.00628297;90
63.8033;0.00709474;90
66.0958;0.0115694;90
65.0893;0.00250947;90
67.4944;0.00559078;90
53.9975;0.00627572;90
24.7751;0.00445284;90
1.17812;0.00403685;90
6.85281;0.00430777;90
20.1207;0.00437501;90
50.1822;0.00538613;90
51.012;0.00564406;90
42.6638;0.00504799;90
50.6269;0.00539435;90
55.6611;0.00925743;90
55.6833;0.00230769;90
49.1159;0.00553678;90
46.1523;0.00520394;90
49.5178;0.00526947;90
50.21;0.0113145;90
53.8085;0.00202714;90
51.7897;0.0025479;90
37.492;0.00460527;90
55.6177;0.00507338;90
59.657;0.00509724;90
17.4531;0.00345087;90
19.4818;0.00342722;90
19.0268;0.00303057;90
60.3128;0.0011085;90
34.9564;0.00263547;90
-22.3809;0.0038738;90
-59.9635;0.00121866;90
-75.9638;0.0024986;90
-78.3597;0.000986284;90
-92.0449;0.00386746;90
-88.2105;0.00416303;90
-90.4883;0.00398914;90
-17.7912;0.00112584;90
-45.5398;0.00210161;90
-57.6117;0.0026491;90
-59.4382;0.00283597;90
-58.4826;0.00299948;90
-48.1008;0.00290197;90
-47.02;0.00284858;90
-24.2315;0.00138393;90
99.2858;0.00122708;90
119.055;0.000926607;90
17.0937;0.00557947;90
91.589;0.00894344;90
98.0765;0.00135948;90
105.518;0.00725861;90
115.656;0.00109939;90
40.7343;0.00112175;90
37.8802;0.0057849;90
-26.2433;0.00111492;90
-49.9588;0.00112072;90
-40.1087;0.00297716;90
47.0546;0.000946717;90
59.7722;0.00129509;90
75.415;0.00430472;90
101.237;0.0154461;90
104.419;0.00177904;90
114.428;0.0110216;90
136.274;0.00152631;90
97.6947;0.00461556;90
86.1859;0.0012628;90
101.787;0.00134128;90
-85.3166;0.00527863;90
-68.1216;0.00165845;90
-53.6732;0.00548625;90
-71.3997;0.00526079;90
-75.8988;0.00491717;90
-75.3521;0.00920208;90
-78.4252;0.0018241;90
-84.0021;0.00295719;90
-104.659;0.00426379;90
-120.967;0.00274415;90
-112.876;0.00202964;90
116.752;0.00274591;90
126.199;0.0028886;90
-142.127;0.0052092;90
-167.382;0.00160681;90
-63.4139;0.00243105;90
-64.9771;0.00285828;90
-85.1497;0.00428133;90
-88.0071;0.00428459;90
-91.9699;0.00433456;90
-94.8857;0.00425044;90
-116.089;0.00436361;90
127.931;0.00186752;90
137.293;0.00118394;90
100.599;0.00186482;90
119.205;0.000961188;90
159.789;0.00338653;90
124.699;0.000945078;90
123.723;0.00531902;90
119.151;0.00190304;90
121.869;0.00142242;90
134.325;0.00390421;90
166.745;0.000462316;90
91.5583;0.00911937;90
88.7659;0.00176441;90
89.0523;0.00187426;90
106.158;0.00296096;90
88.2169;0.00183189;90
74.621;0.00401579;90
75.1272;0.00239214;90
102.178;0.00445117;90
166.316;0.000710158;90
105.209;0.0452955;90
-69.4271;0.0282784;90
-82.6095;0.0175851;90
-55.0981;0.00198017;90
-15.2935;0.000917491;90
-100.818;0.0020087;90
-103.315;0.00177162;90
-106.922;0.00470679;90
-101.97;0.000901606;90
-83.3135;0.0030145;90
-81.717;0.00217266;90
-89.5808;0.0036901;90
-88.678;0.00611163;90
-71.0845;0.00203595;90
-21.2092;0.000503076;90
-46.9886;0.00183393;90
-56.8913;0.00314337;90
-62.2574;0.00335123;90
-54.1745;0.0029847;90
-45.821;0.00301046;90
-50.1297;0.00272053;90
62.6249;0.00139187;90
148.096;0.00538321;90
121.072;0.00364264;90
119.094;0.00125655;90
123.859;0.00629088;90
172.026;0.00072804;90
161.296;0.000539491;90
91.9579;0.0032489;90
91.232;0.00851097;90
77.3807;0.00102988;90
117.474;0.00118348;90
130.359;0.00563645;90
-146.999;0.00103736;90
-140.554;0.0013882;90
101.154;0.0043991;90
49.8902;0.00103686;90
-16.5178;0.00120993;90
83.3872;0.00738111;90
114.845;0.00137088;90
111.598;0.00649826;90
102.621;0.00114876;90
111.371;0.001309;90
113.903;0.00252232;90
78.5799;0.0010202;90
142.728;0.0172624;90
95.7563;0.00274183;90
88.916;0.00243144;90
86.7797;0.00651529;90
83.0128;0.00113442;90
110.84;0.0871539;90
-124.97;0.000645555;90
-129.632;0.000634938;90
-135.523;0.000775021;90
-120.175;0.00110816;90
-97.1436;0.0359208;90
-52.6323;0.0608425;90
-89.5156;0.00130105;90
-89.0951;0.00626878;90
-76.1616;0.00105358;90
-88.9628;0.00165727;90
-164.624;0.000580789;90
-122.56;0.00827219;90
-92.225;0.00167426;90
-80.848;0.00458335;90
25.9008;0.000771495;90
14.6862;0.00228774;90
-12.2854;0.000944632;90
-27.4639;0.000769749;90
-107.683;0.00113251;90
176.983;0.000664922;90
-104.363;0.00272105;90
-54.5587;0.00179696;90
-43.0027;0.000750696;90
-49.9148;0.000734556;90
51.971;0.0009788;90
73.1836;0.0012651;90
77.7047;0.0010378;90
66.1279;0.00109465;90
-20.9271;0.000596337;90
-67.47;0.00274554;90
-53.1064;0.0038712;90
-81.1354;0.00121349;90
-65.8364;0.00329797;90
-66.824;0.000998585;90
-79.9301;0.00198457;90
-58.7047;0.00337858;90
-3.50175;0.00196467;90
-17.3495;0.0030047;90
-73.4829;0.00111501;90
35.0338;0.00269658;90
-24.9841;0.00369584;90
-71.3388;0.00256273;90
-63.4599;0.00102501;90
-87.935;0.00135988;90
-89.559;0.0035081;90
-88.9292;0.00428075;90
-88.1997;0.00327862;90
-48.8778;0.00465281;90
-50.5318;0.00121765;90
-57.9914;0.00189983;90
-63.3025;0.00387064;90
-47.5462;0.00639856;90
-47.2395;0.000886682;90
44.8036;0.000618722;90
103.919;0.00130121;90
106.418;0.000916363;90
-25.7233;0.00544899;90
86.0719;0.00150353;90
84.6015;0.00434728;90
80.3824;0.000909787;90
58.2554;0.00109478;90
-117.959;0.000772119;90
101.519;0.00198804;90
93.6366;0.003973;90
92.4412;0.00375641;90
114.745;0.00473033;90
112.819;0.000972083;90
121.506;0.00210301;90
151.54;0.00209634;90
148.809;0.00220703;90
157.36;0.00218215;90
170.486;0.00183321;90
-170.543;0.00169808;90
-158.017;0.00234014;90
-176.392;0.000905795;90
123.503;0.00203992;90
107.581;0.00186722;90
132.025;0.00380158;90
-178.319;0.000988426;90
-136.021;0.00202477;90
-126.586;0.00169622;90
-160.128;0.00412459;90
-166.121;0.00158837;90
-163.159;0.00417297;90
-125.417;0.00531811;90
-124.887;0.0055213;90
-140.636;0.00483098;90
-130.819;0.00613918;90
-125.929;0.00663789;90
-130.862;0.0062622;90
-129.233;0.0059955;90
-130.743;0.00561082;90
-131.66;0.00559494;90
-126.901;0.0119448;90
-135.551;0.00485663;90
-125.749;0.0107285;90
-141.112;0.00203886;90
-166.391;0.00338298;90
179.721;0.00431105;90
179.653;0.00412708;90
-144.889;0.00783949;90
-120.849;0.0024845;90
-112.661;0.006891;90
-112.926;0.0140216;90
-113.886;0.00183737;90
-121.472;0.00400516;90
-120.231;0.00572801;90
-125.889;0.00586306;90
-113.968;0.0126016;90
-105.742;0.00282704;90
-101.428;0.00535006;90
-96.7795;0.00769178;90
-98.5868;0.00702575;90
-103.223;0.00697287;90
-105.378;0.00655778;90
-106.366;0.00538729;90
-102.607;0.00569942;90
-104.189;0.00445079;90
-101.373;0.00106491;90
-100.911;0.00112534;90
-77.8998;0.00221828;90
-53.6791;0.000688832;90
-37.733;0.00053106;90
91.6612;0.000931391;90
114.753;0.000919484;90
-62.6823;0.00534511;90
-60.2236;0.00405544;90
-54.5821;0.00122339;90
-55.4425;0.00126403;90
-40.4077;0.00465427;90
-14.6893;0.00112786;90
-41.6382;0.00206194;90
-51.1662;0.0027254;90
-18.2712;0.00143853;90
-43.3913;0.00198988;90
-41.0091;0.00216404;90
-14.6964;0.00191567;90
16.5624;0.00224515;90
-33.0702;0.0022303;90
-50.5102;0.00255527;90
-50.3183;0.00201402;90
-51.4303;0.00258234;90
-40.0721;0.00167922;90
-20.6892;0.00171243;90
-11.0165;0.00156993;90
-4.93096;0.00127974;90
5.19719;0.00187672;90
-33.9798;0.00224906;90
-41.7432;0.00143137;90
78.5537;0.00115395;90
129.158;0.000826659;90
124.842;0.001283;90
-58.9326;0.00104254;90
-23.7174;0.000783144;90
-88.4946;0.0014465;90
-94.9482;0.00265489;90
-98.0881;0.00173425;90
-110.76;0.00161377;90
-110.199;0.00292808;90
-106.766;0.00327941;90
-107.301;0.00325842;90
-108.278;0.00254122;90
-131.753;0.00223451;90
-170.903;0.00193534;90
-151.921;0.00198006;90
-141.485;0.00240399;90
-129.856;0.00288672;90
-126.717;0.00276821;90
-100.288;0.00273802;90
131.756;0.00213677;90
135.306;0.00304272;90
125.658;0.00293166;90
120.696;0.00235264;90
118.468;0.00339443;90
125.856;0.00311909;90
123.594;0.00231699;90
108.129;0.00367652;90
136.501;0.00299704;90
133.851;0.00299661;90
121.379;0.00314965;90
139.014;0.00124261;90
-112.617;0.00174738;90
-113.881;0.00128939;90
-112.475;0.00173693;90
-112.345;0.00195695;90
-107.648;0.00202531;90
104.749;0.00155938;90
98.7564;0.00508426;90
95.2375;0.00204855;90
106.635;0.00205396;90
-172.003;0.000488754;90
61.3577;0.00244294;90
69.0685;0.00135759;90
94.3007;0.00372048;90
114.397;0.00354671;90
116.705;0.00330224;90
115.584;0.00316092;90
113.269;0.0010733;90
113.934;0.00080852;90
107.041;0.00123523;90
83.0669;0.00125921;90
87.6425;0.000923782;90
64.0599;0.00258326;90
67.281;0.00160016;90
69.0008;0.00225475;90
71.1973;0.00123173;90
69.7521;0.00171924;90
74.6154;0.00349421;90
77.8891;0.00669194;90
76.9053;0.00515094;90
73.9656;0.00600981;90
74.3086;0.00641508;90
80.3368;0.0148639;90
60.888;0.075327;90
-0.269535;0.00148802;90
13.0617;0.00275221;90
14.4233;0.00376982;90
46.7018;0.00492859;90
54.427;0.0054612;90
43.7945;0.00450385;90
43.5124;0.00441242;90
54.2247;0.00521375;90
57.6675;0.00538488;90
53.0499;0.00528681;90
49.0782;0.00469293;90
43.0289;0.00437887;90
50.2634;0.00467886;90
50.4388;0.00750508;90
50.8663;0.00181261;90
52.7676;0.00455169;90
43.2639;0.0068154;90
48.7584;0.00445516;90
65.6619;0.00497185;90
31.9011;0.00314502;90
11.8526;0.00318899;90
18.1254;0.00280941;90
30.464;0.00186786;90
36.4164;0.000758024;90
34.9294;0.00142342;90
39.1262;0.0023216;90
-20.9865;0.00225884;90
-31.3274;0.00164831;90
-84.0257;0.00190233;90
-74.9114;0.00105642;90
-68.4134;0.00089153;90
-90.5372;0.00245311;90
-88.513;0.00443149;90
-89.6057;0.0043591;90
-69.8794;0.00170932;90
-40.3106;0.00226608;90
-57.0848;0.00313767;90
-61.4862;0.00293273;90
-56.0746;0.00276825;90
-49.0449;0.00191466;90
-46.4163;0.00217431;90
-47.0581;0.00228401;90
-47.0189;0.00266957;90
-46.8839;0.00251654;90
57.4795;0.00205171;90
78.2583;0.00281082;90
85.7483;0.00427577;90
88.9361;0.00387767;90
92.9912;0.00153309;90
50.6156;0.000679254;90
-98.8827;0.00175505;90
-91.336;0.00454624;90
-94.8353;0.00398619;90
-93.2028;0.00096651;90
-109.958;0.00291507;90
-131.376;0.000906201;90
137.84;0.00271155;90
118.261;0.00204019;90
105.479;0.00195594;90
-52.1607;0.00633631;90
68.6659;0.00305108;90
84.7076;0.00323077;90
89.14;0.00279832;90
87.3213;0.00406544;90
96.5086;0.00420812;90
94.1623;0.00388525;90
115.373;0.00496604;90
16.7746;0.00247742;90
50.5436;0.00357204;90
-20.5234;0.00246442;90
-37.5027;0.00302398;90
43.894;0.00128222;90
79.6104;0.00725292;90
90;0.001503;90
104.317;0.00988708;90
95.1428;0.00140566;90
109.078;0.00250879;90
106.688;0.00515406;90
119.202;0.00556073;90
140.023;0.00124363;90
145.563;0.00659595;90
147.039;0.0016781;90
148.536;0.00198483;90
117.929;0.00721649;90
96.1176;0.000966504;90
116.256;0.00199147;90
107.915;0.00439195;90
101.542;0.00537774;90
113.918;0.00459018;90
111.015;0.00537341;90
103.51;0.00581285;90
113.429;0.0100452;90
133.436;0.00126973;90
129.69;0.00304088;90
107.516;0.0109644;90
87.132;0.00153893;90
93.3189;0.00692662;90
83.1627;0.00333472;90
79.5857;0.00210772;90
80.5292;0.00554255;90
82.0194;0.00579815;90
84.807;0.0106618;90
83.4305;0.00193168;90
97.2735;0.00894901;90
114.883;0.00134043;90
119.199;0.00421452;90
110.545;0.00589279;90
100.09;0.00622731;90
99.566;0.00654095;90
96.2633;0.0160498;90
100.964;0.0113726;90
99.8885;0.0138355;90
98.0907;0.00534318;90
92.009;0.017857;90
91.1571;0.00282258;90
98.6439;0.00741219;90
106.832;0.00702079;90
94.6336;0.0074644;90
89.4138;0.00821043;90
102.8;0.00716302;90
107.379;0.00710115;90
106.195;0.00728924;90
96.6557;0.00760123;90
95.4889;0.00789319;90
92.2917;0.0168054;90
89.4467;0.00279613;90
90.1906;0.0114221;90
90.19;0.00241201;90
89.1001;0.00611275;90
78.5244;0.00718769;90
83.1398;0.0149188;90
95.9658;0.00250155;90
95.8912;0.00565084;90
97.9446;0.0108744;90
102.786;0.00791218;90
105.309;0.00573447;90
106.398;0.00434993;90
103.017;0.0149748;90
99.5012;0.00290789;90
100.419;0.00385964;90
93.1696;0.00774084;90
91.263;0.00812097;90
92.2569;0.0147284;90
90.8478;0.00256828;90
94.454;0.0132631;90
93.4903;0.0034494;90
90.9867;0.0119628;90
90.9673;0.00313945;90
93.7473;0.0132503;90
94.7228;0.0029149;90
105.835;0.00441972;90
104.715;0.011952;90
102.657;0.00193502;90
107.21;0.00530973;90
101.961;0.0103835;90
100.494;0.00278356;90
97.6752;0.00714299;90
95.7855;0.0147612;90
91.2189;0.00249156;90
95.3973;0.0108652;90
96.0296;0.00218006;90
89.5069;0.0102244;90
83.4069;0.00235155;90
82.5433;0.00537848;90
80.7819;0.00971952;90
85.3365;0.00703529;90
92.2889;0.00678541;90
103.23;0.0059643;90
94.3239;0.00657872;90
91.2636;0.00607648;90
90.2911;0.00590508;90
91.1835;0.0070205;90
90.0377;0.00608;90
91.2022;0.00548121;90
90.3511;0.00489609;90
90.4015;0.00385309;90
90.7911;0.00412839;90
90.3071;0.00354505;90
91.1158;0.00374871;90
91.0309;0.00339055;90
78.5183;0.00333575;90
76.6379;0.0047208;90
66.0474;0.00354204;90
65.5159;0.00401505;90
60.8595;0.00544406;90
46.7387;0.00410169;90
47.1854;0.00433913;90
45.4684;0.00432481;90
58.7359;0.00484216;90
85.6379;0.00707349;90
88.6496;0.0068319;90
87.6678;0.00692974;90
81.5917;0.00672933;90
80.4046;0.00608919;90
82.1213;0.00670429;90
87.5301;0.00619576;90
92.6364;0.00630467;90
88.4418;0.00617828;90
78.3301;0.00615013;90
78.8643;0.00606315;90
78.0046;0.00600001;90
78.4162;0.00668822;90
83.4181;0.00675251;90
89.5607;0.00652119;90
90.1793;0.00607103;90
89.49;0.00640325;90
89.8949;0.00654401;90
89.6686;0.00708812;90
93.0333;0.0073513;90
93.0721;0.00725843;90
93.1541;0.0067973;90
93.4433;0.00652678;90
93.7661;0.00651607;90
91.9732;0.00697013;90
88.2742;0.00720527;90
88.7185;0.00769092;90
88.3212;0.0076803;90
87.2998;0.00762046;90
79.2414;0.00729625;90
67.6932;0.00684203;90
48.3397;0.00497658;90
31.7647;0.00444122;90
38.5138;0.00471974;90
58.0318;0.0058797;90
76.3832;0.00742058;90
84.8523;0.00854848;90
72.5773;0.00707038;90
54.2716;0.0055519;90
59.0873;0.00597004;90
64.4089;0.00641978;90
54.3775;0.00604523;90
60.6118;0.00605636;90
78.0317;0.00781692;90
84.5774;0.00827503;90
78.5644;0.00760089;90
86.6335;0.00858281;90
94.0207;0.00767288;90
97.0654;0.00691854;90
93.343;0.00745969;90
91.2626;0.00707972;90
87.8936;0.00704676;90
80.0425;0.00730403;90
75.4605;0.0065167;90
75.1961;0.00657112;90
75.2754;0.00783325;90
75.8068;0.00743908;90
79.9686;0.0079282;90
83.7421;0.00968773;90
82.55;0.00876902;90
76.5664;0.00781687;90
70.5375;0.0072121;90
76.6605;0.00781896;90
82.9328;0.00884318;90
86.8811;0.00777452;90
89.5249;0.00735625;90
93.1556;0.00721194;90
95.0791;0.00705972;90
86.5692;0.00726903;90
76.4184;0.00672403;90
75.3763;0.00686024;90
80.4588;0.00823492;90
90.802;0.00893087;90
95.6331;0.00875126;90
98.8195;0.00855718;90
99.645;0.00897081;90
99.4036;0.00850124;90
99.0738;0.00853481;90
95.825;0.00872003;90
93.8015;0.00880838;90
93.4477;0.00944509;90
88.5447;0.00870181;90
82.8397;0.00866457;90
82.8865;0.00865663;90
85.2374;0.00872011;90
89.9232;0.00895001;90
90.1154;0.00943102;90
90.3248;0.00882014;90
89.902;0.00876601;90
84.9264;0.00871816;90
84.2409;0.00869991;90
83.8498;0.00869002;90
80.2321;0.00847587;90
74.6697;0.00855957;90
66.9174;0.00726678;90
53.4465;0.00608489;90
51.3884;0.00594195;90
64.5071;0.0070028;90
77.4498;0.0084079;90
84.042;0.00852606;90
68.5025;0.00703758;90
55.59;0.00604837;90
63.3756;0.0069108;90
68.7338;0.00795145;90
67.9649;0.00687413;90
68.3331;0.00672516;90
70.3704;0.0060517;90
81.4133;0.00557246;90
74.191;0.00484527;90
148.519;0.00106471;90
-63.5118;0.00467026;90
-38.6788;0.00516998;90
-20.1153;0.00418423;90
57.956;0.00455736;90
88.2467;0.00787669;90
87.0303;0.00727677;90
89.2501;0.00733463;90
89.3523;0.00707645;90
82.3353;0.00632047;90
78.1856;0.00603688;90
88.2946;0.00601466;90
48.0378;0.00322894;90
62.6007;0.00479151;90
63.6951;0.00334877;90
-36.4259;0.000877426;90
63.7229;0.00160149;90
55.4272;0.00234028;90
29.0498;0.00232098;90
28.8641;0.00169451;90
-0.114059;0.001507;90
27.7167;0.00191357;90
70.62;0.00243497;90
48.9138;0.00173008;90
34.746;0.00106853;90
37.5187;0.00210173;90
37.1221;0.00236282;90
36.1117;0.00164754;90
-36.3093;0.000776837;90
-148.474;0.00634558;90
-148.444;0.00159365;90
-127.433;0.000773237;90
-119.155;0.00422646;90
165.873;0.000610463;90
-176.138;0.0012769;90
-161.291;0.00158685;90
-148.539;0.00207504;90
-143.168;0.0021202;90
-92.1735;0.00242575;90
162.314;0.00125743;90
-139.183;0.00100819;90
-114.375;0.00747751;90
-127.595;0.00161293;90
-110.481;0.0038269;90
-99.187;0.0110173;90
-96.5229;0.00207745;90
-94.4643;0.0040212;90
-90.8198;0.00503252;90
-91.0106;0.0103756;90
-92.3516;0.00326575;90
-92.3665;0.00184057;90
-91.5389;0.0049898;90
-89.8177;0.00597003;90
-113.094;0.00375274;90
128.679;0.00368664;90
150.118;0.00689461;90
133.803;0.000710797;90
-140.448;0.0029194;90
-107.761;0.00554006;90
-111.153;0.00540092;90
-111.49;0.00598616;90
-112.126;0.00589406;90
-111.85;0.0108656;90
-113.279;0.00187243;90
-123.124;0.00483112;90
-122.445;0.00634311;90
-104.746;0.00777508;90
-95.2642;0.00906825;90
-108.39;0.00772766;90
-122.671;0.0100702;90
-130.525;0.00278246;90
-122.244;0.00636333;90
-108.851;0.00749606;90
-101.115;0.0142289;90
-98.1797;0.00342989;90
-95.916;0.00677207;90
-95.6112;0.00854997;90
-92.5202;0.01551;90
-88.4654;0.00354727;90
-89.4127;0.00673135;90
-89.8163;0.00810804;90
-91.2326;0.0146904;90
-98.9803;0.00310709;90
-97.0064;0.00641087;90
-96.1282;0.0142947;90
-92.1954;0.00336747;90
-87.738;0.00656211;90
-85.5205;0.00810476;90
-85.7575;0.00798889;90
-82.0582;0.0129553;90
-80.9405;0.00874509;90
-80.7009;0.003348;90
-80.9204;0.0152339;90
-82.8341;0.0033028;90
-85.0623;0.00620402;90
-89.8162;0.00935405;90
-100.653;0.00829292;90
-105.386;0.00786592;90
-99.1628;0.00905555;90
-87.0787;0.00951637;90
-86.7729;0.00968135;90
-93.1206;0.0172306;90
-93.6702;0.00304625;90
-103.039;0.00750859;90
-108.276;0.00785734;90
-104.808;0.00835757;90
-97.1579;0.0155532;90
-95.3848;0.00313283;90
-99.4891;0.00668446;90
-103.932;0.0110892;90
-103.832;0.0033378;90
-104.755;0.0143947;90
-101.55;0.00299158;90
-99.297;0.00661084;90
-91.3668;0.00796527;90
-88.7232;0.00718078;90
-86.0312;0.00726743;90
-83.3459;0.00655012;90
-86.111;0.00687082;90
-93.2319;0.0062259;90
-98.8965;0.0061429;90
-100.385;0.00605215;90
-95.1132;0.00740547;90
-105.031;0.00700257;90
-121.722;0.00598514;90
-123.351;0.00590433;90
-115.282;0.00677162;90
-123.843;0.00593809;90
-121.272;0.00622429;90
-99.3563;0.0124375;90
-98.37;0.0032769;90
-107.908;0.00721979;90
-127.406;0.00560205;90
-145.346;0.00483101;90
-143.247;0.00489001;90
-122.451;0.00597857;90
-105.962;0.00749082;90
-95.7622;0.00839643;90
-91.5687;0.00836514;90
-91.6248;0.00860546;90
-91.2417;0.00881407;90
-88.1549;0.00745386;90
-86.921;0.00668365;90
-86.1313;0.00683257;90
-86.7202;0.00667694;90
-86.7341;0.00682809;90
-86.5526;0.00640259;90
-90.4651;0.00702123;90
-90.3956;0.00724217;90
-90.0655;0.00961901;90
-90.0885;0.00259;90
-90.264;0.00651207;90
-96.4597;0.00576862;90
-101.769;0.00578051;90
-101.917;0.00579693;90
-101.125;0.00639009;90
-101.498;0.00604531;90
-94.2279;0.00599532;90
-88.2036;0.00606098;90
-91.9267;0.00565119;90
-94.2263;0.00626905;90
-98.9825;0.00600768;90
-99.3537;0.00676191;90
-96.1393;0.00648922;90
-91.0456;0.00652109;90
-90.8209;0.00635165;90
-100.418;0.00603346;90
-124.999;0.00432391;90
-135.48;0.00396347;90
-132.129;0.00559033;90
-137.028;0.00153892;90
-123.986;0.00440077;90
-114.882;0.00379088;90
-114.68;0.00361634;90
-108.363;0.00402179;90
-101.989;0.00437134;90
-96.8098;0.00227706;90
-91.2212;0.00361282;90
-88.2675;0.0032745;90
-89.0963;0.00367746;90
-88.3385;0.00327638;90
-90.0576;0.003977;90
-89.8621;0.00498601;90
-89.5869;0.00582515;90
-88.6813;0.00660475;90
-89.2489;0.00640755;90
-89.3495;0.00607739;90
-88.2444;0.00620191;90
-85.5196;0.00581176;90
-80.3422;0.0101691;90
-92.874;0.00616275;90
-95.0841;0.00253899;90
-97.504;0.00643209;90
-99.2861;0.00614756;90
-97.6008;0.0061692;90
-93.0577;0.00629897;90
-86.6691;0.00624755;90
-84.9399;0.00683664;90
-84.8577;0.00706242;90
-84.9188;0.00705673;90
-83.4112;0.00671938;90
-81.6436;0.00669508;90
-79.5903;0.00684059;90
-77.0054;0.00581697;90
-75.4508;0.00514705;90
-74.8212;0.0055952;90
-73.6487;0.00616641;90
-75.4441;0.006418;90
-81.488;0.00695865;90
-88.1663;0.0108756;90
-91.778;0.0027073;90
-90.9356;0.00655287;90
-86.8739;0.00656477;90
-84.3669;0.00669332;90
-85.0496;0.00692985;90
-87.0078;0.00731798;90
-87.9497;0.0129133;90
-91.5151;0.00276097;90
-87.8954;0.00539164;90
-86.5078;0.00671447;90
-81.7578;0.00664767;90
-78.1667;0.00629069;90
-74.4089;0.00608698;90
-74.889;0.0064521;90
-75.3978;0.00631084;90
-78.0124;0.006649;90
-80.9122;0.00915492;90
-83.2107;0.00977857;90
-89.1866;0.00887589;90
-101.984;0.0126231;90
-97.2649;0.00335292;90
-91.4139;0.00911878;90
-89.387;0.00897251;90
-89.0098;0.00902735;90
-87.612;0.00916796;90
-85.1786;0.00898278;90
-82.6543;0.00850178;90
-74.4525;0.00826752;90
-73.8223;0.00772385;90
-79.1014;0.00710312;90
-90.9863;0.00732008;90
-85.3471;0.00751978;90
-72.6577;0.00673308;90
-80.6252;0.00742213;90
-89.6989;0.0072311;90
-87.5845;0.0074266;90
-87.4054;0.00748868;90
-81.8609;0.00716921;90
-77.5403;0.0069292;90
-79.3172;0.0114851;90
-80.4789;0.00288372;90
-82.4909;0.0071241;90
-84.3779;0.00747194;90
-83.6774;0.00610212;90
-78.562;0.00622768;90
-73.8444;0.00527949;90
-67.6165;0.00458765;90
-60.6062;0.00459446;90
-82.5708;0.00563026;90
-93.408;0.00558488;90
-94.8639;0.00607387;90
-94.7449;0.00585105;90
-99.9625;0.00568776;90
-99.4866;0.00544243;90
-96.5712;0.00386237;90
-90.2915;0.00452006;90
-83.3846;0.00549458;90
-73.0115;0.0052365;90
-64.6802;0.00454789;90
-46.942;0.00619711;90
-67.942;0.00203171;90
-76.0816;0.0060115;90
-78.7432;0.00570679;90
-65.2667;0.00478495;90
-64.813;0.00451861;90
-79.0606;0.00482162;90
-71.9141;0.00534719;90
-70.4633;0.000888132;90
-73.2249;0.00231449;90
-68.8387;0.00319119;90
-52.2959;0.00291211;90
-30.614;0.00109572;90
-38.4388;0.00194313;90
-36.901;0.0022084;90
-33.1955;0.00260275;90
-20.8327;0.00152682;90
-44.8005;0.00182788;90
-52.8291;0.00251243;90
-62.1524;0.00407603;90
-74.4409;0.00823166;90
-74.9031;0.00209635;90
-74.9005;0.00500583;90
-79.1736;0.00483404;90
-95.3688;0.00452083;90
-111.187;0.00348347;90
-125.898;0.00195788;90
151.271;0.00123161;90
116.741;0.0033492;90
178.35;0.00201483;90
-128.538;0.00337383;90
-165.428;0.00189186;90
-93.8393;0.00135905;90
-56.9404;0.00262139;90
-70.1382;0.00137159;90
-84.6112;0.00389722;90
-88.0018;0.00381432;90
-88.7811;0.00361982;90
57.5538;0.00158432;90
-129.533;0.00123954;90
-94.6949;0.00186927;90
-92.8339;0.00331706;90
-106.53;0.00583098;90
134.365;0.00146734;90
122.082;0.00126521;90
123.449;0.00217888;90
103.16;0.00231479;90
144.857;0.00684831;90
118.699;0.00337567;90
121.073;0.00125743;90
123.961;0.00275855;90
146.134;0.00162583;90
162.448;0.000656567;90
105.093;0.00102537;90
89.5692;0.00465513;90
91.1462;0.00479896;90
87.7365;0.00126599;90
96.5737;0.00186929;90
109.179;0.0022647;90
156.934;0.00431605;90
-127.452;0.000689036;90
-140.288;0.00179521;90
-158.53;0.00212012;90
-157.516;0.00369486;90
-167.541;0.00385171;90
-122.729;0.00860045;90
-132.743;0.00211872;90
-141.892;0.00497936;90
-128.065;0.00580326;90
-130.326;0.00573603;90
-129.815;0.00574258;90
-129.748;0.00571621;90
-128.052;0.0061261;90
-132.945;0.00609282;90
-124.317;0.0068468;90
-130.24;0.00611778;90
-135.156;0.00572476;90
-129.491;0.00568595;90
-124.15;0.00566839;90
-161.756;0.00416538;90
-177.803;0.00453834;90
-177.9;0.00442097;90
-137.987;0.0100836;90
-103.824;0.00249013;90
-115.848;0.0055025;90
-114.535;0.0073859;90
-114.612;0.011624;90
-121.608;0.00283917;90
-125.431;0.00678434;90
-108.964;0.0252145;90
-102.352;0.0385718;90
-107.423;0.015366;90
-73.8137;0.0187221;90
-115.5;0.00269448;90
-85.6127;0.0092812;90
-28.8399;0.00103656;90
101.322;0.0093112;90
139.41;0.000551763;90
55.3508;0.00197168;90
74.8574;0.00312759;90
109.235;0.00403103;90
116.533;0.0047995;90
112.767;0.00623802;90
88.2524;0.00160675;90
68.6223;0.00195877;90
69.9838;0.00398789;90
62.1461;0.00165019;90
72.9071;0.00128266;90
75.3133;0.00128188;90
74.0142;0.00311548;90
76.8755;0.00195096;90
77.2304;0.00593581;90
76.2736;0.00641419;90
73.9363;0.00658824;90
75.44;0.00684585;90
80.5387;0.00911905;90
83.0163;0.00935138;90
75.166;0.00905789;90
66.5079;0.00845913;90
54.8436;0.00702314;90
58.3941;0.00700856;90
63.6114;0.00726278;90
66.2396;0.00690968;90
68.1825;0.00727833;90
62.9878;0.0071051;90
34.7619;0.00852557;90
-3.93898;0.00158675;90
-2.29762;0.00326763;90
11.9569;0.00432483;90
42.1506;0.00839242;90
57.4083;0.00266222;90
43.1448;0.00552611;90
44.9783;0.00559816;90
55.1856;0.00525818;90
57.4764;0.005286;90
54.0096;0.00557646;90
46.3984;0.0113001;90
51.7335;0.00200219;90
49.4656;0.0027881;90
50.7707;0.00529549;90
51.9183;0.00566487;90
42.2334;0.00823325;90
50.6967;0.0014461;90
68.2621;0.00334809;90
55.3184;0.00455172;90
14.3515;0.00608386;90
21.8403;0.0013682;90
27.302;0.00205154;90
55.7351;0.00107811;90
31.8217;0.00380255;90
-31.1242;0.00263303;90
59.2618;0.00344149;90
74.7532;0.00362769;90
73.6552;0.00151732;90
70.7914;0.0011945;90
82.939;0.00188731;90
-103.866;0.0111077;90
-91.5208;0.00101736;90
-79.1201;0.00347547;90
-90.4272;0.0034871;90
-87.3834;0.00499421;90
-91.992;0.00405645;90
-37.8678;0.000700506;90
-31.9983;0.00170978;90
-55.0841;0.00357808;90
-62.1513;0.00355356;90
-51.9762;0.00320785;90
-44.5738;0.00304206;90
-51.4785;0.00297684;90
66.3528;0.00129144;90
126.273;0.000978653;90
53.1759;0.0007508;90
-175.381;0.000819662;90
-66.9023;0.00268417;90
-52.1236;0.00346113;90
49.4378;0.00254047;90
75.4794;0.00177882;90
86.1716;0.00399892;90
88.8839;0.00451786;90
92.6026;0.00444859;90
95.1432;0.0040493;90
115.941;0.00320045;90
110.121;0.00252617;90
-2.42261;0.0015614;90
44.7648;0.00309998;90
25.0333;0.00252632;90
-59.1359;0.0033528;90
-1.11782;0.00164031;90
61.2804;0.00377089;90
85.1531;0.00559802;90
104.651;0.00562594;90
103.714;0.00612873;90
105.187;0.00630623;90
112.836;0.00569973;90
134.155;0.0032587;90
149.082;0.00172047;90
147.436;0.0031194;90
146.943;0.00308543;90
143.161;0.001883;90
127.085;0.00313762;90
111.232;0.0041089;90
108.407;0.00195713;90
107.347;0.00258246;90
107.265;0.00416464;90
100.681;0.00444602;90
113.819;0.00393956;90
116.533;0.00395337;90
102.963;0.00460947;90
103.834;0.00454587;90
107.027;0.00429947;90
124.366;0.0040887;90
133.113;0.00425202;90
113.434;0.00587129;90
99.831;0.00536478;90
94.1517;0.004572;90
90.5881;0.00341018;90
81.6328;0.00393084;90
80.4585;0.00488052;90
80.4635;0.0052029;90
83.0763;0.00554141;90
85.5777;0.00578422;90
86.1859;0.00602835;90
94.8258;0.0058959;90
116.576;0.0047588;90
115.236;0.00549326;90
104.195;0.00567633;90
100.261;0.00677028;90
96.0411;0.00710747;90
96.4677;0.00649836;90
98.3586;0.00666581;90
100.182;0.00636422;90
100.993;0.00628228;90
100.333;0.00618836;90
100.854;0.0061602;90
94.7576;0.00629368;90
91.4536;0.00678018;90
91.4673;0.00804464;90
94.0568;0.00792987;90
106.13;0.0073035;90
99.9488;0.00768659;90
88.1726;0.00887451;90
100.866;0.00821732;90
106.296;0.00809;90
105.357;0.00727266;90
98.5116;0.00783732;90
95.0345;0.00843253;90
92.2041;0.00852831;90
91.9865;0.00871224;90
89.6536;0.00827015;90
90.053;0.008655;90
85.8904;0.00782813;90
75.7355;0.00438314;90
77.5985;0.00703106;90
89.8365;0.00806203;90
95.8585;0.00832749;90
98.6907;0.00848441;90
101.555;0.00872176;90
104.645;0.00867793;90
105.195;0.00779863;90
103.204;0.00821725;90
98.6859;0.00831031;90
93.8008;0.00864401;90
91.2543;0.00868008;90
91.2261;0.00930013;90
92.6396;0.00877231;90
95.4305;0.00859056;90
94.7009;0.00841932;90
90.3946;0.00885721;90
89.033;0.00882926;90
95.4377;0.00833652;90
101.606;0.00782906;90
105.991;0.00666075;90
105.411;0.00680363;90
104.479;0.00843904;90
101.955;0.00607783;90
99.151;0.00577855;90
96.3823;0.0145824;90
96.1056;0.00347873;90
95.3011;0.00850739;90
95.3784;0.0068813;90
91.4815;0.00854786;90
82.1916;0.0166494;90
82.9693;0.00308822;90
89.7686;0.0158461;90
103.298;0.00261718;90
102.396;0.00294874;90
92.0501;0.00791106;90
91.6127;0.00650258;90
91.0117;0.0135921;90
88.595;0.00248775;90
89.3887;0.00431125;90
92.9425;0.00514278;90
88.6589;0.00769111;90
94.7124;0.00148502;90
90.9163;0.00262634;90
89.5908;0.00420011;90
88.8297;0.00523909;90
76.2637;0.00162137;90
78.9669;0.00438403;90
67.5778;0.00341087;90
65.9481;0.00377364;90
64.0659;0.0038986;90
57.3199;0.00387074;90
46.3075;0.00365669;90
45.2969;0.00395773;90
58.5271;0.0106532;90
81.9185;0.00233317;90
88.1416;0.00376198;90
89.7485;0.00797408;90
83.9373;0.00816165;90
80.7491;0.00801829;90
83.1454;0.00767486;90
86.7133;0.00737814;90
92.0499;0.00724063;90
81.7762;0.0121085;90
79.5398;0.0026053;90
78.6153;0.0123255;90
75.7623;0.0037244;90
81.9038;0.00286859;90
90.4437;0.00684421;90
89.3311;0.00651044;90
89.7278;0.00715608;90
90.0806;0.00781801;90
90.4687;0.00794627;90
92.9033;0.00789714;90
92.8981;0.00801025;90
93.47;0.00799666;90
93.4306;0.00797128;90
92.0897;0.00784322;90
88.7531;0.00735274;90
88.8735;0.0077825;90
88.2147;0.00770374;90
86.9825;0.00767464;90
80.0003;0.00718718;90
69.5909;0.00638906;90
51.2372;0.0049529;90
34.0304;0.00420276;90
39.3331;0.00711077;90
62.2165;0.00576231;90
75.0546;0.00368361;90
84.204;0.00660477;90
80.9391;0.00739123;90
66.5693;0.00599537;90
52.8708;0.00499325;90
60.6363;0.00577953;90
64.5588;0.00601976;90
53.435;0.00514827;90
60.5587;0.00582872;90
75.1258;0.00631873;90
84.8022;0.0076605;90
79.4242;0.00714843;90
82.2234;0.00724261;90
89.9698;0.007593;90
96.8598;0.00734256;90
94.7165;0.00746729;90
92.225;0.00746963;90
90.2732;0.00733908;90
81.5699;0.0115073;90
75.6781;0.00277319;90
78.2478;0.00449727;90
69.3632;0.000995904;90
73.8979;0.00376781;90
75.462;0.0068679;90
75.5979;0.00645692;90
81.1524;0.0166704;90
83.4596;0.00347663;90
82.6412;0.00455955;90
79.9696;0.00799216;90
73.0694;0.00775721;90
74.7469;0.0123687;90
82.529;0.0033686;90
84.8722;0.00832431;90
89.6327;0.00842317;90
92.4;0.0086686;90
94.5818;0.00845;90
80.6573;0.0152027;90
74.1494;0.0029876;90
76.6332;0.0057919;90
85.6172;0.00829626;90
95.078;0.0169806;90
95.6575;0.00332721;90
100.333;0.0136362;90
95.7299;0.00236381;90
101.665;0.00546998;90
97.8047;0.00829181;90
95.1712;0.0156105;90
93.1316;0.00342311;90
93.1492;0.00611624;90
88.8731;0.00854265;90
82.722;0.0130088;90
83.0442;0.00390575;90
87.1735;0.0162438;90
88.4545;0.00352228;90
90.6608;0.00563637;90
89.7149;0.0084421;90
89.288;0.0169003;90
81.4682;0.00270291;90
84.6371;0.0057562;90
84.1024;0.0143258;90
102.92;0.00138199;90
-114.097;0.00168264;90
-5.70387;0.0025456;90
11.1095;0.000560503;90
83.7501;0.00112066;90
123.528;0.000981269;90
101.908;0.0032714;90
76.2392;0.0024215;90
76.0173;0.00285562;90
66.7931;0.0154523;90
50.7199;0.00650596;90
53.3321;0.00334742;90
71.3242;0.0117359;90
83.7399;0.0033198;90
78.2045;0.013213;90
57.905;0.00203265;90
55.9987;0.00367661;90
63.1205;0.0104287;90
67.6573;0.00625023;90
67.911;0.00680768;90
68.8795;0.00659395;90
70.0616;0.00547199;90
79.0857;0.00533959;90
96.4001;0.00612719;90
108.509;0.00636946;90
118.607;0.00647663;90
133.191;0.00575801;90
154.372;0.0046749;90
157.336;0.00458831;90
135.059;0.00548149;90
120.863;0.00652845;90
110.09;0.00757492;90
114.652;0.00760956;90
121.394;0.00650187;90
130.827;0.00563644;90
138.249;0.00530263;90
139.739;0.00538322;90
131.435;0.00571954;90
126.737;0.00605202;90
125.746;0.00655606;90
127.754;0.00593691;90
131.679;0.0058229;90
138.792;0.00512147;90
146.454;0.00506693;90
137.412;0.00586499;90
126.724;0.00595862;90
118.443;0.00672702;90
110.551;0.0075206;90
110.543;0.0074348;90
114.541;0.00766108;90
118.236;0.00676385;90
122.399;0.00640148;90
128.939;0.0058266;90
136.641;0.00545615;90
123.761;0.00674793;90
119.655;0.00663735;90
126.346;0.00607605;90
138.536;0.00527374;90
146.358;0.00500894;90
150.956;0.00508779;90
155.678;0.00472978;90
159.843;0.00451556;90
151.142;0.00475098;90
138.773;0.00527585;90
130.712;0.00620455;90
124.779;0.00617271;90
118.852;0.00671221;90
113.188;0.00723551;90
115.315;0.00668162;90
118.471;0.00638751;90
117.1;0.00723534;90
114.696;0.00707511;90
109.379;0.00754021;90
106.922;0.00776104;90
108.303;0.00781116;90
111.124;0.0079277;90
113.825;0.00710988;90
116.05;0.00696787;90
116.666;0.00687637;90
110.424;0.00750798;90
105.634;0.00852335;90
103.72;0.0162116;90
113.234;0.00753397;90
131.291;0.00542214;90
157.146;0.0047195;90
177.131;0.00457573;90
168.667;0.00437633;90
160.477;0.00457822;90
153.354;0.00472034;90
146.265;0.00499508;90
137.347;0.00576776;90
132.045;0.00567855;90
126.347;0.00644867;90
121.754;0.00738783;90
118.926;0.00712032;90
114.626;0.00712283;90
115.094;0.00747451;90
121.024;0.00652895;90
131.226;0.00581159;90
146.71;0.00540735;90
166.857;0.00469703;90
167.341;0.00461315;90
156.861;0.00514052;90
150.934;0.00497104;90
171.346;0.00462566;90
-173.174;0.00456032;90
-158.899;0.00455545;90
-149.267;0.00523641;90
-146.927;0.00518037;90
-168.127;0.004627;90
161.11;0.00470119;90
141.734;0.0054028;90
131.839;0.0063595;90
124.235;0.00650388;90
118.533;0.00699452;90
115.079;0.00739851;90
120.997;0.00677677;90
128.028;0.00668777;90
132.699;0.00581145;90
141.724;0.00534501;90
158.142;0.00473542;90
176.234;0.00455283;90
-166.274;0.00488862;90
-145.255;0.00522699;90
-132.155;0.00591234;90
-132.055;0.00594472;90
-141.034;0.00540182;90
-151.893;0.0053193;90
-162.354;0.0047075;90
-177.206;0.00449234;90
-175.714;0.00456276;90
-171.847;0.00454797;90
-178.289;0.00452202;90
177.074;0.00487836;90
175.346;0.00447375;90
172.55;0.00462;90
174.889;0.00453503;90
-179.545;0.00453214;90
-172.975;0.00457031;90
-162.238;0.00498251;90
-158.476;0.0047481;90
-162.045;0.00471986;90
-170.329;0.00397043;90
173.513;0.00904592;90
176.773;0.00223855;90
174.973;0.00513575;90
165.67;0.00876365;90
152.25;0.00378424;90
144.745;0.00205121;90
136.829;0.00562861;90
123.178;0.0153076;90
115.06;0.00462981;90
121.593;0.007267;90
129.768;0.00601709;90
137.963;0.00544352;90
149.86;0.00524977;90
149.799;0.00503547;90
157.914;0.00969973;90
150.407;0.00135471;90
179.773;0.00909807;90
176.991;0.00150507;90
-168.648;0.00186448;90
162.862;0.0106425;90
127.64;0.00194858;90
137.64;0.00236425;90
133.592;0.00601434;90
138.807;0.00844523;90
139.929;0.00240315;90
126.008;0.0153003;90
110.628;0.00457854;90
115.245;0.0160565;90
130.193;0.0110464;90
144.837;0.00197428;90
143.809;0.00381387;90
153.644;0.00477314;90
155.735;0.00475727;90
154.372;0.00527604;90
133.893;0.0124127;90
134.436;0.00193969;90
140.492;0.00265962;90
157.773;0.00935837;90
-176.555;0.0018804;90
-173.48;0.00309099;90
-158.208;0.00475696;90
-155.269;0.00806471;90
-176.552;0.00444004;90
173.996;0.00180691;90
149.162;0.0148611;90
141.376;0.00745589;90
165.208;0.0026674;90
174.502;0.00509343;90
163.805;0.00464324;90
147.692;0.0050817;90
141.215;0.00558432;90
152.209;0.00495447;90
177.439;0.00866065;90
174.109;0.00192919;90
161.174;0.0032879;90
142.455;0.00526437;90
139.135;0.00545185;90
152.134;0.00989089;90
163.051;0.0016946;90
174.547;0.00323062;90
-166.403;0.00725227;90
-151.132;0.00232605;90
-143.308;0.00515302;90
-153.252;0.00965405;90
-166.136;0.00153574;90
-177.179;0.00325094;90
166.489;0.00436582;90
155.224;0.00419736;90
143.518;0.00473111;90
126.62;0.0107425;90
120.508;0.00178862;90
146.286;0.0026376;90
-117.604;0.00148052;90
-97.4066;0.00189279;90
134.219;0.00150416;90
100.046;0.00269431;90
113.309;0.0045591;90
151.626;0.000580773;90
135.617;0.00512399;90
146.067;0.00294327;90
65.701;0.00549698;90
67.0446;0.00095894;90
54.0408;0.00358645;90
48.8366;0.00119415;90
53.6338;0.00348093;90
53.9664;0.00337096;90
39.8339;0.00181403;90
-76.3707;0.00215159;90
-80.6093;0.00525847;90
-81.0204;0.00686818;90
-90.9085;0.00599175;90
-107.944;0.00354125;90
-132.121;0.00130909;90
108.903;0.00607462;90
108.894;0.00734051;90
114.322;0.00708482;90
119.806;0.00666923;90
122.967;0.00639343;90
123.938;0.00588931;90
120.124;0.00648369;90
113.34;0.00684516;90
112.648;0.00663785;90
121.412;0.00728342;90
144.433;0.00759737;90
171.983;0.00429497;90
-162.261;0.00145729;90
-142.701;0.00200506;90
-90.0599;0.003828;90
106.625;0.000891258;90
93.5431;0.00118126;90
-91.5977;0.00121947;90
101.085;0.00349521;90
-174.776;0.00406388;90
175.319;0.00432543;90
142.639;0.00520739;90
129.205;0.00588989;90
117.933;0.00683984;90
125.982;0.00598612;90
143.414;0.00507866;90
157.356;0.004683;90
139.058;0.0102717;90
129.261;0.0024113;90
127.801;0.00736957;90
143.56;0.00205226;90
153.195;0.00938218;90
146.683;0.00191708;90
158.443;0.00357615;90
148.199;0.0105567;90
137.644;0.0020082;90
140.858;0.00215449;90
145.552;0.00515861;90
133.574;0.0054839;90
119.289;0.0068313;90
127.261;0.0117367;90
134.184;0.011078;90
157.43;0.00186808;90
153.947;0.00320575;90
139.041;0.00507692;90
130.18;0.00604168;90
126.734;0.0121634;90
132.395;0.00136896;90
131.141;0.00671364;90
133.609;0.00643869;90
153.81;0.0025286;90
160.016;0.00403496;90
136.837;0.0105441;90
116.862;0.00198297;90
132.151;0.00978856;90
164.092;0.00190808;90
141.976;0.00310883;90
170.655;0.00456964;90
-173.723;0.00450903;90
167.289;0.00437215;90
150.38;0.00499353;90
138.18;0.0052265;90
132.214;0.00571665;90
137.855;0.00542317;90
145.572;0.00504098;90
152.723;0.00921465;90
159.211;0.00488826;90
145.768;0.00768655;90
148.878;0.00199282;90
157.903;0.00481682;90
164.94;0.00450679;90
174.127;0.00445639;90
-171.542;0.00444636;90
-164.773;0.00430618;90
178.319;0.00453295;90
177.342;0.00439973;90
-154.2;0.00472389;90
-164.688;0.00460859;90
168.095;0.00830361;90
159.649;0.00157;90
151.009;0.00322283;90
172.991;0.00453187;90
-169.853;0.00411536;90
-156.589;0.00453536;90
-169.115;0.00451727;90
178.401;0.00422865;90
173.526;0.00443428;90
176.769;0.00663655;90
162.28;0.00177418;90
144.734;0.00518203;90
145.633;0.00455635;90
129.412;0.00556948;90
124.32;0.0060552;90
117.986;0.00627589;90
136.506;0.0099015;90
166.252;0.00183044;90
-172.241;0.00283697;90
-165.491;0.00923656;90
176.734;0.00103568;90
171.363;0.00298991;90
168.948;0.00405827;90
-171.729;0.00441392;90
-151.362;0.00488453;90
-148.725;0.00492345;90
179.093;0.00821403;90
175.538;0.0017483;90
-162.046;0.00331229;90
-139.614;0.00613495;90
-139.22;0.00187396;90
-150.922;0.00424277;90
-168.447;0.00402963;90
173.738;0.00365783;90
147.045;0.00456445;90
133.407;0.00485758;90
148.87;0.00413553;90
161.652;0.00374541;90
150.887;0.00754524;90
171.166;0.00139353;90
-168.628;0.00252559;90
-149.15;0.00413621;90
170.008;0.00665088;90
148.664;0.00137099;90
140.413;0.00285601;90
124.257;0.00481781;90
111.695;0.0113425;90
116.828;0.00185014;90
107.369;0.00411357;90
108.441;0.00845625;90
112.382;0.00333526;90
111.823;0.0115432;90
117.059;0.00140028;90
115.544;0.00456633;90
122.562;0.0100723;90
112.247;0.00136026;90
115.663;0.00428797;90
112.187;0.0115988;90
112.634;0.00215931;90
120.827;0.00308132;90
127.014;0.00501322;90
132.34;0.0093106;90
118.355;0.00163178;90
139.153;0.00336831;90
135.135;0.00451489;90
165.264;0.00337708;90
139.518;0.00756764;90
123.801;0.00142725;90
141.332;0.00321859;90
120.515;0.00864774;90
120.696;0.00410984;90
-123.878;0.0130169;90
-107.648;0.001105;90
-101.632;0.00579297;90
-77.708;0.00553796;90
-88.3539;0.00462991;90
-167.974;0.00472265;90
149.445;0.000841908;90
-175.784;0.00156423;90
-165.18;0.00542239;90
178.037;0.000846497;90
-151.117;0.00666626;90
-109.516;0.00154157;90
-136.145;0.0099821;90
131.424;0.00228983;90
126.85;0.0011322;90
127.447;0.00309856;90
139.876;0.00255412;90
139.166;0.00519824;90
120.753;0.00177571;90
113.894;0.00304167;90
114.319;0.00738425;90
147.518;0.00117123;90
-143.582;0.00195226;90
-105.081;0.00428147;90
-105.759;0.00876338;90
-106.663;0.00136011;90
-128.63;0.00325654;90
112.504;0.001484;90
-115.052;0.00226951;90
-114.014;0.00112541;90
-120.521;0.00151026;90
148.422;0.00332658;90
102.236;0.0014438;90
109.698;0.00121935;90
117.904;0.00210471;90
-163.846;0.00124724;90
55.3808;0.000906499;90
114.775;0.000844751;90
-35.9488;0.00069669;90
102.772;0.0022753;90
-69.3591;0.00798561;90
-55.7094;0.00171994;90
-0.713374;0.0012851;90
46.7809;0.00168373;90
64.0142;0.00265435;90
61.4187;0.000940625;90
-37.9504;0.000933366;90
-97.3078;0.00143869;90
-126.748;0.00245361;90
-124.651;0.00419995;90
-105.89;0.00551888;90
-99.9573;0.00595673;90
-89.3923;0.00678838;90
-89.063;0.00654287;90
-89.2167;0.00614457;90
-89.5803;0.00627917;90
-95.9673;0.00719499;90
-102.563;0.0066615;90
-103.271;0.00609886;90
-103.17;0.00571018;90
-103.013;0.00555568;90
-105.491;0.00545517;90
-117.91;0.00485808;90
-124.123;0.00422305;90
-138.643;0.00346121;90
-155.111;0.00273722;90
-133.329;0.00361414;90
-115.915;0.00433825;90
-109.602;0.00526407;90
-110.106;0.00535854;90
-115.035;0.00484192;90
-132.813;0.00363152;90
-130.753;0.00380975;90
-113.146;0.00504729;90
-96.4141;0.00658824;90
-85.0535;0.00663371;90
-101.367;0.0108172;90
-110.097;0.0048748;90
-110.085;0.00485421;90
-109.956;0.00544388;90
-119.634;0.00443512;90
-143.467;0.00329926;90
-127.899;0.00360918;90
-104.008;0.0049162;90
-97.135;0.00568402;90
-97.9214;0.00644348;90
-106.056;0.00566916;90
-116.701;0.0052901;90
-116.144;0.00523791;90
-105.58;0.0059797;90
-105.459;0.00652404;90
-118.991;0.00520979;90
-142.378;0.00395934;90
-148.424;0.00381949;90
-130.651;0.00464351;90
-111.897;0.00591255;90
-99.3733;0.0061339;90
-92.8927;0.00689579;90
-92.3133;0.00765524;90
-93.3865;0.00787175;90
-95.3218;0.00879792;90
-89.5257;0.00821428;90
-93.7543;0.00791098;90
-101.613;0.00799773;90
-102.024;0.00780015;90
-96.678;0.00777374;90
-88;0.00676212;90
-97.7337;0.00623471;90
-107.39;0.00599921;90
-103.992;0.00720889;90
-106.478;0.00651145;90
-123.952;0.00430258;90
-150.213;0.00319055;90
-138.153;0.00325266;90
-118.696;0.00442556;90
-105.715;0.00546425;90
-116.702;0.00469352;90
-149.922;0.00283933;90
-160.341;0.00304976;90
-177.505;0.00294079;90
-134.869;0.00247064;90
-97.1498;0.00459574;90
-92.3984;0.00573502;90
-86.6255;0.0058271;90
-81.1703;0.00635835;90
-78.2405;0.00767406;90
-81.843;0.00844342;90
-79.3816;0.00853108;90
-79.7387;0.00941966;90
-79.7902;0.00884608;90
-77.3426;0.00773088;90
-85.284;0.00858707;90
-94.3424;0.00812232;90
-100.602;0.00775032;90
-93.9295;0.00802587;90
-84.8991;0.00798563;90
-83.1595;0.00794254;90
-90.7828;0.00812476;90
-92.4314;0.00808528;90
-89.7607;0.00814207;90
-87.2434;0.00810938;90
-84.919;0.00796028;90
-82.4597;0.00794066;90
-82.4134;0.00797582;90
-81.2771;0.00787307;90
-79.7885;0.00774468;90
-77.674;0.0076309;90
-77.3712;0.00764291;90
-78.4682;0.00764839;90
-83.2872;0.00793037;90
-86.5556;0.00807258;90
-81.4078;0.00783797;90
-80.2629;0.00778109;90
-85.6708;0.00802791;90
-90.6996;0.0081086;90
-88.0577;0.00811366;90
-80.7495;0.00778221;90
-77.4446;0.0077237;90
-80.3729;0.00777347;90
-73.8397;0.00736189;90
-71.7297;0.00715468;90
-73.986;0.00734399;90
-75.1434;0.00745316;90
-77.2505;0.00765781;90
-80.4065;0.00782443;90
-75.1411;0.00748324;90
-76.6548;0.00752109;90
-83.0094;0.00792894;90
-84.8519;0.00794605;90
-83.3861;0.00795293;90
-81.9597;0.00793601;90
-83.9981;0.00802398;90
-88.2658;0.00819475;90
-86.1878;0.00803177;90
-79.1566;0.00770762;90
-84.1673;0.00802957;90
-83.2923;0.00793632;90
-78.559;0.00771327;90
-73.3884;0.0073247;90
-66.7738;0.00681861;90
-63.4074;0.00651859;90
-63.1828;0.00650344;90
-61.5442;0.00635702;90
-64.4418;0.00651557;90
-68.7606;0.00692863;90
-64.537;0.00697559;90
-43.5094;0.00562694;90
-41.0676;0.00546466;90
-47.2698;0.00590969;90
-53.8868;0.00628455;90
-63.8021;0.00711934;90
-67.7043;0.00749104;90
-67.3477;0.00747785;90
-60.8074;0.00685808;90
-45.5074;0.005749;90
-38.4505;0.00534383;90
-43.9753;0.00600995;90
-54.3667;0.00633888;90
-61.0366;0.00677541;90
-65.878;0.00725996;90
-67.6377;0.00753031;90
-65.6545;0.00727491;90
-61.3402;0.00686395;90
-62.8808;0.00702874;90
-66.3933;0.00739156;90
-68.9901;0.00760885;90
-70.2659;0.0077268;90
-70.0802;0.0077369;90
-68.9251;0.00758645;90
-55.218;0.00634581;90
-29.4724;0.00495524;90
-11.3562;0.00461128;90
-11.9402;0.00463529;90
-26.7785;0.00492296;90
-47.7684;0.00585602;90
-61.3577;0.00688446;90
-72.1643;0.00798266;90
-79.9591;0.00997986;90
-79.3297;0.00869535;90
-77.0409;0.00823166;90
-76.7254;0.00817442;90
-81.0626;0.00879276;90
-94.057;0.00869278;90
-106.834;0.00790056;90
-119.069;0.00690934;90
-119.43;0.00682586;90
-103.417;0.00816689;90
-91.4939;0.00893704;90
-83.5382;0.00874355;90
-78.4434;0.00870038;90
-69.2954;0.00740206;90
-71.5396;0.00781936;90
-76.7547;0.00827513;90
-78.955;0.00844034;90
-70.4773;0.00776226;90
-72.9489;0.00800068;90
-81.298;0.00857268;90
-90.7667;0.00881879;90
-90.567;0.00889244;90
-85.6869;0.008829;90
-77.4409;0.00842048;90
-74.8005;0.00813559;90
-79.4554;0.00839883;90
-91.2906;0.00879123;90
-100.386;0.00848705;90
-102.02;0.00836951;90
-102.12;0.00837774;90
-102.301;0.0083456;90
-101.938;0.00837309;90
-102.077;0.0083498;90
-97.278;0.00924347;90
-92.2053;0.0089136;90
-90.607;0.00830647;90
-88.3106;0.00932805;90
-82.3959;0.00440574;90
175.121;0.00111705;90
176.738;0.0024079;90
170.251;0.00282885;90
143.183;0.003279;90
137.002;0.003745;90
148.02;0.00352142;90
154.282;0.0033576;90
165.121;0.00293645;90
171.353;0.0031063;90
177.364;0.00319638;90
-175.51;0.00332119;90
-146.858;0.00385396;90
-145.98;0.00376065;90
-147.476;0.00415695;90
-145.419;0.00428142;90
-126.653;0.00190461;90
-76.3392;0.00329419;90
-84.0943;0.00426664;90
-77.1224;0.0043299;90
-82.9756;0.00374511;90
-99.3188;0.00459464;90
-98.1596;0.00357216;90
-99.4497;0.00373975;90
-99.5071;0.00379006;90
-101.335;0.0040194;90
-96.2144;0.00553352;90
-93.1895;0.00492463;90
-89.1938;0.00461946;90
-91.0278;0.00574192;90
-90.0789;0.00580601;90
-85.7964;0.00515687;90
-108.362;0.00423777;90
-146.267;0.00256965;90
-118.428;0.00320553;90
-93.5884;0.00535249;90
-92.2227;0.00492471;90
-91.9205;0.00319279;90
-92.3918;0.00409757;90
-88.2301;0.00492135;90
-85.6206;0.00614193;90
-92.2475;0.00525304;90
-82.8354;0.00520363;90
-88.2059;0.00597293;90
-92.904;0.00625704;90
-92.4972;0.00621991;90
-92.1722;0.00643763;90
-92.6849;0.0061908;90
-87.5764;0.00316883;90
-95.1445;0.00353524;90
-90.8581;0.0053416;90
-93.504;0.00543216;90
-87.5318;0.00513176;90
-84.4495;0.00512804;90
-74.951;0.00436366;90
-62.6061;0.00386433;90
-87.0669;0.00461204;90
-82.1368;0.00415911;90
-77.6067;0.00229242;90
-69.7124;0.00184869;90
60.0622;0.0014367;90
54.8041;0.00101323;90
13.6403;0.00063182;90
86.586;0.00134338;90
75.3136;0.000919027;90
21.5794;0.000766742;90
-13.4957;0.000745588;90
-24.9637;0.000976201;90
-42.1775;0.000761063;90
-43.4763;0.000983933;90
-81.1969;0.00107162;90
131.909;0.00350174;90
162.383;0.000908615;90
-136.031;0.000943433;90
-94.0684;0.00166319;90
-148.862;0.000734875;90
-125.853;0.00137442;90
-118.172;0.00111624;90
-69.3161;0.0025707;90
-62.3118;0.0026923;90
9.65521;0.00102553;90
-24.1478;0.00160111;90
-58.9365;0.00206982;90
-55.2489;0.00239644;90
-52.7293;0.00254466;90
-66.047;0.00245328;90
-90.4963;0.0026551;90
-62.3805;0.00109362;90
-109.155;0.0034987;90
-103.263;0.00357433;90
-16.2718;0.00216992;90
-40.0303;0.00424446;90
-10.7627;0.00371637;90
51.8599;0.0048722;90
28.8126;0.00407099;90
8.1;0.0037686;90
-36.7963;0.0040486;90
-19.8296;0.0014032;90
-38.7738;0.00400321;90
0.722117;0.00396732;90
23.745;0.00326324;90
7.22551;0.00268734;90
21.844;0.00249946;90
37.1292;0.00221002;90
36.9809;0.000826202;90
0.621742;0.00184311;90
-34.8358;0.00180314;90
-57.6927;0.00289638;90
-27.9438;0.00288089;90
13.9748;0.00294002;90
39.5373;0.00300826;90
49.5953;0.00331851;90
18.9856;0.00144776;90
3.7479;0.00195819;90
27.78;0.00137102;90
17.4113;0.00161081;90
64.8411;0.00180416;90
-175.546;0.00127485;90
-80.2565;0.00619841;90
-80.8048;0.00828547;90
-81.5791;0.00755242;90
-78.748;0.00698017;90
-70.1284;0.00631927;90
-67.4413;0.00547923;90
-67.7803;0.00526497;90
-71.9286;0.00647964;90
-83.3552;0.0073544;90
-92.5273;0.00725706;90
-93.9718;0.00710306;90
-86.4888;0.00746201;90
-86.0866;0.00732608;90
-79.3124;0.00621176;90
-71.5743;0.00393577;90
-38.8128;0.00198794;90
-50.9658;0.00451742;90
-27.6158;0.0039263;90
2.13338;0.00362651;90
-3.12155;0.00359934;90
-19.4071;0.00376492;90
-32.8555;0.0040367;90
-43.8438;0.00448538;90
-52.6179;0.0049446;90
-59.7904;0.00536803;90
-67.3861;0.00593208;90
-71.6147;0.00620471;90
-78.3422;0.00668592;90
-76.1588;0.00655432;90
-59.7278;0.00498703;90
-35.0384;0.00909905;90
-15.9346;0.00218184;90
-7.45797;0.00260403;90
-12.5083;0.00302889;90
-33.7198;0.00374145;90
-46.4694;0.00361238;90
-45;0.00304763;90
-40.6444;0.00302596;90
-25.306;0.00264591;90
-1.28542;0.00236259;90
4.55886;0.00288112;90
6.31932;0.00242574;90
3.12259;0.00227638;90
0.839619;0.00232025;90
-9.994;0.00237402;90
-11.1156;0.0023134;90
-12.3873;0.00272238;90
-9.17882;0.00332254;90
17.2395;0.00375887;90
40.0172;0.00429848;90
54.5052;0.00574205;90
54.7943;0.00557835;90
52.9291;0.00507463;90
30.9757;0.00411134;90
21.8463;0.00402829;90
-5.12692;0.00345783;90
-43.5864;0.00421352;90
-10.5237;0.00330153;90
27.8172;0.00368368;90
46.5297;0.00426467;90
37.9186;0.00403228;90
36.7099;0.00415382;90
43.8054;0.00383264;90
50.1267;0.00379041;90
36.3443;0.00357555;90
26.9419;0.00312743;90
56.234;0.00397443;90
53.0635;0.0046478;90
28.3889;0.00361129;90
28.2753;0.00365626;90
23.6732;0.00351913;90
19.957;0.00355977;90
8.02633;0.00320136;90
63.7003;0.00270388;90
62.1889;0.00390733;90
77.4123;0.00707096;90
76.5998;0.00760299;90
77.9753;0.00776641;90
80.3574;0.00742084;90
82.2192;0.00760804;90
82.5328;0.00730999;90
82.5549;0.00686084;90
82.1073;0.00730419;90
77.4477;0.00660282;90
66.294;0.00603416;90
60.3759;0.0054723;90
60.7286;0.0055691;90
65.9968;0.00628337;90
74.4603;0.00669265;90
93.2316;0.00331727;90
-76.1734;0.00212147;90
-33.3276;0.00153433;90
-44.4339;0.00143125;90
-58.0622;0.00197732;90
-47.6607;0.00123382;90
74.0125;0.00299171;90
87.7253;0.0031745;90
105.193;0.00330449;90
87.8953;0.00155205;90
65.0775;0.00219985;90
67.6965;0.00199203;90
68.9306;0.00219473;90
69.1945;0.00166668;90
98.3451;0.00912259;90
165.485;0.00124886;90
-18.1798;0.000923078;90
73.5037;0.0043;90
81.6177;0.00719587;90
79.7023;0.00793786;90
78.0095;0.00671961;90
85.8478;0.00716781;90
77.0684;0.00634082;90
67.6018;0.00570543;90
67.6541;0.00554976;90
75.6121;0.0063223;90
85.7856;0.00674925;90
87.3561;0.00578816;90
95.9;0.00448476;90
107.631;0.00128433;90
37.1693;0.00153102;90
44.876;0.00293945;90
42.4074;0.00314206;90
44.2192;0.00249066;90
53.4184;0.00206723;90
55.6556;0.00374003;90
68.7527;0.00274563;90
39.2877;0.00236571;90
47.2108;0.00381273;90
47.4171;0.00378922;90
40.1237;0.00262864;90
38.5431;0.00160969;90
38.1948;0.00325227;90
25.3495;0.00330968;90
19.5482;0.0030275;90
32.2818;0.00167015;90
11.4317;0.00193744;90
18.8666;0.00314814;90
18.1641;0.00314366;90
19.2601;0.00333781;90
17.8205;0.00353879;90
3.96185;0.0034302;90
-9.12458;0.00343041;90
-19.3285;0.00358931;90
-18.4452;0.00354302;90
-19.0109;0.0035549;90
-18.688;0.00350795;90
-19.1595;0.003376;90
-7.34215;0.00340391;90
9.15602;0.00230639;90
34.291;0.00679628;90
40.6313;0.00144812;90
30.4835;0.00227089;90
9.74027;0.00609993;90
-26.9657;0.00127906;90
-37.8555;0.00309286;90
-53.4424;0.00462367;90
-52.6034;0.00487381;90
-53.6504;0.00746571;90
-36.7407;0.00390341;90
-16.36;0.00328396;90
-16.0979;0.00165177;90
-29.014;0.00726357;90
-30.0815;0.00141452;90
-27.626;0.00277767;90
-28.0742;0.00589229;90
5.91364;0.00157237;90
12.6273;0.00655966;90
20.1418;0.000987385;90
18.5281;0.0029172;90
23.573;0.00715399;90
27.8973;0.00130801;90
12.3622;0.00257367;90
35.1714;0.00821841;90
7.38526;0.0013381;90
4.35322;0.00231869;90
-6.88498;0.00361205;90
-14.7482;0.00749493;90
-13.9805;0.00124591;90
-36.6501;0.00708965;90
-42.9709;0.00247643;90
-37.4938;0.00420585;90
-34.3565;0.00166921;90
-37.0182;0.00432841;90
-52.2025;0.00499125;90
-55.5524;0.00988063;90
-42.6145;0.00348269;90
-40.934;0.00440788;90
-38.5393;0.00438006;90
-33.7503;0.00395446;90
3.0181;0.00339972;90
28.6626;0.00386115;90
24.2597;0.00360209;90
25.7469;0.00372701;90
7.34772;0.00354209;90
-0.875211;0.00327338;90
0.98807;0.00318947;90
33.4925;0.00361889;90
38.7746;0.00374287;90
14.1864;0.00351726;90
8.39875;0.0033479;90
17.6023;0.00337293;90
19.6355;0.00336572;90
21.5367;0.00361757;90
45.1017;0.00438336;90
59.6838;0.00531131;90
59.7311;0.00494981;90
59.5787;0.00367727;90
78.2519;0.00243603;90
101.314;0.00569874;90
98.2588;0.00730273;90
92.8694;0.00777074;90
86.761;0.00810595;90
82.936;0.00722081;90
85.5351;0.00750177;90
90.0544;0.007372;90
88.5183;0.00603302;90
91.7775;0.00344966;90
51.1606;0.00159454;90
-10.2387;0.00279044;90
-13.6973;0.00323912;90
-9.17035;0.00341971;90
-12.258;0.00357961;90
-9.41055;0.00363897;90
-13.9297;0.00365138;90
-11.6977;0.00185452;90
-9.15074;0.00157201;90
-28.7849;0.00262085;90
-43.6565;0.00217141;90
-70.9177;0.00148352;90
-77.5493;0.00302412;90
-76.7656;0.00213161;90
-81.2298;0.00235453;90
-74.3468;0.00201991;90
-78.2015;0.00170196;90
-80.694;0.0025911;90
-75.3791;0.00299499;90
-79.0239;0.00296219;90
-78.9144;0.00325575;90
-78.9504;0.00332361;90
-77.0269;0.0015947;90
-79.1619;0.00219108;90
-83.0256;0.00226476;90
-76.2022;0.00407973;90
-61.1276;0.00391003;90
-51.272;0.00367633;90
-19.1532;0.00254805;90
34.0972;0.00257582;90
5.18407;0.00200319;90
-64.5163;0.00327016;90
-72.8817;0.00378466;90
-73.6848;0.00412928;90
-72.646;0.00474394;90
-73.2663;0.00478252;90
-63.3126;0.00418816;90
-53.5716;0.00397092;90
-64.3227;0.00456034;90
-74.927;0.00469141;90
-75.6997;0.0047894;90
-76.2399;0.00472974;90
-70.9425;0.00462763;90
-68.6376;0.00424141;90
-63.0988;0.00343019;90
-45.8405;0.00241008;90
-33.5164;0.0027455;90
-31.2174;0.00286714;90
-55.2677;0.00390352;90
-55.3381;0.00381023;90
-40.7041;0.00356819;90
-42.3564;0.00354142;90
-57.3546;0.00390962;90
-52.2692;0.00383363;90
-52.4297;0.0040411;90
-52.2357;0.0040871;90
-59.5938;0.00421238;90
-66.6527;0.0041988;90
-87.9205;0.00545659;90
-91.5144;0.00563797;90
-88.2274;0.00578677;90
-99.0432;0.00552872;90
-99.7447;0.0016011;90
-49.4064;0.00321198;90
-56.5589;0.00529688;90
-64.15;0.00591262;90
-69.3467;0.00641316;90
-70.193;0.006643;90
-70.8089;0.00661353;90
-70.4561;0.00676475;90
-70.7269;0.00687426;90
-70.1439;0.00678327;90
-64.9509;0.00611958;90
-75.9024;0.00679464;90
-75.7642;0.00654705;90
-75.8304;0.00698141;90
-74.4681;0.00673702;90
-63.1196;0.00593193;90
-61.52;0.0066247;90
-62.8212;0.0059286;90
-61.1391;0.00600598;90
-62.9021;0.00615571;90
-60.1729;0.00570585;90
-26.9007;0.00396954;90
-8.76772;0.00404122;90
0.71807;0.00375029;90
-2.19214;0.00379077;90
-28.0427;0.00395424;90
-23.7489;0.00356815;90
-26.2886;0.0035223;90
-29.6676;0.00349518;90
-28.2013;0.00397825;90
-23.4005;0.00335385;90
-36.6553;0.00373703;90
-52.9843;0.00416421;90
-44.1227;0.00360242;90
-38.2094;0.00363599;90
-38.746;0.00353109;90
-32.9098;0.00313629;90
0.867454;0.00290633;90
30.9264;0.00315798;90
22.1271;0.00290711;90
-18.0238;0.00326102;90
-42.4313;0.00391282;90
-56.1376;0.00470388;90
-62.8315;0.00556275;90
-62.8823;0.00584222;90
-52.6265;0.00486979;90
-31.9549;0.00421349;90
-30.9857;0.00448503;90
-38.2456;0.00429864;90
-47.2015;0.00436253;90
-51.8088;0.00483108;90
-56.2998;0.00469498;90
-61.4535;0.00500552;90
-60.3955;0.00531366;90
-63.5465;0.00643139;90
-68.8703;0.00611407;90
-73.1229;0.00638605;90
-74.9265;0.00633704;90
-74.388;0.00613847;90
-74.2501;0.0064803;90
-74.9625;0.00473308;90
-70.1537;0.00522535;90
-67.3991;0.00581562;90
-72.8456;0.00766917;90
-83.0759;0.0087347;90
-72.573;0.00656116;90
-78.8288;0.00696803;90
-88.4351;0.00739676;90
-87.4009;0.0075858;90
-78.3319;0.00699658;90
-66.3075;0.00655007;90
-61.2368;0.00601632;90
-60.5906;0.0057408;90
-60.1711;0.00558492;90
-53.4242;0.00490866;90
-49.9129;0.0045081;90
-59.2544;0.00499973;90
-58.024;0.00516463;90
-56.7146;0.00412347;90
-57.2931;0.00389568;90
-59.9828;0.00370608;90
-57.5531;0.00397564;90
-56.9213;0.0043405;90
-62.0972;0.00480796;90
-67.4653;0.00465762;90
-67.9896;0.00504036;90
-60.8089;0.00440207;90
-67.975;0.00485318;90
-72.4034;0.00542484;90
-69.0562;0.00496289;90
-68.9185;0.00533508;90
-70.3376;0.00625895;90
-72.9595;0.00765403;90
-68.08;0.00619054;90
-67.1028;0.00603992;90
-53.3778;0.00495025;90
-32.1866;0.00392169;90
-44.8906;0.00481328;90
-61.1172;0.0054739;90
-57.2697;0.0048679;90
-44.3199;0.0041107;90
-35.321;0.00439501;90
-35.0389;0.00460695;90
-40.028;0.00474841;90
-50.5622;0.00502645;90
-46.7185;0.00485718;90
-33.9647;0.0042815;90
-12.1083;0.00382817;90
-8.2438;0.0039195;90
-48.4075;0.00475876;90
-53.126;0.0055678;90
-48.4021;0.00453985;90
-34.9764;0.0042129;90
-31.1939;0.00418391;90
-32.5955;0.00406531;90
-41.6871;0.00337713;90
-55.3546;0.00211259;90
-59.7267;0.00415571;90
-51.4747;0.00392544;90
-42.1863;0.00357237;90
-40.0221;0.00342258;90
-42.3098;0.00266661;90
-62.024;0.00272436;90
-64.6713;0.00530608;90
-68.7254;0.00615977;90
-69.0255;0.00620194;90
-70.1289;0.00651064;90
-69.9348;0.00620247;90
-70.9786;0.00624077;90
-70.3871;0.00630691;90
-72.3448;0.00638997;90
-78.8146;0.00721709;90
-78.2702;0.00765383;90
-78.2151;0.00719261;90
-81.06;0.00721363;90
-81.9138;0.00737937;90
-81.043;0.00725143;90
-76.6522;0.00736804;90
-81.6546;0.00722753;90
-86.3672;0.007465;90
-83.1341;0.00737791;90
-81.3276;0.00708298;90
-81.3076;0.00729175;90
-81.3152;0.00674838;90
-70.9173;0.00576267;90
-66.0074;0.00560969;90
-80.4791;0.00659586;90
-94.5064;0.00771284;90
-92.7599;0.00706119;90
-85.0508;0.00664176;90
-82.1181;0.00692038;90
-82.372;0.00647127;90
-81.3467;0.00473894;90
-73.054;0.00244622;90
-72.0173;0.00380592;90
-64.762;0.00488533;90
-66.6399;0.00503142;90
-65.939;0.00230311;90
-70.7331;0.0037458;90
-78.7745;0.00452558;90
-75.5175;0.00439051;90
-61.3223;0.00380927;90
-0.760962;0.00286125;90
-28.3904;0.00359429;90
-64.1051;0.00546801;90
-84.7032;0.00673777;90
-83.5575;0.00686234;90
-74.8063;0.00711987;90
-64.4536;0.00628882;90
-64.9281;0.00623001;90
-63.9339;0.00606042;90
-64.1922;0.00615822;90
-64.3364;0.00613966;90
-65.168;0.00619585;90
-73.0053;0.00663054;90
-76.2842;0.00672271;90
-77.162;0.012363;90
-75.8613;0.0108528;90
-78.1173;0.0029819;90
-79.6943;0.0117496;90
-80.1527;0.00252013;90
-76.4408;0.0102836;90
-63.7345;0.00239531;90
-51.4666;0.00743373;90
-43.981;0.00397598;90
-48.2014;0.00686257;90
-59.6839;0.00235157;90
-67.3698;0.011053;90
-78.1382;0.00252492;90
-80.0392;0.0113369;90
-84.1539;0.00235625;90
-65.2876;0.120611;90
-51.8736;0.00677683;90
-55.456;0.00930447;90
-50.3418;0.00134439;90
-63.3282;0.00192034;90
-49.2927;0.00375041;90
-60.2218;0.00469149;90
-23.7578;0.00278501;90
78.0756;0.00800984;90
73.8085;0.00236688;90
74.7202;0.0107842;90
72.4452;0.00275846;90
79.2064;0.0127088;90
81.5935;0.00287287;90
81.6639;0.0120776;90
73.751;0.00266964;90
67.1852;0.0101534;90
57.131;0.00210974;90
54.9039;0.00816071;90
59.6745;0.00447999;90
63.9998;0.00403764;90
65.9832;0.011135;90
66.48;0.00212996;90
67.169;0.00931152;90
55.429;0.00358989;90
35.3054;0.00404371;90
3.50329;0.00474587;90
6.0113;0.00130819;90
10.8801;0.00562104;90
13.3448;0.00144707;90
46.4708;0.00732804;90
59.4529;0.00181605;90
44.7007;0.00730876;90
39.6819;0.00130457;90
51.0366;0.00730888;90
59.5926;0.00174851;90
54.798;0.00827291;90
52.6586;0.00196847;90
45.3902;0.00716386;90
49.5085;0.00350821;90
50.2381;0.00621952;90
50.421;0.00158677;90
51.7294;0.00859897;90
49.2831;0.00134443;90
40.184;0.00688111;90
52.4748;0.00160891;90
58.3221;0.00804923;90
14.9683;0.00140156;90
16.3093;0.00564412;90
25.7068;0.00119419;90
36.5385;0.00352726;90
45.2783;0.00101895;90
-19.2604;0.00401683;90
-75.3224;0.00424658;90
-88.9336;0.00779135;90
-91.4486;0.00181958;90
-75.1031;0.0031002;90
-42.4385;0.00107588;90
-56.6894;0.00113078;90
-56.0497;0.00299208;90
-58.9314;0.00506333;90
-55.0538;0.00112603;90
-42.3681;0.00187864;90
-48.833;0.0028454;90
-40.958;0.00198625;90
83.2806;0.00140163;90
128.83;0.000894723;90
137.482;0.00916068;90
118.041;0.00147629;90
120.504;0.0036978;90
150.642;0.00200097;90
125.901;0.00122958;90
84.3446;0.00279058;90
92.1377;0.00562992;90
91.5279;0.00213776;90
89.346;0.00131409;90
106.733;0.00243824;90
121.498;0.00332842;90
-179.3;0.00253719;90
-129.304;0.00295687;90
92.3609;0.00276735;90
84.7466;0.0031673;90
-15.8314;0.00165685;90
82.8762;0.00603156;90
76.2793;0.00118893;90
116.74;0.00424721;90
98.3086;0.00113491;90
108.033;0.00432547;90
110.158;0.00212411;90
108.903;0.00123776;90
127.439;0.00650752;90
131.231;0.00190411;90
149.016;0.00693678;90
-153.61;0.00146016;90
130.86;0.00137112;90
99.6027;0.00315318;90
90.8371;0.00759781;90
82.2178;0.00121115;90
82.5686;0.00141488;90
-93.4594;0.00372879;90
-92.9888;0.00138088;90
-88.373;0.00683275;90
-58.0522;0.0029557;90
4.51699;0.00100312;90
-24.55;0.00657542;90
-47.5734;0.000881944;90
-46.7516;0.000925328;90
-42.7141;0.00482206;90
-68.7633;0.00107393;90
-88.2563;0.0015117;90
-66.8179;0.00455476;90
-83.8546;0.00142921;90
-70.9988;0.00275195;90
-57.8195;0.00176872;90
-57.6827;0.00128505;90
-96.814;0.00459345;90
-91.3485;0.00310186;90
-175.724;0.0010058;90
-146.503;0.00107085;90
-97.0217;0.0030267;90
-32.0012;0.0014398;90
25.9404;0.00287128;90
-40.4511;0.00264797;90
-71.2701;0.00178133;90
-69.3692;0.00215414;90
-93.5411;0.00111713;90
-91.0603;0.00162128;90
-88.0138;0.00473184;90
-90.6081;0.00471127;90
-43.6301;0.00130145;90
-44.53;0.00249971;90
-55.8955;0.00337433;90
-62.6678;0.00337363;90
-49.5435;0.00356158;90
-46.5229;0.00329911;90
-28.9581;0.00149947;90
104.318;0.00143146;90
-22.4859;0.00509863;90
85.5369;0.00348256;90
85.4236;0.00185491;90
141.258;0.00184879;90
84.9618;0.00195857;90
94.5882;0.00176265;90
97.2915;0.00183585;90
94.7187;0.00148303;90
-87.4939;0.00331617;90
-44.4305;0.000711385;90
-89.702;0.00423006;90
-3.46125;0.000496906;90
-87.0562;0.00453699;90
-97.2407;0.00190419;90
161.561;0.00451162;90
99.7199;0.00230408;90
26.4159;0.00549806;90
85.2833;0.00395238;90
87.5762;0.00151335;90
103.629;0.0123662;90
27.2753;0.00371618;90
54.7229;0.000971375;90
-27.5583;0.00526315;90
39.2131;0.000792463;90
70.259;0.00800549;90
86.4134;0.00244579;90
108.925;0.00417468;90
105.004;0.0118044;90
102.006;0.00230748;90
122.921;0.00805913;90
152.923;0.000500899;90
91.8853;0.00151982;90
89.6427;0.00433008;90
131.506;0.00138072;90
97.8252;0.00146161;90
19.9831;0.000491597;90
-80.4737;0.00912382;90
-49.9979;0.00362001;90
-64.0636;0.00472823;90
-77.3736;0.00598371;90
-71.7956;0.00597296;90
-79.4023;0.00560053;90
-98.3132;0.00902584;90
-125.885;0.00115157;90
-118.02;0.00197329;90
117.405;0.00344794;90
143.577;0.00305349;90
-131.966;0.00390163;90
-158.661;0.00202266;90
-64.1399;0.00301713;90
-75.3815;0.00403358;90
-87.392;0.00905438;90
-87.8825;0.0017592;90
-95.532;0.00331946;90
-99.8592;0.00405894;90
-177.561;0.00211492;90
139.083;0.00124129;90
118.228;0.00203389;90
101.531;0.00122064;90
102.536;0.000879978;90
157.347;0.00395946;90
127.336;0.00368512;90
119.537;0.00249299;90
118.887;0.00099363;90
122.588;0.00245084;90
130.233;0.00185479;90
166.023;0.00116344;90
96.3738;0.00319777;90
90.111;0.00412801;90
90.8273;0.00526355;90
104.505;0.0026949;90
119.871;0.00247363;90
150.599;0.0022509;90
-144.932;0.00245581;90
-121.27;0.00160285;90
-159.594;0.00205923;90
-161.667;0.00442878;90
-165.105;0.00132658;90
-155.746;0.00339353;90
-119.749;0.00510477;90
-125.892;0.00441784;90
-143.205;0.0039586;90
-130.381;0.00459202;90
-127.53;0.00438949;90
-132.184;0.00480706;90
-129.172;0.00477005;90
-129.839;0.00525886;90
-128.07;0.005462;90
-133.126;0.00521204;90
-126.436;0.00540816;90
-124.408;0.00597431;90
-135.971;0.00567747;90
-135.701;0.00514317;90
-120.674;0.0060785;90
-138.598;0.00502471;90
-172.935;0.00417873;90
178.824;0.00672642;90
-159.675;0.00177342;90
-143.756;0.00492369;90
-117.308;0.00617073;90
-112.708;0.0068077;90
-113.203;0.00671842;90
-114.242;0.00677325;90
-117.842;0.00628223;90
-124.117;0.00588359;90
-125.727;0.00620464;90
-112.048;0.0071952;90
-105.594;0.00725401;90
-99.8916;0.00741625;90
-97.125;0.00747371;90
-100.053;0.00718939;90
-104.322;0.00652065;90
-106.839;0.00574429;90
-105.136;0.00544593;90
-102.946;0.00490569;90
-100.337;0.00270287;90
-109.237;0.00142348;90
-92.5314;0.00190186;90
-112.586;0.00300985;90
-108.987;0.00413708;90
-115.517;0.00305498;90
-93.8191;0.00303273;90
-66.4436;0.005172;90
-64.7259;0.00680877;90
-60.9;0.000980805;90
-28.8596;0.00077072;90
-105.079;0.00351711;90
-108.938;0.00273927;90
-79.7361;0.00250306;90
-85.5129;0.00268423;90
-96.4706;0.00291054;90
-59.8251;0.00166918;90
99.9192;0.00927667;90
75.7595;0.00156509;90
63.1527;0.00254199;90
95.2672;0.00299565;90
114.643;0.00395962;90
114.713;0.0048557;90
115.389;0.00320228;90
107.937;0.00109103;90
88.2957;0.00154668;90
101.718;0.000881368;90
66.2152;0.0051723;90
69.2113;0.00224838;90
67.0996;0.000832625;90
75.3502;0.00158555;90
76.9564;0.00131595;90
73.8832;0.00431561;90
77.0369;0.00722616;90
75.1271;0.00719195;90
74.1456;0.00717806;90
78.4365;0.00797691;90
82.7333;0.00862528;90
80.1197;0.00951106;90
72.157;0.00847884;90
61.3961;0.00696395;90
54.2965;0.00642573;90
59.8754;0.00703751;90
65.8592;0.00753827;90
65.1844;0.0073243;90
66.9544;0.00831238;90
51.0224;0.0101094;90
12.5987;0.00177883;90
0.366304;0.00453609;90
10.8948;0.00441253;90
20.5962;0.00451135;90
55.2642;0.00597234;90
43.619;0.0103862;90
51.3622;0.00243756;90
56.2786;0.00406013;90
56.1968;0.00604125;90
53.0976;0.0063402;90
45.2815;0.00575733;90
48.8289;0.00619465;90
49.3367;0.00601277;90
52.2256;0.00619537;90
49.4215;0.00572339;90
52.3016;0.0110106;90
55.921;0.00237001;90
20.6149;0.00273514;90
12.6104;0.00373305;90
28.5753;0.00455141;90
42.3278;0.000712832;90
34.5658;0.00288533;90
-22.7158;0.00261808;90
-44.1421;0.000850038;90
-40.5601;0.00060285;90
-88.8076;0.00110524;90
-77.7013;0.00372755;90
-91.2514;0.00123629;90
-90.0358;0.006395;90
-87.9181;0.00313807;90
-39.4573;0.001369;90
-35.9436;0.000754699;90
-53.1246;0.0020914;90
-59.0504;0.00556307;90
-59.9835;0.00115143;90
-53.0227;0.0018138;90
-45.6996;0.00220068;90
-50.4472;0.00223465;90
-47.2529;0.00223052;90
-50.7337;0.00227199;90
-34.3477;0.00190885;90
61.432;0.00129234;90
67.0792;0.0019771;90
84.6949;0.00379626;90
81.765;0.00378402;90
65.9546;0.00140382;90
-100.44;0.010629;90
-119.573;0.000911783;90
-112.336;0.00113409;90
128.626;0.00210819;90
129.935;0.00283526;90
78.9288;0.00127065;90
133.127;0.000713852;90
-55.9262;0.00662549;90
-38.3792;0.0014351;90
-49.7931;0.00137092;90
134.556;0.00219068;90
85.4254;0.00319719;90
86.5916;0.012447;90
91.1539;0.00168834;90
107.562;0.00840789;90
52.8762;0.00230142;90
22.2991;0.000577163;90
37.1677;0.000923612;90
42.3473;0.00381964;90
-14.9586;0.00081357;90
-47.7834;0.0042519;90
55.0104;0.00196886;90
96.2538;0.0177909;90
94.9186;0.00208769;90
111.592;0.0131143;90
135.439;0.00110736;90
97.5034;0.00157751;90
83.7427;0.001679;90
-136.51;0.00284497;90
146.598;0.00468839;90
147.909;0.00163007;90
154.926;0.000601706;90
131.758;0.00260066;90
-122.684;0.00469071;90
-111.443;0.00109692;90
-113.778;0.00132442;90
-128.101;0.00235474;90
-107.044;0.00135449;90
-86.127;0.00265005;90
-81.3375;0.000989285;90
-101.582;0.00095137;90
-110.765;0.00850977;90
127.244;0.0105632;90
109.732;0.000838218;90
124.454;0.00961575;90
150.248;0.00699854;90
123.507;0.00626038;90
89.559;0.00142904;90
84.9744;0.0109702;90
81.7005;0.00100452;90
-101.102;0.000971174;90
-99.1372;0.00617131;90
-89.7166;0.00303304;90
-83.3494;0.00695077;90
-23.7409;0.00903127;90
-43.5461;0.00111476;90
-53.3976;0.00702548;90
-69.457;0.00205466;90
-73.854;0.00533649;90
-70.0828;0.00103916;90
-65.0722;0.00345927;90
-47.1006;0.000733055;90
51.1515;0.00924491;90
94.5337;0.0054019;90
50.6562;0.00111204;90
-17.0684;0.000490609;90
56.6878;0.00172432;90
66.0892;0.00517624;90
65.8591;0.00117364;90
16.6656;0.00179228;90
-45.0904;0.000896613;90
-20.3801;0.00125773;90
-42.762;0.0041829;90
-33.1807;0.000842346;90
-32.5031;0.000963998;90
-26.1818;0.00173836;90
60.4662;0.00134703;90
88.7078;0.0011973;90
91.8224;0.00264134;90
111.635;0.00108762;90
179.776;0.000511004;90
-57.9389;0.00185373;90
-88.3616;0.00174871;90
-89.7388;0.00241303;90
-62.8366;0.00171292;90
-58.4857;0.00704977;90
-72.1441;0.00431799;90
-75.214;0.00556012;90
-74.197;0.00204531;90
-79.1781;0.0101994;90
-100.819;0.00199242;90
-107.527;0.00301498;90
-127.139;0.00290023;90
167.905;0.000830434;90
115.83;0.00380073;90
-148.28;0.00462366;90
-136.585;0.000945764;90
-176.676;0.00127615;90
-95.1909;0.00147003;90
-60.4985;0.00254038;90
-75.7848;0.00333925;90
-86.3958;0.00243381;90
-86.4896;0.00374002;90
-91.2904;0.00830411;90
-93.6387;0.00126054;90
-110.155;0.00197067;90
-110.29;0.00224639;90
-28.4465;0.000585718;90
-42.9624;0.0012927;90
-56.1917;0.00134432;90
133.297;0.000761183;90
124.609;0.000968354;90
144.383;0.00108866;90
135.644;0.0036489;90
113.092;0.000915339;90
114.811;0.00100804;90
98.7612;0.00115548;90
111.272;0.000945415;90
-60.7873;0.00665091;90
58.4691;0.00259867;90
77.2419;0.00170715;90
83.906;0.00388093;90
79.6004;0.00183921;90
49.0555;0.000959826;90
91.5766;0.00163562;90
-139.177;0.00129107;90
88.5491;0.00106634;90
91.2007;0.00348376;90
93.0445;0.00408577;90
106.604;0.00379003;90
120.173;0.00267203;90
118.405;0.00100272;90
146.324;0.00441486;90
148.926;0.0012516;90
163.95;0.00285738;90
172.569;0.000811819;90
-173.09;0.00208615;90
-145.677;0.00173271;90
-175.085;0.000723661;90
178.543;0.000511165;90
122.91;0.00185343;90
109.334;0.00241944;90
129.545;0.00264809;90
-156.991;0.00404479;90
-148.875;0.00115882;90
-154.813;0.0027704;90
-158.191;0.00141314;90
-153.742;0.00733709;90
-122.029;0.00208544;90
-113.581;0.00355704;90
-132.2;0.00899028;90
-115.319;0.00100781;90
125.521;0.000807224;90
84.4641;0.00264333;90
31.3667;0.00643787;90
53.1519;0.0020994;90
60.4505;0.00683733;90
22.9765;0.00430124;90
23.908;0.00661783;90
16.6351;0.000855818;90
37.2691;0.00223925;90
-25.1742;0.00316899;90
-66.6291;0.00178985;90
-72.7736;0.00200913;90
-76.0273;0.00131285;90
-93.4117;0.00334393;90
-87.11;0.00394702;90
-93.2031;0.00382998;90
-43.6457;0.00119676;90
-94.3069;0.00330233;90
-67.0772;0.00240057;90
-60.1034;0.00547913;90
125.154;0.00231164;90
119.019;0.00236032;90
119.207;0.00241618;90
90.1023;0.00392201;90
100.089;0.0026774;90
88.0875;0.00113863;90
91.4653;0.00254183;90
92.5276;0.00346938;90
91.2438;0.00244158;90
100.394;0.00236684;90
112.708;0.00255939;90
144.867;0.00253356;90
-149.096;0.00277845;90
-123.858;0.00132102;90
-159.724;0.00210653;90
-154.798;0.00306473;90
-167.025;0.00323355;90
-150.686;0.0034784;90
-120.809;0.00884061;90
-146.214;0.00381412;90
-131.488;0.00241223;90
-127.53;0.012118;90
-132.916;0.00561885;90
-126.957;0.00566021;90
-131.595;0.00546498;90
-132.082;0.00555516;90
-123.094;0.00584048;90
-128.153;0.00602651;90
-137.924;0.00494841;90
-133.551;0.00506097;90
-119.898;0.00598445;90
-151.906;0.00461018;90
-173.141;0.00406107;90
177.715;0.00408825;90
-151.65;0.00874369;90
-121.146;0.00253665;90
-112.681;0.00544077;90
-113.548;0.0118291;90
-114.492;0.0032395;90
-115.169;0.00629685;90
-123.478;0.0114447;90
-125.133;0.00256658;90
-115.182;0.00550412;90
-107.197;0.00846233;90
-99.5213;0.00846359;90
-97.9241;0.0084941;90
-100.709;0.00807258;90
-105.216;0.00739527;90
-106.404;0.00655066;90
-102.973;0.00616947;90
-102.959;0.00372795;90
-101.064;0.00137047;90
-95.9832;0.00186114;90
-114.315;0.00313291;90
-110.829;0.00383033;90
-110.653;0.00290894;90
-89.8791;0.00379101;90
-65.3593;0.004821;90
-64.2772;0.00355976;90
-64.448;0.00197297;90
-63.035;0.00134525;90
-72.3748;0.00179003;90
-104.977;0.00336636;90
-111.64;0.00197414;90
-74.4429;0.00204699;90
-87.1965;0.00310772;90
-96.6524;0.00279683;90
-63.0546;0.00141457;90
-7.35717;0.000765301;90
103.705;0.00452482;90
93.7109;0.00217857;90
96.9718;0.00125226;90
129.545;0.00160675;90
62.5769;0.00340457;90
88.344;0.00328737;90
113.111;0.0037706;90
115.964;0.00400636;90
115.1;0.00383074;90
109.293;0.00171004;90
97.4292;0.00112141;90
86.8849;0.00161939;90
65.7536;0.00307308;90
69.084;0.00406164;90
65.0835;0.00110373;90
80.9597;0.00162924;90
72.434;0.00362818;90
76.7144;0.00610951;90
76.8053;0.00701828;90
73.1067;0.00695826;90
77.396;0.0109068;90
81.79;0.00355039;90
78.7403;0.0214896;90
65.3559;0.0062305;90
58.905;0.020962;90
66.0876;0.00545962;90
64.7155;0.0188709;90
39.4178;0.0031403;90
14.5182;0.00328696;90
2.58404;0.00337143;90
6.67325;0.00347655;90
11.3694;0.00359148;90
36.6379;0.00405023;90
54.1923;0.00774613;90
42.515;0.00463166;90
43.0735;0.00155651;90
49.1521;0.00408224;90
54.7375;0.00459881;90
56.4144;0.00441265;90
54.1163;0.00498514;90
48.5189;0.00471185;90
44.505;0.00458364;90
50.2469;0.00461624;90
49.2374;0.00454569;90
51.7937;0.00465647;90
50.6953;0.00448185;90
50.1522;0.00433866;90
34.3174;0.00387565;90
58.99;0.00488754;90
59.0946;0.00471553;90
19.7305;0.00346864;90
13.3893;0.00328632;90
24.9173;0.002675;90
36.7681;0.0021384;90
38.2157;0.000826028;90
28.6157;0.00262459;90
-39.7561;0.00266919;90
-23.6574;0.000819904;90
-82.7833;0.00240404;90
-70.3195;0.00173112;90
-94.9314;0.00181472;90
-89.0549;0.00206128;90
-87.6615;0.00196063;90
-89.6769;0.00212803;90
-91.3524;0.00224563;90
-87.1396;0.0014428;90
-46.5142;0.00109711;90
-95.983;0.00288773;90
-71.7483;0.00257031;90
-60.8863;0.00263491;90
-61.1847;0.00337146;90
-48.7947;0.00111118;90
68.8937;0.00316857;90
-28.1989;0.000799943;90
-44.232;0.00395662;90
-48.8558;0.00141955;90
-45.7021;0.00634747;90
32.2128;0.00052714;90
45.1692;0.00287369;90
-17.1437;0.00092615;90
24.1657;0.00429433;90
42.9273;0.00111442;90
76.3178;0.00208003;90
101.223;0.0044083;90
176.545;0.000680237;90
-141.155;0.00154332;90
-120.824;0.00119826;90
-139.343;0.000775093;90
5.74292;0.00352771;90
-86.8101;0.00377385;90
-136.689;0.00275821;90
-145.665;0.00234209;90
169.601;0.00213303;90
-129.953;0.00327955;90
147.961;0.000548549;90
132.65;0.00136233;90
125.877;0.00337171;90
90.5663;0.00121406;90
116.231;0.000843906;90
154.3;0.00367115;90
125.774;0.00378389;90
128.509;0.00124471;90
119.684;0.00267159;90
125.503;0.00272578;90
140.658;0.00216581;90
-168.65;0.00056403;90
96.0649;0.00144811;90
87.6039;0.00165044;90
90.2903;0.00296004;90
90.672;0.00426329;90
89.8314;0.00271801;90
110.776;0.00320543;90
134.044;0.00322061;90
-149.397;0.00302307;90
-140.639;0.00191421;90
-154.125;0.00345095;90
-164.318;0.00391056;90
-148.248;0.00448648;90
-116.336;0.0066045;90
-145.041;0.00469641;90
-128.833;0.0085112;90
-130.672;0.0027266;90
-128.636;0.00553043;90
-130.745;0.00583274;90
-127.649;0.00610656;90
-136.358;0.00555093;90
-127.005;0.00559742;90
-121.359;0.00634714;90
-134.175;0.00555066;90
-130.239;0.0110251;90
-119.407;0.00285942;90
-148.028;0.00292347;90
-175.809;0.00878549;90
-172.608;0.0015156;90
-177.368;0.00287503;90
-140.199;0.00502558;90
-116.737;0.00700384;90
-113.022;0.00782196;90
-114.067;0.00795231;90
-114.091;0.00735458;90
-123.241;0.0101319;90
-126.535;0.00301185;90
-115.768;0.00684348;90
-106.965;0.00864313;90
-98.7635;0.00881491;90
-98.0506;0.0083614;90
-101.423;0.00747302;90
-105.495;0.00689874;90
-105.611;0.00647694;90
-104.073;0.00644854;90
-101.754;0.00561576;90
-99.2198;0.00209709;90
-113.738;0.00379072;90
-111.897;0.00432504;90
-104.503;0.00124983;90
-84.6483;0.00392411;90
-65.6336;0.00550209;90
-63.49;0.00465773;90
-54.0496;0.00196905;90
-106.845;0.00626689;90
-73.1251;0.00140552;90
-83.8305;0.00244717;90
-88.2425;0.00198894;90
-97.6416;0.00177476;90
-74.5174;0.00170072;90
13.2178;0.000865941;90
112.047;0.00294645;90
91.8145;0.00217909;90
95.7756;0.00254391;90
128.411;0.00158377;90
111.321;0.00117438;90
117.568;0.00155788;90
117.738;0.00131061;90
-150.243;0.000602437;90
141.369;0.000624695;90
5.38802;0.00083067;90
-69.21;0.00197778;90
-25.4664;0.000816315;90
-68.3288;0.000980288;90
32.0244;0.000639285;90
77.4636;0.00576341;90
106.556;0.00141778;90
117.328;0.00597486;90
115.525;0.00182404;90
109.802;0.00464038;90
88.3139;0.00118952;90
72.0709;0.00261499;90
69.886;0.00441422;90
72.1525;0.00354668;90
70.4025;0.00349124;90
78.0082;0.00660821;90
76.9097;0.00722782;90
72.5238;0.00786189;90
77.018;0.00883173;90
83.4045;0.00939417;90
79.7977;0.00939454;90
72.6921;0.00860148;90
61.7304;0.00721675;90
55.5906;0.006075;90
57.8509;0.0060437;90
63.8932;0.0064857;90
66.3124;0.00636964;90
66.9291;0.0104856;90
66.937;0.00277478;90
54.4877;0.00576542;90
26.5145;0.00405891;90
1.97646;0.00388531;90
4.38666;0.00401376;90
11.2096;0.00403294;90
44.751;0.00504384;90
50.349;0.0104904;90
38.9936;0.00163532;90
42.8698;0.00331013;90
56.4234;0.00518036;90
57.9845;0.00540981;90
53.4554;0.00531869;90
46.1832;0.004931;90
45.907;0.00536054;90
50.3882;0.00530127;90
49.8063;0.00584002;90
52.2647;0.00597208;90
46.0628;0.00529926;90
53.5887;0.00892049;90
43.9512;0.00451988;90
13.7766;0.0023012;90
16.7533;0.00284475;90
24.518;0.00275436;90
48.1861;0.0014249;90
27.1758;0.00155237;90
19.2645;0.00286121;90
-36.122;0.0023138;90
-75.5812;0.00323283;90
-66.9341;0.00130427;90
-91.7869;0.00355973;90
-88.535;0.00465452;90
-91.0925;0.00419576;90
-17.4124;0.00134671;90
-52.7969;0.00281985;90
-56.9202;0.00330703;90
-59.4626;0.00364102;90
-49.9027;0.00256487;90
-46.991;0.00451831;90
-39.8166;0.00066528;90
81.1079;0.00155266;90
114.501;0.00124182;90
-57.1571;0.00680941;90
64.9749;0.000848671;90
65.9272;0.00163522;90
86.2578;0.00631246;90
85.7999;0.00192517;90
91.0365;0.0067441;90
120.285;0.000709882;90
89.473;0.00119605;90
110.863;0.00586022;90
40.5839;0.00143261;90
-149.196;0.000986121;90
133.76;0.00294084;90
157.55;0.000803927;90
147.867;0.00100022;90
153.561;0.00508707;90
168.659;0.000727199;90
-161.462;0.00403539;90
129.279;0.00444793;90
116.767;0.00101697;90
166.57;0.0044435;90
133.985;0.00239464;90
157.165;0.00699851;90
107.313;0.00100137;90
108.387;0.0048854;90
135.178;0.000683776;90
107.399;0.00173226;90
120.132;0.00518341;90
112.203;0.00135227;90
164.094;0.00591859;90
-144.067;0.000942326;90
101.557;0.00504631;90
84.1186;0.00190302;90
53.9895;0.00725422;90
28.1183;0.000808412;90
100.31;0.00302281;90
87.8418;0.00262886;90
89.7793;0.00778906;90
80.745;0.00163529;90
80.9859;0.00136587;90
159.717;0.0796904;90
134.739;0.00139796;90
109.51;0.00131447;90
-67.7928;0.000576784;90
-61.3895;0.00205491;90
-52.0425;0.0016437;90
-17.454;0.0779122;90
-82.213;0.00129898;90
-101.056;0.00640894;90
-88.7582;0.00106125;90
-86.917;0.00475989;90
-86.4097;0.00359305;90
-64.2683;0.00122997;90
-27.103;0.0094317;90
-39.2809;0.000950842;90
-47.3917;0.00496468;90
-72.1927;0.00101041;90
-76.3854;0.0058329;90
-66.8876;0.00383914;90
-52.8831;0.000696006;90
-46.4584;0.00319504;90
-2.28655;0.0022558;90
-37.5963;0.000631051;90
-53.9047;0.00322509;90
-99.0564;0.00327179;90
-105.953;0.0058576;90
-91.0082;0.0019323;90
-76.2143;0.00332786;90
-90.3603;0.00111302;90
-87.8697;0.00572996;90
-87.4322;0.00127228;90
-90.7853;0.00160515;90
-62.1108;0.00259319;90
-46.1594;0.00101349;90
-53.0242;0.0015146;90
-61.5413;0.00493994;90
-54.0395;0.00107113;90
-56.7814;0.00188743;90
-47.903;0.00508213;90
-48.131;0.000828552;90
-46.4482;0.00100724;90
88.2708;0.0024191;90
34.4997;0.00302259;90
46.5752;0.0011318;90
37.2903;0.00174465;90
70.4485;0.00222319;90
67.8382;0.00218438;90
117.178;0.00154566;90
-93.2921;0.0122242;90
85.8826;0.0028273;90
84.1135;0.003793;90
84.9033;0.00111441;90
-97.7146;0.00852213;90
-117.361;0.000772412;90
161.211;0.00255517;90
129.146;0.00117853;90
112.088;0.00285882;90
-61.7374;0.0047855;90
12.662;0.00242702;90
71.5534;0.00155805;90
83.7604;0.00301788;90
90.338;0.00915416;90
89.1111;0.00199824;90
109.298;0.00751632;90
112.976;0.000878709;90
39.333;0.00453279;90
52.8296;0.000991414;90
39.5989;0.00102917;90
-47.2227;0.00519619;90
60.486;0.00523307;90
71.4991;0.00164818;90
93.3335;0.00734342;90
102.804;0.00189513;90
105.599;0.00943451;90
94.2073;0.00218088;90
118.12;0.00695271;90
130.22;0.00240972;90
145.074;0.000925733;90
146.446;0.00773615;90
139.065;0.00331193;90
128.227;0.00064158;90
147.431;0.000538717;90
-110.669;0.00676546;90
52.5177;0.00615595;90
-42.987;0.00102665;90
-44.4288;0.00184423;90
-27.757;0.00343982;90
-34.5454;0.00447748;90
-19.9228;0.00097431;90
-51.8843;0.00271364;90
-72.5004;0.0120885;90
-73.0517;0.00160888;90
-75.4655;0.00267769;90
-79.8725;0.00991245;90
-105.783;0.00193391;90
-107.54;0.00273412;90
-125.061;0.00286363;90
148.139;0.00121625;90
154.33;0.00460999;90
-146.961;0.00420018;90
-66.6315;0.00323212;90
-47.8101;0.00147114;90
-86.1097;0.00445126;90
-86.6492;0.00364423;90
-90.3048;0.00432306;90
-102.124;0.0013808;90
-92.8538;0.00198847;90
-143.611;0.0057478;90
78.0881;0.001904;90
126.782;0.001306;90
70.1125;0.00588816;90
-46.75;0.000856706;90
36.6277;0.00203482;90
-100.234;0.00217257;90
39.8963;0.00185999;90
87.7361;0.00154421;90
91.9171;0.0021522;90
103.79;0.0105974;90
99.6499;0.00120505;90
153.216;0.00924263;90
176.727;0.000718171;90
-162.537;0.00307576;90
-158.862;0.00105928;90
132.73;0.00264241;90
97.3397;0.00115849;90
83.3435;0.00276061;90
79.9004;0.00184763;90
75.8202;0.0044537;90
107.353;0.00432171;90
96.5225;0.0164183;90
-78.1878;0.0187245;90
-104.051;0.00479032;90
-110.706;0.000981393;90
-103.857;0.00310641;90
-81.1442;0.00520303;90
-19.2984;0.00130111;90
26.0168;0.000934719;90
4.40757;0.00495766;90
0.0877423;0.000653001;90
-27.3543;0.00707738;90
-69.3993;0.00600819;90
-77.912;0.00238283;90
-90.174;0.00988105;90
110.012;0.00335455;90
166.57;0.00330231;90
-125.067;0.00131585;90
-99.2912;0.000991002;90
-72.1971;0.0111793;90
60.399;0.0032594;90
-23.7081;0.00116644;90
4.80837;0.00255298;90
33.3636;0.00126557;90
62.7197;0.00272285;90
-84.5726;0.00104669;90
40.6013;0.00134605;90
84.8766;0.00153413;90
102.664;0.00725244;90
104.078;0.00100725;90
112.822;0.0044938;90
106.84;0.00124958;90
125.374;0.00423724;90
119.873;0.00127086;90
152.665;0.00143077;90
-153.166;0.00133361;90
66.744;0.00144109;90
37.4598;0.00501147;90
12.222;0.00119509;90
-54.8268;0.00471487;90
45.4726;0.00214331;90
83.1251;0.00997472;90
103.968;0.00263903;90
106.11;0.0173233;90
130.577;0.00548368;90
90.9024;0.0048256;90
88.3929;0.00149759;90
101.404;0.00130986;90
-87.8013;0.00615153;90
168.602;0.00229221;90
132.833;0.00112227;90
147.473;0.00392226;90
-177.054;0.00081708;90
129.501;0.00135042;90
120.992;0.00547458;90
105.316;0.00148784;90
106.209;0.00143296;90
109.234;0.00217649;90
106.833;0.00407144;90
102.042;0.0049898;90
113.821;0.00416699;90
114.246;0.0042444;90
104.023;0.00612451;90
105.077;0.00655464;90
127.47;0.00444644;90
-133.96;0.00171431;90
-79.0308;0.00418853;90
-73.5111;0.0022443;90
-154.92;0.00120788;90
-163.25;0.0015059;90
-168.114;0.00115067;90
-145.924;0.00259689;90
-132.604;0.00184362;90
-117.159;0.00107784;90
-124.421;0.000674016;90
-68.0081;0.00541825;90
-68.9455;0.0304434;90
-83.0529;0.0169323;90
-48.4725;0.00170443;90
-9.33615;0.0006719;90
-97.0046;0.00212385;90
-104.971;0.00234976;90
-106.533;0.00349656;90
-102.552;0.00212581;90
-80.1995;0.00323115;90
-71.0129;0.00101735;90
-92.6964;0.00354993;90
-87.6446;0.00452582;90
-91.5314;0.00396642;90
-37.9895;0.00337764;90
-61.5645;0.00141126;90
-58.2303;0.00273121;90
-58.6347;0.00325461;90
-50.6917;0.0029803;90
-47.2564;0.00274783;90
-17.1887;0.00210816;90
113.125;0.00172891;90
-54.4053;0.00665925;90
67.1255;0.00190371;90
80.8856;0.00281555;90
87.801;0.00427415;90
91.4191;0.0081565;90
92.4782;0.00175764;90
97.698;0.0024188;90
114.477;0.00494544;90
32.3725;0.000578983;90
21.2609;0.00257849;90
49.0155;0.00321108;90
-40.8151;0.00276154;90
-49.3166;0.00249893;90
52.6567;0.00336471;90
79.4244;0.00511081;90
99.7072;0.00592483;90
104.642;0.00543553;90
104.336;0.00602151;90
107.124;0.0058451;90
130.743;0.00574412;90
94.6665;0.00347853;90
88.538;0.00239078;90
114.138;0.00136209;90
126.593;0.00509286;90
176.779;0.00124597;90
-116.117;0.00343023;90
-105.391;0.000964591;90
-103.358;0.00178325;90
-157.906;0.000654028;90
126.343;0.00267291;90
116.695;0.00334561;90
107.488;0.00342427;90
-88.5039;0.00172359;90
-55.311;0.00878196;90
-50.227;0.000900355;90
-29.8714;0.00696308;90
-23.0203;0.00050632;90
-56.4241;0.00793251;90
-68.9061;0.00197001;90
-76.5852;0.0179569;90
-86.8508;0.00249377;90
-113.91;0.00856394;90
127.608;0.00554526;90
148.408;0.000984976;90
-138.733;0.00566888;90
-73.2487;0.0092777;90
-81.9325;0.00168164;90
-94.5339;0.0111449;90
-85.9067;0.00106472;90
-177.201;0.00423906;90
97.8242;0.00288688;90
-67.3725;0.00172585;90
-113.663;0.00137784;90
130.306;0.00466559;90
132.767;0.000617066;90
132.649;0.00117196;90
126.765;0.00326301;90
121.221;0.00596718;90
116.468;0.00105453;90
153.013;0.00133542;90
-162.885;0.000686396;90
94.6106;0.00180384;90
89.1155;0.00369244;90
92.3512;0.00268126;90
92.4341;0.00386148;90
55.6611;0.000661245;90
-16.2072;0.00069148;90
5.72556;0.0011427;90
23.3504;0.00208148;90
85.9197;0.00306377;90
68.7525;0.000998902;90
70.9921;0.00189746;90
79.1289;0.0024072;90
110.13;0.0027372;90
164.681;0.000704015;90
-65.6531;0.00366274;90
-102.596;0.00258625;90
-105.824;0.00278348;90
-100.462;0.00153654;90
-51.225;0.000932515;90
1.26959;0.00185045;90
-13.3925;0.00174855;90
-20.7786;0.000873836;90
-30.6811;0.00239878;90
-26.9345;0.00201116;90
-36.7368;0.0010332;90
-26.9675;0.000509389;90
-74.5811;0.00174895;90
-57.5494;0.00298748;90
-72.3671;0.00230426;90
-88.1074;0.00426933;90
-85.0867;0.00391137;90
-92.0971;0.00300601;90
-95.9735;0.0032959;90
-98.7044;0.00406381;90
-110.781;0.00247181;90
131.431;0.00228343;90
119.651;0.00310683;90
110.02;0.00171461;90
146.651;0.00568633;90
125.016;0.000982915;90
121.618;0.00354408;90
118.648;0.0029285;90
127.135;0.00207222;90
158.136;0.00118418;90
109.3;0.00182136;90
90.0521;0.004398;90
91.3395;0.00457725;90
86.9407;0.00142403;90
101.19;0.00280839;90
112.55;0.00182016;90
70.1026;0.00291183;90
72.5293;0.00392716;90
82.886;0.00129195;90
79.0274;0.00166545;90
73.23;0.00535473;90
-54.6875;0.00153797;90
109.742;0.0066403;90
77.0978;0.00199743;90
110.209;0.00108265;90
100.244;0.00176005;90
77.8213;0.00181075;90
-85.8804;0.00132242;90
-88.5549;0.0047185;90
-111.092;0.000914248;90
-109.421;0.00760577;90
168.196;0.00222914;90
169.953;0.000596142;90
137.056;0.00171442;90
123.516;0.00201024;90
106.936;0.00264678;90
100.626;0.0023971;90
111.492;0.00705021;90
114.017;0.000965595;90
147.415;0.0028614;90
147.813;0.00754097;90
-178.82;0.00247553;90
108.186;0.00254408;90
95.2376;0.00384505;90
92.7174;0.00457715;90
79.5341;0.00432699;90
87.1164;0.00363761;90
-80.3434;0.00145461;90
-102.017;0.00373688;90
-92.5809;0.00144346;90
-92.7446;0.00327876;90
-89.4439;0.00360617;90
-83.8576;0.00377568;90
-69.1777;0.00166259;90
-157.963;0.00243597;90
-126.422;0.00437573;90
-100.149;0.0047158;90
-90.6924;0.0041373;90
14.8445;0.0021663;90
-14.8317;0.00503164;90
-54.9399;0.00124122;90
-58.0968;0.00225928;90
-63.7976;0.00282645;90
-60.6804;0.00228925;90
-68.3871;0.00265249;90
-67.0858;0.00283035;90
-67.9014;0.00350876;90
-44.1209;0.00267318;90
16.8261;0.00350297;90
-78.1952;0.00249783;90
38.7972;0.00260467;90
-8.08072;0.00246144;90
-37.0403;0.00195061;90
-77.0851;0.003123;90
-38.7785;0.00256422;90
29.6731;0.00178164;90
9.48584;0.0016019;90
-5.85411;0.00230402;90
-20.5069;0.00231788;90
-31.0898;0.00280607;90
-31.6098;0.00161219;90
-28.338;0.00104072;90
-64.3445;0.00456394;90
-82.5411;0.00602397;90
-87.7642;0.00430628;90
-90.2908;0.00236403;90
-100.952;0.0104799;90
126.429;0.00109123;90
118.576;0.00449906;90
113.204;0.00144161;90
145.914;0.00629683;90
121.405;0.00265025;90
115.463;0.0024655;90
134.773;0.00481614;90
163.464;0.000572687;90
86.6955;0.00211652;90
91.6108;0.010032;90
111.753;0.00568265;90
135.916;0.0013267;90
-175.64;0.00123658;90
-175.07;0.00266486;90
81.285;0.00181495;90
59.5472;0.00363437;90
82.795;0.00542181;90
109.801;0.00180364;90
114.158;0.00522896;90
97.5763;0.00144865;90
97.6022;0.00302358;90
72.6154;0.00401961;90
64.1775;0.0011387;90
-110.413;0.00469056;90
-89.702;0.00211503;90
-75.8744;0.00513012;90
-61.7444;0.000773122;90
-67.79;0.00098941;90
-56.948;0.00119545;90
-21.7622;0.00380304;90
-8.28794;0.000513361;90
71.9227;0.00871414;90
87.4862;0.00123118;90
100.455;0.00368112;90
49.4296;0.00422982;90
65.896;0.00234332;90
67.8403;0.00326626;90
63.3241;0.00115605;90
-54.8937;0.00193011;90
-49.3404;0.00106513;90
-32.409;0.00437907;90
-31.1274;0.00150113;90
28.1126;0.00327882;90
91.7143;0.00307538;90
151.805;0.000770414;90
-68.0786;0.0137437;90
-70.9938;0.00260079;90
-75.2628;0.0064626;90
-75.3768;0.00634555;90
-78.3807;0.00610205;90
-100.868;0.00554751;90
-122.689;0.00365132;90
150.706;0.00102394;90
119.882;0.00311514;90
159.663;0.00159119;90
-134.506;0.00188734;90
-129.206;0.00188417;90
-165.741;0.00243192;90
-72.3673;0.00185201;90
-57.3138;0.00288128;90
-83.1942;0.00338384;90
-87.0969;0.0043636;90
-89.8019;0.00433803;90
-93.8247;0.00502219;90
-104.56;0.00522274;90
144.627;0.000972532;90
131.672;0.000998705;90
135.734;0.00259459;90
81.3765;0.00152727;90
123.333;0.00129026;90
138.494;0.00815608;90
120.571;0.00288039;90
122.309;0.00279706;90
137.838;0.00204251;90
149.218;0.00113721;90
88.0031;0.00404646;90
91.4772;0.00473257;90
87.7893;0.00326643;90
110.042;0.0015903;90
110.497;0.00262734;90
139.805;0.0026759;90
-150.373;0.00314751;90
-139.293;0.00176636;90
-154.639;0.0025962;90
-161.412;0.00318727;90
-165.192;0.00372884;90
-123.906;0.0053063;90
-124.773;0.00559154;90
-141.405;0.00470974;90
-127.688;0.00567258;90
-129.566;0.0056895;90
-130.294;0.00558517;90
-128.838;0.00556668;90
-128.896;0.00567915;90
-134.144;0.00535127;90
-126.597;0.00583047;90
-123.5;0.00617828;90
-135.902;0.00525375;90
-136.844;0.00509805;90
-120.531;0.00619488;90
-141.534;0.0048967;90
-174.538;0.00419203;90
-178.399;0.00415262;90
-172.969;0.00416633;90
-143.976;0.00486293;90
-116.682;0.00657405;90
-112.6;0.00697892;90
-113.909;0.00691867;90
-114.054;0.00683999;90
-119.243;0.00636409;90
-124.958;0.00599334;90
-122.594;0.00608895;90
-112.553;0.00696139;90
-105.226;0.00767233;90
-97.6526;0.0081627;90
-97.4194;0.00820873;90
-102.101;0.00788011;90
-106.838;0.00753294;90
-104.405;0.007698;90
-103.129;0.00770851;90
-97.4507;0.00320809;90
-116.463;0.00301378;90
-111.568;0.00355814;90
-110.375;0.00303595;90
-90.9673;0.00313945;90
-65.0864;0.00439167;90
-63.7813;0.00443868;90
-64.5119;0.00368793;90
-70.3688;0.00136324;90
-106.18;0.00365684;90
-116.556;0.00274679;90
-121.015;0.00366613;90
-119.046;0.00311015;90
-126.452;0.00310188;90
-130.384;0.00420891;90
-132.844;0.00488674;90
-131.245;0.00501;90
-114.159;0.00618908;90
-105.998;0.00690855;90
-112.815;0.0062565;90
-123.615;0.0055201;90
-141.294;0.0044825;90
-159.649;0.00396234;90
-152.731;0.00411199;90
-136.168;0.00471597;90
-123.04;0.00554819;90
-110.926;0.00652647;90
-106.572;0.00687558;90
-114.148;0.00603291;90
-125.164;0.0051865;90
-119.692;0.00470588;90
-116.615;0.00564518;90
-120.317;0.00571332;90
-141.238;0.00447064;90
-146.201;0.00436106;90
-147.513;0.00417421;90
-146.929;0.0045979;90
-157.036;0.00384468;90
-173.818;0.00406765;90
-176;0.00354063;90
-177.87;0.0037676;90
149.826;0.004192;90
121.872;0.00570047;90
119.865;0.00612894;90
149.415;0.00401916;90
-163.715;0.00389424;90
-133.933;0.00489898;90
-142.114;0.00437389;90
-179.099;0.00375046;90
154.141;0.00420949;90
153.989;0.00356178;90
158.825;0.00293732;90
165.589;0.00296943;90
168.444;0.00283037;90
169.108;0.00287887;90
174.006;0.0028536;90
-174.269;0.00278392;90
-169.688;0.00293846;90
-171.829;0.00277921;90
-159.857;0.00326682;90
-136.998;0.00531502;90
-132.036;0.00511498;90
-125.31;0.00565049;90
-124.317;0.00567603;90
-142.2;0.00468262;90
-132.576;0.00519977;90
-132.941;0.00507889;90
-131.967;0.0051847;90
-113.393;0.00672477;90
-111.361;0.0067454;90
-115.516;0.00672051;90
-115.001;0.00649014;90
-110.247;0.00688867;90
-114.646;0.00645065;90
-120.582;0.00581016;90
-121.036;0.00587503;90
-140.993;0.00476151;90
-175.251;0.00397364;90
-171.383;0.0039779;90
-151.494;0.00435836;90
-135.825;0.00500966;90
-130.765;0.00527599;90
-159.58;0.00413589;90
156.01;0.00425014;90
149.216;0.00426725;90
167.031;0.00354236;90
-172.379;0.00351404;90
-160.938;0.00352742;90
-159.553;0.00355817;90
-165.715;0.00329488;90
-172.731;0.00316141;90
-172.532;0.0032778;90
-163.684;0.00337804;90
-159.222;0.00341938;90
-158.975;0.00326111;90
-150.644;0.00326988;90
-164.995;0.00279635;90
-158.656;0.00262934;90
-144.96;0.00290688;90
-157.343;0.00262454;90
-150.951;0.00285859;90
-134.836;0.0032025;90
-153.794;0.00270838;90
-154.822;0.00328843;90
-150.885;0.00368914;90
-148.837;0.0037934;90
-141.715;0.00346526;90
165.828;0.00246296;90
-149.553;0.00277462;90
-137.58;0.00312646;90
-138.131;0.00309397;90
-137.371;0.00305944;90
-146.115;0.00285367;90
-143.658;0.00295473;90
-138.438;0.00293624;90
-160.545;0.00259411;90
-150.753;0.00257072;90
-153.874;0.00180993;90
-119.179;0.00251059;90
-139.854;0.00187206;90
-179.241;0.00143413;90
128.793;0.00194249;90
150.599;0.00152776;90
-97.9034;0.00296718;90
-91.2983;0.00286874;90
-136.089;0.00182254;90
-141.726;0.0019922;90
-143.736;0.00208112;90
-129.722;0.00296687;90
-150.006;0.000942177;90
-160.662;0.00226795;90
-167.734;0.00229233;90
-162.477;0.00256398;90
-162.649;0.00237403;90
-168.807;0.00241086;90
150.48;0.00211679;90
-115.556;0.00180344;90
-105.534;0.00359221;90
-101.758;0.00471595;90
-86.9571;0.00559489;90
-67.4344;0.00438577;90
-61.0884;0.00400861;90
-76.9544;0.00505035;90
-94.2133;0.0063291;90
-104.92;0.00614828;90
-120.521;0.00510772;90
-120.873;0.00510775;90
-124.839;0.00488207;90
-126.224;0.0047043;90
-124.74;0.00488718;90
-125.778;0.00479607;90
-126.279;0.00504127;90
-155.676;0.00370487;90
-135.548;0.00429092;90
-126.076;0.00399758;90
-116.663;0.00419174;90
-105.582;0.00454192;90
-101.784;0.00478383;90
-102.341;0.00465557;90
-104.821;0.00520724;90
-100.195;0.00618667;90
-106.671;0.00570271;90
-111.955;0.00554191;90
-112.023;0.0054723;90
-108.727;0.00558465;90
-110.328;0.00546645;90
0;0;90
-118.914;0.00493288;90
-129.817;0.0043836;90
-128.879;0.00429044;90
-114.74;0.00504176;90
-70.0487;0.00553308;90
-81.8811;0.00434758;90
-89.6282;0.00416109;90
-94.8953;0.0033984;90
-102.613;0.0026561;90
-110.967;0.00226925;90
-121.758;0.00201582;90
-136.684;0.0017565;90
-135.088;0.00184697;90
-138.127;0.00171092;90
-117.347;0.00245767;90
-102.782;0.00365662;90
-88.5227;0.00430543;90
-94.5495;0.00457642;90
-131.513;0.00288326;90
-170.152;0.00207558;90
-165.841;0.00249376;90
-177.991;0.00222537;90
174.733;0.00277773;90
-167.068;0.00349874;90
-166.124;0.00355268;90
-146.934;0.00391863;90
-131.577;0.00452366;90
-131.565;0.00428357;90
-118.683;0.00407735;90
-114.909;0.00393175;90
-167.704;0.00245123;90
144.767;0.00290519;90
137.297;0.00314066;90
135.818;0.00312219;90
137.588;0.00306915;90
137.759;0.00305541;90
138.72;0.0030406;90
143.914;0.00273346;90
147.01;0.0028375;90
145.729;0.00366537;90
144.697;0.00395048;90
128.668;0.00460947;90
125.979;0.00478478;90
121.651;0.00505957;90
122.317;0.00496627;90
121.915;0.0049786;90
118.382;0.00536031;90
132.428;0.0045074;90
140.985;0.00417773;90
154.918;0.00349122;90
163.396;0.00332462;90
-171.317;0.00322597;90
-167.575;0.00335559;90
-172.705;0.00343379;90
177.383;0.00337252;90
174.283;0.00337278;90
165.328;0.00347429;90
178.52;0.00344615;90
-178.294;0.00342652;90
-177.245;0.00334987;90
177.602;0.00351308;90
163.661;0.0035014;90
150.165;0.00385724;90
150.318;0.00375813;90
169.557;0.00340948;90
-145.003;0.00397713;90
-152.035;0.00375324;90
-175.933;0.00336949;90
-175.317;0.0033562;90
-177.936;0.00333216;90
171.162;0.00337811;90
171.741;0.00350839;90
-171.292;0.0034609;90
-167.301;0.0035119;90
-165.722;0.00351146;90
-147.657;0.00198138;90
-164.88;0.00693509;90
173.699;0.00350819;90
152.53;0.00410593;90
127.75;0.00517141;90
126.225;0.00499692;90
124.987;0.00520941;90
126.176;0.00500117;90
124.476;0.00499416;90
111.857;0.00513299;90
107.119;0.0045998;90
116.627;0.00454503;90
118.691;0.00382228;90
129.012;0.00109136;90
135.036;0.00113774;90
159.894;0.00278684;90
171.908;0.00318976;90
170.329;0.00333946;90
155.72;0.00343152;90
124.662;0.00493726;90
121.939;0.00487504;90
115.02;0.00547365;90
113.919;0.00523127;90
112.91;0.0051633;90
102.319;0.00579338;90
109.613;0.0053536;90
119.638;0.00489777;90
104.014;0.00564089;90
110.24;0.00492833;90
146.551;0.0034253;90
127.759;0.00422971;90
121.894;0.00469951;90
112.336;0.00527045;90
107.893;0.00572176;90
117.991;0.00535659;90
125.095;0.00475188;90
125.427;0.005034;90
142.986;0.00358801;90
130.114;0.00464064;90
127.969;0.00437881;90
154.565;0.00319686;90
167.723;0.00310398;90
179.924;0.003002;90
-174.68;0.00326808;90
179.523;0.00324611;90
-163.389;0.00328822;90
-163.881;0.00345065;90
-169.221;0.00336334;90
-160.415;0.00343366;90
-156.913;0.00364928;90
174.666;0.00363575;90
174.31;0.00353039;90
-157.809;0.00354779;90
-153.822;0.00371062;90
-165.877;0.00351629;90
-178.146;0.00367893;90
-151.606;0.00362965;90
-125.041;0.00473041;90
-139.624;0.00420187;90
-176.618;0.00345802;90
166.949;0.00379503;90
-160.877;0.00350437;90
-162.472;0.00347641;90
-156.598;0.00355764;90
-132.597;0.00443534;90
-151.278;0.00384966;90
-133.127;0.00458733;90
-119.233;0.00521748;90
-118.239;0.00486955;90
-121.622;0.00408914;90
-121.419;0.00433922;90
-122.399;0.00395102;90
-129.181;0.00315937;90
-142.45;0.00241037;90
-141.445;0.0016189;90
-143.862;0.0024096;90
-141.76;0.00332175;90
-152.528;0.00291128;90
170.611;0.00257449;90
160.283;0.00267058;90
163.81;0.00328528;90
162.881;0.00353984;90
163.55;0.00346066;90
172.338;0.00320259;90
174.551;0.00242195;90
-179.144;0.00220925;90
-163.809;0.0026574;90
-160.248;0.00264246;90
143.591;0.00333251;90
125.571;0.00435952;90
135.532;0.00403563;90
127.358;0.00465237;90
121.329;0.00505622;90
102.939;0.00621684;90
99.7809;0.00662226;90
112.204;0.00552253;90
113.722;0.00551825;90
101.66;0.00692695;90
106.502;0.0064601;90
111.364;0.0062505;90
110.604;0.0063427;90
110.549;0.00588015;90
114.437;0.005347;90
135.674;0.00372812;90
128.484;0.00416205;90
119.822;0.00542318;90
120.942;0.00493419;90
151.293;0.0029313;90
-150.241;0.0031067;90
-139.991;0.00415303;90
-160.73;0.00364523;90
160.751;0.00367336;90
172.887;0.00286706;90
-158.577;0.0027296;90
-167.259;0.00318749;90
167.081;0.00350676;90
141.112;0.00407773;90
123.671;0.0048772;90
119.267;0.00492348;90
127.136;0.00431005;90
133.723;0.00406263;90
140.189;0.00387811;90
149.49;0.00355528;90
139.304;0.00392916;90
123.766;0.00460596;90
128.153;0.00435929;90
140.665;0.00391102;90
152.169;0.00362421;90
168.187;0.00337039;90
-163.282;0.00316686;90
-134.567;0.00420811;90
-121.874;0.00521542;90
-122.976;0.00496246;90
-137.95;0.00419092;90
-141.671;0.00394408;90
-142.054;0.00387528;90
-139.555;0.00402483;90
-133.823;0.00419827;90
-132.941;0.0047428;90
-131.932;0.00550848;90
-131.63;0.00546124;90
-123.612;0.00571203;90
-116.671;0.00628023;90
-116.22;0.00624232;90
-115.963;0.00612627;90
-121.162;0.00589804;90
-134.736;0.00445411;90
-144.677;0.00444662;90
-143.891;0.00442879;90
-135.069;0.00466691;90
-132.408;0.00511266;90
-136.841;0.00453489;90
-138.653;0.00439441;90
-154.355;0.00412205;90
-173.11;0.00329278;90
-174.637;0.00236435;90
-168.021;0.00206701;90
-165.867;0.00258422;90
-165.242;0.00246533;90
-165.33;0.00262973;90
-179.814;0.00215201;90
150.784;0.00268795;90
136.926;0.00284064;90
143.315;0.00279201;90
154.687;0.00274342;90
152.442;0.00278835;90
150.705;0.0027508;90
140.07;0.00276074;90
119.029;0.00390107;90
112.184;0.00412104;90
111.218;0.00419433;90
112.255;0.00427224;90
111.981;0.00433081;90
114.119;0.00394981;90
123.872;0.00367463;90
127.966;0.00352244;90
128.522;0.00375396;90
125.718;0.00318264;90
129.977;0.00248726;90
140.094;0.00145745;90
162.111;0.00232122;90
-174.588;0.00269301;90
-176.493;0.00295854;90
164.525;0.00317822;90
143.389;0.00366884;90
137.755;0.00344193;90
137.505;0.00305833;90
120.112;0.00439514;90
107.114;0.00545765;90
107.487;0.00517831;90
120.744;0.00442487;90
129.599;0.00380131;90
127.996;0.00398957;90
129.319;0.0038287;90
139.204;0.00335648;90
147.736;0.00277436;90
154.773;0.00289292;90
158.897;0.00371623;90
172.654;0.00351182;90
174.758;0.00336005;90
154.052;0.00386012;90
134.464;0.00400311;90
121.618;0.0052398;90
139.649;0.00417931;90
140.026;0.00388209;90
139.118;0.00301298;90
146.459;0.000961021;90
157.79;0.0026323;90
169.1;0.00235855;90
-174.134;0.00113494;90
159.123;0.00261252;90
178.744;0.00328579;90
-151.538;0.00378326;90
-145.035;0.00405004;90
-146.941;0.003978;90
-148.287;0.00357828;90
-174.104;0.00280383;90
176.683;0.00293792;90
175.942;0.00282609;90
-165.187;0.002648;90
-168.072;0.0017273;90
-167.509;0.00247355;90
-173.758;0.00282374;90
179.478;0.00263611;90
170.69;0.00272591;90
172.251;0.00274406;90
-172.872;0.00261118;90
-171.216;0.00218058;90
-103.244;0.00299875;90
-109.25;0.00366703;90
-93.464;0.00693467;90
-93.7923;0.00577565;90
-95.2795;0.0053035;90
-97.4933;0.00594275;90
-103.751;0.00590218;90
-114.719;0.00502661;90
-132.634;0.00419601;90
-140.465;0.00401695;90
-150.69;0.00318468;90
-157.265;0.00301962;90
-163.104;0.00283854;90
-158.846;0.00279322;90
-152.081;0.00319936;90
-147.558;0.00325853;90
-142.201;0.00355367;90
-136.999;0.00379169;90
-130.474;0.00396083;90
-124.956;0.00435463;90
-118.856;0.00482169;90
-117.914;0.00471002;90
-119.685;0.0044201;90
-129.273;0.00379134;90
-145.891;0.00337211;90
-165.5;0.00326294;90
-169.333;0.0033387;90
-170.402;0.00326875;90
-159.345;0.00339631;90
-149.281;0.00441441;90
-146.027;0.00449895;90
-146.121;0.00420853;90
-146.846;0.00444334;90
-149.797;0.00424994;90
-150.657;0.00484454;90
-158.993;0.00376311;90
-163.492;0.00432528;90
-167.623;0.00417094;90
-167.935;0.00407604;90
-165.186;0.00400099;90
-162.248;0.00392593;90
-159.778;0.00393452;90
-155.087;0.00417334;90
-150.357;0.00424795;90
-145.925;0.00438001;90
-141.263;0.0045242;90
-141.656;0.00462453;90
-140.346;0.00472778;90
-139.781;0.00455618;90
-138.696;0.00464049;90
-136.066;0.00478936;90
-132.017;0.00491823;90
-128.119;0.00526485;90
-128.074;0.00530097;90
-130.702;0.00501902;90
-137.802;0.00470152;90
-144.653;0.00449939;90
-151.884;0.00432882;90
-158.528;0.00470987;90
-155.94;0.00475843;90
-154.965;0.00455605;90
-154.067;0.00438117;90
-152.413;0.0043901;90
-143.568;0.00479394;90
-126.942;0.0060432;90
-120.877;0.00631733;90
-117.734;0.00640141;90
-118.271;0.00623468;90
-121.386;0.00581602;90
-124.655;0.00568205;90
-126.935;0.0056498;90
-126.124;0.00573329;90
-120.026;0.00629707;90
-113.82;0.00658383;90
-109.12;0.00729969;90
-103.716;0.00741855;90
-102.499;0.00773943;90
-106.687;0.00742469;90
-112.44;0.0070758;90
-117.371;0.00661226;90
-115.061;0.00657496;90
-109.861;0.00693766;90
-104.417;0.00704897;90
-102.997;0.00720765;90
-105.94;0.00715511;90
-112.118;0.00674864;90
-110.033;0.00673448;90
-105.9;0.0071433;90
-100.977;0.00739429;90
-93.2596;0.0372312;90
-169.31;0.0122323;90
133.819;0.00150929;90
126.865;0.0025386;90
118.374;0.00307434;90
126.915;0.0020512;90
131.659;0.00243871;90
113.778;0.00331106;90
118.042;0.00362677;90
137.847;0.00323193;90
142.505;0.00287997;90
142.409;0.00327366;90
119.931;0.00431904;90
134.638;0.00357803;90
162.583;0.00272283;90
-168.86;0.0025154;90
-152.354;0.00267884;90
-158.633;0.00293686;90
175.408;0.0024609;90
176.549;0.00262476;90
-143.406;0.00295063;90
134.289;0.00267802;90
-143.184;0.0025532;90
-153.981;0.00178267;90
-178.382;0.00244297;90
150.522;0.00316813;90
166.357;0.00264976;90
161.089;0.00255173;90
144.174;0.00230638;90
144.575;0.001896;90
151.079;0.00207817;90
155.98;0.00254761;90
-152.604;0.00268177;90
152.85;0.00240837;90
146.761;0.00285152;90
168.747;0.0027723;90
164.391;0.00264245;90
-157.96;0.00289669;90
177.611;0.00280644;90
178.54;0.00262985;90
-150.618;0.00323055;90
177.964;0.00247756;90
-144.752;0.00303061;90
-112.995;0.00448217;90
-141.353;0.00346347;90
-144.572;0.0031552;90
172.352;0.00220158;90
-158.074;0.0024718;90
154.152;0.00261014;90
140.611;0.0027987;90
144.655;0.00286261;90
133.805;0.00315226;90
156.132;0.00232809;90
-161.209;0.00274744;90
177.528;0.0025734;90
178.281;0.00253414;90
-152.351;0.00250619;90
-151.674;0.00183355;90
157.535;0.00210147;90
171.219;0.000995671;90
138.369;0.00215403;90
153.803;0.00264353;90
163.308;0.00235003;90
133.588;0.000774517;90
-179.44;0.00112605;90
-163.869;0.00304489;90
-153.3;0.00322487;90
-149.821;0.00291626;90
-155.983;0.00149875;90
-179.395;0.00236913;90
160.927;0.00301131;90
150.417;0.00306677;90
135.768;0.00348069;90
154.097;0.00263024;90
156.161;0.0028775;90
150.617;0.00328339;90
151.425;0.00295835;90
134.937;0.0032237;90
123.199;0.0043393;90
129.685;0.00406851;90
146.936;0.00355584;90
138.628;0.00416826;90
117.039;0.00562033;90
139.645;0.00791023;90
-176.48;0.00342045;90
-175.486;0.0034818;90
-174.249;0.00364233;90
-176.341;0.0037767;90
174.991;0.0037453;90
121.945;0.0136833;90
104.58;0.005776;90
104.003;0.0057983;90
103.818;0.00629312;90
113.654;0.00548589;90
135.843;0.00427492;90
134.208;0.00460653;90
117.087;0.00535426;90
111.627;0.00560023;90
117.379;0.00510143;90
120.572;0.0049722;90
118.874;0.00520622;90
130.197;0.00464503;90
160.392;0.00359974;90
-164.542;0.00374445;90
-156.9;0.00390729;90
-162.96;0.00375379;90
-169.251;0.00368873;90
-166.112;0.00366618;90
-169.602;0.00318023;90
-167.814;0.00316941;90
-156.801;0.00309962;90
-138.803;0.00332648;90
-138.254;0.00322607;90
-146.749;0.00303846;90
-167.605;0.00292109;90
174.921;0.00292549;90
165.802;0.00283356;90
154.798;0.00285806;90
-179.235;0.00269724;90
-157.868;0.00282949;90
-140.61;0.00313903;90
-138.216;0.00328969;90
-137.883;0.0036979;90
-126.67;0.00418283;90
-121.203;0.00430825;90
-128.912;0.00375399;90
-140.242;0.00353689;90
-144.395;0.00337862;90
169.981;0.00302919;90
161.416;0.00303105;90
146.553;0.00339646;90
153.995;0.00320444;90
-160.185;0.00315054;90
-163.197;0.00312022;90
-163.315;0.0030024;90
-164.686;0.00291552;90
-162.063;0.00305867;90
171.986;0.00322045;90
136.55;0.00418336;90
141.735;0.00382853;90
-176.362;0.0033257;90
-153.6;0.00372217;90
-151.789;0.00395589;90
-152.331;0.0038548;90
-149.273;0.00398086;90
-137.182;0.0043271;90
-135.508;0.00430504;90
-173.03;0.00325506;90
155.117;0.00350319;90
164.083;0.00334006;90
156.666;0.00327702;90
133.601;0.00408334;90
111.793;0.00531163;90
103.119;0.00574495;90
112.362;0.00497297;90
125.676;0.00380143;90
169.293;0.00303585;90
-163.087;0.00353699;90
158.778;0.00381791;90
147.258;0.00427649;90
146.211;0.00386959;90
165.556;0.00361217;90
-176.052;0.00352938;90
157.582;0.00405656;90
165.378;0.00398507;90
177.815;0.00364565;90
-168.554;0.00345675;90
-163.924;0.00356438;90
-167.341;0.00363229;90
173.957;0.00339085;90
155.23;0.0031553;90
142.017;0.00357147;90
129.802;0.00451151;90
120.374;0.00506291;90
118.704;0.00475764;90
118.272;0.00475868;90
124.339;0.00399049;90
137.756;0.00342707;90
152.393;0.00317216;90
166.569;0.00321184;90
165.162;0.00332694;90
177.806;0.00229869;90
-139.981;0.000961052;90
-83.2081;0.000938587;90
-90.8715;0.00177521;90
111.871;0.00122949;90
144.635;0.00846252;90
175.045;0.0028366;90
-177.971;0.00864242;90
-144.481;0.00382466;90
-153.638;0.00353346;90
173.306;0.00344851;90
127.154;0.00451686;90
122.952;0.00458692;90
125.439;0.0044996;90
128.648;0.00440332;90
159.353;0.0034004;90
-155.056;0.00346192;90
-149.656;0.00388175;90
178.727;0.00350987;90
158.789;0.0037479;90
161.345;0.00370464;90
155.169;0.00391715;90
144.78;0.00424996;90
125.149;0.00492262;90
111.93;0.00588266;90
120.46;0.00515442;90
139.331;0.00392362;90
162.04;0.00351215;90
177.154;0.00354437;90
-170.7;0.0037807;90
-158.76;0.00394176;90
-175.65;0.00369163;90
152.895;0.00398574;90
142.083;0.00434653;90
140.765;0.00447742;90
138.967;0.00475254;90
139.225;0.00456901;90
138.5;0.00448223;90
143.238;0.00433761;90
144.247;0.00441384;90
145.071;0.00432268;90
139.553;0.00424046;90
139.867;0.00470082;90
135.909;0.00441361;90
126.123;0.0047428;90
115.246;0.00563415;90
111.207;0.0061591;90
116.079;0.00584842;90
130.159;0.00472619;90
169.351;0.00357151;90
-169.886;0.0037584;90
-172.488;0.00378649;90
-175.572;0.00389864;90
172.05;0.00377427;90
159.505;0.00385288;90
152.014;0.00380606;90
152.559;0.00371723;90
154.45;0.003763;90
-178.753;0.00349183;90
-164.979;0.0036963;90
-161.483;0.00395475;90
-157.135;0.00401988;90
-159.695;0.00398248;90
-173.256;0.00376404;90
-170.722;0.00352917;90
-119.294;0.00518506;90
-108.587;0.0058417;90
-136.303;0.00382432;90
163.758;0.00260288;90
-135.132;0.00214749;90
-116.141;0.00464847;90
-101.73;0.0074128;90
-97.4567;0.00829112;90
-99.1855;0.00803098;90
-102.083;0.00776298;90
-104.807;0.00782175;90
-105.981;0.00770373;90
-102.959;0.00753594;90
-101.064;0.00749327;90
-98.7075;0.00811149;90
-101.777;0.00814752;90
-102.074;0.00776885;90
-100.246;0.00665105;90
-92.7849;0.00823272;90
-92.9358;0.00872745;90
-97.6547;0.0085058;90
-98.473;0.00843608;90
-95.9884;0.00902927;90
-96.4661;0.00768992;90
-102.555;0.00839065;90
-107.837;0.0071854;90
-104.142;0.00738377;90
-99.787;0.00763004;90
-95.7925;0.00786717;90
-96.1584;0.00807259;90
-100.515;0.00854855;90
-105.643;0.00797746;90
-109.64;0.00759273;90
-118.625;0.00656889;90
-131.09;0.00543333;90
-146.018;0.00478407;90
-148.561;0.00469528;90
-129.102;0.00574596;90
-112.717;0.00719086;90
-102.482;0.00793966;90
-106.852;0.00773725;90
-113.557;0.00690331;90
-111.244;0.00710374;90
-104.998;0.00732658;90
-99.7651;0.00796541;90
-96.7175;0.00870275;90
-99.624;0.00873899;90
-100.311;0.00878283;90
-97.8123;0.00920342;90
-97.8069;0.00909934;90
-97.5841;0.00899368;90
-98.7292;0.00896788;90
-99.8974;0.00885478;90
-99.9283;0.00840994;90
-100.089;0.00840293;90
-103.782;0.00808889;90
-108.823;0.00770823;90
-104.323;0.00803579;90
-98.6401;0.00858037;90
-96.1671;0.00862894;90
-96.9214;0.00844756;90
-103.689;0.00769046;90
-112.528;0.00703916;90
-117.923;0.00649179;90
-130.635;0.00594563;90
-147.573;0.00518438;90
-130.184;0.00592952;90
-109.959;0.00745265;90
-107.46;0.00793562;90
-114.486;0.00737091;90
-122.182;0.0067536;90
-134.469;0.0058756;90
-145.077;0.00543954;90
-142.631;0.00564961;90
-129.903;0.00623233;90
-122.067;0.00704835;90
-127.188;0.0066013;90
-143.212;0.00556401;90
-160.819;0.00485451;90
-164.497;0.00503936;90
-151.338;0.00510792;90
-137.884;0.00583183;90
-147.901;0.0054537;90
-163.502;0.00487364;90
-165.14;0.00494436;90
-154.311;0.00541415;90
-155.625;0.0051852;90
-158.634;0.00515747;90
-162.856;0.00519378;90
-162.642;0.00521552;90
-161.438;0.00511405;90
-155.28;0.00515323;90
-150.77;0.00548206;90
-145.497;0.00576752;90
-141.179;0.00609033;90
-137.101;0.00624937;90
-136.346;0.00623204;90
-140.04;0.00578742;90
-141.708;0.00562393;90
-132.91;0.0058545;90
-120.486;0.00652626;90
-116.608;0.00710444;90
-127.063;0.00630344;90
-141.882;0.00576557;90
-144.092;0.00556198;90
-145.441;0.00576289;90
-142.124;0.00592391;90
-138.866;0.00610349;90
-137.644;0.0060246;90
-126.528;0.00689672;90
-130.49;0.00653765;90
-134.936;0.00568726;90
-126.575;0.00605668;90
-136.724;0.00547478;90
-132.199;0.00546964;90
-110.485;0.00472905;90
-98.2118;0.00307351;90
-111.147;0.00169087;90
-126.664;0.00150221;90
53.9592;0.00219763;90
77.7322;0.000809484;90
-9.48239;0.00140824;90
25.8569;0.00282258;90
45.1696;0.00167231;90
24.8797;0.00111002;90
34.0061;0.00206157;90
40.4536;0.00223016;90
37.253;0.00200384;90
38.9275;0.00147055;90
-141.488;0.0080283;90
-143.763;0.00220933;90
-151.523;0.00256083;90
-167.253;0.00168144;90
100.136;0.000909189;90
102.185;0.00222206;90
-119.433;0.00407609;90
-119.065;0.00633589;90
-123.131;0.00594084;90
-107.192;0.00708454;90
-94.4507;0.0078607;90
-97.9157;0.00808908;90
-112.489;0.00699063;90
-119.197;0.00642877;90
-113.229;0.00658699;90
-115.791;0.00612738;90
-121.259;0.00602808;90
-110.084;0.00721045;90
-108.246;0.00765275;90
-110.813;0.00713993;90
-115.342;0.0069155;90
-119.5;0.00663865;90
-127.502;0.00589036;90
-139.111;0.00501072;90
-140.225;0.00506271;90
-137.96;0.0050385;90
-126.709;0.00518782;90
-130.411;0.00512599;90
-159.7;0.00434379;90
-143.715;0.00501186;90
-126.881;0.0062484;90
-121.337;0.00624148;90
-122.796;0.00583033;90
-141.058;0.00481755;90
-152.777;0.00443978;90
-128.957;0.00539338;90
-134.581;0.00579843;90
-149.025;0.00456032;90
-135.079;0.00460115;90
-138.928;0.00466514;90
-149.917;0.00416156;90
-133.714;0.00472608;90
-134.417;0.0048609;90
-143.912;0.00441401;90
-137.731;0.0046446;90
-149.433;0.00416477;90
-151.693;0.00438427;90
-143.868;0.00442637;90
-148.552;0.00420341;90
-160.545;0.00396012;90
-175.514;0.00363112;90
-169.078;0.00359411;90
-172.435;0.00375973;90
162.767;0.00435763;90
170.558;0.00418774;90
173.024;0.00410842;90
167.83;0.00396101;90
171.529;0.0041614;90
-174.118;0.00396186;90
169.991;0.0039816;90
162.546;0.00399075;90
-179.79;0.00381103;90
-176.226;0.00357074;90
175.573;0.00369202;90
174.647;0.00376241;90
-162.831;0.00377731;90
-142.922;0.00428923;90
-144.132;0.00425485;90
-140.088;0.0044014;90
-113.293;0.00533591;90
-91.8849;0.0068407;90
-87.7176;0.00670432;90
-96.1839;0.00651692;90
-115.74;0.00515557;90
-133.041;0.00442625;90
-114.912;0.00509946;90
-104.637;0.00550877;90
-105.836;0.00502054;90
-106.545;0.00543607;90
-105.157;0.00561844;90
-90.8522;0.00638771;90
-108.089;0.00534624;90
-124.629;0.00406151;90
-164.026;0.00306328;90
178.231;0.00291539;90
-134.495;0.00392955;90
-101.076;0.00572056;90
-93.8805;0.00625033;90
-93.7868;0.00629875;90
-94.9604;0.00609483;90
-93.7263;0.00533929;90
-36.7343;0.0013526;90
160.67;0.0023293;90
173.859;0.00333715;90
163.392;0.00349166;90
170.324;0.00370673;90
179.786;0.00374303;90
-173.914;0.00378232;90
-173.65;0.00388785;90
-173.736;0.00389525;90
174.614;0.00397355;90
154.922;0.0039802;90
161.51;0.00395728;90
-177.804;0.0038108;90
-159.027;0.00394217;90
-158.621;0.00387891;90
-166.992;0.00395858;90
-173.79;0.00392905;90
175.305;0.00394624;90
167.571;0.00365669;90
157.909;0.00392732;90
150.632;0.00429839;90
143.48;0.00421948;90
140.486;0.00432681;90
140.946;0.00429332;90
140.072;0.00419898;90
141.866;0.00435946;90
146.317;0.00456185;90
150.413;0.00486888;90
148.177;0.00499717;90
145.091;0.00521425;90
147.447;0.00494724;90
169.244;0.0042975;90
179.345;0.00393726;90
-173.722;0.00365794;90
-167.972;0.00427076;90
-154.618;0.00476608;90
-149.162;0.00492768;90
-143.457;0.00497128;90
-144.386;0.00502981;90
-147.341;0.0048533;90
-147.154;0.00500754;90
-140.754;0.0048874;90
-135.117;0.00519512;90
-133.258;0.00542106;90
-135.359;0.00540947;90
-142.415;0.00500219;90
-149.155;0.00462052;90
-157.899;0.00464858;90
-167.847;0.00441289;90
-175.393;0.00428284;90
-164.747;0.00442072;90
-152.552;0.00455586;90
-144.359;0.00489613;90
-135.119;0.00545888;90
-133.622;0.00546893;90
-138.49;0.00529757;90
-143.09;0.0051052;90
-150.643;0.00480162;90
-155.087;0.00482386;90
-156.991;0.00440549;90
-147.247;0.00490365;90
-141.931;0.00515073;90
-146.399;0.00484087;90
-151.798;0.0045706;90
-157.283;0.00457816;90
-163.393;0.00439116;90
-168.274;0.00426603;90
-169.225;0.00440771;90
-167.035;0.00439915;90
-164.54;0.0047343;90
-162.158;0.00455614;90
-160.267;0.00446628;90
-160.457;0.00456181;90
-166.817;0.00441537;90
177.652;0.059517;90
-175.612;0.00427353;90
-179.233;0.0860947;90
-158.286;0.00499224;90
-156.476;0.00483045;90
-157.6;0.00481534;90
-157.711;0.00506224;90
-155.526;0.0049629;90
-156.153;0.00483803;90
-151.733;0.00489468;90
-156.547;0.0048442;90
-163.829;0.00471453;90
-172.077;0.00473722;90
-178.968;0.00438771;90
176.116;0.00456148;90
176.832;0.00439772;90
176.515;0.00436006;90
-176.233;0.00473323;90
-170.106;0.00447556;90
-161.848;0.00460939;90
-158.767;0.00445654;90
-161.128;0.00430968;90
-172.423;0.00418655;90
169.231;0.00457049;90
155.69;0.0046591;90
155.122;0.00498233;90
156.861;0.00475881;90
178.145;0.00429325;90
-166.289;0.00470405;90
-169.449;0.00483881;90
-175.292;0.00472695;90
179.046;0.00414357;90
-178.664;0.00394607;90
-176.689;0.0044324;90
-165.462;0.00434616;90
-155.492;0.00443564;90
-147.661;0.00485858;90
-149.535;0.0048066;90
-160.007;0.00468854;90
-173.883;0.00472993;90
179.54;0.00423414;90
-170.226;0.00450641;90
-150.287;0.00491066;90
-147.556;0.00499931;90
-152.505;0.00495802;90
-164.216;0.00449968;90
-167.463;0.00447777;90
-168.291;0.00465179;90
-172.459;0.00463307;90
176.382;0.00510217;90
166.787;0.0048124;90
158.351;0.00482215;90
157.319;0.00463439;90
164.836;0.00442301;90
175.55;0.00440829;90
-173.74;0.0047966;90
-163.325;0.00452008;90
-162.921;0.00447746;90
-179.435;0.00446322;90
170.103;0.00446849;90
166.798;0.00436538;90
177.451;0.00440636;90
-162.728;0.00455019;90
-151.372;0.00519283;90
-142.945;0.00525903;90
-150.047;0.00509327;90
-156.122;0.00479762;90
-159.183;0.00464845;90
-152.686;0.00516486;90
-148.256;0.00479537;90
-148.997;0.00476235;90
-147.586;0.00426088;90
-155.238;0.00373877;90
-166.859;0.00419177;90
-166.458;0.00444148;90
-154.07;0.00467904;90
-140.283;0.00505324;90
-130.836;0.00565835;90
-134.617;0.00560536;90
-144.709;0.00517377;90
-148.923;0.00518407;90
-176.019;0.00426329;90
173.489;0.00344824;90
-171.439;0.00332505;90
-148.915;0.0034166;90
-132.66;0.00382793;90
-125.406;0.00430641;90
-126.089;0.004268;90
-136.707;0.00420279;90
-150.636;0.0034893;90
-162.578;0.00328992;90
-167.072;0.00327193;90
-167.697;0.00311146;90
-157.994;0.00327996;90
-144.769;0.00379635;90
-133.681;0.00414828;90
-124.716;0.00494289;90
-123.194;0.00560213;90
-126.767;0.00557001;90
-135.219;0.00498726;90
-147.624;0.00435499;90
-161.163;0.00418728;90
-167.328;0.00385183;90
-164.864;0.00385266;90
-153.703;0.0045822;90
-143.793;0.0044777;90
-135.772;0.00466804;90
-136.488;0.00495566;90
-142.227;0.00491241;90
-153.788;0.00471596;90
-167.129;0.00362714;90
-179.236;0.00330029;90
177.86;0.00310717;90
-176.186;0.00309686;90
-168.743;0.0031659;90
-164.629;0.00333116;90
-149.187;0.00371313;90
-138.332;0.00372285;90
-131.082;0.00419092;90
-135.708;0.00429034;90
-140.555;0.0046527;90
-130.517;0.00567209;90
-121.581;0.00592322;90
-115.393;0.00649222;90
-115.853;0.00629949;90
-123.288;0.00580314;90
-133.298;0.00526249;90
-144.645;0.00462982;90
-160.215;0.00414785;90
-169.622;0.00400248;90
-170.358;0.00393458;90
-170.12;0.00399221;90
-162.618;0.00407718;90
-152.297;0.00425697;90
-142.463;0.00455131;90
-136.027;0.00477586;90
-139.058;0.00465595;90
-143.772;0.0047851;90
-148.364;0.00427061;90
-155.163;0.0041234;90
-161.187;0.0039289;90
-167.997;0.00392379;90
-176.684;0.00378634;90
-177.216;0.00411786;90
-174.542;0.00393183;90
-162.904;0.00393906;90
-147.139;0.00412269;90
-131.552;0.00478517;90
-118.776;0.00694235;90
-117.973;0.00664313;90
-125.883;0.0060601;90
-137.619;0.00529327;90
-153.82;0.00426338;90
-156.128;0.00425502;90
-155.258;0.00421712;90
-139.531;0.00499505;90
-138.639;0.00480174;90
-155.805;0.00422844;90
-172.962;0.00417042;90
-174.867;0.00412454;90
-161.98;0.00432516;90
-147.627;0.00411447;90
-161.19;0.00401017;90
-177.937;0.0041677;90
-177.575;0.00432587;90
-176.685;0.00440938;90
-159.091;0.00412461;90
-141.782;0.00459867;90
-135.899;0.00473325;90
-136.155;0.00466432;90
-136.918;0.0046483;90
-135.411;0.00483178;90
-134.113;0.00452108;90
-134.254;0.00477762;90
-134.469;0.0048849;90
-150.423;0.00427277;90
-168.624;0.00406588;90
-157.742;0.00421616;90
-142.607;0.00503721;90
-136.513;0.00522098;90
-131.606;0.00542312;90
-133.35;0.00535219;90
-145.618;0.00465899;90
-126.759;0.00589021;90
-108.341;0.00676254;90
-101.658;0.0073639;90
-103.74;0.00717842;90
-113.437;0.00647412;90
-124.565;0.00603168;90
-136.918;0.00507138;90
-140.335;0.00495069;90
-140.432;0.00501256;90
-137.463;0.00498617;90
-130.642;0.00518323;90
-129.773;0.00570532;90
-132.448;0.00516063;90
-147.925;0.00456478;90
-170.278;0.00413336;90
168.582;0.00427357;90
168.311;0.00441761;90
-175.879;0.00420286;90
-157.562;0.00436225;90
-145.461;0.00462643;90
-140.992;0.00520943;90
-137.613;0.00504055;90
-132.759;0.00576945;90
-128.742;0.00566302;90
-125.467;0.00610103;90
-123.022;0.00604082;90
-127.784;0.00556731;90
-134.288;0.00512409;90
-129.872;0.00559368;90
-120.376;0.00616999;90
-112.705;0.00682924;90
-113.927;0.00679053;90
-125.173;0.00603244;90
-141.895;0.00526002;90
-163.89;0.0046777;90
175.772;0.00442203;90
-174.537;0.00442209;90
-153.059;0.0052419;90
-164.056;0.00463427;90
-162.256;0.00472162;90
-141.129;0.00517876;90
-126.907;0.0059216;90
-124.537;0.00617532;90
-132.777;0.00557761;90
-140.376;0.00489846;90
-138.347;0.00517141;90
-123.032;0.00625022;90
-110.831;0.00676845;90
-107.527;0.0068668;90
-110.221;0.00690882;90
-114.01;0.00671175;90
-117.954;0.00588348;90
-120.66;0.00604387;90
-121.174;0.0061162;90
-116.932;0.00621729;90
-113.093;0.00662376;90
-116.617;0.00636788;90
-124.555;0.00582335;90
-134.985;0.00545038;90
-147.636;0.00484217;90
-144.066;0.00512048;90
-139.713;0.00551641;90
-137.873;0.00560096;90
-132.951;0.00563712;90
-124.035;0.00599253;90
-116.663;0.00604365;90
-113.053;0.00635118;90
-116.853;0.00596188;90
-128.733;0.00539565;90
-143.672;0.0044176;90
-160.877;0.003715;90
-154.07;0.00403411;90
-133.067;0.0048429;90
-120.628;0.00582574;90
-112.391;0.00688836;90
-110.302;0.00678447;90
-120.206;0.00593711;90
-129.927;0.00509345;90
-137.851;0.00406524;90
-139.893;0.00523115;90
-144.812;0.00504117;90
-142.871;0.00534445;90
-138.393;0.00528003;90
-132.519;0.00508108;90
-125.844;0.00549708;90
-118.61;0.00575125;90
-111.696;0.00645961;90
-105.645;0.00691936;90
-109.175;0.00678333;90
-117.968;0.00617295;90
-120.173;0.00623937;90
-120.689;0.00644225;90
-121.439;0.00569035;90
-120.918;0.00585033;90
-124.681;0.00547099;90
-122.7;0.00544381;90
-113.441;0.0063675;90
-105.724;0.0064722;90
-99.4136;0.00676814;90
-100.004;0.00693647;90
-104.735;0.00689992;90
-108.612;0.00666769;90
-113.489;0.00618448;90
-120.452;0.00576533;90
-133.061;0.00532969;90
-136.44;0.00466979;90
-136.532;0.00462967;90
-127.167;0.00546887;90
-116.199;0.00630808;90
-108.377;0.00692096;90
-105.058;0.00735558;90
-102.467;0.00699493;90
-99.3246;0.00718393;90
-96.946;0.0073842;90
-93.9746;0.00742987;90
-92.1658;0.00735625;90
-90.5134;0.00725429;90
-90.085;0.00741701;90
-89.7696;0.00746106;90
-89.4342;0.00698734;90
-89.4222;0.00684235;90
-89.7608;0.00718606;90
-94.7006;0.00739487;90
-107.184;0.00628874;90
-120.997;0.00531852;90
-126.256;0.00561892;90
-122.69;0.00557864;90
-120.632;0.00583294;90
-117.269;0.00607854;90
-112.416;0.00613127;90
-113.311;0.00594859;90
-108.79;0.00627756;90
-101.969;0.0067845;90
-103.152;0.00653954;90
-108.021;0.00604137;90
-113.161;0.00582988;90
-117.944;0.00570631;90
-124.322;0.00530464;90
-127.324;0.00517716;90
-124.235;0.00539831;90
-119.827;0.00598133;90
-113.597;0.00646017;90
-105.452;0.00804688;90
-100.291;0.00803222;90
-102.27;0.00741129;90
-105.054;0.00716903;90
-107.644;0.00673376;90
-110.027;0.00631593;90
-112.242;0.00644883;90
-112.323;0.0063477;90
-110.407;0.0063783;90
-107.452;0.00652537;90
-108.479;0.00664142;90
-111.612;0.00636121;90
-113.418;0.0061419;90
-103.161;0.00698754;90
-95.1674;0.00672835;90
-95.5347;0.0071644;90
-104.66;0.00690273;90
-111.413;0.00586161;90
-112.749;0.00608755;90
-112.481;0.0062034;90
-112.239;0.00676415;90
-113.322;0.00616577;90
-112.475;0.00630702;90
-112.766;0.00650694;90
-112.662;0.00656377;90
-114.141;0.00649175;90
-116.921;0.00683356;90
-119.296;0.00602678;90
-123.51;0.00563689;90
-126.549;0.00560029;90
-127.184;0.00557928;90
-127.409;0.00570045;90
-127.734;0.005317;90
-127.255;0.00538852;90
-127.794;0.00530989;90
-124.419;0.00531806;90
-113.077;0.00565341;90
-111.164;0.00557826;90
-111.224;0.00551079;90
-110.013;0.00575342;90
-107.579;0.00632748;90
-105.949;0.00715127;90
-107.055;0.00708872;90
-117.467;0.00673185;90
-122.03;0.00579045;90
-117.27;0.00617649;90
-107.52;0.00633485;90
-100.009;0.00680659;90
-94.5571;0.00735024;90
-100.04;0.00745719;90
-109.319;0.00690692;90
-113.897;0.006206;90
-107.99;0.00606448;90
-102.121;0.00623398;90
-96.3455;0.00593536;90
-93.9116;0.00586366;90
-93.7252;0.00681841;90
-92.2206;0.00709733;90
-91.8437;0.00615419;90
-91.9765;0.00498697;90
-85.2731;0.00491472;90
-83.2608;0.00467832;90
-95.6165;0.00514972;90
-113.118;0.00438078;90
-131.559;0.00359363;90
-133.399;0.00361968;90
-123.543;0.00367379;90
-103.482;0.00230759;90
-66.0201;0.0033414;90
5.95206;0.00136938;90
78.3276;0.00182882;90
110.747;0.00245308;90
-159.394;0.00106835;90
-125.805;0.00246483;90
-126.807;0.0011016;90
-93.9082;0.00117373;90
70.9055;0.00208787;90
-124.943;0.00161151;90
-69.0878;0.00229733;90
-40.5809;0.00122056;90
65.9114;0.00212177;90
113.182;0.00368341;90
122.069;0.00228461;90
46.4009;0.00266093;90
45.6977;0.00458734;90
46.5175;0.00435235;90
63.6495;0.00441805;90
81.676;0.00513914;90
95.4714;0.00524389;90
94.4763;0.00538141;90
88.2924;0.00536938;90
92.6689;0.00474615;90
110.31;0.00425238;90
162.165;0.00338256;90
-177.707;0.00354984;90
178.05;0.00349703;90
165.686;0.00384642;90
160.288;0.00390164;90
162.014;0.00387011;90
166.628;0.00374452;90
165.967;0.00373238;90
166.183;0.00374745;90
168.324;0.00404674;90
172.71;0.00370394;90
173.684;0.00367229;90
177.934;0.00418772;90
-175.743;0.00405519;90
-168.865;0.0041012;90
-165.742;0.00438095;90
-158.658;0.0047014;90
-162.699;0.00445874;90
-169.055;0.00431347;90
-173.735;0.00413268;90
180;0.004021;90
176.423;0.00439156;90
-178.492;0.0043315;90
173.561;0.00436051;90
165.591;0.00436016;90
151.941;0.00490671;90
147.074;0.00494892;90
146.06;0.00483232;90
143.782;0.00522454;90
140.8;0.00533201;90
137.512;0.00542165;90
139.628;0.00484605;90
148.016;0.00430444;90
143.209;0.0044916;90
132.929;0.00524309;90
130.995;0.00527446;90
142.102;0.00471296;90
147.277;0.00440273;90
136.717;0.00500432;90
125.709;0.00531289;90
121.622;0.00586478;90
121.74;0.00597453;90
121.177;0.00607898;90
121.342;0.00633667;90
124.393;0.00605806;90
130.176;0.00570109;90
135.994;0.00541938;90
144.154;0.0050358;90
151.546;0.00478958;90
154.389;0.00486054;90
141.728;0.00484025;90
137.741;0.00508709;90
154.886;0.00460867;90
172.499;0.00405974;90
174.315;0.00415945;90
173.248;0.00436326;90
156.979;0.00440588;90
142.359;0.00472563;90
128.855;0.00537663;90
123.191;0.00537969;90
123.423;0.00535929;90
122.64;0.00541756;90
122.474;0.00543479;90
116.619;0.00620688;90
114.432;0.00642868;90
118.099;0.00613171;90
131.576;0.00537512;90
146.365;0.00458571;90
146.281;0.00433415;90
144.783;0.00436121;90
146.21;0.00427758;90
135.525;0.00455042;90
129.032;0.00497814;90
126.119;0.00517084;90
126.02;0.0054364;90
125.922;0.00516291;90
129.604;0.00480487;90
142.957;0.00437742;90
159.802;0.0040607;90
159.459;0.00399286;90
161.093;0.00414462;90
159;0.00404893;90
152.813;0.00416067;90
136.404;0.00456079;90
125.289;0.00490047;90
122.229;0.00507022;90
122.755;0.00521765;90
130.494;0.00477074;90
138.561;0.00441663;90
133.297;0.00566218;90
115.912;0.0069497;90
108.418;0.00735261;90
107.913;0.00731876;90
107.562;0.00733069;90
105.987;0.0074106;90
104.429;0.00760901;90
104.614;0.00755852;90
104.206;0.00752616;90
104.014;0.00757342;90
104.021;0.00708713;90
105.835;0.00720128;90
113.552;0.00649178;90
123.091;0.00525302;90
131.512;0.00364977;90
140.154;0.00269223;90
147.781;0.00270089;90
155.111;0.00394432;90
156.565;0.00506913;90
157.055;0.00483777;90
164.204;0.00465063;90
175.846;0.0045279;90
-178.52;0.00452951;90
-179.226;0.00451741;90
178.172;0.0045153;90
174.59;0.00457136;90
172.347;0.00458787;90
172.725;0.00455668;90
175.182;0.00432227;90
-177.68;0.0041504;90
-170.858;0.00441204;90
-172.474;0.00432123;90
177.572;0.00415373;90
148.294;0.00455127;90
145.721;0.00475126;90
153.915;0.00448034;90
156.026;0.00395741;90
157.094;0.00393097;90
159.935;0.00392313;90
161.193;0.00389285;90
164.562;0.00378663;90
167.026;0.00375485;90
167.68;0.00366951;90
162.432;0.00369744;90
161.787;0.00391936;90
169.465;0.00388855;90
176.27;0.00368882;90
-177.439;0.00366967;90
-171.81;0.00366437;90
-159.451;0.00387453;90
-153.752;0.00411756;90
-147.964;0.0041889;90
-138.453;0.00437858;90
-130.712;0.00476651;90
-118.801;0.0053532;90
-112.191;0.00589893;90
-113.212;0.00564276;90
-119.196;0.00523165;90
-125.835;0.00500302;90
-126.127;0.00491881;90
-122.46;0.00511635;90
-117.612;0.00553206;90
-109.252;0.00592323;90
-101.537;0.00629518;90
-94.4275;0.0065676;90
-89.5318;0.00648622;90
-89.6452;0.00678213;90
-93.2039;0.00674554;90
-95.0531;0.00646011;90
-96.7;0.00647119;90
-93.8356;0.00672707;90
-91.3605;0.0067389;90
-91.0331;0.00660007;90
-91.425;0.00643399;90
-91.129;0.00675031;90
-91.3584;0.00645381;90
-87.5334;0.00638992;90
-83.7977;0.00628479;90
-78.1418;0.00629228;90
-70.3747;0.00595174;90
-62.6533;0.0055728;90
-55.0013;0.00495504;90
-55.012;0.00468953;90
-61.3013;0.004925;90
-70.5536;0.00549974;90
-77.6918;0.00549326;90
-81.2137;0.00542061;90
-82.5842;0.00410635;90
-83.5511;0.00162931;90
-92.7522;0.00189519;90
-94.2086;0.0041151;90
-94.0869;0.00631406;90
-91.5604;0.00642638;90
-23.0063;0.520092;90
113.293;0.000877522;90
136.233;0.00118256;90
135.749;0.000703631;90
131.949;0.000770425;90
130.655;0.00103606;90
-146.897;0.000514511;90
169.172;0.000979439;90
173.466;0.000817308;90
142.946;0.00218401;90
142.502;0.00295698;90
136.589;0.00260032;90
56.1615;0.0017132;90
62.0196;0.00351259;90
87.5206;0.00122515;90
102.942;0.00229941;90
89.3734;0.00384023;90
97.7881;0.00225076;90
122.166;0.00268043;90
138.892;0.00378114;90
121.983;0.0049257;90
121.856;0.00532036;90
126.764;0.00540501;90
130.625;0.005589;90
108.514;0.00689693;90
87.8831;0.00766123;90
81.7307;0.00593773;90
117.984;0.00178806;90
90.8622;0.0017942;90
68.5502;0.000937965;90
-127.95;0.000403272;90
54.9959;0.00233424;90
92.6131;0.0118663;90
80.9069;0.00398002;90
84.9209;0.00512814;90
163.77;0.00129876;90
-11.0531;0.00236283;90
17.5649;0.0041652;90
17.4675;0.00430764;90
12.9559;0.00443798;90
4.99794;0.00422406;90
-0.490035;0.00432616;90
-7.69855;0.00429976;90
-8.98498;0.00434127;90
-10.0582;0.00430009;90
-12.081;0.00435751;90
-15.0656;0.00440128;90
-17.261;0.0044452;90
-18.4102;0.00439493;90
-14.221;0.00391188;90
-5.83677;0.00356951;90
4.46085;0.00339428;90
27.1255;0.00356625;90
55.7959;0.00488489;90
83.3264;0.00656549;90
85.0335;0.00696515;90
79.5527;0.00708648;90
72.7668;0.00636264;90
66.7269;0.00636272;90
69.995;0.00692483;90
78.735;0.00749438;90
85.2135;0.00790958;90
79.8908;0.00754311;90
70.3763;0.00664601;90
61.0655;0.00639302;90
58.5129;0.00651533;90
67.1947;0.00715427;90
73.8343;0.00771505;90
73.7307;0.00777432;90
70.9994;0.00733463;90
68.6924;0.00706708;90
68.5437;0.00712155;90
62.1729;0.00661947;90
52.6429;0.00599722;90
52.78;0.00602271;90
51.9771;0.00601322;90
53.1924;0.0060738;90
52.79;0.00603071;90
53.6933;0.00606309;90
57.3124;0.00629376;90
60.5667;0.00661363;90
64.373;0.00677441;90
66.8224;0.00715226;90
67.787;0.00690117;90
66.9171;0.00702438;90
67.6542;0.00707531;90
67.0416;0.00695274;90
67.4504;0.00715285;90
66.4387;0.00703226;90
70.8734;0.00723013;90
78.5577;0.00780819;90
86.185;0.00814605;90
80.2598;0.00779638;90
68.3352;0.00708875;90
67.258;0.00703602;90
72.5202;0.00741752;90
71.8623;0.00737548;90
68.664;0.0076353;90
67.7358;0.00712629;90
68.3072;0.00705031;90
72.2089;0.00742929;90
73.7704;0.007478;90
76.7177;0.00768662;90
78.2335;0.00780194;90
77.8338;0.0077296;90
69.3452;0.00712711;90
61.6369;0.0065992;90
57.4639;0.00636259;90
53.2689;0.00611142;90
55.4548;0.00618809;90
64.011;0.00685076;90
68.8165;0.00704291;90
75.0531;0.00761464;90
78.9927;0.00783514;90
69.6542;0.00720768;90
67.2147;0.00719118;90
66.425;0.00645582;90
61.3349;0.00652923;90
58.9531;0.00650135;90
57.0352;0.00593799;90
54.259;0.00589774;90
72.4024;0.00750837;90
86.969;0.00894551;90
90.267;0.0090131;90
90.2986;0.00882612;90
90.1317;0.00826902;90
89.7602;0.00812307;90
89.7055;0.00817011;90
87.3449;0.00807367;90
84.467;0.0080274;90
81.8872;0.00797885;90
79.0673;0.00780363;90
76.0382;0.00765104;90
72.8854;0.00747919;90
66.7162;0.00697724;90
55.9862;0.00618528;90
44.9495;0.00561655;90
45.036;0.00563069;90
54.1026;0.00612788;90
61.1381;0.0065838;90
66.8747;0.00698419;90
73.9572;0.00759165;90
78.1953;0.00769883;90
80.0066;0.00798109;90
73.6824;0.00750636;90
65.023;0.00685842;90
55.4358;0.00619922;90
56.593;0.00645679;90
60.3136;0.00643914;90
59.3995;0.0064375;90
60.0386;0.00649959;90
60.8897;0.0065962;90
68.1462;0.00711102;90
74.9441;0.0075916;90
68.2061;0.00703804;90
60.1483;0.00658353;90
52.684;0.00595998;90
44.4549;0.00564862;90
39.2068;0.00536606;90
36.4387;0.00518215;90
36.5727;0.00524467;90
41.3693;0.00543796;90
48.5947;0.00577428;90
58.4787;0.00639806;90
68.9004;0.00721685;90
67.4345;0.00729662;90
57.7278;0.00675915;90
40.5101;0.00538346;90
19.2785;0.00470377;90
32.2354;0.00506937;90
50.5355;0.00589364;90
64.2015;0.00681972;90
66.682;0.00699537;90
60.7027;0.00655779;90
53.1695;0.0061156;90
44.0575;0.00563145;90
40.8949;0.00577845;90
39.3757;0.00532469;90
33.3345;0.00504981;90
37.7191;0.00522237;90
50.1344;0.00586281;90
59.9779;0.00656362;90
66.3952;0.0069451;90
64.6735;0.00691017;90
59.6164;0.00648692;90
58.5805;0.00644735;90
62.0634;0.00659561;90
66.3123;0.00709146;90
70.092;0.00729494;90
72.3552;0.0074757;90
67.355;0.00701262;90
52.9976;0.00605302;90
40.4482;0.00539953;90
41.5464;0.00545817;90
50.8095;0.00586801;90
56.1024;0.00627925;90
47.575;0.00580768;90
30.342;0.00491527;90
12.2164;0.00457459;90
23.7712;0.00483521;90
22.3993;0.0047158;90
-2.85165;0.0045226;90
2.62927;0.00457782;90
24.5947;0.00481263;90
46.0086;0.00562378;90
60.565;0.00658274;90
67.8188;0.00714367;90
63.6972;0.00674092;90
55.5664;0.00621982;90
45.5371;0.00565781;90
50.3774;0.0058928;90
56.1398;0.00625843;90
54.593;0.00622043;90
51.5918;0.00597495;90
48.706;0.00578704;90
44.2977;0.00559576;90
38.6056;0.00528242;90
34.6705;0.00513839;90
20.1481;0.0047177;90
0.52051;0.00451319;90
-15.7908;0.00463388;90
-5.63977;0.00450782;90
18.7578;0.0047144;90
40.9913;0.00540137;90
50.4048;0.00599818;90
50.3547;0.00581162;90
43.9323;0.00554044;90
39.4377;0.00538381;90
39.2253;0.00534812;90
44.428;0.00594989;90
58.1867;0.00641938;90
68.8237;0.00720021;90
77.367;0.00781417;90
77.1551;0.00757045;90
65.6691;0.00671107;90
42.3115;0.00539692;90
41.6702;0.00545393;90
48.6713;0.00577548;90
46.9946;0.00568859;90
37.4345;0.00523645;90
28.8736;0.00491842;90
11.7596;0.0045975;90
28.4216;0.00491433;90
45.7959;0.00570124;90
45.4498;0.0055849;90
44.6609;0.00561523;90
44.4254;0.00557016;90
45.0729;0.00555928;90
41.9249;0.00547028;90
35.0121;0.0051329;90
12.6006;0.00458852;90
1.95237;0.00454964;90
1.47368;0.00451049;90
10.3465;0.00454897;90
31.6736;0.00499734;90
19.4646;0.00478656;90
3.68891;0.00447627;90
8.23948;0.00444488;90
29.2037;0.00496397;90
43.4715;0.00556691;90
33.12;0.00507326;90
24.3868;0.00481237;90
23.5408;0.0048147;90
38.7219;0.00533459;90
53.5357;0.00604555;90
60.2947;0.00663722;90
62.7289;0.00675031;90
49.9688;0.00585351;90
32.2403;0.00504245;90
9.75023;0.0044168;90
3.44793;0.00384095;90
1.80126;0.00378587;90
4.53564;0.00381896;90
12.9702;0.00387178;90
20.6442;0.00395389;90
26.1622;0.00407109;90
33.6938;0.00427757;90
35.4079;0.0043114;90
42.6365;0.00457817;90
44.0622;0.00466612;90
36.4541;0.00438252;90
28.1246;0.00407518;90
17.4678;0.00393443;90
10.27;0.00411696;90
9.71781;0.00379749;90
11.1018;0.00383272;90
15.9879;0.0038884;90
33.586;0.00427702;90
43.8966;0.00462675;90
53.3037;0.00508222;90
61.4938;0.00557145;90
65.0378;0.00581963;90
63.363;0.00570108;90
56.9689;0.0053055;90
47.2649;0.0047951;90
39.3139;0.00444624;90
44.5938;0.00468753;90
48.1179;0.00482324;90
37.1656;0.00445606;90
20.8873;0.00388747;90
13.8131;0.00386168;90
6.01294;0.00380896;90
-2.59982;0.0037919;90
2.69446;0.00376516;90
18.5141;0.00411919;90
31.8554;0.00461747;90
40.2552;0.00518885;90
44.6912;0.00406663;90
42.0189;0.00335835;90
38.8337;0.00334416;90
30.1799;0.00344727;90
22.3479;0.00348473;90
13.0385;0.00332882;90
13.7801;0.0035265;90
17.762;0.00376969;90
30.7724;0.00400486;90
41.8558;0.0047313;90
51.995;0.00517922;90
55.8383;0.00495253;90
56.9506;0.00518372;90
49.3562;0.00453363;90
38.7228;0.00468865;90
21.8103;0.0048071;90
12.3534;0.0048892;90
18.2967;0.0047175;90
37.2618;0.00520432;90
51.6516;0.00597639;90
54.0827;0.00615905;90
33.9767;0.00537705;90
3.68048;0.00456441;90
-4.18858;0.00455918;90
24.2008;0.00475927;90
34.5464;0.00514043;90
40.7154;0.0057734;90
48.2857;0.00518171;90
46.5686;0.00493392;90
33.9362;0.00445484;90
21.8199;0.00402755;90
9.88424;0.00372834;90
14.1594;0.00428828;90
28.2317;0.00421319;90
34.6375;0.00478023;90
31.3938;0.00486641;90
32.2248;0.00481582;90
24.771;0.0047853;90
21.4326;0.00504916;90
25.758;0.00485767;90
33.1458;0.00508073;90
35.4863;0.00518511;90
25.065;0.00481769;90
10.2829;0.00491291;90
-6.14238;0.00454208;90
-14.6167;0.00466808;90
-3.77808;0.00455289;90
7.58703;0.00447619;90
18.9829;0.00502635;90
10.144;0.00458771;90
0.542175;0.0045442;90
-10.2771;0.00461301;90
-20.285;0.0047016;90
-23.1781;0.00478415;90
-17.7905;0.0050043;90
-4.88112;0.00453645;90
3.02615;0.00450829;90
9.40887;0.00458164;90
12.5706;0.00460847;90
13.2135;0.00461108;90
22.1852;0.00479606;90
31.2949;0.00504386;90
32.5214;0.0050724;90
18.2796;0.00466438;90
2.68299;0.00452896;90
2.54119;0.0045785;90
13.9844;0.00455603;90
28.0955;0.004973;90
32.8392;0.00509881;90
27.4318;0.00490784;90
15.4167;0.00457046;90
4.3584;0.00457924;90
-0.902922;0.00450556;90
1.20592;0.00460902;90
5.4108;0.00450708;90
11.059;0.0045668;90
14.1745;0.00462274;90
-3.50611;0.00452948;90
-21.7592;0.00478816;90
-25.4639;0.00486345;90
-23.2281;0.00484035;90
-9.06385;0.00453867;90
9.00729;0.00455416;90
17.8206;0.00465957;90
19.5994;0.00474598;90
18.2615;0.00459544;90
8.0157;0.00460398;90
2.49777;0.00454332;90
-3.49726;0.00465567;90
-2.85736;0.00453364;90
-3.01852;0.00472856;90
3.95505;0.00459595;90
11.0288;0.00451641;90
18.0324;0.00472614;90
24.8381;0.00470414;90
27.8714;0.00449209;90
24.6176;0.00434272;90
24.3001;0.00458305;90
23.33;0.00481029;90
22.6373;0.00481169;90
23.1533;0.00481698;90
19.8934;0.00474622;90
11.1712;0.00453696;90
6.61454;0.0045664;90
5.12884;0.00450805;90
5.73948;0.00453976;90
11.2327;0.00450734;90
17.9744;0.00476033;90
14.6895;0.00463758;90
-0.344536;0.00449008;90
-12.9787;0.0045995;90
-17.4945;0.00472034;90
-16.9331;0.00466944;90
-16.3547;0.00463453;90
-7.65157;0.00458886;90
-4.65043;0.00453894;90
-0.477244;0.00456216;90
0.718888;0.00446335;90
3.26032;0.00450129;90
6.20372;0.00449734;90
7.83325;0.00458579;90
5.14868;0.0045353;90
-4.81548;0.00468152;90
24.0144;0.00482351;90
15.4974;0.00458469;90
-7.28967;0.00461833;90
-17.4533;0.00461444;90
-18.9848;0.00471233;90
-15.8661;0.00466367;90
-12.2225;0.00460539;90
-8.83034;0.00460559;90
-0.177151;0.00452802;90
-0.8414;0.00449448;90
4.18954;0.00451707;90
8.02603;0.00482728;90
13.3591;0.00445351;90
17.4949;0.00468365;90
20.2968;0.00475953;90
19.1565;0.00469604;90
15.1553;0.0046321;90
11.9694;0.00456628;90
10.9777;0.00422735;90
12.4558;0.00400118;90
15.1649;0.00456807;90
23.3826;0.00482527;90
28.2881;0.00490815;90
33.077;0.0051579;90
37.2675;0.00524493;90
31.2655;0.00501537;90
24.8;0.00482057;90
24.6615;0.00486032;90
31.2359;0.00501965;90
37.6554;0.0053101;90
43.382;0.00560959;90
47.0128;0.00575799;90
41.7363;0.0054649;90
32.6307;0.00504059;90
20.5304;0.00471336;90
8.75861;0.00455107;90
8.41916;0.00456924;90
18.871;0.0047366;90
28.3475;0.00490294;90
35.3483;0.00520444;90
42.9983;0.00595181;90
46.4561;0.00556531;90
45.3154;0.0056527;90
39.4783;0.00535715;90
32.9786;0.00509254;90
32.6602;0.00513846;90
36.2971;0.00520126;90
36.4673;0.00520893;90
28.3063;0.00493057;90
20.2333;0.00471601;90
10.9941;0.00462488;90
4.71578;0.00457348;90
-9.01063;0.0045461;90
-27.1195;0.00489856;90
-35.1938;0.00521043;90
-34.5479;0.00516844;90
-29.6379;0.00498062;90
-33.6281;0.00513181;90
-37.4262;0.00527365;90
-39.4487;0.00536523;90
-38.5328;0.00535506;90
-37.0709;0.00524383;90
-30.6935;0.00498192;90
-19.2144;0.00471887;90
-9.23889;0.00455306;90
0.648028;0.00450929;90
10.6553;0.00454843;90
21.5633;0.00464725;90
18.2684;0.00467671;90
-3.23683;0.0045162;90
-23.7686;0.00483074;90
-14.1573;0.00459145;90
6.53547;0.00456869;90
7.94851;0.0041943;90
3.58178;0.00393769;90
0.530369;0.00399717;90
-11.1264;0.00361189;90
-20.0374;0.00288354;90
14.1444;0.00295457;90
60.1966;0.00400583;90
82.7018;0.00537656;90
86.1443;0.0062311;90
86.18;0.00579387;90
83.4192;0.00565425;90
63.2217;0.00444578;90
14.3026;0.00328688;90
5.73782;0.00335079;90
47.5183;0.00403936;90
69.7816;0.00524307;90
88.8885;0.00608314;90
78.3433;0.00573631;90
71.9305;0.00510687;90
74.922;0.004909;90
74.6385;0.00505458;90
70.7306;0.00497258;90
53.5346;0.0041643;90
51.829;0.00421029;90
72.2085;0.00540657;90
88.0314;0.00588047;90
92.1462;0.0068358;90
84.5099;0.00654301;90
58.6701;0.00525997;90
37.5587;0.00425871;90
36.4433;0.00432472;90
31.1664;0.00436501;90
8.27012;0.00428253;90
-7.81107;0.00421612;90
1.45192;0.00426237;90
2.34144;0.00423454;90
-15.4263;0.00413912;90
-10.1284;0.00427055;90
7.30612;0.00404182;90
-10.516;0.00390662;90
-12.2057;0.00403931;90
-6.68114;0.00408273;90
-9.5551;0.00416275;90
-16.7545;0.00427028;90
6.35996;0.00416161;90
10.3449;0.00409862;90
5.1999;0.00379562;90
28.4731;0.00396227;90
28.5837;0.00427846;90
37.318;0.00462854;90
26.2103;0.00426113;90
35.0612;0.0046131;90
41.4563;0.00480479;90
37.1042;0.00459664;90
49.2968;0.00500199;90
41.1504;0.00440248;90
31.5694;0.00413729;90
40.0504;0.00452397;90
43.4528;0.00458302;90
31.0437;0.00430102;90
47.1079;0.00478682;90
52.8073;0.00493468;90
28.3008;0.00386838;90
33.1073;0.00409002;90
53.4011;0.00532866;90
59.6914;0.00545916;90
55.7185;0.00674468;90
43.7757;0.0060231;90
20.4019;0.0053069;90
50.4563;0.00638795;90
48.0676;0.00628953;90
43.9584;0.00595129;90
35.8014;0.00555577;90
49.6709;0.0065299;90
60.0679;0.00751543;90
65.5862;0.00803001;90
70.1832;0.00792001;90
71.5473;0.00818587;90
68.101;0.00752606;90
57.3119;0.00613814;90
67.6573;0.00666323;90
63.9548;0.00630865;90
61.2365;0.00594561;90
72.6192;0.00675545;90
84.3976;0.0072215;90
85.1051;0.00746523;90
70.2604;0.00647233;90
56.5833;0.00552183;90
60.1525;0.0060921;90
68.7405;0.00528141;90
-173.588;0.00158491;90
-65.9065;0.00395123;90
-28.9052;0.000558588;90
-9.69811;0.00147812;90
25.4437;0.00251382;90
36.934;0.0021468;90
36.5152;0.00200324;90
37.1596;0.00181942;90
39.3405;0.00181409;90
40.0998;0.00199497;90
38.1627;0.0011701;90
-73.3008;0.000156605;90
-141.788;0.00455885;90
-144.193;0.00480643;90
-142.758;0.00265046;90
-160.395;0.00229186;90
152.64;0.00115974;90
123.022;0.00309377;90
84.0751;0.00199566;90
34.3716;0.00312457;90
52.4609;0.00426389;90
43.8683;0.00490474;90
43.9433;0.00498454;90
54.2;0.00568759;90
44.619;0.00542292;90
48.6222;0.00573053;90
55.3379;0.00624544;90
43.03;0.00567718;90
40.8674;0.00553406;90
39.7132;0.00547935;90
35.5231;0.00547991;90
35.1336;0.00540588;90
35.3771;0.00547366;90
44.8551;0.0055904;90
57.3418;0.00648411;90
63.4385;0.00725917;90
53.8216;0.00677789;90
41.2155;0.00620283;90
39.0985;0.00597632;90
42.1216;0.0059564;90
44.0586;0.00598222;90
40.5745;0.0062681;90
36.9156;0.0055158;90
31.3321;0.00498848;90
26.2961;0.0058125;90
22.2661;0.00494579;90
18.104;0.00470808;90
16.9908;0.00481831;90
18.6004;0.00514789;90
22.6207;0.00510362;90
24.7216;0.0051577;90
23.3916;0.00533987;90
14.7225;0.00498155;90
18.012;0.00466986;90
36.3089;0.00531125;90
41.8476;0.00573483;90
24.0673;0.00499744;90
13.6493;0.00506402;90
23.6455;0.00510128;90
42.9084;0.00588988;90
53.7662;0.00630539;90
57.5421;0.00696504;90
47.9275;0.0059949;90
35.8886;0.00552361;90
36.194;0.00545958;90
46.8339;0.00589959;90
59.2011;0.00703284;90
67.4461;0.00794677;90
73.4561;0.0084811;90
64.5961;0.00745927;90
40.6392;0.00557045;90
37.5577;0.00511517;90
54.6979;0.00638879;90
64.0323;0.00724883;90
71.7235;0.00766254;90
80.3073;0.00813716;90
83.9374;0.00845529;90
83.6317;0.00855579;90
79.259;0.0084134;90
72.5264;0.00780307;90
71.7228;0.00746775;90
79.7019;0.00834035;90
80.3617;0.00872617;90
80.6009;0.00864608;90
80.0586;0.00876968;90
81.5982;0.00882875;90
83.1435;0.00897116;90
82.1952;0.00879245;90
81.1243;0.0085099;90
79.2414;0.0085391;90
81.4873;0.00878883;90
83.2255;0.00869773;90
78.3134;0.00838277;90
71.6791;0.00842085;90
66.2211;0.00728657;90
69.6425;0.00746528;90
77.196;0.00810863;90
71.5376;0.00792593;90
55.9816;0.00638831;90
34.9383;0.00524538;90
32.669;0.00504275;90
48.3772;0.00573753;90
60.6489;0.00656928;90
69.9425;0.00789589;90
75.2615;0.00872612;90
80.797;0.0089725;90
83.7334;0.00911547;90
83.5894;0.00916229;90
76.8703;0.00864602;90
72.7368;0.0082423;90
76.3045;0.00852334;90
83.3886;0.00877234;90
84.0563;0.00836296;90
81.5735;0.00822984;90
81.6821;0.00841249;90
86.2522;0.00833783;90
88.1962;0.0084822;90
80.1759;0.00807034;90
78.0584;0.00864611;90
78.6152;0.00900723;90
80.8718;0.00902023;90
77.8634;0.00888969;90
75.378;0.0089447;90
74.914;0.00861801;90
77.6984;0.00891776;90
80.9301;0.00876053;90
82.0937;0.00901469;90
76.9115;0.00759531;90
83.9057;0.00499221;90
83.7244;0.000978866;90
-27.7076;0.00251205;90
-22.7731;0.0031647;90
45.5048;0.00441464;90
72.4616;0.0065075;90
51.059;0.00483676;90
2.49204;0.00400178;90
12.8989;0.00439901;90
23.1626;0.00459651;90
20.3223;0.0045609;90
15.3609;0.00413367;90
4.17219;0.00372487;90
-26.4706;0.00433887;90
-26.2793;0.00457371;90
-26.5706;0.00462777;90
-12.2621;0.00456719;90
2.94522;0.00445689;90
7.22724;0.0043798;90
10.1815;0.00432206;90
-23.4768;0.00429994;90
-58.1666;0.00596644;90
-66.9912;0.00661854;90
-67.6679;0.00661624;90
-57.34;0.00572404;90
-45.1207;0.0050339;90
-40.3709;0.00515181;90
-38.0614;0.00517432;90
-37.1875;0.00512388;90
-35.3837;0.00497367;90
-40.0299;0.00516646;90
-41.8331;0.00519669;90
-40.2252;0.00510535;90
-39.8304;0.0053207;90
-35.4255;0.0050462;90
-16.1164;0.00446341;90
19.1003;0.00430289;90
13.0106;0.00429527;90
0.69349;0.00429631;90
-21.1427;0.0044581;90
-47.3255;0.00538481;90
-66.6271;0.00750919;90
-56.1045;0.00626704;90
-34.54;0.00497371;90
-21.8887;0.00475585;90
-20.2171;0.00476881;90
-6.59387;0.00458936;90
34.4474;0.00511978;90
2.58719;0.00423131;90
-47.2299;0.00565194;90
-54.9157;0.00625804;90
-57.152;0.00637891;90
-17.6247;0.0040029;90
25.5845;0.0039459;90
36.1365;0.00451577;90
-1.3411;0.00734901;90
-3.40277;0.00370653;90
-16.5465;0.00352184;90
-17.2128;0.00355837;90
-11.8852;0.00341828;90
-15.4924;0.00357904;90
-14.6313;0.00368965;90
-34.0085;0.00439107;90
-52.1028;0.00520964;90
-62.2143;0.00550019;90
-61.8758;0.00580206;90
-56.2154;0.00537699;90
-45.1359;0.00477016;90
-29.5546;0.00324985;90
-13.3697;0.00360675;90
6.3075;0.00367726;90
14.9805;0.00345854;90
14.5381;0.00335027;90
5.41689;0.00382408;90
-13.2775;0.00380984;90
-23.095;0.00392344;90
-7.26077;0.00382164;90
0.0469381;0.003662;90
-32.5128;0.0041173;90
-32.5327;0.00428427;90
-26.0471;0.00410604;90
11.2761;0.00365659;90
-3.00884;0.0030482;90
-52.0873;0.00386844;90
-66.2984;0.0049058;90
-77.1209;0.00668928;90
-65.1926;0.0055843;90
-42.4164;0.00437649;90
-15.436;0.00372331;90
-22.3036;0.00370736;90
-13.5592;0.00308807;90
28.9305;0.00358658;90
46.6503;0.00387938;90
38.5503;0.00351251;90
31.6656;0.00316404;90
30.8913;0.00339104;90
17.3271;0.00317299;90
34.4652;0.00381336;90
13.9235;0.00332881;90
-15.6716;0.00316153;90
-49.8115;0.00421507;90
-30.5523;0.00341514;90
5.7169;0.00271048;90
17.0981;0.00273801;90
17.5667;0.00279641;90
15.2611;0.00251882;90
15.8591;0.00246274;90
23.9533;0.00254192;90
2.35094;0.00265724;90
-35.7962;0.0028603;90
-33.5428;0.00280513;90
-16.7415;0.00272866;90
-12.4232;0.00276576;90
31.9619;0.00320957;90
43.4144;0.00304102;90
42.796;0.00321759;90
58.2623;0.00372032;90
59.3157;0.00379771;90
46.6108;0.00332047;90
41.1721;0.0027327;90
38.0022;0.00288456;90
47.57;0.00328003;90
22.6329;0.00304554;90
6.17325;0.00250151;90
-23.8808;0.0027789;90
-20.7008;0.00268751;90
-9.36366;0.00286416;90
9.40143;0.00232016;90
20.0705;0.00296932;90
40.9441;0.0030092;90
39.5574;0.00336971;90
39.9731;0.00319569;90
12.3743;0.00273453;90
12.946;0.00247286;90
12.0335;0.00254697;90
14.1916;0.00268391;90
11.9153;0.00287699;90
11.0752;0.00320672;90
20.3884;0.00372005;90
24.949;0.0037742;90
7.95961;0.00351688;90
-28.4232;0.00383419;90
-54.0448;0.00542449;90
-61.2781;0.00578702;90
-60.7704;0.00623374;90
-67.3142;0.00627985;90
-66.1235;0.00500536;90
-51.4593;0.00473301;90
-38.4726;0.00454078;90
-63.7034;0.00582144;90
-76.2009;0.00697223;90
-75.5973;0.00769897;90
-76.0278;0.00586039;90
-51.4958;0.0127696;90
3.13538;0.00400399;90
4.50064;0.0040525;90
4.50944;0.00396828;90
3.85975;0.0039219;90
-44.8941;0.0126282;90
-50.5129;0.00444564;90
-33.7787;0.00394614;90
-45.9209;0.00391576;90
-57.1886;0.00415963;90
-48.3372;0.00259949;90
-40.4697;0.00240815;90
-28.9334;0.0026623;90
-29.1431;0.00270435;90
-22.3123;0.00243642;90
-23.6939;0.00249098;90
-42.1452;0.00318027;90
-38.3656;0.00301123;90
-18.5156;0.00269553;90
-15.2777;0.00245164;90
16.8584;0.00148272;90
20.5857;0.0011291;90
31.7656;0.00301455;90
25.442;0.00346836;90
16.4736;0.00303978;90
27.0659;0.00291639;90
61.0698;0.00460575;90
80.7109;0.00614559;90
92.2527;0.00610572;90
93.358;0.00599229;90
87.5936;0.00535873;90
75.5555;0.00527577;90
64.9402;0.00435826;90
57.5973;0.00417268;90
65.8289;0.00465732;90
68.8366;0.00486942;90
74.7017;0.00512044;90
77.4024;0.00479135;90
72.036;0.00519422;90
69.7417;0.00515807;90
55.1182;0.00442747;90
45.8583;0.00382376;90
46.6302;0.00397696;90
50.8074;0.00408115;90
62.8882;0.00468701;90
71.061;0.00506838;90
71.4342;0.00540213;90
52.9094;0.00394643;90
23.0358;0.00281877;90
-6.02972;0.00275122;90
-12.4233;0.00288659;90
19.6738;0.00289606;90
57.8403;0.00354136;90
72.437;0.00484169;90
72.0981;0.00469113;90
70.8058;0.00496395;90
74.0809;0.00507877;90
77.8175;0.005151;90
60.0696;0.00425094;90
33.2636;0.00331637;90
12.2279;0.00297448;90
3.56057;0.00294669;90
1.98414;0.0030038;90
13.1963;0.00319332;90
22.5616;0.00302339;90
24.9408;0.00309238;90
21.3053;0.00308804;90
15.0532;0.00306104;90
9.48747;0.00299699;90
4.2261;0.00287682;90
2.60256;0.00303913;90
7.53616;0.00330152;90
10.3083;0.00292827;90
13.7981;0.00291821;90
14.1859;0.00297059;90
15.1567;0.0026046;90
15.4632;0.00301929;90
10.3699;0.00307218;90
-7.91495;0.00323885;90
-34.6918;0.00533065;90
-41.1107;0.00229348;90
-39.5382;0.00375908;90
-32.8836;0.00431544;90
-35.9532;0.00511305;90
-38.3079;0.00506059;90
-35.2054;0.0047302;90
-28.4067;0.00446684;90
-22.7135;0.00423439;90
-22.2223;0.0043231;90
-29.5723;0.0044071;90
-33.1074;0.00474543;90
-37.1778;0.00476427;90
-39.6859;0.00380219;90
-32.0586;0.00319526;90
-28.094;0.00298353;90
-14.5605;0.0029952;90
24.4321;0.00279971;90
65.2711;0.00562481;90
63.066;0.00618151;90
57.6705;0.00577051;90
52.9538;0.00571823;90
53.7527;0.00611056;90
57.5924;0.00670412;90
60.8062;0.0067184;90
63.1129;0.00684158;90
58.6768;0.00658825;90
55.3787;0.00633107;90
40.4184;0.00523163;90
28.3631;0.00460365;90
25.589;0.00456806;90
25.5091;0.00468357;90
23.4137;0.00454744;90
22.0721;0.00444151;90
27.8013;0.00462258;90
35.5923;0.00499644;90
41.893;0.00497049;90
49.3659;0.00548964;90
53.8176;0.005517;90
49.7422;0.00533713;90
47.5566;0.00519958;90
42.7382;0.00494511;90
39.6009;0.00465929;90
38.9179;0.00478506;90
40.3277;0.00497406;90
39.2652;0.00515871;90
36.153;0.00482758;90
31.6092;0.00450658;90
25.6737;0.00442706;90
21.0858;0.00434171;90
16.5828;0.00433427;90
15.5864;0.00418697;90
12.7648;0.00405522;90
11.4334;0.00400549;90
15.192;0.00398009;90
19.6628;0.00388132;90
34.9907;0.00354351;90
53.1301;0.00316;90
88.1221;0.00231925;90
93.4577;0.0024705;90
-141.117;0.00116132;90
-80.9982;0.00153389;90
-93.0509;0.00150313;90
-97.9382;0.00198401;90
106.753;0.00121769;90
-103.978;0.000476098;90
57.4889;0.00132102;90
17.1609;0.00159292;90
-51.9865;0.00105221;90
-3.03447;0.00236131;90
32.8978;0.00497475;90
34.8478;0.00501052;90
32.3039;0.00496436;90
25.1722;0.00474679;90
12.1768;0.00414833;90
6.81958;0.00362968;90
19.204;0.00376977;90
41.0608;0.00443626;90
58.5304;0.00522559;90
62.5965;0.00559256;90
60.7275;0.00541554;90
53.8684;0.00501322;90
45.7237;0.0045909;90
41.393;0.00437222;90
33.053;0.00436548;90
26.7284;0.00360858;90
20.7752;0.00379474;90
19.5645;0.00431513;90
31.7409;0.00461528;90
40.8404;0.00436728;90
56.7654;0.00516359;90
73.0683;0.00632831;90
80.6825;0.00676323;90
85.2343;0.00701726;90
86.1848;0.00694339;90
88.395;0.00667662;90
96.9521;0.00312296;90
61.3546;0.00144142;90
18.3689;0.00137085;90
11.9154;0.00187439;90
5.04437;0.00262718;90
-0.661954;0.00251017;90
-10.9587;0.00236717;90
-5.45382;0.00281976;90
2.44577;0.0030698;90
11.9522;0.00269441;90
12.5019;0.00253613;90
10.5451;0.00330583;90
-3.60617;0.00359311;90
-0.892932;0.00359344;90
29.4052;0.00414271;90
31.6562;0.00424336;90
35.0067;0.0041644;90
29.5089;0.00394471;90
-6.49996;0.00352466;90
-14.9256;0.00189079;90
-14.1736;0.00171934;90
-9.92073;0.00281509;90
-28.7956;0.00197639;90
-36.609;0.00202062;90
-39.6885;0.00401025;90
-40.0859;0.0043172;90
-55.1479;0.00503272;90
-49.4182;0.00479145;90
-31.065;0.00368791;90
-9.06064;0.00328296;90
-4.86451;0.00353774;90
-19.5624;0.00379294;90
-25.4832;0.00383733;90
-33.6512;0.00409286;90
-45.9737;0.00457706;90
-52.0108;0.00488373;90
-51.3531;0.00485654;90
-64.0475;0.00560525;90
-73.5122;0.00638453;90
-67.0599;0.00561616;90
-44.5668;0.00402143;90
-41.8858;0.004074;90
-34.7564;0.00390466;90
-8.25786;0.00348817;90
7.95844;0.00335128;90
-11.9073;0.00300976;90
-24.2744;0.00151055;90
-53.0644;0.0027924;90
-53.5318;0.0040513;90
-52.0152;0.00485172;90
-54.254;0.00492475;90
-65.6906;0.00521542;90
-68.0059;0.00552187;90
-68.2802;0.00560708;90
-68.2181;0.00545981;90
-57.9845;0.00419505;90
-32.2811;0.0037448;90
-28.4854;0.00336315;90
-26.4489;0.00308936;90
-35.9809;0.00344161;90
-39.3396;0.00401473;90
-7.54051;0.00314722;90
15.4338;0.00326162;90
15.3081;0.00332186;90
12.2848;0.0036424;90
5.47235;0.00373301;90
15.3101;0.00384029;90
38.9592;0.00454222;90
42.8117;0.00468517;90
44.522;0.00474627;90
47.0684;0.00483906;90
40.3458;0.00454897;90
35.4404;0.00431314;90
39.1937;0.00450831;90
55.237;0.00539124;90
64.0459;0.00599792;90
63.1082;0.00603793;90
64.3629;0.00588208;90
59.8189;0.00563717;90
52.9097;0.00520004;90
47.5082;0.00491203;90
47.2357;0.00489408;90
47.3676;0.00487825;90
44.7454;0.00477443;90
38.3712;0.00449614;90
37.4217;0.00442341;90
40.1686;0.00456717;90
55.9087;0.00542538;90
58.8478;0.00516128;90
48.1027;0.00355347;90
26.6684;0.00272711;90
1.46726;0.00285093;90
-20.6317;0.00381145;90
-36.1262;0.00422176;90
-47.4137;0.0046845;90
-56.4871;0.00520173;90
-42.3874;0.00440561;90
-31.843;0.00400119;90
-39.6618;0.00428669;90
-48.3565;0.00477055;90
-56.9761;0.00520011;90
-60.656;0.00544228;90
-46.8965;0.00459376;90
-23.0676;0.00379004;90
6.40599;0.00355822;90
23.7356;0.00302596;90
-3.96672;0.0032959;90
-17.5336;0.00394005;90
19.906;0.00374474;90
41.2686;0.00417229;90
28.3151;0.00297267;90
-40.0998;0.00413897;90
-60.2229;0.00529976;90
-60.0257;0.00492583;90
-46.7315;0.00411866;90
-51.2441;0.00437537;90
-69.4747;0.00546173;90
-69.8987;0.00542655;90
-68.9907;0.00553388;90
-68.1728;0.0053549;90
-71.7032;0.00577181;90
-78.8898;0.00641421;90
-68.6522;0.0057001;90
-64.8083;0.00548576;90
-79.9749;0.00639362;90
-79.0563;0.00647373;90
-61.0721;0.00531518;90
-54.5627;0.00477569;90
-45.4265;0.00437004;90
-54.5978;0.00496623;90
-33.5569;0.00322198;90
10.9267;0.00252172;90
23.1671;0.00286721;90
1.09988;0.00302156;90
-9.3522;0.00342148;90
-10.102;0.00346065;90
-18.3345;0.00360816;90
-16.7719;0.00332337;90
-18.0774;0.0031421;90
-14.4453;0.00271792;90
18.7698;0.00275977;90
36.7524;0.00321881;90
38.645;0.00302805;90
41.593;0.00164198;90
39.2866;0.00289798;90
52.5719;0.00340756;90
58.2911;0.00366626;90
57.3735;0.00348134;90
57.3929;0.00381535;90
60.551;0.00451542;90
61.2654;0.00533953;90
52.2688;0.00506897;90
25.4357;0.00383471;90
45.9332;0.0046456;90
26.8807;0.00389708;90
18.1407;0.00363256;90
17.0773;0.00364365;90
-14.4011;0.0034659;90
2.96305;0.00326937;90
37.4406;0.00425701;90
55.2559;0.00496041;90
26.3949;0.00361484;90
3.10125;0.00343804;90
12.1178;0.0036442;90
26.2114;0.0039123;90
19.6695;0.00393352;90
-8.0759;0.00373706;90
0.399151;0.00344508;90
23.2551;0.00305957;90
19.9034;0.002394;90
15.2578;0.00369733;90
13.6031;0.0038181;90
15.5811;0.00371554;90
1.22657;0.00364383;90
1.55945;0.00356432;90
0.762839;0.00360532;90
-24.2838;0.00382;90
-45.9278;0.00454164;90
-51.1647;0.00494511;90
-36.098;0.00411257;90
-54.5359;0.00516035;90
-55.8139;0.00512562;90
-64.0914;0.00573768;90
-71.6404;0.00673376;90
-62.9714;0.00558275;90
-56.2299;0.00515955;90
-38.0847;0.00421675;90
-66.5651;0.0056675;90
-73.6186;0.00631849;90
-61.3929;0.00549706;90
-75.5004;0.00659815;90
-72.7511;0.00634014;90
-65.2087;0.00543267;90
-65.9194;0.00527179;90
-59.4203;0.00460553;90
-57.2002;0.00480151;90
-46.4305;0.00433379;90
-9.01071;0.00344147;90
-8.3547;0.00342737;90
-14.5146;0.00351519;90
-51.7409;0.00410841;90
-62.3145;0.00416257;90
-65.029;0.00369765;90
-72.4236;0.00481163;90
-65.2525;0.00520282;90
-54.4302;0.00497168;90
-54.6381;0.00511457;90
-54.1348;0.00496176;90
-54.6689;0.00519107;90
-48.5481;0.00474175;90
-24.066;0.003877;90
2.61032;0.00368883;90
19.9234;0.00393235;90
17.7388;0.00374821;90
15.2337;0.00374872;90
12.4291;0.0035543;90
8.7117;0.00353883;90
-9.50642;0.0038448;90
-7.53017;0.00405194;90
4.22722;0.00392067;90
2.55822;0.00369668;90
13.7373;0.00371836;90
36.4639;0.00451611;90
7.57793;0.00362466;90
-29.533;0.00429275;90
-30.1954;0.00425886;90
-14.7516;0.00361309;90
-0.0158934;0.003605;90
0.653596;0.00359423;90
3.02702;0.00359802;90
-6.55965;0.00363278;90
-13.936;0.00360408;90
-3.35531;0.00362221;90
2.573;0.00360864;90
10.0348;0.00358687;90
9.2135;0.00370986;90
-8.82885;0.00368769;90
-26.3054;0.00365109;90
-36.0516;0.00399141;90
-46.676;0.00423102;90
-60.1538;0.00518813;90
-59.287;0.00509459;90
-57.118;0.00499529;90
-57.4541;0.00500023;90
-55.9807;0.00487423;90
-52.7077;0.00463953;90
-35.9651;0.00392649;90
-33.4693;0.00388765;90
-34.4004;0.00346742;90
-35.3035;0.00329983;90
-42.0246;0.00352827;90
-42.2662;0.00409173;90
-43.26;0.00398214;90
-41.2967;0.00350325;90
-30.6392;0.00317878;90
34.3656;0.00286994;90
69.2813;0.00465826;90
51.9771;0.0039758;90
49.038;0.00442829;90
46.1676;0.00426828;90
22.237;0.00361485;90
13.3715;0.00353277;90
2.81501;0.00344115;90
-0.0457269;0.002506;90
3.06007;0.00254763;90
22.3406;0.0022888;90
18.625;0.00209787;90
70.0325;0.00344084;90
89.7062;0.00448506;90
87.0698;0.00485134;90
65.8145;0.00383459;90
43.5044;0.00270914;90
43.5536;0.00268928;90
65.0074;0.00342247;90
75.8785;0.00423807;90
88.1298;0.00514774;90
95.4433;0.00458568;90
108.892;0.00388846;90
97.4073;0.00470829;90
54.6869;0.00409311;90
51.086;0.00468198;90
52.8314;0.00498707;90
65.8191;0.0058591;90
70.566;0.00629357;90
68.5215;0.00606305;90
68.9422;0.00609503;90
72.0455;0.00633553;90
79.2694;0.0068854;90
76.0076;0.00665445;90
78.2922;0.00680559;90
73.0618;0.006247;90
60.8733;0.00455271;90
51.3083;0.00448547;90
35.9059;0.00419639;90
37.9306;0.00397588;90
54.4376;0.00377758;90
54.8205;0.00397993;90
54.7774;0.00439702;90
54.1049;0.0048081;90
55.5726;0.00491366;90
59.1341;0.0051225;90
58.7987;0.00554391;90
75.013;0.0062413;90
86.699;0.00621732;90
102.047;0.00443671;90
117.501;0.0041905;90
115.369;0.00409379;90
94.5642;0.00517742;90
80.8358;0.00505452;90
75.3509;0.00333336;90
-73.664;0.00012088;90
50.3668;0.00297866;90
1.15435;0.00426887;90
16.9056;0.00250004;90
16.0414;0.00229434;90
15.5923;0.00238476;90
21.756;0.00187237;90
52.1214;0.00278343;90
35.9899;0.00213565;90
39.2493;0.00241348;90
44.0608;0.00211383;90
90.4473;0.00256208;90
83.3862;0.00275232;90
54.7039;0.000771891;90
-45.5272;0.00138316;90
-52.9435;0.00184201;90
-7.2034;0.0017226;90
51.9536;0.00310726;90
45.4589;0.00229534;90
21.4469;0.00216061;90
26.5552;0.0025925;90
32.4266;0.00295588;90
40.4199;0.00339151;90
30.4457;0.00292074;90
41.2643;0.00288689;90
43.3776;0.00309695;90
42.3267;0.0014554;90
43.0597;0.00298641;90
18.8184;0.00274049;90
-8.40891;0.00244124;90
36.3297;0.00653409;90
23.3677;0.00137912;90
32.2139;0.00247617;90
23.062;0.00303017;90
38.4376;0.00656466;90
27.7104;0.00116344;90
23.4974;0.00198893;90
21.3945;0.00300723;90
33.2085;0.00320073;90
15.5319;0.00275978;90
24.3188;0.00295522;90
28.724;0.00297966;90
19.5632;0.00493063;90
20.3801;0.00125773;90
14.4968;0.00316786;90
5.49485;0.00303896;90
14.3701;0.00832445;90
18.893;0.00102841;90
18.6606;0.00289098;90
5.28775;0.00589207;90
-20.3913;0.00134317;90
-29.1374;0.00262063;90
-20.4695;0.00735757;90
15.9623;0.00139998;90
38.5633;0.00278161;90
50.242;0.00462828;90
36.369;0.00866973;90
18.0852;0.00124343;90
8.71669;0.00295614;90
4.8755;0.00387101;90
34.8209;0.00403318;90
58.0071;0.009224;90
59.8647;0.0023484;90
65.3417;0.00637095;90
69.3683;0.00620389;90
65.2713;0.0112903;90
64.8234;0.00249171;90
67.0822;0.00452737;90
69.8546;0.00609168;90
52.941;0.00957625;90
46.5924;0.00183211;90
51.7062;0.00327581;90
46.9473;0.0044531;90
44.1324;0.00747215;90
55.0183;0.00227624;90
56.0702;0.00503783;90
48.5204;0.0047905;90
45.484;0.00460414;90
33.8662;0.00406098;90
12.0926;0.00373283;90
7.28567;0.00362729;90
-3.58791;0.00679131;90
-9.0113;0.00246442;90
-11.2615;0.00139282;90
-12.6239;0.00346373;90
-23.9329;0.00373952;90
-23.5583;0.00401569;90
-22.1875;0.00380257;90
10.1204;0.00375035;90
40.3798;0.00429265;90
43.8207;0.00474145;90
5.67573;0.00376144;90
-35.8596;0.00434448;90
-61.0815;0.00580481;90
-56.0229;0.00553625;90
-22.0775;0.00404672;90
4.25949;0.00751275;90
19.6905;0.00777886;90
25.9504;0.00429394;90
33.8738;0.00735065;90
35.005;0.00325112;90
55.2347;0.00635549;90
63.8088;0.00191903;90
63.5719;0.0074819;90
58.9535;0.00190021;90
57.1233;0.00863617;90
74.6184;0.00230351;90
72.5897;0.0092309;90
70.8785;0.00245442;90
61.9869;0.00357483;90
54.8252;0.00482751;90
40.4955;0.0043487;90
28.3542;0.00399646;90
29.126;0.008027;90
48.1585;0.00157854;90
63.4538;0.00407009;90
66.5645;0.00644681;90
73.9218;0.00663659;90
65.2073;0.0059141;90
49.5732;0.00462932;90
47.8992;0.00648682;90
49.5603;0.00142296;90
48.5527;0.00342332;90
58.4009;0.00310895;90
59.7309;0.00195214;90
62.8363;0.00316734;90
64.7724;0.00218434;90
72.3676;0.0034994;90
107.569;0.00347511;90
116.041;0.00478807;90
114.014;0.00472278;90
102.015;0.0036653;90
67.2821;0.00211293;90
70.2568;0.00422432;90
72.283;0.00370996;90
81.5353;0.00111414;90
74.6797;0.00886399;90
71.0695;0.00237654;90
78.5495;0.00543518;90
73.9008;0.00690583;90
77.2736;0.0116389;90
82.3379;0.00303005;90
83.5813;0.00757649;90
78.8364;0.00744793;90
72.3378;0.00696428;90
63.5459;0.00646493;90
53.6497;0.00542582;90
57.359;0.00577151;90
63.0028;0.00622539;90
64.8747;0.00651438;90
66.9463;0.00664465;90
67.2162;0.00696441;90
60.3891;0.00578214;90
41.4498;0.00445342;90
9.76012;0.00366911;90
0.46771;0.00343011;90
7.78136;0.00334581;90
13.676;0.00381928;90
46.1348;0.00485595;90
56.154;0.00519784;90
43.5936;0.00749052;90
46.3852;0.00181355;90
53.8302;0.00476296;90
55.8074;0.00499665;90
56.9381;0.00511048;90
48.0607;0.00471464;90
44.3204;0.00429244;90
50.3526;0.00501049;90
48.8608;0.00484123;90
50.5383;0.00507739;90
51.6504;0.00513491;90
47.987;0.00462723;90
35.9017;0.00398877;90
64.4182;0.00523854;90
49.8863;0.00452425;90
11.8956;0.00341534;90
16.9664;0.00312188;90
26.1605;0.00259703;90
41.5761;0.00132607;90
37.3514;0.0029273;90
-28.8177;0.00361807;90
-78.8911;0.00217984;90
-70.6782;0.00153231;90
-79.639;0.000911869;90
-91.6286;0.00348341;90
-88.2963;0.00460804;90
-91.0869;0.00379568;90
-29.4122;0.00126046;90
-44.3938;0.00220559;90
-57.9762;0.00263261;90
-61.6329;0.00304345;90
-53.8999;0.00312628;90
-47.9315;0.00319394;90
-41.864;0.00148644;90
-48.5623;0.00179811;90
75.3739;0.00139005;90
125.173;0.00103986;90
-79.2551;0.00210796;90
-79.1305;0.00135226;90
-52.7908;0.00135102;90
-44.2952;0.000804748;90
-27.8816;0.000759122;90
-50.04;0.000949781;90
-76.8852;0.00232258;90
-69.1127;0.000931195;90
-71.2166;0.00161184;90
-70.4269;0.0039163;90
-67.0717;0.00105755;90
-61.9521;0.00820912;90
-71.1655;0.0011337;90
-64.115;0.000753608;90
-73.1761;0.00154095;90
-36.3657;0.000909035;90
-78.7319;0.00107472;90
-53.231;0.0012496;90
-65.4464;0.00121046;90
-42.3434;0.00132725;90
-67.184;0.00283156;90
-73.4876;0.00126309;90
104.122;0.00162717;90
118.558;0.00252068;90
118.602;0.00113217;90
121.97;0.000683699;90
122.924;0.000912563;90
122.611;0.00113373;90
121.904;0.000720906;90
119.845;0.0012117;90
105.938;0.0011107;90
106.002;0.00153446;90
107.139;0.00139808;90
110.882;0.00156264;90
169.65;0.000679049;90
124.594;0.00124879;90
122.187;0.00126904;90
118.819;0.00153513;90
116.593;0.000920366;90
110.189;0.00159074;90
103.524;0.00176185;90
108.918;0.00157614;90
114.726;0.0012958;90
113.495;0.00131938;90
102.409;0.00269905;90
136.285;0.00138769;90
141.949;0.000882588;90
132.245;0.00133869;90
112.357;0.00107263;90
87.5983;0.00181359;90
127.821;0.00093933;90
-49.3217;0.000403491;90
-89.2553;0.0023852;90
130.641;0.00422375;90
127.328;0.00107523;90
-44.8786;0.00133502;90
-47.2648;0.00175358;90
-46.3639;0.00184183;90
-48.4977;0.00253829;90
-1.65182;0.00225494;90
65.9264;0.00115222;90
84.5041;0.00366485;90
85.9307;0.00424169;90
92.6623;0.00378909;90
93.747;0.00454471;90
107.241;0.00608649;90
104.195;0.00183915;90
11.9515;0.0010334;90
34.4354;0.00262257;90
44.62;0.0028787;90
-39.4433;0.00222725;90
-62.2014;0.00292903;90
40.6626;0.00192602;90
65.204;0.00344787;90
83.3657;0.00438839;90
101.415;0.00482035;90
104.366;0.00496527;90
103.976;0.00527515;90
105.402;0.00519974;90
115.464;0.00447028;90
133.1;0.0031993;90
144.271;0.00146589;90
147.624;0.00299922;90
148.224;0.00304784;90
153.913;0.00198301;90
126.904;0.0023498;90
116.972;0.00321465;90
108.454;0.00374667;90
-163.062;0.00071397;90
-80.1807;0.000580504;90
59.6519;0.000989604;90
-68.1213;0.00702282;90
-38.4915;0.00122269;90
-44.5785;0.00163417;90
-30.8447;0.00247507;90
-34.0991;0.00438973;90
-29.2124;0.000987607;90
-35.8703;0.00166225;90
-60.0827;0.00750277;90
-73.5394;0.00204689;90
-74.5;0.00266803;90
-74.5599;0.00755361;90
-77.2682;0.00532698;90
-88.0491;0.00517;90
-107.753;0.00408975;90
-127.396;0.00257031;90
142.054;0.00126682;90
120.491;0.00353368;90
-158.49;0.00241091;90
-132.534;0.00300728;90
-175.991;0.00170216;90
-71.1079;0.00261592;90
-63.0108;0.00289981;90
-84.6796;0.00337554;90
-86.8057;0.00396616;90
-89.7716;0.00376303;90
-91.8528;0.00352584;90
-96.8513;0.0037387;90
-110.082;0.0032123;90
144.41;0.00128012;90
133.048;0.00290648;90
93.7889;0.00121065;90
106.066;0.00117073;90
100.544;0.000836118;90
-83.0049;0.00322702;90
-53.5068;0.00200764;90
-42.4421;0.00123584;90
-54.2226;0.00150007;90
-71.4913;0.00171996;90
-72.6491;0.00222316;90
-67.3346;0.00213054;90
-73.9858;0.00125781;90
-75.7646;0.00223255;90
-35.3462;0.000556597;90
-62.147;0.00141266;90
-64.7685;0.000903169;90
-62.8088;0.00081845;90
-67.025;0.00151411;90
1.28696;0.00347288;90
-37.2971;0.00442612;90
9.81184;0.000727643;90
-13.6472;0.00175042;90
24.1022;0.000957474;90
61.3355;0.00118412;90
67.1146;0.000912856;90
55.4582;0.00106348;90
59.9032;0.00111075;90
-36.8894;0.0005864;90
-55.5284;0.00119965;90
-50.2986;0.00070446;90
-34.4096;0.00059635;90
-29.3758;0.000866401;90
-32.6459;0.00123275;90
-34.2869;0.000692303;90
-9.00691;0.000868712;90
39.377;0.000736105;90
-62.3127;0.00146133;90
-46.3134;0.0012031;90
-42.9197;0.000662288;90
-37.3588;0.000632823;90
-53.5728;0.000906027;90
-32.8077;0.00104462;90
29.387;0.000853872;90
57.3572;0.000819429;90
16.4695;0.000525564;90
-156.61;0.000984935;90
-160.187;0.000604802;90
-156.251;0.00054626;90
138.311;0.000771327;90
135.964;0.000588396;90
135;0.00078206;90
118.872;0.00106657;90
143.16;0.0007722;90
136.41;0.000632345;90
119.919;0.000818013;90
113.935;0.000838067;90
136.612;0.0012068;90
175.214;0.000635215;90
-90.9294;0.00191125;90
-88.2967;0.00117752;90
-87.2828;0.00120235;90
-89.1207;0.00123815;90
-90.3559;0.00128802;90
-90;0.001209;90
-95.704;0.00172052;90
-99.8891;0.00273666;90
-95.018;0.00226368;90
-139.877;0.000948128;90
-169.133;0.00562792;90
133.443;0.000754762;90
77.4201;0.00182276;90
76.037;0.00151682;90
99.892;0.00523889;90
151.753;0.000502885;90
151.195;0.00129299;90
142.281;0.000675074;90
154.562;0.000591331;90
116.696;0.00117081;90
137.467;0.000952649;90
121.277;0.0026677;90
162.426;0.000652452;90
176.602;0.00129928;90
-86.346;0.00138081;90
-63.8945;0.00156127;90
-71.5536;0.00157703;90
-64.2944;0.00131183;90
-44.3389;0.00110316;90
-63.7649;0.00139801;90
-58.8874;0.00112246;90
-57.6988;0.00149896;90
-63.9901;0.00212302;90
-59.2045;0.00175204;90
-70.0341;0.00198852;90
-93.9808;0.00171414;90
-92.8255;0.0013186;90
-78.932;0.0016721;90
-89.2862;0.00120409;90
-93.8519;0.00221801;90
-94.0538;0.00166918;90
-86.1357;0.0013651;90
-109.442;0.00154723;90
-124.119;0.00100015;90
-103.002;0.00174678;90
-97.6686;0.00122899;90
-104.217;0.00208072;90
-71.5798;0.00123107;90
-103.504;0.00109631;90
-120.337;0.000815696;90
-132.304;0.000646304;90
-171.724;0.000500209;90
-105.606;0.0015055;90
-42.6022;0.0014197;90
-64.7262;0.00109148;90
-73.0037;0.00110841;90
-60.0394;0.000724864;90
-78.096;0.000964747;90
-75.7605;0.00184571;90
-86.095;0.00201167;90
-98.3236;0.00134012;90
-102.109;0.000858091;90
-109.715;0.00100491;90
-104.963;0.00106511;90
-101.684;0.00201474;90
141.076;0.00101545;90
147.604;0.000699933;90
129.588;0.000742235;90
156.687;0.000528116;90
-171.714;0.000624519;90
-120.928;0.00138725;90
-113.979;0.00143702;90
-139.395;0.00169781;90
-135.923;0.000833787;90
136.588;0.000714452;90
-160.301;0.000688279;90
169.522;0.000472886;90
-157.751;0.000499164;90
-133.56;0.00137859;90
135.45;0.00143971;90
111.61;0.0013359;90
101.523;0.00152677;90
85.0286;0.0014886;90
97.177;0.00341778;90
107.671;0.00128147;90
97.3951;0.00115763;90
98.9815;0.00168466;90
105.308;0.000852238;90
84.4016;0.00116857;90
89.5474;0.00151905;90
78.2534;0.00172411;90
106.042;0.00196137;90
109.793;0.00224142;90
97.7901;0.0015493;90
118.91;0.00138797;90
102.293;0.00208071;90
95.1638;0.00152218;90
85.3511;0.00103641;90
83.2539;0.00120031;90
73.0298;0.00206596;90
68.5964;0.00133722;90
79.1412;0.00129519;90
82.9186;0.00603504;90
74.1547;0.00102183;90
78.5374;0.00633026;90
112.77;0.00296616;90
114.389;0.00278009;90
96.8355;0.000932629;90
34.4037;0.00191497;90
83.333;0.00203275;90
103.252;0.00109927;90
67.1737;0.00113162;90
74.5061;0.00111554;90
105.419;0.00140663;90
72.2095;0.00109643;90
76.2627;0.0012549;90
87.3482;0.00190204;90
101.591;0.00184155;90
108.445;0.00358096;90
106.437;0.00163273;90
135.35;0.00173739;90
133.828;0.00134873;90
125.86;0.00136221;90
131.224;0.00141729;90
79.7691;0.00180165;90
-54.1179;0.000638095;90
47.0273;0.00821536;90
91.695;0.00801251;90
103.684;0.00351271;90
123.751;0.00286364;90
37.5321;0.00124588;90
32.3152;0.00245054;90
45.1984;0.00285956;90
-40.925;0.00272643;90
-62.375;0.0024176;90
40.3181;0.00164598;90
66.3345;0.00444697;90
88.2142;0.00526256;90
104.171;0.00517136;90
104.969;0.00515287;90
104.348;0.00547993;90
108.906;0.00519422;90
122.249;0.00395987;90
145.927;0.00186522;90
141.845;0.00180966;90
146.884;0.00298721;90
150.54;0.00291374;90
148.462;0.00107827;90
128.964;0.00335544;90
112.258;0.0045014;90
108.338;0.00337226;90
106.686;0.00551315;90
104.251;0.00628851;90
117.711;0.00521063;90
104.138;0.00576047;90
104.339;0.00549933;90
111.103;0.005055;90
135;0.00382403;90
121.308;0.00482451;90
109.472;0.00550485;90
96.3456;0.00586292;90
91.8337;0.00453132;90
83.597;0.00352398;90
80.5064;0.00603262;90
79.7717;0.00528804;90
83.2264;0.00529899;90
86.4385;0.00602063;90
85.9286;0.006338;90
97.1807;0.00637601;90
118.987;0.0046986;90
112.907;0.00529237;90
107.098;0.00544882;90
123.031;0.00441571;90
153.515;0.00352047;90
-156.872;0.00299143;90
-167.473;0.00330569;90
158.353;0.00323408;90
145.22;0.00348332;90
147.887;0.0034274;90
169.205;0.00287792;90
-172.37;0.00244767;90
-171.891;0.00234646;90
-169.502;0.00300225;90
-167.041;0.00310816;90
-134.705;0.00383964;90
-116.969;0.00513995;90
-124.482;0.00439281;90
-119.571;0.00462205;90
-116.984;0.00489265;90
-127.633;0.00417457;90
-129.214;0.00436245;90
-146.686;0.00354683;90
-146.128;0.00349158;90
-119.427;0.00466713;90
-113.054;0.00406027;90
-119.567;0.00343305;90
-159.333;0.00277669;90
175.577;0.00303404;90
156.925;0.00321741;90
163.56;0.00316958;90
162.48;0.00336825;90
148.864;0.00336122;90
133.341;0.00395721;90
121.919;0.00452408;90
114.985;0.00494806;90
110.981;0.00518905;90
121.674;0.00481639;90
129.651;0.00408862;90
131.981;0.00398725;90
132.805;0.00395138;90
133.468;0.00388694;90
123.943;0.00470834;90
121.679;0.00448058;90
121.045;0.00458005;90
110.478;0.00523373;90
110.763;0.00520719;90
124.476;0.00436701;90
150.416;0.00357507;90
158.103;0.00321495;90
144.557;0.0035351;90
143.345;0.00356623;90
143.255;0.00357041;90
161.035;0.00338473;90
164.037;0.003138;90
154.18;0.00326717;90
142.058;0.00361383;90
125.569;0.00428931;90
113.562;0.00504568;90
122.269;0.00477439;90
116.869;0.0048103;90
127.349;0.00413734;90
142.17;0.00321205;90
125.572;0.00331085;90
123.109;0.00437903;90
122.381;0.00443099;90
122.663;0.00407077;90
156.732;0.00323513;90
149.726;0.00327689;90
115.26;0.00520244;90
112.522;0.00537816;90
116.769;0.0052776;90
107.843;0.00560354;90
123.003;0.00465039;90
136.54;0.00407794;90
118.737;0.00467361;90
107.146;0.00470824;90
106.027;0.00393703;90
115.62;0.00404023;90
114.595;0.0049424;90
116.194;0.00483895;90
130.863;0.00430264;90
144.046;0.00355285;90
133.168;0.00391442;90
133.531;0.00386066;90
135.578;0.00392606;90
134.331;0.00417575;90
135.698;0.0038328;90
134.221;0.00390005;90
128.768;0.00413627;90
137.866;0.00371908;90
137.506;0.00399402;90
125.61;0.00432965;90
130.257;0.0040621;90
138.025;0.00372457;90
141.184;0.00360388;90
143.049;0.0038328;90
166.164;0.00311539;90
-170.176;0.00304769;90
-166.398;0.00310406;90
152.221;0.00331504;90
136.297;0.00381087;90
154.34;0.00351241;90
152.606;0.00333835;90
133.446;0.00383322;90
130.171;0.00405693;90
130.236;0.00412111;90
131.014;0.00426214;90
123.5;0.00442986;90
123.785;0.00435551;90
135.883;0.00385278;90
137.369;0.00377989;90
147.133;0.0036872;90
158.512;0.00315315;90
-138.282;0.00135846;90
129.082;0.00313434;90
138.423;0.00309062;90
139.308;0.00335125;90
131.926;0.00336289;90
123.052;0.00371284;90
122.623;0.0022927;90
134.586;0.00107554;90
134.548;0.00331714;90
147.951;0.00414586;90
146.476;0.0039309;90
145.804;0.00395711;90
134.153;0.00440293;90
126.505;0.0049303;90
149.549;0.00256709;90
146.777;0.00295859;90
-147.38;0.00164913;90
-118.051;0.00438059;90
170.098;0.00338442;90
153.79;0.00418421;90
-173.567;0.00367715;90
-141.084;0.00412303;90
-133.155;0.00456745;90
-140.938;0.00431956;90
-171.413;0.00375712;90
-154.909;0.00413631;90
-144.354;0.00380247;90
-132.168;0.00436464;90
-133.071;0.00428467;90
166.8;0.00375728;90
172.592;0.0033429;90
180;0.00227;90
158.767;0.00136678;90
161.662;0.00223447;90
97.7086;0.00415253;90
105.848;0.00437219;90
106.377;0.00423481;90
114.614;0.00468907;90
108.382;0.00447431;90
99.9108;0.00474684;90
115.809;0.00386337;90
102.967;0.00506721;90
83.6209;0.00536421;90
98.5527;0.00515735;90
103.817;0.00450537;90
98.7244;0.00520826;90
108.915;0.00456554;90
122.194;0.00448212;90
120.174;0.00400693;90
129.369;0.00355978;90
167.684;0.00224568;90
-155.657;0.00212273;90
173.842;0.00207899;90
147.293;0.00252065;90
135.158;0.00306744;90
111.248;0.00297739;90
-175.692;0.000918595;90
148.89;0.00113995;90
136.188;0.00173915;90
150.467;0.00140793;90
-145.469;0.0016812;90
-145.978;0.00167467;90
125.587;0.0012063;90
139.158;0.000594829;90
-48.5275;0.000206867;90
72.2549;0.00480669;90
91.6194;0.000955382;90
67.0711;0.00385021;90
74.2024;0.000852188;90
75.2992;0.00497692;90
77.3196;0.001148;90
-41.7205;0.00525321;90
48.4244;0.00123115;90
59.9467;0.000852627;90
72.3078;0.00519574;90
-74.7471;0.00677361;90
-68.9809;0.0011152;90
-9.74204;0.00178474;90
-35.8491;0.000898143;90
59.0507;0.00135724;90
-67.6052;0.00573774;90
-84.1104;0.00130589;90
-77.9853;0.00149883;90
-74.9447;0.00113185;90
-80.6862;0.00120488;90
-77.85;0.000869476;90
-78.8881;0.000908023;90
-75.2564;0.00088411;90
-73.628;0.000922402;90
-71.5064;0.000926864;90
-64.979;0.000846435;90
-63.7151;0.00073165;90
-63.2305;0.00112788;90
-53.3257;0.000996206;90
-51.5768;0.000907533;90
-31.0993;0.000797642;90
-41.3024;0.000833292;90
-17.1308;0.000750287;90
-13.0375;0.000500912;90
-16.7933;0.000816835;90
-28.5932;0.000530728;90
-30.4285;0.000862847;90
-28.4219;0.000897134;90
-48.4518;0.00111572;90
-39.4989;0.000885132;90
-45.6358;0.000573499;90
-50.5757;0.00113533;90
-56.2812;0.00110607;90
-60.0125;0.00164062;90
-64.3063;0.000941046;90
-75.3355;0.00132723;90
-76.9574;0.000895091;90
-78.1573;0.00141308;90
-85.0938;0.00160187;90
-85.4319;0.00158203;90
-91.5304;0.00157256;90
-91.8764;0.001863;90
-85.7568;0.00155426;90
-78.1815;0.00130364;90
-57.4901;0.000794499;90
-56.7207;0.00472007;90
-2.62385;0.0039101;90
-69.9512;0.00372791;90
-72.1669;0.00123431;90
-65.9761;0.00170467;90
-69.6694;0.000803026;90
-69.111;0.000886251;90
-73.7747;0.00137788;90
-72.0529;0.00100279;90
-76.7196;0.00172822;90
-70.4204;0.00129806;90
-77.4712;0.000912735;90
-68.4468;0.00102895;90
-71.4046;0.00101604;90
-69.4199;0.00167275;90
-70.7059;0.00267843;90
-68.5831;0.00315485;90
-61.5745;0.00289276;90
-49.7443;0.00156453;90
-60.6189;0.000801032;90
-47.7613;0.00110083;90
-29.7315;0.00159496;90
-20.8872;0.00101254;90
-17.503;0.00114711;90
4.45046;0.00144335;90
48.3712;0.000998041;90
47.2943;0.000883177;90
59.0997;0.000928837;90
56.1314;0.00115739;90
62.3455;0.000846728;90
46.1924;0.000781522;90
64.0735;0.000882854;90
44.8115;0.000859846;90
49.8638;0.00124262;90
33.1087;0.000792707;90
37.86;0.0006713;90
29.9164;0.000497257;90
38.7869;0.00126751;90
45.5828;0.00139024;90
47.6317;0.00126281;90
56.7927;0.00121789;90
62.0205;0.000724707;90
67.1971;0.00144493;90
69.8268;0.000875721;90
61.2033;0.000712057;90
71.5862;0.000857926;90
58.7405;0.000830579;90
66.5751;0.00229407;90
76.6368;0.00163116;90
71.7481;0.000791838;90
75.6018;0.000844526;90
65.3729;0.00121667;90
62.2084;0.00121178;90
-114.565;0.012352;90
-94.5151;0.00139734;90
-129.814;0.00179917;90
-152.347;0.000706725;90
-137.157;0.000676473;90
-139.803;0.0017229;90
-127.908;0.0018441;90
-119.193;0.00208711;90
-123.087;0.00205528;90
-124.16;0.00199643;90
-134.168;0.0017524;90
-151.044;0.00107201;90
-168.797;0.00105001;90
172.248;0.00079325;90
154.896;0.00107008;90
142.948;0.000879604;90
164.932;0.000888552;90
136.814;0.00116165;90
134.53;0.00120778;90
129.498;0.00102508;90
127.022;0.00150301;90
114.292;0.00240164;90
113.543;0.00152712;90
107.58;0.00281759;90
108.299;0.00225819;90
100.288;0.00119826;90
107.766;0.00111098;90
107.026;0.00104165;90
110.252;0.000837792;90
107.713;0.000828266;90
114.361;0.000860628;90
109.075;0.000991436;90
104.731;0.000900601;90
121.548;0.000823751;90
114.999;0.0007856;90
108.733;0.00157863;90
107.022;0.00146205;90
98.955;0.00168959;90
99.9019;0.00197137;90
120.601;0.00162653;90
-149.237;0.000586529;90
155.094;0.00109703;90
-157.709;0.000870014;90
178.516;0.00065622;90
159.694;0.000939381;90
126.244;0.000659639;90
141.195;0.000615951;90
126.356;0.00120445;90
125.506;0.0010503;90
121.512;0.000860962;90
113.156;0.00140629;90
95.3755;0.00163318;90
92.4796;0.00150241;90
94.8049;0.00103865;90
90.8588;0.00280231;90
89.3682;0.0017231;90
104.323;0.00164926;90
105.925;0.00153075;90
113.202;0.00193664;90
116.388;0.00115874;90
125.064;0.00143431;90
133.764;0.000589864;90
132.896;0.000712537;90
134.197;0.000655552;90
147.185;0.000562809;90
139.203;0.000665763;90
154.085;0.0011029;90
156.93;0.00111519;90
166.806;0.00077547;90
146.81;0.0026671;90
132.283;0.00198425;90
115.007;0.00203915;90
108.811;0.00207165;90
101.632;0.00223184;90
106.192;0.0021732;90
97.5946;0.00372266;90
98.0776;0.000925179;90
96.0974;0.00247601;90
97.9429;0.00229401;90
100.755;0.00238998;90
105.319;0.00212345;90
107.436;0.00204915;90
110.939;0.002135;90
109.473;0.00202482;90
114.525;0.0019851;90
108.954;0.00111759;90
115.445;0.00118937;90
106.443;0.00126473;90
121.212;0.00114819;90
116.717;0.00100981;90
121.556;0.000729937;90
126.723;0.000702402;90
128.981;0.000890204;90
130.146;0.00107796;90
-77.5487;0.0057697;90
-50.3771;0.0011243;90
-31.455;0.000640056;90
-21.4382;0.000995904;90
-42.5316;0.00132989;90
-68.2419;0.0068737;90
-69.0161;0.000767928;90
-80.7253;0.0140598;90
101.514;0.00143283;90
100.267;0.00136892;90
103.174;0.000838055;90
97.6971;0.00147832;90
93.9393;0.00234354;90
146.126;0.00259074;90
-178.069;0.00130574;90
-154.727;0.0016068;90
112.134;0.00243116;90
103.107;0.00201962;90
107.384;0.00181071;90
107.677;0.00195952;90
-115.323;0.0027027;90
-117.402;0.00257041;90
-119.714;0.00139204;90
-94.3937;0.00348524;90
-92.9854;0.00330248;90
-90.3449;0.00315606;90
-96.19;0.00396009;90
153.651;0.00201426;90
133.976;0.00229563;90
-149.4;0.00121406;90
-145.585;0.00289466;90
160.614;0.000647724;90
82.4233;0.0016837;90
-100.426;0.000254197;90
78.4296;0.00370938;90
76.0651;0.00521137;90
2.83168;0.000465568;90
66.6455;0.00352152;90
72.4237;0.00107624;90
77.7285;0.00362278;90
-62.8816;0.00296382;90
-62.2856;0.00127079;90
-36.5525;0.00108302;90
28.2602;0.000861711;90
57.5015;0.00209389;90
73.1257;0.00398247;90
-65.955;0.00211558;90
-72.0606;0.00153566;90
-73.2393;0.00321456;90
-69.0099;0.00112784;90
-23.1892;0.00080504;90
5.47553;0.00169775;90
23.9044;0.000500972;90
22.4794;0.000313847;90
178.837;0.00167535;90
158.098;0.00190338;90
109.586;0.00163776;90
106.339;0.0015996;90
107.845;0.00420953;90
-113.709;0.00215377;90
-110.013;0.00378985;90
-106.576;0.0026324;90
-94.0981;0.00652067;90
-84.7002;0.00108263;90
-89.1959;0.00463146;90
154.103;0.00322373;90
143.549;0.00134144;90
-149.749;0.00148872;90
-171.278;0.000725389;90
-164.006;0.00195258;90
106.773;0.00149354;90
-71.8451;0.00161752;90
2.26571;0.00101179;90
50.1944;0.000749784;90
4.83704;0.000972463;90
35.2085;0.000910583;90
-2.54995;0.000988979;90
-36.3631;0.00239669;90
-22.6019;0.000491769;90
-9.43043;0.00147696;90
-83.0978;0.00133971;90
-65.3437;0.00212142;90
-43.3246;0.00256365;90
-38.0649;0.0023015;90
-8.09354;0.00221607;90
15.4491;0.00183946;90
1.17126;0.00220146;90
-42.2737;0.00267589;90
-56.4586;0.00267311;90
-60.238;0.00291097;90
-57.9297;0.00346355;90
-61.8845;0.00391724;90
-81.3386;0.00719809;90
-75.0907;0.00216488;90
-84.7525;0.00996075;90
-97.6352;0.00186655;90
-83.0032;0.00310311;90
-68.5885;0.00772195;90
-85.6372;0.00195868;90
-73.2075;0.00617847;90
-64.3929;0.0017654;90
-73.2301;0.00885875;90
-68.453;0.00163098;90
-71.2267;0.00546261;90
-11.8517;0.00103711;90
-8.46348;0.00298956;90
-4.96336;0.00116738;90
-6.00783;0.00255101;90
-16.0078;0.00353195;90
37.9092;0.00396965;90
51.4378;0.00513344;90
33.8534;0.0041844;90
17.5997;0.00639955;90
21.9029;0.00188722;90
40.7384;0.00457703;90
45.6264;0.0050448;90
28.1014;0.00420353;90
-8.30184;0.00377455;90
-2.16602;0.00656169;90
71.4085;0.00208268;90
61.6499;0.00526894;90
-69.698;0.00132;90
-68.1437;0.00232621;90
-53.4511;0.00585549;90
-51.5598;0.0055831;90
-34.9137;0.00467552;90
-31.9945;0.00390874;90
-31.2725;0.00416868;90
-40.4088;0.00355117;90
-47.1103;0.00167061;90
-58.9316;0.0034744;90
-53.1996;0.004948;90
-42.9437;0.00731124;90
-42.7094;0.0015215;90
-45.3898;0.00145526;90
3.3205;0.00183007;90
-22.635;0.00261654;90
-33.685;0.00313184;90
-39.9857;0.0035839;90
-44.9893;0.00378656;90
-54.378;0.0037927;90
-57.5546;0.00425167;90
-51.2434;0.00379065;90
-50.0063;0.00354907;90
-51.4169;0.00699753;90
-45.2146;0.00132159;90
-37.481;0.00283156;90
-25.9212;0.00310431;90
-27.508;0.00315239;90
-46.3151;0.00351242;90
-23.2505;0.00333374;90
10.5343;0.00292632;90
4.2976;0.00456383;90
-23.6416;0.00348117;90
-38.8731;0.00365043;90
-41.8087;0.00176556;90
-40.4318;0.00392418;90
-51.7639;0.00416058;90
-50.2421;0.00415608;90
-47.3373;0.00367577;90
-40.3235;0.00366866;90
-48.999;0.00883135;90
-41.0868;0.00108795;90
-43.4419;0.00153428;90
-45.2366;0.00393791;90
-45.6045;0.00368635;90
-46.4185;0.00388462;90
-44.339;0.00373872;90
-44.1381;0.00357271;90
-47.2854;0.0068092;90
-60.5673;0.00170736;90
-64.7725;0.00289292;90
-65.8606;0.00588569;90
-66.9149;0.00112727;90
-68.9367;0.00366166;90
-75.1985;0.00437622;90
-67.1113;0.00449166;90
-53.1789;0.0039912;90
-38.8333;0.0034032;90
-65.9326;0.00465903;90
-72.5858;0.00511232;90
-65.4026;0.00905247;90
-64.2056;0.00432271;90
-55.7191;0.00287794;90
-23.4716;0.0022044;90
-17.5831;0.00229733;90
-52.8727;0.00614326;90
-62.9648;0.00119902;90
-53.631;0.00221928;90
-57.5387;0.00710041;90
-39.3878;0.00110627;90
-37.1025;0.00344803;90
-49.9289;0.00154721;90
-63.7788;0.00484341;90
-60.0272;0.00823076;90
-68.3582;0.00193328;90
-60.6523;0.00311359;90
-47.457;0.00410712;90
-35.7274;0.0035107;90
-17.8013;0.0033168;90
-17.1611;0.00295873;90
-25.626;0.00316536;90
-37.8297;0.00343868;90
-30.897;0.00338658;90
-35.8227;0.00345818;90
-19.8299;0.00313063;90
-36.1903;0.00315342;90
-55.846;0.00414486;90
-69.8354;0.00493445;90
-70.4091;0.00514164;90
-57.7202;0.0092294;90
-58.1222;0.00233285;90
-55.8163;0.00225328;90
-45.9263;0.00349922;90
-48.582;0.00757164;90
-47.9396;0.00186143;90
-56.0141;0.00945277;90
-69.273;0.00196092;90
-70.7784;0.00375429;90
-56.8451;0.0104826;90
-42.1341;0.00173954;90
-30.7493;0.00270301;90
-14.7332;0.00253226;90
-18.8556;0.0055139;90
-14.8467;0.00104592;90
-14.9385;0.0015711;90
17.8622;0.00553584;90
64.5323;0.00114418;90
64.9596;0.00722729;90
64.5996;0.00176015;90
37.9744;0.00237604;90
35.8469;0.00583653;90
44.2283;0.00152254;90
49.481;0.00392796;90
63.1974;0.00873773;90
56.0931;0.00131936;90
55.7851;0.00236174;90
59.9092;0.00906115;90
61.2015;0.00143441;90
48.9452;0.00156217;90
17.8646;0.00298597;90
18.9356;0.00267792;90
11.4895;0.00256541;90
0.591928;0.00232312;90
1.5539;0.00350329;90
-18.2777;0.0008067;90
-33.4936;0.00525692;90
-31.3707;0.00101427;90
-35.4656;0.00203201;90
-10.8424;0.0028122;90
21.1275;0.005668;90
-18.3341;0.00179618;90
-44.2465;0.00344108;90
-30.8121;0.00142516;90
-70.2593;0.00248398;90
-74.677;0.00703094;90
-64.495;0.00543905;90
-68.4039;0.00435254;90
-86.1586;0.0052989;90
-93.2381;0.0088341;90
-94.9846;0.00519063;90
-100.353;0.00473;90
-99.8906;0.00435472;90
-100.045;0.00389268;90
-96.4104;0.00297359;90
-92.3004;0.00303945;90
-85.4658;0.00839929;90
-74.8767;0.00224992;90
-60.6538;0.00916168;90
-41.7054;0.00139035;90
-67.123;0.00828031;90
-74.3849;0.00178695;90
-77.8524;0.00386351;90
-74.525;0.00518705;90
-59.3868;0.00468148;90
-74.8649;0.00498284;90
-77.1093;0.00396698;90
-71.8399;0.00290047;90
-70.8174;0.00198734;90
-70.5665;0.00439117;90
-54.1583;0.00319872;90
-30.4592;0.00136312;90
-34.1523;0.00457254;90
-31.6732;0.000914158;90
-37.0388;0.00142441;90
-19.614;0.000968178;90
-45.8237;0.00354156;90
-55.3898;0.00145073;90
-66.056;0.00409763;90
-74.0352;0.00526819;90
-75.9301;0.00536804;90
-74.3831;0.00495907;90
-81.3062;0.0050743;90
-100.026;0.00456065;90
-119.278;0.00316535;90
-123.808;0.000947153;90
-152.437;0.000899036;90
118.441;0.00348343;90
156.871;0.0021487;90
-128.91;0.00328608;90
-165.48;0.00195442;90
-70.1006;0.00450392;90
-74.1808;0.00124724;90
-89.5238;0.00228608;90
-86.9059;0.0045947;90
-92.2225;0.00884465;90
-95.6775;0.00293138;90
-113.589;0.00196413;90
-125.431;0.000876276;90
126.183;0.00489015;90
95.2521;0.00116891;90
108.853;0.000909812;90
-80.3856;0.00253866;90
-46.4213;0.00262276;90
-53.5863;0.00140664;90
53.666;0.0022667;90
67.4107;0.000864308;90
87.0196;0.00836632;90
84.8201;0.00142884;90
94.4431;0.00920366;90
120.694;0.00363993;90
94.3437;0.00175604;90
-9.06286;0.00132048;90
40.7301;0.00241227;90
41.8114;0.00280944;90
-53.0846;0.0047816;90
34.4429;0.00206866;90
75.3561;0.00731771;90
102.966;0.00907848;90
102.937;0.0015678;90
102.79;0.0024303;90
104.379;0.00786436;90
114.188;0.0017792;90
128.967;0.005672;90
147.034;0.00177712;90
148.257;0.00302792;90
151.144;0.00397219;90
125.374;0.00297281;90
121.643;0.00274863;90
107.488;0.00377027;90
110.122;0.00179347;90
106.294;0.00474768;90
102.826;0.0059956;90
118.165;0.00453383;90
107.936;0.00533844;90
103.778;0.00517285;90
104.703;0.00529127;90
123.968;0.00456746;90
133.06;0.00390618;90
109.851;0.00884032;90
98.1506;0.00236994;90
94.7019;0.00492859;90
90.5832;0.00334017;90
83.5324;0.00392397;90
79.3623;0.00585055;90
82.8462;0.0118523;90
86.6572;0.00255535;90
85.5138;0.00341346;90
86.9215;0.0056792;90
102.321;0.00529086;90
117.997;0.00511906;90
111.57;0.00555178;90
101.41;0.00559559;90
98.9603;0.00626647;90
96.9748;0.00671973;90
96.0252;0.00704994;90
98.8959;0.00683522;90
100.777;0.00703813;90
100.056;0.00666641;90
101.168;0.00941223;90
97.9207;0.00243826;90
91.7738;0.00578277;90
92.1324;0.00655754;90
92.8428;0.0140132;90
99.5986;0.00262677;90
109.515;0.00511589;90
99.3937;0.00740733;90
88.3979;0.00829824;90
98.6822;0.00763145;90
107.163;0.0071096;90
104.513;0.00725861;90
101.435;0.00802529;90
95.2767;0.00763335;90
95.4571;0.00762355;90
90.6905;0.0155161;90
87.5832;0.00324889;90
90.0721;0.011927;90
85.2289;0.00321012;90
83.4737;0.00523492;90
78.4272;0.011754;90
88.6392;0.003537;90
95.3628;0.00791766;90
96.78;0.00811475;90
101.449;0.00818689;90
102.558;0.00787848;90
105.64;0.00751112;90
105.528;0.00748209;90
101.223;0.00827219;90
96.8259;0.00824545;90
92.5609;0.00854954;90
91.2125;0.00845889;90
92.4649;0.0159738;90
93.6312;0.0031894;90
96.4141;0.00590798;90
94.0831;0.00818778;90
89.6843;0.0145212;90
84.4761;0.00253477;90
96.2866;0.00637433;90
100.101;0.00806805;90
104.445;0.00914819;90
106.976;0.0020242;90
106.413;0.0059953;90
104.196;0.0062509;90
102.456;0.00670381;90
99.1886;0.00688231;90
96.8347;0.00675601;90
95.6236;0.00701074;90
94.5276;0.00715734;90
96.322;0.00626611;90
94.0998;0.00576275;90
92.539;0.00749436;90
82.7483;0.0141411;90
81.3165;0.00194732;90
81.6065;0.00519969;90
85.6483;0.00728801;90
93.381;0.00717248;90
96.8841;0.0136575;90
92.2103;0.00285212;90
90.7237;0.00514641;90
91.0589;0.00622306;90
89.2484;0.00297326;90
91.3246;0.00579655;90
90.8201;0.00454147;90
91.0361;0.00398165;90
89.5085;0.00303111;90
89.9263;0.003111;90
91.6347;0.00347041;90
90.5166;0.00332714;90
91.5174;0.00317211;90
89.1854;0.00316532;90
91.8873;0.00148781;90
78.2652;0.00767031;90
66.1368;0.00164131;90
63.3733;0.00290957;90
66.9569;0.00411319;90
60.4179;0.00445237;90
49.2909;0.00403546;90
46.9749;0.00410366;90
49.9217;0.00847268;90
70.658;0.00301624;90
84.6818;0.00255701;90
91.2428;0.0063625;90
88.1812;0.00699452;90
84.0305;0.00667319;90
80.0795;0.00664029;90
80.9966;0.00609611;90
86.2897;0.00642847;90
88.5496;0.00632103;90
91.1563;0.00644231;90
86.2674;0.00533031;90
77.3548;0.00667388;90
78.6049;0.013595;90
79.3994;0.00221785;90
75.8501;0.00220077;90
85.3875;0.00598137;90
89.4274;0.00570328;90
90.6814;0.00639045;90
89.4161;0.00706537;90
89.669;0.00727112;90
92.1913;0.0101734;90
92.925;0.00246922;90
92.628;0.00623756;90
93.9808;0.00615084;90
93.2015;0.00601639;90
92.8719;0.00570817;90
92.635;0.00698238;90
88.9961;0.00656401;90
89.1495;0.00720879;90
87.8461;0.00800866;90
89.318;0.00772955;90
82.0889;0.00762154;90
73.6673;0.00676709;90
57.5151;0.00578875;90
36.047;0.00428924;90
32.2801;0.00404638;90
46.8852;0.00472886;90
65.8732;0.00605494;90
79.6931;0.00731606;90
82.4961;0.0077645;90
65.39;0.00979252;90
47.2296;0.00201749;90
62.6628;0.00623875;90
62.5634;0.0061745;90
53.7163;0.00547329;90
62.2482;0.00598098;90
76.3361;0.00694249;90
82.1154;0.0141568;90
79.438;0.00286962;90
85.4763;0.00590841;90
92.4065;0.00800206;90
96.7637;0.0075143;90
93.9487;0.00787068;90
90.8021;0.00764375;90
88.1557;0.00783006;90
79.2893;0.00757599;90
76.4284;0.00672889;90
75.384;0.00745423;90
75.763;0.00657494;90
75.1291;0.0076254;90
82.4656;0.0152759;90
80.0039;0.00448204;90
82.525;0.00753302;90
77.2813;0.00379717;90
72.6261;0.00602802;90
75.1183;0.0138733;90
81.7669;0.0029888;90
87.0875;0.00525479;90
86.7205;0.00765654;90
90.9276;0.00778302;90
94.6366;0.00783063;90
91.7616;0.00757958;90
82.4473;0.00749402;90
74.3105;0.00695202;90
76.4846;0.00736393;90
86.2647;0.00755204;90
93.0341;0.00750051;90
95.9305;0.00767508;90
99.0948;0.00750941;90
99.3029;0.00750369;90
99.1813;0.00750819;90
98.675;0.01206;90
97.1041;0.00305646;90
94.9559;0.00754722;90
95.2219;0.00792188;90
92.0246;0.00755772;90
89.122;0.00796193;90
82.8172;0.00750187;90
82.8967;0.00786839;90
83.0525;0.00740739;90
88.532;0.00776755;90
90.0287;0.007994;90
89.5705;0.00760421;90
90.9172;0.00787101;90
89.0923;0.00820603;90
86.7741;0.0081389;90
83.3293;0.00804043;90
83.4394;0.00798227;90
82.4749;0.00783447;90
76.9194;0.00699449;90
67.5195;0.0135994;90
51.9946;0.00362331;90
49.861;0.00217794;90
60.0579;0.0102339;90
74.1909;0.00785512;90
84.7406;0.0079093;90
74.8481;0.00696306;90
57.9575;0.00555651;90
55.8298;0.00546066;90
68.0297;0.00711792;90
68.0917;0.00647242;90
68.5328;0.00646231;90
67.8011;0.00567461;90
70.2964;0.00549897;90
76.5035;0.00599866;90
77.1219;0.00622765;90
75.8703;0.00579637;90
75.8745;0.00373699;90
76.0432;0.00245034;90
79.947;0.00376379;90
86.7934;0.00368277;90
87.2292;0.00440615;90
91.3782;0.00457332;90
94.8034;0.00419172;90
99.347;0.00277687;90
73.4622;0.00285615;90
76.9953;0.00171088;90
75.774;0.00256362;90
73.1857;0.00162132;90
90;0.001011;90
133.421;0.00143739;90
-117.648;0.000969732;90
-78.1925;0.00149054;90
-45.2224;0.0010932;90
-102.632;0.00373132;90
-104.712;0.00255165;90
-103.625;0.00162163;90
-77.9871;0.00249361;90
-80.8408;0.00114966;90
-86.3454;0.00401617;90
-90.1681;0.00272701;90
-92.7144;0.00297734;90
-93.0719;0.00341491;90
-93.1285;0.00377463;90
-103.731;0.0035515;90
-103.237;0.00246756;90
-103.712;0.00466598;90
-104.006;0.00548713;90
-102.856;0.00617069;90
-104.356;0.0060778;90
-111.731;0.005769;90
-111.93;0.00588266;90
-111.464;0.00570355;90
-111.905;0.0063688;90
-112.989;0.00582243;90
-121.494;0.0050018;90
-123.492;0.00505418;90
-109.499;0.00600968;90
-96.298;0.00720146;90
-98.8349;0.00687558;90
-110.113;0.00644717;90
-122.123;0.00549525;90
-128.783;0.00470803;90
-128.349;0.00443868;90
-116.389;0.00479684;90
-108.81;0.00535923;90
-104.56;0.00535808;90
-95.9091;0.00459441;90
-90.2906;0.00295704;90
-1.27452;0.000854211;90
24.8198;0.000895737;90
32.213;0.00166771;90
38.636;0.00112914;90
-82.7311;0.00098794;90
-4.25688;0.000309855;90
161.78;0.000927503;90
-148.511;0.00284494;90
-152.55;0.00066598;90
-148.268;0.000511455;90
-107.245;0.00589291;90
-93.7104;0.00135985;90
-96.3169;0.0108519;90
-92.6252;0.0160689;90
-91.3211;0.00346992;90
-88.5621;0.00514062;90
-90.1874;0.00794804;90
-89.7282;0.00801009;90
-91.5491;0.00817499;90
-96.8135;0.00800755;90
-96.9411;0.0158461;90
-92.5654;0.00315016;90
-89.9658;0.005032;90
-86.0863;0.00788238;90
-86.0784;0.00826134;90
-84.7897;0.00814867;90
-80.9912;0.00774656;90
-80.6098;0.00783296;90
-80.371;0.0152569;90
-81.3364;0.00311353;90
-82.9585;0.00927496;90
-86.0627;0.00349525;90
-91.397;0.00861356;90
-101.503;0.00766701;90
-105.314;0.00696323;90
-96.5728;0.0146594;90
-81.7232;0.0044736;90
-87.4598;0.0083482;90
-89.3567;0.0031172;90
-93.1605;0.015091;90
-97.1891;0.0027728;90
-101.612;0.00483394;90
-103.715;0.00717456;90
-108.536;0.00682927;90
-100.208;0.0185303;90
-94.4369;0.00380039;90
-97.0268;0.00745499;90
-103.554;0.00717688;90
-105.362;0.0135512;90
-102.4;0.00449383;90
-104.272;0.0035898;90
-98.3185;0.0151858;90
-85.4667;0.0030365;90
-91.7278;0.0041789;90
-87.1671;0.00764835;90
-84.3782;0.00770707;90
-85.3564;0.00773238;90
-95.8817;0.014628;90
-98.8216;0.002367;90
-96.5395;0.00561956;90
-97.9024;0.00757897;90
-112.649;0.00639846;90
-126.001;0.00540662;90
-120.043;0.0058823;90
-114.308;0.00624571;90
-126.619;0.00534625;90
-119.02;0.00573272;90
-103.421;0.0072469;90
-94.964;0.00740779;90
-109.042;0.0105345;90
-135.926;0.00196955;90
-142.243;0.00466596;90
-149.685;0.00419804;90
-130.587;0.00511837;90
-112.55;0.00636785;90
-101.828;0.00695672;90
-92.9517;0.00794254;90
-91.9442;0.00751633;90
-91.5392;0.00711057;90
-91.0488;0.00710219;90
-90.6587;0.00591539;90
-85.784;0.00569942;90
-87.5384;0.0059605;90
-85.5804;0.00589152;90
-86.2862;0.00600561;90
-87.9377;0.00594685;90
-86.1228;0.00603381;90
-89.5358;0.0060482;90
-88.9817;0.00602095;90
-90.4266;0.00913225;90
-91.206;0.00237553;90
-90.5058;0.00600423;90
-90.9745;0.00587985;90
-99.4588;0.00533656;90
-99.6844;0.00593863;90
-101.845;0.00570958;90
-101.242;0.00579112;90
-102.519;0.00555917;90
-94.1052;0.00645356;90
-89.3702;0.00527632;90
-90.7126;0.00586945;90
-96.1632;0.0114009;90
-100.607;0.00222197;90
-98.6805;0.00828895;90
-95.3818;0.00199379;90
-91.8047;0.00473135;90
-91.5367;0.00581709;90
-91.6879;0.00570347;90
-104.682;0.00535795;90
-135.11;0.00588031;90
-127.615;0.00179895;90
-132.415;0.00418538;90
-131.002;0.00380288;90
-119.679;0.00456026;90
-113.871;0.00419592;90
-111.226;0.00303274;90
-111.73;0.00269017;90
-102.018;0.00329932;90
-99.4417;0.00274316;90
-89.1843;0.0069537;90
-92.0136;0.00173607;90
-88.5976;0.0026558;90
-89.4749;0.00381916;90
-89.498;0.00730528;90
-88.6765;0.00199153;90
-89.3122;0.00383228;90
-90.3947;0.00609614;90
-87.6642;0.00618314;90
-89.576;0.0128384;90
-87.04;0.00325334;90
-83.1304;0.00372877;90
-77.3858;0.00487671;90
-85.1239;0.00596459;90
-92.868;0.00609564;90
-95.7124;0.00624903;90
-99.1726;0.00607873;90
-99.1842;0.00592698;90
-94.9388;0.0062492;90
-88.9966;0.00610994;90
-85.3221;0.0116488;90
-83.0853;0.00246694;90
-85.1349;0.00445706;90
-84.6376;0.00620616;90
-84.1907;0.00606615;90
-81.5986;0.00600241;90
-79.4961;0.00605039;90
-77.5368;0.00577816;90
-75.6337;0.00564244;90
-73.9099;0.00571175;90
-74.6053;0.00990333;90
-76.6648;0.00329073;90
-84.0758;0.014039;90
-90.0635;0.002708;90
-91.9811;0.00575644;90
-89.2169;0.0075367;90
-84.9427;0.00779334;90
-85.2094;0.00757948;90
-85.6968;0.00772979;90
-89.1706;0.00787583;90
-88.5207;0.00770857;90
-87.8683;0.0077964;90
-85.3641;0.00778246;90
-78.8169;0.013375;90
-74.5609;0.00292246;90
-74.6488;0.00523166;90
-74.8114;0.00694666;90
-76.9936;0.00728695;90
-80.4271;0.00749842;90
-82.684;0.00740529;90
-87.0956;0.0122557;90
-99.804;0.00738789;90
-104.417;0.00328134;90
-94.1565;0.0145693;90
-91.6719;0.00263912;90
-89.9132;0.00527901;90
-89.6892;0.00774211;90
-88.4054;0.00779802;90
-87.8491;0.00754031;90
-83.6448;0.00799513;90
-81.6408;0.00721566;90
-73.9997;0.00702723;90
-74.0535;0.00715223;90
-83.3115;0.0134969;90
-91.3506;0.00326691;90
-78.4552;0.0115323;90
-74.9073;0.0028151;90
-84.0368;0.0127731;90
-95.2493;0.00321348;90
-88.4425;0.00478277;90
-84.3053;0.0125369;90
-79.44;0.002952;90
-79.5731;0.0140622;90
-78.9548;0.00288647;90
-81.355;0.00525571;90
-82.7756;0.00757816;90
-84.0633;0.00733836;90
-79.5922;0.0122943;90
-75.4288;0.00218219;90
-68.3236;0.0038309;90
-63.2062;0.00470517;90
-74.0416;0.00545212;90
-93.2381;0.012552;90
-87.2415;0.00228565;90
-99.1324;0.00316917;90
-99.1986;0.0107847;90
-101.615;0.0017284;90
-97.1373;0.00288133;90
-92.3193;0.0041514;90
-84.1194;0.00607095;90
-74.3074;0.00538678;90
-58.7276;0.00767279;90
-41.9572;0.00155854;90
-69.6129;0.010601;90
-79.1003;0.00243798;90
-75.6669;0.00491602;90
-59.542;0.00501276;90
-77.6085;0.00647279;90
-72.748;0.0053612;90
-73.7632;0.00264656;90
-67.549;0.00417656;90
-48.3609;0.00515023;90
-32.4447;0.00116126;90
-31.8567;0.0052274;90
-36.8994;0.0007778;90
-20.1381;0.000978841;90
-53.007;0.00381741;90
-70.4301;0.0106492;90
-77.0241;0.00229357;90
-74.4945;0.00379305;90
-76.515;0.00582355;90
-96.649;0.00780751;90
-117.702;0.00141974;90
-130.327;0.00192691;90
143.647;0.00130745;90
147.336;0.00444497;90
-129.931;0.00140841;90
-140.233;0.00206984;90
-161.434;0.00166147;90
-64.9229;0.00557998;90
-83.688;0.00134616;90
-87.4646;0.00189886;90
-86.8601;0.00620732;90
-93.098;0.00629119;90
-93.5622;0.00177042;90
-105.776;0.00231728;90
167.916;0.00284708;90
130.318;0.00094431;90
118.116;0.00117347;90
87.0849;0.00135676;90
115.346;0.00117733;90
-70.284;0.00130129;90
-24.8253;0.00446346;90
86.5124;0.0114742;90
93.2975;0.00351181;90
94.2051;0.00317755;90
111.4;0.00281187;90
121.199;0.00234166;90
31.1419;0.00176541;90
41.408;0.00257327;90
37.0418;0.00259961;90
-49.996;0.00273629;90
-52.148;0.00218212;90
48.993;0.00265031;90
72.7568;0.00428771;90
91.3182;0.00465123;90
104.839;0.00439663;90
104.088;0.0048107;90
104.806;0.00482107;90
106.038;0.00491532;90
117.751;0.00410406;90
132.505;0.00279431;90
129.082;0.00118648;90
88.5933;0.00309593;90
90.5838;0.00147208;90
90;0.000895;90
-88.9092;0.00241644;90
-83.7336;0.00188728;90
76.6223;0.00143494;90
110.039;0.000881356;90
100.596;0.00105499;90
88.3757;0.00119948;90
65.8562;0.00102682;90
-50.8076;0.000789649;90
16.1892;0.000774721;90
85.5456;0.00118458;90
100.649;0.000968682;90
89.7189;0.00142702;90
-77.5693;0.00221595;90
64.9305;0.00125084;90
112.991;0.000760401;90
81.684;0.00401017;90
114.851;0.00185364;90
92.3614;0.0016504;90
75.4548;0.000955628;90
-26.1844;0.00249059;90
-87.8975;0.00125384;90
-111.486;0.00185382;90
-132.911;0.00129982;90
-105.869;0.00154696;90
-55.5991;0.000849589;90
164.08;0.00122498;90
-69.5859;0.00146501;90
-1.21115;0.000473106;90
45.1493;0.00135694;90
13.6163;0.000628669;90
47.8462;0.00112498;90
68.2803;0.00351559;90
15.3113;0.000893723;90
71.6229;0.0028198;90
89.3947;0.00217712;90
123.744;0.000590479;90
125.852;0.00069831;90
-165.815;0.00121195;90
-156.283;0.000900011;90
-140.085;0.000670146;90
-107.107;0.00216896;90
-70.8957;0.00135355;90
-106.976;0.00275714;90
-139.108;0.000918062;90
-104.081;0.00153719;90
-85.8042;0.00114808;90
-170.086;0.00102226;90
-100.323;0.00387269;90
14.4939;0.00136649;90
21.6685;0.00144081;90
178.927;0.00085415;90
-179.708;0.000588008;90
-102.936;0.00131333;90
166.507;0.00138009;90
153.627;0.000668588;90
-101.054;0.00171074;90
-86.3761;0.0012024;90
-75.8118;0.00219496;90
-87.8259;0.00231967;90
-46.0214;0.000872708;90
-65.6171;0.0122617;90
-80.534;0.00252944;90
-72.9247;0.0041447;90
-84.1793;0.0115465;90
-96.6913;0.00144182;90
-109.082;0.00182001;90
-152.411;0.00320211;90
111.589;0.000850676;90
116.805;0.00117529;90
147.713;0.00215288;90
-137.443;0.00235539;90
-151.005;0.00380832;90
-67.8453;0.00656575;90
-83.7251;0.00213177;90
-89.2983;0.00563442;90
-89.2892;0.00120909;90
-93.7748;0.00504294;90
-90.483;0.000949034;90
-97.4193;0.0022458;90
-109.139;0.000823519;90
-168.94;0.00283057;90
132.772;0.00160069;90
101.808;0.00277574;90
156.104;0.00385111;90
123.216;0.00227823;90
-48.9338;0.00319517;90
-21.9887;0.00420379;90
158.065;0.000476496;90
146.077;0.00115933;90
-54.3169;0.0014195;90
154.72;0.00348914;90
130.842;0.00152146;90
-44.5365;0.00393376;90
-53.2451;0.0013954;90
92.7018;0.00267297;90
-71.3349;0.00118112;90
-172.41;0.0016202;90
132.033;0.00460449;90
123.297;0.00371602;90
119.934;0.00308216;90
124.525;0.00312302;90
150.96;0.00149151;90
154.117;0.000751372;90
88.074;0.00306473;90
91.5217;0.00444357;90
92.0417;0.00384544;90
93.3267;0.00177499;90
108.625;0.00247355;90
120.931;0.00152136;90
153.594;0.00290064;90
-139.606;0.00287945;90
168.259;0.000678189;90
96.3839;0.00260817;90
-160.985;0.00237246;90
170.529;0.00229731;90
120.251;0.00368013;90
106.572;0.00335537;90
113.848;0.00244364;90
117.016;0.00193292;90
116.555;0.00246504;90
118.484;0.00263154;90
122.205;0.0030491;90
153.407;0.00275215;90
-170.084;0.00245061;90
-164.885;0.00182929;90
88.5988;0.00421226;90
81.1783;0.00507301;90
51.3352;0.00360777;90
25.9642;0.00260158;90
100.017;0.00142573;90
99.716;0.00278495;90
91.3937;0.00357706;90
90.6047;0.00331618;90
84.3618;0.00299248;90
78.734;0.00306608;90
-98.1202;0.00491326;90
-91.4171;0.00525661;90
-96.5771;0.00136196;90
-82.2422;0.00350407;90
-64.9792;0.00175908;90
-149.402;0.00314723;90
-136.637;0.000891318;90
-127.383;0.00140826;90
-102.899;0.00664776;90
-87.6918;0.00104285;90
-48.7326;0.00284578;90
16.2441;0.0007114;90
9.28094;0.000830877;90
-32.5917;0.00517963;90
-64.0966;0.00143297;90
-62.3731;0.00480256;90
-58.7363;0.00108097;90
-71.7208;0.00639889;90
-66.9041;0.00175898;90
-23.5812;0.00469943;90
19.8552;0.000956883;90
-23.5039;0.00128131;90
-13.0095;0.00201676;90
26.9491;0.00113416;90
-31.4311;0.00361668;90
-77.8981;0.00336273;90
-14.2123;0.00292039;90
24.9628;0.000895672;90
3.27093;0.00373308;90
-19.931;0.000750981;90
-26.3665;0.00245209;90
-31.5826;0.000905051;90
-32.029;0.00385595;90
-63.7076;0.00526242;90
-84.9523;0.00516001;90
-86.4303;0.00379035;90
-88.1206;0.00314069;90
-115.929;0.00898552;90
115.514;0.00363109;90
-53.9509;0.00600362;90
72.9093;0.00490668;90
88.9455;0.00891151;90
94.9313;0.00116331;90
92.3032;0.00455368;90
99.8279;0.00252506;90
121.739;0.00230584;90
109.668;0.00221948;90
19.0291;0.0031713;90
67.4335;0.00132115;90
-15.691;0.00420781;90
-62.3618;0.00124168;90
-11.1677;0.000789958;90
55.7015;0.00276839;90
85.1412;0.00999994;90
110.466;0.00141854;90
106.275;0.00894232;90
103.479;0.0022438;90
104.845;0.0043326;90
116.557;0.00318282;90
126.223;0.00363323;90
152.217;0.00119925;90
87.9819;0.00292481;90
103.276;0.0042023;90
39.8642;0.000750425;90
-77.4294;0.00148869;90
-88.1314;0.0028215;90
-76.7778;0.00143402;90
87.1096;0.0020426;90
-69.7751;0.0190335;90
-80.6247;0.00173112;90
-72.9833;0.00376901;90
-81.8593;0.00840368;90
-96.2809;0.00191952;90
-115.289;0.00580314;90
-167.099;0.000967422;90
122.822;0.00355326;90
-154.937;0.00576478;90
172.531;0.000723136;90
-72.6733;0.00750454;90
-87.355;0.002817;90
-87.0013;0.00342169;90
-89.5822;0.00466312;90
-94.2768;0.00172982;90
-101.181;0.00645655;90
139.725;0.00476441;90
85.31;0.00135755;90
118.289;0.000966419;90
-51.2078;0.00601599;90
78.045;0.0070724;90
81.5538;0.00207652;90
-98.1474;0.00985042;90
142.112;0.00390642;90
108.866;0.00172254;90
102.734;0.00209144;90
149.156;0.00632334;90
119.624;0.00300822;90
121.404;0.00303218;90
126.091;0.00286727;90
165.03;0.00133946;90
-96.8334;0.00316851;90
-97.997;0.00639014;90
-98.4594;0.00524102;90
-96.7264;0.00465303;90
-92.4567;0.00515574;90
-86.0974;0.00486328;90
-94.8736;0.00480236;90
-97.5979;0.00461351;90
-87.2191;0.00494683;90
-82.6748;0.00532546;90
-88.0064;0.00592158;90
-101.147;0.00591763;90
-99.5143;0.00597722;90
-101.799;0.00567287;90
-93.807;0.00591906;90
-102.676;0.00585573;90
-103.899;0.00568651;90
-123.99;0.00434669;90
-135.274;0.00429007;90
-135.009;0.00440598;90
-102.609;0.00604683;90
-92.8268;0.00650892;90
-99.9479;0.00624591;90
-109.425;0.00583938;90
-99.2599;0.0064693;90
-103.369;0.00622364;90
-123.485;0.00411257;90
-108.171;0.00500562;90
-114.273;0.00506472;90
-132.641;0.00410541;90
-138.098;0.00324471;90
-107.416;0.00517525;90
-102.652;0.00566146;90
-105.91;0.00592807;90
-116.893;0.00554017;90
-126.656;0.00502844;90
-124.972;0.00527069;90
-136.209;0.00452437;90
-135.727;0.0038993;90
-102.486;0.00601733;90
-83.0277;0.00581601;90
-71.5945;0.00492809;90
-80.6293;0.00503621;90
-93.0317;0.00589926;90
-99.0889;0.0063558;90
-81.9199;0.00599754;90
-104.941;0.00601951;90
177.317;0.00341775;90
173.328;0.00335673;90
-130.03;0.00457876;90
-101.433;0.00673464;90
-101.079;0.00764447;90
-98.7664;0.00816235;90
-95.3093;0.00758655;90
-123.431;0.00490083;90
-148.496;0.00216629;90
-86.7049;0.00372316;90
-86.1249;0.00773869;90
-86.3694;0.00770647;90
-78.2164;0.00718849;90
-72.4298;0.0060555;90
-73.8506;0.00597893;90
-74.5296;0.00627952;90
-62.9322;0.00499512;90
-54.9414;0.00401801;90
-34.2613;0.00311563;90
-50.7525;0.00356267;90
-66.093;0.00440711;90
-75.8895;0.00505348;90
-77.7768;0.00679197;90
-80.706;0.00621053;90
-82.6634;0.00675026;90
-90.8459;0.00745081;90
-91.5765;0.00639742;90
-97.7723;0.00724657;90
-95.8736;0.00671324;90
-83.24;0.00667742;90
-86.0846;0.00680989;90
-92.7827;0.00642658;90
-92.8271;0.00535251;90
-94.381;0.00298472;90
-96.671;0.00223815;90
-93.5492;0.00566987;90
-92.4226;0.00657688;90
-87.8786;0.00740207;90
-86.0836;0.00726196;90
-75.2267;0.00667465;90
-73.3864;0.00685517;90
-74.5006;0.00621191;90
-69.4889;0.00418106;90
-68.8032;0.00524377;90
-65.9746;0.00222036;90
-112.259;0.00265051;90
-106.039;0.00328278;90
-107.075;0.00480897;90
-108.733;0.00352788;90
-107.692;0.0033893;90
-99.7616;0.00607495;90
-99.2747;0.00657698;90
-98.3523;0.00685672;90
-97.4898;0.00646718;90
-99.0557;0.00627724;90
-103.968;0.00635492;90
-106.45;0.00643752;90
-106.756;0.00644464;90
-113.971;0.00583093;90
-124.889;0.00512766;90
-116.272;0.00568863;90
-114.946;0.00595121;90
-110.048;0.00591865;90
-95.1545;0.00687882;90
-98.5679;0.00640346;90
-110.92;0.00567404;90
-111.895;0.00645459;90
-112.974;0.0059695;90
-107.001;0.00639549;90
-100.496;0.00697165;90
-96.6684;0.00686343;90
-100.221;0.00643004;90
-112.797;0.00572957;90
-118.851;0.00539232;90
-117.633;0.00412895;90
-119.692;0.00418903;90
-119.199;0.00409767;90
-116.348;0.00353972;90
-120.618;0.00301191;90
-100.524;0.0058911;90
-96.4218;0.00534655;90
-98.2607;0.00589516;90
-122.575;0.00511697;90
-126.923;0.004323;90
-115.886;0.00464061;90
-93.575;0.00543658;90
-78.7584;0.00410883;90
-66.4539;0.00437311;90
-79.7742;0.00629194;90
-73.3989;0.00603767;90
-76.2191;0.00625918;90
-80.8728;0.0061843;90
-68.0313;0.0056589;90
-76.7794;0.00625272;90
-83.5869;0.00693842;90
-68.8417;0.00582359;90
-77.2737;0.00635512;90
-101.707;0.0066585;90
-106.723;0.00629733;90
-100.996;0.00611833;90
-85.8119;0.00605216;90
-84.1775;0.0068805;90
-83.8543;0.00666933;90
-83.1186;0.00589245;90
-83.7208;0.00456237;90
-87.0018;0.00349879;90
-91.7633;0.00370475;90
-95.8366;0.00330413;90
-97.2416;0.00383963;90
-99.9806;0.00448893;90
-112.632;0.00359915;90
-121.876;0.0036623;90
-116.367;0.00426913;90
-157.266;0.00277131;90
165.415;0.00319289;90
-176.56;0.0030495;90
-128.571;0.00433211;90
-146.68;0.00377565;90
-151.968;0.00363435;90
-153.577;0.00379551;90
-153.328;0.00767912;90
-161.86;0.00393772;90
-140.205;0.00424033;90
-124.469;0.00481302;90
-111.872;0.00631885;90
-101.869;0.00670945;90
-96.3681;0.00725778;90
-95.776;0.00697541;90
-93.2243;0.00657841;90
-83.3603;0.00682377;90
-78.253;0.00670952;90
-83.1928;0.00659751;90
-83.1142;0.006239;90
-74.4909;0.00613333;90
-74.0834;0.00682984;90
-83.4677;0.0071464;90
-92.8064;0.00694433;90
-94.9886;0.00710692;90
-91.4426;0.00667312;90
-81.0208;0.00684286;90
-72.3127;0.00654331;90
-81.6454;0.00750868;90
-87.8693;0.00685874;90
-87.0041;0.00767249;90
-88.4419;0.00728169;90
-94.3845;0.00682798;90
-104.781;0.00707512;90
-110.704;0.00581556;90
-109.687;0.00597845;90
-106.635;0.00613057;90
-101.61;0.00651938;90
-102.898;0.00606604;90
-128.592;0.00407364;90
-169.203;0.00304796;90
-128.4;0.00409086;90
-126.015;0.00319215;90
-133.73;0.00306252;90
-106.26;0.0041;90
-93.9717;0.00512531;90
-92.1746;0.00542891;90
-95.3842;0.00585081;90
-94.8352;0.00625225;90
-96.3581;0.00495749;90
-92.8531;0.0046007;90
-87.8908;0.00497237;90
-83.0431;0.00532521;90
-58.4279;0.00371487;90
-72.5817;0.00367135;90
-85.5529;0.00417858;90
-61.4188;0.00359738;90
-63.1552;0.00357194;90
-86.535;0.00430186;90
-65.0923;0.00253587;90
-17.0005;0.00234968;90
6.96568;0.00294373;90
0.497311;0.0027651;90
-54.5124;0.0041204;90
-56.8073;0.00469627;90
-55.3942;0.00470307;90
-45.453;0.00402427;90
-25.2397;0.00340286;90
-10.6353;0.00314808;90
-39.4065;0.00378691;90
-41.7559;0.00377351;90
-53.2172;0.00460601;90
-38.9372;0.00390314;90
-39.1925;0.00374568;90
-44.9906;0.00432113;90
-52.079;0.00469919;90
-45.166;0.00439257;90
-33.4151;0.00375703;90
33.2814;0.00342231;90
26.8693;0.00277902;90
-24.7705;0.00347029;90
-29.3339;0.00352727;90
-49.217;0.00424069;90
-50.3463;0.00343025;90
-29.3993;0.00277657;90
-46.006;0.00302052;90
-68.7917;0.00498674;90
-60.8262;0.00434292;90
-51.2406;0.0038639;90
-63.2853;0.0047937;90
-63.8937;0.00530636;90
-65.6389;0.00577959;90
-70.2418;0.00583343;90
-73.4981;0.00589689;90
-77.2865;0.00578893;90
-83.723;0.00631083;90
-88.7193;0.00715879;90
-85.3708;0.00714932;90
-77.7288;0.00610242;90
-75.7667;0.00542968;90
-78.1583;0.00477563;90
-79.5827;0.00514887;90
-78.1733;0.00595747;90
-79.1686;0.00671564;90
-79.1405;0.00698509;90
-86.2116;0.00652325;90
-99.5633;0.00606124;90
-110.397;0.00580175;90
-103.275;0.00566128;90
-94.4858;0.00585594;90
-101.833;0.0041696;90
-143.425;0.00271704;90
-170.386;0.00223945;90
177.597;0.00240912;90
150.608;0.00255715;90
-165.478;0.00234492;90
174.922;0.00253093;90
156.956;0.002782;90
161.16;0.00282114;90
161.038;0.00302516;90
-152.337;0.00301119;90
-123.581;0.00438602;90
-95.4393;0.00531694;90
-88.3322;0.00209589;90
-97.2783;0.00111297;90
-87.9102;0.00501834;90
-77.0217;0.00474214;90
-100.64;0.00508544;90
-121.385;0.00364067;90
-138.125;0.00268463;90
-106.918;0.00391754;90
-95.6743;0.00486484;90
-123.106;0.00370198;90
-147.957;0.00274052;90
-113.11;0.00374014;90
-99.4732;0.00519484;90
-82.2521;0.00523681;90
-67.3203;0.00463977;90
-83.3033;0.00484506;90
-101.103;0.00342715;90
-115.671;0.00237768;90
-115.507;0.00135618;90
-117.078;0.00119947;90
-91.6311;0.00119448;90
-55.7962;0.00111361;90
65.6402;0.00112737;90
71.6492;0.00172155;90
15.2132;0.00083838;90
-62.4602;0.00152477;90
-70.4905;0.00128158;90
-139.768;0.0114836;90
-142.118;0.000758918;90
125.701;0.000980204;90
126.089;0.000821676;90
79.8753;0.00108083;90
85.5022;0.000930867;90
33.2004;0.00084373;90
39.518;0.00959264;90
-103.241;0.00104785;90
-117.858;0.000832476;90
117.192;0.00192134;90
63.2659;0.00242525;90
64.2037;0.00316656;90
85.9993;0.00365491;90
99.3382;0.00432633;90
113.497;0.00370197;90
99.5503;0.00471332;90
82.9452;0.00546336;90
65.9004;0.00479275;90
31.115;0.00357421;90
73.8119;0.00499296;90
82.6029;0.00553809;90
45.552;0.00293604;90
50.0141;0.00300965;90
71.593;0.00389213;90
94.8318;0.00453512;90
97.3981;0.00452769;90
91.9277;0.00535103;90
85.3414;0.0062055;90
58.8252;0.00484109;90
20.8779;0.00304171;90
-21.4626;0.00295168;90
-19.3707;0.00311747;90
-24.7207;0.00301533;90
9.65265;0.00282094;90
-10.2272;0.0025739;90
-12.8768;0.00266092;90
4.69171;0.00257964;90
26.6036;0.00265734;90
73.7556;0.00450068;90
85.2252;0.00555026;90
77.1034;0.00582904;90
71.3689;0.00563426;90
78.5028;0.00581978;90
93.128;0.00705551;90
100.167;0.00648685;90
101.454;0.00625965;90
101.075;0.00639815;90
101.553;0.0047237;90
100.764;0.00524733;90
104.674;0.00609894;90
101.82;0.00661016;90
93.6362;0.00758427;90
91.3589;0.00754812;90
98.2036;0.00727444;90
105.212;0.00664275;90
107.753;0.00626745;90
112.68;0.00622431;90
117.121;0.0021673;90
117.882;0.00554691;90
121.643;0.00789704;90
131.855;0.00161109;90
112.11;0.00478488;90
113.352;0.00410964;90
142.157;0.00593646;90
133.469;0.00116431;90
130.191;0.0055335;90
124.582;0.000766411;90
156.725;0.00607871;90
-148.476;0.00364726;90
-145.503;0.00200932;90
149.917;0.00508725;90
134.348;0.00111872;90
128.745;0.00671079;90
136.224;0.00125752;90
138.832;0.00636972;90
140.724;0.00203459;90
139.509;0.00316632;90
128.867;0.00677111;90
148.462;0.00135165;90
142.297;0.00367419;90
159.57;0.00721373;90
137.643;0.00157924;90
123.622;0.00653049;90
111.485;0.00117677;90
126.327;0.00708992;90
172.071;0.00116716;90
-174.408;0.00413568;90
171.56;0.000783486;90
138.315;0.00440274;90
91.4136;0.00170252;90
106.519;0.00592974;90
147.26;0.000702624;90
101.96;0.00773081;90
112.378;0.00151294;90
116.157;0.0052786;90
101.276;0.0019894;90
93.1182;0.00799684;90
89.8157;0.00341902;90
85.4461;0.00846372;90
84.4487;0.00239825;90
84.4143;0.00945188;90
86.064;0.00193757;90
85.6582;0.00957648;90
63.0484;0.00159077;90
48.9263;0.00634066;90
59.0245;0.00167486;90
47.5591;0.002328;90
39.8429;0.00726878;90
75.4511;0.00227702;90
77.5802;0.0035337;90
79.1415;0.00649733;90
71.6333;0.0058363;90
69.9828;0.00745538;90
71.5073;0.00690136;90
80.1764;0.00756086;90
90.8471;0.0154887;90
90.9933;0.0053068;90
93.1171;0.00603192;90
99.7752;0.00433494;90
103.416;0.0138777;90
92.4965;0.00286972;90
86.6715;0.0114193;90
84.3208;0.0025465;90
88.0597;0.00552317;90
96.5629;0.00747196;90
107.299;0.00663513;90
105.298;0.00639042;90
96.7394;0.0133613;90
102.634;0.00236834;90
96.6527;0.0128787;90
84.8492;0.00297401;90
83.4544;0.0115795;90
76.7495;0.00196327;90
76.3005;0.0127096;90
62.8361;0.00248172;90
46.739;0.0073863;90
25.3364;0.00250274;90
16.2239;0.00245892;90
24.4779;0.0069749;90
28.6626;0.00149067;90
27.5073;0.0074243;90
39.2894;0.00146391;90
44.7816;0.00649199;90
-2.59785;0.00110313;90
-11.3427;0.00548615;90
41.6029;0.0010859;90
55.248;0.00197535;90
60.7889;0.00821468;90
75.3947;0.00139198;90
81.0363;0.00232337;90
80.9588;0.00369086;90
82.7039;0.00303155;90
85.6605;0.00630407;90
93.9049;0.00117473;90
95.7518;0.00761333;90
94.5905;0.00494787;90
97.2257;0.00755298;90
95.0035;0.00228169;90
94.2572;0.011612;90
82.7336;0.00226116;90
70.825;0.00296235;90
76.3787;0.0129255;90
90.5668;0.00232511;90
109.247;0.00314583;90
111.943;0.0063716;90
96.7639;0.00692822;90
106.689;0.012581;90
101.271;0.00228201;90
102.804;0.0111359;90
105.012;0.00215039;90
103.027;0.00991518;90
113.495;0.0017032;90
97.8165;0.00945586;90
82.8233;0.00247338;90
55.8688;0.00749256;90
53.0498;0.0031408;90
76.2698;0.00858225;90
81.6881;0.00200607;90
80.9124;0.0085726;90
67.8733;0.00143898;90
60.9526;0.00463614;90
60.3629;0.00131849;90
61.1266;0.00706187;90
64.2492;0.00173089;90
61.0727;0.00891876;90
63.4866;0.0019825;90
75.9059;0.00888239;90
82.0821;0.00263512;90
85.6407;0.0043546;90
79.5869;0.00644007;90
71.9978;0.0104674;90
65.8804;0.00222199;90
69.5822;0.00378372;90
67.5668;0.00599572;90
73.1009;0.0057106;90
84.3717;0.0101148;90
73.5724;0.00543486;90
64.3569;0.00491954;90
64.4229;0.00485031;90
63.888;0.00322406;90
53.0555;0.0058382;90
69.2585;0.00528022;90
73.8481;0.00556465;90
74.2379;0.00592686;90
75.2362;0.00532894;90
78.5633;0.00540635;90
81.5582;0.0059535;90
81.7484;0.00627092;90
81.473;0.00671725;90
81.1789;0.00552333;90
79.0842;0.00478966;90
74.4152;0.00272831;90
71.8548;0.00118808;90
70.4757;0.00407533;90
72.6364;0.0049726;90
75.0457;0.00177098;90
74.783;0.00184779;90
93.451;0.00191046;90
107.5;0.000911173;90
111.994;0.00237376;90
111.396;0.00401576;90
107.947;0.00449471;90
105.608;0.00517378;90
107.04;0.00553183;90
105.489;0.00572908;90
97.2525;0.00613105;90
92.189;0.00680697;90
91.1901;0.00659642;90
85.7371;0.00543504;90
85.4868;0.00568061;90
85.4036;0.00580266;90
87.8676;0.00564391;90
88.2601;0.00615884;90
97.219;0.00650154;90
93.1704;0.00710588;90
81.3195;0.0072288;90
85.027;0.00691001;90
88.4724;0.00716455;90
91.5276;0.00686444;90
100.096;0.00604664;90
98.7927;0.00599242;90
103.674;0.00601961;90
105.999;0.00503605;90
119.2;0.00463043;90
139.198;0.00371875;90
133.631;0.003997;90
118.655;0.00486937;90
109.394;0.00483643;90
102.75;0.00507925;90
108.244;0.00483926;90
107.064;0.00528884;90
100.916;0.00590382;90
97.4597;0.00566898;90
90.9161;0.00619179;90
95.486;0.00558558;90
95.2785;0.00265225;90
34.6978;0.00272816;90
58.8589;0.0047646;90
84.5974;0.00770021;90
81.3896;0.00754099;90
78.1325;0.00697304;90
81.6114;0.00661477;90
55.0666;0.00424362;90
30.7116;0.00323467;90
-32.9377;0.00340061;90
61.6534;0.00769579;90
98.3266;0.00568998;90
81.5287;0.00600754;90
86.6262;0.00642313;90
100.53;0.00540605;90
107.822;0.00502515;90
94.6234;0.00576877;90
76.6819;0.00528308;90
49.5739;0.00351136;90
33.2391;0.00334772;90
55.7516;0.00486689;90
55.4723;0.00493292;90
54.2873;0.001941;90
60.3629;0.00481491;90
72.5697;0.00784524;90
76.7428;0.0068855;90
67.8575;0.00115412;90
57.0982;0.00405191;90
46.6983;0.00131226;90
49.0318;0.00552132;90
68.686;0.00168098;90
73.212;0.0029048;90
71.9954;0.00315762;90
61.9225;0.00337182;90
70.9109;0.00703589;90
83.3478;0.0012776;90
82.0652;0.00365095;90
71.7613;0.00978667;90
76.979;0.0017931;90
87.5814;0.00452603;90
88.2409;0.00534252;90
75.417;0.00503212;90
45.0474;0.00855175;90
57.9411;0.0015882;90
58.8565;0.00426348;90
77.2341;0.00815047;90
83.7262;0.00561865;90
81.4048;0.00571418;90
80.2999;0.00582224;90
81.0632;0.00598668;90
88.5478;0.0105354;90
98.3212;0.00186564;90
98.7946;0.00314599;90
84.5413;0.00842019;90
82.5902;0.00319468;90
96.2253;0.00407604;90
89.6186;0.0045071;90
84.994;0.00424017;90
83.0235;0.00430588;90
79.8072;0.00452644;90
80.6703;0.0036209;90
87.1184;0.00401808;90
88.0114;0.00100861;90
-3.22755;0.00106569;90
-46.3215;0.0024529;90
-58.4794;0.00328229;90
-61.0764;0.00322759;90
-50.7518;0.00293513;90
-48.1172;0.00297779;90
-47.9802;0.00274729;90
63.9675;0.00125091;90
118.803;0.00125987;90
25.905;0.00582311;90
73.5655;0.00107804;90
-107.525;0.00901964;90
132.29;0.00396352;90
58.8058;0.000980808;90
146.5;0.00443347;90
126.708;0.00516282;90
119.519;0.00135373;90
119.736;0.00236894;90
135.646;0.00464174;90
169.632;0.000488984;90
90.0788;0.00800201;90
90.3871;0.00222005;90
88.1482;0.00176392;90
103.237;0.00194775;90
99.2536;0.00139921;90
119.616;0.000772986;90
174.779;0.00528593;90
109.62;0.00252246;90
177.788;0.000492367;90
-163.136;0.00149948;90
139.146;0.00660115;90
109.146;0.00198796;90
116.778;0.00528476;90
103.191;0.000986015;90
119.258;0.00502508;90
126.274;0.00092285;90
136.098;0.00118109;90
178.603;0.00557866;90
95.4252;0.00503455;90
63.173;0.008706;90
25.9799;0.000963348;90
6.20345;0.000786606;90
101.035;0.00478548;90
91.6448;0.00198582;90
90.1319;0.00347401;90
86.7516;0.00148238;90
80.8404;0.00199139;90
-91.3029;0.00690479;90
-88.0881;0.00137877;90
-89.1085;0.0024423;90
-58.6317;0.00301228;90
-7.90315;0.00078546;90
-23.7339;0.00618402;90
-37.3314;0.00568578;90
-72.8866;0.00117921;90
-69.6119;0.00511226;90
-66.1239;0.00101047;90
-72.785;0.00641645;90
-52.9504;0.00108381;90
-22.2609;0.00407577;90
70.6735;0.00772322;90
65.1263;0.00101517;90
90;0.001498;90
90.7214;0.00420933;90
21.3746;0.00117158;90
65.3575;0.00606539;90
115.137;0.000951072;90
105.47;0.0042064;90
60.9409;0.00123324;90
-49.3987;0.00917345;90
-32.7787;0.00554493;90
-25.0042;0.000820942;90
-38.1452;0.000799798;90
-45.618;0.00308104;90
-62.9629;0.00499376;90
-75.0731;0.0145738;90
-80.1609;0.00707506;90
-101.133;0.0036772;90
-111.69;0.00229984;90
-125.944;0.00248892;90
170.134;0.000840428;90
116.07;0.00362033;90
161.196;0.00191417;90
-126.847;0.0030466;90
-156.588;0.00236576;90
-102.897;0.00136647;90
-61.7796;0.0032356;90
-82.7811;0.00704283;90
-87.9278;0.00190825;90
-92.0977;0.00480822;90
-92.5024;0.00444324;90
-104.506;0.00242326;90
-117.58;0.00196984;90
133.432;0.00439419;90
87.1164;0.00188839;90
108.327;0.00117669;90
-51.4958;0.00626915;90
75.1598;0.00356077;90
85.7537;0.00406516;90
89.5004;0.00435817;90
92.8151;0.00441833;90
94.5548;0.00394145;90
116.822;0.00319582;90
111.161;0.00267325;90
151.077;0.00253293;90
150.482;0.00313376;90
109.169;0.00118469;90
90.6692;0.00393827;90
76.2994;0.00298081;90
-41.8158;0.00101839;90
-47.3395;0.00112595;90
-49.1996;0.00134216;90
100.738;0.0015135;90
131.019;0.0031677;90
130.12;0.00142149;90
94.5757;0.00129112;90
102.471;0.00128737;90
130.512;0.00139161;90
124.596;0.00135086;90
131.272;0.0011855;90
136.807;0.00109868;90
133.783;0.000965419;90
126.585;0.00124662;90
100.666;0.00680252;90
109.436;0.00162882;90
100.739;0.00346162;90
101.19;0.00562188;90
101.97;0.00691434;90
101.933;0.00629197;90
100.767;0.00332961;90
102.195;0.00534461;90
93.56;0.00109511;90
103.524;0.00241599;90
101.07;0.00355719;90
101.688;0.00338621;90
101.185;0.00314983;90
115.482;0.00106456;90
-153.869;0.00118068;90
-155.439;0.0012919;90
175.199;0.000896144;90
-147.517;0.00267203;90
-132.591;0.00215292;90
-75.3579;0.00669751;90
-69.8446;0.0285546;90
-80.3196;0.0190066;90
-44.8894;0.000732564;90
-50.8223;0.00162412;90
-108.52;0.00170637;90
-101.152;0.00185095;90
-51.124;0.00153114;90
63.4349;0.00189395;90
-53.6242;0.00141465;90
-36.3864;0.00116144;90
12.4352;0.00132816;90
79.7469;0.00257309;90
48.5819;0.000905451;90
-48.4336;0.00127508;90
-49.9422;0.00305333;90
-45.9566;0.00152473;90
-48.1707;0.00148295;90
-48.9878;0.00183018;90
-107.574;0.000884273;90
129.89;0.00146884;90
138.204;0.00131586;90
127.463;0.00142868;90
141.3;0.000670142;90
127.448;0.00124826;90
74.9488;0.000985819;90
131.566;0.00113341;90
130.616;0.00164672;90
-140.677;0.000729068;90
-105.866;0.00438194;90
-106.387;0.00140716;90
-104.402;0.00246858;90
-90.916;0.00262734;90
11.8497;0.00189437;90
-23.8374;0.00441677;90
-29.7096;0.00261701;90
-27.7451;0.00119431;90
-31.9029;0.00088934;90
-82.341;0.00111797;90
-60.1532;0.00285925;90
-70.1593;0.00299052;90
-88.2727;0.00288631;90
-88.0485;0.00405235;90
-88.2004;0.00388492;90
-93.6519;0.00401916;90
-98.8577;0.00331858;90
-110.638;0.0027067;90
136.452;0.00192607;90
134.217;0.0026915;90
86.9045;0.00105554;90
98.1469;0.000966756;90
107.47;0.00093933;90
-23.1543;0.00526946;90
87.0795;0.00867527;90
91.8186;0.00299351;90
94.9937;0.00610015;90
105.271;0.00156423;90
124.428;0.00288662;90
90.215;0.00106601;90
32.2903;0.00624474;90
-26.3792;0.00110283;90
-46.2938;0.00382076;90
41.7664;0.00100286;90
70.4097;0.00613195;90
93.9649;0.00209702;90
101.992;0.00337873;90
103.762;0.0113838;90
103.451;0.0021839;90
114.87;0.00836253;90
131.031;0.00118512;90
133.204;0.00142128;90
81.1232;0.00183397;90
91.2267;0.000934214;90
96.059;0.00108003;90
90;0.008683;90
-133.858;0.0111434;90
-97.4891;0.00175699;90
-99.5781;0.006671;90
82.0387;0.00556665;90
77.7123;0.00275819;90
120.668;0.00232521;90
-119.921;0.00694461;90
-63.6076;0.00311575;90
103.686;0.00206256;90
-175.995;0.000558364;90
-164.008;0.00238115;90
-161.709;0.00126175;90
-80.9653;0.00403101;90
-73.2157;0.00103196;90
-111.411;0.00166275;90
-76.2954;0.00528033;90
-39.8966;0.00241657;90
-50.0859;0.00114862;90
-71.9083;0.00337801;90
-103.932;0.00345565;90
-109.253;0.00513733;90
-87.3345;0.00107516;90
-92.0564;0.00222944;90
-9.53153;0.00353886;90
-10.9356;0.00108062;90
-33.1135;0.000964672;90
-33.5298;0.000892516;90
-27.5754;0.00448893;90
-90.5278;0.00119405;90
-64.2523;0.00583092;90
-86.4791;0.0014818;90
-85.5545;0.00629594;90
-83.8534;0.00156902;90
-97.5276;0.00757226;90
-99.4803;0.00157248;90
-178.422;0.00294212;90
133.112;0.000836962;90
94.5612;0.00216285;90
129.01;0.0014298;90
-60.8747;0.0064575;90
-68.4568;0.00127723;90
-73.985;0.00259886;90
-66.774;0.00219597;90
-71.9598;0.00298368;90
-69.5463;0.00288167;90
-59.7534;0.00252123;90
-60.9616;0.00172024;90
-51.0831;0.00128782;90
-76.6692;0.00258053;90
-70.1065;0.00207481;90
-63.0324;0.00190965;90
-55.243;0.00263639;90
-59.3635;0.00270218;90
-68.7005;0.00211979;90
-70.71;0.000868774;90
119.538;0.00882153;90
108.793;0.0022753;90
106.616;0.00302846;90
102.105;0.00114445;90
121.528;0.00546352;90
115.713;0.00144287;90
110.089;0.00672833;90
102.608;0.000943757;90
107.794;0.00118783;90
125.273;0.00529025;90
95.6796;0.00239476;90
174.87;0.00250504;90
133.668;0.00252435;90
119.601;0.00477982;90
120.302;0.00126249;90
128.281;0.00288287;90
128.386;0.00176182;90
148.389;0.00101688;90
169.542;0.000501328;90
-105.542;0.00120922;90
-93.8109;0.00475451;90
-100.424;0.00464262;90
-98.5442;0.00420669;90
-97.107;0.00354826;90
-155.584;0.00101365;90
-149.946;0.00105828;90
-118.309;0.00136642;90
-114.617;0.00240785;90
-116.672;0.00262649;90
-120.239;0.00212864;90
-75.5469;0.00166675;90
-103.525;0.00187706;90
68.7933;0.0122023;90
33.6383;0.000613776;90
39.36;0.000971317;90
80.8361;0.00359792;90
82.1818;0.00496212;90
80.9787;0.00544637;90
87.4462;0.00368066;90
-3.94303;0.00183234;90
-56.5656;0.00310718;90
-59.6316;0.00335075;90
-58.1145;0.00309149;90
-48.4012;0.00301546;90
-46.1725;0.00293723;90
-22.3303;0.00118702;90
96.9704;0.00119483;90
-61.2733;0.00641448;90
-76.394;0.00410212;90
-68.5703;0.00200351;90
-4.61603;0.00222421;90
-50.8808;0.000876475;90
-4.39661;0.00210018;90
155.378;0.00329786;90
-32.4948;0.000930712;90
151.443;0.00110663;90
-71.9935;0.0131532;90
-62.2835;0.00387231;90
-60.6651;0.00260045;90
-59.7531;0.000863563;90
-63.187;0.00185998;90
-46.6303;0.00146643;90
-73.1969;0.00195445;90
-63.6693;0.00153082;90
-83.7966;0.00115677;90
-98.4864;0.00134169;90
-89.233;0.00171815;90
-81.092;0.00175011;90
-83.4375;0.00213499;90
-72.7246;0.00100012;90
-52.8057;0.00130682;90
-97.0485;0.000929021;90
-39.0388;0.0011098;90
-105.471;0.00167572;90
-87.1146;0.00274148;90
-59.7987;0.00112119;90
-51.1014;0.000711846;90
-63.8678;0.00473613;90
-56.8807;0.00183754;90
-63.9839;0.000886865;90
-54.8172;0.00182059;90
-97.0366;0.0015265;90
-120.523;0.00126998;90
-92.0174;0.00204527;90
-69.7903;0.00149078;90
-92.5747;0.00289392;90
-86.7034;0.00125207;90
-79.992;0.00096671;90
-79.85;0.00119165;90
-78.2775;0.00163408;90
-63.299;0.0028264;90
18.975;0.000738108;90
-36.8994;0.0007778;90
-44.1673;0.000973082;90
-79.3244;0.00125777;90
-42.9659;0.000896469;90
-48.1162;0.000988583;90
-76.0794;0.00144236;90
-78.1384;0.005011;90
-111.981;0.00177396;90
-92.753;0.00102018;90
-80.8813;0.0015901;90
-111.204;0.00113912;90
-139.177;0.000757201;90
86.8769;0.00218424;90
95.1253;0.00180221;90
113.433;0.000900244;90
119.524;0.00103086;90
96.4103;0.0012629;90
106.193;0.00146304;90
139.288;0.00313986;90
122.335;0.00145455;90
120.827;0.00150456;90
123.984;0.000865898;90
130.712;0.00118206;90
-159.431;0.000518024;90
-175.864;0.000485264;90
146.698;0.00213093;90
-129.564;0.00142558;90
-130.281;0.000601666;90
150.872;0.000760129;90
117.481;0.00604397;90
79.5984;0.0037608;90
75.3501;0.00149459;90
89.7022;0.00211603;90
105.89;0.00371808;90
109.851;0.00129282;90
102.134;0.0012131;90
151.647;0.000515889;90
-171.995;0.000581667;90
99.82;0.00150099;90
49.8957;0.000687695;90
24.239;0.0006942;90
53.1562;0.0013158;90
92.5585;0.00194894;90
75.5673;0.00133204;90
82.722;0.0016261;90
74.225;0.00124696;90
64.7923;0.00139704;90
71.3083;0.00183477;90
86.0589;0.00144041;90
92.4299;0.00108498;90
81.0491;0.00191532;90
101.373;0.000892525;90
84.0816;0.000960118;90
98.476;0.000983745;90
107.17;0.00144646;90
79.6577;0.001231;90
86.8009;0.00164857;90
120.454;0.00196511;90
150.255;0.000685292;90
133.573;0.000851621;90
150.29;0.00101895;90
99.6834;0.00102257;90
134.249;0.000809707;90
133.877;0.000649249;90
134.258;0.000654836;90
146.666;0.000535019;90
158.349;0.000495994;90
139.176;0.000893326;90
130.464;0.000992351;90
142.457;0.00107327;90
137.595;0.000702878;90
127.801;0.00211608;90
127.196;0.00161443;90
139.158;0.00116059;90
143.727;0.000941451;90
109.134;0.00306005;90
130.331;0.00135507;90
61.4769;0.000837673;90
73.3683;0.00097478;90
87.883;0.0010287;90
81.734;0.00387425;90
82.5387;0.000908694;90
113.58;0.00112493;90
87.3992;0.00149854;90
99.8588;0.00104544;90
111.876;0.00129096;90
112.373;0.000930009;90
100.48;0.00140748;90
122.744;0.00114256;90
143.309;0.0010276;90
148.546;0.00090263;90
116.065;0.00107648;90
89.7051;0.00136002;90
113.277;0.00105268;90
-43.1472;0.00551124;90
82.8723;0.00789804;90
80.7867;0.00136157;90
90.4162;0.00165204;90
95.1484;0.00913787;90
98.8792;0.00121152;90
104.306;0.00345617;90
-125.717;0.000705743;90
121.799;0.00197553;90
150.547;0.002414;90
152.544;0.00267421;90
164.437;0.00468891;90
-163.123;0.000709561;90
-157.871;0.00130082;90
-172.19;0.00281108;90
-93.5338;0.00142771;90
-88.0854;0.00457956;90
-89.899;0.00453801;90
-66.7793;0.00170186;90
-48.8849;0.0052496;90
-66.5161;0.00139777;90
-63.8844;0.00176744;90
-51.4034;0.00636549;90
-43.3235;0.00116015;90
-45.3201;0.00113917;90
23.2789;0.00102984;90
108.204;0.00164851;90
-59.0608;0.00120203;90
-110.254;0.00144431;90
134.134;0.00112301;90
133.562;0.00532548;90
119.705;0.00106149;90
127.553;0.00241677;90
120.258;0.00536025;90
110.536;0.00100913;90
147.87;0.00136507;90
177.747;0.000610472;90
98.4333;0.00299337;90
91.414;0.00324199;90
90.65;0.00370224;90
86.537;0.00233426;90
109.692;0.00110991;90
103.326;0.00246435;90
77.8849;0.00432636;90
77.6081;0.00122555;90
84.2629;0.00129046;90
69.6872;0.00212303;90
80.8968;0.00385556;90
104.311;0.0280712;90
-10.575;0.0010244;90
21.8853;0.000887996;90
81.7561;0.00242001;90
96.4865;0.00151369;90
-87.6568;0.0136234;90
-86.3148;0.0172697;90
159.684;0.00327472;90
115.886;0.00407261;90
102.414;0.00601463;90
-178.757;0.000599141;90
104.853;0.00202465;90
118.513;0.00193353;90
112.923;0.00180233;90
155.262;0.0121301;90
111.318;0.00110028;90
94.8717;0.00898446;90
84.7202;0.00103238;90
85.1338;0.00733243;90
-95.4857;0.00633903;90
-98.1192;0.0014869;90
-90.5715;0.00270713;90
-90.2927;0.00293604;90
-83.0659;0.00294051;90
-60.8244;0.0016103;90
-150.271;0.00178263;90
-136.217;0.00289626;90
-115.514;0.00392362;90
-95.0566;0.00402768;90
-88.9584;0.00341056;90
19.4584;0.00224842;90
1.88011;0.00210313;90
-30.4633;0.00261151;90
-53.7561;0.00280097;90
-63.8974;0.00509795;90
-50.8348;0.000779025;90
-61.0631;0.00113466;90
-64.0702;0.00246072;90
-70.1825;0.00579308;90
-51.5719;0.00200794;90
-8.96565;0.000853427;90
21.8292;0.00229668;90
1.74156;0.00148068;90
-76.5092;0.00224186;90
31.22;0.000958858;90
39.2836;0.00209426;90
-33.1635;0.0034404;90
-69.0051;0.00183374;90
-73.5741;0.00204757;90
-91.0621;0.00366863;90
-89.8913;0.00790501;90
-84.1161;0.00115106;90
-20.957;0.000919849;90
-45.386;0.0022041;90
-56.0095;0.00317321;90
-59.8095;0.00500719;90
-49.2791;0.00140257;90
-49.666;0.00285983;90
-47.7184;0.00293709;90
62.779;0.0014844;90
126.391;0.00117144;90
-28.0779;0.00557288;90
84.0524;0.00317509;90
87.2505;0.00316865;90
78.4714;0.00133595;90
94.4387;0.00241625;90
92.8888;0.00400809;90
94.7681;0.00321212;90
106.393;0.00309689;90
123.652;0.00251196;90
116.292;0.00187832;90
150.448;0.00284054;90
150.795;0.00355375;90
169.609;0.00303274;90
-160.194;0.002299;90
-157.987;0.00185957;90
149.857;0.000838371;90
110.329;0.00328139;90
121.224;0.00207567;90
157.812;0.00285977;90
-135.704;0.00299412;90
109.651;0.00119245;90
116.593;0.00181613;90
-161.368;0.00266044;90
144.197;0.00283589;90
111.869;0.00363777;90
109.549;0.00201728;90
113.149;0.00241656;90
116.448;0.00218241;90
117.359;0.00258291;90
117.846;0.00298008;90
128.699;0.00323405;90
165.098;0.00260149;90
-161.931;0.00287267;90
131.308;0.00119679;90
87.7568;0.00526303;90
72.6074;0.00460662;90
42.0179;0.00346598;90
23.3624;0.00174507;90
107.618;0.00241844;90
94.8146;0.00345519;90
92.3552;0.00333382;90
86.0657;0.0028858;90
83.4305;0.00317283;90
79.8668;0.00283624;90
-100.875;0.00492952;90
-88.4095;0.00230589;90
-89.8837;0.00591201;90
-87.7994;0.00109381;90
-77.9225;0.00185915;90
-75.5119;0.00190663;90
-151.154;0.00106745;90
-150.097;0.0021122;90
-115.923;0.00622203;90
-91.2557;0.00278367;90
-92.8387;0.00361444;90
9.46232;0.00150853;90
15.8114;0.00129188;90
-13.4154;0.00382744;90
-47.3183;0.00117122;90
-61.9425;0.00202612;90
-60.451;0.00420952;90
-65.1602;0.000742711;90
-53.32;0.00120701;90
-67.4513;0.00142385;90
-69.8284;0.00462253;90
-74.0927;0.0012405;90
-63.2972;0.00223205;90
-28.9194;0.00242774;90
18.1838;0.0023809;90
-21.8196;0.00116765;90
-18.3131;0.00208142;90
37.792;0.000969326;90
-5.7998;0.00153385;90
-36.8203;0.0025396;90
-85.7185;0.00112514;90
-73.4035;0.00267129;90
-94.948;0.0027362;90
-85.7559;0.0038646;90
-90.2624;0.00414804;90
-91.0454;0.00191832;90
-26.6387;0.000695865;90
-32.2382;0.00156531;90
-58.4222;0.00252838;90
-53.6166;0.00244949;90
-63.7273;0.00262965;90
-51.9139;0.00271381;90
-49.4998;0.00276695;90
-44.2219;0.00265543;90
-6.75186;0.000876076;90
104.766;0.00180873;90
-36.7641;0.00563221;90
85.2525;0.0065003;90
70.0341;0.00142037;90
-109.397;0.0103611;90
108.082;0.00431406;90
123.271;0.00166969;90
-40.4828;0.00603339;90
75.1344;0.00145779;90
87.8259;0.00956889;90
75.9893;0.00108632;90
94.1387;0.00169041;90
99.3027;0.00731825;90
120.765;0.00128247;90
113.394;0.0026117;90
130.571;0.000833338;90
152.993;0.0042898;90
153.051;0.000933356;90
165.487;0.00437355;90
-151.133;0.00190354;90
-159.64;0.000546117;90
165.58;0.00246155;90
110.931;0.00294751;90
138.647;0.00462394;90
-160.341;0.000725276;90
-137.474;0.0030802;90
87.8789;0.00289098;90
-163.019;0.000797783;90
167.397;0.00485805;90
119.566;0.00115316;90
111.732;0.00489382;90
110.474;0.0016353;90
118.74;0.00510146;90
112.697;0.00159123;90
118.098;0.00340988;90
171.66;0.00497764;90
-162.228;0.000792836;90
98.0671;0.00681948;90
75.7021;0.00276154;90
57.469;0.00367453;90
30.646;0.00117513;90
78.6869;0.00352244;90
92.4663;0.00374147;90
85.0488;0.00791353;90
82.0435;0.00121368;90
-99.4857;0.00483613;90
-85.9455;0.000919301;90
-91.1455;0.00535207;90
-68.8487;0.000867439;90
-79.6262;0.00423726;90
-161.455;0.00132057;90
-141.431;0.00236104;90
-120.596;0.0038744;90
-93.8406;0.00631518;90
-98.2831;0.00142992;90
8.00895;0.00441405;90
-20.845;0.000812159;90
-30.2025;0.000993922;90
-44.6974;0.00294585;90
-63.7209;0.00555625;90
-63.9599;0.00102506;90
-61.1715;0.00113233;90
-65.9685;0.00252923;90
-71.8864;0.00265035;90
-49.9798;0.00591394;90
19.8034;0.000953382;90
13.7506;0.00111907;90
-62.1202;0.00255337;90
13.8468;0.000660186;90
37.6653;0.00278047;90
-7.16017;0.00101088;90
-40.348;0.00277251;90
-81.7479;0.00186026;90
-75.3765;0.00364405;90
-92.5606;0.00136536;90
-90.2093;0.00437903;90
-90.1441;0.00437401;90
-45.1859;0.00261489;90
-50.4674;0.000994474;90
-60.1049;0.00515837;90
-53.3716;0.00123361;90
-62.5437;0.0022426;90
-44.8725;0.0066744;90
80.3617;0.00139164;90
106.539;0.00106089;90
