angle=Azimuth
heading=Coordinate_System
dist_units=Default
startAt=15.6601;60.607;90
survey=Polygonal
[data]
74.5859;0.00142216;90
-69.4764;0.00227329;90
-70.3309;0.00327403;90
-57.7733;0.00301911;90
-37.1003;0.00149201;90
-41.806;0.00206867;90
-31.3641;0.00282242;90
-36.5684;0.00288864;90
-19.1827;0.00125996;90
-46.1812;0.00274416;90
-59.0387;0.00396728;90
-75.2389;0.00983561;90
-71.4002;0.00175887;90
-73.5988;0.00359113;90
-77.4652;0.00520199;90
-86.7735;0.00360672;90
-105.874;0.00376561;90
-118.35;0.00275662;90
-110.066;0.00165549;90
-78.8281;0.0042322;90
-68.7152;0.00302751;90
-72.9933;0.00565844;90
-63.943;0.00524513;90
-52.3708;0.00421097;90
-56.4154;0.00466947;90
-65.8435;0.00593798;90
-64.929;0.00543728;90
-57.9294;0.00568212;90
-57.9338;0.00489359;90
-62.1064;0.00486073;90
-60.7527;0.00511278;90
-52.4918;0.00439827;90
-41.6449;0.00375764;90
-47.8661;0.00432725;90
-47.6112;0.00361636;90
-41.4739;0.00306971;90
-48.2277;0.00356665;90
-63.8679;0.00426162;90
-75.0228;0.00515409;90
-87.6813;0.00677254;90
-85.7413;0.00627533;90
-80.6664;0.00592545;90
-56.0476;0.00466425;90
-42.0135;0.00356937;90
-38.3446;0.00278212;90
-55.4072;0.00297495;90
-55.9477;0.00280739;90
-59.6677;0.00364148;90
-56.6743;0.00327086;90
-88.4581;0.00196971;90
-89.5374;0.00334411;90
-84.4526;0.00370334;90
-85.4947;0.00189686;90
100.109;0.00715;90
109.19;0.0133466;90
37.9144;0.00204074;90
-41.6769;0.000658717;90
-145.846;0.00280715;90
144.976;0.000726577;90
130.139;0.010823;90
120.407;0.00389818;90
96.0243;0.00843257;90
90.0537;0.007465;90
102.162;0.00791259;90
131.932;0.008666;90
132.935;0.00202152;90
130.666;0.00470653;90
135.913;0.00563424;90
130.682;0.00560701;90
116.819;0.00676462;90
119.185;0.00686788;90
123.579;0.00574587;90
114.761;0.00776927;90
116.717;0.00675295;90
126.134;0.0060559;90
112.262;0.0117595;90
107.977;0.00411805;90
108.086;0.00270253;90
70.6046;0.00890433;90
87.8573;0.00304913;90
104.373;0.0189181;90
111.338;0.00325943;90
135.927;0.00327645;90
141.976;0.00918186;90
156.409;0.000594701;90
122.597;0.00859609;90
108.572;0.00291057;90
109.532;0.0157684;90
105.267;0.00367987;90
102.948;0.00619451;90
108.869;0.00705619;90
136.73;0.00599758;90
110.039;0.00693696;90
99.8214;0.00773841;90
91.9727;0.00531615;90
82.1428;0.0055814;90
77.6995;0.00857587;90
78.8578;0.00582683;90
87.1128;0.0077228;90
92.6075;0.00797926;90
111.916;0.0133261;90
108.073;0.00304945;90
101.039;0.0060581;90
95.8797;0.00856104;90
97.0139;0.00946684;90
99.0761;0.00877993;90
101.219;0.00958617;90
100.247;0.0095676;90
94.3891;0.0096172;90
92.9077;0.00985669;90
92.0388;0.00952903;90
105.144;0.00870429;90
99.2518;0.00948539;90
88.6265;0.0100129;90
104.716;0.00893613;90
107.181;0.00852438;90
100.249;0.00943049;90
95.0948;0.00958286;90
91.8817;0.018455;90
90.8925;0.00365944;90
89.1661;0.0075578;90
89.066;0.00963128;90
77.5167;0.00915544;90
82.1283;0.0100033;90
96.5186;0.00968058;90
97.5329;0.00925285;90
100.823;0.00926074;90
103.682;0.0188859;90
114.711;0.00370531;90
97.5114;0.00481936;90
99.3955;0.0081777;90
91.1055;0.0110401;90
91.5803;0.00968168;90
92.9931;0.00980538;90
92.6165;0.00876213;90
95.6865;0.00969873;90
90.5905;0.0103826;90
89.6842;0.00961715;90
96.2688;0.00939618;90
103.994;0.00861366;90
106.266;0.0058158;90
104.725;0.00768336;90
103.59;0.00821396;90
100.858;0.00848287;90
97.4209;0.00871802;90
94.437;0.00882846;90
94.5758;0.00846097;90
96.35;0.00648277;90
94.5432;0.0068425;90
86.1392;0.00635643;90
82.7218;0.00788554;90
80.9584;0.00776954;90
83.776;0.00795087;90
92.1664;0.00846505;90
102.552;0.00690197;90
93.5585;0.00681514;90
90.8929;0.00590372;90
91.0518;0.00686416;90
90.1604;0.00678803;90
90.7937;0.010468;90
86.8525;0.00147523;90
92.0039;0.00340308;90
90.5763;0.00377819;90
89.5352;0.00419114;90
91.9301;0.00418638;90
90;0.003632;90
85.5204;0.0028808;90
78.3187;0.00429699;90
71.2227;0.00455123;90
66.1464;0.00411226;90
63.7402;0.00411353;90
55.5341;0.00421971;90
46.4082;0.00428707;90
47.3595;0.0051698;90
50.4573;0.00521948;90
81.0057;0.00702336;90
89.0129;0.00754612;90
86.9942;0.00821931;90
81.0734;0.00821044;90
81.2983;0.00774009;90
86.4228;0.00783727;90
90.608;0.00791545;90
89.5056;0.00614223;90
77.6325;0.00732089;90
79.1708;0.00680214;90
78.1172;0.00702249;90
79.1652;0.0070008;90
86.9644;0.00647709;90
91.7337;0.00604877;90
88.9885;0.00798724;90
90.0789;0.00798801;90
89.725;0.00791609;90
93.398;0.0130079;90
93.5039;0.00305972;90
93.5996;0.0130608;90
92.6797;0.00327258;90
90.8808;0.0141157;90
86.8162;0.00322297;90
88.7983;0.0149243;90
87.3152;0.00335168;90
79.0203;0.0139188;90
62.2255;0.0028391;90
42.0809;0.0082754;90
33.0545;0.0041508;90
54.1269;0.00633456;90
66.1834;0.00303112;90
81.7534;0.0141251;90
77.2601;0.00335561;90
63.9286;0.00799335;90
51.4687;0.0045253;90
63.7092;0.00728788;90
59.407;0.00667864;90
65.1826;0.0125963;90
82.4084;0.00251303;90
85.9338;0.00526024;90
80.6721;0.00581793;90
80.327;0.00751078;90
88.6442;0.00853739;90
96.0714;0.00894417;90
94.0439;0.00870668;90
91.48;0.0096022;90
87.0997;0.00867611;90
77.9954;0.00834653;90
75.6822;0.00814396;90
74.7121;0.00811621;90
75.0695;0.00814291;90
81.601;0.0197993;90
84.3541;0.00317138;90
82.9845;0.00337325;90
74.7528;0.0222979;90
84.8965;0.0039346;90
81.8594;0.00620048;90
90.7526;0.0308327;90
87.4994;0.00428608;90
77.5175;0.0216201;90
82.6344;0.00375196;90
96.7385;0.0314986;90
97.8027;0.00309364;90
101.041;0.00593689;90
97.3302;0.00786125;90
97.8106;0.00892581;90
95.3971;0.00880303;90
91.8532;0.0149668;90
85.7164;0.00332027;90
85.1505;0.00798458;90
83.1278;0.00882541;90
82.6405;0.00869664;90
89.8452;0.00999304;90
90.2932;0.0156342;90
89.6663;0.00326206;90
89.7065;0.0074181;90
87.3614;0.00836287;90
83.7471;0.00841003;90
83.7628;0.00884536;90
81.0033;0.00829404;90
76.6324;0.00777258;90
71.8242;0.00741182;90
57.6432;0.00618658;90
51.6171;0.00571899;90
55.791;0.00597104;90
75.6422;0.0140457;90
85.4451;0.00312286;90
78.8864;0.00686881;90
61.3125;0.00641208;90
56.8389;0.0061591;90
67.0742;0.00705964;90
68.5865;0.00724191;90
67.9425;0.0073122;90
67.3605;0.00718569;90
75.8868;0.00758701;90
76.3283;0.00705284;90
76.8406;0.00614948;90
77.5058;0.00412775;90
73.1586;0.00293383;90
84.9839;0.00872642;90
87.8559;0.00184429;90
89.6237;0.00121803;90
91.9367;0.00464565;90
98.2711;0.00408044;90
86.918;0.00282709;90
74.7027;0.0035705;90
75.2192;0.00391971;90
76.87;0.00231553;90
75.2354;0.00402593;90
75.2046;0.00472258;90
43.8188;0.00288137;90
-15.4299;0.00247314;90
-0.66301;0.00250617;90
32.9022;0.00276322;90
20.665;0.00129214;90
31.3388;0.00272448;90
88.8319;0.00112823;90
69.2316;0.00824046;90
64.9885;0.00191344;90
55.3473;0.00444072;90
16.3074;0.00082624;90
5.57274;0.00512824;90
20.2158;0.00155691;90
42.4065;0.0083602;90
45.4129;0.00156982;90
45.7274;0.00378757;90
46.6242;0.00187105;90
-137.983;0.00199745;90
-133.612;0.00595559;90
-134.888;0.00581101;90
-157.653;0.00426859;90
-173.994;0.00347909;90
98.7696;0.00705751;90
83.0407;0.00368918;90
79.464;0.0101776;90
-98.1611;0.00209219;90
-33.1226;0.00148417;90
-33.6258;0.00148438;90
-42.0211;0.00163279;90
-87.7316;0.00608877;90
-33.8749;0.00128996;90
-41.2984;0.000766689;90
48.3244;0.000792586;90
70.3401;0.00383134;90
42.3419;0.000960577;90
81.7707;0.00106193;90
-120.227;0.0030531;90
-117.786;0.00163673;90
-82.1792;0.00120521;90
154.681;0.0029626;90
98.4958;0.00234877;90
79.3466;0.0023963;90
105.252;0.00166878;90
168.184;0.00133325;90
119.836;0.00133263;90
168.901;0.000851934;90
-126.583;0.00131882;90
-101.123;0.00774957;90
-95.1974;0.00172208;90
-87.3834;0.00240951;90
-91.2578;0.00451009;90
-84.9124;0.0011164;90
-138.692;0.00154824;90
-121.245;0.00342007;90
-115.764;0.00431827;90
-112.527;0.00412147;90
-91.2932;0.00474121;90
-98.216;0.00386972;90
-115.004;0.00190449;90
-114.039;0.00450469;90
-121.493;0.00455022;90
-107.527;0.00453243;90
-95.8827;0.00596139;90
-103.994;0.00562804;90
-93.2151;0.00613365;90
-89.1856;0.00619163;90
-92.3485;0.0129339;90
-93.7443;0.00251136;90
-89.2349;0.00396935;90
-91.017;0.00557788;90
-105.586;0.00323806;90
125.696;0.00358195;90
153.609;0.00339034;90
164.127;0.00674207;90
-104.445;0.00224497;90
-105.856;0.00459691;90
-112.625;0.0137328;90
-110.342;0.00760316;90
-111.868;0.00541785;90
-116.121;0.00519007;90
-123.098;0.00746777;90
-110.241;0.00756413;90
-94.5509;0.00923813;90
-103.252;0.00788703;90
-116.568;0.00757267;90
-133.28;0.00732822;90
-120.069;0.00672391;90
-108.043;0.00637973;90
-104.119;0.00556717;90
-92.3406;0.00494613;90
-93.4434;0.00139852;90
-13.2858;0.000796313;90
85.9286;0.00171834;90
48.6165;0.000818338;90
-115.562;0.00723076;90
-95.6261;0.00451877;90
-96.5249;0.00993536;90
-92.3012;0.0101612;90
-90.4225;0.00976327;90
-88.6215;0.0163357;90
-96.632;0.0052904;90
-93.1197;0.00518168;90
-92.6236;0.0107483;90
-95.5667;0.0219063;90
-87.354;0.00437567;90
-86.5599;0.00406633;90
-84.0506;0.0243703;90
-80.035;0.00502176;90
-80.6431;0.00929365;90
-82.1475;0.00910538;90
-83.8208;0.0198815;90
-91.031;0.00322352;90
-99.2467;0.00633532;90
-102.99;0.019891;90
-87.6116;0.00383934;90
-88.0843;0.00376911;90
-89.1607;0.0203452;90
-90.3976;0.00331408;90
-94.1644;0.00326362;90
-95.8161;0.00831882;90
-106.105;0.0198271;90
-100.509;0.00587759;90
-96.8466;0.00957125;90
-97.7624;0.0101137;90
-103.845;0.0207694;90
-101.156;0.00299765;90
-105.378;0.00432899;90
-96.2692;0.0198809;90
-87.2449;0.00397359;90
-88.4065;0.00535807;90
-83.9385;0.00971632;90
-91.9406;0.0190469;90
-103.385;0.00390508;90
-95.7412;0.00651769;90
-97.6512;0.00896784;90
-117.951;0.00769119;90
-124.467;0.0067075;90
-118.548;0.0209126;90
-107.44;0.00334999;90
-101.424;0.0149237;90
-99.8961;0.00210634;90
-126.882;0.0038656;90
-139.693;0.00517711;90
-146.81;0.00495422;90
-123.695;0.00655406;90
-109.983;0.00811452;90
-91.6058;0.0217675;90
-92.3253;0.00640828;90
-90.4024;0.0206455;90
-83.5025;0.00269531;90
-84.7502;0.0144265;90
-87.8552;0.00205744;90
-83.0081;0.00202909;90
-88.3037;0.00621572;90
-89.7234;0.0213352;90
-92.8394;0.00286652;90
-91.9869;0.0112197;90
-95.4774;0.00271339;90
-95.8021;0.00355119;90
-100.913;0.0145837;90
-111.092;0.00311788;90
-100.038;0.00284556;90
-92.4004;0.0203899;90
-92.9435;0.00260944;90
-99.1714;0.011657;90
-96.8126;0.00241102;90
-99.266;0.00191904;90
-110.613;0.0416409;90
-121.103;0.00205199;90
-112.032;0.0113801;90
-77.8759;0.00109032;90
-90;0.005272;90
-81.1476;0.00118917;90
-90;0.006411;90
-90.2014;0.00113801;90
-91.2282;0.00247257;90
-87.6331;0.003511;90
-89.3201;0.00387627;90
-87.2822;0.00320561;90
-94.9653;0.00497969;90
-84.0223;0.00546371;90
-87.3921;0.00786815;90
-90.4627;0.00804926;90
-84.6917;0.0134899;90
-81.8917;0.0029707;90
-86.0421;0.00370885;90
-92.1237;0.00647645;90
-99.7469;0.0159543;90
-92.5457;0.00421015;90
-96.5576;0.00521009;90
-84.3365;0.0193645;90
-85.7864;0.00446407;90
-83.61;0.00685559;90
-82.3416;0.0133117;90
-79.8553;0.00281603;90
-76.967;0.00290893;90
-76.4315;0.0111718;90
-73.0233;0.00280838;90
-71.8508;0.00355065;90
-75.925;0.00897236;90
-78.8676;0.00962307;90
-89.8679;0.00997703;90
-87.9025;0.0198903;90
-86.3186;0.00772494;90
-87.2748;0.02118;90
-95.3571;0.00408082;90
-89.6521;0.0056001;90
-79.3724;0.0243242;90
-71.0511;0.00306722;90
-77.2593;0.0191485;90
-79.0377;0.00374942;90
-82.5373;0.00505078;90
-86.4453;0.00843523;90
-94.1738;0.00990627;90
-96.0339;0.0249723;90
-84.7495;0.00379191;90
-88.8985;0.0101439;90
-85.4705;0.0188418;90
-89.929;0.003227;90
-86.1217;0.00427278;90
-74.0755;0.0131538;90
-63.6972;0.00166097;90
-78.1225;0.00263338;90
-85.1654;0.0144875;90
-89.0861;0.00426354;90
-82.1467;0.00368859;90
-82.2018;0.0261195;90
-91.5016;0.00335815;90
-90.112;0.00562801;90
-77.7261;0.00985015;90
-80.3032;0.00960016;90
-79.6244;0.0093448;90
-82.1463;0.00929418;90
-83.5219;0.0156882;90
-75.5405;0.00265923;90
-76.1279;0.00338678;90
-64.6768;0.010792;90
-71.1507;0.00205522;90
-79.572;0.0032873;90
-94.8139;0.00946138;90
-96.6467;0.00514055;90
-97.0511;0.00298155;90
-99.8061;0.00575407;90
-98.5578;0.0084875;90
-94.4024;0.0011855;90
-99.5886;0.00350598;90
-76.1269;0.0159235;90
-42.1598;0.00264004;90
-46.4969;0.00303169;90
-68.5973;0.0113422;90
-86.6445;0.00215269;90
-71.7804;0.00488069;90
-72.035;0.0111433;90
-72.1867;0.00241897;90
-67.7144;0.00237327;90
-72.4462;0.00213859;90
-72.1356;0.00355647;90
-61.279;0.00293625;90
-39.1223;0.00176076;90
-7.30936;0.00161916;90
-39.0678;0.00704018;90
-3.43363;0.000500899;90
-46.2664;0.00188773;90
-71.3019;0.0247862;90
-85.0063;0.00144749;90
-93.9555;0.00304425;90
-105.659;0.00460905;90
-118.585;0.00214438;90
-78.6804;0.00814137;90
-69.1721;0.00172684;90
-74.483;0.00345389;90
-64.8579;0.00619492;90
-58.4061;0.0118974;90
-62.0041;0.002991;90
-65.7313;0.00357163;90
-58.9685;0.0134837;90
-64.2697;0.00291614;90
-64.2169;0.00373592;90
-47.8568;0.0123714;90
-51.886;0.00178702;90
-48.4124;0.00228093;90
-36.48;0.00390889;90
-56.0971;0.00865921;90
-74.8998;0.0019462;90
-72.9005;0.00263236;90
-86.9592;0.0171171;90
-80.1431;0.00274553;90
-44.3906;0.00964053;90
-58.6755;0.00152534;90
-50.0318;0.0021203;90
33.1179;0.00286073;90
-152.051;0.000573943;90
-84.8183;0.00692028;90
-48.5055;0.00256736;90
-81.9106;0.00477552;90
75.2391;0.00218615;90
120.619;0.00345353;90
114.85;0.00899481;90
134.729;0.00179466;90
137.658;0.00506267;90
144.297;0.00282739;90
107.441;0.0109871;90
85.1869;0.0026935;90
89.5487;0.00380912;90
96.1844;0.00661852;90
101.56;0.00674175;90
139.005;0.00302744;90
142.429;0.00364247;90
129.209;0.0039595;90
133.546;0.00816759;90
146.061;0.00178393;90
131.77;0.00248448;90
121.129;0.00487847;90
119.012;0.00921877;90
120.964;0.00188923;90
123.286;0.00326699;90
118.36;0.00559784;90
116.051;0.0104675;90
121.808;0.00187451;90
125.541;0.00231042;90
125.218;0.00470276;90
109.46;0.00484159;90
108.777;0.00433999;90
109.185;0.00388899;90
103.28;0.00275569;90
82.821;0.00171242;90
51.8074;0.00327507;90
81.8601;0.00495795;90
97.7665;0.00572754;90
104.21;0.00640394;90
103.294;0.005971;90
116.698;0.0094662;90
143.934;0.000883287;90
147.815;0.00131981;90
83.775;0.00126345;90
-38.22;0.00117993;90
46.0064;0.00330128;90
89.3866;0.00140108;90
74.0814;0.00176467;90
99.3387;0.00190424;90
-175.887;0.000752939;90
-97.8706;0.00749258;90
144.67;0.00163759;90
-102.899;0.000989983;90
-53.1182;0.0009664;90
-43.0493;0.00207727;90
-58.7363;0.00409458;90
-71.9501;0.00527037;90
-75.8468;0.00498945;90
-74.4374;0.00526295;90
-77.6859;0.00552819;90
-95.5975;0.00559769;90
-115.483;0.00395363;90
-98.9154;0.0023423;90
-75.6189;0.00511735;90
-70.5045;0.00486916;90
-71.7708;0.00510838;90
-56.5042;0.00441766;90
-51.4561;0.00416938;90
-63.3535;0.00472034;90
-64.5744;0.00470025;90
-64.3237;0.00533366;90
-59.8174;0.00407553;90
-58.4733;0.0050622;90
-60.0674;0.00552727;90
-61.1043;0.00514677;90
-50.6195;0.00478039;90
-41.9548;0.00393991;90
-48.2375;0.00409432;90
-46.1601;0.00349241;90
-41.5469;0.00340454;90
-50.7031;0.00376418;90
-68.2442;0.00513689;90
-80.7969;0.00617752;90
-89.361;0.0064564;90
-84.0939;0.00600588;90
-75.0434;0.00572288;90
-44.6196;0.00351511;90
-42.8118;0.00312982;90
-34.826;0.00268611;90
-59.5949;0.00321867;90
-57.5175;0.00348762;90
-59.034;0.00444096;90
-62.7661;0.00245179;90
-94.5045;0.00315775;90
-166.778;0.000529024;90
127.24;0.000680814;90
-77.2432;0.00910269;90
99.3011;0.00157774;90
-82.0692;0.000934942;90
-81.0862;0.00192323;90
-80.4938;0.00150162;90
-81.5712;0.0011666;90
-77.0027;0.00157844;90
-80.665;0.0011097;90
-81.4582;0.00102335;90
-79.2792;0.0013923;90
-79.9449;0.0016209;90
-95.3982;0.00109486;90
-91.4817;0.00193365;90
-75.576;0.00146931;90
102.258;0.0164562;90
97.5547;0.00142235;90
107.758;0.000963929;90
99.6939;0.00162723;90
96.2437;0.000983836;90
97.502;0.00122549;90
102.202;0.00108348;90
98.3439;0.00128864;90
20.8427;0.000865647;90
-75.5318;0.000868545;90
-66.7637;0.00817186;90
-71.8163;0.00288402;90
-79.8154;0.00174754;90
-100.64;0.00152726;90
100.529;0.00768337;90
111.545;0.00228463;90
101.244;0.00236948;90
139.854;0.000818938;90
87.8776;0.00329426;90
115.457;0.00312213;90
119.688;0.00399777;90
124.881;0.00296218;90
122.194;0.00322835;90
138.919;0.00281379;90
139.58;0.00353338;90
128.576;0.00418406;90
101.539;0.00587373;90
95.9703;0.00634542;90
90.4892;0.00620723;90
102.127;0.00601216;90
114.42;0.00465876;90
131.982;0.00329049;90
134.235;0.00217172;90
136.352;0.00314679;90
130.342;0.00428366;90
137.632;0.00440426;90
132.898;0.00420304;90
122.37;0.00464712;90
116.994;0.00514221;90
120.235;0.00475827;90
123.771;0.00491298;90
116.672;0.00455577;90
114.821;0.00555294;90
114.034;0.0044859;90
125.36;0.00480547;90
129.713;0.00362947;90
113.833;0.00425919;90
107.294;0.00401657;90
109.673;0.00431594;90
105.44;0.00397029;90
111.838;0.00146514;90
114.521;0.00275883;90
128.651;0.0031141;90
-141.242;0.00299823;90
-147.05;0.00281478;90
164.902;0.00124394;90
150.592;0.00259659;90
149.921;0.00285322;90
156.98;0.00252398;90
176.993;0.00198273;90
153.025;0.000500445;90
90.965;0.00290941;90
72.6768;0.00233072;90
77.5864;0.00253527;90
70.6372;0.00115217;90
73.2424;0.0015989;90
73.6322;0.00163944;90
94.3987;0.00238603;90
168.039;0.000689981;90
-94.1726;0.00713291;90
-104.891;0.00238924;90
-105.272;0.00295744;90
-89.2155;0.00226421;90
3.53152;0.00183448;90
-12.4203;0.00217592;90
-26.074;0.00250494;90
-31.4251;0.00306684;90
-21.8572;0.00247922;90
34.9351;0.00288484;90
39.6888;0.00276535;90
-52.1898;0.00318083;90
-50.6897;0.00192575;90
-78.2481;0.00383948;90
-71.415;0.00434562;90
-70.8494;0.0045572;90
-71.0292;0.00480181;90
-55.9068;0.00402112;90
-52.1831;0.00415077;90
-63.2253;0.00525658;90
-64.9334;0.00557508;90
-62.6309;0.00538588;90
-55.5138;0.00489043;90
-61.6884;0.00466616;90
-62.0783;0.00574249;90
-57.3784;0.00496765;90
-43.6735;0.0042459;90
-47.2245;0.00411705;90
-46.9769;0.00436615;90
-43.8117;0.00371665;90
-43.663;0.00275776;90
-56.0063;0.00366301;90
-72.4362;0.00503366;90
-83.6476;0.00572113;90
-89.0834;0.00643882;90
-83.1886;0.0051433;90
-75.4365;0.0052972;90
-47.0965;0.00365324;90
-42.1844;0.00276388;90
-39.8614;0.0024948;90
-54.6369;0.00251747;90
-54.3232;0.00272799;90
-57.9315;0.00317554;90
-58.9213;0.003762;90
-52.8686;0.00135841;90
-95.7079;0.00211147;90
-84.4687;0.00241726;90
-63.2522;0.001542;90
-72.6396;0.0026979;90
-71.8213;0.00254503;90
-73.0423;0.002208;90
-73.0986;0.00200877;90
-100.094;0.00184861;90
103.733;0.00985266;90
101.928;0.0023804;90
-138.758;0.000668947;90
-82.9562;0.0041997;90
-79.5601;0.00307389;90
7.87072;0.000562297;90
-153.997;0.000501798;90
138.576;0.000589461;90
-71.0267;0.00461049;90
105.286;0.00523832;90
98.4841;0.00157928;90
100.663;0.000886305;90
96.247;0.00332675;90
100.587;0.00130624;90
163.915;0.000508922;90
112.6;0.000892539;90
46.6954;0.00298742;90
-67.9149;0.00333791;90
-60.0017;0.00356219;90
-48.6335;0.0033138;90
-51.7524;0.00327755;90
-42.9532;0.00314793;90
-58.3478;0.00705082;90
-70.986;0.00209638;90
-66.2948;0.00501952;90
-50.2084;0.00419065;90
-35.5603;0.00352672;90
-28.4139;0.00346547;90
-33.663;0.00352873;90
-37.2494;0.00350248;90
-60.6075;0.0043155;90
-64.0815;0.00416159;90
-44.6087;0.00320963;90
-31.1073;0.00287433;90
-53.7905;0.00360904;90
-50.9964;0.00354005;90
-41.0876;0.00263233;90
26.52;0.00113771;90
21.0355;0.00205602;90
21.6162;0.00212548;90
75.1215;0.00341551;90
106.938;0.00352177;90
106.691;0.00349214;90
88.1001;0.00413227;90
82.9776;0.00471134;90
70.4463;0.00357943;90
61.6351;0.00344569;90
50.4243;0.00299954;90
16.5025;0.00223194;90
24.9739;0.00120794;90
152.384;0.071496;90
123.386;0.0063295;90
152.738;0.00136008;90
136.9;0.00629035;90
107.06;0.00491528;90
95.632;0.00602207;90
91.824;0.00587498;90
94.2757;0.0061431;90
109.357;0.00202444;90
115.849;0.00426138;90
128.274;0.00459458;90
134.457;0.00559842;90
133.962;0.0093318;90
135.679;0.00250616;90
118.43;0.0101683;90
120.807;0.00225521;90
122.376;0.00813682;90
118.211;0.00417154;90
116.13;0.00465026;90
112.765;0.00543217;90
123.939;0.00427179;90
128.133;0.00402758;90
115.497;0.00434186;90
107.205;0.00176812;90
108.122;0.00619215;90
111.837;0.00150822;90
109.053;0.00539769;90
114;0.00137925;90
146.915;0.00341465;90
-126.232;0.00141949;90
-142.918;0.00334682;90
169.033;0.000688576;90
153.093;0.00180096;90
147.65;0.00253789;90
157.797;0.00486905;90
-179.141;0.00100011;90
150.636;0.001401;90
89.0361;0.00136719;90
115.954;0.00134127;90
-44.708;0.00457858;90
-11.1494;0.00104981;90
-22.6145;0.00163577;90
-38.404;0.000769476;90
-28.5269;0.00437631;90
-24.5749;0.000579491;90
4.54804;0.00256006;90
48.5237;0.000816838;90
38.4585;0.00355657;90
-44.1201;0.000828827;90
-52.2321;0.00422392;90
-85.7812;0.0014409;90
-74.7639;0.0100192;90
-72.3793;0.00287069;90
-59.3701;0.010536;90
-43.653;0.00204552;90
-66.0699;0.0118386;90
-64.5404;0.00261937;90
-56.3377;0.00572617;90
-58.8333;0.00619868;90
-62.1427;0.00559204;90
-54.4051;0.00488961;90
-41.0871;0.00392723;90
-47.0144;0.00452616;90
-47.3498;0.00410467;90
-43.8564;0.00375549;90
-50.92;0.00402439;90
-69.0126;0.00500611;90
-80.9727;0.00593349;90
-89.2846;0.0064075;90
-83.4627;0.00686866;90
-70.1182;0.00579862;90
-42.0987;0.00389762;90
-41.7886;0.00270115;90
-43.8944;0.00241876;90
-58.3981;0.00267932;90
-55.2196;0.00357097;90
-60.3416;0.00386195;90
-56.8295;0.00253869;90
-93.3787;0.00383467;90
144.895;0.00112333;90
109.392;0.0122701;90
121.317;0.00222404;90
136.69;0.00697723;90
132.946;0.00169673;90
131.204;0.00233929;90
105.501;0.00651081;90
93.0711;0.00660749;90
92.5523;0.00729824;90
103.744;0.00674306;90
120.923;0.00411957;90
135.161;0.00754203;90
129.576;0.00204208;90
138.143;0.00701657;90
128.719;0.00150598;90
135.526;0.00346426;90
117.119;0.00615126;90
116.652;0.00531469;90
122.197;0.0103673;90
111.71;0.00231952;90
112.039;0.00533804;90
121.481;0.0057926;90
121.896;0.00919783;90
110.566;0.00258474;90
108.583;0.00392566;90
107.585;0.00505103;90
93.1771;0.00467318;90
33.1669;0.000637932;90
62.9393;0.00248168;90
77.0631;0.00386819;90
94.4469;0.00428189;90
104.84;0.0051539;90
103.648;0.00497961;90
104.226;0.00496837;90
112.993;0.00577043;90
130.457;0.00435674;90
105.682;0.00176469;90
91.2337;0.00352982;90
92.6684;0.00122433;90
116.069;0.00108543;90
-57.0318;0.0010787;90
-88.2497;0.00225905;90
-88.6696;0.0029718;90
-63.6694;0.00185774;90
-46.556;0.00333312;90
-66.1459;0.00451028;90
-74.1634;0.00665458;90
-75.7978;0.00628097;90
-77.628;0.00610477;90
-106.183;0.00927865;90
-121.513;0.000912586;90
-81.0637;0.00270382;90
-73.1539;0.00471013;90
-67.7373;0.00405962;90
-67.0968;0.00855657;90
-54.2255;0.00171571;90
-50.4166;0.00340081;90
-60.186;0.0047266;90
-66.8514;0.00496798;90
-64.6451;0.00561155;90
-56.3099;0.00496484;90
-58.2884;0.00436227;90
-62.2066;0.00504841;90
-58.4654;0.00463086;90
-49.6804;0.00820647;90
-49.4323;0.00166527;90
-42.4789;0.0022345;90
-46.3462;0.0036419;90
-45.2912;0.00361761;90
-55.5503;0.00692438;90
-69.7138;0.00193822;90
-77.4201;0.00474286;90
-88.6582;0.0047403;90
-87.4209;0.00466673;90
-83.9568;0.00728549;90
-67.0717;0.00528777;90
-39.1189;0.00387839;90
-39.4491;0.00300444;90
-52.6017;0.00301473;90
-54.776;0.00301504;90
-60.2674;0.00405482;90
-54.5456;0.00336003;90
-92.6181;0.00234245;90
-90.9855;0.00220933;90
123.81;0.00146108;90
-101.186;0.00145362;90
-74.7663;0.00914535;90
-81.2104;0.00120414;90
-79.5734;0.00109407;90
-76.6179;0.00101969;90
101.602;0.00350562;90
87.9351;0.000943613;90
100.554;0.014954;90
121.026;0.00330015;90
121.751;0.00364675;90
123.037;0.00296784;90
139.341;0.00310178;90
138.103;0.00402368;90
118.441;0.00571129;90
98.0178;0.0069974;90
91.2009;0.00710956;90
97.6268;0.00658526;90
111.94;0.00537961;90
134.188;0.00379189;90
131.434;0.00367204;90
133.469;0.00452498;90
133.098;0.00428248;90
137.26;0.0044823;90
123.273;0.00545174;90
118.15;0.00622536;90
120.98;0.00624015;90
121.517;0.00598369;90
113.546;0.00657109;90
116.833;0.00611884;90
127.341;0.00525758;90
119.11;0.0058419;90
107.022;0.0058482;90
109.292;0.00509405;90
103.735;0.0029061;90
70.1634;0.00257265;90
66.4042;0.00420453;90
88.4853;0.00559896;90
104.87;0.00451625;90
103.8;0.00652742;90
105.432;0.00600551;90
112.909;0.00533045;90
129.776;0.00346365;90
149.059;0.00175237;90
148.124;0.00295221;90
144.268;0.00274834;90
153.571;0.00188725;90
129.152;0.00285246;90
116.518;0.00377627;90
108.471;0.00350349;90
107.743;0.00408217;90
102.46;0.00609966;90
113.949;0.00548632;90
109.139;0.00605147;90
104.275;0.00629846;90
107.426;0.00643117;90
137.11;0.0035719;90
122.659;0.00537952;90
108.319;0.00610542;90
95.0577;0.00648826;90
90.8887;0.00444854;90
81.14;0.0047851;90
79.8548;0.00577936;90
80.8096;0.00592303;90
85.9305;0.00634099;90
86.0405;0.00718314;90
93.2397;0.00626401;90
115.821;0.00368714;90
114.311;0.00686691;90
106.749;0.00542724;90
122.026;0.00379214;90
142.402;0.00426474;90
-161.4;0.0038406;90
-173.787;0.003576;90
153.386;0.00364748;90
144.823;0.00362258;90
162.284;0.00518907;90
-171.626;0.000995615;90
-172.066;0.00268066;90
-173.335;0.00268817;90
-167.422;0.00330635;90
-144.766;0.0036851;90
-117.428;0.00543158;90
-122.949;0.00531725;90
-119.008;0.00571835;90
-120.409;0.0058103;90
-130.333;0.00456253;90
-140.69;0.00498492;90
-144.107;0.00419941;90
-117.189;0.00562673;90
-113.253;0.00431119;90
-82.5394;0.0029651;90
-82.3708;0.00558141;90
-110.518;0.00350644;90
-111.733;0.00466671;90
-119.504;0.00303565;90
-131.173;0.00209771;90
-152.868;0.00216864;90
-89.5852;0.000967025;90
46.2929;0.00407397;90
53.6205;0.00247669;90
68.0042;0.00394085;90
66.809;0.00398174;90
89.912;0.00520601;90
103.795;0.00414352;90
67.1139;0.00471844;90
65.3025;0.00463828;90
44.7756;0.00397114;90
32.5758;0.00377961;90
46.2885;0.00477984;90
52.944;0.00498843;90
64.91;0.00502074;90
57.5263;0.0052001;90
56.2005;0.00421185;90
63.2044;0.00489121;90
43.2384;0.00379542;90
12.8112;0.00292686;90
11.0421;0.00243304;90
9.54266;0.00187596;90
4.0872;0.00258157;90
-2.58476;0.00321527;90
-31.192;0.00348711;90
-34.2384;0.00359379;90
-29.0667;0.00230535;90
-10.4367;0.00202043;90
19.0754;0.00345153;90
7.23238;0.00337586;90
-42.3612;0.00365538;90
-32.0515;0.00250244;90
-93.7216;0.00177174;90
-77.7052;0.00430166;90
-66.7425;0.00599953;90
-63.5319;0.00528831;90
-85.3678;0.00619122;90
-93.845;0.00592033;90
-93.662;0.00609044;90
-98.1768;0.00659505;90
-100.216;0.00563839;90
-99.1184;0.00514907;90
-94.1041;0.00308792;90
-86.9572;0.00452137;90
-81.9866;0.00555221;90
-70.917;0.00494896;90
-60.033;0.00457456;90
-45.3376;0.00408008;90
-69.0592;0.00578618;90
-75.7896;0.00646482;90
-72.1551;0.00644823;90
-63.9638;0.00489362;90
-77.6737;0.00423462;90
-74.1684;0.00497782;90
-71.7796;0.0012665;90
-72.0015;0.00265702;90
-68.5538;0.00377433;90
-53.033;0.00295;90
-42.3736;0.00131165;90
-36.7146;0.00191861;90
-30.5647;0.00246209;90
-29.0761;0.0023273;90
-30.7177;0.00171689;90
-46.5716;0.00195942;90
-55.7848;0.00348034;90
-68.2712;0.00512947;90
-71.7817;0.00393106;90
-77.6287;0.00804685;90
-76.7935;0.00549328;90
-95.462;0.00525285;90
-116.579;0.00380176;90
-105.869;0.00217593;90
-77.0763;0.0047216;90
-68.8675;0.005026;90
-72.1523;0.00555325;90
-57.9811;0.00493588;90
-52.9396;0.00535463;90
-65.556;0.00606569;90
-64.9281;0.00623001;90
-59.0471;0.00540701;90
-57.3741;0.00525641;90
-62.6934;0.00511387;90
-60.3086;0.00544488;90
-49.4945;0.00408763;90
-40.8156;0.00376974;90
-48.7013;0.00406373;90
-48.3347;0.0035982;90
-41.141;0.00323599;90
-48.3136;0.003511;90
-61.4694;0.00412037;90
-76.2326;0.00532396;90
-88.6367;0.00655686;90
-84.9904;0.0070429;90
-80.5692;0.00567571;90
-56.341;0.00409563;90
-40.6958;0.00295839;90
-42.7767;0.00240597;90
-43.3158;0.00257427;90
-59.979;0.00247043;90
-53.301;0.00281621;90
-61.8535;0.00359741;90
-55.1486;0.00303788;90
-94.5267;0.00261014;90
-96.8218;0.00173428;90
122.078;0.00100551;90
-86.8238;0.00702078;90
-79.3673;0.00134408;90
-96.6332;0.00205173;90
-90.5325;0.00161407;90
-47.3199;0.000995715;90
-75.1608;0.00128071;90
-75.9316;0.000863912;90
-86.4214;0.00158609;90
-103.898;0.00231889;90
90.8255;0.0153396;90
-82.099;0.00180413;90
-80.108;0.0016881;90
-81.3618;0.00137156;90
-79.2703;0.00137504;90
-77.8018;0.00131571;90
-82.1839;0.00131623;90
-84.0745;0.00122052;90
16.9529;0.000562441;90
102.712;0.00436705;90
96.1771;0.0111336;90
109.054;0.00213814;90
120.47;0.00434045;90
124.206;0.0034207;90
119.688;0.000993395;90
34.6174;0.00265625;90
-70.9635;0.00993959;90
-94.719;0.00500798;90
129.267;0.000722032;90
-73.6517;0.00517629;90
-112.541;0.00122346;90
91.2597;0.00277467;90
104.334;0.00416051;90
-79.1064;0.0077466;90
-52.9385;0.00149501;90
-86.8634;0.00668902;90
98.0278;0.0023773;90
101.092;0.00273407;90
101.486;0.00140106;90
98.6185;0.00119449;90
150.096;0.0015585;90
-140.963;0.000878028;90
118.671;0.000827457;90
120.51;0.00125472;90
-131.017;0.00115041;90
-113.778;0.00195932;90
-147.949;0.00119282;90
-104.496;0.00196557;90
-120.587;0.00153683;90
-160.054;0.000791477;90
-162.309;0.00121758;90
-137.813;0.00151291;90
-116.442;0.00166185;90
-107.786;0.00239969;90
-99.4388;0.00400016;90
-96.9863;0.00379014;90
-94.5677;0.00369173;90
-92.0916;0.00367145;90
-92.9961;0.00342468;90
-107.205;0.00321172;90
-143.045;0.0021574;90
-119.907;0.00254719;90
-115.848;0.00257347;90
-134.89;0.00221042;90
-140.955;0.00194941;90
-141.464;0.00122472;90
-168.396;0.001223;90
-160.365;0.00101183;90
-161.944;0.00110018;90
143.163;0.001753;90
175.195;0.00161166;90
-170.153;0.00146762;90
-178.874;0.00152629;90
-144.86;0.00190767;90
-127.044;0.00237541;90
-107.35;0.00317233;90
-162.516;0.00192388;90
147.262;0.00120192;90
116.227;0.00212251;90
105.979;0.00284075;90
108.342;0.00310473;90
111.625;0.00229558;90
132.98;0.00202571;90
126.201;0.00220955;90
115.334;0.00229026;90
119.246;0.00235179;90
160.868;0.00161098;90
-173.617;0.00149326;90
-140.77;0.0021172;90
-165.716;0.00162525;90
-165.65;0.00150496;90
-157.826;0.00193944;90
-155.564;0.00124008;90
91.343;0.00247468;90
94.6168;0.00165236;90
136.297;0.00112459;90
156.317;0.000916158;90
146.442;0.00108;90
148.058;0.00123617;90
144.58;0.0012406;90
136.404;0.00115434;90
151.946;0.00108441;90
151.747;0.00122948;90
142.102;0.00131541;90
149.915;0.00112911;90
-24.7554;0.00263406;90
-35.0159;0.00196583;90
-39.5562;0.00111803;90
-35.7949;0.000724928;90
-27.7342;0.000767131;90
-55.8032;0.00100349;90
-35.3237;0.00155657;90
-33.1346;0.00134466;90
-53.7429;0.000935053;90
-84.989;0.000961676;90
-80.0929;0.00279569;90
54.2141;0.000697725;90
17.8755;0.00275289;90
31.414;0.000523773;90
17.1893;0.00253105;90
52.5825;0.00087884;90
7.01815;0.00265993;90
-0.806929;0.000568056;90
-57.7607;0.00350544;90
-67.0985;0.000860857;90
-56.989;0.00355726;90
-29.2864;0.000744108;90
-62.8471;0.00200496;90
44.8363;0.0477646;90
42.8833;0.00135928;90
69.8608;0.00185012;90
60.308;0.00201681;90
58.0824;0.00221487;90
-23.3567;0.00104678;90
-26.2763;0.00124238;90
37.554;0.00167512;90
95.6923;0.0034279;90
104.953;0.00174405;90
137.395;0.00133689;90
-64.6934;0.0176343;90
-46.7859;0.00063529;90
16.6094;0.00158827;90
25.0499;0.00209727;90
46.1577;0.00244992;90
38.1396;0.000911624;90
-70.6848;0.00440494;90
-65.4248;0.00516485;90
-59.7654;0.00529648;90
-36.0613;0.00372717;90
-31.3512;0.00377871;90
-32.4217;0.00390938;90
-20.0234;0.00412962;90
-65.874;0.00515971;90
-73.9331;0.00407934;90
-41.5186;0.00306247;90
-32.5898;0.00288886;90
-55.7539;0.0034296;90
-52.1631;0.00277299;90
-41.4876;0.00260847;90
-34.8818;0.00153352;90
50.2032;0.00166858;90
4.75366;0.00190656;90
35.912;0.00208169;90
78.4419;0.00312436;90
104.26;0.00254131;90
54.3258;0.00107343;90
6.31843;0.00116306;90
73.7323;0.0015386;90
21.8122;0.000982328;90
-12.926;0.000813617;90
-151.384;0.00433672;90
-101.246;0.000881935;90
-69.6909;0.00184681;90
-93.2487;0.00262923;90
-120.756;0.00245999;90
179.447;0.00186609;90
-158.046;0.00152995;90
-121.076;0.00113721;90
147.255;0.00147903;90
135.884;0.00256569;90
126.342;0.00278092;90
127.623;0.00315007;90
145.449;0.00258492;90
139.983;0.00287394;90
119.954;0.00397149;90
121.116;0.00676307;90
146.603;0.00157149;90
148.977;0.00361862;90
146.102;0.00359864;90
150.204;0.00334063;90
130.271;0.0045977;90
114.451;0.00529817;90
110.975;0.00477435;90
121.155;0.0022132;90
-132.814;0.00183486;90
-141.911;0.00213328;90
-160.128;0.00220638;90
-170.483;0.00189914;90
-166.143;0.00185807;90
95.6705;0.0031273;90
102.912;0.0202141;90
117.143;0.0025251;90
126.72;0.00366781;90
122.705;0.00367932;90
137.989;0.00325429;90
138.8;0.00378781;90
121.811;0.00486234;90
97.8604;0.00666866;90
93.0271;0.00715799;90
95.217;0.00481695;90
105.67;0.00693473;90
124.529;0.00426055;90
137.354;0.00361495;90
133.114;0.00498356;90
134.189;0.00619629;90
134.309;0.00492606;90
118.188;0.00535395;90
116.669;0.00542963;90
123.306;0.00500989;90
121.671;0.00516525;90
116.454;0.00555798;90
113.084;0.00518517;90
120.828;0.00479443;90
129.582;0.00438811;90
118.917;0.00479593;90
105.76;0.00445133;90
110.283;0.00412797;90
104.907;0.00397271;90
113.354;0.0027623;90
115.402;0.0036366;90
169.772;0.00226398;90
-131.699;0.00357328;90
-168.82;0.00208354;90
-67.127;0.00240295;90
-63.1252;0.00289575;90
-85.3391;0.00351964;90
-87.434;0.00384185;90
-88.9599;0.00418669;90
-94.1644;0.0039384;90
-93.7257;0.00306247;90
-110.768;0.00218283;90
-90.9653;0.00136519;90
-35.6061;0.00107006;90
88.211;0.0120759;90
91.832;0.00391;90
92.3051;0.00380408;90
98.1902;0.00364316;90
124.168;0.00282574;90
107.611;0.002155;90
150.376;0.00212013;90
149.74;0.0026929;90
155.397;0.00276943;90
174.863;0.00263559;90
115.388;0.00169798;90
76.6808;0.00329462;90
77.6043;0.00200781;90
130.656;0.00158706;90
101.937;0.00129091;90
53.3712;0.000665406;90
-42.1898;0.00124034;90
-66.2282;0.00122055;90
-105.209;0.00404052;90
-98.0341;0.00371345;90
-1.07957;0.00238842;90
-20.4059;0.00312618;90
-31.4591;0.0035908;90
-25.8013;0.00244916;90
22.0854;0.00254796;90
50.3696;0.0030149;90
-25.695;0.00217952;90
-62.2524;0.00316382;90
-59.7197;0.00189794;90
-77.1761;0.00440179;90
-69.5726;0.00391094;90
-72.427;0.00624336;90
-56.6;0.00701206;90
-59.1066;0.00740103;90
-65.8159;0.00861182;90
-57.4915;0.0076662;90
-60.9216;0.00794434;90
-58.7292;0.00819329;90
-42.0325;0.00544991;90
-48.7582;0.00597659;90
-44.272;0.00372888;90
-43.8136;0.00334675;90
-57.488;0.00408762;90
-73.0265;0.00554243;90
-86.7747;0.0065053;90
-87.1201;0.00652825;90
-81.7747;0.00613006;90
-61.2196;0.00462765;90
-41.9253;0.00344078;90
-40.7062;0.00284277;90
-48.8466;0.00248755;90
-57.7993;0.0028918;90
-56.4398;0.00330491;90
-59.0686;0.00394738;90
-73.2125;0.00248595;90
-91.696;0.0029733;90
144.978;0.00078761;90
-36.8804;0.005447;90
-46.2112;0.0116083;90
-60.5528;0.00317521;90
-66.2002;0.00200227;90
-47.3245;0.0241987;90
-40.5805;0.00178935;90
-59.4133;0.0101643;90
-37.9333;0.000948363;90
-29.5898;0.00123738;90
-41.3542;0.00294682;90
-50.1968;0.00946961;90
-46.6177;0.00122732;90
-51.8832;0.00143374;90
-66.5775;0.0124651;90
111.31;0.00140614;90
106.917;0.0048112;90
92.8603;0.0106212;90
-135.696;0.000698673;90
-171.824;0.000878934;90
-167.863;0.00412828;90
140.521;0.00123468;90
130.325;0.00891942;90
153.3;0.000952568;90
148.247;0.00134536;90
130.66;0.00351308;90
113.493;0.00475624;90
128.252;0.00438688;90
147.632;0.00709068;90
149.657;0.00133022;90
143.811;0.00535518;90
128.679;0.00186893;90
116.082;0.003712;90
112.881;0.00464989;90
112.976;0.00432185;90
137.177;0.00323947;90
129.828;0.00334125;90
131.631;0.00327249;90
127.738;0.00386564;90
115.02;0.00414718;90
124.613;0.00280798;90
-97.5492;0.00391998;90
-65.3522;0.00600184;90
-73.7428;0.00153956;90
-74.126;0.00132347;90
-69.1276;0.000996386;90
-64.7634;0.00111878;90
-87.6556;0.00149125;90
-82.2664;0.00138964;90
-95.6533;0.00209117;90
79.3323;0.00117226;90
82.837;0.00186858;90
140.921;0.000747155;90
95.0612;0.00151892;90
108.527;0.00256809;90
106.393;0.00315005;90
110.942;0.00255156;90
102.909;0.00226936;90
113.626;0.00105547;90
87.6262;0.00294553;90
119.973;0.00252003;90
121.018;0.00345038;90
123.867;0.00413448;90
121.936;0.00342549;90
144.655;0.00355406;90
136.396;0.00397724;90
112.138;0.00581144;90
96.0366;0.0069606;90
90.345;0.00764014;90
104.176;0.00694551;90
114.741;0.00462116;90
135.651;0.0034205;90
135.499;0.00437999;90
130.181;0.00494886;90
137.014;0.00508936;90
132.291;0.00517615;90
116.346;0.00632499;90
116.66;0.00649668;90
127.289;0.00579196;90
115.985;0.00737448;90
112.703;0.00665355;90
126.814;0.0056908;90
120.099;0.00579663;90
107.059;0.00510982;90
110.073;0.00461217;90
104.391;0.00391484;90
117.107;0.00231756;90
116.395;0.00347531;90
-173.429;0.00219341;90
-131.227;0.00353542;90
-178.904;0.00172532;90
-72.6718;0.00424046;90
-56.8052;0.0017005;90
-85.3568;0.0031995;90
-88.1787;0.0045623;90
-90.524;0.00415517;90
-94.1634;0.00420109;90
-98.0085;0.00353144;90
-117.475;0.00208294;90
-74.7492;0.0046684;90
-55.6525;0.0011361;90
-72.2311;0.00261159;90
-66.5881;0.00324408;90
-58.9969;0.00249668;90
-67.3381;0.00199069;90
-72.2399;0.00198668;90
-74.1288;0.00318127;90
-56.5626;0.0029563;90
-61.2201;0.00658433;90
-53.5836;0.00113704;90
-62.2661;0.00162238;90
-84.8421;0.00327024;90
-83.7456;0.00206529;90
93.729;0.00510481;90
129.759;0.00301143;90
130.086;0.00201417;90
134.244;0.00101762;90
133.657;0.000905345;90
134.781;0.000927024;90
155.39;0.000943723;90
-87.0655;0.0918064;90
-93.3082;0.00138631;90
-90.4957;0.00138705;90
-91.1035;0.00373869;90
-90;0.001411;90
19.452;0.0630148;90
-69.5458;0.00197449;90
-99.355;0.00166717;90
78.2038;0.00175609;90
109.831;0.000934414;90
107.669;0.00120588;90
105.467;0.00133121;90
111.18;0.00118183;90
106.716;0.00132812;90
110.295;0.00120799;90
115.529;0.00108825;90
100.142;0.00119263;90
100.079;0.0011142;90
159.416;0.000480688;90
144.455;0.00089964;90
-76.0517;0.00300356;90
-81.3594;0.00165074;90
-80.8575;0.00156083;90
-80.098;0.00122119;90
-82.2161;0.00110014;90
-80.0266;0.00191697;90
-80.2137;0.00148257;90
-80.2002;0.00100466;90
5.85919;0.000460405;90
98.2031;0.018769;90
126.902;0.001792;90
128.845;0.00530275;90
124.954;0.00135796;90
133.793;0.0101754;90
138.287;0.00161557;90
96.4903;0.0198079;90
93.2379;0.00235476;90
118.63;0.0109943;90
129.64;0.00177127;90
138.339;0.00314419;90
136.329;0.0119519;90
117.171;0.00257967;90
119.172;0.0124284;90
119.878;0.00372973;90
118.337;0.0144166;90
112.182;0.00375057;90
116.969;0.0145335;90
113.203;0.00164724;90
116.136;0.0029262;90
108.44;0.00668316;90
112.647;0.00144654;90
-173.862;0.00593904;90
-172.219;0.000997181;90
170.563;0.000737987;90
157.524;0.00531794;90
164.693;0.0043182;90
161.349;0.00100688;90
-135.591;0.00164482;90
175.741;0.00103686;90
170.995;0.000741134;90
142.166;0.000617888;90
117.521;0.00565491;90
156.511;0.00285017;90
-143.708;0.00541808;90
-149.449;0.00173715;90
-163.295;0.00641159;90
-152.562;0.00134985;90
-120.253;0.00381682;90
-130.24;0.0125421;90
-124.77;0.00361923;90
-129.038;0.0130161;90
-138.71;0.00207617;90
-131.375;0.0104465;90
-129.46;0.00222647;90
-128.82;0.00313301;90
-122.512;0.00582725;90
-129.243;0.0104394;90
-138.173;0.00218477;90
-128.538;0.00963829;90
-148.648;0.00179512;90
-176.048;0.00796494;90
174.943;0.00237123;90
-164.771;0.00360146;90
-134.237;0.00499262;90
-116.053;0.00595623;90
-113.868;0.015095;90
-105.906;0.00240821;90
-107.326;0.00271311;90
-107.013;0.00665105;90
-94.8767;0.00955158;90
-95.5464;0.00576298;90
-94.7265;0.00422336;90
-97.6678;0.0137752;90
-104.559;0.001277;90
-107.648;0.00727329;90
-83.8314;0.000995766;90
-93.892;0.0102246;90
-72.5099;0.00105476;90
-13.9996;0.00568795;90
63.2974;0.00297979;90
66.4324;0.00823597;90
-64.2491;0.00144778;90
-84.3951;0.00140271;90
-133.64;0.00449917;90
-117.26;0.0032072;90
-144.048;0.00207287;90
149.676;0.00116661;90
-176.877;0.00111966;90
144.652;0.00214676;90
170.971;0.0010004;90
95.1637;0.00168885;90
89.1135;0.00394247;90
83.4483;0.00397899;90
77.4741;0.00212559;90
77.0604;0.00335828;90
71.452;0.00400503;90
78.0735;0.0030437;90
81.6622;0.00444801;90
84.7916;0.00370128;90
86.0686;0.0039964;90
83.561;0.00428906;90
83.6267;0.00439617;90
84.1785;0.00436752;90
84.6438;0.00445646;90
84.9116;0.00391242;90
105.092;0.00284203;90
-113.697;0.00151034;90
46.7347;0.00238263;90
63.9051;0.0109012;90
70.9704;0.00277252;90
68.0179;0.00506524;90
67.0931;0.00644854;90
54.0618;0.00538751;90
29.2549;0.00425008;90
0.832729;0.0037844;90
3.17734;0.00382488;90
13.7411;0.00386049;90
34.5395;0.00419067;90
58.0444;0.00536974;90
44.8631;0.00503249;90
43.4718;0.0047195;90
51.673;0.00508104;90
56.7334;0.00540348;90
55.0271;0.00589683;90
49.0022;0.00581529;90
44.9147;0.00522482;90
49.5257;0.00518866;90
50.5372;0.00511504;90
55.2403;0.00505143;90
61.522;0.00359044;90
99.9293;0.00320704;90
65.0994;0.00178603;90
-72.2705;0.00143831;90
-55.6382;0.000804371;90
-116.333;0.00264887;90
15.007;0.000830319;90
29.8854;0.00293417;90
35.1356;0.00372711;90
63.2322;0.00505578;90
51.2334;0.00435679;90
18.505;0.00362018;90
16.0569;0.00324666;90
29.3834;0.00328339;90
39.5827;0.00141559;90
25.9874;0.00275006;90
-35.4675;0.0026558;90
-63.2175;0.00117842;90
-75.6455;0.00301307;90
-17.8047;0.00247242;90
27.9214;0.00136036;90
14.2188;0.00175063;90
-14.7313;0.00261909;90
-21.0931;0.00207289;90
-29.0825;0.00278973;90
-25.6349;0.00203867;90
-1.8955;0.00223722;90
48.9443;0.00326892;90
3.14437;0.00215124;90
-61.0728;0.00349392;90
-47.7236;0.00142856;90
-82.0511;0.00460626;90
-68.334;0.00392747;90
-71.6125;0.00382003;90
-69.03;0.0054264;90
-51.7721;0.00505502;90
-58.6784;0.0060403;90
-66.2552;0.00718962;90
-61.0005;0.00626441;90
-56.2269;0.00593447;90
-62.563;0.00652381;90
-59.382;0.00647933;90
-45.3143;0.00489891;90
-43.3607;0.00420193;90
-49.8219;0.00358357;90
-44.5099;0.00347202;90
-42.6447;0.00330357;90
-55.9208;0.00355321;90
-72.049;0.00423096;90
-81.1981;0.00633258;90
-89.3481;0.00641642;90
-83.1349;0.00590635;90
-75.4804;0.00497386;90
-47.9309;0.00416253;90
-40.5834;0.00278224;90
-41.3497;0.00269885;90
-54.4327;0.00247224;90
-55.0136;0.00335901;90
-63.4087;0.00390283;90
-55.6136;0.00330931;90
-94.5146;0.00246465;90
-104.859;0.00187572;90
107.025;0.000976807;90
-76.8477;0.00528257;90
-81.8821;0.00132427;90
-79.9349;0.00226587;90
-79.9034;0.00265817;90
-80.693;0.00127377;90
-31.9307;0.000894321;90
105.549;0.0238634;90
126.451;0.00210726;90
122.758;0.00305125;90
140.743;0.00283346;90
136.935;0.00381206;90
122.965;0.00480215;90
98.8394;0.00719748;90
92.568;0.00723126;90
95.8141;0.00666328;90
109.693;0.00529999;90
125.928;0.00360109;90
137.228;0.00371087;90
133.921;0.00394282;90
130.429;0.00455198;90
139.672;0.00425395;90
127.328;0.00505796;90
118.803;0.00577212;90
117.434;0.00607744;90
124.533;0.00557784;90
117.51;0.0062113;90
113.727;0.00593465;90
119.411;0.00546767;90
129.73;0.00501905;90
114.11;0.00497938;90
107.419;0.00481691;90
109.53;0.00422083;90
104.519;0.00351422;90
115.738;0.00418188;90
133.81;0.00248602;90
-144.491;0.00207118;90
-134.587;0.00284194;90
-174.276;0.0013035;90
153.386;0.00104022;90
150.289;0.00292561;90
150.669;0.00267835;90
160.742;0.00257721;90
-178.405;0.00219085;90
91.5533;0.00269299;90
72.5491;0.00292775;90
76.5148;0.00274878;90
74.0404;0.00221851;90
74.5641;0.00139014;90
76.5296;0.00166994;90
129.617;0.0014773;90
-91.8012;0.00521758;90
-105.331;0.00238279;90
-105.735;0.00238954;90
-103.764;0.00285395;90
-75.3162;0.00160957;90
-2.94501;0.0020437;90
-9.27587;0.0014145;90
-25.896;0.00126391;90
-32.3181;0.00192286;90
-29.3193;0.00227089;90
-28.0816;0.00148706;90
-23.2571;0.000643271;90
7.85233;0.0019836;90
49.1816;0.00177461;90
46.1476;0.0022243;90
-21.481;0.00166033;90
-63.6839;0.00298428;90
-38.165;0.00124772;90
-78.8933;0.00425673;90
-70.6855;0.00453208;90
-70.8873;0.00454451;90
-69.8145;0.00539325;90
-51.5274;0.00439772;90
-55.5863;0.00491892;90
-65.9365;0.00593258;90
-64.6687;0.00567019;90
-58.3961;0.00521903;90
-57.8081;0.00566487;90
-62.4859;0.00558915;90
-60.1854;0.00530174;90
-45.5733;0.00452288;90
-41.0848;0.00404915;90
-50.5737;0.00473952;90
-43.0228;0.00366853;90
-46.9537;0.00381635;90
-62.7664;0.00475286;90
-76.5872;0.00601815;90
-88.8484;0.00661734;90
-84.9603;0.00677318;90
-79.0139;0.0049273;90
-53.7956;0.00454571;90
-41.2536;0.00334398;90
-41.3334;0.00358247;90
-59.2277;0.003182;90
-56.2159;0.00354814;90
-59.0755;0.00400072;90
-69.6535;0.00230374;90
-90.6151;0.00326019;90
147.871;0.000936404;90
-52.8469;0.00129482;90
-82.9402;0.00446687;90
-86.6454;0.00170893;90
101.581;0.00745171;90
-78.593;0.00659834;90
-78.924;0.00148873;90
-77.5981;0.00181127;90
-80.0193;0.00207135;90
-69.0778;0.00135536;90
-91.6435;0.00331236;90
96.233;0.00832622;90
107.374;0.00152037;90
93.8045;0.00477753;90
101.193;0.00106119;90
150.555;0.000569575;90
116.211;0.0007245;90
-45.2787;0.0164256;90
-52.4468;0.00454472;90
-68.7563;0.00570465;90
-63.5291;0.0054426;90
-40.6221;0.00448341;90
-30.3695;0.00426643;90
-31.6468;0.00430166;90
-44.1183;0.00482516;90
-65.7718;0.00549501;90
-50.0572;0.00433163;90
-31.0975;0.00330496;90
-53.8243;0.00366447;90
-49.2898;0.0032519;90
-46.2784;0.00269404;90
25.5781;0.00111641;90
21.4649;0.00177082;90
8.8028;0.00199955;90
74.3034;0.0050306;90
115.928;0.00144772;90
98.0732;0.00113929;90
115.334;0.00112411;90
-123.955;0.0102643;90
136.912;0.00292481;90
123.338;0.00437972;90
148.062;0.00344796;90
135.609;0.00292617;90
118.468;0.0040258;90
114.727;0.00497737;90
133.266;0.0473936;90
-79.2765;0.00908261;90
-75.0461;0.00196867;90
-79.8914;0.00362934;90
-79.6411;0.00341466;90
-88.727;0.00274568;90
-85.864;0.00153901;90
-81.0163;0.00214532;90
95.5511;0.00725703;90
100.699;0.00248317;90
100.51;0.0028671;90
98.8553;0.00307263;90
100.31;0.00306753;90
95.7991;0.00392911;90
125.482;0.00118875;90
102.789;0.00210522;90
109.983;0.00145138;90
-113.594;0.00091444;90
-80.8925;0.00368951;90
97.125;0.000983595;90
101.148;0.00270504;90
64.7734;0.000957298;90
-71.8231;0.00217662;90
111.866;0.00910502;90
108.779;0.000947435;90
105.026;0.00124973;90
119.375;0.00353903;90
136.786;0.0036745;90
139.586;0.00413851;90
116.507;0.00529904;90
97.8392;0.00721442;90
90.6466;0.00682343;90
97.1282;0.00664032;90
111.547;0.00505635;90
129.135;0.00372971;90
140.509;0.00329265;90
130.376;0.00442108;90
133.518;0.0048927;90
137.316;0.00484693;90
123.223;0.00575105;90
118.104;0.00582929;90
120.387;0.00577654;90
121.878;0.00593049;90
115.962;0.00620409;90
115.232;0.00609449;90
122.543;0.00504157;90
125.587;0.0051793;90
107.624;0.0057205;90
110.796;0.00518801;90
103.279;0.00313893;90
114.5;0.00672554;90
163.913;0.00127389;90
-135.972;0.00254241;90
-148.014;0.00287323;90
-174.708;0.000693957;90
150.894;0.00237033;90
151.381;0.00310655;90
153.025;0.002877;90
178.671;0.00254468;90
-160.787;0.00274701;90
151.204;0.0026428;90
148.699;0.00602262;90
-149.615;0.00115459;90
118.486;0.00121397;90
104.44;0.00192893;90
-148.118;0.00201262;90
151.568;0.00358319;90
111.84;0.00414231;90
111.477;0.00471971;90
-125.552;0.00186949;90
-56.9182;0.00870041;90
-15.8784;0.00223321;90
16.5491;0.00277704;90
-83.5071;0.00236114;90
31.4923;0.00250965;90
-6.49429;0.00242255;90
-42.5839;0.00234827;90
-74.7949;0.0035192;90
-15.5212;0.00207777;90
27.2533;0.00148933;90
16.0661;0.00136949;90
-5.27343;0.00190406;90
-18.7192;0.00223101;90
-31.0272;0.0030983;90
-28.746;0.00263242;90
-4.79645;0.00232012;90
47.6264;0.00378063;90
-22.7253;0.002718;90
-58.2815;0.00311177;90
-76.5553;0.00375902;90
-71.3095;0.00503345;90
-73.1777;0.00548366;90
-62.8911;0.00570134;90
-51.5191;0.00510082;90
-62.8458;0.00578457;90
-64.9744;0.00714145;90
-60.2066;0.00644832;90
-57.8052;0.00583521;90
-62.653;0.0060299;90
-58.3854;0.0058279;90
-43.4509;0.00449884;90
-46.3528;0.0048521;90
-46.7612;0.00490044;90
-43.2573;0.00423187;90
-55.7607;0.0047454;90
-73.9488;0.00647024;90
-88.3672;0.00736999;90
-85.5844;0.00753336;90
-73.9567;0.00643357;90
-44.7745;0.00449228;90
-40.5839;0.00358152;90
-51.9587;0.00377619;90
-57.7579;0.00387443;90
-59.2304;0.00445281;90
-74.8468;0.00271231;90
-87.205;0.00297354;90
137.968;0.00103801;90
-79.64;0.00742912;90
100.186;0.00750936;90
-78.7429;0.00828846;90
-77.8771;0.00255702;90
-82.5186;0.00123653;90
-82.3475;0.00137424;90
-3.51003;0.000539011;90
-89.6919;0.00278904;90
-66.0249;0.000920411;90
1.4411;0.000477151;90
88.1382;0.00116962;90
91.2414;0.00124629;90
79.1921;0.00136522;90
53.6093;0.000765227;90
-74.5365;0.00101266;90
-93.6319;0.00167336;90
-40.4816;0.000727044;90
19.1225;0.000790626;90
55.7093;0.00113775;90
107.702;0.00259486;90
149.582;0.000792016;90
96.2122;0.000988806;90
107.513;0.00139569;90
123.352;0.00108224;90
-171.341;0.00205239;90
124.366;0.000682051;90
104.374;0.000986895;90
96.6934;0.00182746;90
99.5216;0.0015899;90
83.6279;0.000198225;90
-84.4832;0.0017059;90
-80.9097;0.00162035;90
-81.2853;0.001386;90
-78.6901;0.00126456;90
-80.2638;0.00130682;90
-81.8634;0.00124352;90
-76.6129;0.000984758;90
98.4132;0.0174902;90
120.934;0.00331095;90
122.454;0.00383137;90
122.916;0.00252661;90
133.207;0.0031418;90
137.76;0.00323098;90
138.41;0.0039229;90
100.923;0.0140485;90
89.2501;0.0022922;90
88.1959;0.00327162;90
104.84;0.0105147;90
130.505;0.00122707;90
132.124;0.00277606;90
137.729;0.00323798;90
132.08;0.00376174;90
132.049;0.00460159;90
139.119;0.00438053;90
126.015;0.00482654;90
118.18;0.00539554;90
117.731;0.00558328;90
124.302;0.00503586;90
119.059;0.00535509;90
114.745;0.00540641;90
115.345;0.00523045;90
126.572;0.00446766;90
124.794;0.0041183;90
115.806;0.00357668;90
108.778;0.00606694;90
106.701;0.00329186;90
103.069;0.00366184;90
120.742;0.000976177;90
115.345;0.00277291;90
130.773;0.00292619;90
-140.357;0.00252195;90
-128.561;0.000996234;90
-138.502;0.00101872;90
-145.774;0.0005636;90
-178.868;0.000911178;90
-134.65;0.000809652;90
-64.8681;0.00189544;90
-65.4318;0.0029006;90
-81.9812;0.00327603;90
-95.0473;0.0017277;90
-84.6991;0.00379925;90
-89.8163;0.00343002;90
-93.0735;0.00376742;90
-99.5968;0.00329309;90
-110.508;0.0025261;90
-82.5483;0.00243658;90
-69.4681;0.00277423;90
-69.3617;0.00260733;90
-70.9847;0.00327787;90
-60.7143;0.00281704;90
-57.3436;0.00192179;90
-67.2628;0.00172831;90
-71.6049;0.00363789;90
-60.9095;0.00356239;90
-57.054;0.00277651;90
-64.1934;0.00300688;90
-83.0583;0.00135695;90
115.774;0.0128604;90
103.809;0.00244672;90
131.395;0.00133837;90
114.943;0.0023072;90
123.236;0.00297218;90
105.061;0.00355202;90
110.868;0.00320311;90
104.202;0.00326479;90
63.6195;0.00236085;90
81.2154;0.00385016;90
84.1647;0.00169177;90
88.5338;0.00340011;90
90.8054;0.00377037;90
92.878;0.00623386;90
104.789;0.00267564;90
124.347;0.00292624;90
73.4956;0.000816647;90
3.74033;0.00180885;90
48.7922;0.00320739;90
-19.7257;0.00353759;90
-70.8832;0.00170079;90
-32.7815;0.000594713;90
-73.0008;0.0030921;90
-76.2053;0.00471809;90
-70.2775;0.00443305;90
-72.0243;0.00449754;90
-62.2344;0.00379947;90
-47.5914;0.00345634;90
-54.0664;0.00354947;90
-65.4342;0.00432003;90
-66.3793;0.00527604;90
-62.3049;0.00496593;90
-55.9521;0.00452949;90
-59.488;0.00493777;90
-64.7906;0.00476371;90
-59.8397;0.00480672;90
-48.565;0.00421898;90
-38.3779;0.00358704;90
-49.0129;0.00393054;90
-48.7648;0.00371538;90
-42.1321;0.00296791;90
-44.2936;0.00309736;90
-62.0552;0.00369595;90
-74.0026;0.00499649;90
-84.5453;0.00621715;90
-88.5328;0.00624905;90
-82.3231;0.00625809;90
-62.4253;0.00505072;90
-42.9129;0.00370841;90
-41.5825;0.0025147;90
-47.7865;0.00255992;90
-56.2233;0.00513348;90
-63.6684;0.00142707;90
-58.425;0.00311871;90
-57.3059;0.00209015;90
-105.832;0.00110699;90
-89.3946;0.00293416;90
151.788;0.000653649;90
-21.7279;0.00376553;90
-57.6985;0.00354807;90
-46.2965;0.0036878;90
-53.2853;0.00339561;90
-38.7288;0.0028547;90
-58.4197;0.00400044;90
-68.2339;0.00512111;90
-64.7579;0.00528792;90
-43.7643;0.00409864;90
-30.1428;0.00333959;90
-33.3191;0.00321317;90
-32.0646;0.00358841;90
-42.6039;0.00365328;90
-65.2381;0.00481798;90
-57.9022;0.00427201;90
-33.4065;0.00296962;90
-42.577;0.003228;90
-55.1537;0.00328505;90
-46.0423;0.00470375;90
-28.7216;0.000534799;90
47.7263;0.000668973;90
165.915;0.00172588;90
136.836;0.00291336;90
124.46;0.00379616;90
136.425;0.00326997;90
144.502;0.00319972;90
125.247;0.00371509;90
114.962;0.00594758;90
142.311;0.00302271;90
145.117;0.00455674;90
149.716;0.00387477;90
145.564;0.00392234;90
122.628;0.0052209;90
110.965;0.00572393;90
115.464;0.00481917;90
142.752;0.00318207;90
127.373;0.00360134;90
131.424;0.00340074;90
125.435;0.00396184;90
115.776;0.00490282;90
-120.655;0.00139842;90
-96.1933;0.00219682;90
120.689;0.00110704;90
-37.1757;0.00104921;90
-86.3419;0.00615955;90
100.907;0.00689659;90
79.9552;0.00396173;90
122.699;0.00320609;90
120.488;0.00384342;90
121.908;0.00287196;90
133.07;0.00503887;90
140.717;0.00133458;90
137.372;0.00363977;90
119.096;0.00418284;90
97.8937;0.00586154;90
93.7916;0.00576161;90
91.531;0.00613819;90
103.585;0.00594328;90
119.056;0.0039204;90
129.522;0.00367394;90
137.374;0.00355131;90
131.533;0.00431488;90
134.54;0.00431278;90
137.105;0.00417687;90
124.357;0.00454857;90
118.421;0.00513715;90
117.386;0.00499365;90
123.941;0.00474079;90
117.865;0.00589221;90
115.636;0.00545941;90
116.691;0.00549448;90
124.746;0.00424251;90
126.483;0.0042349;90
113.067;0.00433129;90
107.025;0.00460061;90
111.186;0.00382127;90
102.41;0.00372709;90
117.622;0.00230354;90
118.461;0.00333849;90
-169.095;0.00238915;90
-133.908;0.00308001;90
-164.533;0.0010687;90
154.641;0.00129586;90
154.882;0.00224975;90
150.211;0.0022423;90
151.006;0.00173093;90
159.734;0.00187081;90
-178.995;0.00188129;90
-166.812;0.00150777;90
-145.947;0.000525034;90
-157.797;0.00132311;90
-172.534;0.000500241;90
146.847;0.000650969;90
-123.55;0.000904719;90
-88.9652;0.00382062;90
-88.6739;0.0041051;90
-91.9855;0.00187613;90
-93.082;0.0026969;90
-92.3556;0.00369813;90
-99.4097;0.00429377;90
-99.4623;0.00345501;90
-97.2139;0.00191919;90
-95.2135;0.00108951;90
-97.995;0.00191966;90
-110.549;0.000934457;90
-142.662;0.00271549;90
-114.07;0.00303051;90
-115.815;0.00269827;90
-115.155;0.00218083;90
-77.7562;0.00185315;90
-83.4871;0.00117257;90
-94.5288;0.00101316;90
79.6145;0.00793805;90
68.331;0.0021693;90
68.014;0.00219029;90
35.5349;0.00238645;90
77.8125;0.00431526;90
82.0918;0.0046371;90
82.2652;0.00467352;90
87.5621;0.0037614;90
84.5809;0.00166243;90
89.1014;0.00337942;90
91.3739;0.0038371;90
91.19;0.00346675;90
19.8699;0.00112391;90
19.5666;0.0022096;90
15.6575;0.00188598;90
-8.19182;0.00223177;90
-24.0367;0.00235195;90
-26.6969;0.00271996;90
-27.2742;0.00213203;90
-31.185;0.000977206;90
-2.6947;0.00163781;90
45.4628;0.00280165;90
-11.2875;0.00350479;90
-65.9085;0.00153358;90
-38.7473;0.00122706;90
-76.0297;0.00758434;90
-67.0048;0.00173811;90
-70.866;0.0030844;90
-71.9466;0.00503383;90
-53.8728;0.00413515;90
-52.7599;0.00417909;90
-63.3657;0.00518187;90
-65.2043;0.00564876;90
-62.2866;0.0052661;90
-56.6956;0.00486261;90
-59.9064;0.00501382;90
-63.4455;0.0048384;90
-59.4577;0.00442959;90
-47.9065;0.00380701;90
-42.8112;0.00416578;90
-48.99;0.00395312;90
-45.574;0.00310577;90
-41.881;0.00280713;90
-48.2436;0.00309926;90
-54.1366;0.0032107;90
-73.7888;0.0044416;90
-82.5787;0.00563621;90
-90.939;0.00536972;90
-84.4714;0.00510676;90
-79.836;0.00512848;90
-59.0092;0.003993;90
-41.9722;0.00311916;90
-42.1366;0.0021091;90
-39.398;0.00233968;90
-56.6505;0.00270671;90
-54.4236;0.00292375;90
-60.0745;0.00350189;90
-56.3817;0.00332155;90
-85.4813;0.00223394;90
-99.4771;0.00255081;90
119.274;0.0011166;90
-76.5667;0.0047479;90
-81.2953;0.00115632;90
-76.2693;0.00154619;90
84.8569;0.00858958;90
-65.359;0.00447555;90
-56.174;0.00374008;90
-41.6335;0.0031549;90
-53.4217;0.00369345;90
-42.723;0.00332815;90
-66.9677;0.0038901;90
-67.9777;0.00380567;90
-64.5787;0.0053323;90
-38.5229;0.00653792;90
-32.1372;0.00147382;90
-30.234;0.00459156;90
-27.4928;0.00110476;90
-46.5997;0.00577507;90
-70.9851;0.00453019;90
-56.2064;0.00153541;90
-39.1192;0.00449967;90
-37.0176;0.0013188;90
-52.284;0.00511976;90
-46.5022;0.00142955;90
-43.4476;0.00409777;90
-52.9056;0.00362443;90
-67.3257;0.00226723;90
-66.5333;0.00766168;90
-85.5296;0.00735137;90
-89.3249;0.00254618;90
-86.3277;0.0093522;90
-82.4316;0.00663581;90
-82.2429;0.00706061;90
-80.0303;0.00295157;90
-82.6458;0.0108513;90
-87.279;0.00722515;90
-79.235;0.00666021;90
-76.6197;0.00720354;90
-72.0226;0.0021384;90
-71.1641;0.00980615;90
-61.3938;0.00215962;90
-66.3194;0.01038;90
-68.2645;0.00242221;90
-74.4513;0.00946437;90
-67.0291;0.00251112;90
-42.8347;0.00651286;90
-2.43665;0.00159945;90
-14.1506;0.00546895;90
-13.1393;0.00350167;90
-31.0317;0.00376131;90
-48.219;0.00487329;90
-79.3241;0.00306607;90
-83.335;0.0113386;90
-83.006;0.00260337;90
-76.0728;0.0116;90
-56.959;0.00195877;90
-49.2313;0.00727403;90
-48.4621;0.00159248;90
-49.8837;0.0077909;90
-58.9761;0.0019616;90
-34.7537;0.00643979;90
-19.4771;0.00128663;90
-22.115;0.00597131;90
-19.7793;0.00132093;90
-24.6218;0.00600059;90
-46.9115;0.00404903;90
-62.9308;0.00640345;90
-55.6122;0.00166256;90
-61.3128;0.00822453;90
-57.248;0.00164324;90
-68.2759;0.00935868;90
-72.482;0.0026478;90
-73.0576;0.00735732;90
-78.0088;0.00552557;90
-78.0162;0.00288487;90
-80.2348;0.0098284;90
-80.2787;0.00232742;90
-81.5119;0.0100268;90
-77.5249;0.00185172;90
-84.0084;0.0108543;90
-86.2658;0.0069708;90
-86.2232;0.00654321;90
-87.8018;0.00797787;90
-90.2876;0.00318804;90
-94.9691;0.0120182;90
-95.874;0.00219854;90
-95.8276;0.00823355;90
-98.3637;0.00225498;90
-76.872;0.0101133;90
-38.7959;0.00138058;90
-41.9588;0.0113821;90
-44.8748;0.00614831;90
-73.0353;0.00128178;90
-82.9748;0.00170883;90
-34.8845;0.00170302;90
-17.1381;0.00178841;90
-16.2001;0.0011434;90
-19.9321;0.00134348;90
7.22414;0.00444529;90
36.4643;0.00324908;90
84.9638;0.00108218;90
49.2425;0.00123304;90
48.9814;0.00119152;90
67.5333;0.00100747;90
64.4107;0.000919157;90
67.6249;0.00124255;90
67.4428;0.000915001;90
65.9338;0.000953919;90
65.1906;0.000817443;90
68.1041;0.00112624;90
66.9783;0.0014038;90
71.0342;0.00146768;90
68.2923;0.000908423;90
59.007;0.0010079;90
47.2546;0.00143795;90
80.093;0.00190643;90
82.7646;0.00418432;90
65.1964;0.00210961;90
67.0369;0.00274774;90
64.2339;0.00279044;90
63.8618;0.00270125;90
62.9484;0.00337077;90
55.0747;0.00316502;90
52.9658;0.00146441;90
55.1409;0.00289558;90
55.0637;0.00387661;90
55.5729;0.00442022;90
72.3057;0.00528398;90
83.8048;0.00558763;90
89.9381;0.006483;90
82.6213;0.00689107;90
81.7078;0.00624731;90
76.6117;0.00574822;90
58.2638;0.00487255;90
57.2468;0.00556355;90
56.7397;0.00502878;90
46.4856;0.00458218;90
32.3117;0.00388569;90
48.3245;0.00487735;90
52.6559;0.00476096;90
62.4046;0.00621727;90
62.4946;0.00564057;90
56.7014;0.00511473;90
49.589;0.00450741;90
38.0236;0.00385398;90
28.4521;0.0036669;90
2.69428;0.00331867;90
-10.363;0.00352449;90
-13.7459;0.00334995;90
-35.81;0.00391387;90
-51.6721;0.0040167;90
-53.0504;0.0040242;90
-35.5572;0.0034135;90
-15.8696;0.00300971;90
-10.1533;0.00260378;90
17.8942;0.0027143;90
25.376;0.00310344;90
26.2349;0.0037258;90
21.7758;0.00332636;90
-18.6167;0.0032891;90
-26.5651;0.00354864;90
-25.8573;0.00362047;90
-31.4829;0.00376644;90
-23.2138;0.00346557;90
13.7476;0.00317701;90
11.8227;0.00313347;90
-3.74013;0.00298937;90
20.9369;0.00265853;90
-11.4108;0.00267385;90
-29.1887;0.00352685;90
-32.235;0.00357148;90
-43.0673;0.00389979;90
-29.7699;0.00368768;90
-18.1886;0.00367776;90
-15.1115;0.00381285;90
-34.7967;0.00442289;90
-35.9026;0.00496411;90
-50.2486;0.00365622;90
-52.0702;0.0034814;90
-44.8554;0.00336301;90
-14.1586;0.00272683;90
-62.1252;0.00305214;90
-13.7002;0.00239823;90
7.85331;0.00301528;90
-2.58565;0.00261566;90
-69.7635;0.00388267;90
-46.0933;0.00307577;90
-58.1436;0.00330243;90
-45.5574;0.00276209;90
5.99074;0.00952401;90
-7.68093;0.0110582;90
-29.0867;0.0483325;90
-80.3147;0.00468985;90
-70.1395;0.00367349;90
-64.3886;0.00349322;90
-65.2144;0.00383089;90
-68.8564;0.00449672;90
-39.1156;0.00280716;90
-23.0171;0.00281838;90
-26.7083;0.00286128;90
40.2835;0.00285507;90
-2.88235;0.00200854;90
-36.1237;0.00201177;90
-3.40416;0.00178515;90
-86.9142;0.00169045;90
-86.9142;0.00354814;90
-107.304;0.00366801;90
-99.0133;0.00652355;90
-91.7374;0.0062999;90
-70.0887;0.00947543;90
-43.1205;0.00122891;90
-20.0097;0.00202526;90
-57.8709;0.00667885;90
-96.9155;0.00284872;90
-87.2752;0.00351297;90
-79.8222;0.00516122;90
-72.1318;0.00537108;90
-82.6506;0.00560505;90
-77.0765;0.00694389;90
-83.4879;0.00820896;90
-79.0826;0.00712801;90
-73.9868;0.00707971;90
-84.242;0.00733601;90
-81.0899;0.00709563;90
-92.2014;0.0206442;90
-73.3701;0.0128202;90
-89.4209;0.00306716;90
-78.6121;0.00374778;90
-76.6837;0.0064083;90
-78.0112;0.00672059;90
-78.4819;0.00707141;90
-75.7199;0.00632442;90
-78.4724;0.00666035;90
-75.0553;0.00584366;90
-48.9986;0.00467475;90
-52.3215;0.00470527;90
-80.6426;0.0140104;90
-86.9438;0.00249455;90
-80.2879;0.0026023;90
-81.589;0.0149447;90
-83.5498;0.0022432;90
-87.4818;0.0032091;90
-83.8102;0.0146444;90
-85.5393;0.00205723;90
-92.1948;0.0092698;90
-93.2373;0.00221353;90
-94.1349;0.00836277;90
-97.663;0.00171734;90
-94.0075;0.00360582;90
-95.9889;0.00372835;90
-98.8557;0.00361813;90
-90.8671;0.00376643;90
-78.2979;0.00349566;90
-85.9703;0.00379939;90
-90.1029;0.00389901;90
-85.5554;0.00363894;90
-94.5719;0.00454145;90
-93.544;0.00420604;90
-94.4066;0.00888928;90
-89.5134;0.00141305;90
-93.0969;0.0121427;90
-93.1718;0.00318087;90
-95.061;0.00587189;90
-97.0267;0.00614717;90
-93.3595;0.00677464;90
-86.1296;0.00582228;90
-86.0292;0.011235;90
-97.2269;0.00279017;90
-91.8939;0.00287457;90
-97.3205;0.0059253;90
-92.888;0.0121865;90
-90.5176;0.00210309;90
-101.811;0.00221796;90
-103.301;0.00432913;90
-103.001;0.00483186;90
-98.0374;0.00480621;90
-112.382;0.00395496;90
-112.022;0.00478188;90
-114.061;0.00765511;90
-116.926;0.00198746;90
-117.36;0.00302882;90
-129.152;0.00392791;90
-144.539;0.00440753;90
-126.242;0.00127708;90
-102.437;0.00373772;90
-109.398;0.00218291;90
-108.216;0.0104444;90
-99.8088;0.00228338;90
-103.886;0.00491258;90
-115.59;0.00530651;90
-114.356;0.0043864;90
-103.411;0.00531185;90
-139.675;0.00290668;90
-131.576;0.00397821;90
-100.978;0.00206376;90
-156.786;0.001507;90
-155.984;0.00283546;90
-140.952;0.00287788;90
-151.073;0.00314659;90
-126.907;0.0040532;90
-124.425;0.00458137;90
-125.424;0.00380421;90
-119.985;0.00422789;90
-115.899;0.00323268;90
59.835;0.00162391;90
-48.086;0.00162871;90
-59.3341;0.00191361;90
-48.828;0.00116508;90
-65.7534;0.00180196;90
29.7964;0.00276101;90
55.0167;0.00162208;90
62.055;0.00206136;90
61.5532;0.00324136;90
70.0848;0.00252181;90
68.1306;0.00172084;90
57.5491;0.00759257;90
75.7902;0.00160099;90
82.3547;0.00269092;90
110.302;0.000922293;90
113.497;0.00111113;90
-147.402;0.0019063;90
-140.212;0.001697;90
-156.614;0.00256469;90
-125.64;0.00502156;90
-124.255;0.00607232;90
-120.046;0.00644506;90
-121.983;0.00546567;90
-141.813;0.00410689;90
-167.465;0.00313779;90
-154.391;0.00238532;90
-144.551;0.00150866;90
-89.4631;0.00373516;90
-81.0058;0.00358204;90
-70.0655;0.00211471;90
-76.7038;0.00170881;90
-66.1981;0.00192033;90
-35.1623;0.001792;90
-71.973;0.00190975;90
-79.0348;0.00244463;90
-29.3276;0.00124336;90
-47.9582;0.0022608;90
-60.3846;0.00444579;90
-51.4;0.00374271;90
-48.6042;0.00272209;90
-49.8764;0.00223761;90
-42.9705;0.00245591;90
-4.451;0.00193283;90
14.0025;0.00329388;90
96.5737;0.00159851;90
80.3492;0.00304814;90
60.4195;0.003069;90
16.494;0.000588205;90
99.1298;0.00475828;90
-137.621;0.00262894;90
-140.545;0.00259804;90
-142.354;0.00211039;90
-114.892;0.00326203;90
-139.545;0.00186485;90
165.956;0.0018132;90
171.057;0.000907026;90
139.117;0.00200913;90
120.9;0.00340185;90
117.577;0.00415168;90
133.258;0.00237273;90
173.22;0.000906338;90
103.065;0.00310539;90
104.966;0.00128561;90
158.436;0.00116451;90
117.465;0.00296181;90
106.258;0.00231456;90
99.6936;0.00403258;90
98.2021;0.00382715;90
61.3152;0.00209171;90
18.0254;0.00314117;90
21.7032;0.00303408;90
36.8229;0.003654;90
55.1022;0.00443443;90
60.8022;0.00528673;90
55.6644;0.00450501;90
59.5309;0.00486714;90
50.8074;0.00416502;90
25.4531;0.0028806;90
39.7728;0.00268545;90
38.8163;0.00177242;90
11.7091;0.00225186;90
-29.7061;0.00201594;90
-38.0251;0.00304542;90
-30.7941;0.00295339;90
17.3575;0.00290949;90
54.6357;0.00403439;90
53.1301;0.004075;90
35.8199;0.00290309;90
-5.77836;0.00286053;90
15.8765;0.0028549;90
29.4896;0.00283993;90
13.6852;0.00292916;90
25.0112;0.00303457;90
1.8515;0.00284749;90
32.1586;0.00328972;90
35.7744;0.00334761;90
32.5819;0.00341315;90
35.935;0.00360388;90
50.6001;0.00405055;90
54.2163;0.00487408;90
48.1625;0.00440916;90
27.9512;0.00375277;90
18.914;0.00378222;90
37.2889;0.00404731;90
45.4323;0.00431065;90
50.2662;0.00429116;90
60.7809;0.00450067;90
107.696;0.00151992;90
134.004;0.00248161;90
106.455;0.00336794;90
123.505;0.00326082;90
128.837;0.00302338;90
152.898;0.00214672;90
152.55;0.00240361;90
150.917;0.00119119;90
164.147;0.00271631;90
142.541;0.00324897;90
139.692;0.0031118;90
141.307;0.00239461;90
135.5;0.00162075;90
70.9125;0.00138833;90
67.983;0.000986978;90
-54.9309;0.00906948;90
-38.4993;0.00228592;90
-12.2224;0.00269713;90
-32.095;0.00244107;90
-25.6547;0.00242063;90
-30.414;0.00219854;90
-60.683;0.00237521;90
-56.2226;0.00345884;90
-70.6028;0.0038601;90
-40.8708;0.0020524;90
-112.447;0.00408556;90
-123.951;0.00396254;90
-133.647;0.00452038;90
-139.392;0.00397926;90
-155.942;0.00329196;90
-159.105;0.00312341;90
-147.362;0.0033393;90
-131.628;0.00334192;90
-126.318;0.00467522;90
-126.102;0.0044482;90
-145.468;0.00349111;90
-147.421;0.00358986;90
-142.811;0.00312685;90
-149.103;0.00337492;90
-178.283;0.00263718;90
-161.186;0.00253019;90
-157.208;0.00290155;90
-157.796;0.00324678;90
-157.64;0.00272595;90
174.827;0.00297211;90
-152.743;0.00296077;90
-125.934;0.00349147;90
-123.642;0.00198916;90
-134.483;0.000626522;90
-124.671;0.00288292;90
-159.961;0.00201073;90
162.198;0.00189052;90
142.296;0.00175939;90
147.355;0.00197617;90
145.024;0.00312791;90
-163.795;0.0028846;90
-139.099;0.00346237;90
-149.918;0.0033098;90
-130.471;0.0038502;90
-120.716;0.00500403;90
-124.239;0.00498365;90
-121.907;0.00922359;90
-134.309;0.0018181;90
-148.815;0.0023986;90
-172.721;0.00198097;90
-157.76;0.00295914;90
-133.497;0.00218359;90
-88.1559;0.00320066;90
-79.933;0.00517162;90
-72.5216;0.00304981;90
-69.3269;0.00148994;90
-46.4688;0.00129655;90
4.72241;0.00069235;90
-74.7577;0.00235069;90
-85.051;0.0023879;90
-83.7261;0.00247985;90
-97.8156;0.00316944;90
-106.253;0.00210096;90
77.9806;0.00467243;90
89.2207;0.00169116;90
95.0064;0.00135216;90
10.8512;0.000881766;90
-18.1787;0.00127251;90
-64.2074;0.000763016;90
-60.5813;0.00379081;90
-64.13;0.00302294;90
-48.2277;0.00253688;90
-50.4951;0.00248843;90
-43.9317;0.00242721;90
-43.2254;0.00264868;90
-1.18962;0.00154133;90
9.08659;0.00122842;90
2.85377;0.00132564;90
33.5926;0.000815133;90
90.561;0.00316615;90
62.0067;0.00285277;90
66.9732;0.00197105;90
18.3789;0.000647002;90
-110.881;0.00760873;90
-109.159;0.00117614;90
-178.509;0.00169057;90
-171.267;0.00130412;90
154.793;0.0026979;90
139.167;0.00276361;90
130.158;0.00304081;90
131.38;0.00283337;90
118.082;0.00339465;90
117.362;0.00350292;90
141.308;0.00193078;90
-176.505;0.000836556;90
102.133;0.00208866;90
103.873;0.00221048;90
153.299;0.00131973;90
114.708;0.00220816;90
111.285;0.00154542;90
102.236;0.00197691;90
99.2453;0.00329885;90
96.7482;0.00305517;90
144.079;0.00201648;90
-173.406;0.0045199;90
132.802;0.00368815;90
144.14;0.00254179;90
151.184;0.00242532;90
150.482;0.00093771;90
157.652;0.00401343;90
-171.736;0.00260909;90
-160.012;0.00101515;90
-151.183;0.00383603;90
-124.425;0.00376423;90
-124.821;0.00354106;90
-127.554;0.00361766;90
-139.915;0.0027317;90
-142.82;0.00328465;90
-163.398;0.000899496;90
-167.675;0.00375249;90
172.105;0.000931833;90
-164.472;0.0038848;90
-136.37;0.00280872;90
-139.035;0.0027029;90
-158.325;0.0012644;90
-155.437;0.00536447;90
-152.894;0.000899834;90
-156.369;0.00514657;90
179.472;0.00119405;90
171.749;0.00315667;90
-171.55;0.000986712;90
-142.207;0.00312821;90
-135.7;0.00162081;90
-128.32;0.00959767;90
-140.039;0.00259237;90
-141.808;0.00925126;90
-159.114;0.00601098;90
-166.519;0.00375342;90
-163.515;0.00342895;90
165.201;0.00253302;90
138.75;0.000929715;90
153.174;0.00274771;90
173.553;0.000890632;90
-153.514;0.00358084;90
98.5092;0.0102589;90
96.9054;0.00323547;90
106.877;0.00484988;90
-89.6527;0.00379407;90
-83.3147;0.00737011;90
-127.326;0.000905429;90
83.0936;0.00282752;90
98.201;0.00422723;90
93.5604;0.00449267;90
5.71059;0.00116579;90
84.6594;0.00397526;90
92.8587;0.00848155;90
97.4036;0.0082649;90
111.031;0.007206;90
112.167;0.00736;90
113.981;0.0125679;90
125.228;0.00137476;90
105.112;0.00696588;90
103.744;0.00681;90
103.99;0.0131129;90
107.827;0.00280257;90
120.332;0.00502367;90
138.323;0.00508629;90
136.322;0.00998984;90
133.269;0.00575989;90
128.672;0.00216847;90
130.628;0.00459188;90
121.336;0.00688187;90
111.166;0.0031988;90
111.891;0.00688763;90
110.716;0.00769771;90
120.979;0.00656668;90
127.324;0.00663841;90
126.885;0.0062212;90
126.454;0.00617656;90
118.777;0.00696517;90
102.171;0.00832411;90
100.678;0.00856531;90
100.447;0.00801284;90
101.12;0.00767407;90
102.162;0.00887622;90
103.329;0.00941255;90
104.165;0.00882226;90
104.055;0.00959835;90
99.6168;0.00164613;90
94.1059;0.00664806;90
92.0064;0.00796889;90
92.3434;0.00868226;90
95.1405;0.00739976;90
94.8462;0.00357478;90
100.535;0.00848809;90
104.841;0.00780435;90
97.8815;0.00818229;90
100.464;0.00796142;90
103.312;0.00809964;90
99.7901;0.00859212;90
98.7393;0.00831251;90
99.0997;0.0083906;90
98.4578;0.0085055;90
98.94;0.00795362;90
97.0101;0.00828392;90
86.0206;0.00714723;90
83.0368;0.014097;90
97.853;0.00616986;90
98.5866;0.00644322;90
89.7671;0.00664105;90
79.5902;0.00717815;90
77.2565;0.00648269;90
75.4651;0.00515602;90
74.1049;0.00516654;90
78.3985;0.00616597;90
83.1357;0.0130858;90
85.4756;0.011219;90
105.189;0.0135835;90
126.243;0.00193672;90
110.657;0.0128779;90
112.838;0.00252494;90
114.136;0.00257513;90
111.4;0.00528112;90
107.273;0.0122924;90
106.104;0.00232525;90
103.587;0.00380138;90
104.101;0.00428925;90
107.859;0.0044641;90
116.453;0.00365687;90
131.368;0.00251174;90
125.093;0.00116716;90
135.734;0.00165618;90
104.492;0.0012508;90
98.6489;0.00170236;90
88.0933;0.00309571;90
92.7103;0.00475832;90
88.9864;0.00152624;90
84.4122;0.00348154;90
88.0498;0.00111665;90
87.5952;0.00290756;90
85.3274;0.00365816;90
81.5684;0.00317128;90
63.9449;0.00281398;90
52.8205;0.00270224;90
58.7128;0.00446538;90
46.9678;0.00117378;90
61.0906;0.00318146;90
76.2962;0.00518356;90
85.0495;0.00516828;90
90.9051;0.00525466;90
83.4317;0.00546386;90
83.7704;0.00995277;90
73.1675;0.00646812;90
22.4477;0.00161324;90
56.2269;0.00306167;90
60.6176;0.00848898;90
50.5134;0.0022079;90
38.5196;0.00204245;90
38.819;0.00994956;90
54.9539;0.00173448;90
56.8279;0.00374299;90
33.3772;0.00548579;90
34.925;0.00175021;90
-24.2539;0.000798479;90
-173.317;0.00520738;90
-116.229;0.0035818;90
-125.723;0.00457472;90
-128.184;0.00468303;90
-142.747;0.00338328;90
-147.725;0.00362746;90
-124.363;0.00911713;90
-123.6;0.00407483;90
-122.905;0.00485963;90
-112.836;0.00240663;90
-99.5048;0.00642521;90
-98.0679;0.00703968;90
-93.8383;0.00660281;90
-94.2678;0.0103066;90
-106.678;0.00257847;90
-122.838;0.00622581;90
-124.515;0.0040256;90
-118.407;0.00393707;90
-99.3562;0.00408434;90
-92.8128;0.00513519;90
-87.3271;0.00107217;90
-90;0.005317;90
-92.4843;0.0065982;90
-90.5828;0.00226112;90
-65.6661;0.00224;90
-43.6849;0.002095;90
-55.9557;0.00152545;90
-66.4523;0.00739151;90
-68.6361;0.00240742;90
-75.8177;0.00951398;90
-72.8389;0.008378;90
-70.7746;0.00430933;90
-67.2933;0.00832093;90
-62.8152;0.00525104;90
-76.3124;0.00701523;90
-61.1451;0.00387283;90
-67.2855;0.0100559;90
-82.8977;0.00249918;90
-94.6681;0.0213679;90
-99.8493;0.0117796;90
-104.229;0.00259151;90
-105.904;0.0116375;90
-99.2035;0.00989741;90
-94.6364;0.00325365;90
-82.8321;0.0130873;90
-85.1903;0.00341101;90
-96.7537;0.0123638;90
-99.4302;0.00292959;90
-86.7876;0.0134732;90
-80.75;0.00301724;90
-82.4935;0.0129288;90
-80.1194;0.00382879;90
-80.323;0.00943525;90
-80.2129;0.0024943;90
-80.9533;0.0116955;90
-74.762;0.007054;90
-79.3713;0.00742234;90
-81.7453;0.00826058;90
-76.3039;0.00747556;90
-78.0522;0.00797987;90
-84.3008;0.00799552;90
-85.3876;0.00748624;90
-89.3108;0.00731553;90
-89.2642;0.00622951;90
-85.0485;0.00570027;90
-76.4372;0.00675024;90
-76.185;0.00816624;90
-76.694;0.00782095;90
-76.501;0.00755265;90
-76.8184;0.00762593;90
-79.4897;0.00775715;90
-79.0436;0.00785009;90
-79.1648;0.00837837;90
-78.7712;0.00789819;90
-65.9587;0.00671337;90
-52.8303;0.00565728;90
-53.2149;0.00567621;90
-52.7235;0.00569294;90
-53.3929;0.00566806;90
-62.3403;0.0052669;90
-68.9074;0.00642444;90
-69.6388;0.00736626;90
-68.2167;0.00587986;90
-52.5879;0.00399478;90
-50.0283;0.00494545;90
-48.6697;0.00492732;90
-43.8198;0.00508093;90
-42.7138;0.0051759;90
-45.3432;0.00566686;90
-49.501;0.00516295;90
-71.9121;0.00668328;90
-76.4485;0.00791228;90
-76.1068;0.00767555;90
-74.7209;0.00648523;90
-64.985;0.0072247;90
-67.1377;0.00707045;90
-68.1881;0.00712402;90
-68.2632;0.00641838;90
-72.5215;0.00439491;90
-79.5215;0.00448683;90
-86.2363;0.00476828;90
-89.5413;0.00474615;90
-89.7372;0.00327003;90
-86.1891;0.00240732;90
-89.5148;0.00318811;90
-83.4901;0.00376628;90
-81.8226;0.00308638;90
-82.1747;0.00356217;90
-80.9889;0.00294333;90
-26.7719;0.00123879;90
17.9313;0.00237433;90
-14.25;0.001885;90
-31.8651;0.00155894;90
-30.1339;0.00127883;90
-2.1249;0.0033443;90
13.0997;0.00400625;90
13.2607;0.00422875;90
28.0647;0.00473359;90
38.4862;0.00520467;90
39.0891;0.00527336;90
49.8323;0.00524629;90
53.9051;0.00536729;90
34.878;0.00424076;90
-5.06942;0.00423256;90
19.6996;0.00429858;90
25.3833;0.00433666;90
24.6517;0.00369694;90
32.4152;0.00314149;90
46.4826;0.00330683;90
17.5278;0.00259656;90
-2.57953;0.00271075;90
16.0211;0.00270298;90
22.6569;0.00273615;90
40.8151;0.00247086;90
42.0315;0.00240315;90
50.1832;0.00391358;90
54.4306;0.00461759;90
49.4478;0.00404836;90
17.7718;0.00306002;90
9.84357;0.00331074;90
-22.9608;0.00332221;90
-30.362;0.00367387;90
-36.8422;0.0037274;90
-34.008;0.00364915;90
15.1573;0.00318583;90
37.7468;0.00184262;90
-86.1888;0.00395675;90
-81.5196;0.00455682;90
-72.3213;0.00234788;90
-76.1564;0.00137082;90
-63.541;0.0021748;90
-22.7636;0.00134908;90
-77.4712;0.00151201;90
-79.7949;0.00292934;90
-8.35674;0.00182336;90
-59.7943;0.00414823;90
-62.9353;0.00430773;90
-44.3257;0.00318432;90
-54.8308;0.00193405;90
-43.8592;0.00163374;90
-42.1223;0.00198594;90
-20.6228;0.00150761;90
5.18466;0.00159352;90
4.29958;0.00150724;90
19.1071;0.000916491;90
90.2244;0.00280902;90
68.0632;0.0025938;90
62.1945;0.00227238;90
84.4952;0.00429481;90
95.066;0.00121173;90
-138.796;0.00118559;90
-136.516;0.000962002;90
-140.342;0.000941714;90
-133.464;0.00129235;90
-146.336;0.00120509;90
-148.647;0.000782223;90
-150.093;0.000744087;90
-128.999;0.00110917;90
-115.376;0.00148641;90
-112.486;0.00158447;90
-122.08;0.00105629;90
-163.359;0.000939341;90
-177.307;0.000489541;90
175.081;0.000489804;90
144.901;0.000699134;90
171.022;0.000583144;90
-179.347;0.00061404;90
128.642;0.00101529;90
141.117;0.00084272;90
-154.152;0.000500024;90
172.44;0.000653682;90
137.944;0.00111517;90
155.772;0.000723747;90
117.539;0.00123717;90
105.484;0.00184289;90
109.289;0.00195261;90
103.471;0.00108176;90
97.1319;0.00103904;90
129.272;0.000935222;90
175.158;0.000485733;90
160.376;0.000640183;90
109.986;0.00147163;90
98.0615;0.0010625;90
94.8729;0.00130672;90
92.9365;0.00177633;90
85.588;0.000987928;90
90.8814;0.000975115;90
68.6294;0.000889134;90
111.226;0.0008314;90
168.909;0.000462641;90
-160.153;0.000860084;90
-172.28;0.000454116;90
-78.5898;0.0125511;90
-76.9846;0.00103458;90
-80.972;0.00123632;90
-78.4879;0.00116749;90
-96.4788;0.00091283;90
-178.098;0.000542299;90
-94.4679;0.00127086;90
-84.3824;0.00128718;90
-85.8542;0.00142473;90
-12.3725;0.00329963;90
-82.1481;0.00142738;90
-73.6282;0.00127364;90
-70.2608;0.00126429;90
44.0148;0.00834863;90
5.12207;0.000716863;90
51.6886;0.00100172;90
63.12;0.00113907;90
64.8491;0.00103293;90
65.4973;0.00113084;90
64.1403;0.000944587;90
15.1464;0.000600874;90
16.245;0.00060412;90
53.8504;0.000827265;90
50.3156;0.000908296;90
35.3668;0.000701441;90
31.5232;0.000667504;90
39.0744;0.000712327;90
36.9521;0.000697001;90
47.3182;0.000821623;90
53.9085;0.000853879;90
-73.167;0.00176461;90
-100.731;0.00151449;90
-92.182;0.00149709;90
-105.649;0.00820411;90
-156.148;0.00110541;90
-167.533;0.00109789;90
-179.393;0.00273915;90
155.357;0.000666723;90
138.806;0.00126781;90
129.792;0.00387965;90
125.971;0.000675883;90
147.549;0.000872193;90
126.217;0.00415847;90
125.858;0.000872336;90
118.237;0.00170148;90
115.625;0.00264518;90
150.419;0.00312767;90
95.364;0.00195757;90
93.108;0.0017706;90
139.619;0.00231835;90
144.126;0.000771316;90
104.402;0.00182536;90
83.6598;0.000959871;90
109.917;0.00199322;90
98.0011;0.00515114;90
99.0992;0.00101173;90
120.079;0.001255;90
-170.863;0.00168134;90
-178.38;0.00456382;90
123.497;0.00164525;90
128.409;0.00160798;90
149.673;0.00623642;90
169.932;0.001104;90
167.05;0.00239183;90
-172.598;0.00472739;90
-166.023;0.000703839;90
-141.555;0.00125127;90
-126.015;0.0026803;90
-129.04;0.00322131;90
-125.03;0.00275262;90
-132.215;0.0057046;90
-137.862;0.00107614;90
-148.286;0.00164927;90
-156.884;0.00246055;90
-176.898;0.00430531;90
-168.015;0.000982414;90
-159.655;0.00371901;90
-127.965;0.00311777;90
-148.905;0.00278051;90
-157.396;0.000822154;90
-152.639;0.00515016;90
-159.945;0.00136475;90
-170.984;0.00675141;90
-159.321;0.0047575;90
-126.004;0.0017726;90
-126.321;0.00694912;90
-130.136;0.00170958;90
-141.205;0.00662694;90
-141.587;0.0035939;90
-138.443;0.00148336;90
-151.29;0.00327456;90
-164.599;0.00333994;90
-165.394;0.00334303;90
-166.277;0.00297183;90
-170.501;0.00229041;90
154.023;0.00161184;90
152.638;0.00167095;90
173.414;0.00367928;90
-177.355;0.000801854;90
-147.679;0.00111471;90
107.425;0.00245779;90
95.615;0.0021463;90
97.1626;0.00416248;90
98.6051;0.00453808;90
94.2701;0.00276668;90
112.413;0.00134024;90
155.354;0.000961601;90
-84.0624;0.00243607;90
73.6995;0.00330276;90
90.3648;0.0119382;90
96.3061;0.00315912;90
99.802;0.00257864;90
106.256;0.0057228;90
110.017;0.0140199;90
117.579;0.00308223;90
115.206;0.0110081;90
103.763;0.00264391;90
105.657;0.00370549;90
101.156;0.0064091;90
104.606;0.00632128;90
105.333;0.00616029;90
115.823;0.00528025;90
139.573;0.00435479;90
131.754;0.00432028;90
139.374;0.00401462;90
137.515;0.00407616;90
133.158;0.00435661;90
131.078;0.00401162;90
127.138;0.00367044;90
122.539;0.00699979;90
106.714;0.00229495;90
111.205;0.00492658;90
111.727;0.00574839;90
110.689;0.00551675;90
121.607;0.00492095;90
128.442;0.00547346;90
127.65;0.00668762;90
122.75;0.00187625;90
125.767;0.00443802;90
124.469;0.00481302;90
109.966;0.00558468;90
101.14;0.006475;90
101.333;0.00625395;90
101.019;0.0067861;90
100.487;0.00630735;90
100.701;0.00647357;90
103.122;0.00626355;90
105.243;0.00618457;90
102.049;0.00626604;90
102.616;0.0063411;90
103.995;0.00504474;90
103.545;0.00342424;90
103.76;0.00362401;90
92.9397;0.0101003;90
88.8966;0.00197337;90
87.4349;0.00187688;90
91.8933;0.0106238;90
100.964;0.00230813;90
96.0587;0.00386559;90
95.0708;0.00621131;90
103.843;0.00604354;90
105.641;0.00580082;90
98.7863;0.00564322;90
96.8782;0.00564463;90
101.335;0.00572365;90
102.753;0.00521874;90
102.942;0.0056526;90
99.0665;0.0098045;90
99.5007;0.00319279;90
98.4724;0.00499552;90
99.444;0.00618584;90
98.6634;0.00600148;90
100.267;0.00607629;90
95.1367;0.00584146;90
90.8665;0.13014;90
110.874;0.0132325;90
110.631;0.00198104;90
103.486;0.00530013;90
103.728;0.00577292;90
108.587;0.00488163;90
111.992;0.00106014;90
114.032;0.00100184;90
108.037;0.00136614;90
116.083;0.00122362;90
114.567;0.0014239;90
138.471;0.00267424;90
114.47;0.00163924;90
138.294;0.00145197;90
110.112;0.00132904;90
124.528;0.00164958;90
125.364;0.000882905;90
140.182;0.000571557;90
139.959;0.00118602;90
152.59;0.000971006;90
148.214;0.00191172;90
-173.742;0.00145869;90
-145.04;0.00173997;90
-111.102;0.00433575;90
-114.5;0.00493866;90
-115.177;0.00433924;90
-138.191;0.00279458;90
-145.131;0.00397582;90
170.205;0.00266282;90
175.311;0.00336426;90
163.133;0.00203347;90
106.12;0.00296769;90
127.53;0.00418268;90
139.963;0.00354742;90
137.665;0.00486592;90
135.047;0.00429709;90
135.33;0.00442515;90
102.516;0.00492812;90
90.0458;0.004999;90
83.4434;0.00561372;90
83.2974;0.00741971;90
83.9572;0.00710548;90
89.4379;0.00733935;90
93.9251;0.00796168;90
92.2698;0.00694345;90
93.9648;0.00733255;90
95.9435;0.00700164;90
99.2616;0.0117309;90
99.7461;0.00182534;90
99.0002;0.00507549;90
99.856;0.0065314;90
102.158;0.00660925;90
104.895;0.00587439;90
106.077;0.00551051;90
106.279;0.00582556;90
116.363;0.0046998;90
118.659;0.00520233;90
121.425;0.00515747;90
120.706;0.00481161;90
125.037;0.00754046;90
155.419;0.00343532;90
159.518;0.00351522;90
160.423;0.00115794;90
157.831;0.00561833;90
160.307;0.00116621;90
144.012;0.00583709;90
121.229;0.00185358;90
130.442;0.00676294;90
135.265;0.00122472;90
127.008;0.00703402;90
130.906;0.00138664;90
112.668;0.00765208;90
104.356;0.00221414;90
98.4238;0.0106489;90
94.2954;0.00616833;90
113.229;0.00601672;90
132.528;0.00140987;90
146.86;0.00517115;90
154.242;0.00114364;90
170.993;0.0050523;90
163.534;0.00152765;90
158.624;0.00527594;90
134.489;0.0040441;90
105.411;0.00276958;90
105.493;0.0109686;90
110.418;0.00160803;90
113.114;0.0100291;90
122.017;0.00156742;90
115.983;0.00220264;90
106.041;0.0164693;90
103.692;0.00242079;90
96.7842;0.0110725;90
92.9803;0.00250038;90
95.4851;0.00303389;90
97.2908;0.00651669;90
100.296;0.00578516;90
97.6961;0.00552577;90
96.9654;0.00547541;90
92.6499;0.00577518;90
94.5054;0.00597045;90
102.945;0.0132313;90
118.479;0.00258365;90
120.534;0.00370242;90
131.937;0.00547942;90
168.723;0.00068523;90
122.309;0.00181856;90
127.984;0.00323021;90
144.776;0.00231115;90
144.065;0.00236512;90
124.229;0.00368892;90
113.121;0.00455594;90
127.179;0.00352305;90
150.857;0.00320126;90
144.757;0.00751063;90
167.237;0.00135344;90
141.329;0.00155877;90
122.598;0.00423396;90
115.55;0.00479488;90
109.537;0.00539458;90
126.223;0.00340142;90
144.567;0.00292712;90
128.812;0.00352282;90
130.722;0.00325114;90
117.726;0.00357442;90
118.076;0.00385006;90
-103.392;0.00284949;90
-120.313;0.00101242;90
-86.2769;0.00716111;90
-97.816;0.00157362;90
-91.4822;0.00131444;90
-85.0009;0.00135415;90
-64.2993;0.00249037;90
-87.0057;0.00130178;90
-94.6262;0.00183498;90
-118.034;0.00104682;90
-100.691;0.00137995;90
177.159;0.000928141;90
81.9344;0.00100494;90
119.632;0.00150479;90
68.3265;0.00515547;90
106.952;0.00257907;90
80.4107;0.00252123;90
101.697;0.0010161;90
101.375;0.00172386;90
110.436;0.00111412;90
107.677;0.00102751;90
97.1596;0.00288046;90
104.664;0.00708271;90
114.399;0.00084002;90
108.384;0.0031803;90
111.992;0.0023446;90
135.442;0.00871535;90
135.324;0.00200114;90
104.014;0.0100347;90
95.0921;0.00283921;90
90.2099;0.00409503;90
95.7671;0.00736427;90
102.677;0.00335376;90
125.688;0.00591226;90
136.155;0.00820835;90
129.167;0.00197599;90
135.411;0.0049329;90
132.649;0.00475718;90
120.111;0.00527828;90
116.442;0.00602085;90
119.575;0.0117878;90
118.583;0.00286976;90
113.911;0.00441381;90
120.311;0.00600953;90
128.558;0.0052943;90
112.308;0.00624109;90
109.086;0.00556281;90
103.719;0.0051314;90
125.059;0.00105673;90
60.6948;0.00219833;90
63.7511;0.004296;90
88.4268;0.00611931;90
103.004;0.00527528;90
107.169;0.00558278;90
104.358;0.00596841;90
118.965;0.00882142;90
142.2;0.000739097;90
-0.965381;0.00172124;90
-2.46282;0.00046543;90
76.7811;0.00166615;90
86.2723;0.00564494;90
95.9308;0.00103554;90
85.5198;0.00151062;90
84.7126;0.0023982;90
79.0641;0.00450684;90
84.3497;0.00151335;90
68.225;0.00201368;90
72.2119;0.00196074;90
60.1978;0.00173438;90
-110.226;0.00698256;90
-99.7638;0.00178079;90
-85.072;0.00107096;90
96.1191;0.00228904;90
70.2407;0.00244921;90
70.9459;0.00242909;90
66.2801;0.00163076;90
70.358;0.00130599;90
131.779;0.00674514;90
-142.571;0.00100365;90
-144.137;0.00204832;90
167.195;0.00238225;90
-98.8354;0.00742207;90
-104.266;0.00114842;90
-120.385;0.00134239;90
-98.3155;0.00244773;90
-95.882;0.00562059;90
-106.593;0.00283297;90
-99.5228;0.00186774;90
-36.9351;0.00843221;90
-33.8729;0.000956308;90
-64.0352;0.0132338;90
-68.0857;0.00216763;90
-82.6097;0.0149189;90
-92.8296;0.00200545;90
-113.728;0.00344195;90
-141.106;0.00236668;90
-63.4045;0.000842103;90
37.3332;0.000816227;90
163.035;0.000702573;90
107.908;0.00622774;90
-102.857;0.000871858;90
-67.2474;0.00215901;90
-58.1805;0.00336466;90
-72.5217;0.00115534;90
-79.4992;0.00334706;90
-70.366;0.00388381;90
-70.6914;0.00452132;90
-67.2833;0.00651001;90
-51.7949;0.00611986;90
-62.9398;0.00688243;90
-67.1497;0.00719244;90
-55.1557;0.00597533;90
-60.325;0.00650401;90
-62.4388;0.00658532;90
-51.4025;0.00531382;90
-41.7352;0.00449459;90
-52.0207;0.00443143;90
-43.1227;0.00431708;90
-39.2425;0.00377804;90
-61.3383;0.00446171;90
-73.2081;0.00515062;90
-84.7267;0.00572322;90
-89.1649;0.00603764;90
-81.8553;0.00611266;90
-68.8615;0.00545721;90
-42.3076;0.00386861;90
-41.7326;0.00264251;90
-46.5066;0.00252807;90
-56.188;0.00208457;90
-53.0796;0.0024954;90
-61.2951;0.00435979;90
-58.3552;0.00362145;90
-94.3521;0.00292544;90
-146.724;0.000998764;90
-75.2871;0.00379959;90
-82.4379;0.00151215;90
-126.045;0.00165357;90
-146.638;0.00111469;90
111.09;0.0013451;90
130.95;0.000891058;90
-124.922;0.00120009;90
-118.719;0.00147551;90
-129.226;0.00170784;90
-103.556;0.00182175;90
-120.838;0.00117631;90
-167.114;0.000556004;90
98.4675;0.00165706;90
116.451;0.00112027;90
166.687;0.000768657;90
159.898;0.000739021;90
137.692;0.000557108;90
134.704;0.000683781;90
121.701;0.0009591;90
112.71;0.00156969;90
112.453;0.00197685;90
116.857;0.00113996;90
108.997;0.00112741;90
111.644;0.00114686;90
111.801;0.000996255;90
113.811;0.0013029;90
110.488;0.00128851;90
119.978;0.00103669;90
109.934;0.0012084;90
111.783;0.00114258;90
112.829;0.00113924;90
111.912;0.00135056;90
120.627;0.000846017;90
121.549;0.000839015;90
121.946;0.00103;90
115.564;0.00122824;90
-174.353;0.000721502;90
-140.385;0.000693195;90
-174.205;0.000475429;90
-169.417;0.000958301;90
167.8;0.0007571;90
-154.638;0.00085213;90
-179.485;0.000668027;90
154.012;0.000488382;90
140.182;0.000610608;90
123.069;0.000844858;90
120.773;0.00103003;90
128.492;0.0010106;90
123.668;0.00073054;90
123.891;0.0011083;90
127.642;0.0010987;90
116.958;0.00130366;90
111.93;0.00107369;90
119.476;0.000977529;90
137.802;0.000607424;90
134.11;0.00059192;90
158.174;0.000849928;90
157.692;0.000903629;90
163.598;0.000517042;90
139.611;0.000615761;90
124.856;0.00381796;90
129.053;0.00102374;90
128.21;0.00121413;90
126.571;0.000882812;90
123.895;0.000774644;90
131.748;0.000623258;90
137.294;0.000971636;90
130.741;0.000847333;90
139.246;0.000649492;90
125.427;0.000841867;90
131.145;0.000788795;90
147.614;0.0007188;90
132.236;0.000923849;90
123.003;0.000925306;90
124.894;0.000673;90
128.39;0.000663433;90
135.684;0.000651292;90
134.693;0.00105643;90
119.553;0.00118404;90
107.173;0.00192376;90
107.086;0.00123553;90
-144.827;0.00103986;90
-165.674;0.000767878;90
157.293;0.000505154;90
138.177;0.000829297;90
123.62;0.000680895;90
122.13;0.000682534;90
118.503;0.00111062;90
115.762;0.00140349;90
110.425;0.0015302;90
113.46;0.000833936;90
120.198;0.000910567;90
120.94;0.00123119;90
145.028;0.000694381;90
116.157;0.0011932;90
96.0519;0.00111924;90
91.359;0.00193955;90
100.019;0.00147144;90
103.421;0.00169324;90
107.334;0.00154727;90
103.775;0.00133129;90
94.1805;0.000946518;90
96.4284;0.00258123;90
85.4228;0.0013784;90
99.7086;0.00187384;90
-84.7845;0.00196915;90
-88.417;0.00137552;90
-78.3647;0.000966868;90
-82.579;0.00333695;90
-73.7293;0.00087088;90
-73.1771;0.00168616;90
-75.7109;0.0008792;90
-81.5592;0.00151238;90
-88.2412;0.00097746;90
-88.3982;0.0017887;90
-74.1261;0.000990783;90
-43.0419;0.000662239;90
-51.0924;0.000686234;90
-58.4682;0.000743826;90
-57.2111;0.000705389;90
-63.6623;0.00090159;90
-70.5995;0.00112593;90
-67.5931;0.00151109;90
-62.2273;0.00150655;90
-60.2044;0.00168241;90
-46.1626;0.00125467;90
7.01273;0.000696208;90
35.2027;0.00129235;90
-51.1448;0.000687012;90
-75.8481;0.00156242;90
-67.8744;0.000820415;90
-60.9162;0.00133309;90
-46.4103;0.00135028;90
-50.6224;0.00137131;90
-57.679;0.00146261;90
-43.4292;0.0011608;90
-43.0278;0.00100681;90
-52.2253;0.00115254;90
-44.7726;0.00106915;90
-48.7306;0.00116283;90
-46.5774;0.000899073;90
-53.835;0.00104048;90
-54.7258;0.00131431;90
-44.4414;0.00101545;90
-49.4504;0.00120288;90
-59.2826;0.00139584;90
-58.5454;0.00130121;90
-30.9559;0.00125005;90
-21.458;0.00111531;90
-32.3251;0.0010828;90
-47.7201;0.00123671;90
-65.8609;0.00111993;90
-65.6791;0.0009251;90
-61.4582;0.000998328;90
-53.1185;0.0009914;90
-55.1556;0.000922376;90
-57.1291;0.000989409;90
-58.6843;0.00114477;90
-52.6517;0.00112584;90
-47.2233;0.00120299;90
-17.7473;0.000816875;90
44.2559;0.000707874;90
-5.4026;0.000647878;90
-6.30314;0.00068313;90
-7.77721;0.000642914;90
23.8151;0.000671146;90
49.8929;0.00111919;90
-26.7005;0.000567516;90
-63.2826;0.000840765;90
-56.358;0.000990972;90
-57.1237;0.000781097;90
-62.1625;0.000946537;90
-64.9856;0.00137166;90
-68.2512;0.00121445;90
-68.1762;0.00142837;90
-68.1283;0.00151398;90
-67.0615;0.00127264;90
-67.0113;0.00107541;90
-67.8197;0.00140389;90
-68.0968;0.00094092;90
-68.2878;0.00107313;90
-64.1816;0.00130419;90
-67.9484;0.00114798;90
-67.6092;0.00146224;90
-68.2564;0.00128761;90
-61.109;0.000782374;90
-49.9906;0.00100791;90
-46.4449;0.000869311;90
-22.0821;0.000909732;90
-7.69404;0.000761859;90
-71.6184;0.00101794;90
-82.6826;0.00125623;90
-16.4431;0.000664163;90
62.2931;0.00118938;90
74.4275;0.00139314;90
65.1431;0.00112524;90
41.4323;0.000874973;90
59.9023;0.000805621;90
68.7908;0.00114989;90
82.3542;0.0014055;90
79.5707;0.00181193;90
80.4062;0.00114603;90
-62.7381;0.00654501;90
96.9519;0.0066509;90
-62.761;0.00311774;90
-62.3753;0.00113656;90
-74.3067;0.00436989;90
-68.4154;0.000932383;90
-73.5945;0.0014198;90
-101.315;0.00221709;90
-58.5615;0.00244257;90
135.892;0.000726994;90
86.6065;0.0019935;90
108.39;0.000811441;90
98.7778;0.00110089;90
107.697;0.0033621;90
106.949;0.00232917;90
106.562;0.00192591;90
108.609;0.00197422;90
124.287;0.00162425;90
132.535;0.00113454;90
-67.5112;0.0101228;90
-70.4153;0.00156027;90
-87.4727;0.00145141;90
-34.3345;0.000813797;90
-38.1923;0.00137797;90
-90.7292;0.00180715;90
-52.0797;0.00144004;90
10.983;0.00175311;90
25.2154;0.00191774;90
44.0412;0.00202827;90
45.8102;0.00140021;90
-63.2367;0.00504102;90
-68.9119;0.00560862;90
-57.3624;0.00504335;90
-32.6662;0.0042372;90
-32.6448;0.00422669;90
-30.9222;0.00377914;90
-44.0756;0.00412014;90
-66.637;0.00544438;90
-52.2232;0.0039929;90
-71.5651;0.00218197;90
-84.2874;0.00567619;90
-76.782;0.00568974;90
-77.6342;0.00621519;90
-80.9166;0.00693598;90
-93.14;0.00662695;90
-96.9721;0.00687887;90
-86.2341;0.00672953;90
-92.1041;0.00675455;90
-96.745;0.00675173;90
-97.9495;0.00659437;90
-98.1889;0.00661343;90
-93.0617;0.00720829;90
-93.6379;0.00661934;90
-102.74;0.00603559;90
-98.1356;0.00590745;90
-94.8513;0.00559304;90
-100.912;0.00602189;90
-101.871;0.00556604;90
-111.726;0.005068;90
-114.925;0.00467217;90
-118.623;0.0043712;90
-108.535;0.00872347;90
-99.0732;0.00225117;90
-92.1571;0.00294909;90
-77.5763;0.00496424;90
-72.6144;0.00778778;90
-88.3048;0.00192684;90
-95.2184;0.00973033;90
-75.1641;0.00293691;90
-58.2575;0.0140448;90
-21.367;0.00129823;90
-60.58;0.00430978;90
-91.0918;0.00598309;90
-75.259;0.0057575;90
-73.0543;0.00641242;90
-58.4801;0.00394037;90
-26.6905;0.00265601;90
-40.533;0.00318671;90
-59.5806;0.00415148;90
-44.1948;0.00397504;90
-66.6879;0.00497298;90
-61.3371;0.00453242;90
-80.6646;0.00623255;90
-86.5571;0.00717695;90
-92.1718;0.00744135;90
-100.126;0.00674607;90
-92.9821;0.00588196;90
-85.7506;0.00665329;90
-96.3534;0.00624435;90
-105.74;0.00586492;90
-107.08;0.00545456;90
-100.685;0.00631551;90
-107.59;0.0125708;90
-120.634;0.00178979;90
-114.787;0.00360404;90
-117.838;0.00481186;90
-92.7779;0.0061282;90
-103.363;0.00552971;90
-126.739;0.00368621;90
-113.398;0.00472667;90
-141.371;0.00351126;90
-124.898;0.00357972;90
-94.8626;0.00620533;90
-100.986;0.00648586;90
-101.539;0.00558896;90
-98.5057;0.00644994;90
-90.3518;0.00374607;90
-74.3358;0.00271483;90
-67.8584;0.00278325;90
-79.6154;0.0033397;90
-81.3877;0.00354598;90
-93.5963;0.00358706;90
-95.0945;0.00425682;90
-100.39;0.0037871;90
-111.401;0.00284195;90
-135.952;0.00204382;90
-125.705;0.00198761;90
-98.022;0.00209955;90
-87.9753;0.00365128;90
-78.9228;0.00347678;90
-65.01;0.00296123;90
-63.32;0.0028975;90
-67.1033;0.00229264;90
-61.0348;0.00255225;90
-33.7739;0.00189597;90
-23.9235;0.00194073;90
-49.1473;0.00215099;90
-69.2091;0.00356943;90
-44.2265;0.00361435;90
-36.3622;0.00076743;90
-42.856;0.00170108;90
-60.2794;0.00263227;90
-77.0311;0.00300772;90
-87.3077;0.00553511;90
-99.7014;0.00468804;90
-101.995;0.00480695;90
-89.0117;0.00371055;90
-45.2548;0.00238509;90
-37.089;0.00172621;90
-61.3204;0.00145443;90
-92.8467;0.0029196;90
-79.2725;0.00127325;90
-48.0233;0.00122004;90
-52.603;0.00160867;90
-54.8923;0.00170401;90
-60.2836;0.00199311;90
-62.9994;0.00223569;90
-71.1604;0.00322371;90
-71.8505;0.00311077;90
-36.8699;0.002685;90
-38.8074;0.00218285;90
-30.7093;0.00224014;90
-33.2335;0.00187938;90
-42.0672;0.00218358;90
-42.5104;0.00236043;90
-31.0751;0.00203038;90
-16.5863;0.00116654;90
116.955;0.00111851;90
-23.8628;0.000758871;90
1.81705;0.000725365;90
-12.3876;0.000792449;90
158.016;0.00699351;90
143.578;0.00130364;90
142.746;0.00310567;90
147.793;0.00246536;90
149.608;0.00247279;90
120.312;0.00304533;90
109.065;0.00261758;90
109.789;0.00277061;90
116.388;0.00217123;90
119.362;0.0020068;90
124.971;0.00136435;90
133.604;0.00165441;90
134.428;0.00120426;90
91.4779;0.00178359;90
85.4934;0.00305444;90
138.057;0.00115352;90
151.97;0.00110229;90
148.829;0.00147027;90
109.317;0.00242449;90
87.2406;0.00452825;90
72.814;0.00374313;90
83.846;0.00448686;90
96.8059;0.00376352;90
89.1809;0.00370738;90
128.092;0.00226932;90
123.889;0.00247675;90
150.237;0.00196409;90
127.61;0.00255621;90
128.945;0.00109932;90
105.209;0.00263012;90
131.391;0.00207807;90
151.541;0.00226011;90
153.97;0.00191416;90
112.936;0.00375921;90
120.417;0.00267636;90
113.248;0.00289833;90
111.231;0.00298242;90
93.5735;0.00372224;90
89.9266;0.003121;90
66.2206;0.00203365;90
40.9047;0.00208918;90
65.7804;0.00255707;90
67.1292;0.00291518;90
88.0279;0.0035451;90
83.6895;0.00277481;90
83.9187;0.0027374;90
93.9085;0.00274338;90
100.628;0.00252125;90
103.988;0.00203536;90
105.733;0.00240822;90
109.217;0.00275555;90
97.3744;0.00208021;90
86.828;0.00448187;90
78.3681;0.00383884;90
75.5343;0.00271817;90
83.6072;0.00396968;90
79.2919;0.004537;90
83.4181;0.00439698;90
81.0393;0.00450701;90
45.5186;0.00242194;90
29.5356;0.00264928;90
66.9294;0.0041162;90
58.7008;0.00295857;90
55.9397;0.00313357;90
78.4067;0.0049163;90
89.5471;0.00531317;90
65.5571;0.0046739;90
63.1282;0.0047611;90
63.9432;0.00443698;90
74.4393;0.00536048;90
74.4093;0.00488161;90
77.9847;0.00438098;90
78.797;0.00451911;90
69.0932;0.00453133;90
76.7342;0.00506824;90
86.7727;0.00555982;90
94.0593;0.00495844;90
92.17;0.00472739;90
79.3004;0.00493378;90
81.1223;0.00546244;90
89.2845;0.00576545;90
93.9729;0.00539797;90
92.4874;0.00587554;90
111.637;0.00401382;90
116.385;0.00399185;90
122.475;0.00353118;90
126.256;0.00658618;90
116.122;0.00104025;90
129.212;0.00259417;90
159.565;0.00276393;90
140.168;0.00166422;90
114.071;0.00531301;90
107.837;0.00505707;90
104.398;0.00495462;90
91.3151;0.00466223;90
98.5042;0.00459148;90
150.115;0.00259506;90
131.691;0.00297693;90
122.679;0.00356894;90
124.247;0.00393773;90
115.29;0.00408005;90
98.1665;0.00400562;90
81.5042;0.0042102;90
83.475;0.00373117;90
93.9641;0.003761;90
103.424;0.00349756;90
123.353;0.00263737;90
105.853;0.00416231;90
86.2092;0.00409897;90
78.1434;0.00423434;90
74.8401;0.00374741;90
67.0679;0.00409352;90
63.2551;0.00370429;90
63.386;0.00418995;90
66.6247;0.00417136;90
72.7239;0.00425287;90
82.7837;0.00498347;90
81.7323;0.00477058;90
85.8751;0.00519947;90
82.4099;0.00496651;90
75.0308;0.00507937;90
80.957;0.00512166;90
88.1218;0.00512575;90
86.7786;0.00535646;90
81.9518;0.00613543;90
82.3034;0.0053835;90
84.4394;0.00562447;90
84.7047;0.00529861;90
89.6944;0.00562508;90
93.3155;0.00508351;90
84.3326;0.00568077;90
83.8582;0.00542112;90
94.5254;0.00541187;90
103.092;0.00464883;90
101.042;0.00481921;90
103.265;0.00497267;90
97.8838;0.00519813;90
92.5597;0.00273173;90
133.944;0.00153468;90
124.432;0.00428348;90
114.6;0.00508557;90
142.381;0.00473941;90
148.982;0.00413535;90
148.442;0.00403352;90
135.094;0.0047553;90
116.872;0.00567254;90
111.338;0.00571366;90
126.604;0.00400484;90
139.535;0.003148;90
129.14;0.00370551;90
132.39;0.00352434;90
114.244;0.00527743;90
178.284;0.00163673;90
-89.5399;0.00186806;90
120.016;0.00115143;90
-35.1328;0.00486904;90
-56.1599;0.00296655;90
-46.1933;0.0035653;90
-50.9313;0.00420149;90
-55.6633;0.00786449;90
-72.2912;0.00249524;90
-58.4467;0.00845035;90
-39.249;0.00159477;90
-31.3274;0.00335046;90
-30.0412;0.00323797;90
-31.9373;0.00374487;90
-49.8509;0.00416422;90
-67.7118;0.00504924;90
-50.3605;0.00353473;90
-31.5028;0.00315383;90
-52.4278;0.00678791;90
-32.9215;0.000868461;90
-44.8316;0.00288784;90
42.022;0.00171493;90
1.38273;0.00232068;90
71.8621;0.00603908;90
106.402;0.00180965;90
116.359;0.00149326;90
98.511;0.00157434;90
86.3327;0.00989627;90
75.7189;0.00136209;90
65.6499;0.00207125;90
64.8122;0.00342351;90
102.018;0.00203153;90
121.637;0.00202845;90
134.011;0.00135148;90
103.203;0.000866914;90
108.659;0.00145339;90
105.716;0.00220026;90
97.9285;0.00273313;90
95.1622;0.0030564;90
115.819;0.00339822;90
135.424;0.00171832;90
115.033;0.00125488;90
-145.909;0.000396066;90
-55.0326;0.00114463;90
-47.7279;0.00242176;90
-51.953;0.00122666;90
-80.1885;0.00194241;90
-80.4457;0.00204841;90
-80.6062;0.0021995;90
-82.459;0.00211832;90
-72.8377;0.00212146;90
-68.6412;0.0013701;90
-48.1179;0.00137807;90
-61.4789;0.00163776;90
-71.16;0.00210265;90
-100.409;0.00152205;90
-124.379;0.00290434;90
-104.552;0.00366147;90
-96.519;0.00399886;90
-93.3558;0.00377547;90
-77.2181;0.00306905;90
-68.3237;0.00289147;90
-83.1737;0.00330644;90
-115.206;0.00322398;90
176.312;0.00236289;90
-140.682;0.00194277;90
-148.979;0.000863496;90
123.555;0.00282232;90
144.673;0.00113621;90
129.183;0.00102564;90
124.559;0.00351166;90
136.485;0.00302956;90
151.778;0.0027533;90
122.53;0.00395915;90
115.416;0.0052424;90
133.414;0.00373071;90
149.988;0.00325086;90
148.475;0.00351709;90
146.593;0.00359256;90
136.91;0.00367122;90
117.943;0.00457542;90
112.534;0.00505708;90
114.784;0.00405774;90
139.61;0.00285038;90
129.425;0.00329728;90
130.086;0.00331863;90
130.768;0.00306589;90
116.187;0.00399505;90
120.099;0.00330807;90
-104.632;0.00200709;90
-88.9763;0.00145523;90
-82.4411;0.00827087;90
-80.284;0.00363819;90
-80.5022;0.00372101;90
-81.5217;0.00437481;90
-94.2364;0.00243666;90
-79.2834;0.00174239;90
93.8612;0.000727652;90
95.9556;0.00988837;90
107.369;0.000934615;90
99.0217;0.00230856;90
99.8698;0.00245026;90
99.7622;0.00307858;90
98.6163;0.00275004;90
99.6747;0.00186249;90
119.572;0.000988809;90
118.075;0.00307253;90
107.724;0.00165558;90
108.311;0.00189389;90
114.657;0.00237781;90
126.22;0.000722647;90
89.072;0.000926121;90
95.6708;0.0010019;90
112.824;0.000904852;90
115.001;0.00134393;90
119.377;0.0012761;90
136.173;0.000967525;90
143.146;0.0007386;90
143.178;0.0007108;90
134.416;0.000833015;90
134.218;0.00088043;90
137.664;0.000867143;90
134.348;0.000994257;90
137.786;0.00116386;90
133.999;0.00109265;90
124.928;0.00124532;90
120.577;0.00116965;90
115.062;0.00144947;90
107.33;0.00129583;90
99.1262;0.00151315;90
94.492;0.00150663;90
98.1473;0.00188402;90
97.9804;0.00167825;90
97.3085;0.0015879;90
89.4591;0.00158907;90
91.3663;0.0017615;90
89.4147;0.0018601;90
89.3811;0.0017591;90
92.34;0.00176347;90
100.759;0.00151056;90
104.686;0.00121882;90
106.161;0.0012754;90
108.895;0.00125989;90
111.343;0.00141504;90
114.804;0.00123713;90
122.891;0.00115278;90
127.413;0.00109785;90
124.57;0.00119136;90
132.6;0.00109769;90
133.947;0.00103892;90
137.574;0.00103908;90
125.125;0.00130701;90
103.319;0.00125886;90
97.9372;0.0016801;90
96.2429;0.00175642;90
97.6662;0.00174661;90
97.8578;0.00172621;90
100.937;0.00162858;90
98.4652;0.00142654;90
101.668;0.00188393;90
101.008;0.00156071;90
108.217;0.00124437;90
102.947;0.00117384;90
64.326;0.00106405;90
68.2256;0.00157433;90
72.9172;0.00168849;90
73.9173;0.00143309;90
70.8695;0.00140668;90
78.6585;0.00106785;90
68.6809;0.00108097;90
57.9553;0.000927286;90
41.757;0.000924963;90
56.1521;0.00130882;90
67.4438;0.00152246;90
77.7955;0.00149478;90
48.2155;0.00113457;90
63.2649;0.000753558;90
93.6778;0.000950958;90
102.769;0.00093205;90
96.5655;0.001067;90
76.7158;0.00112716;90
55.9104;0.00123285;90
58.7608;0.000927475;90
83.9196;0.00121785;90
97.2324;0.00139006;90
95.3594;0.0015096;90
93.2353;0.00148837;90
90;0.001697;90
97.9682;0.00160146;90
103.85;0.00141617;90
101.197;0.00159129;90
101.366;0.00160855;90
100.486;0.00160989;90
103.84;0.000848637;90
99.6223;0.00111874;90
113.136;0.00156268;90
97.9072;0.00174459;90
91.6987;0.00192285;90
93.5763;0.00208406;90
91.946;0.0019141;90
92.7156;0.00177299;90
98.6127;0.0017295;90
100.419;0.00188;90
103.394;0.00164474;90
101.316;0.00176838;90
101.543;0.00163915;90
103.238;0.00160259;90
107.215;0.00154417;90
115.401;0.00129853;90
115.902;0.00119727;90
105.037;0.00126429;90
105.85;0.00164764;90
150.199;0.000879283;90
-160.241;0.000984996;90
-179.444;0.000824039;90
143.22;0.0010238;90
129.456;0.000966184;90
137.564;0.000853625;90
130.426;0.000957644;90
142.436;0.000693851;90
155.327;0.000826454;90
153.126;0.000829593;90
165.387;0.000868079;90
167.131;0.000821639;90
-177.949;0.000782501;90
-168.707;0.000653655;90
-167.291;0.000586366;90
-169.027;0.000567374;90
-154.649;0.000548854;90
-128.012;0.000772953;90
-126.008;0.000850496;90
-125.436;0.000855468;90
-120.713;0.000822344;90
-116.99;0.000965113;90
-116.693;0.001004;90
-119.752;0.00100555;90
-127.881;0.000895739;90
-123.914;0.000853135;90
-127.869;0.000814524;90
-129.17;0.000911935;90
-130.089;0.00100779;90
-130.914;0.000972622;90
-129.43;0.00109269;90
-131.227;0.00105304;90
-143.061;0.000988401;90
-150.535;0.00101648;90
-163.438;0.000919133;90
178.098;0.000813448;90
-178.607;0.000740219;90
171.001;0.000671263;90
127.286;0.000964025;90
136.267;0.000607553;90
-147.944;0.000602927;90
-179.648;0.000488009;90
153.486;0.000499538;90
155.197;0.000567335;90
140.835;0.000584269;90
154.799;0.000582437;90
169.986;0.000580849;90
-158.494;0.000684668;90
-130.163;0.000922524;90
-114.633;0.00115402;90
-106.705;0.00099499;90
-96.9013;0.00190581;90
-100.475;0.00123762;90
-98.0625;0.00119784;90
-94.3774;0.0014412;90
-103.965;0.000982027;90
-119.427;0.000940322;90
-130.712;0.000671509;90
-112.438;0.00091962;90
-72.0946;0.000855433;90
-93.5243;0.00123634;90
-93.7952;0.00120865;90
-98.0257;0.00093112;90
-57.5288;0.000860535;90
-84.333;0.00130638;90
-73.2715;0.00112564;90
-69.2674;0.0010254;90
-117.632;0.000864614;90
-86.2176;0.00168267;90
-86.9872;0.00159821;90
-71.1975;0.000887353;90
-82.9626;0.00121616;90
-84.9216;0.00107321;90
-48.859;0.000840534;90
-66.0863;0.00107312;90
-61.733;0.000918535;90
-54.9301;0.000783186;90
-61.4046;0.000908861;90
-50.5401;0.000827645;90
-47.959;0.000712299;90
-79.1024;0.00125361;90
-62.8093;0.000860043;90
-33.8796;0.000670914;90
-48.7904;0.000909207;90
-72.8725;0.00119186;90
-69.0742;0.00121515;90
-64.2175;0.00121161;90
-58.7578;0.0010585;90
-71.6823;0.00108182;90
-65.9606;0.000832178;90
-54.0524;0.000844909;90
-74.7604;0.00129349;90
-72.5252;0.000849191;90
-67.8163;0.0014752;90
-71.4707;0.000959753;90
-84.2804;0.00126429;90
-73.8092;0.00112252;90
-78.3225;0.000978247;90
-67.7137;0.00122879;90
-83.1983;0.00138475;90
-89.8484;0.00151201;90
-89.0777;0.00161521;90
-88.9169;0.00100518;90
-88.1714;0.000971495;90
-88.7511;0.00105525;90
-95.7479;0.00106837;90
-95.4725;0.00160431;90
-96.8478;0.00181998;90
-96.5819;0.0013348;90
-93.6619;0.00125256;90
-96.5293;0.0013719;90
-96.1155;0.00143617;90
-96.6813;0.00140957;90
-93.5119;0.00111008;90
-86.5909;0.00102582;90
-82.8683;0.00107129;90
-82.4554;0.00113482;90
-82.0392;0.00129246;90
-79.999;0.00094435;90
-77.96;0.00116973;90
-79.6162;0.00110408;90
-82.9492;0.00114869;90
-83.1884;0.00131528;90
-84.22;0.00147952;90
-83.1775;0.00157415;90
-83.3777;0.00168222;90
-82.9608;0.00115873;90
-83.5602;0.00152462;90
-83.3631;0.001194;90
-81.6308;0.00101683;90
-79.6634;0.00113136;90
-124.123;0.00121039;90
-148.286;0.000812287;90
159.168;0.000922295;90
127.315;0.00115803;90
122.325;0.00123428;90
120.035;0.00122672;90
114.606;0.00134735;90
108.883;0.00149549;90
116.496;0.00147938;90
120.811;0.000833658;90
127.852;0.000653496;90
150.171;0.000589042;90
109.258;0.000924745;90
91.8175;0.00110356;90
90.3871;0.00103602;90
92.4745;0.00115808;90
102.503;0.00119637;90
105.69;0.00132747;90
107.784;0.00122451;90
107.396;0.00113386;90
101.474;0.000960189;90
96.2594;0.00101807;90
-81.0567;0.00152453;90
-71.5529;0.00149481;90
-75.1997;0.00149148;90
-77.0872;0.00152148;90
-83.2223;0.00167772;90
-91.4212;0.00104832;90
-84.9665;0.00112835;90
-75.6732;0.00086077;90
-44.5459;0.00107059;90
-57.2191;0.00120607;90
-62.5341;0.00142232;90
-73.2296;0.000925357;90
-66.3403;0.000864681;90
-64.9863;0.00107371;90
-61.1706;0.00121111;90
-59.0287;0.0013039;90
-50.7897;0.00112154;90
-24.6872;0.000818841;90
29.3481;0.000967122;90
20.3181;0.000789098;90
-73.4412;0.000859652;90
-74.1692;0.00151028;90
-68.8978;0.00108046;90
-52.974;0.001101;90
-45.9346;0.000867028;90
-50.4201;0.00113787;90
-55.3748;0.00108763;90
-53.0845;0.001257;90
-38.0812;0.00080418;90
-48.8901;0.00106311;90
-50.5771;0.000996789;90
-43.2337;0.000963537;90
-50.253;0.00112762;90
-43.698;0.000933622;90
-55.9069;0.00114354;90
-53.7803;0.00144529;90
-45.4552;0.00124596;90
-49.4639;0.00114474;90
-62.1769;0.00136478;90
-52.9121;0.00136641;90
-27.1162;0.000976312;90
-18.2858;0.0010932;90
-37.0072;0.0014188;90
-57.1478;0.00144154;90
-68.299;0.00116561;90
-59.9549;0.00111248;90
-50.7649;0.000964422;90
-57.1827;0.000965013;90
-54.768;0.000958592;90
-58.9508;0.00103534;90
-56.2651;0.00106419;90
-54.018;0.000929312;90
-36.1623;0.000874467;90
1.60173;0.000751294;90
16.7837;0.000844995;90
-4.12082;0.000695799;90
-7.86255;0.000635979;90
19.0092;0.000567974;90
46.302;0.000933622;90
27.3736;0.00066552;90
-57.8477;0.000702781;90
-62.0186;0.000814177;90
-60.1075;0.000963133;90
-53.6713;0.000741033;90
-62.9655;0.00141906;90
-67.5174;0.00115585;90
-67.5897;0.0012407;90
-67.6774;0.00124532;90
-66.6414;0.00117533;90
-67.535;0.00113839;90
-66.7857;0.000956436;90
-66.6554;0.000875685;90
-67.4259;0.000963846;90
-68.0795;0.000983073;90
-67.06;0.00128025;90
-66.1519;0.00116988;90
-66.4849;0.00137848;90
-68.6146;0.00125329;90
-69.6685;0.000955531;90
-62.6332;0.000831004;90
-54.1043;0.000799916;90
-46.793;0.000813571;90
-26.1584;0.00113416;90
-9.91275;0.000836488;90
-73.2959;0.00113071;90
-80.3704;0.00107008;90
3.98548;0.000733774;90
62.583;0.00120314;90
79.2904;0.0012915;90
61.4665;0.000950443;90
39.5699;0.00074723;90
56.0948;0.000738589;90
63.773;0.00075804;90
77.3212;0.00087022;90
79.2833;0.00170473;90
85.1758;0.0018074;90
69.4023;0.000804424;90
15.0974;0.000955997;90
26.6047;0.00129289;90
-79.9167;0.00414096;90
-85.7798;0.00248674;90
118.93;0.000758673;90
93.21;0.00537543;90
121.141;0.00165909;90
-67.7342;0.0119608;90
-98.9233;0.00132807;90
-99.9681;0.00141537;90
-71.6703;0.00895432;90
-29.0712;0.00133979;90
-51.0326;0.000989063;90
-51.5285;0.00171027;90
-60.8617;0.00531916;90
-76.7737;0.0053191;90
-50.6531;0.00364661;90
-39.299;0.00838533;90
87.8803;0.00154105;90
68.9553;0.00455588;90
83.8055;0.00151987;90
108.498;0.00144358;90
-172.418;0.00174324;90
-137.03;0.000958024;90
174.355;0.0044124;90
165.692;0.000716216;90
127.042;0.00646583;90
118.004;0.00361641;90
116.545;0.00125533;90
129.346;0.000925864;90
134.103;0.000948346;90
127.422;0.000954444;90
149.052;0.00125811;90
123.676;0.00117042;90
111.577;0.00123451;90
109.785;0.00126147;90
106.248;0.0191967;90
78.6267;0.00336712;90
118.661;0.00655517;90
122.806;0.00165376;90
125.195;0.00221735;90
124.203;0.00322349;90
139.331;0.00338965;90
137.6;0.00372534;90
118.142;0.00490824;90
98.1172;0.00691932;90
91.9162;0.00729708;90
98.2057;0.00739875;90
113.181;0.00503009;90
130.188;0.00358281;90
137.238;0.00340378;90
131.905;0.00392876;90
133.123;0.00474865;90
138.068;0.00424094;90
125.22;0.00498687;90
118.176;0.00568007;90
118.811;0.0057623;90
123.913;0.00555259;90
116.017;0.006217;90
114.274;0.00604221;90
120.562;0.00523529;90
129.403;0.00474183;90
114.181;0.00530004;90
107.463;0.00507176;90
109.365;0.00483133;90
102.59;0.00283517;90
122.199;0.00106594;90
115.687;0.00352982;90
166.121;0.00239287;90
-128.998;0.00327986;90
-162.409;0.00141622;90
164.771;0.00132866;90
149.668;0.00211676;90
150.266;0.00250017;90
152.85;0.0024522;90
170.236;0.00227597;90
-173.88;0.000862918;90
-162.927;0.00099798;90
-157.835;0.00178383;90
173.296;0.00167042;90
113.088;0.00231546;90
108.113;0.00123837;90
125.673;0.00235611;90
167.4;0.00236086;90
-137.736;0.00235523;90
-148.381;0.00385297;90
-159.829;0.00140944;90
-163.48;0.00257427;90
-164.488;0.00316323;90
-126.886;0.0042584;90
-117.934;0.00499949;90
-142.707;0.00403371;90
-132.825;0.00436033;90
-127.843;0.00521595;90
-129.402;0.00482071;90
-129.821;0.00489549;90
-130.672;0.00497595;90
-127.755;0.00471016;90
-130.917;0.00522322;90
-132.564;0.00459186;90
-123.29;0.00501017;90
-125.756;0.00443244;90
-135.734;0.00551871;90
-133.98;0.0058784;90
-120.914;0.00578482;90
-146.98;0.00414916;90
-174.093;0.00385748;90
-178.383;0.0067667;90
-167.192;0.00126754;90
-137.784;0.00706031;90
-117.948;0.00276101;90
-112.837;0.00561189;90
-112.82;0.00707258;90
-114.038;0.00707017;90
-116.424;0.00598195;90
-122.383;0.00626059;90
-124.708;0.00685468;90
-115.181;0.00703672;90
-107.198;0.00638866;90
-102.216;0.00603976;90
-96.4532;0.00783867;90
-98.8392;0.00734726;90
-103.137;0.0065956;90
-106.341;0.00631929;90
-105.761;0.00544885;90
-103.195;0.00588334;90
-102.852;0.00528234;90
-98.9046;0.0014019;90
-95.3507;0.00139407;90
-114.414;0.00344284;90
-111.714;0.00448418;90
-110.82;0.00109446;90
-99.84;0.00104741;90
-83.5144;0.00361212;90
-66.2598;0.00429221;90
-63.0535;0.00362788;90
-64.2734;0.00275066;90
-84.6902;0.0025178;90
-105.31;0.00154897;90
71.6375;0.00150145;90
-131.672;0.00136419;90
175.497;0.00092987;90
179.531;0.000733025;90
-172.291;0.00059639;90
-165.197;0.000489238;90
-73.4976;0.00105965;90
36.1703;0.000147411;90
-33.3815;0.00185383;90
27.4387;0.00181858;90
83.0328;0.00292661;90
111.019;0.00376662;90
119.272;0.00434595;90
115.009;0.00470955;90
103.114;0.00262239;90
87.0611;0.00134577;90
66.2279;0.00278095;90
66.7933;0.00371781;90
71.9166;0.00345359;90
75.106;0.00335367;90
77.1325;0.00618328;90
75.9773;0.00719749;90
74.2544;0.00756175;90
76.7502;0.00774004;90
80.9655;0.00847615;90
82.7749;0.00894503;90
75.294;0.00877651;90
61.6161;0.0117086;90
55.6549;0.0024744;90
57.7916;0.00496623;90
64.0433;0.00703462;90
64.5078;0.00673577;90
68.5966;0.00700404;90
64.7214;0.00633459;90
55.087;0.0106302;90
23.3617;0.00193678;90
-14.6918;0.00231055;90
1.55197;0.00365534;90
10.9156;0.0036755;90
26.9669;0.00376205;90
40.494;0.00411323;90
52.0395;0.00505432;90
45.1967;0.00494271;90
45.793;0.0050068;90
57.0605;0.00586479;90
54.5631;0.0108364;90
45.0719;0.00169069;90
51.4447;0.002312;90
45.2724;0.00371872;90
47.6953;0.00384951;90
49.1296;0.00367235;90
49.7895;0.0049458;90
50.996;0.0050431;90
48.9897;0.0060165;90
37.6099;0.00515663;90
65.9468;0.00634714;90
22.71;0.00719047;90
17.2572;0.00155396;90
28.0377;0.00203594;90
40.5488;0.00142133;90
37.2872;0.00181245;90
16.9275;0.00225991;90
-38.5169;0.00200403;90
-33.2614;0.000889764;90
-74.909;0.00235833;90
-62.1896;0.000720184;90
-65.5696;0.00175295;90
2.85725;0.00166507;90
14.7125;0.00263024;90
10.9356;0.00108062;90
6.00901;0.00103167;90
-20.3306;0.00133838;90
-39.6641;0.00114056;90
-29.8578;0.00308326;90
-30.4793;0.00253535;90
-2.61877;0.000481503;90
36.102;0.00490984;90
23.7835;0.00123487;90
-40.0626;0.00168421;90
-59.8317;0.0030883;90
-67.6297;0.0022071;90
-73.4583;0.00982044;90
-71.2454;0.00204033;90
-69.8574;0.00199502;90
-60.3261;0.00540941;90
-59.5206;0.0107309;90
-65.8286;0.00208807;90
-65.6559;0.00251568;90
-59.7552;0.0053167;90
-56.5168;0.00476352;90
-58.1472;0.00417821;90
-63.7803;0.0047486;90
-62.628;0.00492207;90
-46.8756;0.00775617;90
-31.9996;0.00104357;90
-42.8645;0.00187867;90
-49.7914;0.00364018;90
-47.6132;0.00347409;90
-47.7615;0.00613491;90
-68.6319;0.00184159;90
-71.9264;0.00325879;90
-83.117;0.0060496;90
-89.5465;0.0063172;90
-82.6176;0.00599267;90
-72.5513;0.00512586;90
-48.1562;0.00371158;90
-35.9198;0.00301541;90
-42.1929;0.00281554;90
-60.309;0.00303439;90
-73.8533;0.00183748;90
-89.4327;0.00121206;90
-65.448;0.00381933;90
-78.7565;0.00101549;90
-68.1336;0.00163783;90
-79.1005;0.00216302;90
-82.0947;0.00252298;90
97.1404;0.000925175;90
102.474;0.00306946;90
44.3389;0.00073544;90
-70.881;0.00211888;90
-131.141;0.012535;90
131.665;0.0012275;90
112.57;0.00159192;90
113.863;0.00152759;90
110.738;0.00140076;90
114.256;0.00130961;90
114.246;0.00127113;90
112.545;0.00124408;90
111.072;0.00144353;90
115.615;0.00134853;90
110.259;0.00131111;90
113.295;0.00116823;90
-68.9334;0.00127416;90
-65.6279;0.00132069;90
-68.2403;0.00127591;90
-68.4201;0.00115281;90
-68.1728;0.00123989;90
-69.2925;0.00128395;90
-65.069;0.00205444;90
-66.0123;0.00115364;90
109.135;0.00090606;90
115.379;0.00142558;90
112.115;0.00115281;90
114.93;0.00139498;90
-67.6814;0.00263327;90
-64.0327;0.00111452;90
-67.7337;0.00125887;90
-62.0399;0.00383913;90
-38.5038;0.000974996;90
-11.0342;0.00101884;90
-43.8474;0.00260127;90
70.1401;0.00127163;90
64.1748;0.00477932;90
77.561;0.00145311;90
84.0302;0.00175954;90
29.2256;0.00533743;90
-68.1986;0.00186865;90
-57.3676;0.00351601;90
-46.8696;0.00450808;90
-50.7137;0.00389927;90
-44.4206;0.00363613;90
-67.8518;0.00487793;90
-68.5703;0.00486643;90
-56.721;0.0043301;90
-37.8951;0.003756;90
-30.4211;0.00333168;90
-31.039;0.00352584;90
-33.2098;0.00347449;90
-54.2264;0.00414996;90
-65.0637;0.00506629;90
-46.1582;0.00377814;90
-34.0691;0.00327031;90
-55.2707;0.00371599;90
-49.1849;0.00302316;90
-43.1822;0.00271949;90
-49.7849;0.00284825;90
-62.4637;0.00467003;90
-66.0007;0.00474522;90
-80.9525;0.00529083;90
-47.8228;0.00127788;90
98.9982;0.00314571;90
95.613;0.00385448;90
93.1346;0.00217626;90
-83.4063;0.00803817;90
-116.44;0.00143735;90
97.0258;0.00243629;90
103.85;0.00506732;90
115.278;0.00521762;90
118.874;0.00427436;90
136.54;0.00305297;90
135.468;0.00320542;90
124.208;0.00386697;90
140.473;0.00347714;90
130.233;0.00646694;90
114.183;0.00422803;90
134.846;0.00447954;90
148.18;0.00406257;90
147.783;0.00326937;90
145.241;0.00474462;90
125.909;0.00474847;90
111.446;0.00587477;90
114.012;0.00509927;90
143.119;0.0030092;90
130.247;0.00287579;90
123.928;0.00260323;90
122.962;0.00910697;90
112.879;0.0015304;90
159.364;0.000922168;90
-85.4474;0.00856703;90
-116.272;0.000786212;90
-134.597;0.00100412;90
-168.308;0.00135205;90
138.674;0.00153404;90
-120.407;0.00494522;90
-113.768;0.000925493;90
-107.74;0.00351829;90
-115.262;0.000806087;90
-135.75;0.0021611;90
100.818;0.00315406;90
40.7121;0.000784964;90
52.4498;0.000758053;90
29.6209;0.00275159;90
62.0472;0.00397019;90
50.9169;0.00154335;90
50.5469;0.0014777;90
-41.7233;0.00111339;90
49.5612;0.00267639;90
97.7059;0.00156614;90
93.7679;0.00156739;90
131.492;0.00154864;90
-69.6384;0.00020693;90
-48.0941;0.000890839;90
100.074;0.00645451;90
120.434;0.00155762;90
120.571;0.00340536;90
124.091;0.00324702;90
128.751;0.00314409;90
140.706;0.00359862;90
136.608;0.00390547;90
110.265;0.00490245;90
97.0977;0.00598889;90
92.206;0.00514381;90
91.6079;0.00531009;90
103.154;0.00497863;90
114.407;0.00414548;90
130.543;0.00330298;90
137.252;0.00325733;90
132.934;0.00358949;90
134.486;0.00354487;90
135.205;0.00453612;90
132.04;0.00403943;90
119.491;0.0048895;90
117.803;0.00507035;90
120.882;0.00480059;90
123.853;0.00487556;90
117.46;0.0046668;90
111.999;0.00591573;90
118.852;0.00456119;90
126.098;0.00411257;90
125.409;0.0042992;90
112.052;0.00429629;90
107.658;0.00419989;90
110.704;0.00436167;90
102.219;0.00354838;90
114.387;0.00150641;90
49.6063;0.00314334;90
71.7503;0.00391176;90
89.7437;0.00424704;90
103.435;0.00464821;90
105.7;0.00477827;90
104.491;0.00507546;90
105.778;0.00493909;90
119.277;0.00446193;90
130.489;0.00249037;90
164.674;0.000775583;90
145.354;0.00485486;90
145.054;0.00121509;90
144.785;0.0021469;90
139.941;0.00153518;90
127.682;0.00245385;90
112.611;0.00352169;90
107.338;0.00261062;90
108.8;0.00213173;90
107.712;0.00360908;90
100.878;0.00434508;90
111.651;0.0043854;90
115.416;0.0045947;90
103.91;0.0105535;90
105.61;0.00178379;90
115.554;0.00354696;90
134.464;0.00340345;90
128.019;0.0029614;90
112.239;0.00540073;90
101.293;0.00528023;90
94.549;0.0055856;90
91.4088;0.00276584;90
-89.3146;0.0401249;90
-61.8126;0.00143747;90
-69.1644;0.0284548;90
-81.0711;0.0183301;90
-41.5716;0.00107602;90
65.3482;0.00207623;90
89.5818;0.00890524;90
101.746;0.00177824;90
102.284;0.00190358;90
74.7817;0.00177525;90
30.1579;0.00154861;90
58.8158;0.00164931;90
110.002;0.00157287;90
116.918;0.00152413;90
35.7159;0.00411123;90
62.1708;0.0010946;90
-32.6205;0.00158977;90
-46.0633;0.0021719;90
-36.6857;0.00223961;90
-32.5278;0.00310391;90
-29.7848;0.00249223;90
-36.1234;0.0012281;90
-47.8548;0.00291053;90
-62.5443;0.00445926;90
-72.921;0.00462391;90
-75.7584;0.00595502;90
-76.6177;0.0054397;90
-78.4811;0.00494765;90
-99.3296;0.00475591;90
-117.975;0.00347053;90
-102.99;0.00188627;90
-78.8441;0.00437772;90
-68.1265;0.00428121;90
-74.3302;0.0048835;90
-62.7909;0.00497333;90
-50.041;0.00482842;90
-59.9749;0.005276;90
-67.1235;0.00590875;90
-64.9868;0.00556493;90
-53.5248;0.00470331;90
-60.4852;0.0049102;90
-63.2853;0.00565012;90
-59.0759;0.00544851;90
-42.7285;0.00422829;90
-42.5617;0.00405539;90
-50.6159;0.00400305;90
-47.0137;0.00323984;90
-43.7746;0.00343874;90
-51.8234;0.00364835;90
-70.6992;0.00504346;90
-83.008;0.00582431;90
-89.9256;0.00616101;90
-82.1169;0.00564333;90
-78.362;0.00523972;90
-47.0112;0.0035462;90
-43.8518;0.003317;90
-41.4623;0.00241796;90
-46.4276;0.00201517;90
-61.1092;0.00244648;90
-54.526;0.00313613;90
-61.4954;0.00354128;90
-54.6443;0.00245226;90
-92.2502;0.00203757;90
-90.0955;0.002401;90
132.076;0.00105355;90
-75.2316;0.0089207;90
-141.668;0.0012302;90
91.9189;0.00137377;90
-75.9258;0.00109796;90
94.6317;0.00411143;90
108.593;0.00114791;90
91.3569;0.00194254;90
116.939;0.00150759;90
144.24;0.000568107;90
-45;0.000101823;90
70.7521;0.0035886;90
-64.3543;0.00220192;90
-56.573;0.00217473;90
-72.3881;0.00129888;90
-52.0018;0.00562669;90
-40.5009;0.00142426;90
-55.0117;0.00252176;90
-42.8847;0.00310349;90
-50.325;0.00359631;90
-69.8356;0.00453709;90
-67.4555;0.00538339;90
-52.8422;0.00421845;90
-34.6051;0.00329978;90
-28.1118;0.00351235;90
-28.6105;0.00323273;90
-36.873;0.0036714;90
-56.2964;0.003534;90
-66.324;0.00456962;90
-54.8157;0.00322279;90
-33.7068;0.00285255;90
-43.417;0.00345554;90
-53.9769;0.00393803;90
-44.6493;0.00254139;90
-41.2417;0.00222227;90
-58.5213;0.00314833;90
-60.268;0.00386939;90
-68.4518;0.00466397;90
-82.8776;0.00541176;90
-85.8883;0.00765671;90
-86.8115;0.00623866;90
-82.875;0.00584514;90
-82.0276;0.00852944;90
-80.5414;0.00752125;90
-84.2872;0.00766507;90
-85.9191;0.00786895;90
-79.1219;0.00671364;90
-76.0743;0.00678543;90
-73.5706;0.00599999;90
-65.78;0.00573808;90
-64.504;0.00618425;90
-68.8387;0.00598348;90
-71.6134;0.00637231;90
-66.3576;0.0103584;90
-42.037;0.00170995;90
-17.9059;0.00297931;90
-16.1898;0.00322072;90
-9.76875;0.00313546;90
-15.8955;0.00284062;90
-29.9684;0.00346531;90
-46.0401;0.00393428;90
-69.6563;0.00492735;90
-82.6004;0.00535762;90
-84.1481;0.00564944;90
-80.3784;0.00561803;90
-73.0933;0.00814608;90
-60.3806;0.0018129;90
-51.3561;0.00450296;90
-50.1824;0.00428207;90
-49.7812;0.00401265;90
-50.704;0.00427583;90
-41.1846;0.0082568;90
-13.1926;0.00177895;90
-15.9942;0.00242071;90
-23.9987;0.00433472;90
-64.7943;0.063078;90
-86.9632;0.00237834;90
-79.1859;0.00296872;90
-87.1581;0.078863;90
-47.0568;0.00139885;90
-44.7442;0.00300877;90
-41.4815;0.00362935;90
-42.3961;0.00708192;90
-44.0629;0.00125387;90
-48.4689;0.00181139;90
-73.6652;0.00371912;90
-23.7829;0.00213752;90
-16.0071;0.00331451;90
0.160742;0.00320801;90
31.0942;0.003466;90
51.2789;0.00408613;90
67.0983;0.00514452;90
67.3886;0.00470246;90
62.7767;0.00303633;90
70.1604;0.00201245;90
85.5131;0.00239033;90
74.0278;0.00293636;90
65.1603;0.00285183;90
67.0714;0.00289797;90
61.822;0.00332054;90
62.1155;0.00326284;90
59.2898;0.0030997;90
50.7006;0.00160885;90
53.8885;0.00320348;90
57.6169;0.00344115;90
-24.7043;0.00112936;90
-70.7293;0.00349058;90
-48.4682;0.00252475;90
-9.30944;0.00184834;90
86.7405;0.00402752;90
82.875;0.00295079;90
55.1543;0.00231024;90
55.6693;0.00230686;90
53.6003;0.00221767;90
75.2798;0.00286503;90
45.403;0.00221188;90
49.2401;0.0019988;90
49.5625;0.000986712;90
-122.358;0.0158928;90
-131.184;0.00531225;90
115.431;0.00112944;90
116.181;0.0041319;90
-123.315;0.00580617;90
-109.153;0.00267613;90
-92.6471;0.0157628;90
-100.111;0.001481;90
-93.0263;0.00534145;90
-77.136;0.00203918;90
-71.615;0.00435319;90
58.7329;0.00103655;90
-70.2785;0.00130983;90
131.833;0.00854925;90
-40.997;0.00233987;90
-77.0346;0.000882499;90
16.6021;0.00118646;90
132.014;0.00192736;90
117.346;0.00137799;90
134.001;0.00198798;90
153.234;0.00140113;90
161.993;0.0022418;90
-133.603;0.00145;90
-118.296;0.00719358;90
-113.299;0.00240186;90
162.682;0.0310234;90
136.809;0.0013661;90
125.789;0.00262827;90
94.1743;0.00566001;90
82.5614;0.00580082;90
84.5665;0.00672723;90
83.1909;0.00708497;90
86.7905;0.00707309;90
91.2378;0.00740673;90
93.5939;0.00711499;90
93.2329;0.00718143;90
94.1188;0.00700309;90
97.858;0.00625372;90
98.4547;0.00726394;90
99.9467;0.00812818;90
99.6173;0.00778136;90
101.996;0.00734233;90
105.607;0.00731884;90
106.97;0.00717439;90
113.238;0.00665054;90
119.681;0.00983088;90
120.631;0.00227668;90
120.23;0.00585527;90
132.257;0.00496392;90
158.721;0.00348026;90
156.331;0.00586868;90
160.596;0.00140267;90
162.874;0.00332126;90
149.881;0.00419891;90
125.707;0.00516246;90
130.914;0.00492266;90
129.662;0.0055636;90
128.939;0.0050565;90
112.508;0.00639732;90
101.811;0.00728933;90
100.598;0.0171495;90
120.779;0.00287845;90
144.248;0.00490173;90
170.032;0.00378412;90
145.681;0.0153903;90
103.213;0.0765866;90
107.636;0.00271982;90
100.681;0.00382528;90
94.602;0.00741591;90
94.0079;0.00703922;90
118.928;0.0296151;90
149.001;0.00111646;90
146.478;0.00132186;90
121.688;0.0124559;90
131.054;0.00200374;90
132.09;0.0435645;90
-95.0217;0.00105103;90
-117.377;0.00129392;90
-43.1885;0.00123027;90
-83.4578;0.00341423;90
-85.3377;0.00126719;90
120.566;0.000346092;90
99.8891;0.00737153;90
-109.673;0.000409927;90
109.031;0.00495904;90
108.684;0.000799115;90
112.031;0.0012503;90
112.401;0.00133039;90
121.43;0.00179308;90
88.0384;0.00178204;90
112.214;0.00139127;90
50.1173;0.0015221;90
-1.90082;0.00114563;90
-158.806;0.000683212;90
-157.9;0.00199347;90
126.554;0.00286944;90
138.885;0.00646012;90
127.563;0.00172073;90
119.575;0.00285269;90
95.782;0.0118915;90
90.5479;0.00313714;90
93.0113;0.00392141;90
104.547;0.00560571;90
116.247;0.00451111;90
140.901;0.00323945;90
137.917;0.00305725;90
129.812;0.00337825;90
133.584;0.00414986;90
136.405;0.00383579;90
131.997;0.00418475;90
116.591;0.00490817;90
119.6;0.00541351;90
123.507;0.00511381;90
128.668;0.0600582;90
71.186;0.0011473;90
74.3124;0.00204518;90
74.7323;0.00240384;90
73.5767;0.00210801;90
87.0854;0.00104235;90
-99.6948;0.0105344;90
-0.339024;0.00118302;90
-13.8255;0.00243968;90
-28.413;0.00280146;90
-29.1374;0.00262063;90
-28.0647;0.00217018;90
8.96283;0.0024327;90
53.5721;0.00295549;90
1.0406;0.00203734;90
-63.3801;0.00326958;90
-61.4134;0.00210456;90
-77.3559;0.00404305;90
-69.2416;0.00414188;90
-72.9832;0.00514945;90
-62.3377;0.0050446;90
-53.9977;0.00487396;90
-58.7226;0.0053565;90
-66.1137;0.00618143;90
-65.6875;0.00548439;90
-54.298;0.00526929;90
-59.4011;0.00511762;90
-64.0762;0.00579402;90
-54.6401;0.00535846;90
-41.6202;0.00428191;90
-47.1379;0.00428381;90
-46.3415;0.00344314;90
-45.1123;0.00288642;90
-45.9665;0.00335358;90
-57.4498;0.00416884;90
-72.6107;0.00523318;90
-86.816;0.00678748;90
-86.2564;0.00660109;90
-80.5046;0.0065467;90
-59.9392;0.00436398;90
-39.7307;0.00323383;90
-43.9397;0.00252197;90
-37.2702;0.00206085;90
-57.3359;0.00193621;90
41.4068;0.00119595;90
25.7902;0.00119059;90
-8.47745;0.00095645;90
-168.551;0.000564228;90
-176.116;0.00135812;90
-133.106;0.00130532;90
-66.1368;0.00164131;90
-58.8666;0.00312746;90
-59.3696;0.00324241;90
-56.7204;0.00251674;90
-96.9094;0.0018454;90
-93.0345;0.00207791;90
149.347;0.000759064;90
87.1041;0.00461189;90
124.237;0.00232485;90
121.634;0.00357873;90
117.355;0.00343627;90
34.6806;0.00174868;90
11.8815;0.00082569;90
-159.931;0.00136381;90
-130.848;0.00125984;90
-55.3416;0.00246183;90
-61.0221;0.00377112;90
-58.0638;0.00359753;90
-89.3439;0.00401726;90
154.465;0.00106946;90
9.18348;0.000776959;90
82.6064;0.00293742;90
-57.6441;0.00304946;90
-66.0974;0.00339847;90
-52.9724;0.00399702;90
-49.8603;0.00445666;90
-42.449;0.00435302;90
-63.0893;0.00541094;90
-67.2446;0.00621256;90
-55.5855;0.00517715;90
-33.2047;0.0041579;90
-31.5838;0.00443727;90
-31.239;0.00324908;90
-47.4723;0.0044752;90
-66.3927;0.00520893;90
-50.9183;0.00364832;90
-33.8622;0.00295407;90
-45.9218;0.00320856;90
-53.8242;0.00374748;90
-44.5178;0.00285681;90
-43.8921;0.00277945;90
-61.3314;0.00416681;90
-66.4902;0.00568053;90
-80.9408;0.00787524;90
-86.3822;0.00852599;90
-84.5328;0.00728414;90
-81.9384;0.00780816;90
-81.207;0.0078108;90
-83.2404;0.0080711;90
-85.4638;0.00824382;90
-79.86;0.00829862;90
-77.6113;0.00771873;90
-71.0893;0.00708438;90
-66.1011;0.00686456;90
-64.5948;0.00656152;90
-70.9304;0.00776513;90
-74.6319;0.00747115;90
-55.1229;0.00563641;90
-20.0322;0.00428845;90
-12.6215;0.00415542;90
-12.4922;0.00441041;90
-33.1551;0.00457481;90
-59.5868;0.00605058;90
-80.304;0.0078613;90
-83.4175;0.00812154;90
-76.9338;0.00779379;90
-59.3155;0.00647449;90
-52.3648;0.0056155;90
-47.9744;0.00532816;90
-54.4991;0.0052487;90
-43.887;0.00476892;90
-18.8913;0.00464522;90
-21.6508;0.00423907;90
-22.2799;0.00429138;90
-28.6711;0.00429571;90
-54.766;0.00552765;90
-60.0218;0.00557367;90
-60.4213;0.00632877;90
-60.214;0.00570696;90
-69.6893;0.00655987;90
-73.8048;0.00683732;90
-74.3145;0.00723856;90
-79.1438;0.00812339;90
-80.5291;0.00769387;90
-80.7827;0.00776628;90
-81.32;0.00783878;90
-83.5007;0.0079511;90
-86.6219;0.00867207;90
-86.3478;0.00795916;90
-88.2713;0.00822074;90
-93.1754;0.00790714;90
-97.0278;0.00789532;90
-96.3229;0.00512115;90
-94.6298;0.00846161;90
-76.8719;0.00379519;90
-46.8386;0.00319565;90
-45.4585;0.00362262;90
-42.4742;0.00359418;90
-40.063;0.00364806;90
-42.2414;0.00393749;90
-50.4721;0.00375204;90
-74.9522;0.00298123;90
-43.0585;0.00108532;90
-16.7898;0.00266563;90
-8.35573;0.0034476;90
15.7252;0.00343143;90
43.7721;0.00402578;90
64.6533;0.00490078;90
67.7015;0.00530793;90
64.7209;0.00414493;90
34.7846;0.00174235;90
2.91897;0.00166917;90
-28.1879;0.00175289;90
57.4311;0.00103471;90
62.7397;0.00250637;90
59.4654;0.00231272;90
47.6699;0.00122958;90
23.8923;0.00140981;90
26.17;0.00149194;90
9.32902;0.00155456;90
22.7171;0.00226577;90
14.3801;0.00214211;90
-32.0329;0.00176468;90
-61.4442;0.000836794;90
94.2364;5.41479e-05;90
110.733;0.000946282;90
172.173;0.00283441;90
-158.278;0.00361791;90
-178.901;0.000938173;90
-154.649;0.00170963;90
-148.616;0.000889073;90
-137.494;0.00243758;90
-114.007;0.00145266;90
-122.529;0.00268169;90
-110.81;0.00115966;90
139.515;0.000853298;90
168.544;0.00262326;90
-135.837;0.00188747;90
-138.122;0.00058423;90
-112.093;0.00652189;90
-112.045;0.00187833;90
-113.716;0.00418438;90
-127.815;0.00403675;90
-157.877;0.00370691;90
176.602;0.00325573;90
160.397;0.00440534;90
110.769;0.00437959;90
136.596;0.00489862;90
137.624;0.00837102;90
138.167;0.00176622;90
126.934;0.0078716;90
91.8197;0.00324364;90
85.2929;0.00614171;90
83.5352;0.00700756;90
83.0428;0.0074962;90
86.5936;0.0080953;90
91.7366;0.00818376;90
93.2825;0.00873233;90
94.4487;0.0082639;90
96.3882;0.00763943;90
99.2373;0.00720139;90
99.5133;0.0164573;90
99.5857;0.00343496;90
102.799;0.00587291;90
105.947;0.00810908;90
109.729;0.00719855;90
118.156;0.0117935;90
117.641;0.00295302;90
119.39;0.00504533;90
129.194;0.00849279;90
158.402;0.00935372;90
159.734;0.00191985;90
158.909;0.00402674;90
130.959;0.0136762;90
130.864;0.00283368;90
124.328;0.0102407;90
98.0186;0.00210761;90
104.427;0.00330729;90
101.557;0.0058098;90
95.776;0.00610098;90
98.2003;0.00612058;90
113.853;0.00557629;90
153.733;0.00808707;90
162.129;0.00179879;90
163.885;0.00971679;90
122.721;0.00393672;90
109.049;0.0168667;90
106.229;0.00435452;90
113.106;0.00698971;90
107.385;0.0154854;90
102.704;0.00386973;90
97.4363;0.00760295;90
94.1565;0.00847128;90
96.7318;0.00946928;90
98.937;0.00803353;90
97.6633;0.00914871;90
93.9085;0.0092866;90
96.9592;0.00865778;90
116.266;0.00660499;90
124.302;0.00431193;90
132.164;0.00368713;90
130.998;0.00416441;90
125.94;0.00357447;90
152.885;0.00246829;90
138.713;0.00325386;90
113.844;0.00450226;90
119.207;0.00442451;90
143.589;0.00401973;90
154.291;0.00386123;90
148.255;0.0040275;90
135.085;0.00428295;90
118.488;0.00515749;90
109.514;0.0052209;90
128.019;0.00671355;90
136.92;0.00101315;90
127.044;0.00526202;90
138.119;0.00285953;90
112.292;0.0012364;90
114.01;0.0042738;90
114.854;0.0010635;90
-109.879;0.0035878;90
109.873;0.000932533;90
-80.3409;0.00641291;90
98.3894;0.00531184;90
114.378;0.000784985;90
-55.6263;0.000371953;90
-17.7912;0.00112584;90
-73.6287;0.00495281;90
-72.1093;0.00176431;90
-73.1786;0.00175196;90
-72.1795;0.00120901;90
-86.174;0.00160357;90
-29.3233;0.00217464;90
-93.7748;0.00174679;90
-58.497;0.00129367;90
-30.5007;0.000827508;90
12.9251;0.00197607;90
35.1471;0.000938024;90
38.8572;0.00194937;90
50.3473;0.00177549;90
-50.9668;0.00155771;90
-65.2677;0.00513172;90
-66.2851;0.00521649;90
-55.4893;0.00544161;90
-28.3116;0.00322815;90
-27.2216;0.00316111;90
-32.3524;0.00295819;90
-38.9217;0.00324548;90
-51.4791;0.00296403;90
-66.9466;0.00373095;90
-62.9402;0.00295217;90
-42.2182;0.00263708;90
-28.3188;0.00279103;90
-53.3269;0.00302722;90
-53.1342;0.0028236;90
-51.505;0.00233434;90
-36.6591;0.00217401;90
-49.2821;0.00271793;90
-66.1152;0.00389233;90
-61.8052;0.00388383;90
-77.7253;0.00464724;90
-83.0764;0.00306938;90
-86.2422;0.00785789;90
-86.161;0.00625804;90
-82.4165;0.00578157;90
-81.8908;0.00619595;90
-81.6116;0.00642979;90
-82.2316;0.00629578;90
-85.3663;0.00699386;90
-84.0999;0.00622598;90
-80.7116;0.00189586;90
-77.9186;0.00479214;90
-78.3748;0.00545388;90
-72.8988;0.00546147;90
-65.2628;0.00422027;90
-64.6434;0.00417746;90
-66.1574;0.00475477;90
-66.5677;0.00434536;90
-72.0925;0.00934366;90
-80.5299;0.00243113;90
-66.453;0.00438296;90
-49.5595;0.00359358;90
-17.645;0.00288996;90
-11.1763;0.00336379;90
-14.2114;0.00301425;90
-17.3027;0.00292852;90
-23.9567;0.0029972;90
-44.4375;0.00403353;90
-67.0134;0.00454271;90
-79.9328;0.005326;90
-84.0103;0.00559655;90
-82.25;0.00579897;90
-75.5229;0.00576815;90
-65.7628;0.00470141;90
-51.4361;0.00410659;90
-51.5826;0.00490999;90
-47.7294;0.00377174;90
-49.6697;0.00376086;90
-56.3425;0.00439711;90
-30.5219;0.00324691;90
-20.4931;0.0029849;90
-22.4333;0.00292971;90
-21.7122;0.00298153;90
-20.8041;0.00324347;90
-23.7772;0.00295153;90
-44.5194;0.00379376;90
-58.76;0.0041263;90
-60.5567;0.00452435;90
-58.936;0.00421321;90
-61.1365;0.00433788;90
-61.8789;0.00429841;90
-69.0016;0.00557846;90
-74.0009;0.0054241;90
-73.8079;0.00491288;90
-75.2436;0.00520983;90
-78.4281;0.00553347;90
-80.1597;0.00625502;90
-80.5944;0.00580707;90
-80.8334;0.00560559;90
-81.2764;0.00561091;90
-83.7287;0.00569407;90
-84.4619;0.00627931;90
-87.3471;0.00635181;90
-86.1216;0.00586944;90
-87.2162;0.00564166;90
-90.3577;0.00672713;90
-95.5237;0.011407;90
-93.4142;0.00211576;90
-97.6426;0.00410547;90
-95.6851;0.00492623;90
-91.7828;0.00504644;90
-74.6522;0.00363462;90
-50.0112;0.00300325;90
-40.7672;0.00370757;90
-44.4286;0.00333276;90
-40.8182;0.00318055;90
-40.873;0.00299671;90
-43.3535;0.00302696;90
-60.9217;0.00375305;90
-79.3778;0.00140508;90
-44.1538;0.000813969;90
-20.735;0.00198561;90
-13.6065;0.00271623;90
-1.25321;0.00269765;90
20.4043;0.00225445;90
39.499;0.0031349;90
58.9385;0.0037193;90
66.1288;0.0040155;90
67.1868;0.00380679;90
67.1461;0.00342703;90
54.2979;0.00125606;90
22.9373;0.00118033;90
1.28222;0.00138535;90
-29.9722;0.00121902;90
-21.669;0.0007231;90
-21.2634;0.000692117;90
-26.8019;0.000973592;90
-59.3003;0.00171192;90
-52.3632;0.00179316;90
-56.2408;0.00137843;90
-56.6621;0.000902514;90
-59.0054;0.000955419;90
-47.795;0.00168209;90
-54.0775;0.00313283;90
-68.2691;0.0042242;90
-70.9302;0.00456661;90
-76.3401;0.00553866;90
-75.5909;0.00570238;90
-72.3008;0.00591078;90
-69.0311;0.0133041;90
-60.6071;0.00266506;90
-70.1111;0.00582015;90
-67.2201;0.00754664;90
-55.7896;0.00177151;90
-68.653;0.00519759;90
-81.1822;0.00492521;90
-93.2295;0.00473953;90
-94.9157;0.0112614;90
-95.4872;0.00191377;90
-95.2572;0.00536959;90
-100.283;0.00513142;90
-101.43;0.00504098;90
-107.565;0.00437393;90
-104.55;0.00422344;90
-103.806;0.00445881;90
-102.499;0.00493495;90
-99.23;0.00523073;90
-89.8266;0.00495602;90
-84.7806;0.00582616;90
-79.899;0.00535399;90
-88.5035;0.00524579;90
-95.354;0.00588367;90
-99.7255;0.00465287;90
-98.8767;0.00497053;90
-89.804;0.00438503;90
-82.8985;0.00453781;90
-80.68;0.00450142;90
-81.7425;0.00464415;90
-79.904;0.00463781;90
-82.0302;0.00495486;90
-81.466;0.00531687;90
-81.2129;0.00489647;90
-81.2162;0.00531736;90
-81.4502;0.00536765;90
-80.3901;0.00587038;90
-75.9122;0.00512308;90
-75.6939;0.00540666;90
-81.2436;0.00551124;90
-82.0111;0.0049359;90
-78.5122;0.00574917;90
-76.2303;0.00495336;90
-76.347;0.00460513;90
-80.4029;0.00398274;90
-86.8265;0.00399212;90
-84.5687;0.00479653;90
-85.4662;0.00500968;90
-89.0303;0.00519974;90
-89.2263;0.00481344;90
-89.043;0.00389154;90
-87.9352;0.00380247;90
-77.8274;0.00385569;90
-76.1844;0.00459802;90
-76.9091;0.00508618;90
-76.15;0.00537219;90
-77.0223;0.0053168;90
-76.4043;0.00501554;90
-77.0612;0.00507793;90
-76.8369;0.00512465;90
-78.8177;0.00501725;90
-80.1101;0.00550785;90
-78.1315;0.00498865;90
-80.1248;0.00520106;90
-78.3918;0.00538719;90
-76.1918;0.00359489;90
-75.3528;0.00577777;90
-60.1845;0.00452727;90
-52.8634;0.00343704;90
-53.7776;0.00362823;90
-53.8559;0.00353668;90
-53.4278;0.00342545;90
-54.501;0.00361984;90
-54.1089;0.00361793;90
-57.5046;0.00399083;90
-68.752;0.00465226;90
-66.1133;0.00429705;90
-68.9764;0.00443203;90
-69.8556;0.00467498;90
-63.8507;0.0056091;90
-46.3956;0.00127741;90
-52.2053;0.00250313;90
-50.3842;0.00324793;90
-45.5176;0.00352224;90
-50.2618;0.00272181;90
-41.4117;0.00336677;90
-41.3329;0.00300712;90
-46.7687;0.00327617;90
-44.6365;0.00323225;90
-40.6776;0.00333997;90
-52.9639;0.00365422;90
-72.4463;0.00450267;90
-76.7912;0.00517285;90
-75.756;0.00468194;90
-76.2589;0.00484981;90
-75.7911;0.00458734;90
-74.8492;0.00418963;90
-70.1786;0.00402549;90
-62.3481;0.00445594;90
-66.7674;0.00530846;90
-66.432;0.00529465;90
-69.8917;0.00492735;90
-69.0152;0.00514633;90
-74.18;0.00552424;90
-81.551;0.00467575;90
-89.943;0.008043;90
-89.4826;0.00420817;90
-88.9618;0.00270444;90
-84.0765;0.00476746;90
-81.2446;0.00471697;90
-82.3807;0.00414056;90
-83.0026;0.00128054;90
-89.3568;0.00240515;90
-88.4121;0.00440269;90
-88.1273;0.00397812;90
-89.2248;0.00391736;90
-92.5783;0.00440146;90
-88.8735;0.0224833;90
-94.7074;0.00330214;90
-93.1604;0.00310172;90
-40.2683;0.00147439;90
-25.5341;0.00226193;90
-16.6099;0.00767526;90
-41.5575;0.00375657;90
-44.1838;0.00392131;90
-52.7921;0.00406807;90
-68.8731;0.00566261;90
-72.5231;0.00939992;90
-61.5678;0.00215492;90
-56.8918;0.00393247;90
-42.5145;0.00432095;90
-55.9538;0.00455113;90
-56.4729;0.00497346;90
-62.9636;0.00467488;90
-79.4214;0.00625328;90
-88.1037;0.00655759;90
-90.9869;0.00661898;90
-92.6163;0.00703233;90
-81.999;0.00633668;90
-79.2206;0.00656586;90
-85.7906;0.00659379;90
-87.78;0.00671204;90
-79.2518;0.0137217;90
-71.0035;0.00442076;90
-71.647;0.0072919;90
-72.2905;0.00601925;90
-75.2408;0.0061706;90
-74.3013;0.00606109;90
-70.2667;0.00664312;90
-66.7406;0.0060573;90
-65.8395;0.00555347;90
-74.6268;0.00587314;90
-79.3945;0.00644408;90
-80.6955;0.00787967;90
-81.6029;0.00716279;90
-78.5602;0.00692253;90
-76.9329;0.015874;90
-61.1119;0.00330986;90
-62.4989;0.0121274;90
-70.7935;0.00171443;90
-76.4099;0.00685184;90
-71.7414;0.00657504;90
-53.8279;0.00486096;90
-47.093;0.00437567;90
-47.7658;0.00448404;90
-48.352;0.00461965;90
-60.8077;0.00509285;90
-72.206;0.00619118;90
-73.5958;0.00641618;90
-71.0338;0.00610441;90
-64.7454;0.00541673;90
-63.6026;0.00565459;90
-70.0201;0.00604056;90
-75.3674;0.0063851;90
-79.0707;0.00658239;90
-79.4863;0.00620924;90
-82.4317;0.00718257;90
-84.8307;0.00681472;90
-83.7542;0.00683859;90
-83.0348;0.00635792;90
-90.5196;0.00716729;90
-84.1891;0.00693363;90
-67.2303;0.00591171;90
-64.5286;0.00548294;90
-63.7611;0.00526334;90
-64.345;0.00518073;90
-75.9314;0.00214741;90
-135.653;0.00186123;90
169.903;0.00115793;90
176.251;0.00146814;90
168.11;0.00170355;90
107.631;0.00117206;90
92.0718;0.00116176;90
160.044;0.0010958;90
159.374;0.00143071;90
167.03;0.00157724;90
169.627;0.00105525;90
-174.794;0.000451864;90
-4.63281;0.000581901;90
-6.93435;0.00111818;90
-15.5037;0.00135428;90
-18.3622;0.000996751;90
-22.1547;0.00135504;90
-81.5266;0.00162878;90
-133.319;0.000722974;90
167.185;0.00212801;90
166.597;0.00223898;90
-155.992;0.00215548;90
-135.574;0.00197576;90
-68.4785;0.00209077;90
-57.3313;0.00222498;90
-77.3576;0.00235305;90
-94.6531;0.00305708;90
-87.928;0.00284886;90
-83.6199;0.00285267;90
-95.4769;0.00319559;90
-97.6525;0.00137424;90
-173.775;0.000986818;90
-39.6725;0.00137845;90
-88.9555;0.00142624;90
-92.7356;0.0134303;90
-92.111;0.00567385;90
-94.8283;0.00154448;90
-89.6867;0.00146302;90
-95.1568;0.0151533;90
-91.7341;0.00743541;90
-82.0338;0.0108739;90
-83.6756;0.0051926;90
90.5393;0.0628988;90
47.355;0.00191009;90
91.2422;0.00581237;90
102.348;0.000963284;90
89.8177;0.00220001;90
84.2757;0.0029075;90
111.016;0.00396794;90
114.598;0.00209733;90
78.6901;0.00126456;90
37.7872;0.00246112;90
-4.98457;0.00217523;90
-10.7243;0.00232155;90
-12.402;0.00225359;90
-12.3233;0.00199599;90
-2.32782;0.000984813;90
15.8374;0.0013118;90
53.336;0.00189241;90
117.359;0.00403425;90
115.883;0.00541077;90
114.799;0.00623936;90
114.934;0.00586132;90
103.097;0.00621363;90
90.1909;0.00570203;90
90.1209;0.00568901;90
96.5315;0.00750773;90
96.9568;0.00718288;90
94.5713;0.00784195;90
101.18;0.00682859;90
101.106;0.00701335;90
102.968;0.00705392;90
108.925;0.00694968;90
115.211;0.00639515;90
115.962;0.00650106;90
107.241;0.00743613;90
106.208;0.00686068;90
112.129;0.00681717;90
132.637;0.00411603;90
131.847;0.00560453;90
133.449;0.0050414;90
125.836;0.00536327;90
108.015;0.00664792;90
103.626;0.00722023;90
110.884;0.0056609;90
119.431;0.00541941;90
120.704;0.00464749;90
107.08;0.00527046;90
101.665;0.0039271;90
102.197;0.00538148;90
101.33;0.00673424;90
100.954;0.00748845;90
98.8538;0.00651665;90
98.8712;0.00863732;90
105.249;0.0072202;90
113.893;0.00533301;90
112.906;0.00721171;90
111.939;0.00612666;90
102.483;0.00624565;90
106.447;0.00819428;90
107.127;0.00734472;90
108.203;0.00719298;90
101.826;0.0138285;90
93.2253;0.00705618;90
95.1925;0.00813237;90
101.203;0.00703097;90
92.6296;0.00780322;90
87.4656;0.0076665;90
90.3381;0.00830314;90
101.517;0.00678154;90
117.59;0.0058988;90
126.026;0.00957904;90
133.908;0.00218889;90
125.211;0.00469137;90
111.327;0.00602992;90
108.834;0.00540225;90
109.422;0.00482983;90
125.686;0.00449136;90
134.242;0.00411784;90
139.061;0.00394354;90
163.585;0.00767171;90
154.231;0.00251179;90
122.366;0.0017167;90
85.0973;0.0036624;90
86.4142;0.00414111;90
91.2913;0.0208113;90
89.3282;0.00452031;90
90.2871;0.00459006;90
91.5401;0.00424153;90
92.6484;0.0034627;90
126.45;0.00117483;90
172.003;0.000912877;90
87.4884;0.00225917;90
96.6317;0.0031692;90
97.7048;0.002991;90
96.0491;0.00358697;90
97.3867;0.00325905;90
84.1451;0.00134301;90
62.9403;0.00119142;90
87.2859;0.00893302;90
90.3917;0.00219405;90
95.7802;0.00549092;90
104.31;0.0071447;90
111.764;0.00718195;90
112.075;0.00646599;90
112.097;0.00648104;90
118.671;0.00536706;90
106.212;0.00644736;90
103.672;0.00674821;90
104.159;0.0105268;90
103.686;0.0025782;90
111.178;0.00600667;90
131.715;0.00446636;90
135.315;0.00527439;90
137.451;0.00547306;90
138.214;0.00431307;90
129.46;0.00458508;90
131.587;0.00429976;90
127.385;0.00382595;90
118.899;0.00418402;90
111.148;0.00706264;90
111.566;0.00614304;90
111.476;0.00594903;90
122.133;0.00504242;90
126.966;0.00487241;90
126.398;0.00500677;90
127.254;0.00516732;90
126.137;0.00478199;90
120.854;0.00536997;90
103.995;0.00681428;90
100.763;0.00714876;90
100.92;0.00827688;90
100.764;0.00759769;90
101.035;0.0076698;90
103.866;0.00708547;90
103.366;0.00709417;90
102.972;0.00708787;90
104.074;0.00694962;90
102.964;0.00707431;90
100.313;0.00189359;90
91.1418;0.0040148;90
91.2599;0.00541231;90
90.7995;0.00680866;90
94.3252;0.00753145;90
95.4575;0.00713936;90
99.4697;0.00640022;90
103.704;0.0076189;90
100.437;0.00753467;90
98.4138;0.00782522;90
102.797;0.00599082;90
103.655;0.00729005;90
99.7267;0.00726849;90
97.2716;0.00707893;90
98.9706;0.00722133;90
98.7613;0.00661114;90
98.995;0.00638958;90
100.085;0.0061673;90
96.9644;0.0061937;90
90.7473;0.0059035;90
81.7538;0.00593335;90
85.1703;0.0128275;90
98.0354;0.0058161;90
97.3509;0.00619794;90
89.1889;0.00586359;90
79.3411;0.00600664;90
77.1821;0.00539545;90
77.5888;0.00417353;90
73.8607;0.00491053;90
74.7423;0.00391396;90
79.1528;0.00711513;90
83.8482;0.00537495;90
84.7261;0.00626653;90
85.9065;0.012944;90
98.7743;0.00635234;90
114.131;0.00484322;90
119.74;0.00616043;90
105.122;0.00720654;90
115.68;0.00570444;90
112.184;0.00659735;90
108.927;0.00541054;90
106.9;0.00787405;90
103.932;0.00640028;90
106.445;0.00410806;90
109.514;0.00532274;90
121.351;0.00410543;90
129.827;0.00235293;90
126.69;0.00249041;90
123.647;0.0018319;90
124.499;0.00119883;90
132.51;0.00141626;90
150.821;0.00148092;90
153.849;0.00191725;90
-161.63;0.00194512;90
-123.636;0.0035132;90
-111.097;0.00567862;90
-116.481;0.00580171;90
-136.408;0.00434507;90
-162.583;0.00357805;90
169.38;0.00309298;90
164.459;0.00247447;90
144.849;0.00174038;90
109.166;0.00463596;90
139.502;0.00590985;90
139.176;0.00485516;90
135.803;0.0049474;90
130.197;0.0049828;90
95.424;0.00533187;90
84.5078;0.00634211;90
83.515;0.00729568;90
83.5701;0.00803655;90
87.7387;0.00773002;90
92.7356;0.00766874;90
92.9858;0.00614334;90
93.8404;0.00985413;90
96.5809;0.00825439;90
99.4176;0.00737034;90
99.0655;0.00750171;90
99.6392;0.00772202;90
102.037;0.00757658;90
104.471;0.00757121;90
106.439;0.00715551;90
111.754;0.00669153;90
120.117;0.00601271;90
119.817;0.00607758;90
120.022;0.00631183;90
131.99;0.00514352;90
154.571;0.00405926;90
159.639;0.00436578;90
157.382;0.00415777;90
156.368;0.00360972;90
136.554;0.00544885;90
129.147;0.00563745;90
130.051;0.00490936;90
127.786;0.00519166;90
119.405;0.0056866;90
105.785;0.0063671;90
97.4517;0.00876704;90
97.512;0.00787862;90
114.401;0.00578033;90
141.36;0.00413657;90
158.589;0.00335559;90
168.97;0.0033346;90
164.69;0.00338202;90
161.397;0.00291848;90
128.164;0.00849477;90
104.898;0.00201473;90
104.325;0.00472077;90
108.375;0.00542141;90
113.746;0.00478292;90
113.8;0.00614561;90
116.87;0.00588094;90
104.555;0.00658948;90
104.114;0.0071354;90
98.924;0.00698151;90
96.4736;0.0079205;90
94.4761;0.0069833;90
98.0838;0.00629354;90
98.084;0.00702582;90
98.8997;0.00678063;90
94.4264;0.0112726;90
92.663;0.00262584;90
96.4541;0.00566692;90
111.356;0.00540408;90
117.866;0.00480744;90
129.476;0.00327639;90
134.209;0.0031738;90
128.909;0.0036253;90
130.314;0.00366162;90
147.585;0.00335233;90
123.704;0.0045233;90
114.783;0.00486177;90
136.501;0.00359121;90
147.692;0.00325371;90
147.297;0.00312426;90
148.495;0.00319379;90
143.063;0.0035994;90
121.387;0.00385162;90
111.203;0.00542204;90
114.317;0.00508515;90
-149.724;0.00147174;90
-142.272;0.00232386;90
-148.561;0.00169481;90
-168.334;0.00170624;90
104.529;0.00118386;90
-178.274;0.000531241;90
-174.392;0.00111534;90
105.542;0.00105248;90
97.6914;0.00230877;90
99.5755;0.00158103;90
107.858;0.00204135;90
107.425;0.00139921;90
107.804;0.00241043;90
111.378;0.00200816;90
100.576;0.00232652;90
172.875;0.000596607;90
126.688;0.00125701;90
-45.859;0.00122626;90
92.7575;0.00428196;90
120.323;0.0072533;90
127.105;0.00102441;90
116.12;0.00230322;90
134.913;0.00326896;90
139.355;0.00301674;90
139.475;0.00372437;90
113.481;0.00492917;90
97.9649;0.00627857;90
91.7499;0.00599279;90
93.7268;0.00646166;90
110.773;0.00810914;90
132.059;0.00147485;90
138.549;0.00247892;90
136.095;0.00347819;90
128.616;0.00328152;90
131.481;0.005127;90
142.117;0.00365277;90
123.977;0.00531077;90
115.497;0.00508749;90
120.997;0.00500004;90
124.389;0.00520708;90
118.036;0.00521041;90
113.811;0.00442134;90
116.569;0.00693539;90
126.888;0.0050262;90
120.685;0.00550243;90
107.714;0.00482475;90
109.501;0.00440044;90
104.928;0.00416145;90
116.152;0.00117754;90
114.596;0.00340933;90
145.206;0.0027496;90
-135.354;0.00228966;90
-139.193;0.00226314;90
-171.589;0.00135356;90
142.629;0.00155526;90
150.17;0.00275618;90
152.872;0.00255058;90
169.745;0.00394299;90
154.367;0.000769756;90
83.6598;0.00220951;90
-70.0963;0.000863586;90
80.5511;0.00420302;90
73.4922;0.0023509;90
80.1045;0.00123944;90
77.6656;0.00150269;90
70.7732;0.000983879;90
80.369;0.00161983;90
130.29;0.00149847;90
129.427;0.00164544;90
79.4013;0.00319145;90
74.5942;0.000933544;90
75.7745;0.00161554;90
73.5801;0.00223933;90
72.4794;0.00231856;90
76.8179;0.00174087;90
81.0401;0.00374976;90
81.1279;0.00311224;90
107.9;0.00213431;90
133.173;0.00212947;90
-118.007;0.00227435;90
120.522;0.00240414;90
87.6305;0.00101587;90
81.1871;0.00104433;90
101.777;0.00274376;90
58.454;0.00128253;90
-73.6126;0.00151348;90
-69.4889;0.00268844;90
-57.8058;0.00360179;90
-48.9109;0.00105747;90
-42.8339;0.00106637;90
-34.0644;0.0025048;90
-31.9045;0.00283062;90
-33.0511;0.00176572;90
-28.7214;0.00061804;90
-35.4622;0.00158748;90
-50.017;0.00330708;90
-67.3729;0.00485792;90
-74.8992;0.00566564;90
-74.7222;0.0053283;90
-76.3849;0.00541209;90
-85.7045;0.00519359;90
-104.036;0.00339744;90
-114.993;0.00200472;90
-124.89;0.00210666;90
-79.476;0.00371753;90
-71.4841;0.00425105;90
-71.9509;0.00478969;90
-68.0865;0.00502938;90
-53.8931;0.00413037;90
-54.2953;0.00430769;90
-63.9962;0.00588919;90
-65.5512;0.00590993;90
-60.5205;0.0053565;90
-55.198;0.00464482;90
-61.6941;0.00450463;90
-62.2141;0.00468071;90
-58.0522;0.00474349;90
-40.9942;0.00354277;90
-45.6084;0.00372949;90
-49.3925;0.00401614;90
-46.5947;0.00343009;90
-42.4817;0.00318647;90
-51.3757;0.00377597;90
-68.9073;0.00454877;90
-77.9229;0.00499455;90
-89.8058;0.00678704;90
-84.0784;0.00621315;90
-77.7442;0.00571423;90
-49.4474;0.0042129;90
-40.4774;0.00270817;90
-37.5845;0.00242159;90
-55.3101;0.00273398;90
-57.402;0.00263392;90
-59.504;0.00285726;90
-57.9195;0.00218222;90
-53.9391;0.00213881;90
-65.7243;0.00163453;90
-93.7208;0.0029432;90
-120.783;0.00092421;90
125.561;0.000866626;90
-39.7903;0.000957844;90
89.4164;0.00412321;90
119.129;0.00118944;90
122.989;0.00290185;90
119.414;0.00374244;90
123.543;0.00216805;90
51.2232;0.00137636;90
2.68247;0.0013675;90
16.1961;0.00103612;90
79.2157;0.000491684;90
-132.019;0.00095164;90
-100.72;0.00375249;90
-62.8919;0.00169859;90
-62.0136;0.00274047;90
-55.1726;0.00285061;90
-92.9582;0.00286782;90
-124.858;0.00140146;90
110.884;0.000858394;90
-44.3065;0.012912;90
-53.8934;0.00968286;90
-65.3683;0.00934538;90
-46.1471;0.00187209;90
-37.7939;0.00198426;90
-32.2866;0.00371428;90
-29.6547;0.00378356;90
-34.2952;0.00362406;90
-52.2766;0.00437689;90
-65.7807;0.00493869;90
-49.8727;0.00323823;90
-31.7922;0.00276365;90
-45.9504;0.00332527;90
-55.4067;0.00327258;90
-43.2039;0.00471518;90
-49.3187;0.00085449;90
-58.2183;0.00260687;90
-64.7373;0.00499801;90
-69.7016;0.00538758;90
-83.6868;0.00610201;90
-87.1265;0.00594447;90
-85.5304;0.00582572;90
-83.1408;0.00638873;90
-81.8264;0.00670309;90
-81.725;0.00660072;90
-81.9705;0.00660778;90
-86.0346;0.00662286;90
-82.8538;0.00671214;90
-77.3192;0.00637756;90
-77.1108;0.00619099;90
-71.3377;0.00581895;90
-65.213;0.00537631;90
-64.9331;0.00561042;90
-67.2563;0.00587155;90
-72.6987;0.00589785;90
-74.6676;0.00604723;90
-59.0004;0.0049395;90
-26.0037;0.00351482;90
-16.5571;0.00335825;90
-10.0194;0.00348312;90
-12.9569;0.00364377;90
-33.3272;0.00363475;90
-50.4503;0.00441463;90
-73.3887;0.00599207;90
-85.31;0.00704459;90
-82.5497;0.00653215;90
-75.8508;0.00652083;90
-62.7343;0.00523011;90
-49.7709;0.00462495;90
-54.8425;0.00453783;90
-43.7036;0.00446935;90
-56.1041;0.00478765;90
-43.4518;0.00403057;90
-18.6183;0.00345797;90
-20.7514;0.00353642;90
-21.7202;0.00340473;90
-19.8342;0.00341881;90
-33.373;0.0037085;90
-50.3769;0.00430116;90
-61.1729;0.00508744;90
-61.1332;0.00497748;90
-59.9375;0.00512433;90
-63.896;0.00527953;90
-69.2485;0.00586766;90
-74.8345;0.00583314;90
-75.5468;0.00629833;90
-76.6914;0.0066465;90
-80.0308;0.00676413;90
-80.572;0.00631226;90
-80.3187;0.00627943;90
-81.0096;0.00654643;90
-83.7657;0.0068143;90
-86.321;0.00682607;90
-87.9772;0.00660111;90
-85.9351;0.00710989;90
-89.8406;0.00683103;90
-93.3614;0.00670253;90
-96.5889;0.00658852;90
-98.0276;0.00608664;90
-95.462;0.00525285;90
-88.4314;0.00515093;90
-52.5413;0.00737599;90
-43.7213;0.00158431;90
-41.7481;0.00324094;90
-41.744;0.00383447;90
-41.1905;0.00352281;90
-47.0983;0.00355347;90
-71.9561;0.00236323;90
-87.8617;0.00123286;90
-22.5357;0.00162292;90
-16.0219;0.00277894;90
-6.83985;0.00311517;90
20.8561;0.00319644;90
42.3197;0.00368948;90
63.3369;0.00496497;90
66.0869;0.00459109;90
68.9829;0.00423258;90
52.5383;0.00199431;90
12.1106;0.00101049;90
-5.26965;0.00144812;90
-22.4767;0.000677464;90
-22.8133;0.000546772;90
-21.8986;0.00120386;90
-43.981;0.00143141;90
-58.6637;0.00168827;90
-50.1621;0.00181544;90
-60.3068;0.00192589;90
-47.2377;0.00177478;90
-53.4699;0.00269805;90
-65.1866;0.00408184;90
-71.4076;0.0054072;90
-74.2976;0.00631466;90
-74.3979;0.00632818;90
-72.1299;0.00612658;90
-69.7604;0.00595468;90
-67.8751;0.00545897;90
-65.4242;0.00553984;90
-74.2329;0.00613483;90
-62.735;0.0052717;90
-64.1141;0.0055843;90
-80.4753;0.00603723;90
-92.0075;0.00599468;90
-95.091;0.00601774;90
-94.2128;0.00555401;90
-96.6415;0.0054385;90
-100.716;0.00541545;90
-101.541;0.00539814;90
-107.588;0.00573194;90
-102.939;0.00638616;90
-102.065;0.00578887;90
-96.155;0.00700438;90
-89.061;0.00652888;90
-81.7244;0.00646128;90
-84.4069;0.00693602;90
-96.5467;0.00652555;90
-99.4312;0.00605383;90
-94.779;0.00650562;90
-83.2287;0.00566552;90
-78.9136;0.00613142;90
-82.0287;0.00530728;90
-80.6597;0.00540364;90
-80.1085;0.00572815;90
-81.9697;0.0057625;90
-81.7782;0.00627247;90
-80.5377;0.00661196;90
-78.7886;0.00604333;90
-76.7241;0.00621407;90
-79.2965;0.00646651;90
-83.7114;0.00637234;90
-78.8744;0.00585096;90
-75.8186;0.005841;90
-76.7595;0.00612995;90
-85.3028;0.0065209;90
-85.2867;0.00557385;90
-85.8091;0.00515879;90
-90.0417;0.005491;90
-88.8117;0.004629;90
-87.9442;0.0043488;90
-78.4254;0.00819362;90
-78.2376;0.00198672;90
-76.1212;0.00529457;90
-76.0984;0.00639738;90
-77.0025;0.00588682;90
-77.1273;0.00616289;90
-76.1091;0.00621475;90
-79.1556;0.00646852;90
-80.9108;0.00608338;90
-79.4475;0.00597912;90
-78.5608;0.00686742;90
-76.3319;0.00611518;90
-71.6269;0.00556783;90
-55.5392;0.00457725;90
-51.6563;0.00455691;90
-54.0114;0.0084782;90
-54.2675;0.00191438;90
-52.8877;0.00326163;90
-55.9819;0.00465096;90
-67.5441;0.00567318;90
-68.4445;0.00540824;90
-68.2243;0.00537774;90
-69.9009;0.00515068;90
-55.7947;0.00345454;90
-47.2511;0.00352836;90
-51.744;0.00394395;90
-49.4326;0.0040348;90
-41.5795;0.00369768;90
-41.7755;0.00351989;90
-46.7159;0.00384909;90
-44.1991;0.003794;90
-51.104;0.0064038;90
-68.8037;0.00290128;90
-76.2212;0.00566811;90
-76.3403;0.00597912;90
-74.6174;0.00606943;90
-76.317;0.00590149;90
-71.435;0.00487466;90
-59.5154;0.00442928;90
-68.9228;0.00580326;90
-67.7667;0.00566628;90
-69.6004;0.00570051;90
-68.8215;0.00589302;90
-79.7066;0.00674353;90
-87.907;0.00657138;90
-89.1302;0.00731184;90
-108.209;0.000963237;90
168.827;0.00131084;90
-83.6905;0.00350322;90
-81.0542;0.0023344;90
-83.332;0.00272141;90
-82.832;0.00297324;90
-82.5593;0.003444;90
-88.7184;0.00236959;90
-116.926;0.000496864;90
32.7035;0.00119195;90
13.0032;0.00250216;90
18.3519;0.00218197;90
-21.9408;0.00221331;90
-25.9506;0.00150138;90
-23.5429;0.00201034;90
8.79991;0.00243162;90
15.7816;0.00269145;90
11.0485;0.00309435;90
13.8835;0.00363829;90
33.0069;0.00367515;90
38.5842;0.00390435;90
41.3728;0.00343139;90
35.7117;0.00317625;90
54.4035;0.00373492;90
53.8597;0.00436615;90
49.5275;0.00386083;90
18.9046;0.0034723;90
-8.84807;0.0034197;90
17.2393;0.00345522;90
26.2579;0.00341989;90
29.3569;0.00386538;90
23.9459;0.00280875;90
39.4749;0.00321672;90
36.9557;0.0034714;90
7.13339;0.0025447;90
-1.56674;0.00299912;90
27.5492;0.00304642;90
35.5278;0.00335572;90
43.808;0.00339909;90
56.5052;0.00398832;90
50.7771;0.00321031;90
51.7474;0.00340639;90
26.0869;0.00321558;90
5.74915;0.0023659;90
-3.2093;0.0028044;90
-34.0606;0.00244434;90
-29.4478;0.00270325;90
-29.8046;0.00261949;90
-43.3994;0.00296181;90
-25.6214;0.00252531;90
18.8982;0.00246381;90
35.1464;0.00170237;90
11.4415;0.00136615;90
21.7522;0.00259584;90
18.9151;0.00275476;90
25.5261;0.0029843;90
47.7781;0.00424551;90
60.8625;0.00429445;90
57.3126;0.008638;90
61.1703;0.00252381;90
56.6026;0.00428928;90
27.4181;0.00303379;90
24.9408;0.00814122;90
-28.6289;0.00149019;90
-21.0642;0.00740373;90
41.7568;0.00216226;90
50.5911;0.00887611;90
8.80245;0.00147032;90
7.04775;0.00128773;90
15.8858;0.0130681;90
11.0344;0.00167191;90
35.2051;0.00746915;90
24.5434;0.00119167;90
29.0061;0.00149102;90
46.866;0.0116614;90
62.2636;0.00192521;90
46.5359;0.00356156;90
26.3465;0.00340019;90
17.291;0.00346876;90
33.8661;0.00424403;90
54.2278;0.0149701;90
56.7285;0.00132882;90
35.8815;0.00153043;90
-31.1163;0.00657151;90
-58.547;0.00150633;90
-47.083;0.00173143;90
-42.736;0.00352627;90
-39.849;0.00337877;90
-60.2467;0.00505776;90
-61.7623;0.00430537;90
-65.6673;0.00502871;90
-63.6205;0.00483217;90
-47.8664;0.00354917;90
-4.34505;0.00360336;90
8.71998;0.00299461;90
22.1377;0.00329058;90
31.751;0.00355739;90
-0.957817;0.00352949;90
4.29307;0.00328622;90
45.6808;0.00422526;90
57.4356;0.0052801;90
59.8892;0.00543779;90
70.3201;0.00606953;90
59.0562;0.00492029;90
13.3009;0.00689804;90
-34.8118;0.00177094;90
-13.0756;0.00175038;90
34.8437;0.00382959;90
55.6933;0.00456156;90
36.0782;0.00306849;90
34.9678;0.00386833;90
34.1303;0.00386221;90
48.1764;0.00453032;90
52.479;0.00528034;90
17.6879;0.00334724;90
-14.8948;0.00322123;90
-19.1215;0.00319318;90
33.3987;0.0024543;90
100.945;0.00433994;90
96.5898;0.00499299;90
53.1038;0.0030448;90
4.186;0.00256183;90
48.0454;0.00352708;90
50.3275;0.00396775;90
51.5195;0.00434071;90
50.1669;0.0042635;90
43.9138;0.00432686;90
4.4208;0.00298388;90
-7.05821;0.00297857;90
-1.79897;0.00296246;90
23.4791;0.003406;90
38.0824;0.0039981;90
34.1664;0.00380343;90
45.1321;0.00429356;90
62.2405;0.0054062;90
65.3179;0.00541689;90
59.7746;0.00519066;90
47.4691;0.00448085;90
45.0277;0.0043876;90
46.8644;0.0043687;90
45.8701;0.00474948;90
48.0531;0.00464663;90
46.9705;0.00442132;90
55.7192;0.00492323;90
58.4454;0.00532188;90
58.2817;0.00501385;90
55.8822;0.00505263;90
42.5934;0.00466465;90
38.303;0.00423833;90
41.8994;0.00465392;90
60.3105;0.00551384;90
60.471;0.00559587;90
57.0283;0.00511002;90
44.1802;0.00489297;90
48.6754;0.00474313;90
58.3524;0.00543175;90
58.4302;0.00548003;90
55.3319;0.00521605;90
51.3096;0.00497991;90
49.6174;0.0054284;90
48.3923;0.00477993;90
50.7271;0.00487509;90
49.9923;0.00435533;90
50.9742;0.00420538;90
30.2901;0.00342798;90
5.46259;0.00317241;90
2.38222;0.00639953;90
7.56018;0.00120851;90
5.74518;0.00164828;90
-6.44719;0.00147835;90
-27.4426;0.00242373;90
-51.4361;0.00391731;90
-41.5303;0.00410096;90
-8.00499;0.00343245;90
-7.58619;0.00716572;90
-11.617;0.00139048;90
-19.5156;0.00223012;90
-46.1677;0.00475345;90
-65.2881;0.00582219;90
-64.514;0.00598433;90
-60.1026;0.00563951;90
-46.2695;0.00411708;90
-6.98932;0.00308996;90
36.9438;0.003875;90
44.3514;0.00468488;90
23.3641;0.00363615;90
33.7212;0.00408176;90
28.2488;0.00410943;90
31.2872;0.00425358;90
-34.8232;0.0031416;90
-34.3538;0.00328016;90
-11.5662;0.0027182;90
-17.1446;0.00241533;90
-29.6599;0.00351217;90
-4.24242;0.00351463;90
-7.64892;0.00341842;90
-3.24979;0.00331633;90
-37.3186;0.00400992;90
-10.9467;0.00566101;90
-17.9089;0.00151543;90
-2.42391;0.00219897;90
-0.853989;0.00308634;90
-27.0156;0.00369633;90
-50.4584;0.00447506;90
-55.3711;0.0047056;90
-37.6975;0.003794;90
-36.3644;0.00401236;90
-34.177;0.00381842;90
-39.8327;0.00405903;90
-42.4189;0.00403531;90
-38.7674;0.00399259;90
-21.3129;0.00361525;90
-8.73204;0.00339232;90
31.2623;0.00358797;90
22.9146;0.00360336;90
-14.8217;0.00339703;90
-19.1367;0.00366662;90
-42.5188;0.00462245;90
-45.2663;0.00425966;90
26.771;0.00323472;90
66.6217;0.00473034;90
83.125;0.00557207;90
76.4323;0.0035295;90
-35.1865;0.00354713;90
-59.2912;0.00508738;90
-60.2069;0.00530522;90
-48.5748;0.00479715;90
-51.4515;0.0049023;90
-41.9374;0.00469836;90
-44.5771;0.00440681;90
-42.7403;0.00419641;90
-43.6461;0.00442914;90
-47.7312;0.00471893;90
-41.8221;0.00477041;90
-36.2095;0.00388666;90
-35.4424;0.00377317;90
-41.394;0.00383375;90
-51.7558;0.00510327;90
-61.3004;0.00528302;90
-64.5862;0.00511939;90
-49.0013;0.00417504;90
-41.5083;0.00402879;90
-43.977;0.00396043;90
-56.1951;0.00373675;90
-73.655;0.00421432;90
-52.2885;0.00334976;90
-49.158;0.00410566;90
-44.7584;0.00402489;90
-52.0844;0.0042083;90
-63.2572;0.00403567;90
-67.8471;0.00393552;90
-57.6233;0.00386006;90
-43.4944;0.0034448;90
-40.5089;0.00316057;90
-50.6274;0.00343968;90
-69.29;0.00474779;90
-67.5202;0.00446963;90
-73.8574;0.00490957;90
-70.0119;0.00488846;90
-62.1741;0.00467451;90
-60.197;0.00476641;90
-61.0669;0.00476242;90
-54.1782;0.00440654;90
-8.68359;0.0034111;90
-6.29798;0.00539657;90
-38.5573;0.0018338;90
-70.6438;0.00466148;90
-84.7623;0.00718601;90
-73.8935;0.0063513;90
-53.6611;0.00416498;90
-36.2622;0.00403563;90
-12.8574;0.00363104;90
-34.1301;0.00371965;90
-27.4636;0.00319395;90
-18.5432;0.00317904;90
-10.4333;0.00319177;90
52.5423;0.00327537;90
64.7525;0.00433733;90
73.0288;0.00518688;90
78.7773;0.00566737;90
53.6901;0.0041746;90
29.6585;0.00362145;90
39.3083;0.00385009;90
44.4531;0.00422233;90
29.9081;0.00378853;90
-13.4758;0.00324844;90
3.85954;0.00352099;90
59.5492;0.00492306;90
35.809;0.00360802;90
-21.3018;0.00283252;90
-32.6806;0.00346325;90
-36.6308;0.00460064;90
-47.9403;0.0107523;90
-44.5907;0.0245485;90
-22.1982;0.00370025;90
-22.0507;0.00392619;90
-17.4511;0.00401479;90
-5.80986;0.00246969;90
-13.8103;0.00270623;90
-29.8302;0.00424782;90
-29.1351;0.00428862;90
-30.123;0.0041725;90
-27.4866;0.00417081;90
-30.0705;0.0040813;90
-54.2749;0.00543588;90
-64.6321;0.00614337;90
-63.6365;0.00635718;90
-43.2383;0.00480706;90
-33.5671;0.0043949;90
-12.0004;0.0038573;90
-11.7314;0.00373298;90
-13.2293;0.00378854;90
-41.5516;0.00487868;90
-30.0507;0.00350862;90
30.0912;0.00404286;90
-17.5439;0.00392454;90
-17.1341;0.00390009;90
0.836812;0.00383441;90
9.53745;0.00388672;90
-20.3155;0.00418215;90
-40.662;0.00450587;90
-53.5956;0.00521837;90
-57.7822;0.00586151;90
-60.862;0.00600722;90
-58.1375;0.006079;90
-45.834;0.00884119;90
-25.7682;0.00164009;90
-33.1631;0.00346785;90
-33.1604;0.00446997;90
-35.1083;0.00456076;90
-38.4068;0.00452643;90
-50.0598;0.00512315;90
-46.46;0.00446824;90
-18.5797;0.00350571;90
14.779;0.00312436;90
18.3252;0.0036322;90
23.918;0.00353452;90
24.0453;0.00358072;90
22.7883;0.00355771;90
20.1471;0.00364077;90
4.60483;0.00332574;90
-16.3895;0.00625518;90
-24.3238;0.00157808;90
-39.8882;0.00292846;90
-42.2449;0.00414844;90
-56.4549;0.00471413;90
-60.0231;0.00523766;90
-65.8794;0.00680518;90
-66.1382;0.00693147;90
-68.4036;0.00731663;90
-70.8293;0.00736334;90
-78.6449;0.00796389;90
-82.2973;0.00879637;90
-85.1989;0.00851889;90
-84.1966;0.00841614;90
-86.3769;0.00832364;90
-83.6675;0.00826845;90
-86.5231;0.00855775;90
-88.5237;0.0078406;90
-88.3423;0.00580743;90
-76.3721;0.00534344;90
-72.1856;0.00563519;90
-82.1298;0.00601768;90
-86.0619;0.0069454;90
-77.3899;0.00588598;90
-78.524;0.00602138;90
-81.099;0.00635959;90
-82.5254;0.00583458;90
-84.9798;0.00702796;90
-93.0011;0.00540541;90
-112.494;0.0034397;90
-94.1076;0.00575177;90
-97.2276;0.00658129;90
-98.8707;0.00657565;90
-99.6939;0.00833806;90
-27.9454;0.00074259;90
-46.0798;0.00277659;90
-45.1314;0.00369959;90
-56.3812;0.00624205;90
-52.263;0.00163879;90
-30.3508;0.00240455;90
-37.7042;0.00644228;90
-67.9465;0.00219457;90
-66.5195;0.00416378;90
-75.7368;0.00667269;90
-81.7589;0.00737415;90
-85.7717;0.00806996;90
-83.3341;0.00746043;90
-77.7362;0.00729241;90
-73.7147;0.00676128;90
-68.0758;0.00632331;90
-68.2768;0.00693554;90
-67.2123;0.00622487;90
-74.9484;0.00703537;90
-75.7021;0.00679859;90
-65.7831;0.00628729;90
-32.5529;0.00456997;90
-23.8124;0.0038366;90
-39.8005;0.00431484;90
-59.146;0.00554936;90
-64.5583;0.00604525;90
-53.4577;0.00556249;90
-48.1602;0.00479724;90
-53.5261;0.00517952;90
-62.0415;0.00579313;90
-66.751;0.00626253;90
-71.2517;0.00682303;90
-76.3189;0.012405;90
-80.2243;0.00291533;90
-74.5329;0.0060221;90
-66.1955;0.00633274;90
-68.9885;0.00664054;90
-72.605;0.00700433;90
-66.5786;0.00624669;90
-65.023;0.00572877;90
-62.362;0.00573205;90
-65.232;0.0117366;90
-75.0623;0.00292898;90
-76.1188;0.0051978;90
-82.2988;0.00746231;90
-85.8107;0.00767952;90
-92.1801;0.00812288;90
-90.466;0.030987;90
-90;0.007653;90
-93.3923;0.00767244;90
-85.7515;0.0154424;90
-66.226;0.00617171;90
-69.1724;0.00644623;90
-61.7646;0.00581491;90
-72.3052;0.00643862;90
-83.7852;0.00837824;90
-91.9866;0.00758656;90
-96.5884;0.00774817;90
-95.6006;0.00777713;90
-88.9642;0.00780027;90
-80.8965;0.00769189;90
-74.6616;0.0069371;90
-71.6532;0.00678594;90
-75.0161;0.00681885;90
-73.6139;0.00657194;90
-71.5436;0.00760306;90
-77.6481;0.00709626;90
-89.5582;0.00791024;90
-98.4567;0.00749347;90
-89.1128;0.00787894;90
-90.1955;0.00791205;90
-90;0.00875;90
-84.7422;0.00745336;90
-71.5312;0.0074908;90
-66.7791;0.00639397;90
-64.2055;0.00465591;90
-59.3506;0.00437637;90
-55.384;0.00398188;90
-44.2559;0.00343046;90
-38.3879;0.00375212;90
-24.7727;0.00804976;90
-12.6843;0.00143912;90
-18.9574;0.00260108;90
-18.1906;0.00400411;90
-5.6282;0.00387468;90
-11.1826;0.00397038;90
-31.6215;0.00401865;90
-14.499;0.00411402;90
5.14396;0.00380332;90
2.65869;0.00370799;90
-15.907;0.00369239;90
-18.7529;0.00393172;90
-35.2653;0.00462101;90
-36.7027;0.00445402;90
-32.5744;0.00425896;90
-28.1867;0.00421936;90
-34.6763;0.00884628;90
-40.1553;0.00207641;90
-42.125;0.00272084;90
-43.9444;0.00924982;90
-41.5642;0.00151027;90
-46.587;0.00326809;90
-20.8312;0.00416742;90
-18.3507;0.00408788;90
-16.4373;0.00710331;90
0.407213;0.00140704;90
-16.2021;0.00303556;90
-36.3875;0.00935873;90
-51.2149;0.00207056;90
-50.6986;0.00269182;90
-48.3759;0.00501927;90
-45.0899;0.0049547;90
-47.9598;0.010613;90
-43.5904;0.00206962;90
-57.738;0.00205885;90
-55.316;0.00585186;90
-62.2061;0.00619354;90
-56.0529;0.0121788;90
-55.0889;0.00191332;90
-47.9928;0.00255968;90
-60.1834;0.00594499;90
-54.3652;0.0107721;90
-19.0124;0.000847217;90
-9.51196;0.00265652;90
-6.77123;0.00343496;90
-14.0693;0.00420411;90
-3.65667;0.00382579;90
20.0642;0.00808573;90
18.8112;0.0017336;90
39.6215;0.00239136;90
37.6635;0.00791296;90
45.4979;0.00203442;90
31.3235;0.00330467;90
-5.00952;0.00723765;90
-20.531;0.00134012;90
-11.8441;0.00265043;90
-1.41146;0.00381616;90
-16.2853;0.00375152;90
-25.7214;0.00400926;90
-41.8406;0.00484964;90
-45.991;0.00494695;90
-39.8813;0.00474736;90
-50.1261;0.00472469;90
-59.2422;0.00648989;90
-62.2866;0.00591335;90
-60.8901;0.0058419;90
-59.4089;0.00529959;90
-57.2769;0.00539051;90
-67.3265;0.00682008;90
-80.0689;0.00725369;90
-90.8375;0.00759381;90
-90.7886;0.00799276;90
-86.0039;0.00820796;90
-81.7664;0.00775089;90
-77.4806;0.00793467;90
-77.1388;0.0139674;90
-84.7792;0.00256062;90
-88.6384;0.00593368;90
-95.9621;0.00818326;90
-96.0294;0.00795903;90
-84.7433;0.00782591;90
-77.6557;0.00744205;90
-85.8588;0.0141108;90
-101.581;0.00253051;90
-109.511;0.00397315;90
-99.7169;0.00621517;90
-93.4217;0.00748935;90
-93.9837;0.00680845;90
-91.6576;0.00646471;90
-85.8696;0.00710846;90
-80.3615;0.00646831;90
-81.0985;0.00695375;90
-79.0606;0.00715604;90
-76.2049;0.0103166;90
-71.3103;0.00540502;90
-64.5813;0.0126296;90
-72.0231;0.00668432;90
-116.713;0.0045048;90
-119.032;0.00122605;90
-119.952;0.00330083;90
-110.581;0.00353886;90
-100.491;0.0023452;90
-100.436;0.00366564;90
-99.8264;0.00460557;90
0;0;90
-93.6088;0.00495683;90
-86.997;0.00582199;90
-86.7442;0.00677894;90
-81.8711;0.00685285;90
-79.861;0.00689061;90
-84.5843;0.00759691;90
-84.5426;0.00842218;90
-83.0664;0.00746358;90
-82.7512;0.00752111;90
-82.4588;0.00793967;90
-88.8059;0.00839782;90
-88.9728;0.0080883;90
-90.3073;0.00913613;90
-90.369;0.00838417;90
-91.3684;0.00829136;90
-90.1019;0.00843201;90
-89.178;0.00822485;90
-90.3631;0.00899418;90
-90.0276;0.008305;90
-88.2805;0.00826472;90
-90.3888;0.00840019;90
-93.0351;0.00808334;90
-89.5383;0.00806626;90
-83.166;0.00859708;90
-77.5621;0.00779085;90
-79.9737;0.00780012;90
-87.6479;0.00845512;90
-85.9858;0.00828533;90
-81.775;0.0081084;90
-77.8648;0.00840072;90
-70.6272;0.00591172;90
-81.5991;0.00571533;90
-82.4448;0.00632793;90
-78.304;0.0061119;90
-77.1942;0.00814356;90
-71.5945;0.00739214;90
-67.9074;0.00697945;90
-67.0676;0.00675487;90
-67.8516;0.00702108;90
-68.0612;0.00704734;90
-74.1756;0.00760938;90
-80.1261;0.00874148;90
-82.4125;0.00843687;90
-91.3171;0.00861428;90
-96.353;0.00841367;90
-98.2078;0.00844753;90
-100.587;0.00818026;90
-97.3021;0.0153344;90
-105.096;0.00251892;90
-115.185;0.00440141;90
-138.815;0.00385733;90
-172.096;0.0035053;90
-144.631;0.00390094;90
-123.632;0.00522694;90
-118.494;0.00612493;90
-115.592;0.00624355;90
-109.098;0.00710295;90
-103.136;0.00748485;90
-105.216;0.00770408;90
-110.879;0.00668924;90
-110.309;0.00698953;90
-106.092;0.00730939;90
-91.9324;0.00779944;90
-85.6376;0.0152502;90
-94.463;0.00280149;90
-93.9588;0.00579382;90
-89.1779;0.0077368;90
-87.122;0.00659231;90
-96.3153;0.00710914;90
-118.904;0.005555;90
-129.667;0.00440525;90
-115.109;0.00549087;90
-106.568;0.00675758;90
-109.082;0.00638062;90
-102.173;0.0144213;90
-93.1047;0.00275104;90
-89.1553;0.0054946;90
-101.169;0.00683545;90
-119.091;0.0050535;90
-109.418;0.00687296;90
-108.46;0.00643302;90
-109.179;0.00574698;90
-98.2039;0.00702893;90
-88.7595;0.00789885;90
-85.867;0.00783939;90
-81.4792;0.00821366;90
-77.2658;0.00771681;90
-78.825;0.00749715;90
-69.8779;0.006799;90
-77.0852;0.00742277;90
-81.9962;0.00789289;90
-82.0131;0.00735535;90
-84.2689;0.00779094;90
-84.0304;0.00715379;90
-80.2204;0.00682924;90
-83.0791;0.00769306;90
-83.4919;0.00719939;90
-80.8156;0.00779392;90
-85.6305;0.00811158;90
-74.0072;0.00681267;90
-60.8953;0.00643904;90
-62.1482;0.0114708;90
-78.2928;0.00325266;90
-76.6477;0.00627872;90
-83.082;0.00816948;90
-84.3329;0.00864827;90
-88.0193;0.00917148;90
-91.0993;0.00875661;90
-85.9705;0.00836769;90
-77.7179;0.0143095;90
-52.9431;0.00251241;90
-38.9472;0.00348709;90
-18.3132;0.00431557;90
11.7129;0.00320677;90
71.4952;0.00492778;90
85.1331;0.00566944;90
9.54688;0.00445571;90
-74.9946;0.0025955;90
-64.155;0.00533792;90
-62.7405;0.0055718;90
-59.1792;0.0055684;90
-49.7038;0.00511334;90
-48.9153;0.00527106;90
-49.619;0.00462749;90
-56.18;0.00562717;90
-63.3349;0.00614562;90
-65.3062;0.00654667;90
-63.6196;0.00610584;90
-65.4932;0.00671164;90
-64.6438;0.00625344;90
-65.122;0.00645609;90
-65.1578;0.00620297;90
-64.3246;0.00625012;90
-65.0684;0.00677759;90
-59.2952;0.00576756;90
-54.4562;0.00542725;90
-52.9254;0.00548724;90
-63.1228;0.00582862;90
-65.1483;0.00496584;90
-66.8549;0.00520276;90
-55.599;0.0040904;90
-50.1704;0.0042763;90
-53.7093;0.00459043;90
-57.9273;0.0045104;90
-56.705;0.00454504;90
-63.5632;0.00519306;90
-68.9165;0.00644655;90
-70.31;0.00671354;90
-70.0842;0.0121507;90
-65.0816;0.00231887;90
-68.7577;0.00435811;90
-53.4432;0.0064051;90
-57.0767;0.00140934;90
-61.5486;0.00273082;90
-49.3839;0.0025254;90
23.0194;0.00130165;90
-28.4376;0.00158756;90
63.3806;0.00235905;90
81.2957;0.00333036;90
74.3615;0.00356497;90
58.2979;0.00424546;90
54.0909;0.0049497;90
33.7034;0.00593807;90
-20.3776;0.00131531;90
-30.7818;0.00264572;90
-26.2449;0.00304155;90
7.00216;0.00335502;90
-49.4414;0.00436464;90
-35.4716;0.00372911;90
-8.91314;0.00310449;90
-5.79041;0.00657153;90
-45.7164;0.00209249;90
-56.9649;0.00363935;90
-34.1853;0.00324096;90
-37.2391;0.00338267;90
-61.9494;0.00491653;90
-71.0127;0.00633149;90
-75.0698;0.00589191;90
-69.3673;0.00542603;90
-72.0015;0.00572832;90
-73.3494;0.0110493;90
-73.6323;0.00221788;90
-70.2667;0.00450772;90
-57.3779;0.00465779;90
-29.905;0.0030628;90
-60.5692;0.00504506;90
-71.3971;0.00528514;90
-78.6665;0.00714432;90
-72.0837;0.00551967;90
-69.6486;0.00514411;90
-74.5365;0.00460573;90
-86.6037;0.00496272;90
-93.26;0.00436106;90
-75.6964;0.00426212;90
-64.4387;0.00502924;90
-52.0344;0.00443441;90
-45.4874;0.00631752;90
-2.06825;0.00116376;90
11.0612;0.00189725;90
-2.55869;0.00201601;90
-42.8035;0.00127302;90
-56.769;0.00245796;90
-67.0944;0.00344027;90
-75.123;0.00454536;90
-36.9601;0.0782325;90
-85.5763;0.00123167;90
154.968;0.00230666;90
116.126;0.00233229;90
104.843;0.0026194;90
113.405;0.00339101;90
117.352;0.0048818;90
112.356;0.00520306;90
128.532;0.0125227;90
-126.357;0.00218789;90
149.868;0.00209165;90
122.889;0.00444552;90
139.823;0.00290163;90
125.358;0.00367728;90
124.455;0.00656102;90
113.669;0.00166397;90
163.601;0.00372973;90
176.107;0.00110455;90
-168.334;0.00398123;90
-179.148;0.00107612;90
-158.724;0.00259056;90
-161.166;0.00603409;90
172.336;0.00086977;90
-168.246;0.00111437;90
-161.671;0.00307817;90
151.702;0.00522092;90
172.157;0.000762129;90
173.815;0.00102094;90
108.665;0.00716167;90
103.831;0.00223377;90
105.592;0.00407392;90
113.875;0.119973;90
136.648;0.00157326;90
141.575;0.00350129;90
135.159;0.00764951;90
168.672;0.0012218;90
175.801;0.00514882;90
172.408;0.00138514;90
143.343;0.00706165;90
136.548;0.00136097;90
177.115;0.00510647;90
144.158;0.00118179;90
147.939;0.00296524;90
-178.258;0.00509936;90
-130.14;0.00111842;90
-126.493;0.00334107;90
-124.77;0.00648976;90
-117.927;0.00109106;90
-106.707;0.00346111;90
-118.896;0.00528955;90
-167.185;0.00121732;90
-60.1499;0.00175596;90
-32.6405;0.00181695;90
-63.7651;0.00201786;90
-71.7005;0.00147141;90
-66.8666;0.0010385;90
-68.0212;0.00107945;90
-64.5912;0.00117462;90
-71.5986;0.00161877;90
-78.3333;0.00179509;90
-82.5297;0.00228439;90
-80.7208;0.00298303;90
-83.1183;0.00216157;90
-85.6994;0.00224031;90
-83.7261;0.00286415;90
-82.4054;0.0018462;90
-87.4617;0.0136834;90
-87.6282;0.00186059;90
-100.057;0.00225058;90
-100.135;0.0178607;90
-104.036;0.00190487;90
-95.374;0.0164965;90
-162.196;0.0010335;90
-143.87;0.00221498;90
-134.078;0.000702955;90
32.7685;0.00372474;90
46.3589;0.00211697;90
81.0386;0.00558518;90
84.5419;0.0332427;90
93.1588;0.00317583;90
92.1477;0.0117943;90
91.6772;0.00157167;90
101.236;0.0165665;90
116.153;0.00838547;90
-29.6233;0.00204534;90
68.6294;0.0026674;90
80.1827;0.00374179;90
74.5399;0.00316243;90
61.9647;0.00280629;90
50.7305;0.00324344;90
52.8936;0.00402123;90
33.6508;0.00364355;90
-11.4281;0.00351774;90
-33.2156;0.00378429;90
7.43363;0.00333906;90
-40.1563;0.00407831;90
-38.0859;0.00474027;90
-6.16533;0.00604295;90
-16.6785;0.0044878;90
-64.0382;0.00199647;90
-43.0723;0.00744156;90
-28.0788;0.00160829;90
-56.6146;0.00417251;90
-70.2467;0.00700946;90
-75.3808;0.00722284;90
-72.229;0.0147372;90
-69.8832;0.00267201;90
-75.1542;0.00370777;90
-62.4607;0.0135977;90
-32.0661;0.00320024;90
-75.13;0.0195187;90
-59.8946;0.00212922;90
-81.4899;0.0170356;90
-84.8243;0.00110852;90
-73.8541;0.00655557;90
-61.3297;0.00137566;90
-45.2441;0.00232357;90
-48.1848;0.00448008;90
-46.4295;0.00422345;90
-12.4093;0.00296425;90
-1.51398;0.00276296;90
-65.4205;0.00808019;90
-84.8847;0.0181021;90
-90.2487;0.00184302;90
-40.4166;0.00699941;90
-13.0205;0.00149134;90
-26.6113;0.0022146;90
-62.8852;0.00344907;90
-114.117;0.00362216;90
-103.704;0.00434777;90
-87.9698;0.00375436;90
-90;0.002515;90
85.6593;0.00196865;90
93.4881;0.00287633;90
85.1725;0.00380249;90
70.1099;0.00394748;90
81.0347;0.00244487;90
123.19;0.00372107;90
162.245;0.00327603;90
148.408;0.00248534;90
150.781;0.00355424;90
127.005;0.000849002;90
74.9875;0.00550903;90
77.7509;0.00139987;90
78.3224;0.00330031;90
64.0349;0.00170845;90
-36.2101;0.00500213;90
-13.9515;0.00180422;90
13.2718;0.00598073;90
37.2697;0.00151924;90
3.68091;0.00228972;90
15.8766;0.00331547;90
12.7458;0.00730193;90
-10.075;0.000891751;90
7.21721;0.0014646;90
-53.9062;0.00494645;90
-56.5639;0.00337927;90
-52.0101;0.00826778;90
-63.7323;0.0018099;90
-61.6888;0.00259773;90
-18.5586;0.00322363;90
-25.4772;0.00266185;90
-41.3851;0.00478886;90
-62.9245;0.00461811;90
-68.9617;0.00522853;90
-60.6872;0.00444057;90
-71.4037;0.00561307;90
-64.954;0.00214246;90
-65.7051;0.00279997;90
86.6726;0.00111989;90
2.679;0.00149764;90
-168.57;0.00149872;90
121.339;0.00500289;90
90.3274;0.00192503;90
116.049;0.00853944;90
113.233;0.00131569;90
115.766;0.00343001;90
135.567;0.0109416;90
-173.909;0.00131945;90
125.734;0.00513341;90
123.135;0.00140318;90
142.76;0.00281746;90
124.719;0.00404525;90
122.395;0.00846661;90
134.08;0.00145329;90
-170.856;0.00139067;90
-169.23;0.00618597;90
-170.676;0.00136402;90
-162.292;0.00124604;90
-166.731;0.00534572;90
-149.674;0.00135664;90
-169.331;0.00233334;90
-164.989;0.00363711;90
140.157;0.00373663;90
165.648;0.00277562;90
108.564;0.0101269;90
106.234;0.00226428;90
115.32;0.00286195;90
130.364;0.0029044;90
177.497;0.00485363;90
135.444;0.00155215;90
132.88;0.00699666;90
139.44;0.00167167;90
120.19;0.00199454;90
104.29;0.0104483;90
82.2311;0.00208615;90
102.083;0.0124068;90
112.004;0.00173218;90
111.199;0.00480086;90
103.944;0.0138811;90
122.851;0.0016665;90
133.639;0.00750169;90
124.823;0.00169688;90
107.848;0.0112011;90
109.41;0.00234106;90
107.984;0.0141472;90
108.077;0.00288753;90
107.87;0.0134656;90
118.46;0.00252859;90
136.893;0.011281;90
121.821;0.00102036;90
134.244;0.00107207;90
177.967;0.00828622;90
-166.954;0.0010809;90
138.896;0.00911729;90
-166.556;0.00129036;90
165.271;0.00977417;90
-132.119;0.000773846;90
-136.195;0.00491617;90
-122.218;0.000971601;90
-119.111;0.0012785;90
-119.309;0.00234519;90
-123.77;0.00257437;90
21.1328;0.000302333;90
-122.524;0.00174462;90
-109.861;0.00828584;90
120.876;0.00089248;90
-174.465;0.0012649;90
-53.8746;0.00455598;90
-53.9623;0.00122553;90
-63.9758;0.00156353;90
-70.9483;0.00766802;90
-83.7332;0.00293152;90
-83.8145;0.00392586;90
-87.5448;0.00803037;90
-85.0844;0.00128372;90
-85.8667;0.00154001;90
-88.5308;0.0109986;90
-91.1089;0.00335863;90
-96.8119;0.00301831;90
-98.4675;0.00362653;90
-103.057;0.0117518;90
-99.7937;0.00190476;90
-88.7916;0.00232352;90
-80.0858;0.0035023;90
-90.0362;0.006326;90
-121.149;0.00275874;90
-166.49;0.00126706;90
161.619;0.00135093;90
-130.126;0.00213044;90
-112.312;0.00114579;90
-7.65771;0.000120071;90
41.2413;0.00340852;90
45.1231;0.00559535;90
97.6735;0.00408155;90
98.1387;0.00846223;90
67.7877;0.00209767;90
73.1983;0.00187504;90
78.2344;0.00954351;90
79.5007;0.00160792;90
83.2081;0.00138673;90
91.8636;0.00138373;90
79.8034;0.00212963;90
82.8969;0.00324289;90
89.3331;0.00197613;90
90.5592;0.00471322;90
100.525;0.00100186;90
94.9313;0.00141925;90
96.9692;0.00912341;90
83.0888;0.00209422;90
96.6138;0.00665932;90
95.5651;0.00137146;90
97.4369;0.00180014;90
108.196;0.00302949;90
115.952;0.00442856;90
107.936;0.00105213;90
135.909;0.00102473;90
142.983;0.0014002;90
125.531;0.000984269;90
2.26304;0.00207662;90
73.7766;0.00659668;90
80.0311;0.00118997;90
62.3704;0.00457355;90
66.1167;0.00117567;90
57.2578;0.00196169;90
50.8963;0.00253993;90
34.5233;0.00558809;90
10.2355;0.00110864;90
-27.0111;0.00126386;90
-12.2429;0.00691323;90
-23.8256;0.00148779;90
-6.72808;0.000734055;90
-47.0111;0.00703227;90
-12.7244;0.000985195;90
-15.8987;0.00168651;90
-7.76583;0.00780761;90
-52.1516;0.00283421;90
-43.1324;0.00720359;90
-47.3182;0.00164325;90
-64.3228;0.00952456;90
-57.5213;0.00291255;90
-93.1047;0.00203098;90
-71.122;0.0114108;90
-71.9787;0.00254064;90
-77.3767;0.00394434;90
-73.837;0.00622193;90
-72.6381;0.00563996;90
-63.8984;0.0052527;90
-39.72;0.00334253;90
-62.2117;0.00913329;90
-74.3595;0.00252967;90
-75.0052;0.00413169;90
-74.8563;0.00608636;90
-68.5412;0.00552713;90
-69.5298;0.00484387;90
-87.9564;0.0101515;90
-89.8898;0.00208;90
-65.1976;0.00851987;90
-48.1185;0.00161176;90
-50.2471;0.00167011;90
-38.601;0.00730253;90
18.4023;0.000554347;90
16.1681;0.00134312;90
-19.5583;0.00217765;90
-51.5985;0.0030829;90
-67.6732;0.0035642;90
-75.5325;0.00699274;90
-72.4492;0.0018239;90
-66.6802;0.00254381;90
-96.6555;0.00184644;90
-102.946;0.00359333;90
-98.6553;0.00134229;90
43.7811;0.000232691;90
81.6679;0.00429231;90
60.6918;0.00346675;90
-27.2032;0.00112436;90
-44.3523;0.00137612;90
-50.4752;0.00203799;90
3.79925;0.00694226;90
35.3247;0.00159458;90
31.4597;0.00180303;90
5.54569;0.00293876;90
18.9901;0.00620152;90
-15.7607;0.00119285;90
-15.6921;0.00177101;90
2.54572;0.00279176;90
-62.7394;0.00408918;90
-55.7821;0.00343208;90
-56.7652;0.00481689;90
-43.0375;0.00381991;90
-57.2291;0.00385566;90
-24.8261;0.0031391;90
-26.0584;0.00328715;90
-40.8622;0.00376313;90
-54.3759;0.00493077;90
-71.2336;0.00464704;90
-64.4148;0.0032951;90
-63.9768;0.00539051;90
-80.4205;0.00128593;90
-77.2216;0.00156886;90
-57.3735;0.00132985;90
-65.6621;0.00156509;90
-0.708194;0.000809062;90
-29.0494;0.00107298;90
87.4151;0.0011752;90
-94.6113;0.00146775;90
140.035;0.00156308;90
142.867;0.00121921;90
117.957;0.0018963;90
102.759;0.00258995;90
115.925;0.00508692;90
103.39;0.00092412;90
112.113;0.00579638;90
112.495;0.0011657;90
121.249;0.00733869;90
158.717;0.00164199;90
160.707;0.00656784;90
130.996;0.00133687;90
127.026;0.00871163;90
109.348;0.00208262;90
121.625;0.00838752;90
167.046;0.0011554;90
-171.215;0.00942154;90
-148.11;0.000997566;90
-168.776;0.00654519;90
-165.738;0.00129491;90
168.324;0.0083406;90
-165.79;0.00103878;90
156.276;0.000974335;90
113.256;0.0040294;90
101.427;0.00441145;90
132.849;0.0120767;90
-166.44;0.00072933;90
152.567;0.00132838;90
124.211;0.0164467;90
102.153;0.0022801;90
97.6566;0.0183809;90
106.412;0.0162981;90
112.62;0.00221;90
122.56;0.016708;90
108.059;0.00346783;90
107.812;0.00567504;90
108.178;0.0134503;90
108.581;0.00359331;90
108.247;0.0134872;90
127.591;0.00222618;90
141.149;0.00398698;90
150.091;0.00333518;90
120.873;0.00445297;90
169.505;0.00290968;90
176.678;0.00307216;90
166.53;0.00346018;90
151.23;0.00303346;90
132.265;0.00394166;90
161.002;0.00309033;90
177.1;0.00272749;90
149.679;0.00325645;90
165.471;0.00282225;90
-156.196;0.00257178;90
-140.031;0.00309633;90
-123.872;0.00331934;90
-121.287;0.00437877;90
-116.573;0.00332414;90
-98.8993;0.00389792;90
-100.589;0.00317812;90
162.414;0.00166481;90
178.679;0.00117131;90
-155.267;0.000755283;90
122.084;0.00878463;90
128.434;0.00476177;90
109.789;0.00549979;90
112.175;0.00239515;90
110.502;0.00989899;90
113.085;0.00224692;90
109.072;0.00885081;90
111.31;0.00203622;90
118.185;0.00887537;90
124.492;0.00200072;90
122.551;0.00758675;90
145.111;0.00132519;90
125.916;0.00700477;90
118.504;0.00179793;90
114.848;0.00843376;90
108.487;0.00175665;90
121.407;0.00771424;90
129.688;0.00181019;90
126.772;0.00714961;90
121.513;0.00191315;90
114.65;0.00780197;90
116.995;0.00184839;90
114.747;0.00783779;90
115.772;0.00174564;90
114.438;0.00816996;90
118.957;0.00192917;90
114.048;0.0107851;90
127.579;0.00163153;90
114.794;0.00656958;90
117.897;0.00240442;90
115.133;0.00898241;90
116.323;0.00201158;90
124.287;0.00367093;90
129.048;0.00410497;90
135.359;0.00835251;90
115.379;0.00172885;90
125.277;0.00680823;90
114.486;0.00537547;90
115.307;0.00564028;90
117.35;0.00192633;90
170.252;0.00442387;90
-98.0965;0.00482105;90
-97.6797;0.00525312;90
-142.914;0.00265002;90
179.734;0.00280003;90
150.572;0.00338471;90
153.416;0.00136534;90
125.324;0.00707197;90
100.332;0.00742643;90
97.32;0.00266068;90
95.0889;0.009639;90
87.8587;0.00714599;90
91.6133;0.00674868;90
92.7201;0.00305544;90
95.24;0.0103583;90
95.8379;0.00282163;90
100.93;0.0104373;90
102.504;0.00252182;90
112.514;0.00855825;90
121.88;0.00179119;90
120.99;0.00375616;90
118.164;0.00492171;90
109.379;0.00610592;90
95.3015;0.0108986;90
97.9652;0.00255465;90
98.54;0.00676096;90
97.0154;0.00686943;90
98.216;0.00707461;90
97.8859;0.00739796;90
96.1071;0.00705906;90
101.374;0.0543534;90
99.1462;0.00271147;90
79.0586;0.140523;90
97.7478;0.00252202;90
100.729;0.00241726;90
98.7475;0.00674647;90
81.3274;0.00645278;90
71.3371;0.0121594;90
64.8862;0.00153622;90
69.2;0.00566309;90
74.0728;0.00563014;90
76.5862;0.00573752;90
75.8873;0.0047246;90
73.7002;0.00370908;90
63.9005;0.0120541;90
54.1932;0.00242542;90
45.0317;0.010212;90
0.301158;0.00152202;90
30.8365;0.00386079;90
65.5953;0.00470982;90
77.919;0.0058291;90
84.7437;0.00687692;90
81.8898;0.00651415;90
79.6142;0.00620161;90
79.9472;0.00644495;90
80.6182;0.0060854;90
85.4603;0.00660773;90
89.6215;0.00681215;90
99.145;0.00661913;90
97.7966;0.00641328;90
103.996;0.0118457;90
107.136;0.00251149;90
110.168;0.00323111;90
112.461;0.0112028;90
122.035;0.00243005;90
112.148;0.01026;90
106.706;0.00383696;90
104.252;0.0057314;90
103.799;0.00569333;90
100.32;0.00607325;90
96.4981;0.00637093;90
100.185;0.00536657;90
108.669;0.00821314;90
100.06;0.00255326;90
97.6673;0.00469195;90
97.9382;0.00645889;90
94.8235;0.00612469;90
92.019;0.00650004;90
94.6979;0.00731357;90
104.704;0.00599637;90
99.7465;0.0061315;90
99.5434;0.00662266;90
90.6904;0.00639046;90
88.0127;0.00671904;90
87.3189;0.00692658;90
89.8802;0.00765102;90
90.1755;0.0672703;90
89.1628;0.00287431;90
90.6816;0.0131979;90
94.6291;0.00268877;90
97.1514;0.0064663;90
98.4393;0.00631639;90
98.8284;0.00693921;90
95.0024;0.00637629;90
93.6166;0.00611919;90
97.0735;0.00635033;90
100.778;0.00477014;90
101.968;0.0032936;90
94.1836;0.00429043;90
94.9256;0.00399475;90
92.2208;0.00374181;90
91.9915;0.00417252;90
86.7223;0.00386532;90
80.8686;0.00341528;90
75.8972;0.00229827;90
81.8458;0.00134661;90
82.6555;0.00233113;90
87.9016;0.00177519;90
-84.4013;0.00183475;90
91.9333;0.00237135;90
35.6764;0.000624135;90
70.7034;0.0024814;90
62.0317;0.00394471;90
58.4667;0.00298474;90
73.4776;0.00394176;90
110.767;0.00397954;90
125.904;0.00415059;90
117.585;0.00407074;90
109.496;0.00483311;90
107.844;0.00582523;90
106.109;0.00544582;90
101.575;0.00601024;90
99.0854;0.00794771;90
100.861;0.0061298;90
98.9059;0.00638194;90
95.4605;0.00701986;90
87.6162;0.00661172;90
85.5151;0.00662428;90
85.8699;0.00678963;90
81.7511;0.00709541;90
71.3802;0.00529305;90
93.115;0.0148139;90
105.865;0.00235574;90
100.278;0.00233141;90
99.7158;0.00657734;90
90.9414;0.00651288;90
84.0514;0.0149465;90
91.9069;0.00516886;90
98.1832;0.00701846;90
106.284;0.00738944;90
101.539;0.00791394;90
99.7891;0.00729319;90
96.1654;0.00742092;90
90.3329;0.0151443;90
89.8359;0.00279401;90
97.8362;0.00570629;90
107.519;0.00652778;90
120.815;0.00601636;90
119.464;0.00560718;90
119.335;0.00594191;90
119.705;0.0056344;90
121.595;0.0100837;90
133.274;0.00173744;90
135.608;0.00366231;90
137.299;0.00484688;90
134.854;0.00472702;90
149.414;0.00397971;90
157.52;0.0041244;90
167.943;0.00358099;90
166.127;0.00401204;90
173.633;0.0035348;90
172.771;0.00370344;90
-166.444;0.00355812;90
-136.556;0.00541702;90
-141.116;0.00378334;90
-147.452;0.00444042;90
-156.334;0.00417293;90
-158.213;0.00372616;90
-173.898;0.00702781;90
162.86;0.00158123;90
170.322;0.00218307;90
157.249;0.0103742;90
122.551;0.00219122;90
117.193;0.0112673;90
126.654;0.00196821;90
128.439;0.00299512;90
123.363;0.00558426;90
125.208;0.00535945;90
121.166;0.00549742;90
119.698;0.00575261;90
125.3;0.00530059;90
133.687;0.00472259;90
139.779;0.0047357;90
130.041;0.00495699;90
131.343;0.00483372;90
130.132;0.00488251;90
132.519;0.00480293;90
152.372;0.00952058;90
-174.756;0.00259285;90
161.539;0.00917725;90
160.334;0.00216318;90
137.271;0.0121364;90
136.667;0.00172536;90
141.791;0.00335472;90
145.727;0.00392443;90
143.484;0.00886657;90
157.351;0.00166977;90
148.384;0.00185419;90
145.927;0.00926204;90
141.716;0.00178354;90
146.667;0.00195813;90
159.931;0.00371561;90
166.182;0.00357136;90
171.843;0.00295995;90
-171.007;0.00333297;90
-178.109;0.00299963;90
156.169;0.00314078;90
152.403;0.00362436;90
164.297;0.00366893;90
174.667;0.00302309;90
169.956;0.00328535;90
162.328;0.00358729;90
161.184;0.00371133;90
156.005;0.00390005;90
151.376;0.00403289;90
142.849;0.00379025;90
129.069;0.0039349;90
121.022;0.00338984;90
120.583;0.00270648;90
115.11;0.0089995;90
116.658;0.00302675;90
111.116;0.00439405;90
96.3113;0.0138087;90
90.5519;0.00280313;90
88.8802;0.00414479;90
89.8801;0.00716902;90
90.3258;0.0061551;90
84.582;0.00303958;90
83.2463;0.0081717;90
95.543;0.0088102;90
105.006;0.00676262;90
108.879;0.00623652;90
106.246;0.00674848;90
107.182;0.00627609;90
106.892;0.00676277;90
105.031;0.00732253;90
97.1896;0.00737499;90
89.3763;0.00698141;90
84.7482;0.00479613;90
85.9721;0.00586549;90
83.2783;0.00733039;90
91.2145;0.00811482;90
100.016;0.00681893;90
110.152;0.00558171;90
120.636;0.00485109;90
108.934;0.00526697;90
110.187;0.00435554;90
114.704;0.00459889;90
92.0438;0.0143281;90
86.5505;0.0025927;90
86.5498;0.00373878;90
89.7087;0.0074751;90
90.0756;0.028813;90
85.3203;0.00561371;90
91.27;0.0137614;90
98.8418;0.00409871;90
103.361;0.0119525;90
111.529;0.00215;90
117.76;0.00285116;90
115.515;0.00478241;90
118.658;0.00415157;90
115.676;0.00527373;90
112.521;0.0160251;90
104.495;0.00441866;90
115.787;0.00648922;90
104.978;0.0164292;90
103.358;0.00458813;90
105.8;0.00716159;90
112.888;0.0127683;90
125.038;0.00225215;90
126.203;0.00304241;90
127.798;0.00980289;90
130.356;0.00215739;90
118.73;0.00303114;90
115.022;0.00594384;90
136.962;0.00830347;90
154.652;0.00157902;90
158.05;0.0059471;90
103.196;0.00160333;90
103.132;0.00218309;90
106.686;0.0176439;90
111.265;0.00245946;90
111.014;0.00409645;90
111.8;0.0134369;90
107.982;0.00219943;90
106.548;0.00265079;90
97.9171;0.0217947;90
89.5282;0.00279309;90
102.935;0.0111951;90
107.442;0.00189828;90
110.099;0.00181876;90
127.603;0.00827128;90
160.092;0.000787035;90
149.279;0.00137612;90
152.573;0.00226003;90
-105.557;0.00158092;90
-65.7022;0.00175221;90
-120.785;0.000826456;90
-96.649;0.00280688;90
-83.4736;0.00271862;90
94.1494;0.00172753;90
17.6859;0.00104016;90
109.839;0.00233668;90
85.5472;0.00186764;90
82.0643;0.00220916;90
99.2701;0.00137192;90
135;0.00169988;90
118.933;0.00260859;90
121.431;0.00292055;90
132.839;0.00290616;90
133.269;0.00292664;90
132.786;0.0021965;90
79.4887;0.00347532;90
76.996;0.00549287;90
81.8663;0.00668626;90
81.6702;0.00673707;90
86.8521;0.00577271;90
63.2224;0.00301424;90
91.3415;0.00572357;90
95.6454;0.00752249;90
96.0413;0.00677462;90
102.224;0.00675824;90
102.051;0.00668635;90
98.2264;0.00647866;90
95.535;0.00565035;90
100.438;0.00547561;90
108.16;0.00520106;90
96.1587;0.00725185;90
90.1151;0.00796502;90
93.9991;0.00825911;90
93.4509;0.0076088;90
96.5734;0.00773082;90
95.2338;0.00777241;90
93.1305;0.00754426;90
96.8738;0.00777891;90
98.7644;0.00813802;90
103.72;0.00712532;90
110.482;0.00660452;90
110.74;0.00634518;90
113.955;0.0063051;90
113.993;0.00607928;90
118.933;0.00624441;90
125.823;0.00514286;90
136.538;0.00474074;90
147.064;0.00427628;90
160.914;0.00378612;90
177.995;0.00394342;90
-168.34;0.00369627;90
-156.489;0.00382777;90
-154.096;0.00391427;90
-155.729;0.00402144;90
-162.38;0.00418222;90
-165.067;0.00365546;90
147.689;0.00420751;90
130.796;0.00507371;90
132.387;0.00491738;90
147.121;0.00435095;90
146.068;0.00466673;90
146.074;0.00445067;90
145.368;0.00448702;90
136.633;0.00466456;90
125.573;0.00502969;90
120.587;0.0063437;90
121.672;0.00626978;90
121.873;0.00572877;90
135.204;0.0049717;90
143.916;0.00448922;90
174.6;0.00360199;90
-169.087;0.00421523;90
168.077;0.00388685;90
162.145;0.00390719;90
-177.112;0.00377079;90
-156.05;0.00331328;90
134.597;0.00392383;90
141.769;0.00407375;90
167.904;0.0034455;90
172.371;0.00320134;90
169.369;0.00324164;90
147.438;0.00395939;90
143.188;0.0041656;90
120.881;0.00501497;90
115.707;0.00528621;90
116.602;0.00558078;90
130.299;0.00477134;90
153.085;0.00409789;90
151.381;0.00376841;90
151.474;0.00350329;90
149.526;0.00367346;90
151.589;0.00338806;90
155.832;0.00333645;90
174.951;0.00343132;90
156.528;0.00914901;90
163.084;0.0014675;90
161.591;0.00277395;90
138.821;0.00893506;90
126.353;0.00303832;90
132.836;0.00786581;90
130.19;0.00160229;90
132.48;0.00254097;90
128.458;0.00422062;90
133.83;0.00429586;90
138.743;0.00354238;90
151.457;0.00331717;90
150.167;0.00330268;90
169.769;0.00307388;90
-128.424;0.00413692;90
-125.205;0.00381961;90
-177.477;0.00274866;90
166.886;0.00295301;90
-169.637;0.00316869;90
-136.26;0.00395439;90
-132.283;0.0043267;90
-147.89;0.00366103;90
-135.032;0.00382898;90
-104.607;0.00582114;90
-104.617;0.00612216;90
-117.474;0.00440024;90
-127.08;0.00342822;90
168.324;0.00224342;90
163.826;0.00230836;90
161.737;0.00253047;90
153.298;0.00298874;90
147.288;0.00316974;90
157.675;0.00274581;90
153.776;0.00345792;90
134.479;0.00419756;90
110.459;0.00543587;90
100.081;0.00701531;90
100.912;0.0061278;90
135.185;0.00372577;90
165.777;0.00260897;90
-163.779;0.0026026;90
165.478;0.00300294;90
126.005;0.00473074;90
118.551;0.0050843;90
119.584;0.00471346;90
116.012;0.00486144;90
109.766;0.00500913;90
105.679;0.00481413;90
114.476;0.00467515;90
111.119;0.00475432;90
135.986;0.00324681;90
135.983;0.00251413;90
139.889;0.00302824;90
123.029;0.00363075;90
113.299;0.00420706;90
116.095;0.00365117;90
126.958;0.003907;90
132.293;0.0041327;90
130.334;0.00384242;90
132.561;0.00365481;90
109.028;0.00421428;90
117.71;0.00371619;90
134.814;0.00392305;90
136.676;0.00384477;90
136.389;0.00373462;90
120.503;0.0045392;90
116.773;0.00480176;90
122.921;0.00409211;90
125.937;0.00393252;90
140.409;0.00369837;90
145.963;0.00361782;90
142.857;0.00390524;90
139.52;0.00400194;90
131.022;0.00417917;90
135.229;0.00406236;90
138.21;0.00375002;90
136.626;0.00386165;90
136.285;0.00375356;90
135.409;0.00346562;90
132.213;0.00421793;90
130.15;0.00446652;90
122.547;0.00457441;90
119.26;0.00490823;90
128.336;0.00389347;90
176.052;0.00159779;90
-101.085;0.0036929;90
-97.8632;0.00516052;90
-111.935;0.00428846;90
-144.942;0.00297349;90
140.579;0.00365822;90
133.248;0.00390859;90
147.075;0.00357287;90
167.458;0.00234393;90
169.063;0.00240875;90
-166.719;0.00248548;90
-154.228;0.00297381;90
-158.151;0.00332915;90
163.722;0.00307528;90
158.071;0.00325339;90
139.28;0.00394109;90
136.612;0.0038213;90
138.156;0.00381497;90
146.285;0.00381939;90
144.946;0.00370506;90
144.513;0.00364506;90
129.342;0.0044041;90
119.979;0.00458895;90
147.957;0.00366781;90
175.184;0.00289422;90
-177.593;0.00292858;90
157.1;0.00324581;90
-171.357;0.00287465;90
147.841;0.00355079;90
157.506;0.00321239;90
169.593;0.00311118;90
177.675;0.00317962;90
171.913;0.00320588;90
144.712;0.00362138;90
177.222;0.00303256;90
156.234;0.0036178;90
135.31;0.00366004;90
-169.233;0.00281557;90
-149.433;0.00351786;90
-142.911;0.00345243;90
-149.94;0.00349969;90
-155.486;0.00319829;90
-141.53;0.00371805;90
-134.608;0.00382342;90
-160.837;0.00323527;90
145.108;0.00367459;90
128.224;0.00346997;90
116.348;0.00437557;90
114.362;0.00468847;90
117.365;0.00509515;90
122.567;0.00452916;90
143.058;0.0033594;90
167.661;0.00262053;90
162.984;0.00280896;90
-179.762;0.00264302;90
-176.392;0.00293983;90
157.486;0.00336116;90
131.791;0.00359987;90
131.426;0.00415172;90
170.113;0.0030168;90
-175.212;0.00349821;90
-178.88;0.00327363;90
-175.298;0.0030011;90
-165.685;0.00353888;90
-143.293;0.00372582;90
-129.888;0.00365827;90
-130.214;0.00380548;90
-128.609;0.00372272;90
-130.081;0.00488146;90
-130.411;0.00524942;90
-128.817;0.00508113;90
-126.838;0.0050904;90
-122.387;0.00566995;90
-121.092;0.00528063;90
-127.271;0.00531053;90
-139.41;0.0044602;90
-122.463;0.00555743;90
-118.896;0.00559793;90
-121.198;0.00548646;90
-136.557;0.00431919;90
-145.057;0.00386719;90
-139.86;0.00434027;90
-125.565;0.00484846;90
-119.109;0.00494793;90
-123.185;0.00475202;90
-122.792;0.00497239;90
-130.274;0.00495174;90
-132.949;0.00478169;90
-133.692;0.00442835;90
-133.693;0.00486545;90
-133.122;0.00502811;90
-132.89;0.00478116;90
-121.992;0.00530582;90
-114.598;0.00605884;90
-119.199;0.00576217;90
-138.441;0.00466542;90
-145.127;0.00425879;90
-141.749;0.00418182;90
-173.432;0.00369827;90
171.221;0.00359714;90
-173.54;0.00347507;90
-138.911;0.00362884;90
-127.833;0.00403517;90
-130.331;0.00427379;90
-129.786;0.00420204;90
-128.296;0.00415509;90
-152.471;0.00295113;90
-147.166;0.00217078;90
-93.0322;0.00417785;90
-72.4067;0.0046715;90
-128.038;0.00252032;90
164.562;0.00280625;90
159.094;0.00294809;90
-174.659;0.00296487;90
-144.579;0.00302977;90
-128.326;0.00348633;90
-125.92;0.00401935;90
-149.168;0.00335401;90
-142.531;0.00338798;90
-145.929;0.00333438;90
-128.383;0.00439353;90
-132.365;0.0041997;90
-178.396;0.0030722;90
144.437;0.00321704;90
-175.821;0.00322457;90
-132.107;0.0041192;90
-121.246;0.00473479;90
-112.84;0.00482534;90
-113.516;0.00474181;90
-118.442;0.0048061;90
-131.327;0.00381915;90
-152.736;0.00300818;90
-175.121;0.00264559;90
178.786;0.00278562;90
-155.053;0.00256535;90
-149.51;0.00418814;90
-170.902;0.00307975;90
167.798;0.0026069;90
150.193;0.00299755;90
126.879;0.0039042;90
112.904;0.00498722;90
117.318;0.00537776;90
117.215;0.00536378;90
133.276;0.00411227;90
139.341;0.00380171;90
124.266;0.00405839;90
131.027;0.0041437;90
-164.001;0.00292427;90
-130.253;0.00380243;90
-119.67;0.00486254;90
-130.912;0.00437468;90
-133.582;0.00422838;90
-140.475;0.00323848;90
-158.616;0.00308541;90
-160.584;0.00312257;90
-146.439;0.00345135;90
-126.118;0.00504703;90
-129.466;0.00509583;90
-131.862;0.00368177;90
-144.691;0.00369217;90
-147.667;0.00343095;90
-146.889;0.00356607;90
-163.13;0.00302205;90
-169.112;0.00260998;90
-153.124;0.00271642;90
-170.806;0.00263485;90
-149.651;0.0027985;90
-163.952;0.00269502;90
171.68;0.0031926;90
-132.287;0.00369028;90
-121.76;0.0044798;90
-136.03;0.00373625;90
169.025;0.00244777;90
144.998;0.00318509;90
144.73;0.00315883;90
179.819;0.00252901;90
-141.374;0.00294919;90
-143.261;0.00306101;90
-150.784;0.00333531;90
-118.577;0.00354143;90
-122.918;0.00477335;90
-121.606;0.00462149;90
-119.256;0.00514416;90
-127.962;0.00432259;90
-145.031;0.00330462;90
-160.629;0.00290336;90
-161.43;0.00241472;90
-138.275;0.00181953;90
-170.031;0.00163468;90
-169.278;0.00296171;90
151.842;0.00307265;90
138.294;0.0033714;90
151.337;0.00295627;90
145.756;0.00258031;90
165.121;0.00267158;90
-170.134;0.00249794;90
-165.243;0.00256356;90
-154.238;0.00210524;90
-125.761;0.00358487;90
-124.234;0.00388391;90
-127.218;0.00355127;90
-139.06;0.00320629;90
-142.609;0.00310253;90
-162.242;0.00289179;90
-168.417;0.00226615;90
178.313;0.00275219;90
-148.757;0.00291705;90
-134.234;0.00354363;90
-154.621;0.0031334;90
-154.169;0.00286419;90
-154.352;0.00301729;90
-152.913;0.00308993;90
-176.656;0.00324052;90
178.194;0.00314056;90
-147.417;0.00360428;90
-127.923;0.00459158;90
-126.454;0.00457272;90
-131.405;0.00481568;90
-138.16;0.00370734;90
-150.842;0.00590077;90
-156.785;0.00322948;90
-165.386;0.00290912;90
-165.384;0.00319023;90
-160.826;0.00237791;90
170.375;0.00260771;90
172.431;0.00132858;90
139.159;0.00176464;90
161.262;0.00232842;90
-169.874;0.001348;90
-152.932;0.00254922;90
87.7398;0.00233281;90
97.6621;0.00460512;90
97.8678;0.00512827;90
95.2379;0.00405292;90
116.419;0.00210146;90
-104.628;0.00169081;90
-80.457;0.00163462;90
-3.91528;0.000263615;90
103.422;0.00192148;90
56.3679;0.00137039;90
70.1338;0.0010888;90
91.0646;0.0034986;90
89.7563;0.00634906;90
94.4728;0.00700132;90
107.293;0.0072497;90
111.21;0.00593718;90
111.861;0.00515361;90
111.941;0.0050422;90
117.97;0.00496154;90
114.263;0.00486469;90
104.313;0.00487842;90
104.504;0.00570996;90
103.319;0.0039893;90
104.86;0.00694839;90
103.221;0.00560557;90
116.936;0.00476606;90
137.385;0.00348269;90
135.317;0.00395915;90
136.686;0.00411078;90
138.933;0.00381463;90
133.432;0.00392874;90
130.593;0.00382828;90
130.881;0.00357376;90
133.821;0.00360772;90
115.941;0.00451713;90
108.82;0.0046126;90
112.532;0.00563408;90
112.205;0.00511752;90
112.213;0.00539867;90
127.166;0.00441466;90
128.194;0.00366958;90
124.317;0.00448585;90
128.597;0.0048442;90
126.451;0.00440472;90
123.463;0.00447591;90
112.506;0.00533209;90
101.356;0.00631259;90
102.086;0.00592227;90
98.7466;0.0106337;90
102.667;0.00287293;90
100.974;0.00384532;90
103.418;0.00654157;90
103.103;0.00567269;90
102.907;0.00607961;90
102.893;0.00581255;90
102.214;0.00639987;90
107.708;0.00418846;90
105.38;0.00430207;90
97.0811;0.00436429;90
89.9155;0.00542401;90
90.1448;0.00474802;90
92.8451;0.00975102;90
96.493;0.00364337;90
96.8338;0.00583244;90
97.777;0.00651795;90
103.199;0.0108568;90
102.538;0.00263484;90
97.6952;0.0092604;90
101.24;0.0031912;90
103.596;0.00584067;90
101.601;0.00597711;90
99.5442;0.0110429;90
98.9352;0.00230497;90
96.1471;0.00399698;90
99.397;0.00591031;90
98.1032;0.0114433;90
99.7323;0.00275667;90
100.299;0.00420068;90
95.592;0.00673204;90
86.7939;0.007027;90
86.0874;0.0182165;90
103.905;0.00233441;90
96.8359;0.00464603;90
113.205;0.555938;90
105.871;0.00306795;90
116.345;0.00373158;90
114.618;0.00367285;90
89.2106;0.00137913;90
118.762;0.00459716;90
148.259;0.00160623;90
139.806;0.00294556;90
138.637;0.00399046;90
104.042;0.00682495;90
95.324;0.00768415;90
91.5796;0.00703767;90
111.133;0.00953313;90
129.547;0.00212812;90
136.644;0.00352496;90
134.111;0.00455997;90
133.17;0.00529115;90
135.747;0.00460719;90
121.661;0.00552301;90
117.932;0.00577472;90
120.493;0.00561454;90
122.934;0.00548674;90
115.184;0.00636614;90
114.376;0.00614696;90
125.204;0.00465057;90
126.236;0.00459468;90
112.056;0.00493732;90
107.653;0.00465626;90
109.742;0.0040766;90
104.68;0.00343307;90
116.533;0.00481515;90
143.094;0.0009592;90
-164.914;0.0016944;90
-130.26;0.00329436;90
-171.165;0.00172547;90
152.877;0.000642676;90
153.553;0.00217346;90
147.711;0.00277988;90
155.676;0.00260746;90
173.233;0.00252056;90
157.61;0.000939854;90
81.5642;0.00262439;90
111.609;0.00110786;90
134.515;0.00142063;90
133.522;0.00109638;90
100.831;0.00213401;90
128.667;0.00126922;90
-115.04;0.00593036;90
142.148;0.00239235;90
-154.175;0.00228411;90
-129.489;0.00187756;90
-149.852;0.0017462;90
-160.632;0.0026807;90
-165.53;0.00278948;90
-165.423;0.00303159;90
-127.715;0.00427146;90
-117.563;0.00536604;90
-143.243;0.00414761;90
-131.226;0.00508168;90
-128.493;0.00483594;90
-129.535;0.00870161;90
-131.117;0.00219282;90
-129.668;0.00389605;90
-128.429;0.00456609;90
-133.506;0.0049097;90
-128.009;0.00524044;90
-123.975;0.0050176;90
-128.809;0.00510752;90
-134.867;0.00455732;90
-136.149;0.00419469;90
-121.314;0.00541826;90
-135.823;0.00447857;90
-170.598;0.00402811;90
-178.686;0.00388102;90
179.09;0.00339943;90
-157.8;0.00405457;90
-131.5;0.00491082;90
-114.297;0.00588637;90
-112.536;0.00602185;90
-112.424;0.00610027;90
-115.098;0.0060425;90
-116.965;0.00577143;90
-123.267;0.00529226;90
-126.125;0.00517004;90
-115.799;0.0094044;90
-106.704;0.00431405;90
-102.229;0.00552844;90
-98.387;0.00703423;90
-96.9574;0.00724837;90
-102.47;0.0117635;90
-111.49;0.00221928;90
-104.875;0.00531719;90
-104.456;0.00536382;90
-102.062;0.00691977;90
-111.78;0.000997184;90
-86.3119;0.00111932;90
-119.541;0.00385974;90
-95.9704;0.00201895;90
-111.038;0.00430387;90
-91.2078;0.004507;90
-63.1498;0.0015277;90
-64.4022;0.00582802;90
-64.5479;0.00131237;90
-62.9967;0.00257245;90
-81.4355;0.00268595;90
-101.938;0.00132465;90
-113.088;0.00374605;90
-118.704;0.001953;90
-122.64;0.00314817;90
-119.873;0.000720768;90
-125.158;0.00506746;90
-130.068;0.00131585;90
-131.068;0.00635204;90
-134.752;0.00163626;90
-126.406;0.0061702;90
-114.604;0.00177737;90
-108.033;0.00842799;90
-107.912;0.00197366;90
-115.196;0.00761554;90
-126.216;0.00169931;90
-140.201;0.00652873;90
-162.763;0.00328348;90
-151.387;0.00386729;90
-140.53;0.00126951;90
-129.2;0.0072496;90
-120.763;0.00186317;90
-110.513;0.00977692;90
-106.619;0.00197552;90
-111.82;0.00867123;90
-128.427;0.00384862;90
-122.614;0.00202418;90
-116.778;0.00540909;90
-117.185;0.00536911;90
-125.131;0.0045547;90
-144.198;0.00410091;90
-146.732;0.00380091;90
-145.977;0.0040552;90
-147.309;0.00372149;90
-159.836;0.00379456;90
-167.838;0.00366425;90
-174.062;0.00338315;90
-176.795;0.00343437;90
172.059;0.00394483;90
130.528;0.00502444;90
115.945;0.00611198;90
135.925;0.00481603;90
166.679;0.00384958;90
-138.6;0.00477532;90
-132.506;0.00453331;90
-165.232;0.00419766;90
159.465;0.0040824;90
154.055;0.00397015;90
158.275;0.00362552;90
166.933;0.004171;90
167.652;0.00378762;90
170.034;0.00359423;90
-173.699;0.00389956;90
-173.52;0.00380129;90
-163.549;0.00380998;90
-135.818;0.00985171;90
-124.107;0.00182973;90
-124.899;0.00901533;90
-127.227;0.00211744;90
-141.349;0.00304367;90
-139.42;0.00471629;90
-128.148;0.00545256;90
-137.382;0.0048323;90
-118.917;0.00604919;90
-111.197;0.00619514;90
-111.121;0.00625522;90
-118.877;0.00626385;90
-109.854;0.0135472;90
-118.382;0.00238351;90
-120.901;0.00346016;90
-121.463;0.0054374;90
-122.241;0.00486988;90
-145.745;0.00461561;90
-178.487;0.00583103;90
-156.905;0.00412999;90
-146.061;0.00172486;90
-137.318;0.0046495;90
-130.109;0.00484293;90
-162.681;0.00615401;90
149.23;0.00384879;90
151.655;0.00420405;90
171.206;0.00363675;90
-164.941;0.00374874;90
-160.949;0.00367636;90
-160.971;0.0034749;90
-168.251;0.00330014;90
-172.285;0.00310612;90
-171.703;0.00311157;90
-161.373;0.00311518;90
-158.894;0.00298527;90
-157.477;0.00322931;90
-155.3;0.0031326;90
-162.13;0.00278958;90
-155.638;0.00283877;90
-149.34;0.00320621;90
-154.786;0.00290143;90
-148.214;0.00293876;90
-131.934;0.00305412;90
-158.781;0.00272151;90
-153.435;0.00309248;90
-154.257;0.00320954;90
-145.176;0.00337795;90
-140.785;0.00324091;90
167.093;0.00236373;90
-156.343;0.00249464;90
-138.865;0.00294756;90
-137.096;0.00262937;90
-138.76;0.00300814;90
-141.027;0.00276807;90
-148.608;0.00300251;90
-137.518;0.00360548;90
-156.124;0.00310798;90
-149.729;0.00255311;90
-157.074;0.00193049;90
-121.201;0.00260594;90
-136.321;0.00214735;90
163.82;0.00167952;90
126.948;0.002196;90
-167.37;0.00110678;90
-96.6803;0.00249293;90
-91.5819;0.00275305;90
-133.868;0.00193219;90
-144.026;0.0016496;90
-140.363;0.00164912;90
-137.531;0.00214604;90
-129.885;0.0020226;90
-154.296;0.00104213;90
-163.601;0.00178877;90
-164.191;0.00207758;90
-164.408;0.00226951;90
-162.93;0.001952;90
-160.191;0.00208328;90
165.483;0.00225396;90
147.891;0.000824044;90
-126.148;0.00160373;90
-104.404;0.00328424;90
-104.311;0.00434896;90
-91.0754;0.00410272;90
-80.5252;0.00377855;90
-62.1291;0.00339479;90
-61.6821;0.00362592;90
-70.5531;0.00417201;90
-96.0703;0.00508753;90
-97.1401;0.00518924;90
-111.381;0.00404864;90
-120.869;0.004052;90
-121.389;0.00399929;90
-121.784;0.00375157;90
-122.523;0.00134848;90
-128.806;0.0036701;90
-124.945;0.00449554;90
-125.388;0.00462435;90
-124.711;0.00568103;90
-138.114;0.00331911;90
-151.51;0.00362045;90
-130.589;0.00466162;90
-124.039;0.0036855;90
-112.598;0.00464785;90
-101.401;0.00630848;90
-103.195;0.00603227;90
-106.061;0.00645184;90
-96.9046;0.0059975;90
-109.871;0.0058046;90
-111.83;0.00567169;90
-111.803;0.00562973;90
-110.59;0.00581226;90
-109.227;0.00610663;90
-128.321;0.00464469;90
-127.072;0.00437283;90
-130.358;0.0042112;90
-99.8658;0.00478577;90
-67.1992;0.00506803;90
-84.1975;0.00453021;90
-89.5243;0.00409514;90
-99.1406;0.00427428;90
-111.515;0.00352566;90
-129.96;0.00255972;90
-136.401;0.00248693;90
-133.421;0.00246308;90
-109.364;0.00325726;90
-94.1292;0.00412471;90
-88.9001;0.00416777;90
-104.582;0.0039244;90
-159.102;0.00241378;90
-158.421;0.00238732;90
-179.311;0.00199514;90
-176.183;0.0023432;90
176.41;0.00260311;90
-165.745;0.00292815;90
-165.768;0.00304651;90
-155.728;0.00248134;90
-135.924;0.00271847;90
-132.404;0.00415215;90
-128.704;0.00634425;90
-111.617;0.00472319;90
-153.435;0.00258042;90
149.202;0.00261125;90
139.012;0.00318342;90
137.375;0.00339632;90
137.48;0.00343127;90
137.741;0.00316439;90
137.773;0.00303988;90
146.671;0.00268452;90
146.943;0.00308543;90
144.981;0.00318206;90
145.855;0.00338683;90
133.639;0.00387038;90
125.462;0.00475384;90
123.5;0.00485199;90
122.278;0.00480683;90
121.512;0.00505086;90
118.077;0.00482935;90
127.133;0.00453065;90
135.402;0.00453337;90
149.25;0.00349311;90
154.302;0.00339921;90
176.93;0.00317456;90
-168.372;0.00338855;90
-171.014;0.00302817;90
-171.059;0.00279901;90
173.481;0.00290679;90
174.828;0.00278434;90
167.307;0.00283529;90
170.347;0.00280877;90
-178.133;0.00306863;90
-176.773;0.00298473;90
-178.223;0.00315952;90
172.338;0.00336;90
164.096;0.00322962;90
147.282;0.00366321;90
154.871;0.00349697;90
164.997;0.00316384;90
-144.01;0.00397347;90
-149.673;0.00325782;90
-176.225;0.00284016;90
-175.356;0.00277912;90
-173.308;0.00314946;90
177.88;0.00327124;90
171.131;0.00336625;90
172.775;0.00327601;90
-169.035;0.00299671;90
-166.715;0.00295919;90
-169.724;0.00338022;90
-159.883;0.00324178;90
-160.89;0.00327445;90
-158.544;0.00283228;90
175.293;0.00279041;90
156.939;0.00382681;90
135.347;0.0039726;90
123.108;0.00450551;90
125.436;0.00477069;90
126.713;0.00431242;90
124.216;0.0043837;90
124.361;0.00450031;90
111.456;0.00538303;90
108.058;0.00441653;90
117.517;0.00506271;90
120.926;0.00470489;90
158.149;0.00344446;90
169.904;0.00135194;90
167.917;0.00774357;90
132.247;0.00359201;90
123.226;0.00246378;90
121.829;0.00288596;90
115.511;0.0151014;90
105.927;0.00422727;90
102.09;0.00586304;90
114.077;0.00556411;90
115.833;0.00493854;90
101.398;0.00548008;90
129.542;0.00617772;90
130.051;0.00370491;90
122.835;0.00412382;90
116.321;0.00473156;90
108.179;0.00524374;90
113.037;0.0054583;90
122.672;0.00469961;90
124.479;0.00423249;90
128.86;0.00393998;90
141.556;0.00394529;90
127.656;0.00543771;90
142.481;0.00441528;90
162.54;0.0036596;90
-177.823;0.00363362;90
-179.107;0.00365544;90
-176.938;0.00340686;90
-162.655;0.00394123;90
-167.214;0.00372332;90
-161.475;0.00381782;90
-157.266;0.00382193;90
-177.646;0.00374916;90
171.967;0.00366395;90
-161.125;0.00374962;90
-156.017;0.00388218;90
-164.861;0.00369111;90
-176.632;0.00386367;90
-149.07;0.00401958;90
-125.749;0.00513318;90
-147.445;0.00411807;90
175.213;0.00360658;90
176.57;0.00371065;90
-160.423;0.00391852;90
-161.799;0.0034896;90
-144.261;0.0041124;90
-136.626;0.00443535;90
-152.559;0.00394936;90
-121.39;0.00537577;90
-118.481;0.00543131;90
-120.47;0.00459685;90
-122.796;0.00440874;90
-122.66;0.00391737;90
-125.278;0.00382308;90
-140.401;0.00277214;90
-140.616;0.00106222;90
-140.336;0.000623541;90
-143.307;0.00271621;90
-142.864;0.00387604;90
-166.551;0.00340538;90
163.093;0.00277494;90
159.358;0.00116585;90
163.087;0.0028461;90
159.04;0.00322328;90
168.819;0.00409472;90
170.149;0.00572237;90
-173.969;0.00120869;90
-169.459;0.00233948;90
-148.882;0.00306503;90
155.285;0.00320014;90
127.941;0.00451659;90
133.618;0.00457348;90
126.844;0.004491;90
122.021;0.00506573;90
112.693;0.00300677;90
96.868;0.00270944;90
100.831;0.00389539;90
100.991;0.00532365;90
112.991;0.00340769;90
117.521;0.00514412;90
104.08;0.00573839;90
103.094;0.00628131;90
109.833;0.00550875;90
110.616;0.00585066;90
111.561;0.00557295;90
110.635;0.00475293;90
115.104;0.00385847;90
129.809;0.00405634;90
131.64;0.00370383;90
120.634;0.00450586;90
118.212;0.00469813;90
134.092;0.00414912;90
-161.472;0.00293302;90
-140.124;0.00303217;90
-145.093;0.00352647;90
-174.569;0.00330685;90
159.235;0.00334529;90
-178.453;0.00266697;90
-159.099;0.00285913;90
-173.022;0.00324302;90
162.859;0.00323362;90
137.51;0.00413347;90
120.79;0.00468073;90
121.546;0.00527917;90
126.74;0.00466081;90
140.022;0.00802039;90
148.623;0.00278298;90
138.629;0.0036645;90
124.671;0.0025753;90
124.859;0.00467848;90
135.898;0.00392563;90
146.331;0.00308081;90
159.505;0.00384434;90
179.928;0.003185;90
-147.881;0.00321625;90
-127.922;0.00463078;90
-119.831;0.00497752;90
-127.104;0.00426684;90
-140.748;0.00394641;90
-141.704;0.00405826;90
-139.965;0.00444458;90
-138.883;0.00421838;90
-129.158;0.00458465;90
-133.756;0.00478753;90
-134.909;0.00533301;90
-126.72;0.00602942;90
-120.316;0.00615925;90
-117.122;0.00661997;90
-117.044;0.00620665;90
-117.929;0.00514755;90
-126.088;0.0064446;90
-142.151;0.00500993;90
-142.656;0.00524898;90
-136.288;0.0052516;90
-134.345;0.00557095;90
-135.995;0.00492716;90
-141.33;0.00451483;90
-165.531;0.00429834;90
-173.229;0.00391027;90
-167.369;0.00382764;90
-164.274;0.00315094;90
-165.656;0.0023895;90
-179.392;0.00244914;90
151.439;0.00294087;90
137.729;0.00350557;90
149.039;0.00323841;90
154.665;0.0029165;90
151.204;0.00296459;90
147.081;0.00292575;90
123.035;0.00443734;90
110.619;0.00478769;90
112.31;0.00403829;90
114.252;0.00367865;90
111.381;0.00695893;90
115.046;0.00145038;90
121.492;0.0028849;90
127.347;0.005697;90
129.587;0.0012444;90
126.291;0.00282994;90
127.485;0.00271956;90
132.67;0.00173951;90
143.884;0.00165754;90
169.958;0.00320003;90
-172.91;0.00368619;90
164.817;0.00403587;90
141.498;0.00459246;90
138.871;0.00414745;90
126.297;0.00478064;90
106.904;0.00616643;90
108.972;0.00610252;90
125.574;0.00524614;90
126.118;0.00499623;90
128.806;0.00494823;90
142.519;0.00418244;90
154.891;0.00825286;90
162.962;0.00129692;90
176.57;0.00200559;90
-179.6;0.00358209;90
150.689;0.00425699;90
131.904;0.00488404;90
123.586;0.00548821;90
140.486;0.00453423;90
138.666;0.00400335;90
155.152;0.00176102;90
154.307;0.00378968;90
164.648;0.00108782;90
174.382;0.00128718;90
168.785;0.00153226;90
167.54;0.003184;90
-162.332;0.00342347;90
-145.917;0.00388299;90
-148.891;0.00386713;90
-151.693;0.00737036;90
175.328;0.00124012;90
173.88;0.00299205;90
-176.395;0.00365824;90
-164.761;0.00221799;90
-172.97;0.00149524;90
-163.777;0.00238392;90
-175.006;0.00243525;90
179.836;0.00244501;90
172.089;0.00173653;90
97.4693;0.00123851;90
164.665;0.000695771;90
-54.3048;0.00126827;90
165.149;0.00475588;90
-133.47;0.00834471;90
-104.126;0.001389;90
-93.7896;0.0144947;90
-95.1239;0.00529616;90
-95.0925;0.00305305;90
-100.643;0.00301588;90
-134.687;0.0263026;90
-162.269;0.00144147;90
-132.718;0.0432421;90
-161.598;0.00164091;90
-167.171;0.00962013;90
-151.55;0.00182204;90
-148.314;0.0109526;90
-145.738;0.00138904;90
-137.507;0.00998967;90
-42.2869;0.000582602;90
35.9724;0.000612875;90
94.4791;0.00912988;90
169.081;0.000517366;90
-92.999;0.00326848;90
-79.9547;0.00124407;90
-96.3402;0.000968926;90
-143.772;0.00239255;90
158.073;0.000591812;90
100.518;0.00110659;90
-35.0235;0.000595909;90
-128.106;0.00100143;90
178.374;0.000599241;90
153.355;0.000644435;90
104.641;0.00153897;90
92.1617;0.00161715;90
85.1219;0.00232843;90
91.3269;0.000993266;90
91.5346;0.00182966;90
-9.28559;0.000799476;90
-4.80505;0.000919231;90
-110.022;0.000502362;90
28.3649;0.00145237;90
-87.0259;0.00397035;90
5.38472;0.00117217;90
87.3634;0.00191303;90
34.7299;0.000626637;90
35.8278;0.00130862;90
-94.0488;0.00643005;90
-83.9992;0.00255399;90
-113.685;0.0018247;90
175.783;0.00229822;90
-167.085;0.00334666;90
-164.89;0.00776857;90
-164.954;0.0014176;90
-167.859;0.00339493;90
-167.295;0.00475134;90
-163.751;0.00447788;90
-157.897;0.00865074;90
-153.56;0.00143511;90
-149.901;0.00322831;90
-138.22;0.00428051;90
-149.89;0.00501929;90
-140.407;0.00466787;90
-138.753;0.00492637;90
-137.633;0.00491038;90
-139.686;0.00836972;90
-130.295;0.00205187;90
-130.346;0.0039126;90
-127.637;0.0112566;90
-130.932;0.00418672;90
-140.569;0.00496896;90
-145.882;0.00464436;90
-156.575;0.0092493;90
-155.558;0.00412793;90
-152.605;0.00836959;90
-152.473;0.00151895;90
-152.089;0.00293095;90
-145.531;0.00505684;90
-130.823;0.00519335;90
-117.373;0.0110942;90
-118.939;0.00616476;90
-120.042;0.00618607;90
-123.468;0.00594227;90
-126.306;0.00577268;90
-126.362;0.00600284;90
-121.876;0.00579259;90
-114.939;0.00561121;90
-96.0784;0.00449527;90
-132.167;0.00246091;90
175.703;0.0024559;90
165.883;0.00242318;90
158.353;0.000965062;90
150.178;0.002409;90
149.227;0.00371159;90
140.974;0.00417836;90
144.179;0.00443734;90
144.821;0.00401295;90
149.482;0.00361358;90
154.576;0.00386424;90
157.347;0.00408408;90
158.099;0.00407509;90
148.668;0.00469813;90
141.367;0.00459057;90
142.256;0.00460194;90
143.841;0.00420492;90
149.166;0.00378498;90
139.616;0.0041472;90
139.108;0.00494478;90
159.312;0.00380432;90
-178.017;0.00309185;90
-167.941;0.0025513;90
-162.584;0.00268615;90
-166.748;0.00258688;90
-166.266;0.00307903;90
-167.568;0.0025549;90
-167.925;0.00277745;90
-172.544;0.00265848;90
-178.231;0.00259124;90
-177.705;0.00267214;90
-173.334;0.00269623;90
-168.374;0.00287805;90
-159.382;0.0026978;90
-154.803;0.00295961;90
-155.999;0.00253958;90
-157.309;0.00290593;90
-167.711;0.00277663;90
-178.387;0.00287714;90
-178.418;0.00264401;90
-170.288;0.0027565;90
-154.245;0.00294341;90
-130.277;0.00348656;90
-108.636;0.00503817;90
-101.343;0.00476915;90
-107.389;0.0051462;90
-110.176;0.00407932;90
-106.914;0.0043136;90
-109.608;0.00443413;90
-130.896;0.0036063;90
175.667;0.004897;90
176.513;0.00282823;90
-156.927;0.00234238;90
-130.157;0.00338357;90
-110.936;0.00414464;90
-107.68;0.00434313;90
-111.173;0.00426921;90
-119.559;0.00374202;90
-129.257;0.00373104;90
-133.377;0.00157253;90
-133.585;0.003236;90
-133.99;0.00328997;90
-119.087;0.00379112;90
-114.068;0.0042078;90
-109.437;0.00435734;90
-103.905;0.00498509;90
-105.468;0.00280459;90
-107.692;0.00670301;90
-111.973;0.00458614;90
-117.683;0.00385079;90
-121.544;0.00382873;90
-109.605;0.00475358;90
-102.133;0.00468158;90
-90.1685;0.00510002;90
-87.7608;0.00547718;90
-87.46;0.00507699;90
-94.1778;0.00429642;90
-110.296;0.00525848;90
-135.55;0.00316869;90
-159.954;0.00250899;90
-162.934;0.00275323;90
-154.433;0.00290107;90
-148.685;0.00232231;90
-145.252;0.00151764;90
-171.301;0.00167932;90
164.768;0.0023599;90
161.833;0.00256906;90
144.193;0.0029211;90
135.854;0.00256284;90
146.452;0.000897508;90
146.544;0.000950487;90
158.838;0.00194732;90
156.281;0.00255809;90
150.181;0.00287575;90
151.602;0.0025021;90
137.389;0.00298517;90
124.096;0.00348388;90
127.11;0.00371923;90
138.43;0.00322665;90
146.476;0.00335872;90
129.297;0.00454728;90
125.95;0.0100787;90
172.997;0.00378927;90
-173.704;0.0038301;90
-175.04;0.0039789;90
-176.827;0.00393904;90
178.106;0.00381308;90
124.995;0.0132885;90
104.025;0.0063132;90
103.4;0.00488909;90
104.466;0.00700923;90
113.008;0.00493781;90
126.416;0.00416413;90
141.081;0.00397154;90
126.953;0.0035664;90
114.151;0.00366369;90
111.298;0.00578723;90
117.154;0.00430555;90
119.994;0.00487486;90
121.308;0.00454359;90
123.933;0.0046415;90
147.029;0.00338283;90
178.706;0.00345288;90
-158.767;0.00355643;90
-151.615;0.00375894;90
-172.39;0.00314873;90
-170.784;0.00302201;90
-164.295;0.00196537;90
-168.955;0.00355994;90
-166.884;0.0028555;90
-166.259;0.00268588;90
-147.431;0.00314686;90
-136.799;0.00353657;90
-142.408;0.00319165;90
-157.369;0.00284831;90
-172.572;0.0029316;90
169.257;0.00265554;90
161.383;0.00268447;90
159.924;0.00307057;90
-178.141;0.00240427;90
-143.153;0.0035752;90
-136.67;0.00342031;90
-140.348;0.00335355;90
-134.246;0.00349412;90
-124.385;0.00409205;90
-122.799;0.00415548;90
-132.97;0.00349318;90
-136.507;0.00306425;90
-148.206;0.00259076;90
175.814;0.00275335;90
160.357;0.00313546;90
146.913;0.0030316;90
148.812;0.00315731;90
-172.222;0.00274122;90
-161.022;0.00327184;90
-161.605;0.00318789;90
-162.26;0.00245158;90
-162.675;0.00284089;90
-171.574;0.00293467;90
158.946;0.00297565;90
134.649;0.00346347;90
159.919;0.00573463;90
-168.455;0.00133909;90
-148.682;0.0047115;90
-149.705;0.00139558;90
-151.986;0.00611894;90
-156.85;0.00169661;90
-138.836;0.00737751;90
-137.718;0.00245996;90
176.275;0.00460272;90
145.471;0.00161074;90
161.988;0.00488648;90
148.292;0.0038966;90
123.951;0.0020072;90
109.792;0.00792088;90
105.962;0.0062146;90
115.118;0.0019129;90
140.038;0.00644118;90
-153.648;0.00373292;90
165.028;0.00335593;90
143.91;0.0042916;90
146.565;0.00143558;90
151.682;0.00591941;90
-170.073;0.00139793;90
177.109;0.00529374;90
155.662;0.00380956;90
169.98;0.00417264;90
175.272;0.00121313;90
-164.016;0.00607175;90
-168.595;0.00176995;90
-177.751;0.00616575;90
161.452;0.00127946;90
150.012;0.00452359;90
133.021;0.00139242;90
128.132;0.00633874;90
118.506;0.0059697;90
118.708;0.00220049;90
117.368;0.00746786;90
140.149;0.00114235;90
146.472;0.00490634;90
158.094;0.00142596;90
149.224;0.00167486;90
164.006;0.00242071;90
167.328;0.00320917;90
-162.047;0.00330912;90
105.124;0.00103484;90
-159.504;0.0014423;90
-7.92693;0.000558335;90
3.73666;0.00118151;90
43.9229;0.000789978;90
160.763;0.00137794;90
158.419;0.00294979;90
164.29;0.00337196;90
176.074;0.00372474;90
-179.72;0.00735809;90
-144.005;0.0042963;90
-155.372;0.00414178;90
161.081;0.00377811;90
123.48;0.00558698;90
124.144;0.00571026;90
127.68;0.00541674;90
160.094;0.00413826;90
-148.874;0.00442039;90
-161.596;0.00413341;90
164.296;0.00443349;90
160.003;0.00423428;90
156.757;0.00425971;90
144.637;0.00457878;90
123.366;0.00568743;90
112.481;0.00652487;90
126.302;0.00547087;90
153.121;0.0046493;90
173.87;0.00403608;90
-170.299;0.00407121;90
-160.696;0.00415033;90
-177.725;0.0040552;90
150.431;0.0044035;90
141.709;0.00473326;90
140.022;0.00511292;90
139.553;0.00483702;90
138.546;0.00478992;90
140.813;0.00481754;90
144.386;0.00462631;90
142.983;0.00465902;90
142.064;0.00472042;90
139.955;0.00478875;90
136.171;0.00564177;90
123.37;0.00550687;90
112.731;0.00680124;90
113.163;0.00642929;90
121.002;0.00587297;90
150.068;0.00436295;90
-171.564;0.00404881;90
-172.03;0.00406022;90
-174.677;0.0039882;90
174.271;0.00403716;90
158.027;0.00452467;90
152.979;0.00432961;90
153.316;0.00431562;90
163.248;0.00413551;90
-162.597;0.00477771;90
-172.169;0.00187145;90
-158.986;0.00678743;90
-155.075;0.00192202;90
-169.852;0.00598768;90
-167.382;0.00388176;90
-116.518;0.00323872;90
-111.118;0.00953966;90
-161.135;0.00126495;90
164.323;0.00408185;90
-114.779;0.00348594;90
-107.671;0.00552784;90
-99.7851;0.00720786;90
-96.492;0.00333438;90
-99.2394;0.0133532;90
-105.466;0.00211872;90
-104.519;0.0106181;90
-104.196;0.00269119;90
-103.539;0.0120416;90
-103.564;0.00279702;90
-99.0975;0.0118521;90
-102.747;0.00601422;90
-101.709;0.00452824;90
-101.402;0.00741026;90
-96.6884;0.0135573;90
-92.2422;0.00723354;90
-96.315;0.00780033;90
-98.266;0.00769292;90
-97.6497;0.00831601;90
-95.4193;0.00786716;90
-98.9646;0.00857373;90
-105.892;0.010989;90
-104.763;0.00730722;90
-100.113;0.00767119;90
-96.0352;0.00779923;90
-96.3036;0.00691279;90
-99.1465;0.00724715;90
-103.131;0.00745696;90
-106.835;0.00713688;90
-113.43;0.00712987;90
-124.141;0.00585144;90
-136.43;0.00473272;90
-148.881;0.00443874;90
-143.182;0.0048692;90
-124.415;0.00580513;90
-112.024;0.00453601;90
-103.933;0.00594286;90
-103.873;0.00755744;90
-110.966;0.00667386;90
-114.251;0.00701177;90
-107.623;0.00700578;90
-103.658;0.00738173;90
-97.7824;0.0078059;90
-96.709;0.00842268;90
-95.7119;0.00452145;90
-100.772;0.0179401;90
-97.3456;0.00322245;90
-98.0883;0.00523811;90
-97.9831;0.0077188;90
-95.7975;0.00799891;90
-94.8237;0.00966824;90
-104.119;0.012712;90
-102.218;0.00378473;90
-98.7678;0.0050318;90
-104.307;0.00697637;90
-109.365;0.00728305;90
-102.384;0.0145669;90
-96.6356;0.00347025;90
-96.302;0.00513805;90
-95.7209;0.00777472;90
-99.8;0.00775516;90
-108.297;0.00671765;90
-115.89;0.00721629;90
-120.033;0.0051609;90
-140.017;0.00559485;90
-144.226;0.00512494;90
-125.495;0.00595211;90
-107.874;0.00694944;90
-105.814;0.00628591;90
-113.119;0.00664464;90
-121.344;0.00602882;90
-130.574;0.00601136;90
-145.029;0.00486427;90
-145.575;0.00475473;90
-137.424;0.00508158;90
-127.482;0.00576653;90
-122.055;0.00419802;90
-127.435;0.0118546;90
-164.146;0.00171316;90
-162.948;0.00359086;90
-174.922;0.00312928;90
-157.484;0.00555439;90
-140.301;0.00521956;90
-139.57;0.00522729;90
-153.64;0.0046193;90
-164.747;0.00402166;90
-162.982;0.00464333;90
-155.242;0.00441038;90
-156.825;0.00477207;90
-156.619;0.004372;90
-160.09;0.00432553;90
-161.942;0.00403262;90
-163.046;0.00408766;90
-162.742;0.0042336;90
-156.753;0.00450473;90
-152.366;0.00493944;90
-151.625;0.00308687;90
-144.238;0.00593751;90
-139.561;0.00547762;90
-137.423;0.00513465;90
-135.981;0.00528852;90
-138.419;0.00518171;90
-141.417;0.0046885;90
-140.146;0.00533684;90
-129.698;0.00557819;90
-118.01;0.00592165;90
-117.052;0.00636766;90
-127.873;0.0058591;90
-139.519;0.00507087;90
-146.483;0.00476296;90
-145.175;0.00892188;90
-139.585;0.00169825;90
-139.971;0.0041451;90
-137.073;0.00553249;90
-138.69;0.00510954;90
-127.271;0.00559954;90
-127.346;0.00531958;90
-136.899;0.00539748;90
-128.389;0.0051224;90
-130.181;0.00604309;90
-137.854;0.00562282;90
-124.055;0.00583224;90
-116.54;0.0121302;90
-123.042;0.00223198;90
-124.937;0.004217;90
-109.455;0.00719374;90
-94.2852;0.0075481;90
-95.8656;0.00765206;90
-113.76;0.0112211;90
-117.785;0.00355034;90
-114.771;0.00552759;90
-113.927;0.00618884;90
-117.429;0.0116508;90
-106.166;0.00249256;90
-109.081;0.00622186;90
-108.728;0.00655612;90
-114.647;0.00736392;90
-117.269;0.00586252;90
-124.746;0.00624449;90
-134.531;0.00517761;90
-144.723;0.00478585;90
-135.347;0.004906;90
-133.662;0.00596749;90
-123.003;0.00451087;90
-142.165;0.00407078;90
-147.446;0.00323176;90
-101.007;0.00211593;90
157.787;0.00108449;90
170.844;0.00190426;90
-129.874;0.00474812;90
-122.2;0.00607075;90
-121.089;0.00667937;90
-135.665;0.00517849;90
-154.779;0.00453644;90
-129.385;0.00544184;90
-133.518;0.00538501;90
-147.251;0.00466205;90
-136.334;0.00519511;90
-140.839;0.0052542;90
-147.771;0.00472148;90
-133;0.0053695;90
-139.176;0.00502035;90
-140.07;0.00502456;90
-142.821;0.00492627;90
-152.886;0.00452646;90
-144.069;0.00509188;90
-150.778;0.00433234;90
-152.826;0.00391066;90
-176.242;0.00196823;90
-178.55;0.000790253;90
-172.1;0.00045835;90
-172.743;0.00123489;90
-172.527;0.00099949;90
-170.519;0.000491717;90
173.906;0.0222588;90
168.592;0.00148637;90
177.408;0.00464375;90
-173.261;0.00268454;90
170.427;0.00288619;90
160.67;0.00329897;90
174.57;0.00319132;90
-177.362;0.00328048;90
-178.502;0.0032131;90
172.42;0.00331295;90
179.769;0.00347203;90
-160.131;0.00352483;90
-144.409;0.0039966;90
-143.701;0.00379559;90
-141.663;0.00380305;90
-121.791;0.00446835;90
-98.9681;0.00526031;90
-88.0293;0.00564134;90
-87.7005;0.00543338;90
-97.4876;0.00544846;90
-114.952;0.00476471;90
-131.302;0.00371651;90
-121.087;0.0046171;90
-107.192;0.00438806;90
-104.872;0.00490532;90
-105.424;0.00497829;90
-108.151;0.00492088;90
-100.575;0.00555231;90
-92.419;0.00649178;90
-112.623;0.00572446;90
-144.319;0.0041833;90
178.958;0.0036286;90
-136.29;0.00436466;90
-100.25;0.00591744;90
-93.8269;0.0062329;90
-93.9758;0.0056105;90
-94.4372;0.00502807;90
-97.6229;0.00402558;90
-88.4113;0.00331828;90
-46.4452;0.00131776;90
121.539;0.00179517;90
179.623;0.00288806;90
163.385;0.00345527;90
166.224;0.00401037;90
174.286;0.00153664;90
179.355;0.00346422;90
-173.764;0.00357213;90
-173.089;0.00368981;90
-176.097;0.00374669;90
-179.339;0.00389926;90
158.669;0.00780467;90
169.793;0.00178322;90
-171.442;0.00327951;90
-159.945;0.00318727;90
-162.011;0.00561132;90
-168.314;0.00391515;90
-179.337;0.00415028;90
172.8;0.00371025;90
162.945;0.00412228;90
156.292;0.00427039;90
145.586;0.0045686;90
141.677;0.00873261;90
140.941;0.00206311;90
140.462;0.00402616;90
141.887;0.00482974;90
146.691;0.0047109;90
151.087;0.00436623;90
148.795;0.00468247;90
144.164;0.00509683;90
148.215;0.00458103;90
166.28;0.00435528;90
177.596;0.00412363;90
-170.285;0.00398211;90
-169.571;0.00441392;90
-154.658;0.00450447;90
-150.172;0.00442296;90
-141.811;0.00493651;90
-145.051;0.00476048;90
-144.595;0.00466212;90
-148.614;0.00493278;90
-137.513;0.00370881;90
-137.48;0.0107864;90
-131.65;0.00235941;90
-132.242;0.00343911;90
-141.17;0.00469054;90
-146.238;0.00507967;90
-157.77;0.00431902;90
-160.712;0.00427176;90
-174.063;0.0041764;90
-171.354;0.00405104;90
-161.385;0.00432001;90
-149.961;0.00381548;90
-139.368;0.00532868;90
-133.908;0.0052689;90
-135.102;0.00515411;90
-138.307;0.00487868;90
-144.111;0.0047645;90
-152.051;0.00484966;90
-155.775;0.00774281;90
-151.101;0.00200921;90
-146.889;0.00373443;90
-143.79;0.00826415;90
-148.285;0.00184325;90
-150.769;0.00399929;90
-156.502;0.00457977;90
-162.176;0.00429936;90
-168.211;0.00415055;90
-167.932;0.00425197;90
-168.538;0.004212;90
-164.57;0.00749827;90
-160.661;0.00194473;90
-160.284;0.00406106;90
-160.379;0.00401727;90
-165.392;0.00746635;90
-170.734;0.00153402;90
-172.153;0.00388942;90
-176.613;0.00382568;90
-178.78;0.00474208;90
177.289;0.00386933;90
173.433;0.00416231;90
169.305;0.00421929;90
165.728;0.00424708;90
161.419;0.0075506;90
162.214;0.00184309;90
168.015;0.00336127;90
-173.996;0.00807832;90
-143.97;0.00177319;90
-161.941;0.00312914;90
175.016;0.00418984;90
-174.163;0.00402185;90
-174.472;0.00405888;90
-173.212;0.004137;90
-174.799;0.00412599;90
-178.064;0.00423242;90
178.465;0.00433155;90
175.817;0.00422225;90
174.355;0.00408682;90
172.145;0.0041782;90
164.348;0.0042662;90
160.888;0.00444078;90
162.185;0.00482434;90
166.474;0.00362144;90
-176.796;0.00450905;90
-168.195;0.00424784;90
-163.356;0.00425946;90
-168.644;0.00411354;90
-165.522;0.00339997;90
-172.557;0.00460077;90
-175.267;0.00815681;90
-171.246;0.00167552;90
-163.32;0.00314952;90
-158.582;0.00463079;90
-158.485;0.00371915;90
-155.879;0.00389072;90
-157.399;0.00455369;90
-156.769;0.00459126;90
-154.548;0.00474449;90
-154.009;0.00468927;90
-156.017;0.00504343;90
-159.299;0.00454332;90
-169.763;0.00721383;90
179.252;0.00191516;90
178.028;0.00302279;90
178.187;0.00783992;90
170.514;0.00157757;90
178.105;0.00326679;90
-177.574;0.00415873;90
-166.385;0.00742979;90
-160.808;0.0016031;90
-160.185;0.00745755;90
-162.319;0.00170556;90
-172.274;0.00331005;90
174.52;0.00406257;90
157.212;0.00842457;90
155.516;0.00163833;90
155.422;0.00341877;90
161.274;0.00423308;90
-168.395;0.0117614;90
-167.395;0.00137925;90
-131.738;0.00354198;90
-172.189;0.00116986;90
-107.957;0.00542002;90
-108.9;0.00732597;90
-112.417;0.00229978;90
-154.274;0.00128319;90
-175.208;0.000670343;90
-167.063;0.00170631;90
-173.443;0.00183903;90
-129.161;0.00198098;90
-121.023;0.0024797;90
-114.384;0.00229139;90
-76.3366;0.00458475;90
19.7173;0.000607626;90
38.1341;0.000834003;90
37.1261;0.000536805;90
-53.5703;0.000963228;90
-81.2645;0.00123128;90
-53.6279;0.000989837;90
-67.4012;0.00209485;90
-72.6548;0.00194547;90
-75.3975;0.00117805;90
113.934;0.00103281;90
120.985;0.000911001;90
121.29;0.000874142;90
-61.7355;0.00107065;90
-51.4805;0.00108385;90
-75.9517;0.00114938;90
-60.303;0.00103954;90
111.628;0.00159532;90
121.324;0.00174658;90
108.598;0.0012197;90
-90.3255;0.000704011;90
-43.0023;0.00233275;90
-30.553;0.000598031;90
-38.4679;0.000652654;90
-38.5794;0.000556448;90
-67.0964;0.00135156;90
-56.5105;0.000871717;90
-40.7522;0.000658712;90
-6.15399;0.000475742;90
14.7843;0.000501606;90
54.0806;0.000663091;90
38.1385;0.00085821;90
21.9528;0.000773052;90
-53.4483;0.00104442;90
-91.9785;0.00110066;90
-89.7522;0.000925009;90
-102.076;0.00127624;90
172.316;0.000508567;90
-100.077;0.00588681;90
-32.3907;0.000709367;90
-17.7197;0.000785255;90
-31.5279;0.00080128;90
-35.002;0.000944902;90
-40.3165;0.000545587;90
-45.3817;0.000955322;90
-65.556;0.00108747;90
-70.1885;0.00102677;90
-75.7903;0.00144212;90
-79.2234;0.00139052;90
-78.7418;0.00152127;90
-79.7767;0.000816971;90
-82.7888;0.00140209;90
-114.039;0.00242536;90
-129.052;0.00059363;90
-111.121;0.00157908;90
142.017;0.000648322;90
175.73;0.000684901;90
-107.282;0.00271979;90
-46.9513;0.00118368;90
23.5654;0.00112808;90
-162.873;0.00141264;90
114.779;0.00104744;90
94.3286;0.00231861;90
-48.3224;0.000756461;90
54.1941;0.000893954;90
-9.97416;0.000588901;90
-33.8474;0.000807924;90
69.4506;0.00101135;90
68.529;0.00106275;90
103.581;0.0128822;90
158.489;0.000512711;90
163.23;0.000772871;90
147.83;0.000847048;90
101.118;0.00110983;90
82.2441;0.00138568;90
70.821;0.000998415;90
74.3663;0.0010353;90
77.2278;0.000791586;90
46.829;0.000841886;90
5.85601;0.00050966;90
88.4676;0.00157056;90
90.92;0.00137018;90
152.663;0.00155913;90
-144.181;0.000686916;90
-122.42;0.000775939;90
-164.37;0.000523352;90
160.878;0.000790626;90
132.107;0.00106485;90
100.075;0.000891751;90
128.245;0.000991886;90
154.464;0.000647223;90
140.851;0.000658921;90
139.482;0.00059721;90
131.805;0.000583563;90
141;0.000893017;90
108.037;0.00104642;90
147.697;0.000916911;90
2.4704;0.000649604;90
-100.831;0.000633281;90
-50.6914;0.00104815;90
-45.4826;0.00117525;90
-39.6283;0.0010348;90
-36.5959;0.000585407;90
-27.6944;0.000748781;90
-64.4773;0.00120455;90
-83.3411;0.000853759;90
-37.8096;0.000768303;90
-28.363;0.000498889;90
2.12939;0.000511353;90
23.7749;0.000496101;90
49.6372;0.00127697;90
23.0765;0.000801102;90
-13.9821;0.000769808;90
-96.9112;0.00122994;90
-92.4973;0.000963915;90
-90.8708;0.00125014;90
-150.992;0.000828993;90
-107.187;0.000944164;90
-106.443;0.000900845;90
-104.082;0.00122481;90
-100.016;0.000833706;90
-89.7391;0.00175702;90
-45.1938;0.000627207;90
-31.9307;0.000975623;90
-19.8507;0.000665546;90
-37.3145;0.000618619;90
-34.1267;0.00112829;90
-47.5741;0.000582537;90
-55.6617;0.000710894;90
-63.3893;0.00112295;90
-73.2557;0.00133981;90
-81.0101;0.00241264;90
-80.0206;0.000929057;90
-77.0087;0.00129002;90
-85.6636;0.00105803;90
-110.429;0.00226335;90
-115.614;0.00250519;90
155.69;0.000636431;90
-121.438;0.00281645;90
-69.3507;0.00100667;90
8.07249;0.000562574;90
27.5992;0.000619492;90
68.5064;0.000207425;90
-149.414;0.00137768;90
101.624;0.00157327;90
75.1945;0.00155358;90
45.0572;0.000707814;90
17.8657;0.000541092;90
-33.3524;0.000753019;90
63.7751;0.00105455;90
62.4048;0.00109451;90
50.3118;0.000687431;90
75.006;0.00188622;90
99.2447;0.00095237;90
101.167;0.00157482;90
91.5023;0.000877302;90
105.289;0.00147521;90
103.705;0.00138442;90
109.081;0.00117771;90
111.52;0.00113406;90
130.919;0.000606113;90
141.994;0.000958188;90
145.052;0.000530699;90
144.926;0.000689139;90
152.272;0.000616835;90
173.952;0.000778332;90
119.812;0.000844801;90
88.2387;0.00237512;90
77.5676;0.0016118;90
64.112;0.000794754;90
70.9855;0.000844055;90
21.0318;0.000718892;90
83.3835;0.000824491;90
92.631;0.000914964;90
89.3489;0.00140809;90
134.089;0.000800546;90
-168.503;0.000782704;90
-149.192;0.000568177;90
-127.712;0.000680074;90
-155.128;0.00090824;90
152.156;0.000841418;90
139.693;0.000570426;90
101.141;0.0014595;90
144.968;0.000592305;90
140.444;0.00117769;90
165.657;0.000633755;90
142.633;0.000830431;90
119.773;0.000767279;90
112.969;0.0012121;90
-95.3199;0.000248069;90
-53.4697;0.00114742;90
-41.2932;0.00346713;90
9.62317;0.00222531;90
29.257;0.00170442;90
10.8559;0.00153446;90
3.52919;0.00227431;90
22.3936;0.00161694;90
90;0.003402;90
53.6486;0.000663027;90
-63.3523;0.00341135;90
-74.2002;0.00567438;90
-75.6601;0.0048047;90
-68.0328;0.00153979;90
-89.5845;0.0037231;90
-82.5367;0.00317187;90
-119.475;0.00194699;90
-115.614;0.00388145;90
-139.872;0.00316371;90
-154.355;0.0027288;90
-132.291;0.00290238;90
-112.945;0.00264204;90
-43.3233;0.000749147;90
-117.577;0.000278657;90
82.8138;0.00243815;90
48.9917;0.00482498;90
22.0693;0.00103266;90
28.7635;0.00238988;90
56.8399;0.00389777;90
64.7497;0.00304051;90
95.009;0.00170652;90
99.0639;0.00420855;90
91.3798;0.0024087;90
103.882;0.00513498;90
105.714;0.00578938;90
120.498;0.00339698;90
-94.1977;0.00229516;90
-92.1202;0.00235161;90
-171.704;0.00136529;90
-179.322;0.00219715;90
-167.264;0.00156039;90
-150.348;0.00176055;90
-174.871;0.0018233;90
156.649;0.00217733;90
129.835;0.00174373;90
149.231;0.000604022;90
92.2478;0.00107082;90
137.081;0.000447894;90
88.5916;0.00187157;90
145.182;0.00100004;90
139.953;0.00179356;90
-157.074;0.000662317;90
-161.647;0.000663763;90
106.182;0.0045284;90
152.246;0.000560479;90
155.909;0.00194764;90
132.168;0.000658413;90
51.6583;0.000872088;90
-80.4785;0.0125681;90
-66.4829;0.00356621;90
-51.7132;0.000695613;90
-95.7775;0.0010232;90
105.2;0.0012777;90
147.529;0.000782304;90
100.76;0.00153193;90
98.2652;0.000959971;90
-86.2774;0.000708495;90
108.912;0.00182343;90
103.978;0.00189614;90
99.73;0.00263896;90
101.361;0.00131986;90
94.2439;0.00283778;90
96.7603;0.00245507;90
-9.30023;0.00133657;90
-62.5861;0.0047392;90
-46.4075;0.000575759;90
-36.2079;0.00321981;90
-67.744;0.00138087;90
-70.8024;0.000380139;90
-92.6616;0.00286409;90
7.54562;0.00108136;90
-23.2531;0.00262416;90
-31.3061;0.00066011;90
11.6023;0.00142206;90
16.5432;0.00418629;90
1.34667;0.00110631;90
62.8466;0.00352781;90
79.2917;0.00127012;90
-59.3168;0.00521859;90
-75.3709;0.00203911;90
-74.3495;0.00213516;90
-75.5394;0.00573055;90
-88.5654;0.00730929;90
-99.2049;0.00124402;90
-121.758;0.00231219;90
-121.718;0.00304711;90
-142.697;0.00267148;90
-132.237;0.0080527;90
-3.6873;0.000450933;90
-22.5873;0.000541539;90
-21.1063;0.000658153;90
11.9066;0.000659182;90
91.9764;0.0306492;90
8.69737;0.000714213;90
-0.669536;0.0029952;90
87.8607;0.0055989;90
-67.8921;0.00850534;90
-80.0955;0.00272664;90
-75.8032;0.00675222;90
-104.785;0.000779819;90
-85.3432;0.00686065;90
-136.031;0.00420302;90
-122.663;0.00146936;90
-149.318;0.00551855;90
-126.172;0.00146051;90
-114.074;0.00276774;90
-47.8597;0.000751176;90
98.5504;0.00115686;90
48.8474;0.0063018;90
5.9434;0.000685686;90
35.5819;0.00180626;90
51.1847;0.00368212;90
68.4122;0.00353604;90
92.3811;0.00293654;90
93.6512;0.00372155;90
104.555;0.0021686;90
105.414;0.0038339;90
103.387;0.00479427;90
113.82;0.00420192;90
171.569;0.000995762;90
-87.4616;0.0033643;90
-143.531;0.00105823;90
-174.197;0.00259128;90
-173.217;0.00128701;90
-163.325;0.0013696;90
-156.23;0.00193516;90
166.787;0.00157058;90
144.843;0.00222119;90
150.774;0.000616478;90
115.913;0.000864967;90
100.118;0.000933519;90
-56.3754;0.000971558;90
108.605;0.00234136;90
109.69;0.00320542;90
-163.909;0.00221893;90
105.173;0.00233438;90
114.132;0.00171706;90
75.4964;0.00113001;90
62.2467;0.00153114;90
66.6655;0.0022141;90
54.954;0.00208626;90
4.56043;0.00220097;90
17.1559;0.00213918;90
21.0401;0.00160715;90
55.6224;0.00180291;90
72.1633;0.00372505;90
71.947;0.00426917;90
71.3647;0.00424981;90
76.6347;0.00399726;90
97.9601;0.00262126;90
-69.4834;0.00221126;90
-0.517329;0.00310113;90
9.21406;0.00352853;90
13.6532;0.00315619;90
14.2687;0.00340814;90
1.00003;0.00338051;90
-17.9731;0.004119;90
-25.9909;0.0041508;90
-24.8368;0.00415203;90
-21.7315;0.0039594;90
-7.21536;0.00393315;90
8.86097;0.00440153;90
20.091;0.00707982;90
20.5472;0.00453874;90
7.61689;0.00153151;90
7.74826;0.00717248;90
2.21521;0.00139704;90
-2.91956;0.0060078;90
-1.82312;0.0041491;90
-5.20451;0.00154336;90
0.390647;0.00660015;90
6.86544;0.0015058;90
11.679;0.00596755;90
20.4846;0.00469488;90
27.111;0.00192445;90
26.2935;0.00698242;90
23.8358;0.00335299;90
24.9943;0.00383406;90
21.3798;0.00126183;90
21.6884;0.00546057;90
27.3874;0.0012152;90
21.2306;0.00551747;90
23.3751;0.00196094;90
18.7843;0.00637875;90
8.5049;0.00164307;90
7.2764;0.00431878;90
6.5128;0.00348247;90
8.71042;0.00402138;90
5.88209;0.00392265;90
12.7995;0.00422498;90
18.7999;0.0041705;90
9.8503;0.00395734;90
4.49139;0.00412467;90
-10.1247;0.00401045;90
-17.1831;0.00440041;90
-16.4386;0.00408498;90
-17.8109;0.00412259;90
-11.1121;0.00420279;90
-6.45027;0.00402347;90
-7.78154;0.00425417;90
1.88353;0.00864067;90
-3.10184;0.00158933;90
5.71293;0.0097645;90
12.8241;0.00166247;90
7.85831;0.00274276;90
-0.0756047;0.004547;90
10.8478;0.00671092;90
34.3517;0.00182536;90
7.06919;0.00343713;90
-6.24082;0.00407515;90
-16.7385;0.00419787;90
-18.1221;0.00393836;90
-17.472;0.00408339;90
-13.3031;0.00451105;90
-9.95643;0.00392714;90
-9.66808;0.00425747;90
0.234457;0.00391003;90
3.44581;0.00394313;90
4.77282;0.00414638;90
8.74821;0.00426057;90
15.2199;0.00428531;90
15.5798;0.00385359;90
18.6281;0.00440792;90
14.1308;0.0039691;90
18.0388;0.00425305;90
14.2387;0.0040494;90
12.023;0.00825713;90
10.9166;0.00159995;90
8.96239;0.00261898;90
20.6412;0.00377856;90
18.9943;0.00340119;90
24.9787;0.00371553;90
28.8369;0.00393723;90
38.1429;0.00382594;90
36.4824;0.00396249;90
34.8753;0.0034593;90
27.9358;0.00510372;90
26.6177;0.00438135;90
23.8863;0.00466014;90
34.9201;0.00515518;90
38.5007;0.00506005;90
41.2953;0.00527473;90
48.9227;0.00545751;90
41.305;0.00511311;90
33.3467;0.00485898;90
19.7022;0.00470441;90
7.68985;0.00445406;90
7.64554;0.00431435;90
18.4263;0.00418559;90
25.596;0.00473354;90
35.6564;0.0048823;90
41.7742;0.00561696;90
45.128;0.00506573;90
47.0053;0.00505184;90
42.4056;0.00520186;90
33.7096;0.00487942;90
31.2642;0.00415427;90
36.5445;0.00535229;90
36.7839;0.00546261;90
34.2084;0.00493592;90
27.1017;0.00463155;90
19.594;0.00437749;90
11.5278;0.00438342;90
0.840208;0.00436447;90
-9.44107;0.00443203;90
-23.2776;0.00466362;90
-38.0225;0.00487199;90
-33.9441;0.00487836;90
-32.3278;0.00468993;90
-29.5308;0.00481444;90
-36.1663;0.00485317;90
-38.3649;0.00509774;90
-39.965;0.00492278;90
-39.8142;0.00510073;90
-33.562;0.00483866;90
-25.0582;0.00486379;90
-18.1096;0.00434314;90
-5.97036;0.00434557;90
3.3462;0.00431736;90
9.93119;0.00427912;90
23.2219;0.00451694;90
20.3987;0.00468798;90
-7.89882;0.00434422;90
-24.8026;0.00452213;90
-6.38762;0.00760421;90
12.0032;0.00144254;90
5.91411;0.00764771;90
2.09525;0.00278987;90
-9.73519;0.0059375;90
-17.5917;0.00186942;90
4.45414;0.00253666;90
46.329;0.00234752;90
80.5335;0.0113881;90
87.5218;0.00307588;90
86.1697;0.00726022;90
76.0397;0.00640416;90
36.6199;0.00421624;90
-0.244116;0.00399004;90
48.1513;0.00519661;90
75.1534;0.00600239;90
88.5088;0.00630213;90
73.1826;0.00566843;90
78.3116;0.00617505;90
71.468;0.00672048;90
70.9873;0.00592736;90
50.8021;0.00475633;90
59.5762;0.00564187;90
80.8777;0.00678684;90
93.9913;0.00735584;90
87.0764;0.00682288;90
64.0488;0.00592771;90
35.2836;0.00437828;90
38.3136;0.00423895;90
32.6633;0.00420974;90
12.2107;0.0041417;90
-8.35444;0.00451491;90
1.1233;0.00413179;90
4.18591;0.00419218;90
-10.1228;0.00433549;90
-15.329;0.00414963;90
2.84415;0.00423221;90
-7.62089;0.0044715;90
-13.75;0.00432083;90
-6.13479;0.00422017;90
-8.62886;0.00415908;90
-14.9281;0.00440983;90
11.0737;0.00418594;90
8.11221;0.00452831;90
10.0963;0.00432396;90
34.0013;0.00479961;90
31.4456;0.00473078;90
31.0354;0.00452705;90
30.2388;0.00467628;90
40.9304;0.00413498;90
38.4016;0.00384597;90
42.0461;0.00375973;90
48.8251;0.00489702;90
35.4426;0.00462503;90
38.5141;0.0048514;90
43.1891;0.00476616;90
34.0096;0.00462516;90
40.1474;0.00506549;90
52.5131;0.0050889;90
38.1053;0.00427639;90
26.7954;0.00378212;90
49.6359;0.00479431;90
57.4191;0.00392579;90
59.1045;0.00374313;90
57.1646;0.00546635;90
47.7307;0.00522438;90
26.1797;0.00412296;90
27.3126;0.00428467;90
53.8818;0.00556448;90
48.2241;0.00507941;90
44.7513;0.0050495;90
35.1685;0.00470848;90
41.6225;0.0051489;90
56.3891;0.00582242;90
61.6224;0.00616479;90
65.4326;0.00599138;90
69.0912;0.00591233;90
69.0427;0.00656746;90
69.2119;0.0135555;90
48.1979;0.00211684;90
65.4945;0.00747866;90
66.9957;0.00255629;90
63.9663;0.00617226;90
62.2101;0.00638096;90
73.479;0.00637207;90
84.579;0.00799174;90
83.6337;0.00725977;90
62.9044;0.0103847;90
59.7725;0.00228232;90
62.5342;0.00543342;90
62.2685;0.00610752;90
53.1169;0.0052234;90
49.2003;0.00526157;90
46.2796;0.00493967;90
53.6803;0.00551925;90
43.0508;0.0048854;90
47.0865;0.0053797;90
55.25;0.0055474;90
50.093;0.00513762;90
39.1018;0.00491993;90
40.4963;0.00443949;90
40.7868;0.00438885;90
32.6218;0.00449274;90
37.3817;0.00485899;90
33.7045;0.00439711;90
38.6883;0.00502333;90
53.5947;0.00545078;90
62.1238;0.00623445;90
61.6035;0.00591921;90
50.7823;0.00511649;90
42.0054;0.00514345;90
37.862;0.00502475;90
41.7063;0.0045783;90
44.8735;0.00512512;90
43.1335;0.00497148;90
40.8935;0.0048285;90
36.9826;0.00478081;90
31.357;0.00842095;90
27.9077;0.00171777;90
24.4589;0.00316394;90
20.5665;0.0045062;90
14.5665;0.00359041;90
19.6175;0.00381547;90
21.2015;0.00423891;90
17.0805;0.00436137;90
26.9857;0.00371555;90
25.4996;0.00380018;90
22.6966;0.00523;90
15.9399;0.00429307;90
23.7149;0.00345363;90
76.6827;0.00162366;90
-99.6175;0.00479439;90
11.3262;0.000692486;90
-33.5963;0.000847583;90
11.1966;0.00118964;90
-4.87677;0.00277605;90
-16.3603;0.000663881;90
-163.193;0.00106865;90
174.191;0.00320144;90
166.969;0.000470106;90
145.949;0.000837614;90
-162.023;0.00126685;90
99.595;0.00212979;90
75.4866;0.00302865;90
-27.0395;0.00264625;90
21.7267;0.00313361;90
39.1914;0.00473008;90
39.7502;0.00476822;90
24.0823;0.00407794;90
15.8132;0.00428621;90
18.9603;0.00400108;90
30.5432;0.00441569;90
47.6753;0.00505991;90
55.7637;0.00578911;90
58.1263;0.00576651;90
48.7697;0.00546361;90
38.2051;0.00470348;90
34.9111;0.00469855;90
40.3706;0.0046609;90
49.7096;0.00535674;90
61.7948;0.00629666;90
69.1888;0.0103802;90
72.665;0.00270172;90
72.0224;0.00717006;90
51.495;0.0049134;90
35.1443;0.00360644;90
37.7438;0.00386845;90
47.4208;0.00430234;90
61.2916;0.00527321;90
67.3683;0.0115201;90
79.3813;0.00728271;90
84.1482;0.00766997;90
84.5239;0.00887551;90
81.7183;0.00352678;90
77.6577;0.0107976;90
70.3734;0.00269136;90
71.5223;0.0101693;90
80.2459;0.00729546;90
80.5714;0.00754493;90
79.7101;0.00309579;90
80.1261;0.0063389;90
79.394;0.00721526;90
81.9004;0.00744527;90
83.0365;0.00752249;90
82.8556;0.00806461;90
81.0748;0.00722549;90
81.1987;0.00750942;90
79.2312;0.00724662;90
80.43;0.00743446;90
83.7502;0.00742211;90
81.2993;0.00746996;90
74.0725;0.00704756;90
70.2742;0.00701888;90
66.0428;0.00655579;90
71.2683;0.00665447;90
76.8016;0.00708207;90
74.4561;0.00695954;90
61.7358;0.00647045;90
44.4009;0.00426055;90
33.1883;0.00490873;90
32.9071;0.00460722;90
50.9934;0.0053161;90
62.8178;0.00618622;90
69.9691;0.00706221;90
73.8132;0.00665065;90
79.4007;0.00758949;90
82.0064;0.00729892;90
84.8505;0.0078547;90
82.4545;0.00747069;90
77.8805;0.00712071;90
73.2167;0.00743887;90
73.4587;0.00660328;90
81.3573;0.00761952;90
84.0664;0.0076711;90
83.3658;0.00690725;90
81.5637;0.00717059;90
81.0864;0.00650557;90
86.0334;0.00644744;90
87.1878;0.00536046;90
86.5403;0.00714202;90
80.9018;0.00682993;90
78.2198;0.00606882;90
77.5637;0.00577654;90
78.989;0.00669118;90
81.1692;0.00648791;90
78.9;0.00717319;90
77.7819;0.00730036;90
73.8078;0.00711109;90
74.9052;0.00758781;90
78.7338;0.0128476;90
80.6901;0.00278164;90
82.4019;0.00661004;90
80.5929;0.00732957;90
76.6281;0.00631726;90
87.0786;0.00329628;90
32.5175;0.000664115;90
-27.754;0.00290975;90
1.36042;0.00349599;90
59.8213;0.00535709;90
73.4794;0.00537698;90
40.764;0.00412593;90
2.93567;0.00402228;90
13.6012;0.00412056;90
21.9988;0.00415124;90
21.7121;0.00428715;90
15.6487;0.00411139;90
-10.9571;0.00783381;90
-24.2086;0.00177291;90
-27.4946;0.00322528;90
-27.3393;0.00430259;90
-14.2643;0.00420463;90
1.80903;0.0042131;90
8.54418;0.00401152;90
8.72905;0.00407217;90
-6.4627;0.00387362;90
-48.3127;0.00531076;90
-65.0845;0.00638528;90
-68.5545;0.00693623;90
-61.835;0.00608671;90
-47.158;0.00512662;90
-42.7635;0.00491035;90
-38.5449;0.0046732;90
-38.1552;0.004788;90
-35.603;0.0048938;90
-39.8574;0.00467015;90
-38.4974;0.0049576;90
-42.6246;0.00481105;90
-37.938;0.0046242;90
-41.5098;0.00534291;90
-34.1349;0.00457281;90
-15.8352;0.00407151;90
16.5432;0.00418629;90
14.6327;0.00407724;90
3.38997;0.00400801;90
-15.3025;0.0041377;90
-41.2081;0.00510021;90
-63.0644;0.00560057;90
-66.1107;0.00556583;90
-52.8437;0.00444046;90
-35.3476;0.00385456;90
-23.7284;0.00357852;90
-19.8313;0.00319232;90
-22.328;0.00406151;90
-1.27404;0.00377793;90
29.1088;0.00451415;90
14.6364;0.004191;90
-40.4344;0.00484137;90
-54.5564;0.00601826;90
-57.7035;0.00586186;90
-40.6051;0.00485371;90
11.6709;0.00407832;90
35.1657;0.0045126;90
8.00256;0.00736977;90
-6.85655;0.00412953;90
-11.1672;0.0034646;90
-20.2922;0.0038638;90
-10.6129;0.0036596;90
-13.1845;0.00368719;90
-16.284;0.0038588;90
-34.5451;0.00451632;90
-52.4047;0.0049764;90
-61.748;0.00540826;90
-61.2592;0.00624313;90
-57.3952;0.00532996;90
-43.4435;0.00395702;90
-38.1073;0.00270443;90
-20.7217;0.00222707;90
-8.43341;0.00325924;90
6.8922;0.00280829;90
22.7315;0.00244816;90
13.526;0.00324089;90
6.64238;0.00362231;90
-4.31714;0.00387901;90
-16.8284;0.00293258;90
-24.8007;0.00328276;90
-3.57633;0.00304593;90
4.16227;0.0027693;90
-28.0318;0.00323218;90
-33.9333;0.00372429;90
-32.6954;0.00423383;90
-11.8092;0.0037136;90
19.4324;0.00374217;90
-35.8967;0.00367373;90
-58.8319;0.00466428;90
-76.2657;0.00676441;90
-71.4945;0.00616581;90
-46.9245;0.00465327;90
-23.2136;0.00400091;90
-22.2326;0.00382432;90
-14.0703;0.00367733;90
18.1177;0.00354054;90
51.6102;0.00487111;90
32.8093;0.00371693;90
38.7398;0.0041372;90
22.8433;0.00345172;90
25.3271;0.0034363;90
27.2935;0.0032363;90
2.71158;0.00295931;90
-34.0427;0.00360479;90
-46.0187;0.00429565;90
-8.41096;0.00288503;90
6.95021;0.00252052;90
18.4069;0.00258105;90
18.3782;0.00255639;90
15.4577;0.00230747;90
19.8933;0.0023981;90
19.3302;0.00289415;90
-28.2549;0.00794686;90
8.91393;0.00111648;90
-15.2631;0.0025261;90
15.145;0.00292043;90
48.9488;0.0148477;90
48.2506;0.00139666;90
44.1839;0.00700036;90
30.1892;0.00110369;90
39.3034;0.00115404;90
22.0322;0.00659242;90
-12.8932;0.00114281;90
-25.6318;0.00112579;90
-20.6911;0.00273116;90
10.5786;0.00909661;90
41.2222;0.00193177;90
39.386;0.00354902;90
21.5784;0.00749101;90
12.596;0.002036;90
10.4461;0.00257569;90
13.9372;0.00280663;90
11.6336;0.00281176;90
14.7224;0.00330139;90
23.79;0.00347311;90
20.9004;0.00371975;90
-3.12568;0.0032278;90
-36.2863;0.00408401;90
-57.2419;0.00542236;90
-61.1332;0.00533375;90
-60.9543;0.00564152;90
-66.913;0.00593427;90
-65.9142;0.00476594;90
-53.7619;0.00431706;90
-37.8859;0.00368838;90
-53.1301;0.004095;90
-71.9001;0.00616402;90
-75.9618;0.00697945;90
-75.6882;0.00584954;90
-75.1338;0.00582704;90
-47.3369;0.0122431;90
2.48264;0.00360138;90
2.13569;0.00348842;90
7.53284;0.00392084;90
2.49925;0.0041049;90
-45.1995;0.0129981;90
-48.5243;0.00412954;90
-32.5972;0.00289384;90
-40.9503;0.00345436;90
-53.6903;0.00364097;90
-55.489;0.00358123;90
-43.9747;0.00252902;90
-28.9464;0.00231409;90
-29.3803;0.00263145;90
-27.5633;0.00295206;90
-21.6144;0.00256001;90
-36.8932;0.0029484;90
-43.1044;0.0029927;90
-22.7979;0.0028724;90
-17.4222;0.00255837;90
1.68365;0.00163371;90
34.0207;0.000865069;90
17.6362;0.00142917;90
33.2284;0.00251287;90
25.9735;0.00307565;90
16.2912;0.00266292;90
22.146;0.00299495;90
52.8606;0.00361404;90
74.7569;0.00458324;90
87.7498;0.00573042;90
92.1543;0.00497452;90
93.3168;0.0050124;90
87.883;0.00517053;90
74.01;0.00494429;90
65.8264;0.00405126;90
57.1326;0.00351577;90
64.7835;0.00416158;90
67.3485;0.00404285;90
71.9194;0.00475584;90
75.5585;0.0049721;90
75.3575;0.00467586;90
71.3355;0.00457775;90
66.4447;0.00442905;90
52.9454;0.00396962;90
47.3734;0.00391012;90
47.1374;0.0036781;90
49.9623;0.00376035;90
63.7567;0.00438053;90
70.1885;0.00513386;90
70.8285;0.00501832;90
59.4348;0.00414145;90
25.261;0.0030065;90
-1.83563;0.00262235;90
-12.5032;0.00266521;90
10.0966;0.00258402;90
47.2897;0.00362823;90
71.0277;0.0045523;90
73.6427;0.00441365;90
70.5717;0.00432317;90
72.5726;0.00419035;90
76.6752;0.00478584;90
74.6876;0.00482426;90
53.3967;0.00378184;90
24.8253;0.00271047;90
8.11544;0.00276267;90
4.13444;0.00300983;90
1.3813;0.00290384;90
16.2388;0.00289656;90
21.9049;0.00318709;90
24.3861;0.00615185;90
13.3831;0.00310636;90
7.9511;0.00294229;90
3.48032;0.00286629;90
2.75101;0.00297943;90
6.36217;0.00287873;90
12.4322;0.00289386;90
10.9271;0.00255329;90
13.8622;0.00247509;90
16.2104;0.00225672;90
13.7554;0.00272104;90
14.2925;0.00265725;90
8.43499;0.0034018;90
-14.989;0.00371956;90
-36.7153;0.00422522;90
-41.673;0.00458129;90
-33.7457;0.00399634;90
-34.7381;0.00421532;90
-42.8918;0.00394054;90
-35.7881;0.00478805;90
-32.111;0.00419707;90
-28.8946;0.00410389;90
-26.1205;0.00397719;90
-15.6707;0.00372444;90
-28.642;0.00405979;90
-33.9364;0.00432226;90
-33.9556;0.00454748;90
-46.1695;0.00457311;90
-28.1095;0.00428094;90
-25.5521;0.00316229;90
-15.4964;0.00254139;90
21.154;0.00285971;90
66.0953;0.00493316;90
64.4329;0.00598284;90
57.8686;0.0066991;90
53.3437;0.00917566;90
55.0585;0.00585432;90
58.628;0.00618525;90
61.4882;0.00630577;90
61.8994;0.00659206;90
59.2662;0.00619509;90
52.3755;0.00599852;90
36.6293;0.00490584;90
27.6672;0.00455706;90
26.0235;0.00454255;90
24.7734;0.00451996;90
23.1376;0.00444341;90
21.5612;0.00442999;90
27.9045;0.00455343;90
36.8262;0.005247;90
43.7454;0.00526426;90
50.7199;0.00564039;90
52.6839;0.00570097;90
50.2485;0.00556564;90
46.8715;0.00251157;90
42.1722;0.00478729;90
40.9833;0.00933765;90
41.3431;0.00219509;90
38.3225;0.00769247;90
40.0997;0.00197013;90
35.1641;0.00777364;90
28.8276;0.0017898;90
24.415;0.00393378;90
19.664;0.00417232;90
17.6538;0.00405916;90
14.5342;0.00714464;90
10.8163;0.0040978;90
13.8623;0.00407365;90
19.4208;0.00446611;90
23.9921;0.00157399;90
29.5294;0.00725546;90
33.6356;0.00175119;90
31.8475;0.00796157;90
41.3703;0.00175361;90
33.1995;0.00369277;90
29.4633;0.00428979;90
19.2772;0.00378629;90
9.2186;0.00363292;90
10.1989;0.00396464;90
29.6243;0.00388825;90
55.2962;0.0100644;90
64.0033;0.00225407;90
62.0893;0.00554161;90
55.362;0.0050124;90
47.8911;0.00444417;90
43.1856;0.0043997;90
33.3359;0.00421802;90
28.7819;0.00373435;90
22.2144;0.00347816;90
15.2411;0.00321819;90
24.3367;0.00340453;90
33.028;0.00408037;90
41.7458;0.00411068;90
57.0359;0.00518825;90
72.943;0.00598318;90
80.8512;0.00630825;90
84.4808;0.00598876;90
86.0418;0.00592513;90
86.6598;0.005887;90
89.9544;0.00503;90
92.2964;0.00277022;90
-1.23463;0.00139232;90
-53.0136;0.000984002;90
-109.312;0.00253992;90
-101.026;0.00438698;90
-92.5209;0.00484269;90
-93.492;0.00495821;90
-91.1705;0.00504205;90
-74.1737;0.00284172;90
-74.253;0.00134861;90
-1.01298;0.00101816;90
63.7573;0.00111269;90
100.459;0.000964017;90
67.777;0.000555244;90
-83.8413;0.00174306;90
177.366;0.00474301;90
-19.3741;0.000675237;90
70.3513;0.00226913;90
86.3826;0.0148035;90
89.5098;0.00187007;90
89.2418;0.0022672;90
94.1529;0.00352125;90
83.5438;0.00125395;90
8.96171;0.00163698;90
18.697;0.00165958;90
4.67926;0.00253746;90
6.06567;0.002858;90
-11.5501;0.00318142;90
-7.68062;0.00308266;90
6.08494;0.00359425;90
16.9571;0.00297954;90
7.67896;0.00242474;90
0.980696;0.00391457;90
5.59356;0.00618646;90
21.9403;0.00122578;90
34.1509;0.00306926;90
34.9614;0.00428778;90
34.0701;0.00413954;90
5.10764;0.00651487;90
-26.5064;0.000873856;90
27.774;0.00103866;90
-19.8138;0.0044813;90
-40.1542;0.000778479;90
-19.2629;0.000897232;90
-46.8546;0.00371426;90
-35.524;0.00436801;90
-45.017;0.00477156;90
-55.5671;0.00549837;90
-39.1652;0.00428464;90
-14.7385;0.00344329;90
-5.03803;0.0034162;90
-12.9537;0.00367143;90
-24.396;0.0037575;90
-27.8997;0.00372496;90
-47.0706;0.00843493;90
-53.1508;0.0016608;90
-52.839;0.00822771;90
-63.2525;0.00196641;90
-72.2867;0.0113984;90
-61.8442;0.002062;90
-44.6477;0.00253008;90
-42.193;0.00730611;90
-26.3434;0.0015031;90
-6.25992;0.00583278;90
-1.52828;0.00404944;90
-28.9765;0.00121168;90
-21.4436;0.00092181;90
-51.718;0.00260519;90
-53.9486;0.00770079;90
-39.9184;0.00182018;90
-61.2825;0.00247663;90
-59.8428;0.00473949;90
-69.4412;0.0048125;90
-66.7499;0.00438511;90
-68.6775;0.00399872;90
-69.639;0.00477964;90
-60.3779;0.00358908;90
-49.9856;0.00231889;90
-37.9473;0.00236122;90
-27.3822;0.0028222;90
-20.7996;0.00269782;90
-28.912;0.00265376;90
-43.7853;0.00286867;90
-37.928;0.00303252;90
-21.0578;0.00263282;90
13.1586;0.00264443;90
17.3396;0.0023655;90
11.2819;0.00361383;90
9.59538;0.00353952;90
6.43973;0.00343266;90
19.3364;0.0036785;90
39.4875;0.00415153;90
42.9363;0.00465366;90
44.4226;0.00512183;90
47.9947;0.00495368;90
38.375;0.00474384;90
35.1549;0.00443739;90
40.2961;0.00427684;90
57.7405;0.00583227;90
61.3161;0.00541901;90
65.7381;0.0077341;90
63.0618;0.00618062;90
57.3174;0.00582054;90
49.4656;0.00529463;90
47.9683;0.00527077;90
47.6325;0.00521901;90
43.458;0.00499257;90
39.9601;0.00517553;90
39.6129;0.0047977;90
38.6732;0.00467131;90
56.2031;0.0105618;90
58.2077;0.00176713;90
40.4665;0.00327425;90
14.9789;0.00287468;90
-12.4344;0.00348781;90
-26.3447;0.00406967;90
-45.9465;0.0047517;90
-54.4586;0.00537424;90
-51.9414;0.00355737;90
-33.7569;0.00546546;90
-36.1225;0.00433917;90
-48.3869;0.00489537;90
-53.5947;0.00532778;90
-60.1909;0.00475748;90
-55.0327;0.00456632;90
-34.7478;0.00344056;90
-10.24;0.00300385;90
12.0303;0.00291707;90
22.7203;0.00272116;90
-3.15657;0.00286935;90
-22.9803;0.00324014;90
8.18792;0.00350372;90
36.209;0.00371065;90
40.7334;0.00371625;90
-12.434;0.00294917;90
-55.9118;0.00471035;90
-61.0904;0.00487558;90
-56.578;0.00468228;90
-46.7862;0.00374312;90
-60.639;0.00581265;90
-69.865;0.00531908;90
-66.0375;0.00486534;90
-71.1593;0.00468819;90
-69.4566;0.00422893;90
-72.0023;0.00443396;90
-73.0139;0.00418978;90
-73.21;0.0100358;90
-68.0554;0.00564608;90
-79.5115;0.00638875;90
-77.0165;0.0061646;90
-59.4163;0.00553267;90
-51.3578;0.00508923;90
-49.3834;0.00527347;90
-47.5621;0.00446065;90
-16.5935;0.00264724;90
31.3983;0.00339165;90
3.71925;0.00337611;90
-8.62918;0.00342578;90
-10.6447;0.00364879;90
-17.0342;0.00368674;90
-17.5125;0.00329995;90
-15.6774;0.00314188;90
-15.0275;0.00311244;90
26.5504;0.00350124;90
38.0391;0.00370497;90
39.0509;0.00226504;90
36.5798;0.00197503;90
41.6235;0.00283335;90
57.2854;0.00400774;90
55.9688;0.00419194;90
57.2719;0.00338664;90
59.5208;0.00425846;90
62.2344;0.00456795;90
61.0819;0.00489083;90
39.0498;0.00396987;90
32.4578;0.0039465;90
45.3526;0.00413665;90
23.1136;0.00345428;90
18.2829;0.00345543;90
17.8609;0.00356691;90
-13.7278;0.00351439;90
4.82679;0.00354156;90
42.0645;0.00490173;90
50.1767;0.00578368;90
18.5451;0.0014809;90
5.63731;0.00630148;90
19.4021;0.00142386;90
24.2871;0.00664951;90
-1.43443;0.00367515;90
-7.22549;0.00410258;90
23.8333;0.00135123;90
22.1187;0.00630501;90
11.7565;0.00395088;90
13.9314;0.00145788;90
11.3081;0.00606881;90
2.13511;0.00166416;90
0.120841;0.00331901;90
-1.51526;0.00423548;90
-24.2817;0.00338989;90
-45.8471;0.00468722;90
-51.4115;0.00502146;90
-38.2319;0.00418198;90
-54.2102;0.00523073;90
-55.7822;0.00535974;90
-66.2716;0.00656061;90
-70.6595;0.00648285;90
-61.5433;0.00550059;90
-54.8755;0.00481964;90
-36.8438;0.0039524;90
-68.5182;0.00559249;90
-73.4535;0.00632388;90
-61.5282;0.00567202;90
-75.8953;0.00588853;90
-73.3182;0.005964;90
-65.9466;0.00543932;90
-65.4334;0.00541189;90
-60.0893;0.00505766;90
-55.4863;0.00517117;90
-30.8987;0.00664626;90
-1.84049;0.0015568;90
-16.3569;0.00594773;90
-38.9774;0.00140855;90
-60.5576;0.00342998;90
-59.0263;0.00492184;90
-70.3736;0.00520117;90
-69.0943;0.00586832;90
-57.0215;0.00502458;90
-55.4084;0.00472413;90
-51.6099;0.00480989;90
-55.1289;0.00473648;90
-53.0827;0.0045916;90
-33.9419;0.00384882;90
-17.1357;0.00319377;90
12.5447;0.00351286;90
20.7808;0.00304403;90
17.4514;0.00337117;90
15.8599;0.00340668;90
11.7346;0.00367787;90
11.45;0.00304765;90
-1.91125;0.00272852;90
-12.8942;0.00299348;90
-6.31479;0.00249111;90
3.09439;0.00464978;90
-5.24182;0.000766204;90
16.3522;0.00147048;90
3.29224;0.00262934;90
18.9564;0.00326614;90
38.0684;0.00394906;90
1.04101;0.00335755;90
-26.9069;0.00374772;90
-31.0082;0.0035387;90
-22.0362;0.00357949;90
-4.33208;0.00362736;90
2.24542;0.00349668;90
0.745295;0.00361331;90
-0.0675857;0.003391;90
-12.7521;0.00311688;90
-7.4451;0.00144317;90
-9.23423;0.00276686;90
-1.32547;0.00315584;90
5.27961;0.00353198;90
12.4431;0.00348076;90
6.98402;0.00352818;90
-20.3596;0.00365323;90
-27.6097;0.00372859;90
-40.0056;0.00384996;90
-49.4927;0.00409826;90
-62.8118;0.00485211;90
-57.8372;0.0115718;90
-56.3546;0.00605178;90
-54.2275;0.00190055;90
-51.9018;0.00452504;90
-37.4972;0.00411025;90
-32.1034;0.00371625;90
-33.3274;0.00359287;90
-44.1191;0.00252962;90
-36.9084;0.0038682;90
-41.6574;0.00339565;90
-42.9809;0.0038533;90
-42.5922;0.00331572;90
-39.0093;0.00312338;90
1.90577;0.00225525;90
58.6409;0.00420061;90
63.0081;0.00420169;90
46.8443;0.00393284;90
48.9378;0.00435545;90
35.837;0.00378321;90
17.5473;0.00357222;90
14.7546;0.00344355;90
-4.08715;0.00266578;90
-0.462445;0.00235408;90
4.91972;0.00253032;90
27.3731;0.00158553;90
8.46901;0.00169751;90
74.5531;0.00663051;90
91.4542;0.00181258;90
87.7223;0.0035478;90
77.9139;0.00324288;90
52.6677;0.00245368;90
45.5504;0.00228194;90
42.1629;0.0021572;90
59.552;0.00264822;90
71.3105;0.00291786;90
82.026;0.00467116;90
93.6728;0.00814874;90
107.189;0.00171563;90
114.21;0.00333098;90
76.6287;0.00476518;90
52.6272;0.0051038;90
51.5107;0.00503881;90
61.2852;0.00596108;90
69.9889;0.00628867;90
68.9373;0.00620775;90
68.7098;0.00628492;90
72.7651;0.00662864;90
76.7957;0.00688195;90
76.6286;0.00767095;90
78.043;0.00738012;90
73.1987;0.00596775;90
58.6434;0.00472747;90
51.2958;0.00442987;90
34.5708;0.00378905;90
37.2501;0.00394849;90
54.1676;0.00391004;90
55.4355;0.00421621;90
55.1637;0.00415942;90
53.7614;0.00424766;90
54.2238;0.00399233;90
59.5123;0.00485066;90
58.9945;0.00541233;90
69.169;0.00651271;90
89.2016;0.0109081;90
114.541;0.00156981;90
117.901;0.00299178;90
116.687;0.00419487;90
97.9622;0.00564542;90
79.45;0.00520499;90
75.4555;0.0036634;90
68.4443;0.000952626;90
54.2798;0.00182417;90
-37.6025;0.00175194;90
4.98093;0.0017737;90
17.5139;0.00196719;90
20.4352;0.00177575;90
17.4628;0.00160287;90
13.2354;0.0019087;90
20.8151;0.00323622;90
31.6649;0.000784836;90
53.7275;0.00164969;90
49.6413;0.000742777;90
38.1279;0.00186745;90
39.7818;0.00185039;90
32.9437;0.0016182;90
72.5417;0.00239324;90
89.278;0.00269821;90
90.3811;0.00180404;90
-22.1472;0.000923108;90
-41.8455;0.0020431;90
-44.1369;0.0022531;90
46.7883;0.00242444;90
55.2679;0.00323305;90
21.1941;0.00236496;90
31.8904;0.00279957;90
30.1568;0.00310529;90
33.7391;0.00291856;90
35.8679;0.00401421;90
45.3106;0.00326052;90
41.026;0.00289762;90
42.8928;0.00301927;90
28.0947;0.00303229;90
-10.6638;0.00271285;90
39.2549;0.00374384;90
32.2917;0.00333002;90
27.5561;0.00338726;90
25.8917;0.00308241;90
24.5515;0.0025583;90
46.0407;0.0032313;90
29.5212;0.00320855;90
21.4065;0.00290973;90
34.2331;0.00316055;90
23.3158;0.0024381;90
17.7198;0.00342027;90
28.0347;0.00294677;90
19.7655;0.00310493;90
19.3243;0.00307632;90
18.8756;0.00312506;90
7.80524;0.00354181;90
12.107;0.00652718;90
16.6042;0.00103934;90
18.9028;0.00255584;90
18.2637;0.00349085;90
7.79691;0.00308855;90
-8.2571;0.00312641;90
-29.8212;0.00391318;90
-27.4531;0.00401065;90
3.86815;0.00373551;90
45.1963;0.0049526;90
47.301;0.00498417;90
38.7053;0.00373412;90
18.9893;0.00421646;90
1.30973;0.00385001;90
18.3939;0.00396771;90
49.7205;0.00538734;90
58.7539;0.00574304;90
60.2355;0.00579329;90
67.7609;0.00632014;90
69.9864;0.00658889;90
64.3586;0.00585344;90
65.1178;0.00609144;90
68.1398;0.00670082;90
65.688;0.00564238;90
50.1716;0.00514606;90
46.9999;0.0053695;90
46.9329;0.00584898;90
40.6264;0.00519256;90
55.2284;0.0061125;90
52.907;0.00606025;90
44.97;0.0054023;90
39.8347;0.00504235;90
9.19101;0.00458284;90
9.01993;0.0044075;90
-2.0351;0.00416763;90
-13.3671;0.00427789;90
-12.6142;0.00392883;90
-21.6963;0.0038465;90
-25.4575;0.0041876;90
-18.3425;0.0045091;90
18.0646;0.00430521;90
44.5179;0.00521015;90
32.0831;0.0045298;90
-16.5099;0.00365259;90
-59.4404;0.0109395;90
-41.2645;0.00171484;90
-47.9321;0.00174176;90
-22.7846;0.00334394;90
-1.48577;0.00354819;90
5.21285;0.00337898;90
14.2986;0.00836926;90
44.6245;0.0016186;90
32.3662;0.00326528;90
35.4657;0.00462759;90
31.9613;0.00454146;90
47.18;0.00524204;90
62.2974;0.00576706;90
63.0801;0.00534296;90
57.5062;0.0052475;90
55.7865;0.00434126;90
71.5921;0.00536449;90
71.81;0.00569563;90
69.9531;0.00559818;90
61.0385;0.00519804;90
46.5376;0.00434815;90
38.405;0.00379256;90
19.9605;0.00454928;90
29.6612;0.00458706;90
53.2181;0.00586201;90
66.043;0.00742025;90
73.815;0.00765229;90
61.6626;0.00656466;90
49.7025;0.00533895;90
46.343;0.00419359;90
51.717;0.00399001;90
57.2123;0.00387423;90
51.0195;0.00181383;90
62.8212;0.00350725;90
66.987;0.00210774;90
71.0912;0.00370916;90
105.958;0.00365173;90
116.853;0.00454285;90
116.373;0.00401153;90
105.487;0.00367025;90
82.3719;0.001808;90
69.4337;0.00261891;90
67.901;0.00286012;90
68.7301;0.00458427;90
78.964;0.00139479;90
76.72;0.00931612;90
76.8501;0.00340221;90
73.1768;0.0123109;90
81.7087;0.00301653;90
80.9305;0.0131889;90
81.3923;0.00928053;90
74.9694;0.00308867;90
71.0962;0.0049077;90
59.6554;0.0128227;90
60.4599;0.00249882;90
58.1816;0.00503576;90
64.19;0.00699145;90
66.1377;0.013126;90
67.3657;0.00274654;90
64.2043;0.00599544;90
43.2993;0.00497952;90
12.9715;0.00390259;90
0.746385;0.00383833;90
6.1013;0.0038669;90
26.0716;0.00436184;90
52.7738;0.00569291;90
47.6095;0.00583969;90
43.7629;0.00540426;90
53.5593;0.00555396;90
55.1639;0.00581026;90
55.6308;0.0053585;90
47.5446;0.00517618;90
44.0847;0.0051788;90
49.6268;0.0057768;90
51.9154;0.00549103;90
51.7654;0.00549216;90
48.9681;0.00528273;90
35.2049;0.00432263;90
62.9718;0.00580949;90
49.3018;0.00397808;90
12.3768;0.00417094;90
21.5808;0.00337671;90
27.1439;0.00203627;90
39.8196;0.00209097;90
22.131;0.00261463;90
-31.1645;0.0026435;90
-74.3543;0.00128667;90
-69.3477;0.00334282;90
-2.99013;0.00199371;90
20.1807;0.00230447;90
-6.67989;0.00234693;90
-8.32442;0.00112586;90
-38.2497;0.00128737;90
-29.6597;0.00241893;90
-29.7113;0.00254222;90
-6.68726;0.00222413;90
41.8556;0.00304231;90
23.0532;0.00238007;90
-59.1882;0.00310414;90
-47.8054;0.00170476;90
-78.2819;0.00377161;90
-72.8731;0.00540258;90
-72.4944;0.00547873;90
-62.2257;0.00540354;90
-50.4218;0.00455008;90
-61.8767;0.005641;90
-63.6044;0.0111884;90
-58.6834;0.00228372;90
-57.399;0.00785098;90
-68.7196;0.00287933;90
-58.268;0.00422096;90
-55.9543;0.00545142;90
-41.2217;0.00436739;90
-47.9049;0.00438121;90
-46.8003;0.00684251;90
-31.6885;0.00111174;90
-53.0023;0.00260061;90
-63.4705;0.00360231;90
-79.4086;0.0068497;90
-89.5175;0.00676924;90
-84.3352;0.00623043;90
-74.1823;0.00622575;90
-46.1464;0.00371093;90
-40.3813;0.00299442;90
-39.4821;0.00242672;90
-55.6726;0.00244361;90
-58.5386;0.00213249;90
-56.4611;0.00325971;90
-58.0953;0.00404157;90
-64.0559;0.00152688;90
-97.6934;0.00233805;90
-99.7042;0.00151873;90
115.398;0.00116344;90
-75.5473;0.00437134;90
105.973;0.00404829;90
133.427;0.0783437;90
95.8263;0.00128062;90
101.639;0.00160602;90
85.1717;0.00154448;90
101.089;0.00269838;90
134.548;0.00170206;90
135.823;0.00196879;90
125.776;0.0010896;90
140.959;0.00267672;90
133.302;0.000978358;90
-48.9669;0.0921744;90
66.6531;0.00304317;90
120.991;0.00329775;90
119.971;0.00423768;90
123.826;0.00560471;90
136.964;0.00125868;90
140.017;0.00260364;90
137.322;0.00408336;90
114.9;0.00561714;90
97.0508;0.00698986;90
90.2917;0.00687409;90
99.6139;0.00689788;90
113.852;0.00495084;90
132.498;0.00615487;90
139.224;0.0014209;90
131.558;0.00415751;90
133.54;0.00446966;90
138.045;0.0038875;90
125.85;0.00420207;90
117.599;0.00495593;90
118.01;0.00510836;90
123.581;0.00465006;90
120.485;0.00504429;90
114.724;0.00534607;90
114.803;0.00552794;90
122.615;0.00462896;90
127.058;0.00505123;90
113.679;0.00479574;90
105.962;0.00430186;90
111.378;0.00351698;90
104.666;0.00346386;90
115.062;0.00190981;90
57.8043;0.00223343;90
65.0943;0.00407717;90
85.5022;0.00501143;90
103.437;0.00551702;90
104.903;0.00554451;90
104.168;0.00609542;90
111.017;0.00532847;90
127.571;0.00364747;90
148.357;0.00138958;90
144.099;0.00283941;90
146.975;0.00329902;90
145.853;0.00351136;90
128.197;0.00146839;90
116.627;0.00371277;90
108.334;0.00358919;90
-130.372;0.00121807;90
99.1144;0.00262616;90
101.571;0.00197922;90
133.93;0.000984464;90
121.022;0.000339567;90
-46.5806;0.00128177;90
-81.123;0.00479544;90
-25.3227;0.000928186;90
-171.027;0.000173118;90
96.7504;0.00214386;90
-65.9591;0.00756525;90
-49.8208;0.00153135;90
-38.0126;0.00142408;90
-37.0472;0.00271381;90
-36.4428;0.00265647;90
-31.6418;0.00240561;90
-30.4784;0.001802;90
-49.3204;0.00293789;90
-65.5679;0.00439782;90
-74.1468;0.00529333;90
-73.791;0.0040302;90
-76.7995;0.0067175;90
-80.7364;0.00535484;90
-102.545;0.00426789;90
-121.22;0.00348814;90
-88.5873;0.00324499;90
-73.5362;0.00426591;90
-70.2385;0.00415255;90
-72.2911;0.00481622;90
-59.8348;0.00415924;90
-49.6689;0.00397866;90
-55.4024;0.00364206;90
-67.5916;0.00627481;90
-65.4448;0.00536852;90
-57.8916;0.00884252;90
-59.0317;0.00217272;90
-62.0089;0.00434871;90
-60.8345;0.00501709;90
-50.7006;0.00442077;90
-41.7829;0.0039186;90
-48.3017;0.00426032;90
-47.4407;0.00381901;90
-43.4674;0.00338401;90
-49.1612;0.00366399;90
-66.3684;0.00439561;90
-77.8138;0.00582219;90
-89.9004;0.00632801;90
-84.8452;0.00628843;90
-77.5305;0.00596982;90
-51.2796;0.00354265;90
-40.9144;0.00377139;90
-40.1221;0.00294374;90
-57.3688;0.00307662;90
-55.815;0.00321072;90
-61.1096;0.00406718;90
-58.8226;0.00308099;90
-95.1225;0.00346082;90
152.992;0.000693649;90
-116.003;0.00150539;90
-84.4598;0.0013051;90
-82.6964;0.00206879;90
-77.6454;0.00135539;90
-116.897;0.00154291;90
121.217;0.00131781;90
147.721;0.000822038;90
-122.274;0.00147013;90
-129.214;0.00177469;90
-109.539;0.00201822;90
-115.46;0.00136783;90
-135.883;0.000780031;90
-158.11;0.000724213;90
-156.246;0.000866401;90
-155.16;0.000861724;90
-129.132;0.0011551;90
-149.841;0.00063495;90
-103.164;0.000939692;90
-106.788;0.000924399;90
-109.898;0.000805062;90
-108.549;0.000949318;90
-108.393;0.000868362;90
-103.127;0.00100835;90
-91.8244;0.00119361;90
-87.9752;0.00118874;90
-100.461;0.00117859;90
-95.543;0.00119057;90
-95.3246;0.00131467;90
-86.1627;0.00131495;90
-96.4486;0.00105065;90
-102.778;0.00107154;90
-103.116;0.0012075;90
-88.8094;0.00125127;90
-88.1874;0.00110655;90
-94.3364;0.00105803;90
-89.5196;0.00131205;90
-97.0767;0.00117697;90
-99.5217;0.00142666;90
-117.785;0.000819481;90
-117.243;0.00113377;90
-139.829;0.000823166;90
-145.003;0.0009363;90
-112.21;0.00148411;90
-125.622;0.00102844;90
-124.258;0.00103568;90
-112.937;0.00129325;90
-120.602;0.0010038;90
-137.506;0.000630635;90
-141.031;0.000780724;90
-145.381;0.000718154;90
-146.035;0.000635416;90
-130.87;0.000716746;90
-85.0643;0.00160395;90
-89.3352;0.000948064;90
-82.9675;0.00115166;90
-79.427;0.00143334;90
-89.3692;0.00109007;90
-100.319;0.00179198;90
-95.2666;0.00107855;90
-85.9586;0.000922293;90
-102.795;0.00730131;90
-92.0623;0.0016951;90
-74.9915;0.000957669;90
-74.3022;0.00111249;90
-83.1203;0.000985093;90
-86.5591;0.000949712;90
-87.4002;0.000925953;90
-83.6555;0.00145692;90
-86.5375;0.00150675;90
-87.0315;0.00442193;90
-81.2696;0.00166024;90
-83.3627;0.00138428;90
-74.17;0.00170465;90
-71.0005;0.00157268;90
-63.7927;0.00193379;90
-63.4019;0.00155004;90
-58.6713;0.00129244;90
-80.22;0.00240191;90
-78.3164;0.00201474;90
-83.754;0.00389713;90
-64.2648;0.00166739;90
-88.5355;0.00136945;90
-84.0094;0.00244334;90
-71.1863;0.00100468;90
-67.8414;0.0010128;90
-71.0764;0.00148316;90
-75.0686;0.00122641;90
-71.4636;0.00142809;90
-51.3948;0.000984051;90
-52.7874;0.000902816;90
-61.8334;0.00075206;90
-27.2206;0.000977226;90
-79.2365;0.0029611;90
-83.9925;0.00193965;90
-74.4354;0.000909347;90
-92.4329;0.00162547;90
-101.798;0.0014721;90
-115.131;0.00139395;90
-110.387;0.00134633;90
-97.3326;0.000924561;90
-92.6339;0.0013274;90
-109.29;0.00139851;90
-108.87;0.00133262;90
-97.4529;0.00379304;90
-77.6208;0.00087228;90
-91.4246;0.00152847;90
-100.466;0.00153046;90
-77.2353;0.00205478;90
-87.9747;0.00172608;90
-85.6915;0.00243588;90
-130.155;0.000987823;90
-117.612;0.000783202;90
-151.417;0.000495373;90
-141.881;0.000761381;90
-118.999;0.000895235;90
-102.286;0.00125474;90
-114.107;0.00116785;90
-117.642;0.00111868;90
-110.59;0.00157245;90
-104.26;0.00229368;90
-100.701;0.00147566;90
-88.4782;0.0019957;90
-106.49;0.00115553;90
-97.8575;0.00139712;90
-99.2817;0.00177322;90
-93.4632;0.00208581;90
-104.172;0.00174408;90
-104.113;0.00162814;90
-116.704;0.00129066;90
-120.33;0.00111687;90
-120.256;0.000750192;90
-140.68;0.000650195;90
-150.603;0.000552089;90
-139.662;0.000661211;90
-125.099;0.000834799;90
-149.073;0.000529245;90
-172.641;0.000546502;90
-144;0.00077749;90
-126.476;0.000930222;90
-119.888;0.000995382;90
-114.469;0.00130853;90
-114.648;0.00106944;90
-145.165;0.000749272;90
-122.957;0.00121323;90
-118.437;0.000999608;90
-135.34;0.000596102;90
-134.693;0.000791971;90
-130.89;0.000838664;90
-118.815;0.00111621;90
-107.908;0.00106668;90
-111.22;0.000768076;90
-122.763;0.00123437;90
-116.44;0.000821981;90
-118.999;0.00090553;90
-92.4972;0.00130824;90
-101.577;0.0018088;90
-120.062;0.00197231;90
-106.786;0.00176939;90
-100.114;0.00169128;90
-97.6259;0.00181606;90
-113.155;0.00137583;90
-110.136;0.00159765;90
-105.515;0.0016823;90
-102.849;0.00176725;90
-88.7114;0.00155639;90
-68.4707;0.00179848;90
-55.7348;0.000994628;90
-46.9994;0.000912016;90
-75.9737;0.00140283;90
-101.701;0.00201181;90
-99.6976;0.00188189;90
-97.8243;0.00148381;90
-102.067;0.00189896;90
-104.873;0.0017103;90
-98.9949;0.00187405;90
-88.9368;0.00183232;90
-87.3435;0.00163976;90
-89.1851;0.00161716;90
-80.2382;0.000943663;90
-84.8561;0.0015392;90
-96.695;0.00180128;90
-96.4928;0.00198976;90
-99.1474;0.00170468;90
-98.8842;0.00148279;90
-97.7026;0.00164888;90
-96.1622;0.00213333;90
-92.8721;0.00235496;90
-77.6352;0.00265253;90
-58.852;0.00181344;90
-60.2299;0.00140779;90
-61.4159;0.0015613;90
-74.7449;0.00207512;90
-88.7755;0.00196545;90
-90.6593;0.00165111;90
-83.3248;0.00173778;90
-77.37;0.00257942;90
-87.0136;0.00205379;90
-83.1388;0.00258652;90
-93.9875;0.00274665;90
-89.9002;0.002297;90
-72.0408;0.00251346;90
-70.0906;0.00212607;90
-80.5251;0.00224766;90
-98.2831;0.00142992;90
-84.2894;0.00153763;90
-70.6102;0.00113858;90
-65.8875;0.00174528;90
-76.9177;0.00107798;90
-88.9197;0.00164429;90
-88.8065;0.00124827;90
-82.4736;0.00166434;90
-78.938;0.00208473;90
-79.1443;0.0020283;90
-86.5834;0.00120815;90
-98.35;0.00136345;90
-88.4977;0.0017546;90
-92.0481;0.00151097;90
-92.1172;0.00165113;90
-108.259;0.00226294;90
-124.379;0.00177628;90
-118.489;0.00142563;90
-103.532;0.00135049;90
146.631;0.000543615;90
111.391;0.00103639;90
119.606;0.000817763;90
137.18;0.000613506;90
141.538;0.000813514;90
134.279;0.00118025;90
140.648;0.000646607;90
161.638;0.000498375;90
-173.787;0.000498931;90
148.728;0.000637641;90
115.39;0.00087225;90
106.351;0.001261;90
97.46;0.00129395;90
104.334;0.00149452;90
113.558;0.00119347;90
112.927;0.00113463;90
110.316;0.00108873;90
101.919;0.00147684;90
102.419;0.00141819;90
102.143;0.0014167;90
107.067;0.00128457;90
109.969;0.00102779;90
115.968;0.00107337;90
123.489;0.00110552;90
121.43;0.000717231;90
108.844;0.00088546;90
110.129;0.000941505;90
111.865;0.000840458;90
108.861;0.000850676;90
109.076;0.00107398;90
110.391;0.000852414;90
110.022;0.000879134;90
107.886;0.000957265;90
104.473;0.00117633;90
103.493;0.0014058;90
102.796;0.00153513;90
100.114;0.00134388;90
106.422;0.00118848;90
131.203;0.000960946;90
144.379;0.00103705;90
147.49;0.000565637;90
133.734;0.000992313;90
123.672;0.00086034;90
112.406;0.00109139;90
113.669;0.00116827;90
124.193;0.000822097;90
157.782;0.000613554;90
164.278;0.000634748;90
-172.274;0.000461187;90
-159.951;0.000516289;90
-173.441;0.00115556;90
170.893;0.000796035;90
-174.871;0.000715867;90
-177.132;0.000519651;90
-178.943;0.00206035;90
137.353;0.00118823;90
141.464;0.00108666;90
-161.817;0.00136517;90
-161.209;0.00106792;90
169.653;0.001353;90
170.681;0.00137717;90
-142.192;0.001491;90
-156.551;0.00114343;90
173.576;0.000902668;90
-176.219;0.000925014;90
-158.253;0.000985114;90
-139.805;0.000979249;90
-135;0.000571342;90
-139.265;0.000931719;90
-159.974;0.00227772;90
-153.526;0.000847918;90
-139.44;0.00060285;90
-127.618;0.000781467;90
-126.648;0.00108561;90
-143.121;0.0012264;90
118.523;0.000837673;90
-74.7121;0.00153222;90
-118.759;0.00086465;90
158.656;0.000859983;90
133.725;0.000794278;90
116.31;0.000904722;90
100.502;0.000960084;90
-103.322;0.000564182;90
-49.82;0.00125389;90
-49.2092;0.00137762;90
46.6676;0.0011177;90
51.85;0.00444051;90
33.385;0.000625156;90
24.1088;0.00147134;90
25.8236;0.0044582;90
5.80248;0.000682497;90
-2.12826;0.00148102;90
36.599;0.00211502;90
4.46038;0.00434616;90
-6.69982;0.00100285;90
-46.4491;0.002209;90
2.74459;0.00432296;90
19.5432;0.000801155;90
15.0899;0.00109475;90
-50.905;0.00252931;90
-59.0885;0.00282064;90
-32.3789;0.00195139;90
-73.1187;0.00861943;90
-70.2742;0.00144584;90
-69.9104;0.00395355;90
-63.7113;0.003152;90
-65.161;0.00313281;90
-73.0639;0.00692744;90
-75.7627;0.00165895;90
-81.2803;0.00181397;90
-65.8759;0.00277211;90
-33.9629;0.00227152;90
-41.2009;0.00215576;90
-66.6188;0.00214188;90
68.2379;0.00297503;90
62.2738;0.00379583;90
85.6993;0.00345373;90
87.5615;0.00404266;90
101.906;0.00463879;90
96.9;0.00489445;90
106.392;0.00510969;90
90.2831;0.00465506;90
111.138;0.0045062;90
88.6952;0.00505031;90
96.7193;0.00567498;90
94.7798;0.00531649;90
106.491;0.00490372;90
116.559;0.00427402;90
88.2925;0.0047321;90
81.6382;0.00608569;90
90.8963;0.00460256;90
86.4355;0.0102458;90
67.7057;0.00159741;90
78.0762;0.00444797;90
103.194;0.00269001;90
118.963;0.00329169;90
87.3062;0.00268096;90
71.2152;0.00305577;90
70.7195;0.00368572;90
80.0031;0.00391139;90
62.7597;0.00307391;90
75.0784;0.00263692;90
68.5801;0.00362541;90
53.3435;0.00279222;90
55.9724;0.00343643;90
54.0822;0.00557257;90
29.3017;0.00105842;90
43.9131;0.0017893;90
-25.5088;0.00184373;90
-40.9032;0.00232596;90
-23.8037;0.00205151;90
-7.20578;0.00237576;90
-48.502;0.00221101;90
-2.78998;0.00102722;90
39.3244;0.00184469;90
29.9657;0.00167374;90
5.55464;0.00237616;90
0.175216;0.00228901;90
-20.5837;0.00266514;90
-0.935874;0.0022653;90
13.1807;0.00246905;90
18.1679;0.00264591;90
5.28864;0.00220238;90
-23.6806;0.0018574;90
-22.4703;0.00238616;90
-58.9675;0.00371466;90
-49.2679;0.00342057;90
-49.0233;0.00365839;90
-6.51797;0.00266925;90
-7.78121;0.00209025;90
56.0727;0.00241158;90
86.7516;0.00296476;90
64.6136;0.00339149;90
61.9026;0.004599;90
64.3708;0.00999432;90
83.2995;0.00179123;90
85.3851;0.00284623;90
83.0515;0.0055548;90
85.3158;0.00611041;90
81.4841;0.00590207;90
75.6823;0.00562883;90
82.3412;0.00572507;90
89.0117;0.00597189;90
84.2792;0.00612953;90
78.9914;0.0064884;90
86.2045;0.00634492;90
87.8856;0.0148801;90
91.6895;0.00386668;90
84.5739;0.0062922;90
86.4039;0.00650481;90
98.8476;0.00545491;90
102.233;0.00518677;90
103.867;0.00606269;90
95.6188;0.00869176;90
164.02;0.000686528;90
122.756;0.0079954;90
115.582;0.00265863;90
137.658;0.00338503;90
147.2;0.00369392;90
149.241;0.00393798;90
149.114;0.003561;90
117.599;0.00986445;90
113.473;0.0019733;90
114.073;0.00409409;90
139.376;0.00355864;90
130.541;0.00321079;90
127.849;0.00790115;90
111.788;0.00238433;90
119.121;0.00176512;90
-122.132;0.00258142;90
-10.0512;0.000383892;90
100.686;0.0053284;90
123.287;0.00169632;90
118.988;0.00310957;90
121.73;0.00310509;90
127.27;0.00343808;90
139.212;0.00312891;90
138.096;0.00373119;90
118.867;0.00503342;90
98.0222;0.00675712;90
91.6537;0.00686086;90
98.0192;0.00672375;90
107.393;0.00547639;90
128.839;0.00379504;90
137.4;0.00347777;90
133.196;0.00433601;90
131.468;0.00474026;90
137.934;0.0045732;90
127.622;0.00393154;90
116.5;0.00631779;90
118.455;0.00539589;90
124.731;0.00581866;90
117.127;0.00597417;90
114.36;0.00606603;90
118.917;0.0056562;90
129.565;0.00472563;90
115.595;0.00530784;90
107.01;0.00511056;90
109.268;0.00480938;90
104.524;0.00313416;90
-176.947;0.000675959;90
91.3521;0.00127135;90
116.615;0.00356027;90
109.802;0.00575319;90
133.978;0.00313227;90
142.676;0.00244588;90
139.465;0.00534072;90
-113.758;0.00127833;90
-142.546;0.00174469;90
134.207;0.000715661;90
106.845;0.00390976;90
131.823;0.000778306;90
133.685;0.00224849;90
90.9923;0.00109716;90
69.5155;0.000937266;90
-56.484;0.000912763;90
-91.8683;0.00187099;90
-91.994;0.00155194;90
74.1752;0.000979108;90
-36.6033;0.00103141;90
-67.6043;0.00100262;90
-107.417;0.00135304;90
-107.368;0.00215736;90
-105.889;0.00264818;90
-103.568;0.00338446;90
-99.8239;0.00328213;90
-135.599;0.00182656;90
176.573;0.00217489;90
113.379;0.0041606;90
123.243;0.000995994;90
144.97;0.00221774;90
-149.657;0.00286437;90
-136.294;0.0019408;90
-153.597;0.00253437;90
-163.413;0.00283393;90
-161.846;0.00270568;90
-145.743;0.00400596;90
-114.884;0.00563956;90
-139.853;0.00462196;90
-134.517;0.00444432;90
-127.694;0.00552137;90
-129.798;0.00507743;90
-130.71;0.00472681;90
-127.879;0.00537303;90
-129.945;0.0045822;90
-131.06;0.00469214;90
-131.724;0.00450456;90
-124.574;0.00541174;90
-127.202;0.00551409;90
-136.315;0.00465328;90
-135.879;0.0045635;90
-120.994;0.00456358;90
-130.01;0.0046584;90
-168.192;0.00326918;90
-174.162;0.00394245;90
177.329;0.00332561;90
-165.417;0.00366197;90
-146.595;0.00429565;90
-118.973;0.0056627;90
-116.631;0.00430578;90
-109.46;0.00786742;90
-114.626;0.00634289;90
-115.899;0.00607849;90
-120.569;0.00595577;90
-127.37;0.0052294;90
-120.008;0.00566659;90
-110.784;0.00639729;90
-106.161;0.00708497;90
-95.7653;0.00615212;90
-98.6823;0.00839318;90
-101.295;0.00728611;90
-104.969;0.0065275;90
-106.523;0.0058193;90
-104.025;0.00626373;90
-103.002;0.00561392;90
-98.1652;0.00346412;90
-111.953;0.00678607;90
-105.981;0.00134394;90
-119.007;0.00176318;90
-100.969;0.00214418;90
-72.1163;0.0038784;90
-64.4045;0.00486325;90
-65.0561;0.00450524;90
-50.6567;0.00157106;90
-98.4358;0.00286297;90
-113.473;0.0033993;90
-119.286;0.00298673;90
-119.047;0.00299467;90
-121.554;0.00319896;90
-130.994;0.00339038;90
-132.758;0.00401237;90
-131.915;0.00479618;90
-126.612;0.00524485;90
-111.404;0.00653255;90
-105.971;0.00697421;90
-116.116;0.006161;90
-129.849;0.00556052;90
-153.404;0.00494529;90
-155.572;0.00435263;90
-143.378;0.00346503;90
-130.071;0.00539822;90
-114.81;0.00662769;90
-107.958;0.0055073;90
-110.872;0.00964703;90
-124.161;0.00118072;90
-98.5979;0.0009699;90
-5.16695;0.000566301;90
143.672;0.000994244;90
-122.89;0.00661655;90
-115.816;0.00212176;90
-116.36;0.00362379;90
-117.832;0.00582593;90
-134.33;0.00489705;90
-146.81;0.00435318;90
-145.922;0.00438861;90
-147.61;0.00462212;90
-155.397;0.00414094;90
-172.713;0.00409205;90
-176.123;0.00394904;90
-177.276;0.00385035;90
149.68;0.0045203;90
118.417;0.00586693;90
120.554;0.00604891;90
161.036;0.00428349;90
-148.679;0.00409941;90
-134.576;0.00487563;90
-154.766;0.00452479;90
168.27;0.00400872;90
154.21;0.00436476;90
158.382;0.00436182;90
160.801;0.00384061;90
168.211;0.00394011;90
172.362;0.00347584;90
176.974;0.00371318;90
-170.747;0.00598285;90
-148.68;0.00212577;90
-144.347;0.00306069;90
-134.35;0.00449042;90
-132.227;0.00470636;90
-126.438;0.00530515;90
-123.242;0.0055383;90
-143.882;0.00423616;90
-136.282;0.00477063;90
-125.349;0.00484651;90
-140.67;0.00445891;90
-116.92;0.00512204;90
-108.49;0.00685487;90
-115.971;0.00634138;90
-116.593;0.00550654;90
-114.447;0.00591755;90
-108.049;0.00615488;90
-115.957;0.00480245;90
-121.193;0.00530381;90
-122.929;0.00496695;90
-122.22;0.00497397;90
-156.637;0.00393895;90
-179.524;0.00397114;90
-162.929;0.00309643;90
-148.346;0.00560601;90
-131.485;0.00517799;90
-138.659;0.00466439;90
165.104;0.00832476;90
146.457;0.00129939;90
155.974;0.00247328;90
177.515;0.00341321;90
-164.38;0.00304547;90
-163.827;0.0038056;90
-159.792;0.00313817;90
-165.158;0.00293182;90
-175.583;0.0032978;90
-168.22;0.00141071;90
-159.678;0.00755846;90
-177.681;0.00168038;90
-158.907;0.00213399;90
-149.236;0.00315148;90
-163.635;0.00303809;90
-157.176;0.00302917;90
-152.531;0.00286386;90
-148.84;0.00300913;90
-148.665;0.0036036;90
-137.34;0.00306504;90
-157.437;0.00333854;90
-151.229;0.00369404;90
-155.713;0.00313879;90
-135.998;0.00373409;90
-165.92;0.0025362;90
-174.062;0.00297698;90
-137.212;0.00335206;90
-139.421;0.00311913;90
-138.373;0.00355725;90
-144.503;0.0031481;90
-143.742;0.00359641;90
-147.787;0.0034536;90
-151.721;0.00307955;90
-155.724;0.00248581;90
-120.788;0.00278789;90
-139.596;0.002524;90
134.109;0.00354586;90
145.148;0.000670216;90
-111.627;0.00201592;90
-95.046;0.00143255;90
-88.6066;0.00185055;90
-117.981;0.00246177;90
-146.87;0.00215539;90
-150.319;0.00235269;90
-123.599;0.00278654;90
-153.474;0.00264661;90
-168.497;0.00256247;90
-163.479;0.00264103;90
-161.978;0.0025438;90
-167.207;0.00228061;90
148.496;0.00209358;90
-110.508;0.00363647;90
-113.092;0.00366897;90
-92.7662;0.00457934;90
-86.0405;0.0046922;90
-64.3758;0.00405812;90
-60.9884;0.0038867;90
-74.0384;0.00436738;90
-95.7481;0.00563131;90
-99.4365;0.00584307;90
-120.811;0.00886171;90
-124.14;0.00180144;90
-122.502;0.00325124;90
-122.583;0.00858642;90
-133.475;0.00167431;90
-128.945;0.00307682;90
-124.833;0.00788719;90
-136.775;0.00157548;90
-157.457;0.00256931;90
-146.567;0.00370266;90
-119.488;0.00445512;90
-114.554;0.00902407;90
-96.8707;0.00293407;90
-101.721;0.00497677;90
-100.888;0.00516702;90
-104.234;0.00651915;90
-106.151;0.00544281;90
-110.187;0.00530594;90
-110.226;0.00414777;90
-112.286;0.00492055;90
-111.782;0.0039048;90
-106.323;0.00468588;90
-114.285;0.00439601;90
-130.595;0.00383891;90
-126.721;0.00368781;90
-127.972;0.00356586;90
-119.145;0.00303071;90
-83.3752;0.00393528;90
-68.5125;0.0035927;90
-82.3926;0.00325566;90
-88.2422;0.00322752;90
-95.5248;0.00668907;90
-110.302;0.00132;90
-114.86;0.00196951;90
-123.175;0.00209796;90
-133.473;0.0020959;90
-124.746;0.00164053;90
-144.898;0.0023077;90
-97.4955;0.00935998;90
-81.3729;0.00149997;90
-93.4836;0.00169513;90
-112.568;0.00304085;90
-163.746;0.0019114;90
-170.182;0.00211701;90
-163.658;0.00204356;90
-177.71;0.0022528;90
177.954;0.00232448;90
-165.929;0.00556086;90
-169.978;0.0012125;90
-164.621;0.00137628;90
-138.101;0.00363419;90
-132.692;0.00361766;90
-128.995;0.00293362;90
-130.875;0.00272305;90
-115.875;0.00356545;90
-112.018;0.00359304;90
-178.067;0.00204516;90
144.6;0.00251863;90
141.098;0.00258282;90
138.817;0.00321811;90
133.343;0.00359573;90
138.784;0.00287146;90
141.138;0.00260578;90
138.092;0.0031066;90
153.788;0.00239756;90
144.942;0.00334607;90
143.488;0.00367907;90
137.445;0.00469168;90
126.032;0.00525296;90
121.903;0.00570121;90
123.455;0.00568129;90
120.485;0.0063846;90
122.268;0.00550876;90
134.869;0.00493138;90
152.547;0.00372216;90
153.45;0.00346322;90
-179.716;0.00383405;90
-166.85;0.00319991;90
-170.729;0.00340143;90
178.287;0.00327847;90
172.532;0.00316989;90
169.472;0.0057081;90
177.433;0.00131732;90
-176.226;0.00235511;90
-176.988;0.00323547;90
-178.231;0.00298042;90
-153.819;0.00166591;90
161.775;0.00501667;90
147.323;0.00321721;90
148.541;0.00465996;90
167.248;0.00314866;90
-134.901;0.00740342;90
163.103;0.00268701;90
177.342;0.00163876;90
-174.531;0.00296952;90
-177.353;0.00365891;90
171.687;0.00372817;90
167.485;0.00323487;90
-173.868;0.00334212;90
-166.553;0.00365521;90
-157.185;0.00682389;90
-169.941;0.00150006;90
-168.662;0.00525964;90
-174.149;0.00117713;90
168.908;0.00226633;90
154.528;0.00358775;90
126.497;0.0046051;90
127.975;0.00479269;90
124.546;0.0048636;90
125.67;0.00508992;90
124.206;0.00590918;90
114.422;0.00593286;90
108.332;0.00511879;90
115.968;0.00485298;90
123.425;0.00455663;90
156.982;0.00387448;90
174.956;0.0038218;90
174.104;0.00322205;90
135.577;0.00449177;90
123.278;0.0050884;90
119.46;0.00588837;90
114.105;0.00638807;90
111.866;0.00578627;90
103.623;0.0060245;90
108.029;0.00589337;90
119.244;0.00539572;90
102.657;0.00602439;90
130.234;0.00816207;90
123.858;0.00179308;90
121.898;0.00267025;90
118.861;0.00501148;90
110.162;0.00649605;90
111.796;0.00592777;90
124.421;0.00545398;90
125.277;0.00473563;90
134.55;0.00405538;90
135.319;0.00470021;90
128.234;0.00456149;90
145.145;0.00297464;90
158.616;0.00208987;90
174.601;0.00285868;90
-176.809;0.00301768;90
-178.153;0.00356885;90
-179.377;0.00312818;90
-159.071;0.00348813;90
-168.314;0.00355978;90
-161.678;0.00370588;90
-155.044;0.00385382;90
-177.011;0.00366298;90
170.521;0.0033031;90
-170.486;0.00330343;90
-148.599;0.00393652;90
-163.862;0.00351865;90
-175.73;0.00365314;90
-175.315;0.00375856;90
-128.166;0.00425449;90
-143.655;0.00847716;90
178.863;0.00146129;90
176.707;0.00156659;90
176.605;0.00351216;90
-163.629;0.00349469;90
-149.614;0.00824213;90
-131.761;0.0015645;90
-151.963;0.00370818;90
-133.317;0.00459888;90
-120.116;0.00231789;90
-117.832;0.00566311;90
-117.929;0.00488496;90
-126.335;0.00423799;90
-115.414;0.00422926;90
-129.542;0.003308;90
-141.552;0.00270823;90
-135.111;0.00292884;90
-162.56;0.00114776;90
-142.031;0.00268029;90
-143.049;0.0029794;90
178.961;0.00397165;90
162.075;0.00245308;90
161.45;0.00267181;90
161.998;0.00276011;90
163.145;0.00340738;90
168.671;0.00350224;90
171.51;0.00275013;90
-176.72;0.00251712;90
-165.901;0.0024467;90
-154.993;0.00286233;90
151.235;0.00295916;90
126.527;0.00454468;90
134.144;0.00383365;90
131.564;0.00409373;90
123.008;0.00493801;90
108.978;0.00544284;90
99.2606;0.0065372;90
105.195;0.00626088;90
116.991;0.00505008;90
106.047;0.00586764;90
103.339;0.00705637;90
110.745;0.006324;90
109.909;0.00591447;90
111.057;0.0061786;90
111.301;0.00572298;90
126.368;0.00447077;90
132.55;0.00440081;90
120.03;0.00508338;90
117.82;0.00487893;90
137.853;0.00392082;90
-163.815;0.0028916;90
-138.519;0.00413518;90
-154.56;0.00371304;90
170.093;0.00349309;90
162.01;0.00317629;90
-162.905;0.00288131;90
-162.781;0.00330722;90
170.762;0.00345076;90
146.787;0.00366226;90
125.371;0.0046712;90
119.241;0.00545972;90
126.417;0.00472835;90
133.416;0.00442464;90
141.281;0.0044141;90
148.96;0.00397174;90
133.254;0.00450353;90
125.37;0.00484406;90
131.504;0.00408194;90
144.791;0.00395446;90
157.122;0.00375542;90
-176.916;0.00291823;90
-150.864;0.00307053;90
-129.24;0.00422722;90
-119.865;0.00485585;90
-125.434;0.00438278;90
-138.782;0.00365592;90
-141.534;0.00388391;90
-142.056;0.00372425;90
-140.466;0.0040752;90
-134.039;0.00446672;90
-132.301;0.00462537;90
-132.445;0.00480533;90
-131.801;0.00514444;90
-127.634;0.00499164;90
-116.741;0.00596944;90
-117.323;0.0059498;90
-115.751;0.00597985;90
-116.503;0.00577711;90
-127.647;0.00502786;90
-141.81;0.00466944;90
-144.54;0.00435592;90
-138.631;0.00459977;90
-132.503;0.00493463;90
-135.547;0.004665;90
-137.619;0.00417771;90
-140.213;0.00396133;90
-162.364;0.00362749;90
-174.99;0.00360678;90
-169.788;0.00358174;90
-166.331;0.00325417;90
-163.695;0.00267144;90
-169.844;0.00248392;90
162.063;0.0028022;90
138.086;0.00315261;90
140.962;0.00312464;90
153.662;0.00292793;90
152.057;0.00295783;90
149.047;0.00275307;90
139.711;0.00340065;90
115.678;0.00381251;90
112.807;0.00395741;90
111.926;0.00408661;90
111.799;0.00423051;90
111.843;0.00413376;90
114.459;0.0040527;90
124.585;0.00397796;90
127.516;0.00362083;90
127.709;0.00360499;90
128.938;0.00324752;90
130.538;0.00215401;90
144.486;0.00167327;90
170.506;0.00295852;90
-172.941;0.00312469;90
173.322;0.00338799;90
147.109;0.00395734;90
138.206;0.00391926;90
137.488;0.00373068;90
116.507;0.00572702;90
106.029;0.00622917;90
113.678;0.00558518;90
127.836;0.00456465;90
128.515;0.00457028;90
129.959;0.00473969;90
143.111;0.0041448;90
151.602;0.00325694;90
155.823;0.00352084;90
168.877;0.0035456;90
175.709;0.00327418;90
164.718;0.00317942;90
142.483;0.0046371;90
121.984;0.00504835;90
133.834;0.00448328;90
140.526;0.00394347;90
140.74;0.00320299;90
147.049;0.00135497;90
144.257;0.002044;90
168.69;0.00219768;90
169.259;0.00179749;90
-170.372;0.000681601;90
159.956;0.00247704;90
-179.221;0.00353233;90
-147.455;0.00408202;90
-146.492;0.00454302;90
-146.826;0.00406085;90
-153.496;0.00336797;90
178.502;0.00325111;90
176.281;0.00322179;90
-172.466;0.00295148;90
-164.468;0.0011801;90
-169.444;0.000938889;90
-168.334;0.00224028;90
-168.888;0.002667;90
-179.895;0.002739;90
173.198;0.00259224;90
169.391;0.0028843;90
-177.456;0.00270366;90
-168.708;0.00249734;90
-111.234;0.00180022;90
-116.161;0.00272628;90
-96.1753;0.00514083;90
-93.529;0.00618974;90
-94.6964;0.00587472;90
-95.6688;0.006135;90
-100.538;0.00550587;90
-106.853;0.00511883;90
-119.917;0.00471991;90
-137.222;0.00375756;90
-143.638;0.00385575;90
-152.363;0.00358728;90
-161.508;0.00347123;90
-159.387;0.00361868;90
-152.738;0.00338163;90
-146.209;0.00408149;90
-140.863;0.00397351;90
-136.555;0.00403977;90
-127.114;0.00526685;90
-120.375;0.00547795;90
-117.172;0.00557081;90
-121.096;0.00528783;90
-133.479;0.00413025;90
-153.461;0.0038675;90
-169.058;0.00350879;90
-171.716;0.00326911;90
-164.235;0.00309544;90
-153.892;0.00358587;90
-147.484;0.00354583;90
-145.255;0.00357066;90
-146.268;0.00344497;90
-145.32;0.00354839;90
-148.221;0.00345965;90
-139.364;0.0028253;90
-63.6693;0.00153082;90
89.2944;0.00284222;90
93.2273;0.00428079;90
102.945;0.00231688;90
-104.408;0.00194518;90
-90.5378;0.00362216;90
-136.322;0.00144076;90
-163.57;0.000958124;90
163.267;0.000649502;90
24.0552;0.000439138;90
-14.0145;0.000640052;90
31.9722;0.00164681;90
83.793;0.0017573;90
93.2867;0.00231982;90
53.156;0.002213;90
-88.8604;0.00653629;90
-83.4098;0.00159454;90
-115.84;0.0019433;90
166.177;0.00299679;90
-156.545;0.00405505;90
-162.885;0.00425439;90
-168.571;0.00452676;90
-167.349;0.0043742;90
-164.936;0.00413614;90
-164.301;0.00389531;90
-159.393;0.00392088;90
-155.598;0.00394545;90
-149.61;0.0042105;90
-145.934;0.00426851;90
-143.748;0.00460307;90
-141.209;0.00768892;90
-140.652;0.00179488;90
-139.54;0.00461846;90
-139.695;0.00459606;90
-135.683;0.00486241;90
-132.981;0.00503702;90
-127.482;0.00537211;90
-128.054;0.00509249;90
-131.57;0.00557775;90
-136.908;0.00477916;90
-144.75;0.00479772;90
-153.598;0.00441223;90
-158.458;0.00430576;90
-155.709;0.00377522;90
-157.85;0.00353812;90
-152.763;0.00377564;90
-150.558;0.00420508;90
-153.311;0.00414568;90
-139.728;0.00492408;90
-127.072;0.00520883;90
-116.554;0.00669076;90
-121.493;0.00553415;90
-116.326;0.00664073;90
-121.517;0.00607168;90
-125.565;0.00562046;90
-126.285;0.00556269;90
-125.75;0.00568769;90
-120.499;0.00570423;90
-114.261;0.00639585;90
-108.419;0.00678562;90
-104.048;0.00696223;90
-102.258;0.00744167;90
-106.017;0.00685718;90
-111.273;0.00618225;90
-115.099;0.00627557;90
-115.034;0.0120809;90
-110.455;0.00252095;90
-107.871;0.00501182;90
-102.457;0.0138101;90
-107.346;0.00304551;90
-111.496;0.0044237;90
-111.806;0.00639888;90
-107.939;0.00683425;90
-104.093;0.00813174;90
-98.7289;0.00756462;90
-93.4935;0.00776242;90
-93.5212;0.0147188;90
-93.746;0.00263262;90
-95.135;0.00716174;90
-94.8214;0.00757882;90
-90.5513;0.0178748;90
-99.2692;0.00234056;90
-96.8773;0.00289785;90
-96.7325;0.00709694;90
-100.239;0.00759494;90
-111.855;0.0129238;90
-115.099;0.002796;90
-111.732;0.00473988;90
-102.386;0.0137296;90
-98.5612;0.00233097;90
-95.523;0.00614051;90
-96.4061;0.00749278;90
-96.4883;0.0149558;90
-102.375;0.00298638;90
-108.553;0.00522979;90
-117.524;0.0103911;90
-107.076;0.0025473;90
-92.5372;0.00621209;90
-93.7835;0.00710749;90
-96.4654;0.0063675;90
-96.4025;0.00578408;90
-98.4388;0.00548539;90
-101.082;0.00537421;90
-108.102;0.00751496;90
-94.4157;0.0023249;90
-103.662;0.0134084;90
-104.701;0.00244711;90
-104.322;0.00291459;90
-106.754;0.0138416;90
-104.661;0.00304619;90
-110.201;0.00260632;90
-105.105;0.0130281;90
-107.43;0.00243375;90
-106.318;0.0100332;90
-107.752;0.00177764;90
-108.166;0.00228698;90
-103.688;0.00894609;90
-114.991;0.000814236;90
-99.9571;0.0170955;90
-92.687;0.00332766;90
-91.3895;0.00614481;90
-99.9182;0.0172549;90
-89.6002;0.00386909;90
-92.2832;0.0197297;90
-98.4754;0.0022526;90
-97.5296;0.00558617;90
-108.515;0.00975595;90
-132.296;0.00155878;90
-140.538;0.002154;90
-136.897;0.00818217;90
-120.019;0.00196684;90
-104.946;0.0222746;90
-107.907;0.00864793;90
-101.552;0.00306611;90
-98.8036;0.0208628;90
-98.5095;0.00386555;90
-102.393;0.0380926;90
-119.566;0.00341693;90
-122.636;0.0116504;90
-122.967;0.00294403;90
-119.605;0.0107263;90
-122.379;0.00224269;90
-116.879;0.0031055;90
-109.363;0.00580006;90
-108.599;0.0128206;90
-108.596;0.00293208;90
-109.596;0.00360479;90
-106.164;0.0141275;90
-103.709;0.00424905;90
-101.274;0.00284898;90
-102.328;0.0157235;90
-118.192;0.00225218;90
-112.038;0.00355795;90
-119.97;0.00586528;90
-117.769;0.00628026;90
-109.515;0.00647497;90
-105.134;0.00718935;90
-117.443;0.0063315;90
-114.569;0.00433882;90
-111.12;0.0103545;90
-111.299;0.00249974;90
-95.6595;0.00189624;90
-100.458;0.0104232;90
-98.2472;0.00193804;90
-100.898;0.00202044;90
-101.165;0.0052575;90
-99.9522;0.0050571;90
-107.308;0.005499;90
-110.533;0.0051662;90
-107.853;0.00547672;90
-108.918;0.0073067;90
-110.752;0.00297181;90
-113.204;0.00280707;90
-102.819;0.0038356;90
-108.101;0.00439343;90
-108.595;0.00476367;90
-109.166;0.00533045;90
-114.308;0.00414441;90
-114.361;0.00347653;90
-111.548;0.00373827;90
-113.553;0.00414424;90
-120.961;0.00375153;90
-120.551;0.00373791;90
-126.219;0.00428008;90
-133.434;0.00377877;90
-142.105;0.00321872;90
-150.358;0.00318249;90
-148.821;0.00310792;90
-148.325;0.00325838;90
-148.558;0.00351396;90
-124.819;0.00396854;90
-114.383;0.00347603;90
-109.984;0.00368382;90
-108.005;0.00399881;90
-107.845;0.00334808;90
-103.208;0.00290176;90
-104.378;0.00276665;90
-103.563;0.00266944;90
-104.098;0.00223739;90
-103.577;0.00305435;90
-104.332;0.00380956;90
-104.4;0.00450762;90
-108.673;0.00457586;90
-113.266;0.00513671;90
-118.121;0.00462947;90
-123.087;0.00437433;90
-119.587;0.00478379;90
-109.879;0.00485532;90
-103.872;0.00491743;90
-103.869;0.00541075;90
-103.296;0.00726576;90
-100.301;0.00654855;90
-98.9132;0.00566035;90
-98.3034;0.00570581;90
-98.4498;0.00514485;90
-98.4366;0.00460079;90
-98.2866;0.00471119;90
-98.3563;0.00451392;90
-98.3627;0.00466864;90
-98.553;0.00446465;90
-98.1552;0.00419442;90
-95.3467;0.00466831;90
-88.8999;0.00614613;90
-87.7515;0.00739169;90
-89.628;0.00708415;90
-101.845;0.00663529;90
-120.069;0.00548862;90
-135.131;0.00462944;90
-132.633;0.00474237;90
-136.969;0.00434208;90
-137.277;0.004413;90
-130.762;0.00441097;90
-117.75;0.0057108;90
-117.001;0.00588103;90
-118.572;0.00584822;90
-121.722;0.0057018;90
-116.781;0.00593457;90
-105.744;0.00579335;90
-118.667;0.00578055;90
-136.821;0.00436222;90
-121.354;0.00519104;90
-120.31;0.00494377;90
-122.076;0.00456838;90
-122.556;0.00416079;90
-122.295;0.00329229;90
-122.855;0.00390218;90
-121.762;0.00461633;90
-116.826;0.00481073;90
-108.721;0.00493195;90
-108.48;0.00439146;90
-108.601;0.00459291;90
-105.674;0.00515259;90
-106.722;0.00554342;90
-104.903;0.00573905;90
-105.564;0.00553081;90
-100.714;0.00562099;90
-96.3133;0.00517438;90
-108.554;0.00533319;90
-133.061;0.00369958;90
-147.5;0.00347289;90
-138.968;0.00343346;90
-139.154;0.00347537;90
-146.723;0.00358124;90
-159.664;0.00313649;90
-156.065;0.00291354;90
-146.305;0.00356728;90
-125.44;0.00410448;90
-122.165;0.00444999;90
-127.278;0.00415731;90
-131.803;0.00365153;90
-133.322;0.00323569;90
-131.056;0.00398904;90
-122.689;0.00444383;90
-117.164;0.00466335;90
-113.11;0.00474148;90
-113.52;0.00543013;90
-113.471;0.00516211;90
-107.481;0.00590574;90
-99.6673;0.00583587;90
-99.6113;0.00568987;90
-100.978;0.00481002;90
-105.125;0.00474849;90
-106.847;0.0048721;90
-107.218;0.0054492;90
-103.816;0.00587911;90
-103.462;0.00619419;90
-102.768;0.00548871;90
-107.195;0.0049691;90
-111.965;0.00499671;90
-111.11;0.00526429;90
-111.591;0.00516329;90
-108.104;0.00552238;90
-107.896;0.00541501;90
-105.615;0.00527157;90
-103.536;0.00544319;90
-104.515;0.00527849;90
-103.69;0.00517605;90
-103.605;0.00573904;90
-104.118;0.00630545;90
-107.676;0.00527609;90
-112.036;0.00470686;90
-112.793;0.00421517;90
-112.513;0.00468285;90
-112.368;0.00543167;90
-112.463;0.00508263;90
-114.304;0.00532823;90
-120.843;0.00471828;90
-122.569;0.00437853;90
-121.687;0.00427769;90
-121.174;0.00438525;90
-124.638;0.00444237;90
-127.251;0.00487191;90
-126.857;0.004458;90
-126.51;0.00452129;90
-126.215;0.0046021;90
-127.177;0.00451446;90
-130.877;0.00427846;90
-129.971;0.00470269;90
-130.534;0.00414988;90
-130.084;0.00415894;90
-133.408;0.00374133;90
-118.536;0.00405684;90
-121.856;0.00453977;90
-122.001;0.00467788;90
-124.088;0.00482629;90
-125.415;0.00467991;90
-124.277;0.00457208;90
-123.507;0.00434027;90
-124.352;0.00441987;90
-125.534;0.00484532;90
-121.358;0.00446404;90
-112.782;0.00482656;90
-111.485;0.00520679;90
-110.557;0.0048242;90
-111.121;0.00491199;90
-110.822;0.00446458;90
-112.068;0.00503593;90
-114.834;0.00458827;90
-113.572;0.00461618;90
-121.565;0.0042486;90
-133.388;0.00462489;90
-127.552;0.00517657;90
-118.874;0.00613807;90
-112.876;0.00624083;90
-108.663;0.00691564;90
-117.408;0.00595887;90
-129.719;0.00532378;90
-140.111;0.00456414;90
-145.945;0.00426434;90
-149.31;0.00460033;90
-154.92;0.00422759;90
-156.737;0.00441059;90
-163.183;0.00429988;90
-156.573;0.00445198;90
-147.185;0.004794;90
-140.375;0.00495172;90
-130.686;0.00575235;90
-124.825;0.00554393;90
-122.073;0.00558195;90
-130.636;0.00516696;90
-143.881;0.00485022;90
-160.447;0.0043594;90
178.402;0.0046248;90
176.624;0.0040931;90
-161.254;0.00407307;90
-150.555;0.00331984;90
-154.528;0.00330417;90
-165.551;0.00347077;90
-164.714;0.00342518;90
-165.483;0.00381376;90
-164.366;0.00369574;90
-174.439;0.00354971;90
-178.927;0.0034186;90
-177.555;0.00302375;90
-178.7;0.00326284;90
-171.054;0.00353702;90
-164.325;0.00349394;90
-150.49;0.00371723;90
-174.728;0.00335218;90
171.79;0.00344531;90
-157.474;0.0033907;90
-150.408;0.00329475;90
-166.464;0.0033624;90
-171.26;0.00292193;90
174.018;0.00300335;90
165.683;0.00311371;90
174.512;0.00330415;90
-170.632;0.00378447;90
-152.43;0.00425634;90
-138.485;0.00435109;90
-115.924;0.0059586;90
-106.762;0.00640097;90
-101.053;0.00682766;90
-94.9053;0.00708696;90
-93.0381;0.00749053;90
-90.0323;0.007098;90
-90.2147;0.00720505;90
-91.4571;0.00703928;90
-98.1579;0.00699074;90
-96.1031;0.00656521;90
-92.9042;0.00526977;90
-97.6018;0.00530664;90
-99.867;0.0060982;90
-99.996;0.00637172;90
-100.469;0.00644429;90
-108.364;0.00609118;90
-114.773;0.00576338;90
-121.238;0.00556125;90
-120.765;0.00583167;90
-113.692;0.00608483;90
-105.174;0.0067773;90
-101.684;0.00691324;90
-100.799;0.0071038;90
-97.3793;0.00754449;90
-95.4569;0.00802336;90
-95.9112;0.0074476;90
-92.5493;0.0073743;90
-88.6605;0.00748605;90
-87.5599;0.00744575;90
-87.7708;0.00794401;90
-92.1588;0.00769846;90
-96.7672;0.00689101;90
-100.06;0.00578798;90
-100.37;0.00593292;90
-100.549;0.00720986;90
-97.2129;0.00719998;90
-92.4219;0.00769087;90
-87.1196;0.00714403;90
-82.8016;0.00697497;90
-83.7686;0.00691888;90
-90.7339;0.00710458;90
-95.509;0.00704152;90
-95.5678;0.00762698;90
-101.581;0.00651564;90
-109.551;0.00608696;90
-110.449;0.00638859;90
-112.282;0.00641934;90
-116.427;0.00595646;90
-126.881;0.005262;90
-133.807;0.00475562;90
-132.65;0.00503459;90
-126.223;0.00522233;90
-116.136;0.0057321;90
-109.406;0.00617903;90
-104.689;0.00691708;90
-104.214;0.00727368;90
-107.475;0.00624732;90
-112.51;0.00586916;90
-127.585;0.00482178;90
-135.754;0.00435121;90
-132.844;0.00471762;90
-117.865;0.00573833;90
-99.8201;0.00655504;90
-92.7976;0.00719157;90
-99.6739;0.00685548;90
-103.194;0.00648416;90
-100.775;0.00689457;90
-108.153;0.00701623;90
-116.934;0.0057003;90
-127.199;0.00483968;90
-129.64;0.00478399;90
-133.263;0.00473626;90
-136.139;0.00448111;90
-120.923;0.00579117;90
-110.117;0.00635575;90
-110.033;0.00631405;90
-109.839;0.0061936;90
-110.188;0.00622122;90
-109.928;0.00619068;90
-111.24;0.00655852;90
-112.104;0.00569777;90
-113.294;0.00538383;90
-115.268;0.00513756;90
-115.78;0.0051573;90
-115.923;0.00502789;90
-116.521;0.00466265;90
-124.254;0.00467607;90
-124.452;0.00446518;90
-120.861;0.00450716;90
-118.245;0.00471432;90
-129.214;0.00422954;90
-143.719;0.00354039;90
-148.314;0.00360776;90
-133.089;0.00439004;90
-127.547;0.00477513;90
-132.382;0.00478291;90
-146.071;0.00353125;90
-124.536;0.00454737;90
-117.896;0.00500567;90
-135.039;0.00410829;90
-159.986;0.0035238;90
-162.485;0.00362507;90
179.115;0.00323839;90
158.358;0.00347604;90
178.896;0.00337263;90
-153.435;0.00351063;90
-165.191;0.00330994;90
-153.54;0.00366939;90
-143.821;0.0041639;90
-145.638;0.00383047;90
-149.273;0.00303161;90
-148.826;0.00308905;90
-148.827;0.00333447;90
-136.328;0.0043619;90
-127.41;0.0045398;90
-127.657;0.0042656;90
-126.972;0.00426821;90
-130.391;0.00432096;90
-139.374;0.0040054;90
-149.618;0.00386938;90
-160.014;0.00315395;90
-159.677;0.00336871;90
-154.837;0.00323611;90
-150.554;0.00347029;90
-149.181;0.00374365;90
-144.733;0.00370985;90
-141.057;0.00400762;90
-137.036;0.00394107;90
-135.14;0.00405739;90
-139.244;0.00381257;90
-144.315;0.00362578;90
-149.215;0.00319641;90
-167.384;0.00313161;90
-161.243;0.00349247;90
-132.946;0.00404371;90
-117.659;0.00487283;90
-149.696;0.00358713;90
-169.443;0.00323678;90
-131.653;0.00417835;90
-126.961;0.00428261;90
-135.415;0.00361553;90
-142.014;0.00335844;90
-148.688;0.00344238;90
-153.674;0.00321773;90
-155.336;0.00331657;90
165.195;0.00287237;90
151.263;0.00308038;90
154.806;0.00293411;90
152.686;0.00328417;90
171.121;0.00303841;90
-156.481;0.00330779;90
-149.385;0.00310247;90
-144.671;0.00235705;90
-141.039;0.0028499;90
-122.237;0.0043755;90
-113.084;0.00500147;90
-112.835;0.00527981;90
-114.381;0.00438946;90
-120.592;0.00470602;90
-132.91;0.00391715;90
-144.33;0.00338014;90
-156.622;0.00322582;90
-158.994;0.00287614;90
-156.197;0.00332263;90
-143.964;0.0038212;90
-143.309;0.00447702;90
-141.518;0.00432291;90
-135.279;0.0042137;90
-125.674;0.00499169;90
-106.683;0.00569888;90
-95.1803;0.00588102;90
-90.7005;0.00588944;90
-93.8726;0.00638157;90
-97.2441;0.00644746;90
-97.5569;0.0057106;90
-106.931;0.00482097;90
-119.917;0.00417652;90
-120.615;0.00422375;90
-116.258;0.00400977;90
-109.362;0.00486833;90
-109.219;0.004414;90
-109.418;0.00468023;90
-109.593;0.00472351;90
-122.027;0.00398443;90
-126.712;0.00363001;90
-126.624;0.00390744;90
-125.794;0.00377006;90
-126.451;0.0038527;90
-123.67;0.00388706;90
-109.094;0.00431648;90
-108.291;0.00466785;90
-105.86;0.00488496;90
-101.453;0.00485977;90
-102.246;0.00512461;90
-103.602;0.00588918;90
-103.796;0.00561499;90
-102.72;0.00559532;90
-94.9108;0.00614456;90
-97.9315;0.00652946;90
-105.552;0.00567683;90
-120.857;0.00498925;90
-124.041;0.00479825;90
-122.388;0.00487069;90
-123.09;0.00495458;90
-130.62;0.0032686;90
-127.396;0.00411477;90
-124.518;0.00424057;90
-122.868;0.00450518;90
-118.234;0.00414519;90
-121.583;0.00468373;90
-117.491;0.00600731;90
-117.118;0.00564902;90
-104.973;0.00615807;90
-110.363;0.00533968;90
-97.1951;0.00304195;90
-97.2185;0.00136885;90
-96.976;0.00138324;90
-98.2675;0.00501411;90
-103.33;0.00489692;90
-109.784;0.00329126;90
-102.792;0.00304866;90
-99.8604;0.00496941;90
-101.105;0.00482841;90
-100.061;0.00281631;90
-108.446;0.00332798;90
-116.888;0.00475843;90
-121.097;0.0045557;90
-121.269;0.00466809;90
-126.975;0.00468021;90
-125.398;0.00551922;90
-121.377;0.00573695;90
-145.015;0.00449283;90
-120.522;0.0058066;90
-122.238;0.00577767;90
-155.746;0.00432584;90
-178.786;0.00410592;90
166.216;0.00391578;90
147.734;0.00412852;90
157.893;0.00393531;90
-177.561;0.00401764;90
-159.211;0.00394163;90
-138.215;0.00513107;90
-127.948;0.0056444;90
-138.886;0.00479956;90
-134.52;0.00498457;90
-138.147;0.00477806;90
-138.38;0.00476075;90
-135.36;0.00506652;90
-116.225;0.00565288;90
-112.588;0.00617792;90
-102.864;0.00654425;90
-113.271;0.00558105;90
-111.086;0.00623446;90
-127.467;0.0055877;90
-122.889;0.0060496;90
-133.728;0.00503301;90
-125.14;0.00544668;90
-136.043;0.00466343;90
-134.858;0.00484016;90
-121.425;0.0054739;90
-99.7668;0.0077341;90
-98.6212;0.00707797;90
-99.6671;0.00731284;90
-100.486;0.00649447;90
-109.445;0.0063714;90
-109.785;0.00660593;90
-110.717;0.00708406;90
-114.716;0.00616805;90
-117.632;0.0060523;90
-106.57;0.00717078;90
-103.253;0.00775556;90
-112.364;0.00703838;90
-108.268;0.00760531;90
-115.366;0.00747905;90
-112.461;0.00704872;90
-105.947;0.00783244;90
-112.548;0.00691347;90
-112.368;0.00660606;90
-101.116;0.00783704;90
-101.326;0.00706763;90
-109.016;0.00626385;90
-113.83;0.00638319;90
-123.357;0.00557788;90
-128.074;0.00517774;90
-132.041;0.00483528;90
-122.82;0.00555347;90
-112.472;0.00651687;90
-107.609;0.00623097;90
-100.83;0.00626966;90
-111.034;0.00578121;90
-113.267;0.00569844;90
-101.766;0.00639947;90
-90.2989;0.00651709;90
-87.4792;0.00668447;90
-92.692;0.0070688;90
-95.183;0.00679679;90
-95.5625;0.00700499;90
-85.3031;0.00791358;90
-69.941;0.00677284;90
-85.1227;0.00695117;90
-98.2583;0.00714307;90
-101.398;0.00638594;90
-101.002;0.00641897;90
-94.2234;0.00714239;90
-93.1721;0.00656005;90
-93.3792;0.00607356;90
-93.4877;0.00596705;90
-97.6841;0.00550443;90
-100.819;0.00558834;90
-101.138;0.00529065;90
-100.629;0.00585546;90
-96.9655;0.00641535;90
-93.9727;0.00643747;90
-95.6102;0.00636248;90
-99.0492;0.00649787;90
-98.9699;0.00646506;90
-101.202;0.00678936;90
-102.306;0.00616055;90
-104.136;0.00596566;90
-102.719;0.00582288;90
-101.585;0.00543268;90
-94.9981;0.00594561;90
-87.2704;0.00583762;90
-98.5249;0.00527528;90
-93.912;0.00498361;90
-71.2438;0.00456861;90
-81.3939;0.00451079;90
-163.291;0.00164861;90
-155.606;0.00246726;90
-123.727;0.00388124;90
-104.845;0.00436365;90
-103.94;0.00389367;90
-105.642;0.00218077;90
-109.6;0.00164852;90
-108.782;0.00214311;90
-110.661;0.00273491;90
-110.546;0.00269546;90
-113.792;0.00280105;90
-110.874;0.00301702;90
-109.705;0.00186842;90
-119.093;0.0196057;90
-96.4518;0.00430728;90
-106.803;0.0345856;90
-123.071;0.00397854;90
-128.574;0.00386671;90
-144.424;0.00294095;90
-175.249;0.00258388;90
-112.849;0.00445019;90
-120.826;0.00434013;90
-161.433;0.00287673;90
-137.368;0.00826536;90
-163.642;0.00143092;90
166.245;0.00296091;90
157.758;0.00284791;90
141.204;0.00157689;90
62.9829;0.0020407;90
80.0553;0.00283154;90
55.545;0.00126733;90
-16.2878;0.00149396;90
6.55747;0.00125219;90
-5.55367;0.00112629;90
-73.3065;0.000957347;90
-130.342;0.000984007;90
-123.951;0.000914987;90
-85.0365;0.00119046;90
8.11854;0.000701026;90
-25.6079;0.000562226;90
112.508;0.00259139;90
38.8845;0.000955791;90
142.969;0.0012088;90
-179.791;0.00109501;90
175.436;0.0015459;90
-150.442;0.00129332;90
-98.1791;0.0039714;90
-43.6397;0.00288935;90
-25.166;0.00338865;90
20.2045;0.00360482;90
39.1479;0.00791986;90
23.4181;0.00181664;90
62.607;0.00464256;90
59.3988;0.00479708;90
32.7424;0.0067078;90
51.8674;0.00222354;90
72.078;0.0373746;90
65.0632;0.0251981;90
71.5249;0.00180503;90
72.0828;0.00314976;90
73.9772;0.00457576;90
61.7138;0.00346926;90
68.1535;0.00377296;90
75.8299;0.00550242;90
61.7622;0.00844162;90
7.21152;0.0013144;90
4.89807;0.00159282;90
98.243;0.00473593;90
106.487;0.00534892;90
83.7027;0.00678293;90
88.7358;0.00688968;90
86.8618;0.00739809;90
78.8719;0.00735223;90
76.3503;0.014128;90
79.5567;0.0030729;90
78.0564;0.00563908;90
80.4895;0.00782556;90
81.5715;0.00820057;90
86.1595;0.00837581;90
83.5766;0.00851848;90
79.4119;0.00803277;90
78.6735;0.00814157;90
83.2225;0.00791431;90
86.8579;0.00842867;90
87.0901;0.00910073;90
84.9633;0.00812136;90
77.0385;0.00804293;90
80.6346;0.00797024;90
91.593;0.00780602;90
109.746;0.00692309;90
96.2728;0.00788923;90
83.7861;0.00821325;90
86.9257;0.0158678;90
91.6581;0.00964204;90
82.9342;0.00347942;90
72.7636;0.0137725;90
67.0552;0.00320128;90
73.3146;0.0134963;90
63.6153;0.00752933;90
52.1711;0.00272458;90
50.4785;0.0104059;90
55.1771;0.00252521;90
66.853;0.0126841;90
72.7536;0.00304909;90
79.5394;0.0129655;90
67.9595;0.00774393;90
68.1265;0.00782428;90
73.5621;0.00869332;90
64.8696;0.00780588;90
64.6568;0.00278946;90
69.8733;0.00691955;90
70.0652;0.00799824;90
75.8452;0.0145374;90
66.2101;0.00269718;90
61.6325;0.00639832;90
65.6642;0.00793286;90
70.3769;0.0087693;90
73.6208;0.0147308;90
82.0197;0.00308285;90
82.2451;0.0077741;90
80.252;0.00867018;90
67.772;0.00700778;90
46.4937;0.00566939;90
44.2956;0.00609714;90
50.9694;0.00593582;90
51.3943;0.00612061;90
58.1907;0.0122957;90
71.5324;0.00388929;90
72.2884;0.0109721;90
70.678;0.00296183;90
64.6706;0.0117175;90
22.4965;0.00225024;90
42.572;0.00645956;90
44.7833;0.00878728;90
39.6811;0.00607191;90
50.5545;0.00674281;90
42.8549;0.00200252;90
15.0624;0.00769228;90
-7.38604;0.00168801;90
-28.5742;0.00806196;90
-14.0212;0.00184497;90
2.65863;0.00761019;90
40.2444;0.00208962;90
58.5574;0.0118606;90
35.0319;0.00212009;90
50.4085;0.00918236;90
60.8892;0.00297019;90
54.7808;0.00869941;90
57.2859;0.00211677;90
60.0494;0.00860286;90
79.48;0.00204843;90
76.4427;0.00600636;90
79.2928;0.00687876;90
86.6034;0.00457404;90
-95.6527;0.00127922;90
52.7985;0.000656611;90
77.061;0.0131345;90
80.0671;0.0010609;90
77.676;0.00974046;90
71.5651;0.0084085;90
61.214;0.00252731;90
59.9479;0.0112203;90
65.0372;0.00236713;90
57.9132;0.00873301;90
51.3585;0.00196014;90
51.9833;0.00723505;90
43.2059;0.00121965;90
58.1096;0.00491013;90
57.3974;0.00498321;90
59.1843;0.00159288;90
58.8739;0.00690044;90
66.7589;0.00441964;90
80.0309;0.00486952;90
85.1864;0.00591085;90
82.7365;0.00189823;90
78.9909;0.008368;90
76.4795;0.00161681;90
77.0068;0.00918004;90
72.1711;0.00155466;90
79.2139;0.00742213;90
74.8254;0.00218519;90
72.748;0.0089151;90
68.5562;0.00240982;90
57.0526;0.00765994;90
59.8733;0.00206609;90
53.2437;0.00655401;90
56.4725;0.00430172;90
47.6065;0.00141497;90
66.9515;0.00761921;90
70.7388;0.00168852;90
72.1729;0.0082869;90
68.9811;0.00552031;90
59.8067;0.00477015;90
56.5917;0.0020305;90
65.8712;0.00741703;90
81.2049;0.00204707;90
82.662;0.00830704;90
83.5405;0.00487998;90
87.5247;0.00574236;90
88.4878;0.00189466;90
85.264;0.00876894;90
73.7888;0.002339;90
59.9086;0.00904503;90
43.2694;0.00334826;90
38.0115;0.00342308;90
37.0966;0.00328603;90
38.2147;0.00313606;90
36.1882;0.0013617;90
24.6146;0.00678011;90
24.0088;0.00477294;90
38.0424;0.00168115;90
48.8149;0.00654676;90
60.7655;0.00167081;90
67.0477;0.0089213;90
64.0771;0.00215481;90
62.5864;0.00899848;90
42.8132;0.00118597;90
34.0874;0.00507979;90
33.9978;0.00165248;90
12.6347;0.00663364;90
-35.731;0.00179115;90
-27.2951;0.00691493;90
-28.1805;0.00383907;90
32.7546;0.00373724;90
27.1207;0.00401214;90
29.34;0.00157962;90
38.4258;0.00397747;90
46.9076;0.00845461;90
49.823;0.00487792;90
5.3593;0.00358668;90
26.6399;0.00136937;90
58.4517;0.00704296;90
50.2513;0.00167652;90
20.8408;0.0056047;90
15.7384;0.0013309;90
30.5956;0.00755244;90
41.6335;0.00184236;90
37.9649;0.00346403;90
45.8138;0.0046801;90
40.0538;0.00694632;90
40.0938;0.00193466;90
31.3741;0.00847636;90
20.7457;0.00194512;90
17.1196;0.0062269;90
31.9931;0.00147976;90
39.2519;0.00912869;90
43.4193;0.00215325;90
52.3231;0.0103238;90
56.4727;0.00273385;90
39.9288;0.0094074;90
20.6657;0.00116175;90
31.9503;0.00739063;90
35.2308;0.00208365;90
25.9027;0.00781513;90
26.0475;0.00113865;90
19.1173;0.00515108;90
8.84303;0.00103429;90
-22.1883;0.00456505;90
-1.22212;0.00112526;90
2.01125;0.00472991;90
27.6223;0.00550211;90
47.4171;0.00189461;90
59.8995;0.00515635;90
56.2443;0.0062953;90
33.8655;0.00380443;90
47.3492;0.00514074;90
55.1517;0.00617424;90
32.4116;0.00508398;90
39.588;0.005158;90
55.2924;0.00612236;90
58.5682;0.0120713;90
54.1192;0.00221293;90
61.8207;0.00508013;90
65.5919;0.0103017;90
59.3841;0.00183593;90
64.5671;0.00421;90
66.8652;0.00483589;90
67.2566;0.00670971;90
69.6709;0.00765373;90
69.779;0.0117086;90
69.9696;0.00745068;90
70.5808;0.00624104;90
67.1997;0.00583711;90
55.9647;0.00446486;90
43.5057;0.0039859;90
46.1334;0.00536233;90
50.6204;0.00585542;90
57.5389;0.00607758;90
67.5987;0.00560496;90
74.6708;0.00522385;90
79.974;0.00569802;90
76.9752;0.00583923;90
78.9548;0.00649328;90
86.8094;0.00560569;90
85.4674;0.00541594;90
77.1494;0.00399712;90
62.5295;0.00515075;90
46.4919;0.00521456;90
45.0687;0.00530967;90
58.1237;0.00587972;90
70.3956;0.0067864;90
75.0385;0.00735949;90
76.3893;0.00702014;90
72.7343;0.00669467;90
65.9514;0.00648817;90
57.206;0.0058528;90
47.9932;0.00566033;90
45.8752;0.00546233;90
55.0665;0.00673565;90
65.6968;0.00737672;90
68.4298;0.0076379;90
70.6472;0.00844943;90
80.1228;0.00860454;90
84.7136;0.00885667;90
86.6153;0.0086551;90
95.5706;0.00879755;90
96.4871;0.009214;90
91.0645;0.00823542;90
84.6976;0.00854858;90
79.9669;0.00897729;90
79.4266;0.00837622;90
81.3986;0.00818405;90
86.3239;0.00737718;90
89.7061;0.00682409;90
92.3941;0.00675089;90
92.4619;0.00728673;90
90.9793;0.00713804;90
85.7824;0.00720652;90
84.5066;0.00845081;90
84.3725;0.00933097;90
80.9834;0.00752296;90
78.2265;0.00719946;90
77.2043;0.0071475;90
70.2116;0.00618524;90
61.8204;0.0054443;90
58.0284;0.00521625;90
61.1456;0.00575442;90
68.3771;0.00715339;90
78.1408;0.00820411;90
79.6616;0.00809645;90
80.792;0.00803656;90
86.1327;0.00859958;90
82.5991;0.00932368;90
85.9588;0.00882594;90
89.7069;0.00899212;90
89.5877;0.00903223;90
85.8761;0.00917776;90
81.6829;0.00875205;90
73.114;0.0087858;90
57.8111;0.00661707;90
35.6205;0.0054669;90
10.3542;0.00477374;90
-6.16533;0.00445074;90
-12.3317;0.0042562;90
6.4146;0.00391149;90
13.846;0.00335962;90
29.0807;0.00319932;90
25.9954;0.00301392;90
-3.76563;0.00283211;90
-7.28249;0.00306875;90
25.7955;0.00326316;90
23.3624;0.00316988;90
14.8416;0.00291629;90
7.06704;0.00306428;90
1.81897;0.00270937;90
1.48611;0.002969;90
1.3653;0.00297985;90
2.79998;0.00307067;90
12.5759;0.00409218;90
14.7025;0.00383766;90
14.3565;0.00433952;90
14.5579;0.00210457;90
24.5682;0.00427393;90
28.1015;0.00465359;90
11.4162;0.00475916;90
-5.7773;0.00495718;90
10.1802;0.0049733;90
31.9619;0.00544436;90
49.5388;0.00625488;90
57.3433;0.00622863;90
54.5854;0.00633144;90
45.4513;0.00637335;90
32.7254;0.00983512;90
20.0378;0.00214803;90
18.4698;0.0036363;90
20.8922;0.00472784;90
25.8622;0.00492196;90
30.8181;0.00512577;90
36.7843;0.00562121;90
46.3639;0.00617904;90
65.6836;0.0133131;90
68.3589;0.00305321;90
61.8536;0.0119434;90
52.2747;0.00251848;90
47.9466;0.0055985;90
61.2269;0.00691816;90
64.389;0.00743998;90
69.1422;0.00773489;90
69.4273;0.00804506;90
68.6364;0.00726629;90
64.5314;0.00792295;90
55.4161;0.011041;90
56.1925;0.00297625;90
55.1359;0.00572571;90
55.2493;0.00665255;90
57.1863;0.00680003;90
58.2087;0.0052484;90
58.7517;0.00555954;90
47.6333;0.00580228;90
49.1488;0.00566888;90
50.1006;0.00516181;90
51.8799;0.00606824;90
52.3177;0.00623443;90
53.6024;0.00514337;90
52.9529;0.00543263;90
55.0839;0.0063647;90
57.7661;0.0069088;90
57.7144;0.00691392;90
60.6516;0.00733088;90
67.428;0.00755254;90
67.2233;0.00590225;90
67.2953;0.00467639;90
67.6142;0.00600774;90
68.8255;0.00573629;90
75.4595;0.00680703;90
76.6376;0.00793995;90
75.2968;0.00614627;90
75.6167;0.0147741;90
72.6224;0.00275892;90
71.9036;0.0103279;90
66.6317;0.00545331;90
68.6142;0.00565754;90
70.0832;0.00199322;90
74.224;0.00836406;90
76.4186;0.00436917;90
77.1078;0.00222304;90
76.534;0.00570278;90
73.7879;0.0097674;90
73.1683;0.00198922;90
74.1739;0.00507851;90
78.4958;0.00497393;90
80.2851;0.00596758;90
79.9869;0.0064472;90
70.9342;0.00594513;90
67.1377;0.00610782;90
66.3939;0.00564868;90
76.1934;0.00369166;90
-121.87;0.00130115;90
-28.0156;0.0018373;90
143.554;0.00232466;90
7.76713;0.00131708;90
61.6694;0.00299015;90
57.8488;0.00524658;90
49.4133;0.00466802;90
47.5509;0.00413077;90
49.8561;0.00476958;90
56.7451;0.00540515;90
54.9617;0.00537515;90
29.4165;0.00409036;90
20.5966;0.0038063;90
28.3217;0.00425992;90
41.8228;0.00424846;90
40.3024;0.00428248;90
33.6626;0.00404654;90
62.3303;0.00540513;90
80.8916;0.00710661;90
78.9614;0.00691494;90
74.4994;0.00679516;90
74.7457;0.0063777;90
74.0798;0.00593878;90
71.4726;0.00489996;90
72.2379;0.00525132;90
70.7285;0.005675;90
62.5289;0.00483633;90
57.2506;0.00435887;90
58.2277;0.00362172;90
57.8161;0.00350331;90
57.1227;0.00414486;90
57.6624;0.00506444;90
60.7798;0.00655514;90
51.207;0.00591213;90
56.2987;0.00710266;90
74.357;0.00616744;90
62.8125;0.00650466;90
57.9636;0.00665085;90
62.8123;0.00691388;90
62.9519;0.0070546;90
53.4952;0.00596412;90
42.7672;0.00526346;90
43.2347;0.00514169;90
47.4135;0.00550759;90
50.4987;0.00585918;90
74.4976;0.00804778;90
90.2804;0.00776409;90
92.2006;0.00763063;90
90.5152;0.00722929;90
82.1967;0.00696752;90
81.7361;0.00793136;90
81.6068;0.00794712;90
81.7037;0.00843426;90
81.4692;0.0076648;90
81.5331;0.0081569;90
79.1588;0.00843759;90
76.4485;0.00779707;90
75.8835;0.00744585;90
68.5438;0.00696574;90
57.6251;0.00616296;90
61.3219;0.00662237;90
68.6493;0.00698756;90
74.3394;0.00746097;90
76.1744;0.00751987;90
76.4743;0.0077304;90
72.1709;0.00702855;90
70.4344;0.00637829;90
59.9228;0.00573063;90
32.8591;0.00416901;90
31.6892;0.0044564;90
30.8161;0.00406024;90
34.9743;0.00344028;90
46.2734;0.00474091;90
55.4029;0.00536102;90
58.5731;0.00613145;90
66.8014;0.00403636;90
67.9643;0.00458708;90
65.52;0.00553122;90
69.6127;0.00595929;90
72.0333;0.00537827;90
72.1449;0.00543687;90
78.5416;0.00386095;90
64.0036;0.00378496;90
71.7502;0.00626197;90
71.4609;0.00695702;90
71.3045;0.0074406;90
75.2935;0.00779539;90
80.4273;0.00699946;90
78.9143;0.00561171;90
78.3894;0.00515753;90
80.5377;0.00563872;90
71.0144;0.00648265;90
66.2752;0.00729228;90
62.9328;0.0070412;90
72.559;0.00805743;90
71.091;0.00772065;90
62.8273;0.00619918;90
61.8921;0.00485;90
63.5346;0.00488716;90
71.2345;0.00520678;90
77.4439;0.00547392;90
78.7902;0.00561207;90
77.7728;0.0057085;90
76.369;0.00583022;90
74.2504;0.00550778;90
72.2667;0.00537122;90
71.0486;0.00533308;90
71.4617;0.00578413;90
71.5627;0.00761065;90
68.166;0.00784581;90
62.2573;0.00794196;90
57.8676;0.00712193;90
57.8653;0.00699929;90
57.6802;0.00687748;90
60.0597;0.007201;90
74.2273;0.00806777;90
78.3864;0.00784358;90
79.2847;0.00835264;90
83.6665;0.00940943;90
82.1339;0.00843941;90
81.9467;0.00749491;90
80.9793;0.00644167;90
78.2347;0.00542906;90
73.4763;0.00537602;90
69.5027;0.00558883;90
74.6393;0.00594953;90
77.5076;0.0063104;90
77.2631;0.00630003;90
66.6145;0.00511192;90
43.6735;0.0042459;90
38.0815;0.00369823;90
42.422;0.00374155;90
66.0913;0.00497926;90
81.7303;0.00800928;90
83.2319;0.00792523;90
86.6962;0.00815555;90
90.4531;0.00821926;90
86.0865;0.00816103;90
77.1883;0.00720641;90
84.5247;0.00831092;90
86.756;0.00708635;90
85.6941;0.00629978;90
77.5719;0.00487422;90
75.5169;0.00320278;90
79.9902;0.00182376;90
71.8048;0.0024179;90
75.3741;0.00433652;90
74.9439;0.00396512;90
73.6222;0.00495089;90
73.1605;0.00661046;90
73.6092;0.00759778;90
73.5556;0.00878537;90
73.4485;0.00820707;90
73.4835;0.00771744;90
74.8785;0.00763227;90
76.1107;0.007661;90
76.0206;0.00562149;90
75.4973;0.00536288;90
75.9787;0.00744584;90
79.4914;0.00744589;90
83.4131;0.00705255;90
83.6408;0.006988;90
84.7813;0.00704721;90
87.5029;0.00762024;90
66.6896;0.00645924;90
61.0846;0.00467821;90
69.4591;0.00573993;90
79.6344;0.00843669;90
84.2882;0.00939464;90
84.3142;0.00965952;90
83.6179;0.0102646;90
76.8539;0.00924221;90
67.3806;0.00855938;90
64.7098;0.00832157;90
75.0567;0.00903971;90
82.6253;0.00945017;90
82.9304;0.00936016;90
88.8562;0.00991898;90
90.5856;0.00929449;90
84.174;0.00909297;90
85.3784;0.00914674;90
87.0334;0.00964192;90
85.8939;0.00974802;90
79.3371;0.01002;90
73.0123;0.00882715;90
68.9388;0.00868198;90
71.1007;0.00874019;90
77.7853;0.00914094;90
74.1009;0.00884122;90
66.9924;0.00878589;90
63.191;0.00798418;90
67.0708;0.00829327;90
74.2921;0.00884637;90
77.6941;0.00906017;90
73.485;0.00878753;90
67.1489;0.00861622;90
59.7848;0.0074953;90
53.6553;0.0072219;90
53.7668;0.00732565;90
58.2467;0.00751715;90
61.8992;0.00772571;90
60.8224;0.00800584;90
56.5904;0.00782026;90
39.3329;0.00676685;90
26.9945;0.00566859;90
25.4327;0.0056351;90
23.8281;0.00571296;90
22.8879;0.00573883;90
29.5867;0.00593025;90
40.3895;0.00689681;90
48.9576;0.00705891;90
52.5701;0.00730515;90
49.2017;0.00703553;90
43.0772;0.0065331;90
40.717;0.00644773;90
39.422;0.0067509;90
37.7235;0.0062695;90
36.4373;0.00614538;90
28.3634;0.00570031;90
22.0335;0.00550183;90
15.8007;0.00527741;90
14.4626;0.00557362;90
11.7629;0.00523391;90
14.7528;0.0053721;90
23.7819;0.00563662;90
29.8017;0.00587726;90
32.7585;0.00591943;90
34.1282;0.00591217;90
32.3663;0.00607476;90
20.7124;0.00506111;90
8.63869;0.00506648;90
17.996;0.00520147;90
47.0748;0.00634762;90
61.9704;0.00810124;90
59.0039;0.00850324;90
48.35;0.00694576;90
38.5348;0.00608517;90
30.1248;0.00520039;90
20.8274;0.00489378;90
21.1206;0.00500094;90
35.5872;0.00591468;90
49.7833;0.0063344;90
72.9536;0.0089;90
83.2127;0.00967984;90
85.833;0.00777555;90
87.1254;0.00677953;90
94.4887;0.00498328;90
58.9309;0.00121301;90
15.0408;0.00253173;90
6.69423;0.00386032;90
-6.7165;0.00351412;90
-7.31969;0.00386953;90
5.10629;0.00370771;90
13.5037;0.00336605;90
11.3961;0.00417532;90
-3.74007;0.00458376;90
10.521;0.00445795;90
32.2177;0.00523505;90
33.3172;0.00545448;90
26.6632;0.00522123;90
-17.863;0.00335787;90
-1.75596;0.00137064;90
-15.7219;0.00246523;90
-16.4348;0.00257313;90
-25.5317;0.00151272;90
-43.0575;0.00388;90
-39.7465;0.0057148;90
-53.5895;0.006311;90
-43.8986;0.00566497;90
-17.3857;0.00431723;90
-5.39884;0.00451704;90
-20.7812;0.0045575;90
-26.8358;0.00435278;90
-39.0612;0.00459256;90
-49.9553;0.00533739;90
-52.2135;0.00607618;90
-62.9254;0.00719103;90
-73.2762;0.00827083;90
-53.7822;0.00606239;90
-41.4117;0.00551351;90
-29.9517;0.00439842;90
-1.35128;0.00377405;90
4.81537;0.00331169;90
-22.0809;0.00243672;90
-35.3426;0.00136569;90
-52.3218;0.00334573;90
-52.7438;0.0042717;90
-52.3423;0.0042328;90
-55.3204;0.00443244;90
-65.9154;0.0050014;90
-68.086;0.00500784;90
-68.4899;0.00500455;90
-68.1002;0.00486615;90
-62.8268;0.00488743;90
-38.652;0.00343426;90
-29.8214;0.00315706;90
-25.8138;0.00347917;90
-31.7882;0.00346823;90
-41.8919;0.00397767;90
-18.8745;0.00309122;90
11.1496;0.00343381;90
14.656;0.00336344;90
13.3145;0.0039471;90
6.00836;0.00467166;90
20.7793;0.00498634;90
43.0091;0.0055973;90
43.835;0.00598195;90
47.9355;0.00561968;90
37.5606;0.00522638;90
33.8152;0.00507802;90
46.605;0.00535207;90
60.9387;0.00584258;90
64.1983;0.00631119;90
63.6848;0.00646051;90
62.3315;0.00643257;90
53.9756;0.00576063;90
48.6015;0.00532442;90
47.6135;0.00519486;90
47.3618;0.00586831;90
42.4258;0.00569937;90
38.5524;0.00591275;90
39.8853;0.00588535;90
55.7321;0.00690332;90
55.0952;0.00661989;90
24.6948;0.00463158;90
-14.6417;0.0047513;90
-34.2013;0.0052535;90
-51.0067;0.00630453;90
-50.5679;0.00638418;90
-33.2109;0.00547175;90
-41.3972;0.00591887;90
-53.1387;0.006703;90
-59.9155;0.00770034;90
-40.0016;0.00550242;90
-5.61451;0.00456892;90
22.0061;0.00410724;90
-11.6441;0.00440465;90
-1.34949;0.00462828;90
37.1425;0.00525506;90
21.2971;0.00426206;90
-48.1665;0.00371232;90
-60.6949;0.00522003;90
-59.7994;0.00442917;90
-48.236;0.0037579;90
-50.107;0.00461522;90
-68.8874;0.0067351;90
-69.3348;0.00638695;90
-69.203;0.00679044;90
-70.1493;0.00661719;90
-77.9615;0.00746518;90
-68.4836;0.00690628;90
-69.5314;0.0066744;90
-80.0733;0.00559781;90
-79.2401;0.00439222;90
-64.0372;0.00468035;90
-57.6499;0.00486272;90
-44.6304;0.00460336;90
-53.4652;0.00427507;90
-44.7695;0.00369042;90
-8.49647;0.00280883;90
24.7645;0.00337321;90
2.27301;0.00325256;90
-8.95016;0.00318174;90
-10.9625;0.00410694;90
-17.1985;0.00426469;90
-17.499;0.00422031;90
-13.3657;0.00435187;90
30.9721;0.00470249;90
37.8283;0.00387414;90
38.145;0.00184246;90
40.9127;0.00337299;90
55.8166;0.00492842;90
57.2887;0.00475753;90
58.1939;0.00432789;90
61.5304;0.00590738;90
60.0291;0.00638362;90
30.4311;0.00455674;90
44.3367;0.00525274;90
28.6872;0.00471015;90
18.375;0.00452997;90
7.4475;0.00429725;90
-8.91204;0.00422804;90
33.5599;0.00488415;90
53.7124;0.00592391;90
15.6363;0.0044559;90
6.81621;0.00462569;90
23.7421;0.00456757;90
18.2841;0.00456445;90
-8.61565;0.00420546;90
9.56465;0.0040503;90
22.3337;0.00429736;90
14.3784;0.0047921;90
17.7924;0.00448344;90
3.45368;0.00405036;90
1.68673;0.00411078;90
-0.587294;0.00439023;90
-24.5278;0.00446601;90
-51.1303;0.00622419;90
-41.944;0.0050269;90
-50.7268;0.00523681;90
-55.1057;0.00576683;90
-62.806;0.00611154;90
-71.4037;0.00718725;90
-62.2431;0.00636433;90
-53.4125;0.00584347;90
-41.2367;0.00488037;90
-77.2128;0.00699857;90
-63.8125;0.00597311;90
-69.1455;0.00644952;90
-76.0777;0.00756422;90
-65.9223;0.00666708;90
-65.477;0.00552212;90
-59.6994;0.00588262;90
-55.5816;0.00562955;90
-22.8299;0.00442788;90
-7.7095;0.00445023;90
-17.5659;0.00406558;90
-55.4835;0.00480725;90
-62.0372;0.00454683;90
-71.4944;0.00590113;90
-65.0717;0.00695164;90
-54.6116;0.00651338;90
-54.305;0.00694466;90
-55.7258;0.00661098;90
-40.8984;0.00577346;90
-15.29;0.00389072;90
13.9755;0.00320074;90
19.7276;0.00365874;90
18.2369;0.00439053;90
13.3662;0.00464585;90
9.07085;0.00442737;90
-8.95623;0.00454137;90
-4.49223;0.00469843;90
4.87125;0.00468693;90
7.775;0.00472342;90
34.2915;0.00515262;90
2.55531;0.00423922;90
-29.4396;0.00495823;90
-25.1538;0.00483003;90
-5.60055;0.00461101;90
1.52409;0.00488773;90
2.78743;0.00423601;90
-11.7297;0.00417621;90
-7.44791;0.00448988;90
-0.928203;0.00444458;90
10.6984;0.00433637;90
8.99425;0.00440719;90
-20.9873;0.00458732;90
-30.4302;0.0044384;90
-46.2155;0.00560013;90
-61.0878;0.00648646;90
-57.6171;0.00651637;90
-57.6168;0.00614102;90
-56.3735;0.00550402;90
-53.1983;0.0043686;90
-37.5732;0.00379649;90
-34.3273;0.00319194;90
-33.9338;0.00299874;90
-33.6585;0.00302395;90
-38.0669;0.00316909;90
-43.0371;0.00417013;90
-42.5348;0.00476748;90
-42.6707;0.00360144;90
-38.4929;0.00326951;90
-5.82208;0.00245466;90
57.4799;0.00332779;90
67.8777;0.00374683;90
50.0978;0.00432906;90
47.5678;0.00544524;90
33.5277;0.00479596;90
14.4982;0.00430199;90
4.49075;0.00401031;90
-0.220186;0.00364303;90
17.3865;0.00326623;90
40.8365;0.00385684;90
87.7483;0.00641395;90
81.9378;0.00620331;90
51.7061;0.00376636;90
45.1565;0.00310562;90
60.6781;0.00374707;90
78.8418;0.00607178;90
92.322;0.00678757;90
107.8;0.00559062;90
87.1794;0.0052023;90
51.8263;0.00528277;90
51.8401;0.00603213;90
63.3658;0.00703781;90
70.2024;0.00831123;90
68.4185;0.00798477;90
71.3885;0.0081059;90
79.162;0.00833365;90
75.7316;0.00808232;90
77.9416;0.00803223;90
63.8888;0.0067187;90
51.146;0.00589794;90
28.6696;0.00471279;90
52.25;0.00550785;90
54.4202;0.00600512;90
54.5178;0.00576449;90
53.4905;0.00537351;90
58.3827;0.00610403;90
59.2851;0.00647653;90
77.6841;0.00747298;90
87.683;0.00650532;90
112.463;0.00537048;90
117.254;0.00479761;90
97.3405;0.0060032;90
80.7512;0.00529483;90
74.509;0.00268452;90
75.7067;0.00281102;90
-1.95487;0.0013778;90
-24.5672;0.00177025;90
16.0192;0.00192058;90
18.2889;0.00210956;90
17.2759;0.00218874;90
11.4563;0.00307119;90
28.0334;0.00319371;90
51.6254;0.00235341;90
39.9525;0.00164758;90
37.3407;0.00165526;90
37.1309;0.00175602;90
61.3788;0.00211892;90
88.8738;0.0031036;90
85.7721;0.00149206;90
31.0179;0.000725782;90
-48.8736;0.0023551;90
-41.3016;0.00186357;90
39.6486;0.00172863;90
55.7897;0.00244383;90
45.3972;0.00193823;90
19.0435;0.00166725;90
30.5443;0.00250686;90
25.7835;0.00288524;90
41.4313;0.00331711;90
31.3738;0.00297146;90
42.1584;0.00300961;90
40.0184;0.00296407;90
41.4453;0.00303367;90
42.0599;0.00304669;90
9.60732;0.00246862;90
-4.24464;0.00231034;90
43.905;0.00336715;90
28.8216;0.0032484;90
28.7858;0.00331232;90
23.6982;0.00286128;90
25.2777;0.00274703;90
48.0325;0.00323459;90
29.8271;0.00259357;90
23.6448;0.00276513;90
31.4509;0.00280393;90
23.831;0.00314078;90
17.8992;0.00317886;90
27.4819;0.00380091;90
21.7651;0.00409923;90
19.3828;0.00399545;90
7.84069;0.00403169;90
7.30506;0.00418396;90
17.9832;0.00449247;90
19.2908;0.00381097;90
16.5976;0.00340278;90
-3.8363;0.0032583;90
-23.3969;0.00292119;90
-30.1178;0.00386823;90
-19.7158;0.00391872;90
23.751;0.00407187;90
49.6384;0.00515898;90
43.3405;0.00566489;90
23.7212;0.00496661;90
2.95475;0.00446193;90
23.9384;0.0050745;90
54.9763;0.00666126;90
60.6635;0.00718663;90
66.738;0.00783165;90
68.9988;0.00827038;90
63.123;0.00837912;90
68.3291;0.00848147;90
64.58;0.00756434;90
44.3792;0.00600369;90
51.2457;0.00634363;90
37.3846;0.00541042;90
53.1084;0.0068632;90
53.844;0.0064849;90
46.6108;0.00593639;90
38.2989;0.00542949;90
11.0842;0.0050767;90
6.16581;0.00493455;90
-7.60496;0.0051382;90
-12.2368;0.0047888;90
-17.8293;0.00469656;90
-25.0128;0.00503524;90
-17.2066;0.00486786;90
28.5618;0.00517248;90
43.0076;0.00622347;90
2.85736;0.00453364;90
-47.8286;0.00629031;90
-62.0241;0.00746536;90
-26.7911;0.00521366;90
4.23224;0.00509489;90
7.35447;0.00526532;90
22.6442;0.00579469;90
34.0388;0.00578646;90
32.4995;0.00573989;90
43.6518;0.00601066;90
63.1382;0.00802938;90
60.5161;0.00705232;90
57.3112;0.00674535;90
72.05;0.00806979;90
70.5283;0.0080218;90
57.6762;0.00682808;90
39.9516;0.00577755;90
20.8919;0.0054514;90
37.0651;0.00587003;90
58.697;0.00729842;90
71.7856;0.00854201;90
68.258;0.00805287;90
49.9789;0.00595581;90
48.3112;0.00473775;90
48.0278;0.00340027;90
52.1142;0.00324871;90
66.5813;0.00280289;90
50.9266;0.00244481;90
69.5906;0.00279015;90
57.7988;0.00260464;90
82.7128;0.00346096;90
113.652;0.00494542;90
115.911;0.0056044;90
105.641;0.00459931;90
74.3208;0.0028085;90
69.0559;0.00489009;90
74.8596;0.0035492;90
72.9573;0.00428204;90
76.695;0.00712628;90
75.1606;0.00769981;90
74.2997;0.00831836;90
79.0012;0.0085959;90
82.8533;0.00950888;90
78.6286;0.00949948;90
69.2406;0.00860785;90
58.1148;0.00747608;90
56.3864;0.00707021;90
63.0491;0.00843285;90
65.5991;0.00804127;90
67.1602;0.00819775;90
61.8279;0.00781366;90
33.5168;0.00532071;90
4.37798;0.00466361;90
5.85691;0.00487042;90
22.5589;0.00484577;90
54.2039;0.00633951;90
46.0379;0.0059725;90
45.4787;0.00609406;90
55.3089;0.00623911;90
56.9844;0.00638504;90
50.0106;0.00618537;90
44.7614;0.0061137;90
49.4342;0.00665825;90
50.7912;0.00665034;90
51.7273;0.00705031;90
39.728;0.00510996;90
57.199;0.00596985;90
50.6327;0.00517271;90
15.2058;0.00427776;90
19.8837;0.0038899;90
39.9743;0.00213093;90
32.7554;0.00324737;90
-33.2812;0.00307062;90
-66.0256;0.00146433;90
-83.337;0.00421447;90
-87.2481;0.0046864;90
-89.792;0.00523303;90
-62.8845;0.00148974;90
-43.6354;0.00267221;90
-58.7542;0.00438973;90
-56.1625;0.00474104;90
-47.1993;0.00372212;90
-82.7866;0.00160873;90
-107.472;0.00159876;90
73.2959;0.00114115;90
68.4636;0.0015255;90
-48.4663;0.00252616;90
-46.3322;0.00288931;90
33.5314;0.00180306;90
82.539;0.0086099;90
93.5309;0.00204588;90
92.9844;0.00403347;90
92.2976;0.00361691;90
106.335;0.00379728;90
120.578;0.00254956;90
88.1732;0.00106654;90
-2.78792;0.00145973;90
42.23;0.0025606;90
35.6054;0.00265545;90
-53.476;0.00314706;90
-51.2658;0.00216395;90
-79.1413;0.00443236;90
-70.2876;0.00486511;90
-72.89;0.00522421;90
-62.5296;0.0050944;90
-50.7316;0.00441106;90
-60.9165;0.00538384;90
-65.6597;0.0050345;90
-65.1153;0.00489552;90
-57.8402;0.00460094;90
-56.6153;0.00483955;90
-63.2133;0.00543413;90
-61.6271;0.00527348;90
-51.5896;0.00362311;90
-42.4705;0.00422979;90
-47.6288;0.0046251;90
-46.4719;0.00470735;90
-43.1634;0.00403753;90
-57.1434;0.00482363;90
-73.6722;0.00613232;90
-88.7428;0.0074748;90
-84.8723;0.00738455;90
-73.188;0.0069114;90
-43.0453;0.00427058;90
-40.6328;0.00335223;90
-52.0937;0.00352718;90
-56.1724;0.00346689;90
-60.8702;0.00384766;90
-56.5673;0.00302564;90
-92.6758;0.00269894;90
-128.239;0.00121335;90
-62.2776;0.000664248;90
-66.8454;0.00136821;90
-82.853;0.0041956;90
-80.7325;0.00473784;90
-79.0898;0.00148993;90
-80.422;0.00179097;90
-80.0318;0.00191795;90
-80.2774;0.00162839;90
-75.6272;0.00132136;90
-92.4966;0.00176768;90
-96.7669;0.00128999;90
-77.896;0.00172638;90
-77.5428;0.00190997;90
-82.0946;0.00180314;90
-86.0339;0.00160484;90
-88.9063;0.00178132;90
-91.7542;0.0015027;90
-89.1659;0.00130514;90
-92.1619;0.00129892;90
-96.101;0.00140194;90
-102.82;0.00115376;90
-100.25;0.00121946;90
-110.669;0.00100574;90
-109.865;0.00107709;90
-111.029;0.000936361;90
-107.526;0.00121542;90
-105.094;0.00127498;90
-97.9794;0.00139753;90
-94.7274;0.00144391;90
-89.8291;0.00134101;90
-89.8331;0.00137301;90
-89.52;0.00131305;90
-89.231;0.00149013;90
-89.1691;0.00151716;90
-88.4956;0.00148551;90
-85.8513;0.00142373;90
-85.2399;0.00132557;90
-81.6973;0.00126728;90
-79.8517;0.00127698;90
-78.259;0.00119909;90
-78.0661;0.00136858;90
-76.9539;0.00141759;90
-75.1305;0.00125089;90
-76.7595;0.00139714;90
-76.3088;0.00120833;90
-71.1244;0.00176808;90
-64.1193;0.00119817;90
-55.2293;0.00110294;90
-53.5702;0.00101543;90
-53.4877;0.000929418;90
-61.0673;0.00105006;90
-67.3344;0.00115738;90
-71.5651;0.00121748;90
-74.3144;0.00127238;90
-73.4375;0.00136462;90
-73.6542;0.00125784;90
-25.7487;0.000690568;90
-74.3851;0.00104767;90
-66.8269;0.000884349;90
-58.2428;0.00102789;90
-56.9601;0.00119767;90
-57.2185;0.00118943;90
-28.4365;0.000972314;90
-60.142;0.000942046;90
-74.3009;0.00108653;90
-53.6939;0.00117886;90
-2.01249;0.000683422;90
-14.4703;0.000704344;90
-56.933;0.0012243;90
-51.2066;0.00140619;90
-53.9824;0.00129074;90
-43.4965;0.001078;90
-53.4451;0.00065481;90
-46.4826;0.000901863;90
17.1693;0.000758816;90
47.5361;0.000830957;90
48.0658;0.00112379;90
55.5824;0.0012013;90
24.6638;0.000647027;90
-0.750943;0.00129711;90
-2.78871;0.000698828;90
-40.3347;0.00102588;90
-13.9169;0.000931339;90
-31.0313;0.000872928;90
1.25217;0.000549131;90
-10.2524;0.000488805;90
158.109;0.00106478;90
156.161;0.000893202;90
162.387;0.000948465;90
143.021;0.0011504;90
178.986;0.00118619;90
-164.638;0.000890829;90
-129.178;0.00162412;90
-131.296;0.00102887;90
-132.243;0.00111711;90
162.62;0.000927337;90
128.557;0.00131077;90
133.48;0.00125273;90
126.216;0.00122708;90
131.78;0.0010071;90
119.779;0.000821482;90
141.473;0.000878167;90
178.49;0.00072125;90
145.129;0.00100921;90
107.808;0.00144525;90
130.294;0.0012324;90
133.759;0.00117549;90
122.997;0.00107786;90
123.743;0.00119538;90
115.346;0.00157678;90
106.514;0.00174498;90
100.371;0.00131651;90
90.8814;0.00149518;90
92.5457;0.00146344;90
102.301;0.00223429;90
88.3849;0.00159663;90
89.7758;0.00102201;90
89.0443;0.00113916;90
98.9092;0.0015497;90
93.9592;0.0015497;90
92.5029;0.00130525;90
87.6791;0.00120999;90
73.9979;0.00111001;90
77.4542;0.00219132;90
95.5264;0.00157834;90
95.7883;0.00110061;90
92.2187;0.00136903;90
93.9541;0.00155169;90
93.0665;0.00185065;90
98.0535;0.00169168;90
103.597;0.0020587;90
101.152;0.00213022;90
93.6026;0.00218031;90
73.2469;0.00203644;90
72.9419;0.00217153;90
102.634;0.00195227;90
104.452;0.00213971;90
107.719;0.00166918;90
110.383;0.00186049;90
103.674;0.00192044;90
96.6561;0.00174275;90
92.2279;0.00156919;90
90.9098;0.00195225;90
93.78;0.00178989;90
100.229;0.00135148;90
125.009;0.00108417;90
138.86;0.00116584;90
129.096;0.00125114;90
92.7403;0.00135955;90
95.6354;0.0013646;90
101.069;0.00144794;90
98.8354;0.00156254;90
101.401;0.00135065;90
96.841;0.00125091;90
99.8235;0.00156495;90
98.5556;0.00148553;90
102.011;0.00163377;90
101.056;0.00212749;90
99.3274;0.00223353;90
94.5217;0.00175045;90
96.6199;0.00115369;90
132.729;0.000820889;90
113.162;0.00915495;90
119.55;0.00102193;90
87.8716;0.00175021;90
116.765;0.00127904;90
133.136;0.00621593;90
135.84;0.0013981;90
136.97;0.00174829;90
110.801;0.010709;90
89.103;0.00191623;90
91.9423;0.0120379;90
109.846;0.00188814;90
109.698;0.00219547;90
123.385;0.00792345;90
143.13;0.00154;90
133.594;0.00276562;90
132.118;0.00404977;90
135.431;0.00423074;90
137.669;0.00419062;90
120.885;0.0116069;90
112.452;0.00243778;90
120.659;0.00216108;90
124.633;0.00539131;90
118.52;0.0123736;90
98.4044;0.00251096;90
98.1666;0.00244277;90
135.964;0.00479203;90
118.915;0.00547447;90
107.9;0.00504943;90
106.752;0.00449997;90
109.428;0.00284711;90
114.947;0.0026933;90
159.62;0.00373585;90
-131.763;0.00113955;90
-138.537;0.0018682;90
157.72;0.00571033;90
154.869;0.00139395;90
154.026;0.00255954;90
-164.514;0.00313481;90
-174.319;0.00230331;90
157.082;0.00190541;90
108.826;0.00306179;90
143.466;0.00412567;90
-144.342;0.00143752;90
-138.319;0.00149025;90
-151.622;0.0014139;90
-149.831;0.00310219;90
-161.893;0.00675031;90
-137.123;0.00177535;90
-112.892;0.00378404;90
-125.717;0.00467295;90
-142.642;0.00462097;90
-130.367;0.0053668;90
-126.903;0.0054874;90
-130.346;0.00516831;90
-130.55;0.00573282;90
-127.37;0.0052294;90
-134.406;0.00477464;90
-129.047;0.00482729;90
-125.366;0.0052264;90
-127.609;0.0060187;90
-137.075;0.00505842;90
-135.18;0.00451278;90
-118.765;0.00580195;90
-137.823;0.00511151;90
171.397;0.00457245;90
-178.758;0.00392192;90
-163.525;0.00384695;90
-147.192;0.00468417;90
-117.133;0.00595539;90
-110.343;0.00762563;90
-115.944;0.0130446;90
-113.611;0.00293359;90
-119.805;0.0043597;90
-123.99;0.00624989;90
-121.622;0.00642373;90
-111.032;0.00688788;90
-104.904;0.00726647;90
-96.2325;0.0171514;90
-105.338;0.00255189;90
-105.772;0.00391438;90
-106.098;0.00535186;90
-106.793;0.00625787;90
-104.067;0.0053855;90
-102.595;0.00459969;90
-100.723;0.00316018;90
-100.221;0.00135246;90
-112.198;0.00308893;90
-113.48;0.00414631;90
-110.89;0.00240617;90
-95.3591;0.00220564;90
-70.7294;0.00403297;90
-63.2044;0.0040017;90
-61.8428;0.00338;90
-57.1014;0.00299178;90
-107.485;0.000915289;90
-107.743;0.00366535;90
-113.577;0.0023851;90
-118.809;0.00299236;90
-125.972;0.00260472;90
-128.353;0.00679288;90
-118.041;0.00151029;90
-133.709;0.00160059;90
-132.522;0.00400668;90
-128.904;0.00443459;90
-118.152;0.00468189;90
-107.315;0.00634348;90
-108.213;0.00530792;90
-118.604;0.00592172;90
-131.668;0.00486605;90
-149.91;0.00426241;90
-156.868;0.00374184;90
-139.616;0.00425219;90
-131.901;0.0063577;90
-110.326;0.0134185;90
-106.862;0.00269591;90
-113.178;0.00369418;90
-125.007;0.00906259;90
-114.575;0.00162302;90
-115.935;0.00447464;90
-118.217;0.00558355;90
-135.139;0.00494623;90
-145.835;0.00431461;90
-144.87;0.00460352;90
-146.55;0.00397308;90
-161.131;0.00429797;90
-168.25;0.0037322;90
-174.965;0.00417009;90
-170.869;0.00392575;90
153.079;0.00461176;90
118.884;0.00622315;90
124.624;0.00602263;90
158.714;0.00446244;90
-151.125;0.00517086;90
-135.254;0.00670344;90
164.036;0.00878064;90
155.129;0.00108899;90
160.125;0.00445326;90
161.329;0.00176804;90
165.139;0.00131395;90
171.674;0.00343925;90
167.975;0.00345584;90
175.286;0.00333428;90
-168.657;0.00309648;90
-169.672;0.00309007;90
-161.631;0.0035699;90
-137.801;0.00517938;90
-131.843;0.0058163;90
-125.802;0.00620188;90
-135.984;0.0108684;90
-130.766;0.00196334;90
-129.323;0.00194418;90
-128.302;0.00521943;90
-137.957;0.0043453;90
-115.183;0.00606106;90
-112.935;0.012764;90
-112.474;0.0025637;90
-119.929;0.00429125;90
-114.732;0.00641767;90
-105.443;0.0063316;90
-118.453;0.0122997;90
-134.251;0.0055159;90
-167.263;0.00403222;90
-174.7;0.00424414;90
-156.677;0.00427863;90
-139.043;0.00482387;90
-132.127;0.0047542;90
-144.738;0.00469065;90
164.148;0.00380366;90
152.082;0.00407078;90
164.444;0.00422476;90
175.888;0.00350001;90
-161.52;0.00405404;90
-160.156;0.00351151;90
-162.05;0.00324809;90
-174.908;0.00307614;90
-170.658;0.00328963;90
-165.787;0.00361259;90
-160.902;0.00352396;90
-156.685;0.00328201;90
-150.773;0.00289794;90
-162.026;0.00334422;90
-158.09;0.00333918;90
-148.79;0.00326914;90
-154.177;0.0029362;90
-148.422;0.00343926;90
-135.668;0.0030938;90
-158.1;0.00333788;90
-151.025;0.00375499;90
-147.873;0.00338659;90
-139.533;0.0036055;90
176.838;0.00255589;90
-146.954;0.00658526;90
-126.353;0.00139686;90
-135.259;0.00172324;90
-144.958;0.00317321;90
-149.468;0.00286994;90
-142.166;0.0063371;90
-176.453;0.000985889;90
-148.129;0.00240334;90
-161.087;0.00166911;90
-135.071;0.00228537;90
-123.486;0.00273136;90
-167.399;0.00180139;90
130.138;0.00209421;90
139.409;0.00183968;90
-93.7993;0.00206754;90
-89.612;0.00280606;90
-104.741;0.00213011;90
-146.081;0.00201247;90
-143.215;0.0043202;90
-130.587;0.000891476;90
-125.749;0.00173733;90
-169.147;0.00203948;90
-162.413;0.00202882;90
-160.929;0.00193733;90
-162.509;0.00259184;90
-160.559;0.00239453;90
174.346;0.00201983;90
142.225;0.00150679;90
-109.84;0.00383035;90
-95.9879;0.0119633;90
-60.296;0.00295649;90
-60.493;0.00376424;90
-64.7915;0.00413699;90
-91.1101;0.00469688;90
-110.539;0.0187893;90
-120.361;0.00348607;90
-124.988;0.0182821;90
-136.822;0.00186771;90
-138.16;0.00350197;90
-148.598;0.00397288;90
-126.752;0.00877902;90
-106.483;0.0021535;90
-106.35;0.00414565;90
-99.4717;0.00702477;90
-102.669;0.0139845;90
-110.26;0.00272031;90
-110.748;0.00394056;90
-110.123;0.0142488;90
-112.55;0.0108138;90
-129.844;0.00232093;90
-130.459;0.00419783;90
-117.291;0.00878488;90
-82.6556;0.00184615;90
-65.2435;0.00344347;90
-79.9408;0.00421377;90
-86.5489;0.00393714;90
-96.7483;0.00382953;90
-112.642;0.00733315;90
-154.763;0.0015433;90
-134.009;0.00237199;90
-120.744;0.00303795;90
-97.1081;0.00502663;90
-94.0788;0.00476607;90
-92.2803;0.00422234;90
-143.001;0.0016816;90
-170.284;0.00334802;90
-175.667;0.00296447;90
174.01;0.00299938;90
-172.256;0.00359176;90
-159.894;0.00333952;90
-145.38;0.00698959;90
-128.955;0.00202794;90
-128.016;0.00343089;90
-120.89;0.00804638;90
-129.599;0.00120957;90
-173.763;0.0019606;90
143.578;0.00291549;90
135.96;0.00417605;90
141.249;0.00404038;90
136.158;0.00413035;90
139.505;0.00368197;90
144.742;0.00316325;90
143.479;0.00368327;90
147.937;0.00392581;90
135.575;0.00450733;90
127.012;0.00565302;90
122.784;0.00545366;90
122.655;0.00518924;90
117.496;0.00495578;90
121.438;0.00563289;90
136.971;0.0080573;90
149.546;0.00177371;90
178.168;0.0164884;90
175.656;0.0148928;90
-178.909;0.00399172;90
176.06;0.00355139;90
162.864;0.00378084;90
142.914;0.00249082;90
153.61;0.00453566;90
-166.152;0.00751646;90
-147.508;0.00185782;90
-165.224;0.0024976;90
-175.216;0.00344099;90
-175.77;0.00344338;90
-177.832;0.00322531;90
166.251;0.00406859;90
177.553;0.00330301;90
-167.026;0.00371483;90
-167.291;0.00358176;90
-162.073;0.00352829;90
-160.91;0.00368145;90
-159.554;0.00316328;90
173.5;0.00343609;90
154.515;0.00391381;90
130.017;0.00496569;90
125.414;0.00510805;90
124.714;0.00582112;90
121.156;0.00454217;90
125.566;0.00583691;90
111.003;0.0056611;90
109.793;0.00508226;90
119.834;0.00547341;90
131.37;0.00427739;90
171.005;0.00366507;90
162.66;0.00292912;90
163.585;0.0042711;90
128.332;0.00610759;90
122.627;0.00602231;90
114.524;0.00616517;90
114.803;0.00616686;90
104.666;0.0065525;90
107.358;0.00602331;90
118.951;0.0052638;90
104.14;0.00630812;90
108.925;0.00481;90
145.446;0.0039194;90
124.823;0.00474223;90
122.185;0.00630246;90
108.103;0.00736665;90
111.713;0.00553577;90
126.006;0.00536001;90
125.966;0.00531406;90
142.378;0.00429517;90
127.849;0.0054532;90
138.539;0.00370027;90
157.304;0.00363877;90
179.883;0.00343301;90
-179.444;0.00360517;90
-175.381;0.00335289;90
-167.079;0.0038505;90
-167.654;0.00357774;90
-164.225;0.00382922;90
-160.328;0.00330915;90
-164.33;0.00451688;90
174.527;0.00444527;90
-168.729;0.00400626;90
-153.466;0.0041658;90
-163.289;0.00337346;90
-176.579;0.0029162;90
-170.883;0.00248033;90
-138.049;0.00404189;90
-124.744;0.00413044;90
-147.546;0.00305988;90
-169.645;0.00277621;90
164.427;0.00312886;90
-168.787;0.00370268;90
-161.575;0.00374287;90
-163.759;0.00324656;90
-143.97;0.00351918;90
-134.957;0.00469165;90
-153.175;0.00355225;90
-121.065;0.00550563;90
-117.529;0.00518394;90
-120.049;0.00515831;90
-122.902;0.0100072;90
-127.04;0.000740403;90
-138.145;0.00109554;90
-139.885;0.00272377;90
-138.054;0.00167256;90
-147.435;0.00243006;90
-138.512;0.00402888;90
-168.472;0.00324241;90
160.551;0.00291323;90
166.484;0.00307208;90
159.791;0.00270663;90
155.145;0.00316187;90
173.977;0.00436509;90
169.58;0.00311843;90
-173.759;0.00273219;90
-158.863;0.0028508;90
-168.716;0.00255539;90
149.104;0.0028901;90
133.599;0.00292052;90
126.042;0.00174378;90
129.719;0.00865069;90
120.766;0.00252773;90
111.81;0.00600483;90
98.4647;0.00733692;90
107.361;0.00617322;90
115.388;0.00566068;90
103.633;0.0072338;90
105.721;0.00701231;90
112.701;0.00442585;90
106.916;0.00421016;90
113.695;0.00513598;90
111.169;0.00589266;90
115.893;0.00503329;90
134.223;0.00479604;90
122.98;0.00539543;90
124.98;0.0097419;90
173.732;0.000970804;90
-151.3;0.00304854;90
-139.818;0.00461391;90
-179.136;0.00391045;90
169.423;0.00350861;90
-179.319;0.0027772;90
-158.798;0.00290889;90
-166.149;0.00329996;90
155.849;0.00311134;90
130.57;0.00843979;90
116.613;0.00161847;90
120.909;0.00285785;90
126.38;0.00472737;90
133.355;0.00386735;90
141.444;0.00760489;90
157.206;0.00154355;90
137.474;0.00229316;90
125.029;0.00483109;90
128.373;0.00415443;90
138.04;0.00392006;90
151.926;0.00349753;90
169.247;0.00321038;90
-170.267;0.00285712;90
-138.244;0.00399873;90
-122.447;0.00605764;90
-124.886;0.00572964;90
-140.485;0.00469761;90
-144.467;0.00462166;90
-139.766;0.00433186;90
-133.778;0.00530451;90
-133.082;0.00507138;90
-131.547;0.00547021;90
-129.682;0.00556129;90
-124.59;0.00598734;90
-117.216;0.00638036;90
-115.644;0.00670773;90
-116.445;0.00680169;90
-123.549;0.00575586;90
-138.943;0.00477154;90
-145.927;0.00489062;90
-139.192;0.00528207;90
-132.808;0.00530506;90
-136.742;0.00500226;90
-137.564;0.00429927;90
-136.982;0.00472276;90
170.742;0.00382279;90
-170.297;0.00402863;90
-162.634;0.0036284;90
-167.533;0.00302022;90
-164.067;0.00263004;90
167.883;0.00267254;90
142.399;0.00321226;90
138.991;0.00307843;90
154.024;0.00260963;90
151.473;0.00283521;90
151.48;0.00268708;90
151.045;0.00263772;90
125.708;0.00383619;90
111.22;0.00424911;90
112.809;0.00432849;90
110.983;0.00419733;90
112.29;0.00413391;90
110.293;0.00429031;90
123.468;0.00372096;90
127.9;0.00348376;90
127.908;0.00332195;90
126.986;0.00346901;90
127.875;0.00290745;90
147.312;0.00145908;90
145.127;0.00264621;90
-175.49;0.00372654;90
-179.442;0.00369718;90
152.264;0.00365495;90
137.433;0.00453098;90
140.787;0.00380098;90
117.183;0.00555337;90
155.213;0.0932715;90
-162.426;0.000884273;90
-178.395;0.00149959;90
-166.181;0.00204313;90
-177.335;0.00258079;90
-176.1;0.00274937;90
170.76;0.00156936;90
159.486;0.00255396;90
-177.154;0.00346427;90
-154.816;0.00289521;90
-97.854;0.0029638;90
-97.8673;0.00924905;90
-96.7333;0.00328365;90
-93.7259;0.00540142;90
-97.2045;0.0117135;90
-105.909;0.00259021;90
-113.348;0.00514749;90
-128.313;0.0050342;90
-143.092;0.0038932;90
-153.305;0.00395785;90
-161.403;0.00323597;90
-158.793;0.00325653;90
-158.272;0.00349535;90
-146.54;0.00422047;90
-142.461;0.00392087;90
-134.735;0.0041246;90
-132.81;0.00423796;90
-123.364;0.00511858;90
-116.909;0.00900168;90
-120.255;0.00245313;90
-126.694;0.00352442;90
-142.687;0.00434533;90
-162.294;0.0032552;90
-168.919;0.00342892;90
-173.579;0.00312058;90
-160.09;0.00426385;90
-147.627;0.00467098;90
-144.392;0.00481417;90
-147.765;0.00488377;90
-147.063;0.00514973;90
-149.473;0.00454382;90
-155.389;0.00449756;90
-162.469;0.00432906;90
-169.389;0.00442059;90
-167.159;0.00461646;90
-166.077;0.00440543;90
-161.432;0.00434625;90
-158.345;0.00348496;90
-154.177;0.00390271;90
-152.186;0.00414487;90
-145.017;0.00406921;90
-140.081;0.00780886;90
-153.958;0.00171514;90
-141.009;0.00459955;90
-139.36;0.00533855;90
-139.039;0.00571276;90
-133.876;0.00511902;90
-131.114;0.00565571;90
-126.107;0.00589172;90
-129.571;0.00572496;90
-136.29;0.00527635;90
-143.13;0.004955;90
-149.574;0.00456927;90
-157.689;0.00449122;90
-158.325;0.00447007;90
-154.418;0.00474519;90
-154.256;0.00511575;90
-152.356;0.00481913;90
-139.644;0.00506537;90
-127.937;0.0063599;90
-120.094;0.00626213;90
-115.459;0.00750698;90
-120.361;0.00456623;90
-122.211;0.00756419;90
-126.821;0.00585;90
-124.895;0.00586808;90
-125.279;0.00581244;90
-116.557;0.00615098;90
-112.511;0.00653493;90
-107.155;0.00747559;90
-105.425;0.00794829;90
-101.504;0.00768642;90
-107.944;0.00808529;90
-117.572;0.00707109;90
-116.162;0.00667036;90
-111.021;0.00735979;90
-103.454;0.0169861;90
-108.344;0.00238942;90
-111.162;0.00434071;90
-109.68;0.0128931;90
-107.985;0.0029018;90
-102.764;0.0149361;90
-92.5217;0.00286377;90
-92.1003;0.00622118;90
-93.7547;0.0083379;90
-94.7788;0.00847446;90
-95.0765;0.00848729;90
-90.1254;0.019186;90
-95.0317;0.00344327;90
-96.8611;0.00360784;90
-97.4069;0.00887405;90
-98.7209;0.00862674;90
-108.798;0.00794475;90
-116.152;0.00775489;90
-111.338;0.00827207;90
-102.768;0.00861091;90
-96.8368;0.00951768;90
-95.6966;0.00937932;90
-94.9207;0.0091166;90
-103.04;0.0155387;90
-134.72;0.00188163;90
-122.26;0.00462376;90
-101.698;0.00637745;90
-93.8169;0.00533283;90
-95.6734;0.0102572;90
-97.7724;0.0149514;90
-99.3973;0.00289688;90
-105.043;0.0105837;90
-99.0196;0.00304262;90
-104.872;0.00448836;90
-103.39;0.00760883;90
-106.193;0.00750889;90
-105.614;0.00707405;90
-107.035;0.00678258;90
-105.67;0.00683816;90
-107.67;0.00722487;90
-105.468;0.00721017;90
-105.97;0.0103005;90
-109.84;0.00184448;90
-104.821;0.0025488;90
-110.07;0.00392219;90
-91.9953;0.00232641;90
-104.047;0.00521597;90
-94.3737;0.0140569;90
-97.0636;0.0020818;90
-94.699;0.00213618;90
-96.0464;0.00521199;90
-101.58;0.00587355;90
-106.146;0.00650145;90
-87.934;0.0179747;90
-103.196;0.00349119;90
-97.4651;0.0059343;90
-92.2572;0.0054082;90
-103.377;0.00501403;90
-115.222;0.00492339;90
-133.255;0.00394749;90
-142.836;0.00366165;90
-138.774;0.00309394;90
-118.977;0.00468558;90
-105.028;0.0113119;90
-94.8366;0.00208743;90
-101.637;0.00302416;90
-106.382;0.00622261;90
-110.285;0.00634873;90
-104.566;0.00744737;90
-98.8354;0.00707698;90
-97.5132;0.00688309;90
-96.4308;0.00705338;90
-96.4951;0.00751423;90
-97.9503;0.00712145;90
-103.326;0.0067857;90
-101.252;0.00680072;90
-106.576;0.00676514;90
-118.396;0.00554291;90
-123.612;0.00531459;90
-121.641;0.00532214;90
-122.191;0.00534221;90
-120.877;0.00532932;90
-119.138;0.00593738;90
-117.299;0.00551639;90
-110.871;0.00658507;90
-106.683;0.00612377;90
-108.361;0.00686658;90
-107.884;0.00621005;90
-106.863;0.00762902;90
-104.704;0.00800931;90
-102.566;0.00785516;90
-102.113;0.00869252;90
-110.11;0.00652372;90
-117.542;0.00566613;90
-117.103;0.00586278;90
-114.437;0.00577975;90
-107.508;0.00613942;90
-106.258;0.00539368;90
-113.785;0.00474829;90
-118.318;0.00393374;90
-115.324;0.00485117;90
-114.108;0.00436032;90
-104.036;0.00486114;90
-99.7415;0.00462164;90
-101.236;0.00456245;90
-102.081;0.00464896;90
-98.3254;0.00526953;90
-101.949;0.00473356;90
-102.829;0.00443162;90
-110.041;0.0042078;90
-106.802;0.00438312;90
-108.007;0.0051692;90
-108.669;0.00549514;90
-109.027;0.00376679;90
-109.18;0.00257811;90
-118.606;0.00204685;90
-102.725;0.00316883;90
-106.615;0.00365459;90
-109.865;0.00463798;90
-107.891;0.00532552;90
-112.141;0.00423207;90
-111.535;0.00327459;90
-118.943;0.00184321;90
-113.086;0.00260893;90
-111.232;0.00429665;90
-120.436;0.00435282;90
-121.391;0.00443868;90
-125.907;0.0042594;90
-130.99;0.00364061;90
-148.815;0.00403625;90
-148.202;0.00322623;90
-148.793;0.00347013;90
-145.657;0.00350621;90
-140.621;0.00349435;90
-118.266;0.00488215;90
-109.217;0.00523785;90
-109.919;0.00513948;90
-103.457;0.00575397;90
-104.268;0.00533971;90
-103;0.00683723;90
-106.227;0.00605836;90
-109.179;0.00676974;90
-114.324;0.00578779;90
-124.036;0.00519375;90
-123.066;0.0054472;90
-106.991;0.00615986;90
-103.752;0.00722304;90
-103.935;0.0067311;90
-101.33;0.00671894;90
-99.8076;0.00687447;90
-96.9314;0.00708478;90
-96.7548;0.00654644;90
-99.8708;0.00694176;90
-97.7034;0.00734832;90
-97.4453;0.00567989;90
-96.828;0.0123224;90
-89.3929;0.00471926;90
-87.3823;0.00599926;90
-88.4654;0.00627325;90
-99.5342;0.00603131;90
-110.236;0.00550477;90
-132.578;0.005204;90
-133.433;0.0046545;90
-135.255;0.00508132;90
-136.629;0.00484918;90
-135.112;0.00468318;90
-115.612;0.00591298;90
-117.634;0.00963958;90
-120.222;0.00168271;90
-121.274;0.00415118;90
-117.641;0.00581346;90
-111.164;0.00532626;90
-105.803;0.00568798;90
-136.863;0.00487171;90
-127.247;0.00544572;90
-118.695;0.00570457;90
-121.937;0.00489613;90
-121.664;0.00414149;90
-123.699;0.00365159;90
-122.563;0.00374939;90
-117.808;0.00455505;90
-124.348;0.00500345;90
-107.941;0.0046911;90
-107.969;0.00462562;90
-107.642;0.00443141;90
-107.776;0.00462166;90
-105.618;0.00531525;90
-105.361;0.00518316;90
-105.365;0.00558564;90
-103.177;0.0052379;90
-97.1922;0.00603045;90
-102.457;0.00518302;90
-121.851;0.00388851;90
-148.976;0.00388239;90
-131.612;0.00346947;90
-144.173;0.00371242;90
-146.7;0.00366471;90
-153.553;0.0030424;90
-161.245;0.00300453;90
-146.91;0.00336111;90
-125.438;0.00861129;90
-120.551;0.00166632;90
-127.272;0.00185105;90
-132.655;0.00376779;90
-133.187;0.00382241;90
-129.042;0.0043119;90
-126.606;0.00394764;90
-115.965;0.00465262;90
-117.908;0.00458072;90
-112.919;0.0053873;90
-111.377;0.00465848;90
-113.621;0.00490167;90
-102.223;0.00513438;90
-100.545;0.0055243;90
-100.086;0.00574987;90
-101.783;0.00526904;90
-107.467;0.00558032;90
-107.429;0.0050813;90
-104.506;0.00549726;90
-102.756;0.00516754;90
-102.215;0.00621981;90
-105.456;0.00619505;90
-111.938;0.00531053;90
-110.905;0.00519602;90
-110.072;0.00530309;90
-108.794;0.00530482;90
-108.205;0.00582243;90
-105.51;0.00506339;90
-103.794;0.00515466;90
-103.757;0.00537417;90
-104.815;0.00553396;90
-102.427;0.00544149;90
-103.952;0.00547452;90
-105.976;0.00508646;90
-113.006;0.00473349;90
-111.7;0.00431371;90
-113.399;0.00408169;90
-114.205;0.00421454;90
-112.979;0.00562757;90
-112.334;0.00557092;90
-117.053;0.00525048;90
-122.054;0.00453541;90
-120.671;0.00473428;90
-123.683;0.00458709;90
-122.801;0.00455769;90
-123.234;0.00425136;90
-127.58;0.00464856;90
-128.837;0.00428793;90
-126.184;0.00427691;90
-124.368;0.00431171;90
-129.589;0.00433408;90
-126.384;0.00408295;90
-131.645;0.00438663;90
-133.123;0.00427463;90
-128.724;0.00393246;90
-130.103;0.00384372;90
-120.25;0.00464094;90
-123.908;0.00480762;90
-120.488;0.00450371;90
-125.782;0.00448941;90
-123.801;0.00428534;90
-127.048;0.00424242;90
-121.526;0.00445798;90
-125.975;0.00468817;90
-123.108;0.00439207;90
-120.084;0.00477182;90
-113.132;0.00521313;90
-112.023;0.00503758;90
-109.323;0.00540656;90
-110.672;0.00521794;90
-111.39;0.00540963;90
-114.591;0.00458263;90
-114.543;0.00493047;90
-117.85;0.0048848;90
-132.281;0.00438193;90
-130.173;0.00515116;90
-120.601;0.00618196;90
-112.669;0.00668116;90
-108.787;0.00690591;90
-115.686;0.00624071;90
-129.524;0.00557979;90
-140.062;0.0048165;90
-146.151;0.00458878;90
-149.012;0.00454694;90
-155.434;0.00473127;90
-160.178;0.0066383;90
-161.459;0.00171396;90
-153.567;0.00720418;90
-143.291;0.00384442;90
-138.27;0.00300019;90
-132.216;0.00534284;90
-121.8;0.00608782;90
-123.097;0.00630145;90
-133.875;0.00482623;90
-143.951;0.00454907;90
-162.216;0.00397809;90
-177.247;0.00433;90
169.715;0.00404397;90
-163.763;0.00339752;90
-153.997;0.00309755;90
-149.407;0.00320863;90
-160.865;0.00312994;90
-166.592;0.00298434;90
-165.084;0.00296802;90
-165.037;0.00299765;90
-166.32;0.00284573;90
-164.313;0.00316592;90
176.809;0.00299965;90
-179.282;0.00287223;90
-176.404;0.00296584;90
-178.24;0.00302743;90
-169.042;0.00306182;90
-163.758;0.003182;90
-151.42;0.00331948;90
-173.065;0.00313896;90
174.631;0.00314179;90
-159.133;0.00825117;90
-160.151;0.00167873;90
175.16;0.0106199;90
180;0.001514;90
-169.421;0.006531;90
-143.752;0.00156609;90
-139.983;0.0036469;90
-126.395;0.00494317;90
-106.169;0.00754857;90
-105.739;0.00511685;90
-95.7645;0.0072979;90
-93.7854;0.00745226;90
-92.5452;0.00662053;90
-90.5801;0.0116546;90
-88.4022;0.00261802;90
-93.5381;0.0055095;90
-98.6453;0.00682555;90
-95.2232;0.00666769;90
-92.8748;0.00600155;90
-99.8813;0.00600204;90
-99.992;0.00706009;90
-99.5351;0.00814959;90
-109.317;0.00714949;90
-114.244;0.00584227;90
-123.138;0.00555558;90
-121.839;0.005503;90
-110.886;0.00605593;90
-105.39;0.0068994;90
-101.683;0.00659258;90
-100.866;0.00645575;90
-97.268;0.00690851;90
-95.9824;0.00687947;90
-94.7127;0.00729065;90
-95.6963;0.00680058;90
-89.4958;0.00693227;90
-87.3006;0.00639109;90
-87.7777;0.00737555;90
-88.8964;0.00716533;90
-93.2193;0.00699804;90
-97.3814;0.00662389;90
-100.683;0.00654341;90
-100.713;0.00646061;90
-99.6366;0.00670258;90
-97.9849;0.00519032;90
-91.4854;0.00601802;90
-90.4148;0.00538714;90
-84.7682;0.00610845;90
-82.0047;0.00534899;90
-82.6965;0.00573453;90
-91.7717;0.00925042;90
-96.0913;0.00269522;90
-96.253;0.00609627;90
-96.5469;0.0071919;90
-105.693;0.0056122;90
-110.71;0.00596655;90
-110.886;0.00526495;90
-111.83;0.00662617;90
-118.447;0.00486204;90
-126.838;0.0047268;90
-132.338;0.0033185;90
-89.0157;0.00197929;90
-153.16;0.000932451;90
179.304;0.000576043;90
-133.647;0.00886393;90
-118.333;0.00433422;90
-111.918;0.00556957;90
-105.388;0.0101903;90
-104.166;0.00663991;90
-107.88;0.00640012;90
-112.125;0.00529704;90
-124.579;0.00444895;90
-137.323;0.00380312;90
-135.401;0.00394363;90
-126.657;0.00431303;90
-111.567;0.00481512;90
-97.5998;0.00591294;90
-92.6273;0.00599931;90
-98.3563;0.00626855;90
-105.004;0.00558542;90
-99.7281;0.00616667;90
-103.913;0.00585167;90
-111.088;0.00539747;90
-118.656;0.00528198;90
-128.926;0.00444366;90
-129.328;0.0040205;90
-133.877;0.00407867;90
-136.592;0.00384319;90
-127.02;0.00451262;90
-113.977;0.00555648;90
-109.909;0.00581451;90
-109.428;0.00574514;90
-110.192;0.00603488;90
-110.323;0.00578726;90
-109.68;0.00598033;90
-111.236;0.00515181;90
-112.546;0.0035417;90
-113.053;0.00387657;90
-112.979;0.00410362;90
-116.111;0.0044034;90
-115.259;0.00482758;90
-115.748;0.00454862;90
-115.655;0.00489895;90
-122.541;0.00456582;90
-124.777;0.00462148;90
-122.694;0.00425991;90
-117.493;0.00466818;90
-122.846;0.00374824;90
-134.284;0.00345307;90
-149.797;0.00344691;90
-144.743;0.00375229;90
-128.715;0.00436646;90
-127.807;0.00464762;90
-134.62;0.00415576;90
-144.501;0.00399694;90
-119.132;0.00469374;90
-120.606;0.00481011;90
-142.056;0.00378767;90
-159.891;0.00326929;90
-163.728;0.00325124;90
176.823;0.00339221;90
156.841;0.00359793;90
-175.649;0.00313704;90
-154.33;0.00337732;90
-165.276;0.0033955;90
-152.837;0.00364052;90
-143.741;0.00395982;90
-144.9;0.00373038;90
-149.449;0.00352542;90
-151.176;0.00325646;90
-146.704;0.00362866;90
-133.847;0.00407517;90
-126.875;0.0046478;90
-126.59;0.00454965;90
-127.458;0.00424542;90
-133.203;0.00394548;90
-140.863;0.00399413;90
-149.434;0.00318566;90
-158.291;0.00309555;90
-158.955;0.00313834;90
-156.898;0.00327242;90
-152.608;0.00331688;90
-149.099;0.00345433;90
-145.268;0.00357009;90
-141.508;0.00394278;90
-138.35;0.00415003;90
-135.188;0.00431762;90
-138.109;0.00369016;90
-141.261;0.00280769;90
-145.376;0.0018216;90
-143.544;0.00138504;90
-155.961;0.00167421;90
-169.286;0.00220545;90
-166.163;0.00299388;90
-142.831;0.00364305;90
-122.456;0.00377339;90
-123.629;0.00442928;90
-166.272;0.00311396;90
-157.654;0.00322196;90
-128.179;0.00357213;90
-127.186;0.00383846;90
-135.939;0.00370998;90
-142.767;0.00369387;90
-148.454;0.00320925;90
-154.357;0.00314029;90
-153.808;0.00137297;90
-164.498;0.00273136;90
154.97;0.00323809;90
154.806;0.00300927;90
151.296;0.00351039;90
159.072;0.00274081;90
-177.12;0.0030058;90
-151.025;0.00314804;90
-146.271;0.00448614;90
-138.789;0.000856056;90
-132.324;0.00254412;90
-118.04;0.00674353;90
-116.966;0.0017245;90
-113.438;0.00389432;90
-113.932;0.00831264;90
-126.837;0.001743;90
-132.027;0.00350419;90
-147.688;0.00666748;90
-156.445;0.00109853;90
-161.198;0.00202295;90
-158.184;0.00297075;90
-144.735;0.00346236;90
-142.406;0.00334067;90
-142.629;0.0078719;90
-136.871;0.00136474;90
-129.482;0.00380916;90
-120.22;0.00416039;90
-105.248;0.00442581;90
-95.5312;0.0054986;90
-91.2644;0.00589143;90
-93.1217;0.00699638;90
-98.1949;0.00599825;90
-96.9782;0.00527608;90
-103.766;0.00456821;90
-117.589;0.00465311;90
-122.135;0.00399504;90
-116.955;0.00420704;90
-110.235;0.00496438;90
-109.253;0.00445199;90
-108.361;0.00463812;90
-109.335;0.00493218;90
-119.258;0.00442559;90
-128.391;0.00382755;90
-127.166;0.00387005;90
-124.894;0.00396116;90
-126.67;0.00395342;90
-122.93;0.00420333;90
-108.232;0.00509794;90
-107.89;0.0051889;90
-102.888;0.00487789;90
-100.696;0.00517796;90
-104.256;0.00504745;90
-103.429;0.00505933;90
-102.792;0.00558255;90
-101.544;0.00533695;90
-95.2408;0.0058133;90
-98.4127;0.00604909;90
-107.634;0.00497475;90
-118.718;0.00431016;90
-122.493;0.00426103;90
-123.209;0.00392742;90
-122.97;0.00382024;90
-124.658;0.0038915;90
-129.186;0.00299445;90
-127.797;0.00359787;90
-124.401;0.00404435;90
-122.203;0.00411504;90
-120.208;0.0041321;90
-120.385;0.00463807;90
-118.419;0.00480962;90
-121.581;0.00458271;90
-108.901;0.0054023;90
-107.441;0.00477449;90
-109.711;0.00427551;90
-98.3113;0.00366651;90
-97.9104;0.00291373;90
-97.1026;0.00348575;90
-99.9407;0.00399701;90
-107.301;0.00319453;90
-110.323;0.00175633;90
-106.095;0.00253225;90
-98.5681;0.00379232;90
-101.605;0.00392728;90
-100.987;0.00362036;90
-97.6292;0.00241034;90
-111.47;0.00205457;90
-100.665;0.00271795;90
-126.791;0.0033328;90
-122.116;0.00312053;90
-120.504;0.00233057;90
-123.819;0.00184882;90
-122.595;0.00410803;90
-125.713;0.00799183;90
-117.606;0.00216666;90
-126.204;0.00333863;90
-145.96;0.00371933;90
-123.825;0.00507136;90
-119.607;0.00516544;90
-133.201;0.00423483;90
-170.734;0.00345914;90
175.547;0.00365804;90
167.481;0.0038567;90
144.315;0.00393604;90
160.734;0.0037945;90
175.777;0.00325885;90
-159.894;0.00374098;90
-142.431;0.0040625;90
-128.446;0.00506772;90
-132.757;0.00471507;90
-137.859;0.00442351;90
-135.416;0.00497038;90
-139.487;0.00413936;90
-138.082;0.00362988;90
-135.536;0.00415868;90
-120.448;0.00484057;90
-110.167;0.00536599;90
-111.251;0.00593454;90
-104.749;0.00604106;90
-112.02;0.00536106;90
-114.125;0.00587187;90
-130.346;0.00487176;90
-125.561;0.00489368;90
-133.159;0.00457876;90
-124.56;0.00500286;90
-136.378;0.00467462;90
-132.669;0.0048852;90
-128.03;0.00464395;90
-101.444;0.00655736;90
-99.8043;0.00718798;90
-97.7324;0.0073135;90
-100.539;0.0073866;90
-107.998;0.00745687;90
-110.251;0.00780336;90
-110.526;0.00720119;90
-115.34;0.00543712;90
-117.683;0.00536177;90
-109.497;0.00598943;90
-99.8033;0.00651919;90
-110.594;0.00612652;90
-111.944;0.00665516;90
-107.714;0.00716154;90
-117.311;0.00583663;90
-111.496;0.00596276;90
-106.345;0.00678001;90
-110.077;0.00634455;90
-114.914;0.00647342;90
-104.615;0.0070305;90
-98.9534;0.00603352;90
-104.933;0.00587542;90
-108.715;0.00543223;90
-114.455;0.00523461;90
-124.983;0.00433775;90
-125.508;0.00443345;90
-132.172;0.00384144;90
-128.998;0.0042127;90
-120.341;0.00538452;90
-110.984;0.00528338;90
-110.379;0.00519197;90
-101.312;0.00546517;90
-105.796;0.00580419;90
-112.449;0.0094902;90
-97.7975;0.00638302;90
-87.6775;0.00782243;90
-89.7074;0.0074421;90
-95.3418;0.00675634;90
-95.5755;0.00671075;90
-92.8945;0.00748555;90
-76.4912;0.00682379;90
-72.2755;0.00584023;90
-88.2803;0.00573158;90
-98.4305;0.00598871;90
-101.265;0.00523179;90
-102.254;0.00524858;90
-96.9582;0.00579468;90
-93.1327;0.00600197;90
-93.7193;0.00635138;90
-93.2428;0.00620494;90
-94.4658;0.0064215;90
-99.6752;0.00610483;90
-100.913;0.00614309;90
-101.03;0.00653879;90
-97.2434;0.00696357;90
-94.2342;0.00686674;90
-95.4442;0.00639786;90
-98.9018;0.00576443;90
-98.8704;0.00588843;90
-100.388;0.00529072;90
-102.071;0.00495865;90
-102.367;0.00566852;90
-105.378;0.00559222;90
-101.882;0.0056143;90
-101.072;0.00548306;90
-93.676;0.00612961;90
-85.9909;0.00496315;90
-95.9617;0.00463105;90
-103.516;0.00469811;90
-117.131;0.00394059;90
-125.271;0.00344794;90
-122.843;0.00377071;90
-118.73;0.00351582;90
-171.052;0.00190316;90
128.377;0.0025933;90
159.507;0.00201662;90
-161.519;0.00237234;90
-163.104;0.00248423;90
-166.057;0.00252747;90
176.163;0.00231619;90
171.046;0.00261487;90
152.291;0.00246464;90
158.893;0.00260475;90
154.806;0.0025418;90
137.625;0.0030565;90
140.303;0.00318287;90
140.096;0.00319248;90
141.866;0.00331821;90
150.223;0.00329622;90
148.929;0.00276113;90
146.484;0.00347715;90
154.03;0.00322906;90
155.308;0.00284625;90
164.545;0.00274319;90
160.231;0.00290629;90
163.337;0.00286323;90
165.54;0.00288334;90
159.211;0.00259494;90
154.409;0.00289389;90
152.783;0.00271118;90
169.778;0.0019723;90
-107.839;0.0031011;90
-105.905;0.00370379;90
-105.793;0.00397921;90
-100.651;0.00402535;90
-94.2858;0.00428197;90
-87.9687;0.0049371;90
-83.5893;0.00502442;90
-84.1571;0.00491152;90
-85.0198;0.00496474;90
-86.6645;0.00477809;90
-87.0087;0.00490568;90
-87.9015;0.00477921;90
-88.7597;0.00494316;90
-89.8718;0.00491501;90
-89.8597;0.00490001;90
-89.8746;0.00502701;90
-89.6934;0.00504607;90
-89.5015;0.00482718;90
-89.8044;0.00439403;90
-88.7335;0.00447909;90
-87.1441;0.00437543;90
-81.3892;0.00463525;90
-76.3267;0.00451804;90
-73.8557;0.00403513;90
-69.2494;0.00375669;90
-67.0265;0.00421208;90
-63.1289;0.00427006;90
-56.9706;0.0039206;90
-54.2849;0.00311603;90
-43.5034;0.00276149;90
-32.7469;0.00117945;90
75.9786;0.0028025;90
75.9853;0.00193665;90
-22.131;0.00138828;90
1.49363;0.00141948;90
1.39427;0.00143843;90
-73.7418;0.00115728;90
-129.106;0.000943318;90
-124.634;0.00112786;90
-64.2719;0.000949089;90
-6.48917;0.000637082;90
47.1366;0.00386915;90
19.4777;0.000590811;90
24.8174;0.00123175;90
-17.856;0.00147085;90
-13.7041;0.000962398;90
10.3623;0.00222936;90
30.4604;0.000566139;90
31.9124;0.000849377;90
71.8572;0.00297701;90
44.3839;0.00105224;90
-22.1938;0.000786253;90
81.3069;0.00164085;90
-9.1894;0.00148405;90
-77.8889;0.000981853;90
-111.398;0.00187204;90
-112.49;0.00227178;90
-102.505;0.00185194;90
-92.5111;0.00392577;90
-70.6834;0.00244568;90
99.4374;0.00528148;90
137.574;0.00103908;90
-114.942;0.00124733;90
118.21;0.00154218;90
-142.306;0.0100418;90
-171.108;0.00161744;90
165.028;0.0033404;90
157.461;0.00235054;90
148.637;0.00130462;90
71.5555;0.0019059;90
79.2176;0.00283302;90
69.4215;0.00179237;90
-20.7723;0.00148877;90
-7.55348;0.00101178;90
1.6581;0.000760318;90
-2.08798;0.00115277;90
-94.5464;0.00116065;90
-126.163;0.00115069;90
-91.2222;0.00145333;90
3.11556;0.000791169;90
94.8308;0.00226806;90
79.6684;0.00114862;90
169.77;0.000895233;90
-175.291;0.00113282;90
178.456;0.00122444;90
151.996;0.00133535;90
-101.326;0.00281584;90
-99.3216;0.00214229;90
-98.0804;0.00162917;90
-112.382;0.00203533;90
-76.2126;0.00251342;90
-85.5453;0.00251058;90
-74.2247;0.00263733;90
-76.5215;0.0027158;90
-72.2434;0.00237725;90
-68.7078;0.00192221;90
175.694;0.00066588;90
-103.584;0.000860058;90
-106.665;0.00079854;90
-165.561;0.000862235;90
-162.175;0.000653364;90
-159.173;0.000742517;90
-165.738;0.000799646;90
-133.947;0.00157782;90
-146.573;0.0020513;90
-174.796;0.00163173;90
140.545;0.00117079;90
-125.811;0.00146125;90
-135.42;0.00212138;90
-151.868;0.00188124;90
-173.91;0.00189469;90
166.341;0.00114334;90
175.979;0.00132626;90
-115.453;0.00274328;90
-95.8995;0.00356086;90
-36.0604;0.00127413;90
-48.7683;0.00176451;90
-50.1603;0.00172171;90
-64.0798;0.00214587;90
-89.1913;0.00269227;90
-97.3767;0.00180696;90
-89.718;0.00142202;90
91.2834;0.00665267;90
114.619;0.00140909;90
132.727;0.00187177;90
133.088;0.00186497;90
161.951;0.00122003;90
90.4063;0.00112803;90
71.4406;0.00305698;90
66.5671;0.00250456;90
-2.55339;0.00148147;90
88.6854;0.00431514;90
93.6044;0.00127252;90
89.488;0.0025741;90
93.4024;0.00374059;90
94.5303;0.00303849;90
111.477;0.00219867;90
81.9094;0.00512299;90
45.9017;0.000673956;90
50.7501;0.00112217;90
93.4193;0.00127427;90
71.0212;0.00543019;90
68.3667;0.00113925;90
76.2188;0.00256072;90
65.9576;0.00429786;90
-14.869;0.000650792;90
-49.4963;0.003184;90
-74.7289;0.00126051;90
-40.4359;0.0008264;90
-44.1943;0.00191079;90
-17.6135;0.0027132;90
-17.1632;0.000626918;90
-30.7051;0.00113979;90
-29.6992;0.00124332;90
-5.95109;0.0019676;90
17.1835;0.000781902;90
-8.16077;0.00052835;90
-104.82;0.00216192;90
-62.657;0.00204217;90
42.3283;0.00303396;90
69.9367;0.00189181;90
-5.05508;0.00093062;90
-15.8124;0.00147897;90
-13.7531;0.000883326;90
-5.8711;0.00106559;90
27.3951;0.00135833;90
13.1773;0.0012458;90
68.6328;0.00137233;90
72.0141;0.00149296;90
60.6314;0.00115206;90
-9.64704;0.000560932;90
-6.56355;0.000594899;90
82.9322;0.00173922;90
-28.2389;0.000627709;90
83.2692;0.00302888;90
91.5299;0.00441958;90
123.654;0.00357282;90
117.888;0.00398931;90
108.644;0.00432919;90
87.9518;0.00436479;90
76.3555;0.00386611;90
76.8671;0.00478412;90
60.9366;0.00127219;90
35.2601;0.00194357;90
69.8046;0.00182202;90
86.8521;0.00298651;90
75.7309;0.00286437;90
83.5551;0.00138978;90
54.9791;0.000812023;90
65.889;0.00141002;90
60.4085;0.00157549;90
62.2182;0.00103195;90
-7.35322;0.0109309;90
-30.6854;0.0025768;90
-89.54;0.00199306;90
-101.331;0.00368993;90
-109.311;0.00088902;90
-111.979;0.002394;90
-111.81;0.00118158;90
169.235;0.00179356;90
-142.153;0.00126638;90
-138.373;0.00135788;90
-131.776;0.00133288;90
-128.981;0.00222551;90
-101.752;0.00264137;90
-104.738;0.00160377;90
-145.337;0.000914278;90
-60.0086;0.00196051;90
-83.7551;0.00119509;90
-88.1936;0.00206202;90
-84.4818;0.00118549;90
-50.176;0.00119138;90
-57.0296;0.00134692;90
-58.5704;0.00111804;90
-57.6598;0.00134219;90
-64.1134;0.0018507;90
-105.092;0.00530394;90
-126.729;0.00390281;90
-133.356;0.00340117;90
-178.715;0.00352189;90
-111.627;0.00397483;90
-114.451;0.00448637;90
-145.899;0.00297688;90
-144.196;0.00806639;90
-142.847;0.00113421;90
-164.275;0.00128406;90
165.466;0.00284505;90
154.737;0.00265713;90
125.813;0.00166968;90
69.9107;0.00244261;90
82.0699;0.00295728;90
-12.6227;0.000993001;90
-16.2684;0.00168132;90
-8.62225;0.0013007;90
-79.8529;0.00116929;90
-124.228;0.00141871;90
-56.528;0.00109332;90
2.02732;0.000565354;90
135.543;0.0049231;90
131.323;0.00157656;90
173.417;0.00150895;90
163.156;0.0015944;90
124.37;0.0138732;90
-57.2206;0.0104358;90
-33.9616;0.00532546;90
-29.7186;0.00108121;90
-15.3155;0.00274861;90
2.45403;0.00119109;90
-44.892;0.00112501;90
-117.052;0.00136763;90
-119.796;0.00111892;90
-37.2145;0.00116402;90
96.6181;0.00357482;90
-176.48;0.000944782;90
175.568;0.00104813;90
173.468;0.00148564;90
-157.092;0.000750163;90
-98.8263;0.00348021;90
-94.5584;0.00220197;90
129.027;0.00229002;90
127.196;0.00429087;90
125.244;0.00444839;90
116.592;0.00386929;90
115.728;0.00398063;90
109.905;0.00431477;90
108.021;0.00502973;90
103.075;0.00526449;90
97.8959;0.00574345;90
92.6542;0.00544184;90
90.0999;0.00630801;90
90.6627;0.0059654;90
89.3183;0.00579941;90
88.9282;0.00566699;90
91.211;0.00648245;90
90.8407;0.00599765;90
92.7139;0.00635713;90
93.0185;0.00529835;90
95.0098;0.00519886;90
94.1117;0.00531368;90
95.7171;0.00440692;90
93.2665;0.00649355;90
87.2835;0.00692078;90
77.1412;0.00610203;90
74.4866;0.00513716;90
104.149;0.00368582;90
139.657;0.00425882;90
134.651;0.00429858;90
139.867;0.00447586;90
144.785;0.00374056;90
160.577;0.00361154;90
172.866;0.00315644;90
169.497;0.00274296;90
150.068;0.00382984;90
131.725;0.00379983;90
141.375;0.00359809;90
151.055;0.00320884;90
154.374;0.00310989;90
143.203;0.0034392;90
136.733;0.00332068;90
145.281;0.00208407;90
-35.377;0.000621811;90
-42.5368;0.00120107;90
-42.2698;0.000994614;90
-44.3402;0.000736854;90
-50.1232;0.00102942;90
-35.4421;0.00132441;90
-35.9142;0.00107915;90
-44.093;0.000536054;90
141.816;0.00146559;90
140.345;0.00141187;90
142.711;0.00117523;90
-45.3767;0.00430213;90
-49.9722;0.00432397;90
-23.3188;0.000813445;90
13.3704;0.00348547;90
-37.5153;0.000852254;90
-33.6378;0.00091165;90
-40.5614;0.00233905;90
-70.2153;0.00547732;90
-5.71895;0.00136479;90
-8.64307;0.00169019;90
79.7638;0.00171632;90
60.2363;0.00150677;90
-39.4658;0.00274221;90
-16.3822;0.00661245;90
-16.7515;0.00125945;90
-21.9532;0.00140163;90
-41.1704;0.00381133;90
-48.2335;0.00465097;90
-41.3355;0.00335218;90
-44.7918;0.00505868;90
-100.455;0.00143279;90
-103.249;0.0138147;90
-98.8873;0.00160527;90
-87.403;0.0144779;90
-83.8859;0.00870351;90
-83.6656;0.00218434;90
-88.8757;0.00346567;90
-88.2217;0.0127932;90
-88.9149;0.00285151;90
-89.4495;0.0118645;90
-89.9238;0.003007;90
-90.1015;0.010729;90
-81.7461;0.00183198;90
-69.9734;0.00101327;90
-40.5168;0.00110363;90
100.352;0.000868131;90
30.8567;0.00155978;90
-109.352;0.00242926;90
-117.368;0.00287139;90
-90.3244;0.00406207;90
-80.0424;0.00427947;90
-76.1048;0.00443478;90
-71.5651;0.00418369;90
-68.3564;0.00728244;90
-63.2124;0.0020724;90
-60.489;0.00346333;90
-55.7619;0.00397239;90
-51.1159;0.0033915;90
-41.4208;0.0017443;90
34.3496;0.0011325;90
79.9264;0.00268134;90
75.9314;0.00128762;90
-23.6753;0.00135723;90
3.89307;0.00139923;90
-3.64205;0.00119642;90
-56.6994;0.00122397;90
-126.229;0.00125208;90
-117.912;0.00102753;90
-54.8369;0.000960226;90
-19.5542;0.00069615;90
93.7939;0.0026448;90
112.515;0.00126654;90
-179.044;0.000839117;90
-175.645;0.00101393;90
166.924;0.00147628;90
-158.766;0.000712362;90
-100.154;0.00220656;90
-101.931;0.00197363;90
-55.367;0.00151676;90
-35.9325;0.0030196;90
-16.448;0.00248989;90
29.9301;0.00214854;90
39.0376;0.00814823;90
-1.3304;0.00146439;90
37.2047;0.00212184;90
69.4083;0.00432748;90
65.8733;0.00382625;90
0.9556;0.00251835;90
39.7499;0.00289786;90
34.6641;0.00233313;90
62.0795;0.00512337;90
73.103;0.0357128;90
85.5672;0.00489063;90
59.2754;0.0194711;90
74.1893;0.00140204;90
71.9967;0.00314814;90
76.1456;0.00382117;90
64.4215;0.00558429;90
58.8936;0.00103363;90
74.4155;0.00309686;90
74.9134;0.00435303;90
76.1208;0.00389368;90
53.6523;0.00305053;90
42.7904;0.00267768;90
-17.5965;0.00194501;90
84.9642;0.00330375;90
108.071;0.00398455;90
101.106;0.00445441;90
81.237;0.00490324;90
86.019;0.00550228;90
92.0447;0.00557755;90
79.993;0.010255;90
78.1142;0.0061662;90
74.299;0.00225411;90
77.3951;0.00318476;90
77.4875;0.00571883;90
77.3519;0.00536622;90
80.6732;0.00570137;90
81.2182;0.0058688;90
83.1301;0.00966439;90
84.6686;0.00196952;90
85.9901;0.00544834;90
83.0114;0.00614768;90
79.878;0.00529745;90
78.1948;0.00512745;90
78.3948;0.00517479;90
83.2979;0.00559524;90
85.4074;0.00562004;90
87.4781;0.00631812;90
87.6745;0.00564365;90
85.495;0.00553811;90
82.5686;0.00563634;90
77.6609;0.0053721;90
79.7958;0.00488832;90
82.7466;0.00498187;90
89.3441;0.00637742;90
106.672;0.00553154;90
105.921;0.00585458;90
91.1612;0.00661236;90
84.8378;0.00611279;90
83.0969;0.00659783;90
86.3137;0.00682813;90
93.7483;0.00700599;90
88.0137;0.00747249;90
77.645;0.00636542;90
63.8196;0.00652768;90
74.8948;0.00660418;90
77.3576;0.00629154;90
68.7804;0.0061446;90
65.459;0.00625505;90
53.9271;0.00536332;90
47.7559;0.0050737;90
53.2273;0.00495121;90
58.2536;0.00478371;90
68.2967;0.00596269;90
72.5512;0.00587955;90
77.7329;0.00617499;90
80.2352;0.0066331;90
70.5037;0.00643602;90
65.4338;0.00593635;90
71.0975;0.00651008;90
73.7044;0.00698876;90
63.9354;0.00588779;90
64.817;0.00621137;90
72.5977;0.00686104;90
68.0416;0.0066429;90
74.5194;0.00677375;90
76.0856;0.00718586;90
64.8481;0.00625618;90
62.9705;0.00606889;90
68.9682;0.00652574;90
71.0046;0.00643333;90
69.6187;0.00594946;90
74.9709;0.00578073;90
79.6583;0.00639489;90
82.0791;0.00631323;90
80.9525;0.00608572;90
80.4831;0.00655623;90
58.5477;0.00573221;90
44.917;0.00439467;90
46.0712;0.00438766;90
52.8574;0.00470685;90
54.1475;0.00366058;90
45.9325;0.00551828;90
57.835;0.00513751;90
53.3605;0.00457624;90
69.1605;0.00563033;90
68.0298;0.00586168;90
75.7443;0.0060142;90
69.3268;0.00572461;90
63.9071;0.00548168;90
47.9392;0.00474386;90
41.2907;0.00421895;90
42.6431;0.0042986;90
44.3486;0.00509998;90
41.8118;0.00483136;90
48.3738;0.00520272;90
48.8498;0.00527632;90
34.857;0.00427624;90
1.66062;0.00741912;90
-18.6102;0.00134429;90
-29.4457;0.00653176;90
-18.5152;0.00158082;90
-0.598712;0.00564631;90
10.3083;0.00146972;90
51.9897;0.00854169;90
57.6244;0.00606946;90
33.8535;0.00165329;90
50.7877;0.00757993;90
58.9233;0.00200122;90
53.0612;0.00782081;90
59.5676;0.00166429;90
58.7524;0.00249259;90
59.8226;0.00767288;90
55.1009;0.000959568;90
70.0131;0.00382966;90
77.7705;0.00296938;90
79.0892;0.00377219;90
79.7542;0.00694881;90
86.4615;0.00160406;90
69.2234;0.00635421;90
78.9068;0.00202178;90
81.1474;0.00339848;90
82.7483;0.00426209;90
81.5399;0.00469003;90
70.514;0.00580977;90
67.3759;0.0103722;90
80.365;0.0012547;90
64.1183;0.00296211;90
57.9437;0.00465;90
56.6917;0.00412096;90
50.6174;0.00376362;90
60.4859;0.00403339;90
64.1821;0.00490456;90
45.7742;0.00303518;90
46.8295;0.00316733;90
58.571;0.00447798;90
54.8746;0.00436242;90
53.4581;0.00429787;90
60.6318;0.00505688;90
76.0852;0.0106454;90
86.8188;0.0022705;90
86.463;0.00345258;90
83.329;0.0049928;90
74.3267;0.00540808;90
75.6705;0.00573337;90
76.5529;0.00641589;90
78.8774;0.00545853;90
76.6503;0.0056476;90
71.6938;0.00478517;90
71.4617;0.00543502;90
57.4327;0.00434525;90
53.7966;0.00433249;90
52.8197;0.00431886;90
59.5511;0.00366439;90
50.5997;0.0045074;90
67.0662;0.00466038;90
68.7664;0.00490928;90
71.2991;0.00476877;90
71.0665;0.00486946;90
66.2698;0.00510896;90
58.4944;0.00464233;90
61.1316;0.00466239;90
74.2829;0.00506851;90
82.4034;0.00580192;90
82.7518;0.00577011;90
86.2833;0.00583126;90
88.7646;0.00547327;90
87.1449;0.00552085;90
75.5507;0.00555057;90
59.2271;0.00504655;90
50.5394;0.00395564;90
37.1186;0.00350143;90
39.7683;0.00335009;90
36.4232;0.00618279;90
37.706;0.00139795;90
22.6715;0.00409654;90
21.2076;0.0044976;90
35.0931;0.00427025;90
48.9144;0.0046197;90
60.7247;0.00499381;90
66.6693;0.00586561;90
66.8196;0.00537818;90
61.2529;0.00488622;90
51.2456;0.00340584;90
36.5368;0.00364666;90
29.3634;0.00385645;90
13.8806;0.00383911;90
-22.4754;0.0035994;90
-27.18;0.00366692;90
-26.347;0.00387782;90
-11.4444;0.00300882;90
24.1118;0.00346864;90
28.4884;0.00397081;90
35.3584;0.00442034;90
41.5024;0.00420734;90
52.8948;0.00423684;90
51.9896;0.00449169;90
11.8965;0.00337141;90
24.8475;0.00337216;90
61.1664;0.00440627;90
52.5444;0.00442163;90
21.5895;0.00381569;90
11.7703;0.00341685;90
29.6936;0.00360544;90
37.1094;0.00382703;90
42.6032;0.00417629;90
45.4084;0.00426608;90
41.4661;0.00434778;90
37.8999;0.00383862;90
33.6946;0.00353843;90
30.549;0.00334071;90
26.9348;0.0031878;90
21.7548;0.00296518;90
23.5755;0.00341286;90
20.4345;0.00319933;90
32.2847;0.00310975;90
38.7029;0.00436443;90
49.049;0.00401578;90
53.9903;0.00452951;90
51.6686;0.00425018;90
51.6743;0.00439262;90
46.3276;0.00412;90
32.6872;0.00329598;90
30.4838;0.00350092;90
29.7885;0.00341989;90
34.8104;0.00348945;90
36.1905;0.00379527;90
25.6283;0.00358355;90
19.2009;0.00312271;90
23.3587;0.0033822;90
10.7221;0.0032304;90
-22.888;0.0032705;90
-10.5367;0.00313893;90
10.3;0.00314874;90
20.9046;0.00300158;90
25.5877;0.00340826;90
52.4331;0.0040611;90
62.597;0.00492345;90
51.2037;0.00393262;90
35.2926;0.00334227;90
46.403;0.00404303;90
52.4787;0.00413427;90
49.0735;0.00428032;90
36.2203;0.00321041;90
31.3745;0.00330178;90
43.6937;0.00356687;90
57.4804;0.00453507;90
60.2551;0.00777202;90
54.7273;0.00424785;90
56.6232;0.00400805;90
63.011;0.00507691;90
64.3548;0.00487526;90
64.1327;0.00345185;90
65.1683;0.00360753;90
63.6938;0.00455358;90
67.7802;0.00478104;90
68.0544;0.00486988;90
68.1744;0.00528266;90
69.9476;0.00643084;90
69.6305;0.00682904;90
70.4368;0.00642383;90
70.987;0.00639382;90
69.6893;0.0056034;90
61.2661;0.0049278;90
49.3449;0.00462008;90
43.1997;0.00425393;90
49.7373;0.00484609;90
51.2175;0.00481188;90
59.0719;0.00523191;90
66.84;0.00565471;90
74.7245;0.00615651;90
80.5618;0.00662873;90
75.7153;0.00615222;90
82.4613;0.00642554;90
87.3238;0.00653212;90
79.7494;0.00604651;90
62.726;0.00571091;90
47.3636;0.00497236;90
44.6427;0.00464932;90
52.6238;0.00477559;90
68.465;0.00582997;90
73.1857;0.00625021;90
75.571;0.00693474;90
75.2862;0.00724044;90
70.1047;0.00612985;90
60.04;0.00994604;90
49.355;0.00213243;90
45.9131;0.00239598;90
70.4915;0.00278487;90
69.7041;0.00262924;90
-68.4946;0.00323523;90
-97.6029;0.00230527;90
-124.318;0.00136575;90
111.989;0.00141816;90
-146.573;0.00054278;90
82.1036;0.0027733;90
25.5918;0.00197473;90
48.0528;0.00415591;90
57.822;0.00485587;90
65.4795;0.00612983;90
69.5318;0.00511599;90
68.2006;0.00530216;90
70.013;0.00504379;90
76.3634;0.00559883;90
83.8516;0.00630225;90
83.9694;0.00653919;90
86.2698;0.00703991;90
93.8065;0.00655246;90
97.0239;0.00639499;90
96.4823;0.00645728;90
92.2192;0.00650788;90
86.6349;0.00754701;90
81.8735;0.0066922;90
79.3706;0.00688514;90
79.8243;0.00706411;90
80.2916;0.00673648;90
84.91;0.00670645;90
88.5465;0.00709628;90
92.4361;0.0105165;90
92.8751;0.00721708;90
91.2225;0.00267161;90
88.6468;0.00660584;90
83.8594;0.00713293;90
83.2535;0.00685245;90
85.1125;0.0064906;90
81.0521;0.0065001;90
78.7502;0.00672522;90
78.1859;0.00693082;90
75.9082;0.00524896;90
63.1132;0.00668908;90
60.8781;0.00611503;90
58.9314;0.00580935;90
67.2267;0.0061201;90
74.459;0.0068899;90
72.7198;0.00375027;90
82.3947;0.0106991;90
81.7713;0.00665855;90
86.8864;0.00695927;90
82.6908;0.00752213;90
82.938;0.00642575;90
88.6344;0.00671391;90
90.146;0.011775;90
89.1542;0.00284531;90
85.2024;0.00952939;90
86.5072;0.00282324;90
80.5935;0.00657744;90
74.1411;0.00618439;90
67.0951;0.00589153;90
47.5104;0.00455248;90
36.5036;0.00391008;90
11.8895;0.00366462;90
2.76163;0.0030095;90
-14.1187;0.00573112;90
1.41152;0.00146144;90
9.50686;0.00592132;90
13.9922;0.00126143;90
27.9007;0.00600503;90
-1.30913;0.00380799;90
-17.33;0.00127906;90
21.3011;0.00644425;90
16.9093;0.00169843;90
9.49141;0.0048575;90
1.91828;0.00104559;90
-0.485245;0.00484117;90
13.8534;0.00114017;90
2.13554;0.00528667;90
10.9527;0.00132106;90
14.7129;0.00712668;90
23.2939;0.00118347;90
13.5824;0.00575701;90
21.7616;0.00133515;90
27.1235;0.00559759;90
31.0825;0.00173746;90
3.33951;0.00686666;90
-15.1126;0.00144601;90
14.1738;0.00666902;90
28.1468;0.00158777;90
45.4283;0.00889282;90
57.0349;0.0024112;90
55.8891;0.0104209;90
46.5907;0.00241994;90
39.6631;0.00792922;90
29.4403;0.00506391;90
22.7248;0.0018897;90
18.4575;0.0080227;90
25.6437;0.0023361;90
28.9628;0.00776058;90
33.8316;0.00179612;90
38.899;0.00774426;90
50.8097;0.0052461;90
67.8401;0.00549056;90
68.1386;0.00851321;90
67.4318;0.00238677;90
61.5323;0.00922663;90
49.3474;0.00472008;90
51.7917;0.00176388;90
48.2052;0.00398371;90
64.6619;0.00540939;90
64.5663;0.00548122;90
68.2343;0.00536121;90
68.1609;0.00507524;90
69.4301;0.00482994;90
69.5723;0.0047561;90
68.9565;0.0048012;90
67.1503;0.00519681;90
60.2908;0.00438661;90
53.0532;0.00685441;90
61.3723;0.00132953;90
56.2557;0.00322059;90
55.1415;0.00397165;90
53.4625;0.00772153;90
65.8068;0.0012103;90
54.3587;0.00180021;90
58.7706;0.00392119;90
57.6801;0.00368842;90
59.9775;0.00401927;90
57.9535;0.00369388;90
49.4386;0.00452278;90
47.3512;0.0048605;90
50.2027;0.00442137;90
48.079;0.00456814;90
52.055;0.00480725;90
52.6521;0.00498637;90
51.7798;0.00480373;90
55.5029;0.00515922;90
53.1708;0.0047862;90
55.8007;0.00474315;90
58.4367;0.00501489;90
57.0015;0.00482541;90
58.2948;0.00495672;90
59.4173;0.00510631;90
68.3931;0.00546932;90
68.8072;0.00540237;90
65.9311;0.00453861;90
67.3046;0.0041417;90
66.7661;0.00490259;90
68.6088;0.00508317;90
74.4675;0.0054708;90
76.658;0.00578514;90
75.3298;0.00572152;90
76.3615;0.0100977;90
79.6882;0.00219546;90
74.3956;0.00477707;90
73.8355;0.00567537;90
70.45;0.00549265;90
71.0409;0.00615278;90
68.1609;0.00536288;90
71.2157;0.00549677;90
66.6222;0.00516391;90
78.6009;0.00567188;90
76.6467;0.00535169;90
77.0196;0.0054359;90
74.2174;0.00638262;90
71.7861;0.00573641;90
74.6813;0.00568913;90
79.7998;0.00592362;90
80.3477;0.00604761;90
78.3448;0.00589046;90
68.748;0.00604188;90
67.7858;0.00567091;90
68.2451;0.00525852;90
60.6441;0.011619;90
46.2669;0.00236656;90
48.2701;0.00335928;90
44.0644;0.00407065;90
53.678;0.00474742;90
60.7613;0.00492784;90
48.8927;0.0049371;90
17.5691;0.00747047;90
45.1995;0.00162494;90
30.7824;0.00184259;90
42.7563;0.00765818;90
33.7307;0.00156315;90
50.483;0.00846603;90
72.088;0.00200939;90
81.0018;0.00267897;90
82.8873;0.00634785;90
75.605;0.0113875;90
68.952;0.00196297;90
74.7039;0.0047876;90
74.488;0.00432245;90
69.6135;0.00427155;90
72.6406;0.00572789;90
70.9991;0.00528284;90
64.0968;0.00491699;90
58.4361;0.00404433;90
57.9734;0.0037261;90
57.8908;0.00421233;90
56.2115;0.00452054;90
58.5779;0.00546669;90
60.3586;0.00549165;90
55.0052;0.00505491;90
43.5339;0.00469814;90
70.8427;0.00639621;90
68.7409;0.00584688;90
62.1319;0.00562427;90
58.5365;0.00464024;90
60.8819;0.00526088;90
63.0252;0.00544094;90
62.7813;0.00497826;90
51.7697;0.00466692;90
44.7396;0.00435582;90
40.597;0.00431974;90
46.9052;0.00444521;90
47.6085;0.00343373;90
50.1869;0.00490407;90
68.6491;0.00529007;90
84.4107;0.00634517;90
91.6241;0.00617448;90
91.8884;0.00543195;90
91.8122;0.00569185;90
87.2897;0.00492751;90
81.4927;0.0056714;90
81.1072;0.00597077;90
81.1038;0.00490804;90
81.9635;0.00718153;90
82.2456;0.00672954;90
81.7479;0.00611026;90
82.5736;0.0054003;90
78.9012;0.00744933;90
76.8211;0.00612738;90
76.3238;0.00609892;90
76.5721;0.00584786;90
70.1283;0.0058897;90
60.8418;0.00542668;90
56.3407;0.0046531;90
60.3976;0.00443946;90
70.1915;0.00697894;90
74.1275;0.00637299;90
76.7466;0.00584056;90
75.8537;0.00568335;90
77.3528;0.00493268;90
72.2567;0.00620832;90
69.9123;0.00594249;90
64.9322;0.00537421;90
39.2963;0.00352896;90
34.1868;0.00406305;90
31.2222;0.00349758;90
30.3861;0.00343598;90
37.5095;0.00372643;90
45.4456;0.00427318;90
55.4777;0.0053659;90
61.2977;0.00423314;90
63.7669;0.00532551;90
66.6976;0.0039132;90
64.9499;0.00468575;90
70.2985;0.00525035;90
69.573;0.00634072;90
70.4031;0.00419499;90
73.7096;0.00394644;90
79.6007;0.00314669;90
63.5142;0.00290823;90
69.9309;0.0047792;90
72.4039;0.00501148;90
70.6843;0.00495809;90
69.7635;0.00390291;90
74.4334;0.00598452;90
78.1749;0.0054752;90
80.0697;0.00491158;90
80.748;0.00443469;90
77.3882;0.00441964;90
80.6583;0.00507632;90
77.946;0.0054062;90
70.3483;0.0055248;90
64.3784;0.00554083;90
61.0985;0.00672453;90
70.4727;0.00673435;90
73.6247;0.00704789;90
67.0293;0.00594219;90
61.5256;0.00574496;90
63.1442;0.00484786;90
72.0889;0.0121414;90
78.9147;0.00250168;90
78.3822;0.00594888;90
77.2985;0.00669483;90
76.0222;0.0061769;90
71.7613;0.00655639;90
72.093;0.00628023;90
72.2044;0.006688;90
70.5375;0.00678892;90
69.4247;0.00662137;90
63.8961;0.00544545;90
60.037;0.00501761;90
59.7416;0.00426275;90
57.6289;0.00456667;90
58.1467;0.00395455;90
56.4753;0.00547713;90
57.4484;0.00590456;90
66.9735;0.00673132;90
78.1672;0.00702733;90
78.6165;0.00748321;90
80.267;0.00737617;90
82.7163;0.00734326;90
82.7865;0.00786828;90
81.9742;0.00745603;90
81.7725;0.00765175;90
78.0836;0.00724513;90
71.3008;0.00665002;90
72.4579;0.00763087;90
77.0342;0.00729602;90
76.5436;0.00730967;90
60.6915;0.00563419;90
39.0447;0.00418461;90
37.6692;0.00329732;90
48.54;0.00375625;90
68.5843;0.00499272;90
84.0767;0.00710292;90
83.2815;0.00694066;90
84.5903;0.00708556;90
90.7435;0.00793767;90
89.2861;0.00762459;90
77.435;0.0066974;90
79.2325;0.00559348;90
85.5813;0.00613925;90
88.1486;0.00578802;90
86.1097;0.00725171;90
76.6393;0.00526654;90
76.4654;0.003961;90
77.1182;0.00186596;90
74.4692;0.00411941;90
75.0064;0.00468863;90
74.032;0.0045329;90
73.3834;0.00551115;90
72.8109;0.00619573;90
73.8114;0.00637372;90
73.6688;0.00632312;90
73.3876;0.00663181;90
71.7758;0.00524404;90
75.1794;0.00669679;90
74.9744;0.00556217;90
77.9046;0.00640929;90
74.7503;0.00561159;90
75.23;0.0048482;90
76.3312;0.00650421;90
76.5905;0.00700703;90
83.4677;0.00718162;90
83.0298;0.0074823;90
85.1507;0.00816222;90
87.9769;0.00713845;90
72.327;0.00575459;90
60.6879;0.00533737;90
67.4402;0.00645385;90
79.0446;0.00814545;90
84.3136;0.00801343;90
84.3027;0.00814926;90
83.9959;0.008021;90
81.9851;0.00773859;90
76.1303;0.00759237;90
68.0717;0.00679349;90
64.0774;0.0112477;90
77.7961;0.00891241;90
82.9098;0.00346752;90
83.2133;0.0137171;90
85.066;0.00354614;90
91.2429;0.0131851;90
86.4137;0.00396476;90
84.6094;0.0120603;90
85.1025;0.0029869;90
86.7206;0.0124113;90
88.1797;0.00311657;90
82.2949;0.0128884;90
77.4947;0.00264167;90
74.3898;0.00641045;90
69.9995;0.00730348;90
68.0895;0.00721948;90
73.71;0.00785744;90
77.1778;0.0137704;90
70.2843;0.00292868;90
66.3664;0.00550032;90
64.201;0.00672312;90
63.5355;0.00662414;90
68.8857;0.00696779;90
74.55;0.00711719;90
78.2243;0.00697275;90
75.2654;0.0075017;90
70.3209;0.00687451;90
64.4278;0.00678793;90
58.1808;0.00955731;90
52.8919;0.00197242;90
53.2337;0.00475481;90
54.2596;0.00509319;90
58.2744;0.00568791;90
59.0028;0.00558451;90
63.8207;0.0056462;90
60.4915;0.00637494;90
56.5867;0.00597086;90
47.6809;0.00441435;90
33.8779;0.0032991;90
29.4811;0.00293618;90
25.3127;0.00325336;90
26.1557;0.00325535;90
24.9232;0.00362123;90
22.0498;0.00316985;90
22.8044;0.00398879;90
25.5038;0.00639849;90
35.9097;0.00161123;90
37.6645;0.00367735;90
44.6594;0.00713766;90
50.7601;0.00439636;90
52.426;0.00449174;90
51.7157;0.00443215;90
48.1507;0.00463148;90
43.8247;0.00430931;90
41.8473;0.00438433;90
38.8816;0.00447816;90
39.5588;0.00431015;90
39.4777;0.00445281;90
37.9504;0.00446519;90
36.4417;0.00473733;90
30.0914;0.00399895;90
27.6721;0.00370362;90
21.3246;0.00368209;90
17.4062;0.00373399;90
15.8588;0.003363;90
13.8568;0.00325266;90
12.3935;0.00330809;90
11.2324;0.00362443;90
14.8715;0.00394308;90
20.9674;0.00363574;90
26.4563;0.00377091;90
29.0748;0.00385018;90
32.3602;0.00391974;90
33.4852;0.00387877;90
34.4186;0.00377365;90
34.3161;0.00368066;90
30.5356;0.00364908;90
23.8015;0.00346905;90
14.7409;0.00323446;90
8.37772;0.00323957;90
10.8005;0.00330861;90
28.613;0.00364175;90
46.5139;0.00377373;90
58.6429;0.00442185;90
62.8799;0.00526261;90
61.1641;0.00470659;90
55.6252;0.00447925;90
49.1579;0.00431055;90
42.7288;0.00401457;90
37.5171;0.00366503;90
31.6163;0.00382467;90
24.3551;0.00346759;90
19.2251;0.00291242;90
21.3984;0.00351103;90
27.298;0.00321618;90
36.9139;0.0036446;90
41.794;0.00394476;90
59.6558;0.00488525;90
73.318;0.00572704;90
81.2388;0.00608601;90
85.6298;0.00631235;90
85.3913;0.00617296;90
87.641;0.00592802;90
91.6953;0.00490115;90
84.7549;0.00225344;90
7.33661;0.00151137;90
15.3474;0.00201382;90
8.1694;0.00206192;90
0.586126;0.00234612;90
-8.53583;0.00223678;90
-9.1723;0.00256581;90
-0.675965;0.00279719;90
7.53123;0.00274669;90
15.4626;0.00249428;90
11.9547;0.00285799;90
3.69685;0.00269862;90
-4.20186;0.00287974;90
-3.99844;0.00229459;90
24.3434;0.00528378;90
34.6454;0.00153035;90
33.9685;0.00490749;90
33.5581;0.00349323;90
30.428;0.001394;90
6.80313;0.00315723;90
-17.9895;0.00260327;90
-13.1783;0.00348272;90
-8.98503;0.00144068;90
-19.3218;0.00153231;90
-37.6805;0.00165397;90
-38.8581;0.00338384;90
-36.8106;0.0040556;90
-46.6245;0.00441483;90
-57.9648;0.00530126;90
-43.1474;0.00369657;90
-22.5673;0.00268131;90
-10.391;0.00303274;90
-5.78886;0.0035692;90
-17.167;0.00570203;90
-35.8495;0.00130281;90
-50.827;0.00245859;90
-42.0376;0.00997434;90
-44.1489;0.00214206;90
-54.3196;0.00480744;90
-67.5974;0.00748598;90
-73.5308;0.00710761;90
-54.527;0.00422526;90
-41.17;0.00406504;90
-40.5627;0.00482562;90
-13.2211;0.00438112;90
5.40294;0.00363214;90
-7.47733;0.00274333;90
-38.5633;0.00305914;90
-53.7147;0.00137207;90
-52.2181;0.00637061;90
-54.6713;0.00133848;90
-56.1963;0.00685001;90
-63.3304;0.00171551;90
-67.2008;0.00759219;90
-66.7512;0.00224967;90
-67.668;0.0072584;90
-65.4903;0.00476321;90
-51.9428;0.00115825;90
-31.162;0.00545163;90
-37.1477;0.00140262;90
-26.3613;0.00540729;90
-50.5604;0.00142303;90
-35.0185;0.00513208;90
-12.3726;0.00151212;90
15.2016;0.00497301;90
12.1894;0.00367996;90
10.5706;0.00129192;90
6.98177;0.00327428;90
21.3951;0.00911193;90
46.8411;0.00281715;90
44.2001;0.0141315;90
40.9588;0.00220742;90
43.2568;0.0117385;90
46.5448;0.00194101;90
62.1105;0.0038502;90
62.9485;0.0114316;90
66.0329;0.00252578;90
61.7039;0.00414533;90
56.0553;0.00555344;90
45.193;0.00860766;90
58.3284;0.00216551;90
47.5598;0.00812215;90
32.3895;0.00161293;90
41.334;0.00262095;90
39.5286;0.00537659;90
37.3776;0.00453658;90
55.1284;0.0125897;90
51.89;0.00292949;90
32.719;0.00317473;90
-10.2471;0.00585743;90
-13.0341;0.00130359;90
-38.757;0.0034983;90
-51.4045;0.00932483;90
-44.8411;0.00535353;90
-28.2798;0.00185319;90
-38.4909;0.00678031;90
-46.784;0.00172618;90
-54.8735;0.00861859;90
-62.0187;0.0017733;90
-52.8569;0.00734008;90
-32.1043;0.00147329;90
-5.36978;0.00562067;90
28.3173;0.00140401;90
12.3801;0.00417918;90
-19.0604;0.00144841;90
-11.102;0.00491804;90
23.9234;0.00133904;90
38.6554;0.00611077;90
37.5914;0.0012229;90
-30.4176;0.00514519;90
-64.1458;0.00205466;90
-59.7836;0.00639024;90
-62.2028;0.00131019;90
-46.6547;0.00548519;90
-49.891;0.00171674;90
-67.0283;0.00819162;90
-70.5329;0.00222945;90
-69.8173;0.00980826;90
-69.053;0.00245312;90
-69.6351;0.00477016;90
-77.4369;0.00669838;90
-72.6594;0.00609292;90
-63.5773;0.00540012;90
-77.2786;0.00609871;90
-80.5588;0.00667542;90
-64.0363;0.00579487;90
-55.4616;0.00503917;90
-45.4913;0.00420532;90
-54.756;0.00458184;90
-38.2396;0.00332175;90
-7.82446;0.00230647;90
28.3414;0.00277003;90
7.52933;0.00272449;90
-8.24873;0.00273227;90
-9.79894;0.00282623;90
-11.5467;0.00303747;90
-13.8731;0.00298199;90
-10.033;0.00531528;90
-43.6962;0.00146055;90
-21.821;0.00162762;90
-15.4672;0.00177737;90
37.8442;0.00424601;90
31.432;0.00335771;90
32.9128;0.00188088;90
42.3237;0.00254412;90
46.375;0.00338872;90
49.9602;0.00332028;90
60.8618;0.00466198;90
60.2491;0.0070572;90
62.9422;0.00332829;90
62.6955;0.00332665;90
51.6559;0.00464874;90
28.9287;0.0035351;90
41.9147;0.00739645;90
16.1598;0.00168872;90
18.1278;0.00601664;90
15.4275;0.00142847;90
-1.67788;0.00594255;90
20.9744;0.00378264;90
53.2393;0.00493421;90
50.7302;0.0020538;90
13.9456;0.00582571;90
11.1023;0.00411297;90
19.5929;0.00151789;90
24.5741;0.00302499;90
14.4776;0.00418799;90
-8.86132;0.00393396;90
10.7916;0.00401094;90
23.9468;0.0040824;90
12.5859;0.00413947;90
16.1776;0.00413472;90
9.96159;0.00379217;90
1.76825;0.00421301;90
1.80163;0.00381689;90
-15.2312;0.00398912;90
-36.7764;0.00416741;90
-52.8698;0.00545866;90
-38.5953;0.00443721;90
-52.2567;0.00461834;90
-54.7477;0.00532072;90
-63.0524;0.00656479;90
-72.1578;0.00651116;90
-64.9591;0.00561586;90
-54.9754;0.00503721;90
-40.3599;0.00378482;90
-42.7399;0.00265371;90
-52.8565;0.00087941;90
-79.0413;0.00435033;90
-71.4837;0.00623475;90
-60.9947;0.00394935;90
-71.3582;0.00464257;90
-78.4942;0.00533419;90
-68.0669;0.005333;90
-65.3504;0.00491047;90
-65.1524;0.00519269;90
-58.6473;0.00505281;90
-56.6757;0.0049092;90
-33.1124;0.00393386;90
-7.38997;0.00375519;90
-14.2141;0.0038282;90
-30.1601;0.00368021;90
-60.0994;0.00497294;90
-63.5181;0.00461972;90
-74.4021;0.00482364;90
-65.5308;0.00489132;90
-55.2193;0.00448778;90
-53.8551;0.00440975;90
-54.1606;0.00454814;90
-53.612;0.00466076;90
-54.1769;0.004784;90
-38.4475;0.00425701;90
-17.8232;0.00364284;90
17.6609;0.00367522;90
17.7593;0.00343257;90
19.6817;0.00358972;90
14.1109;0.00353569;90
13.4042;0.00340783;90
5.53436;0.00323508;90
-8.65774;0.00379322;90
-7.92486;0.00347418;90
2.09133;0.00320614;90
4.46861;0.00308036;90
2.34444;0.00327574;90
26.7906;0.00386261;90
36.5616;0.00401386;90
-9.26562;0.00330411;90
-29.6247;0.00396304;90
-29.1399;0.00352402;90
-18.3928;0.00344182;90
-3.60675;0.00329052;90
1.80855;0.00326363;90
1.97735;0.00327495;90
1.03884;0.00336455;90
-12.8409;0.00318567;90
-11.535;0.00319554;90
-1.91595;0.00364904;90
3.91082;0.00326961;90
10.2565;0.00296538;90
9.72812;0.0029768;90
1.13854;0.00317063;90
-24.8484;0.00306031;90
-25.7739;0.00310933;90
-39.709;0.00402574;90
-47.8624;0.00413466;90
-65.1231;0.00452374;90
-57.6925;0.00416119;90
-59.4508;0.00433817;90
-55.5262;0.00458281;90
-56.5756;0.00460573;90
-54.8699;0.00421594;90
-46.4173;0.00411662;90
-33.5701;0.00357533;90
-33.5689;0.00327884;90
-34.1478;0.00312473;90
-36.6281;0.00312763;90
-43.1446;0.00369091;90
-41.0508;0.00378848;90
-44.174;0.00377705;90
-42.3959;0.00350167;90
-32.4395;0.00263046;90
17.1929;0.00252377;90
66.5285;0.00380373;90
60.7797;0.00392896;90
47.0963;0.00375018;90
47.8699;0.00402495;90
39.9609;0.00349388;90
20.4456;0.00346103;90
14.7269;0.00297783;90
7.87873;0.00277217;90
-3.73831;0.00251535;90
0.295336;0.00252203;90
22.9611;0.00231219;90
9.24798;0.00210942;90
67.1112;0.00393374;90
89.9076;0.00496101;90
85.8754;0.00439338;90
64.2441;0.00370509;90
45.2168;0.00261631;90
45.9897;0.00249717;90
59.6876;0.00309283;90
73.2859;0.00368572;90
86.0927;0.00437317;90
91.9231;0.00423138;90
98.3431;0.00372846;90
116.234;0.0033233;90
89.2802;0.00453736;90
52.2725;0.00402185;90
63.0563;0.0278164;90
67.5625;0.00630642;90
75.4422;0.00687471;90
78.927;0.0064511;90
74.9967;0.00626559;90
78.6533;0.00672443;90
72.9925;0.0056616;90
61.857;0.0042063;90
51.9279;0.00461362;90
38.228;0.00395771;90
28.9448;0.00359736;90
57.3842;0.0039202;90
54.5996;0.00397731;90
56.7967;0.00447215;90
54.968;0.00434644;90
51.3911;0.00439582;90
57.4803;0.00488848;90
61.2215;0.00552318;90
64.7915;0.00619609;90
85.9195;0.00638017;90
91.8767;0.00464149;90
114.989;0.0040005;90
118.167;0.00377506;90
108.315;0.00378684;90
90.4171;0.00522014;90
76.8173;0.0043147;90
76.7158;0.00375138;90
47.6179;0.00191968;90
-30.2803;0.00224302;90
14.6075;0.00216498;90
15.6326;0.0022897;90
16.1614;0.00229572;90
15.8094;0.00242992;90
18.2516;0.00167949;90
37.652;0.0020954;90
48.2231;0.00249013;90
38.1612;0.00244062;90
39.8397;0.00257866;90
76.5207;0.00256979;90
87.2948;0.00322059;90
-7.55544;0.00511844;90
39.0492;0.00684775;90
33.9063;0.00102898;90
32.9482;0.00625505;90
28.5586;0.00123416;90
20.7175;0.00107983;90
41.7915;0.0073782;90
42.4263;0.00133849;90
30.8855;0.00640531;90
-35.3676;0.0011748;90
34.2209;0.00691519;90
24.9971;0.00558958;90
22.9336;0.00136271;90
20.4303;0.00165298;90
29.3453;0.0217315;90
27.4827;0.00148002;90
14.3023;0.00214137;90
14.2321;0.019158;90
19.4452;0.00247518;90
1.1793;0.00782266;90
-13.2905;0.00137893;90
-30.6199;0.00160011;90
2.04914;0.010963;90
55.718;0.00220145;90
47.8947;0.00288443;90
39.0399;0.00468516;90
13.4032;0.0074201;90
-2.06831;0.00160705;90
22.7268;0.00366778;90
59.7287;0.0166873;90
63.9306;0.00237792;90
66.4236;0.0178838;90
57.2438;0.00229732;90
70.2009;0.0101351;90
65.2819;0.00266409;90
59.2642;0.00474094;90
40.4457;0.00495124;90
50.1561;0.00516936;90
40.5603;0.00454903;90
45.3707;0.00502763;90
59.6169;0.00680336;90
47.881;0.00523355;90
45.5321;0.00479651;90
36.4326;0.00448073;90
8.42449;0.00423874;90
1.68899;0.00743023;90
1.29342;0.00137335;90
-9.50529;0.00328815;90
24.5758;0.102451;90
41.8675;0.00199278;90
65.6963;0.0872724;90
66.0375;0.00139854;90
74.4641;0.0695896;90
53.6305;0.00229009;90
63.8024;0.0373798;90
15.0656;0.0104492;90
15.098;0.0075786;90
41.2616;0.00213647;90
50.0267;0.00970844;90
50.5761;0.0130698;90
51.9022;0.0021653;90
59.6007;0.00320341;90
49.1592;0.0274742;90
54.0062;0.00251149;90
41.3983;0.0260128;90
25.0981;0.00106561;90
-54.2062;0.156534;90
40.7959;0.00245957;90
-64.5392;0.0038056;90
-51.2905;0.00467881;90
-51.3302;0.00713792;90
-25.4692;0.00126271;90
-49.5698;0.00355887;90
-70.9088;0.00549419;90
-65.1167;0.00544001;90
-47.0489;0.00415337;90
-31.9364;0.00343493;90
-27.2639;0.00322644;90
-33.9703;0.00396948;90
-45.2795;0.00376892;90
-63.0679;0.00481748;90
-61.5622;0.00413267;90
-33.7684;0.00547462;90
-48.4045;0.0015003;90
-54.486;0.00196935;90
-52.4079;0.00312605;90
-43.7982;0.00232619;90
48.776;0.00141729;90
13.933;0.00161553;90
-7.19347;0.00114199;90
50.5018;0.00212403;90
72.924;0.0025201;90
-97.9038;0.00186169;90
-129.119;0.00292585;90
-174.129;0.00217038;90
-130.694;0.00154444;90
148.142;0.00140577;90
135.08;0.00354049;90
125.319;0.00405789;90
140.923;0.00347418;90
143.776;0.00280398;90
122.216;0.00306129;90
112.528;0.00401431;90
125.76;0.00335563;90
142.235;0.00277914;90
142.557;0.0020807;90
151.794;0.00226383;90
150.787;0.00302013;90
149.911;0.00256112;90
138.355;0.00286374;90
117.581;0.00373214;90
111.433;0.00426922;90
110.993;0.00385486;90
122.639;0.00309824;90
143.81;0.00235917;90
128.854;0.00243726;90
127.356;0.00186067;90
133.582;0.00354228;90
119.685;0.00417377;90
117.602;0.00412667;90
-122.783;0.00143685;90
-92.7991;0.00108529;90
-179.324;0.000763053;90
117.989;0.0315549;90
92.2056;0.00296219;90
94.2146;0.00389152;90
91.1878;0.00665743;90
111.547;0.00986758;90
131.743;0.00121961;90
129.848;0.00173234;90
136.162;0.00596002;90
131.209;0.00231022;90
136.866;0.0045385;90
132.618;0.00510406;90
122.958;0.00481602;90
114.991;0.00569742;90
121.425;0.0102364;90
125.552;0.00186949;90
115.259;0.0124979;90
121.977;0.00277391;90
117.92;0.0137923;90
100.372;0.00283838;90
105.763;0.0085256;90
154.156;0.00103001;90
-175.63;0.00366164;90
-132.586;0.00154428;90
-175.432;0.00290021;90
152.612;0.000778232;90
171.064;0.00209239;90
128.834;0.00210023;90
148.944;0.00276422;90
174.698;0.00227272;90
-171.461;0.00437753;90
134.56;0.00119575;90
113.059;0.00424843;90
-138.768;0.0500398;90
-128.474;0.00250098;90
-129.13;0.00403754;90
-131.808;0.00688375;90
-125.233;0.00720234;90
-128.869;0.00704489;90
-137.702;0.00627052;90
-124.161;0.00802456;90
-146.717;0.00554326;90
178.921;0.00525793;90
-175.157;0.00516444;90
-144.072;0.00595981;90
-115.218;0.00804804;90
-113.101;0.00871154;90
-114.03;0.00842301;90
-118.327;0.00792614;90
-124.837;0.00797902;90
-118.054;0.00795012;90
-107.034;0.00927172;90
-98.77;0.0100546;90
-97.7646;0.00988867;90
-104.393;0.00985223;90
-106.196;0.00943649;90
-103.393;0.00670023;90
-101.362;0.0049184;90
-110.556;0.00183696;90
-109.651;0.00840659;90
-110.421;0.00138718;90
-77.6687;0.00383958;90
-66.8145;0.00572759;90
-60.9393;0.00457039;90
-82.7767;0.0024575;90
-104.247;0.00336448;90
-118.137;0.00451453;90
-120.251;0.00368013;90
-126.807;0.0047486;90
-130.875;0.00567225;90
-131.885;0.00482748;90
-124.613;0.00516521;90
-109.595;0.00660767;90
-106.821;0.00650011;90
-118.615;0.00548725;90
-129.468;0.00531746;90
-146.197;0.00422405;90
-160.202;0.00356363;90
-146.501;0.00441904;90
-129.491;0.00700513;90
-115.732;0.00652062;90
-105.667;0.00597292;90
-115.147;0.0111332;90
-126.408;0.00228127;90
-118.124;0.00486435;90
-116.173;0.00739306;90
-127.64;0.00687742;90
-147.415;0.0057952;90
-146.347;0.00608118;90
-152.351;0.00541315;90
-172.536;0.00776781;90
-178.415;0.00227787;90
179.081;0.00411653;90
131.953;0.00638572;90
119.417;0.00834953;90
161.105;0.00507973;90
-142.715;0.00593116;90
-144.248;0.00598854;90
170.268;0.00541898;90
154.984;0.00610357;90
158.312;0.00130971;90
165.284;0.00642061;90
168.877;0.00463405;90
180;0.001408;90
-173.643;0.00501282;90
-168.73;0.00112061;90
-145.557;0.0159903;90
-123.992;0.00410678;90
-125.392;0.00757472;90
-134.45;0.0124534;90
-139.841;0.00240496;90
-132.871;0.00443591;90
-112.699;0.00865001;90
-113.663;0.00851603;90
-114.986;0.00871458;90
-110.298;0.00884103;90
-117.266;0.00825976;90
-120.061;0.00778975;90
-138.628;0.00608979;90
-178.71;0.00564043;90
-155.487;0.00542057;90
-136.905;0.00642549;90
-135.162;0.00648278;90
175.286;0.00509825;90
150.669;0.00565266;90
168.355;0.00470177;90
-167.634;0.00405304;90
-162.168;0.00478068;90
-161.313;0.011779;90
-166.79;0.00161473;90
-174.15;0.00258044;90
-167.969;0.00388125;90
-155.992;0.00715718;90
-163.615;0.0014676;90
-144.039;0.00279955;90
-155.065;0.00479607;90
-151.785;0.000947591;90
-138.756;0.00550463;90
-174.03;0.000855641;90
-154.958;0.00595809;90
-157.969;0.00120499;90
-156.195;0.00192257;90
-133.5;0.00380766;90
-172.365;0.00224288;90
-174.153;0.00266989;90
-138.057;0.00493272;90
-139.497;0.0016413;90
-138.493;0.00258787;90
-145.66;0.003081;90
-143.793;0.00325202;90
-134.152;0.0032488;90
-158.914;0.00244041;90
-147.459;0.00237959;90
-152.586;0.00168976;90
-160.671;0.00151966;90
-120.603;0.00187983;90
-124.465;0.00194912;90
-172.988;0.000753637;90
162.998;0.00170658;90
140.42;0.00191634;90
116.776;0.00242839;90
92.2282;0.0019805;90
102.959;0.00299221;90
97.3338;0.000987075;90
100.738;0.0015135;90
109.537;0.00249993;90
100.059;0.00416807;90
100.508;0.00381091;90
18.4349;0.00118269;90
-83.7585;0.0136499;90
-60.9519;0.000856771;90
-79.2869;0.00139328;90
-82.0237;0.00305556;90
-52.3798;0.00250481;90
-45.6908;0.00199419;90
27.7543;0.00249957;90
48.3183;0.00227221;90
29.0421;0.00620865;90
37.2711;0.00125663;90
33.196;0.00685108;90
56.9423;0.00198539;90
43.9317;0.00193427;90
40.7258;0.00708724;90
42.1419;0.00187192;90
2.05304;0.00267972;90
30.8074;0.00684951;90
17.0281;0.00118495;90
21.1258;0.00233064;90
32.0136;0.00371614;90
33.327;0.00625936;90
36.455;0.00127063;90
26.3974;0.00244493;90
26.9061;0.00277993;90
32.3515;0.00275456;90
23.6794;0.00275386;90
16.0031;0.00231782;90
14.6902;0.00153001;90
30.6802;0.00426265;90
19.8046;0.00301641;90
19.7497;0.00241187;90
10.7877;0.00238821;90
5.05535;0.00533375;90
8.47319;0.00118089;90
20.8691;0.00139234;90
15.2645;0.00376793;90
24.3175;0.00326135;90
17.4053;0.00279812;90
-0.229575;0.00349403;90
-20.2265;0.00335808;90
-33.4911;0.0043131;90
-13.1304;0.00458692;90
3.79894;0.00402985;90
68.1175;0.0068258;90
34.4246;0.00893474;90
3.25286;0.00213244;90
-1.2542;0.0016904;90
35.4685;0.0102059;90
54.8289;0.00248949;90
59.4756;0.00384717;90
58.7751;0.00635803;90
67.9909;0.00763436;90
61.5501;0.0068935;90
69.359;0.00726218;90
70.4549;0.00740998;90
66.315;0.00666654;90
49.9669;0.00548015;90
48.1108;0.00547259;90
42.1465;0.00972983;90
54.457;0.00251327;90
55.6854;0.00435133;90
59.1074;0.00538729;90
41.4943;0.00597846;90
36.4119;0.00475415;90
13.6276;0.00292433;90
16.1738;0.00448033;90
-7.1193;0.0099487;90
-17.2884;0.00176996;90
-12.3685;0.00255838;90
-26.1643;0.00466724;90
-21.3493;0.00510641;90
-10.3851;0.0037667;90
27.5475;0.00453854;90
43.1787;0.00456102;90
43.0418;0.00399395;90
-26.1796;0.00425444;90
-46.3551;0.00445531;90
-63.828;0.00606257;90
-50.1272;0.0043676;90
-11.6506;0.00379315;90
5.55557;0.00334672;90
2.4596;0.00382152;90
11.3124;0.00463403;90
32.3938;0.0040337;90
31.1204;0.00495513;90
32.9898;0.00451615;90
35.0145;0.0045836;90
55.6518;0.00603665;90
63.9077;0.00607068;90
59.9887;0.00514824;90
56.1319;0.00481981;90
62.5418;0.00502058;90
71.7646;0.00572028;90
74.0131;0.00606351;90
65.6014;0.00501596;90
52.0161;0.00466008;90
40.3756;0.00553416;90
22.5376;0.00439354;90
28.4573;0.00480793;90
51.7183;0.0056091;90
64.0267;0.0060623;90
73.9248;0.00648975;90
69.2191;0.00620358;90
54.6409;0.0048851;90
49.3786;0.00371396;90
48.024;0.00379325;90
45.3932;0.00288506;90
51.3799;0.00292717;90
60.1235;0.00216007;90
56.979;0.0016864;90
52.3344;0.00216021;90
77.9228;0.00319266;90
52.9298;0.00246022;90
88.5422;0.00345912;90
112.038;0.00350726;90
115.897;0.00729231;90
108.307;0.00453029;90
85.4174;0.00105136;90
64.8327;0.00704034;90
73.0252;0.00246959;90
72.2567;0.00316978;90
76.6972;0.00742729;90
74.8966;0.012853;90
76.3566;0.00700362;90
79.0786;0.00349938;90
82.3182;0.00807951;90
81.4392;0.00622738;90
77.187;0.0090319;90
67.7756;0.00676562;90
57.3532;0.00603198;90
55.0616;0.00560158;90
61.4509;0.00618733;90
64.4334;0.00641625;90
64.6476;0.00568446;90
68.3033;0.00813106;90
60.5267;0.0101805;90
33.9571;0.00303452;90
11.1268;0.00306766;90
1.67136;0.00404572;90
10.2005;0.00387932;90
30.1225;0.00711367;90
55.4174;0.00705082;90
42.6389;0.00537221;90
47.9832;0.00619558;90
60.1633;0.00247623;90
56.7639;0.0106059;90
44.6559;0.0024728;90
47.0035;0.00889943;90
47.8981;0.00601386;90
50.9801;0.00593878;90
54.526;0.00240551;90
47.7212;0.00530221;90
40.0869;0.00542435;90
63.143;0.0069328;90
28.8691;0.00456079;90
14.0362;0.00416434;90
28.3817;0.00277904;90
41.7059;0.00249809;90
11.5638;0.0027886;90
-36.5383;0.00234984;90
-77.9597;0.00301533;90
-41.6676;0.00251802;90
19.7666;0.00300719;90
-3.38321;0.0028129;90
-23.2068;0.00275599;90
-29.8695;0.00325083;90
-26.6912;0.00243777;90
28.4071;0.0028104;90
40.3223;0.00305214;90
-46.7037;0.00268749;90
-56.1492;0.00247203;90
-77.7901;0.00288424;90
-72.4605;0.00453273;90
-70.0849;0.00432143;90
-70.7558;0.00512751;90
-60.5324;0.00445997;90
-51.0697;0.00499543;90
-63.7598;0.0056001;90
-65.1911;0.00532658;90
-61.9696;0.0052113;90
-59.3355;0.0116547;90
-61.7826;0.00400154;90
-50.7646;0.00769476;90
-41.1262;0.00189442;90
-47.8491;0.00486525;90
-47.8373;0.00645673;90
-37.1214;0.00164042;90
-52.0686;0.00356261;90
-71.1045;0.005901;90
-86.4143;0.0118322;90
-84.253;0.00281615;90
-80.706;0.00593187;90
-57.0719;0.00519329;90
-41.5994;0.00431529;90
-43.273;0.00337868;90
-57.6347;0.00261528;90
-59.4166;0.00325477;90
-57.9914;0.00377137;90
-64.724;0.00256452;90
-93.9998;0.00285295;90
158.497;0.000856624;90
120.488;0.026985;90
102.621;0.00390844;90
97.5817;0.0216311;90
119.899;0.00161494;90
113.276;0.122598;90
-62.0151;0.00146194;90
-92.1281;0.00121184;90
-177.569;0.00742668;90
140.932;0.00171046;90
134.072;0.00248864;90
120.663;0.00405497;90
-55.3924;0.00724004;90
-34.5478;0.00570629;90
-31.1073;0.00171105;90
8.95107;0.00138183;90
87.9244;0.00149098;90
95.0331;0.00321439;90
-6.61407;0.00136307;90
-21.5226;0.000381608;90
-84.2843;0.00781184;90
-61.3421;0.00308604;90
-64.7554;0.00399781;90
-76.9224;0.00455206;90
-75.7432;0.00466157;90
-74.2536;0.00446974;90
-78.9188;0.00456817;90
-97.8271;0.0046261;90
-113.59;0.00342088;90
-120.793;0.00195338;90
-78.252;0.00230835;90
-73.2193;0.00397632;90
-71.1472;0.00333914;90
-66.7378;0.00295742;90
-72.9299;0.00491241;90
-72.5264;0.0024878;90
-43.35;0.00515695;90
-62.6004;0.00518912;90
-66.7908;0.00565353;90
-63.0239;0.00542305;90
-59.2116;0.0109852;90
-55.6098;0.00226973;90
-63.0373;0.00206215;90
-54.0268;0.00886949;90
-30.9991;0.00222125;90
-47.9237;0.00267564;90
-48.52;0.00390423;90
-47.2192;0.00290344;90
-44.511;0.00289995;90
-48.7853;0.00299902;90
-67.3709;0.00429354;90
-76.5669;0.00490725;90
-87.3856;0.0052835;90
-88.4408;0.00588018;90
-82.2959;0.00574385;90
-68.6485;0.00461151;90
-36.393;0.00338772;90
-58.7273;0.00292615;90
-28.4064;0.00304799;90
-62.1601;0.00249249;90
-61.6609;0.00121342;90
-80.2604;0.00213984;90
-69.4091;0.0036566;90
-61.0771;0.0029568;90
-74.541;0.00211969;90
-37.7613;0.00110553;90
86.4612;0.00437434;90
135.196;0.00144604;90
120.404;0.0059909;90
134.286;0.000907996;90
122.105;0.00358057;90
130.837;0.0010032;90
137.385;0.00475871;90
141.703;0.00147806;90
118.055;0.00738018;90
97.05;0.00227319;90
93.001;0.0112885;90
91.1498;0.00169434;90
103.535;0.00693048;90
115.366;0.00427406;90
136.244;0.00312615;90
147.343;0.00132317;90
132.562;0.00575257;90
132.316;0.00397193;90
139.05;0.00345436;90
133.156;0.00393284;90
118.329;0.00544964;90
120.25;0.00189967;90
119.629;0.00774698;90
122.809;0.00450692;90
116.02;0.00512217;90
115.478;0.00530267;90
113.492;0.0021524;90
121.975;0.00676427;90
135.519;0.00171693;90
114.746;0.00729818;90
105.13;0.00165124;90
109.335;0.00390526;90
106.793;0.0038178;90
105.225;0.00215151;90
103.485;0.038701;90
147.696;0.00246442;90
-129.736;0.00576461;90
-100.35;0.00239903;90
-105.064;0.00223169;90
-107.808;0.00245566;90
-104.516;0.00336336;90
-106.216;0.00087376;90
-105.305;0.0017086;90
-106.464;0.00104797;90
-102.692;0.00156115;90
-119.146;0.00900752;90
-104.751;0.00262347;90
-76.1868;0.00249207;90
-57.4606;0.00232022;90
14.5799;0.00194256;90
24.4234;0.000921456;90
5.17162;0.00181941;90
-5.82229;0.00229685;90
-23.0483;0.000750944;90
-33.1511;0.00262413;90
-25.4991;0.00206738;90
-14.5566;0.00157558;90
-86.656;0.0016458;90
123.909;0.00166883;90
150.62;0.00237668;90
151.471;0.00281821;90
160.736;0.00231566;90
-178.792;0.00218248;90
-159.621;0.00231169;90
177.497;0.00171764;90
112.223;0.00307761;90
114.712;0.0020332;90
144.674;0.00226382;90
-158.871;0.00259657;90
-117.936;0.0027856;90
-109.519;0.002523;90
-98.7877;0.00367211;90
-84.6594;0.00340578;90
82.8202;0.0114175;90
34.9937;0.00284052;90
-21.0592;0.00265214;90
-43.5717;0.001844;90
-83.1385;0.00121369;90
-75.1971;0.00152253;90
-49.1337;0.00204036;90
23.8753;0.000733792;90
21.1008;0.00116941;90
20.5145;0.00225714;90
-9.48458;0.00169315;90
-17.4592;0.00207982;90
-25.9641;0.0025582;90
-33.6574;0.00291939;90
-6.69363;0.0026853;90
34.7039;0.00123828;90
35.5012;0.00365064;90
-36.2423;0.000803448;90
-57.9837;0.00389316;90
-56.1163;0.000656491;90
-79.5035;0.00494576;90
-67.3184;0.00228469;90
-72.2132;0.00466814;90
-70.4521;0.00494927;90
-54.5914;0.00500343;90
-54.9602;0.0049099;90
-64.5427;0.00569051;90
-65.5088;0.00572182;90
-59.0597;0.00502388;90
-50.6048;0.00495221;90
-65.5079;0.00482188;90
-65.7869;0.00571036;90
-50.3817;0.0047799;90
-42.8195;0.00408862;90
-47.8282;0.00419896;90
-46.114;0.00614663;90
-40.5696;0.00176668;90
-53.02;0.00405961;90
-69.3324;0.00534926;90
-82.4308;0.00625551;90
-89.6008;0.00660216;90
-82.9143;0.00615299;90
-70.4364;0.00529784;90
-42.1581;0.0049346;90
-40.1282;0.00118231;90
-42.0098;0.00207394;90
-54.7998;0.00426241;90
-54.7783;0.00202344;90
-58.9405;0.00502783;90
-57.5831;0.00218439;90
-95.5868;0.00313288;90
-130.114;0.00090485;90
-54.3213;0.00103902;90
119.067;0.00184428;90
-36.4053;0.00545078;90
-47.7009;0.00136553;90
-46.3408;0.00528849;90
-66.7229;0.00134117;90
-53.0469;0.0046826;90
-51.3678;0.00454575;90
-70.1668;0.0016977;90
-65.1383;0.00818449;90
-49.8559;0.00160382;90
-33.496;0.0050772;90
-29.81;0.00174604;90
-32.4267;0.00592481;90
-38.5341;0.00106745;90
-57.1902;0.00563254;90
-70.8959;0.00351986;90
-49.7389;0.000950064;90
-43.3661;0.00171119;90
-36.0816;0.00178797;90
-35.6952;0.00152192;90
-38.0926;0.00224011;90
-59.7044;0.00189707;90
-55.9934;0.00195784;90
-41.0751;0.00199377;90
-43.8588;0.00159767;90
-51.8338;0.00286433;90
-37.7924;0.000608679;90
-64.7383;0.00422726;90
-57.0608;0.00133334;90
-67.3672;0.00307154;90
-73.5497;0.00399034;90
-89.9073;0.001855;90
-82.5321;0.00176194;90
-86.0872;0.00285766;90
-85.6126;0.00233986;90
-88.5067;0.00191865;90
-85.8465;0.00204337;90
-86.8258;0.00111972;90
-86.2725;0.00158435;90
-83.9373;0.00111725;90
-83.9976;0.00496321;90
-79.2157;0.00175296;90
-83.7587;0.00147172;90
-81.1123;0.00175406;90
-81.63;0.00162127;90
-76.6577;0.00132167;90
-82.8918;0.00252944;90
-82.0699;0.0022687;90
-81.4611;0.00174434;90
-83.76;0.00183085;90
-82.1994;0.0019672;90
-80.8892;0.00187566;90
-84.9231;0.00185327;90
-86.1105;0.00343491;90
-86.0347;0.00529267;90
-80.4968;0.00598412;90
-77.1181;0.00552608;90
-77.7005;0.0053938;90
-71.5866;0.00503371;90
-63.8836;0.00485465;90
-63.9403;0.00385379;90
-67.5827;0.00696212;90
-72.8934;0.0118545;90
-72.5718;0.00230376;90
-62.9101;0.00312481;90
-38.847;0.00411005;90
-10.9942;0.0033454;90
-16.7701;0.00333065;90
-6.02919;0.00341791;90
-21.3988;0.00370007;90
-47.0592;0.00397509;90
-65.7829;0.00541449;90
-82.9263;0.00734087;90
-84.2356;0.00668078;90
-77.3722;0.00640391;90
-65.9607;0.00544967;90
-55.3086;0.00487212;90
-53.2752;0.00497682;90
-46.893;0.00425981;90
-53.9513;0.00474449;90
-49.5101;0.00440619;90
-19.1346;0.00344429;90
-19.6008;0.00355925;90
-25.0399;0.00376374;90
-24.4275;0.0034531;90
-29.5167;0.0037692;90
-47.9194;0.0043317;90
-59.1549;0.0050515;90
-60.9382;0.00545134;90
-60.2579;0.00505144;90
-61.8329;0.00548677;90
-72.6517;0.00593603;90
-73.7364;0.00615948;90
-74.9019;0.00617723;90
-76.8974;0.00668299;90
-80.4657;0.00667723;90
-81.2294;0.00660422;90
-81.428;0.00652792;90
-78.3998;0.00665901;90
-85.3873;0.00706288;90
-87.7168;0.0068024;90
-86.2274;0.00706731;90
-87.166;0.00665414;90
-90.4779;0.00695424;90
-95.2829;0.00674465;90
-97.2139;0.00623536;90
-96.4183;0.00583256;90
-94.1039;0.00602244;90
-80.6468;0.00561161;90
-46.4104;0.00387824;90
-44.1823;0.0065902;90
-41.7878;0.00111049;90
-40.9209;0.00803187;90
-68.3025;0.00522306;90
-18.1733;0.00415528;90
-15.7898;0.00106208;90
10.5878;0.00485465;90
41.688;0.00392888;90
55.2906;0.00152789;90
65.1796;0.00433327;90
66.653;0.00476408;90
65.0065;0.00370164;90
45.7062;0.00183579;90
8.96537;0.00123205;90
-0.116692;0.001473;90
-54.0179;0.00130376;90
-20.9565;0.00167478;90
-51.855;0.00158179;90
-54.7473;0.00196298;90
-60.7338;0.00184099;90
-56.1565;0.0018638;90
-55.2206;0.00426004;90
-60.4544;0.00146213;90
-69.0329;0.00473128;90
-73.1371;0.00597073;90
-77.4039;0.00600247;90
-71.402;0.010667;90
-73.9062;0.00212113;90
-68.0908;0.00493653;90
-63.9123;0.00515297;90
-72.398;0.00582996;90
-73.4922;0.00590542;90
-53.2563;0.00499301;90
-72.1213;0.00628659;90
-87.4548;0.00653044;90
-95.5394;0.00975857;90
-94.4372;0.00616548;90
-96.7762;0.00584785;90
-101.48;0.00977761;90
-109.022;0.00169665;90
-105.237;0.00844695;90
-102.014;0.00283919;90
-102.807;0.00493989;90
-95.9449;0.00659447;90
-85.5024;0.00670766;90
-81.2012;0.00645901;90
-91.6972;0.011311;90
-98.9795;0.0025948;90
-99.1877;0.00589969;90
-91.4641;0.00626204;90
-81.2857;0.00642214;90
-81.046;0.00639291;90
-81.7604;0.00644048;90
-81.413;0.0115798;90
-80.1027;0.00287986;90
-81.9183;0.0051855;90
-81.9943;0.00638321;90
-78.0032;0.00649485;90
-75.5057;0.00640072;90
-79.6522;0.00643567;90
-81.6468;0.00646357;90
-77.72;0.00622032;90
-76.0739;0.00618273;90
-80.1802;0.00608617;90
-85.1349;0.00652049;90
-85.7922;0.00665093;90
-87.9167;0.00723478;90
-89.1013;0.00561069;90
-88.5942;0.00468741;90
-79.9743;0.00488256;90
-75.9765;0.00652033;90
-77.1452;0.00693993;90
-76.5185;0.00703896;90
-76.7845;0.00668812;90
-75.2183;0.00658079;90
-79.6547;0.00671008;90
-79.2397;0.00713444;90
-79.3476;0.0121341;90
-79.0306;0.00260663;90
-78.3969;0.00540444;90
-67.8989;0.0059297;90
-53.3336;0.00478603;90
-53.6684;0.00479021;90
-52.8208;0.00485347;90
-52.8358;0.00490646;90
-54.0157;0.00527943;90
-65.6483;0.00560464;90
-66.9609;0.00589739;90
-69.7828;0.00591759;90
-66.3179;0.00796691;90
-50.3552;0.0019623;90
-47.5635;0.00381017;90
-49.8884;0.00388341;90
-46.8204;0.00634383;90
-39.4379;0.00203544;90
-44.4157;0.00457663;90
-45.3182;0.00407441;90
-47.3596;0.00723064;90
-71.6834;0.00597261;90
-81.4116;0.00270534;90
-76.6062;0.0103608;90
-74.9641;0.0025441;90
-74.4992;0.00869216;90
-63.5186;0.0052096;90
-65.8531;0.00542685;90
-68.0317;0.00554674;90
-67.9857;0.00559708;90
-69.0727;0.00567217;90
-76.6703;0.0062545;90
-86.3926;0.0069137;90
-89.513;0.00576521;90
-88.0654;0.00352501;90
-88.5567;0.00333506;90
-82.6393;0.00461301;90
-82.1167;0.00436727;90
-81.4423;0.00399852;90
-88.9813;0.00427468;90
-88.494;0.00407141;90
-87.8274;0.00432611;90
-91.6252;0.00444279;90
-92.2186;0.0041331;90
-97.6269;0.0261524;90
-123.776;0.00111162;90
-126.87;0.001475;90
-124.544;0.00167538;90
-108.505;0.0015628;90
-91.0661;0.00204235;90
-98.4339;0.00213408;90
-107.363;0.00157161;90
-81.007;0.00248859;90
-69.8076;0.00261897;90
-70.007;0.00297744;90
-70.1787;0.0026011;90
-70.8252;0.00333079;90
-64.6181;0.00175435;90
26.7371;0.00119138;90
63.1536;0.00209477;90
77.3551;0.00149834;90
70.6781;0.0016139;90
78.8465;0.00136478;90
94.635;0.00680626;90
163.416;0.000763772;90
114.886;0.000869757;90
118.28;0.000926594;90
99.5207;0.00145099;90
59.25;0.00110309;90
-89.6427;0.00192404;90
-86.4136;0.00212616;90
-7.09422;0.000461533;90
23.3298;0.00120448;90
-75.8831;0.0015498;90
-75.4815;0.00167137;90
-94.9987;0.00222647;90
-104.553;0.0018824;90
-106.133;0.00247237;90
-104.094;0.00217652;90
-118.167;0.00223918;90
-147.674;0.00136328;90
-76.7207;0.00194603;90
-81.5773;0.00390512;90
-83.4162;0.00462248;90
-82.7832;0.00519012;90
-94.3506;0.00557607;90
-83.4257;0.00543272;90
-86.6864;0.00579569;90
-85.9331;0.0050056;90
-52.6625;0.00232808;90
-21.6616;0.00182595;90
-54.825;0.00284685;90
-79.6517;0.00365749;90
-71.1793;0.00371038;90
-47.1999;0.00289208;90
-57.4466;0.00299209;90
-69.9623;0.00358395;90
-72.8067;0.00423212;90
-72.2146;0.00396132;90
-69.6856;0.0036351;90
-70.8241;0.0037416;90
-74.3486;0.00481867;90
-75.1624;0.00456109;90
-69.5496;0.00412711;90
-90.8024;0.00521251;90
-70.1275;0.00451273;90
-72.8078;0.00494285;90
-74.4088;0.00471032;90
-69.6425;0.00422275;90
-72.1461;0.00461527;90
-75.5758;0.00508633;90
-61.781;0.0045089;90
-76.7372;0.00560551;90
-78.2919;0.00629293;90
-84.6342;0.00608466;90
-80.1763;0.00547427;90
-73.2699;0.00498501;90
-64.3825;0.00457025;90
-59.5222;0.00448931;90
-61.5472;0.00490099;90
-25.9544;0.00310518;90
7.18427;0.00311848;90
-14.1067;0.00295821;90
-34.443;0.00333459;90
-45.1826;0.00354969;90
-64.4631;0.00448627;90
-75.8077;0.00569791;90
-76.1543;0.00517744;90
-70.7635;0.00474704;90
-62.5195;0.0043667;90
-61.0964;0.00467996;90
-67.3129;0.00458908;90
-73.2866;0.00541057;90
-77.8951;0.00513109;90
-96.1569;0.00569686;90
-94.2537;0.00575686;90
-76.5551;0.00516968;90
-69.4491;0.00518176;90
-52.367;0.00417457;90
-55.9284;0.00420722;90
-73.8142;0.00526988;90
-73.3869;0.00535138;90
-64.1479;0.0046004;90
-75.236;0.00527;90
-74.58;0.00539314;90
-60.4431;0.00412132;90
-63.7248;0.00442076;90
-84.4648;0.00526656;90
-94.9397;0.00553957;90
-84.4601;0.00537611;90
-59.49;0.00424472;90
-54.6491;0.00402882;90
-76.1891;0.00536614;90
-75.9981;0.00566224;90
-75.1495;0.00616078;90
-74.4074;0.00542049;90
-78.5388;0.0056466;90
-77.0344;0.00532168;90
-77.8632;0.00513682;90
-72.7499;0.00460305;90
-79.7666;0.00337164;90
-86.9707;0.00310334;90
-89.7012;0.00287604;90
-89.6763;0.00141602;90
-66.8914;0.00125358;90
-36.9656;0.0014368;90
-13.0751;0.00154711;90
37.1545;0.00177162;90
40.6375;0.00223102;90
1.20139;0.0018124;90
-11.3926;0.00190351;90
-12.7704;0.00187744;90
79.664;0.00131534;90
119.922;0.000801888;90
156.417;0.00119478;90
162.252;0.00139751;90
169.583;0.00114487;90
104.065;0.000971113;90
88.4509;0.00166461;90
20.0452;0.000630175;90
-19.6595;0.000680678;90
-25.5874;0.000655263;90
-16.2778;0.00052088;90
-34.7126;0.000621641;90
-69.0932;0.00399609;90
-98.4061;0.00140914;90
167.271;0.00186073;90
167.089;0.00230938;90
-178.289;0.00164073;90
-142.609;0.00191188;90
-140.148;0.00190698;90
175.579;0.00136205;90
147.023;0.00153775;90
111.821;0.00160069;90
91.3186;0.00117331;90
97.2501;0.0146592;90
107.286;0.00179717;90
101.762;0.0088304;90
108.363;0.00278692;90
105.214;0.00909992;90
107.717;0.00166602;90
103.79;0.00428758;90
103.368;0.00567887;90
105.648;0.00528694;90
131.809;0.00301058;90
121.179;0.00346327;90
102.488;0.00347317;90
109.192;0.00112555;90
-122.475;0.00107275;90
79.4163;0.00606518;90
83.45;0.00253354;90
98.4792;0.00610372;90
119.317;0.0045176;90
117.664;0.00401045;90
105.385;0.0052771;90
101.843;0.00295285;90
110.964;0.0037117;90
113.461;0.00472459;90
106.301;0.00566472;90
115.087;0.00544351;90
128.933;0.00452253;90
114.752;0.00440905;90
104.74;0.00542763;90
86.4847;0.00820344;90
88.0382;0.00569634;90
103.998;0.00329897;90
107.686;0.0085879;90
118.423;0.00757397;90
115.644;0.00475986;90
106.341;0.002129;90
103.045;0.00222851;90
104.098;0.00605951;90
106.413;0.00567318;90
127.587;0.00443955;90
135.808;0.00260665;90
151.55;0.00296395;90
171.588;0.00252921;90
-171.715;0.0025678;90
165.645;0.00261773;90
132.463;0.00230035;90
-149.103;0.00148003;90
-115.031;0.00100212;90
46.1506;0.00267623;90
-34.2065;0.00206163;90
-5.58656;0.00638935;90
-37.3064;0.00178525;90
-23.6782;0.00141186;90
-39.3241;0.00301717;90
-62.9766;0.00995037;90
-78.3898;0.00288197;90
-73.1379;0.00269591;90
-70.3221;0.012654;90
-48.5896;0.00247336;90
-66.8412;0.00567533;90
-74.8627;0.00788872;90
-78.0627;0.00188067;90
-93.9714;0.00557338;90
-94.0754;0.00557209;90
-80.7379;0.00602049;90
-71.3333;0.00445537;90
-92.9413;0.00155905;90
-78.8355;0.00200902;90
-85.8842;0.00351106;90
108.874;0.000908865;90
86.0802;0.00100936;90
91.2487;0.00298271;90
96.1002;0.00279483;90
95.5417;0.0171481;90
81.0701;0.00341439;90
104.55;0.00349096;90
114.994;0.0211088;90
102.978;0.00208835;90
105.017;0.00301807;90
99.4705;0.00347638;90
105.015;0.00842255;90
134.184;0.00804062;90
152.718;0.00132207;90
167.228;0.0030351;90
-175.7;0.00228042;90
173.297;0.00256151;90
136.545;0.00262291;90
-151.684;0.00150737;90
42.7757;0.00107491;90
41.3322;0.00088428;90
117.617;0.0100895;90
113.696;0.00260023;90
106.019;0.00597189;90
95.9449;0.00795579;90
100.537;0.00790734;90
105.223;0.00682448;90
115.23;0.00581804;90
102.784;0.00598333;90
112.992;0.00581928;90
105.145;0.00629255;90
107.279;0.00567618;90
100.553;0.00550409;90
96.4243;0.0046653;90
109.48;0.00403922;90
104.354;0.00486073;90
106.664;0.00447075;90
112.489;0.00347962;90
107.633;0.00341338;90
107.422;0.0042049;90
108.586;0.00466849;90
116.401;0.0025053;90
132.255;0.00431123;90
116.343;0.00127099;90
101.297;0.00262894;90
102.223;0.00317395;90
120.165;0.00184482;90
140.525;0.0019316;90
162.831;0.00151763;90
111.579;0.00263467;90
92.0006;0.0036092;90
93.7769;0.0040989;90
95.3886;0.00934932;90
83.1339;0.0017566;90
86.4433;0.0039977;90
100.383;0.00275207;90
95.7089;0.00337775;90
97.2691;0.00611716;90
72.3746;0.00411833;90
51.4423;0.00087598;90
71.2964;0.00161847;90
80.8112;0.00241094;90
71.5746;0.00189515;90
68.9907;0.00102086;90
89.2186;0.00139313;90
103.043;0.000979263;90
104.525;0.00127991;90
123.227;0.00099461;90
-147.858;0.000667271;90
175.11;0.000903288;90
93.3777;0.00149359;90
87.6947;0.00124301;90
94.1204;0.00105773;90
92.5943;0.0056558;90
-91.3569;0.000971272;90
-95.4522;0.00549386;90
-69.0523;0.00155797;90
-76.6094;0.00139903;90
-9.30477;0.0008968;90
-69.8035;0.0044954;90
-99.8766;0.000909479;90
-105.77;0.00224448;90
-110.775;0.00661404;90
-156.35;0.000949769;90
108.181;0.0020672;90
109.91;0.00342683;90
110.424;0.00278828;90
110.955;0.00260318;90
106.648;0.00383265;90
96.814;0.00102826;90
82.875;0.000919097;90
70.088;0.00179108;90
85.2715;0.00162553;90
94.5423;0.00101017;90
80.305;0.00133608;90
62.7925;0.00219372;90
55.7679;0.00208161;90
81.8361;0.0292312;90
88.2589;0.00414691;90
89.8455;0.00408001;90
91.7263;0.00404984;90
92.3226;0.00357794;90
119.699;0.00171763;90
-135.519;0.00117031;90
58.0707;0.00103806;90
65.0108;0.00162624;90
90.3314;0.00259304;90
98.3461;0.00791583;90
94.9735;0.00523672;90
86.7627;0.00182391;90
91.6831;0.00531129;90
91.2789;0.00698974;90
95.9403;0.00287946;90
106.025;0.00971552;90
112.282;0.00210196;90
112.217;0.0103407;90
109.84;0.00253976;90
116.937;0.00730897;90
110.727;0.00254577;90
103.508;0.0101724;90
105.926;0.00279529;90
103.527;0.0113683;90
107.776;0.0023355;90
122.443;0.00801371;90
139.369;0.00412168;90
131.327;0.00195351;90
138.369;0.00622127;90
136.449;0.00134252;90
134.612;0.00365512;90
129.579;0.00443075;90
130.394;0.00427909;90
128.869;0.00341648;90
110.96;0.0099718;90
116.021;0.00245039;90
111.247;0.00224349;90
107.776;0.00354736;90
120.063;0.00899278;90
132.766;0.00183209;90
120.734;0.00265722;90
126.443;0.0128498;90
125.287;0.0020998;90
117.491;0.00207534;90
117.179;0.00521928;90
103.233;0.00676668;90
100.67;0.0105484;90
100.329;0.00300062;90
101.144;0.0102034;90
99.7759;0.00267383;90
102.347;0.0109902;90
106.538;0.0017671;90
104.239;0.00933889;90
98.8162;0.00186605;90
103.688;0.00773776;90
103.997;0.00140161;90
101.391;0.00515962;90
103.668;0.00188745;90
92.3152;0.00764924;90
87.7386;0.00250895;90
91.6771;0.00953308;90
95.5738;0.00266661;90
95.4667;0.0106123;90
101.155;0.00283761;90
103.687;0.00938242;90
102.618;0.00209664;90
99.5924;0.00535893;90
97.5592;0.00533638;90
101.398;0.00513119;90
103.966;0.00870946;90
99.9538;0.00379513;90
97.5279;0.00425164;90
99.9379;0.00568429;90
98.0918;0.00571894;90
98.4647;0.0059579;90
99.0224;0.00556688;90
98.7967;0.00568892;90
98.2893;0.0137891;90
82.0955;0.00416659;90
84.244;0.00714905;90
90.4924;0.0173386;90
99.2019;0.00216992;90
95.931;0.00465492;90
88.116;0.00416725;90
80.0525;0.00625199;90
77.6684;0.00721548;90
74.5736;0.0045188;90
72.6362;0.00417842;90
70.5531;0.00417201;90
85.0886;0.0058284;90
82.8932;0.00623188;90
84.3703;0.00683999;90
84.7777;0.00687755;90
89.534;0.0061472;90
102.179;0.00593457;90
119.672;0.00489255;90
117.9;0.00476143;90
104.602;0.00670353;90
113.284;0.00501657;90
115.74;0.00481475;90
108.716;0.0048959;90
107.852;0.00531385;90
107.634;0.00554243;90
105.876;0.0140406;90
114.878;0.0013977;90
116.174;0.00616409;90
141.807;0.00107389;90
122.627;0.00290075;90
131.458;0.00354797;90
137.983;0.000570701;90
122.935;0.00113668;90
158.95;0.00302914;90
-169.329;0.000826289;90
-147.715;0.000825642;90
-115.328;0.0114938;90
-116.925;0.00270525;90
-127.919;0.00409569;90
-154.919;0.00369433;90
178.514;0.0032781;90
161.527;0.00288779;90
159.366;0.00181332;90
110.798;0.00480189;90
131.903;0.00121729;90
140.72;0.00134099;90
136.339;0.00233055;90
141.475;0.00186238;90
124.484;0.00154194;90
140.882;0.00595478;90
134.094;0.0046979;90
114.099;0.00471934;90
87.577;0.00650482;90
82.5379;0.00642945;90
83.5103;0.00685694;90
83.2062;0.00705856;90
90;0.007218;90
92.9699;0.00772037;90
94.1785;0.00712293;90
92.7054;0.00703384;90
118.188;0.118947;90
121.239;0.00175085;90
106.904;0.00230771;90
101.496;0.00635243;90
96.9212;0.00655577;90
96.908;0.00596128;90
109.933;0.00510376;90
130.498;0.00386495;90
147.183;0.0038398;90
170.377;0.00299109;90
176.725;0.00322126;90
160.111;0.00343914;90
157.754;0.00330176;90
126.625;0.00468004;90
105.628;0.00603201;90
105.419;0.00610058;90
113.983;0.00566837;90
113.941;0.00498271;90
114.291;0.00544285;90
112.383;0.00564859;90
104.327;0.00593662;90
102.462;0.00618675;90
97.8668;0.00680201;90
95.298;0.00520925;90
93.3816;0.00510289;90
99.7702;0.00541555;90
99.0631;0.00549764;90
98.0625;0.00539028;90
98.0509;0.00593348;90
94.7113;0.00608757;90
93.6091;0.00697383;90
93.8944;0.00616925;90
104.827;0.00542774;90
115.616;0.00486188;90
123.626;0.00296155;90
131.145;0.0024819;90
135.438;0.0037895;90
131.949;0.000770425;90
125.756;0.00302397;90
136.958;0.00298007;90
145.511;0.00298458;90
127.011;0.00340381;90
113.052;0.00421889;90
123.929;0.00358672;90
142.991;0.00330601;90
146.405;0.00334346;90
149.175;0.00318491;90
149.811;0.00294318;90
134.65;0.00358863;90
119.092;0.00463585;90
108.417;0.00502328;90
116.442;0.00354596;90
-142.66;0.00131564;90
-138.993;0.00229518;90
-152.698;0.00160026;90
-176.532;0.00208281;90
116.17;0.0011677;90
104.826;0.00216508;90
154.558;0.00079843;90
139.363;0.00105027;90
87.9434;0.00128183;90
98.2478;0.00165209;90
112.623;0.00164562;90
117.071;0.00121513;90
110.013;0.00227328;90
106.575;0.0037999;90
149.466;0.00127942;90
-76.1547;0.00589632;90
-90;0.001297;90
100.871;0.00701489;90
-78.492;0.00714769;90
-79.3803;0.00166044;90
-80.376;0.00157314;90
-77.5839;0.00154411;90
-82.4663;0.00130426;90
6.34019;0.000507102;90
102.914;0.00870724;90
-81.4361;0.00179299;90
-80.5322;0.00172044;90
-80.1141;0.00146779;90
-79.7559;0.0015182;90
-80.6465;0.00138441;90
-60.5784;0.00087942;90
104.274;0.00614469;90
100.332;0.00782794;90
-77.3492;0.00600888;90
-82.6366;0.00166977;90
-78.872;0.00154403;90
-80.0076;0.00149264;90
-76.6131;0.00143396;90
-70.2275;0.00188302;90
100.697;0.0122733;90
139.535;0.000545473;90
110.167;0.000931084;90
-67.9357;0.0107654;90
-77.1444;0.00173037;90
-101.371;0.0011006;90
103.181;0.0119108;90
162.249;0.000741291;90
129.239;0.00112716;90
-59.3322;0.00149394;90
-88.5758;0.00309796;90
-74.0301;0.00192634;90
-90.7742;0.00140613;90
100.531;0.0077424;90
91.6895;0.00454498;90
117.291;0.00317771;90
121.333;0.00359417;90
122.944;0.00291825;90
132.384;0.00277263;90
137.773;0.00314253;90
137.607;0.00352858;90
117.645;0.00462725;90
97.2923;0.00607413;90
92.8563;0.00658218;90
94.1463;0.00659727;90
107.76;0.00566498;90
129.707;0.00623925;90
132.571;0.00116778;90
135.039;0.00312753;90
132.29;0.00351472;90
135.706;0.00522238;90
132.159;0.00509248;90
119.01;0.00567047;90
117.57;0.00571269;90
124.023;0.0051061;90
119.409;0.0057408;90
114.594;0.00540867;90
115.44;0.00706063;90
128.235;0.00507204;90
119.955;0.00527114;90
107.148;0.00508401;90
110.048;0.00485412;90
103.181;0.00401271;90
104.702;0.00187954;90
50.0425;0.00270312;90
73.187;0.00424548;90
91.5705;0.00499888;90
104.76;0.00504757;90
104.897;0.00455509;90
104.49;0.00594716;90
106.808;0.00394242;90
124.115;0.00414899;90
138.228;0.00223518;90
148.28;0.00449434;90
144.664;0.00132267;90
145.677;0.00263721;90
138.999;0.00197694;90
155.417;0.00170669;90
-111.736;0.00566798;90
-120.706;0.000761804;90
-131.239;0.00284587;90
-179.921;0.000725001;90
-78.2286;0.00224011;90
-101.936;0.0013829;90
71.7463;0.00479846;90
59.5167;0.00196338;90
65.1841;0.00294493;90
66.6374;0.00357838;90
-36.18;0.00171092;90
-42.6666;0.00189308;90
-39.0591;0.00255506;90
-28.1881;0.00323689;90
-34.0922;0.00233174;90
-37.6608;0.00166616;90
-52.5092;0.00363601;90
-68.7683;0.00599491;90
-75.0025;0.0113341;90
-78.4181;0.0021069;90
-79.906;0.00459309;90
-99.6843;0.00526097;90
-121.108;0.00389046;90
-84.5821;0.00327262;90
-69.6849;0.00517596;90
-73.2887;0.0045627;90
-67.6892;0.00503384;90
-52.1946;0.00469183;90
-57.6786;0.00507418;90
-65.0109;0.00596764;90
-65.2886;0.00590363;90
-57.1227;0.00557252;90
-58.5822;0.00554026;90
-62.0924;0.00574514;90
-58.7756;0.00524122;90
-45.5949;0.00497194;90
-45.4161;0.00457581;90
-49.053;0.00424194;90
-43.4495;0.00279622;90
-50.0919;0.00407913;90
-57.1661;0.00436182;90
-78.0202;0.00595469;90
-88.5213;0.00620006;90
-86.3265;0.00607147;90
-81.8057;0.00618111;90
-51.8274;0.00438973;90
-41.5509;0.00345553;90
-37.7566;0.00297236;90
-56.7773;0.00292392;90
-55.0956;0.00283987;90
-62.6831;0.00303326;90
-55.4594;0.00377432;90
-86.1671;0.00182508;90
-90.4228;0.00298108;90
144.418;0.000756191;90
-47.8482;0.000284609;90
-33.1896;0.00466743;90
-50.7604;0.00234601;90
-46.8202;0.00333923;90
-55.9434;0.00407491;90
-34.6915;0.00301498;90
-63.2421;0.00411797;90
-68.5142;0.00525841;90
-62.9897;0.0046042;90
-42.8279;0.00388056;90
-33.97;0.00317847;90
-30.0407;0.00355563;90
-33.2472;0.00373186;90
-46.4935;0.00444921;90
-65.7213;0.00559373;90
-47.6694;0.00379563;90
-34.3552;0.00336864;90
-53.8033;0.00420449;90
-48.1503;0.00349981;90
-42.6783;0.00249601;90
-55.3653;0.00371783;90
-62.9203;0.00502823;90
-72.3293;0.00604523;90
-84.8915;0.00718755;90
-87.7154;0.00689848;90
-84.1206;0.00793675;90
-81.8433;0.00701294;90
-80.9983;0.00707514;90
-82.4604;0.00714881;90
-85.5644;0.00715042;90
-82.6616;0.00719493;90
-76.8595;0.00718309;90
-76.0205;0.00685503;90
-67.3467;0.00593269;90
-65.3753;0.00587752;90
-65.6205;0.00566406;90
-69.1079;0.00562802;90
-76.3087;0.00572055;90
-70.0542;0.00563714;90
-48.8963;0.00413127;90
-14.844;0.00325151;90
-16.2162;0.00348776;90
-9.01844;0.00305578;90
-16.325;0.0033584;90
-34.4739;0.00366941;90
-55.6711;0.00440293;90
-75.5107;0.00545965;90
-83.3632;0.00687004;90
-82.011;0.00614464;90
-76.6018;0.00559734;90
-68.3293;0.00488529;90
-52.4713;0.00429608;90
-52.691;0.00427973;90
-49.8406;0.00402223;90
-47.0713;0.00397159;90
-56.3064;0.00449751;90
-34.2889;0.00326431;90
-21.3867;0.00361707;90
-21.3236;0.00320651;90
-22.0917;0.00337153;90
-21.7421;0.00304782;90
-28.4609;0.00327137;90
-49.7644;0.00458871;90
-60.6498;0.00705911;90
-60.1306;0.00593545;90
-59.8364;0.00475252;90
-67.5208;0.0071741;90
-73.7418;0.00701868;90
-74.4445;0.00654057;90
-78.1614;0.00760885;90
-80.0977;0.00807124;90
-81.0187;0.00787252;90
-80.2902;0.00780278;90
-83.376;0.00760275;90
-86.7318;0.00770052;90
-86.3427;0.00794819;90
-87.1626;0.00801983;90
-91.8384;0.00798011;90
-96.2766;0.0079577;90
-96.9696;0.00731808;90
-95.0169;0.00689542;90
-71.4922;0.00820643;90
-37.2191;0.00127962;90
-46.9433;0.00458752;90
-42.294;0.00738406;90
-40.0283;0.0017787;90
-42.6232;0.0027792;90
-70.0016;0.00384803;90
-42.9994;0.00174196;90
-16.0346;0.00308814;90
-7.50407;0.00309349;90
19.6455;0.00324807;90
43.9661;0.00419312;90
65.2329;0.00498889;90
66.8328;0.00527432;90
64.9195;0.00397035;90
34.8025;0.00148577;90
-0.524832;0.00196508;90
-28.9254;0.0025844;90
-25.3101;0.000755525;90
-59.3078;0.00184552;90
-52.6993;0.00202146;90
-57.4222;0.00251465;90
-49.6566;0.00185521;90
-54.7856;0.00344064;90
-68.6741;0.00503475;90
-73.0963;0.00939595;90
-78.6628;0.00288938;90
-75.5275;0.00477761;90
-70.0758;0.00657027;90
-70.8083;0.00646426;90
-62.7938;0.0057153;90
-72.44;0.00668868;90
-69.2267;0.00549524;90
-58.0749;0.00551994;90
-75.7145;0.00669089;90
-90.2682;0.00640807;90
-95.4477;0.0128611;90
-95.4208;0.00625598;90
-101.18;0.00622004;90
-103.183;0.00627024;90
-105.038;0.00566189;90
-102.707;0.00532339;90
-101.114;0.00781763;90
-94.5308;0.00492439;90
-84.3472;0.0102639;90
-83.3538;0.00705038;90
-96.2864;0.00682202;90
-100.139;0.00695867;90
-92.7624;0.00663972;90
-82.3709;0.00692227;90
-79.5483;0.00582668;90
-81.2057;0.00823481;90
-82.3947;0.00711761;90
-79.9618;0.00724592;90
-81.6961;0.00736724;90
-80.5639;0.00502601;90
-77.7639;0.00968195;90
-78.3309;0.0067883;90
-82.5891;0.00733427;90
-76.766;0.00708516;90
-75.1446;0.00665028;90
-83.3642;0.00858451;90
-85.0912;0.00708198;90
-88.2003;0.00694142;90
-89.1093;0.00636877;90
-87.5422;0.00603956;90
-81.8124;0.00535761;90
-75.6854;0.00613962;90
-75.6915;0.0069919;90
-77.1648;0.00730144;90
-76.1858;0.0075092;90
-78.2141;0.00795573;90
-78.3815;0.00753744;90
-78.7218;0.00742947;90
-78.9322;0.0071938;90
-80.635;0.00745435;90
-71.459;0.00734314;90
-54.9682;0.00566171;90
-53.237;0.00546861;90
-53.0624;0.0055862;90
-53.6892;0.00541066;90
-56.8962;0.00609897;90
-67.9091;0.00536592;90
-68.8488;0.00767398;90
-68.8631;0.00579594;90
-62.7067;0.00446847;90
-49.6233;0.00467576;90
-49.6385;0.00500148;90
-47.0184;0.00487853;90
-41.9188;0.00467012;90
-44.8918;0.00449155;90
-42.7714;0.00443692;90
-49.1107;0.00507027;90
-73.2106;0.0074224;90
-76.4139;0.00685378;90
-76.7801;0.00667283;90
-74.8596;0.006482;90
-68.9625;0.00623992;90
-64.0879;0.0063182;90
-68.6513;0.00667503;90
-71.7411;0.00545464;90
-66.47;0.00742432;90
-80.6295;0.0075913;90
-89.1114;0.0123155;90
-81.8699;0.00118794;90
-85.4448;0.00696299;90
-82.5696;0.00242032;90
-81.7798;0.0072808;90
-88.8917;0.00398074;90
-93.2523;0.00188604;90
-89.0483;0.0093923;90
-91.7515;0.00572567;90
-89.1484;0.0225385;90
-93.253;0.00382416;90
-40.0182;0.00434816;90
-21.0547;0.01053;90
-54.4965;0.0017529;90
-48.2469;0.00612985;90
-61.4129;0.00176178;90
-72.0223;0.0119263;90
-66.7661;0.00191642;90
-63.76;0.00220748;90
-56.1425;0.00484089;90
-48.2833;0.00434594;90
-54.2313;0.00490151;90
-55.1806;0.00486872;90
-69.9183;0.0056122;90
-81.8389;0.00706555;90
-92.2989;0.00693058;90
-91.2992;0.00710083;90
-89.7696;0.00671305;90
-78.6106;0.00622356;90
-82.0074;0.00665969;90
-87.6701;0.00676459;90
-79.0818;0.0188747;90
-70.8337;0.00222959;90
-71.2956;0.00504231;90
-71.9264;0.00586646;90
-72.5538;0.00612055;90
-79.0574;0.00666926;90
-69.2669;0.00617489;90
-66.8176;0.0116192;90
-68.1773;0.0024937;90
-72.0403;0.0046895;90
-79.8253;0.00740445;90
-80.4583;0.00699781;90
-82.6864;0.00802832;90
-78.1459;0.00700029;90
-77.6411;0.0126194;90
-73.5926;0.00235073;90
-63.8062;0.00476203;90
-59.9144;0.00967897;90
-76.5555;0.00234836;90
-76.1047;0.00562151;90
-73.6612;0.00644113;90
-63.7038;0.00571769;90
-43.9146;0.00447962;90
-51.9404;0.00484524;90
-46.896;0.00523616;90
-56.7083;0.00534522;90
-71.8844;0.00697894;90
-73.4807;0.00680175;90
-66.2424;0.0109292;90
-68.0298;0.00302573;90
-67.0537;0.0101675;90
-83.5055;0.00282916;90
-79.0139;0.012111;90
-78.6256;0.00278877;90
-83.5908;0.0125686;90
-83.9088;0.00284607;90
-86.5669;0.0199388;90
-87.7916;0.00267299;90
-70.7314;0.013085;90
-61.4906;0.00375652;90
-62.4994;0.0101612;90
-125.83;0.000958358;90
-131.48;0.00164713;90
-176.829;0.000687052;90
165.207;0.00367376;90
102.732;0.00147015;90
136.741;0.00183862;90
172.193;0.000927597;90
165.207;0.000532655;90
155.947;0.00140829;90
95.1127;0.00184032;90
-1.22003;0.00211348;90
-32.0152;0.000616813;90
-36.2008;0.00104467;90
-101.049;0.00444031;90
166.517;0.00188289;90
165.396;0.0018601;90
-153.728;0.00148879;90
-139.117;0.00163481;90
-142.88;0.00146481;90
165.023;0.00195025;90
123.298;0.00198726;90
93.4136;0.00256956;90
90.7739;0.00281326;90
96.4723;0.00287432;90
100.697;0.00273147;90
108.428;0.00243906;90
110.254;0.00146456;90
-121.163;0.000937245;90
-125.001;0.00103035;90
89.6422;0.00672513;90
101.646;0.00361134;90
102.621;0.00431117;90
101.733;0.00440607;90
105.234;0.00444519;90
106.272;0.00409712;90
104.565;0.00423097;90
104.104;0.0041202;90
103.014;0.00406336;90
110.667;0.00345963;90
142.175;0.00253075;90
115.453;0.00297364;90
103.661;0.00315012;90
103.153;0.00130524;90
-130.559;0.00162557;90
120.246;0.00113558;90
109.77;0.0017916;90
98.4632;0.00197046;90
92.3656;0.0014052;90
92.2288;0.0018514;90
95.454;0.00337729;90
91.2647;0.00289971;90
95.4442;0.00278255;90
108.896;0.0024733;90
114.1;0.00227753;90
111.188;0.00208065;90
112.442;0.0021087;90
92.0188;0.00238448;90
57.7433;0.00120852;90
96.7614;0.00142692;90
108.987;0.00377435;90
116.196;0.00381928;90
104.578;0.00440998;90
107.628;0.0043356;90
118.487;0.00337344;90
131.804;0.00312036;90
127.065;0.00282222;90
107.851;0.00378418;90
105.084;0.00434988;90
93.1451;0.00439262;90
82.7346;0.00440436;90
84.8373;0.0044119;90
102.894;0.00336997;90
103.251;0.00244305;90
105.378;0.00388406;90
114.634;0.00400886;90
115.807;0.00354895;90
109.318;0.00176539;90
118.964;0.00686001;90
104.074;0.00219592;90
105.061;0.00298245;90
103.597;0.00379434;90
104.608;0.00413156;90
110.661;0.00375235;90
128.787;0.00266589;90
135.078;0.00260852;90
146.33;0.00241516;90
153.448;0.0019664;90
179.592;0.00266607;90
-167.902;0.00235224;90
157.636;0.00209994;90
123.422;0.00284675;90
117.971;0.00348171;90
119.599;0.0028729;90
115.82;0.00333605;90
114.798;0.00400312;90
102.042;0.00469736;90
97.6501;0.00484512;90
95.7771;0.00522554;90
100.836;0.00521295;90
104.196;0.0050564;90
111.823;0.00437127;90
118.214;0.00354295;90
99.1845;0.00444195;90
110.696;0.00416796;90
110.261;0.00399947;90
104.63;0.00458878;90
108.832;0.0047059;90
108.235;0.00434942;90
92.6327;0.00465892;90
102.291;0.00387072;90
109.859;0.00343529;90
104.395;0.00376107;90
104.412;0.00340309;90
109.23;0.00275682;90
110.435;0.00596326;90
107.655;0.00151013;90
108.782;0.00297544;90
104.995;0.00347845;90
112.305;0.00346744;90
136.584;0.00219994;90
130.101;0.00255847;90
105.746;0.00343074;90
99.4932;0.00365607;90
123.769;0.00280651;90
155.993;0.00195403;90
130.102;0.00235194;90
93.9011;0.00442425;90
93.0252;0.00462344;90
96.4067;0.00475872;90
91.1826;0.00513609;90
89.5991;0.00485912;90
97.5737;0.00416534;90
97.131;0.00236832;90
-135.075;0.0016214;90
-147.05;0.00145982;90
-158.922;0.000809139;90
-117.817;0.00077789;90
59.8762;0.00662124;90
101.282;0.00280623;90
103.894;0.00360652;90
109.912;0.00335028;90
110.112;0.00329492;90
110.27;0.00286333;90
108.385;0.00256176;90
95.4719;0.00284195;90
115.412;0.00115583;90
117.935;0.00207701;90
95.557;0.00137345;90
46.9497;0.0019952;90
-2.23381;0.000846643;90
49.4454;0.0015965;90
54.7502;0.00222129;90
38.6064;0.00586729;90
84.5674;0.00350675;90
91.5881;0.0212171;90
87.1811;0.00473773;90
91.301;0.00519734;90
91.0607;0.0041057;90
97.1216;0.00618673;90
79.8699;0.00149531;90
98.4964;0.00477844;90
97.6842;0.00490606;90
95.064;0.00357997;90
88.8239;0.00219246;90
89.6909;0.0070441;90
95.1888;0.00923284;90
106.048;0.00854082;90
111.745;0.00756857;90
112.05;0.00779408;90
115.983;0.00681812;90
110.141;0.00545988;90
103.666;0.0114491;90
105.106;0.0031312;90
104.638;0.0127261;90
129.091;0.00249307;90
137.173;0.00802011;90
135.403;0.00170912;90
136.761;0.00766088;90
131.459;0.00444204;90
130.934;0.00194449;90
130.543;0.003703;90
130.593;0.00371765;90
113.848;0.00595329;90
111.63;0.00675786;90
110.899;0.00681215;90
120.327;0.0109539;90
126.785;0.0021476;90
124.461;0.00346386;90
128.273;0.00671281;90
127.235;0.0048935;90
117.39;0.0063341;90
102.633;0.00796993;90
101.134;0.00626594;90
100.872;0.0072369;90
100.635;0.0131448;90
102.059;0.00243166;90
103.831;0.00473942;90
103.05;0.00647011;90
103.968;0.00608183;90
104.47;0.00525468;90
102.685;0.00592461;90
101.628;0.0035376;90
102.8;0.00385479;90
93.264;0.00456641;90
90.663;0.00561738;90
91.0845;0.00702726;90
93.4567;0.0100673;90
96.1524;0.00320043;90
100.161;0.00793547;90
101.685;0.00647825;90
102.072;0.00740678;90
99.3515;0.00739731;90
103.151;0.00645222;90
103.523;0.00628217;90
98.5373;0.00652733;90
99.2857;0.00645154;90
98.4897;0.00669233;90
99.1811;0.00659955;90
98.0237;0.00639763;90
98.4502;0.0062266;90
99.3781;0.0064867;90
95.006;0.00699066;90
84.4345;0.00624846;90
83.7933;0.013652;90
98.1389;0.00827131;90
95.1004;0.00767138;90
82.0834;0.00686846;90
77.3091;0.00624968;90
76.3444;0.00773876;90
76.1812;0.0019175;90
75.1884;0.00437332;90
80.664;0.0170691;90
88.1084;0.00336283;90
89.9617;0.016473;90
104.684;0.00190936;90
114.529;0.00442977;90
119.547;0.00624978;90
109.94;0.0138492;90
117.394;0.00228863;90
109.825;0.00779288;90
109.989;0.00234316;90
104.388;0.00971883;90
104.21;0.00248503;90
107.853;0.00883649;90
111.71;0.00150581;90
126.469;0.00500512;90
122.912;0.00273853;90
124.047;0.00168965;90
124.834;0.0022234;90
141.846;0.00178545;90
144.304;0.00151332;90
169.227;0.00232192;90
-135.789;0.00236196;90
-122.002;0.00162847;90
-112.31;0.00867974;90
-117.387;0.00233917;90
-136.472;0.0072658;90
176.61;0.00361933;90
161.951;0.00384731;90
167.949;0.000924373;90
114.233;0.00693398;90
149.188;0.00219828;90
139.275;0.00573858;90
135.268;0.00604159;90
128.532;0.00645952;90
88.1588;0.00831029;90
82.5553;0.00853596;90
84.345;0.00995545;90
88.0515;0.00941144;90
93.5703;0.00881611;90
93.7733;0.00945149;90
94.9333;0.00967484;90
99.4542;0.00926586;90
99.7114;0.00899896;90
99.1546;0.00774363;90
104.183;0.0131869;90
106.499;0.00370767;90
108.497;0.00701014;90
118.856;0.0148213;90
120.015;0.0029507;90
119.981;0.00273958;90
144.745;0.012562;90
156.7;0.00251295;90
153.603;0.00993936;90
121.142;0.00363716;90
131.263;0.0046974;90
129.907;0.00492251;90
129.111;0.00514093;90
118.379;0.00531243;90
104.692;0.00663184;90
97.0958;0.00680008;90
96.3557;0.00691953;90
104.307;0.00539017;90
126.754;0.00502861;90
146.174;0.00338978;90
162.198;0.00334937;90
173.16;0.00316553;90
164.282;0.00641177;90
139.545;0.00178469;90
126.321;0.00313014;90
107.647;0.005865;90
104.598;0.00628076;90
109.326;0.00524559;90
116.309;0.00509471;90
115.802;0.00553923;90
109.963;0.00911788;90
103.199;0.00243944;90
103.082;0.00623379;90
100.32;0.0065591;90
94.7495;0.0067271;90
95.8129;0.00780011;90
98.5094;0.00687973;90
97.6902;0.00629966;90
97.6166;0.00673744;90
94.3881;0.00707073;90
93.9017;0.00756854;90
97.2757;0.00650639;90
113.351;0.00503326;90
116.548;0.00444799;90
136.117;0.00453554;90
123.128;0.00158458;90
128.939;0.00279242;90
131.339;0.0658735;90
97.2512;0.00619555;90
120.363;0.00409115;90
123.306;0.00334908;90
128.022;0.00300341;90
138.302;0.0030442;90
137.769;0.00358568;90
119.839;0.00480734;90
98.622;0.00677051;90
91.4533;0.00721532;90
96.9045;0.00638027;90
108.037;0.00518689;90
126.062;0.0040686;90
136.229;0.00303277;90
134.051;0.00491012;90
131.506;0.00453604;90
138.776;0.00469194;90
126.913;0.0050166;90
117.383;0.00573118;90
119.529;0.00588202;90
123.434;0.00509636;90
115.351;0.00548854;90
116.102;0.00564357;90
117.554;0.00546711;90
127.631;0.00444339;90
121.394;0.00470708;90
108.529;0.00462262;90
109.053;0.00398533;90
105.281;0.00415489;90
112.266;0.00276844;90
115.477;0.003157;90
142.455;0.00266498;90
-129.889;0.00299235;90
-170.811;0.0037633;90
144.773;0.00111646;90
147.66;0.00254234;90
152.086;0.00265942;90
169.991;0.00254879;90
-165.544;0.00261582;90
-169.338;0.00227019;90
114.885;0.00331036;90
123.376;0.00257939;90
157.446;0.00240385;90
-141.941;0.00262136;90
-151.849;0.000985589;90
86.5422;0.00265283;90
-171.885;0.00157275;90
-163.105;0.0019648;90
147.344;0.00204413;90
120.578;0.00302925;90
104.341;0.0027858;90
114.824;0.00228184;90
126.311;0.00145567;90
-114.301;0.00152843;90
-31.323;0.00262569;90
-67.2076;0.00201862;90
-70.8442;0.00324254;90
-41.3202;0.00280947;90
16.5909;0.00227992;90
5.14885;0.00159343;90
-86.4252;0.0022614;90
36.624;0.00233002;90
5.86488;0.00214322;90
-43.1201;0.00226325;90
69.3928;0.00275316;90
77.8905;0.00297929;90
72.1249;0.00194173;90
71.5161;0.00185151;90
79.1864;0.00201478;90
-44.3343;0.00103457;90
152.339;0.000818551;90
-100.171;0.00183483;90
-105.252;0.00177139;90
-106.488;0.00145169;90
-104.985;0.0024907;90
-106.648;0.00267722;90
-92.6812;0.00205225;90
-72.4991;0.00267691;90
-22.2264;0.00202766;90
23.0381;0.0026243;90
-3.09024;0.00283813;90
-21.6394;0.00269278;90
-30.6173;0.00311996;90
-31.0056;0.00258191;90
23.0482;0.00290162;90
46.5391;0.00313291;90
-44.8898;0.00294016;90
-53.5325;0.00227806;90
-74.1149;0.00365352;90
-75.1772;0.00448733;90
-70.4335;0.00449985;90
-70.3961;0.00533208;90
-53.15;0.0051774;90
-57.1711;0.00459482;90
-64.7928;0.00598271;90
-65.7636;0.00424846;90
-62.1208;0.00643486;90
-54.0127;0.00536244;90
-64.3954;0.00613663;90
-59.4772;0.00552688;90
-45.2744;0.018013;90
-43.5281;0.00203714;90
-56.0941;0.00412312;90
-73.0112;0.00528775;90
-86.7774;0.00631499;90
-86.5674;0.0057954;90
-81.6182;0.00627705;90
-67.4736;0.00532747;90
-43.4166;0.0037873;90
-36.5168;0.00282325;90
-55.1276;0.00290336;90
-53.9211;0.00294108;90
-59.8132;0.00414859;90
-56.237;0.00348713;90
-85.1664;0.00149532;90
-87.6707;0.0029034;90
173.625;0.000729511;90
-52.0384;0.00231982;90
-76.3036;0.00167668;90
-71.6866;0.00268288;90
-60.6238;0.00169609;90
-75.0349;0.00230415;90
-90.1117;0.002051;90
-65.0313;0.00122002;90
-92.0359;0.00171708;90
99.0915;0.00536034;90
105.68;0.000947249;90
107.452;0.00254411;90
107.785;0.00524466;90
139.83;0.00142777;90
103.337;0.00806758;90
119.552;0.0029095;90
125.641;0.00276123;90
125.59;0.00303616;90
139.286;0.00315049;90
138.626;0.0037566;90
117.679;0.00485229;90
98.2446;0.00665276;90
91.7261;0.0068391;90
94.0906;0.00577571;90
109.585;0.00568913;90
123.79;0.00413557;90
137.001;0.00340184;90
132.797;0.00432291;90
132.559;0.00471502;90
138.092;0.00441807;90
127.683;0.00477508;90
117.205;0.00496304;90
118.169;0.0055606;90
123.227;0.00490732;90
125.099;0.00367656;90
114.525;0.00543978;90
113.195;0.00556805;90
121.203;0.00522132;90
128.439;0.00428841;90
116.438;0.00485809;90
106.918;0.00480076;90
109.954;0.00407887;90
103.952;0.00363731;90
111.406;0.00112887;90
126.171;0.00067265;90
114.96;0.0031447;90
137.145;0.00234217;90
-137.788;0.00261656;90
-135.598;0.00237106;90
167.176;0.000504587;90
176.398;0.000970918;90
161.842;0.00144075;90
143.842;0.00157792;90
147.325;0.00148738;90
152.397;0.00140716;90
154.777;0.00169898;90
164.741;0.0014553;90
175.301;0.000964242;90
-170.235;0.00102586;90
128.504;0.000687479;90
85.5183;0.00195799;90
-31.7352;0.00993547;90
-30.4189;0.00137068;90
-27.0994;0.00124689;90
25.1611;0.00220856;90
49.5382;0.00294018;90
-39.9361;0.00421383;90
-56.587;0.000975174;90
-26.9844;0.00067218;90
-78.6402;0.00699095;90
-61.7864;0.00164777;90
-72.872;0.00332758;90
-71.4057;0.00454737;90
-56.397;0.00456241;90
-53.5156;0.0042213;90
-60.4311;0.00468519;90
-64.6493;0.00778684;90
-63.3501;0.00241451;90
-60.5593;0.00443927;90
-54.3673;0.00455726;90
-61.9632;0.00491024;90
-62.3163;0.00513141;90
-53.093;0.0043196;90
-43.4938;0.00416984;90
-47.5065;0.00436561;90
-47.2878;0.00341876;90
-41.5737;0.00318272;90
-51.9826;0.00603181;90
-70.3462;0.00230424;90
-76.4504;0.00579633;90
-89.1243;0.00673979;90
-86.7254;0.00640746;90
-77.1057;0.00620651;90
-47.2939;0.0039927;90
-39.461;0.00249075;90
-41.178;0.00204738;90
-45.1138;0.00213547;90
-59.357;0.00260356;90
-55.8657;0.00286206;90
-59.1791;0.00350733;90
-54.9349;0.00276237;90
-82.4621;0.00160083;90
-91.3715;0.00288283;90
165.901;0.000669156;90
-82.3442;0.00693582;90
92.4628;0.0040027;90
-84.1527;0.00183555;90
-79.5226;0.00178171;90
-80.0941;0.00152879;90
-81.2095;0.00137414;90
-80.5506;0.00146184;90
-80.7622;0.0014265;90
-60.7454;0.000695736;90
10.1159;0.000461169;90
97.8428;0.00947563;90
-72.6618;0.0023791;90
-66.7034;0.00176489;90
-74.3469;0.00142692;90
-72.5688;0.00194953;90
-35.7916;0.00123282;90
-22.06;0.00127537;90
10.369;0.00103897;90
33.4823;0.00244708;90
7.38604;0.000707874;90
-36.8282;0.002746;90
-60.5962;0.00433435;90
-68.9408;0.0053182;90
-62.478;0.00538207;90
-41.0308;0.00406572;90
-30.5792;0.00370531;90
-32.222;0.00356151;90
-33.5665;0.00334235;90
-52.4833;0.0046421;90
-65.0456;0.00437548;90
-51.1838;0.00366291;90
-30.2819;0.00275258;90
-49.8238;0.0032458;90
-52.4176;0.00405311;90
-45.2158;0.00225286;90
-50.4159;0.00447262;90
-61.2543;0.00165723;90
-64.3822;0.00330044;90
-64.3301;0.0044369;90
-82.6934;0.00512663;90
-45.357;0.000907943;90
90.6972;0.00189014;90
94.0127;0.00408702;90
96.6964;0.00298436;90
-83.7525;0.00368488;90
-84.6496;0.0039251;90
-93.4375;0.00146764;90
-179.68;0.000537008;90
98.1954;0.00471414;90
110.732;0.00533336;90
114.574;0.00472498;90
127.517;0.0030624;90
136.202;0.00259495;90
133.937;0.00289681;90
124.919;0.0039587;90
140.62;0.00329256;90
140.238;0.00266419;90
122.3;0.00484701;90
118.798;0.00531425;90
143.65;0.00385516;90
151.33;0.00354343;90
146.452;0.00380359;90
141.258;0.004113;90
119.846;0.00562622;90
111.301;0.00550292;90
120.514;0.00459082;90
142.016;0.00280773;90
125.815;0.00257364;90
131.302;0.00339836;90
126.728;0.00442801;90
115.533;0.00471663;90
172.381;0.000920124;90
-94.0922;0.0030969;90
121.766;0.00106563;90
55.9454;0.00296438;90
-64.7235;0.00359964;90
-59.7914;0.00430688;90
-46.0266;0.00343355;90
-53.5014;0.00361128;90
-40.11;0.00330148;90
-55.6083;0.0041675;90
-68.7043;0.00563904;90
-63.8239;0.0055335;90
-40.2906;0.00378094;90
-32.7791;0.00314;90
-31.6562;0.00323539;90
-27.2689;0.0029487;90
-47.6183;0.00374592;90
-61.4888;0.00451678;90
-60.4654;0.00439396;90
-37.0285;0.00296241;90
-37.4704;0.00312977;90
-57.3347;0.00334982;90
-47.9636;0.00259856;90
-42.8701;0.00237823;90
-44.6313;0.00219773;90
-60.9925;0.00401918;90
-63.5328;0.00392878;90
-72.4243;0.00516616;90
-82.1994;0.00371336;90
66.5031;0.00138701;90
89.3069;0.00347225;90
108.435;0.00297887;90
92.5348;0.00165062;90
-90.2559;0.00671607;90
102.639;0.00472551;90
115.104;0.00490977;90
117.93;0.00418666;90
136.089;0.00264152;90
135.822;0.00280821;90
128.057;0.00331091;90
128.231;0.00335955;90
146.518;0.0027444;90
127.717;0.00577343;90
114.785;0.00161254;90
116.541;0.0032338;90
136.973;0.00373715;90
147.854;0.00357273;90
148.781;0.0036214;90
144.671;0.00513946;90
126.881;0.0040356;90
111.604;0.00583384;90
112.559;0.00480139;90
136.036;0.00547532;90
121.181;0.00126704;90
128.773;0.00260124;90
134.919;0.00300945;90
117.166;0.00512088;90
118.63;0.00233329;90
-152.547;0.00112577;90
-91.2489;0.00279866;90
131.165;0.00101485;90
104.444;0.00934125;90
123.753;0.00151905;90
121.932;0.00370576;90
133.664;0.00321538;90
138.892;0.00381303;90
133.155;0.00388757;90
105.35;0.00621054;90
92.1262;0.0133692;90
99.3652;0.0027162;90
106.907;0.00505132;90
124.376;0.00435693;90
137.278;0.00384263;90
131.69;0.00345361;90
130.809;0.00361875;90
135.353;0.00389765;90
133.961;0.00440812;90
124.101;0.00510837;90
118.131;0.00577747;90
117.891;0.00543197;90
124.197;0.00564014;90
116.332;0.0052709;90
113.381;0.0053547;90
121.161;0.00498412;90
127.729;0.00458712;90
116.151;0.00551339;90
109.247;0.00499943;90
108.353;0.0039636;90
103.022;0.00360367;90
99.0816;0.00207805;90
46.394;0.00249966;90
71.9993;0.00471478;90
93.5455;0.00486732;90
105.02;0.00565313;90
106.131;0.00558593;90
104.933;0.00566948;90
114.535;0.00469601;90
131.159;0.00413738;90
151.725;0.00133418;90
146.431;0.00235831;90
141.935;0.00409369;90
174.694;0.000605595;90
134.894;0.00152452;90
128.689;0.00274038;90
114.556;0.00346983;90
107.361;0.00253027;90
106.95;0.00198942;90
108.643;0.00313763;90
103.434;0.00399017;90
106.853;0.00469777;90
115.792;0.0043737;90
105.565;0.00881737;90
103.649;0.00305117;90
111.235;0.00414975;90
134.94;0.00404607;90
124.501;0.00391935;90
109.554;0.00526461;90
100.307;0.00509725;90
93.119;0.00433743;90
90.3378;0.00271405;90
83.4384;0.00237153;90
81.4843;0.00489598;90
79.2895;0.00519246;90
82.5808;0.00584695;90
85.4182;0.00549556;90
86.2477;0.00524124;90
87.0003;0.00554159;90
106.278;0.0051838;90
119.294;0.00509104;90
108.457;0.00565067;90
102.359;0.00662964;90
97.8932;0.00653188;90
95.9777;0.00670244;90
97.0543;0.00633495;90
98.2995;0.00602712;90
101.061;0.00564486;90
101.189;0.0052875;90
101.293;0.00670482;90
99.5641;0.00555521;90
94.1269;0.00593338;90
91.3497;0.0064958;90
92.3853;0.00732835;90
92.4689;0.00733581;90
103.719;0.00688545;90
106.101;0.00506258;90
92.3143;0.00839485;90
91.01;0.00737515;90
102.683;0.00649959;90
106.578;0.00672558;90
106.024;0.00581805;90
101.221;0.00705587;90
95.8625;0.00739166;90
93.6373;0.00715642;90
92.1493;0.00743923;90
91.5362;0.0072366;90
90.0612;0.007486;90
89.4673;0.00785234;90
87.4633;0.00723008;90
77.4434;0.0069318;90
78.9606;0.00693533;90
90.4502;0.00738123;90
94.9553;0.00737456;90
99.6197;0.00712113;90
98.0552;0.00356821;90
103.289;0.00801357;90
104.615;0.00538214;90
103.516;0.00664502;90
104.948;0.00495466;90
100.958;0.0120416;90
97.9178;0.00251901;90
96.5651;0.00467063;90
92.7979;0.00594108;90
91.4205;0.00568775;90
90.9872;0.00574585;90
91.4548;0.00630203;90
92.8424;0.00600939;90
93.8408;0.00712099;90
95.661;0.00861703;90
92.6593;0.0078885;90
89.0079;0.00791219;90
90.5948;0.00770642;90
96.8281;0.0074438;90
103.443;0.00707175;90
105.274;0.0054018;90
105.604;0.00633862;90
104.614;0.00668632;90
105.016;0.00499042;90
99.5907;0.00858296;90
96.855;0.0132376;90
94.3397;0.00245805;90
96.2168;0.00630709;90
94.3837;0.00643683;90
94.6472;0.00617129;90
93.0881;0.00623706;90
86.444;0.00596549;90
82.0905;0.006097;90
80.1746;0.00583661;90
82.6251;0.00594417;90
87.7718;0.011883;90
103.04;0.00246866;90
102.725;0.00401768;90
96.0645;0.00610517;90
92.0187;0.00496808;90
89.9656;0.005001;90
89.2491;0.00557048;90
91.7452;0.00476121;90
91.0072;0.00893138;90
90.9421;0.00255435;90
92.9848;0.00247736;90
90.7022;0.00220317;90
85.4674;0.00193606;90
94.5909;0.00228634;90
89.7417;0.00244002;90
90.5575;0.00277513;90
92.0337;0.00278976;90
91.564;0.00293109;90
80.9287;0.0112264;90
65.2938;0.00388788;90
63.96;0.00458771;90
61.8098;0.00466766;90
46.3793;0.00431814;90
46.7304;0.00508147;90
47.0447;0.00396374;90
61.1378;0.00425105;90
84.7557;0.00530621;90
87.6371;0.00601511;90
89.3001;0.00687651;90
78.713;0.00488957;90
83.4357;0.00894867;90
81.9154;0.00623598;90
85.7472;0.00617601;90
90.8452;0.00542359;90
90.7557;0.00697561;90
81.6021;0.00650475;90
78.4864;0.0111422;90
76.8766;0.00226824;90
78.4788;0.00521202;90
78.7488;0.00535593;90
88.0795;0.0056992;90
91.4145;0.00571174;90
88.1881;0.00423812;90
89.5866;0.00526714;90
89.3141;0.00568041;90
91.5072;0.0063492;90
90.7053;0.00625547;90
93.3094;0.00542204;90
93.418;0.00620604;90
92.415;0.00533974;90
93.3808;0.005172;90
93.8403;0.0055244;90
92.69;0.00600862;90
90.3199;0.00680611;90
88.5958;0.00652896;90
88.4643;0.00768676;90
88.1591;0.00771998;90
86.1311;0.00361624;90
80.1619;0.0120563;90
61.6743;0.00576417;90
43.5574;0.00460614;90
30.9638;0.00384843;90
40.7997;0.00435404;90
55.9127;0.00524038;90
74.7979;0.00719995;90
85.0688;0.00701496;90
78.4912;0.00644049;90
64.3739;0.00553993;90
51.8291;0.00472162;90
61.2026;0.0052583;90
63.2721;0.00566532;90
55.4849;0.0049698;90
59.3353;0.00558613;90
73.5141;0.00650857;90
84.273;0.00695471;90
80.725;0.00683739;90
80.1435;0.00633247;90
87.7878;0.00709829;90
94.0856;0.00727048;90
96.5727;0.00666581;90
93.5774;0.00685937;90
91.806;0.00701248;90
89.149;0.00693476;90
80.5406;0.00645578;90
77.2743;0.00659603;90
75.5158;0.00744462;90
74.0928;0.0072205;90
76.3323;0.00754156;90
78.3914;0.00771276;90
83.7317;0.00783082;90
83.1605;0.00771692;90
81.0031;0.00663766;90
75.0455;0.00767287;90
70.8833;0.00736199;90
78.7432;0.00740241;90
84.8837;0.0136022;90
87.2747;0.00281819;90
90.3589;0.00670413;90
93.3925;0.00812824;90
93.0827;0.00779127;90
79.5546;0.0125815;90
75.2754;0.00292713;90
76.9886;0.00665794;90
83.8406;0.00657998;90
89.8895;0.00362801;90
93.3749;0.00278583;90
94.4859;0.00443659;90
97.0328;0.00601123;90
98.4527;0.0055513;90
100.085;0.00599056;90
99.1285;0.00538925;90
98.8906;0.00693634;90
98.91;0.00632735;90
98.1753;0.00627982;90
95.3129;0.00560508;90
93.8339;0.00575789;90
94.9843;0.00478811;90
99.6243;0.00168674;90
94.0655;0.00506374;90
88.5732;0.00783143;90
84.1433;0.00795754;90
82.7706;0.00782722;90
83.5418;0.00820607;90
87.9249;0.00778811;90
90.5567;0.00782237;90
89.6915;0.00780011;90
89.9242;0.00831601;90
90;0.007726;90
86.9977;0.00778969;90
82.2933;0.00665915;90
84.2175;0.0068187;90
83.7139;0.00643871;90
98.2958;0.00264063;90
-66.0747;0.00266061;90
10.728;0.00133229;90
75.5954;0.000980834;90
101.436;0.00169464;90
-2.58302;0.000798812;90
-135.278;0.00495546;90
99.1308;0.00173296;90
65.8052;0.00340621;90
73.2171;0.0131188;90
66.669;0.00272698;90
63.7119;0.00360816;90
52.728;0.00515853;90
50.9641;0.00556678;90
62.535;0.00669114;90
76.5102;0.00714615;90
82.6382;0.00780433;90
77.1077;0.0073862;90
57.0997;0.00567401;90
60.271;0.00669291;90
65.4035;0.00674394;90
69.0117;0.0132812;90
67.5515;0.00259786;90
69.5498;0.00418154;90
71.2489;0.00573013;90
97.8302;0.0117001;90
103.712;0.00278435;90
115.744;0.00424315;90
130.122;0.0103116;90
151.302;0.00157439;90
166.202;0.0027967;90
142.888;0.00942368;90
120.991;0.00253252;90
116.774;0.00429328;90
110.751;0.00666647;90
115.493;0.0115916;90
124.212;0.00255755;90
133.264;0.00854436;90
140.882;0.00193209;90
136.958;0.00809049;90
131.884;0.00201611;90
126.994;0.00871162;90
125.44;0.00246097;90
127.518;0.00889977;90
130.232;0.00218616;90
136.609;0.00830895;90
143.986;0.00191501;90
142.451;0.0071163;90
136.438;0.00216938;90
124.155;0.00922635;90
114.473;0.00660214;90
110.143;0.00726856;90
111.48;0.00662516;90
114.322;0.00698277;90
118.61;0.00290695;90
122.292;0.00921881;90
127.533;0.00207314;90
133.106;0.00832366;90
130.571;0.00206952;90
123.597;0.00513598;90
119.987;0.0065486;90
128.012;0.00498679;90
133.877;0.00552003;90
143.13;0.004625;90
150.137;0.004579;90
154.816;0.00434281;90
157.659;0.00428028;90
159.326;0.00373877;90
145.786;0.00534254;90
137.217;0.00498955;90
127.838;0.00554099;90
124.284;0.00582994;90
117.309;0.00627091;90
113.928;0.00660026;90
114.661;0.00658349;90
119.47;0.0065919;90
116.338;0.00631113;90
114.748;0.00658808;90
111.009;0.0068504;90
107.061;0.00724275;90
107.976;0.0071805;90
110.465;0.00651522;90
111.55;0.00756047;90
115.577;0.00617515;90
116.859;0.00662913;90
112.11;0.0127398;90
109.742;0.00285691;90
106.391;0.00358261;90
102.891;0.0169122;90
111.115;0.00702034;90
124.515;0.00599166;90
156.761;0.00747659;90
-177.89;0.000923626;90
172.211;0.00396963;90
168.176;0.00408468;90
159.224;0.004598;90
150.61;0.00436474;90
142.626;0.00688447;90
142.858;0.00198082;90
129.068;0.00614372;90
128.652;0.00489277;90
123.591;0.00643814;90
121.077;0.00617996;90
115.026;0.00687884;90
114.713;0.00640566;90
116.51;0.00654632;90
121.21;0.0059478;90
134.223;0.00516306;90
145.594;0.00457303;90
161.739;0.00448698;90
169.402;0.00405619;90
161.257;0.00412051;90
155.014;0.00441523;90
154.296;0.0042839;90
173.44;0.00400925;90
-174.081;0.00390784;90
-165.948;0.00355848;90
-149.881;0.00411916;90
-144.261;0.00554528;90
-155.709;0.00481312;90
175.174;0.00410054;90
151.699;0.00434086;90
135.133;0.00516684;90
128.12;0.0100354;90
120.195;0.00214736;90
118.426;0.00544099;90
115.157;0.00658676;90
117.872;0.00617763;90
125.484;0.00557303;90
132.454;0.00953343;90
129.715;0.000967192;90
152.473;0.0080143;90
166.281;0.00148846;90
175.377;0.0034743;90
-166.213;0.00412897;90
-151.061;0.0042759;90
-134.941;0.00551402;90
-130.739;0.00537685;90
-134.457;0.00521868;90
-143.539;0.00464772;90
-155.379;0.00428454;90
-165.283;0.00414498;90
-176.471;0.00368799;90
177.869;0.00430198;90
-169.187;0.0041792;90
-173.5;0.00419597;90
170.673;0.00369586;90
-179.72;0.00430305;90
175.646;0.00425428;90
173.086;0.00410384;90
176.487;0.00411273;90
-177.731;0.00401615;90
-172.597;0.00401245;90
-172.575;0.00331984;90
-157.77;0.00866182;90
-157.591;0.00182047;90
-167.394;0.00321654;90
-173.655;0.00407194;90
173.504;0.00401277;90
167.805;0.00409029;90
175.363;0.00346334;90
176.342;0.00437291;90
168.676;0.00400293;90
156.498;0.00434328;90
150.525;0.00500362;90
137.249;0.00495569;90
131.198;0.00456381;90
122.621;0.00655381;90
118.679;0.00623258;90
117.446;0.0063722;90
121.57;0.0062441;90
133.654;0.00517745;90
140.737;0.00427253;90
147.25;0.0047988;90
150.234;0.00474966;90
154.69;0.00430859;90
160.256;0.00429233;90
163.494;0.00351275;90
172.151;0.00467177;90
-177.607;0.00414261;90
-172.931;0.00406288;90
175.951;0.00410725;90
154.348;0.0043497;90
136.42;0.00490741;90
133.626;0.00515983;90
135.57;0.00504263;90
138.896;0.00523408;90
137.751;0.00492148;90
132.798;0.00425073;90
121.471;0.00691286;90
115.407;0.00668452;90
112.478;0.00665671;90
114.314;0.00601117;90
119.425;0.00680254;90
133.173;0.00532439;90
140.197;0.00487078;90
148.891;0.00771678;90
161.275;0.00168836;90
156.507;0.0040137;90
152.692;0.00434862;90
136.309;0.00885246;90
129.713;0.00191095;90
134.764;0.0044633;90
143.125;0.0046878;90
158.254;0.00424295;90
174.018;0.00416468;90
-169.004;0.00411556;90
-153.928;0.00436184;90
-151.153;0.00442511;90
-172.834;0.00706217;90
-172.774;0.00175695;90
171.05;0.00331031;90
147.993;0.0085827;90
138.032;0.00196497;90
133.202;0.00396741;90
142.636;0.00475718;90
166.309;0.00398833;90
172.828;0.00412527;90
164.836;0.00407903;90
152.395;0.00480387;90
142.109;0.00464534;90
145.272;0.00462363;90
160.105;0.00415816;90
177.338;0.0039833;90
-177.021;0.00404146;90
162.377;0.00372585;90
141.754;0.00512888;90
140.776;0.00517116;90
145.222;0.0046581;90
154.219;0.00424893;90
165.399;0.00312595;90
167.732;0.00247553;90
174.61;0.00206513;90
-173.069;0.00238644;90
-161.783;0.0030804;90
-152.435;0.00281788;90
-143.992;0.00377783;90
-144.636;0.0031895;90
-147.248;0.00355638;90
-160.795;0.00254144;90
-165.167;0.00315618;90
-171.897;0.00326358;90
172.971;0.0031134;90
158.702;0.00274765;90
156.785;0.00376482;90
140.683;0.00339169;90
132.718;0.00358788;90
126.735;0.00356621;90
121.861;0.00617779;90
111.979;0.00431242;90
109.879;0.00549652;90
110.857;0.00722119;90
114.845;0.00631884;90
119.047;0.00624673;90
121.033;0.0114252;90
130.959;0.00225775;90
120.836;0.0039877;90
115.427;0.00686832;90
112.138;0.00585136;90
115.085;0.00713499;90
130.717;0.00541601;90
150.31;0.00710471;90
172.36;0.00216623;90
-172.925;0.00370219;90
-166.294;0.00411929;90
176.122;0.00681661;90
137.881;0.00206807;90
132.946;0.00459703;90
123.307;0.00588938;90
118.6;0.00603314;90
130.831;0.00572929;90
149.123;0.00443101;90
156.389;0.0042094;90
150.372;0.00352371;90
128.458;0.0105751;90
127.633;0.00211759;90
136.265;0.00470977;90
149.258;0.00411411;90
157.978;0.00462979;90
148.174;0.00456066;90
161.853;0.0040873;90
151.58;0.0045322;90
136.595;0.00485193;90
141.729;0.00513574;90
138.849;0.00835351;90
127.288;0.00219206;90
119.411;0.00535976;90
122.593;0.00577909;90
132.65;0.00520727;90
128.403;0.00541054;90
136.012;0.00508418;90
152.316;0.0046707;90
146.479;0.00450169;90
130.485;0.00926002;90
109.472;0.00139796;90
127.191;0.00564129;90
133.077;0.0053735;90
133.441;0.00522533;90
128.976;0.00498577;90
141.834;0.00525935;90
160.607;0.00423425;90
147.084;0.00396203;90
129.17;0.00598622;90
125.368;0.00584461;90
134.304;0.0050081;90
144.282;0.004976;90
162.345;0.00411166;90
-179.756;0.00399404;90
-179.609;0.0041011;90
163.016;0.00415941;90
148.849;0.00441337;90
137.182;0.0049406;90
132.881;0.00548737;90
138.127;0.00413495;90
142.156;0.00515394;90
149.281;0.00490765;90
152.754;0.00432486;90
160.126;0.00426821;90
155.246;0.00430121;90
145.201;0.00485897;90
150.732;0.00439966;90
157.51;0.00423509;90
168.998;0.00389865;90
176.786;0.00397726;90
-172.337;0.00409457;90
-164.098;0.00437961;90
176.915;0.00397676;90
177.531;0.00403975;90
-160.288;0.00410028;90
-155.856;0.00441526;90
-177.098;0.00401014;90
163.515;0.00401399;90
151.832;0.00444436;90
162.999;0.0044871;90
-179.66;0.00404807;90
-160.116;0.00410152;90
-160.126;0.00422993;90
-171.78;0.00407082;90
176.458;0.00411185;90
175.23;0.00426879;90
169.699;0.00404317;90
165.392;0.00410779;90
152.901;0.0043158;90
141.5;0.00481595;90
132.729;0.0052452;90
124.139;0.00604947;90
118.019;0.00622006;90
125.956;0.00554191;90
144.594;0.00440824;90
174.663;0.0034831;90
-164.957;0.00331355;90
-153.547;0.00297442;90
-150.704;0.00161449;90
104.893;0.00173529;90
84.5195;0.00175904;90
98.8845;0.00182591;90
103.67;0.00227649;90
107.646;0.00130962;90
98.8611;0.00307065;90
91.7952;0.00475633;90
99.8688;0.00164535;90
94.3385;0.00211506;90
89.3878;0.00318218;90
100.77;0.00314133;90
95.2042;0.00159859;90
100.168;0.00373872;90
95.6614;0.00498733;90
101.431;0.00445028;90
113.982;0.00450489;90
113.834;0.0035191;90
118.436;0.00183545;90
126.174;0.00318003;90
140.507;0.00358816;90
146.974;0.00313565;90
-160.991;0.00312227;90
-132.062;0.00358692;90
157.966;0.0026096;90
143.532;0.00299307;90
148.689;0.00274591;90
154.155;0.00259896;90
163.599;0.00262793;90
129.697;0.00356494;90
109.118;0.00429911;90
105.469;0.00416176;90
124.102;0.00285733;90
109.615;0.00139707;90
81.9718;0.00453242;90
89.5465;0.00669621;90
88.2456;0.00584674;90
83.6088;0.00607274;90
89.57;0.0115913;90
97.6438;0.00223284;90
92.471;0.00415186;90
87.0154;0.00651083;90
87.1776;0.00743302;90
84.4096;0.00673403;90
80.6949;0.00635158;90
76.9751;0.010223;90
84.8267;0.00245098;90
83.3392;0.00443997;90
80.0118;0.005212;90
72.7951;0.0194598;90
68.3651;0.0018525;90
69.5396;0.00168212;90
77.9675;0.00237927;90
73.9632;0.00327234;90
80.5764;0.00680382;90
84.9787;0.00635238;90
79.9416;0.00565695;90
78.0245;0.00573992;90
73.7167;0.00575276;90
68.5537;0.00539344;90
78.061;0.00562671;90
90.9686;0.0056198;90
105.342;0.00272511;90
98.2957;0.0032783;90
107.126;0.00164703;90
105.374;0.00448862;90
101.126;0.00636361;90
93.8844;0.00704118;90
94.1154;0.00781716;90
89.1842;0.00856887;90
85.3152;0.00766461;90
80.4176;0.00682422;90
83.4607;0.00667342;90
93.8833;0.00704317;90
98.2694;0.00639651;90
97.2345;0.00720234;90
94.0259;0.00669452;90
94.5182;0.006436;90
95.6495;0.00597301;90
98.8626;0.00576382;90
103.504;0.00519461;90
112.58;0.00310177;90
127.046;0.00156361;90
143.989;0.000787488;90
125.847;0.00196031;90
128.034;0.00309024;90
125.286;0.0044507;90
98.6423;0.00398626;90
91.3312;0.00391706;90
17.22;0.000790431;90
-20.2181;0.000833347;90
-26.4474;0.00196014;90
-18.7252;0.00149831;90
84.3675;0.00306681;90
80.4766;0.00246599;90
77.1111;0.00195013;90
83.5985;0.00103143;90
71.3083;0.000917386;90
79.2056;0.00185278;90
25.7483;0.00169422;90
-64.1536;0.00281677;90
-128.543;0.000691695;90
-126.664;0.00628684;90
-94.8725;0.00183664;90
-94.8281;0.00177028;90
-177.697;0.000572462;90
159.828;0.00134554;90
153.765;0.00155186;90
157.517;0.000998926;90
-146.015;0.000754957;90
-87.7848;0.0022767;90
-87.6094;0.00309269;90
-75.8479;0.00227814;90
-60.5494;0.00282505;90
-51.1406;0.00286893;90
-48.6049;0.00265407;90
-45.0605;0.00133926;90
-55.6118;0.00252657;90
-68.0539;0.00360417;90
-78.8617;0.004778;90
-80.7314;0.00549474;90
-83.5966;0.00581025;90
-85.9184;0.00605536;90
-85.8769;0.0061058;90
-84.8561;0.0062572;90
-79.7953;0.00664918;90
-85.471;0.00691459;90
-93.1636;0.00704874;90
-100.117;0.00690537;90
-95.2671;0.00706985;90
-91.7442;0.00739242;90
-88.5766;0.00724624;90
-85.3935;0.00702268;90
-82.7689;0.00703092;90
-78.0317;0.00518879;90
-75.5772;0.00237278;90
-74.1565;0.00177649;90
-73.4082;0.00291017;90
83.2939;0.0017983;90
-162.377;0.00236499;90
-175.036;0.00321305;90
161.143;0.00364779;90
176.529;0.00348539;90
-170.448;0.0036638;90
-170.144;0.00366306;90
-153.936;0.00378715;90
-134.497;0.00482831;90
-123.628;0.00458654;90
-116.696;0.00449183;90
-109.605;0.00380881;90
-99.8436;0.00187764;90
-79.0818;0.00318363;90
-72.3309;0.00340671;90
-62.0052;0.00320841;90
-57.8259;0.00298783;90
-65.9701;0.00241642;90
-67.1592;0.00273333;90
-59.5052;0.00188586;90
-89.1231;0.0025483;90
-94.286;0.00179301;90
-60.3357;0.000794071;90
-71.0696;0.00135319;90
108.895;0.0014977;90
106.495;0.00128905;90
87.4496;0.00343841;90
121.688;0.00256428;90
107.531;0.00350898;90
121.946;0.00400096;90
117.14;0.00382968;90
105.663;0.00457801;90
102.647;0.00258061;90
84.1656;0.00345289;90
77.7388;0.00134672;90
42.6354;0.00275936;90
60.4493;0.00530624;90
49.3858;0.00479904;90
36.5833;0.00403865;90
14.0869;0.00356625;90
9.85711;0.00338801;90
7.13297;0.00357567;90
-15.0812;0.00367042;90
-12.6927;0.00329963;90
46.1492;0.00306734;90
64.3736;0.000846242;90
-58.4009;0.000896993;90
-80.2353;0.00330184;90
-76.2371;0.00269436;90
-88.8968;0.00576507;90
-102.871;0.00672909;90
-109.786;0.00642532;90
-104.355;0.00696961;90
-100.372;0.0069709;90
-96.2537;0.0072431;90
-98.7746;0.00735508;90
-105.219;0.00281887;90
-103.315;0.00225358;90
-111.313;0.0048368;90
-107.84;0.0178681;90
-98.4074;0.00365225;90
-97.2419;0.0068698;90
-97.4652;0.00643454;90
-105.343;0.00563484;90
-100.138;0.00594278;90
-94.0333;0.00639785;90
-93.9176;0.0073622;90
-92.8266;0.00727986;90
-86.9298;0.00797244;90
-89.0886;0.00722991;90
-95.8062;0.0069788;90
-92.74;0.00694494;90
-89.922;0.00587801;90
-89.197;0.0051375;90
-89.5678;0.00251907;90
-66.7795;0.00309686;90
-75.0368;0.00406276;90
-68.5981;0.0048204;90
-41.7615;0.00371754;90
-16.6732;0.00315776;90
-31.2138;0.00353702;90
-35.4034;0.00357137;90
1.45806;0.00314402;90
46.1598;0.00408721;90
-21.1425;0.00348777;90
-37.6413;0.00408537;90
-51.9741;0.00379697;90
-61.5584;0.00162515;90
-66.7372;0.00351691;90
-66.0446;0.00408596;90
-73.4071;0.0037679;90
-84.4111;0.00407638;90
-83.5008;0.00394032;90
-82.6189;0.00255316;90
-75.9457;0.00231015;90
-85.8871;0.00329047;90
-88.4025;0.00301317;90
-86.6355;0.00168691;90
-83.0936;0.00286076;90
-88.4338;0.00318319;90
-79.4575;0.00314814;90
-68.5579;0.00236896;90
-81.7146;0.00151279;90
-85.066;0.00256952;90
1.06337;0.00215537;90
17.2415;0.00343118;90
5.12285;0.00369576;90
-23.3327;0.00392607;90
-45.5016;0.00500792;90
-59.9948;0.00551514;90
-60.0014;0.00563024;90
-53.4101;0.00519726;90
-48.6277;0.00196687;90
-42.4387;0.00441464;90
-32.4107;0.00421095;90
-23.8103;0.003936;90
-10.6793;0.00625433;90
-6.6348;0.00405919;90
-5.53594;0.00372136;90
5.77755;0.00417219;90
15.7894;0.00166482;90
20.2293;0.00644345;90
14.3275;0.00124059;90
-4.30357;0.00614332;90
-20.6348;0.0015323;90
-26.2177;0.00700797;90
-7.26074;0.00356055;90
12.0482;0.00386616;90
24.8034;0.00424785;90
15.4289;0.00396178;90
-8.14448;0.0039458;90
-3.55889;0.00143376;90
11.8121;0.0062432;90
16.148;0.00198116;90
-0.97314;0.00641793;90
-12.618;0.00439003;90
-19.0428;0.00184814;90
-28.1863;0.00705001;90
-35.4158;0.00169455;90
-27.4169;0.00667808;90
-20.0363;0.00138056;90
-23.0727;0.00633581;90
-29.1509;0.00202212;90
-34.3445;0.00701742;90
-42.469;0.00467571;90
-44.6896;0.00522135;90
-45.5056;0.00464729;90
-34.4384;0.00471424;90
-32.205;0.00194765;90
-10.6773;0.00616372;90
9.32259;0.00168526;90
-6.00487;0.00652882;90
-25.19;0.00163996;90
-38.3524;0.00692672;90
-53.1916;0.0059652;90
-57.9556;0.00233708;90
-45.8228;0.00832138;90
-29.6631;0.00417055;90
-17.8025;0.0041539;90
-46.904;0.00519303;90
-51.8641;0.00558516;90
-45.0963;0.00504592;90
-51.5502;0.00541146;90
-56.3292;0.00576639;90
-49.5459;0.0058258;90
-40.5454;0.00477963;90
-22.0314;0.00416407;90
-37.3179;0.00468134;90
-50.141;0.00535809;90
-48.4701;0.00532721;90
-51.1097;0.0054744;90
-62.5433;0.00643708;90
-53.5932;0.00561738;90
-39.7088;0.00485376;90
-33.4973;0.0046168;90
-44.1716;0.00498845;90
-37.1458;0.00465185;90
-19.3341;0.00417124;90
-26.1984;0.00433314;90
-33.2598;0.00487567;90
-20.9264;0.0042193;90
-37.0786;0.00477683;90
-52.3415;0.00559453;90
-52.559;0.00547747;90
-42.5342;0.00489771;90
-31.2044;0.00445094;90
-23.3538;0.00416742;90
-41.7427;0.00527647;90
-56.078;0.00575562;90
-62.5187;0.00620857;90
-50.4692;0.00539362;90
-38.087;0.00476447;90
-8.67126;0.00401287;90
13.6365;0.00410162;90
12.1241;0.00408512;90
-3.60369;0.00431153;90
-27.9679;0.00438401;90
-44.0508;0.00503671;90
-57.5189;0.00578376;90
-65.6374;0.00652833;90
-67.3304;0.00674077;90
-62.7629;0.00610041;90
-56.1136;0.0058291;90
-56.7686;0.00616763;90
-59.7544;0.00610274;90
-63.054;0.00612159;90
-66.9246;0.00671529;90
-70.2867;0.00693122;90
-67.5154;0.00635402;90
-62.6696;0.0047874;90
-55.514;0.00445245;90
-48.5507;0.00364223;90
-41.3893;0.00323365;90
-31.7168;0.00288365;90
-25.3131;0.00288611;90
-11.6319;0.00279235;90
-4.53963;0.0029312;90
5.03123;0.0025428;90
13.4865;0.00217395;90
21.6732;0.00273753;90
29.9168;0.00276896;90
34.4144;0.00285222;90
34.3215;0.00291929;90
33.5087;0.00280402;90
28.2378;0.00265042;90
21.107;0.00260475;90
9.04;0.00247575;90
1.28378;0.00307977;90
-7.62887;0.00354034;90
-23.2038;0.00437053;90
-32.1832;0.00444025;90
-40.3247;0.00476266;90
-39.6623;0.00481151;90
-28.1376;0.0044;90
-3.80058;0.00395269;90
2.19796;0.00427615;90
-9.91736;0.00190446;90
-24.7888;0.00409755;90
-34.5131;0.00451822;90
-36.9068;0.004656;90
-24.403;0.006828;90
-5.95246;0.00403073;90
-8.90748;0.00402353;90
-28.9823;0.00477154;90
-44.1208;0.00506914;90
-43.3681;0.00491639;90
-29.8086;0.00445781;90
-16.1443;0.00411425;90
-5.89622;0.00396196;90
10.6085;0.00411737;90
24.4217;0.00425687;90
28.41;0.00472279;90
18.9764;0.00421614;90
1.10307;0.00405175;90
-17.0341;0.00411346;90
-30.3576;0.00444206;90
-42.2212;0.0048423;90
-50.7463;0.00564989;90
-45.757;0.00535185;90
-28.4344;0.00444185;90
-24.8753;0.00427677;90
-25.25;0.00430646;90
-29.0584;0.00442042;90
-34.6999;0.00454786;90
-44.6843;0.00513367;90
-51.6547;0.00549162;90
-63.1951;0.00630219;90
-66.7602;0.00712403;90
-66.7171;0.00660052;90
-62.277;0.00624035;90
-55.4836;0.00561554;90
-45.1947;0.00520221;90
-41.4801;0.00474515;90
-41.4783;0.00481176;90
-46.7914;0.00524788;90
-45.8904;0.00514199;90
-36.5814;0.00516307;90
-13.3668;0.00402709;90
4.8749;0.00397739;90
5.06017;0.00397951;90
-4.55189;0.00404476;90
-9.52155;0.00413497;90
-17.1907;0.00416507;90
-23.1753;0.0045306;90
-28.1194;0.00438565;90
-32.6355;0.00452074;90
-34.4813;0.00455896;90
-42.2021;0.00495424;90
-52.3575;0.0055327;90
-60.5535;0.0061919;90
-63.3904;0.00632942;90
-58.9845;0.00645487;90
-53.2792;0.00545562;90
-45.5494;0.00508787;90
-40.1549;0.00483054;90
-27.1488;0.00443346;90
-15.418;0.00410368;90
-8.03882;0.00408312;90
-4.15964;0.00397046;90
-6.79266;0.00404137;90
-9.16825;0.00432424;90
0.499701;0.00401315;90
10.4016;0.00397126;90
19.3654;0.0043427;90
20.186;0.00422235;90
20.9488;0.00408074;90
9.33385;0.00403239;90
8.19761;0.00420092;90
0.828078;0.00408243;90
-9.17395;0.00424632;90
-8.81507;0.00404579;90
-1.22311;0.00402892;90
-4.49972;0.00400234;90
-0.0285551;0.004013;90
6.94341;0.00406985;90
9.44789;0.00391713;90
1.15097;0.00418184;90
6.88696;0.00411973;90
21.9412;0.00433823;90
28.6461;0.00449523;90
41.151;0.00478234;90
47.8008;0.00522398;90
49.7866;0.00527077;90
38.3009;0.00483711;90
22.6386;0.00423208;90
5.84666;0.00406414;90
-8.97911;0.00413264;90
-28.6555;0.00476913;90
-40.346;0.00481927;90
-46.904;0.00519303;90
-51.5584;0.00545425;90
-55.753;0.00490794;90
-63.4934;0.00438493;90
-64.4632;0.00476001;90
-62.6735;0.00548511;90
-54.1227;0.0046873;90
-50.9904;0.00125347;90
60.6956;0.00140362;90
120.017;0.000861555;90
-103.839;0.000844514;90
112.757;0.000868618;90
-27.6753;0.00115403;90
-95.1141;0.00213149;90
-60.8923;0.00366942;90
-49.7726;0.00528627;90
-40.7492;0.00478897;90
-24.2528;0.00426766;90
2.17584;0.00395085;90
23.9245;0.00429065;90
34.1424;0.00186191;90
32.8949;0.00549622;90
26.6926;0.00522257;90
7.87756;0.00250262;90
-3.7035;0.00654868;90
-24.7066;0.00175132;90
-29.35;0.00444563;90
-18.4958;0.00536196;90
-12.6638;0.0030379;90
-11.3403;0.00407353;90
-32.8438;0.00884483;90
-56.7296;0.00265043;90
-55.5683;0.00387851;90
-62.4774;0.00620864;90
-66.6039;0.00655276;90
-63.0868;0.0061086;90
-62.5567;0.00711914;90
-61.3303;0.0050171;90
-52.6158;0.00608245;90
-50.7451;0.00678127;90
-42.1446;0.00405959;90
-39.4772;0.00493731;90
-35.0495;0.00457091;90
-24.4516;0.00435346;90
-12.9546;0.00655278;90
-7.41974;0.00190495;90
-3.97467;0.00401065;90
-23.8923;0.00398006;90
-54.9949;0.0118435;90
-71.0426;0.00298278;90
-75.2478;0.0269204;90
-70.679;0.00314937;90
-68.2544;0.00266677;90
-61.5434;0.00692351;90
-66.6725;0.0134777;90
-67.1145;0.00257141;90
-69.6131;0.00396432;90
-71.0048;0.0172387;90
-67.9126;0.0127227;90
-70.6807;0.00268414;90
-64.9572;0.00267662;90
-61.3473;0.0151491;90
-69.7718;0.0042139;90
-60.9086;0.015259;90
-42.702;0.0026276;90
-40.4754;0.0109625;90
-40.4291;0.00162373;90
-28.0245;0.00161541;90
-22.3302;0.00979882;90
-32.8085;0.0013159;90
-28.8943;0.00201368;90
-31.2078;0.00434821;90
-39.2189;0.00491393;90
-48.5656;0.00540073;90
-58.3525;0.0117421;90
-59.7559;0.00166573;90
-49.5319;0.00438504;90
-43.0815;0.0047523;90
-52.8162;0.00551148;90
-59.3923;0.00637524;90
-61.466;0.00622173;90
-64.693;0.00647766;90
-68.7613;0.00701442;90
-69.3108;0.00689784;90
-64.9354;0.00645595;90
-57.4771;0.00586828;90
-47.0813;0.00564644;90
-35.9896;0.00456914;90
-35.7003;0.0047914;90
-43.318;0.00493844;90
-47.6551;0.00525096;90
-54.0198;0.00571909;90
-55.3999;0.00579735;90
-53.1398;0.005928;90
-48.6059;0.00530674;90
-44.1559;0.0050401;90
-41.1739;0.00491687;90
-47.6249;0.00528056;90
-54.0345;0.00490381;90
-63.4378;0.00894069;90
-68.6596;0.00353111;90
-66.1229;0.0105565;90
-55.4232;0.00198939;90
-46.9306;0.00440778;90
-30.2582;0.00461006;90
-17.9722;0.00430716;90
-38.4301;0.00448066;90
-59.3564;0.011293;90
-47.3691;0.00140268;90
-28.9752;0.00189294;90
-78.2792;0.00413012;90
-100.535;0.00559531;90
-108.885;0.00933343;90
-113.089;0.00198391;90
-111.571;0.00480342;90
-110.911;0.0105178;90
-116.001;0.00231534;90
-112.164;0.00998801;90
-132.264;0.00205932;90
-125.891;0.00441284;90
-112.097;0.0061648;90
-95.9843;0.0127284;90
-108.369;0.0030146;90
-115.376;0.0102112;90
-129.119;0.00184963;90
-127.705;0.0084761;90
-119.259;0.00204603;90
-107.818;0.0118042;90
-104.248;0.00275886;90
-99.6667;0.00636031;90
-96.4591;0.00766264;90
-96.3702;0.00759791;90
-96.0645;0.00773328;90
-91.5449;0.00819698;90
-90.0806;0.00782201;90
-89.9776;0.007672;90
-89.3289;0.00785454;90
-90.8027;0.00792378;90
-94.3818;0.00778776;90
-96.9504;0.00769354;90
-96.3331;0.0134531;90
-92.6447;0.00320742;90
-88.7291;0.00599648;90
-85.6001;0.00363672;90
-85.5047;0.00909698;90
-86.9213;0.00242049;90
-84.761;0.00430398;90
-82.5209;0.00491683;90
-81.269;0.00890014;90
-82.1973;0.00247491;90
-80.9868;0.00983646;90
-79.2835;0.0022533;90
-80.8059;0.0102892;90
-84.3555;0.00663919;90
-84.9001;0.00631098;90
-91.0717;0.00187133;90
-93.3309;0.00492232;90
-100.415;0.00742939;90
-105.282;0.0106496;90
-100.036;0.00262821;90
-92.2428;0.0110134;90
-82.298;0.00694667;90
-88.5928;0.0026468;90
-89.9005;0.010936;90
-95.5677;0.00311269;90
-96.2577;0.0103577;90
-103.243;0.00233099;90
-106.17;0.00916353;90
-108.57;0.00214466;90
-103.388;0.009899;90
-99.3103;0.00247865;90
-97.113;0.0112173;90
-96.2573;0.00289927;90
-99.7472;0.0121027;90
-105.744;0.00647906;90
-105.811;0.00364075;90
-103.832;0.0116786;90
-105.871;0.00316671;90
-97.4405;0.0119617;90
-91.6563;0.00290621;90
-88.5687;0.0123709;90
-85.3054;0.00303017;90
-84.9402;0.0151822;90
-96.7955;0.0108684;90
-101.754;0.00230228;90
-96.4025;0.010259;90
-98.9468;0.00299646;90
-110.128;0.00937772;90
-128.376;0.00516738;90
-118.432;0.00583253;90
-116.779;0.00575747;90
-121.093;0.00243014;90
-124.412;0.0083697;90
-100.236;0.00747294;90
-94.2057;0.00275442;90
-102.173;0.0112725;90
-118.824;0.00373356;90
-140.063;0.001955;90
-142.715;0.00684738;90
-136.299;0.00630053;90
-118.729;0.00249858;90
-105.372;0.0103326;90
-95.6948;0.00288222;90
-91.4293;0.0122278;90
-93.883;0.00282047;90
-92.2011;0.0115345;90
-88.7251;0.00274168;90
-88.2491;0.0109971;90
-85.3416;0.00248722;90
-86.2322;0.0104546;90
-85.1052;0.00268379;90
-86.5608;0.0106852;90
-88.7767;0.00693258;90
-91.145;0.00705641;90
-90.6695;0.00650444;90
-90;0.005944;90
-89.6722;0.00262204;90
-89.852;0.00890703;90
-96.1644;0.00241195;90
-101.555;0.00843699;90
-101.384;0.00527886;90
-101.668;0.00561707;90
-102.232;0.00603194;90
-95.1623;0.00597925;90
-89.3308;0.0029112;90
-89.5525;0.00934629;90
-94.9224;0.00560567;90
-97.3846;0.00216294;90
-99.0342;0.00904318;90
-98.0337;0.00630387;90
-92.1521;0.00649758;90
-91.9045;0.00285858;90
-94.0623;0.010347;90
-107.205;0.00206228;90
-130.373;0.00709065;90
-136.039;0.00195052;90
-132.137;0.00710681;90
-122.989;0.00135912;90
-116.194;0.00704331;90
-113.087;0.00161428;90
-109.327;0.00562606;90
-102.112;0.00141551;90
-99.9771;0.00344002;90
-92.1899;0.00138701;90
-89.4195;0.0101655;90
-89.5293;0.00133905;90
-89.8459;0.00595002;90
-89.1432;0.00153817;90
-89.0964;0.00361445;90
-87.8144;0.00519178;90
-89.8393;0.00677503;90
-89.7545;0.0126021;90
-87.5006;0.00227016;90
-85.6205;0.0105418;90
-78.5674;0.00229045;90
-84.5117;0.00984915;90
-95.5358;0.00668618;90
-95.4182;0.00282763;90
-98.6022;0.00729405;90
-97.2523;0.00776311;90
-92.2597;0.00852163;90
-85.4019;0.00775897;90
-84.3056;0.00949385;90
-84.1834;0.00715383;90
-85.0647;0.0090897;90
-82.3017;0.00737547;90
-77.6414;0.00814371;90
-74.8191;0.00575482;90
-74.0783;0.00663452;90
-72.6774;0.00695548;90
-78.7457;0.00848516;90
-83.7332;0.00828149;90
-89.3772;0.00837149;90
-90.2272;0.00756706;90
-87.6624;0.00813977;90
-84.5223;0.00815022;90
-85.5707;0.00805405;90
-88.3767;0.00875451;90
-88.6771;0.00874933;90
-87.3042;0.0129694;90
-82.1119;0.00786946;90
-77.5838;0.00739496;90
-74.8275;0.00699586;90
-74.7256;0.0070262;90
-76.141;0.0071347;90
-79.3296;0.00790672;90
-81.9737;0.00757016;90
-84.5998;0.00778857;90
-90.0919;0.00748001;90
-101.351;0.00678268;90
-102.407;0.00656737;90
-92.9753;0.00707053;90
-90.0329;0.006964;90
-90.1087;0.00790601;90
-88.7793;0.00788579;90
-87.6881;0.00880016;90
-85.1897;0.00918234;90
-82.6094;0.00762636;90
-75.4291;0.00844667;90
-73.7286;0.00758064;90
-78.7378;0.00800821;90
-90.9257;0.00848011;90
-81.99;0.00829594;90
-73.8747;0.0077447;90
-86.1891;0.00833543;90
-88.217;0.00858115;90
-88.136;0.00854652;90
-84.0945;0.00330454;90
-79.803;0.00874411;90
-79.514;0.00761009;90
-78.9107;0.00753876;90
-81.247;0.013307;90
-88.7283;0.00292872;90
-81.8323;0.0111986;90
-78.2178;0.00268865;90
-72.5341;0.00607719;90
-63.3182;0.00767867;90
-83.7518;0.00708408;90
-94.3276;0.00809709;90
-94.3271;0.0036845;90
-97.6326;0.00677604;90
-99.8237;0.00221548;90
-100.148;0.0054147;90
-96.2003;0.0043424;90
-101.554;0.000873705;90
-87.6768;0.003651;90
-84.5988;0.00632107;90
-71.694;0.00590272;90
-57.0991;0.00455091;90
-47.3972;0.00358393;90
-63.9772;0.0045837;90
-76.7016;0.00470825;90
-76.9705;0.00517627;90
-69.1552;0.00448238;90
-63.2241;0.00449721;90
-77.2464;0.00511417;90
-74.3087;0.00427429;90
-68.9004;0.00178894;90
-73.834;0.0020688;90
-69.7844;0.0033685;90
-59.6798;0.00297723;90
-40.0509;0.00161469;90
-39.9788;0.00156731;90
-33.6683;0.00291495;90
-33.3796;0.00255915;90
-30.5242;0.00277218;90
-49.8356;0.000981422;90
-53.5065;0.00289206;90
-67.897;0.00515052;90
-75.5716;0.00620057;90
-75.2514;0.0057546;90
-84.7115;0.0109687;90
-108.487;0.00206876;90
-124.83;0.00257903;90
-91.6261;0.00281914;90
-77.5827;0.00473885;90
-69.5241;0.00760979;90
-59.9851;0.00636913;90
-54.8203;0.00697744;90
-66.042;0.00784599;90
-62.358;0.00673354;90
-59.1977;0.0105258;90
-62.4046;0.00248691;90
-56.0075;0.00893246;90
-36.5529;0.00169923;90
-46.0891;0.00818412;90
-47.6336;0.00415511;90
-33.1824;0.00140872;90
-58.6685;0.00678668;90
-72.5301;0.00247831;90
-81.1193;0.00437242;90
-88.6963;0.00602156;90
-85.7849;0.00545576;90
-79.5707;0.00560154;90
-59.1041;0.00434681;90
-42.6001;0.00314089;90
-38.0612;0.0027802;90
-47.6824;0.00271968;90
-59.5478;0.0084902;90
-39.0729;0.00106138;90
-78.2338;0.00342292;90
-89.1356;0.00258529;90
134.775;0.000721254;90
-64.0643;0.00378634;90
-68.6761;0.00303047;90
-73.886;0.00224105;90
-69.0463;0.00220909;90
-97.0677;0.00186114;90
102.526;0.00774127;90
108.157;0.00429695;90
158.825;0.000985544;90
-175.006;0.000103392;90
105.542;0.000839706;90
-76.5111;0.00487446;90
-80.1677;0.00183292;90
-80.9588;0.00147634;90
-80.4213;0.00121392;90
-79.6913;0.00134674;90
-79.0294;0.00142402;90
-81.2143;0.00132252;90
-7.40443;0.000457818;90
103.098;0.0132651;90
99.4966;0.00192133;90
110.944;0.00105468;90
-169.548;0.000523689;90
-114.147;0.00100713;90
-114.42;0.00077646;90
-112.744;0.00077854;90
-83.0789;0.00104562;90
-80.021;0.00160427;90
-93.3294;0.00163576;90
-101.106;0.000934499;90
-97.5538;0.000928054;90
-95.3087;0.000907894;90
-119.879;0.00148544;90
-134.822;0.00136897;90
-102.464;0.00173284;90
-117.069;0.00132291;90
-141.941;0.000848383;90
100.557;0.00158279;90
109.359;0.0011373;90
159.397;0.000994616;90
155.656;0.000853925;90
134.878;0.000666096;90
131.142;0.000851164;90
117.656;0.000986732;90
113.835;0.00154912;90
111.983;0.00164026;90
113.703;0.00161198;90
108.162;0.000930353;90
112.01;0.00132346;90
110.546;0.00134773;90
114.737;0.0014864;90
115.754;0.00126351;90
110.212;0.00132563;90
111.981;0.00136524;90
113.279;0.00130309;90
114.5;0.00135281;90
119.576;0.00151546;90
122.017;0.00103551;90
116.503;0.000829134;90
-173.268;0.000614234;90
-159.159;0.000730814;90
-174.98;0.00133713;90
-168.808;0.00123651;90
-152.256;0.000891485;90
144.631;0.000870699;90
133.64;0.000685379;90
119.867;0.00116469;90
129.554;0.00125157;90
117.053;0.00120707;90
121.162;0.000892827;90
134.548;0.000717029;90
-61.3234;0.000898168;90
-58.1986;0.000774227;90
-52.2193;0.00111974;90
-56.9583;0.00107841;90
-61.8485;0.00106612;90
-48.1717;0.000830709;90
-32.8603;0.000880956;90
30.1686;0.000939217;90
-3.23361;0.000886411;90
2.67608;0.000813888;90
15.2984;0.00127726;90
29.4537;0.000683316;90
-38.0988;0.000606139;90
-62.4973;0.000792569;90
-57.6686;0.00100595;90
-54.0378;0.00109834;90
-66.4536;0.00138426;90
-65.6011;0.00105305;90
-67.211;0.00112047;90
-66.6159;0.00129758;90
-67.5159;0.00116885;90
-69.1284;0.00133885;90
-67.4946;0.00119393;90
-65.8209;0.000913107;90
-67.2138;0.00111285;90
-68.6538;0.00133241;90
-65.7741;0.00141348;90
-67.3152;0.00149354;90
-66.0423;0.00121902;90
-68.9126;0.00107285;90
-62.2773;0.000819015;90
-41.0706;0.000794534;90
-37.3325;0.00106523;90
-17.2475;0.000930858;90
-46.2907;0.000816208;90
-79.3474;0.0012821;90
-33.8731;0.000868388;90
63.3562;0.00130229;90
76.9937;0.00147073;90
54.4742;0.00111691;90
45.6562;0.000802619;90
60.7564;0.000765572;90
63.1112;0.000791581;90
51.5663;0.000791495;90
-4.17711;0.000535422;90
-76.8925;0.0013317;90
-20.2843;0.000666323;90
34.7002;0.000723719;90
97.1383;0.0010703;90
103.604;0.00170483;90
96.2829;0.0012153;90
99.5391;0.00147236;90
102.408;0.00154509;90
98.8937;0.00135833;90
91.3357;0.00115831;90
-42.5882;0.00104178;90
-73.965;0.000966607;90
-77.571;0.00859545;90
-81.4401;0.00184758;90
-73.4462;0.00230243;90
-91.7624;0.00136565;90
99.7335;0.006252;90
-80.6448;0.0017594;90
-79.8715;0.00316736;90
-81.7808;0.00090934;90
99.3507;0.00852427;90
92.6969;0.00129644;90
99.5022;0.00212617;90
128.825;0.00113726;90
-76.5527;0.00533218;90
-86.1092;0.00173901;90
93.196;0.0104032;90
121.788;0.0040188;90
123.343;0.00370602;90
123.669;0.00524358;90
138.509;0.00120151;90
140.293;0.00283628;90
135.529;0.0039826;90
110.666;0.00568692;90
96.8991;0.00682643;90
90.3557;0.00676613;90
99.9705;0.00583919;90
110.913;0.00505393;90
128.662;0.00337585;90
137.203;0.00321901;90
133.992;0.00337766;90
130.761;0.00424719;90
137.345;0.00395816;90
134.217;0.00398209;90
121.229;0.00503217;90
117.396;0.00496593;90
117.418;0.0047146;90
125.496;0.00468955;90
119.102;0.00466722;90
113.991;0.00550673;90
115.58;0.00507215;90
124.167;0.00456368;90
127.798;0.00419655;90
111.576;0.00737476;90
103.882;0.00179647;90
110.227;0.00350837;90
103.156;0.00383567;90
122.426;0.00106861;90
58.6398;0.00195805;90
64.3346;0.00390197;90
83.2055;0.00490243;90
101.325;0.00512785;90
104.756;0.00515502;90
105.023;0.00526599;90
106.936;0.00499147;90
122.7;0.00622688;90
136.678;0.000845355;90
173.928;0.000567183;90
91.2251;0.00233853;90
87.8029;0.00279105;90
88.1254;0.00116162;90
-89.4951;0.00215608;90
-88.5231;0.00236679;90
-80.7609;0.0016879;90
-43.2495;0.00215273;90
-55.8684;0.00331138;90
-69.6505;0.00422147;90
-74.8835;0.00500416;90
-76.3059;0.00475209;90
-74.9848;0.00471291;90
-80.1362;0.00488014;90
-99.3643;0.0039395;90
-113.385;0.00334584;90
-117.751;0.00203168;90
-74.8324;0.00281299;90
-74.2734;0.00499914;90
-72.4642;0.00336539;90
-65.3339;0.00917739;90
-45.7414;0.00158476;90
-55.3392;0.00453477;90
-65.3109;0.0050683;90
-64.4689;0.0066914;90
-59.2153;0.00592599;90
-58.7962;0.00601639;90
-62.5598;0.00594371;90
-57.4818;0.00551931;90
-42.881;0.00420733;90
-46.8326;0.00521829;90
-48.0246;0.00395328;90
-43.226;0.00358604;90
-48.8012;0.00377577;90
-64.1293;0.00435439;90
-77.7405;0.00551476;90
-88.5126;0.00601002;90
-85.8243;0.00697652;90
-78.8086;0.00597155;90
-49.0943;0.00465474;90
-42.0246;0.00352827;90
-42.2502;0.00294779;90
-59.484;0.00276498;90
-58.437;0.00354198;90
-58.446;0.0039289;90
-63.7572;0.00254424;90
-101.43;0.00354226;90
107.549;0.0111205;90
127.486;0.00232513;90
128.453;0.00336728;90
133.244;0.00369283;90
137.79;0.00444449;90
110.648;0.00552704;90
97.4288;0.0076724;90
89.2155;0.00810676;90
104.16;0.00639325;90
119.916;0.00435302;90
137.161;0.00375033;90
135.119;0.00375828;90
131.201;0.00406561;90
136.791;0.00427514;90
133.746;0.00546229;90
117.796;0.00649549;90
118.335;0.00687919;90
122.135;0.00596717;90
116.26;0.00654328;90
115.228;0.00646131;90
123.24;0.0056792;90
124.732;0.00504972;90
110.766;0.00617408;90
108.816;0.00536998;90
104.794;0.0043471;90
117.474;0.0016625;90
41.3861;0.00228851;90
66.2349;0.00444927;90
92.5404;0.00577568;90
107.87;0.00513263;90
104.425;0.00500993;90
102.134;0.00544259;90
113.035;0.00589831;90
113.944;0.000968336;90
123.754;0.00469554;90
90.4955;0.00185007;90
90.9258;0.00160921;90
-86.9627;0.00294414;90
-80.927;0.00222585;90
-49.2879;0.00246835;90
-56.3136;0.00434691;90
-74.0403;0.00659001;90
-74.7932;0.00582911;90
-77.3629;0.00458917;90
-78.9976;0.00427559;90
-92.3877;0.00412858;90
-113.543;0.00380034;90
-117.754;0.00181026;90
-85.7621;0.00412728;90
-70.6918;0.00462727;90
-68.6906;0.0032223;90
-72.4964;0.0048443;90
-56.1452;0.00540308;90
-55.8329;0.00596323;90
-64.7333;0.00702619;90
-62.9505;0.00671784;90
-56.1844;0.00594945;90
-61.505;0.00637417;90
-60.236;0.00633123;90
-47.9169;0.0051969;90
-41.1684;0.00431734;90
-48.0238;0.00424926;90
-50.532;0.00412965;90
-44.4976;0.00403208;90
-65.9951;0.00576676;90
-80.6335;0.00658682;90
-88.8036;0.00727959;90
-82.3263;0.00694217;90
-69.8813;0.00541331;90
-36.1701;0.00419191;90
-39.4877;0.00357753;90
-56.2509;0.00296099;90
-56.3489;0.00326275;90
-61.5612;0.00407585;90
-54.1505;0.00305468;90
-100.791;0.00341844;90
155.18;0.000719453;90
101.605;0.00652232;90
121.93;0.00545306;90
112.721;0.00248808;90
137.666;0.00978988;90
120.41;0.00179379;90
97.1684;0.0147291;90
87.9727;0.00203527;90
107.443;0.013004;90
125.318;0.00161039;90
135.405;0.00340268;90
133.987;0.0104032;90
140.359;0.00208944;90
122.13;0.0137145;90
125.615;0.00171721;90
119.761;0.0122647;90
120.942;0.00181068;90
103.351;0.00355098;90
124.222;0.0130565;90
121.239;0.00257422;90
107.266;0.0137025;90
101.456;0.000921357;90
113.768;0.00206188;90
147.594;0.00493918;90
-126.862;0.0013736;90
-146.697;0.00164278;90
-157.691;0.00169918;90
148.964;0.00464727;90
150.793;0.00124189;90
147.278;0.00160941;90
-172.716;0.00649944;90
173.845;0.000820731;90
124.411;0.00242423;90
98.3489;0.00225894;90
76.2277;0.00315882;90
72.8751;0.00265574;90
73.0884;0.00359235;90
81.8318;0.00212556;90
88.547;0.00930699;90
96.7761;0.00242393;90
101.654;0.001698;90
96.5589;0.00170717;90
6.80523;0.00133339;90
53.1811;0.002246;90
98.1137;0.00148082;90
117.17;0.00241554;90
-97.9614;0.00316955;90
46.3113;0.00494397;90
67.773;0.000875021;90
69.5854;0.00213296;90
-45.4735;0.00282357;90
-59.1112;0.00144145;90
-30.102;0.00523387;90
-31.4683;0.00105167;90
-19.1655;0.00138899;90
-51.1172;0.00686123;90
-65.7118;0.00289307;90
-76.3579;0.0125161;90
-75.7395;0.00185929;90
-70.436;0.00184555;90
-83.9118;0.00499719;90
-111.99;0.00795579;90
-82.9997;0.00410258;90
-73.0533;0.00421294;90
-64.1518;0.00293127;90
-67.5969;0.00841729;90
-52.1352;0.00148582;90
-53.2436;0.002525;90
-55.7978;0.0037857;90
-65.632;0.00530786;90
-63.4481;0.00976267;90
-51.743;0.001355;90
-53.3385;0.00236482;90
-61.6328;0.00765069;90
-63.7364;0.0017853;90
-61.8989;0.00388724;90
-51.7659;0.00435143;90
-38.6545;0.00338444;90
-47.7472;0.00683072;90
-47.4319;0.00146645;90
-40.6613;0.00238342;90
-48.8536;0.00299855;90
-53.6003;0.00363152;90
-69.1259;0.00493383;90
-84.4747;0.00578488;90
-88.6754;0.00644572;90
-82.6399;0.00592482;90
-73.2923;0.00521412;90
-46.6379;0.00356245;90
-39.8471;0.00282641;90
-46.844;0.00217548;90
-55.0058;0.00436274;90
-44.1581;0.00101056;90
-59.676;0.00238072;90
-59.0857;0.00317856;90
-55.57;0.00255572;90
-95.4333;0.00462578;90
67.6938;0.000632317;90
85.573;0.00326474;90
-62.6942;0.00473907;90
-51.8864;0.00745436;90
-45.305;0.00159384;90
-52.4196;0.00237098;90
-40.4052;0.00370725;90
-66.0127;0.0051607;90
-69.3212;0.00579109;90
-56.4458;0.00491383;90
-26.8917;0.0034512;90
-30.2419;0.00396107;90
-33.383;0.00377839;90
-41.4344;0.00401353;90
-64.887;0.00529447;90
-57.9267;0.00384366;90
-34.8918;0.00346486;90
-45.1196;0.00406587;90
-53.4642;0.00418427;90
-26.8058;0.00329957;90
43.875;0.00093639;90
4.27025;0.00181303;90
43.5262;0.00291424;90
87.8607;0.00326828;90
110.219;0.00357637;90
92.7222;0.00802205;90
84.0037;0.00189537;90
76.8452;0.00286929;90
61.4463;0.00733291;90
40.5841;0.00144183;90
16.6201;0.00235645;90
-58.4133;0.0016247;90
-24.2678;0.00247687;90
44.0569;0.0010311;90
33.3946;0.0046784;90
-20.1332;0.00117372;90
-20.2756;0.0011716;90
-30.9085;0.00160025;90
152.877;0.000826937;90
154.814;0.0019692;90
153.261;0.00191364;90
-160.5;0.00165068;90
-129.752;0.00494005;90
-147.396;0.000629143;90
115.225;0.0015111;90
123.484;0.00208264;90
-139.489;0.00706446;90
-116.691;0.00203706;90
-110.064;0.00199083;90
-88.8272;0.0121165;90
-82.1655;0.00260431;90
-120.77;0.00760566;90
-145.03;0.000856671;90
-118.813;0.00122004;90
131.714;0.00177634;90
135.058;0.00280297;90
124.648;0.0038643;90
132.506;0.00370451;90
136.182;0.00613828;90
111.947;0.00168296;90
112.409;0.00259171;90
128.717;0.00392184;90
149.788;0.00321347;90
144.215;0.0033382;90
150.075;0.00292264;90
147.198;0.00291835;90
128.096;0.00374726;90
116.665;0.00385051;90
114.065;0.00898055;90
136.378;0.00132338;90
136.145;0.00410487;90
127.078;0.00352462;90
140.412;0.00128204;90
117.864;0.00656857;90
120.715;0.00153887;90
-125.618;0.00232496;90
-142.436;0.000808659;90
102.414;0.00820075;90
123.165;0.00463028;90
121.478;0.00265816;90
133.275;0.00117433;90
137.975;0.00250654;90
139.346;0.00318194;90
129.746;0.00393816;90
105.245;0.00482996;90
94.9993;0.00520982;90
90.5886;0.00856645;90
101.758;0.00522156;90
111.13;0.00437194;90
128.541;0.0037652;90
137.359;0.00197521;90
136.963;0.00274589;90
130.415;0.00344119;90
132.463;0.00378602;90
138.314;0.00325389;90
133.063;0.00334653;90
124.072;0.00395732;90
118.573;0.00450576;90
114.681;0.00372641;90
122.665;0.00432624;90
123.917;0.0039176;90
119.016;0.00427793;90
110.069;0.00445873;90
114.412;0.00451244;90
123.844;0.00412255;90
130.335;0.00366009;90
116.948;0.00636399;90
106.75;0.00401119;90
111.062;0.00395954;90
102.48;0.00379466;90
117.244;0.00169953;90
56.1495;0.00208069;90
60.2015;0.00291779;90
79.2239;0.00393642;90
93.9301;0.00417281;90
104.68;0.00427351;90
105.532;0.00464566;90
105.295;0.00475751;90
106.347;0.00475733;90
119.003;0.00396411;90
134.136;0.00276722;90
148.882;0.00114939;90
146.655;0.00257607;90
148.14;0.00263145;90
146.251;0.00214198;90
141.081;0.00134826;90
130.504;0.00229101;90
-140.033;0.00131392;90
-114.234;0.00360574;90
-116.228;0.0016744;90
115.07;0.00193754;90
114.636;0.00123546;90
14.4194;0.00558596;90
-28.7894;0.0017629;90
9.14264;0.000648235;90
10.8133;0.00619907;90
94.8757;0.00314137;90
-85.5658;0.00433297;90
-89.4941;0.00215208;90
-89.3594;0.00205713;90
-48.5114;0.00229746;90
-55.7843;0.00450463;90
-72.9885;0.00641571;90
-76.0159;0.00612451;90
-73.3863;0.00500494;90
-82.9152;0.00618623;90
-110.006;0.00771664;90
-117.994;0.000771236;90
121.656;0.00491414;90
147.286;0.00115644;90
-136.845;0.00230566;90
-143.89;0.00310687;90
-134.187;0.00149497;90
-106.731;0.00140341;90
-91.8741;0.00174293;90
-70.5009;0.00166871;90
-77.7185;0.00130691;90
-80.9481;0.00165258;90
-71.5945;0.00184645;90
103.694;0.000933536;90
105.21;0.00280527;90
103.172;0.00162372;90
100.83;0.00152211;90
99.3241;0.0018393;90
122.127;0.000945838;90
-111.166;0.00169216;90
-106.868;0.00191959;90
-99.0273;0.00179726;90
76.9289;0.00286524;90
72.2589;0.00185418;90
-3.40392;0.0010779;90
35.1947;0.000602057;90
92.5038;0.00192284;90
-2.99366;0.00141693;90
60.4356;0.00129915;90
0;0.004639;90
-58.5392;0.00173975;90
-59.8014;0.00142545;90
-70.2341;0.00202852;90
-72.9605;0.00993408;90
-65.23;0.00155617;90
-65.8016;0.00231765;90
-62.5755;0.00468106;90
-60.6442;0.0126206;90
-58.6969;0.00315649;90
-63.7258;0.00281927;90
-58.4049;0.00574332;90
-59.455;0.0115463;90
-59.7189;0.00267728;90
-48.5685;0.00934982;90
-47.9579;0.00317914;90
-46.2911;0.00389149;90
-45.0126;0.00322229;90
-61.4998;0.0111514;90
-83.8468;0.0033493;90
-90.0648;0.007078;90
-85.9218;0.00712905;90
-68.5714;0.00587942;90
-38.8494;0.0082101;90
-59.7964;0.00179695;90
-52.4164;0.00605327;90
-68.1799;0.00284374;90
-62.8174;0.00286323;90
-97.7483;0.00367152;90
-39.2111;0.00545415;90
-46.6546;0.0021795;90
-46.5454;0.00317253;90
-46.8055;0.00576791;90
-40.1746;0.00125248;90
-65.0313;0.00409359;90
-70.1722;0.00573712;90
-62.9144;0.0052183;90
-28.1016;0.00358571;90
-30.5307;0.00365354;90
-25.4077;0.00354265;90
-60.3963;0.00302025;90
-44.1279;0.0046922;90
-62.2712;0.0047562;90
-49.5109;0.00310179;90
-33.6424;0.00300176;90
-48.8448;0.00648533;90
-60.0067;0.00114423;90
-47.7645;0.00171532;90
-41.3845;0.00238841;90
-57.4589;0.00414944;90
-66.406;0.00500434;90
-73.8073;0.00563348;90
-80.3837;0.00281353;90
72.5927;0.00160448;90
98.4645;0.00675963;90
80.9605;0.00111383;90
-89.2154;0.00920186;90
98.1821;0.00171445;90
108.825;0.00938712;90
110.073;0.00211232;90
117.426;0.00279853;90
135.682;0.00279398;90
134.008;0.00318529;90
126.598;0.00391484;90
136.398;0.00336117;90
142.539;0.003724;90
120.591;0.00482796;90
118.976;0.00570971;90
147.458;0.0047331;90
145.406;0.00474494;90
148.474;0.00426092;90
125.746;0.00542624;90
111.01;0.00607486;90
115.074;0.0041766;90
134.332;0.00624488;90
132.974;0.00132029;90
132.046;0.00332074;90
118.257;0.00793792;90
123.506;0.00112494;90
-131.401;0.000901217;90
-94.0966;0.00260365;90
128.521;0.000839749;90
-77.4997;0.00741989;90
101.75;0.000918243;90
99.9742;0.000883351;90
98.2319;0.00119431;90
92.871;0.000998253;90
107.402;0.00303596;90
-76.6956;0.00328517;90
-79.8237;0.00187347;90
-81.0384;0.00161775;90
-80.7749;0.00238282;90
-79.0184;0.00177959;90
-80.9273;0.00154736;90
-42.3878;0.00057406;90
103.321;0.00551642;90
100.137;0.00177267;90
99.4858;0.0016019;90
94.5297;0.00134219;90
94.5812;0.001252;90
101.418;0.00104059;90
137.577;0.000723395;90
-61.8666;0.00343141;90
-70.6751;0.00419432;90
-70.162;0.00182107;90
-71.5352;0.00181863;90
-86.6453;0.00143546;90
-100.483;0.00100579;90
99.6697;0.00576896;90
107.899;0.00158785;90
110.598;0.00258099;90
101.126;0.00262738;90
167.881;0.000819259;90
123.81;0.00106392;90
-69.1714;9.84327e-05;90
-75.57;0.00462284;90
-81.6436;0.00157573;90
-81.9709;0.00152495;90
-78.7956;0.003515;90
-80.1326;0.00151136;90
100.177;0.00403549;90
98.6962;0.000959025;90
101.565;0.00110238;90
98.8118;0.0015928;90
98.41;0.00136063;90
100.362;0.00277425;90
121.851;0.00106308;90
111.792;0.0103572;90
95.9596;0.00139655;90
120.954;0.00289301;90
135.969;0.00284439;90
137.484;0.00342562;90
130.507;0.00487422;90
101.403;0.00673699;90
93.9203;0.00674278;90
92.5068;0.00706476;90
106.349;0.00600377;90
123.189;0.00406278;90
137.25;0.00320567;90
135.523;0.00356538;90
130.485;0.00394304;90
135.154;0.0042073;90
135.774;0.00434415;90
122.412;0.0048246;90
117.212;0.00518935;90
118.721;0.00515868;90
124.914;0.00479259;90
117.638;0.00522974;90
114.135;0.0058866;90
116.322;0.00517118;90
127.821;0.00469665;90
122.702;0.00456808;90
108.84;0.00483082;90
109.537;0.00461999;90
105.618;0.00432363;90
111.33;0.00189694;90
115.477;0.00287342;90
121.896;0.00233921;90
7.15129;0.000811311;90
-61.8649;0.00269324;90
24.7146;0.0017173;90
37.7695;0.00109554;90
74.4427;0.00434001;90
96.0984;0.00499829;90
104.366;0.00500966;90
104.062;0.00598432;90
105.733;0.00610366;90
116.745;0.00527312;90
135.217;0.00279946;90
154.559;0.00177846;90
147.568;0.00301885;90
144.488;0.00308847;90
143.865;0.00172974;90
125.796;0.00296632;90
112.665;0.00428708;90
110.299;0.00226571;90
106.496;0.00374723;90
102.915;0.0057361;90
111.386;0.00553405;90
108.728;0.00994454;90
102.658;0.00240034;90
106.273;0.0054066;90
147.134;0.00428245;90
-81.3199;0.00250469;90
-78.9732;0.00369115;90
-65.2136;0.0014264;90
-146.765;0.000943297;90
-177.845;0.000744527;90
-161.33;0.000849711;90
-158.433;0.000816138;90
175.121;0.000493789;90
-152.609;0.00127156;90
18.5646;0.00405184;90
55.5735;0.000755287;90
102.143;0.00605651;90
105.673;0.00121414;90
88.8622;0.00115823;90
30.4226;0.00121649;90
-47.1376;0.00309009;90
-67.6274;0.00499174;90
-78.5799;0.00551009;90
-73.0484;0.00515498;90
-68.1872;0.00373545;90
-61.4865;0.00330145;90
-76.7075;0.00384912;90
-75.676;0.00362159;90
-74.5264;0.00351957;90
-68.9185;0.00168476;90
-72.7567;0.00401443;90
-60.4542;0.00331969;90
-39.4698;0.00196642;90
-49.2789;0.00207549;90
-20.8748;0.0026296;90
-42.0723;0.00235349;90
-23.5983;0.00137389;90
-38.7998;0.00217363;90
-53.3377;0.00309162;90
-64.7995;0.00488272;90
-76.4098;0.00504732;90
-75.6663;0.00453208;90
-74.777;0.00422733;90
-78.5507;0.00459443;90
-92.3849;0.00439781;90
-111.951;0.00362479;90
169.765;0.000585314;90
168.521;0.00186429;90
127.162;0.000902212;90
112.665;0.00156485;90
140.635;0.000266453;90
-79.3717;0.00204407;90
-62.9523;0.00260153;90
-51.4191;0.00147366;90
-78.3772;0.00412968;90
-70.3918;0.00413902;90
-70.5427;0.00756822;90
-66.4048;0.00182126;90
-53.7963;0.00399047;90
-55.0832;0.00436594;90
-63.9353;0.00501838;90
-65.1756;0.00519723;90
-61.8218;0.00528995;90
-55.5126;0.0047437;90
-60.5078;0.00478159;90
-65.3292;0.00487058;90
-55.9237;0.00481352;90
-44.9053;0.0038502;90
-40.3533;0.00350888;90
-50.1109;0.00377824;90
-47.4447;0.00329883;90
-42.5651;0.00296262;90
-47.1344;0.00315164;90
-61.7719;0.00448431;90
-74.738;0.00510193;90
-86.1893;0.00556731;90
-89.5139;0.0054222;90
-83.8445;0.00554899;90
-73.4004;0.00534161;90
-41.423;0.00377411;90
-41.9817;0.00311559;90
-41.7874;0.00281376;90
-58.7964;0.00311341;90
-86.176;0.00229411;90
-62.0157;0.0013;90
-64.5423;0.00175877;90
-72.3208;0.00213377;90
-59.9896;0.00152552;90
-65.7022;0.00149218;90
-70.353;0.00113614;90
-78.6715;0.00545732;90
-77.2771;0.00128044;90
-80.4984;0.00119946;90
-81.8067;0.00179634;90
-80.8099;0.00131488;90
-81.6293;0.00104412;90
-75.7528;0.00158062;90
106.467;0.0127426;90
94.3138;0.00284506;90
11.4966;0.000662288;90
-73.2974;0.00163185;90
-75.9771;0.0052247;90
-80.2894;0.00151775;90
-81.0382;0.00137377;90
-81.227;0.00129819;90
-77.0463;0.00125801;90
-82.2267;0.00127169;90
-80.7292;0.0012787;90
-62.1889;0.00076089;90
102.488;0.00626625;90
100.164;0.00149039;90
100.005;0.001249;90
95.7985;0.00116798;90
94.3758;0.00115336;90
98.2835;0.000950921;90
116.076;0.00167666;90
-77.5603;0.010394;90
-83.4676;0.00181076;90
-96.2354;0.00217285;90
96.0611;0.0124255;90
102.941;0.00119228;90
100.114;0.00586515;90
120.474;0.00543825;90
125.75;0.00272312;90
127.288;0.00287708;90
138.922;0.00340137;90
136.945;0.00445876;90
108.076;0.00650398;90
95.6617;0.00722726;90
90.8318;0.00709475;90
103.55;0.00623557;90
117.73;0.00431114;90
133.778;0.00314946;90
136.712;0.00317067;90
131.368;0.00372828;90
132.11;0.00403847;90
138.484;0.00434046;90
127.417;0.00500483;90
117.924;0.00544949;90
117.712;0.00576529;90
124.981;0.00542995;90
116.795;0.0066859;90
114.085;0.00643964;90
121.208;0.00550807;90
127.616;0.00520504;90
112.553;0.00545193;90
107.897;0.00448083;90
109.334;0.00427403;90
104.461;0.00323964;90
116.334;0.00276827;90
127.003;0.00310541;90
-146.298;0.00259516;90
-139.445;0.00293767;90
162.703;0.00203817;90
153.897;0.00210689;90
147.622;0.00161155;90
150.465;0.0024688;90
166.445;0.00225275;90
-173.016;0.00146386;90
-160.797;0.00117964;90
-158.733;0.00193262;90
158.68;0.00110567;90
119.425;0.00180138;90
108.722;0.00201882;90
-165.037;0.000824972;90
-75.1552;0.000979699;90
-89.4556;0.00126306;90
71.4057;0.00272842;90
-75.1355;0.00286901;90
-22.8477;0.00237971;90
28.0935;0.00176041;90
11.7537;0.000962175;90
-5.43451;0.00233349;90
7.18543;0.000823467;90
-32.4927;0.00224314;90
-31.3609;0.00197914;90
-30.0477;0.00187729;90
-17.9526;0.000713751;90
-20.2321;0.00157306;90
25.2231;0.00166141;90
50.6954;0.00291423;90
-1.96763;0.00189312;90
-61.3315;0.00322882;90
-40.7878;0.00129964;90
-78.9377;0.00308533;90
-74.2173;0.00430531;90
-69.2659;0.00425669;90
-71.4513;0.00493854;90
-57.2939;0.00460275;90
-52.8743;0.00461425;90
-63.4045;0.00588802;90
-66.33;0.00572896;90
-60.5802;0.00518114;90
-55.2448;0.00525198;90
-61.2462;0.00545686;90
-62.5252;0.0054643;90
-54.1346;0.00473473;90
-41.4657;0.00439312;90
-48.6795;0.00428612;90
-47.0151;0.00396154;90
-42.9102;0.00335462;90
-50.0209;0.0038054;90
-67.152;0.00465634;90
-79.0614;0.00611307;90
-89.7594;0.00714506;90
-83.1777;0.00645672;90
-72.2711;0.00579943;90
-43.3344;0.00423312;90
-42.0643;0.00331361;90
-47.0831;0.0028402;90
-57.7647;0.00240346;90
-56.4658;0.00305918;90
-59.1829;0.00368535;90
-56.5834;0.0020918;90
-93.9319;0.00355838;90
171.227;0.000806435;90
-76.9867;0.00550231;90
-78.0129;0.0035678;90
39.7265;0.00139253;90
-59.8424;0.00187707;90
-74.5628;0.00190472;90
-100.851;0.00151916;90
29.3709;0.00617582;90
-36.2524;0.00211552;90
-48.2071;0.00388032;90
-68.7254;0.00615977;90
-64.5584;0.00554249;90
-44.8766;0.00426881;90
-32.8982;0.00361228;90
-31.9475;0.00377593;90
-32.0084;0.00402608;90
-50.3316;0.00411691;90
-67.6271;0.00471058;90
-50.0596;0.00380847;90
-32.7939;0.00322736;90
-52.0411;0.00347263;90
-51.2925;0.00337414;90
-45.7536;0.00231173;90
-31.1751;0.00130203;90
46.479;0.00202724;90
-2.3583;0.00172546;90
40.2701;0.00189514;90
75.7029;0.00308969;90
105.88;0.00266054;90
46.0947;0.00111036;90
16.8513;0.00140743;90
63.6048;0.00181078;90
-10.9467;0.000990014;90
-25.4551;0.000600273;90
-158.458;0.00487232;90
-103.407;0.00721975;90
-166.316;0.00122168;90
-130.105;0.00230367;90
140.321;0.00452944;90
121.547;0.00175075;90
125.084;0.00230352;90
135.402;0.00312761;90
134.818;0.00667371;90
110.92;0.00231887;90
115.191;0.00208864;90
129.937;0.00436645;90
149.696;0.00802444;90
137.205;0.00154405;90
130.252;0.00792841;90
116.606;0.00190021;90
114.81;0.00729972;90
116.255;0.00140606;90
108.479;0.000829782;90
-132.502;0.00523969;90
-150.986;0.000680386;90
-170.467;0.000797007;90
152.59;0.00433576;90
80.1259;0.000892216;90
99.9942;0.00819942;90
110.724;0.00270717;90
102.813;0.0019434;90
159.868;0.00115347;90
105.102;0.00226834;90
128.055;0.00125727;90
-113.755;0.00154161;90
-121.782;0.0011164;90
-78.6901;0.00291664;90
-99.3084;0.00244824;90
125.947;0.000683089;90
82.1731;0.00585252;90
84.2938;0.00130748;90
-2.19288;0.000679498;90
-65.6862;0.00163941;90
-78.9053;0.00114846;90
-83.7382;0.00685791;90
-142.095;0.000996163;90
-177.9;0.000709477;90
109.571;0.00143596;90
-162.466;0.000683769;90
-120.352;0.00138133;90
-132.693;0.00159865;90
-106.134;0.00175616;90
-114.39;0.00141421;90
-129.188;0.000796052;90
-158.12;0.000810375;90
-152.974;0.000611808;90
-167.798;0.000780637;90
-151.421;0.000725381;90
-97.5238;0.000962285;90
38.3379;0.00341932;90
54.4142;0.00110668;90
70.8718;0.00162047;90
69.6261;0.00121501;90
42.1497;0.000838959;90
55.1789;0.00120837;90
58.9376;0.00129464;90
35.6584;0.000662148;90
-73.9305;0.00114161;90
-61.4277;0.000957625;90
36.647;0.000822606;90
33.0303;0.000746676;90
41.1099;0.00070874;90
91.9701;0.00122172;90
96.8347;0.001126;90
99.6599;0.000905844;90
95.0656;0.00108725;90
104.569;0.00130393;90
103.126;0.00752562;90
118.525;0.00256314;90
127.484;0.00302197;90
49.2916;0.00208828;90
146.564;0.00824681;90
137.515;0.00236897;90
106.417;0.0118251;90
94.953;0.0032662;90
89.6801;0.00411906;90
97.8427;0.00628781;90
109.102;0.0051887;90
124.661;0.00382965;90
142.108;0.00354296;90
135.236;0.00326757;90
114.648;0.00248656;90
-6.92067;0.000730321;90
-81.9628;0.00174514;90
-47.7421;0.00832157;90
-38.942;0.00142713;90
-70.5219;0.0103525;90
-89.2637;0.0024122;90
-91.7652;0.00435006;90
-88.2895;0.00743731;90
-58.0625;0.0107374;90
-37.1916;0.00113982;90
-42.4734;0.0012351;90
-51.76;0.00571283;90
-51.5819;0.00129547;90
-59.746;0.0033781;90
-57.4077;0.00322839;90
-77.668;0.00148425;90
-95.2681;0.000914864;90
-86.8573;0.00222535;90
-178.313;0.000679294;90
105.784;0.00959165;90
129.351;0.00237042;90
117.992;0.0034473;90
131.217;0.00260429;90
142.689;0.00404852;90
128.247;0.00446809;90
102.937;0.0074101;90
91.9706;0.0064268;90
94.2397;0.00707436;90
111.451;0.00923146;90
137.858;0.001702;90
136.477;0.00578818;90
130.256;0.00167593;90
132.667;0.00682712;90
142.363;0.00152294;90
124.223;0.00876215;90
116.387;0.00187205;90
117.578;0.00683002;90
126.593;0.00508786;90
117.063;0.00195395;90
114.942;0.00938094;90
119.216;0.00553975;90
131.815;0.00442909;90
113.98;0.00526548;90
107.218;0.00218911;90
108.808;0.00666274;90
115.631;0.00123447;90
103.489;0.00400857;90
71.8816;0.00927384;90
93.3551;0.00384459;90
107.979;0.00166847;90
103.768;0.00310934;90
104.089;0.00476534;90
105.711;0.00456453;90
108.412;0.00472065;90
119.017;0.00387776;90
135.223;0.00236388;90
142.793;0.00193483;90
149.922;0.00272955;90
145.182;0.00408422;90
168.631;0.000568149;90
128.928;0.0021724;90
120.433;0.00348054;90
108.076;0.00328093;90
111.341;0.00147837;90
108.448;0.0026892;90
103.866;0.00423542;90
104.353;0.00487722;90
116.931;0.00504512;90
105.62;0.00650317;90
103.782;0.00589367;90
112.023;0.00495235;90
146.859;0.00248767;90
-108.195;0.00180947;90
-79.1654;0.00271846;90
-77.7217;0.00233235;90
-79.901;0.0015683;90
-168.014;0.000698222;90
-177.946;0.00117175;90
-140.219;0.000878333;90
176.674;0.000913539;90
-142.016;0.0015631;90
20.6499;0.00342826;90
27.1309;0.00104161;90
100.076;0.00856814;90
66.407;0.0013542;90
-56.7149;0.00808302;90
-71.1798;0.00216368;90
-74.2623;0.0116726;90
-63.8594;0.00211314;90
-71.9661;0.0108437;90
-65.4407;0.000945542;90
-79.1293;0.00145817;90
-85.6654;0.00150831;90
111.367;0.00244828;90
102.626;0.00185281;90
166.567;0.000529485;90
100.374;0.0084298;90
118.384;0.00391688;90
107.077;0.00587084;90
104.316;0.00621602;90
106.47;0.0057176;90
153.037;0.00282959;90
-134.507;0.00238375;90
-68.823;0.00625329;90
-151.931;0.00172147;90
-155.069;0.000642907;90
-139.556;0.000632029;90
-179.436;0.00061003;90
-177.903;0.0010387;90
-128.506;0.00093158;90
109.247;0.00124986;90
8.50458;0.00259655;90
10.6682;0.000507777;90
81.7582;0.00659916;90
85.8539;0.00337483;90
-50.0711;0.00136795;90
-68.8269;0.0235723;90
-72.5011;0.0124082;90
-61.2907;0.00106377;90
-62.419;0.0102656;90
-35.6695;0.000859189;90
-33.5756;0.00222047;90
-34.1312;0.00273753;90
-20.3714;0.00181555;90
-52.035;0.00569264;90
-65.5933;0.00178117;90
-72.4692;0.00436891;90
-75.3686;0.00525336;90
-75.9556;0.00512623;90
-82.0552;0.00988286;90
-110.687;0.00173807;90
-63.0093;0.0943405;90
-88.7578;0.00313674;90
-87.2453;0.00913456;90
-75.8815;0.00692828;90
-53.6791;0.00137766;90
-41.357;0.00299358;90
-40.7217;0.00242648;90
-41.2993;0.00209245;90
-54.1843;0.00258724;90
-56.8022;0.00219531;90
-59.8437;0.00288438;90
-55.4828;0.00342008;90
-57.3448;0.00257978;90
139.468;0.000626279;90
120.807;0.00333103;90
122.764;0.00363654;90
121.886;0.00268636;90
55.6215;0.00138491;90
11.9031;0.000814514;90
-69.7719;0.0097525;90
-46.4242;0.00102421;90
-98.5058;0.00420525;90
127.681;0.00111571;90
-63.0774;0.00580405;90
-71.6037;0.00234483;90
-73.7046;0.00182116;90
-63.2897;0.00246952;90
-112.217;0.00143342;90
142.058;0.00275668;90
98.348;0.00204567;90
100.893;0.00291044;90
96.7012;0.00389058;90
111.794;0.00150023;90
111.281;0.000776981;90
-60.1449;0.0037404;90
-70.8989;0.00383515;90
-73.1743;0.00147515;90
-72.9177;0.00164769;90
-72.0131;0.00165803;90
-101.446;0.00206099;90
97.4662;0.0056025;90
106.152;0.00156372;90
111.165;0.00235699;90
104.32;0.00269679;90
134.027;0.000916542;90
130.633;0.0011609;90
116.738;0.0720433;90
121.706;0.00543044;90
119.012;0.00628461;90
121.107;0.00550684;90
122.755;0.00559101;90
115.723;0.0063292;90
114.159;0.00618908;90
125.756;0.00551564;90
122.374;0.00513039;90
108.265;0.00533162;90
109.9;0.00488573;90
105.484;0.00468607;90
107.372;0.000971303;90
111.007;0.000937295;90
49.929;0.0026253;90
71.904;0.00470365;90
94.1605;0.00588551;90
104.354;0.00555439;90
104.164;0.00544348;90
106.344;0.00565033;90
115.697;0.00483851;90
132.787;0.00336976;90
115.972;0.000993315;90
85.176;0.00149831;90
-80.9231;0.00237069;90
-46.5302;0.00317746;90
-64.1233;0.005286;90
-74.4335;0.00585787;90
-75.5645;0.00570821;90
-75.7195;0.00494995;90
-84.9873;0.00519587;90
-104.424;0.00465679;90
-122.452;0.00297805;90
-81.2803;0.00394459;90
-70.6262;0.00503724;90
-72.2315;0.0051381;90
-65.8441;0.00520256;90
-51.4862;0.00490122;90
-60.5112;0.00585673;90
-66.8222;0.00541941;90
-62.6554;0.00631122;90
-55.6028;0.00575296;90
-61.9516;0.00573565;90
-61.444;0.00621734;90
-50.2653;0.00497001;90
-41.3535;0.00421369;90
-49.2166;0.0048469;90
-45.4403;0.00377253;90
-43.5939;0.00374597;90
-57.5199;0.00392732;90
-70.6212;0.00575929;90
-86.89;0.0123862;90
-82.2399;0.00711718;90
-58.0314;0.00528091;90
-41.9837;0.00362824;90
-40.6703;0.00279114;90
-53.0169;0.0023272;90
-58.8922;0.00259169;90
-57.3965;0.00269106;90
-60.206;0.00346962;90
-53.9286;0.0020092;90
-95.1574;0.00280335;90
-105.114;0.00163765;90
114.429;0.000923691;90
-62.1814;0.00408851;90
-66.3342;0.00180369;90
-72.4178;0.00233718;90
-70.98;0.00201289;90
-77.2537;0.00254266;90
-103.722;0.00123938;90
100.302;0.00644184;90
108.49;0.00228601;90
110.866;0.00199055;90
103.388;0.00184412;90
-179.471;0.000866037;90
111.28;0.00101951;90
-42.3623;0.0116619;90
-56.1665;0.00188405;90
-43.9425;0.00333316;90
-54.0767;0.00412816;90
-68.7361;0.00688793;90
-60.734;0.00558027;90
-32.6866;0.0037534;90
-32.1126;0.00408026;90
-30.4167;0.00380813;90
-42.2082;0.00423919;90
-64.0146;0.00503946;90
-59.6992;0.00446149;90
-35.2239;0.00303585;90
-36.8108;0.0032962;90
-50.1391;0.00636267;90
-50.1654;0.0020185;90
51.0477;0.00159065;90
12.2399;0.0017641;90
31.1108;0.00213859;90
69.5177;0.00272636;90
104.618;0.0029164;90
91.0006;0.00177527;90
81.0236;0.00158947;90
78.5463;0.00226613;90
-96.5001;0.00569763;90
-76.0399;0.0027358;90
-118.293;0.00444956;90
167.809;0.000956571;90
-164.154;0.0015894;90
-123.062;0.00151775;90
141.898;0.00161897;90
131.657;0.00301953;90
128.39;0.00358126;90
136.906;0.00331675;90
141.194;0.00336852;90
125.699;0.00420888;90
112.864;0.00456573;90
137.698;0.00477685;90
145.328;0.00369152;90
152.833;0.00366199;90
144.994;0.00429867;90
119.765;0.0054166;90
110.241;0.00503811;90
116.142;0.00448478;90
136.461;0.00235755;90
132.608;0.00311682;90
132.119;0.00344726;90
132.816;0.00387847;90
113.657;0.00435387;90
118.02;0.00301206;90
-102.412;0.0024472;90
-118.806;0.00100655;90
-73.5213;0.013488;90
117.817;0.00458593;90
-79.0139;0.00170016;90
-78.8475;0.00149931;90
-93.3953;0.00128325;90
94.5281;0.00159598;90
98.7141;0.00271939;90
98.4839;0.00320608;90
97.9523;0.00419231;90
89.4095;0.00407522;90
105.805;0.00257744;90
121.429;0.0052374;90
124.424;0.00320532;90
123.778;0.00308109;90
134.796;0.0031721;90
142.014;0.00365409;90
124.504;0.00435151;90
98.543;0.00692686;90
95.2637;0.00636584;90
90.309;0.00574808;90
104.718;0.00540432;90
117.053;0.0043028;90
140.454;0.0029386;90
132.499;0.0040025;90
130.144;0.00381723;90
133.5;0.00391801;90
136.994;0.0040846;90
129.046;0.00379714;90
118.88;0.00501467;90
117.545;0.00538658;90
123.148;0.00431049;90
123.1;0.0047152;90
115.397;0.00546295;90
113.566;0.00524764;90
119.024;0.00534644;90
130.057;0.00390644;90
119.215;0.00492327;90
107.731;0.00424568;90
115.552;0.0021492;90
105.028;0.00625181;90
104.044;0.0019039;90
120.785;0.000826456;90
49.8171;0.00295554;90
72.7119;0.00404473;90
86.9132;0.00488409;90
107.546;0.00393403;90
104.614;0.00464116;90
105.049;0.00512995;90
105.198;0.00506203;90
118.291;0.00478109;90
130.686;0.00265068;90
155.526;0.0011152;90
138.334;0.00235866;90
149.116;0.00272546;90
146.753;0.00236753;90
152.077;0.00105706;90
129.589;0.00284961;90
114.261;0.00409353;90
129.253;0.00201975;90
-60.8158;0.000773146;90
-59.6512;0.00151802;90
-97.0464;0.00108419;90
-48.0128;0.0035114;90
-52.9011;0.00165121;90
-28.6471;0.000873985;90
-41.7438;0.00194202;90
-34.7411;0.00260059;90
-30.5192;0.00265248;90
-33.0663;0.00152857;90
-42.5774;0.0014721;90
-45.2585;0.00235115;90
-63.2115;0.0042423;90
-73.905;0.00504994;90
-78.3053;0.00508148;90
-73.821;0.00488444;90
-76.8228;0.00486921;90
-92.8191;0.00449344;90
-108.75;0.00333499;90
-110.478;0.00385885;90
-79.4808;0.00150632;90
-73.9706;0.00346575;90
-67.9345;0.00358563;90
-74.3242;0.00467072;90
-63.6533;0.00469354;90
-48.5233;0.00433781;90
-61.5518;0.00521241;90
-64.895;0.00444048;90
-64.8701;0.00441046;90
-63.3877;0.00488;90
-51.7597;0.00403095;90
-62.5545;0.00512254;90
-61.953;0.00489371;90
-60.1412;0.00430439;90
-51.1492;0.00379567;90
-38.6273;0.00384781;90
-47.3078;0.00375778;90
-47.6341;0.00338496;90
-43.3489;0.00319038;90
-50.9527;0.0034637;90
-58.7441;0.00380063;90
-75.5417;0.00612395;90
-88.3977;0.00586529;90
-86.2243;0.00586172;90
-82.1182;0.00603804;90
-61.1172;0.00411371;90
-43.5772;0.00370214;90
-43.6654;0.00236804;90
-41.5318;0.00233773;90
-56.0866;0.0026329;90
-61.3032;0.00328214;90
-58.9219;0.00369426;90
-53.835;0.00312144;90
-94.762;0.00289098;90
-119.373;0.0012049;90
126.421;0.000867427;90
-67.8071;0.00317955;90
94.392;0.00722121;90
120.477;0.00342872;90
120.252;0.00349147;90
126.112;0.00282845;90
128.347;0.00335091;90
138.319;0.0028091;90
138.673;0.00312405;90
124.592;0.00391029;90
100.262;0.00584347;90
95.5205;0.00626807;90
91.0546;0.00728023;90
104.952;0.00566272;90
119.694;0.00446538;90
136.481;0.00355652;90
134.98;0.00405879;90
129.675;0.00489947;90
137.832;0.00406517;90
134.031;0.00380407;90
121.336;0.00443025;90
117.296;0.00476679;90
118.933;0.0049898;90
124.914;0.00441337;90
119.618;0.00477721;90
113.636;0.00481383;90
114.161;0.0050526;90
122.275;0.00427915;90
129.42;0.00431968;90
116.513;0.00492159;90
106.664;0.00425783;90
109.476;0.00363817;90
107.228;0.00378482;90
109.671;0.00244786;90
59.0865;0.00215282;90
66.8138;0.00426444;90
83.9365;0.00418441;90
101.497;0.00497687;90
104.212;0.00496909;90
104.864;0.00481823;90
105.725;0.00511026;90
115.399;0.0043505;90
133.585;0.00326359;90
129.148;0.00108185;90
88.8421;0.00188038;90
-64.64;0.0128437;90
-76.1712;0.00435524;90
-74.0603;0.00554209;90
-74.4011;0.0048382;90
-89.1514;0.00621168;90
-111.667;0.00459894;90
-107.479;0.00265352;90
-77.0207;0.00477294;90
-69.2266;0.00468882;90
-72.1404;0.00544856;90
-57.2012;0.00465394;90
-54.1634;0.00499081;90
-63.0808;0.00593285;90
-65.8822;0.00636787;90
-60.0448;0.00533924;90
-55.7556;0.00501667;90
-63.0272;0.00571911;90
-62.5294;0.00537618;90
-50.472;0.00430824;90
-40.4893;0.00393805;90
-46.8855;0.00793025;90
-48.4212;0.00156408;90
-43.7564;0.00153125;90
-45.3464;0.00280727;90
-56.588;0.00314352;90
-72.7111;0.00456946;90
-79.6092;0.0048902;90
-89.597;0.00483412;90
-87.0548;0.00490448;90
-82.0851;0.00511977;90
-67.6002;0.00474719;90
-41.9231;0.00318799;90
-45.4772;0.00237738;90
-45.7994;0.00486537;90
-59.8004;0.00123456;90
-54.5722;0.00260663;90
-60.3458;0.00336928;90
-56.6656;0.00317184;90
-89.2758;0.00276922;90
-101.746;0.00193043;90
116.942;0.00101967;90
100.564;0.00703116;90
118.71;0.00289147;90
125.709;0.00318845;90
127.017;0.00326381;90
138.967;0.00331154;90
136.568;0.00382547;90
115.017;0.00582664;90
97.8923;0.00678022;90
89.3033;0.00756656;90
98.4314;0.00564703;90
114.552;0.00529694;90
129.128;0.00380155;90
137.163;0.00342838;90
132.457;0.00433459;90
133.127;0.00460926;90
136.812;0.00473999;90
122.228;0.00512099;90
117.758;0.0060785;90
121.181;0.00560702;90
122.38;0.00562807;90
114.614;0.00671299;90
115.622;0.00613973;90
124.678;0.00527626;90
124.668;0.00464823;90
111.853;0.00554227;90
107.049;0.00536163;90
105.583;0.00425854;90
110.179;0.00204663;90
48.287;0.00245416;90
69.1486;0.00417761;90
90.1821;0.00472002;90
104.039;0.0057219;90
104.853;0.005836;90
103.575;0.00578563;90
112.344;0.00460582;90
127.711;0.00377321;90
141.647;0.00157613;90
85.6391;0.0022094;90
-92.0224;0.00249355;90
143.423;0.00266483;90
147.19;0.003667;90
151.312;0.00205188;90
129.75;0.0029291;90
114.921;0.00419346;90
110.451;0.00301077;90
-90.9132;0.00144318;90
-12.3115;0.000886384;90
-68.6644;0.00383696;90
-52.4225;0.00472916;90
-13.7412;0.000753568;90
-36.3975;0.00184366;90
-36.5139;0.00251085;90
-26.1424;0.00272808;90
-43.6379;0.00258803;90
-55.8977;0.00427879;90
-71.0364;0.00596368;90
-76.6313;0.0102631;90
-76.5019;0.00191078;90
-76.3238;0.00277879;90
-88.3272;0.00298027;90
-108.306;0.00519595;90
-118.652;0.00241924;90
-86.2075;0.00264579;90
-74.3967;0.00499301;90
-70.3452;0.00402554;90
-69.6665;0.00482038;90
-56.9445;0.0047832;90
-48.1606;0.00513008;90
-67.8256;0.00561963;90
-66.4061;0.00591878;90
-62.9334;0.00536453;90
-56.7756;0.0117736;90
-65.7072;0.00228975;90
-59.9153;0.00290656;90
-48.5315;0.00472963;90
-45.0249;0.00488964;90
-50.7869;0.0045444;90
-44.8261;0.00349524;90
-41.4261;0.00307411;90
-57.6609;0.00369394;90
-78.2038;0.0117154;90
-90.4484;0.00242807;90
-86.9862;0.00291002;90
-83.936;0.00627612;90
-73.5519;0.00513515;90
-46.8879;0.00362731;90
-43.2202;0.00261827;90
-37.2913;0.00206646;90
-42.2009;0.00201271;90
-59.6553;0.00252375;90
-64.1968;0.00252251;90
-53.6276;0.00345513;90
-54.503;0.00311369;90
-95.9506;0.0022089;90
-99.5875;0.00240763;90
104.508;0.00100195;90
77.0241;0.00321099;90
121.757;0.00815485;90
122.128;0.00129182;90
120.457;0.00211483;90
137.448;0.00687157;90
135.744;0.00212503;90
126.527;0.00214044;90
96.7058;0.0188489;90
92.0119;0.00336107;90
108.012;0.0051809;90
127.998;0.00716339;90
149.595;0.00138903;90
133.341;0.00253958;90
132.606;0.00382596;90
137.129;0.00376865;90
136.029;0.00413512;90
121.702;0.00496478;90
118.002;0.00456659;90
117.892;0.00592762;90
123.418;0.00455747;90
115.486;0.0129004;90
119.298;0.0034515;90
124.408;0.0109293;90
107.478;0.00193116;90
105.881;0.00439266;90
110.227;0.00170941;90
108.245;0.00343678;90
105.954;0.00262304;90
80.2801;0.00190129;90
64.57;0.00295756;90
86.6148;0.0100766;90
107.501;0.00322216;90
103.933;0.0123885;90
112.301;0.00202119;90
116.436;0.0017902;90
138.45;0.0048879;90
125.907;0.000702499;90
137.192;0.0022;90
152.797;0.00533961;90
131.43;0.000749573;90
128.125;0.00118728;90
120.636;0.00318101;90
108.672;0.00734034;90
111.427;0.00161781;90
106.981;0.00243099;90
108.862;0.00970941;90
116.676;0.00207373;90
108.928;0.00205619;90
109.554;0.000890351;90
71.9772;0.00109892;90
75.1807;0.00250223;90
84.1307;0.0134364;90
93.5108;0.00387026;90
82.3203;0.00262656;90
68.1547;0.00533187;90
63.8534;0.00477682;90
51.6555;0.00383147;90
70.1684;0.0112098;90
73.5522;0.00183301;90
94.5368;0.0122504;90
88.6326;0.00352;90
82.5804;0.0060557;90
84.386;0.01104;90
76.5898;0.00119868;90
77.739;0.00127611;90
30.0571;0.00250368;90
27.1544;0.00247814;90
21.6088;0.00270727;90
15.0821;0.00296307;90
-3.24209;0.00270533;90
1.25136;0.00270164;90
16.2437;0.00263832;90
57.6093;0.00835371;90
61.6944;0.000795065;90
1.62965;0.00165267;90
64.3341;0.00846411;90
65.7865;0.00183109;90
-14.0549;0.0014865;90
5.91069;0.00259278;90
4.28576;0.00252907;90
30.9878;0.00122364;90
-148.932;0.0114599;90
-117.571;0.00336178;90
-149.521;0.00283703;90
-124.864;0.00330282;90
-115.988;0.00386591;90
-144.808;0.00352411;90
-175.592;0.00318743;90
174.431;0.00281328;90
-162.026;0.00228134;90
-172.441;0.0021285;90
-150.611;0.00283251;90
-143.625;0.0028007;90
-142.682;0.00128004;90
-97.3133;0.00407717;90
-97.4383;0.00503638;90
-93.4733;0.00516649;90
-98.221;0.00570664;90
-93.6108;0.00570032;90
-86.7501;0.00571519;90
-81.7499;0.00439044;90
-96.9129;0.00408772;90
-112.667;0.00494062;90
-124.637;0.00469757;90
-120.966;0.00455174;90
-115.814;0.00477442;90
-106.136;0.00562769;90
-94.0354;0.00585451;90
-92.89;0.0065253;90
-92.5008;0.00488165;90
-138.673;0.000838937;90
-112.972;0.00106333;90
-76.0763;0.00481652;90
-63.002;0.00408407;90
-74.0054;0.00991483;90
-70.5748;0.00150041;90
-72.3942;0.000895967;90
-68.177;0.00147684;90
-73.6962;0.00267872;90
-70.7946;0.00258698;90
-57.1281;0.00271942;90
-45.1257;0.0016115;90
-40.877;0.00254723;90
-35.0657;0.00210264;90
-30.2911;0.00309679;90
-17.0806;0.000949897;90
-42.1412;0.00168714;90
-47.849;0.002262;90
-61.8675;0.0039893;90
-74.3412;0.0121115;90
-76.0804;0.00321748;90
-77.0549;0.00485232;90
-92.3634;0.00434069;90
-108.482;0.00344151;90
-121.651;0.00248691;90
-117.249;0.00127331;90
113.682;0.0030673;90
128.417;0.00258454;90
-153.546;0.00230092;90
-130.855;0.00267066;90
-164.552;0.00189963;90
-67.9154;0.00240441;90
-65.6385;0.00310551;90
-84.9144;0.00447863;90
-87.7467;0.00417123;90
-92.1519;0.00447416;90
-93.3691;0.0037605;90
-105.186;0.00333651;90
-86.3757;0.00514128;90
-68.93;0.00164391;90
-71.2732;0.00273161;90
-66.8354;0.00331746;90
-55.6363;0.00403406;90
-59.7053;0.000969376;90
-78.2146;0.00177236;90
-72.3341;0.00393454;90
-59.7309;0.00325357;90
-49.9129;0.00333566;90
-66.9025;0.00342343;90
-62.648;0.00250732;90
-98.0844;0.00265943;90
-80.7649;0.000953357;90
103.812;0.00805491;90
112.787;0.00190032;90
127.285;0.00508273;90
108.497;0.00116625;90
106.825;0.00192437;90
103.93;0.002754;90
123.586;0.0036552;90
123.969;0.00102371;90
119.094;0.00211828;90
108.492;0.00605039;90
117.393;0.000928065;90
107.47;0.00197196;90
93.2878;0.00179596;90
73.6423;0.00620309;90
86.5604;0.00115007;90
88.129;0.00339981;90
90.3313;0.00467008;90
90.8613;0.00332638;90
112.491;0.00689871;90
115.857;0.000832328;90
90.2418;0.000948008;90
36.218;0.0015469;90
26.449;0.00287156;90
21.3989;0.00245848;90
-58.4319;0.00323584;90
-44.747;0.00176142;90
-74.3918;0.00350111;90
-72.7983;0.0106818;90
-72.6904;0.00207707;90
-63.237;0.00232955;90
-57.4127;0.00991488;90
-61.2373;0.00240241;90
-65.1012;0.00339892;90
-66.5595;0.0056285;90
-59.4506;0.00578617;90
-54.6182;0.00559909;90
-62.9401;0.00621426;90
-52.7968;0.00536349;90
-45.433;0.0047724;90
-46.7274;0.00412855;90
-46.104;0.00444075;90
-45.4622;0.00368132;90
-73.3418;0.0177666;90
-91.3242;0.00181749;90
-85.8041;0.00266514;90
-84.0955;0.00726152;90
-57.4167;0.00478158;90
-40.948;0.00369255;90
-40.3334;0.00287685;90
-51.3825;0.00485966;90
-59.5816;0.00160376;90
-62.4937;0.00332146;90
-56.3849;0.00360361;90
-86.1232;0.00230728;90
-100.49;0.00249368;90
127.361;0.00114364;90
157.198;0.00222163;90
-83.4515;0.00300762;90
-94.9554;0.00260474;90
159.647;0.000529029;90
81.9698;0.00584128;90
84.7482;0.00162783;90
-8.43381;0.000613636;90
-65.509;0.00201423;90
-69.5277;0.00168118;90
80.8736;0.00370085;90
121.976;0.00203944;90
119.948;0.00366773;90
122.256;0.00320218;90
121.545;0.00268941;90
131.699;0.00268935;90
137.665;0.00313304;90
137.791;0.00387742;90
112.688;0.00539008;90
97.2746;0.00627047;90
92.369;0.00508034;90
92.2536;0.00531511;90
103.382;0.00412192;90
111.372;0.00386369;90
126.263;0.00324938;90
136.067;0.00292439;90
135.745;0.00309951;90
131.059;0.00306619;90
130.557;0.00295752;90
138.03;0.00303703;90
136.351;0.0034481;90
125.643;0.00354881;90
118.018;0.00349118;90
118.096;0.00374988;90
117.367;0.00390053;90
123.836;0.00359003;90
117.389;0.00889734;90
121.178;0.00160712;90
113.251;0.00217352;90
115.212;0.00380551;90
123.084;0.00338358;90
128.791;0.00326904;90
122.702;0.00357225;90
113.448;0.0034052;90
107.428;0.00762922;90
108.421;0.00131329;90
105.294;0.00154678;90
104.653;0.00173544;90
112.684;0.000892001;90
108.255;0.00100877;90
49.7079;0.00217107;90
58.4768;0.00258203;90
81.7927;0.0040909;90
53.7415;0.00198671;90
29.4108;0.00253122;90
-19.2127;0.00251614;90
27.156;0.00268834;90
30.9295;0.00343786;90
54.923;0.00397615;90
63.0469;0.00640469;90
63.1886;0.00551375;90
47.8202;0.0043115;90
29.1058;0.00348051;90
23.749;0.00438754;90
8.53226;0.00378792;90
2.81181;0.00350622;90
4.73539;0.00353707;90
21.5538;0.00305137;90
54.0497;0.00453598;90
71.918;0.0054933;90
85.1697;0.0070661;90
84.7003;0.00739461;90
80.5514;0.00685297;90
83.7012;0.00657167;90
75.0948;0.00534173;90
73.649;0.00512217;90
80.3732;0.00538179;90
84.685;0.0057216;90
84.8515;0.00620704;90
83.3492;0.00645846;90
66.5878;0.00574063;90
41.4094;0.00390666;90
18.9425;0.00364119;90
40.8396;0.00378167;90
59.855;0.00525697;90
75.195;0.00650806;90
69.6124;0.0065706;90
64.4651;0.00564654;90
60.0831;0.00524719;90
72.6963;0.0059105;90
76.3923;0.00567428;90
78.396;0.00561782;90
78.4179;0.00544895;90
57.6301;0.0035993;90
-36.9455;0.0033358;90
-42.3161;0.00372984;90
-58.3344;0.00420032;90
-46.1276;0.00373708;90
-49.1228;0.00380631;90
-40.3822;0.00445296;90
-7.40772;0.0028155;90
38.6722;0.00434335;90
26.7758;0.00376914;90
-13.2958;0.00362209;90
-11.4958;0.00374819;90
-41.541;0.00426597;90
-52.9538;0.00513562;90
-43.1939;0.0049133;90
-38.3508;0.00437246;90
5.75595;0.00351975;90
20.1348;0.00348605;90
-7.58818;0.00351377;90
-13.1822;0.00370975;90
-21.7095;0.0037037;90
-9.78962;0.00351113;90
-3.97137;0.00353749;90
1.75244;0.0036297;90
-10.8983;0.0039034;90
6.94144;0.00325184;90
-15.6206;0.00346498;90
34.1061;0.00382004;90
48.753;0.00308961;90
39.4821;0.00215464;90
25.0276;0.00161681;90
71.7771;0.00179397;90
90.0954;0.002402;90
94.9541;0.00269808;90
107.631;0.00182576;90
100.861;0.00287652;90
104.061;0.00170818;90
-73.0729;0.00537172;90
-88.1476;0.00658944;90
-110.319;0.00107702;90
-155.993;0.00142311;90
-122.012;0.000928134;90
-147.172;0.00993331;90
154.311;0.0025445;90
-177.489;0.00317305;90
172.053;0.0032694;90
-176.949;0.00341985;90
176.299;0.00373379;90
169.221;0.00349161;90
162.01;0.00326041;90
154.655;0.00325422;90
179.652;0.00328906;90
-176.137;0.00342879;90
-153.922;0.00358052;90
154.361;0.00343192;90
136.052;0.00458353;90
136.452;0.00457786;90
129.086;0.00476296;90
142.692;0.00368751;90
171.291;0.00336176;90
166.595;0.00319196;90
-156.813;0.00314938;90
-134.969;0.00395202;90
-177.337;0.00337965;90
142.739;0.00389629;90
134.76;0.003549;90
132.353;0.00362921;90
124.39;0.00413227;90
126.068;0.00381657;90
145.573;0.00349157;90
-167.6;0.00242149;90
-103.907;0.00528802;90
-100.131;0.00513913;90
-103.744;0.00545931;90
-103.642;0.006097;90
-113.925;0.00541748;90
-119.301;0.00501227;90
-113.836;0.00551324;90
-108.339;0.00566048;90
-104.904;0.00565318;90
-120.305;0.00522385;90
-148.389;0.00372227;90
-161.836;0.00374987;90
-132.08;0.00385874;90
-111.67;0.00575471;90
-96.7172;0.00677954;90
-94.6286;0.00605976;90
-94.7823;0.00534962;90
-100.332;0.00467785;90
-107.795;0.00424404;90
-104.697;0.00500578;90
-94.7381;0.00521783;90
-100.113;0.00601953;90
-99.2709;0.00625065;90
-93.3137;0.00522474;90
-95.3169;0.00728434;90
-108.279;0.00591127;90
-130.314;0.00439734;90
-168.113;0.00348575;90
-178.448;0.00365534;90
-178.494;0.00372829;90
-164.774;0.00402842;90
-154.288;0.00381471;90
-143.337;0.00387203;90
-125.188;0.00459338;90
-116.583;0.00564249;90
-115.164;0.00517626;90
-132.53;0.00406964;90
-148.728;0.00376616;90
-157.458;0.00238416;90
155.583;0.00243366;90
-135.151;0.00267429;90
-120.822;0.0020844;90
-103.279;0.00418386;90
-126.316;0.00281473;90
-89.9216;0.002925;90
-75.9919;0.00493269;90
-67.9023;0.0043808;90
-72.2174;0.00569405;90
-55.3382;0.00477555;90
-53.5976;0.00485296;90
-64.8578;0.00646557;90
-65.2348;0.00603723;90
-59.0654;0.0047193;90
-56.9104;0.00460482;90
-61.6837;0.00575117;90
-62.1904;0.00543582;90
-49.4049;0.00498994;90
-42.7271;0.00456443;90
-47.7774;0.00452373;90
-46.8922;0.00381197;90
-36.1053;0.00302747;90
-57.4625;0.00470204;90
-74.645;0.00553249;90
-86.4116;0.00682238;90
-85.988;0.00654604;90
-80.9941;0.00716128;90
-54.1525;0.00472995;90
-42.3696;0.00389814;90
-40.6908;0.00312434;90
-58.2937;0.0032289;90
-58.676;0.00365471;90
-58.3675;0.00374664;90
-69.1851;0.00225412;90
-91.808;0.00326463;90
131.338;0.00106283;90
-68.747;0.0105742;90
-61.4058;0.000846212;90
-83.9408;0.00137367;90
-107.552;0.00108764;90
-49.2497;0.00462801;90
12.5677;0.00143847;90
19.6454;0.00137716;90
38.6902;0.00176929;90
44.4058;0.00211366;90
-33.8256;0.000937723;90
-66.8213;0.00491362;90
-73.5513;0.0038777;90
-54.7525;0.00525551;90
-38.0093;0.00415402;90
-31.4618;0.00378786;90
-29.2028;0.00390652;90
-42.0429;0.00420794;90
-64.159;0.00474218;90
-60.1578;0.00416187;90
-34.5396;0.00237576;90
-38.4751;0.00339133;90
-56.1642;0.0039259;90
-46.4236;0.00298845;90
-41.7584;0.0023634;90
44.1247;0.00143489;90
16.0146;0.00193198;90
37.8416;0.00360892;90
94.2027;0.00156922;90
102.439;0.00261846;90
160.197;0.000543118;90
-92.947;0.00645754;90
-176.677;0.00170787;90
-159.087;0.00178456;90
-131.604;0.000644599;90
-132.623;0.000596605;90
138.021;0.0026433;90
129.222;0.00311863;90
126.952;0.0032172;90
140.494;0.00299137;90
143.05;0.002868;90
125.158;0.00316061;90
112.39;0.00514812;90
134.149;0.00361937;90
148.722;0.00349965;90
148.141;0.003611;90
149.104;0.00360096;90
136.095;0.0039973;90
115.237;0.00490188;90
111.85;0.0052394;90
116.312;0.00344268;90
-128.435;0.00151537;90
-143.123;0.0016214;90
-145.338;0.00130817;90
-157.125;0.00153578;90
-167.298;0.00186463;90
-171.355;0.00154353;90
156.289;0.00104196;90
99.4246;0.00824428;90
-135.893;0.0011796;90
98.0392;0.00133714;90
98.8824;0.00412548;90
95.0351;0.00296243;90
129.275;0.00111999;90
105.497;0.00915069;90
121.856;0.00549462;90
133.128;0.00129894;90
137.834;0.00264569;90
139.292;0.00361851;90
122.705;0.00532286;90
98.3875;0.00695843;90
91.7861;0.00709044;90
96.58;0.00662363;90
110.211;0.00578627;90
129.576;0.00447339;90
136.369;0.004026;90
131.234;0.00461819;90
135.961;0.00446813;90
134.705;0.00453332;90
121.216;0.00534481;90
117.681;0.00578849;90
121.614;0.00575741;90
122.115;0.00548889;90
114.339;0.00604418;90
115.112;0.00597804;90
124.806;0.00519797;90
124.5;0.00519945;90
109.138;0.00577096;90
109.354;0.00431801;90
105.459;0.00412316;90
113.651;0.00199671;90
113.68;0.00287834;90
128.157;0.00263507;90
-149.672;0.00237849;90
-134.906;0.00259367;90
-170.004;0.0011464;90
159.725;0.000955184;90
146.854;0.00461615;90
-165.537;0.00048848;90
158.086;0.000661819;90
164.135;0.00117787;90
152.354;0.00206247;90
-169.302;0.00189086;90
-158.586;0.00159405;90
-174.606;0.00194662;90
122.541;0.00225503;90
110.512;0.00259129;90
143.012;0.00292201;90
-147.792;0.00311069;90
-173.298;0.000856855;90
94.5629;0.00248889;90
-160.733;0.00215469;90
177.999;0.00237745;90
120.081;0.00382865;90
108.747;0.00348804;90
124.494;0.00264868;90
-120.987;0.000858522;90
22.4732;0.0252765;90
69.6958;0.00189047;90
79.0043;0.00200277;90
79.118;0.00244191;90
79.5327;0.00233384;90
81.8479;0.0022073;90
83.4169;0.00182302;90
-40.8007;0.000685613;90
-32.5614;0.00190077;90
-39.5323;0.00238958;90
-25.1057;0.00249358;90
-23.7062;0.00106704;90
-46.4867;0.00174431;90
-49.3594;0.0030047;90
-67.4627;0.00485801;90
-75.122;0.00490339;90
-74.4028;0.00617021;90
-77.3541;0.00482812;90
-81.5133;0.0048855;90
-101.117;0.00437204;90
-119.041;0.0023814;90
-142.688;0.000777023;90
-91.0843;0.0022194;90
-77.5549;0.00415769;90
-69.8549;0.00365564;90
-49.267;0.001321;90
-45.0462;0.00175504;90
-34.0743;0.00190266;90
-44.0608;0.00198441;90
-46.5314;0.00195797;90
-51.0199;0.00234639;90
-22.9257;0.000634086;90
-64.8374;0.00142525;90
-57.7098;0.00298573;90
-53.0801;0.0029782;90
-59.3956;0.00374577;90
-68.6679;0.00421691;90
-11.2968;0.00256775;90
-15.4423;0.00273784;90
-26.8928;0.00281436;90
-23.3337;0.00289584;90
-62.2607;0.00388442;90
-90.2986;0.00575708;90
-62.549;0.00355756;90
-40.1211;0.00274362;90
-65.5586;0.00371711;90
-80.285;0.00436155;90
-81.5597;0.0051983;90
-83.3654;0.00382562;90
-63.3372;0.00131034;90
-44.809;0.00233276;90
-50.5548;0.00333837;90
-66.368;0.00503417;90
-79.5141;0.00565952;90
-90.2932;0.00586308;90
-84.2595;0.00590863;90
-79.698;0.00546307;90
-56.0929;0.00380749;90
-41.4965;0.00357545;90
-41.8632;0.00281709;90
