angle=Azimuth
heading=Coordinate_System
dist_units=Default
startAt=16.4445;59.3954;90
survey=Polygonal
[data]
-79.3885;0.00474617;90
-74.1665;0.00436148;90
-74.5354;0.00386285;90
-58.6925;0.00351596;90
-68.6381;0.00372813;90
-64.6376;0.00336647;90
-62.8807;0.00184931;90
51.9909;0.00232386;90
47.2821;0.000763574;90
-92.3582;0.00240604;90
-86.7442;0.00510624;90
-86.4635;0.00637113;90
-93.768;0.00661931;90
-92.1888;0.00720025;90
-86.2086;0.00739519;90
-85.7682;0.00697903;90
-77.4896;0.00573824;90
-71.9999;0.00333314;90
-53.3332;0.00129781;90
-48.0874;0.00376798;90
-37.8899;0.00405604;90
-7.96422;0.00337051;90
0.973858;0.00376554;90
-13.8134;0.00392862;90
-28.364;0.00423094;90
-41.3833;0.00475274;90
-51.8634;0.00547334;90
-60.0451;0.00605827;90
-67.3318;0.00665293;90
-73.327;0.00690114;90
-79.2065;0.00702732;90
-72.543;0.00570685;90
-55.7495;0.00402621;90
-34.0128;0.00935683;90
-11.4739;0.00239792;90
-6.90385;0.00257064;90
-19.9456;0.00326271;90
-38.7855;0.00405647;90
-45.7992;0.0045627;90
-39.5982;0.00438657;90
-15.0101;0.00361018;90
4.44459;0.00363894;90
5.21786;0.00332076;90
0.350888;0.00342906;90
-8.29159;0.00361276;90
-10.3693;0.00326126;90
-12.0023;0.00350564;90
11.6639;0.00365038;90
37.653;0.004302;90
53.5349;0.00537913;90
55.0666;0.00520237;90
54.5969;0.0054926;90
35.6558;0.00434197;90
22.0297;0.00386844;90
5.57259;0.00355279;90
-40.3215;0.00430862;90
-18.028;0.00360604;90
25.5079;0.00375723;90
45.4494;0.0040568;90
41.5659;0.00344697;90
37.3792;0.00317253;90
38.2872;0.00324239;90
46.9102;0.0040094;90
48.4087;0.00360343;90
27.7278;0.00286499;90
28.4963;0.00232236;90
48.5271;0.00210338;90
62.1578;0.00302973;90
50.7331;0.00340478;90
30.7898;0.00259822;90
31.7805;0.00264684;90
24.3063;0.00285947;90
24.011;0.00263939;90
20.5332;0.00323022;90
9.25898;0.00296463;90
38.6807;0.00256968;90
62.309;0.00300407;90
75.6722;0.00576636;90
76.7219;0.00742345;90
77.1622;0.00832613;90
79.8165;0.00869904;90
82.2384;0.00864117;90
82.1662;0.00834185;90
82.2843;0.00803676;90
81.4129;0.00799664;90
72.5968;0.00763972;90
62.3594;0.00581346;90
61.2137;0.00634626;90
63.6796;0.0067029;90
73.587;0.00784259;90
77.1343;0.00793111;90
76.4949;0.00643596;90
74.22;0.0063285;90
73.3334;0.00706062;90
80.7637;0.00725202;90
81.1101;0.00691102;90
77.5443;0.00620812;90
81.1016;0.00569555;90
85.8483;0.0053731;90
77.2213;0.00467479;90
68.0704;0.00514637;90
67.5797;0.00543265;90
70.2895;0.00482999;90
83.5515;0.00584095;90
86.4545;0.00567586;90
88.4693;0.00569003;90
102.343;0.00290515;90
89.5118;0.00129105;90
20.7753;0.000611779;90
28.7657;0.000500801;90
47.1401;0.00236692;90
42.4129;0.00285113;90
43.3867;0.00278781;90
53.1827;0.0017438;90
53.4108;0.00302144;90
52.4472;0.00132569;90
59.8923;0.00146922;90
74.5529;0.00183218;90
40.1924;0.00244671;90
46.4361;0.00349845;90
46.9597;0.00330837;90
44.7506;0.00276128;90
48.3463;0.00141734;90
29.6897;0.00205935;90
36.5294;0.00302905;90
20.0948;0.00276214;90
19.2672;0.0021335;90
22.3121;0.0016041;90
17.8247;0.00166282;90
19.2388;0.00342635;90
18.2184;0.00359838;90
19.3059;0.00341186;90
17.791;0.00348885;90
5.44976;0.00316933;90
-9.83795;0.00325994;90
-19.2045;0.00423783;90
-17.8943;0.0042895;90
-18.7334;0.00327869;90
-20.3802;0.00327927;90
-17.6437;0.00311451;90
-5.70879;0.00316671;90
14.4438;0.00317123;90
32.0515;0.00355958;90
40.4402;0.00378014;90
33.6094;0.00334762;90
10.2368;0.00346618;90
-22.2473;0.00431848;90
-48.6634;0.0054006;90
-54.1182;0.00584527;90
-54.4564;0.0056165;90
-45.459;0.00467766;90
-17.9322;0.00335183;90
-15.5421;0.00273189;90
-26.2519;0.00376425;90
-32.4162;0.00479047;90
-31.8611;0.00454476;90
-21.8407;0.00432763;90
10.3613;0.00344721;90
14.6285;0.0028628;90
13.7455;0.00334582;90
14.2274;0.00276274;90
20.2998;0.00324558;90
32.5697;0.00339014;90
16.4378;0.00348442;90
30.2196;0.00482003;90
30.3828;0.00463447;90
8.42444;0.00415685;90
-9.35471;0.00385122;90
-16.7499;0.00401119;90
-15.9616;0.00387645;90
-39.9237;0.00434737;90
-46.6192;0.00425424;90
-36.1915;0.00459452;90
-34.8089;0.00497162;90
-50.1605;0.00606114;90
-55.5462;0.00609642;90
-53.007;0.00558401;90
-39.2115;0.0049147;90
-38.5035;0.00498102;90
-33.2403;0.00459361;90
11.433;0.00447479;90
25.7994;0.00461834;90
24.6503;0.0045507;90
10.6006;0.00405521;90
-0.159638;0.00394802;90
10.8601;0.00399658;90
39.3017;0.00492103;90
18.214;0.00426468;90
9.30402;0.00422458;90
19.4797;0.00424923;90
19.9162;0.00395132;90
35.7747;0.00455183;90
58.8818;0.00585327;90
60.0629;0.00565676;90
59.9048;0.00401644;90
65.9227;0.00182367;90
-76.8044;0.00314093;90
-71.319;0.00603811;90
-65.41;0.00652694;90
-58.4369;0.00616503;90
-48.8714;0.00555073;90
-31.7413;0.00471407;90
-25.5052;0.00500473;90
-26.2363;0.00475485;90
-26.8984;0.00468822;90
-25.3091;0.00448887;90
-25.9547;0.00436639;90
-33.2413;0.00481605;90
-46.3011;0.00544966;90
-48.1778;0.00554871;90
-50.1169;0.00586691;90
-52.4127;0.00599047;90
-56.5324;0.00657158;90
-67.6563;0.00700493;90
-70.8184;0.00728018;90
-70.3602;0.0068877;90
-66.9735;0.00681825;90
-52.2376;0.00562388;90
-29.0223;0.0044852;90
-17.2116;0.00417706;90
-21.9835;0.00426619;90
-27.0606;0.0043435;90
-31.6075;0.00445719;90
-42.223;0.00516653;90
-55.6516;0.00584166;90
-64.113;0.00650026;90
-70.1137;0.00692919;90
-70.4832;0.00703416;90
-70.6815;0.00740282;90
-70.1148;0.00734706;90
-70.756;0.00763671;90
-67.1556;0.00749813;90
-72.1685;0.00738686;90
-75.7203;0.00793414;90
-76.5742;0.00773951;90
-72.6962;0.00720824;90
-62.9053;0.00672504;90
-61.9312;0.00635665;90
-61.8317;0.0066813;90
-62.5911;0.00686234;90
-61.526;0.00696788;90
-39.6177;0.00499795;90
-9.25087;0.00414288;90
-0.59401;0.00405122;90
-2.43285;0.00416976;90
-27.1651;0.00422729;90
-23.5619;0.00432782;90
-28.779;0.00442222;90
-28.8842;0.00440956;90
-25.0073;0.00431005;90
-37.4914;0.00448046;90
-51.1379;0.0051319;90
-40.6857;0.00485957;90
-38.6874;0.00486185;90
-21.1575;0.00414758;90
26.259;0.00443687;90
12.9671;0.00389944;90
-33.5822;0.00456491;90
-54.2865;0.00598562;90
-62.0104;0.00674607;90
-61.568;0.00650683;90
-43.7818;0.00505554;90
-29.3498;0.00473129;90
-36.0685;0.00521951;90
-45.3827;0.00561102;90
-54.0692;0.00684552;90
-59.1912;0.00589837;90
-60.9746;0.00628199;90
-63.2707;0.00670778;90
-68.3855;0.00711533;90
-73.2738;0.00752957;90
-74.5683;0.00756887;90
-74.9465;0.007227;90
-74.2536;0.00676175;90
-71.0154;0.00596654;90
-67.0269;0.00717398;90
-74.5665;0.00741021;90
-84.6409;0.00755904;90
-72.0631;0.00694874;90
-80.9185;0.00746963;90
-89.0733;0.00822308;90
-85.3958;0.00808509;90
-73.686;0.00693836;90
-62.6682;0.00601556;90
-61.7694;0.00586232;90
-60.2382;0.00588644;90
-58.1714;0.00587432;90
-52.2097;0.00557792;90
-55.8209;0.00620704;90
-58.2864;0.0054121;90
-55.1329;0.00345651;90
-57.8293;0.00323226;90
-59.6985;0.00320484;90
-58.1382;0.00342508;90
-57.8079;0.00347999;90
-57.4515;0.00420435;90
-63.6827;0.00558486;90
-67.4553;0.00662747;90
-63.7893;0.00600217;90
-68.2985;0.0064986;90
-71.1711;0.00712952;90
-68.2942;0.00645682;90
-70.6879;0.00663112;90
-73.387;0.00719118;90
-67.7569;0.00655153;90
-67.9767;0.00604294;90
-55.5454;0.00448959;90
-32.9672;0.00411093;90
-42.8933;0.00396248;90
-58.1061;0.00517651;90
-59.9479;0.00506602;90
-47.5333;0.00467147;90
-34.2448;0.0049562;90
-35.3667;0.00502413;90
-40.6967;0.00429718;90
-49.9998;0.00437312;90
-48.6387;0.00457926;90
-37.9406;0.00451659;90
-17.2561;0.00373512;90
-9.22123;0.00359445;90
-36.3287;0.0044462;90
-52.1107;0.00596934;90
-48.306;0.00559121;90
-34.9831;0.00474417;90
-33.3597;0.00471364;90
-34.1948;0.00453374;90
-37.1669;0.00185222;90
-62.1027;0.00230825;90
-58.1951;0.00490676;90
-45.8183;0.00430743;90
-41.4695;0.00391561;90
-42.9285;0.00326685;90
-35.3724;0.00136987;90
-64.9481;0.00365814;90
-66.8755;0.00579022;90
-67.8235;0.00618342;90
-70.4319;0.0062521;90
-70.6842;0.00598595;90
-70.0024;0.00643605;90
-70.7293;0.00643877;90
-70.9329;0.00750897;90
-75.5968;0.00677804;90
-78.1358;0.00567626;90
-77.9025;0.00586423;90
-77.8775;0.00562851;90
-80.6339;0.00616925;90
-81.7147;0.00579448;90
-81.5613;0.00553998;90
-81.1265;0.00516684;90
-77.6941;0.00574295;90
-78.5717;0.00560207;90
-84.5379;0.00573605;90
-85.9706;0.00646097;90
-82.3406;0.0081255;90
-80.9544;0.00754989;90
-81.4759;0.00717829;90
-78.8368;0.007505;90
-66.5431;0.00608703;90
-74.7869;0.00705006;90
-91.1211;0.00858664;90
-93.1245;0.00930183;90
-83.6389;0.00877301;90
-81.9325;0.00815874;90
-82.0945;0.00573652;90
-76.8429;0.0030665;90
-73.2288;0.00289724;90
-66.6212;0.00484366;90
-66.1863;0.00535709;90
-65.3373;0.00299082;90
-69.5966;0.00307492;90
-77.7476;0.00510324;90
-75.1937;0.00501657;90
-58.0551;0.00421657;90
2.21966;0.00335652;90
-40.9224;0.00433564;90
-73.6831;0.00658836;90
-86.8716;0.00747614;90
-79.5972;0.00701125;90
-69.5424;0.00640602;90
-64.6698;0.00647447;90
-63.9629;0.00655196;90
-64.3035;0.00651978;90
-63.8623;0.00719587;90
-64.625;0.00719185;90
-73.1747;0.00748648;90
-76.1977;0.00665208;90
-76.2465;0.0071253;90
-76.2619;0.00759632;90
-76.8265;0.00729703;90
-78.5394;0.00760463;90
-80.5659;0.00735143;90
-79.3157;0.00734636;90
-72.9278;0.00565101;90
-64.2703;0.00493866;90
-47.846;0.00431514;90
-43.4474;0.00391457;90
-45.8531;0.00422685;90
-54.1973;0.00464961;90
-63.2847;0.00682227;90
-72.3606;0.00788052;90
-79.8491;0.00768835;90
-81.5066;0.00720401;90
-81.1356;0.00814428;90
-78.521;0.00751226;90
-72.9497;0.0067528;90
-72.5162;0.00708638;90
-72.298;0.00756415;90
-72.2196;0.00758427;90
-67.3406;0.00701877;90
-65.0066;0.0058862;90
-66.5953;0.00584055;90
-65.6452;0.00553123;90
-58.3958;0.00569222;90
-53.6214;0.00506139;90
-56.4416;0.00519007;90
-58.6346;0.00440351;90
-55.9799;0.00322619;90
-58.4166;0.00248979;90
-58.6049;0.0029159;90
-66.9875;0.00416441;90
-67.95;0.00423798;90
-63.5123;0.00497078;90
-49.6256;0.00441045;90
-33.55;0.00362969;90
-33.9998;0.00200111;90
-45.8445;0.00239877;90
-53.6182;0.0028879;90
-55.2202;0.00329579;90
-55.716;0.00371919;90
-56.1475;0.00342335;90
-56.4473;0.0019667;90
-44.3268;0.00108336;90
-57.496;0.00321573;90
-55.9792;0.00408405;90
-54.3552;0.00335817;90
-46.3877;0.0014599;90
71.0365;0.00342805;90
76.6213;0.00636164;90
75.8894;0.00710436;90
73.5102;0.0078071;90
77.6181;0.00829187;90
82.035;0.00858785;90
81.5142;0.00920275;90
73.393;0.00797047;90
64.6218;0.00714666;90
55.6188;0.00609355;90
56.9098;0.00611951;90
63.4199;0.00680301;90
64.889;0.00713759;90
67.4135;0.00739954;90
66.8171;0.00717104;90
51.9124;0.00517617;90
24.8758;0.00409602;90
2.231;0.00418717;90
4.75493;0.00382416;90
15.9434;0.00397178;90
43.0851;0.00493058;90
56.0018;0.00562086;90
42.8175;0.00488329;90
46.184;0.00489352;90
54.1872;0.00518168;90
56.3009;0.00525384;90
54.0147;0.00571328;90
46.3309;0.00554097;90
46.9348;0.00542448;90
49.5994;0.00520268;90
50.7346;0.00520135;90
52.3318;0.00522511;90
49.0647;0.00455887;90
33.1804;0.00392854;90
61.1075;0.00521971;90
55.0547;0.00462121;90
15.2018;0.00367251;90
17.3725;0.00332571;90
27.2287;0.00254839;90
39.5854;0.00126642;90
39.663;0.00267598;90
-16.2469;0.00224464;90
-44.5756;0.00152739;90
-68.139;0.0012488;90
-73.9045;0.00246357;90
-90;0.002403;90
-88.1159;0.00395414;90
-89.2502;0.00405035;90
-86.1241;0.00258892;90
-12.0125;0.00111952;90
-49.0327;0.00207129;90
-57.2545;0.0023553;90
-61.4977;0.00236801;90
-50.1285;0.00155834;90
83.207;0.00306048;90
87.1202;0.00296575;90
86.9744;0.00187561;90
-166.63;0.000834621;90
166.792;0.00112476;90
173.511;0.00101752;90
142.071;0.00140724;90
147.594;0.00113825;90
167.863;0.00076101;90
168.107;0.000752144;90
91.2578;0.0020955;90
167.928;0.00159221;90
160.441;0.000934949;90
-145.626;0.000766928;90
-105.842;0.00167772;90
-106.457;0.000861285;90
-113.684;0.00127214;90
164.449;0.000578164;90
136.394;0.000668414;90
112.084;0.000904347;90
98.4352;0.00127479;90
99.2719;0.00158268;90
111.337;0.00151161;90
169.794;0.000570019;90
158.442;0.000655882;90
-110.183;0.00100576;90
134.292;0.008522;90
98.4489;0.00124552;90
114.618;0.00261905;90
130.288;0.00240167;90
115.75;0.00172866;90
94.0714;0.00171834;90
88.7356;0.00222054;90
64.448;0.00141655;90
-48.9583;0.00138286;90
-37.0866;0.000898806;90
-51.9573;0.00134848;90
-56.7731;0.00137237;90
-60.1968;0.00121926;90
-56.6673;0.00142311;90
-55.5672;0.00151917;90
10.6674;0.00103183;90
15.6676;0.00130343;90
7.94135;0.00124494;90
-59.4687;0.00154525;90
11.6994;0.00115397;90
42.1628;0.00128568;90
27.915;0.00100606;90
-3.51316;0.000848595;90
-27.8109;0.00106954;90
-39.8891;0.00131763;90
-12.1612;0.000963625;90
79.9093;0.00148395;90
75.9638;0.00174407;90
73.2707;0.00182734;90
-45.1302;0.00124451;90
49.9516;0.000966687;90
78.2473;0.0013452;90
70.3021;0.00096125;90
92.3018;0.00102082;90
-99.0793;0.00597587;90
-108.054;0.00104547;90
-117.571;0.000840444;90
-111.632;0.000941294;90
-102.257;0.00125767;90
-93.2705;0.0014724;90
-90.3661;0.00187804;90
-115.443;0.000868208;90
-140.184;0.0013618;90
171.667;0.000759013;90
-103.021;0.0012871;90
-102.596;0.00129312;90
-97.5228;0.00105407;90
-97.6398;0.00117342;90
-111.373;0.000869821;90
-106.581;0.0013491;90
-106.192;0.0013412;90
-130.486;0.000916425;90
157.51;0.000541155;90
116.634;0.00149682;90
97.7984;0.0013192;90
99.6448;0.0017548;90
129.237;0.00154932;90
161.34;0.000725116;90
-109.463;0.000951366;90
-45.4919;0.205899;90
-118.352;0.00120448;90
-111.553;0.00137193;90
-105.027;0.00207496;90
-98.4683;0.00126984;90
-95.2568;0.0019974;90
-94.2216;0.00186105;90
-94.9249;0.0013279;90
-88.4077;0.00136753;90
-90;0.001199;90
-98.6498;0.00266633;90
-97.7774;0.00273415;90
-119.426;0.00133525;90
-99.863;0.00173971;90
-97.3537;0.0013985;90
-102.841;0.00111591;90
-148.08;0.000709245;90
-123.601;0.00106974;90
151.225;0.000835122;90
164.101;0.00100754;90
-108.561;0.00114981;90
-118.9;0.00104287;90
-170.838;0.000722215;90
177.094;0.000848091;90
-150.616;0.00118207;90
-114.045;0.00212543;90
-107.548;0.00249091;90
-77.2464;0.0021562;90
-78.4399;0.002021;90
-77.2459;0.00212442;90
-79.0889;0.00219773;90
-85.0474;0.00246721;90
-92.1349;0.00214749;90
-97.0379;0.00195876;90
-97.6764;0.00171436;90
-100.49;0.00138413;90
-152.47;0.00132841;90
-131.824;0.00172304;90
-177.261;0.00108824;90
-131.095;0.00113188;90
-106.432;0.00121253;90
-124.446;0.00128175;90
-118.491;0.00126409;90
-121.099;0.00115968;90
-126.044;0.00126273;90
-119.789;0.00160625;90
-123.818;0.00124697;90
-115.693;0.00146927;90
-150.483;0.000903228;90
-146.902;0.00123427;90
-144.455;0.000951254;90
-173.483;0.00107495;90
168.515;0.00128064;90
162.754;0.00138632;90
152.806;0.00171114;90
-174.764;0.00126026;90
-131.605;0.00183888;90
-130.473;0.0012633;90
-146.695;0.00115463;90
133.785;0.00123418;90
136.019;0.0013522;90
130.835;0.00244385;90
123.681;0.00169322;90
173.871;0.00102084;90
136.136;0.00124829;90
111.824;0.0018668;90
140.662;0.001505;90
123.566;0.00166216;90
123.441;0.00146803;90
107.797;0.00195978;90
102.969;0.00183583;90
91.2757;0.00188647;90
95.4505;0.00212662;90
0;0;90
95.0607;0.00376367;90
93.076;0.00204995;90
96.8696;0.00194798;90
91.2468;0.00174641;90
84.3055;0.00142101;90
72.0756;0.00180984;90
89.1654;0.00212823;90
96.2192;0.00172616;90
92.619;0.00142249;90
93.5527;0.00166219;90
92.7104;0.00137454;90
98.8132;0.00149465;90
102.556;0.00224469;90
100.072;0.00222428;90
92.561;0.00281982;90
70.6391;0.00228947;90
80.6836;0.00271177;90
111.073;0.00210261;90
102.052;0.00213608;90
113.046;0.00182136;90
106.076;0.00234365;90
98.3818;0.00167388;90
92.8514;0.00207056;90
88.2763;0.00202792;90
95.7247;0.0020251;90
107.913;0.00135256;90
136.109;0.00109622;90
134.532;0.001299;90
104.478;0.00157192;90
96.0172;0.00182204;90
100.051;0.00209718;90
100.662;0.00183773;90
99.0534;0.00184296;90
99.9904;0.00189067;90
98.5627;0.00230368;90
101.564;0.00190058;90
99.3209;0.00186462;90
95.0296;0.00182503;90
92.4734;0.00169158;90
93.4372;0.00190142;90
86.5293;0.00138754;90
94.0008;0.00120393;90
123.807;0.00162472;90
120.21;0.00186418;90
118.599;0.00195332;90
118.406;0.00185197;90
128.492;0.0017593;90
92.5839;0.00153056;90
33.8472;0.000910266;90
-3.32905;0.000809366;90
11.8801;0.000689775;90
28.9648;0.00092923;90
28.7419;0.000765288;90
78.1625;0.00178905;90
72.9576;0.00153542;90
48.4682;0.00107536;90
56.0641;0.00142226;90
57.9435;0.00107017;90
67.6285;0.00108247;90
83.2185;0.00126183;90
93.2238;0.00108472;90
93.099;0.00220122;90
86.4182;0.00129653;90
69.379;0.00113577;90
42.6093;0.00106795;90
66.7794;0.00136454;90
84.3416;0.00185604;90
88.9143;0.00179432;90
63.3987;0.00141364;90
70.169;0.00160944;90
76.9041;0.00195073;90
74.6097;0.00197067;90
64.7989;0.00155943;90
11.7635;0.000966294;90
43.4725;0.00116714;90
33.0149;0.000800211;90
53.6454;0.00097844;90
40.0803;0.00112136;90
16.362;0.00105784;90
21.4277;0.00113871;90
10.4132;0.00104013;90
-7.11513;0.000718533;90
-53.369;0.00115141;90
12.9074;0.000837153;90
-61.9563;0.00140382;90
-41.0255;0.0011426;90
-65.2754;0.00126716;90
48.2205;0.00127126;90
50.2114;0.00130009;90
68.5218;0.00125086;90
42.9079;0.00123968;90
62.6813;0.00146207;90
44.2739;0.00117177;90
17.5478;0.000776116;90
43.4116;0.00124994;90
59.6052;0.00184799;90
61.2876;0.00165899;90
35.954;0.000975925;90
40.1881;0.00132342;90
71.9988;0.00183797;90
73.5711;0.00180677;90
60.8382;0.00181621;90
70.3014;0.00215087;90
77.1419;0.00188733;90
75.331;0.00215215;90
87.0683;0.00222892;90
105.533;0.00219206;90
109.338;0.00140423;90
105.305;0.0017086;90
107.262;0.00166813;90
107.718;0.00164293;90
107.154;0.00179694;90
92.7077;0.00146063;90
104.99;0.00107871;90
123.623;0.000942714;90
116.303;0.000783079;90
123.219;0.00067537;90
123.174;0.00126283;90
97.3562;0.000952843;90
97.0066;0.0015002;90
92.8877;0.00113144;90
104.238;0.00144334;90
98.6616;0.00298808;90
110.904;0.000983749;90
99.7824;0.00170682;90
97.8691;0.0016142;90
107.143;0.00166916;90
91.8916;0.00184801;90
114.417;0.00158693;90
102.935;0.00174221;90
119.13;0.00140924;90
151.225;0.00113632;90
146.614;0.00130661;90
145.184;0.00149576;90
126.687;0.00156501;90
151.372;0.00106864;90
163.73;0.0011886;90
143.764;0.00122988;90
118.911;0.00158446;90
118.511;0.00179123;90
130.492;0.00142144;90
-130.136;0.00170958;90
-132.196;0.00148883;90
-135.378;0.00139374;90
-128.649;0.00162999;90
-134.921;0.00154503;90
-165.417;0.00114385;90
165.103;0.00106582;90
148.19;0.00124264;90
132.472;0.00137879;90
134.971;0.00137674;90
140.917;0.00133079;90
142.227;0.00133217;90
147.626;0.00121955;90
134.638;0.00134212;90
130.194;0.00135889;90
129.027;0.00133875;90
119.187;0.00164255;90
148.138;0.00110442;90
128.647;0.00139947;90
126.608;0.00135661;90
124.824;0.00114873;90
134.653;0.0014001;90
139.341;0.00118639;90
165.153;0.00104592;90
-177.683;0.00103885;90
154.413;0.00131053;90
143.122;0.0014214;90
178.267;0.00119054;90
-168.923;0.00110865;90
164.144;0.00105411;90
166.779;0.00117617;90
138.865;0.0014791;90
135.103;0.00157119;90
132.468;0.00124856;90
161.935;0.000735245;90
-80.3866;0.0018084;90
-78.2672;0.00178019;90
-82.4231;0.00213867;90
-86.1553;0.00211777;90
-91.184;0.0018874;90
-86.8739;0.00183373;90
-88.8245;0.00165735;90
-70.4731;0.00160958;90
-71.1447;0.00125008;90
-79.081;0.0015521;90
-78.6901;0.00186624;90
-78.2595;0.00193141;90
-77.9578;0.00190287;90
-79.9451;0.00205049;90
-88.4962;0.00205771;90
-85.2248;0.00205413;90
-81.1884;0.00199758;90
-103.348;0.00210075;90
-130.828;0.00142861;90
-92.3403;0.00235096;90
-88.5409;0.00212069;90
-124.383;0.00185755;90
-104.672;0.0020333;90
-114.871;0.00163349;90
-137.603;0.00115236;90
-125.108;0.00137885;90
-104.298;0.00206909;90
-109.579;0.00210681;90
-105.615;0.00185756;90
-113.025;0.00247737;90
-170.501;0.00127245;90
140.371;0.00116335;90
-112.152;0.000819489;90
-113.021;0.000976793;90
-128.462;0.000993583;90
-118.324;0.00102013;90
-157.993;0.000827278;90
175.914;0.00106671;90
149.838;0.000833908;90
122.331;0.00087695;90
136.248;0.00155883;90
126.765;0.0012046;90
112.508;0.00185208;90
130.566;0.00139009;90
-174.722;0.000989195;90
-171.932;0.00104737;90
166.179;0.000774422;90
-146.384;0.00085618;90
-166.476;0.000624312;90
-139.313;0.00086512;90
150.255;0.000782039;90
143.518;0.000797218;90
138.284;0.000975287;90
131.961;0.00130716;90
133.419;0.00107663;90
122.105;0.00103297;90
125.602;0.0012385;90
135.431;0.00103311;90
-100.62;0.000911614;90
-88.6928;0.00149039;90
-93.4463;0.00126429;90
-86.24;0.00169264;90
-88.0545;0.00167897;90
-96.9057;0.00155528;90
-97.7132;0.0023321;90
-92.7867;0.00234477;90
-100.018;0.00193145;90
-94.0657;0.00204515;90
-94.2395;0.00201552;90
-88.3928;0.0017827;90
-79.3683;0.00175615;90
-82.713;0.00171082;90
-79.0157;0.00162171;90
-78.5678;0.00165483;90
-84.2233;0.00189764;90
-83.5668;0.00197242;90
-83.8431;0.00231234;90
-84.4665;0.0018667;90
-81.8129;0.00227519;90
-83.1629;0.00160441;90
-90;0.001252;90
-133.356;0.000911836;90
-160.774;0.000549656;90
178.888;0.000618116;90
135.67;0.000847172;90
124.917;0.000932942;90
132.02;0.00077533;90
116.382;0.00139979;90
105.488;0.00194358;90
113.143;0.00134852;90
133.921;0.000863531;90
118.959;0.00133834;90
139.815;0.00104455;90
97.3244;0.00203158;90
91.9957;0.00152192;90
100.462;0.00208161;90
102.59;0.00251856;90
108.693;0.00182212;90
95.0926;0.00244465;90
97.6776;0.00191618;90
89.2094;0.00217421;90
124.517;0.00134473;90
132.962;0.000974302;90
141.269;0.00137933;90
120.171;0.00135102;90
132.373;0.00135766;90
132.486;0.00130587;90
154.918;0.00117478;90
128.209;0.00136937;90
144.69;0.00137371;90
160.833;0.00113915;90
128.88;0.00101482;90
175.996;0.000501224;90
96.7382;0.00224148;90
-164.919;0.000837857;90
150.712;0.0011672;90
102.615;0.00215195;90
95.4229;0.00249718;90
94.6001;0.00209475;90
91.5521;0.00195672;90
80.1695;0.00173954;90
82.8706;0.00162758;90
88.9605;0.00192932;90
107.513;0.00332303;90
108.26;0.0025915;90
140.1;0.00124875;90
132.951;0.00170097;90
128.373;0.00190566;90
134.011;0.00167963;90
130.742;0.00177124;90
135.662;0.00171273;90
130.04;0.00159484;90
122.311;0.00159023;90
116.592;0.00187651;90
119.482;0.00202985;90
122.38;0.00212312;90
126.922;0.0017462;90
134.151;0.00133658;90
89.3891;0.00215712;90
133.393;0.000933041;90
90.4014;0.00157004;90
136.629;0.000945077;90
-171.232;0.0007872;90
158.835;0.000969389;90
-140.678;0.00100052;90
-107.28;0.00120855;90
-105.335;0.00132725;90
-114.488;0.000974672;90
176.931;0.000485696;90
140.041;0.000861051;90
108.114;0.00112895;90
100.794;0.00189554;90
104.999;0.0020633;90
159.219;0.000656723;90
-157.764;0.000758402;90
-107.438;0.00105446;90
88.7968;0.00709556;90
126.706;0.00132841;90
-158.53;0.00237694;90
-157.214;0.00225932;90
-176.597;0.00111196;90
99.5621;0.00264272;90
119.669;0.0019657;90
126.297;0.00226191;90
112.124;0.00267387;90
88.9949;0.00239437;90
71.5815;0.00220917;90
73.6139;0.000946442;90
64.591;0.00104177;90
-49.515;0.00106893;90
-58.1025;0.00112604;90
-66.0516;0.00206694;90
-74.3843;0.00324685;90
-47.4308;0.00311761;90
5.62017;0.00252212;90
19.4922;0.00176517;90
-89.1101;0.00218926;90
20.7291;0.00162735;90
24.4348;0.00206935;90
-33.6156;0.00256133;90
-51.0686;0.00131765;90
-80.3741;0.00218882;90
-61.4099;0.00202491;90
8.56057;0.00190118;90
22.2915;0.000738166;90
31.0843;0.00114081;90
-3.35758;0.00189525;90
-15.2003;0.00174298;90
-18.1568;0.00175856;90
-27.8476;0.00275732;90
-32.9647;0.00219069;90
-13.2887;0.00122685;90
32.0647;0.00368636;90
52.3721;0.0011187;90
5.37952;0.0014293;90
-57.1319;0.00479449;90
-74.0416;0.00303704;90
-73.676;0.0039492;90
-71.4271;0.00394021;90
-71.479;0.00441992;90
-62.6888;0.00422384;90
-51.1137;0.00782124;90
-67.5267;0.00207455;90
-71.2755;0.00350448;90
-61.7308;0.00971465;90
-57.1115;0.00168507;90
-59.1964;0.00699477;90
-60.6489;0.00187694;90
-63.521;0.00357503;90
-59.1013;0.0046814;90
-43.7796;0.00348612;90
-45.1448;0.00755546;90
-55.0524;0.00147863;90
-51.9376;0.00152793;90
-49.4691;0.00317608;90
-49.8051;0.00552069;90
-41.1027;0.00116518;90
-73.7793;0.00365864;90
-81.4249;0.0051172;90
-89.7562;0.00634506;90
-80.8052;0.0109517;90
-66.2516;0.00184744;90
-46.6958;0.00332132;90
-39.1818;0.00262273;90
-33.4908;0.00239216;90
-51.9427;0.00267337;90
-59.9073;0.00292182;90
-58.222;0.00325846;90
-58.4476;0.00340546;90
-57.5417;0.00341913;90
-70.3291;0.00429569;90
-57.2948;0.00343688;90
-39.9488;0.00297149;90
-50.6084;0.00315465;90
-42.8564;0.00293018;90
-57.108;0.0063916;90
-75.7572;0.00181685;90
-70.1793;0.00394894;90
-59.8826;0.00427284;90
-37.153;0.00352184;90
-32.5242;0.00323069;90
-28.2361;0.00341996;90
-37.1104;0.00362143;90
-44.0729;0.0034087;90
-65.7191;0.00476885;90
-45.226;0.00878446;90
-53.3838;0.00158102;90
-56.8791;0.00240114;90
-42.5917;0.00346647;90
-44.254;0.00217242;90
50.2114;0.00130009;90
34.5426;0.00147261;90
4.09879;0.00216855;90
65.5925;0.00273218;90
96.7202;0.0028969;90
87.6305;0.00174149;90
4.82726;0.00127151;90
66.1385;0.0015549;90
23.6318;0.00133713;90
16.9064;0.00135141;90
39.5786;0.0015193;90
51.4228;0.00151707;90
57.6078;0.00183681;90
-35.3607;0.0008657;90
-144.091;0.00610406;90
-156.092;0.00127324;90
-123.462;0.00160504;90
-163.179;0.00153779;90
-83.1572;0.00130933;90
-77.6442;0.00262173;90
-112.355;0.00328919;90
-168.15;0.00191379;90
-167.131;0.00167918;90
-119.204;0.00115593;90
146.702;0.0021093;90
136.881;0.0024564;90
124.67;0.00355282;90
133.922;0.00315708;90
147.133;0.00293356;90
128.223;0.00360741;90
113.156;0.00454951;90
127.398;0.00388077;90
146.198;0.00341169;90
149.034;0.00374124;90
149.882;0.00335608;90
140.764;0.00360467;90
120.803;0.00470817;90
112.645;0.00508285;90
113.219;0.00471272;90
136.772;0.00304131;90
130.705;0.00592026;90
133.339;0.00124432;90
130.925;0.0030745;90
113.46;0.00458172;90
123.251;0.00379898;90
120.928;0.00382133;90
122.344;0.00360183;90
121.138;0.00332623;90
133.656;0.00331583;90
139.252;0.00316665;90
135.777;0.00349272;90
112.85;0.00462496;90
95.9313;0.0069482;90
90.9607;0.00656092;90
99.1558;0.00666795;90
106.966;0.00458871;90
131.134;0.00449966;90
138.143;0.00393389;90
130.362;0.00402247;90
134.331;0.00375499;90
136.284;0.00394311;90
129.997;0.00394087;90
120.458;0.00448606;90
117.614;0.00476362;90
118.781;0.00500762;90
122.051;0.00403266;90
119;0.00445335;90
115.561;0.00520771;90
113.497;0.00396039;90
122.386;0.00502217;90
129.121;0.00467381;90
112.841;0.00483296;90
107.902;0.00451877;90
109.729;0.00439606;90
104.544;0.0037512;90
115.94;0.0020506;90
121.582;0.00319641;90
178.725;0.0020225;90
-127.323;0.00293249;90
-151.942;0.000703706;90
-161.21;0.000714056;90
-167.853;0.00091243;90
142.647;0.00158886;90
158.272;0.00216372;90
144.566;0.00302535;90
157.55;0.00244316;90
-170.577;0.00215001;90
-162.107;0.00351187;90
133.733;0.000639381;90
121.914;0.00118985;90
108.32;0.00235748;90
134.181;0.00232591;90
165.672;0.00242854;90
-133.776;0.00251505;90
-115.424;0.00260419;90
-102.143;0.00362716;90
-73.341;0.00231622;90
-82.3481;0.00211786;90
-167.378;0.000668147;90
82.792;0.00976316;90
94.5153;0.00116863;90
31.1262;0.00199642;90
-10.7965;0.00396112;90
-8.56747;0.000463168;90
-76.3211;0.00217777;90
-56.9632;0.00316227;90
19.1743;0.00247532;90
30.6186;0.000683263;90
3.7033;0.00216753;90
-17.3049;0.00243733;90
-31.5294;0.00514212;90
-26.3032;0.00107645;90
-2.01359;0.00199223;90
44.5626;0.00342745;90
3.15742;0.00226945;90
-62.8685;0.00352824;90
34.9041;0.00202899;90
69.1489;0.00450076;90
88.4164;0.0055001;90
105.569;0.00588287;90
102.581;0.00546318;90
107.492;0.00743584;90
119.637;0.00532457;90
147.31;0.00222552;90
141.696;0.00298954;90
147.812;0.0035649;90
148.172;0.00233042;90
127.011;0.00340881;90
112.307;0.00467376;90
107.378;0.00255461;90
108.01;0.00404625;90
101.863;0.00489862;90
109.071;0.0042725;90
117.552;0.00454436;90
104.096;0.00603162;90
104.181;0.00520047;90
111.909;0.00475437;90
136.613;0.00364234;90
122.225;0.00430755;90
110.105;0.00543732;90
97.9949;0.0055146;90
92.7275;0.00447607;90
89.6529;0.00247605;90
81.5789;0.00356443;90
79.3835;0.00557442;90
81.7887;0.00579036;90
82.7038;0.00456698;90
86.2887;0.00760094;90
87.0396;0.00592491;90
107.743;0.00822632;90
123.769;0.00181165;90
111.731;0.00495621;90
102.179;0.00612894;90
100.037;0.0062141;90
95.557;0.00768311;90
96.8844;0.00655728;90
98.6456;0.00636634;90
101.149;0.00592175;90
100.986;0.00572492;90
100.426;0.00577435;90
100.764;0.00557407;90
97.044;0.0057897;90
89.757;0.00731007;90
92.2597;0.00793817;90
94.6977;0.00764368;90
102.841;0.00720827;90
102.171;0.00776453;90
89.0791;0.00902217;90
98.4202;0.0080993;90
107.943;0.00758911;90
104.618;0.00737783;90
98.1534;0.00731898;90
97.2825;0.00875664;90
92.395;0.0084714;90
90.7922;0.00860682;90
90.0508;0.00789;90
90.356;0.00933418;90
87.3051;0.00876269;90
77.4085;0.00822481;90
83.258;0.00864579;90
94.3256;0.00829964;90
96.7348;0.00832243;90
101.599;0.00851998;90
102.799;0.00819768;90
105.608;0.00807996;90
102.112;0.0173819;90
97.7077;0.0039517;90
94.7715;0.00361854;90
91.5497;0.00905931;90
91.2136;0.00826285;90
92.3865;0.00878962;90
93.9032;0.00830025;90
94.2774;0.00557754;90
94.2303;0.0110621;90
88.438;0.00840112;90
91.142;0.00822863;90
96.4799;0.00815208;90
103.948;0.00773714;90
106.644;0.00598057;90
105.212;0.00614739;90
104.396;0.00784327;90
100.559;0.00786925;90
99.1304;0.00564654;90
96.5147;0.0110967;90
88.9722;0.00574192;90
100.006;0.00812053;90
94.7268;0.00542445;90
93.6711;0.00535699;90
89.7345;0.00582706;90
83.3251;0.00517911;90
80.9299;0.00595648;90
81.2992;0.00594947;90
83.9048;0.00542467;90
85.9553;0.00578441;90
94.9174;0.0057863;90
105.023;0.00395828;90
95.9343;0.00593883;90
91.7586;0.00560464;90
91.2671;0.00429605;90
91.7071;0.00600867;90
89.6384;0.00538711;90
91.297;0.00503629;90
90.4059;0.00437611;90
90.216;0.00397803;90
90.924;0.0031004;90
90.4766;0.0027651;90
89.8414;0.00289001;90
91.5851;0.00318122;90
90.3787;0.00348008;90
91.6615;0.00327638;90
89.8067;0.00237101;90
80.7571;0.00244677;90
77.8543;0.00447722;90
68.0393;0.00487471;90
65.7686;0.00423952;90
61.6399;0.00418305;90
51.1337;0.00403025;90
46.5262;0.00438067;90
44.6967;0.00480839;90
58.5678;0.00522351;90
82.4322;0.00691725;90
90.2216;0.00672205;90
88.0136;0.00637583;90
79.8059;0.00661645;90
81.8937;0.00646762;90
83.907;0.00650072;90
84.9566;0.00559667;90
90.6988;0.00590344;90
92.8227;0.00613244;90
81.8518;0.00536213;90
77.0947;0.00600878;90
78.2788;0.00571007;90
77.6601;0.0061204;90
79.8338;0.00562024;90
85.5927;0.00664966;90
89.5198;0.00596621;90
90.171;0.00636503;90
89.4159;0.00706337;90
89.8381;0.00672503;90
90.2912;0.00668909;90
93.5687;0.00655471;90
93.1279;0.00635947;90
93.0412;0.00646511;90
93.2177;0.0064672;90
94.5676;0.00689389;90
90.9541;0.00780708;90
88.3309;0.00734712;90
88.3885;0.00814322;90
88.4857;0.00790876;90
85.8727;0.00764182;90
76.4519;0.00714584;90
64.0586;0.00595724;90
46.3195;0.0046059;90
30.4421;0.00359802;90
37.1587;0.00392865;90
53.3632;0.00535744;90
73.0956;0.00751784;90
84.2964;0.0081805;90
76.3737;0.00759374;90
57.1142;0.00610535;90
57.5836;0.00577724;90
61.7594;0.0107064;90
50.7089;0.00240975;90
60.0164;0.00476235;90
73.6604;0.00718729;90
84.428;0.00794052;90
80.9013;0.0136781;90
86.8094;0.00265912;90
91.2934;0.00642364;90
96.9411;0.00722394;90
94.3891;0.0073305;90
92.1306;0.00758524;90
89.8199;0.00731904;90
83.6563;0.00711356;90
76.357;0.00685543;90
75.5213;0.00700343;90
75.1229;0.00720554;90
75.1917;0.00725393;90
77.7914;0.00819023;90
83.1525;0.00770798;90
83.263;0.00826003;90
81.2325;0.00816137;90
72.731;0.0153541;90
77.5447;0.00304158;90
81.3864;0.00499433;90
84.4938;0.00783716;90
88.4691;0.00913326;90
90.9477;0.00786008;90
95.9369;0.00715437;90
89.2524;0.00728062;90
78.573;0.0129619;90
72.5342;0.00293533;90
79.0359;0.00633565;90
88.0097;0.00823497;90
94.6446;0.00815077;90
97.5075;0.00782205;90
99.2636;0.00796386;90
99.1755;0.00791427;90
99.7005;0.00779241;90
98.6669;0.00797001;90
96.0067;0.00897327;90
93.5312;0.015294;90
91.0593;0.00329956;90
87.3554;0.00570007;90
83.3079;0.00773168;90
82.9384;0.00784954;90
84.6661;0.00796047;90
87.7521;0.00846451;90
89.9522;0.008392;90
90.3793;0.00800518;90
89.4964;0.00819232;90
89.6178;0.00809518;90
84.8886;0.00842952;90
84.1428;0.00770221;90
82.7529;0.0132146;90
79.9851;0.00289816;90
75.1298;0.00674903;90
70.7364;0.00664717;90
59.5819;0.00581664;90
50.93;0.00523586;90
53.4204;0.00540827;90
67.6397;0.0065873;90
79.06;0.00826215;90
83.5227;0.00696748;90
70.3991;0.00750596;90
55.9369;0.0058364;90
62.584;0.00626347;90
68.1053;0.00684363;90
68.0052;0.00660039;90
68.71;0.00638687;90
68.0873;0.00650065;90
77.0309;0.00623813;90
76.1952;0.00516314;90
104.556;0.00248682;90
-63.3965;0.00599579;90
-38.0525;0.00396344;90
-24.1074;0.00349372;90
28.5133;0.00301238;90
79.9717;0.0050593;90
88.0591;0.00620056;90
87.2276;0.00750478;90
89.5071;0.00709126;90
88.8647;0.0071164;90
80.275;0.00627518;90
79.1402;0.0050423;90
88.6675;0.00507437;90
62.4233;0.00341948;90
56.3934;0.00399828;90
64.4528;0.00440575;90
67.1062;0.00286357;90
89.1244;0.0034684;90
83.1233;0.00449332;90
65.9224;0.00475031;90
65.3132;0.0046665;90
50.6797;0.00287223;90
86.0287;0.00385526;90
86.6205;0.00464808;90
81.9933;0.00413531;90
79.0878;0.00429465;90
69.798;0.00185619;90
-37.5325;0.0014527;90
-27.2052;0.00120084;90
-28.914;0.00138574;90
-93.3205;0.00460974;90
-83.4545;0.00120183;90
-42.1136;0.00134804;90
-40.4652;0.00173501;90
73.9447;0.00107389;90
74.1247;0.00235793;90
53.4986;0.00143063;90
-113.597;0.0038521;90
-98.8397;0.00121038;90
132.249;0.00229792;90
124.934;0.00168696;90
82.5059;0.004332;90
123.911;0.00136762;90
-178.792;0.00109124;90
124.902;0.00157293;90
160.402;0.00110608;90
-109.027;0.00183738;90
-101.216;0.00393821;90
-95.9509;0.00640451;90
-93.9735;0.00160185;90
-91.2411;0.00350882;90
-91.5448;0.00185467;90
-147.242;0.00179081;90
-115.612;0.00395347;90
-114.841;0.00466789;90
-106.81;0.00452641;90
-87.9372;0.00436183;90
-105.368;0.00303761;90
-117.24;0.00239231;90
-115.4;0.0037605;90
-117.526;0.00392083;90
-115.474;0.00359222;90
-94.0332;0.00521792;90
-102.852;0.00528234;90
-97.7404;0.00625903;90
-90.7164;0.0063985;90
-90.3635;0.00662013;90
-92.1162;0.00649943;90
-92.0657;0.00593686;90
-90.5389;0.00606027;90
-103.065;0.00452103;90
128.138;0.00353327;90
159.398;0.00352973;90
143.27;0.00402141;90
-159.73;0.00267571;90
-107.166;0.00515673;90
-111.04;0.00647038;90
-112.482;0.00586579;90
-110.517;0.00620564;90
-112.613;0.00660585;90
-113.594;0.00664334;90
-122.607;0.00608865;90
-111.316;0.0113859;90
-96.3028;0.00270535;90
-95.2102;0.00659625;90
-106.252;0.007307;90
-117.991;0.00657518;90
-130.868;0.00532917;90
-126.816;0.0057422;90
-114.059;0.00613717;90
-107.748;0.00638067;90
-99.5927;0.00751305;90
-98.5724;0.00741989;90
-95.526;0.00840104;90
-96.1037;0.00757092;90
-93.2655;0.00756629;90
-90.1508;0.00874103;90
-89.3948;0.00833146;90
-90.1817;0.00820004;90
-89.7219;0.00782809;90
-94.1487;0.0082797;90
-97.0715;0.00836664;90
-96.7999;0.00821781;90
-94.337;0.00811925;90
-88.4602;0.00837302;90
-84.276;0.00722904;90
-86.4078;0.00943253;90
-83.2174;0.00823866;90
-80.2075;0.00807262;90
-80.532;0.00825546;90
-81.0585;0.00851852;90
-82.6869;0.0149264;90
-86.6063;0.00320963;90
-90.7541;0.00721863;90
-100.18;0.00770631;90
-105.862;0.00720017;90
-101.813;0.00818228;90
-89.5439;0.00766224;90
-85.1729;0.00802145;90
-88.5193;0.00812671;90
-92.0148;0.00802096;90
-96.2483;0.00729534;90
-99.3767;0.00737149;90
-105.179;0.00690491;90
-108.65;0.00689508;90
-101.914;0.00755677;90
-97.3048;0.00873792;90
-96.6137;0.00867372;90
-101.833;0.013503;90
-105.101;0.00297473;90
-104.528;0.00720745;90
-104.447;0.0075838;90
-103.712;0.00745033;90
-94.8431;0.00826752;90
-90.1105;0.00829702;90
-87.7971;0.00785681;90
-82.663;0.00630361;90
-85.8854;0.00972807;90
-93.0794;0.00718538;90
-100.577;0.00673341;90
-98.0395;0.00697859;90
-96.4624;0.00725007;90
-108.237;0.00640049;90
-123.893;0.00517178;90
-123.443;0.00539285;90
-115.446;0.00652609;90
-123.135;0.00604263;90
-120.746;0.00682072;90
-102.266;0.00763018;90
-95.6801;0.0078606;90
-107.484;0.00684316;90
-126.408;0.00538637;90
-144.14;0.00442469;90
-146.028;0.00450256;90
-127.955;0.00521754;90
-110.175;0.00661379;90
-99.4257;0.00719311;90
-92.7162;0.00620397;90
-91.5945;0.00959572;90
-91.9873;0.0078147;90
-90.9458;0.00696695;90
-87.6405;0.00641244;90
-87.2389;0.00649754;90
-86.207;0.00668164;90
-86.6604;0.00688369;90
-86.1927;0.00620469;90
-87.1692;0.00678328;90
-90.413;0.00679818;90
-90.1346;0.00680902;90
-89.8951;0.00655601;90
-90.2991;0.00593908;90
-90.3922;0.00613614;90
-94.2179;0.00595513;90
-101.334;0.0059786;90
-101.278;0.00598762;90
-101.788;0.00608942;90
-101.715;0.00616134;90
-97.1238;0.00591063;90
-87.9044;0.00607106;90
-90.6642;0.00664245;90
-93.7219;0.00586938;90
-99.297;0.0063261;90
-99.0762;0.00595253;90
-97.7393;0.00588864;90
-91.9874;0.00585352;90
-90.6406;0.00572436;90
-91.159;0.0058832;90
-112.679;0.00489662;90
-132.324;0.00384661;90
-133.524;0.00442018;90
-134.06;0.00383516;90
-129.148;0.00370333;90
-118.072;0.00415024;90
-113.225;0.00375313;90
-115.453;0.00313422;90
-106.525;0.00337856;90
-100.883;0.00295006;90
-95.5938;0.0018056;90
-93.149;0.00340414;90
-88.7963;0.00385585;90
-90.2937;0.00370605;90
-89.133;0.00323837;90
-88.2393;0.00361271;90
-90.2214;0.00414103;90
-89.397;0.00475126;90
-89.797;0.00536203;90
-88.5954;0.00530359;90
-88.478;0.00704048;90
-90.8873;0.00568268;90
-88.2233;0.00664419;90
-82.0313;0.00602316;90
-79.0562;0.00635253;90
-90.5909;0.00630234;90
-95.5284;0.00657056;90
-97.8723;0.0066002;90
-99.4638;0.00654407;90
-95.8827;0.00602975;90
-90.2608;0.00593206;90
-84.7776;0.0133705;90
-85.8866;0.00308094;90
-84.9222;0.00427076;90
-84.8713;0.00797593;90
-82.6508;0.00757523;90
-79.8395;0.00752806;90
-76.8873;0.00687629;90
-77.3616;0.00516003;90
-74.6134;0.0061546;90
-73.2813;0.00819334;90
-77.7563;0.00752107;90
-84.5001;0.00811737;90
-89.6637;0.00783713;90
-90.7761;0.00819475;90
-86.933;0.00799946;90
-84.373;0.00777145;90
-85.4799;0.00789255;90
-88.5401;0.00824268;90
-88.9096;0.00840752;90
-88.5951;0.00811644;90
-85.2143;0.00753928;90
-80.9346;0.00709563;90
-76.9334;0.00686474;90
-74.2217;0.00697273;90
-75.9237;0.0142097;90
-78.3866;0.00318419;90
-80.1429;0.00505868;90
-79.719;0.00645463;90
-88.7863;0.0160516;90
-100.405;0.00312844;90
-104.156;0.00547525;90
-98.5442;0.00757204;90
-89.5982;0.0081282;90
-89.736;0.00824609;90
-90.9147;0.00789301;90
-86.8891;0.00816303;90
-86.8325;0.00772781;90
-83.9031;0.00743807;90
-79.4955;0.00690574;90
-74.8986;0.0067325;90
-73.6515;0.00708757;90
-78.2065;0.00722655;90
-91.1409;0.00748348;90
-86.4963;0.00649614;90
-74.8972;0.00521202;90
-73.8022;0.00554928;90
-87.337;0.00903976;90
-87.3396;0.00665718;90
-88.6474;0.00711698;90
-84.4635;0.00802242;90
-78.8435;0.00849657;90
-79.0442;0.00853455;90
-79.721;0.00812033;90
-82.5172;0.00764813;90
-83.7479;0.00560131;90
-82.7274;0.00765458;90
-79.3857;0.00652566;90
-72.3259;0.00590576;90
-60.8303;0.00493026;90
-70.4714;0.00477148;90
-90.9993;0.0059059;90
-93.6087;0.00606903;90
-93.6139;0.00466427;90
-97.8668;0.00738652;90
-100.166;0.00581326;90
-99.0419;0.004346;90
-93.3347;0.00254431;90
-86.9639;0.00504108;90
-83.0398;0.00500085;90
-70.2066;0.00472198;90
-64.2604;0.00400432;90
-42.9762;0.00314364;90
-55.13;0.00373087;90
-73.3436;0.00525761;90
-76.4494;0.00580869;90
-72.5723;0.00528878;90
-61.9796;0.00459571;90
-77.0668;0.00517837;90
-74.1164;0.00369404;90
-72.2822;0.00186969;90
-65.8131;0.000959205;90
-73.8799;0.00238789;90
-70.9816;0.00285695;90
-64.047;0.00129789;90
-112.297;0.00236158;90
-114.515;0.0029884;90
-112.55;0.00201831;90
-124.304;0.00248409;90
-166.614;0.00128285;90
-84.12;0.000976136;90
-76.3119;0.00251441;90
-94.6332;0.00269882;90
-88.5363;0.00747744;90
-95.0682;0.00267144;90
-103.372;0.00171654;90
-103.983;0.00208581;90
-107.258;0.00303358;90
-103.02;0.00291186;90
169.343;0.000757057;90
141.388;0.00261201;90
-148.16;0.00268032;90
-120.789;0.00202781;90
-113.442;0.00297123;90
-100.321;0.00309203;90
-60.993;0.00163739;90
-98.9356;0.00177049;90
82.6934;0.00912106;90
94.0334;0.00140749;90
33.76;0.00204601;90
14.7135;0.0024214;90
-42.1555;0.00215155;90
61.087;0.00196492;90
71.7934;0.0011106;90
75.6992;0.00210111;90
75.6347;0.00202739;90
75.2829;0.00165324;90
76.4577;0.00143489;90
81.0582;0.00144759;90
89.2128;0.00909886;90
98.7383;0.00165218;90
104.809;0.00246487;90
100.634;0.00481773;90
101.208;0.00604019;90
103.625;0.0056716;90
100.563;0.0050567;90
101.539;0.00308944;90
89.3709;0.00382523;90
80.4165;0.00435477;90
83.9629;0.00363214;90
98.2037;0.00462533;90
102.568;0.00520677;90
119.224;0.00450203;90
137.299;0.00364807;90
115.726;0.0048264;90
109.107;0.00523013;90
95.3024;0.00590828;90
91.3308;0.00460724;90
127.395;0.00161367;90
82.1121;0.00294385;90
-84.8511;0.00353225;90
-51.3156;0.000726364;90
-90.6611;0.00364024;90
-85.5735;0.00489761;90
-78.6564;0.00500273;90
-66.338;0.00422085;90
-58.6404;0.00364906;90
-41.3681;0.00313666;90
-62.9915;0.00433363;90
-76.5043;0.00534766;90
-76.3847;0.0053483;90
-68.0571;0.00488919;90
-66.5664;0.00502658;90
-78.0302;0.00509171;90
-72.5932;0.00433555;90
-92.9461;0.00140085;90
149.485;0.000766108;90
96.1792;0.00255484;90
-84.0232;0.00736604;90
-69.8204;0.00256548;90
-64.6606;0.00121267;90
-103.856;0.000922853;90
-112.494;0.00273401;90
-117.967;0.00235842;90
-133.666;0.00145845;90
172.96;0.000669044;90
-82.6794;0.00392399;90
-78.234;0.00101023;90
-105.798;0.00149861;90
-87.3886;0.00761591;90
-97.6995;0.00133605;90
-103.328;0.00190429;90
-107.554;0.00236408;90
-101.928;0.00218212;90
-105.699;0.00367718;90
-107.371;0.00137994;90
130.008;0.00246229;90
-171.574;0.00257277;90
-129.761;0.00228431;90
-156.893;0.00213531;90
-160.14;0.0033056;90
-165.013;0.00331786;90
-148.707;0.00354819;90
-113.942;0.00519938;90
-127.948;0.00323117;90
-142.676;0.00353611;90
-118.043;0.00364153;90
-134.704;0.000683781;90
104.554;0.00268619;90
97.6141;0.00310942;90
83.493;0.00178248;90
5.92062;0.00067862;90
-79.483;0.00171481;90
-133.997;0.00161528;90
-70.6379;0.00187611;90
28.2454;0.0021046;90
32.2728;0.00265755;90
40.9944;0.00320891;90
64.3855;0.00490616;90
51.8784;0.00370788;90
15.9373;0.00292441;90
15.1594;0.0028336;90
21.3889;0.00278587;90
41.6364;0.00166315;90
-79.6761;0.00134477;90
-113.17;0.00286182;90
-98.4283;0.00307016;90
-59.981;0.00168503;90
-100.911;0.0021132;90
83.2087;0.00941204;90
88.9251;0.00143925;90
33.2495;0.00194789;90
13.7483;0.00236475;90
-40.3141;0.00225046;90
-42.3837;0.000805527;90
-76.223;0.00294781;90
-32.9602;0.00226447;90
25.6845;0.00232802;90
2.69455;0.00257385;90
-20.483;0.0022033;90
-35.7229;0.0025177;90
-24.1213;0.00282135;90
-26.4742;0.00141096;90
11.9538;0.00212917;90
51.8798;0.00329979;90
-16.0863;0.00234585;90
-63.4586;0.00325393;90
35.469;0.00203701;90
66.158;0.00376532;90
85.6318;0.00460839;90
101.856;0.00454598;90
104.771;0.00508712;90
104.101;0.00496665;90
107.155;0.0050957;90
114.37;0.00461192;90
135.19;0.00298401;90
132.748;0.00107988;90
86.8683;0.00217825;90
91.5313;0.00202072;90
90.5044;0.00170407;90
133.574;0.000880621;90
-72.9439;0.00884397;90
-57.7491;0.00371045;90
-71.6898;0.00450404;90
-71.13;0.00470592;90
-74.0771;0.00559154;90
-72.9613;0.00460723;90
-91.7168;0.00597468;90
-107.832;0.00444767;90
-123.351;0.00258107;90
136.043;0.00139889;90
118.914;0.00313134;90
176.94;0.00191072;90
-129.447;0.00292276;90
-161.429;0.00212885;90
154.996;0.00247938;90
148.884;0.00251366;90
150.009;0.00181849;90
159.539;0.00154764;90
174.133;0.00259258;90
-158.666;0.0025261;90
171.106;0.00208912;90
110.786;0.00299815;90
118.968;0.00102412;90
133.877;0.00274127;90
-160.444;0.00258724;90
-122.189;0.00227699;90
-114.086;0.00301883;90
-98.1002;0.00352012;90
-66.6823;0.00195791;90
-105.18;0.00160397;90
-73.6282;0.0162416;90
-92.3778;0.00147027;90
-101.892;0.000926893;90
-88.3652;0.000946385;90
-93.5993;0.00140176;90
-95.0402;0.00221958;90
-103.193;0.00131881;90
-90.2164;0.00105901;90
-108.341;0.00116309;90
-110.099;0.00114365;90
-116.076;0.00104875;90
-114.247;0.000939918;90
-109.157;0.000953819;90
-123.013;0.000915874;90
-124.819;0.000788105;90
-122.047;0.000870682;90
-104.837;0.000937249;90
-74.9616;0.00148382;90
-106.314;0.0014952;90
73.7001;0.00623876;90
70.6828;0.00129384;90
66.3204;0.0011105;90
66.6368;0.00109694;90
70.9611;0.000839948;90
78.2335;0.00132893;90
76.1645;0.00124616;90
84.0423;0.0018691;90
90.1527;0.001126;90
90.1879;0.00122001;90
84.1313;0.00115405;90
83.8325;0.00117279;90
91.4229;0.00124838;90
92.6138;0.00116221;90
95.5659;0.0011032;90
95.416;0.00100649;90
98.355;0.0018375;90
100.466;0.00105149;90
109.003;0.000924379;90
111.123;0.000910157;90
108.736;0.00102428;90
109.627;0.000851469;90
118.383;0.000986603;90
114.075;0.00082365;90
110.863;0.000940673;90
122.579;0.000815285;90
116.818;0.000811253;90
126.523;0.000628411;90
104.508;0.000854239;90
58.4361;0.0506926;90
-73.7151;0.00194712;90
-96.0547;0.00177289;90
-70.0332;0.00179808;90
-83.3382;0.00181022;90
-64.4649;0.00199042;90
-79.5599;0.00113682;90
-106.857;0.00145868;90
-89.7718;0.00200902;90
-73.7248;0.00291168;90
-87.4516;0.0028338;90
-84.7476;0.00241414;90
-104.596;0.0019365;90
-81.7541;0.0020987;90
-96.7907;0.00161533;90
-71.3349;0.00157483;90
-93.8053;0.00173282;90
-92.9906;0.00189758;90
-117.789;0.00138131;90
-136.601;0.00111342;90
-103.564;0.00156053;90
-122.297;0.00095825;90
-146.271;0.000824839;90
-129.587;0.00104197;90
-122.562;0.00125414;90
-135.52;0.0010904;90
-148.215;0.00135172;90
-114.965;0.00120124;90
-150.847;0.000851916;90
-87.5085;0.00131124;90
-80.1159;0.00107191;90
-64.7004;0.001053;90
-58.3279;0.000929422;90
96.6555;0.0052977;90
96.5929;0.00100162;90
129.865;0.000742614;90
149.164;0.00215574;90
149.989;0.00253716;90
153.99;0.00244458;90
174.004;0.00235488;90
-162.21;0.00235984;90
-171.802;0.00225101;90
131.354;0.00105643;90
107.536;0.00276132;90
125.529;0.00237645;90
166.322;0.00240624;90
-138.531;0.00247958;90
-115.125;0.00266847;90
-102.669;0.00367037;90
-78.0239;0.00222646;90
-98.3514;0.00241663;90
83.102;0.00222309;90
109.322;0.0016139;90
80.0214;0.00372231;90
67.7664;0.0023389;90
96.5447;0.00117566;90
33.6967;0.00240268;90
3.32662;0.00253327;90
-42.8604;0.00178032;90
26.2911;0.000654728;90
76.2907;0.00284814;90
77.5531;0.00212494;90
74.2027;0.00180726;90
74.5573;0.00203549;90
77.5318;0.0021538;90
92.5283;0.00802481;90
76.8843;0.00223428;90
110.269;0.00114596;90
101.22;0.00262619;90
49.4164;0.00105602;90
43.429;0.00201177;90
62.8521;0.00509984;90
72.1407;0.00154232;90
63.1557;0.00128441;90
-45.3239;0.0021263;90
7.49105;0.00124261;90
69.4493;0.00125058;90
77.1816;0.0023393;90
68.4361;0.00183654;90
-2.05935;0.00161404;90
1.06431;0.00156127;90
-2.99401;0.00128275;90
-18.1232;0.000755479;90
178.325;0.00496212;90
-124.485;0.00135998;90
-105.019;0.00180982;90
-105.739;0.00106908;90
-103.292;0.000896002;90
-93.6305;0.00145292;90
-104.604;0.00225278;90
-101.049;0.00236891;90
-99.2807;0.00300737;90
-102.042;0.00182619;90
-105.143;0.00179534;90
-109.631;0.00154479;90
-104.356;0.0016939;90
-105.31;0.00200724;90
-105.644;0.00135728;90
-99.5882;0.00112268;90
-69.0977;0.00255623;90
-44.1127;0.00168948;90
-103.566;0.00127044;90
-111.416;0.00107631;90
-107.626;0.00192539;90
-103.723;0.00439239;90
-107.094;0.000932179;90
-103.628;0.0023512;90
-88.9911;0.0013062;90
-122.039;0.000904814;90
-155.905;0.00214817;90
157.656;0.00137309;90
126.208;0.000814254;90
109.489;0.00280257;90
128.162;0.00267848;90
-173.49;0.00246087;90
-136.162;0.0020574;90
-112.748;0.00330509;90
-100.746;0.0036042;90
-65.963;0.00210888;90
-101.366;0.00180133;90
81.5353;0.0110666;90
31.9509;0.00334472;90
-36.8618;0.0028322;90
-62.4636;0.00147736;90
-73.6592;0.00258752;90
-38.7738;0.001806;90
25.0032;0.00228074;90
10.3654;0.00228428;90
-13.5276;0.00224015;90
-28.9536;0.0028651;90
-27.7636;0.00265122;90
-30.9772;0.00145911;90
-78.7992;0.00164738;90
-115.179;0.00149726;90
-82.7431;0.00247785;90
-57.0948;0.00155913;90
152.559;0.00152115;90
-108.676;0.00195494;90
169.715;0.000504099;90
130.126;0.00119012;90
151.832;0.000527471;90
-133.152;0.000943064;90
-122.383;0.000997056;90
-109.032;0.000910785;90
169.321;0.00149489;90
-176.141;0.0011887;90
172.705;0.0011735;90
169.852;0.00120891;90
168.185;0.00115752;90
135.623;0.00142985;90
152.339;0.00126227;90
144.19;0.00166468;90
84.8669;0.00118475;90
162.876;0.00116149;90
156.657;0.000938844;90
-175.737;0.000807233;90
-118.134;0.000882236;90
-105.194;0.00157195;90
-101.758;0.000878431;90
-131.764;0.00112751;90
134.497;0.00120849;90
111.411;0.00103546;90
97.758;0.00143715;90
101.863;0.00197008;90
127.929;0.00101677;90
178.913;0.000580104;90
-135.796;0.000814666;90
132.062;0.00160016;90
139.603;0.000546234;90
141.509;0.000954382;90
145.811;0.00140234;90
177.988;0.000854527;90
96.0618;0.000909083;90
110.388;0.000918543;90
136.476;0.000878518;90
164.468;0.000780503;90
94.4617;0.00195392;90
117.459;0.00106047;90
120;0.00102999;90
128.114;0.000902413;90
129.001;0.000811962;90
129.23;0.000675173;90
118.941;0.000733614;90
113.473;0.000986648;90
96.8687;0.00105356;90
95.7406;0.00151962;90
78.0182;0.00148843;90
59.5499;0.00112868;90
-40.3;0.000845715;90
-45.3927;0.000928453;90
-41.061;0.000905822;90
-59.7253;0.00135477;90
-57.3658;0.00129434;90
-56.8091;0.00133716;90
-56.5697;0.00140673;90
-36.4623;0.00115263;90
16.5228;0.00121309;90
16.7354;0.00121548;90
-46.9038;0.00125581;90
-14.7521;0.00102892;90
14.6792;0.000951042;90
40.9277;0.00108532;90
27.2876;0.00095756;90
1.71968;0.00086639;90
-27.6155;0.000951383;90
-41.0392;0.00124891;90
-11.0649;0.000917047;90
62.5506;0.000811342;90
8.97899;0.000467732;90
-45.7823;0.00088043;90
-96.0496;0.00206852;90
-92.229;0.00167126;90
-92.802;0.00194332;90
-98.8267;0.00124474;90
-94.0299;0.00146562;90
-86.3292;0.00143695;90
-90.1608;0.00142501;90
-87.3227;0.00139152;90
-72.4265;0.00119895;90
-48.2784;0.00102628;90
-18.363;0.000755469;90
-33.9072;0.000878374;90
-49.8636;0.000975785;90
-19.8098;0.000790797;90
-11.2142;0.00070445;90
-6.99712;0.00072238;90
-11.578;0.000712498;90
2.65352;0.000561602;90
101.232;0.00115513;90
81.9248;0.00103223;90
88.8188;0.0357046;90
74.8715;0.000992394;90
78.8483;0.00106511;90
81.325;0.00104091;90
81.5932;0.000937069;90
76.3002;0.000950028;90
80.1319;0.00109114;90
79.6801;0.00102153;90
70.48;0.00115222;90
59.3048;0.00102454;90
-17.9085;0.000826022;90
-36.3715;0.000942636;90
-30.2009;0.000966137;90
-45.0967;0.00167585;90
1.64598;0.000522215;90
-34.1013;0.000695612;90
49.7007;0.00160487;90
40.9089;0.00105061;90
91.7982;0.00172085;90
96.1272;0.00139597;90
121.096;0.00133598;90
-100.045;0.00829008;90
-117.461;0.00125772;90
-121.236;0.00119176;90
-132.432;0.00121532;90
-135.269;0.000902278;90
-115.901;0.00192986;90
-121.01;0.00128109;90
-113.099;0.000902339;90
-107.504;0.00204468;90
-80.2698;0.0018283;90
-119.069;0.00191411;90
-103.945;0.00213698;90
-106.323;0.00116704;90
-104.509;0.00208758;90
-109.216;0.0012761;90
-113.799;0.000926812;90
-99.2213;0.00164121;90
-105.348;0.00188524;90
-104.429;0.00159325;90
-104.539;0.00138226;90
-105.499;0.00144453;90
-99.0314;0.00111482;90
-129.704;0.00130239;90
-156.021;0.000684039;90
-155.744;0.000732683;90
-174.519;0.000670063;90
145.982;0.000727501;90
-95.8354;0.00127863;90
-97.7672;0.00127268;90
-92.4728;0.00148338;90
-74.288;0.00101181;90
5.48294;0.000701208;90
51.9508;0.000923196;90
36.5289;0.000873615;90
-14.7626;0.000765261;90
-52.1199;0.000986953;90
48.2691;0.000830788;90
-60.2483;0.0010378;90
-75.8092;0.00197837;90
-85.9623;0.00281198;90
-54.4721;0.000683187;90
35.5668;0.000914637;90
-150.009;0.00340491;90
138.954;0.00149697;90
155.401;0.000977737;90
135.074;0.00164827;90
98.5209;0.0020112;90
96.784;0.00135448;90
93.0904;0.00170648;90
93.6651;0.0016113;90
-177.484;0.000751725;90
168.646;0.00076701;90
131.418;0.000973466;90
115.044;0.00114572;90
133.684;0.000800656;90
128.335;0.000743243;90
123.076;0.000776902;90
169.779;0.000608658;90
-175.519;0.0005888;90
150.081;0.000695714;90
166.087;0.000565594;90
-144.171;0.000936154;90
-163.524;0.000712245;90
150.307;0.000549102;90
-158.629;0.00081504;90
-165.042;0.000829094;90
-160.252;0.000855305;90
-161.505;0.000901566;90
-159.905;0.000523893;90
-145.686;0.000636834;90
-145.239;0.000608612;90
-153.961;0.000535337;90
104.662;0.00139854;90
97.9826;0.00148337;90
121.018;0.00127303;90
123.166;0.00121373;90
130.478;0.0010583;90
125.075;0.0010215;90
114.529;0.00139708;90
98.2637;0.00151675;90
89.5708;0.00106803;90
86.6954;0.00119699;90
-92.8535;0.00192839;90
-83.0978;0.00133971;90
-73.0979;0.0012176;90
-59.9334;0.00130338;90
-47.4663;0.00075589;90
-50.8263;0.000766219;90
-56.2335;0.000831219;90
-61.9275;0.000867;90
-56.9224;0.000804361;90
-83.8694;0.00175101;90
-89.5957;0.000992025;90
-7.82695;0.00133645;90
-61.6376;0.000755716;90
-76.4579;0.00115306;90
-1.2503;0.00050412;90
-30.8891;0.000658384;90
-31.3086;0.000740887;90
-37.9621;0.000807947;90
-40.3562;0.000786055;90
79.7792;0.00335321;90
65.6515;0.00337631;90
74.1111;0.00097526;90
65.7127;0.00127154;90
35.7258;0.00304501;90
-25.8045;0.00222374;90
-57.6587;0.00104867;90
-44.3676;0.000961017;90
-74.8252;0.0030027;90
-25.941;0.00217627;90
27.2245;0.00190391;90
57.2981;0.00144743;90
-119.82;0.00142578;90
-12.7664;0.00677447;90
-21.1563;0.00103903;90
-31.4811;0.00115852;90
-30.7118;0.00241815;90
6.71302;0.00210443;90
42.4746;0.00264786;90
7.64777;0.00235192;90
-62.222;0.00302116;90
-30.0006;0.000805986;90
53.3659;0.00218702;90
67.1564;0.00362426;90
84.6503;0.00434392;90
104.441;0.00521683;90
103.723;0.0107282;90
111.174;0.00593574;90
121.878;0.00444787;90
160.607;0.00162627;90
86.7916;0.00244784;90
90.8128;0.00317232;90
101.063;0.00145402;90
-136.027;0.00552339;90
148.588;0.00238682;90
-169.291;0.000990245;90
-99.4208;0.00453922;90
-97.8597;0.00122854;90
-100.111;0.00195943;90
-105.5;0.00229756;90
-107.216;0.00242254;90
-106.909;0.00175695;90
-103.113;0.00188208;90
-104.508;0.0021795;90
-146.607;0.000748578;90
130.088;0.00174235;90
108.469;0.00475702;90
-86.6302;0.00707724;90
-102.758;0.00181583;90
-104.085;0.0016929;90
-102.549;0.00212169;90
-106.84;0.00182945;90
-102.361;0.00529269;90
132.574;0.00225557;90
170.44;0.00192676;90
-148.905;0.0024629;90
-114.548;0.0024263;90
-107.864;0.00298281;90
-92.6948;0.00276506;90
-66.4486;0.00155667;90
-103.171;0.00155798;90
87.4052;0.0208954;90
140.976;0.0018407;90
120.302;0.0134356;90
129.821;0.00343075;90
162.122;0.00302613;90
-164.575;0.0219154;90
140.545;0.000731744;90
143.518;0.00136063;90
155.605;0.0069077;90
-128.43;0.00528996;90
-122.552;0.00491395;90
-135.168;0.00459268;90
-118.996;0.00301604;90
-138.92;0.0391685;90
-108.728;0.00333878;90
-89.7229;0.0322514;90
-64.4634;0.00403631;90
-101.929;0.0585586;90
-95.1352;0.00823405;90
-95.1182;0.00666959;90
-98.97;0.0510848;90
-103.273;0.00151137;90
-116.097;0.0156695;90
-117.761;0.00111425;90
-129.683;0.00137345;90
-137.791;0.00143784;90
-133.778;0.0142847;90
-130.642;0.00377839;90
-131.159;0.0175963;90
-123.307;0.00261325;90
-125.886;0.00365594;90
-168.483;0.0119955;90
149.395;0.00189149;90
163.528;0.0102559;90
-145.819;0.0028177;90
-128.097;0.0178673;90
172.942;0.00242538;90
-150.403;0.0141182;90
-129.136;0.00381358;90
177.851;0.0126129;90
151.418;0.0020589;90
154.483;0.0171575;90
119.955;0.00304817;90
145.772;0.0206047;90
-171.769;0.00200465;90
-107.309;0.178926;90
-124.688;0.00203828;90
167.568;0.035738;90
-116.582;0.00308622;90
-162.191;0.0242732;90
141.177;0.00966001;90
-155.288;0.0212314;90
-154.925;0.0478443;90
-125.08;0.00090304;90
-147.501;0.0162057;90
-155.601;0.0028396;90
-137.69;0.00456516;90
-147.383;0.000725398;90
-150.135;0.00515105;90
-173.768;0.00245954;90
-97.5498;0.0433145;90
-130.211;0.0350925;90
171.982;0.00108258;90
-109.746;0.0910383;90
-73.7245;0.00209808;90
-108.214;0.0140352;90
-115.726;0.0931024;90
155.196;0.0330763;90
-149.879;0.00537243;90
-152.88;0.0118285;90
-141.467;0.00622822;90
-166.26;0.00496404;90
-171.493;0.00521842;90
-179.527;0.00242208;90
47.5387;0.928568;90
-106.5;0.00148933;90
-116.631;0.00116678;90
156.997;0.000575782;90
133.445;0.00059914;90
115.515;0.000903076;90
98.4097;0.00133334;90
98.731;0.00200928;90
121.342;0.00140152;90
-175.688;0.000558581;90
-161.953;0.000513249;90
-107.875;0.00090572;90
171.08;0.00670712;90
-84.6415;0.0019917;90
-60.124;0.000704643;90
-77.8913;0.000858091;90
-87.5741;0.00125212;90
-70.4362;0.000898894;90
-64.0491;0.0011266;90
-46.9979;0.000608482;90
-58.6299;0.000822185;90
-69.2315;0.000978588;90
-88.3408;0.00158867;90
-86.6445;0.00123011;90
-58.3469;0.000741271;90
-15.8563;0.000618535;90
48.0043;0.000998393;90
48.7266;0.000739784;90
108.072;0.000847824;90
129.598;0.000706;90
151.277;0.000570154;90
143.236;0.000543001;90
123.677;0.00123171;90
90.1466;0.00156301;90
-105.994;0.000979931;90
-73.1447;0.00161749;90
-94.3822;0.002395;90
-60.8943;0.00108959;90
-1.43748;0.000797251;90
56.0108;0.00122174;90
63.4349;0.000903371;90
139.367;0.000975103;90
145.751;0.000682314;90
129.13;0.00091271;90
127.361;0.000723427;90
92.3435;0.00112494;90
66.0941;0.00123385;90
-144.574;0.00101612;90
-85.5397;0.00142732;90
-80.3587;0.00168378;90
-94.135;0.00189995;90
-54.903;0.00102789;90
18.4349;0.000932872;90
50.0107;0.00115772;90
111.875;0.00159698;90
151.866;0.000653177;90
126.727;0.000963203;90
117.94;0.000838767;90
85.8591;0.00110789;90
54.1692;0.000749923;90
-163.457;0.00122573;90
-77.8848;0.00156281;90
-73.6786;0.00142336;90
-93.3254;0.00196531;90
-58.2584;0.00103595;90
-13.1158;0.000815267;90
51.3016;0.00139151;90
91.5482;0.000999365;90
138.451;0.000845819;90
149.732;0.000720176;90
120.522;0.00108888;90
98.4711;0.00199577;90
-95.8979;0.00118728;90
-84.8056;0.0020213;90
-94.4398;0.00117553;90
-65.9112;0.00133528;90
-1.95918;0.000877513;90
46.2747;0.0010489;90
98.9435;0.00112569;90
136.012;0.00080057;90
133.045;0.00084973;90
124.743;0.000829972;90
97.2167;0.00209358;90
-95.5058;0.00194899;90
-85.9189;0.0018126;90
-123.32;0.00115962;90
158.686;0.000654785;90
174.806;0.00076213;90
179.249;0.00106809;90
-124.263;0.00205333;90
-103.15;0.0014418;90
-90.6139;0.00112006;90
74.4645;0.00215057;90
65.9531;0.00268722;90
81.8514;0.00174967;90
62.0802;0.0010593;90
59.9687;0.000769273;90
71.2242;0.00143538;90
67.0185;0.00176727;90
63.4103;0.00104111;90
63.7556;0.00119855;90
55.7006;0.000860666;90
11.928;0.000599954;90
9.02964;0.000783712;90
-49.1357;0.000921639;90
-0.821809;0.00048805;90
87.1463;0.00560395;90
77.2265;0.00264137;90
61.4904;0.00154199;90
87.8348;0.00129693;90
31.1182;0.00349841;90
-2.75009;0.000687792;90
-40.8101;0.00196464;90
-26.5405;0.00104514;90
-82.9033;0.00175646;90
-74.5034;0.00122763;90
-81.2446;0.00187889;90
-89.4451;0.00320115;90
-88.3957;0.00339333;90
-88.9863;0.00327851;90
-92.6397;0.00125934;90
-46.2974;0.000811967;90
-30.936;0.00141418;90
-55.7591;0.00248101;90
-58.5526;0.00274287;90
-61.3258;0.00294063;90
-52.6019;0.00258171;90
-46.5428;0.0024687;90
-47.0894;0.0015128;90
-99.5442;0.00161029;90
-102.595;0.00244893;90
-86.655;0.00109687;90
-88.3615;0.00255304;90
-88.9047;0.00240644;90
-88.1066;0.00230026;90
-85.1039;0.00165203;90
-45.5539;0.00102394;90
95.1315;0.0113816;90
74.6315;0.0021281;90
79.4694;0.00106697;90
129.561;0.00215578;90
132.084;0.00450303;90
116.051;0.000997326;90
117.575;0.00230932;90
122.077;0.00270024;90
125.023;0.00243246;90
155.001;0.00114529;90
164.351;0.000637636;90
91.3469;0.00208458;90
90.1174;0.00390401;90
91.7069;0.00409582;90
89.887;0.002029;90
100.721;0.00160196;90
110.163;0.00220195;90
126.759;0.0023778;90
176.802;0.00233063;90
-137.52;0.00218708;90
-115.23;0.00268625;90
-103.269;0.00320661;90
-88.6891;0.00231661;90
-61.7676;0.00147554;90
-107.324;0.00159852;90
127.598;0.00844748;90
-164.888;0.000774795;90
96.3939;0.00188573;90
109.906;0.00171231;90
122.824;0.00163267;90
126.785;0.0021476;90
105;0.00268137;90
91.995;0.00186713;90
73.4681;0.00088561;90
20.3898;0.00286448;90
-66.5764;0.00103641;90
-75.3494;0.00275973;90
-58.9797;0.00295338;90
-26.5762;0.00229555;90
10.2542;0.00222453;90
45.1286;0.00157473;90
83.7906;0.0020802;90
18.4927;0.00188219;90
86.0242;0.00263935;90
81.913;0.00319881;90
74.5192;0.00120263;90
-20.6582;0.00124719;90
-3.26444;0.00135219;90
-41.5696;0.00349796;90
68.7631;0.00152668;90
74.8023;0.00113676;90
77.9628;0.00250304;90
-41.8213;0.00200207;90
-49.4716;0.00213134;90
110.49;0.00202832;90
72.6753;0.00244806;90
75.3097;0.00246457;90
72.4382;0.00230335;90
72.7195;0.00246423;90
79.4372;0.00260209;90
82.9927;0.00362306;90
79.5901;0.00268418;90
124.937;0.00221766;90
120.478;0.00346011;90
109.506;0.00358791;90
-172.924;0.000730565;90
-83.3582;0.0057063;90
-66.0272;0.00169086;90
-103.611;0.00206088;90
-111.866;0.00246752;90
-123.134;0.00211489;90
-129.69;0.000955157;90
-176.457;0.000970856;90
-81.9046;0.00186761;90
-72.3404;0.00130867;90
-82.9101;0.00141784;90
-99.2903;0.00104065;90
-105.63;0.00127308;90
-87.2433;0.00690299;90
-96.9512;0.00233013;90
-101.125;0.000912141;90
-105.462;0.00153039;90
-101.796;0.00175609;90
-106.249;0.0031342;90
-103.852;0.00264389;90
166.281;0.00056924;90
171.929;0.00408849;90
-141.542;0.00101779;90
-120.924;0.00122399;90
-111.414;0.00332235;90
-98.1605;0.00319839;90
-62.0815;0.00168512;90
-103.526;0.00190689;90
-51.0741;0.00524578;90
13.8338;0.00116685;90
73.179;0.00279561;90
78.9561;0.00274585;90
77.376;0.00247995;90
32.7741;0.000798038;90
8.26963;0.000987265;90
65.538;0.00131614;90
58.6013;0.000790803;90
-6.2705;0.00108952;90
24.9222;0.00116994;90
29.478;0.00103843;90
9.49082;0.000661048;90
4.95796;0.00105294;90
-9.87537;0.00102621;90
-10.1517;0.00163967;90
-31.4753;0.000653093;90
-29.6721;0.00117163;90
-32.7376;0.00145157;90
-26.2828;0.00136178;90
6.4295;0.00106268;90
-49.0934;0.00148589;90
-15.7102;0.00113749;90
15.5963;0.00110467;90
46.8381;0.00136683;90
65.654;0.00125896;90
60.6518;0.00130785;90
31.3113;0.00110258;90
-50.2624;0.00129522;90
-44.7611;0.00118724;90
-64.065;0.00170801;90
-42.0595;0.00129571;90
11.7419;0.000884509;90
-89.01;0.00219933;90
-87.602;0.0021749;90
-71.3001;0.00184647;90
-63.1248;0.00165248;90
-80.1539;0.00198829;90
-63.1622;0.00159702;90
-44.1829;0.00123968;90
-44.6468;0.00114695;90
-32.8693;0.00118108;90
-33.809;0.00120232;90
-44.3531;0.00144047;90
-49.8702;0.00151585;90
-48.1265;0.00134834;90
-92.3166;0.00141015;90
-104.644;0.00173641;90
75.807;0.00230434;90
11.7308;0.000560711;90
-50.9315;0.00131377;90
-61.0422;0.00172462;90
-61.0403;0.00158407;90
-52.2347;0.00142057;90
-53.1959;0.0013938;90
-54.0311;0.00151359;90
-54.2991;0.00150971;90
-67.6033;0.0020734;90
-73.4874;0.00197026;90
-60.0172;0.00164285;90
-16.2001;0.0011434;90
-1.2155;0.00108424;90
-16.1522;0.00110356;90
-22.8623;0.0011634;90
-20.8443;0.00100048;90
-23.7091;0.000987332;90
-24.9661;0.00108984;90
-23.211;0.00120776;90
-23.9526;0.0011774;90
-29.0626;0.00139574;90
-68.3564;0.00195482;90
-84.8438;0.00216978;90
-87.346;0.00222439;90
-81.9266;0.00214324;90
-66.7427;0.0019222;90
-59.8327;0.00148052;90
-54.4064;0.00131093;90
-47.2304;0.00139901;90
-39.0964;0.00217244;90
-78.4941;0.00223593;90
-74.026;0.0016497;90
30.8845;0.000991606;90
37.1611;0.000865811;90
49.0856;0.000932923;90
1.84761;0.000992516;90
-35.5278;0.000674585;90
-34.9844;0.000613932;90
-26.9048;0.000603302;90
-18.8178;0.000709947;90
-30.575;0.0005308;90
-24.7944;0.000622371;90
-44.6799;0.00151889;90
-48.5209;0.00113989;90
-60.4792;0.00101474;90
-73.8978;0.00185685;90
-52.9829;0.0013238;90
-39.551;0.000662725;90
-79.1735;0.000952962;90
-87.7156;0.00183146;90
-67.2075;0.000944774;90
-50.6833;0.000885407;90
-60.2322;0.000928524;90
-41.7932;0.000834278;90
-56.8559;0.00101875;90
-51.4439;0.000863174;90
-72.269;0.00144147;90
-68.5523;0.000782164;90
-73.7229;0.00149492;90
-73.4164;0.00156614;90
-84.6891;0.00218237;90
-78.4124;0.00125457;90
-73.8966;0.00159353;90
-57.1307;0.00110369;90
-54.6227;0.00112098;90
-51.774;0.000701396;90
-65.5598;0.0012544;90
-62.5816;0.000870821;90
-61.5433;0.00136832;90
-73.0866;0.001179;90
-48.2819;0.00151924;90
-2.44496;0.00117207;90
25.1981;0.00101233;90
44.2594;0.0012036;90
86.4403;0.00128849;90
81.8528;0.000945543;90
93.5146;0.00168016;90
74.5434;0.00127201;90
35.8248;0.0006031;90
17.6559;0.000860535;90
43.6017;0.00173859;90
-9.79724;0.00157497;90
-75.4969;0.00261947;90
-67.6908;0.0022418;90
13.1048;0.000701263;90
69.6748;0.00197497;90
35.902;0.00124318;90
34.7412;0.00117921;90
41.4623;0.000916743;90
47.1882;0.00129636;90
41.4643;0.00118099;90
15.7102;0.00113749;90
18.0623;0.00126431;90
6.67883;0.000971594;90
-38.5007;0.000955787;90
-20.7069;0.000933289;90
-43.8599;0.00113725;90
-45.2801;0.0013018;90
-62.0917;0.00162159;90
56.7158;0.00129193;90
49.8902;0.00103686;90
63.1739;0.000981644;90
59.5286;0.00149672;90
61.2959;0.00131796;90
41.3108;0.00120883;90
29.4334;0.000866892;90
42.0573;0.00133607;90
50.7321;0.00150091;90
57.8815;0.00155735;90
54.2707;0.00128605;90
27.6221;0.00111509;90
70.0403;0.00167565;90
74.2363;0.00203556;90
65.6397;0.00181345;90
61.8422;0.00173765;90
75.8911;0.00191167;90
77.6117;0.00216747;90
79.142;0.00196416;90
-101.665;0.00205749;90
-104.586;0.00181862;90
-101.659;0.00154385;90
-103.797;0.00174433;90
-133.997;0.00080764;90
-84.3155;0.00131245;90
-66.9474;0.000875948;90
-76.1574;0.000861006;90
-73.0049;0.00140956;90
-75.3185;0.00155063;90
-94.8616;0.00126254;90
-122.781;0.000908713;90
-100.048;0.00159344;90
-100.47;0.00180505;90
-72.4653;0.00156995;90
-68.0917;0.00149281;90
-89.1159;0.00194423;90
-92.7195;0.0016018;90
-97.2057;0.00167422;90
-108.965;0.00194773;90
-108.273;0.00189769;90
-105.55;0.00165249;90
-146.922;0.000883133;90
171.26;0.000691024;90
138.219;0.000679896;90
-152.414;0.000602492;90
-85.5983;0.00148538;90
-85.215;0.00178623;90
-76.7387;0.00157808;90
-55.1336;0.00112129;90
-71.0884;0.00201476;90
-74.6632;0.0020303;90
-89.4291;0.0020071;90
-74.232;0.0015971;90
-66.2571;0.00127163;90
-79.5807;0.00138789;90
-76.3793;0.00160514;90
-63.3637;0.00143869;90
-32.6682;0.00118198;90
-27.8053;0.000971128;90
-58.4232;0.00134634;90
-36.8699;0.001155;90
-65.8384;0.00146099;90
-65.1119;0.00145183;90
-60.269;0.00153046;90
-64.9618;0.00194696;90
-63.1527;0.00217885;90
-61.0213;0.00234682;90
-62.6184;0.00232217;90
-72.7064;0.00180981;90
-76.57;0.00155862;90
-55.5337;0.00118744;90
-55.9943;0.00130883;90
-16.2823;0.00093448;90
-41.3211;0.00167505;90
35.5012;0.00109691;90
-40.6982;0.000961546;90
-57.469;0.00102835;90
-44.3161;0.00106639;90
-46.0714;0.000642872;90
-68.5433;0.00148169;90
-82.2715;0.00217879;90
-83.2517;0.00156585;90
-78.0524;0.0012511;90
-74.5182;0.00188437;90
-84.1816;0.00132181;90
-70.603;0.000885246;90
-75.0225;0.00112212;90
-68.1212;0.0012371;90
-48.775;0.000966591;90
-55.1792;0.0010963;90
-59.758;0.00114364;90
-75.9145;0.00140938;90
-86.7571;0.00100761;90
-115.769;0.0012881;90
-122.088;0.00132903;90
-120.428;0.00155985;90
-106.163;0.00173872;90
-104.558;0.00183801;90
-97.0422;0.00214518;90
-93.2423;0.00208634;90
-94.9213;0.00169023;90
-87.6728;0.00150224;90
-86.9192;0.00163737;90
-69.2821;0.00132573;90
-68.1913;0.00146699;90
-68.0874;0.00133979;90
-76.6418;0.00170102;90
-65.1953;0.00135391;90
-85.5887;0.00174216;90
-104.835;0.00187862;90
-73.3248;0.00114307;90
-71.7895;0.00104957;90
-79.2223;0.0012246;90
-88.516;0.00193065;90
-90.7934;0.00411639;90
-82.0953;0.00255225;90
-89.3966;0.00208912;90
-82.3582;0.00200783;90
-80.5718;0.00137964;90
-77.4635;0.00161244;90
-92.0986;0.00226652;90
-99.3555;0.00211615;90
-94.5624;0.00158402;90
-92.2588;0.00172534;90
-88.1127;0.00148781;90
-86.1441;0.0013681;90
-83.062;0.00148185;90
-88.4057;0.00150958;90
-77.933;0.00158809;90
-81.5822;0.00205615;90
-79.8465;0.00216694;90
-81.8217;0.0018488;90
-84.1202;0.00141545;90
-106.333;0.00212996;90
-95.2759;0.00178356;90
-91.7289;0.00152469;90
-99.0251;0.00170207;90
-97.2171;0.00154423;90
-85.297;0.00125623;90
-85.1082;0.00133687;90
-80.8173;0.00107781;90
-82.746;0.00126714;90
-73.9114;0.000934604;90
-78.2804;0.00172802;90
-94.7935;0.000957348;90
-74.3514;0.00103434;90
-82.6262;0.00145705;90
-81.3154;0.00176827;90
-84.3434;0.00158271;90
-84.8008;0.00109249;90
-88.0233;0.00110166;90
-84.4565;0.00150102;90
-92.8601;0.00122252;90
-78.3043;0.0012234;90
-90.273;0.00146902;90
-86.5232;0.00100585;90
-83.1687;0.000992043;90
-84.9035;0.00180112;90
-94.6739;0.00116588;90
-93.8862;0.00163777;90
164.905;0.000564477;90
148.02;0.000715605;90
140.487;0.000702548;90
158.344;0.000512149;90
-134.906;0.000859843;90
-111.338;0.000849213;90
-125.237;0.00159285;90
-127.503;0.000959259;90
-140.309;0.00083301;90
-124.099;0.000972137;90
-115.829;0.00160205;90
-125.763;0.000973582;90
-125.405;0.00070423;90
-146.402;0.00068672;90
-142.355;0.00087268;90
-176.271;0.000584237;90
-132.827;0.000932637;90
-137.088;0.000640357;90
-112.552;0.00116292;90
-96.7173;0.00179532;90
-104.837;0.000937249;90
-116.024;0.00137435;90
-124.635;0.00095893;90
-158.107;0.00127926;90
-99.2325;0.00106581;90
-148.871;0.00071378;90
-146.645;0.00061656;90
-138.177;0.000880287;90
-132.036;0.0012306;90
-143.746;0.00135788;90
-104.206;0.00172371;90
-94.3912;0.00175014;90
-95.5342;0.00109912;90
-94.8786;0.00103475;90
-94.0767;0.000914313;90
-98.705;0.00105718;90
-98.2072;0.00136599;90
-91.8533;0.00129868;90
-84.3852;0.00101185;90
-34.1509;0.00251703;90
-58.9589;0.00228642;90
-87.0152;0.00161319;90
-100.77;0.00126834;90
-98.6978;0.0017127;90
-84.1737;0.00128062;90
-66.4834;0.00139594;90
-80.5874;0.00132686;90
-88.0475;0.00123272;90
-67.3931;0.00136054;90
-71.429;0.000932558;90
-58.1019;0.00073617;90
-58.2039;0.000696529;90
-73.2568;0.00174602;90
-59.0445;0.00118591;90
-79.3968;0.00149452;90
-80.2176;0.00132425;90
-89.0837;0.00118815;90
-73.494;0.00124949;90
-77.1257;0.00214082;90
-87.5734;0.00170052;90
-94.4039;0.00337296;90
-97.3247;0.000925553;90
-93.3536;0.00235904;90
-84.3749;0.00186699;90
-86.291;0.00177772;90
-71.325;0.00181137;90
-83.0258;0.00235543;90
-88.6688;0.00129135;90
-97.7282;0.00090724;90
-97.8141;0.00094881;90
-97.5606;0.00122364;90
-93.4946;0.0011812;90
-92.2926;0.00114992;90
-87.9388;0.00116776;90
-102.645;0.00128824;90
-92.7895;0.00172605;90
-66.1792;0.00176539;90
-71.6702;0.00241345;90
-88.9314;0.00166229;90
-102.698;0.00154683;90
-106.626;0.00165311;90
-106.967;0.00155572;90
-80.8886;0.00193238;90
-75.7151;0.00134148;90
-123.79;0.00159671;90
-117.54;0.00099922;90
-122.236;0.000764901;90
-132.715;0.00117049;90
-154.357;0.000972816;90
176.14;0.000921089;90
156.882;0.000937266;90
128.336;0.00124301;90
133.145;0.00107041;90
135.914;0.00115273;90
134.584;0.00126646;90
123.817;0.00137816;90
113.43;0.00165986;90
112.969;0.00173996;90
125.214;0.00150183;90
131.759;0.00136336;90
121.782;0.00144108;90
123.586;0.000764655;90
110.072;0.00213573;90
110.601;0.00165695;90
114.438;0.00161466;90
108.658;0.00170353;90
109.967;0.00180979;90
105.938;0.00211219;90
125.566;0.00139776;90
129.065;0.0013678;90
150.111;0.00103346;90
144.884;0.000947444;90
133.063;0.000669306;90
114.465;0.00158644;90
100.848;0.00206694;90
99.3271;0.00194978;90
96.5591;0.00210981;90
104.371;0.00224422;90
102.544;0.00240337;90
105.835;0.00220986;90
120.118;0.00199886;90
128.14;0.00111887;90
124.426;0.000755287;90
123.539;0.00158007;90
106.66;0.00210329;90
95.8348;0.00247884;90
89.8904;0.002091;90
86.0126;0.00224343;90
80.6982;0.00205401;90
75.1455;0.00191914;90
65.4248;0.00166151;90
58.8119;0.00166458;90
57.7842;0.0017895;90
56.5016;0.00174121;90
70.7407;0.00202217;90
79.7015;0.00241084;90
90.7489;0.0022952;90
92.8681;0.00251815;90
92.9899;0.00262658;90
92.6804;0.0023736;90
91.6763;0.00222195;90
83.2979;0.00258768;90
82.515;0.00207266;90
83.8126;0.00223603;90
90.406;0.00211705;90
81.4073;0.00224217;90
82.8786;0.001944;90
89.8261;0.00230601;90
90.1002;0.002287;90
85.876;0.00212751;90
84.0218;0.00223717;90
87.533;0.00220705;90
94.026;0.00212224;90
94.7769;0.00214947;90
87.4552;0.00256753;90
95.4957;0.00230761;90
101.975;0.00213036;90
110.138;0.00182987;90
114.066;0.00168223;90
114.096;0.00186885;90
119.483;0.00171281;90
114.292;0.00183771;90
103.785;0.00204799;90
105.97;0.00195547;90
105.463;0.00220169;90
113.108;0.00200269;90
133.954;0.00151134;90
128.584;0.00165794;90
118.259;0.00186077;90
116.167;0.0018685;90
110.502;0.00198151;90
111.31;0.00203622;90
122.073;0.00170999;90
126.254;0.00158109;90
123.66;0.00161113;90
107.256;0.00202935;90
106.473;0.00193961;90
107.402;0.00191254;90
104.865;0.00155918;90
108.084;0.00180728;90
106.727;0.00217503;90
108.604;0.00203114;90
126.228;0.00167851;90
122.654;0.00173289;90
125.248;0.00151961;90
105.85;0.00196989;90
102.874;0.00210491;90
105.205;0.00170053;90
105.294;0.00182358;90
100.992;0.0020822;90
99.2674;0.00222302;90
95.0349;0.00243841;90
91.6508;0.00253405;90
92.9134;0.0022429;90
89.3971;0.00256614;90
88.712;0.00204652;90
85.1808;0.00171406;90
77.9758;0.00187207;90
72.3295;0.00170652;90
69.1236;0.00186332;90
73.4833;0.0021351;90
81.0341;0.00220089;90
88.3054;0.00219796;90
87.7658;0.00243685;90
92.8399;0.00215965;90
95.9;0.00225696;90
101.241;0.00213394;90
103.273;0.00172919;90
89.5687;0.00159405;90
88.3672;0.0017197;90
99.4278;0.00191081;90
101.865;0.0019844;90
99.6902;0.00190112;90
97.8679;0.00200891;90
99.8808;0.00195804;90
158.546;0.000978818;90
-168.106;0.000538563;90
131.48;0.000898306;90
133.853;0.00109553;90
105.088;0.00159809;90
-177.464;0.000858841;90
-120.157;0.00191291;90
-129.979;0.00185834;90
-105.735;0.00205397;90
-125.026;0.00123704;90
-158.997;0.000959767;90
-167.286;0.00100873;90
-129.987;0.00129472;90
-151.737;0.00102636;90
162.152;0.00114196;90
-171.896;0.000936351;90
-170.962;0.000865749;90
-173.106;0.000983107;90
175.716;0.00107099;90
-167.34;0.00123195;90
-167.652;0.00123456;90
-152.079;0.00124718;90
-119.344;0.00154067;90
-159.726;0.00109376;90
-178.8;0.00105023;90
176.93;0.00100845;90
-175.791;0.00106287;90
169.192;0.00102926;90
135.475;0.00110807;90
112.514;0.00128493;90
-160.715;0.000532902;90
-157.439;0.000896616;90
-142.949;0.000951005;90
-110.206;0.00151419;90
-105.223;0.00174421;90
-134.007;0.00102051;90
-141.174;0.000808671;90
-171.307;0.000489624;90
-124.736;0.000789747;90
-134.347;0.000868384;90
157.297;0.000743616;90
161.318;0.000733655;90
-161.986;0.00111884;90
-166.651;0.00103085;90
143.75;0.000776245;90
157.273;0.000574616;90
146.697;0.000739432;90
170.437;0.000746373;90
174.466;0.00080877;90
-155.564;0.000565669;90
124.267;0.000854282;90
93.4361;0.0018353;90
94.2753;0.000925575;90
93.3223;0.000914537;90
100.071;0.00100651;90
114.837;0.000845171;90
109.98;0.001595;90
110.419;0.0012239;90
103.675;0.00150157;90
105.055;0.00190954;90
85.8874;0.00181267;90
81.7814;0.00210563;90
82.0246;0.00214777;90
93.914;0.00202172;90
102.331;0.00206975;90
125.758;0.000999388;90
108.173;0.00103882;90
89.2492;0.00175515;90
84.8789;0.00226303;90
96.02;0.00272704;90
110.286;0.0020363;90
100.857;0.00198554;90
130.931;0.0010364;90
143.722;0.000638834;90
153.036;0.00115563;90
125.489;0.000821639;90
126.304;0.000972847;90
131.914;0.000866756;90
112.339;0.00128655;90
125.925;0.00127317;90
169.561;0.00107072;90
156.179;0.000700693;90
166.337;0.000707006;90
138.702;0.000766689;90
171.708;0.000651814;90
-109.941;0.000938256;90
-129.057;0.000901457;90
144.588;0.000950908;90
165.638;0.000512001;90
-173.472;0.000844474;90
164.722;0.000861446;90
113.213;0.00156793;90
95.4713;0.0014054;90
94.9552;0.00136611;90
74.8537;0.00194041;90
81.3499;0.00149602;90
71.5227;0.00085508;90
69.1455;0.000943833;90
81.9156;0.00194836;90
96.5324;0.00194261;90
105.957;0.00137498;90
100.282;0.00136695;90
113.368;0.00169176;90
116.844;0.00147046;90
139.979;0.000985891;90
95.0625;0.00125791;90
14.9895;0.000889259;90
50.5891;0.00139397;90
90.2594;0.00176702;90
80.3395;0.00209166;90
80.7428;0.00225031;90
68.4365;0.00205696;90
72.2414;0.00203602;90
90;0.002084;90
83.8274;0.00188795;90
92.4249;0.00207986;90
97.1101;0.00237527;90
87.2671;0.00247481;90
106.751;0.00149545;90
156.138;0.000521584;90
150.12;0.00089727;90
143.428;0.00123022;90
118.838;0.00100344;90
132.786;0.0021965;90
145.672;0.0013211;90
132.655;0.00124414;90
134.383;0.00131388;90
150.532;0.00113022;90
139.884;0.00108795;90
112.691;0.00148277;90
126.882;0.0009664;90
179.438;0.000713034;90
129.294;0.000832145;90
154.248;0.00100812;90
97.9909;0.00186309;90
98.3961;0.00237647;90
94.9256;0.00191005;90
87.1885;0.00163096;90
89.041;0.00161323;90
74.9653;0.00132226;90
83.771;0.00164974;90
99.4392;0.00162804;90
104.849;0.00183012;90
107.369;0.00159786;90
98.4053;0.00135455;90
135;0.00126855;90
137.975;0.0013354;90
127.034;0.00181641;90
128.01;0.00167913;90
131.716;0.00144416;90
137.321;0.00139697;90
129.934;0.00165757;90
133.195;0.0015939;90
129.146;0.00117853;90
115.76;0.00171881;90
117.463;0.00185393;90
122.231;0.00193875;90
123.58;0.00187489;90
129.965;0.00156308;90
166.675;0.00101533;90
-110.034;0.00125813;90
-92.9786;0.00211686;90
-94.9286;0.00204857;90
-96.0928;0.00179011;90
-92.3795;0.00146927;90
-98.9676;0.00118043;90
-99.9609;0.00105795;90
-108.316;0.00106601;90
-103.62;0.00113388;90
-94.2527;0.00129456;90
-99.4403;0.00128034;90
-90;0.00129;90
-84.6123;0.00134193;90
-91.9946;0.00140785;90
-110.126;0.0012642;90
-97.1486;0.00180805;90
-95.3031;0.00186097;90
-89.3305;0.00162611;90
-83.8029;0.00194537;90
-82.7669;0.00236684;90
-92.546;0.00216113;90
-104.726;0.00211652;90
-101.547;0.00175349;90
-127.953;0.000899161;90
-133.61;0.00107866;90
-160.294;0.00074142;90
172.401;0.00088477;90
129.806;0.00133555;90
112.24;0.0015298;90
91.7432;0.00253117;90
90.4155;0.00262007;90
95.5382;0.00241427;90
91.063;0.00204835;90
50.5011;0.00167436;90
67.1479;0.0019544;90
66.4681;0.00198617;90
70.7145;0.00178941;90
81.8226;0.00222866;90
82.5097;0.00214026;90
89.4445;0.00226911;90
84.2268;0.00227655;90
92.762;0.00213748;90
92.6075;0.00208816;90
100.377;0.00192651;90
104.801;0.0019259;90
109.824;0.00163063;90
112.728;0.00175746;90
115.941;0.00139673;90
117.075;0.00155771;90
121.988;0.00139125;90
103.312;0.00118997;90
173.044;0.00984245;90
-103.344;0.0016855;90
-119.673;0.00138572;90
-125.517;0.00163526;90
-111.842;0.00131435;90
-105.487;0.00125455;90
-90.1944;0.00117901;90
-98.1251;0.00162026;90
-96.6474;0.00230651;90
-103.909;0.00207999;90
-92.3712;0.0021028;90
-91.3535;0.00131237;90
-88.1576;0.00143074;90
-79.9443;0.0018098;90
-10.8318;0.00056405;90
-37.4701;0.000744641;90
-39.3292;0.00212536;90
-23.3076;0.000897218;90
-35.6695;0.000859189;90
-35.3774;0.00070644;90
-44.3306;0.00102891;90
-58.6582;0.00129964;90
-46.8198;0.000846126;90
136.834;0.000972063;90
118.07;0.00137924;90
132.362;0.00118283;90
148.869;0.00105609;90
169.287;0.000489532;90
-33.7607;0.000899724;90
-39.2796;0.000822928;90
-35.6486;0.000600536;90
-55.7131;0.00109171;90
-58.6387;0.000914624;90
-34.7585;0.000743705;90
125.66;0.00200865;90
130.188;0.00124749;90
129.929;0.000951956;90
162.229;0.000900993;90
177.199;0.000511611;90
146.227;0.000573838;90
-31.3858;0.000558758;90
-15.8801;0.000844219;90
-38.695;0.00101732;90
-51.7762;0.000677189;90
-46.1542;0.000772317;90
-51.5479;0.00168044;90
-44.9378;0.000651246;90
129.135;0.00161927;90
126.908;0.001512;90
134.779;0.00128341;90
155.67;0.000791276;90
-38.5869;0.00257656;90
-55.3699;0.000946723;90
-49.1685;0.00107978;90
130.855;0.00218147;90
133.915;0.00104529;90
142.794;0.000818614;90
-43.7404;0.00241252;90
-50.9092;0.000913486;90
-55.51;0.00111256;90
121.237;0.000971894;90
130.025;0.00123928;90
131.159;0.00118211;90
140.582;0.000908699;90
154.606;0.000743872;90
-37.5188;0.00252536;90
-51.861;0.000704373;90
-56.2199;0.0012356;90
131.843;0.000680562;90
121.137;0.00135759;90
139.21;0.00108835;90
147.196;0.000753096;90
162.427;0.000672376;90
137.25;0.00111668;90
130.581;0.00122056;90
147.009;0.000954987;90
146.059;0.00107641;90
97.8184;0.00145553;90
92.0223;0.00150194;90
89.8552;0.001187;90
93.3851;0.00108389;90
85.266;0.00128438;90
71.3957;0.00171143;90
81.4457;0.00120339;90
79.7098;0.00104684;90
84.4436;0.00114639;90
85.9021;0.0026588;90
62.0674;0.00168648;90
56.0844;0.00183163;90
68.3068;0.00206419;90
74.4786;0.00111361;90
52.7598;0.00102122;90
58.0433;0.00124698;90
30.3638;0.00111377;90
-5.22654;0.0011307;90
-16.2102;0.00109972;90
-33.3407;0.00122813;90
-30.026;0.00116309;90
-22.1824;0.000977336;90
-32.9648;0.000854584;90
-45.4921;0.00115263;90
-48.4074;0.00104695;90
77.2108;0.0122694;90
16.7724;0.00247426;90
-41.0588;0.00241766;90
-69.2403;0.00161377;90
-66.3151;0.0029549;90
-3.09555;0.00207403;90
26.3414;0.00148968;90
6.40124;0.00186563;90
-11.6945;0.00227931;90
-29.466;0.00262448;90
-29.0483;0.00265268;90
-29.9921;0.00146635;90
-18.7369;0.00108025;90
25.2315;0.00220983;90
50.5972;0.00295068;90
13.1467;0.00146849;90
90.6894;0.00249318;90
118.673;0.00175068;90
143.923;0.00135853;90
-146.752;0.00061102;90
-33.8014;0.00271249;90
-82.1623;0.00288192;90
-65.9262;0.00266478;90
-57.3341;0.00223441;90
47.7581;0.00254217;90
73.0511;0.00378019;90
88.7885;0.00558125;90
104.685;0.00499413;90
103.235;0.00551653;90
105.305;0.00556537;90
110.948;0.00503476;90
126.692;0.00372882;90
149.619;0.00172022;90
142.1;0.00221396;90
148.549;0.00261991;90
143.914;0.00245503;90
147.33;0.00157282;90
131.056;0.0023234;90
116.236;0.0035809;90
106.811;0.00333659;90
-135.527;0.000999184;90
104.426;0.00206718;90
97.4812;0.00193548;90
133.268;0.00126347;90
-55.178;0.00165666;90
-82.8554;0.00217892;90
-88.4709;0.00243587;90
-91.3098;0.00166243;90
-68.7753;0.00252744;90
-65.3902;0.00237251;90
-107.212;0.00177761;90
-111.594;0.00250802;90
-123.145;0.00227521;90
-138.477;0.00137573;90
-166.532;0.000635475;90
-75.1839;0.00265528;90
-84.0187;0.00227438;90
-107.971;0.00148442;90
-87.5233;0.00715068;90
-93.0764;0.00113664;90
-102.529;0.00188079;90
-105.499;0.00255595;90
-102.27;0.00249397;90
-106.731;0.00348764;90
-111.697;0.0014228;90
132.198;0.00274827;90
-164.506;0.00254551;90
-121.915;0.0024893;90
-110.825;0.00361731;90
-93.0109;0.00319842;90
-73.2657;0.00156633;90
-97.2963;0.00153543;90
88.0613;0.00969555;90
-157.566;0.00307902;90
-162.277;0.00343608;90
-159.686;0.00381955;90
-116.654;0.00607004;90
-133.312;0.00408178;90
-136.849;0.00526078;90
-127.614;0.00531345;90
-128.682;0.00533927;90
-131.209;0.00522919;90
-130.355;0.00517818;90
-128.297;0.00537967;90
-131.27;0.00476043;90
-130.37;0.00530009;90
-123.786;0.00515206;90
-128.886;0.00487282;90
-134.92;0.00457004;90
-137.555;0.00460077;90
-120.298;0.00531613;90
-135.549;0.00420536;90
-167.242;0.00335995;90
-179.926;0.003868;90
-173.211;0.0064462;90
-149.549;0.00176205;90
-133.552;0.00358193;90
-116.983;0.00582511;90
-114.745;0.0046037;90
-112.097;0.0078474;90
-114.184;0.00628565;90
-120.418;0.0118072;90
-123.338;0.00207434;90
-124.723;0.00249295;90
-120.153;0.00580907;90
-109.61;0.00704672;90
-103.675;0.00685638;90
-97.4758;0.00700958;90
-99.9756;0.0129021;90
-100.626;0.00374726;90
-106.368;0.00441077;90
-106.427;0.00564022;90
-103.447;0.00549566;90
-102.914;0.00537392;90
-101.074;0.00328007;90
-109.349;0.00257758;90
-111.375;0.0039894;90
-108.743;0.00558941;90
-88.727;0.00135033;90
-68.2745;0.00280419;90
-63.9296;0.00352239;90
-63.4633;0.00362154;90
-63.1487;0.00268555;90
-90.4601;0.00186806;90
-118.918;0.00126355;90
-140.387;0.000647742;90
-91.354;0.00275077;90
65.0293;0.00284493;90
93.3503;0.00313135;90
111.97;0.00398541;90
117.734;0.00416443;90
113.709;0.00446919;90
93.8604;0.00288154;90
64.7989;0.00326916;90
69.4249;0.00458122;90
74.3459;0.00186414;90
73.0173;0.00280742;90
76.633;0.00490077;90
77.1067;0.00576331;90
74.6932;0.00602679;90
73.8387;0.00623333;90
76.8035;0.00655305;90
81.0474;0.0068373;90
84.1295;0.00716658;90
78.7319;0.00751282;90
69.2775;0.011686;90
60.5171;0.00276737;90
52.791;0.00530489;90
59.0184;0.00549962;90
62.3843;0.0061462;90
65.5212;0.00625306;90
66.7348;0.00620778;90
67.024;0.00605104;90
65.1252;0.00550357;90
47.2283;0.00483744;90
20.5668;0.00373186;90
-2.49872;0.0032571;90
7.02507;0.00398189;90
14.0402;0.00349542;90
33.772;0.00387847;90
57.3994;0.00506144;90
46.8044;0.00446901;90
44.087;0.00461516;90
48.2483;0.0046298;90
56.1268;0.0051188;90
55.7875;0.00471487;90
53.226;0.00501621;90
47.2856;0.0045213;90
44.068;0.00386909;90
50.1565;0.00541289;90
49.4154;0.00484959;90
51.6867;0.00511322;90
52.7317;0.00523493;90
38.7456;0.00406958;90
44.9102;0.00406092;90
65.7997;0.00494234;90
40.2422;0.00342713;90
15.9613;0.00296012;90
14.5002;0.00263596;90
24.8146;0.00263532;90
42.1801;0.00152354;90
-105.163;0.00240472;90
-106.086;0.00352606;90
-85.8432;0.00257979;90
-81.6819;0.00163823;90
-100.315;0.00100525;90
121.676;0.0116376;90
134.862;0.0011738;90
131.863;0.00281709;90
94.5496;0.00553444;90
-71.2722;0.00989806;90
-76.3568;0.00208586;90
17.3992;0.00530053;90
-24.0093;0.000621798;90
-88.1641;0.00692956;90
100.563;0.00765879;90
-158.809;0.00259765;90
-170.778;0.00349417;90
-143.273;0.00393141;90
-112.926;0.00560146;90
-138.502;0.00372776;90
-139.773;0.00431701;90
-125.52;0.00487275;90
-129.855;0.00533824;90
-129.268;0.00494193;90
-129.796;0.00511367;90
-128.836;0.00472178;90
-130.585;0.00453753;90
-134.812;0.00430348;90
-126.222;0.00459629;90
-121.416;0.00510893;90
-134.085;0.0049129;90
-136.71;0.00454872;90
-128.83;0.00451984;90
-121.544;0.00516289;90
-144.981;0.00398188;90
-169.441;0.00302319;90
-177.514;0.00361941;90
176.426;0.00457189;90
-151.631;0.00390611;90
-130.309;0.00463435;90
-117.981;0.00456118;90
-112.216;0.00777842;90
-112.878;0.0069193;90
-117.675;0.00611903;90
-114.389;0.00582916;90
-124.589;0.00560344;90
-124.698;0.00523496;90
-114.345;0.00722658;90
-106.463;0.00726901;90
-98.3997;0.00715374;90
-99.1274;0.0076215;90
-96.7287;0.00693879;90
-105.366;0.00714023;90
-104.894;0.0063959;90
-107.243;0.00611274;90
-102.527;0.00550504;90
-102.225;0.00358428;90
-105.429;0.00262356;90
-115.769;0.00241295;90
-119.037;0.00347361;90
-97.4252;0.00395416;90
-74.8006;0.00360822;90
-63.6757;0.00425751;90
-67.5488;0.00394609;90
-62.8857;0.00284575;90
-37.6736;0.000698669;90
-103.831;0.00304942;90
-113.007;0.00275299;90
-122.077;0.00349683;90
-118.919;0.00323429;90
-120.783;0.00277263;90
-130.209;0.000999097;90
-131.564;0.00914306;90
-134.478;0.00170844;90
-128.92;0.00450628;90
-109.377;0.0113234;90
-108.853;0.00259946;90
-111.566;0.00284302;90
-119.931;0.00611681;90
-137.591;0.0044112;90
-138.583;0.0209118;90
-106.39;0.00189604;90
-112.34;0.00250718;90
-116.169;0.00239667;90
-108.855;0.00698692;90
69.7688;0.0107343;90
68.8832;0.00534599;90
56.6841;0.00518157;90
46.2159;0.00516516;90
25.4298;0.0043339;90
21.8452;0.00461973;90
43.7734;0.00469061;90
58.0274;0.00500648;90
68.9358;0.00554235;90
72.9875;0.00555404;90
69.3875;0.0054595;90
56.003;0.00440133;90
47.996;0.00405868;90
48.3824;0.0035835;90
46.8405;0.00295016;90
48.0692;0.00105652;90
51.2497;0.00227342;90
64.1875;0.0027582;90
94.592;0.00266054;90
101.29;0.00171621;90
64.3338;0.00131139;90
84.6733;0.00152961;90
65.1973;0.00159955;90
10.2469;0.000972511;90
-19.3817;0.000708131;90
97.0799;0.00881924;90
115.204;0.00389812;90
109.587;0.00328722;90
82.8126;0.00091116;90
72.8255;0.00205566;90
69.3193;0.0029052;90
71.7986;0.001319;90
68.2262;0.000771007;90
68.4742;0.00092663;90
74.3005;0.00188845;90
74.1872;0.00172113;90
73.2347;0.00332117;90
75.9587;0.00550241;90
76.9504;0.00585932;90
73.7891;0.00702428;90
75.4742;0.00763506;90
80.6668;0.0080222;90
83.1319;0.00791077;90
79.0234;0.00765199;90
72.4798;0.00647749;90
65.2733;0.00627316;90
56.0166;0.00509166;90
54.8701;0.00521;90
60.603;0.00572059;90
64.6965;0.00625625;90
66.1171;0.00665154;90
66.9713;0.00655432;90
66.8476;0.00585995;90
51.9369;0.00512871;90
28.8729;0.00379814;90
2.53247;0.00371162;90
-1.87898;0.00341584;90
16.7237;0.00291218;90
19.3878;0.00395529;90
53.0033;0.00488061;90
53.6209;0.00504279;90
42.7798;0.00441708;90
45.3981;0.00458004;90
55.3041;0.00499279;90
56.0921;0.00525222;90
54.0518;0.00532149;90
46.019;0.00449296;90
46.5906;0.00433058;90
49.8023;0.00495796;90
49.6644;0.00505204;90
51.8942;0.00500716;90
50.8935;0.00460711;90
45.3259;0.00422715;90
37.6066;0.00385752;90
64.9325;0.00533887;90
47.9504;0.00409392;90
14.8946;0.00320571;90
12.0613;0.00323031;90
23.6592;0.0025318;90
35.5114;0.00101228;90
-113.274;0.00290542;90
-100.775;0.00369617;90
-69.2662;0.00211284;90
-98.9456;0.00220583;90
81.4652;0.00979042;90
84.6277;0.00183707;90
29.0438;0.00103403;90
36.2222;0.00116767;90
8.07023;0.000947382;90
-17.7193;0.000860839;90
-38.9528;0.00122161;90
-23.6625;0.000891994;90
9.65232;0.000793229;90
81.6673;0.00175958;90
77.3302;0.00198329;90
74.9599;0.00142584;90
74.9766;0.00160485;90
-33.1588;0.000747768;90
-43.1928;0.00109868;90
-49.6788;0.00130897;90
-51.059;0.000890982;90
-47.0089;0.0010691;90
-63.4931;0.000880564;90
73.7711;0.00241524;90
77.6871;0.00146776;90
73.2822;0.00206843;90
72.5351;0.00123283;90
76.6583;0.00162074;90
72.3375;0.00140734;90
74.8004;0.0012663;90
45.7409;0.00065625;90
81.3551;0.00129066;90
101.666;0.00116711;90
73.5371;0.00127737;90
71.2814;0.00102206;90
55.5237;0.0013744;90
70.0637;0.000941417;90
61.8944;0.000914883;90
59.6234;0.000686202;90
39.922;0.000567205;90
51.5542;0.000669053;90
50.2999;0.00159995;90
64.4577;0.00165361;90
70.5579;0.00154723;90
67.2087;0.00131139;90
32.4866;0.000858311;90
50.1804;0.00104939;90
91.5018;0.00160255;90
82.4136;0.00138613;90
83.9003;0.0012893;90
-7.87928;0.000678405;90
-22.9946;0.000811479;90
53.0135;0.000786202;90
21.062;0.000503648;90
32.5059;0.000885768;90
62.0239;0.000944354;90
63.7241;0.00150668;90
48.0956;0.000720178;90
21.6573;0.000590699;90
18.4916;0.000640045;90
24.6855;0.000490857;90
73.7622;0.0010228;90
81.4397;0.00105475;90
80.0168;0.00133826;90
73.3237;0.000958305;90
78.1966;0.00166215;90
74.339;0.0014114;90
72.5379;0.00135966;90
70.5133;0.00136096;90
-18.9847;0.000593271;90
-43.6888;0.000896139;90
0.154644;0.000741003;90
-45.4921;0.000576313;90
-50.6224;0.000685657;90
20.7784;0.000603235;90
-29.5357;0.000543648;90
53.5781;0.00122784;90
19.0968;0.000629651;90
65.9494;0.00138636;90
54.9248;0.000676932;90
58.2196;0.000998738;90
48.8017;0.000874494;90
7.63217;0.000504469;90
71.7586;0.00121717;90
82.413;0.00196924;90
57.0344;0.00103099;90
23.6393;0.00099008;90
67.2827;0.00212593;90
91.9925;0.00112168;90
119.364;0.00102579;90
120.036;0.0011967;90
148.422;0.000752407;90
117.791;0.000982306;90
171.747;0.00105189;90
-123.022;0.00130835;90
157.395;0.000582769;90
117.433;0.000737987;90
129.274;0.00128273;90
92.5403;0.00112811;90
77.417;0.00126232;90
161.612;0.000779818;90
-70.5773;0.00128408;90
-85.8388;0.00194312;90
-101.911;0.00160863;90
-98.2721;0.00108428;90
-95.0392;0.00157107;90
-87.5354;0.00239522;90
-104.415;0.00205262;90
-103.686;0.0016272;90
-81.5585;0.0015872;90
-138.945;0.000657754;90
143.144;0.0008536;90
-56.5968;0.000664817;90
-85.5028;0.0010713;90
-126.927;0.0014098;90
-87.2278;0.00190223;90
-55.4316;0.000886515;90
14.3568;0.000520247;90
86.9552;0.00178852;90
58.6812;0.00107926;90
51.8203;0.00171485;90
56.3824;0.00109637;90
13.3456;0.000905451;90
55.1054;0.00125334;90
78.6189;0.000947634;90
119.281;0.00134942;90
-20.1139;0.000561229;90
-14.0933;0.000731003;90
70.2081;0.00122857;90
59.7321;0.000720176;90
50.6087;0.000672851;90
50.1326;0.00165987;90
71.7817;0.00175603;90
120.697;0.00150835;90
132.874;0.00114347;90
121.139;0.000841204;90
142.848;0.000569607;90
153.804;0.000901601;90
-133.99;0.00156507;90
-105.181;0.00101958;90
-83.2254;0.00103422;90
-76.8035;0.00178719;90
-73.3351;0.00159708;90
-93.2809;0.000943547;90
-81.27;0.00108052;90
-31.4266;0.000912917;90
-78.1141;0.00107301;90
-19.9927;0.000511846;90
-92.4309;0.00127315;90
-93.9652;0.000983354;90
-103.168;0.00140905;90
-170.695;0.0008968;90
115.489;0.000975992;90
-129.798;0.00102954;90
-147.894;0.000842912;90
-129.369;0.00075672;90
-102.646;0.00158956;90
-127.622;0.000974684;90
-64.6239;0.00118537;90
-137.185;0.00200257;90
143.484;0.000939418;90
144.765;0.000967194;90
128.504;0.00190017;90
110.704;0.000862713;90
155.733;0.0010706;90
109.164;0.00106925;90
53.5464;0.00077082;90
34.9774;0.00064195;90
67.2431;0.000868618;90
80.3656;0.0013683;90
54.5974;0.000788859;90
-60.32;0.00109461;90
-62.1403;0.00134601;90
-87.7288;0.00105983;90
-86.8169;0.0009725;90
-83.694;0.00166608;90
-44.5961;0.000702174;90
76.4296;0.00146181;90
66.3591;0.00256856;90
79.0317;0.00101963;90
34.5869;0.000903717;90
14.8414;0.000655881;90
30.29;0.000860468;90
39.7615;0.000666048;90
73.6761;0.000935721;90
76.3133;0.00127212;90
-132.48;0.00104541;90
120.909;0.000720294;90
33.3065;0.000662882;90
-16.4581;0.000660044;90
-64.7827;0.00169228;90
-63.3672;0.000756239;90
-91.1838;0.00183939;90
-164.269;0.00154175;90
-144.622;0.000753055;90
-133.809;0.00119032;90
-156.157;0.000583825;90
-106.463;0.00150677;90
-114.813;0.00127247;90
-100.208;0.00137679;90
-153.191;0.000944524;90
170.867;0.000629987;90
135.501;0.000727641;90
108.613;0.0014224;90
-137.891;0.000771021;90
110.525;0.00149169;90
84.2548;0.000988968;90
122.33;0.00084144;90
-118.093;0.00233171;90
-108.173;0.0011767;90
-102.756;0.00265861;90
-99.797;0.00253294;90
-133.667;0.00170176;90
-147.539;0.00127999;90
-117.658;0.00208753;90
-104.006;0.00136766;90
-88.7659;0.00176441;90
-100.734;0.00208855;90
-100.562;0.00231319;90
-168.573;0.00105491;90
143.47;0.00128182;90
172.349;0.000946425;90
143.338;0.000936206;90
-101.358;0.00139635;90
-110.875;0.00111413;90
-113.886;0.00121507;90
-120.964;0.00131196;90
-122.9;0.00102546;90
-119.625;0.0011895;90
-141.051;0.00101967;90
-119.553;0.00204162;90
-122.167;0.00116833;90
-110.963;0.00192865;90
-95.0623;0.00168859;90
-74.5308;0.00117351;90
-129.687;0.000931726;90
-110.862;0.00197124;90
-101.986;0.00224392;90
-105.731;0.00161551;90
-106.926;0.0015491;90
-108.186;0.00204095;90
-103.516;0.00184407;90
-103.316;0.00187131;90
-104.269;0.00137543;90
-109.241;0.00114707;90
-102.306;0.00159055;90
-105.326;0.000851273;90
-143.007;0.000746202;90
-156.858;0.000928731;90
-170.148;0.000917532;90
123.662;0.00111495;90
-99.4568;0.00171633;90
-107.122;0.000896741;90
-171.497;0.0012376;90
-147.115;0.000849052;90
-106.938;0.0014039;90
-103.47;0.00127507;90
-94.1433;0.00127333;90
-102.276;0.00112881;90
-110.04;0.000779175;90
-110.183;0.000808654;90
-102.145;0.00135943;90
-144.988;0.000949899;90
131.371;0.000871488;90
112.51;0.00100562;90
101.167;0.00157482;90
95.741;0.00224928;90
140.528;0.000968999;90
166.703;0.000639135;90
-117.184;0.000952173;90
-162.423;0.0189549;90
-130.026;0.0340815;90
-135.09;0.00180454;90
-124.457;0.00430902;90
-120.326;0.00496313;90
-132.057;0.00516515;90
-131.99;0.00480718;90
-127.561;0.00979311;90
-132.357;0.00194732;90
-173.615;0.002257;90
-174.457;0.0035717;90
175.397;0.0037511;90
-131.995;0.0190488;90
-115.024;0.00246101;90
-114.919;0.0149762;90
-119.56;0.00223375;90
-120.176;0.00406833;90
-107.271;0.0497994;90
-106.391;0.00422053;90
-104.976;0.00622648;90
-102.746;0.0139015;90
-114.597;0.00098982;90
-123.389;0.00115934;90
-105.446;0.00803521;90
-80.3663;0.00642967;90
-78.762;0.0140545;90
-120.367;0.00482846;90
-128.226;0.0160787;90
-134.223;0.00203453;90
-113.415;0.0225979;90
-117.415;0.00274306;90
-128.132;0.0384697;90
146.465;0.0120628;90
-77.5664;0.00124008;90
-70.6188;0.000919083;90
-74.7964;0.000976166;90
-64.6603;0.000836481;90
-93.4023;0.00347112;90
-110.024;0.000957906;90
-89.247;0.000913079;90
-86.8202;0.00109969;90
-82.7028;0.00119669;90
-66.9463;0.000934642;90
-15.8042;0.0127666;90
79.0606;0.0013648;90
80.5461;0.00111413;90
-99.3573;0.00107632;90
-100.144;0.00114693;90
-104.963;0.00118518;90
69.3268;0.000801616;90
83.1992;0.00103025;90
79.61;0.00162464;90
-99.409;0.00123562;90
-104.015;0.00130484;90
-100.892;0.000968447;90
92.5265;0.0175811;90
71.4321;0.00436206;90
67.4251;0.00451169;90
55.8869;0.00574685;90
39.6869;0.00445198;90
25.4627;0.0039286;90
20.6422;0.00404787;90
41.3892;0.00469319;90
56.2607;0.00580466;90
72.1181;0.00596307;90
72.2201;0.00799381;90
60.0626;0.0056487;90
48.4607;0.00424047;90
47.583;0.00376563;90
49.2685;0.00410412;90
52.5603;0.00187029;90
55.4271;0.00252002;90
71.2863;0.00182023;90
47.172;0.00223889;90
67.4347;0.00201962;90
64.1412;0.00145132;90
66.0813;0.00292521;90
88.6875;0.00283774;90
114.255;0.00403849;90
116.439;0.00448064;90
114.274;0.0039261;90
107.579;0.00144026;90
87.8912;0.0020654;90
59.195;0.000804503;90
66.1268;0.00293293;90
71.4109;0.00329068;90
67.5035;0.000857233;90
71.8856;0.00158243;90
73.457;0.00242331;90
76.5267;0.0052577;90
76.7263;0.00603215;90
74.9265;0.00633704;90
73.9684;0.00730718;90
78.0844;0.0079963;90
83.4517;0.00826895;90
80.1448;0.00882219;90
73.958;0.00741473;90
65.8361;0.00667158;90
55.6614;0.0055382;90
56.0609;0.00529633;90
60.7238;0.00547421;90
65.4845;0.00722757;90
64.3629;0.0052465;90
68.0339;0.00652573;90
67.233;0.00625864;90
51.7621;0.00538674;90
25.4847;0.00391381;90
-1.01928;0.0038226;90
8.06474;0.00347133;90
12.6027;0.00361613;90
31.2687;0.00422115;90
57.017;0.00564118;90
45.4522;0.00474837;90
44.5881;0.00462248;90
50.0502;0.00503647;90
56.0311;0.00529939;90
56.1503;0.00537507;90
49.2719;0.00514506;90
44.4151;0.00450238;90
49.6979;0.00517148;90
47.3038;0.00418663;90
52.1085;0.00606836;90
52.4414;0.00522498;90
47.8963;0.00435214;90
35.4343;0.00438278;90
65.3914;0.00636622;90
33.7967;0.00372676;90
13.3168;0.0033994;90
20.4854;0.00284597;90
28.8293;0.00217337;90
-18.603;0.000539171;90
-112.218;0.00288522;90
-100.788;0.00312014;90
-75.1414;0.00187572;90
-93.0401;0.00209295;90
-53.0304;0.00448461;90
-46.8587;0.00117725;90
46.0809;0.00123695;90
73.1089;0.00274649;90
77.4331;0.00261054;90
76.0988;0.00298441;90
-6.5447;0.00117566;90
73.8956;0.00163309;90
13.1423;0.000901615;90
-1.89512;0.000816447;90
19.4364;0.000886522;90
28.3094;0.000896184;90
67.3801;0.001092;90
79.308;0.00238236;90
74.28;0.0022699;90
71.5829;0.00202576;90
75.9292;0.00201135;90
78.152;0.00167059;90
69.1081;0.00149745;90
79.7332;0.00134656;90
76.2278;0.00168443;90
69.9633;0.00136885;90
68.0529;0.00102207;90
49.513;0.00103346;90
96.4376;0.0013646;90
90.9281;0.00135818;90
73.4529;0.00119029;90
62.2682;0.00109814;90
54.5508;0.000677608;90
68.6907;0.00105943;90
60.8486;0.000862212;90
62.4603;0.00084133;90
43.6478;0.00131841;90
54.4308;0.000845818;90
54.9356;0.00116798;90
65.3355;0.00159117;90
64.7129;0.00138358;90
75.0444;0.0013756;90
12.8983;0.00102589;90
82.7983;0.0014837;90
94.9101;0.00133189;90
78.4988;0.00164503;90
55.5898;0.000750291;90
-31.9772;0.000862944;90
34.7181;0.000788356;90
19.688;0.000563969;90
18.2805;0.000586605;90
53.7234;0.000946451;90
59.481;0.000706938;90
65.7096;0.000833816;90
54.4132;0.000812804;90
24.498;0.00114069;90
25.6039;0.000613216;90
49.1608;0.000652966;90
83.416;0.00212803;90
70.439;0.000788508;90
81.2166;0.00187296;90
74.811;0.00174807;90
36.5856;0.0103989;90
82.6672;0.00140247;90
-89.7708;0.00100001;90
-109.135;0.00126912;90
-118.122;0.000954706;90
-116.112;0.00192442;90
-136.393;0.00139624;90
-145.869;0.0010462;90
-165.523;0.00100801;90
128.836;0.00127095;90
-168.331;0.00115691;90
136.79;0.00140358;90
-101.181;0.0024393;90
-116.813;0.00185998;90
-102.086;0.0026078;90
-99.4389;0.00241469;90
-142.532;0.00159129;90
-142.73;0.00151924;90
-114.656;0.00224134;90
-154.126;0.00129701;90
-152.5;0.00126042;90
170.704;0.000903869;90
-100.842;0.00158428;90
-89.1547;0.0018302;90
-108.643;0.00156407;90
-151.506;0.000863612;90
-108.84;0.00102808;90
-115.917;0.00126525;90
-107.089;0.00148035;90
-119.316;0.00142557;90
-138.436;0.00123896;90
-130.69;0.000912628;90
-117.432;0.00197959;90
-123.39;0.00148273;90
-111.101;0.00206657;90
-93.7447;0.00186799;90
-73.6381;0.00128504;90
-119.775;0.00260374;90
-106.184;0.00217416;90
-108.979;0.00163276;90
-104.128;0.00181077;90
-102.336;0.00209231;90
-108.596;0.00168392;90
-103.339;0.00177282;90
-104.61;0.00128453;90
-103.881;0.00125464;90
-105.476;0.000888203;90
-104.256;0.00157965;90
-134.69;0.000915717;90
-160.006;0.000941758;90
-168.915;0.000847817;90
132.427;0.00110278;90
-97.7225;0.00133208;90
-104.286;0.00111446;90
-154.882;0.000513565;90
172.368;0.00100894;90
-127.935;0.0011728;90
-95.9679;0.00124072;90
-92.8257;0.00101423;90
-100.56;0.00160417;90
-109.638;0.000964075;90
-108.041;0.00156283;90
-108.195;0.000906317;90
-129.096;0.00110684;90
140.097;0.000676548;90
109.887;0.00198433;90
96.0694;0.00198613;90
112.909;0.00143086;90
163.712;0.00073448;90
165.815;0.000559047;90
-113.415;0.000903395;90
88.8679;0.00698436;90
60.1608;0.0018088;90
-164.55;0.00634011;90
-162.67;0.00188665;90
-163.227;0.00186431;90
-121.566;0.00591051;90
-127.941;0.00531673;90
-138.717;0.00483193;90
-127.707;0.00583202;90
-129.708;0.00534375;90
-129.253;0.00544451;90
-129.224;0.00550805;90
-130.354;0.0048185;90
-131.142;0.00487595;90
-128.279;0.00639874;90
-124.623;0.00560571;90
-133.221;0.0052146;90
-136.579;0.00472102;90
-128.47;0.00494293;90
-122.899;0.00504271;90
-155.719;0.00415121;90
-178.574;0.00393822;90
179.22;0.00381835;90
-168.656;0.00331476;90
-143.512;0.00500631;90
-116.642;0.00629543;90
-113.288;0.0062905;90
-112.777;0.00683718;90
-116.82;0.0119461;90
-118.113;0.00301353;90
-123.875;0.00447451;90
-124.192;0.00608224;90
-112.951;0.00724989;90
-104.97;0.00775417;90
-97.6562;0.00861682;90
-98.1172;0.00750721;90
-101.97;0.00750724;90
-106.096;0.00668715;90
-105.555;0.00624263;90
-102.783;0.00608789;90
-103.596;0.00457727;90
-96.4428;0.00302108;90
-116.239;0.00290872;90
-111.169;0.00368572;90
-113.235;0.00287193;90
-98.4081;0.00122416;90
-81.2371;0.00312447;90
-65.9232;0.00417196;90
-63.7496;0.00439752;90
-64.1999;0.00318221;90
-75.1194;0.0012344;90
-104.99;0.00374648;90
-115.505;0.00275665;90
-120.051;0.00364841;90
-119.566;0.00326287;90
-128.115;0.0033682;90
-131.872;0.00421144;90
-132.353;0.00413391;90
-131.114;0.00398593;90
-122.468;0.00480979;90
-106.987;0.00575718;90
-106.634;0.00574648;90
-115.182;0.00531624;90
-125.476;0.00510711;90
-142.605;0.00421038;90
-161.579;0.00389245;90
-150.891;0.00398995;90
-136.587;0.00467365;90
-123.727;0.00515455;90
-112.485;0.0055434;90
-107.34;0.00362368;90
-112.455;0.00242701;90
-105.272;0.00272213;90
-109.472;0.00176389;90
71.5918;0.0128917;90
68.5927;0.00221373;90
57.2012;0.00449334;90
45.303;0.00842247;90
22.8026;0.00125401;90
16.7454;0.003207;90
29.5442;0.00431966;90
48.8456;0.00512392;90
52.6235;0.00361914;90
73.0021;0.0115757;90
73.9484;0.00399995;90
58.7067;0.00342883;90
41.197;0.0029105;90
51.9637;0.00582641;90
47.2335;0.00402791;90
51.618;0.000773069;90
30.5352;0.0009172;90
60.8337;0.00772553;90
44.1263;0.0006492;90
87.1806;0.00146377;90
51.5105;0.00210164;90
77.2372;0.00281556;90
107.602;0.00308861;90
111.335;0.00442527;90
115.028;0.00815251;90
75.7616;0.0108596;90
-23.0442;0.000633556;90
74.1567;0.00732215;90
75.5823;0.00309652;90
75.751;0.00607386;90
75.2193;0.00714958;90
79.1382;0.0173264;90
81.624;0.00395418;90
82.1888;0.00325218;90
77.555;0.0051879;90
71.7562;0.00426436;90
61.7142;0.0287885;90
64.2258;0.0040177;90
63.7543;0.0234294;90
33.8039;0.0016752;90
10.7855;0.00231388;90
2.95668;0.00440086;90
10.6419;0.00681216;90
20.0452;0.00157544;90
44.5928;0.00328318;90
56.1121;0.00578223;90
42.4539;0.00504595;90
47.7494;0.00484997;90
53.6751;0.00485682;90
57.2379;0.00422987;90
36.1013;0.00319069;90
52.0497;0.0166738;90
48.4474;0.00182268;90
53.683;0.00248712;90
51.7016;0.0054715;90
57.0757;0.00385995;90
44.2249;0.00606329;90
52.544;0.0112028;90
36.2444;0.00229014;90
9.7397;0.00332797;90
22.5916;0.00327208;90
31.1868;0.00211459;90
-47.3598;0.00135667;90
-122.542;0.00224199;90
-92.4465;0.00543495;90
-84.249;0.000987973;90
-103.355;0.00112132;90
-65.1927;0.00647333;90
-69.0794;0.00119583;90
-75.031;0.00166862;90
-78.185;0.00160194;90
-81.186;0.00167073;90
-75.1823;0.00184951;90
-91.0632;0.00188632;90
-89.6358;0.00188804;90
-97.5287;0.00218282;90
-88.6659;0.00210457;90
-104.911;0.00195482;90
-96.4162;0.00191499;90
-113.199;0.00174401;90
-111.934;0.00168389;90
-105.868;0.00172992;90
-141.096;0.00128501;90
-112.042;0.00141223;90
-76.2694;0.00131868;90
-85.2364;0.00169786;90
-87.7054;0.00172338;90
-90.6338;0.00135608;90
-88.9734;0.00145123;90
-84.3134;0.001423;90
-66.6371;0.00114487;90
-52.1772;0.00105835;90
-22.9849;0.000845094;90
9.93037;0.00102638;90
39.3785;0.0013571;90
-87.369;0.000914964;90
-86.5174;0.00144868;90
-90.615;0.00111806;90
-90.7102;0.00121009;90
-81.5117;0.00126688;90
-83.7602;0.00126047;90
-82.4175;0.00124287;90
-83.4347;0.0019679;90
-82.4892;0.00239454;90
-87.3719;0.00274789;90
-92.9581;0.00280974;90
-104.492;0.00277324;90
-93.8465;0.00187823;90
-84.0448;0.00128192;90
-98.6682;0.00134031;90
-116.762;0.00116813;90
-101.452;0.00150088;90
-104.492;0.00140263;90
-101.435;0.00144263;90
-100.252;0.00385454;90
-97.009;0.00128661;90
-94.5763;0.00195523;90
-92.6891;0.00219542;90
-97.7473;0.00260377;90
-103.039;0.00253537;90
-102.566;0.00186159;90
-97.6017;0.00161015;90
-102.148;0.00195784;90
-111.812;0.00201312;90
-126.802;0.0013438;90
-127.062;0.00107521;90
-114.187;0.00103485;90
-115.003;0.00100079;90
-134.554;0.0011802;90
-133.462;0.00147556;90
-139.542;0.0014286;90
-139.391;0.0015978;90
-140.363;0.00126347;90
-128.242;0.00171249;90
-107.292;0.00418516;90
-105.544;0.00109713;90
-92.3067;0.00255907;90
-93.6287;0.0025912;90
-91.5352;0.00238886;90
-93.362;0.00228493;90
-97.3639;0.00237963;90
-113.755;0.00196115;90
-114.874;0.00189477;90
-142.524;0.00109626;90
154.05;0.00112436;90
164.959;0.00141032;90
156.5;0.00137178;90
-172.323;0.00105546;90
-141.985;0.00147109;90
135.146;0.00166312;90
132.848;0.00184544;90
108.797;0.00225001;90
120.719;0.00196351;90
139.688;0.00137568;90
169.317;0.00127307;90
175.428;0.00131719;90
165.595;0.00112951;90
152.961;0.00113507;90
167.431;0.00123151;90
-168.163;0.00108712;90
157.642;0.0011094;90
131.428;0.00178184;90
142.107;0.00113158;90
152.131;0.000746593;90
-176.596;0.000538951;90
-150.978;0.000688448;90
133.222;0.00127624;90
113.246;0.00192311;90
143.742;0.00138648;90
108.106;0.00192744;90
100.58;0.00255442;90
106.019;0.00234818;90
120.424;0.0014554;90
129.673;0.00132519;90
114.487;0.00130762;90
111.489;0.00190545;90
115.984;0.00211588;90
133.12;0.00155223;90
-176.916;0.00109659;90
-126.048;0.00165857;90
-128.66;0.00131264;90
162.966;0.00122891;90
152.806;0.00105907;90
156.096;0.0010982;90
169.213;0.000924334;90
167.125;0.00100527;90
151.592;0.00108461;90
126.983;0.0014196;90
123.885;0.00138288;90
131.825;0.00131512;90
160.392;0.00100423;90
143.857;0.000803665;90
122.611;0.000912921;90
118.747;0.000904474;90
130.271;0.000866326;90
136.827;0.00102017;90
129.693;0.00103966;90
132.684;0.00113725;90
148.291;0.00137176;90
146.781;0.00158622;90
135.405;0.00149981;90
150.556;0.00141588;90
154.49;0.00136065;90
157.811;0.00120742;90
122.621;0.00175482;90
124.823;0.00169688;90
139.806;0.0016626;90
133.736;0.00118611;90
145.109;0.00120452;90
142.429;0.00124149;90
124.162;0.00175236;90
112.192;0.00204121;90
129.302;0.00155981;90
134.142;0.00146317;90
132.378;0.00132934;90
130.975;0.00127948;90
129.501;0.00125452;90
142.193;0.000892319;90
154.666;0.000916105;90
-160.341;0.000814472;90
-166.533;0.00100051;90
174.806;0.000971992;90
-140.556;0.00130011;90
-151.099;0.00116283;90
-164.348;0.00115274;90
176.417;0.00112019;90
155.499;0.00132864;90
159.579;0.00128687;90
148.81;0.00143082;90
150.381;0.00124233;90
-170.98;0.00132033;90
-155.374;0.00107035;90
-151.925;0.00113676;90
-158.821;0.00104348;90
-139.213;0.00127057;90
-179.238;0.00105209;90
157.305;0.00116631;90
138.557;0.00142474;90
113.899;0.00182661;90
132.789;0.00126454;90
154.037;0.00106443;90
-163.95;0.00105617;90
-179.027;0.000942136;90
170.238;0.00075493;90
174.231;0.000686477;90
158.372;0.000737957;90
-165.769;0.000858339;90
152.674;0.000875721;90
136.995;0.00113772;90
118.57;0.00167495;90
120.238;0.00178716;90
118.798;0.00156107;90
121.692;0.00174171;90
111.702;0.00182539;90
115.528;0.00177975;90
113.91;0.00187271;90
99.8645;0.00185036;90
95.82;0.00203147;90
94.7919;0.00269341;90
126.202;0.00125289;90
156.845;0.00103758;90
171.945;0.000970576;90
153.218;0.00176874;90
147.9;0.000959723;90
153.41;0.0010277;90
-174.692;0.00109168;90
153.621;0.00137966;90
-152.501;0.00131677;90
-130.163;0.00160164;90
-164.094;0.000996139;90
-177.707;0.0009998;90
163.453;0.000863771;90
169.988;0.000805263;90
-99.6797;0.00181991;90
-89.1312;0.00230827;90
-101.746;0.00213675;90
-107.034;0.00177172;90
-102.733;0.00197354;90
-95.4193;0.00193766;90
-102.823;0.00192398;90
-103.379;0.00211335;90
-118.027;0.00141947;90
-108.75;0.00109195;90
-109.238;0.000880148;90
-100.75;0.00116342;90
-90.5896;0.00116606;90
-89.0948;0.00196224;90
-83.0853;0.00246694;90
-91.3889;0.00218664;90
-86.9768;0.00202882;90
-96.2516;0.00192847;90
-99.6307;0.00234911;90
-83.5808;0.00160104;90
-82.0467;0.00187907;90
-80.9558;0.00191481;90
-98.3374;0.00234478;90
-100.215;0.00210334;90
-105.455;0.0018613;90
-112.123;0.00178437;90
-118.903;0.00154552;90
-111.583;0.00126682;90
-98.4429;0.00132132;90
-87.6108;0.00146327;90
-63.383;0.000986554;90
-81.9686;0.00139569;90
-92.1763;0.00192239;90
-86.849;0.00209216;90
-102.91;0.00182616;90
-108.924;0.00152016;90
-107.18;0.00168938;90
-98.9156;0.00172282;90
-97.9064;0.00202828;90
-99.7508;0.00166505;90
-100.141;0.00177777;90
-101.193;0.00192665;90
-99.3256;0.00206732;90
-101.098;0.00196372;90
-107.096;0.00186752;90
-112.071;0.00134129;90
-107.63;0.00137351;90
-95.8546;0.00205874;90
-112.797;0.00159239;90
-121.364;0.00120275;90
-127.92;0.000676914;90
114.205;0.00117314;90
114.828;0.00157894;90
115.8;0.00147281;90
110.401;0.00151183;90
99.6555;0.00165748;90
169.356;0.000877091;90
-158.757;0.00114264;90
-150.933;0.000880956;90
-144.422;0.000816407;90
-153.085;0.000658311;90
-130.406;0.00114779;90
-129.53;0.00109037;90
-127.081;0.00146281;90
-115.309;0.00177542;90
-110.778;0.00223539;90
-110.4;0.00227786;90
-108.799;0.00214122;90
-107.819;0.00205876;90
-108.902;0.00182438;90
-108.232;0.00169404;90
-105.57;0.00167652;90
-107.518;0.0018372;90
-107.828;0.00188134;90
-108.116;0.00198752;90
-118.925;0.00158582;90
-129.452;0.00180663;90
-121.856;0.00187196;90
-112.874;0.00187548;90
-115.371;0.00178074;90
-112.743;0.0016167;90
-110.132;0.0014091;90
-116.003;0.00114045;90
-115.008;0.00121821;90
-113.594;0.00156153;90
-110.213;0.00144712;90
-114.441;0.00160481;90
-115.504;0.00176277;90
-113.86;0.00192337;90
-112.731;0.00130431;90
-111.565;0.00103656;90
-102.451;0.00120125;90
-103.609;0.00165753;90
-103.347;0.00237823;90
-105.202;0.00225386;90
-103.809;0.00134487;90
-107.605;0.00130932;90
-108.221;0.00135599;90
-111.924;0.00147034;90
-112.048;0.00155577;90
-111.067;0.00166638;90
-104.251;0.00213675;90
-99.3677;0.00199055;90
-101.066;0.00189116;90
-100.113;0.00186802;90
-99.498;0.00184834;90
-101.349;0.00170739;90
-103.395;0.0019079;90
-105.98;0.00180162;90
-106.995;0.00176194;90
-107.366;0.0020337;90
-106.084;0.00249049;90
-106.98;0.00236615;90
-106.208;0.00185576;90
-109.461;0.00150074;90
-113.163;0.00125083;90
-110.013;0.00149316;90
-108.296;0.00156723;90
-115.433;0.00144836;90
-105.263;0.00134856;90
-93.9288;0.00156167;90
-83.5397;0.00210638;90
-81.016;0.00183147;90
-78.9687;0.00157307;90
-77.0788;0.0015205;90
-64.3709;0.00156054;90
-78.721;0.00181506;90
-77.5698;0.00157492;90
-80.1073;0.00155411;90
-82.0864;0.00172139;90
-75.9009;0.0017693;90
-74.1206;0.0019078;90
-74.0585;0.00204255;90
-76.3887;0.00183144;90
-73.7115;0.00153668;90
-74.2505;0.00168735;90
-75.9171;0.00178773;90
-69.0281;0.00169316;90
-67.075;0.00170464;90
-65.4926;0.00186832;90
-70.7594;0.0016417;90
-67.97;0.00162893;90
-66.2842;0.000872698;90
-73.3596;0.00158539;90
-72.0803;0.0017583;90
-69.4664;0.00179611;90
-71.3425;0.00195367;90
-68.0974;0.00189261;90
-67.129;0.00215871;90
-66.0414;0.00150464;90
-63.5443;0.0011717;90
-69.0623;0.0011949;90
-58.9083;0.00138263;90
-43.0414;0.00119995;90
-50.5764;0.00117156;90
-63.2144;0.00127815;90
-64.7223;0.00139342;90
-52.8296;0.000877212;90
-61.9755;0.00140471;90
-62.8572;0.00133053;90
-64.9727;0.00133318;90
-62.8141;0.00144458;90
-72.9912;0.0014358;90
-43.246;0.000669944;90
85.6489;0.00156852;90
80.5689;0.00150737;90
80.9762;0.00180433;90
79.5118;0.00251604;90
79.7114;0.00251951;90
80.5162;0.00219703;90
78.8088;0.00208158;90
75.0237;0.00189228;90
72.4242;0.00160282;90
60.7215;0.00094468;90
76.3463;0.00145306;90
73.3406;0.00192897;90
68.3095;0.00163152;90
71.806;0.00187999;90
108.118;0.000858571;90
73.5674;0.00172861;90
74.0997;0.00226672;90
69.2432;0.00167042;90
75.4171;0.00165223;90
139.906;0.000942491;90
170.022;0.00109659;90
171.736;0.000786163;90
145.769;0.00111638;90
135.03;0.00133714;90
116.747;0.00140873;90
88.0589;0.0022733;90
160.791;0.00124004;90
175.642;0.000750169;90
141.468;0.00104824;90
147.809;0.000816521;90
-117.45;0.00115842;90
-135.401;0.000910069;90
176.572;0.00125424;90
146.023;0.000943002;90
144.041;0.000616478;90
-47.2481;0.000685007;90
-29.6081;0.000935101;90
23.2851;0.00200098;90
38.7587;0.00108619;90
-35.954;0.00126376;90
-17.9443;0.00136647;90
-37.1104;0.00114361;90
-96.2631;0.00164079;90
-73.6381;0.00128504;90
-51.2889;0.00122003;90
-47.1708;0.00102675;90
14.2227;0.000968692;90
-14.0989;0.00110839;90
-31.0237;0.000983716;90
-74.4544;0.00114177;90
-105.674;0.00173969;90
-109.26;0.0017796;90
-108.497;0.00174305;90
-112.666;0.00152585;90
-105.372;0.00184086;90
-104.403;0.00193378;90
-107.087;0.00184127;90
-124.032;0.00107031;90
172.969;0.000530993;90
145.55;0.0116248;90
-73.1996;0.00103101;90
-71.2596;0.0010676;90
-74.0128;0.000940371;90
-68.0873;0.000860142;90
-61.5813;0.000953959;90
113.324;0.00246765;90
106.942;0.00101923;90
106.224;0.00087692;90
119.004;0.000998191;90
106.144;0.0013846;90
99.5204;0.000973407;90
-81.4639;0.00159669;90
-56.0793;0.000758004;90
-70.2253;0.000892639;90
-76.0583;0.00102932;90
-74.2898;0.00107101;90
-73.4398;0.000947293;90
-60.4404;0.000958794;90
109.161;0.00504234;90
107.729;0.00156639;90
-74.707;0.00159239;90
-59.272;0.000708467;90
-76.5556;0.000868809;90
-78.1336;0.00092885;90
-69.4485;0.00148982;90
108.227;0.00113495;90
105.315;0.00109799;90
104.221;0.000976939;90
-75.6656;0.00172469;90
-74.1578;0.000838862;90
-69.6477;0.000888465;90
-81.6323;0.00283114;90
-99.0903;0.00113931;90
-101.456;0.00214983;90
-84.527;0.00107992;90
-87.2793;0.000969092;90
38.6187;0.0139393;90
-108.135;0.00459738;90
-119.893;0.00465305;90
-124.832;0.00445402;90
-118.415;0.00458543;90
-115.909;0.00500286;90
-118.97;0.00522135;90
-138.309;0.00455712;90
-144.428;0.00401903;90
-147.421;0.00394827;90
-146.583;0.00396199;90
-153.181;0.00383445;90
-165.578;0.00352922;90
-175.749;0.00353472;90
-174.322;0.00345696;90
179.735;0.00346404;90
145.258;0.00392711;90
119.444;0.00526274;90
121.123;0.00566668;90
147.813;0.00392169;90
-172.5;0.0034475;90
-136.899;0.00433199;90
-136.892;0.00426264;90
-165.141;0.00356419;90
162.319;0.00365148;90
152.701;0.00387677;90
155.42;0.00361565;90
166.651;0.00368147;90
167.536;0.00383642;90
168.889;0.00367387;90
-178.489;0.00364027;90
-170.439;0.00363651;90
-169.779;0.00367431;90
-148.634;0.0040346;90
-133.76;0.00463829;90
-132.762;0.00479855;90
-124.944;0.0051347;90
-124.987;0.00516919;90
-140.89;0.00454808;90
-135.856;0.00459176;90
-128.282;0.0049505;90
-137.903;0.00450935;90
-118.662;0.00543952;90
-111.723;0.0053198;90
-111.615;0.0051254;90
-115.175;0.00497672;90
-116.361;0.00463942;90
-112.672;0.00504593;90
-109.282;0.00560543;90
-114.913;0.00498045;90
-120.16;0.00495011;90
-120.205;0.00555756;90
-130.941;0.00482538;90
-158.768;0.00377742;90
179.244;0.00356031;90
-162.662;0.0037483;90
-148.006;0.00388987;90
-137.314;0.0122068;90
172.261;0.00325263;90
151.178;0.00365702;90
150.615;0.00371727;90
170.466;0.00342328;90
-167.944;0.00343272;90
-160.938;0.00352742;90
-162.032;0.00345237;90
-164.845;0.00306769;90
-172.522;0.00318106;90
-172.807;0.00302682;90
-162.51;0.00308775;90
-160.811;0.00317014;90
-161.024;0.0030783;90
-149.003;0.00323498;90
-162.674;0.00300536;90
-159.911;0.00300162;90
-145.472;0.00326393;90
-157.065;0.00313589;90
-146.883;0.00357467;90
-135.841;0.00337185;90
-159.849;0.00273438;90
-150.037;0.00302535;90
-157.152;0.00289733;90
-143.469;0.00335146;90
-142.309;0.00316813;90
167.733;0.00265461;90
-147.062;0.00298122;90
-137.522;0.00347101;90
-138.167;0.00363442;90
-141.69;0.00329564;90
-147.228;0.00327176;90
-138.409;0.00350851;90
-156.892;0.00290726;90
-146.129;0.0021137;90
-162.137;0.00171151;90
-130.768;0.00215619;90
-128.692;0.00222032;90
-151.527;0.00186681;90
131.48;0.0023492;90
140.877;0.00162285;90
-102.141;0.00250094;90
-87.2391;0.00267811;90
-121.869;0.00205121;90
-143.288;0.00174141;90
-141.664;0.00132844;90
-144.099;0.00133699;90
-131.924;0.00222706;90
-125.867;0.00113157;90
-152.163;0.000785948;90
-160.697;0.00204496;90
-163.903;0.00213157;90
-167.224;0.00226098;90
-163.585;0.00224345;90
-159.739;0.00225237;90
161.625;0.00210639;90
179.432;0.00131206;90
-105.711;0.003453;90
-105.345;0.00415305;90
-93.71;0.00465175;90
-79.6875;0.00470907;90
-62.2094;0.0035754;90
-60.7494;0.00335018;90
-75.1918;0.00365437;90
-92.5798;0.00457664;90
-95.9899;0.0051843;90
-106.78;0.00286812;90
-119.654;0.00390896;90
-119.42;0.00512607;90
-122.084;0.00463135;90
-127.185;0.00443087;90
-126.567;0.00446986;90
-124.702;0.0046161;90
-125.546;0.00455482;90
-129.202;0.00437462;90
-156.322;0.00343628;90
-133.578;0.00418948;90
-125.318;0.00378819;90
-117.269;0.00451138;90
-104.083;0.00567558;90
-101.118;0.00239596;90
-108.871;0.00589592;90
-102.153;0.00540103;90
-101.043;0.0118718;90
-113.263;0.00340806;90
-112.782;0.00536887;90
-109.543;0.0055094;90
-109.699;0.0055774;90
-115.791;0.00546321;90
-127.631;0.00436639;90
-128.584;0.0042395;90
-127.214;0.00399807;90
-92.4537;0.00429794;90
-66.2494;0.00378889;90
-82.0932;0.00413632;90
-89.1617;0.00416945;90
-95.4644;0.00416895;90
-107.933;0.00331925;90
-118.092;0.00282024;90
-133.781;0.00232691;90
-139.1;0.0022253;90
-124.293;0.00245108;90
-106.691;0.00339818;90
-90.9655;0.00385755;90
-89.2414;0.00430538;90
-107.338;0.00295632;90
-142.363;0.00147873;90
-168.742;0.0010859;90
-160.08;0.00195178;90
-173.994;0.00237001;90
-176.506;0.00246157;90
176.165;0.00269103;90
-164.397;0.0030338;90
-166.015;0.0029958;90
-152.011;0.00327506;90
-132.639;0.00387965;90
-131.706;0.00386436;90
-129.315;0.00369016;90
-111.239;0.00458225;90
-140.041;0.00305023;90
153.131;0.00311757;90
139.391;0.00329702;90
136.777;0.00358039;90
137.765;0.0036062;90
137.522;0.00359983;90
140.736;0.00337495;90
146.904;0.00296864;90
145.968;0.00353073;90
146.268;0.00378888;90
136.338;0.00411931;90
125.622;0.00497738;90
122.998;0.00479795;90
121.859;0.00487081;90
122.911;0.00479444;90
118.194;0.00512848;90
124.953;0.00469363;90
133.457;0.00428167;90
151.806;0.00364895;90
154.007;0.00362798;90
178.137;0.00325972;90
-168.659;0.0035799;90
-168.794;0.00333967;90
-179.527;0.00327311;90
175.816;0.00331684;90
169.369;0.00336069;90
169.362;0.00334244;90
-177.373;0.00327244;90
-179.558;0.0033721;90
-177.544;0.00329102;90
172.483;0.00335584;90
156.913;0.00371559;90
150.281;0.00363285;90
151.694;0.00366527;90
-170.819;0.00328407;90
-142.895;0.00384563;90
-157.562;0.00329332;90
-177.706;0.00294736;90
-174.616;0.00282446;90
-177.727;0.00287426;90
175.235;0.00316594;90
166.557;0.00360888;90
-177.81;0.00324437;90
-165.362;0.00332801;90
-167.297;0.00309681;90
-164.969;0.00325435;90
-160.216;0.00322325;90
-160.797;0.00323182;90
-170.451;0.00314052;90
161.214;0.00324804;90
143.705;0.00366758;90
125.972;0.00469538;90
125.841;0.00445572;90
125.726;0.00444929;90
125.151;0.00446041;90
125.517;0.00443764;90
116.135;0.0050058;90
108.446;0.00502834;90
113.909;0.00455484;90
118.491;0.00443171;90
130.563;0.00374758;90
167.393;0.00327598;90
173.862;0.00316112;90
169.243;0.00309133;90
142.658;0.00386273;90
122.702;0.00468098;90
121.705;0.00442778;90
116.763;0.00181212;90
113.541;0.00496741;90
114.013;0.00491215;90
107.086;0.00493167;90
105.394;0.00586543;90
112.829;0.00502349;90
118.034;0.00476394;90
102.057;0.00595538;90
119.101;0.00479077;90
144.559;0.00371295;90
129.155;0.00419373;90
115.427;0.0053126;90
109.404;0.00549935;90
108.716;0.00548187;90
124.244;0.0131168;90
135.879;0.00184435;90
138.602;0.00279151;90
135.056;0.0101654;90
164.811;0.00143513;90
175.835;0.00364864;90
-179.259;0.00703459;90
-178.975;0.000950152;90
-176.118;0.00128495;90
-164.141;0.00754207;90
-170.602;0.00189848;90
-155.375;0.00608873;90
-170.074;0.00125884;90
174.402;0.00264461;90
170.842;0.00322309;90
-163.094;0.00360375;90
-155.832;0.00345372;90
-159.446;0.00345494;90
-175.764;0.00323584;90
-170.813;0.00331958;90
-131.472;0.00433217;90
-128.547;0.00429744;90
-154.999;0.00357278;90
170.075;0.00323745;90
178.363;0.00346541;90
-161.754;0.00345892;90
-159.828;0.00316088;90
-144.02;0.00571909;90
-135.843;0.00134506;90
-144.781;0.0028802;90
-152.009;0.00327059;90
-122.329;0.00405212;90
-117.616;0.00465762;90
-119.588;0.00425714;90
-122.171;0.00418447;90
-121.925;0.00445719;90
-123.746;0.00428617;90
-133.828;0.00321589;90
-142.864;0.00180882;90
-138.43;0.00119361;90
-143.175;0.0020438;90
-143.734;0.00233293;90
-141.096;0.00245054;90
-167.298;0.00254222;90
167.298;0.00136439;90
161.274;0.00223955;90
162.342;0.00270653;90
165.228;0.00270231;90
162.169;0.00290977;90
165.545;0.00305263;90
178.058;0.00318683;90
170.719;0.0028645;90
-173.31;0.00280711;90
-153.779;0.00305318;90
156.49;0.00302075;90
130.243;0.00370882;90
132.011;0.00414929;90
131.949;0.00320137;90
128.197;0.00315185;90
117.479;0.00350436;90
114.637;0.00346876;90
101.162;0.00401902;90
100.049;0.00441878;90
103.645;0.00465849;90
113.921;0.0044393;90
115.013;0.0043588;90
104.472;0.00509776;90
103.625;0.00712346;90
110.404;0.00543822;90
111.164;0.0106193;90
109.86;0.00239016;90
110.954;0.00362684;90
124.101;0.00464102;90
133.291;0.00417237;90
121.411;0.00487551;90
119.959;0.00488812;90
128.978;0.0039967;90
-168.758;0.00365208;90
-138.406;0.00396326;90
-152.219;0.00351857;90
168.726;0.00345772;90
162.599;0.00329373;90
-165.565;0.00282415;90
-175.377;0.00652623;90
149.137;0.00156338;90
151.925;0.00132376;90
132.836;0.0039329;90
116.79;0.00489882;90
123.267;0.00477083;90
129.859;0.00491649;90
135.764;0.00413694;90
155.995;0.00370439;90
137.233;0.00419279;90
125.978;0.00468957;90
126.367;0.00456018;90
138.607;0.00416958;90
152.392;0.00368565;90
163.255;0.00345344;90
-168.398;0.00272978;90
-142.345;0.00340152;90
-123.787;0.00507635;90
-119.951;0.00502741;90
-132.566;0.00446163;90
-143.41;0.00409005;90
-142.525;0.00389862;90
-139.95;0.00401579;90
-135.315;0.00424483;90
-132.793;0.00435123;90
-130.956;0.00445172;90
-131.494;0.00419746;90
-131.937;0.00395626;90
-125.191;0.00473183;90
-118.128;0.00508224;90
-116.039;0.00535337;90
-115.671;0.0045268;90
-118.855;0.0092231;90
-132.535;0.0049331;90
-141.46;0.00441848;90
-143.648;0.00395956;90
-138.684;0.00401689;90
-132.225;0.00427948;90
-134.444;0.00655519;90
-139.39;0.00149639;90
-138.222;0.00309495;90
-148.477;0.00337388;90
-172.489;0.00316717;90
-170.953;0.00321803;90
-166.995;0.0037194;90
-167.665;0.0030801;90
-165.273;0.00271417;90
-171.81;0.00216205;90
164.253;0.00230657;90
139.96;0.00312438;90
138.958;0.003247;90
155.412;0.00534023;90
146.209;0.00126222;90
147.679;0.00290274;90
134.381;0.00360009;90
112.91;0.00432082;90
113.657;0.00375562;90
111.255;0.00539822;90
111.426;0.00459346;90
115.735;0.00808379;90
134.157;0.00134648;90
128.719;0.00301837;90
126.989;0.00383601;90
127.718;0.00359279;90
130.312;0.00199861;90
150.276;0.00101448;90
157.47;0.00270116;90
-174.688;0.00365068;90
166.324;0.00613288;90
140.503;0.00178448;90
138.373;0.00385829;90
136.161;0.00401365;90
111.644;0.00891452;90
108.353;0.00576737;90
121.736;0.00413298;90
129.013;0.00223036;90
127.294;0.00467233;90
129.73;0.00390346;90
137.096;0.00363413;90
146.889;0.00285574;90
154.793;0.00245366;90
157.656;0.00394305;90
168.988;0.00331911;90
175.351;0.00336808;90
161.307;0.003507;90
139.776;0.00350741;90
124.519;0.00461809;90
130.231;0.00409985;90
137.458;0.00418851;90
144.905;0.0033378;90
147.576;0.00185759;90
138.763;0.00191757;90
167.237;0.00270688;90
-150.625;0.00228936;90
-99.5361;0.000893345;90
126.37;0.00394435;90
177.452;0.00269967;90
-155.731;0.00319209;90
-146.755;0.00364088;90
-144.581;0.00364077;90
-149.297;0.00320414;90
-153.789;0.00281884;90
-175.817;0.00290674;90
177.069;0.00295286;90
179.33;0.00256718;90
-166.038;0.00205986;90
-167.096;0.000895617;90
-165.433;0.00188458;90
-169.049;0.00225303;90
-173.033;0.00233323;90
179.19;0.00226223;90
170.233;0.00234601;90
168.887;0.00257325;90
-178.801;0.00253355;90
-171.239;0.00173322;90
-167.072;0.00160467;90
-95.6777;0.0024259;90
-120.999;0.00195526;90
-96.0282;0.00798918;90
-91.4408;0.00230673;90
-94.0976;0.0044223;90
-96.1406;0.0110967;90
-101.622;0.00263094;90
-106.96;0.0056633;90
-122.384;0.00506351;90
-141.847;0.00927052;90
-159.433;0.00117275;90
-158.118;0.00118864;90
-162.606;0.00323807;90
-156.701;0.00598942;90
-146.111;0.00127693;90
-146.34;0.00315735;90
-142.428;0.00373588;90
-133.997;0.00395899;90
-128.375;0.00471963;90
-122.25;0.00446009;90
-116.622;0.00452133;90
-116.776;0.00437736;90
-123.1;0.00436544;90
-134.315;0.00354993;90
-153.53;0.0032508;90
-170.198;0.00648467;90
-167.279;0.00148956;90
-164.691;0.00212853;90
-154.093;0.0040878;90
-147.795;0.0038634;90
-144.912;0.00414901;90
-146.096;0.00357118;90
-147.416;0.00389389;90
-148.509;0.00402593;90
-150.646;0.00403507;90
-155.273;0.00375092;90
-161.266;0.0037581;90
-168.644;0.00369228;90
-168.929;0.00668134;90
-163.437;0.0016557;90
-165.124;0.0029447;90
-161.127;0.0038056;90
-156.253;0.00742244;90
-153.151;0.00144586;90
-149.069;0.0029611;90
-145.095;0.00415925;90
-143.546;0.00421091;90
-139.581;0.00429383;90
-141.224;0.00468319;90
-139.998;0.00436672;90
-138.44;0.00439552;90
-138.169;0.00438724;90
-132.399;0.0047517;90
-128.79;0.00489575;90
-126.049;0.00427204;90
-129.945;0.00540138;90
-134.006;0.00480905;90
-140.492;0.00426292;90
-147.745;0.00439766;90
-154.194;0.00398323;90
-158.842;0.00435242;90
-155.091;0.00439481;90
-155.19;0.00408945;90
-154.588;0.00411296;90
-145.832;0.0101705;90
-129.715;0.00300951;90
-123.499;0.00498262;90
-119.277;0.00593625;90
-117.991;0.00598289;90
-118.311;0.00617799;90
-122.489;0.00597987;90
-125.965;0.00516944;90
-126.244;0.0051097;90
-125.149;0.0053152;90
-120.295;0.00521751;90
-112.928;0.00485669;90
-97.0577;0.00475301;90
-151.358;0.00229482;90
171.537;0.00313918;90
154.075;0.0080423;90
137.212;0.00174007;90
141.896;0.00359263;90
142.846;0.00403505;90
145.491;0.00387969;90
149.068;0.00371775;90
156.385;0.00359723;90
159.622;0.00377635;90
158.862;0.00245413;90
147.267;0.0103436;90
135.483;0.00251456;90
146.104;0.00370819;90
146.327;0.00377307;90
142.425;0.00383569;90
143.46;0.00858934;90
150.289;0.00124692;90
155.828;0.00141398;90
178.006;0.00347711;90
-174.172;0.00339756;90
-158.888;0.00367573;90
-170.743;0.00320777;90
-167.414;0.00361179;90
-167.41;0.00332598;90
-175.486;0.00301134;90
-174.182;0.00293009;90
-179.753;0.00278503;90
-170.854;0.00262335;90
-165.107;0.00275867;90
-159.182;0.00250986;90
-154.236;0.00271932;90
-157.028;0.00282613;90
-159.212;0.00289656;90
-170.611;0.00255624;90
-179.371;0.00409725;90
-172.062;0.00253428;90
-164.529;0.00255664;90
-140.831;0.00302083;90
-116.11;0.00405814;90
-103.66;0.00436137;90
-103.154;0.00447337;90
-109.272;0.00422051;90
-108.12;0.00431499;90
-106.975;0.00445615;90
-111.455;0.00414201;90
-134.975;0.00317774;90
-176.483;0.002657;90
168.158;0.00274339;90
-179.137;0.00285432;90
-146.932;0.00306795;90
-117.476;0.004415;90
-108.178;0.00529529;90
-110.474;0.00514607;90
-121.482;0.00449225;90
-130.049;0.00349838;90
-134.627;0.00314881;90
-134.025;0.00315698;90
-128.269;0.00352305;90
-115.681;0.00425977;90
-107.949;0.00435809;90
-106.537;0.0037908;90
-103.048;0.00434519;90
-105.975;0.00481078;90
-109.956;0.00411083;90
-113.974;0.00350213;90
-115.321;0.00339962;90
-124.764;0.00321117;90
-115.252;0.00372716;90
-105.117;0.00466649;90
-94.5643;0.00475006;90
-87.4849;0.00496779;90
-87.189;0.00511816;90
-89.9084;0.00500301;90
-101.109;0.00493039;90
-118.676;0.00418876;90
-149.988;0.00298294;90
-165.212;0.00282869;90
-157.675;0.00292742;90
-148.686;0.00309012;90
-145.026;0.0012753;90
-155.32;0.000802288;90
-166.96;0.00140934;90
163.313;0.00230194;90
160.354;0.00252817;90
149.82;0.00254613;90
135.171;0.00331776;90
152.215;0.00291962;90
157.211;0.0030284;90
150.205;0.0032703;90
149.802;0.00331022;90
130.406;0.00349585;90
122.806;0.0035419;90
130.701;0.00360365;90
144.213;0.0033432;90
143.293;0.00373082;90
118.864;0.00493853;90
130.119;0.00811023;90
173.481;0.00311816;90
-176.571;0.00325984;90
-174.74;0.00315228;90
-175.27;0.00352902;90
-174.585;0.00393154;90
138.748;0.0112487;90
107.093;0.00539949;90
104.436;0.00681105;90
104.081;0.00647352;90
105.588;0.00640456;90
121.814;0.00530383;90
142.066;0.00411551;90
127.127;0.00391824;90
114.782;0.00451368;90
112.219;0.00542913;90
118.032;0.0053983;90
119.772;0.00527644;90
119.917;0.00528527;90
135.679;0.00441548;90
166.075;0.00362349;90
-162.06;0.00373669;90
-155.252;0.00370971;90
-163.054;0.0036641;90
-169.071;0.00312773;90
-169.207;0.00321997;90
-167.239;0.00307393;90
-167.493;0.00312619;90
-162.002;0.00315225;90
-140.253;0.00352204;90
-137.51;0.00332659;90
-144.724;0.00297655;90
-165.661;0.0027094;90
-179.959;0.002796;90
165.725;0.00308629;90
157.135;0.00295195;90
173.235;0.00282668;90
-157.022;0.00285882;90
-137.698;0.00324497;90
-139.283;0.00342773;90
-141.152;0.00322672;90
-128.641;0.00372178;90
-119.414;0.00407647;90
-127.173;0.00388925;90
-138.957;0.00364747;90
-140.69;0.00340168;90
-174.697;0.00276986;90
163.365;0.00290978;90
149.323;0.00314978;90
145.692;0.00331952;90
-177.771;0.00298226;90
-157.71;0.00320336;90
-163.596;0.00310541;90
-163.685;0.00317172;90
-161.388;0.00316767;90
-176.756;0.00291567;90
151.217;0.00331678;90
131.149;0.00395884;90
158.464;0.00309186;90
-169.196;0.0030409;90
-148.384;0.00334204;90
-154.237;0.00325782;90
-156.683;0.00317316;90
-146.418;0.00367184;90
-143.256;0.00346181;90
-135.856;0.00383224;90
-141.912;0.00346098;90
176.306;0.00304232;90
154.491;0.00320438;90
165.634;0.00307516;90
159.546;0.00315918;90
131.848;0.00393464;90
113.369;0.00484549;90
102.767;0.00576964;90
110.938;0.00558264;90
128.493;0.00445519;90
-176.394;0.00327548;90
-171.682;0.00353923;90
152.82;0.00387712;90
147.316;0.00407407;90
148.144;0.00394289;90
173.254;0.00358381;90
178.162;0.0034928;90
155.459;0.00384978;90
164.734;0.00386642;90
-178.045;0.00357708;90
-164.857;0.00366734;90
-167.054;0.00362001;90
-169.344;0.00359092;90
170.532;0.00343479;90
153.028;0.00333809;90
138.601;0.00379405;90
128.264;0.00422585;90
118.673;0.00454766;90
118.834;0.00521905;90
118.801;0.00471185;90
126.672;0.00399842;90
139.411;0.003512;90
156.325;0.00307806;90
166.509;0.00300491;90
167.154;0.00297752;90
168.738;0.00304157;90
162.559;0.00306281;90
162.125;0.00339487;90
171.811;0.00315214;90
-178.994;0.00940145;90
-142.19;0.0037175;90
-154.179;0.00341163;90
178.29;0.00321743;90
130.572;0.00495534;90
122.955;0.0050149;90
126.112;0.004627;90
129.439;0.00413696;90
159.067;0.00311243;90
-155.571;0.00326424;90
-147.863;0.00346843;90
-171.542;0.00309364;90
161.925;0.00367116;90
160.201;0.00357217;90
157.451;0.00347354;90
151.311;0.00348708;90
138.665;0.00361718;90
122.325;0.0042602;90
111.628;0.00491612;90
117.958;0.00443454;90
131.977;0.00343283;90
150.355;0.00304679;90
166.457;0.00318558;90
-179.14;0.00299834;90
-169.609;0.00302156;90
-161.548;0.00318473;90
-164.101;0.00338759;90
161.868;0.00341246;90
146.934;0.00374084;90
141.414;0.00388014;90
139.992;0.00419349;90
140.033;0.00457849;90
138.437;0.00504792;90
140.528;0.00405218;90
141.36;0.00370257;90
145.033;0.00352294;90
143.462;0.00358946;90
142.154;0.00359392;90
140.823;0.003701;90
139.44;0.00372632;90
135.464;0.00384113;90
125.517;0.00428779;90
117.282;0.00475381;90
111.095;0.00585969;90
114.233;0.0055402;90
122.06;0.00497351;90
150.514;0.00371178;90
-171.563;0.00372834;90
-171.575;0.00382225;90
-174.237;0.00371477;90
179.115;0.00368944;90
165.399;0.00371292;90
153.86;0.00392217;90
153.074;0.00418466;90
153.018;0.00393424;90
169.73;0.0036515;90
-164.965;0.00381251;90
-163.313;0.00400151;90
-157.586;0.00423818;90
-158.188;0.0040801;90
-171.121;0.00376411;90
-173.78;0.00378428;90
-120.999;0.00531045;90
-110.002;0.00656924;90
-143.028;0.00359981;90
163.927;0.00240917;90
-134.69;0.00261492;90
-110.031;0.00523465;90
-100.765;0.006762;90
-97.9032;0.0068218;90
-98.7088;0.00687527;90
-99.7497;0.006785;90
-104.106;0.00680725;90
-106.401;0.00675382;90
-105.08;0.007376;90
-102.129;0.00695322;90
-100.303;0.00710658;90
-99.2752;0.0070978;90
-102.107;0.00703752;90
-101.657;0.00698814;90
-100.625;0.00713737;90
-94.6584;0.0073262;90
-91.5706;0.00736977;90
-95.8099;0.00723115;90
-98.3189;0.0077273;90
-97.7929;0.00725702;90
-95.6404;0.00698984;90
-97.1218;0.00661403;90
-100.464;0.00697602;90
-106.69;0.00682451;90
-106.079;0.00670843;90
-101.766;0.00701745;90
-97.898;0.0071902;90
-95.393;0.0073415;90
-97.8594;0.00778109;90
-101.235;0.00693389;90
-105.191;0.00681203;90
-109.151;0.00708089;90
-116.875;0.00654149;90
-128.514;0.00575237;90
-144.728;0.00501335;90
-148.792;0.00479017;90
-130.945;0.00552998;90
-114.847;0.00672554;90
-102.863;0.0081936;90
-105.915;0.00741417;90
-114.028;0.00683968;90
-111.595;0.00690141;90
-106.172;0.00747893;90
-100.082;0.00782585;90
-97.1606;0.00779782;90
-98.8211;0.00778609;90
-100.729;0.00778915;90
-99.0246;0.00785423;90
-97.8166;0.00852925;90
-97.5327;0.00800206;90
-96.8416;0.00797479;90
-98.7933;0.00785634;90
-100.92;0.007897;90
-99.4779;0.00785219;90
-99.9277;0.0078536;90
-101.547;0.00773861;90
-108.236;0.00727644;90
-107.498;0.00740989;90
-100.869;0.00766856;90
-96.7451;0.00864181;90
-95.8154;0.00805345;90
-98.7395;0.00780563;90
-106.8;0.00748341;90
-114.626;0.00682033;90
-121.022;0.00610638;90
-133.183;0.00486168;90
-149.559;0.00430085;90
-132.55;0.00486227;90
-114.606;0.00592725;90
-106.456;0.00684124;90
-109.214;0.00586467;90
-117.119;0.00619286;90
-121.539;0.00558616;90
-132.63;0.00519885;90
-143.807;0.00484494;90
-146.812;0.00487767;90
-135.684;0.00515588;90
-126.029;0.00550499;90
-121.318;0.00601783;90
-128.123;0.00613587;90
-142.848;0.00487306;90
-159.95;0.0042964;90
-165.107;0.00408524;90
-159.562;0.00401791;90
-142.587;0.00497562;90
-140.097;0.00518166;90
-150.955;0.00471268;90
-166.191;0.00434045;90
-164.344;0.0044096;90
-155.24;0.0048851;90
-154.749;0.0046017;90
-158.291;0.00451203;90
-161.11;0.00450354;90
-162.059;0.00439889;90
-163.89;0.00445078;90
-160.011;0.00450221;90
-154.571;0.0046251;90
-151.432;0.00472188;90
-146.179;0.00484365;90
-143.569;0.00498775;90
-140.22;0.00540136;90
-134.549;0.00548095;90
-136.956;0.00526111;90
-140.543;0.00502913;90
-141.919;0.00503592;90
-134.454;0.00512039;90
-124.889;0.00550189;90
-117.207;0.00602345;90
-119.662;0.00560327;90
-123.527;0.00399219;90
-140.476;0.00145977;90
128.307;0.00137123;90
-127.816;0.00204688;90
153.86;0.000662789;90
168.002;0.000456984;90
-9.57298;0.00272393;90
-148.832;0.00240751;90
-144.797;0.00328719;90
-146.343;0.00387209;90
-144.734;0.00426587;90
-143.021;0.00471301;90
-139.978;0.00474278;90
-138.754;0.00485977;90
-137.502;0.00482707;90
-128.539;0.00549873;90
-126.281;0.00587251;90
-134.386;0.0085777;90
-126.077;0.00244363;90
-130.808;0.00463334;90
-138.338;0.00482146;90
-127.712;0.00573002;90
-117.165;0.00645052;90
-117.975;0.00641677;90
-122.185;0.0061654;90
-113.315;0.0066021;90
-96.3885;0.00798961;90
-95.7722;0.0084217;90
-108.622;0.00708386;90
-119.626;0.00637428;90
-114.793;0.00652215;90
-113.033;0.00567653;90
-122.963;0.00506898;90
-114.563;0.00544144;90
-109.076;0.00528734;90
-109.242;0.00857505;90
-110.459;0.00711798;90
-116.911;0.00696861;90
-120.022;0.00622984;90
-128.515;0.00567194;90
-141.793;0.00511719;90
-139.336;0.00499374;90
-135.996;0.00467822;90
-126.504;0.00641813;90
-138.583;0.00514861;90
-159.983;0.00438807;90
-136.562;0.00542199;90
-123.889;0.00591841;90
-121.874;0.0106617;90
-137.079;0.00204701;90
-152.525;0.00425264;90
-133.59;0.00916759;90
-134.569;0.00197359;90
-144.157;0.00462114;90
-139.046;0.00501032;90
-139.919;0.00510502;90
-148.674;0.00472008;90
-135.913;0.00532802;90
-134.003;0.00568883;90
-140.696;0.00857714;90
-146.274;0.00176145;90
-152.32;0.00429898;90
-146.34;0.00844725;90
-157.62;0.0013237;90
-149.025;0.00420463;90
-175.573;0.00413233;90
-170.682;0.00398965;90
-178.502;0.00680733;90
153.299;0.00189172;90
171.815;0.00368049;90
171.798;0.00394637;90
168.795;0.00665384;90
172.157;0.00158281;90
-174.954;0.0036381;90
174.348;0.00389896;90
167.649;0.0067277;90
179.926;0.001557;90
-176.817;0.00365564;90
175.234;0.0071126;90
-172.029;0.00157926;90
-156.003;0.0035531;90
-145.744;0.00676684;90
-138.383;0.00261236;90
-132.613;0.00402339;90
-98.8036;0.0122837;90
-86.3863;0.00277652;90
-93.826;0.00256271;90
-108.216;0.0137174;90
-128.233;0.00224444;90
-108.143;0.0145767;90
-104.198;0.00231986;90
-108.355;0.00565574;90
-96.1856;0.0120743;90
-111.662;0.00236502;90
-115.231;0.00236238;90
-163.795;0.00778636;90
-151.528;0.000860021;90
-133.497;0.00202231;90
-109.054;0.00521047;90
-93.1778;0.016939;90
-96.4439;0.00244142;90
-83.0556;0.0073197;90
113.308;0.00123586;90
-171.112;0.00346258;90
164.186;0.00275944;90
166.341;0.00453115;90
177.733;0.00697846;90
-170.991;0.00145596;90
-174.173;0.00351617;90
-179.522;0.00251809;90
-170.157;0.00449822;90
162.965;0.00415426;90
154.92;0.00419448;90
170.446;0.00378348;90
-163.86;0.00412977;90
-158.654;0.00432145;90
-162.984;0.00393318;90
-171.126;0.00385717;90
178.523;0.00388029;90
170.334;0.00383545;90
160.467;0.00409147;90
153.033;0.00414354;90
145.691;0.00447087;90
139.379;0.0047139;90
140.492;0.00517148;90
141.38;0.00467678;90
143.597;0.00473496;90
147.629;0.00438551;90
149.311;0.00752373;90
149.298;0.00168636;90
143.75;0.00428545;90
157.384;0.00385115;90
152.472;0.00468433;90
176.514;0.00407855;90
-176.397;0.00350092;90
-166.719;0.00480553;90
-159.081;0.00389579;90
-152.803;0.00454218;90
-143.992;0.00481374;90
-144.114;0.00454467;90
-145.942;0.00733884;90
-146.02;0.00449452;90
-142.064;0.00466341;90
-136.394;0.00499931;90
-133.292;0.00531273;90
-135.267;0.00500991;90
-138.741;0.0019076;90
-142.261;0.00501258;90
-151.163;0.00438927;90
-157.793;0.00427296;90
-171.159;0.00680586;90
-167.635;0.00148034;90
-164.192;0.00703714;90
-145.381;0.00171092;90
-146.202;0.00383271;90
-138.435;0.00487436;90
-133.103;0.00897103;90
-140.808;0.00173282;90
-141.071;0.00441305;90
-148.484;0.00807281;90
-154.172;0.00118208;90
-155.562;0.00742081;90
-150.886;0.00168946;90
-146.745;0.00361259;90
-142.154;0.00469568;90
-147.132;0.00759352;90
-156.927;0.00191629;90
-156.464;0.00399428;90
-159.561;0.0041236;90
-167.814;0.00405537;90
-168.994;0.00403318;90
-167.517;0.00404359;90
-166.155;0.00414957;90
-163.724;0.00412116;90
-162.441;0.00415667;90
-160.847;0.00418782;90
-160.065;0.00416773;90
-165.68;0.00431403;90
-170.335;0.00409816;90
-175.072;0.0040048;90
-177.72;0.00399716;90
-179.957;0.00404;90
175.511;0.00399927;90
171.67;0.00405882;90
168.199;0.00407309;90
164.093;0.00655292;90
161.647;0.00443668;90
163.429;0.00415142;90
172.46;0.00159277;90
-178.572;0.00397223;90
-157.674;0.00422252;90
-162.732;0.00414692;90
175.181;0.00426107;90
-173.833;0.00402127;90
-172.294;0.00668234;90
-174.828;0.00160855;90
-175.591;0.00374609;90
-177.013;0.00402948;90
179.182;0.00399441;90
175.183;0.00398909;90
174.288;0.00646008;90
168.588;0.00407863;90
163.124;0.00413716;90
161.913;0.00442253;90
161.76;0.00334191;90
164.763;0.00244287;90
177.734;0.0039711;90
-172.553;0.00401184;90
-165.134;0.0040692;90
-166.787;0.00714002;90
-168.213;0.00150779;90
-172.663;0.00348453;90
-171.535;0.00406933;90
-174.33;0.0042508;90
-169.276;0.00684148;90
-158.79;0.00161972;90
-157.219;0.00396425;90
-156.504;0.00422642;90
-157.062;0.00422076;90
-157.105;0.0043312;90
-157.486;0.00417847;90
-155.345;0.00425268;90
-152.437;0.00441512;90
-155.682;0.00447066;90
-158.838;0.00421313;90
-167.412;0.00411593;90
-174.383;0.00394393;90
179.849;0.00379901;90
177.929;0.00390155;90
175.301;0.00407671;90
177.794;0.00397395;90
179.668;0.00397107;90
-170.316;0.00416738;90
-165.883;0.0042844;90
-159.004;0.00720328;90
-164.529;0.00149206;90
-164.429;0.00382956;90
-177.465;0.00402394;90
168.056;0.00389942;90
155.489;0.00410493;90
155.067;0.00753861;90
158.83;0.00151741;90
168.326;0.0035484;90
-168.318;0.0044992;90
-166.985;0.00397409;90
-171.159;0.00398839;90
-176.738;0.00400749;90
-179.018;0.00396858;90
-179.787;0.00404303;90
-178.719;0.00407102;90
-165.533;0.00400292;90
-156.223;0.00425625;90
-147.954;0.00905949;90
-153.451;0.00162428;90
-156.888;0.00285841;90
-171.148;0.00406138;90
-177.114;0.00395301;90
-179.831;0.00406302;90
-154.194;0.00776207;90
-150.027;0.00196361;90
-148.668;0.00322887;90
-153.578;0.00429013;90
-163.285;0.00416185;90
-167.451;0.00435401;90
-167.569;0.00405097;90
-170.58;0.00404454;90
-178.45;0.00402947;90
174.75;0.00399978;90
163.213;0.00412373;90
158.805;0.00424301;90
155.851;0.00429707;90
165.885;0.00405957;90
173.308;0.00424794;90
-177.966;0.00405756;90
-166.798;0.00406339;90
-161.8;0.00416855;90
-167.797;0.00407814;90
177.587;0.00396652;90
165.691;0.00396914;90
169.47;0.00414785;90
-175.53;0.00714674;90
-160.102;0.00143677;90
-151.474;0.00407695;90
-144.336;0.00462922;90
-146.253;0.00450028;90
-156.583;0.00695483;90
-151.806;0.001888;90
-158.215;0.00393934;90
-151.058;0.00434574;90
-148.803;0.00441904;90
-148.739;0.00453431;90
-149.156;0.00451917;90
-153.346;0.0043022;90
-167.578;0.00430478;90
-169.58;0.00409148;90
-151.157;0.00439869;90
-141.373;0.00466319;90
-131.909;0.00549444;90
-133.057;0.00515141;90
-142.768;0.00461449;90
-145.115;0.00456174;90
-168.278;0.00706331;90
171.1;0.00152537;90
179.731;0.00340204;90
-156.783;0.00360712;90
-136.018;0.00393991;90
-127.148;0.00664548;90
-123.414;0.00144002;90
-136.072;0.00619675;90
-145.14;0.00153434;90
-155.7;0.00290871;90
-166.414;0.00302257;90
-168.226;0.00300421;90
-166.177;0.00313479;90
-148.714;0.00582504;90
-135.755;0.00128846;90
-134.756;0.00382053;90
-125.285;0.00442489;90
-127.618;0.0140664;90
-136.289;0.00135162;90
-135.567;0.00192837;90
-147.568;0.00339919;90
-161.409;0.00336879;90
-167.302;0.00344834;90
-166.591;0.0036351;90
-156.793;0.00370258;90
-150.212;0.00380241;90
-138.764;0.00419016;90
-136.602;0.00429948;90
-136.806;0.00430701;90
-143.533;0.0039791;90
-151.159;0.00380611;90
-162.877;0.00357653;90
-176.197;0.0034977;90
178.249;0.00366471;90
-174.833;0.00353135;90
-168.437;0.00351228;90
-161.57;0.00366287;90
-147.609;0.00390332;90
-136.029;0.00421291;90
-132.276;0.00450866;90
-137.421;0.00418556;90
-139.358;0.00416843;90
-130.692;0.0044525;90
-120.337;0.00544455;90
-115.849;0.00934392;90
-116.378;0.00164084;90
-117.512;0.00360011;90
-122.321;0.00392396;90
-131.305;0.00335725;90
-137.481;0.00305403;90
-149.015;0.00555347;90
-151.628;0.00130472;90
-168.387;0.00252366;90
-167.527;0.00332446;90
-172.006;0.00328593;90
-168.955;0.00563232;90
-166.233;0.00149598;90
-154.402;0.00339305;90
-148.179;0.00378368;90
-139.702;0.00409733;90
-136.264;0.00458246;90
-139.257;0.00451531;90
-144.872;0.00413271;90
-148.742;0.00367321;90
-153.586;0.00356967;90
-158.942;0.00349007;90
-166.228;0.00363346;90
-173.451;0.00324417;90
-177.644;0.00294349;90
-176.031;0.00304831;90
-176.592;0.00301132;90
-168.01;0.00391848;90
-143.43;0.00875452;90
-124.138;0.00205994;90
-117.791;0.00418017;90
-116.908;0.00590869;90
-120.654;0.00608417;90
-130.831;0.00511602;90
-149.905;0.0070458;90
-155.897;0.00421664;90
-156.474;0.00362753;90
-145.361;0.0023786;90
-137.392;0.00484649;90
-141.248;0.00457387;90
-161.565;0.00414575;90
-173.151;0.00385753;90
-176.42;0.00438756;90
-157.25;0.00420732;90
-148.102;0.00447945;90
-166.071;0.00414591;90
-178.422;0.00410256;90
179.633;0.00405908;90
-173.229;0.00399486;90
-156.378;0.0042425;90
-138.678;0.00525827;90
-136.654;0.00485136;90
-135.903;0.0049348;90
-136.365;0.00498652;90
-134.912;0.00505228;90
-134.2;0.00501175;90
-133.488;0.00503777;90
-144.424;0.00467699;90
-166.129;0.00723705;90
-148.804;0.00165069;90
-144.499;0.00440486;90
-136.769;0.00859049;90
-129.161;0.00235628;90
-131.334;0.00412451;90
-141.287;0.00468803;90
-138.949;0.00483607;90
-117.098;0.00596251;90
-104.006;0.00693725;90
-101.765;0.00703275;90
-106.734;0.00668927;90
-116.71;0.00602712;90
-127.865;0.00576727;90
-138.429;0.00485874;90
-139.213;0.00483128;90
-139.702;0.0046926;90
-137.477;0.00495791;90
-130.643;0.0052123;90
-128.737;0.00533443;90
-134.413;0.00504264;90
-148.599;0.00442394;90
-168.671;0.00412844;90
167.836;0.00436603;90
167.786;0.00410287;90
-178.291;0.0040568;90
-158.444;0.00419972;90
-145.577;0.00463823;90
-142.643;0.00463597;90
-137.555;0.00486903;90
-142.098;0.00336475;90
-127.607;0.00658915;90
-126.583;0.00622168;90
-123.969;0.00559117;90
-124.168;0.00565148;90
-128.566;0.005465;90
-138.088;0.00475159;90
-124.84;0.00552787;90
-118.741;0.00593523;90
-110.358;0.00569151;90
-114.237;0.00713492;90
-127.844;0.00534137;90
-143.108;0.0046076;90
-160.489;0.00446434;90
178.088;0.00401524;90
178.984;0.00405964;90
-159.583;0.0041593;90
-153.406;0.00440282;90
-167.468;0.00408328;90
-143.804;0.0111896;90
-124.204;0.00321628;90
-118.446;0.00516452;90
-136.686;0.00598259;90
-138.323;0.00423349;90
-140.876;0.00538036;90
-134.943;0.00356877;90
-113.468;0.00809566;90
-108.051;0.00669659;90
-108.892;0.00653822;90
-112.404;0.00635466;90
-115.357;0.00606646;90
-119.265;0.0058771;90
-120.192;0.00624174;90
-120.492;0.00566788;90
-114.496;0.00633086;90
-114.095;0.00611149;90
-119.069;0.0059975;90
-127.424;0.00537925;90
-138.4;0.00424446;90
-144.995;0.00513732;90
-143.769;0.00461049;90
-137.382;0.00507009;90
-141.254;0.00490043;90
-141.093;0.00365731;90
-125.965;0.00645681;90
-119.387;0.00619516;90
-114.235;0.00618068;90
-113.8;0.00626694;90
-122.882;0.00564186;90
-137.747;0.00483934;90
-153.073;0.00438994;90
-158.145;0.00420414;90
-137.661;0.00493386;90
-121.88;0.0057787;90
-113.022;0.00653555;90
-110.486;0.00648619;90
-117.67;0.00588956;90
-129.486;0.00847003;90
-136.562;0.0019969;90
-140.711;0.00476124;90
-143.37;0.00462924;90
-144.338;0.00460202;90
-140.452;0.00509016;90
-135.416;0.00496473;90
-128.481;0.00541894;90
-122.362;0.00551687;90
-114.375;0.00624901;90
-107.42;0.00672754;90
-106.437;0.00682075;90
-114.71;0.00602355;90
-120.138;0.00584168;90
-119.349;0.00588422;90
-121.568;0.00562547;90
-120.86;0.00599474;90
-121.816;0.00596178;90
-125.7;0.00542553;90
-118.68;0.00600928;90
-109.925;0.00648201;90
-103.239;0.00672883;90
-98.38;0.00706746;90
-102.804;0.00703904;90
-107.401;0.00627624;90
-112.413;0.00655412;90
-117.633;0.00592929;90
-125.726;0.00593238;90
-133.006;0.00503907;90
-136.206;0.00497206;90
-129.901;0.00520368;90
-118.917;0.00586299;90
-110.181;0.00729592;90
-106.124;0.00737822;90
-103.096;0.00789535;90
-100.039;0.00798526;90
-96.7562;0.00859368;90
-93.807;0.00804275;90
-91.8543;0.00803521;90
-89.8017;0.00780105;90
-89.6181;0.00750217;90
-89.9466;0.011812;90
-90.0302;0.007594;90
-90.0536;0.007483;90
-97.7668;0.00785102;90
-110.709;0.00620168;90
-123.28;0.00236364;90
-121.188;0.0242732;90
-116.513;0.00244402;90
-110.329;0.00416225;90
-113.18;0.00648339;90
-107.062;0.0069666;90
-100.403;0.00724916;90
-104.88;0.00760504;90
-116.917;0.0114932;90
-114.997;0.00405372;90
-125.218;0.00270512;90
-127.74;0.00575246;90
-119.925;0.0152247;90
-109.864;0.00333439;90
-103.806;0.0157603;90
-99.5385;0.00296905;90
-102.704;0.00295124;90
-108.961;0.0359497;90
-110.297;0.00297791;90
-106.441;0.00482634;90
-90.1875;0.00336202;90
-157.258;0.000757925;90
140.068;0.00284947;90
131.8;0.00285055;90
130.066;0.00327189;90
136.78;0.00314107;90
145.164;0.00291304;90
141.445;0.00265855;90
153.96;0.00332115;90
146.09;0.00281235;90
144.955;0.00381213;90
138.147;0.00244745;90
128.227;0.00504221;90
112.105;0.00448033;90
111.325;0.00484793;90
109.605;0.00449137;90
114.35;0.00443117;90
114.845;0.004484;90
122.122;0.00348676;90
122.043;0.00423522;90
122.812;0.00684275;90
123.023;0.00242947;90
144.893;0.00270388;90
149.293;0.003288;90
-176.044;0.00236263;90
-158.657;0.00241245;90
-152.94;0.00310601;90
-167.332;0.00329215;90
-148.6;0.00328978;90
-134.761;0.00372649;90
-132.659;0.00252789;90
135.304;0.000934101;90
112.717;0.00389193;90
112.916;0.00520045;90
99.2459;0.00570107;90
94.9632;0.0060798;90
96.3349;0.00601775;90
99.0436;0.005872;90
98.3928;0.00583044;90
90.4588;0.00574418;90
82.7849;0.00528686;90
73.4364;0.00497755;90
67.8298;0.00510654;90
74.4245;0.00465909;90
91.7285;0.0024201;90
110.742;0.00241129;90
115.887;0.00317231;90
116.574;0.00277854;90
137.651;0.00240037;90
166.466;0.00215792;90
-155.482;0.00267962;90
-158.672;0.00249379;90
-167.889;0.00225928;90
-163.104;0.00259084;90
148.436;0.00287893;90
151.82;0.00195242;90
121.29;0.00403954;90
117.208;0.00306853;90
102.057;0.00391128;90
91.8912;0.00657558;90
93.7918;0.00427937;90
99.485;0.00166273;90
115.665;0.00381431;90
115.723;0.00301365;90
90;0.003766;90
88.2715;0.00314943;90
89.0231;0.00381255;90
106.676;0.00352317;90
115.301;0.00328514;90
117.648;0.00307514;90
106.835;0.00404328;90
104.596;0.0036467;90
132.74;0.0027259;90
154.703;0.00329498;90
170.485;0.000538407;90
-127.364;0.00167086;90
-158.169;0.00144675;90
-148.55;0.00171728;90
-140.671;0.00161729;90
-134.067;0.00160747;90
-157.815;0.000971951;90
17.8038;0.000516748;90
173.495;0.000653205;90
87.7584;0.00214764;90
87.352;0.00240257;90
79.8309;0.00226559;90
78.6901;0.00295743;90
79.4096;0.00276408;90
83.9146;0.00384869;90
93.2378;0.00345251;90
100.938;0.00407911;90
103.161;0.00273175;90
61.575;0.000936959;90
52.9683;0.0012038;90
138.037;0.00104091;90
117.053;0.00157649;90
133.665;0.00130497;90
132.025;0.00125327;90
141.817;0.00138796;90
103.866;0.00179841;90
95.7646;0.00242928;90
96.1825;0.00212637;90
97.3426;0.00244908;90
89.2761;0.00213717;90
83.6168;0.00205977;90
107.22;0.00208757;90
108.162;0.00186071;90
118.764;0.00176019;90
103.948;0.00172589;90
82.4851;0.00204153;90
98.7663;0.00194876;90
93.8449;0.00210273;90
72.895;0.00189377;90
46.2614;0.000931485;90
-7.79958;0.00127479;90
79.3605;0.00159238;90
98.7608;0.00208128;90
91.8323;0.000844432;90
-88.5733;0.0298813;90
-61.1754;0.00837119;90
-32.6136;0.000679073;90
-95.8306;0.00356344;90
-88.5533;0.00225772;90
-93.2267;0.0203242;90
84.5132;0.0174761;90
97.591;0.0482811;90
-65.6028;0.00121774;90
-87.5592;0.00464922;90
-129.64;0.00349709;90
-87.4329;0.00102703;90
-83.4775;0.00183991;90
-76.6376;0.00158799;90
-100.848;0.0023113;90
-62.7301;0.00138155;90
-66.9215;0.00156636;90
-73.0032;0.00178915;90
-74.3108;0.00239628;90
-89.2514;0.00413335;90
-99.3295;0.000993137;90
-82.614;0.0015791;90
-87.3501;0.00263882;90
-83.6907;0.00225667;90
-56.7128;0.00157788;90
-42.6789;0.00137928;90
-50.5142;0.00156003;90
-52.3742;0.00195577;90
-22.1633;0.00064679;90
-30.3822;0.000557571;90
59.2749;0.00230565;90
48.9715;0.00222566;90
52.8426;0.00219203;90
56.7674;0.00375156;90
52.4237;0.00856485;90
49.7593;0.00153405;90
46.8567;0.00144043;90
43.9549;0.00379921;90
43.8802;0.00358218;90
28.4012;0.00332182;90
-3.86661;0.00536822;90
-33.7966;0.00119372;90
-12.4867;0.0022154;90
-15.9338;0.0027174;90
17.4607;0.00474252;90
51.1754;0.00418063;90
66.4955;0.00464871;90
66.7279;0.00450014;90
54.5996;0.00393069;90
51.8705;0.00383033;90
55.9954;0.00409292;90
61.6556;0.0040904;90
62.97;0.00126745;90
75.4949;0.00231168;90
77.233;0.00245264;90
-7.99867;0.0011714;90
64.3394;0.00274802;90
81.1667;0.00369887;90
75.4672;0.0036942;90
78.9337;0.00345932;90
53.3353;0.00284862;90
55.5295;0.00287112;90
24.2166;0.00164802;90
58.8935;0.00261502;90
61.7161;0.00253461;90
64.4017;0.00304819;90
82.283;0.00380546;90
78.4715;0.00354757;90
39.2346;0.00213282;90
-7.94481;0.00196789;90
30.0143;0.00216307;90
-5.2007;0.00165481;90
-20.4719;0.00183275;90
-5.53345;0.0018667;90
-36.718;0.00248881;90
-8.09277;0.00195345;90
40.5693;0.00252626;90
62.5357;0.00601263;90
47.9931;0.00108335;90
48.1762;0.00187601;90
-15.5078;0.00169055;90
-20.2733;0.00227706;90
-2.31951;0.00229788;90
14.8273;0.00194993;90
49.511;0.0021038;90
-40.7424;0.00105721;90
-31.5798;0.00244039;90
-11.5626;0.00262426;90
-8.39827;0.00277981;90
-14.6056;0.00268476;90
-36.5519;0.00281084;90
-62.0774;0.00375631;90
-41.504;0.00264384;90
-25.6699;0.00243314;90
-19.7084;0.00197786;90
25.7975;0.00170269;90
62.5607;0.00249127;90
47.1129;0.00291526;90
77.5791;0.00397504;90
66.4501;0.00396198;90
64.836;0.00418851;90
57.7417;0.00367409;90
49.9729;0.00278162;90
54.6283;0.00309046;90
2.15235;0.00210348;90
7.78661;0.00240619;90
8.33084;0.00266411;90
12.3888;0.00253094;90
12.1253;0.00261842;90
-4.4469;0.00264396;90
36.7096;0.00285901;90
17.9977;0.00252768;90
-15.5143;0.00188052;90
11.5471;0.00137381;90
-0.0610504;0.001877;90
-28.337;0.00107025;90
-47.5419;0.00188134;90
-26.6207;0.00184342;90
21.5943;0.00226067;90
14.1715;0.00256919;90
37.0723;0.00277362;90
-16.1092;0.00230657;90
21.626;0.00242575;90
52.5038;0.00318379;90
13.7005;0.00190418;90
6.94914;0.00109101;90
-78.0449;0.00484202;90
-81.0742;0.00184332;90
-78.0851;0.00360364;90
-67.7557;0.00456471;90
-60.1886;0.00459623;90
-54.5931;0.00397149;90
-38.6974;0.00380674;90
-28.744;0.00349348;90
-21.8878;0.00369646;90
-28.4521;0.00343602;90
-23.9762;0.00338618;90
-38.9192;0.00389829;90
-53.0236;0.00355121;90
-24.2509;0.00112969;90
-73.9083;0.00247497;90
110.3;0.00068025;90
150.199;0.00152116;90
75.3342;0.00198673;90
50.7556;0.00304602;90
65.8691;0.00884492;90
68.9393;0.00195349;90
70.5229;0.00274721;90
78.8681;0.00707002;90
78.534;0.00489468;90
78.3781;0.0081409;90
74.0285;0.00601832;90
63.32;0.0106969;90
51.7642;0.00208919;90
55.4976;0.00289527;90
56.6043;0.00512883;90
59.5615;0.00536899;90
54.6283;0.00309046;90
61.3731;0.0139344;90
60.8566;0.00206777;90
63.4201;0.00345294;90
73.0769;0.00647227;90
73.4344;0.00611689;90
68.5079;0.00588199;90
63.4484;0.00571807;90
53.9034;0.00523128;90
47.7877;0.00489968;90
43.8804;0.00470457;90
37.1718;0.00474507;90
36.3464;0.00429078;90
36.8961;0.004379;90
39.3397;0.00456684;90
45.0086;0.00471004;90
52.0763;0.00494784;90
61.7609;0.00560285;90
70.261;0.00633632;90
68.0386;0.00498687;90
61.8504;0.00646918;90
48.302;0.005242;90
28.6205;0.00410225;90
24.0897;0.00329278;90
29.5094;0.00504094;90
51.0052;0.00499483;90
61.4628;0.00561407;90
68.4124;0.00622139;90
62.4623;0.00584861;90
60.0782;0.00574358;90
50.366;0.00534582;90
40.4039;0.0051005;90
40.3472;0.00479443;90
39.4757;0.00480377;90
35.3694;0.00455216;90
34.3582;0.00449532;90
45.9076;0.00499987;90
55.3395;0.00553532;90
63.4179;0.00601815;90
65.6999;0.00609939;90
64.359;0.00610079;90
60.2844;0.00607026;90
58.9429;0.00568724;90
61.9321;0.00593388;90
64.7666;0.00613877;90
68.9763;0.0062522;90
67.5831;0.00330148;90
72.7835;0.00984513;90
64.6457;0.00603202;90
49.7693;0.00415875;90
42.4962;0.00566509;90
39.0956;0.00474298;90
51.289;0.00331791;90
53.6885;0.0063005;90
46.4088;0.00391148;90
49.1775;0.0063483;90
25.306;0.00427416;90
11.8432;0.00389798;90
22.6911;0.00420985;90
26.0228;0.00425319;90
3.13198;0.00411815;90
-4.50682;0.00398332;90
12.1048;0.00397232;90
34.0404;0.00439996;90
49.035;0.00507476;90
60.9551;0.00573641;90
68.2392;0.00629563;90
66.7648;0.00555124;90
56.962;0.00594649;90
49.2266;0.00501784;90
45.8766;0.00522259;90
53.0825;0.0052958;90
56.6437;0.00557067;90
49.1175;0.0037127;90
54.8723;0.0067101;90
50.3546;0.00512982;90
53.0487;0.0036614;90
36.6995;0.00598543;90
35.1099;0.00449972;90
34.0655;0.00440247;90
16.2127;0.00429792;90
6.57558;0.00344063;90
-16.2527;0.0046092;90
-10.8132;0.00361926;90
9.74006;0.00413764;90
32.6396;0.00446276;90
47.5769;0.00495405;90
49.2466;0.00514702;90
49.7537;0.00505978;90
43.3562;0.00515198;90
39.5184;0.00464857;90
47.7035;0.0038828;90
38.4293;0.00535758;90
46.787;0.00517005;90
55.282;0.00395759;90
72.6865;0.00793346;90
77.4807;0.00720122;90
77.1482;0.00694601;90
68.6691;0.00590234;90
46.7424;0.00548827;90
36.6539;0.00381923;90
47.1941;0.0056702;90
48.3665;0.00505747;90
44.3566;0.004786;90
38.8182;0.00440615;90
26.9235;0.00443242;90
14.4208;0.00372228;90
18.7703;0.00437572;90
42.9571;0.00468119;90
46.8758;0.00537902;90
45.0578;0.00490803;90
45.3597;0.00484307;90
42.5854;0.00483383;90
47.5413;0.00456108;90
40.0618;0.00506826;90
41.6978;0.00466475;90
18.1158;0.00391717;90
4.17702;0.00370685;90
0.84452;0.00379941;90
2.15108;0.00388974;90
8.56298;0.00378115;90
29.5873;0.00396962;90
28.1835;0.00403771;90
10.3728;0.00339346;90
7.27398;0.00353041;90
5.80057;0.00361149;90
23.4417;0.00377562;90
38.8909;0.00425905;90
44.9449;0.00440952;90
27.6207;0.00429666;90
24.2596;0.00385766;90
22.9904;0.00386608;90
29.8786;0.00403883;90
47.7131;0.00437695;90
51.8135;0.00440456;90
62.9569;0.00594949;90
62.9208;0.0055819;90
55.0563;0.00514691;90
39.34;0.00390743;90
30.5212;0.00448551;90
9.43915;0.00365854;90
2.34726;0.00363805;90
1.39605;0.0036941;90
6.12961;0.00360561;90
12.3899;0.00371451;90
25.8535;0.00291695;90
21.3318;0.0041235;90
26.2822;0.00398606;90
35.8418;0.003723;90
39.0131;0.00412869;90
41.8248;0.0038809;90
44.38;0.00372455;90
38.1442;0.00393917;90
28.3791;0.00371552;90
17.5523;0.00580948;90
10.1726;0.00197606;90
8.03823;0.0031752;90
10.7386;0.00357969;90
11.0827;0.00341264;90
23.2303;0.00379029;90
33.596;0.00388374;90
47.2133;0.00435761;90
55.3537;0.00460327;90
60.2051;0.00511978;90
65.1654;0.00505;90
63.2602;0.00498511;90
60.6024;0.00485059;90
52.8183;0.00415326;90
44.9223;0.00365221;90
40.7364;0.00368078;90
42.2785;0.0040209;90
49.9224;0.00426048;90
40.9449;0.00453968;90
22.9143;0.00468468;90
15.3061;0.00423523;90
2.33978;0.00330676;90
-1.07964;0.00419274;90
7.93264;0.0038983;90
12.9693;0.00321707;90
27.4155;0.00331422;90
37.5156;0.00349602;90
39.6221;0.00371949;90
44.4761;0.00378954;90
42.9266;0.00377206;90
37.3375;0.00343111;90
29.0578;0.00351664;90
23.046;0.00315478;90
14.0756;0.00317431;90
13.5156;0.00325618;90
16.3905;0.00348357;90
31.1394;0.0043626;90
40.8805;0.00460668;90
50.2492;0.00442099;90
55.471;0.00462226;90
57.4849;0.00459888;90
53.5321;0.00458971;90
45.0196;0.0041394;90
33.1451;0.00414075;90
14.3181;0.00359879;90
14.9889;0.00353011;90
14.9114;0.00295346;90
24.3783;0.00454745;90
38.9415;0.00406666;90
52.7194;0.00446411;90
55.5305;0.00491371;90
45.6003;0.00431925;90
25.0573;0.00419811;90
0.192019;0.00387902;90
-4.95479;0.00348502;90
13.7324;0.00352167;90
32.7369;0.00421797;90
37.8033;0.00357287;90
39.358;0.00493405;90
46.7742;0.004979;90
49.1559;0.00468346;90
36.8204;0.0041698;90
30.3914;0.00348485;90
9.81427;0.00366666;90
10.9951;0.00406869;90
21.0293;0.00399616;90
32.0674;0.0040157;90
37.5323;0.00394446;90
33.3623;0.00402414;90
26.8126;0.00372667;90
26.0599;0.00461632;90
21.6295;0.00389851;90
23.6405;0.00383045;90
28.9892;0.00391215;90
30.0083;0.00350712;90
38.515;0.00475816;90
27.6788;0.00404939;90
19.6023;0.0037408;90
3.1254;0.00350321;90
-3.29207;0.00325637;90
-13.7591;0.00416245;90
-11.9836;0.00385297;90
2.37322;0.00393638;90
13.9643;0.0040569;90
18.3558;0.00388992;90
11.7313;0.00410678;90
8.41313;0.00303466;90
-9.21433;0.00508968;90
-16.2574;0.0041364;90
-24.6823;0.00387944;90
-20.0895;0.00482986;90
-14.4346;0.00411593;90
-6.74558;0.00393323;90
3.39071;0.00402404;90
10.301;0.00400963;90
12.0839;0.00406507;90
11.8051;0.00413036;90
17.802;0.00415074;90
26.3001;0.00386844;90
35.7586;0.00473329;90
31.4407;0.00488291;90
10.5527;0.00415528;90
2.31145;0.00406631;90
0.245531;0.00396704;90
13.3394;0.00414791;90
24.2543;0.00422603;90
32.415;0.00453691;90
34.8568;0.00430426;90
20.8351;0.00447032;90
12.7585;0.0042202;90
3.30781;0.00407279;90
0.0295644;0.003876;90
-1.1975;0.00416291;90
4.20682;0.0040078;90
10.2342;0.00413682;90
12.8347;0.00400199;90
12.287;0.00339271;90
-10.5083;0.00470999;90
-24.499;0.00456499;90
-26.654;0.00432009;90
-22.9927;0.00442125;90
-8.18304;0.00428563;90
9.00514;0.00430608;90
19.4279;0.00417894;90
22.5405;0.00355562;90
15.7233;0.00481933;90
14.0089;0.00406902;90
3.56969;0.00430435;90
-1.92409;0.00396123;90
-2.31272;0.00403929;90
-3.54181;0.00393351;90
-0.868051;0.00369642;90
3.98704;0.00240181;90
10.0157;0.00898696;90
15.8914;0.00189544;90
26.2481;0.00291006;90
24.4843;0.00341181;90
25.0584;0.00600413;90
24.6705;0.004207;90
21.9219;0.00432578;90
23.1933;0.00425814;90
21.8092;0.0041048;90
23.6837;0.00398569;90
27.1573;0.00428319;90
8.50351;0.00447014;90
8.06889;0.00410363;90
4.29882;0.00413563;90
7.54442;0.00369398;90
7.21798;0.00328705;90
9.86581;0.00322164;90
16.5579;0.00349493;90
17.9418;0.00382081;90
9.31143;0.00374535;90
0.559876;0.00399119;90
-13.7946;0.00402613;90
-18.4754;0.00402969;90
-16.4414;0.00423622;90
-17.3753;0.00417239;90
-10.1669;0.00401098;90
-7.53737;0.00403285;90
-2.66482;0.00438774;90
-1.44517;0.00416332;90
2.52916;0.00414704;90
3.54191;0.00425713;90
5.56161;0.00669652;90
8.48043;0.00168846;90
5.39149;0.00444868;90
-2.53308;0.00423113;90
13.4802;0.00417399;90
24.6682;0.00456676;90
-2.03853;0.00416063;90
-16.3918;0.00426641;90
-15.5928;0.00428573;90
-18.2168;0.00440161;90
-13.6429;0.00423962;90
-10.9596;0.0042658;90
-5.63239;0.00422841;90
-2.58292;0.00410517;90
1.11068;0.00453985;90
4.08465;0.00422573;90
8.16457;0.00423189;90
11.4895;0.004192;90
18.0311;0.00439694;90
19.3413;0.00759674;90
19.218;0.00168913;90
17.0052;0.00371335;90
14.0101;0.00424631;90
12.6498;0.00462117;90
10.2976;0.00421794;90
13.55;0.00414436;90
18.2563;0.00446263;90
26.7039;0.00775068;90
31.1964;0.00168927;90
35.7539;0.00412798;90
52.3072;0.0058208;90
143.635;0.000748829;90
106.205;0.00318556;90
106.345;0.00508137;90
113.031;0.00438881;90
81.676;0.00334322;90
4.91272;0.000957518;90
4.87139;0.00406268;90
-0.939191;0.00128117;90
30.7242;0.00201015;90
32.74;0.0050848;90
27.4319;0.001005;90
55.9597;0.000907506;90
96.2957;0.00170528;90
57.4881;0.00151077;90
58.7109;0.00241645;90
60.2748;0.00252299;90
78.5781;0.0034136;90
79.8218;0.00323694;90
73.5316;0.0035663;90
72.8355;0.00688882;90
72.1354;0.00149299;90
67.1412;0.00243525;90
78.9913;0.00391708;90
84.3917;0.0040112;90
76.5481;0.00370978;90
72.6207;0.00338136;90
62.2034;0.00287133;90
28.692;0.00162674;90
43.2991;0.00161999;90
77.4108;0.00246834;90
76.5893;0.0023326;90
70.8331;0.00155945;90
48.6192;0.0013554;90
61.8087;0.00226918;90
89.0832;0.00406252;90
107.023;0.00089836;90
-70.1531;0.00197639;90
-102.235;0.00313317;90
-146.746;0.000510616;90
-109.411;0.0016519;90
-118.063;0.00171118;90
-112.132;0.00202523;90
-107.67;0.0013969;90
-99.6841;0.00203906;90
-93.0345;0.00166233;90
-179.939;0.000938001;90
-176.275;0.00115444;90
-119.602;0.001992;90
-114.303;0.00279905;90
-105.263;0.00321749;90
-103.587;0.00352464;90
-97.2286;0.00336172;90
-97.6795;0.003345;90
-110.982;0.00302454;90
-106.627;0.00342835;90
-107.791;0.00365582;90
-109.705;0.00350846;90
-101.334;0.00372464;90
-100.303;0.00337136;90
-112.638;0.00287338;90
-123.788;0.00258574;90
-119.456;0.00199488;90
-84.9393;0.00147374;90
-120.294;0.00120332;90
-152.471;0.00207268;90
-145.958;0.00220969;90
-142.462;0.00231416;90
-169.232;0.00248883;90
-179.396;0.00237313;90
-170.781;0.00243444;90
-134.115;0.00219795;90
148.536;0.00272813;90
152.67;0.00314732;90
165.21;0.00269117;90
159.359;0.00260417;90
156.498;0.00292896;90
153.942;0.00242444;90
170.538;0.00153894;90
158.779;0.000806702;90
72.512;0.000382688;90
-169.245;0.00241136;90
124.347;0.00367957;90
127.148;0.00086441;90
127.764;0.00135857;90
125.987;0.00105172;90
74.8332;0.00108168;90
-79.5291;0.00182133;90
-54.485;0.00382327;90
-51.4988;0.00186175;90
-11.9978;0.00156826;90
-14.9919;0.00219574;90
16.4166;0.000835043;90
-24.6729;0.00215361;90
-24.0638;0.00275657;90
-22.676;0.00274954;90
-16.6585;0.00256046;90
-20.2502;0.00267536;90
-32.001;0.00277582;90
-17.7244;0.000968996;90
36.7165;0.00201721;90
12.5514;0.00275176;90
-3.5098;0.00279324;90
28.2968;0.00295967;90
31.9957;0.00187598;90
32.1082;0.00194913;90
31.3169;0.00180849;90
80.9466;0.00129007;90
89.0932;0.00139017;90
53.5259;0.00165024;90
58.9511;0.00265429;90
70.6398;0.00354443;90
80.1038;0.00395079;90
76.2511;0.00382047;90
67.7748;0.00323862;90
72.0161;0.00349474;90
72.9878;0.00376996;90
76.0452;0.00392278;90
83.2324;0.00417509;90
78.1596;0.00379168;90
73.6795;0.0034198;90
63.9877;0.00338378;90
38.7987;0.00161031;90
1.98805;0.00135482;90
86.0918;0.00202471;90
75.9197;0.00252383;90
67.2827;0.00257908;90
59.238;0.00155825;90
66.6182;0.00209395;90
53.6329;0.00168646;90
100.099;0.00207008;90
115.679;0.00141694;90
91.0027;0.000857131;90
82.3789;0.000143265;90
-80.9477;0.00130931;90
-61.4022;0.00144988;90
-71.6373;0.000752306;90
-104.703;0.00172964;90
-131.616;0.00138977;90
-106.751;0.00137745;90
-130.639;0.00115309;90
-112.857;0.00193602;90
-109.363;0.00206903;90
-101.644;0.00212064;90
-92.1707;0.00179529;90
179.2;0.000931091;90
-163.7;0.00137528;90
-117.95;0.00222106;90
-113.734;0.00241746;90
-105.279;0.00230342;90
-105.339;0.00221905;90
-101.827;0.00180532;90
-95.3303;0.00160394;90
-97.9663;0.00173171;90
-96.5833;0.00166598;90
-100.345;0.00165389;90
-108.044;0.00171431;90
-112.209;0.00169581;90
-106.436;0.00194029;90
-104.881;0.00184177;90
-108.559;0.00175001;90
-110.799;0.00168693;90
-107.814;0.00154613;90
-107.918;0.00161219;90
-104.688;0.00142766;90
-103.627;0.00139219;90
-96.418;0.00170871;90
-100.231;0.00173966;90
-102.823;0.00213115;90
-114.874;0.00189477;90
-126.574;0.00166482;90
-124.579;0.00168094;90
-104.912;0.00155435;90
-87.1833;0.00162797;90
-146.818;0.00109447;90
-149.173;0.00122159;90
-142.234;0.00120175;90
-123.062;0.00139127;90
-179.526;0.00108704;90
-151.053;0.00103306;90
-147.004;0.00121377;90
-156.306;0.00112481;90
176.615;0.00110092;90
174.92;0.00108426;90
-177.047;0.00116455;90
-173.056;0.00114137;90
-163.537;0.00127737;90
-143.473;0.00123822;90
-114.134;0.00169736;90
145.89;0.00113412;90
128.148;0.00146997;90
136.563;0.00119263;90
148.037;0.00115985;90
156.756;0.00115799;90
166.566;0.00120086;90
165.805;0.00122748;90
161.761;0.00120452;90
166.105;0.00118261;90
-161.841;0.00118081;90
-154.065;0.000813978;90
145.057;0.0012431;90
151.843;0.00127147;90
163.047;0.00112488;90
143.618;0.00117504;90
178.314;0.00105346;90
142.602;0.00104224;90
87.7574;0.00176335;90
44.3333;0.000911522;90
72.8486;0.00138353;90
77.7814;0.00200338;90
95.0938;0.00206114;90
111.149;0.0018099;90
118.222;0.00168536;90
106.113;0.00188089;90
83.033;0.00206928;90
68.0373;0.00197859;90
65.9183;0.0018062;90
63.2126;0.00184388;90
49.8587;0.00176988;90
56.397;0.000729986;90
56.5577;0.00147524;90
64.2648;0.00166739;90
67.6199;0.00178332;90
64.5325;0.00177442;90
58.5379;0.00175501;90
53.7819;0.00172291;90
54.6294;0.00167397;90
56.5077;0.00168713;90
55.2408;0.00175399;90
64.8129;0.00195265;90
82.613;0.00217001;90
87.0151;0.00226607;90
85.5227;0.002293;90
86.4766;0.00229434;90
88.3972;0.00232391;90
91.1755;0.0023885;90
90.1892;0.00242301;90
88.318;0.00248707;90
86.1954;0.00200442;90
84.3434;0.00158271;90
82.1089;0.00186466;90
81.3377;0.0020251;90
82.5271;0.0020837;90
81.2517;0.00205794;90
81.3818;0.00200868;90
80.7994;0.00219524;90
80.2185;0.00215432;90
81.857;0.00188501;90
83.5426;0.00156493;90
83.6529;0.0018272;90
87.7907;0.00197147;90
89.4721;0.00206209;90
89.3922;0.00216812;90
86.0397;0.00221529;90
78.8112;0.00194803;90
74.2793;0.00199669;90
71.2001;0.001837;90
72.0537;0.00200243;90
71.46;0.00189642;90
74.4923;0.00187008;90
80.6248;0.00194599;90
83.5115;0.0019203;90
90.4584;0.00187506;90
92.7448;0.0019212;90
93.9286;0.00189746;90
91.4781;0.00189963;90
93.4244;0.00185832;90
90.7714;0.00193118;90
94.491;0.00176241;90
97.0338;0.00171491;90
104.293;0.00183892;90
107.004;0.00174739;90
110.372;0.00153395;90
107.296;0.00146316;90
106.625;0.00141203;90
119.277;0.00147433;90
127.875;0.00151643;90
142.71;0.000627217;90
141.5;0.000893161;90
131.025;0.00117308;90
107.864;0.00104645;90
84.3914;0.00145296;90
88.7212;0.00286771;90
90.0697;0.002466;90
15.6782;0.000736398;90
-10.947;0.00102159;90
-9.17808;0.000927879;90
-11.5481;0.00084919;90
-21.0426;0.000813231;90
-28.7578;0.000900006;90
-33.0434;0.000982991;90
-34.4849;0.000999666;90
-34.8926;0.00099119;90
-30.7544;0.000985609;90
-23.2916;0.000971144;90
-11.7021;0.00106003;90
-6.13148;0.00127328;90
-8.66254;0.00135445;90
-26.8232;0.00138951;90
-45.2146;0.00151039;90
-50.661;0.00146236;90
-51.4764;0.00137917;90
-49.514;0.00123987;90
-36.7716;0.001166;90
-24.439;0.000964409;90
-89.1529;0.000744081;90
-126.63;0.000908408;90
-129.603;0.0010526;90
-109.858;0.000942017;90
-99.7394;0.00108768;90
-106.479;0.00122325;90
-124.377;0.00141154;90
-109.35;0.00197984;90
-95.5015;0.00190879;90
-92.6663;0.00122533;90
-75.6036;0.00104171;90
-83.7718;0.00129967;90
-81.1554;0.00181458;90
-102.51;0.00162047;90
-110.342;0.00191012;90
-106.266;0.0018386;90
-98.4174;0.00174884;90
-63.4861;0.00100131;90
-77.0363;0.00152897;90
-82.9085;0.00148234;90
29.0463;0.00067145;90
24.9996;0.000998553;90
33.312;0.00100874;90
21.3535;0.000950232;90
17.7885;0.000896879;90
8.25253;0.000794224;90
-65.8266;0.00148962;90
-63.8268;0.0016346;90
-46.4285;0.00113455;90
-54.9711;0.00089026;90
-64.7595;0.00108344;90
-71.7049;0.00116594;90
-38.7121;0.00102653;90
-74.5816;0.00153837;90
-72.8203;0.00158784;90
-20.8358;0.000958695;90
-25.5546;0.000836867;90
-48.605;0.0010571;90
-16.6828;0.00100323;90
1.77757;0.000870419;90
44.7565;0.000998444;90
-13.5443;0.000734425;90
-66.2384;0.00138981;90
-73.5717;0.00141789;90
-102.556;0.00137078;90
-109.312;0.00148771;90
-88.7242;0.00139235;90
-84.2639;0.00179097;90
-99.5353;0.00167819;90
-111.758;0.00146217;90
-84.5616;0.00140332;90
-40.3103;0.00104649;90
-17.1372;0.000977394;90
-11.743;0.000830379;90
-11.8361;0.0010677;90
5.49644;0.0010649;90
25.0447;0.000994506;90
22.819;0.000951467;90
-16.2566;0.00063228;90
-88.8193;0.00111624;90
-85.1672;0.00103267;90
-74.5272;0.00101582;90
-64.3295;0.0012604;90
-102.764;0.00100483;90
-89.4608;0.000850038;90
-116.788;0.000803202;90
-108.643;0.000872794;90
-94.468;0.00107828;90
-93.5329;0.00123334;90
-82.9115;0.00136141;90
-85.4565;0.00172943;90
-90.5452;0.00115605;90
-74.1122;0.00355064;90
-105.508;0.00296598;90
-135.191;0.000849947;90
-104.529;0.00115597;90
-129.169;0.00114152;90
-113.379;0.00158514;90
-107.541;0.00168222;90
-110.109;0.00221928;90
-87.3532;0.00188401;90
-153.381;0.000955249;90
139.294;0.00106719;90
131.365;0.00132708;90
164.957;0.00125604;90
164.088;0.00117814;90
152.222;0.00120372;90
157.068;0.00107279;90
-167.813;0.00103738;90
-177.298;0.000997108;90
-157.375;0.000904615;90
-133.477;0.00103769;90
-116.816;0.00122582;90
-118.61;0.00111517;90
-129.792;0.00106719;90
-141.91;0.000911007;90
110.974;0.00136333;90
95.1074;0.00137044;90
101.755;0.00088353;90
101.705;0.00122242;90
107.883;0.000918368;90
70.8269;0.00198829;90
81.6476;0.00185871;90
76.1048;0.00147826;90
86.51;0.00206984;90
79.2303;0.00220484;90
88.5507;0.00225372;90
66.526;0.000928872;90
80.0247;0.00132199;90
75.2447;0.00173936;90
88.4498;0.00155257;90
85.6631;0.00206291;90
69.422;0.00153066;90
62.6294;0.00152694;90
46.1592;0.00150291;90
43.2714;0.00138302;90
53.1005;0.0015506;90
92.3107;0.00171139;90
64.7395;0.00159115;90
48.2975;0.00179478;90
49.0856;0.00150856;90
62.9431;0.00171915;90
98.3491;0.001887;90
72.3114;0.00186938;90
71.4911;0.00195935;90
48.4763;0.000909599;90
8.97263;0.000981005;90
-44.5999;0.0010126;90
-44.0632;0.00112445;90
35.3872;0.000973926;90
8.60647;0.000748428;90
67.6639;0.00127355;90
-0.0843825;0.000679001;90
60.1943;0.00105219;90
87.3808;0.0012473;90
96.789;0.0012266;90
92.9357;0.000898179;90
68.7007;0.00139853;90
26.9861;0.000791142;90
38.2721;0.00117695;90
46.0487;0.00104316;90
31.6788;0.000632193;90
-32.4712;0.000873573;90
-21.5391;0.000729976;90
40.6132;0.00156233;90
30.0204;0.000541666;90
19.0642;0.00106544;90
-12.2559;0.000819681;90
-32.4045;0.000791202;90
-65.8178;0.00103261;90
-89.3097;0.00190914;90
-76.6294;0.00133622;90
-63.6263;0.00160729;90
-26.4397;0.00102189;90
-77.8767;0.000980876;90
-96.5138;0.00134871;90
-76.1279;0.000846695;90
-61.1151;0.00104958;90
-36.4837;0.000830819;90
-49.722;0.00468989;90
6.26349;0.000494955;90
-61.2429;0.000841825;90
-49.2268;0.000940181;90
-35.5543;0.000801411;90
-90.0844;0.00475301;90
-27.1952;0.00048794;90
-40.9678;0.000864811;90
-20.3873;0.000993215;90
35.6802;0.000934401;90
-12.0434;0.000857882;90
-22.2856;0.000922939;90
-30.6236;0.001011;90
-28.5242;0.00100727;90
-30.551;0.000952185;90
-44.1575;0.00105795;90
-80.9414;0.00121313;90
-91.6569;0.00169471;90
-109.108;0.00131971;90
-105.364;0.0016116;90
-123.161;0.00126144;90
-137.288;0.00116907;90
-141.539;0.00108042;90
-147.056;0.00108675;90
-143.488;0.00108742;90
-137.085;0.00101042;90
126.519;0.00101162;90
109.617;0.00167099;90
147.522;0.00128497;90
143.764;0.00103026;90
139.91;0.00108231;90
137.773;0.00108173;90
141.442;0.00105886;90
178.271;0.000828377;90
-173.904;0.0007251;90
165.25;0.000934805;90
152.368;0.000864614;90
151.874;0.000952471;90
139.426;0.00115461;90
126.392;0.00131805;90
135.272;0.00104158;90
167.849;0.000788668;90
144.766;0.00120469;90
141.349;0.00105511;90
136.861;0.00117583;90
154.608;0.0010051;90
161.359;0.000966715;90
145.82;0.00106978;90
116.952;0.00145616;90
151.148;0.000739833;90
-163.985;0.000793807;90
-136.57;0.000903314;90
-88.676;0.00129835;90
-74.7245;0.000986866;90
-70.5149;0.000845419;90
-58.755;0.000838638;90
-95.8125;0.00151077;90
-99.8373;0.00120573;90
-120.366;0.000904018;90
69.8846;0.00162832;90
85.9569;0.00201401;90
114.19;0.00164;90
90.3461;0.00182103;90
-87.3951;0.00226634;90
-59.0106;0.00114784;90
-89.0085;0.0013292;90
-102.604;0.00115483;90
-111.329;0.000901767;90
-93.1092;0.00112466;90
71.2551;0.00163682;90
83.5456;0.00193929;90
96.4548;0.0013254;90
113.816;0.00210746;90
-85.1649;0.000866082;90
-59.677;0.0014875;90
-83.8875;0.00136174;90
-100.665;0.000783534;90
93.1161;0.0018948;90
108.754;0.00164852;90
91.5372;0.00197571;90
-96.6348;0.00115977;90
-83.5773;0.000920779;90
-74.6252;0.000965555;90
-56.6649;0.000895303;90
-87.3912;0.0012523;90
-108.013;0.000814941;90
82.6198;0.00217199;90
114.104;0.00172873;90
94.734;0.00208411;90
-88.8111;0.00130128;90
-80.8005;0.00172012;90
-52.9715;0.000866803;90
-87.847;0.00133094;90
-98.117;0.00123942;90
-124.345;0.000994365;90
-90.663;0.00103707;90
73.9699;0.00167305;90
78.049;0.00222625;90
112.081;0.00152161;90
94.3987;0.00203399;90
-111.933;0.00105215;90
-72.1738;0.00160716;90
-62.6707;0.000938785;90
-104.393;0.0014402;90
-77.6855;0.000783016;90
85.2418;0.00262806;90
113.347;0.00161744;90
92.2487;0.00224273;90
172.665;0.000845923;90
-159.242;0.00116246;90
-157.129;0.000964855;90
-179.428;0.00080104;90
179.117;0.000649077;90
149.986;0.000765675;90
172.738;0.000830663;90
156.103;0.000893607;90
149.782;0.000961674;90
-156.712;0.000672815;90
180;0.000771;90
-141.965;0.000973801;90
-121.085;0.00105558;90
-123.101;0.000781891;90
-129.876;0.000839154;90
-129.051;0.000914263;90
-135.878;0.00101552;90
-131.459;0.000869989;90
-123.484;0.00115462;90
-114.088;0.00125203;90
-108.203;0.00140533;90
-86.5222;0.00145067;90
-98.9232;0.00120559;90
-98.7004;0.00123623;90
-103.001;0.00128904;90
-100.025;0.0013557;90
-105.034;0.00129534;90
-93.2809;0.00125806;90
-96.3599;0.00128189;90
-97.569;0.00132858;90
-85.6097;0.00104507;90
-108.46;0.00143378;90
-97.2854;0.00150616;90
-104.681;0.000840439;90
-99.4288;0.000842381;90
-116.377;0.00122671;90
-80.0751;0.00103854;90
-70.6296;0.00127836;90
-79.2888;0.00242119;90
-75.7787;0.00135142;90
34.6775;0.000820801;90
50.6565;0.000968502;90
62.4736;0.00117276;90
59.6804;0.00163226;90
40.1176;0.0012462;90
4.34775;0.00112123;90
8.03127;0.000901845;90
-4.2861;0.000936619;90
-21.0238;0.00090312;90
-35.5671;0.000906034;90
-25.8768;0.000893597;90
-10.952;0.00087901;90
-11.1221;0.000777605;90
-41.8948;0.00078321;90
-67.2129;0.00113347;90
5.27793;0.000869687;90
28.1371;0.000782471;90
97.378;0.00157302;90
73.6459;0.00173312;90
75.8107;0.00108923;90
68.7155;0.00148209;90
63.2512;0.00125534;90
57.5198;0.000972051;90
66.5367;0.00161994;90
52.0989;0.00115579;90
67.6409;0.0017744;90
112.452;0.00130924;90
116.475;0.00113727;90
96.5913;0.000932161;90
83.0872;0.00110503;90
-90.234;0.00171401;90
-66.5355;0.00181074;90
-83.6228;0.00153953;90
-110.921;0.00145064;90
-162.761;0.000803077;90
-102.972;0.00112265;90
-118.995;0.00195161;90
-121.256;0.00134525;90
-105.28;0.0020567;90
-110.193;0.00170052;90
-89.2189;0.00168716;90
-141.305;0.00101732;90
-172.222;0.00119701;90
-123.936;0.00187185;90
-118.439;0.00232452;90
-105.98;0.00202318;90
-103.556;0.00211183;90
-103.878;0.00219714;90
-100.355;0.00163564;90
-95.4878;0.00171486;90
-96.3056;0.00201217;90
-99.0041;0.00170602;90
-106.211;0.00157252;90
-112.502;0.00153377;90
-111.332;0.0017209;90
-99.5193;0.00182006;90
-106.756;0.00145685;90
-108.409;0.00141227;90
-115.463;0.00141882;90
-108.449;0.00127977;90
-107.1;0.00143859;90
-105.292;0.00150529;90
-106.659;0.00109183;90
-98.0149;0.00147743;90
-99.2024;0.00159452;90
-101.753;0.00164958;90
-101.423;0.00238831;90
-124.812;0.00130324;90
-120.824;0.00154761;90
-127.432;0.00148727;90
-112.608;0.00149054;90
-84.4843;0.00155018;90
-130.694;0.000941696;90
-149.036;0.000973769;90
-154.098;0.00104387;90
-134.956;0.000928431;90
-114.96;0.00110192;90
-153.435;0.00086983;90
166.481;0.000671609;90
-153.282;0.000836292;90
-146.34;0.00105005;90
-158.82;0.00083865;90
-167.393;0.00079722;90
176.824;0.000902386;90
172.805;0.000814413;90
175.146;0.00083901;90
-162.3;0.000740034;90
-173.59;0.000725536;90
-165.391;0.000824662;90
-162.503;0.000791624;90
-138.491;0.000952119;90
-113.059;0.0013455;90
-175.879;0.000695799;90
140.553;0.000716124;90
123.158;0.00107506;90
136.324;0.000948484;90
138.313;0.000807452;90
148.507;0.00102029;90
158.13;0.000928849;90
174.448;0.00075454;90
154.558;0.00079843;90
172.601;0.000830918;90
169.721;0.000806952;90
154.138;0.000729013;90
169.17;0.000819598;90
173.285;0.000709869;90
-145.62;0.000943891;90
-150.415;0.000534716;90
151.936;0.000786471;90
141.325;0.00114897;90
153.189;0.000833614;90
171.113;0.000802636;90
134.532;0.000952505;90
169.807;0.000825021;90
-176.776;0.000871379;90
132.649;0.00112029;90
93.8682;0.00112657;90
70.9285;0.00142311;90
17.9508;0.000561324;90
75.7116;0.00137762;90
78.6681;0.00153186;90
90.1496;0.00153201;90
103.311;0.00157224;90
120.29;0.00121138;90
118.336;0.00131678;90
107.434;0.00137517;90
93.4465;0.00159689;90
70.6932;0.00355386;90
63.9079;0.00157111;90
64.171;0.00146206;90
44.8004;0.000811764;90
53.5863;0.00140664;90
55.3735;0.00190066;90
67.7533;0.00205497;90
66.7681;0.00180756;90
63.4208;0.00180808;90
54.167;0.00166887;90
54.8181;0.0018536;90
56.5915;0.00158008;90
52.6989;0.00154124;90
57.1706;0.00186484;90
71.9612;0.00224116;90
84.64;0.00213032;90
84.6954;0.00226068;90
83.9423;0.00246376;90
89.6683;0.00259104;90
90.4085;0.00210405;90
92.4242;0.00224601;90
88.191;0.00253426;90
88.4089;0.00244894;90
86.206;0.00208557;90
83.3166;0.00202778;90
79.0917;0.00237797;90
82.6924;0.00237428;90
81.4549;0.00197189;90
81.0533;0.00206411;90
81.424;0.00238062;90
81.9724;0.00229145;90
80.7723;0.00192694;90
82.5885;0.00198458;90
85.5687;0.00256266;90
89.8111;0.00242701;90
90.1102;0.002079;90
84.4371;0.00239327;90
79.3789;0.0024632;90
72.725;0.00224947;90
71.1874;0.00172727;90
72.3007;0.0020196;90
72.2626;0.00210402;90
77.6814;0.00221704;90
84.0218;0.00223717;90
84.7672;0.00162276;90
94.7703;0.00141892;90
91.984;0.00153092;90
93.1819;0.00151333;90
92.1124;0.001465;90
94.2446;0.00154022;90
94.1721;0.00141575;90
89.8184;0.00126201;90
93.4866;0.0015128;90
96.9962;0.00137927;90
-85.5342;0.00255576;90
-87.0205;0.00271267;90
-86.7848;0.00197912;90
-87.4568;0.00232129;90
-86.9212;0.00232736;90
-90.5359;0.0023521;90
-93.6596;0.00197403;90
-100.516;0.00227928;90
-105.931;0.00222236;90
-107.368;0.00222442;90
-108.208;0.00167381;90
-108.919;0.00209414;90
-103.954;0.00219786;90
-98.1265;0.0022708;90
-91.4857;0.00173558;90
-88.9171;0.0022224;90
-90.4607;0.00236308;90
-96.0708;0.00213698;90
-97.3643;0.00184119;90
-100.358;0.00223034;90
-97.4433;0.00250107;90
-98.6333;0.00223836;90
-98.3891;0.00172041;90
-98.5131;0.00224271;90
-97.7435;0.00226364;90
-99.6984;0.0021548;90
-96.2915;0.0015604;90
-93.4127;0.00218387;90
-94.1143;0.0021325;90
-90.4871;0.00223508;90
-91.2289;0.00158536;90
-88.8401;0.00227247;90
-92.8785;0.00213069;90
-88.9381;0.00205035;90
-100.517;0.00154495;90
-90.3195;0.00215203;90
-95.6042;0.00230401;90
-102.273;0.00213581;90
-125.14;0.00158972;90
-123.63;0.00105449;90
-120.954;0.000993491;90
-130.091;0.000900623;90
-121.475;0.00119128;90
-125.181;0.00106566;90
-132.299;0.000765233;90
-114.85;0.00122547;90
-123.736;0.00138647;90
-116.613;0.00106482;90
-109.233;0.00104429;90
67.5668;0.00229032;90
58.1782;0.00178653;90
56.156;0.0016519;90
51.5584;0.00131249;90
56.6513;0.00158259;90
56.922;0.00181758;90
57.4535;0.00175098;90
73.865;0.00186756;90
85.8632;0.00231503;90
88.2458;0.00225406;90
81.1153;0.00220141;90
90.1093;0.002097;90
89.6418;0.00239905;90
89.8125;0.00244401;90
91.5074;0.0023188;90
87.2208;0.0019593;90
87.0065;0.00218298;90
82.4384;0.00240895;90
79.582;0.0021291;90
84.0929;0.00200163;90
80.6723;0.00223961;90
81.4781;0.00254409;90
80.8922;0.00207212;90
81.7299;0.00196746;90
81.8387;0.00233869;90
82.3454;0.00214713;90
85.0822;0.00243797;90
88.1551;0.00201905;90
91.1135;0.00252148;90
85.6151;0.00253743;90
79.3263;0.00208406;90
73.2513;0.00199879;90
71.8641;0.00218137;90
71.6074;0.00213928;90
72.0534;0.00189206;90
77.7543;0.00190945;90
81.0503;0.00220484;90
88.4532;0.00225982;90
90.8403;0.00231825;90
92.4356;0.00225904;90
92.7749;0.00156984;90
93.3509;0.00130022;90
92.0531;0.00106068;90
92.9533;0.00141688;90
92.7961;0.00125049;90
94.8269;0.0013548;90
95.2053;0.00143291;90
104.904;0.00120142;90
109.832;0.00142661;90
111.914;0.00113609;90
-68.3469;0.00215184;90
-78.5423;0.00220494;90
-84.3905;0.00242461;90
-86.7612;0.00242487;90
-86.8175;0.00241372;90
-87.8149;0.00238674;90
-88.0044;0.00229739;90
-89.7038;0.00232103;90
-94.2904;0.00235259;90
-100.945;0.00218576;90
-106.493;0.0022579;90
-107.75;0.00208947;90
-108.347;0.00206181;90
-108.086;0.00207765;90
-103.357;0.00204739;90
-96.8428;0.00214025;90
-89.8003;0.00200801;90
-89.8912;0.002107;90
-92.8241;0.00209054;90
-92.5479;0.00204702;90
-99.1715;0.00239664;90
-98.8974;0.00221769;90
-99.1319;0.00228091;90
-98.2716;0.00217563;90
-98.4458;0.00223322;90
-98.5386;0.00216196;90
-96.0013;0.00233379;90
-101.606;0.00208768;90
-95.6231;0.00221466;90
-93.8141;0.00230009;90
-91.15;0.00244149;90
-89.714;0.00220403;90
-87.4058;0.00218724;90
-92.3181;0.00224984;90
-94.1805;0.00219484;90
-95.1115;0.0021887;90
-91.0661;0.00225739;90
-97.8297;0.00231962;90
-109.894;0.00208651;90
-125.662;0.00170838;90
-125.337;0.00189148;90
-127.704;0.00175939;90
-123.598;0.00172401;90
-123.044;0.00167253;90
-114.367;0.00191235;90
-110.901;0.00204346;90
-119.389;0.00189715;90
-122.317;0.00116909;90
-127.885;0.000981954;90
-158.82;0.000548019;90
-114.343;0.0014532;90
-119.751;0.00119904;90
-112.484;0.0014957;90
-113.848;0.00147165;90
-103.612;0.00150837;90
-93.4235;0.00147363;90
-77.997;0.00126465;90
-66.4151;0.00140212;90
-58.1369;0.00136581;90
-72.6373;0.00157161;90
-87.4988;0.00192483;90
-102.522;0.00172503;90
-105.439;0.00147627;90
-160.085;0.0006488;90
-100.478;0.00136374;90
-74.1135;0.00133707;90
4.68789;0.000942152;90
-17.6773;0.00100443;90
-27.3535;0.000975018;90
-23.1221;0.000982961;90
-31.5891;0.00102133;90
-35.6323;0.00105565;90
-26.1969;0.000765645;90
43.5294;0.00115721;90
7.14871;0.000899996;90
-18.2559;0.00101193;90
-24.1932;0.000983371;90
-8.06226;0.000955443;90
-14.8532;0.00103767;90
-19.8596;0.00103027;90
-28.3416;0.0011396;90
-27.9635;0.000989531;90
-46.8952;0.00126146;90
-49.1924;0.00132513;90
-29.2255;0.000944191;90
61.5325;0.00102379;90
61.8375;0.00112294;90
18.244;0.000948689;90
14.8163;0.000961985;90
9.03391;0.000923455;90
15.4168;0.00105703;90
-7.59464;0.000907965;90
-12.0678;0.00103794;90
17.951;0.000973384;90
15.5636;0.00101003;90
35.4844;0.00112493;90
29.4902;0.00106038;90
-5.94204;0.000985294;90
53.5341;0.00121983;90
44.8233;0.00114623;90
30.8685;0.00103105;90
37.4174;0.00110925;90
68.3721;0.000919753;90
95.6809;0.0013436;90
62.8655;0.00189002;90
54.3439;0.00123688;90
58.6168;0.000819957;90
51.5004;0.000949384;90
62.6517;0.00107967;90
75.5148;0.00108344;90
80.4372;0.00131223;90
76.8981;0.0010411;90
78.9418;0.00111572;90
82.2275;0.00140491;90
76.9824;0.00167813;90
74.9763;0.00227993;90
68.9023;0.00184465;90
65.0396;0.00183653;90
74.2133;0.00203267;90
78.5272;0.00172446;90
74.8297;0.00177692;90
68.0668;0.00153403;90
70.332;0.00163116;90
78.4205;0.00170878;90
82.4132;0.00193897;90
85.8205;0.00204444;90
81.8653;0.00175263;90
76.1685;0.00183213;90
74.0201;0.00159462;90
75.6526;0.00133979;90
76.5076;0.00135438;90
64.4017;0.00111327;90
63.8283;0.000977185;90
59.0295;0.00146134;90
65.3344;0.000877021;90
38.0964;0.000635346;90
2.77175;0.000599702;90
-1.31071;0.000743194;90
74.0068;0.00164778;90
72.3052;0.00144433;90
79.1662;0.00129814;90
77.0857;0.00117677;90
63.0874;0.00117977;90
61.1598;0.00119411;90
55.7822;0.000903368;90
72.4759;0.00198932;90
35.7437;0.00109901;90
78.3838;0.00161406;90
121.148;0.00122571;90
110.845;0.00113531;90
93.2905;0.00106275;90
76.4428;0.000145041;90
-108.711;0.000854141;90
-56.9493;0.00223697;90
-91.8123;0.00167584;90
-117.087;0.00137479;90
-134.285;0.000906581;90
-100.639;0.00107244;90
-145.821;0.00077966;90
-112.118;0.00171307;90
-117.216;0.00141686;90
-108.599;0.0016523;90
-94.1379;0.00210649;90
-98.3996;0.00138283;90
-176.921;0.00100545;90
121.585;0.0010119;90
139.963;0.000980899;90
168.214;0.00120439;90
161.92;0.000866797;90
148.811;0.00104855;90
153.2;0.00108897;90
171.366;0.00104585;90
-174.081;0.000901808;90
-175.242;0.000867991;90
-155.91;0.000869748;90
-134.144;0.00104098;90
-112;0.00117992;90
-124.708;0.00109238;90
-120.562;0.000930231;90
-125.511;0.00201597;90
-132.274;0.00133795;90
-137.2;0.00064465;90
-135.286;0.000848539;90
-127.93;0.000919157;90
-117.136;0.00121246;90
-115.107;0.000808377;90
144.236;0.000704931;90
-146.074;0.000942444;90
-154.11;0.000721406;90
-145.609;0.000702858;90
-159.836;0.000974742;90
-156.462;0.000753712;90
-142.312;0.00134454;90
-172.172;0.00110126;90
-141.524;0.00150599;90
-116.327;0.00128978;90
-77.6672;0.00110961;90
-87.0417;0.00220894;90
-95.267;0.00178654;90
-79.6214;0.00145989;90
-104.046;0.00146273;90
-91.4289;0.00136342;90
-119.3;0.00129347;90
-128.814;0.00110243;90
172.656;0.000649327;90
158.159;0.00081446;90
137.582;0.00117711;90
154.331;0.000944183;90
122.392;0.000832541;90
94.3783;0.0015064;90
90.965;0.00160323;90
105.819;0.00218266;90
115.83;0.00174204;90
117.602;0.00160576;90
-163.72;0.00094176;90
-160.567;0.000853628;90
-110.969;0.00133009;90
-107.018;0.0013428;90
-96.0336;0.00134143;90
-114.279;0.000975255;90
-94.816;0.00145313;90
-91.6114;0.00149359;90
-96.1197;0.00146334;90
-109.036;0.00141646;90
-105.168;0.00155932;90
-151.763;0.000858121;90
-90.9932;0.00109616;90
-84.5133;0.00175705;90
-77.6534;0.00115982;90
-79.7488;0.00124182;90
-78.5043;0.00114905;90
-89.1873;0.000846085;90
-73.0514;0.000902185;90
-12.8995;0.000586809;90
15.0049;0.000702969;90
-10.8427;0.000505016;90
-42.0892;0.000710144;90
-42.0361;0.000697433;90
-43.3265;0.00138015;90
-51.852;0.00104906;90
-58.5889;0.00103228;90
-52.5494;0.000828843;90
-53.1301;0.00094;90
-47.3493;0.00110401;90
-44.7995;0.00101046;90
0.165117;0.000694003;90
31.4296;0.000590661;90
-41.3234;0.000705731;90
-42.2265;0.000979076;90
-16.6992;0.000908307;90
-18.6279;0.000845282;90
-0.482141;0.000713025;90
-16.6678;0.000697298;90
-15.8009;0.000653701;90
-14.0362;0.000507142;90
-34.4468;0.00086097;90
-14.1952;0.000787031;90
-53.1619;0.0010808;90
-74.1496;0.00132539;90
-27.2029;0.0017675;90
19.4155;0.00064678;90
22.9821;0.000729938;90
-13.0756;0.000477377;90
-82.875;0.00116903;90
-145.336;0.000815805;90
-150.735;0.00100645;90
-143.543;0.000999626;90
-146.31;0.000908599;90
-119.222;0.0013601;90
-160.674;0.0006708;90
176.015;0.000978366;90
-141.755;0.000991886;90
-151.626;0.00100584;90
-170.01;0.0007321;90
-125.533;0.00134557;90
-114.586;0.00150219;90
-123.502;0.00135514;90
-115.847;0.00135561;90
-110.82;0.00124638;90
-128.279;0.00103311;90
-116.722;0.00114532;90
-102.087;0.00104108;90
-114.271;0.00115071;90
-121.123;0.00123239;90
-144.76;0.00125131;90
-166.086;0.000798429;90
146.934;0.000509522;90
-176.699;0.000920527;90
-112.791;0.00131139;90
-92.931;0.00125164;90
-134.06;0.00112021;90
-99.9516;0.00105893;90
-124.005;0.000756345;90
-107.067;0.000821161;90
-111.401;0.00122228;90
-117.778;0.00152131;90
-145.873;0.000944682;90
-125.142;0.00128038;90
-104.808;0.00113468;90
-123.752;0.0015515;90
-174.853;0.000769101;90
-176.186;0.000856898;90
-107.746;0.0012631;90
-95.8537;0.00127465;90
-93.239;0.00161057;90
-107.652;0.00171158;90
-114.785;0.00079195;90
-114.378;0.000784985;90
-91.9472;0.00135378;90
-101.226;0.00133555;90
-94.9427;0.00100975;90
-100.38;0.000954623;90
-116.81;0.000838086;90
-92.0233;0.00138787;90
-88.2276;0.00122859;90
-111.251;0.00115879;90
-123.982;0.000817639;90
-123.859;0.000753841;90
-164.02;0.000900811;90
-166.975;0.000701037;90
-129.579;0.00077847;90
-125.728;0.00108402;90
-139.145;0.000635938;90
-142.851;0.00139762;90
-165.383;0.000574596;90
172.651;0.000508174;90
172.37;0.000858602;90
-148.381;0.000644705;90
-125.072;0.00158718;90
-122.12;0.00137673;90
-119.562;0.00112897;90
-117.88;0.000701416;90
-107.952;0.00247552;90
-125.388;0.00106716;90
-118.014;0.00109647;90
149.844;0.000899771;90
114.875;0.00128854;90
139.523;0.000851888;90
142.05;0.000604907;90
129.378;0.00209321;90
116.376;0.000814828;90
148.401;0.000927521;90
-135.297;0.000955314;90
-112.478;0.00204539;90
-120.581;0.0014624;90
157.624;0.0008327;90
140.465;0.000950428;90
116.13;0.00117844;90
125.432;0.00101252;90
123.054;0.000874539;90
126.904;0.0010042;90
136.754;0.0014552;90
145.29;0.000997509;90
137.091;0.00110453;90
127.979;0.00155029;90
131.12;0.00122256;90
157.896;0.000667027;90
-91.9691;0.001688;90
-118.997;0.000959242;90
-128.39;0.000927526;90
-110.255;0.00102541;90
-129.239;0.000880553;90
-175.131;0.000589126;90
168.729;0.00058325;90
133.048;0.00072662;90
133.183;0.000691191;90
154.816;0.000519366;90
-36.7283;0.0010518;90
-177.78;0.00361471;90
104.859;0.00187572;90
92.4274;0.00224301;90
95.2345;0.00129339;90
-156.667;0.000951843;90
-165.502;0.00114238;90
-144.952;0.000666937;90
-151.532;0.000511895;90
179.84;0.000717003;90
-158.485;0.000594418;90
-92.4143;0.00109197;90
-147.653;0.000781232;90
-141.768;0.000689995;90
-126.003;0.00103092;90
-157.307;0.000847616;90
-137.442;0.000896011;90
-140.187;0.00099331;90
-165.784;0.000928431;90
-124.712;0.00107296;90
-150.847;0.0009607;90
-117.227;0.00108412;90
-142.483;0.000673243;90
-133.847;0.000737662;90
-115.763;0.000798355;90
-92.9116;0.00127965;90
-103.509;0.00102742;90
-123.884;0.00164303;90
-155.191;0.000831761;90
-138.629;0.000960763;90
-156.352;0.000887527;90
-129.893;0.00108831;90
-132.059;0.000950897;90
-167.659;0.00099192;90
176.163;0.00101628;90
128.507;0.000937983;90
150.088;0.000766042;90
169.644;0.000600787;90
145.65;0.000577759;90
-179.061;0.000488066;90
-168.549;0.000478525;90
-178.965;0.000664108;90
-114.175;0.000847312;90
-126.362;0.00117225;90
-157.932;0.000678724;90
-149.521;0.000668354;90
-121.445;0.000693908;90
-148.361;0.000596685;90
-123.53;0.00129079;90
-126.669;0.000683204;90
-143.23;0.000805201;90
-163.155;0.000490026;90
120.203;0.00108534;90
-153.385;0.000515637;90
-143.637;0.000678027;90
-147.59;0.000645555;90
-161.776;0.000514822;90
-179.825;0.000656003;90
-179.071;0.000740097;90
-167.16;0.000720003;90
-178.729;0.000766189;90
161.68;0.00094489;90
160.287;0.000907167;90
-150.526;0.000916627;90
-152.075;0.000980121;90
-159.444;0.000948384;90
-103.565;0.00138565;90
-87.9087;0.00106871;90
-95.7856;0.00159714;90
-68.1306;0.00125103;90
-44.4358;0.000789877;90
-78.4813;0.000861348;90
-74.2216;0.00103708;90
-73.8856;0.00121056;90
-129.387;0.00107003;90
155.285;0.00106671;90
169.55;0.00095382;90
150.324;0.00113715;90
173.596;0.000887539;90
149.161;0.00102608;90
121.043;0.00111697;90
106.265;0.00103544;90
98.3116;0.00147348;90
95.1963;0.00273825;90
92.2226;0.00198549;90
91.5427;0.00196871;90
95.9278;0.00217865;90
96.6267;0.00205372;90
94.5524;0.00191504;90
88.1921;0.00228214;90
87.4246;0.00220323;90
84.7338;0.00137279;90
82.9735;0.00252597;90
85.4152;0.00167636;90
69.8045;0.00106018;90
-3.29012;0.000749235;90
-6.88957;0.000875321;90
-2.97459;0.000867168;90
-2.89248;0.000951212;90
-9.33025;0.0011411;90
-3.35312;0.00100873;90
-3.56575;0.00101296;90
-1.97894;0.000984587;90
-7.46975;0.00103075;90
-12.6144;0.00101654;90
1.82581;0.00084743;90
3.66249;0.000829695;90
-1.23493;0.000835194;90
-2.22396;0.000927699;90
-6.75635;0.0010795;90
-8.58663;0.00177489;90
3.9335;0.00118078;90
-0.952042;0.00102314;90
10.5085;0.000981461;90
11.5674;0.00104727;90
12.309;0.00104605;90
9.26905;0.000974727;90
1.46463;0.00105635;90
17.7208;0.000913337;90
11.3988;0.00101196;90
7.44055;0.0010811;90
12.3473;0.00106155;90
-2.22133;0.00105779;90
41.091;0.00107873;90
-1.61721;0.00109844;90
20.7356;0.00100831;90
-5.59009;0.00108818;90
2.92247;0.0010003;90
-6.11945;0.00103188;90
1.29526;0.000973249;90
7.68845;0.00100907;90
20.8858;0.00105748;90
3.72968;0.00072253;90
16.7586;0.000832351;90
15.0817;0.00112992;90
21.5943;0.00107871;90
39.7105;0.00123492;90
45.8794;0.00124395;90
60.5806;0.00253258;90
67.4401;0.00183762;90
61.609;0.00133337;90
47.0986;0.00133238;90
56.9761;0.0012881;90
74.5359;0.000817599;90
50.0053;0.00108601;90
50.7805;0.00132692;90
58.627;0.00129656;90
62.4227;0.00144294;90
57.5657;0.00143008;90
65.3344;0.00149765;90
61.1354;0.00149355;90
64.6538;0.00163986;90
74.6352;0.00229088;90
43.9164;0.00115916;90
78.594;0.00175465;90
62.5038;0.00167861;90
72.5213;0.00153487;90
73.5435;0.00140141;90
64.9863;0.00107371;90
67.7009;0.00134671;90
58.6924;0.00131439;90
53.5894;0.00129724;90
31.3085;0.00105456;90
4.5161;0.000711208;90
68.669;0.00128933;90
57.5193;0.00137985;90
68.6032;0.00141986;90
54.7025;0.00127548;90
67.6847;0.00163548;90
66.6613;0.00177199;90
67.7891;0.00145496;90
59.2505;0.00123806;90
-37.9841;0.0010594;90
26.9303;0.000911887;90
-16.5647;0.000978614;90
14.255;0.000889385;90
47.6303;0.0013251;90
40.9698;0.00114694;90
56.4373;0.00137289;90
28.6611;0.00117383;90
8.00553;0.00110578;90
-3.40878;0.000874547;90
-74.4316;0.00152391;90
-18.461;0.000694752;90
2.31439;0.000866707;90
-32.6964;0.00115145;90
-21.4159;0.000717543;90
-28.6294;0.00120423;90
-40.596;0.00116947;90
-29.1296;0.00103947;90
33.6299;0.000792667;90
47.5385;0.00100579;90
-13.8724;0.00101768;90
-35.1617;0.0011339;90
-12.1219;0.000885749;90
-5.28367;0.000988199;90
-30.9028;0.00112932;90
-30.5308;0.0011122;90
-7.90716;0.000908639;90
-36.2217;0.00114907;90
-42.697;0.00130213;90
-40.388;0.000932157;90
-33.853;0.000877817;90
66.8226;0.00142284;90
46.7811;0.000864502;90
29.8018;0.000997984;90
14.1224;0.000967233;90
9.36408;0.000958776;90
-5.14788;0.00122594;90
1.28505;0.000847213;90
-8.39384;0.00101386;90
6.88474;0.000976038;90
40.487;0.00103346;90
33.7878;0.00113825;90
-7.0986;0.00107625;90
33.1751;0.00108004;90
57.0926;0.00129951;90
35.0608;0.00115938;90
59.0704;0.00115178;90
23.7309;0.000904478;90
81.1303;0.000810695;90
82.3646;0.00167081;90
56.2178;0.00120675;90
65.8796;0.00136301;90
33.152;0.000974651;90
64.0968;0.00135515;90
69.9779;0.00175827;90
84.091;0.00137933;90
79.4222;0.00159612;90
81.5427;0.00165904;90
75.371;0.00208665;90
76.4514;0.00193793;90
69.4718;0.00216444;90
66.5235;0.00186759;90
70.3876;0.00195438;90
82.1458;0.00231976;90
63.5909;0.00180764;90
63.7985;0.00183227;90
84.3255;0.00173952;90
83.4149;0.00209281;90
84.9153;0.00198581;90
80.5465;0.00213702;90
72.4292;0.00190802;90
75.7466;0.00185614;90
75.8788;0.00147147;90
75.9026;0.00136305;90
64.8391;0.00151472;90
62.2386;0.000942484;90
69.5298;0.0010151;90
58.8442;0.000972231;90
-7.95753;0.000751234;90
1.06091;0.00070212;90
1.22408;0.00070216;90
90;0.001405;90
86.9857;0.00195871;90
67.4123;0.00123146;90
70.899;0.00138738;90
61.6388;0.00128413;90
61.7381;0.00129883;90
75.7634;0.00117922;90
41.0403;0.00162811;90
75.5449;0.00152632;90
97.1077;0.00122844;90
115.474;0.0013392;90
99.4808;0.00101993;90
-81.5154;0.000982756;90
-73.3133;0.00306821;90
-122.116;0.00076744;90
-136.475;0.00126331;90
-110.476;0.00200679;90
-119.151;0.00190304;90
-109.348;0.0023815;90
-102.819;0.00285311;90
-88.6038;0.00139541;90
178.695;0.00149239;90
-129.068;0.00267517;90
-111.96;0.00355924;90
-103.718;0.00436037;90
-100.316;0.00268033;90
-96.4958;0.00101653;90
-97.2695;0.00265534;90
-104.232;0.003258;90
-109.675;0.00378392;90
-108.094;0.00360949;90
-108.911;0.0032737;90
-105.338;0.00357638;90
-98.7405;0.00386286;90
-108.273;0.00357845;90
-120.463;0.00261151;90
-123.354;0.00212981;90
-87.5383;0.00160648;90
-128.49;0.00142197;90
-148.428;0.00201882;90
-146.148;0.00265148;90
-150.444;0.00263947;90
-177.776;0.0027831;90
-173.768;0.00310435;90
-137.663;0.00238907;90
148.179;0.00184536;90
148.817;0.00259959;90
165.814;0.00241566;90
161.38;0.00253995;90
157.096;0.00283665;90
158.119;0.00201517;90
153.979;0.00202418;90
158.653;0.00156862;90
176.653;0.0015246;90
178.57;0.00144245;90
139.926;0.00101278;90
127.316;0.00182446;90
125.261;0.00183092;90
127.774;0.00144478;90
128.89;0.00104965;90
120.725;0.00144249;90
115.502;0.00183255;90
115.096;0.00170937;90
111.383;0.00201039;90
112.559;0.001869;90
116.853;0.000978516;90
-122.423;0.00136712;90
-158.191;0.00132698;90
170.991;0.00145596;90
-179.205;0.00136913;90
179.038;0.000893126;90
-170.484;0.000526241;90
0.748664;0.00145412;90
-2.44561;0.00135924;90
-4.62734;0.00171058;90
43.5235;0.00189355;90
53.1961;0.0006944;90
-71.5082;0.00191065;90
-67.5865;0.0022424;90
-66.8725;0.00222263;90
-62.7077;0.00225503;90
-57.1073;0.00135526;90
-53.0621;0.0015176;90
-54.5124;0.00266137;90
-52.0403;0.00231342;90
-123.611;0.00119954;90
-138.448;0.00203379;90
-136.526;0.00151304;90
-118.437;0.00268382;90
-120.505;0.00267529;90
-120.875;0.00211235;90
-95.2051;0.00097;90
-160.311;0.000765771;90
-141.078;0.00143572;90
-136.617;0.00165387;90
-127.939;0.00157607;90
-46.9816;0.00124738;90
-28.6586;0.00199546;90
-31.0089;0.00217597;90
-33.4972;0.00214171;90
-43.1492;0.00243018;90
-43.1794;0.00280439;90
-36.0604;0.00254825;90
-35.7502;0.00253828;90
-57.0094;0.00318089;90
-50.2927;0.00283628;90
27.894;0.000906299;90
9.97814;0.00122351;90
-6.61854;0.00113657;90
-5.17583;0.00167382;90
13.0725;0.00126888;90
46.5596;0.00114311;90
103.392;6.47611e-05;90
-131.096;0.00108014;90
-172.315;0.00263971;90
168.545;0.000619337;90
171.895;0.00129089;90
-137.324;0.00144722;90
150.757;0.0010624;90
128.994;0.00206122;90
120.76;0.00298375;90
140.262;0.00249032;90
144.871;0.00188907;90
142.378;0.00222459;90
135.19;0.00234973;90
135.653;0.00167524;90
146.575;0.00173734;90
149.042;0.00175735;90
153.211;0.00182822;90
146.396;0.00166771;90
127.23;0.000826416;90
49.9507;0.00165515;90
46.6156;0.00165529;90
47.0942;0.00234138;90
56.6002;0.00164221;90
62.6339;0.00172731;90
59.6025;0.00268974;90
59.7729;0.00210755;90
43.7712;0.00191246;90
39.5711;0.00184605;90
53.4056;0.00083201;90
133.184;0.00165122;90
122.559;0.00179869;90
127.619;0.00146953;90
124.958;0.000965137;90
98.4788;0.00158027;90
-58.2911;0.00770162;90
9.03064;0.000872819;90
-1.69608;0.00118252;90
4.6601;0.000689279;90
-17.1283;0.00131743;90
-22.7811;0.00243278;90
-23.8539;0.00241094;90
-27.0205;0.00281306;90
-14.3266;0.00306326;90
-22.5139;0.00307647;90
-39.5193;0.00266525;90
36.8438;0.0017594;90
19.5577;0.00256605;90
0.740939;0.00286124;90
18.5485;0.00287325;90
30.1528;0.00238698;90
31.008;0.00199744;90
32.9488;0.00195077;90
58.1161;0.00124953;90
94.8393;0.00163583;90
54.3717;0.00176301;90
57.5486;0.00243764;90
68.5759;0.00281984;90
77.3401;0.00327154;90
80.4429;0.0033789;90
77.4511;0.00247615;90
67.3432;0.00441577;90
73.0574;0.00315702;90
72.4602;0.00344098;90
78.0755;0.00362012;90
85.0089;0.00372412;90
75.6469;0.00381611;90
76.2629;0.00297304;90
65.6671;0.00196342;90
58.8257;0.00266013;90
11.6779;0.00134382;90
21.5496;0.000971939;90
91.3214;0.00234162;90
69.0226;0.00225977;90
66.6936;0.00209277;90
54.8594;0.00189546;90
77.5209;0.00174933;90
52.6156;0.00191548;90
95.0985;0.00167663;90
121.686;0.00153829;90
60.4028;0.000625633;90
104.576;0.00118411;90
100.695;0.00149802;90
89.4289;0.00190609;90
93.5427;0.00148885;90
87.222;0.000949115;90
87.1376;0.0015219;90
59.5625;0.000933678;90
79.205;0.00150564;90
88.9114;0.000842152;90
110.383;0.00166527;90
95.1944;0.00164576;90
72.2882;0.00152845;90
16.1762;0.000818401;90
-43.4689;0.000899761;90
-68.0697;0.000907681;90
-54.8253;0.000642281;90
43.6205;0.000558069;90
146.451;0.00112549;90
120.853;0.000974971;90
-166.474;0.00152634;90
-91.045;0.00855342;90
-93.6999;0.00130171;90
-86.2588;0.00151723;90
-85.9657;0.00119396;90
-88.8662;0.000960188;90
-87.0101;0.00197469;90
-92.6973;0.00112625;90
-56.6873;0.00193733;90
-86.5366;0.00107597;90
-115.878;0.000969182;90
-119.424;0.000708373;90
-146.614;0.000835945;90
-97.5975;0.00132362;90
-139.848;0.000953764;90
-111.762;0.00107889;90
-117.137;0.00112033;90
-99.8424;0.000941863;90
-112.265;0.000894709;90
-114.994;0.000750259;90
-101.76;0.00142287;90
-91.6083;0.000926365;90
-92.7232;0.000883998;90
-165.219;0.00110145;90
-172.492;0.000742364;90
-136.535;0.00100304;90
-117.652;0.0015794;90
-117.093;0.00164895;90
-105.392;0.00132243;90
-104.931;0.00131955;90
-103.617;0.00135921;90
-104.185;0.00112222;90
-105.411;0.00106116;90
-105.086;0.00095284;90
-96.6813;0.00140957;90
-95.4386;0.00152989;90
-98.4286;0.00260615;90
-98.0985;0.00154036;90
-107.244;0.000836603;90
-112.285;0.00162972;90
-118.128;0.000672412;90
-106.086;0.00145809;90
-105.231;0.00146548;90
-94.3781;0.000851485;90
-111.689;0.00113646;90
-110.066;0.00123284;90
-113.979;0.00108023;90
-107.35;0.00158617;90
-108.41;0.00147236;90
-108.322;0.000801639;90
-102.314;0.00263052;90
-93.9265;0.000949228;90
-96.7768;0.000999986;90
-102.677;0.000920439;90
-102.391;0.00117436;90
-103.617;0.00139316;90
-120.1;0.000921224;90
-129.493;0.00077361;90
-123.186;0.000946355;90
-117.756;0.00120461;90
-130.743;0.000876402;90
-123.246;0.000822645;90
-94.4136;0.00088362;90
-80.3295;0.000904858;90
-122.949;0.00148006;90
-148.19;0.000591906;90
-145.849;0.00113828;90
-137.753;0.00101587;90
-121.117;0.00128487;90
-175.644;0.000829396;90
-18.2325;0.000268479;90
38.4667;0.0010192;90
54.2428;0.00112261;90
35.0369;0.000731574;90
34.8144;0.000607791;90
29.6796;0.000979503;90
36.4164;0.000530617;90
67.8826;0.00104381;90
97.8763;0.00153246;90
59.74;0.0011589;90
53.7708;0.000626039;90
44.3587;0.000758066;90
64.0055;0.000853326;90
62.9535;0.00106441;90
52.125;0.000695507;90
59.3361;0.000688233;90
75.6856;0.00084937;90
81.0434;0.000931357;90
78.7369;0.00167934;90
76.78;0.000800206;90
80.3939;0.00098278;90
81.3602;0.00106509;90
77.5363;0.000954495;90
74.6064;0.00166887;90
71.9759;0.00136709;90
72.9999;0.00114922;90
71.2939;0.00140312;90
67.0601;0.00104679;90
69.5968;0.000745789;90
76.2215;0.00102448;90
75.6214;0.00101479;90
75.2855;0.000901568;90
68.6614;0.00094262;90
70.0675;0.000871189;90
69.9606;0.000869651;90
68.8289;0.00104664;90
70.9844;0.000936082;90
78.5305;0.00105609;90
81.9594;0.00108668;90
83.5061;0.00131745;90
83.1862;0.00125587;90
83.941;0.00108003;90
78.9773;0.000978043;90
81.4423;0.00115587;90
76.1493;0.00104849;90
75.3208;0.000951042;90
77.0932;0.0018087;90
72.7951;0.0014436;90
69.219;0.00169957;90
59.8775;0.000677492;90
63.266;0.0013649;90
60.985;0.000983427;90
37.9443;0.000725328;90
3.29968;0.000503835;90
2.1162;0.000866591;90
63.0305;0.000950353;90
91.2633;0.00117929;90
79.5409;0.00103012;90
69.6203;0.000950496;90
71.9071;0.00153595;90
70.133;0.00101225;90
61.8666;0.000718942;90
63.3812;0.000953013;90
55.9984;0.00107114;90
68.5586;0.00121187;90
44.6297;0.000765813;90
59.8882;0.00102653;90
78.421;0.000876845;90
109.389;0.000930787;90
121.96;0.00120342;90
98.3054;0.00129458;90
-96.5819;0.000130863;90
-67.309;0.00278669;90
-109.678;0.00269648;90
-134.939;0.000663974;90
-108.193;0.00157578;90
-126.291;0.00140567;90
-110.424;0.00285125;90
-110.52;0.00129518;90
-93.5503;0.00247074;90
-58.2075;0.000912982;90
-1.83138;0.00125164;90
11.9952;0.00168888;90
6.75693;0.00156386;90
-9.02872;0.00191169;90
-6.95589;0.00189092;90
18.5182;0.00174115;90
25.6449;0.00211649;90
28.355;0.00193291;90
27.3545;0.00191515;90
60.5015;0.00239439;90
73.383;0.00346887;90
63.1176;0.00282643;90
66.8448;0.00277451;90
40.2774;0.00623522;90
51.7434;0.000776828;90
44.864;0.00148988;90
34.4596;0.00223037;90
71.7757;0.00344058;90
86.5318;0.00327299;90
72.655;0.00265996;90
78.5894;0.00301254;90
85.3966;0.00341401;90
84.2541;0.0027468;90
-29.3597;0.0130433;90
-7.40519;0.001319;90
-12.1317;0.00129901;90
-9.68059;0.00319347;90
-26.0357;0.00372724;90
-49.5879;0.00394273;90
-56.1191;0.00433029;90
-54.5634;0.00434976;90
-52.3088;0.00412982;90
-63.7059;0.00453972;90
-66.8;0.00525712;90
-64.4775;0.00462093;90
-57.9658;0.00484705;90
-41.1792;0.0031834;90
10.689;0.0028413;90
22.2332;0.00335115;90
17.2361;0.00350647;90
9.97374;0.00368367;90
5.52703;0.0035716;90
-7.32787;0.00388876;90
-19.3657;0.00367916;90
-34.5651;0.00412274;90
-34.563;0.00438736;90
-33.4488;0.00401856;90
-28.5371;0.00398972;90
-33.1409;0.00387781;90
-41.4129;0.00351484;90
-37.9954;0.00383854;90
-37.6078;0.00400653;90
-36.8319;0.0048276;90
-39.0483;0.00488273;90
-34.9499;0.00401145;90
-25.6054;0.00469953;90
-21.0123;0.00342473;90
-11.2417;0.00411903;90
-4.08173;0.00314698;90
4.92711;0.0042497;90
15.8079;0.00366355;90
22.035;0.00423537;90
17.6121;0.00358924;90
1.73022;0.00347759;90
-15.8564;0.00380269;90
-23.6459;0.0043557;90
-4.55462;0.00355121;90
10.4174;0.00332379;90
2.49014;0.004235;90
7.52179;0.00368975;90
0.663994;0.00362424;90
-6.8897;0.00344286;90
6.31019;0.00822483;90
75.3703;0.00271606;90
81.756;0.0266059;90
30.5617;0.00166186;90
-1.74379;0.00322049;90
19.5907;0.00341785;90
61.7135;0.00543386;90
78.4509;0.00544933;90
88.2627;0.00527743;90
74.4949;0.00679323;90
73.8951;0.00922503;90
78.1194;0.00220524;90
75.7505;0.00358325;90
58.3398;0.00434575;90
51.5796;0.0046345;90
78.0111;0.0130752;90
93.6759;0.00369661;90
82.2429;0.0111652;90
58.07;0.00201368;90
42.9221;0.00298383;90
34.0587;0.00370686;90
37.2234;0.00431128;90
23.8203;0.00343675;90
-1.28141;0.00652863;90
4.20419;0.00144589;90
1.54759;0.00274;90
3.38594;0.00345403;90
-1.08217;0.00259446;90
-17.9199;0.00422181;90
-8.60915;0.00422865;90
6.63024;0.00349034;90
-8.09171;0.00358772;90
-13.4116;0.00360429;90
-7.44364;0.00363564;90
-27.3567;0.00258961;90
-1.7994;0.00490442;90
-11.5824;0.00383509;90
11.3676;0.00721453;90
4.48461;0.00122776;90
0.911792;0.00226229;90
30.4921;0.00929211;90
35.2823;0.00161702;90
34.1385;0.00159481;90
30.0412;0.00390913;90
29.9772;0.00345638;90
44.1353;0.00454509;90
34.2846;0.00470439;90
46.9315;0.00488818;90
40.2581;0.00773252;90
24.0814;0.00132097;90
41.449;0.00389303;90
43.442;0.00421309;90
36.5148;0.00400148;90
32.6876;0.003757;90
51.9487;0.00555838;90
47.647;0.00476179;90
24.4391;0.00393013;90
40.3725;0.00410186;90
58.2226;0.00349018;90
57.8987;0.00709235;90
54.0842;0.0050205;90
44.4716;0.0029134;90
37.2851;0.00576775;90
27.2442;0.00362179;90
48.9759;0.00886228;90
51.2841;0.00207368;90
41.1904;0.00363974;90
40.1836;0.00426974;90
32.2086;0.00418384;90
48.2964;0.0044147;90
60.8291;0.00536093;90
59.3055;0.00503663;90
66.5995;0.00584908;90
65.8233;0.00543031;90
72.5921;0.00703941;90
70.8183;0.00618752;90
69.875;0.00189788;90
59.5618;0.00998404;90
71.151;0.0063886;90
62.1749;0.00441328;90
62.412;0.0054609;90
62.7596;0.00569119;90
82.2468;0.0118231;90
80.7284;0.00335787;90
84.2379;0.00487061;90
67.7428;0.00588227;90
58.4558;0.00841432;90
61.1589;0.00273642;90
64.6572;0.00486411;90
62.0556;0.00468189;90
49.6867;0.00507136;90
47.8767;0.0118632;90
53.7393;0.00270855;90
42.1232;0.00491705;90
48.417;0.00461501;90
57.3733;0.00491688;90
43.6942;0.00862611;90
44.0382;0.00193775;90
40.72;0.00298454;90
42.9572;0.00489983;90
34.1291;0.00723988;90
28.1861;0.00169159;90
36.3435;0.00285172;90
35.7419;0.00433804;90
42.9924;0.00470303;90
55.1458;0.00578838;90
62.1592;0.00564434;90
62.9314;0.00580148;90
45.6715;0.00892996;90
38.7097;0.00179412;90
29.3154;0.00243251;90
44.5936;0.00657909;90
42.1156;0.00441228;90
42.9059;0.00421859;90
42.0115;0.0057913;90
37.8346;0.00472787;90
32.7675;0.00458214;90
30.8698;0.00439106;90
24.5944;0.00416155;90
22.3104;0.00420152;90
13.2438;0.00403327;90
10.4207;0.00229993;90
23.98;0.00663356;90
19.9532;0.00424906;90
21.2267;0.00423964;90
25.7711;0.00396985;90
26.1578;0.00459345;90
12.292;0.00393624;90
10.5685;0.0038493;90
28.3639;0.00393205;90
43.1686;0.0094921;90
21.5453;0.00195242;90
17.2852;0.00198568;90
26.5145;0.0172191;90
56.255;0.00260127;90
59.0237;0.00471553;90
54.7424;0.00440014;90
52.2057;0.00578955;90
36.5566;0.00515768;90
32.2998;0.0044353;90
42.4854;0.00477049;90
51.7041;0.00572997;90
60.6412;0.00589054;90
66.2058;0.0064295;90
73.1962;0.00682127;90
71.6615;0.0065728;90
56.7456;0.00539794;90
33.8186;0.00469666;90
39.9277;0.00468667;90
54.427;0.00452436;90
62.9902;0.00737433;90
67.4985;0.00495416;90
76.5651;0.00845744;90
75.6277;0.00376276;90
86.8518;0.011253;90
82.9404;0.00781928;90
78.6448;0.00719178;90
72.2743;0.00643763;90
69.9324;0.00637078;90
70.9847;0.00505801;90
82.8916;0.0094063;90
77.9575;0.00658082;90
75.4924;0.00551278;90
84.4009;0.0093064;90
83.7583;0.00841589;90
76.4977;0.00606462;90
86.5747;0.00880373;90
81.448;0.00695331;90
79.8893;0.00749642;90
80.209;0.00773872;90
80.4881;0.00665043;90
83.9266;0.00810952;90
79.8351;0.00695822;90
74.7414;0.0072195;90
67.6507;0.00636946;90
65.857;0.00638118;90
70.6454;0.00669857;90
77.7675;0.00700402;90
72.3837;0.00681667;90
61.2768;0.00596156;90
40.8935;0.00497667;90
30.6548;0.00442078;90
38.7447;0.00474394;90
53.056;0.005414;90
62.667;0.00603927;90
68.9853;0.00668139;90
76.8676;0.00691895;90
79.8702;0.00626567;90
81.8163;0.00831063;90
83.6973;0.00743293;90
82.1576;0.00732148;90
78.4289;0.00757291;90
73.0096;0.00674855;90
74.0044;0.00705828;90
79.6874;0.00724504;90
85.5286;0.00743964;90
82.4151;0.00740176;90
81.9845;0.0132959;90
80.5749;0.00227775;90
84.8457;0.00658965;90
88.8947;0.00772444;90
80.7782;0.015706;90
72.4488;0.00280875;90
79.233;0.0032492;90
80.1144;0.01522;90
77.1903;0.00278737;90
77.3798;0.00387666;90
76.8403;0.0112094;90
74.2837;0.00405354;90
75.5889;0.00559711;90
78.5654;0.00775288;90
80.9954;0.00716227;90
81.6377;0.00739866;90
79.7454;0.0068362;90
75.5365;0.00578949;90
87.719;0.00334165;90
67.5394;0.000968465;90
-30.5715;0.00260512;90
-12.6464;0.00295981;90
50.0156;0.00455353;90
66.1846;0.00980706;90
26.3871;0.00158404;90
18.6131;0.00671418;90
-15.9832;0.00270559;90
28.5494;0.00149817;90
23.9562;0.00839082;90
1.23863;0.00185043;90
8.95699;0.00171491;90
-12.6269;0.00373739;90
-27.2827;0.00389196;90
-25.0235;0.00417267;90
-28.162;0.00391553;90
-13.6083;0.00379967;90
-1.84866;0.00353384;90
4.31276;0.0029654;90
9.03778;0.00452619;90
7.97608;0.00368263;90
-25.2957;0.0038358;90
-57.6315;0.00582035;90
-47.3662;0.0582318;90
-38.6254;0.0023437;90
-34.4749;0.0111563;90
-6.78999;0.00133637;90
16.3081;0.00373216;90
15.2176;0.00375258;90
7.83374;0.00380047;90
-10.7843;0.00389072;90
-28.6287;0.00401142;90
-54.8989;0.00498938;90
-67.0744;0.00595324;90
-59.5536;0.00545062;90
-46.6956;0.0043492;90
-21.3348;0.00401301;90
-19.6418;0.00384365;90
-20.3004;0.00333196;90
-8.32034;0.00442962;90
25.3705;0.00368987;90
22.7748;0.00372763;90
-19.4548;0.00408631;90
-51.2514;0.00524042;90
-61.9145;0.004416;90
-53.7494;0.00577354;90
-32.3583;0.00369946;90
20.3295;0.00405562;90
17.2118;0.0113178;90
-5.70183;0.00325109;90
-13.267;0.00346857;90
-0.115109;0.001991;90
-36.3401;0.0287456;90
-62.2489;0.00356506;90
-46.4203;0.0115541;90
-38.8005;0.00267152;90
0.146695;0.010155;90
14.643;0.0013054;90
-27.6768;0.000783666;90
-3.24889;0.0125632;90
-10.1755;0.000713218;90
-7.87938;0.0025531;90
4.79223;0.00349522;90
-27.9838;0.00368483;90
-33.8517;0.00412893;90
-30.6792;0.00435097;90
-1.2526;0.00361386;90
14.4767;0.0033762;90
-45.9383;0.00574318;90
-72.4183;0.00199625;90
-74.2945;0.00498719;90
-75.0623;0.00592006;90
-50.241;0.00787261;90
-24.8697;0.00126975;90
-11.6107;0.00302592;90
-24.0347;0.00338334;90
-9.14526;0.00341643;90
37.9368;0.00373785;90
43.0307;0.00646112;90
21.2168;0.00105555;90
33.6036;0.00312408;90
23.2361;0.00341174;90
29.0578;0.00349605;90
33.4896;0.00388376;90
4.08071;0.00333044;90
-41.7945;0.00437535;90
-41.9473;0.00394347;90
-8.41741;0.00307411;90
-7.95362;0.00234152;90
33.0476;0.00324021;90
15.4982;0.00260471;90
14.8663;0.0024945;90
21.6958;0.00241831;90
19.8524;0.0026973;90
-29.0872;0.00494919;90
-38.6929;0.00108135;90
-20.2901;0.00403433;90
-14.1999;0.00101914;90
15.3652;0.00287579;90
37.4044;0.00291553;90
45.7038;0.00287814;90
51.6435;0.00631373;90
60.8275;0.00141556;90
58.0995;0.00312615;90
42.1295;0.0029934;90
38.1967;0.00293679;90
44.6106;0.00322519;90
34.8917;0.00304181;90
19.5442;0.002777;90
-11.0682;0.00246383;90
-24.177;0.00257595;90
-19.4256;0.00263394;90
-4.50591;0.00241847;90
10.4004;0.00252041;90
25.6652;0.00273371;90
44.1954;0.00337394;90
36.8308;0.002931;90
43.4739;0.00307984;90
11.1164;0.00267112;90
8.22942;0.00252904;90
9.50883;0.00263318;90
13.4558;0.00490772;90
6.87327;0.00104451;90
2.87418;0.01749;90
-52.3817;0.00189876;90
-58.0248;0.00462467;90
-59.4143;0.0280705;90
-42.7428;0.00145423;90
-59.0917;0.00372032;90
-76.8396;0.00626761;90
-74.2801;0.00596823;90
-71.6113;0.00430481;90
-75.1045;0.00575747;90
-56.6145;0.011896;90
-11.1297;0.00193234;90
15.9163;0.00270573;90
0.804757;0.0137414;90
-7.90814;0.00160628;90
-52.0214;0.00771084;90
-51.3951;0.00945273;90
-4.81865;0.00129759;90
-46.6109;0.00171046;90
-50.3955;0.00415854;90
-60.1352;0.00331756;90
-52.5458;0.0018631;90
-34.6467;0.00059805;90
-31.2133;0.00204737;90
-26.2105;0.00267394;90
-37.8846;0.00312829;90
-19.3656;0.00286192;90
-28.2204;0.00280207;90
-42.3291;0.00333834;90
18.7469;0.0236381;90
78.016;0.00216723;90
84.2724;0.00435876;90
96.3129;0.0143601;90
-101.829;0.00119028;90
59.478;0.00231358;90
76.2678;0.00091413;90
81.7021;0.00164219;90
75.0616;0.00528357;90
61.0577;0.00208089;90
62.6523;0.00631927;90
61.1208;0.0039651;90
72.8938;0.00608206;90
61.0649;0.0558453;90
8.40651;0.00102602;90
42.0235;0.000939598;90
-21.4804;0.00391062;90
15.2709;0.00285895;90
54.8741;0.0410654;90
12.3893;0.000801669;90
16.5354;0.0188892;90
-0.18247;0.00188401;90
6.69187;0.00260877;90
8.5724;0.00285793;90
7.65097;0.00262134;90
13.47;0.00277329;90
18.9235;0.00263332;90
13.3215;0.00287742;90
6.68047;0.00877659;90
-20.5281;0.00143727;90
-37.2087;0.00808474;90
-42.8883;0.00224517;90
-38.3069;0.00679494;90
-38.8507;0.00140604;90
-29.9379;0.00283533;90
-36.246;0.00391203;90
-35.1571;0.00423569;90
-5.7733;0.00627282;90
-50.8312;0.00511552;90
-28.9494;0.00740646;90
-18.4915;0.00160169;90
-36.7282;0.00283101;90
-34.0779;0.00393347;90
-39.4109;0.00355029;90
-30.785;0.0062659;90
-37.9536;0.00146986;90
-21.6267;0.00109616;90
5.65533;0.00123803;90
9.9474;0.00153406;90
52.7752;0.00345487;90
64.9619;0.00521949;90
63.3618;0.005257;90
59.9136;0.00557744;90
50.1508;0.00470997;90
51.0559;0.00475211;90
55.4627;0.00523334;90
61.0204;0.00533955;90
61.7991;0.01294;90
61.8763;0.00151259;90
61.1165;0.0016914;90
56.4294;0.00598772;90
52.2052;0.00514167;90
27.543;0.00403535;90
25.1299;0.0039819;90
48.5148;0.00365626;90
21.3564;0.0148475;90
11.1672;0.00157482;90
37.846;0.00294683;90
42.8169;0.0137922;90
34.1364;0.00195843;90
52.7273;0.00375489;90
53.2858;0.00382721;90
41.6006;0.0322095;90
39.7021;0.00163119;90
35.2026;0.00256389;90
29.1046;0.00857927;90
22.3073;0.00124086;90
21.0438;0.00196613;90
16.2099;0.0038688;90
18.6416;0.00385737;90
13.427;0.00346676;90
9.81103;0.00367373;90
12.0948;0.00382286;90
21.6775;0.00386321;90
2.58021;0.00290995;90
27.9742;0.0352247;90
14.2946;0.00306592;90
48.7059;0.0428519;90
6.92188;0.00129443;90
21.7937;0.00275275;90
15.4879;0.0034752;90
32.0535;0.0105952;90
43.7886;0.0018396;90
53.2206;0.0027842;90
66.8362;0.00562333;90
83.6998;0.0210682;90
88.2951;0.00191585;90
84.6186;0.00244176;90
78.4297;0.0368998;90
65.2442;0.00206805;90
72.288;0.00200504;90
-3.5015;0.00057307;90
-81.7895;0.00181359;90
-93.5415;0.00153794;90
-155.408;0.00188389;90
-119.769;0.00768172;90
-111.063;0.00246252;90
-107.436;0.0047356;90
-99.872;0.0055177;90
-92.5029;0.00595368;90
-88.1504;0.00461641;90
40.6754;0.00159411;90
97.3102;0.00165041;90
19.5383;0.00206915;90
1.87447;0.00302662;90
-4.92048;0.0028214;90
-6.47664;0.00301424;90
-6.61948;0.00274127;90
7.4333;0.00260489;90
14.9683;0.00240045;90
13.8869;0.00111664;90
17.5394;0.00208388;90
3.1113;0.00268997;90
-8.19409;0.00265915;90
-3.39285;0.00280492;90
18.635;0.00289793;90
31.927;0.00340747;90
34.6932;0.00362802;90
31.7676;0.00372857;90
9.37762;0.00934083;90
-53.986;0.00062927;90
-13.8186;0.00178774;90
-13.8514;0.00270671;90
-22.486;0.00138316;90
-45.2228;0.0025456;90
-39.7995;0.00361973;90
-39.2862;0.00379978;90
-50.9207;0.00439407;90
-54.4079;0.00391917;90
-42.5811;0.00393714;90
-17.4382;0.00296319;90
-8.00546;0.00728095;90
-16.1825;0.00212416;90
-28.2482;0.00339537;90
-35.3491;0.00339119;90
-39.2645;0.00387739;90
-54.7237;0.00445872;90
-50.5682;0.00416116;90
-54.3787;0.00478174;90
-69.5689;0.0055288;90
-72.7338;0.0057208;90
-65.2396;0.00489942;90
-42.7265;0.00379662;90
-34.0879;0.00742956;90
-42.224;0.00124101;90
-7.79499;0.00164419;90
5.75049;0.00314382;90
2.21247;0.00290116;90
-27.958;0.00220765;90
-43.297;0.00149902;90
-51.0895;0.00321284;90
-52.7013;0.00411572;90
-53.9673;0.00398303;90
-60.696;0.00278888;90
-58.1433;0.00469877;90
-66.2819;0.00480811;90
-66.7236;0.00425643;90
-69.5379;0.00371009;90
-68.7102;0.00490794;90
-62.9145;0.0036436;90
-44.9401;0.00270539;90
-35.0781;0.00278236;90
-22.5285;0.00275093;90
-22.9372;0.00279174;90
-33.9459;0.00279544;90
-40.2204;0.00295325;90
-31.4572;0.00294714;90
-1.44599;0.00257582;90
14.7581;0.00321506;90
13.0123;0.00267365;90
9.85363;0.00322558;90
11.0343;0.00391335;90
10.8529;0.00417976;90
36.5593;0.00335765;90
45.306;0.00450151;90
41.4343;0.00451372;90
48.8072;0.00469636;90
42.3378;0.00481069;90
37.7042;0.00391442;90
36.6034;0.00430005;90
45.6919;0.00421608;90
58.8356;0.00494691;90
62.7418;0.0101288;90
66.2523;0.00230191;90
63.4702;0.00436346;90
61.089;0.00530975;90
51.1637;0.00486687;90
47.4826;0.00453823;90
49.3409;0.00429739;90
43.6174;0.00474748;90
49.842;0.00489225;90
38.6952;0.00430118;90
35.8428;0.00399444;90
41.6597;0.00782754;90
56.9689;0.00200149;90
60.6754;0.00377125;90
56.9341;0.00468472;90
42.5249;0.00340578;90
27.401;0.00315722;90
-20.1539;0.00275147;90
-24.1071;0.00225245;90
-28.0163;0.0028783;90
-43.3489;0.00382845;90
-51.818;0.00441956;90
-51.1198;0.00775377;90
-29.9727;0.00149724;90
-29.8529;0.00329065;90
-39.6396;0.00415545;90
-49.8347;0.00473182;90
-57.2116;0.00498765;90
-60.8383;0.00514287;90
-47.944;0.00408894;90
-29.4264;0.0035477;90
1.63941;0.00461389;90
24.0563;0.00272793;90
-2.02467;0.00305691;90
-21.6506;0.0034558;90
11.8713;0.00356321;90
37.4202;0.00397758;90
40.1982;0.00282136;90
18.5717;0.0019875;90
-46.5591;0.00418409;90
-60.9864;0.00502456;90
-59.7544;0.00495327;90
-46.3957;0.00409324;90
-54.3914;0.00469734;90
-66.0929;0.0055644;90
-74.3947;0.00566897;90
-66.9745;0.00582399;90
-73.4283;0.0212507;90
-56.2657;0.00215723;90
-67.6817;0.00504276;90
-76.9536;0.00588285;90
-80.429;0.00658567;90
-63.1036;0.00487203;90
-54.5345;0.00470861;90
-43.2878;0.00449638;90
-51.3803;0.00446048;90
-41.6556;0.00301812;90
-7.22545;0.00212286;90
24.5788;0.00319995;90
4.11969;0.00335467;90
-12.4183;0.0034876;90
-3.47185;0.00335215;90
-13.3645;0.00359948;90
-24.9598;0.00333663;90
-13.26;0.00302567;90
-22.3789;0.0025241;90
8.31439;0.00294596;90
37.1851;0.00374426;90
40.3236;0.0033565;90
55.4953;0.0281284;90
57.5414;0.00174216;90
37.6288;0.00841054;90
49.0322;0.00200112;90
28.5168;0.00585653;90
21.1016;0.00173322;90
18.6733;0.00296403;90
10.62;0.011791;90
51.8715;0.00190306;90
52.2555;0.00446792;90
10.3196;0.00693315;90
11.8809;0.00114145;90
15.2551;0.00174447;90
23.6061;0.00352606;90
21.8956;0.00384;90
5.01235;0.0104841;90
19.2115;0.00144656;90
21.7408;0.000701929;90
14.4464;0.00711496;90
18.1083;0.00160868;90
17.0233;0.0020153;90
12.8774;0.0137078;90
65.22;0.000818351;90
64.8982;0.00236429;90
-61.4639;0.043545;90
-65.1284;0.00223973;90
-59.9543;0.00375682;90
-51.8147;0.00469584;90
-36.1304;0.00396693;90
-72.7044;0.00550282;90
-74.2831;0.00478802;90
-61.175;0.00424154;90
-66.1937;0.00383752;90
-77.6962;0.00604894;90
-71.8608;0.00594232;90
-65.3898;0.00504751;90
-64.5736;0.00519854;90
-57.1998;0.00492883;90
-57.1325;0.00637555;90
-33.2856;0.00251452;90
-11.1387;0.00328182;90
-2.58977;0.00325332;90
-16.9016;0.00330893;90
-50.7394;0.00433437;90
-62.5776;0.0049615;90
-69.8121;0.00590262;90
-68.3279;0.00543197;90
-55.8634;0.00483991;90
-54.2624;0.00503018;90
-56.0816;0.00501065;90
-53.7235;0.00475085;90
-53.0422;0.00469541;90
-35.5158;0.00396091;90
-16.1842;0.00352676;90
14.3463;0.00340622;90
16.973;0.0036688;90
24.9969;0.00362781;90
14.5729;0.0033663;90
5.75597;0.003769;90
5.82015;0.00338244;90
-3.57527;0.00335152;90
0.548189;0.00344916;90
6.66672;0.0128086;90
36.3626;0.00167147;90
35.4381;0.00280948;90
-12.4896;0.00332468;90
-26.3897;0.00803647;90
-28.1165;0.00229594;90
0.667372;0.0119338;90
-0.303838;0.00132002;90
-13.4425;0.00297243;90
-8.24364;0.00306871;90
-4.28676;0.00298335;90
3.12591;0.00577659;90
10.117;0.00130936;90
9.9945;0.0027081;90
4.62814;0.00337099;90
-23.5758;0.00355034;90
-26.5569;0.00312692;90
-40.7792;0.0037373;90
-46.6772;0.00398625;90
-62.7888;0.00499704;90
-58.8491;0.00472653;90
-56.7897;0.00486933;90
-57.3783;0.00464115;90
-55.2118;0.00467448;90
-54.1071;0.00457467;90
-38.5079;0.00406506;90
-34.2168;0.00346952;90
-33.6647;0.0031299;90
-33.2085;0.00320073;90
-40.7631;0.00326373;90
-39.8938;0.00357518;90
-44.7061;0.00441099;90
-45.0552;0.00366776;90
-35.3313;0.00367973;90
4.68427;0.00287761;90
67.7021;0.00360021;90
62.5558;0.00396412;90
49.0727;0.00356433;90
31.9413;0.0142142;90
18.3634;0.00126649;90
-0.163702;0.00140001;90
-0.255539;0.00313903;90
3.61202;0.00290477;90
68.8124;0.0192406;90
41.7277;0.00126354;90
69.3456;0.0149349;90
91.8032;0.0012076;90
94.3607;0.00381404;90
78.9419;0.0146347;90
58.6173;0.00185309;90
52.731;0.00304347;90
67.2575;0.018226;90
70.9658;0.00196546;90
73.1833;0.00163492;90
73.5654;0.015492;90
77.7637;0.00316592;90
73.678;0.00626968;90
71.7568;0.0159655;90
61.0281;0.00148024;90
51.0931;0.00199186;90
41.9835;0.00341298;90
50.4837;0.0267265;90
55.0341;0.00125809;90
68.6364;0.0186172;90
85.3065;0.00210205;90
106.568;0.0111697;90
114.325;0.00107548;90
114.024;0.00209771;90
83.7458;0.0145677;90
77.2889;0.00109073;90
92.0034;0.0013158;90
-43.04;0.00262561;90
7.04911;0.00421284;90
18.7209;0.000950276;90
15.1621;0.00199961;90
12.3334;0.00244851;90
23.0597;0.00173351;90
39.4478;0.00379304;90
47.2779;0.000764987;90
34.5148;0.000944198;90
39.6033;0.00493201;90
77.9218;0.00193074;90
22.1342;0.00361221;90
3.53956;0.000680298;90
41.3242;0.00881242;90
31.6572;0.00158716;90
26.7264;0.00333533;90
34.1505;0.0208116;90
13.3428;0.00128262;90
40.7828;0.00304811;90
30.6436;0.00282325;90
27.5574;0.00289212;90
31.3134;0.00306319;90
30.0701;0.00882931;90
31.4804;0.00112216;90
31.6568;0.00121944;90
22.8357;0.0124585;90
38.0442;0.00136629;90
17.3257;0.0024177;90
22.1038;0.00320236;90
5.16366;0.0391107;90
58.53;0.00174695;90
57.1815;0.00293554;90
32.5062;0.00867154;90
8.64811;0.00111063;90
7.94857;0.00129444;90
7.26313;0.00499105;90
13.5417;0.00160152;90
55.2804;0.0128731;90
66.8515;0.00225125;90
64.0614;0.00343615;90
64.6568;0.0403094;90
46.5074;0.00161276;90
49.6464;0.00338686;90
48.0013;0.0126002;90
55.8528;0.00149469;90
49.9971;0.00461089;90
32.2923;0.022694;90
0.709195;0.00226217;90
-8.88398;0.00372975;90
-13.2898;0.0037977;90
-12.6002;0.0037452;90
-20.957;0.00388071;90
-25.2561;0.00426798;90
-21.793;0.00378447;90
16.6355;0.00404845;90
44.183;0.00476073;90
38.3786;0.00420066;90
-2.71832;0.00375322;90
-41.7303;0.00437634;90
-63.9728;0.00595491;90
-51.2604;0.00538207;90
-16.0302;0.00380599;90
4.42497;0.00368097;90
5.02907;0.00376449;90
12.3693;0.00370193;90
21.8575;0.00398335;90
33.8396;0.00446424;90
38.5023;0.0044302;90
33.5779;0.00424901;90
40.1812;0.00439394;90
63.4851;0.00562237;90
61.2104;0.00390578;90
62.6822;0.00432314;90
55.128;0.00508269;90
62.3477;0.00497302;90
72.0932;0.00569487;90
72.1612;0.00586603;90
64.0297;0.00551489;90
55.632;0.00485202;90
35.2687;0.00727904;90
21.2028;0.00149307;90
21.7626;0.00329052;90
39.4305;0.00440059;90
56.7564;0.00530282;90
68.0143;0.00606076;90
73.2773;0.00655105;90
67.3313;0.00604823;90
49.9945;0.00517375;90
47.6311;0.00469802;90
48.8014;0.00382892;90
51.9136;0.00259058;90
49.3136;0.00124095;90
62.2972;0.00114867;90
72.9351;0.00156071;90
40.1993;0.00145325;90
65.5601;0.00116982;90
61.3931;0.00126776;90
73.6439;0.00193532;90
34.8393;0.000553147;90
64.4128;0.00165091;90
80.8721;0.00312659;90
113.98;0.00366865;90
114.571;0.00523065;90
114.561;0.00438582;90
94.9113;0.00280329;90
-16.46;0.000688204;90
-74.6486;0.000834785;90
127.273;0.00127803;90
73.9576;0.00137869;90
66.8362;0.00389718;90
71.2356;0.00390453;90
71.2583;0.00265793;90
76.0176;0.00464359;90
78.1835;0.00649974;90
78.354;0.00521639;90
72.8709;0.0081589;90
76.902;0.00727219;90
81.5624;0.00766699;90
83.1056;0.00807237;90
72.8872;0.0141578;90
62.7069;0.00228768;90
58.5083;0.00362958;90
52.1575;0.00526656;90
57.905;0.00582883;90
64.5306;0.0065484;90
66.0546;0.017358;90
71.8635;0.00242866;90
30.2077;0.0137895;90
11.0285;0.00231577;90
10.4437;0.00143985;90
8.07525;0.00295429;90
39.6524;0.00488616;90
58.0546;0.00566612;90
44.1167;0.00536687;90
42.6016;0.00486633;90
51.4872;0.00493183;90
52.3534;0.0187675;90
48.8853;0.0029533;90
51.3319;0.0313072;90
52.3388;0.00267926;90
14.8334;0.00726925;90
7.78604;0.00197824;90
-90.8253;0.00923396;90
82.5763;0.00956618;90
72.7364;0.0019645;90
11.8033;0.00407721;90
-25.1669;0.000623154;90
-41.3706;0.00090479;90
66.152;0.00198115;90
75.2282;0.00289054;90
75.1482;0.0019936;90
76.4765;0.00208686;90
75.4357;0.0017895;90
83.7474;0.00108344;90
92.4184;0.00822332;90
85.5576;0.00241425;90
101.839;0.00265651;90
63.2535;0.00127099;90
34.0056;0.00181307;90
66.1289;0.00203618;90
66.4928;0.00238929;90
85.6122;0.00160771;90
108.682;0.0023477;90
111.234;0.00211777;90
108.336;0.001103;90
81.2186;0.00210265;90
96.5557;0.00358242;90
154.657;0.000754621;90
-154.144;0.000144461;90
-30.0656;0.000886242;90
-76.68;0.00358957;90
-56.0357;0.00110082;90
-88.0322;0.00110665;90
-70.7708;0.000844093;90
-99.0477;0.00249909;90
-68.1173;0.00248721;90
-109.964;0.00231087;90
-112.184;0.00236507;90
-124.01;0.00253696;90
-164.328;0.0011809;90
-77.9628;0.00278115;90
-83.8255;0.00251962;90
-91.2389;0.00827894;90
-89.3969;0.00104506;90
-99.9219;0.00192682;90
-107.415;0.00167058;90
-104.447;0.00253723;90
-106.131;0.00381521;90
-100.487;0.00207669;90
130.994;0.00218606;90
166.402;0.00228402;90
-138.067;0.00249754;90
-115.519;0.00252315;90
-103.866;0.00360094;90
-83.5809;0.00232558;90
-81.0312;0.00156514;90
-107.664;0.00108096;90
-15.3333;0.000257154;90
89.0844;0.00306639;90
86.8411;0.00486339;90
67.1538;0.00111009;90
81.7552;0.00105996;90
60.9963;0.00109309;90
39.6388;0.00259583;90
-15.3206;0.00245629;90
-34.3029;0.00160761;90
-78.9862;0.00273233;90
-55.0572;0.00238495;90
14.0673;0.00178967;90
19.696;0.00228467;90
-4.13529;0.00221878;90
-25.074;0.00230304;90
-30.7112;0.00268449;90
-31.9581;0.00205555;90
-15.3838;0.00183577;90
24.0683;0.00230981;90
50.8357;0.00280265;90
16.8486;0.00135935;90
92.8528;0.00269234;90
121.421;0.00165347;90
144.677;0.000963351;90
-179.47;0.000541023;90
58.8514;0.000212659;90
-40.6059;0.00270415;90
-83.896;0.00265204;90
-137.517;0.00114308;90
-141.199;0.00259968;90
-141.384;0.00264543;90
168.349;0.0022085;90
147.62;0.00288686;90
151.994;0.00288141;90
163.905;0.00251769;90
-171.688;0.00218596;90
-157.963;0.00230004;90
145.639;0.00206058;90
108.201;0.00255483;90
123.488;0.0021223;90
164.31;0.00261441;90
-134.828;0.00236033;90
-115.35;0.00143409;90
-112.352;0.00293988;90
-99.1612;0.0030651;90
-63.5391;0.00172133;90
-99.7157;0.0018962;90
125.866;0.000730512;90
146.208;0.00186269;90
159.783;0.000752354;90
141.63;0.000924717;90
157.358;0.000797462;90
151.847;0.000839295;90
139.764;0.00083444;90
-167.023;0.000748108;90
167.31;0.000691902;90
-88.601;0.0023347;90
-66.4566;0.000916273;90
-71.436;0.00140405;90
-81.3519;0.00111063;90
-81.6914;0.00113491;90
-73.0147;0.000824986;90
-69.4372;0.000987944;90
-52.4574;0.00134569;90
-60.65;0.000809966;90
-84.2383;0.00167345;90
-92.5291;0.0011331;90
-70.5031;0.00100673;90
-40.6353;0.000548183;90
21.2237;0.000662966;90
49.7636;0.000766322;90
57.6712;0.000863912;90
130.978;0.00132059;90
135.461;0.00105362;90
169.08;0.000691522;90
-94.041;0.00201501;90
-68.5077;0.00123916;90
-23.327;0.000585891;90
43.4895;0.00104617;90
85.0037;0.00149267;90
141.226;0.000704189;90
130.39;0.00085341;90
134.069;0.000652746;90
95.8568;0.00191098;90
153.045;0.000723608;90
-79.8879;0.00369642;90
-93.743;0.00128674;90
-65.7583;0.00112522;90
-22.569;0.000693077;90
51.9335;0.00131209;90
92.4021;0.00162243;90
154.179;0.000585452;90
143.01;0.000573401;90
131.098;0.000800178;90
99.6015;0.0014209;90
123.089;0.00111002;90
-79.924;0.00244064;90
-86.3998;0.00224543;90
-62.7995;0.00120979;90
-16.7348;0.000618181;90
-83.9711;0.00286585;90
-96.1258;0.00118074;90
-90.8142;0.00133713;90
-98.2246;0.00162875;90
-92.0422;0.0012628;90
-86.5093;0.00100186;90
-75.6935;0.00123428;90
-47.3793;0.000766457;90
-49.8654;0.000958756;90
-57.7471;0.000785148;90
-45.8152;0.00124251;90
-82.6668;0.00143373;90
-133.568;0.00101855;90
160.263;0.000737317;90
137.737;0.00105125;90
126.789;0.000708001;90
95.4161;0.00112301;90
115.689;0.000818944;90
141.654;0.000597998;90
-164.673;0.00111983;90
-152.044;0.000755119;90
-131.86;0.000903625;90
-133.092;0.000870931;90
-155.605;0.000779605;90
-164.815;0.000786459;90
176.445;0.000661272;90
158.244;0.000944261;90
117.457;0.000919583;90
94.1037;0.00293452;90
75.948;0.000881374;90
68.6942;0.000966023;90
82.725;0.00099501;90
46.2254;0.000793555;90
-80.4527;0.00177255;90
-72.8376;0.00183679;90
-87.4281;0.00220622;90
-66.4017;0.00158123;90
-148.165;0.000856906;90
144.726;0.000883143;90
178.745;0.00100424;90
96.2277;0.00112464;90
92.6417;0.000998061;90
92.6973;0.00112625;90
93.9204;0.0011116;90
72.5577;0.000967486;90
63.4076;0.000936018;90
59.5259;0.00102337;90
-81.1445;0.00478099;90
-83.1395;0.00115527;90
137.377;0.00131281;90
134.138;0.00103391;90
-40.4193;0.000956234;90
-54.6306;0.000435349;90
140.538;0.00126029;90
156.563;0.000852317;90
154.28;0.000728143;90
126.211;0.000782052;90
138.545;0.000880619;90
156.104;0.00104672;90
119.377;0.00143102;90
107.08;0.00131081;90
-120.999;0.00110479;90
-132.594;0.00139777;90
-171.545;0.000897757;90
-173.84;0.0010903;90
-132.795;0.00147046;90
-126.426;0.00175485;90
-122.24;0.00178643;90
-134.827;0.00140149;90
-123.833;0.00110996;90
-148.948;0.000668845;90
127.813;0.00081391;90
109.125;0.00144368;90
108.711;0.00177374;90
92.7835;0.00242987;90
83.3033;0.00255543;90
88.9597;0.00231338;90
24.336;0.00123032;90
5.065;0.00104207;90
8.98961;0.00087677;90
2.50425;0.000846809;90
26.0911;0.00097317;90
64.7223;0.0013138;90
80.8163;0.0016228;90
51.4846;0.00117709;90
66.2634;0.0014682;90
70.8359;0.0014165;90
69.2027;0.00147298;90
65.9592;0.00118806;90
55.1197;0.00113488;90
37.552;0.00126009;90
45.1995;0.00162494;90
56.1363;0.00173899;90
67.8048;0.00183713;90
70.9557;0.00169476;90
66.4235;0.00161261;90
46.7198;0.00139009;90
25.028;0.00125041;90
5.02744;0.0011183;90
5.2834;0.00110771;90
-8.49357;0.000914025;90
-73.3639;0.00165216;90
-64.6101;0.00087225;90
-97.5661;0.00119238;90
-26.4915;0.00104469;90
-28.7047;0.00092235;90
-27.3689;0.000828768;90
-60.9454;0.00073099;90
-46.9695;0.00102874;90
23.6294;0.000611249;90
93.1226;0.00405702;90
45.7458;0.011408;90
-37.9356;0.0011614;90
-71.7104;0.000997386;90
-103.932;0.00133322;90
-91.9396;0.0015659;90
-73.5216;0.00149125;90
-15.6365;0.000764285;90
23.1462;0.00100489;90
24.7073;0.00106224;90
16.815;0.000995567;90
5.44815;0.00104271;90
-5.96357;0.000924001;90
-13.0253;0.000838576;90
-13.2947;0.000787094;90
-23.101;0.000925186;90
-32.3302;0.00130891;90
-31.7753;0.00131981;90
-22.0644;0.0012139;90
-25.6226;0.000897232;90
-72.1247;0.00155402;90
-3.18625;0.00098953;90
-8.30749;0.000913586;90
22.7864;0.00105862;90
48.2813;0.0012848;90
55.7974;0.00130221;90
45.8973;0.00117394;90
43.0383;0.0010535;90
-23.3652;0.000993469;90
-48.3026;0.0010433;90
-65.9215;0.00150495;90
-43.5294;0.00118479;90
18.497;0.000876268;90
-79.3876;0.0014498;90
-89.3915;0.0017891;90
-84.2354;0.00190162;90
-63.2332;0.00127009;90
-69.253;0.00175586;90
-78.5823;0.00177309;90
-63.6685;0.00131661;90
-45.8367;0.000920044;90
-48.0643;0.000992075;90
-44.235;0.0010063;90
-27.1417;0.000977658;90
-35.612;0.00107506;90
-45.6492;0.000998499;90
-48.8376;0.00137345;90
-49.7412;0.00119769;90
-62.7676;0.00215035;90
-133.96;0.000857155;90
-99.9842;0.00111895;90
80.7468;0.00184703;90
-21.8153;0.00152846;90
-56.6486;0.00671005;90
-50.1507;0.00117359;90
-61.7896;0.00266336;90
-68.0677;0.00430777;90
-12.2231;0.00274421;90
-18.3748;0.00270912;90
-23.2194;0.002889;90
-26.1638;0.00287342;90
-75.6651;0.00455997;90
-83.9744;0.0052299;90
-58.1204;0.00366951;90
-33.7205;0.00261014;90
-73.1441;0.00395909;90
-79.2205;0.00446987;90
-82.4182;0.00502493;90
-82.382;0.00129745;90
-83.3786;0.00238491;90
-55.9978;0.000763556;90
-43.2573;0.00211594;90
-49.4019;0.00393393;90
-69.0627;0.00529459;90
-82.6638;0.0063278;90
-87.3896;0.00696022;90
-84.356;0.00496205;90
-71.5519;0.00687321;90
-41.0471;0.00400043;90
-40.6483;0.00343867;90
-52.6481;0.00325692;90
-58.1;0.00374689;90
-58.5141;0.00395183;90
-54.7824;0.00326696;90
-61.4748;0.0031641;90
-67.6502;0.0023668;90
-61.259;0.00262659;90
-46.5316;0.0027778;90
-47.966;0.00263751;90
-53.385;0.00296763;90
-38.324;0.00301077;90
-64.0949;0.00512496;90
-67.3246;0.00586754;90
-56.8031;0.00531672;90
-33.5947;0.00399773;90
-31.4241;0.00399142;90
-30.3063;0.0043795;90
-51.8012;0.00487231;90
-63.5895;0.00497527;90
-49.9355;0.00348482;90
-32.5091;0.00266451;90
-48.7399;0.00370748;90
-55.9209;0.00290004;90
-39.8653;0.00221222;90
-47.506;0.00213468;90
-50.1914;0.00240697;90
-63.4646;0.00432008;90
-64.5618;0.00538952;90
-77.6979;0.00619526;90
-89.3338;0.00756851;90
-87.076;0.00650847;90
-82.395;0.00697435;90
-82.1237;0.00740687;90
-80.5468;0.00724539;90
-84.6195;0.00735842;90
-86.2287;0.00731284;90
-79.6537;0.00705471;90
-75.6546;0.00728103;90
-72.8952;0.00625256;90
-65.4366;0.00595381;90
-64.7042;0.00595611;90
-66.91;0.00568111;90
-74.7968;0.00696683;90
-71.2252;0.00629178;90
-51.5375;0.00494371;90
-17.0818;0.00361549;90
-13.4383;0.00376509;90
-12.1035;0.00366753;90
-25.6994;0.00417387;90
-45.9357;0.00450346;90
-72.1443;0.0065064;90
-84.0709;0.00720253;90
-82.8504;0.00607423;90
-75.3707;0.00773269;90
-60.3915;0.00536563;90
-51.2123;0.0048289;90
-50.9192;0.00488884;90
-48.0399;0.00486679;90
-53.5868;0.00496796;90
-25.5631;0.00432209;90
-21.8711;0.00366154;90
-22.0076;0.00402423;90
-20.7892;0.00359507;90
-30.8472;0.00413261;90
-55.3555;0.00507843;90
-61.0991;0.00554111;90
-60.5221;0.00540351;90
-60.181;0.00498732;90
-64.8006;0.00536675;90
-73.1026;0.00625819;90
-73.6508;0.00641229;90
-74.6972;0.00611169;90
-79.7318;0.00644015;90
-80.8724;0.00678289;90
-80.2596;0.00728197;90
-80.7377;0.00673481;90
-80.2427;0.00488567;90
-86.3578;0.00960239;90
-86.7724;0.00751292;90
-86.6698;0.00723021;90
-88.3397;0.00814542;90
-96.2649;0.00705614;90
-96.9978;0.00720668;90
-94.7358;0.00734006;90
-93.7505;0.0067725;90
-63.8392;0.00469049;90
-42.227;0.0174952;90
-54.5047;0.00220103;90
-75.2485;0.0029337;90
-39.4512;0.00122124;90
-16.0177;0.00272166;90
-13.1191;0.00300031;90
16.0047;0.00331863;90
37.9446;0.00375346;90
61.116;0.00473047;90
66.9471;0.00495683;90
69.2901;0.0045329;90
47.5401;0.00209014;90
9.8288;0.00205618;90
-31.6867;0.00165818;90
23.6587;0.000670341;90
61.9507;0.00174382;90
56.3347;0.00192842;90
62.0186;0.0024063;90
49.0042;0.000708837;90
17.3173;0.0013942;90
14.0362;0.00136475;90
25.0966;0.00195452;90
18.7953;0.00201125;90
26.922;0.00129203;90
-5.68402;0.00085822;90
-48.513;0.00279266;90
123.339;0.00199058;90
-178.366;0.00259506;90
-163.243;0.00152266;90
-157.994;0.00140647;90
-159.628;0.00156274;90
169.72;0.000818133;90
122.109;0.00228207;90
85.6728;0.0125909;90
58.9397;0.0013238;90
55.6892;0.0026114;90
55.6954;0.00315476;90
54.8285;0.00316479;90
60.1743;0.00378195;90
77.9836;0.00459672;90
83.9209;0.00457975;90
92.2805;0.00500096;90
81.9021;0.00553014;90
82.3926;0.00503835;90
83.1115;0.00492757;90
75.5257;0.00444096;90
59.107;0.00388753;90
57.1304;0.00412545;90
57.0394;0.00444434;90
57.9652;0.00412869;90
45.8313;0.00346024;90
30.0827;0.00296659;90
39.3229;0.00313087;90
50.8156;0.00399166;90
52.8451;0.00406145;90
63.2172;0.00470696;90
63.854;0.00464757;90
58.1978;0.00439478;90
55.877;0.00414817;90
47.3353;0.00333183;90
39.3414;0.00240243;90
34.9652;0.00297865;90
20.5635;0.00361856;90
-2.79687;0.0010042;90
-10.5046;0.00159066;90
-8.99081;0.000819063;90
-94.8136;0.0010487;90
7.00072;0.00365928;90
-38.9818;0.00880818;90
-51.3016;0.00162343;90
-53.1424;0.0018622;90
-43.8649;0.00378376;90
-16.8391;0.00353142;90
-28.6694;0.00209482;90
-58.1745;0.00253161;90
-65.7104;0.00473078;90
-79.0307;0.0025068;90
-102.511;0.00375311;90
-108.832;0.00291822;90
-112.511;0.00599693;90
-103.317;0.00129379;90
-97.882;0.00300438;90
-92.3373;0.00421751;90
-94.1604;0.00414893;90
-86.9886;0.00428291;90
-81.9706;0.0043456;90
-81.6295;0.00434832;90
-69.0439;0.00383893;90
-69.991;0.00359181;90
-76.1802;0.00308119;90
-85.638;0.00119647;90
-92.0325;0.0012688;90
-101.272;0.00267561;90
-103.141;0.00266992;90
-78.8892;0.00490901;90
-66.1521;0.00106601;90
-85.757;0.00160841;90
-101.516;0.00212376;90
-91.4404;0.00258582;90
-80.6224;0.00177979;90
176.472;0.000958817;90
-114.13;0.00238983;90
-108.472;0.00195998;90
-167.197;0.00147569;90
-171.736;0.000361757;90
135.676;0.00251748;90
146.359;0.00258851;90
167.27;0.0010211;90
144.629;0.00220255;90
144.719;0.00261781;90
150.245;0.00287736;90
-170.652;0.0024627;90
-152.115;0.00300831;90
-135.093;0.00348463;90
-133.143;0.00351404;90
-133.696;0.00347987;90
-138.06;0.00422533;90
-154.695;0.00307176;90
-153.742;0.00284119;90
-161.017;0.00135573;90
-137.094;0.00143214;90
-100.684;0.0024057;90
-98.3637;0.00225498;90
-103.725;0.00281539;90
-128.329;0.00110776;90
-108.954;0.00136078;90
-127.687;0.000855487;90
-150.484;0.00096413;90
-145.273;0.000459922;90
158.764;0.00267247;90
143.608;0.00484737;90
151.994;0.00076453;90
163.741;0.00190728;90
175.681;0.00231056;90
177.206;0.00276929;90
178.429;0.00229786;90
-179.282;0.00239519;90
179.023;0.0020523;90
-157.274;0.00194393;90
-158.462;0.00181686;90
146.122;0.00126833;90
141.848;0.00135814;90
-125.192;0.000655881;90
103.165;0.00204166;90
139.977;0.0016545;90
166.161;0.00267567;90
-148.067;0.000587981;90
-163.953;0.000933366;90
-158.133;0.00146328;90
-165.891;0.00134147;90
-153.746;0.00107154;90
-160.196;0.0008471;90
-112.364;0.00115378;90
-173.91;0.000886001;90
-124.079;0.00208267;90
-116.221;0.00156393;90
-113.133;0.00148652;90
-120.143;0.00116099;90
143.522;0.00160804;90
173.883;0.00172683;90
-148.806;0.00162376;90
-114.651;0.00374974;90
-112.844;0.00549173;90
-134.603;0.0122559;90
-174.791;0.00106841;90
165.199;0.00147184;90
165.199;0.00245444;90
159.691;0.00184681;90
162.339;0.00046806;90
101.317;0.00320532;90
130.801;0.00370812;90
137.153;0.00380268;90
139.406;0.00399423;90
137.033;0.00396724;90
135.682;0.00404211;90
117.247;0.00488168;90
85.7689;0.0132421;90
82.6806;0.00310833;90
82.4807;0.00472261;90
85.7169;0.00725727;90
89.541;0.00761424;90
94.3295;0.00717949;90
93.8638;0.00774661;90
94.0696;0.00715805;90
94.8833;0.00703654;90
100.465;0.00715706;90
99.638;0.00686287;90
98.9158;0.00765246;90
100.839;0.00714142;90
105.163;0.00672099;90
105.911;0.00656968;90
109.309;0.0063449;90
116.354;0.00606649;90
120.516;0.00519914;90
120.588;0.00549459;90
119.959;0.00544678;90
135.914;0.00478489;90
156.684;0.00370889;90
158.836;0.00403838;90
158.815;0.00388237;90
158.58;0.00378975;90
148.552;0.00348841;90
120.097;0.0044569;90
130.23;0.00394518;90
132.261;0.00408467;90
125.401;0.00409635;90
128.18;0.00443596;90
109.955;0.00575769;90
101.493;0.0055156;90
98.5946;0.0059488;90
94.1451;0.00637768;90
105.845;0.00561847;90
121.91;0.00492062;90
156.073;0.00343959;90
163.304;0.00304225;90
165.382;0.00546801;90
175.997;0.00128915;90
162.914;0.0030768;90
139.828;0.00376385;90
108.474;0.00516305;90
105.627;0.0106653;90
119.003;0.00206039;90
111.529;0.00331637;90
116.108;0.00476074;90
115.305;0.0045761;90
110.188;0.00495223;90
101.696;0.00602306;90
104.393;0.0066621;90
96.7787;0.0125387;90
93.6241;0.00306914;90
98.3441;0.00412769;90
97.997;0.00639014;90
98.6334;0.00668171;90
98.1205;0.006782;90
94.4349;0.00680237;90
94.3443;0.0113797;90
97.3162;0.0027877;90
112.168;0.00443914;90
115.576;0.00458641;90
129.336;0.00522344;90
147.262;0.00105213;90
134.159;0.00293976;90
121.639;0.00356485;90
142.757;0.00285526;90
140.097;0.00300861;90
124.775;0.00370468;90
125.124;0.00863301;90
145.751;0.00142149;90
146.507;0.00217277;90
148.052;0.00340355;90
148.1;0.00332872;90
140.36;0.00336854;90
117.055;0.00460602;90
109.618;0.00461063;90
114.515;0.00448753;90
136.167;0.00319396;90
131.778;0.00293135;90
131.239;0.00266234;90
131.248;0.00302583;90
121.765;0.00307921;90
115.281;0.00357324;90
121.966;0.00323564;90
122.54;0.00402128;90
121.32;0.00333966;90
123.218;0.00326563;90
132.458;0.00323678;90
141.316;0.00326544;90
133.276;0.0036673;90
109.382;0.00480321;90
96.9363;0.00549824;90
90.9947;0.00570286;90
93.1225;0.0053239;90
104.67;0.00539384;90
116.836;0.00444356;90
136.598;0.00327164;90
134.697;0.00347619;90
133.594;0.00400555;90
132.824;0.00443251;90
137.01;0.0043337;90
125.477;0.00483823;90
117.346;0.00557951;90
116.142;0.00533361;90
125.859;0.00497617;90
119.044;0.0050672;90
113.76;0.00522703;90
115.919;0.0050355;90
125.195;0.00420219;90
127.515;0.00414146;90
112.334;0.00449736;90
107.565;0.00395647;90
111.291;0.00389697;90
104.276;0.00335769;90
110.8;0.00197684;90
114.829;0.00318875;90
135.665;0.00286327;90
-130.854;0.00329596;90
-154.988;0.00229415;90
-176.848;0.000454688;90
147.543;0.000618634;90
153.973;0.00214448;90
150.896;0.00261519;90
148.256;0.00260582;90
173.302;0.0022121;90
-164.228;0.00245753;90
-164.933;0.00231974;90
133.063;0.000669306;90
116.22;0.00126072;90
112.001;0.00277078;90
134.038;0.00286419;90
-158.006;0.00243522;90
-127.733;0.00226966;90
-115.214;0.00240847;90
-101.392;0.00355402;90
-67.2546;0.001826;90
-94.5534;0.00144857;90
-103.553;0.000977211;90
-71.4629;0.0134751;90
-77.0848;0.00135118;90
-82.7007;0.000897271;90
-93.0336;0.00202183;90
-97.277;0.00177631;90
-89.0798;0.00193025;90
-98.0023;0.00183891;90
-103.174;0.000934596;90
-93.1532;0.00167253;90
-111.808;0.00151007;90
-115.652;0.00137446;90
-108.291;0.00188314;90
-118.427;0.000922194;90
-130.564;0.00117945;90
-115.641;0.00130335;90
-81.9692;0.001224;90
85.9858;0.000285701;90
79.2564;0.00144839;90
57.7902;0.00216877;90
72.06;0.00172066;90
61.9668;0.000942588;90
69.1542;0.000879575;90
69.8349;0.00137211;90
78.7484;0.00134791;90
86.7114;0.000993636;90
81.0076;0.000902088;90
83.5446;0.00186784;90
89.1258;0.000983114;90
89.337;0.00103707;90
85.1703;0.00108084;90
72.7071;0.00128509;90
105.593;0.000892861;90
86.5101;0.00111707;90
92.7837;0.00109129;90
100.856;0.00111496;90
100.956;0.000983933;90
99.8121;0.00105036;90
103.425;0.000887246;90
110.825;0.000773533;90
105.405;0.000903461;90
110.136;0.00083078;90
113.359;0.000799528;90
116.818;0.000811253;90
117.345;0.000722764;90
111.22;0.00146428;90
116.531;0.000752213;90
129.611;0.000639932;90
126.852;0.0006486;90
101.596;0.00165171;90
-79.7076;0.00164548;90
-62.3353;0.00258671;90
-49.2019;0.000694832;90
-65.3983;0.00129231;90
-68.1152;0.00140312;90
-72.6481;0.00162285;90
-73.8857;0.00144476;90
-78.9535;0.00149266;90
-81.3199;0.00151738;90
-85.8832;0.00169938;90
-85.4695;0.00173442;90
-98.9468;0.00149823;90
-96.353;0.0014821;90
-87.6343;0.00176851;90
-96.7927;0.00145421;90
-102.489;0.00141037;90
-95.4111;0.00158004;90
-111.466;0.0013335;90
-114.889;0.00126884;90
-111.287;0.00130289;90
-112.09;0.00128967;90
-130.539;0.00099083;90
-123.786;0.00115988;90
-94.4894;0.00116257;90
-76.5567;0.00114847;90
-81.1511;0.0008906;90
-88.6948;0.00118531;90
-91.5246;0.00131547;90
-93.2321;0.00127703;90
-84.4912;0.00146878;90
-81.8763;0.00126671;90
-72.6392;0.00101211;90
-49.2466;0.00102175;90
-35.1753;0.00084537;90
2.84569;0.00102727;90
44.7863;0.00132725;90
-75.7706;0.00158255;90
-88.229;0.00122959;90
-91.6803;0.0011595;90
-86.0937;0.00111559;90
-83.8786;0.00104094;90
-82.6957;0.000991042;90
-82.7231;0.00126317;90
-80.9827;0.00179924;90
-84.1498;0.0022467;90
-86.0377;0.00264833;90
-91.5509;0.00280803;90
-100.94;0.00267155;90
-101.783;0.00201752;90
-86.318;0.00118344;90
-90;0.001221;90
-110.756;0.00113999;90
-107.575;0.00132799;90
-101.863;0.00125991;90
-100.121;0.00117224;90
-103.308;0.00125983;90
-98.7829;0.00130328;90
-104.149;0.00148093;90
-100.222;0.00184834;90
-92.7018;0.00178198;90
-94.2598;0.00189824;90
-92.2414;0.00204556;90
-101.736;0.0024778;90
-105.461;0.00227326;90
-98.1873;0.00155889;90
-98.0499;0.00141393;90
-101.221;0.00176269;90
-114.59;0.00172548;90
-119.829;0.00161034;90
-128.216;0.000826028;90
-123.832;0.000671744;90
-123.648;0.00114241;90
-121.825;0.000673208;90
-121.142;0.000773462;90
-137.34;0.00112595;90
-129.552;0.00101291;90
-139.254;0.00124866;90
-140.65;0.00133585;90
-139.386;0.000980092;90
-139.518;0.000888766;90
-127.811;0.00118096;90
-111.335;0.00157493;90
-104.871;0.00178064;90
-99.164;0.00217881;90
-91.2324;0.00269662;90
-94.2305;0.00216891;90
-91.487;0.0017726;90
-92.6261;0.00165874;90
-96.3203;0.00158966;90
-95.7963;0.00166351;90
-112.021;0.00135484;90
-113.908;0.00148545;90
-115.119;0.00122262;90
-120.798;0.00100584;90
161.631;0.00245614;90
158.003;0.000814279;90
160.973;0.00116252;90
-166.965;0.00106853;90
-136.414;0.00117486;90
147.843;0.00124381;90
126.129;0.00177915;90
123.763;0.00152404;90
113.5;0.00187337;90
121.181;0.00180589;90
149.682;0.00120245;90
164.604;0.00117517;90
175.578;0.00132294;90
153.819;0.00106752;90
107.994;0.00102619;90
86.3952;0.00225847;90
100.036;0.00175587;90
117.5;0.00153549;90
117.003;0.00157916;90
110.407;0.00148842;90
121.917;0.00144319;90
157.991;0.00143562;90
170.368;0.000944312;90
154.285;0.000783604;90
135.413;0.00117807;90
103.84;0.00127502;90
105.335;0.00132725;90
107.745;0.00136494;90
104.667;0.000947887;90
114.323;0.000983281;90
136.715;0.00120474;90
99.7703;0.00177373;90
105.044;0.0013099;90
88.7294;0.00103726;90
94.7741;0.00136975;90
95.1194;0.00124396;90
90.8897;0.00148118;90
94.2137;0.00140179;90
96.2499;0.00133192;90
91.3249;0.00181649;90
66.0674;0.0013632;90
94.6369;0.00108856;90
95.8876;0.00148182;90
87.3195;0.00220241;90
87.5358;0.00176763;90
81.2978;0.00138798;90
83.5073;0.00161838;90
101.903;0.00143996;90
98.2866;0.00212317;90
99.6444;0.00186232;90
97.1199;0.0013877;90
110.805;0.00148374;90
112.423;0.0013187;90
100.067;0.0016819;90
95.2236;0.00213085;90
107.789;0.00182317;90
120.708;0.00177023;90
108.759;0.00212382;90
105.461;0.0018043;90
103.31;0.00147255;90
97.1644;0.00144327;90
95.4958;0.00191078;90
93.0303;0.00172141;90
96.3333;0.00183118;90
87.1074;0.00217978;90
81.0115;0.00224659;90
78.696;0.00190801;90
85.8745;0.00143171;90
89.3167;0.00159311;90
94.3285;0.0020669;90
110.274;0.00195087;90
106.345;0.00173408;90
94.7557;0.00179719;90
90.9065;0.00189624;90
94.5034;0.0018467;90
95.8212;0.0018043;90
109.678;0.00193925;90
113.764;0.00199517;90
105.849;0.00220794;90
94.1485;0.00279232;90
94.0079;0.00273268;90
86.5981;0.00237619;90
76.7229;0.00250804;90
53.6943;0.00160448;90
59.5406;0.00142229;90
54.1265;0.00172526;90
79.2351;0.00220582;90
80.9941;0.00187815;90
82.7038;0.00182679;90
76.7952;0.00165475;90
90.3276;0.00209903;90
99.165;0.00136239;90
111.539;0.00113312;90
112.155;0.00135504;90
107.079;0.00140286;90
97.6385;0.00146702;90
85.1453;0.00198512;90
46.2678;0.00137424;90
-41.9166;0.00102538;90
13.2057;0.00075291;90
-28.2432;0.000809357;90
38.1862;0.000888034;90
15.3453;0.000668845;90
11.7165;0.000856853;90
61.631;0.00147743;90
70.663;0.00172745;90
65.183;0.00181787;90
51.9027;0.000858997;90
17.4065;0.00065185;90
-10.823;0.000761546;90
25.3153;0.000881668;90
40.769;0.00166766;90
34.2521;0.00130056;90
31.0027;0.00126;90
8.46779;0.00107977;90
-12.3355;0.000964261;90
-30.9638;0.00116619;90
1.63192;0.00105343;90
13.1848;0.00135471;90
-27.2847;0.00110381;90
-26.6038;0.000660982;90
31.1073;0.000547768;90
-71.9657;0.00122099;90
-84.9256;0.00120974;90
-36.0524;0.0010093;90
-54.3433;0.000727363;90
-51.933;0.000784971;90
-67.5706;0.000948774;90
-81.3423;0.00167408;90
-64.8321;0.000825354;90
-77.505;0.000919785;90
-81.1955;0.00104532;90
-69.4362;0.000868328;90
-73.2345;0.0015739;90
-77.6292;0.00110158;90
-82.6512;0.00206395;90
-82.8167;0.000975658;90
-85.2997;0.000976283;90
-68.364;0.00090044;90
-84.4491;0.00149903;90
-66.0297;0.0014818;90
-68.6362;0.00136156;90
-53.2584;0.0012504;90
-63.2277;0.00123655;90
-81.9709;0.00152495;90
44.1055;0.000951175;90
31.4733;0.00111856;90
43.9745;0.00173835;90
60.0669;0.00184974;90
69.8412;0.00167139;90
70.4665;0.00163298;90
62.981;0.001411;90
49.8511;0.00153852;90
26.7434;0.00129335;90
-4.79309;0.00096939;90
10.2697;0.00116669;90
1.73961;0.00088941;90
-72.0756;0.00134845;90
-67.2772;0.00102777;90
-11.8071;0.000904129;90
-30.7927;0.000976689;90
-39.0805;0.00104218;90
-26.8743;0.000911435;90
-7.06977;0.000771869;90
-90.1539;0.001117;90
92.7442;0.00486658;90
70.1314;0.00290704;90
114.359;0.000952824;90
-152.772;0.00251351;90
-163.77;0.00298392;90
-166.26;0.00304411;90
-142.354;0.0033089;90
-113.905;0.00494301;90
-132.369;0.00369641;90
-140.207;0.00285932;90
-117.832;0.00357903;90
178.368;0.000702285;90
102.379;0.00336319;90
93.9862;0.00340925;90
9.35034;0.00100941;90
-79.6975;0.00219743;90
42.2826;0.000432529;90
127.997;0.00190217;90
-94.7546;0.00261801;90
-82.5176;0.00111348;90
-24.6066;0.000641232;90
28.0529;0.00223906;90
33.9751;0.0028989;90
47.8888;0.00360588;90
65.4814;0.00508448;90
38.5222;0.00331558;90
12.3165;0.00310343;90
16.885;0.00274744;90
24.3829;0.00240776;90
50.5448;0.00150753;90
-101.76;0.0024729;90
-107.566;0.00310793;90
-91.5488;0.00255293;90
-53.8788;0.00134691;90
-109.028;0.00165016;90
153.152;0.00135955;90
130.552;0.00126742;90
164.565;0.000586141;90
140.11;0.000785891;90
156.01;0.000855937;90
134.373;0.0012269;90
169.71;0.00103566;90
-173.411;0.00061003;90
-104.084;0.00202178;90
-68.6821;0.00294876;90
-85.5168;0.00156078;90
-76.5166;0.00108079;90
-67.2255;0.00159647;90
-47.5889;0.000673146;90
-61.6691;0.000899774;90
-80.4182;0.0012616;90
-89.2457;0.00167114;90
-73.5855;0.000905923;90
-43.6678;0.00063869;90
29.7289;0.000891314;90
45.4015;0.000706417;90
95.3671;0.00126153;90
139.91;0.00103263;90
128.74;0.00110899;90
122.468;0.00122201;90
-80.2272;0.00182042;90
-92.1616;0.00193538;90
-65.4227;0.0011733;90
-10.4516;0.000837902;90
56.6532;0.00124976;90
99.8804;0.00150939;90
147.235;0.000704006;90
124.61;0.000725364;90
134.496;0.000723398;90
77.8321;0.00213496;90
-161.736;0.000529684;90
-104.721;0.00156228;90
-80.3071;0.00167491;90
-90.7967;0.00165416;90
-63.8083;0.00116681;90
13.2764;0.000822996;90
52.3662;0.0011251;90
104.516;0.00147612;90
132.289;0.000777273;90
132.859;0.000757133;90
139.545;0.000892346;90
79.7565;0.00225494;90
-144.794;0.000723305;90
-89.7606;0.00167501;90
-79.7342;0.00196953;90
-92.4435;0.00178262;90
-43.8184;0.0009258;90
26.7587;0.000926185;90
46.9577;0.00097284;90
115.956;0.00168162;90
146.728;0.000570524;90
120.776;0.000730931;90
135.223;0.000725497;90
97.5135;0.000933011;90
58.1195;0.00126479;90
47.1702;0.000672234;90
-162.554;0.00119077;90
-128.961;0.00112915;90
-58.3497;0.00131686;90
-83.7838;0.0021426;90
-88.3821;0.00148759;90
-31.9221;0.000656245;90
24.5708;0.000822477;90
34.5889;0.000954757;90
103.418;0.000922174;90
133.204;0.000857435;90
166.653;0.000463519;90
124.23;0.0009422;90
128.384;0.000779472;90
86.6216;0.00225692;90
-38.4786;0.000740892;90
175.39;0.0010825;90
-91.341;0.00166646;90
-75.3869;0.00154188;90
-91.1023;0.00176733;90
-57.2065;0.00106349;90
5.45836;0.0009041;90
52.4314;0.00116449;90
112.872;0.00159002;90
147.597;0.00064195;90
136.71;0.000853151;90
113.004;0.000849558;90
99.7329;0.000905027;90
128.987;0.000958454;90
159.082;0.000481751;90
116.785;0.00116724;90
94.6696;0.0012652;90
108.33;0.00155489;90
93.5568;0.00146683;90
127.97;0.00153108;90
-162.408;0.00051614;90
123.728;0.00124447;90
-154.562;0.000591331;90
-117.764;0.0010476;90
-114.569;0.00132277;90
-111.771;0.0020653;90
-120.389;0.00102596;90
-115.851;0.00111231;90
-128.681;0.00084162;90
-107.947;0.00118779;90
-99.8771;0.00109016;90
-85.2584;0.00129443;90
-98.652;0.00235985;90
-100.609;0.00161867;90
-102.861;0.00183298;90
-86.92;0.00219617;90
-111.757;0.00168611;90
-118.838;0.0016918;90
-142.116;0.00107317;90
163.755;0.00091868;90
-144.388;0.0012571;90
-133.285;0.00144102;90
-126.995;0.0015588;90
-119.575;0.00166951;90
-128.363;0.00132765;90
-127.504;0.00108407;90
-169.808;0.000542561;90
141.77;0.000791823;90
110.172;0.00111648;90
107.481;0.0016911;90
99.1162;0.00209547;90
84.9237;0.00267851;90
82.4829;0.00239256;90
62.7004;0.00104657;90
11.9859;0.00121345;90
8.89368;0.000679166;90
-3.07146;0.00082118;90
5.69551;0.000755731;90
29.9732;0.000902732;90
69.1187;0.00142242;90
81.4387;0.00148454;90
48.5695;0.00110169;90
65.9869;0.00126553;90
70.3773;0.00111368;90
72.5005;0.0011041;90
69.9037;0.00125437;90
65.3267;0.0011786;90
48.1643;0.001012;90
29.9872;0.0010264;90
40.7624;0.00123445;90
54.5267;0.00155086;90
64.2382;0.00165888;90
69.4678;0.00168504;90
70.2341;0.00137501;90
59.5279;0.00133894;90
46.6427;0.00113467;90
30.3574;0.00102099;90
3.05288;0.0011266;90
2.69235;0.00104315;90
14.6948;0.0010762;90
-69.259;0.0015954;90
-81.5441;0.00181574;90
-49.5393;0.000839849;90
-36.1988;0.00100747;90
-6.83138;0.00079867;90
-57.9865;0.000748889;90
-39.9228;0.000751066;90
-58.6658;0.000769187;90
-29.5184;0.000407953;90
79.98;0.0107246;90
69.4339;0.00133509;90
30.9802;0.00119672;90
20.5971;0.00130758;90
-26.486;0.00129603;90
-23.2176;0.00237428;90
16.1804;0.0010048;90
-98.2735;0.00344687;90
-75.9755;0.00118018;90
-41.676;0.00123173;90
18.003;0.0011745;90
35.7525;0.00136406;90
9.7302;0.0012307;90
-1.93524;0.00124371;90
-16.6429;0.0010719;90
-4.13666;0.00103971;90
-30.604;0.00117462;90
-35.0362;0.00159382;90
-32.9908;0.00145453;90
-3.97017;0.00102546;90
-76.1963;0.0016136;90
-26.4702;0.00135059;90
11.5326;0.00116043;90
20.0644;0.00102309;90
50.0724;0.00162351;90
56.9761;0.00157435;90
19.9122;0.001104;90
74.666;0.00121008;90
-50.0839;0.00126078;90
-56.3353;0.00125196;90
-58.6263;0.00184589;90
-12.4011;0.00107099;90
-48.9293;0.000701685;90
-88.622;0.00174651;90
-83.8559;0.00206486;90
-73.9621;0.00170121;90
-62.5075;0.00168532;90
-78.9432;0.00190842;90
-64.5131;0.00156866;90
-42.2519;0.00106188;90
-46.2189;0.00109697;90
-43.051;0.00118509;90
-24.4235;0.00116088;90
-42.1064;0.00142876;90
-51.0691;0.00204652;90
-48.3554;0.00171555;90
-52.7768;0.00204324;90
-60.203;0.0021814;90
-59.463;0.00207245;90
-48.064;0.00174622;90
-57.9199;0.00374127;90
-68.7226;0.00440636;90
-47.1761;0.000763519;90
3.96416;0.00114273;90
-9.16077;0.00115574;90
-21.8084;0.00151546;90
-30.2423;0.00145734;90
-10.8468;0.00128598;90
-29.1074;0.00137116;90
-22.319;0.00137717;90
-31.7023;0.00166316;90
-65.5761;0.0023701;90
-86.6622;0.00269657;90
-83.5527;0.00271618;90
-74.1588;0.00241782;90
-60.4404;0.00199461;90
-47.5475;0.00163857;90
-29.6309;0.00149673;90
-59.5925;0.00180185;90
-75.1108;0.00218331;90
-81.3743;0.002387;90
-78.536;0.00218866;90
-82.0922;0.00233319;90
-83.2154;0.00219235;90
-82.0326;0.0020922;90
-83.6658;0.00211189;90
80.8486;0.000333242;90
98.1697;0.00265999;90
98.0398;0.00341052;90
97.9916;0.00304255;90
100.94;0.00291395;90
103.289;0.00264071;90
122.766;0.00209898;90
143.869;0.00158233;90
123.532;0.00190623;90
120.454;0.0022354;90
100.986;0.0023246;90
96.8794;0.00254633;90
94.1377;0.00274415;90
113.645;0.00215927;90
157.684;0.00126148;90
157.568;0.00119762;90
151.829;0.00122853;90
162.138;0.00117042;90
152.687;0.00143836;90
152.505;0.00148808;90
169.404;0.00135409;90
180;0.001225;90
149.029;0.00133889;90
111.113;0.00245693;90
110.779;0.00225786;90
119.588;0.00190779;90
126.344;0.00163507;90
130.827;0.00162287;90
122.234;0.00177922;90
121.706;0.00201116;90
124.591;0.00178081;90
130.031;0.00142877;90
131.965;0.0019232;90
131.514;0.0016747;90
145.684;0.000812407;90
-34.2902;0.00129751;90
-44.5368;0.00174944;90
-55.5723;0.00178822;90
-48.3109;0.00171406;90
-59.8999;0.00232098;90
-55.3884;0.00303516;90
-60.2141;0.000692486;90
-51.4188;0.00148006;90
-54.0272;0.00200545;90
-65.8379;0.00206929;90
-74.0706;0.00245944;90
-53.3645;0.00166241;90
-2.56315;0.00138639;90
-0.90311;0.00101513;90
-22.1603;0.00163044;90
-25.2463;0.0012825;90
-22.8579;0.00125886;90
-19.5577;0.00132335;90
-20.6814;0.00144406;90
-36.1423;0.00168534;90
-69.4061;0.00229998;90
-87.0237;0.00263856;90
-85.2979;0.00270811;90
-71.0724;0.00261119;90
-57.2556;0.00188208;90
-57.2428;0.00172063;90
-27.6693;0.0015548;90
-57.9454;0.00160346;90
-74.1111;0.00195052;90
-80.9197;0.00226843;90
-80.0035;0.00231007;90
-78.4994;0.0021216;90
-83.1289;0.00249089;90
-84.0385;0.00202193;90
-81.9788;0.0021571;90
28.369;5.68243e-05;90
97.7015;0.00364891;90
95.7824;0.00317616;90
100.831;0.00302794;90
101.041;0.0028039;90
101.549;0.00263229;90
133.611;0.00201231;90
140.795;0.00142859;90
125.594;0.00176964;90
119.481;0.00196895;90
105.902;0.00219708;90
93.2645;0.00247602;90
92.085;0.00252867;90
109.511;0.00237434;90
149.832;0.00139493;90
150.543;0.0011611;90
160.976;0.00123019;90
166.662;0.00111405;90
147.919;0.00137259;90
153.552;0.0015335;90
168.838;0.00129143;90
172.621;0.00126145;90
162.186;0.001314;90
115.287;0.00212569;90
108.115;0.00237997;90
113.92;0.00192865;90
131.864;0.00162878;90
124.977;0.00154384;90
125.006;0.00162986;90
120.685;0.0020791;90
123.228;0.00182308;90
132.072;0.00170281;90
132.046;0.00174251;90
126.282;0.00165609;90
139.593;0.00137762;90
158.812;0.000572717;90
-26.3887;0.00101697;90
-47.1482;0.00177326;90
-49.8689;0.00175785;90
-48.808;0.00177806;90
-55.3642;0.00183159;90
-61.6534;0.00211455;90
-51.7227;0.0016611;90
-55.0549;0.00189947;90
-50.3859;0.00180046;90
-64.8173;0.00215038;90
-71.69;0.00232048;90
-66.0146;0.00202704;90
-13.8474;0.00132449;90
-3.81696;0.00132193;90
-19.1823;0.00143042;90
-22.0276;0.00131715;90
-23.4614;0.00123075;90
-22.9096;0.00135379;90
-22.3641;0.0013614;90
-27.3717;0.0015247;90
-57.4569;0.00207832;90
-85.0249;0.00276743;90
-84.267;0.00279297;90
-76.9155;0.00262824;90
-58.9948;0.00189472;90
-57.2428;0.00172063;90
-36.9128;0.0016034;90
-42.3307;0.00135133;90
-71.4906;0.0019467;90
-78.4514;0.0022128;90
-81.1796;0.00228907;90
-81.565;0.00233829;90
-81.7859;0.00221876;90
-81.4224;0.00248075;90
-83.2491;0.00220328;90
-80.8628;0.000144838;90
97.6088;0.00374598;90
97.881;0.00289535;90
97.9575;0.00272322;90
99.9868;0.00281973;90
102.557;0.00261249;90
127.318;0.00212126;90
144.758;0.0014852;90
123.492;0.00176867;90
123.714;0.00202687;90
104.558;0.00237113;90
93.7942;0.00229703;90
93.1452;0.00256987;90
107.686;0.0022745;90
140.462;0.0014782;90
159.426;0.0010927;90
154.704;0.00113039;90
157.09;0.00130494;90
155.968;0.00133579;90
160.861;0.00159517;90
158.274;0.00127777;90
174.991;0.00137425;90
154.078;0.00139539;90
113.52;0.00219758;90
106.494;0.00238098;90
123.674;0.00198028;90
126.194;0.00181533;90
127.153;0.00169882;90
123.345;0.00175011;90
119.49;0.00186687;90
128.014;0.00180236;90
127.779;0.0015752;90
129.788;0.00168138;90
132.131;0.00172326;90
147.081;0.00127704;90
142.098;0.000743921;90
140.444;0.000588847;90
133.465;0.000659967;90
130.525;0.000815659;90
137.227;0.00112798;90
115.991;0.00142847;90
111.064;0.00173064;90
106.227;0.001732;90
124.196;0.00125617;90
96.937;0.00173873;90
89.6325;0.00187104;90
92.8593;0.0018443;90
-171.798;0.000897178;90
156.213;0.000830557;90
114.58;0.00135587;90
117.084;0.00128266;90
142.403;0.000976879;90
173.579;0.000625927;90
-137.121;0.00150929;90
-120.563;0.000833847;90
-127.381;0.00109864;90
-85.7276;0.00153025;90
-65.7817;0.00138708;90
-75.1561;0.00130764;90
-53.8787;0.00192876;90
-63.6258;0.00147671;90
-65.0075;0.00141775;90
-70.9584;0.00140381;90
-74.7682;0.00151108;90
-75.6186;0.00128837;90
-83.3149;0.00108236;90
-73.4532;0.00115169;90
-75.0805;0.0012429;90
-74.3092;0.00145315;90
-77.2901;0.00137263;90
-77.8695;0.00123252;90
-80.7131;0.000966671;90
-92.2729;0.00103381;90
-93.4989;0.00101589;90
-119.918;0.000779934;90
-148.939;0.00081016;90
-157.962;0.000855506;90
-143.808;0.00099747;90
-147.427;0.000995599;90
-164.857;0.000853642;90
179.132;0.000924106;90
176.112;0.000722663;90
152.849;0.00104967;90
-121.199;0.00104632;90
-112.834;0.000824621;90
-114.686;0.000804523;90
-148.207;0.000687095;90
146.229;0.000976828;90
135.823;0.00118099;90
138.996;0.00135954;90
117.516;0.00172514;90
140.362;0.00100637;90
132.786;0.00126313;90
131.494;0.00129502;90
133.002;0.00135918;90
133.909;0.00144771;90
122.26;0.00159998;90
121.344;0.00178208;90
117.824;0.00175037;90
122.254;0.00173703;90
120.172;0.00179868;90
129.734;0.00153311;90
147.855;0.00109011;90
85.7675;0.00216791;90
107.503;0.00149627;90
100.795;0.00150564;90
-178.875;0.00117123;90
154.599;0.000946499;90
-178.641;0.000759213;90
-111.607;0.000931453;90
-104.704;0.000874643;90
-105.702;0.00145219;90
-112.109;0.000759876;90
173.876;0.000909189;90
124.98;0.000764016;90
109.095;0.00109738;90
94.5739;0.00158003;90
102.889;0.00174394;90
130.338;0.00106134;90
-169.687;0.000608837;90
-118.846;0.00114622;90
77.1329;0.000808297;90
93.6093;0.00357409;90
93.7077;0.00136085;90
69.2218;0.00250599;90
72.8252;0.000877112;90
76.8902;0.00123006;90
40.0981;0.00248254;90
-0.840465;0.00204522;90
-43.1457;0.00194486;90
69.7911;0.00355484;90
70.7658;0.00106548;90
82.5822;0.00109214;90
-37.0446;0.00164001;90
-84.7739;0.00180048;90
-53.74;0.00150309;90
123.828;0.000576613;90
114.018;0.00136848;90
113.595;0.00193366;90
158.605;0.00065515;90
80.4807;0.00182006;90
69.1439;0.00158698;90
77.6721;0.00219665;90
79.6499;0.0013581;90
-103.537;0.0113935;90
-101.235;0.00180152;90
129.664;0.00180955;90
157.714;0.00245758;90
-140.333;0.00248776;90
-113.533;0.00191094;90
-114.099;0.00213071;90
-101.342;0.00283231;90
-74.9438;0.0020711;90
-92.0378;0.00160301;90
-106.621;0.000839057;90
80.9052;0.0115583;90
29.2257;0.00302508;90
-20.9908;0.00123388;90
-42.3605;0.00124371;90
-12.6676;0.000984976;90
63.7459;0.000906515;90
-19.1931;0.000836496;90
-67.4721;0.00105446;90
-107.752;0.000901946;90
-99.0039;0.00104791;90
-88.434;0.00139052;90
-68.7723;0.00129808;90
-0.691792;0.000911066;90
26.1014;0.00105009;90
29.3869;0.00107193;90
16.4715;0.000867606;90
-0.316898;0.000904014;90
-7.64621;0.000954487;90
-12.1433;0.000741594;90
-14.5431;0.00071284;90
-18.4845;0.000731751;90
-32.6593;0.000770881;90
-31.2337;0.00116483;90
-30.8878;0.00129344;90
-21.9606;0.00100276;90
-16.7658;0.000825072;90
-77.8771;0.00156183;90
-15.2258;0.00102809;90
-2.2207;0.00085164;90
15.4183;0.000985466;90
43.3065;0.00122029;90
57.3372;0.00133038;90
51.2966;0.00123143;90
56.5736;0.00180806;90
-46.6326;0.00116649;90
-46.3799;0.00102772;90
-63.8599;0.00138685;90
-53.8506;0.00141551;90
9.80842;0.000898128;90
-75.5388;0.0011773;90
-86.6957;0.00178697;90
-85.6013;0.00194272;90
-67.5543;0.00156885;90
-62.1291;0.00135407;90
-80.9605;0.00164847;90
-67.7021;0.00147856;90
-52.837;0.00101641;90
-46.378;0.00102914;90
-43.698;0.000933622;90
-33.6003;0.00106253;90
-30.9638;0.00106706;90
-41.9495;0.00112944;90
-49.7985;0.00135249;90
-50.5379;0.00126029;90
-53.9195;0.0010307;90
-26.8847;0.000320657;90
-49.3987;0.00125386;90
-58.5454;0.00152159;90
-62.3108;0.00173239;90
-57.1247;0.00122879;90
-50.4688;0.00128358;90
-54.6845;0.00137871;90
-52.6601;0.00138985;90
-57.0322;0.00158407;90
-70.1804;0.00176665;90
-72.4474;0.00180714;90
-63.5005;0.00156435;90
-18.2771;0.00103312;90
-5.48527;0.00108798;90
-5.50477;0.000969471;90
-24.8137;0.00103892;90
-19.0665;0.00100408;90
-26.3898;0.000877437;90
-22.2899;0.00100186;90
-19.29;0.000868774;90
-27.1576;0.000994656;90
-25.9516;0.0010443;90
-26.6233;0.00131883;90
-59.7995;0.00162218;90
-80.9276;0.00202939;90
-85.6878;0.00198161;90
-84.3931;0.00324452;90
-67.5342;0.00214585;90
-55.8256;0.00137792;90
-58.1434;0.00126564;90
-41.0548;0.00131551;90
-29.0281;0.00105103;90
-57.9946;0.00109434;90
-72.7414;0.00132464;90
-79.5701;0.00155774;90
-48.2134;0.000870403;90
39.0939;0.000845237;90
32.9604;0.000718672;90
45.2686;0.000905107;90
7.59051;0.000916027;90
-34.8488;0.000589767;90
-34.9672;0.000945721;90
-18.8467;0.000616028;90
-31.4931;0.000983929;90
-26.618;0.000968665;90
-51.0106;0.00130329;90
-49.7861;0.00089833;90
-33.9854;0.000699486;90
-76.2699;0.000998533;90
-66.9606;0.00094541;90
-78.9392;0.00117279;90
-25.2934;0.000826207;90
-68.2067;0.00131714;90
-81.0871;0.00164587;90
-81.5461;0.00132641;90
-46.7858;0.000930297;90
-54.8448;0.0037965;90
-69.3217;0.00131683;90
-71.8583;0.0012975;90
-70.755;0.00131975;90
-79.5251;0.0013861;90
-79.4608;0.00135587;90
-84.5951;0.00138014;90
-76.5939;0.00116885;90
-70.513;0.000947262;90
-64.3947;0.00104126;90
-53.4457;0.000871413;90
-45.4559;0.000799763;90
-62.5612;0.00102647;90
-64.0905;0.000977226;90
-61.8717;0.00132782;90
-72.904;0.00125861;90
-57.8636;0.00139114;90
-2.91728;0.00135576;90
21.9901;0.00095875;90
28.8707;0.0010894;90
82.0241;0.0012612;90
81.2494;0.0019588;90
85.8399;0.00241236;90
40.3959;0.000695917;90
13.2372;0.000991339;90
39.0823;0.00192724;90
-37.5256;0.00162531;90
-77.8736;0.00278003;90
-63.236;0.00180318;90
34.6747;0.000710121;90
69.9687;0.00172538;90
49.9824;0.00124568;90
20.2521;0.00103712;90
32.8199;0.000894835;90
60.5279;0.00114634;90
38.9986;0.00110917;90
34.992;0.00100094;90
12.0632;0.0010144;90
21.3981;0.00126629;90
-5.87425;0.000801207;90
-23.4835;0.0006073;90
-48.5879;0.00109604;90
7.65156;0.000931292;90
-63.6452;0.00134031;90
-51.2859;0.00131748;90
-47.2669;0.0010905;90
56.6214;0.00142865;90
63.9402;0.0012679;90
67.4049;0.00142108;90
43.9058;0.00114784;90
54.0214;0.00120855;90
42.9733;0.00107972;90
29.3294;0.000769656;90
43.4518;0.00130863;90
56.9629;0.00163065;90
59.0879;0.00152222;90
44.8377;0.00124805;90
32.4382;0.00106639;90
70.8812;0.0016426;90
75.0466;0.0018486;90
65.9361;0.00172162;90
59.1473;0.00168086;90
78.4743;0.00192685;90
78.6092;0.00222278;90
77.2161;0.00199752;90
-103.244;0.000999585;90
-102.277;0.0011851;90
-99.1326;0.001657;90
-103.885;0.00119182;90
-106.053;0.00146097;90
-118.113;0.000744883;90
-114.557;0.00117421;90
-75.2179;0.00121108;90
-70.9631;0.000993326;90
-69.8554;0.00151572;90
-72.1765;0.00127415;90
-81.6279;0.00107142;90
-113.992;0.000976357;90
-106.895;0.0013764;90
-102.081;0.0019686;90
-87.5691;0.00169753;90
-57.9352;0.00132987;90
-86.7787;0.00176178;90
-88.6196;0.00174351;90
-90;0.001476;90
-106.328;0.00195276;90
-107.438;0.00190872;90
-108.129;0.00171935;90
-112.354;0.00144348;90
176.638;0.000699203;90
149.139;0.000764199;90
161.303;0.000552139;90
-93.1441;0.00222435;90
-85.743;0.00164353;90
-77.5269;0.0014492;90
-55.3287;0.00121469;90
-69.7979;0.00174324;90
-72.4441;0.00189632;90
-92.7178;0.00191916;90
-71.6654;0.00162446;90
-72.446;0.0013163;90
-70.8513;0.00124382;90
-80.3424;0.00159156;90
-65.6571;0.0014071;90
-50.2733;0.00111559;90
-30.1199;0.000966499;90
-34.6287;0.000981951;90
-56.2205;0.00142087;90
-37.334;0.00101243;90
-70.2979;0.00151573;90
-66.818;0.00135653;90
-52.2677;0.00151477;90
-73.1721;0.00234544;90
-62.5153;0.00256331;90
-60.1695;0.00232392;90
-58.1418;0.0018567;90
-83.1023;0.0017819;90
-64.5144;0.00132935;90
-61.8098;0.00140347;90
-40.6013;0.00111556;90
-24.1686;0.00101606;90
-27.1231;0.00142355;90
22.1911;0.000873717;90
-51.4949;0.00115647;90
-47.4349;0.000965365;90
-47.718;0.000924521;90
-58.009;0.00084185;90
-72.7544;0.00182819;90
-86.6048;0.0019925;90
-80.7539;0.00135055;90
-74.4994;0.00104397;90
-81.1258;0.00108904;90
-77.9118;0.00181934;90
-73.5078;0.00100745;90
-70.9557;0.00110022;90
-72.1902;0.00107239;90
-51.5024;0.000992801;90
-50.5524;0.000942754;90
-63.475;0.00192123;90
-81.5481;0.00168732;90
-116.974;0.00138014;90
-119.688;0.00136289;90
-115.571;0.00159858;90
-109.78;0.00173752;90
-102.323;0.00184143;90
-97.0338;0.00202524;90
-94.1426;0.00200724;90
-94.1241;0.00169639;90
-90.6255;0.00137408;90
-89.2318;0.00141713;90
-73.677;0.00116704;90
-67.343;0.00106954;90
-67.7947;0.00121188;90
-71.7183;0.00130065;90
-74.8467;0.00143075;90
-70.7653;0.00156327;90
-80.1455;0.00151333;90
-105.064;0.0017315;90
-83.4545;0.00114043;90
-65.708;0.00093586;90
-76.7945;0.000936771;90
-80.957;0.00148243;90
-94.347;0.00212411;90
-90;0.002514;90
-92.5665;0.00187588;90
-71.8738;0.00158464;90
-90.5262;0.00174207;90
-83.4559;0.00167592;90
-77.3432;0.00136005;90
-82.1887;0.00139797;90
-61.6796;0.00118254;90
-72.1851;0.00195788;90
-71.2533;0.00162733;90
-87.0281;0.00198667;90
-89.5882;0.000974025;90
-95.49;0.00191277;90
-109.159;0.00162712;90
-112.108;0.0011452;90
-89.4085;0.00145308;90
-102.422;0.00180834;90
-85.0176;0.00215314;90
-80.1443;0.00193962;90
-82.2363;0.00174701;90
-90.284;0.00141202;90
-83.1363;0.00130536;90
-112.139;0.00135597;90
-89.3874;0.0017771;90
-97.3371;0.00167572;90
-97.5353;0.00159376;90
-95.2669;0.00150335;90
-93.1031;0.00120076;90
-82.6377;0.00128762;90
-82.571;0.00102863;90
-87.8253;0.0011068;90
-78.4435;0.00104825;90
-75.8911;0.000955834;90
-75.85;0.00085494;90
-86.8622;0.00105959;90
-76.0446;0.00154665;90
-86.3551;0.00198201;90
-77.4712;0.00102337;90
-85.3516;0.00202366;90
-77.5279;0.000986275;90
-93.9019;0.000955214;90
-82.8588;0.00131923;90
-91.8266;0.00131767;90
-84.6574;0.000945106;90
-87.2694;0.00256091;90
-78.289;0.00142874;90
-91.6665;0.000928393;90
-94.0025;0.00103152;90
-90.6604;0.00104107;90
-117.727;0.00127885;90
158.575;0.000594052;90
150.191;0.000663834;90
165.693;0.000874108;90
-124.347;0.000749727;90
-118.597;0.00138723;90
-129.197;0.000832287;90
-128.63;0.000885818;90
-133.815;0.000855075;90
-136.845;0.00085675;90
-114.087;0.000889445;90
-100.749;0.000900805;90
-126.777;0.000865201;90
-135.529;0.000689458;90
-144.274;0.000530906;90
-153.821;0.000664127;90
-145.129;0.000659401;90
-159.558;0.000704355;90
-120.586;0.000937432;90
-161.058;0.000536027;90
-102.077;0.00133351;90
-93.8865;0.00157863;90
-108.566;0.00110237;90
-120.486;0.00125558;90
-117.396;0.00111055;90
173.757;0.000717254;90
-123.977;0.000887531;90
-130.645;0.000996362;90
-145.499;0.00115639;90
-125.311;0.000970559;90
-137.164;0.00112369;90
-138.243;0.0012373;90
-100.596;0.00162063;90
-97.117;0.00178374;90
-92.7986;0.000942124;90
-95.1077;0.0023925;90
-97.3544;0.000929648;90
-95.7336;0.000990958;90
-91.2412;0.00120028;90
-90.2274;0.00100801;90
-42.3994;0.000950623;90
-29.9689;0.00104699;90
-40.688;0.000573673;90
-40.8386;0.00083801;90
-63.9715;0.00114626;90
-80.7363;0.00194436;90
-99.0532;0.0014045;90
-101.12;0.000948815;90
-99.602;0.0013489;90
-77.8458;0.00121115;90
-59.9461;0.00124198;90
-82.0862;0.00307226;90
-68.6589;0.000785888;90
-71.9989;0.000876925;90
-52.0934;0.00079593;90
-75.8378;0.00132425;90
-62.3158;0.0010762;90
-64.1766;0.00138201;90
-78.0909;0.00144408;90
-88.4071;0.00176268;90
-79.4786;0.00125409;90
-77.9095;0.000950075;90
-75.7978;0.00108826;90
-74.5523;0.0010437;90
-89.2921;0.00121409;90
-94.5104;0.0012589;90
-96.0424;0.00242246;90
-104.381;0.0010468;90
-97.1457;0.00137468;90
-82.8187;0.00176787;90
-78.7475;0.000978816;90
-82.4413;0.00147482;90
-77.3485;0.00106383;90
-73.9721;0.00114449;90
-82.5041;0.00187805;90
-94.5308;0.00116464;90
-81.5868;0.000915856;90
-102.265;0.00136516;90
-95.7606;0.00102618;90
-92.8406;0.00131161;90
-93.3158;0.00126211;90
-87.3731;0.00117824;90
-101.951;0.00141977;90
-87.2978;0.00169689;90
-67.1998;0.00207732;90
-71.9847;0.00207261;90
-93.9247;0.00144639;90
-103.94;0.00144042;90
-106.848;0.00170101;90
-101.23;0.00168425;90
-80.4424;0.00168032;90
-78.5331;0.00157443;90
-49.6635;0.00124368;90
-43.2523;0.00102012;90
-91.9053;0.00147381;90
-125.788;0.00103799;90
-122.605;0.00124525;90
-134.178;0.0010346;90
-140.694;0.00142549;90
-159.414;0.00110346;90
176.619;0.000932623;90
-124.307;0.00404705;90
-103.951;0.000982998;90
-117.216;0.00125943;90
-107.667;0.00150917;90
-113.43;0.00116942;90
-91.9016;0.00150683;90
-96.7517;0.00119932;90
-95.3022;0.00139597;90
-95.7781;0.00118201;90
-105.45;0.00128753;90
-117.627;0.00142328;90
-141.765;0.000990481;90
-122.779;0.001099;90
-99.0096;0.00128991;90
-91.2087;0.00526217;90
-76.0067;0.00193956;90
-82.7201;0.00174406;90
-59.3364;0.00140785;90
-74.7624;0.00114526;90
-69.1426;0.000867872;90
-57.7425;0.00084313;90
-62.5869;0.00135968;90
-64.8797;0.00147225;90
-67.7019;0.0011781;90
-72.9737;0.00115774;90
-97.4282;0.00229728;90
-92.6264;0.00218229;90
-110.308;0.00170285;90
-95.3476;0.00216743;90
-97.931;0.00231918;90
-104.794;0.00161349;90
-120.221;0.00138874;90
-117.325;0.00171879;90
-103.4;0.00220503;90
-104.386;0.00238271;90
-98.4777;0.00240124;90
-106.737;0.00230568;90
-84.8776;0.00252006;90
-76.3424;0.0024225;90
-90.7701;0.0022322;90
-100.605;0.00220059;90
-89.1691;0.00262028;90
-77.2988;0.0024151;90
-84.5268;0.00223318;90
-88.7337;0.00208151;90
-79.0237;0.00212182;90
-85.1286;0.00264957;90
-99.5216;0.00317981;90
-107.559;0.00266833;90
-96.3166;0.00294488;90
-94.1619;0.00278334;90
-106.218;0.00228076;90
-109.385;0.00240429;90
-110.376;0.00182948;90
-142.508;0.00150989;90
-175.309;0.00130838;90
176.966;0.00141699;90
-151.167;0.00148054;90
154.431;0.00128593;90
168.515;0.00108982;90
167.581;0.00107413;90
-134.527;0.00137183;90
-120.818;0.00162204;90
-144.606;0.0012034;90
-122.735;0.00156447;90
-113.983;0.00171726;90
-138.205;0.00123938;90
-162.707;0.00123796;90
-119.461;0.0020007;90
-177.498;0.00061859;90
112.736;0.00133254;90
122.024;0.00166897;90
110.972;0.00246425;90
108.427;0.00240112;90
132.334;0.00183976;90
113.354;0.00233096;90
136.773;0.0016908;90
154.642;0.00144303;90
151.312;0.00129155;90
136.443;0.00143235;90
138.198;0.00138172;90
133.43;0.00110987;90
127.839;0.00083952;90
131.714;0.00106099;90
114.704;0.000784827;90
118.998;0.00108502;90
114.832;0.00134539;90
124.372;0.00144537;90
126.369;0.00160206;90
133.36;0.00121036;90
127.946;0.00126682;90
130.173;0.00143699;90
141.666;0.00156551;90
156.834;0.00136506;90
152.732;0.00138602;90
120.704;0.00177829;90
176.31;0.000979029;90
-99.1293;0.0023761;90
-107.257;0.00196862;90
-132.288;0.00135988;90
-164.427;0.000994511;90
156.821;0.00117375;90
155.596;0.00118596;90
-126.355;0.00155706;90
-112.92;0.00199772;90
-118.975;0.00167003;90
-111.926;0.00154257;90
-99.4682;0.00159878;90
-104.626;0.00198017;90
-114.408;0.00169883;90
-111.414;0.00170361;90
-105.8;0.00167841;90
-113.97;0.00157044;90
113.357;0.000807144;90
95.537;0.00174112;90
102.449;0.00187406;90
107.879;0.00179151;90
106.839;0.0019193;90
98.8349;0.00201187;90
101.034;0.00195412;90
98.4493;0.00225952;90
97.2408;0.00208664;90
109.786;0.0019852;90
110.729;0.00189572;90
115.3;0.00188368;90
127.421;0.00172628;90
129.615;0.00142403;90
127.351;0.00133345;90
120.067;0.00172051;90
108.961;0.00206505;90
103.804;0.00227161;90
117.368;0.00207527;90
108.868;0.00364273;90
91.4652;0.00285493;90
68.4766;0.00191343;90
53.5626;0.00151024;90
62.6229;0.00148311;90
69.8032;0.00100798;90
87.3706;0.00106812;90
87.675;0.0013311;90
91.3502;0.00178249;90
84.1724;0.00180231;90
80.6274;0.00105002;90
56.6418;0.0014367;90
77.7724;0.00111428;90
84.534;0.0011653;90
78.127;0.00131718;90
82.9115;0.00136141;90
70.4886;0.00138026;90
68.6496;0.00160409;90
66.7381;0.00118754;90
48.6132;0.000617117;90
68.269;0.00166105;90
73.185;0.0011857;90
30.5202;0.000531662;90
0.721012;0.00103308;90
65.4552;0.00159844;90
-42.3699;0.00100161;90
-36.8578;0.0009486;90
47.1007;0.00117671;90
63.7694;0.00114936;90
30.9532;0.000929351;90
30.9019;0.00111183;90
-15.2258;0.000514044;90
4.88331;0.000516876;90
17.3814;0.000498776;90
6.1646;0.000828792;90
18.8094;0.000967678;90
-51.5542;0.000669053;90
-51.8003;0.000758404;90
-15.0369;0.000944335;90
10.3048;0.00067082;90
33.8481;0.0010054;90
29.8136;0.00103383;90
57.823;0.000672254;90
78.1986;0.00162331;90
90.4433;0.00103403;90
85.6057;0.00100495;90
89.4546;0.00357216;90
135.794;0.000612413;90
143.741;0.000563032;90
14.0362;0.00628774;90
56.3377;0.00229119;90
90.7786;0.00250223;90
110.665;0.00147062;90
77.3959;0.00148478;90
86.2756;0.00106224;90
82.3215;0.00139955;90
102.042;0.00105931;90
97.3065;0.00191858;90
91.2358;0.00194745;90
92.778;0.00284735;90
95.9201;0.00155127;90
78.4756;0.00225241;90
85.6068;0.00159268;90
88.1568;0.00167887;90
61.6;0.000977663;90
75.6816;0.00408799;90
55.3139;0.000797779;90
79.3843;0.00178047;90
59.8999;0.00124025;90
58.5196;0.00283413;90
80.4426;0.00346915;90
104.977;0.000886102;90
96.2231;0.00151292;90
95.0796;0.000993903;90
88.865;0.000959188;90
92.1503;0.00181228;90
93.5784;0.00171434;90
80.9593;0.00310558;90
77.6132;0.00113748;90
69.4336;0.00129237;90
69.7659;0.00335398;90
71.5009;0.00169561;90
21.1862;0.000830106;90
38.7673;0.000749011;90
12.7244;0.000476707;90
66.2563;0.00109029;90
68.2675;0.0015448;90
65.5912;0.0014858;90
83.3585;0.00132288;90
96.6759;0.00167737;90
95.7472;0.00155783;90
96.0182;0.00196483;90
86.57;0.00190541;90
84.0233;0.0019496;90
85.7974;0.00181488;90
87.657;0.00122302;90
85.0918;0.00125059;90
85.1659;0.00107984;90
78.4063;0.00095039;90
92.6264;0.00141849;90
86.0395;0.00231653;90
62.4527;0.00159142;90
53.8516;0.000730658;90
77.6532;0.00112707;90
88.6694;0.00163644;90
90.2216;0.00103401;90
28.248;0.000883181;90
-24.4914;0.00119887;90
-40.4261;0.00141873;90
-58.0919;0.00181058;90
-55.0101;0.00226182;90
-51.3072;0.00270977;90
-49.3014;0.00223439;90
-21.3746;0.00174503;90
-3.79082;0.000983151;90
93.6338;0.00217738;90
94.2303;0.00174876;90
95.0355;0.00169755;90
91.3964;0.00172351;90
54.6699;0.00144392;90
60.8872;0.00152919;90
55.756;0.00160649;90
66.7973;0.0018224;90
77.5733;0.00237463;90
87.6987;0.00236591;90
93.1119;0.00224731;90
93.2322;0.00230567;90
92.3258;0.00234093;90
93.7082;0.00230382;90
86.1991;0.00230808;90
82.7872;0.00194338;90
83.4101;0.00192572;90
84.9883;0.00218636;90
86.6066;0.00224694;90
83.7308;0.00195972;90
83.5537;0.00196845;90
89.0461;0.00210229;90
90.8997;0.00197424;90
86.9036;0.00198089;90
83.6598;0.00213707;90
85.7155;0.00215502;90
92.186;0.00212355;90
94.03;0.00227663;90
89.3509;0.00238315;90
92.1866;0.0022016;90
101.854;0.0020446;90
106.678;0.00180493;90
114.714;0.00168867;90
115.815;0.0017085;90
113.82;0.00171838;90
116.015;0.00172364;90
113.166;0.00184039;90
103.619;0.00199612;90
102.512;0.00227094;90
109.812;0.00194726;90
123.904;0.00170849;90
125.241;0.00163946;90
126.28;0.00165109;90
116.444;0.00168645;90
111.526;0.00193497;90
113.293;0.00184105;90
112.414;0.0018227;90
121.106;0.00158722;90
134.451;0.00147651;90
118.516;0.00155005;90
107.746;0.00181433;90
106.837;0.00187121;90
107.785;0.00178427;90
107.792;0.00152178;90
103.15;0.00191214;90
108.326;0.00183191;90
108.191;0.00200522;90
117.222;0.00183414;90
127.561;0.0013763;90
124.476;0.00163763;90
114.965;0.00168218;90
103.58;0.00195053;90
106.551;0.0018465;90
102.14;0.00175935;90
103.016;0.0017982;90
103.541;0.00193478;90
98.4028;0.00216929;90
93.9027;0.00240959;90
92.3225;0.00244301;90
90.7954;0.00252124;90
88.5368;0.00211469;90
91.5098;0.00189766;90
85.5488;0.00167505;90
78.6514;0.00174308;90
70.6645;0.00142858;90
71.2921;0.00159317;90
70.3184;0.00180229;90
76.4258;0.00201529;90
84.1497;0.00228591;90
89.1676;0.00234025;90
89.5263;0.00229808;90
95.1217;0.00213954;90
97.4937;0.00210094;90
101.298;0.0018886;90
101.957;0.00180517;90
85.3658;0.00117584;90
86.6801;0.00158867;90
102.553;0.00128369;90
99.6484;0.00177207;90
100.724;0.00205285;90
98.5914;0.00191448;90
100.678;0.00364308;90
99.3683;0.00290576;90
98.1973;0.00192871;90
95.2174;0.00180347;90
92.6601;0.00180995;90
91.0493;0.00163827;90
82.038;0.00135001;90
113.362;0.00147274;90
122.781;0.00174725;90
120.254;0.001953;90
117.247;0.00214275;90
129.678;0.00184502;90
116.347;0.00164263;90
122.93;0.00112947;90
123.309;0.00162614;90
140.152;0.00121264;90
136.306;0.00108569;90
132.092;0.00133815;90
137.369;0.00131705;90
140.027;0.00153325;90
131.129;0.00179095;90
119.846;0.00204757;90
111.571;0.00216782;90
100.743;0.00239803;90
96.826;0.00230534;90
96.6999;0.0023571;90
94.1023;0.00244627;90
91.08;0.00244043;90
90;0.002658;90
92.6841;0.00245569;90
99.1821;0.00221843;90
105.535;0.0019378;90
107.215;0.00194619;90
115.536;0.00184192;90
123.241;0.00155792;90
124.257;0.00145671;90
135.145;0.00139937;90
133.019;0.00143204;90
138.043;0.00142542;90
108.005;0.0021093;90
96.6639;0.00240424;90
97.3547;0.0023826;90
97.6419;0.00232364;90
100.797;0.00236486;90
99.6135;0.00230538;90
103.038;0.00236702;90
126.782;0.001949;90
146.354;0.00144389;90
125.592;0.00170442;90
122.373;0.00173695;90
109.097;0.0019715;90
97.0718;0.00213625;90
93.0171;0.00210892;90
94.5382;0.00236341;90
116.491;0.00172625;90
147.706;0.00113803;90
154.671;0.000953681;90
155.296;0.00107433;90
159.838;0.001175;90
153.745;0.00107601;90
154.806;0.00125211;90
157.495;0.00130108;90
168.443;0.00118298;90
174.853;0.0012149;90
159.915;0.00101045;90
120.755;0.00173849;90
108.347;0.00206181;90
112.231;0.00183435;90
124.053;0.00175011;90
127.351;0.00157246;90
128.695;0.00152597;90
120.661;0.0016531;90
120.594;0.00164848;90
121.076;0.00158088;90
133.549;0.00128452;90
125.478;0.00144043;90
131.903;0.00151825;90
130.366;0.00147915;90
143.761;0.00123487;90
149.419;0.00125797;90
137.628;0.00124936;90
133.558;0.00148893;90
113.471;0.00190567;90
99.9046;0.00208711;90
124.886;0.00155433;90
104.61;0.00181571;90
90.7519;0.00198117;90
89.7931;0.00193801;90
179.359;0.00080505;90
149.714;0.00113025;90
116.931;0.00154113;90
126.617;0.00140661;90
135;0.00123037;90
-107.545;0.0013435;90
-147.315;0.000964772;90
-127.511;0.00134008;90
-124.472;0.00146288;90
-150.767;0.00112417;90
177.603;0.00107594;90
174.574;0.00109993;90
106.932;0.00165159;90
153.941;0.000810383;90
163.941;0.000968806;90
147.391;0.00108741;90
149.68;0.00103797;90
147.041;0.000891476;90
157.35;0.000727077;90
164.559;0.00110799;90
171.658;0.00126135;90
175.806;0.00109393;90
-169.95;0.000704816;90
-152.085;0.000664297;90
-148.702;0.00111647;90
-159.29;0.00100387;90
148.027;0.000925378;90
-113.19;0.000911661;90
-114.444;0.000857896;90
-151.731;0.00120354;90
-167.298;0.000895927;90
-99.6905;0.00160997;90
-98.9207;0.00154772;90
-96.3887;0.00130309;90
-108.981;0.000962325;90
-107.713;0.00150536;90
-105.819;0.00149668;90
-161.36;0.000969877;90
130.982;0.000686166;90
115.152;0.000924672;90
96.4776;0.00165758;90
102.397;0.00188188;90
127.093;0.00123361;90
178.342;0.000691289;90
-113.923;0.000872995;90
86.485;0.00833468;90
-97.847;0.00715601;90
2.51688;0.000637615;90
-101.735;0.00232561;90
47.2165;0.000786184;90
61.4654;0.0172413;90
74.1835;0.00170973;90
75.4683;0.00148656;90
74.1563;0.00232222;90
54.3048;0.000887787;90
-73.9092;0.00151537;90
-23.6133;0.000816353;90
-6.20829;0.000767501;90
164.107;0.00359335;90
138.833;0.000856809;90
129.289;0.00106595;90
135.464;0.000872598;90
159.982;0.000698181;90
173.96;0.000779326;90
166.314;0.000714281;90
166.135;0.000730278;90
-107.766;0.000812761;90
-105.701;0.00128598;90
-101.069;0.00172407;90
-90.6394;0.00206113;90
-91.4796;0.00162654;90
-97.3349;0.00104959;90
-97.2912;0.00119768;90
-98.6355;0.00173163;90
-145.491;0.000893158;90
-127.413;0.000696231;90
-92.6867;0.00123736;90
-116.869;0.000758932;90
-120.151;0.000979527;90
-123.181;0.000718088;90
-102.545;0.00152849;90
-99.5579;0.00137915;90
-87.1904;0.00140769;90
-71.301;0.000892088;90
-83.338;0.00112057;90
-83.4368;0.000936135;90
102.892;0.00355871;90
75.5446;0.00590081;90
60.1029;0.00140036;90
39.5077;0.00258574;90
-19.4654;0.00212761;90
-45.6092;0.00139661;90
-56.452;0.00111828;90
-76.4987;0.00241576;90
-54.8242;0.00125155;90
-5.11337;0.00172788;90
28.9292;0.00142022;90
17.1538;0.00049502;90
4.7867;0.00185748;90
-13.8175;0.00222334;90
-26.8945;0.00248923;90
-29.3729;0.00267487;90
-28.577;0.00191078;90
-1.14576;0.00185037;90
47.0454;0.00257551;90
37.1045;0.00229582;90
-49.7535;0.00264519;90
-61.2005;0.00222524;90
-60.4836;0.00171107;90
-77.7044;0.00410414;90
-69.0338;0.00403837;90
-74.3385;0.00424147;90
-67.6315;0.0032268;90
-57.7937;0.00474511;90
-51.7037;0.0042099;90
-64.1197;0.00505164;90
-66.0229;0.00557618;90
-62.3056;0.00549106;90
-55.233;0.00494353;90
-60.9361;0.00536451;90
-63.1903;0.00576016;90
-53.1806;0.0049892;90
-42.2737;0.0040733;90
-46.978;0.00456851;90
-48.3087;0.00411657;90
-42.1467;0.00355125;90
-51.702;0.00393222;90
-65.9076;0.00474757;90
-79.3242;0.00595406;90
-89.5711;0.00654618;90
-83.544;0.00573638;90
-77.2691;0.00661154;90
-46.8782;0.00435812;90
-34.5127;0.00357402;90
-50.4027;0.00341707;90
-58.1901;0.00267121;90
-59.0254;0.00361793;90
-57.328;0.00424579;90
-57.7766;0.00415024;90
-67.1594;0.0043718;90
-46.7833;0.00345377;90
-51.6388;0.00356581;90
-44.5252;0.00307178;90
-49.0185;0.00395538;90
-68.8402;0.00477601;90
-68.0141;0.00490145;90
-54.4424;0.00434894;90
-35.7106;0.00331168;90
-28.5903;0.00317631;90
-34.333;0.00331205;90
-32.7785;0.00310311;90
-48.0078;0.00340942;90
-66.3612;0.00418735;90
-59.6197;0.00296399;90
-44.7999;0.00242963;90
-29.9923;0.0021545;90
-43.7805;0.00299032;90
-58.8926;0.00307755;90
-44.6435;0.00534088;90
-40.4547;0.00101719;90
-53.9486;0.00245025;90
-61.9127;0.00432653;90
-70.5229;0.00532046;90
-84.4328;0.0105347;90
-86.5177;0.00258477;90
-84.976;0.0101058;90
-83.0958;0.00244574;90
-81.6318;0.00510536;90
-80.9184;0.00625947;90
-81.779;0.00651091;90
-85.1571;0.00641992;90
-85.4003;0.00699553;90
-77.5327;0.00575777;90
-76.5547;0.00547917;90
-76.4189;0.00577035;90
-65.8675;0.00496273;90
-65.3077;0.00502221;90
-65.3079;0.00433761;90
-65.3723;0.00466979;90
-74.5083;0.00501313;90
-73.6561;0.00509593;90
-69.6724;0.00531394;90
-44.9561;0.00369251;90
-20.1784;0.00298309;90
-15.5371;0.003065;90
-8.94296;0.00281117;90
-10.9955;0.00271586;90
-30.12;0.0031446;90
-39.2625;0.0034446;90
-60.9739;0.0044888;90
-79.0811;0.00531624;90
-84.3285;0.00525171;90
-83.5729;0.00524396;90
-77.7561;0.00512559;90
-72.443;0.00493278;90
-57.3532;0.00385386;90
-51.8834;0.00403556;90
-53.3313;0.00398702;90
-45.9561;0.00385639;90
-52.7502;0.00377008;90
-52.8186;0.00386206;90
-30.6022;0.00350636;90
-21.4966;0.00303728;90
-22.1089;0.00301035;90
-18.562;0.00299374;90
-21.09;0.00297637;90
-26.724;0.00306208;90
-46.4841;0.0037949;90
-58.9419;0.00395613;90
-61.1591;0.00416685;90
-59.6175;0.00448029;90
-59.8218;0.00447791;90
-63.7707;0.004885;90
-69.4706;0.00528675;90
-74.1851;0.00530584;90
-72.5822;0.00541531;90
-77.6939;0.00524553;90
-78.5573;0.00567071;90
-81.0469;0.00534614;90
-80.2104;0.00538136;90
-81.0127;0.00569087;90
-80.3686;0.00590524;90
-82.2075;0.00556842;90
-85.9834;0.00615311;90
-86.3752;0.00597896;90
-87.3505;0.00610052;90
-86.2723;0.00604479;90
-89.7855;0.00614404;90
-95.2335;0.00597491;90
-96.601;0.00541087;90
-96.8552;0.00511054;90
-94.0275;0.00316081;90
-96.1279;0.00557385;90
-86.2113;0.00479748;90
-57.545;0.00325546;90
-44.9857;0.00282631;90
-42.7478;0.00295091;90
-45.2346;0.00293522;90
-40.7679;0.00313325;90
-40.6787;0.00273083;90
-41.7675;0.00255814;90
-51.3578;0.00253501;90
-73.7156;0.002368;90
-73.9686;0.00128185;90
-18.0611;0.00193852;90
-15.1867;0.00279045;90
-1.70034;0.00279723;90
19.973;0.00289832;90
44.2224;0.00369922;90
62.6452;0.00425027;90
66.0401;0.0045457;90
68.0925;0.00471444;90
53.2591;0.00222001;90
10.8185;0.00164626;90
-23.1468;0.00159761;90
-31.8135;0.00060134;90
52.6167;0.00109364;90
62.1619;0.00120777;90
57.2012;0.00140855;90
62.6083;0.0021388;90
52.0667;0.00146565;90
-93.2615;0.000544883;90
84.5597;0.00261578;90
87.854;0.00357851;90
87.7808;0.00423518;90
82.2757;0.00391351;90
70.9123;0.0028592;90
26.7262;0.00063594;90
19.3359;0.000884915;90
-19.2186;0.000832389;90
-92.8459;0.00207456;90
96.2688;0.00248184;90
-169.922;0.00128584;90
-126.447;0.00203006;90
-96.7479;0.00791483;90
-88.481;0.0014335;90
-91.9048;0.00309871;90
-89.049;0.00295241;90
-133.573;0.000851621;90
-127.889;0.00184489;90
-116.579;0.00185951;90
-122.131;0.00174296;90
-122.239;0.0011941;90
154.712;0.0014046;90
177.438;0.00140941;90
-141.257;0.00321812;90
-115.064;0.00131481;90
-110.84;0.00307518;90
-113.969;0.00443331;90
-114.583;0.00381478;90
-134.197;0.00443824;90
-160.941;0.00293382;90
176.87;0.0027471;90
165.642;0.00280667;90
165.312;0.00245316;90
174.167;0.00238133;90
-94.1254;0.00133446;90
-74.743;0.00264108;90
-90.4111;0.00223006;90
-87.1668;0.00186128;90
118.548;0.000581726;90
87.2867;0.00209134;90
96.208;0.00296841;90
102.749;0.00245144;90
176.066;0.00161781;90
162.181;0.00267639;90
149.377;0.00207894;90
-131.543;0.00179437;90
178.092;0.00138177;90
-24.2037;0.000434166;90
33.4018;0.00270115;90
-28.1393;0.00151394;90
-23.1504;0.00296582;90
0.596008;0.00298016;90
1.35371;0.00173548;90
100.884;0.00292868;90
128.535;0.00314613;90
138.057;0.00335434;90
139.131;0.00378862;90
139.133;0.00336539;90
133.939;0.0054202;90
121.736;0.00482315;90
91.5642;0.00501887;90
83.9816;0.00731532;90
82.8428;0.00685441;90
84.3516;0.00751851;90
88.5201;0.00739547;90
93.0068;0.007988;90
93.25;0.0073378;90
93.6293;0.00742489;90
96.0745;0.00695505;90
100.224;0.0067888;90
97.1556;0.00673546;90
100.413;0.00646243;90
100.03;0.00691874;90
102.544;0.00674502;90
105.507;0.00626506;90
106.395;0.00668898;90
111.038;0.00591957;90
119.986;0.00542632;90
119.938;0.00538215;90
119.81;0.00527843;90
122.153;0.00507539;90
140.466;0.00410504;90
159.027;0.00353415;90
159.116;0.00359627;90
157.973;0.00363427;90
157.658;0.00377758;90
143.868;0.00382092;90
123.967;0.00471085;90
132.559;0.0043661;90
128.45;0.00476661;90
127.132;0.00441145;90
121.298;0.00497029;90
107.212;0.00607296;90
98.4095;0.00672834;90
95.521;0.0067041;90
103.468;0.00635475;90
123.354;0.00496715;90
148.798;0.00363477;90
160.334;0.00348848;90
169.512;0.00347201;90
165.086;0.00345023;90
156.468;0.00349898;90
124.425;0.00468927;90
106.799;0.00612435;90
106.413;0.00623926;90
111.335;0.00552462;90
115.504;0.00575036;90
115.527;0.00547882;90
109.034;0.00589639;90
103.061;0.00658022;90
102.927;0.00614167;90
96.7536;0.00681126;90
94.1553;0.00667956;90
97.2297;0.0065158;90
99.5101;0.0065125;90
98.4058;0.00673131;90
96.4152;0.00716889;90
93.787;0.00676778;90
93.3815;0.00671369;90
99.2307;0.00589737;90
113.791;0.00479662;90
115.705;0.00420294;90
133.425;0.00303605;90
135.385;0.00315518;90
129.028;0.00335078;90
124.668;0.00329984;90
149.142;0.00307069;90
133.333;0.00330642;90
117.09;0.00414808;90
119.421;0.00396769;90
138.812;0.00305226;90
147.802;0.00333488;90
148.835;0.00342416;90
148.212;0.00301646;90
135.793;0.00367731;90
119.821;0.00468542;90
110.969;0.00495729;90
114.073;0.00412363;90
138.434;0.00239645;90
131.376;0.00487748;90
131.649;0.00124593;90
133.598;0.00320769;90
119.021;0.00379899;90
116.793;0.00404418;90
123.635;0.00376059;90
120.126;0.00382346;90
125.384;0.00316206;90
121.917;0.00317385;90
138.581;0.00286442;90
141.526;0.00294295;90
130.247;0.00412176;90
103.799;0.00550076;90
96.446;0.00652022;90
89.647;0.00616712;90
100.574;0.00604872;90
112.522;0.00456085;90
129.893;0.00343178;90
136.994;0.00329145;90
132.301;0.00384385;90
130.611;0.00384379;90
137.51;0.00376188;90
133.924;0.00417903;90
120.903;0.00470026;90
116.982;0.00540651;90
120.445;0.00502254;90
125.414;0.00453506;90
116.614;0.00523687;90
114.216;0.0052368;90
116.074;0.00584038;90
129.326;0.00444829;90
122.082;0.00475399;90
106.877;0.0054424;90
109.831;0.00454238;90
106.418;0.00435874;90
114.522;0.0020576;90
115.041;0.00348011;90
168.282;0.00214674;90
-131.198;0.00309262;90
-161.352;0.00204538;90
164.735;0.000486153;90
151.402;0.00181549;90
149.664;0.00269269;90
151.096;0.00250962;90
166.146;0.00251001;90
-166.352;0.00250472;90
-163.891;0.00249393;90
119.918;0.00298937;90
110.838;0.002232;90
141.469;0.00271134;90
-148.333;0.002962;90
-117.896;0.00261825;90
-107.219;0.00332399;90
-91.9439;0.00280061;90
-69.0689;0.00143039;90
-104.334;0.00149452;90
77.8845;0.00192487;90
87.4666;0.00907187;90
6.55418;0.000709638;90
37.9037;0.00227237;90
4.76835;0.00202099;90
-38.1558;0.00223696;90
-74.2376;0.002021;90
-74.042;0.00187319;90
-88.746;0.00260462;90
-89.1165;0.00376145;90
-88.5504;0.00450644;90
-82.6021;0.00213578;90
-26.4574;0.00166543;90
-56.7724;0.00319545;90
-61.4703;0.00266114;90
-58.5264;0.0027753;90
-49.2286;0.00270427;90
-45.4122;0.00245726;90
-51.3506;0.00257624;90
-44.8185;0.00267853;90
-49.9508;0.00231877;90
-77.7097;0.00114627;90
-71.9963;0.00268864;90
-65.9845;0.00252344;90
-72.5125;0.00286858;90
-67.5522;0.00271578;90
-58.9086;0.00238572;90
-58.3642;0.00159385;90
-56.5594;0.00127388;90
-75.7815;0.00251608;90
-72.9251;0.00257134;90
-54.8728;0.00246614;90
-59.483;0.00208943;90
-59.0635;0.00252292;90
-72.073;0.00178359;90
90;5.1e-05;90
113.496;0.0042188;90
121.916;0.00541925;90
107.969;0.00132251;90
104.721;0.00266032;90
121.501;0.00155402;90
120.901;0.002177;90
116.134;0.00273568;90
114.382;0.00334535;90
108.815;0.00319365;90
107.666;0.00322929;90
117.39;0.00229757;90
132.711;0.00288518;90
134.621;0.0027804;90
131.577;0.00259335;90
131.552;0.0026685;90
122.905;0.00210584;90
118.075;0.00235853;90
121.366;0.00254373;90
126.292;0.00235852;90
156.825;0.00127814;90
115.492;0.00148009;90
88.8903;0.0037177;90
91.475;0.00400133;90
89.4629;0.00330715;90
103.549;0.00159643;90
110.154;0.00266732;90
135.586;0.00262775;90
-158.922;0.0025303;90
-122.231;0.00239625;90
-114.039;0.00303416;90
-100.353;0.00246513;90
-71.4751;0.00181294;90
-92.9176;0.00186642;90
155.149;0.00316948;90
147.961;0.000914248;90
149.692;0.00088379;90
144.47;0.000829427;90
170.944;0.00078782;90
172.358;0.00079708;90
170.013;0.00078997;90
-151.788;0.000918062;90
-134.74;0.00140362;90
-109.816;0.00220348;90
-110.635;0.00196079;90
-120.22;0.00103114;90
-125.953;0.000849909;90
-127.803;0.000908721;90
-107.265;0.0013006;90
-148.423;0.00110571;90
121.25;0.00143992;90
132.811;0.00124046;90
113.351;0.00167521;90
124.368;0.00119574;90
119.913;0.00147788;90
119.477;0.00148756;90
104.466;0.0016813;90
100.44;0.00174387;90
171.194;0.00101901;90
-152.346;0.000870435;90
123.036;0.00133719;90
140.454;0.00144337;90
152.856;0.000707975;90
140.727;0.000744054;90
-114.693;0.00125913;90
65.2906;0.00133966;90
-26.7769;0.00120972;90
-45.2598;0.00140362;90
-45.2795;0.00115967;90
14.8715;0.000615621;90
164.301;0.00121222;90
126.202;0.00130369;90
160.655;0.000736587;90
160.182;0.000681353;90
-130.208;0.00107502;90
-98.6578;0.000936673;90
59.1876;0.00025965;90
93.2775;0.00185403;90
-7.78762;0.000804419;90
-22.138;0.00145421;90
-57.869;0.00169218;90
-35.1411;0.000251915;90
127.754;0.00128375;90
148.88;0.00106998;90
152.827;0.000716029;90
-121.889;0.00130613;90
-125.823;0.00156506;90
48.5377;0.000916743;90
83.1049;0.00117449;90
77.0606;0.00108967;90
-27.9733;0.00101906;90
-26.9566;0.00117799;90
-55.3166;0.0012319;90
180;0.000125;90
132.356;0.00130317;90
155.147;0.000718546;90
157.153;0.000620697;90
-170.465;0.000645924;90
-91.0763;0.00186333;90
164.669;0.000794264;90
-0.958034;0.000598084;90
62.8793;0.0021673;90
-25.8692;0.00162037;90
-58.466;0.00137857;90
133.146;0.000786715;90
136.203;0.00117901;90
152.914;0.000590794;90
148.387;0.000681065;90
-122.19;0.000953579;90
-86.1397;0.000906056;90
-142.889;0.000999409;90
-106.682;0.00163376;90
71.0369;0.00092627;90
69.9739;0.00102497;90
18.0754;0.000554358;90
89.3826;0.00139208;90
35.1414;0.000722729;90
-23.8719;0.00128492;90
-49.617;0.00153729;90
-24.2054;0.00105363;90
142.419;0.00203156;90
156.601;0.000939241;90
155.419;0.000658693;90
163.161;0.000669714;90
-88.8108;0.00168636;90
-122.933;0.00176216;90
80.048;0.00148129;90
50.9293;0.00119788;90
79.9862;0.00114443;90
-31.9437;0.001083;90
-35.1007;0.00129562;90
-50.9379;0.0012235;90
-16.4155;0.000870483;90
10.5221;0.000613313;90
-17.5855;0.000575914;90
70.4317;0.000991252;90
99.2933;0.00200633;90
77.5429;0.00173382;90
75.2382;0.00143641;90
67.2236;0.00194247;90
55.9704;0.00173153;90
59.8432;0.00144914;90
48.5672;0.000829629;90
61.8214;0.00184236;90
60.4077;0.00149041;90
68.9585;0.00102216;90
89.5636;0.000919027;90
92.154;0.00122386;90
14.9696;0.000967846;90
-63.463;0.00091321;90
-31.9745;0.000787473;90
-52.797;0.000688012;90
-45;0.00080893;90
-21.058;0.000601146;90
-48.106;0.00091351;90
-36.2318;0.000700443;90
-43.8105;0.00105594;90
-32.5741;0.00098256;90
-58.5869;0.00148694;90
-61.7257;0.00131942;90
-57.4364;0.00128382;90
-56.9087;0.00145977;90
-36.9521;0.001394;90
10.9929;0.00116946;90
16.6685;0.00142592;90
-61.2614;0.00135603;90
1.94571;0.00114866;90
-62.7152;0.000890025;90
-87.3916;0.00177984;90
-20.5038;0.00115625;90
-24.0515;0.0011115;90
-49.7588;0.00138079;90
-57.8587;0.00138532;90
-66.1367;0.0012903;90
-97.6697;0.00151354;90
-97.9474;0.00168519;90
-95.7692;0.0013629;90
-107.662;0.00103163;90
-107.468;0.00161236;90
-108.61;0.000827256;90
-122.634;0.00129434;90
156.179;0.00061652;90
114;0.00077938;90
103.713;0.00107566;90
94.7897;0.0014611;90
106.231;0.00165288;90
130.701;0.00112251;90
179.357;0.00080205;90
-113.608;0.00136089;90
17.2237;0.00222896;90
-35.834;0.0868836;90
-16.2602;0.000775;90
-34.1304;0.00086619;90
-56.565;0.000934679;90
-54.4553;0.000951254;90
-44.1752;0.000638584;90
-60.4109;0.000957924;90
-72.3554;0.000894061;90
-80.2041;0.00129894;90
-43.1265;0.000605607;90
-10.3724;0.000683164;90
-72.1716;0.00143386;90
-85.9182;0.00106771;90
-81.8409;0.00139512;90
-55.7005;0.00547631;90
-72.9683;0.0013042;90
-69.9175;0.00113288;90
-67.0644;0.00114448;90
-85.0381;0.00158394;90
-76.0942;0.00106522;90
-80.8933;0.00137736;90
-73.7479;0.00112912;90
-75.1754;0.000863751;90
-69.786;0.00103899;90
-53.9872;0.000869097;90
-45.2045;0.000990663;90
-64.8973;0.00133179;90
-62.4183;0.00214249;90
-69.5849;0.00118973;90
-58.0545;0.00152142;90
8.75018;0.00108462;90
9.29472;0.000730592;90
32.5148;0.0011088;90
66.6727;0.000760135;90
86.569;0.00172108;90
84.9254;0.00151494;90
79.9462;0.00159245;90
25.4769;0.00127166;90
37.6457;0.00135892;90
18.6643;0.00142177;90
-57.5189;0.0017746;90
-75.5051;0.00254501;90
-62.5462;0.00167233;90
63.1998;0.000871627;90
67.3744;0.00153623;90
59.1763;0.00119243;90
11.3338;0.000941358;90
43.0165;0.000980638;90
48.1185;0.000805881;90
40.7118;0.00101187;90
45.9571;0.000888957;90
22.4694;0.000907926;90
15.1085;0.00106273;90
24.9048;0.00117309;90
0.437364;0.000786023;90
-28.8417;0.000731772;90
-42.9501;0.000968649;90
-20.5025;0.000876522;90
-55.4062;0.00110787;90
-60.6379;0.00144801;90
-39.1151;0.000786204;90
54.5765;0.00128361;90
59.1307;0.00114407;90
69.7697;0.00104976;90
51.3402;0.00142149;90
65.8579;0.00103667;90
40.5298;0.00104333;90
44.5651;0.000745312;90
21.5644;0.000897845;90
49.0323;0.0014078;90
55.8133;0.00143978;90
60.2651;0.00142342;90
39.5978;0.001059;90
35.1471;0.000938024;90
66.554;0.00121643;90
76.7475;0.00164891;90
69.7332;0.00155316;90
-39.008;0.000873808;90
-66.3295;0.000797057;90
-71.2648;0.00156914;90
-70.5562;0.00170631;90
-81.1209;0.00111435;90
-109.086;0.00116822;90
-110.067;0.00105505;90
-104.75;0.00175173;90
-94.3124;0.00147618;90
-71.0742;0.00132884;90
-73.7046;0.00188888;90
-89.5881;0.00166904;90
-93.5121;0.00150182;90
-98.1712;0.001773;90
-108.917;0.00191546;90
-109.368;0.00180622;90
-102.779;0.00141505;90
-129.362;0.00099334;90
168.584;0.000742693;90
148.104;0.000611302;90
142.724;0.000536613;90
-90.8242;0.00215522;90
-82.0409;0.00151661;90
-78.527;0.00117141;90
-50.9061;0.000907083;90
-75.7495;0.00207588;90
-69.887;0.00199784;90
-91.5977;0.00193675;90
-69.9508;0.0014818;90
-75.7645;0.00139483;90
-66.8916;0.00100134;90
-81.9003;0.00159693;90
-74.4715;0.00139699;90
-53.2585;0.0014276;90
-29.1018;0.00106094;90
-38.1388;0.00104766;90
-56.7561;0.00149579;90
-32.1523;0.000950821;90
-74.0323;0.00176302;90
-63.7604;0.00125982;90
-55.7182;0.00169193;90
-65.5261;0.00237763;90
-63.2352;0.00269358;90
-61.0587;0.00230827;90
-60.9658;0.00191003;90
-86.8183;0.00172967;90
-58.6056;0.00139175;90
-63.4349;0.00143108;90
-17.4507;0.000883671;90
-30.4857;0.00115114;90
-23.6961;0.00117944;90
23.3643;0.000680827;90
-53.0941;0.0009542;90
-50.5105;0.00106772;90
-43.245;0.00101588;90
-49.37;0.000649598;90
-64.6257;0.000774741;90
-77.9384;0.00156965;90
-87.2272;0.00181913;90
-79.6917;0.00149208;90
-75.8605;0.00107662;90
-75.7228;0.00103806;90
-82.8283;0.00106533;90
-73.6206;0.000961002;90
-74.1283;0.000961662;90
-75.1322;0.00110293;90
-63.3864;0.00105587;90
-49.1633;0.0010032;90
-58.174;0.00118519;90
-65.113;0.00125229;90
-73.1205;0.00133972;90
-103.728;0.00139897;90
-124.874;0.00123475;90
-113.287;0.00136848;90
-118.06;0.00137118;90
-106.467;0.00172161;90
-100.63;0.00196777;90
-98.9106;0.00206593;90
-90;0.001853;90
-95.1222;0.00157931;90
-89.8581;0.001211;90
-84.7809;0.00147311;90
-66.9943;0.00113095;90
-72.3698;0.00137351;90
-70.8994;0.00146993;90
-73.7258;0.00179492;90
-68.9006;0.00172784;90
-84.1812;0.0018445;90
-105.5;0.00164274;90
-81.5978;0.00110183;90
-66.7862;0.000986899;90
-75.065;0.00102047;90
-87.4197;0.00186589;90
-93.3435;0.00248623;90
-88.1;0.00208114;90
-83.4399;0.00210075;90
-84.5552;0.00184432;90
-91.4094;0.00182955;90
-74.4778;0.00158065;90
-83.5765;0.00136759;90
-57.2266;0.000901503;90
-71.3198;0.00110839;90
-67.025;0.00127841;90
-76.3614;0.00174727;90
-84.9674;0.00205191;90
-87.2298;0.00148974;90
-100.065;0.00204852;90
-120.45;0.000957001;90
-111.594;0.00113033;90
-125.779;0.00118702;90
-91.7179;0.00126757;90
-82.2392;0.00177728;90
-82.2633;0.0018125;90
-81.9245;0.00192913;90
-81.1408;0.00173368;90
-80.1022;0.00168711;90
-108.995;0.00109989;90
-98.3337;0.00155239;90
-91.0102;0.00175827;90
-98.4256;0.00148098;90
-96.4947;0.00155599;90
-92.9991;0.00131881;90
-86.031;0.00182037;90
-83.4279;0.00133678;90
-81.2538;0.00113115;90
-72.6124;0.000916897;90
-84.2605;0.00137992;90
-85.2045;0.00149523;90
-74.4589;0.00144067;90
-78.9233;0.00226418;90
-86.3909;0.00163625;90
-85.8575;0.001149;90
-86.5409;0.00170711;90
-86.4156;0.00177547;90
-83.7384;0.00217296;90
-87.144;0.00266932;90
-84.4062;0.00161067;90
-91.4532;0.00197163;90
-99.1363;0.000982464;90
-122.163;0.0011553;90
-176.601;0.00052292;90
152.237;0.00059895;90
148.524;0.000997819;90
-118.637;0.00118723;90
-117.999;0.0014123;90
-126.732;0.000663802;90
-135.698;0.00145038;90
-123.878;0.0016899;90
-115.167;0.0012651;90
-130.98;0.000837153;90
-130.852;0.000967736;90
-171.76;0.00051633;90
-128.264;0.000813841;90
-174.278;0.000521599;90
-138.483;0.00073321;90
-132.53;0.0012308;90
-102.174;0.00120919;90
-92.8314;0.0014778;90
-111.559;0.00118382;90
-120.235;0.00117366;90
-117.128;0.00104608;90
171.819;0.000801152;90
-122.791;0.000795815;90
-135.71;0.00131178;90
-131.211;0.00148747;90
-130.504;0.0011455;90
-147.697;0.00101984;90
-119.705;0.00106955;90
-95.9664;0.00176054;90
-99.4133;0.000959926;90
-91.9625;0.00189811;90
-97.6098;0.00149517;90
-96.616;0.000963416;90
-91.6188;0.000920367;90
-92.6815;0.00115426;90
-96.3023;0.00100206;90
-47.6978;0.000946451;90
-22.956;0.00127171;90
-36.1345;0.000825868;90
-63.8026;0.00118469;90
-70.0531;0.00148616;90
-95.8723;0.00458406;90
-72.1112;0.00192402;90
-80.2916;0.0042103;90
-58.4804;0.00175023;90
-75.0378;0.000960566;90
-67.5057;0.00122846;90
-65.2149;0.0012094;90
-64.3787;0.000733083;90
-75.6666;0.00121585;90
-91.2792;0.00103026;90
-80.7152;0.0021755;90
-82.5279;0.00169943;90
-69.2963;0.000862713;90
-86.7873;0.00115982;90
-94.751;0.00188347;90
-91.4582;0.00180759;90
-107.641;0.00134631;90
-96.0482;0.00130024;90
-81.6529;0.00283806;90
-79.4659;0.00308499;90
-81.4871;0.000952494;90
-81.0873;0.00253663;90
-97.5695;0.0015031;90
-95.7906;0.00113982;90
-103.152;0.00103721;90
-91.7881;0.000993484;90
-93.1019;0.00118273;90
-87.8638;0.00112678;90
-97.403;0.00130387;90
-104.065;0.0014443;90
-61.7657;0.00210324;90
-75.1419;0.00211367;90
-86.0169;0.00187152;90
-103.262;0.00134692;90
-105.993;0.00132841;90
-105.655;0.00124519;90
-94.2696;0.00102083;90
-91.8648;0.00107557;90
-82.4917;0.000964268;90
-62.362;0.00121798;90
8.63713;0.000559343;90
16.6548;0.000987423;90
2.07081;0.000885578;90
49.7423;0.00110333;90
-10.4692;0.00074846;90
-31.3862;0.000814126;90
1.98864;0.000576347;90
42.1497;0.000838959;90
-14.9659;0.000642804;90
23.6423;0.000508696;90
-17.5565;0.00129953;90
-38.5348;0.00107385;90
-67.9118;0.000779187;90
-43.3106;0.00100736;90
-54.1117;0.000968942;90
-42.3781;0.00228776;90
-22.837;0.00164386;90
11.4508;0.000478525;90
15.3346;0.000695771;90
35.4297;0.000740034;90
28.678;0.000812692;90
-8.09979;0.000802001;90
-10.5761;0.000888087;90
-25.1973;0.000805661;90
-10.4886;0.000725116;90
-41.3581;0.00100187;90
-45.3968;0.00102109;90
-44.1124;0.00100421;90
-41.0818;0.00113827;90
-46.7176;0.00108519;90
-51.0496;0.00120099;90
-50.6307;0.00131165;90
-53.676;0.00144847;90
-51.4426;0.00131077;90
-51.6139;0.00120942;90
-48.0752;0.00115991;90
-43.4498;0.00109783;90
-14.6973;0.000756762;90
-4.01418;0.000857103;90
-14.5214;0.000945195;90
1.37938;0.000706205;90
-5.99768;0.000794348;90
-31.4633;0.000885138;90
-41.0976;0.000976658;90
-55.0041;0.00120484;90
-53.1183;0.0009714;90
-54.6523;0.0011218;90
-57.2678;0.00112814;90
-50.411;0.000982306;90
-53.0058;0.0011982;90
-57.3828;0.000933169;90
-54.968;0.00140933;90
-51.881;0.00092662;90
-54.6187;0.00127803;90
-54.0662;0.00126097;90
-49.5219;0.0012108;90
-58.4282;0.00126059;90
-56.0969;0.0014916;90
-60.0356;0.00132743;90
-62.9224;0.00144992;90
-63.0752;0.0014244;90
-58.8491;0.00136479;90
-60.059;0.00126826;90
-64.4691;0.00123898;90
-62.4896;0.00135524;90
-56.3231;0.00121008;90
-62.9564;0.00139222;90
-58.7077;0.00128609;90
-58.1092;0.001378;90
-54.261;0.00112482;90
-62.5728;0.00211019;90
-52.9523;0.00148221;90
-53.9428;0.00112811;90
-57.1512;0.00115224;90
-58.1184;0.00117766;90
-59.1864;0.00124354;90
-58.8287;0.00123068;90
-54.7975;0.00109286;90
-59.4756;0.00118526;90
-59.8551;0.00136801;90
-54.9421;0.00106893;90
-56.3099;0.00118262;90
-58.1472;0.00119377;90
-55.6398;0.00111447;90
-59.8551;0.00136801;90
-56.6846;0.0011452;90
-57.5579;0.00120981;90
-59.3315;0.00133119;90
-58.4287;0.00124532;90
-67.4525;0.001583;90
-59.8716;0.00135275;90
-61.294;0.00143656;90
-58.0309;0.0015053;90
-56.7839;0.00127419;90
-55.2679;0.00137256;90
-59.1275;0.00139926;90
-53.928;0.00132133;90
-58.3897;0.0013527;90
-55.4471;0.00119718;90
-60.0416;0.00139776;90
-70.914;0.00166979;90
-65.1371;0.00168629;90
-52.7181;0.00108463;90
-61.084;0.000883096;90
-26.6131;0.000533526;90
-44.4383;0.00144257;90
-41.9834;0.00112869;90
-37.4991;0.00145709;90
-32.0054;0.00105661;90
-43.1778;0.00133428;90
-41.5928;0.00128496;90
-40.001;0.00120099;90
-38.8586;0.000945169;90
-61.4404;0.001619;90
-70.0868;0.00196126;90
-80.596;0.00209921;90
-88.9977;0.00217233;90
-90.395;0.00217605;90
-86.5074;0.00213396;90
-85.2342;0.00225078;90
-81.6407;0.00201541;90
-76.1425;0.00186632;90
-80.202;0.00199206;90
-74.7884;0.00196277;90
-79.946;0.00216525;90
-78.7677;0.0021716;90
-78.6847;0.00207942;90
-80.0158;0.00209371;90
-81.6026;0.0020611;90
-77.3081;0.00194349;90
-79.8259;0.00207767;90
-77.6059;0.001845;90
-81.6162;0.00204384;90
-77.5683;0.00198351;90
-80.0138;0.00197797;90
-79.7593;0.00199681;90
-80.1342;0.00191431;90
-81.3253;0.0019493;90
-78.6454;0.00226534;90
-78.5009;0.00184095;90
-79.8824;0.00199807;90
-80.0644;0.00302537;90
-78.4793;0.00255855;90
-78.0883;0.00192342;90
-78.5529;0.00188449;90
-80.7121;0.00188978;90
-79.9277;0.00196123;90
-78.5749;0.00175681;90
-81.398;0.00163135;90
-67.9674;0.00174871;90
-56.8548;0.00110834;90
-39.1453;0.00232223;90
-35.424;0.00134743;90
-13.1126;0.00112842;90
32.5196;0.0011812;90
29.3066;0.00128094;90
7.23447;0.00110379;90
13.7794;0.000974033;90
-21.3616;0.000774187;90
-38.2593;0.00122896;90
-3.88791;0.000929138;90
-103.595;0.00217391;90
-114.5;0.00194843;90
-125.272;0.00167805;90
-126.448;0.00157384;90
-122.316;0.0015844;90
-111.756;0.00162688;90
-106.12;0.00189449;90
-106.942;0.00183253;90
-106.791;0.00173079;90
-108.988;0.0016043;90
-114.346;0.00139725;90
-118.057;0.00147765;90
-118.617;0.0013613;90
-122.218;0.00123045;90
-118.398;0.0013562;90
-118.192;0.00132294;90
-62.695;0.00121205;90
-34.0424;0.00108252;90
-76.2223;0.00241859;90
-90.2474;0.00254702;90
-102.529;0.00119854;90
-99.3643;0.00105709;90
-101.589;0.00128928;90
-99.4693;0.0013433;90
-90.4761;0.00180506;90
-96.1093;0.00197321;90
-79.9664;0.00181374;90
-78.1426;0.00236037;90
-73.1807;0.00301706;90
-88.0039;0.00373226;90
-99.3355;0.0028234;90
-86.4906;0.00218911;90
-101.862;0.00209677;90
-122.765;0.00137473;90
-119.005;0.00147043;90
-101.16;0.00195293;90
-93.8671;0.00186825;90
-85.0434;0.00207175;90
-78.3758;0.0019306;90
-78.1806;0.00191868;90
-82.6723;0.00185818;90
-73.7237;0.0014272;90
-93.8643;0.00197349;90
-88.9295;0.00144525;90
-77.7566;0.00102327;90
-69.8718;0.00155177;90
-82.3819;0.00161425;90
-75.116;0.0012458;90
-80.0438;0.00141125;90
-74.0857;0.0012655;90
-68.985;0.00109589;90
-51.4464;0.00134778;90
-69.4771;0.00202235;90
-77.1875;0.00216901;90
-84.7697;0.00217204;90
-73.0604;0.00178129;90
-53.1994;0.0013238;90
-59.7253;0.00158287;90
-106.178;0.00145356;90
-121.38;0.0011561;90
-111.302;0.00168191;90
-103.343;0.00170297;90
-108.404;0.00176423;90
-111.523;0.0017554;90
-124.375;0.00139212;90
-106.81;0.00129326;90
-123.213;0.00126698;90
-131.786;0.000933435;90
-170.028;0.000554375;90
158.391;0.000828206;90
-170.366;0.000603511;90
175.898;0.000726862;90
-149.531;0.000853923;90
-141.38;0.000903622;90
-153.068;0.000697668;90
165.919;0.000624772;90
117.235;0.000917745;90
177.719;0.000477378;90
-156.617;0.000652596;90
-153.171;0.000970464;90
139.665;0.00102588;90
177.973;0.000763478;90
-153.97;0.000526393;90
118.893;0.00100169;90
-110.115;0.00592328;90
-129.968;0.00099165;90
-135.706;0.00177992;90
178.808;0.00153833;90
130.63;0.00131764;90
138.754;0.00126348;90
131.712;0.00236705;90
125.373;0.00137847;90
140.761;0.000880553;90
179.697;0.000946013;90
171.525;0.00101104;90
151.844;0.00104688;90
170.554;0.00116378;90
-134.192;0.00155508;90
-96.4434;0.00251287;90
-103.464;0.00225909;90
-119.375;0.00184295;90
-121.131;0.00152806;90
-120.756;0.00255192;90
-122.836;0.00198993;90
-117.983;0.00162612;90
-130.115;0.00127885;90
-113.629;0.001467;90
-121.693;0.00140091;90
-142.077;0.00104458;90
-161.858;0.000867108;90
-153.596;0.000796043;90
178.009;0.000748452;90
-146.652;0.00106782;90
-132.145;0.00146199;90
-122.014;0.00146004;90
-115.499;0.00132175;90
-155.315;0.00110387;90
-151.821;0.00111177;90
-174.325;0.000950659;90
-166.614;0.000855236;90
-161.587;0.000819979;90
-169.25;0.00094356;90
-165.368;0.000862988;90
176.515;0.000822521;90
-163.887;0.000702602;90
165.436;0.000894752;90
177.587;0.000973863;90
139.033;0.00125681;90
-149.675;0.00102991;90
-137.714;0.00126927;90
-141.865;0.00144935;90
-179.308;0.00107608;90
177.573;0.00115704;90
-166.433;0.0010359;90
156.08;0.000959401;90
-178.507;0.000729248;90
-152.768;0.000806381;90
-162.612;0.00110761;90
-165.964;0.00101428;90
169.117;0.000974528;90
136.39;0.00104966;90
-164.392;0.000910579;90
-152.954;0.00106664;90
179.215;0.0010951;90
140.365;0.0011193;90
135.545;0.000966659;90
166.641;0.00125084;90
119.087;0.00103675;90
131.155;0.000706576;90
148.988;0.000605562;90
117.125;0.000960661;90
113.984;0.00138016;90
126.295;0.00149508;90
153.558;0.000830925;90
165.091;0.000987235;90
172.237;0.000969888;90
168.879;0.00101098;90
165.603;0.000925049;90
166.836;0.000987962;90
170.809;0.000939058;90
152.599;0.000888708;90
157.521;0.00109846;90
159.495;0.00105911;90
156.169;0.00105931;90
154.745;0.00107583;90
137.427;0.00118547;90
134.655;0.00129191;90
134.819;0.00112077;90
131.498;0.00101872;90
151.162;0.00118381;90
143.969;0.00128354;90
152.255;0.00115137;90
167.692;0.00106958;90
-152.439;0.00131188;90
169.502;0.0012184;90
163.002;0.00124854;90
163.862;0.00118364;90
149.459;0.0011158;90
139.497;0.00119941;90
144.831;0.0011389;90
149.019;0.00112091;90
138.045;0.00118466;90
124.948;0.0015921;90
170.905;0.000923612;90
108.656;0.00147869;90
98.2629;0.00183;90
101.085;0.00184645;90
99.6451;0.00154585;90
96.6514;0.0015454;90
99.5335;0.00158793;90
94.4401;0.00148546;90
133.262;0.00109581;90
165.104;0.00103477;90
179.113;0.000969116;90
121.444;0.000920122;90
111.697;0.00132271;90
141.99;0.00104581;90
142.707;0.000949026;90
142.278;0.000887498;90
141.953;0.000934597;90
114.55;0.000890505;90
104.722;0.00121592;90
128.869;0.00111228;90
144.589;0.000683422;90
120.236;0.00179522;90
131.725;0.000940574;90
123.546;0.0007727;90
115.877;0.00130372;90
124.337;0.00120378;90
120.554;0.0015816;90
118.781;0.00166577;90
124.854;0.0017743;90
124.722;0.00309517;90
113.529;0.000886727;90
115.089;0.00171921;90
108.874;0.00206503;90
98.9829;0.00231844;90
98.9444;0.00210965;90
105.268;0.00188348;90
105.519;0.00180895;90
112.154;0.00175021;90
122.002;0.00159074;90
119.193;0.00177552;90
116.215;0.00183137;90
106.325;0.00219864;90
114.175;0.00169462;90
135.411;0.0012806;90
132.792;0.00110108;90
140.646;0.000941484;90
132.365;0.00113823;90
138.356;0.00095411;90
128.942;0.00117257;90
112.998;0.00160996;90
112.632;0.00175408;90
97.5946;0.00196726;90
92.4707;0.00211096;90
90;0.002058;90
109.037;0.00189463;90
120.432;0.00155179;90
117.901;0.00168824;90
116.134;0.00178443;90
118.225;0.00163659;90
122.074;0.00160261;90
131.492;0.00140978;90
134.483;0.00125304;90
134.312;0.00135421;90
133.06;0.00121126;90
131.551;0.00138703;90
135.581;0.00132448;90
130.613;0.00159921;90
129.217;0.00150887;90
129.8;0.00131071;90
119.766;0.00168997;90
117.084;0.00177685;90
115.75;0.00163428;90
112.212;0.00168504;90
112.435;0.00152762;90
114.453;0.00149292;90
110.194;0.00164832;90
124.468;0.00124569;90
109.771;0.00147813;90
110.428;0.00157292;90
110.398;0.00165263;90
113.851;0.00125629;90
118.129;0.00126206;90
117.161;0.00116103;90
129.705;0.00116463;90
165.98;0.000833838;90
155.111;0.000841121;90
103.837;0.00125852;90
136.064;0.00099012;90
-179.046;0.0007211;90
164.853;0.000838118;90
163.413;0.000931775;90
131.664;0.000923632;90
-153.572;0.000932443;90
-139.981;0.00106681;90
-165.856;0.000904417;90
165.383;0.000693445;90
107.217;0.00117568;90
97.4123;0.00168206;90
92.3639;0.00184257;90
80.39;0.00216843;90
73.0389;0.00184422;90
-28.355;0.000572713;90
-69.6162;0.00124603;90
-58.0216;0.00180136;90
-35.0958;0.00194453;90
-21.0422;0.000882873;90
85.0056;0.0017115;90
90.426;0.00161404;90
92.9896;0.00182148;90
146.783;0.000907243;90
-133.437;0.00101083;90
-130.894;0.00110593;90
-156.208;0.000989053;90
-137.2;0.000571056;90
34.2927;0.00110752;90
39.8206;0.000979098;90
49.0107;0.00123339;90
31.5432;0.00105134;90
3.73287;0.000844792;90
-5.25218;0.000808394;90
-18.8457;0.000705839;90
-22.6156;0.00104538;90
-15.4525;0.000942054;90
-6.85746;0.00092965;90
-35.9225;0.00112495;90
-51.9638;0.00109063;90
16.4468;0.000565123;90
-25.6791;0.000867698;90
-38.4309;0.00132889;90
-71.3369;0.000953118;90
-43.5185;0.000820518;90
-72.5564;0.000877347;90
-21.0117;0.000956608;90
-14.2884;0.00110209;90
-19.2671;0.00117586;90
80.75;0.00168592;90
86.1924;0.00177692;90
99.0263;0.00194407;90
119.899;0.0015688;90
146.323;0.00119566;90
145.266;0.00120224;90
140.567;0.00118078;90
123.059;0.00151054;90
116.898;0.00169542;90
125.967;0.00139617;90
103.995;0.00203439;90
86.4163;0.00243176;90
91.0597;0.00264945;90
101.059;0.00232518;90
122.83;0.00127457;90
120.407;0.00134153;90
98.6471;0.00180249;90
94.989;0.0023228;90
108.767;0.00174371;90
114.752;0.00138527;90
116.586;0.00124236;90
126.145;0.00107489;90
122.166;0.00128292;90
132.918;0.00122623;90
111.956;0.00178658;90
97.4048;0.00269245;90
94.6551;0.00267382;90
97.9511;0.00226275;90
99.557;0.00209001;90
120.35;0.00158525;90
116.164;0.00185285;90
118.245;0.00187642;90
106.092;0.00236673;90
105.793;0.00217511;90
100.284;0.00220136;90
91.6139;0.00216586;90
96.8319;0.00189143;90
103.21;0.00183352;90
108.414;0.00169055;90
104.5;0.00182926;90
100.796;0.00177237;90
99.763;0.00191067;90
99.7965;0.00166325;90
95.9551;0.0021687;90
106.69;0.00185933;90
109.207;0.0019241;90
110.977;0.00183245;90
124.717;0.00168739;90
129.075;0.0016166;90
124.271;0.00134078;90
124.009;0.0014464;90
118.774;0.00172842;90
104.067;0.00225873;90
108.05;0.00216558;90
120.204;0.00179695;90
107.318;0.00189804;90
103.05;0.00186004;90
90.7235;0.00205916;90
70.6396;0.00203614;90
52.5563;0.00153788;90
62.8551;0.00136989;90
69.2838;0.00108837;90
84.3315;0.0010833;90
88.1844;0.00132567;90
92.4174;0.00189669;90
86.9434;0.00165035;90
85.3686;0.00151093;90
101.44;0.00138654;90
99.9544;0.00130159;90
103.249;0.00116501;90
97.4936;0.0013112;90
95.3511;0.00152264;90
89.2823;0.00183614;90
104.409;0.00190079;90
112.091;0.00201816;90
95.7542;0.00235386;90
90.6153;0.00251414;90
107.158;0.0017593;90
109.936;0.00167753;90
109.31;0.00159366;90
100.245;0.00145622;90
82.3031;0.00173967;90
87.3905;0.00149355;90
90.2781;0.00144202;90
97.2011;0.00130832;90
97.6768;0.00119773;90
91.2461;0.00160938;90
100.899;0.00144914;90
110.372;0.000945112;90
97.2131;0.00121058;90
92.2375;0.00284317;90
93.0597;0.00256666;90
115.488;0.00142686;90
115.715;0.00120537;90
124.175;0.00131025;90
114.794;0.00151902;90
121.245;0.00111818;90
102.939;0.00108967;90
89.8323;0.00136701;90
85.656;0.00281208;90
80.692;0.00146529;90
82.0702;0.00173963;90
81.9485;0.00237037;90
82.3242;0.00242574;90
86.0294;0.00209403;90
99.6864;0.00176517;90
89.6361;0.00236205;90
94.2145;0.00202748;90
84.8783;0.00235239;90
75.8566;0.0020749;90
77.3149;0.00178968;90
81.9915;0.0018662;90
78.3932;0.00196825;90
80.1386;0.00165241;90
87.5751;0.00134721;90
136.42;0.00156955;90
117.075;0.00211138;90
106.259;0.00175728;90
110.145;0.00193966;90
117.408;0.00167276;90
160.386;0.00126012;90
134.371;0.00135278;90
122.111;0.00190196;90
108.125;0.00181296;90
92.9689;0.00185349;90
103.764;0.00198809;90
124.892;0.00154712;90
110.839;0.00180187;90
137.412;0.00131072;90
122.326;0.0017822;90
138.287;0.00155395;90
139.912;0.00189919;90
141.028;0.00186505;90
157.093;0.00159802;90
137.876;0.00211408;90
131.256;0.00168935;90
100.353;0.00201989;90
98.974;0.00212197;90
107.211;0.00151065;90
163.67;0.00118792;90
136.732;0.00126347;90
123.782;0.00138481;90
127.153;0.00149682;90
-164.613;0.000874341;90
-147.443;0.0010239;90
-170.518;0.000959104;90
-153.435;0.00118512;90
-178.665;0.00103028;90
133.872;0.00136498;90
116.132;0.00171422;90
163.587;0.000959083;90
143.315;0.00105621;90
160.86;0.00125963;90
165.192;0.000989878;90
139.029;0.00127807;90
123.482;0.00145194;90
141.124;0.00107386;90
161.91;0.000946803;90
138.92;0.00122049;90
146.687;0.00105423;90
114.315;0.00183365;90
114.731;0.00191461;90
123.182;0.00181255;90
116.707;0.00198698;90
106.944;0.00239497;90
107.294;0.00206538;90
110.547;0.00211985;90
101.623;0.00272488;90
121.678;0.00180139;90
143.205;0.0013774;90
109.058;0.00165682;90
110.462;0.00128722;90
88.6093;0.00107132;90
112.233;0.00209582;90
114.323;0.001566;90
125.884;0.00140581;90
126.474;0.00176464;90
116.238;0.00187967;90
116.87;0.00159523;90
117.043;0.00150224;90
108.622;0.0018414;90
102.721;0.00148956;90
106.89;0.00132516;90
95.7857;0.00128957;90
110.134;0.00142935;90
124.38;0.00163454;90
107.919;0.00210616;90
105.721;0.00164971;90
119.35;0.00171172;90
100.209;0.00176596;90
96.1587;0.00188287;90
91.5048;0.0023228;90
121.962;0.00153583;90
147.744;0.00140716;90
156.784;0.00127853;90
165.063;0.00138893;90
128.701;0.00173369;90
117.607;0.00191842;90
126.059;0.00148315;90
132.25;0.00160628;90
122.368;0.00157466;90
119.205;0.00188343;90
112.166;0.00239608;90
96.1147;0.00246905;90
93.7615;0.00239316;90
96.4523;0.00298994;90
77.4216;0.0017541;90
69.0497;0.0014627;90
68.5238;0.00140666;90
82.9073;0.00175745;90
102.562;0.00187591;90
109.248;0.00327613;90
115.785;0.000919556;90
117.364;0.00163607;90
107.77;0.00182507;90
117.541;0.00183831;90
134.615;0.00115756;90
118.524;0.00147846;90
101.838;0.00191574;90
96.9072;0.00215363;90
98.2759;0.00172294;90
100.073;0.00189826;90
107.212;0.0018959;90
126.657;0.00166661;90
108.855;0.00232687;90
118.266;0.00198919;90
110.487;0.00251721;90
105.289;0.00222992;90
103.014;0.00242016;90
126.315;0.00140487;90
123.402;0.00160033;90
99.4439;0.00153582;90
36.3553;0.00133605;90
40.5192;0.00295058;90
52.76;0.000712215;90
55.983;0.00150687;90
53.5308;0.00200205;90
70.4717;0.00208812;90
71.5409;0.00225502;90
74.9252;0.00167256;90
70.5161;0.00152005;90
75.2603;0.00150141;90
59.0442;0.00123839;90
48.1302;0.000725159;90
47.7435;0.00112276;90
67.4787;0.00165523;90
75.1561;0.00177214;90
77.0054;0.00150761;90
84.22;0.00147952;90
77.1612;0.00154359;90
79.7331;0.00175612;90
85.2661;0.00175699;90
77.9593;0.00155317;90
79.2123;0.00159214;90
79.1505;0.00143974;90
69.5134;0.00154576;90
58.2276;0.00161619;90
57.8549;0.00134758;90
81.9742;0.00147545;90
86.5464;0.00177623;90
85.4066;0.00176065;90
88.3329;0.00182177;90
90.9382;0.00183225;90
86.6239;0.00174904;90
82.7242;0.00150814;90
83.7525;0.00143351;90
81.3639;0.00142516;90
67.0705;0.00153748;90
80.0986;0.00130849;90
43.2023;0.00130738;90
37.8652;0.00102475;90
41.5949;0.00110716;90
33.2506;0.00104869;90
42.835;0.00116048;90
45.9183;0.00101483;90
51.5542;0.00117084;90
52.5438;0.00136807;90
61.4958;0.00202212;90
50.3355;0.00192389;90
60.8013;0.00119711;90
78.519;0.00183879;90
77.7613;0.00158502;90
82.6493;0.00220411;90
75.9768;0.00212534;90
75.3639;0.00173738;90
83.0227;0.0015394;90
86.179;0.00165067;90
88.2101;0.00172884;90
85.8384;0.00209452;90
78.2391;0.00189376;90
79.9475;0.00178744;90
79.264;0.00266261;90
73.9751;0.00237634;90
75.498;0.00208854;90
91.699;0.00269819;90
77.1758;0.0025455;90
78.6372;0.00148715;90
89.4873;0.00134105;90
90.4088;0.00168204;90
92.632;0.00141549;90
97.5474;0.00136281;90
96.6866;0.00144281;90
98.1805;0.00144773;90
99.0946;0.00158796;90
94.7389;0.0023119;90
91.0133;0.00305348;90
91.866;0.00221117;90
-128.055;0.00116965;90
-164.902;0.00150495;90
142.183;0.00112535;90
128.097;0.00133551;90
96.535;0.00214393;90
91.7642;0.00250119;90
91.3486;0.00276177;90
101.289;0.00212002;90
60.896;0.00214023;90
63.2253;0.00195568;90
67.8989;0.00198808;90
65.9661;0.00187342;90
82.3473;0.00208759;90
80.5561;0.00204775;90
91.8175;0.00227014;90
84.123;0.0022267;90
92.4636;0.00230313;90
90.8367;0.00232825;90
100.76;0.00218542;90
106.322;0.0020496;90
112.245;0.00170381;90
112.554;0.00168162;90
109.077;0.00169192;90
124.595;0.00137028;90
114.036;0.00134787;90
98.2019;0.0010164;90
-74.9684;0.00825134;90
-74.7958;0.000987568;90
-76.3214;0.00124326;90
-76.8841;0.00194781;90
3.08796;0.000761105;90
-70.1174;0.00224056;90
-91.5249;0.00285601;90
-94.7359;0.00308854;90
-93.5555;0.00240262;90
-99.2792;0.00210859;90
-102.73;0.0020422;90
-114.257;0.00452993;90
-134.493;0.000719156;90
-117.755;0.00150743;90
-76.5894;0.00191008;90
-95.0025;0.00113532;90
146.452;0.000334763;90
81.5168;0.00160658;90
75.4546;0.00338448;90
57.6969;0.000836456;90
67.8671;0.00205438;90
67.0982;0.00207887;90
79.9174;0.00191355;90
79.9566;0.00168583;90
81.5105;0.00157829;90
91.8746;0.00198706;90
81.2254;0.00230093;90
94.3606;0.00426134;90
158.212;0.000821702;90
146.357;0.000678676;90
103.76;0.00211469;90
108.281;0.00223795;90
107.618;0.00230617;90
111.366;0.00161392;90
96.0068;0.0026948;90
104.253;0.00102351;90
83.5005;0.00865764;90
87.4544;0.00164362;90
42.7385;0.00166653;90
24.3969;0.00291971;90
-36.516;0.00252585;90
-65.892;0.00167949;90
-74.4813;0.00226871;90
-90.0809;0.002832;90
-88.5284;0.00369922;90
-89.3321;0.00394627;90
-88;0.00252154;90
18.3041;0.000554032;90
59.112;0.000907743;90
103.453;0.00273813;90
-92.4584;0.00375345;90
108.06;0.00139997;90
89.3247;0.00415729;90
92.2529;0.00407015;90
95.1609;0.00525832;90
112.58;0.000875077;90
125.464;0.00189937;90
153.2;0.002402;90
-142.385;0.0023216;90
-117.523;0.00198009;90
-112.02;0.00321664;90
-96.6054;0.00307743;90
-59.4509;0.00163494;90
-104.23;0.00186317;90
10.8564;0.000594643;90
-155.655;0.000669534;90
97.5859;0.00346936;90
75.74;0.005777;90
156.471;0.00113976;90
-165.839;0.00221945;90
-158.78;0.00402274;90
-160.654;0.00312125;90
-121.201;0.00423331;90
-118.343;0.00433917;90
-140.353;0.00304678;90
-134.575;0.00266869;90
-117.414;0.00310803;90
110.719;0.002103;90
98.3245;0.0035019;90
71.8166;0.00194514;90
-66.9843;0.00148088;90
-72.0586;0.000954411;90
106.944;0.00219948;90
-101.897;0.00321608;90
13.687;0.00326265;90
18.6867;0.00115171;90
31.8253;0.00236094;90
60.3646;0.00486775;90
62.066;0.00413701;90
19.2129;0.00298104;90
15.0233;0.00329461;90
19.6625;0.00265692;90
33.3817;0.00206102;90
-59.0013;0.000844631;90
-115.382;0.00279479;90
-100.152;0.00318283;90
-65.0536;0.00196316;90
-100.796;0.00207676;90
-85.9629;0.00319593;90
-70.6027;0.00438701;90
-72.1472;0.00224091;90
-78.8751;0.00236851;90
-24.4623;0.001036;90
-69.7432;0.00194958;90
-89.7563;0.00352603;90
-93.494;0.00356062;90
-99.1275;0.00267284;90
-97.6026;0.00190474;90
-111.239;0.00160931;90
-113.037;0.0024276;90
-119.892;0.00221924;90
-109.69;0.00205091;90
-75.1641;0.00189415;90
-117.61;0.000882499;90
69.5239;0.000754682;90
84.0525;0.00404377;90
52.0552;0.000863552;90
66.2687;0.0021891;90
67.0549;0.00249327;90
84.066;0.00239885;90
78.2773;0.00266764;90
88.388;0.00312824;90
86.7154;0.00312413;90
97.2979;0.00279464;90
-170.081;0.00111466;90
104.758;0.00223369;90
103.955;0.00273677;90
102.996;0.00240562;90
109.526;0.00274061;90
99.3699;0.00203921;90
85.5419;0.000295895;90
77.5356;0.00212202;90
98.0318;0.00395782;90
72.6614;0.00266091;90
82.6206;0.0014248;90
-155.119;0.00279987;90
-162.06;0.00322375;90
-165.468;0.0035072;90
-128.632;0.0044369;90
-117.317;0.00501191;90
-143.212;0.0036386;90
-134.119;0.00404513;90
-128.09;0.00464905;90
-129.32;0.00421525;90
-129.771;0.00404238;90
-130.16;0.00414002;90
-128.957;0.00421159;90
-128.337;0.00410134;90
-132.666;0.00392346;90
-132.939;0.00381377;90
-125.393;0.00443207;90
-124.131;0.00519353;90
-131.897;0.0048338;90
-136.711;0.00428627;90
-133.957;0.00411604;90
-119.704;0.0047122;90
-134.785;0.0039577;90
-166.296;0.00322068;90
-177.62;0.00337091;90
-178.182;0.00327865;90
-175.532;0.00310644;90
-149.144;0.00393264;90
-126.467;0.00446031;90
-113.698;0.00523;90
-112.877;0.00512405;90
-113.229;0.00553247;90
-114.359;0.00512305;90
-115.098;0.00459484;90
-119.043;0.00435457;90
-123.338;0.00433784;90
-125.832;0.00459335;90
-119.408;0.0053378;90
-111.622;0.00592167;90
-105.271;0.00582051;90
-100.402;0.00513438;90
-96.99;0.00542331;90
-97.405;0.00550894;90
-100.469;0.00566837;90
-104.055;0.00527903;90
-106.855;0.00511472;90
-105.429;0.00533736;90
-103.259;0.00593418;90
-103.139;0.00497113;90
-99.284;0.00221907;90
-104.929;0.00150997;90
117.605;0.00256161;90
124.118;0.00382782;90
124.079;0.0038816;90
124.911;0.00301936;90
124.858;0.0021083;90
123.153;0.00405393;90
124.302;0.00454797;90
124.39;0.00358696;90
129.376;0.00241011;90
135.338;0.0022748;90
142.116;0.00227176;90
146.858;0.00246381;90
137.963;0.0028046;90
124.966;0.00338867;90
115.345;0.00411619;90
112.296;0.00346075;90
112.855;0.00238417;90
-170.204;0.00115788;90
-90.5907;0.0018431;90
-68.9433;0.00235742;90
68.2039;0.00201182;90
74.0705;0.002474;90
79.1635;0.00282436;90
79.1762;0.00217265;90
46.3099;0.000927967;90
-7.77062;0.000473347;90
-134.162;0.00164349;90
-100.474;0.0050115;90
-81.6815;0.00116122;90
-80.1638;0.00115904;90
-74.2718;0.00246427;90
-64.1366;0.00368845;90
-56.3838;0.00387264;90
-41.3179;0.00322612;90
-31.3085;0.00273648;90
-37.9482;0.0022636;90
-51.2497;0.00257219;90
-53.0429;0.0031536;90
-55.1265;0.00633825;90
-58.6937;0.00152036;90
-55.0257;0.00238831;90
-42.2957;0.00157365;90
-60.0072;0.00306666;90
-57.2601;0.0036962;90
-55.8161;0.00321794;90
-49.3003;0.00315905;90
74.8674;0.00295341;90
77.5033;0.00890088;90
74.3578;0.00363461;90
73.9155;0.00469582;90
73.9412;0.0064528;90
78.3169;0.00650374;90
82.3735;0.00724105;90
82.4026;0.00692075;90
78.3664;0.00631779;90
72.0658;0.0063327;90
63.7789;0.00543866;90
56.8987;0.00477733;90
53.4344;0.00436766;90
59.1747;0.00503881;90
63.9007;0.00511674;90
65.4598;0.00512603;90
66.7602;0.00529677;90
66.1252;0.00524041;90
67.7896;0.00468243;90
58.8157;0.00565864;90
36.2546;0.00383682;90
9.67999;0.00328883;90
0.364936;0.00314006;90
5.41068;0.00302247;90
15.3625;0.0036048;90
33.3306;0.00349246;90
56.9226;0.00485002;90
48.2149;0.00448871;90
44.0595;0.00409258;90
45.6233;0.00396498;90
53.9227;0.00455444;90
58.5913;0.00377634;90
53.7895;0.00540496;90
51.2798;0.00473847;90
46.4399;0.00374248;90
46.3287;0.00487893;90
48.4549;0.00468178;90
50.7506;0.00484117;90
52.7495;0.00418469;90
53.7839;0.00522314;90
33.9516;0.00480043;90
57.3915;0.00486365;90
61.8778;0.00447647;90
19.8869;0.00406863;90
17.2763;0.00329988;90
19.5104;0.00298224;90
46.7321;0.0013802;90
-109.55;0.00274633;90
-101.82;0.00359319;90
-85.738;0.00430591;90
81.3752;0.0024406;90
92.2031;0.00444829;90
67.8385;0.0012115;90
59.7816;0.001516;90
82.2374;0.00200639;90
26.5064;0.000873856;90
28.5744;0.00177295;90
0.100873;0.000568001;90
-22.9659;0.000840631;90
-42.5366;0.00148064;90
-13.0319;0.00103773;90
83.8579;0.0015328;90
-45.5335;0.0011392;90
-56.3463;0.000873376;90
-102.604;0.00139768;90
-97.9506;0.00148932;90
-78.1778;0.00173276;90
-30.6635;0.000850988;90
27.165;0.00119591;90
26.144;0.00097361;90
18.7947;0.00110808;90
1.42068;0.00112935;90
-2.2172;0.000904677;90
-17.2178;0.000878363;90
-16.4729;0.000775845;90
-1.40439;0.000775233;90
-47.1076;0.00111515;90
-32.4469;0.00126557;90
-31.4744;0.00121237;90
3.45383;0.000962749;90
-32.2223;0.00229555;90
-18.7613;0.0007773;90
25.9237;0.00179791;90
55.6457;0.000669846;90
50.5275;0.000660681;90
78.2431;0.00123184;90
55.4757;0.00112394;90
-23.8687;0.00235764;90
-65.0756;0.00142138;90
-63.8078;0.00164936;90
-21.3781;0.000929988;90
44.9672;0.00123532;90
60.429;0.000980747;90
66.6201;0.00132804;90
75.4291;0.00265127;90
85.6448;0.00151437;90
-16.9252;0.00104423;90
67.4778;0.00153508;90
50.6564;0.00185813;90
14.253;0.000897631;90
-32.5489;0.000905173;90
-29.0938;0.00113524;90
-1.02813;0.00100316;90
-18.0758;0.00116026;90
-37.4824;0.00121607;90
0.984189;0.00110616;90
6.56166;0.000971363;90
34.1956;0.000848724;90
33.6311;0.00161778;90
52.4694;0.000919261;90
48.8367;0.00286384;90
56.3289;0.000838707;90
54.0128;0.0025187;90
58.0534;0.00185966;90
62.4687;0.00164419;90
56.882;0.00155573;90
49.0162;0.00141344;90
22.9526;0.00128471;90
8.43207;0.00123434;90
-2.26503;0.00116391;90
-9.40078;0.00107139;90
-29.1774;0.000951765;90
-24.1593;0.000916254;90
-44.1533;0.00100491;90
-54.4443;0.00110749;90
-42.5621;0.00142965;90
-15.8118;0.0012368;90
-5.01834;0.000765936;90
-36.9391;0.0021532;90
-80.4803;0.00114882;90
-70.7678;0.00168186;90
-64.5038;0.0017261;90
-70.7083;0.00162844;90
-79.568;0.00322531;90
-76.7833;0.0020688;90
-78.5601;0.00172936;90
-76.5744;0.00184338;90
-84.2123;0.00177505;90
-88.1006;0.00196108;90
-86.5507;0.00182831;90
-86.6315;0.00163382;90
-93.6914;0.00149109;90
-81.2367;0.00177877;90
-65.7136;0.00111355;90
-64.1569;0.00127779;90
-90.7586;0.00143513;90
-76.9445;0.00317404;90
-78.5341;0.00295293;90
-84.7742;0.002646;90
-87.9674;0.00191721;90
-80.9168;0.00191299;90
-86.16;0.00176196;90
-122.408;0.00278945;90
-90.5057;0.0026061;90
-90.5328;0.00204309;90
-124.306;0.00177958;90
-104.349;0.00186416;90
-114.915;0.0015216;90
-135.072;0.00113137;90
-130.094;0.00106669;90
-107.113;0.00164482;90
-107.708;0.00196931;90
-105.803;0.00204531;90
-107.491;0.00157376;90
-134.641;0.00259443;90
149.111;0.000658384;90
125.273;0.00223907;90
126.087;0.00197618;90
111.327;0.00179276;90
101.013;0.0018949;90
92.5786;0.00195598;90
91.825;0.00204104;90
112.702;0.00307308;90
159.457;0.00101451;90
162.629;0.000783747;90
154.919;0.000863412;90
153.968;0.00105726;90
153.949;0.000997326;90
156.649;0.00108486;90
156.357;0.00123681;90
165.781;0.00106255;90
-173.41;0.00103685;90
166.486;0.00098425;90
146.117;0.00107085;90
111.585;0.00166904;90
108.956;0.00177316;90
109.382;0.001588;90
122.216;0.00144436;90
127.407;0.00145026;90
126.522;0.00121822;90
126.769;0.0025042;90
117.771;0.00172126;90
123.678;0.00129301;90
120.721;0.00121559;90
134.521;0.00126789;90
130.162;0.00254901;90
132.895;0.00146328;90
149.826;0.00109427;90
143.686;0.00123606;90
142.702;0.00115023;90
130.128;0.00143212;90
108.563;0.00369102;90
117.266;0.00160875;90
110.145;0.00148377;90
92.225;0.00206055;90
91.5895;0.00191074;90
44.8419;0.000768628;90
-96.5669;0.00393482;90
-76.4938;0.00212373;90
-57.3357;0.00145632;90
-76.609;0.00180919;90
-69.2012;0.00160242;90
-52.862;0.00111141;90
-45.2477;0.000981473;90
-46.8823;0.00105487;90
-32.1187;0.00107208;90
-26.6597;0.00108315;90
-49.476;0.00128662;90
-49.5235;0.00134486;90
-50.0163;0.00131815;90
-45.4177;0.00116393;90
-51.7843;0.00143059;90
-60.1919;0.00157313;90
-61.2761;0.00153145;90
-55.5485;0.00129395;90
-51.2611;0.00124486;90
-52.5834;0.00142526;90
-57.1206;0.00131338;90
-58.9438;0.00138211;90
-69.1113;0.00171363;90
-72.1981;0.0018317;90
-60.8114;0.00149481;90
-24.0641;0.000973617;90
-0.536713;0.000854037;90
-16.9138;0.000869617;90
-6.50075;0.00102459;90
-21.8675;0.000966545;90
-26.0918;0.000866282;90
-21.6122;0.000787353;90
-28.7791;0.000949249;90
-18.1643;0.00100403;90
-23.0735;0.000961953;90
-23.7638;0.0010249;90
-38.0439;0.00124946;90
-64.7543;0.00170926;90
-84.5438;0.00188253;90
-85.1118;0.00179553;90
-89.1363;0.00199023;90
-74.4545;0.00200744;90
-63.1164;0.00152815;90
-55.0822;0.00113906;90
-57.8281;0.00120384;90
-45.8115;0.00124817;90
-23.0901;0.00104034;90
51.3118;0.000945476;90
62.7692;0.00138556;90
70.133;0.00177143;90
75.9492;0.00190293;90
68.0801;0.00134741;90
78.9841;0.00126124;90
61.1892;0.0011641;90
48.537;0.00128372;90
55.7042;0.00144286;90
69.3708;0.00174274;90
64.545;0.00265471;90
77.8716;0.0010709;90
99.1848;0.00122166;90
93.3925;0.00141949;90
68.6373;0.00116397;90
44.9181;0.000989951;90
72.82;0.00147271;90
93.5041;0.00193061;90
96.7817;0.00167673;90
91.0079;0.00176227;90
93.8245;0.00182907;90
99.6566;0.0018421;90
102.958;0.00185524;90
100.621;0.00200739;90
104.044;0.00182144;90
101.727;0.00191395;90
110.746;0.00204671;90
92.227;0.00216163;90
93.5364;0.00259394;90
92.9313;0.00232704;90
91.554;0.00210177;90
100.937;0.00403733;90
102.348;0.00178632;90
101.845;0.00209971;90
103.578;0.00181883;90
107.988;0.00190407;90
112.331;0.0028108;90
104.916;0.00211734;90
138.715;0.00125492;90
-156.562;0.00116404;90
163.926;0.00104381;90
137.194;0.00123764;90
131.412;0.00169472;90
144.108;0.00242555;90
160.12;0.000952781;90
165.867;0.00100337;90
-169.967;0.000941395;90
-171.446;0.000860572;90
-166.945;0.000779139;90
-155.014;0.000795448;90
-129.048;0.00108418;90
-122.799;0.00130148;90
-121.716;0.00117555;90
-118.208;0.0013413;90
-123.475;0.00420438;90
-135.674;0.000661191;90
-130.133;0.00136682;90
-131.531;0.00148411;90
-134.911;0.0013626;90
-136.629;0.00144308;90
-161.27;0.00116784;90
-172.035;0.00108244;90
169.133;0.00091236;90
142.467;0.00186632;90
-173.98;0.00084868;90
155.874;0.000998191;90
139.644;0.000986826;90
175.387;0.000945061;90
-153.146;0.00123969;90
-113.552;0.00178685;90
-148.925;0.000796269;90
151.144;0.000671357;90
-94.0518;0.00157093;90
-104.8;0.00373077;90
-129.874;0.00290439;90
164.183;0.000491615;90
122.144;0.00227232;90
131.952;0.00156917;90
170.283;0.0005925;90
-133.24;0.00101305;90
-133.961;0.00120864;90
-124.706;0.00131374;90
-128.467;0.00134872;90
-157.159;0.000798621;90
174.601;0.00116919;90
173.949;0.000920127;90
117.548;0.00226815;90
171.821;0.000991081;90
150.549;0.000968104;90
151.125;0.000931856;90
149.857;0.000838371;90
146.504;0.00081902;90
164.226;0.000919633;90
167.798;0.00115919;90
173.728;0.00111668;90
-175.223;0.00105667;90
-163.032;0.000877187;90
-142.707;0.00100183;90
-162.881;0.00079837;90
-178.986;0.000904142;90
109.745;0.00135571;90
89.5347;0.00184706;90
76.9144;0.00165189;90
124.089;0.00107587;90
154.858;0.000720236;90
-109.302;0.00108605;90
164.697;0.000735063;90
140.714;0.0011292;90
147.361;0.000891831;90
171.42;0.000864677;90
-165.903;0.000915572;90
-140.729;0.00106954;90
-154.63;0.000814553;90
-92.3623;0.00131011;90
-112.59;0.00161923;90
-122.774;0.00123215;90
-103.351;0.00089211;90
-108.692;0.000845602;90
-95.3314;0.000947097;90
-88.6082;0.00205861;90
-80.1478;0.00198122;90
-113.847;0.00176356;90
84.1443;0.00837068;90
59.8115;0.00115343;90
87.2396;0.0010382;90
55.1448;0.00120034;90
37.9142;0.00268845;90
-19.0599;0.00223238;90
-33.7183;0.00168795;90
-47.042;0.005497;90
22.5542;0.000805616;90
0.390795;0.00263906;90
-9.39823;0.00117578;90
-16.0702;0.00164009;90
-33.4045;0.00244848;90
-24.7448;0.00223854;90
-33.1113;0.0010709;90
-15.4513;0.00130621;90
37.5699;0.0026848;90
44.3021;0.00255426;90
-38.0529;0.0023443;90
-42.442;0.00293105;90
46.5021;0.000998071;90
60.2988;0.00195367;90
75.9898;0.0037382;90
91.793;0.00402697;90
102.164;0.00447547;90
103.782;0.00360169;90
105.697;0.00576604;90
106.644;0.00483559;90
117.185;0.00442588;90
133.09;0.00286467;90
128.894;0.00126299;90
86.8043;0.00321099;90
89.6019;0.00230306;90
127.911;0.00111158;90
-66.4856;0.00202517;90
-95.7306;0.00114171;90
-89.2479;0.00380933;90
149.503;0.00191725;90
150.184;0.0026025;90
143.387;0.00343723;90
-148.498;0.000675563;90
-105.265;0.00160668;90
-95.6958;0.00230739;90
-103.173;0.00252751;90
-99.8259;0.00196888;90
-104.357;0.00216563;90
-108.421;0.0025254;90
-104.067;0.00224224;90
-104.699;0.00201391;90
-105.969;0.00135946;90
179.556;0.000775023;90
119.379;0.00089282;90
136.683;0.00134833;90
-151.58;0.00538728;90
169.645;0.00175254;90
131.691;0.00207032;90
112.46;0.00355463;90
106.65;0.00111683;90
103.795;0.00201719;90
112.351;0.00270849;90
101.489;0.00157149;90
-72.1321;0.0016296;90
-70.7167;0.00239221;90
-71.8278;0.00517196;90
-78.8106;0.00102549;90
-52.8796;0.00173822;90
-76.8043;0.0015376;90
-100.237;0.00302719;90
-90.752;0.00289525;90
-108.773;0.00155365;90
161.635;0.00155205;90
-100.028;0.00286578;90
-90.1252;0.001831;90
-58.7592;0.000992988;90
-114.064;0.0027982;90
-102.121;0.00321467;90
-75.067;0.00227793;90
-95.5126;0.00221725;90
-75.7355;0.000121754;90
90.773;0.00504046;90
74.2716;0.00489529;90
62.1713;0.0015209;90
36.8656;0.0026936;90
-26.7428;0.00230674;90
-26.8168;0.00111939;90
70.7178;0.00241656;90
76.0815;0.00236133;90
93.9588;0.00115876;90
67.4847;0.002191;90
79.1894;0.00234054;90
71.2187;0.000993922;90
73.4915;0.00342415;90
-47.7263;0.00141228;90
-49.1602;0.00127686;90
-49.2329;0.00172439;90
-93.676;0.00143495;90
-97.9482;0.0139864;90
-174.216;0.000625182;90
-155.603;0.0014066;90
163.376;0.00183156;90
109.749;0.0031163;90
121.539;0.00174354;90
150.658;0.00252032;90
-143.894;0.00261163;90
-116.232;0.00261311;90
-106.813;0.0034296;90
-90.0995;0.002303;90
-70.4314;0.0015824;90
-104.054;0.00152361;90
-120.694;0.000291894;90
94.4921;0.00282167;90
79.2;0.0061479;90
61.0763;0.00097799;90
62.246;0.0023278;90
41.1859;0.000977973;90
15.7512;0.00198556;90
-41.8183;0.00244612;90
-9.5571;0.000596276;90
-81.3094;0.00297819;90
-44.7783;0.00255833;90
24.7575;0.0022685;90
19.3773;0.000557585;90
3.12766;0.00207108;90
-14.9858;0.00223915;90
-29.189;0.00294038;90
-29.811;0.00279599;90
-13.9723;0.00238971;90
42.7979;0.00307323;90
26.6819;0.00241183;90
-57.4941;0.00316718;90
-51.0839;0.00209494;90
-78.8071;0.00422435;90
-70.7702;0.00439947;90
-71.2895;0.00808635;90
-59.1751;0.00169784;90
-52.9794;0.00304101;90
-52.289;0.00392362;90
-63.0103;0.00470661;90
-65.5551;0.0051617;90
-63.4675;0.00473018;90
-57.5719;0.00448307;90
-57.8969;0.00453669;90
-62.5045;0.00462659;90
-61.8073;0.00473925;90
-53.6082;0.00421875;90
-44.311;0.00376349;90
-47.1312;0.00680708;90
-48.3513;0.00157247;90
-45.6783;0.00316594;90
-52.526;0.00749342;90
-73.0782;0.00167659;90
-76.268;0.00520683;90
-88.7217;0.00600649;90
-85.5881;0.00599276;90
-80.5567;0.0059547;90
-61.0062;0.00421072;90
-39.2505;0.00383271;90
-42.3005;0.00273246;90
-50.1972;0.0026697;90
-56.8829;0.00291204;90
-59.8635;0.00326653;90
-57.8205;0.00397692;90
-56.541;0.00357674;90
-66.5929;0.00414839;90
-52.0677;0.00341939;90
-46.8748;0.00326363;90
-53.5529;0.00344229;90
-36.9622;0.0029786;90
-61.6739;0.00382727;90
-69.987;0.00491478;90
-64.7945;0.0049006;90
-44.939;0.00398243;90
-33.595;0.00334346;90
-29.5011;0.00335269;90
-29.2929;0.00322314;90
-41.4529;0.00363442;90
-64.0256;0.00464188;90
-59.2618;0.00448627;90
-39.1642;0.00260789;90
-35.1143;0.00261123;90
-52.8411;0.00329124;90
-50.7736;0.00352158;90
-42.6383;0.00277988;90
28.368;0.000923953;90
-97.379;0.000895416;90
-55.3992;0.00134365;90
-61.7091;0.00316279;90
-61.6586;0.00401075;90
-78.1901;0.0110131;90
-85.7925;0.00197633;90
-86.6517;0.00241412;90
-87.8064;0.00608746;90
-82.2344;0.00586882;90
-81.9567;0.00690392;90
-80.9625;0.00642982;90
-80.5793;0.0061094;90
-86.2489;0.0061141;90
-86.3525;0.00617751;90
-80.0275;0.00625958;90
-77.3554;0.0105755;90
-71.1191;0.00219405;90
-65.3614;0.00419052;90
-66.4424;0.00502914;90
-66.0322;0.00543789;90
-67.881;0.00469018;90
-71.8573;0.00626234;90
-74.7132;0.0057121;90
-64.2623;0.0048313;90
-27.7992;0.00367516;90
-17.4382;0.00349042;90
-9.35208;0.00589536;90
-21.5961;0.00139922;90
-32.5634;0.0029058;90
-43.1085;0.00404898;90
-68.1561;0.00500431;90
-82.5173;0.00635814;90
-83.9477;0.00582346;90
-79.0451;0.00620406;90
-74.1485;0.00569662;90
-52.8619;0.00841589;90
-57.2073;0.00203655;90
-48.0054;0.0063791;90
-52.9846;0.0014966;90
-56.7209;0.00425355;90
-28.1288;0.00658812;90
-23.1226;0.00138528;90
-23.0174;0.00211759;90
-27.7076;0.010945;90
-42.9111;0.00232793;90
-58.9007;0.00507431;90
-60.7432;0.00454244;90
-58.7713;0.00459827;90
-61.7464;0.00493267;90
-65.929;0.00498444;90
-75.2579;0.010237;90
-65.9834;0.00236363;90
-76.0412;0.00412481;90
-77.6496;0.0117724;90
-82.376;0.00296219;90
-82.1241;0.00529091;90
-81.7986;0.00625295;90
-78.6467;0.00569953;90
-85.3096;0.00727637;90
-86.8024;0.0177126;90
-86.5473;0.00234125;90
-88.4258;0.00695262;90
-95.4838;0.00706333;90
-96.8812;0.00615131;90
-96.9555;0.00595382;90
-94.7925;0.00478774;90
-91.5284;0.00446159;90
-64.9416;0.00425224;90
-47.1289;0.0030837;90
-40.9342;0.00393931;90
-42.6158;0.00754712;90
-56.181;0.00123255;90
-30.5778;0.00160406;90
-52.61;0.00312893;90
-76.764;0.00290004;90
-176.775;0.00147534;90
-179.074;0.00241432;90
176.93;0.00216611;90
149.781;0.00230874;90
-179.687;0.00146502;90
-161.261;0.00208239;90
21.3223;0.00177661;90
102.366;0.00153154;90
152.923;0.000951261;90
169.467;0.00190917;90
-148.155;0.00306659;90
-133.311;0.00374222;90
-115.428;0.00437148;90
-123.91;0.00434139;90
-109.821;0.00547962;90
-110.501;0.00563062;90
-118.867;0.00879485;90
-116.028;0.00195754;90
-114.437;0.00463633;90
-112.878;0.0057026;90
-112.622;0.00548285;90
-112.399;0.00375534;90
-114.797;0.00688366;90
-150.548;0.0033212;90
169.831;0.00343801;90
167.02;0.00356612;90
170.143;0.00336467;90
162.381;0.00259681;90
173.867;0.00400593;90
176.298;0.00334498;90
-123.711;0.00461261;90
-102.504;0.00575961;90
-105.306;0.00500037;90
-121.591;0.0066259;90
-128.973;0.00305746;90
-124.174;0.00450238;90
-141.628;0.00335715;90
-147.366;0.00331184;90
-145.393;0.00386481;90
-163.702;0.00285784;90
-174.383;0.00262561;90
-173.983;0.00325292;90
167.159;0.00278977;90
162.676;0.00296867;90
162.974;0.00286874;90
175.33;0.00310732;90
-158.97;0.00314336;90
-138.211;0.00367353;90
-126.136;0.00404273;90
-124.496;0.00457312;90
-134.522;0.00381356;90
-163.268;0.00287262;90
171.006;0.0024562;90
157.909;0.00242503;90
158.973;0.00241909;90
161.558;0.00276288;90
154.2;0.00311333;90
117.6;0.00398667;90
108.855;0.00521695;90
124.3;0.00437961;90
135.158;0.00359353;90
125.281;0.00405476;90
114.301;0.0047652;90
111.298;0.00452613;90
114.942;0.00538303;90
120.181;0.00465851;90
121.589;0.00388107;90
131.529;0.00391253;90
152.686;0.00294202;90
123.579;0.00400661;90
113.215;0.00501289;90
124.783;0.00375129;90
131.611;0.0033611;90
131.354;0.00451482;90
121.292;0.00449368;90
114.664;0.00392288;90
133.109;0.00600095;90
143.162;0.0014394;90
137.073;0.00119226;90
134.653;0.00326831;90
-159.531;0.00122964;90
-93.0352;0.0012087;90
155.917;0.00120816;90
99.6538;0.00118072;90
127.301;0.000849824;90
-63.756;0.00191545;90
140.949;0.00564909;90
-153.771;0.00244138;90
-137.266;0.00346895;90
-138.685;0.00324597;90
-136.8;0.00438976;90
-134.626;0.00401292;90
-121.783;0.00425857;90
-117.569;0.00558969;90
-121.343;0.00381233;90
-118.576;0.00547951;90
-137.645;0.00381466;90
-169.48;0.00349983;90
-179.368;0.00353622;90
-177.56;0.00310081;90
-171.328;0.00368108;90
-171.441;0.00325222;90
-170.538;0.00295014;90
-162.827;0.00310231;90
-146.542;0.0034988;90
-145.024;0.00360757;90
-153.072;0.00261446;90
173.414;0.0030602;90
153.487;0.00342297;90
127.14;0.00415225;90
108.628;0.00526585;90
101.535;0.00595119;90
105.444;0.00555768;90
115.165;0.00550774;90
114.072;0.004565;90
128.351;0.00379867;90
128.355;0.00396593;90
116.308;0.00438855;90
115.369;0.00475447;90
112.93;0.00506415;90
106.727;0.00596228;90
105.724;0.00557564;90
101.589;0.00582884;90
110.567;0.00500714;90
143.476;0.00354026;90
155.638;0.00329214;90
156.501;0.00326038;90
152.546;0.00386081;90
136.65;0.00360986;90
134.84;0.00227194;90
128.306;0.00134062;90
109.807;0.00153161;90
109.723;0.00305205;90
112.09;0.00524392;90
102.31;0.00343805;90
109.925;0.00505883;90
106.092;0.00429322;90
106.244;0.0061776;90
99.4098;0.00520504;90
92.5621;0.007002;90
90.7444;0.00584949;90
89.6373;0.00600212;90
86.3942;0.00497685;90
84.1737;0.00492544;90
86.915;0.00445946;90
86.3585;0.00499108;90
88.7637;0.00565432;90
95.6362;0.00513181;90
97.0689;0.00582629;90
85.9796;0.00576218;90
80.6694;0.00557577;90
85.5325;0.00607245;90
89.232;0.00686362;90
91.4365;0.00686116;90
100.246;0.00636958;90
98.9529;0.00602743;90
103.154;0.00518093;90
106.352;0.00532437;90
118.019;0.00495359;90
140.449;0.00362617;90
134.614;0.00356814;90
118.552;0.00389578;90
111.956;0.00552037;90
105.101;0.00941201;90
111.504;0.00253979;90
104.24;0.00463852;90
100.074;0.00874685;90
94.4743;0.00238427;90
91.7424;0.00516339;90
95.1056;0.00595563;90
94.3928;0.00298978;90
40.4767;0.00468929;90
61.7905;0.00157395;90
74.1381;0.00197937;90
84.6865;0.00605803;90
83.5821;0.00635181;90
79.9794;0.0131953;90
78.021;0.0017634;90
67.5333;0.00273455;90
45;0.00353978;90
6.63639;0.00273432;90
-29.0883;0.00313891;90
51.2117;0.00382955;90
88.0029;0.00525119;90
95.8352;0.00498684;90
80.8077;0.00530209;90
87.258;0.00572756;90
96.4382;0.00510117;90
107.706;0.00539244;90
97.2565;0.00567646;90
77.5776;0.00514137;90
60.2625;0.0038385;90
27.6893;0.0031226;90
54.7773;0.0103181;90
48.985;0.0012617;90
53.2225;0.0016118;90
67.4673;0.00854101;90
73.9268;0.00221769;90
77.7388;0.00413431;90
75.1797;0.00395249;90
72.1139;0.00310297;90
45.3954;0.00225431;90
41.9664;0.00327354;90
54.5674;0.0038034;90
70.8572;0.00409546;90
70.5067;0.00333835;90
61.5411;0.00368079;90
69.5407;0.00457456;90
79.5155;0.00601747;90
80.4338;0.00543964;90
65.6222;0.00480434;90
82.8469;0.00481044;90
86.7512;0.004976;90
83.7842;0.0047288;90
70.8711;0.00375959;90
42.704;0.00300054;90
41.9548;0.00302149;90
52.4041;0.00345688;90
58.8089;0.00423639;90
79.0364;0.00493202;90
75.8824;0.00478451;90
86.3475;0.00521159;90
79.2813;0.00515087;90
80.0886;0.00549603;90
81.0522;0.00563862;90
81.8808;0.00445364;90
93.7591;0.00471314;90
96.9424;0.00513767;90
93.1814;0.00412636;90
81.4057;0.00651111;90
91.1381;0.00463191;90
91.6137;0.00486493;90
86.8282;0.00433764;90
177.277;0.000778879;90
-160.227;0.00135382;90
82.1623;0.00338058;90
86.3555;0.00409027;90
90.1518;0.00452902;90
150.659;0.0014959;90
108.916;0.00207295;90
103.228;0.00278386;90
108.845;0.00291633;90
109.926;0.00128812;90
99.918;0.00221206;90
100.098;0.00106652;90
124.991;0.00831627;90
-167.645;0.00161234;90
-157.279;0.000567001;90
175.42;0.000776479;90
-170.176;0.000468875;90
-155.288;0.000566916;90
-140.819;0.000634716;90
-129.968;0.00067719;90
-123.925;0.000743582;90
-114.098;0.000945391;90
-107.526;0.000936468;90
-113.008;0.000828942;90
-108.469;0.00107328;90
-116.639;0.00103709;90
-116.232;0.000923064;90
-128.45;0.000638443;90
-123.179;0.000683418;90
-134.586;0.000586914;90
-149.31;0.000789589;90
-146.384;0.000641234;90
-140.799;0.000545852;90
139.542;0.000651878;90
105.84;0.00171825;90
173.901;0.000498824;90
-115.648;0.000838633;90
-150.018;0.000840467;90
42.0814;0.00158314;90
-30.855;0.000813076;90
-81.3844;0.00170221;90
-13.7363;0.000463249;90
48.1972;0.000646595;90
35.2724;0.000753293;90
42.3384;0.00065478;90
42.4934;0.00103478;90
61.9492;0.00108665;90
54.0395;0.000819103;90
62.5114;0.000860103;90
77.9229;0.000908099;90
64.6075;0.000764895;90
69.5878;0.00163144;90
60.9386;0.00163254;90
21.9107;0.000876298;90
46.1805;0.000583487;90
25.0569;0.000951553;90
-2.15769;0.00191236;90
-22.7241;0.00114162;90
-81.1329;0.00144021;90
-68.4761;0.00172532;90
-31.0015;0.000520327;90
-43.9815;0.000636497;90
-4.10098;0.000531361;90
-19.3492;0.000594584;90
158.335;0.00156022;90
158.857;0.00105073;90
139.922;0.000807666;90
148.747;0.000848071;90
164.361;0.000589835;90
-159.141;0.000575733;90
-171.734;0.000535564;90
-97.3319;0.0016142;90
-49.1971;0.000647324;90
-72.7198;0.000925787;90
-70.8814;0.00124571;90
-81.628;0.00190935;90
-66.7298;0.00168072;90
-64.9368;0.000972576;90
-60.3763;0.00146671;90
-82.5446;0.00144118;90
-91.4733;0.00163354;90
-62.0726;0.000790003;90
-46.4879;0.000653587;90
11.9455;0.000830995;90
51.3068;0.000804607;90
72.3289;0.000830172;90
132.293;0.00116803;90
137.654;0.00106888;90
136.115;0.000581352;90
108.512;0.00141733;90
153.33;0.000973586;90
-63.2489;0.00220388;90
-93.1997;0.00191699;90
-68.2521;0.00119291;90
-38.9498;0.00108011;90
55.0354;0.00119706;90
91.6299;0.0014766;90
157.259;0.000690694;90
128.606;0.000831782;90
122.67;0.000904027;90
93.8409;0.00170182;90
158.555;0.000746695;90
-72.1955;0.00189685;90
-88.5128;0.0020807;90
-81.1893;0.00141672;90
-42.9727;0.000959437;90
34.1614;0.000977692;90
50.2463;0.000989854;90
123.925;0.00149077;90
145.852;0.000589665;90
134.869;0.000929848;90
96.0826;0.00216117;90
-95.2878;0.0022787;90
-87.1044;0.00120754;90
-91.6243;0.00119948;90
-43.2446;0.00124651;90
-70.712;0.00131692;90
-74.9246;0.000922757;90
-90.2278;0.00100601;90
-93.8732;0.00180613;90
-92.8041;0.00147176;90
-101.388;0.00129652;90
-87.699;0.00199261;90
-94.9033;0.00115824;90
-123.413;0.000858963;90
-133.257;0.000650839;90
-166.212;0.000503509;90
-153.511;0.000677082;90
-144.218;0.000653318;90
-144.493;0.000655986;90
-120.563;0.000833847;90
-88.3908;0.00149559;90
-69.9487;0.00143498;90
110.415;0.00180326;90
119.387;0.00128999;90
-149.56;0.00069477;90
174.865;0.000782139;90
154.235;0.00080059;90
112.042;0.00141223;90
102.323;0.00205228;90
73.6631;0.00116608;90
64.9354;0.00116136;90
18.5015;0.000816184;90
-78.953;0.002051;90
-82.9691;0.00249174;90
-90.1271;0.001803;90
150.038;0.000951105;90
155.722;0.00094124;90
118.096;0.000719824;90
85.6248;0.00224153;90
87.7684;0.00166927;90
72.7379;0.00100423;90
80.2884;0.00151166;90
-74.1716;0.00248939;90
-76.6903;0.0023717;90
-87.7317;0.00144013;90
136.548;0.0013348;90
144.484;0.00060937;90
-39.0144;0.00108496;90
-50.3332;0.00105746;90
132.091;0.00139338;90
135.572;0.00113284;90
164.757;0.00160133;90
124.402;0.00124956;90
143.236;0.0011896;90
147.085;0.00120908;90
99.5585;0.0014694;90
-150.904;0.000536733;90
-118.142;0.001658;90
179.651;0.000657012;90
-178.831;0.000686143;90
169.118;0.000656811;90
-146.068;0.000854523;90
-127.081;0.00146281;90
-131.565;0.00110932;90
-124.615;0.00144352;90
-132.827;0.00115624;90
-121.831;0.00149598;90
-135.334;0.000971581;90
142.587;0.000739033;90
113.329;0.00115655;90
108.08;0.00163366;90
99.5411;0.00191246;90
87.5255;0.00264046;90
80.1254;0.00251323;90
67.7183;0.00132925;90
6.97317;0.00102962;90
1.80728;0.00082441;90
5.14213;0.000892592;90
19.1671;0.000791899;90
27.1959;0.000934286;90
68.3574;0.0014072;90
80.8826;0.00141994;90
56.8343;0.00115161;90
67.0695;0.00129102;90
67.8806;0.00133851;90
72.8729;0.00138544;90
66.8466;0.00116482;90
52.0304;0.00111501;90
-43.0908;0.0010188;90
-52.8759;0.00171322;90
2.74496;0.000584671;90
67.8337;0.00405251;90
37.0893;0.000626805;90
67.728;0.00146964;90
71.1592;0.00160711;90
60.6274;0.000839981;90
53.2677;0.0014162;90
41.4391;0.00114985;90
-10.2999;0.00103467;90
-4.02578;0.0012962;90
-34.8467;0.00119535;90
-31.3793;0.00113501;90
-24.2645;0.000924689;90
-18.6243;0.000861093;90
-58.5401;0.00170339;90
-44.3716;0.000773621;90
89.7224;0.00557207;90
83.03;0.00568602;90
-68.4502;0.00126868;90
-160.228;0.00134212;90
-155.163;0.00238786;90
-164.926;0.00258391;90
-165.791;0.00298223;90
-136.411;0.00361866;90
-113.917;0.0050616;90
-137.714;0.0038524;90
-138.846;0.00389007;90
-128.185;0.00465383;90
-128.685;0.00491167;90
-129.922;0.00492879;90
-130.356;0.00510084;90
-127.436;0.00499604;90
-131.988;0.00889567;90
-131.523;0.00220387;90
-123.676;0.00350765;90
-124.829;0.00539802;90
-132.629;0.00487119;90
-137.631;0.00454371;90
-128.451;0.00535024;90
-122.854;0.0051318;90
-153.39;0.00341805;90
-179.725;0.00416605;90
-178.855;0.00360172;90
-170.49;0.00353458;90
-125.76;0.0144921;90
-109.206;0.00173878;90
-113.843;0.0119389;90
-114.994;0.0028874;90
-117.302;0.00229574;90
-119.82;0.00564669;90
-124.835;0.00509622;90
-123.361;0.00521538;90
-116.439;0.00488493;90
-101.485;0.0240975;90
-100.156;0.0046336;90
-102.987;0.00735103;90
-106.195;0.00643952;90
-104.876;0.00668815;90
-102.869;0.0067126;90
-100.763;0.00427317;90
-167.976;0.000787271;90
121.966;0.00514523;90
124.123;0.00465795;90
125.153;0.00261737;90
124.972;0.00189644;90
122.881;0.00377234;90
124.282;0.00442952;90
125.773;0.00424238;90
129.389;0.00355824;90
140.479;0.00316959;90
145.878;0.00342454;90
138.366;0.00184236;90
123.35;0.0043492;90
111.375;0.00821725;90
144.203;0.000950567;90
129.974;0.00143671;90
111.303;0.00260392;90
118.731;0.00602246;90
124.056;0.00199641;90
121.726;0.00328603;90
122.731;0.00462186;90
126.745;0.00450141;90
125.424;0.00464608;90
113.002;0.00511573;90
117.352;0.0057611;90
116.285;0.003385;90
113.404;0.0073083;90
110.598;0.00556262;90
108.104;0.00596637;90
107.688;0.00577607;90
108.026;0.00580704;90
107.703;0.00584373;90
106.148;0.00581753;90
100.241;0.0115642;90
98.725;0.00309178;90
101.181;0.00391429;90
97.1564;0.00725653;90
102.668;0.00612407;90
108.235;0.00570447;90
115.248;0.00531251;90
126.013;0.00426388;90
132.415;0.00818248;90
134.297;0.00167243;90
127.143;0.00730368;90
115.337;0.00171054;90
112.347;0.00353227;90
100.473;0.00753147;90
99.8642;0.0138985;90
101.671;0.00258035;90
103.443;0.0025293;90
103.489;0.00634502;90
103.697;0.0118418;90
104.984;0.00230125;90
104.483;0.0111638;90
108.72;0.00317497;90
115.315;0.00246026;90
112.54;0.00625047;90
119.127;0.00564366;90
117.304;0.00440587;90
114.172;0.00673555;90
116.715;0.00545647;90
114.437;0.00546783;90
105.561;0.00611722;90
98.8359;0.00640602;90
96.3324;0.0097193;90
113.621;0.00224619;90
144.413;0.00545597;90
-163.742;0.00095728;90
169.646;0.00188062;90
113.678;0.00613551;90
104.258;0.00168903;90
101.402;0.00426416;90
106.409;0.00397177;90
112.672;0.00228562;90
114.327;0.00430637;90
113.441;0.00495712;90
112.987;0.00398439;90
104.827;0.00247749;90
98.9873;0.00466021;90
97.0455;0.00563354;90
97.3471;0.0154206;90
89.7561;0.00187902;90
86.6787;0.00283075;90
84.0823;0.00699327;90
92.5677;0.00656259;90
108.053;0.00445638;90
112.801;0.00577749;90
105.276;0.00516964;90
98.8285;0.011904;90
97.7561;0.00314174;90
98.0763;0.00466931;90
93.117;0.0152826;90
104.461;0.00389644;90
101.912;0.0157113;90
97.5034;0.00315502;90
98.0216;0.00336088;90
98.1267;0.00720132;90
101.563;0.021088;90
102.614;0.00268788;90
103.403;0.00243739;90
107.763;0.00633922;90
109.792;0.00598344;90
110.009;0.00637693;90
109.302;0.00631073;90
110.042;0.014861;90
112.716;0.00288477;90
116.745;0.00755303;90
122.972;0.000973853;90
132.134;0.00156962;90
139.534;0.00645771;90
136.381;0.00134955;90
130.644;0.0030444;90
121.946;0.00473046;90
140.13;0.00125732;90
124.258;0.00262913;90
143.301;0.00334501;90
147.129;0.00676748;90
147.183;0.00181935;90
135.568;0.00662945;90
128.249;0.00202719;90
129.17;0.00301443;90
159.245;0.00192171;90
127.287;0.00255527;90
-170.24;0.00176961;90
-111.01;0.00224527;90
-127.053;0.00351342;90
165.212;0.00277388;90
151.258;0.0037329;90
178.743;0.00318977;90
-144.41;0.016071;90
-170.232;0.00138508;90
-164.006;0.00195258;90
-141.72;0.0103517;90
-118.769;0.00198844;90
-177.823;0.00992516;90
-176.261;0.00285207;90
163.399;0.00350718;90
159.112;0.00344973;90
156.144;0.00345411;90
153.383;0.00298202;90
150.75;0.00410545;90
168.317;0.00114573;90
127.893;0.00108597;90
-172.233;0.00520172;90
152.697;0.00111187;90
164.074;0.0012063;90
-159.168;0.00313814;90
-179.723;0.00310204;90
-141.748;0.0157916;90
-89.3964;0.00218312;90
-87.6979;0.00418238;90
-94.7695;0.00647041;90
-117.356;0.00456559;90
-119.998;0.00454827;90
-105.597;0.0057165;90
-133.673;0.006563;90
175.153;0.0013137;90
176.877;0.000954418;90
178.016;0.00621072;90
173.395;0.00112144;90
-131.056;0.00290956;90
-115.191;0.00928504;90
-125.293;0.00209259;90
-127.896;0.00267003;90
-153.657;0.003351;90
-110.265;0.0129837;90
-102.921;0.00424857;90
-115.501;0.00878926;90
135.691;0.00164202;90
145.915;0.00185219;90
174.149;0.0030901;90
-163.495;0.00629018;90
167.379;0.000942781;90
156.728;0.0017515;90
141.47;0.00289281;90
128.043;0.00331029;90
140.478;0.00494049;90
135.479;0.00126789;90
140.12;0.00436542;90
156.769;0.000938053;90
150.241;0.00203888;90
131.464;0.00354298;90
141.96;0.000851978;90
166.834;0.00335417;90
-153.953;0.000988383;90
-160.574;0.00116959;90
-169.359;0.00258852;90
-159.01;0.00258235;90
-153.108;0.00274146;90
-134.8;0.00283693;90
-158.425;0.002298;90
-162.57;0.000811249;90
-100.3;0.0031152;90
-108.623;0.00260225;90
165.587;0.0010325;90
136.868;0.00229932;90
133.906;0.00203613;90
108.276;0.00125322;90
-53.8239;0.00237857;90
-36.3983;0.00400914;90
-112.121;0.00242986;90
-110.002;0.00282117;90
-118.15;0.00354194;90
-156.526;0.00273646;90
-122.673;0.00348434;90
-101.22;0.00248754;90
-67.2894;0.00228193;90
-63.7874;0.00261714;90
-69.9909;0.00320017;90
-37.5091;0.00211533;90
-47.6095;0.00237622;90
-57.7011;0.00262756;90
-48.7685;0.00213017;90
-63.0635;0.00137968;90
101.299;0.00103098;90
132.683;0.00271114;90
114.303;0.00107639;90
134.34;0.00257687;90
141.326;0.00253486;90
112.227;0.00347093;90
115.632;0.00304906;90
113.614;0.00257131;90
72.6873;0.00397195;90
39.8502;0.00296201;90
38.6126;0.0030318;90
68.4224;0.00375516;90
70.7242;0.00303833;90
161.352;0.00119155;90
131.921;0.00284385;90
135.972;0.00195826;90
93.0902;0.00120575;90
-107.647;0.00591117;90
-144.928;0.000643917;90
-89.6471;0.00129902;90
-69.915;0.00115313;90
-59.8503;0.000965635;90
-83.644;0.00120138;90
82.2132;0.00918166;90
66.1484;0.00047234;90
-46.8582;0.00148288;90
-44.9114;0.00365857;90
-0.906298;0.000885111;90
69.5659;0.00159539;90
77.6474;0.00349184;90
85.5856;0.00392364;90
94.327;0.00459911;90
89.6476;0.00861816;90
83.8666;0.00192804;90
90.1237;0.00880002;90
85.9114;0.00272092;90
87.8988;0.0049093;90
87.0931;0.00571836;90
58.5168;0.00516421;90
59.8208;0.00490944;90
56.0636;0.00483814;90
47.7263;0.00456388;90
22.0577;0.00352825;90
30.7793;0.00367575;90
64.7708;0.00521772;90
83.5357;0.00647517;90
79.9379;0.00643904;90
68.0167;0.00561527;90
70.349;0.00551309;90
69.7454;0.00580602;90
73.6148;0.0134034;90
69.7145;0.00508222;90
68.5137;0.0150596;90
87.3894;0.00259069;90
85.8841;0.00553127;90
84.5052;0.00697606;90
77.7962;0.00634846;90
70.4784;0.00970488;90
67.3225;0.00229546;90
67.328;0.00380069;90
72.1228;0.00591247;90
85.841;0.00683901;90
92.2127;0.00699321;90
91.7046;0.00668996;90
90.2321;0.00666505;90
83.2463;0.00671761;90
76.2581;0.00618401;90
69.6023;0.00584447;90
68.5874;0.00574666;90
75.7428;0.00616385;90
76.6641;0.00656811;90
77.4755;0.0101311;90
78.861;0.00216886;90
75.8448;0.00432224;90
72.5194;0.00518338;90
78.8438;0.00504432;90
77.3871;0.00457952;90
76.6858;0.00213642;90
40.7581;0.00217962;90
52.0116;0.00327862;90
48.1164;0.00357689;90
41.4773;0.00301514;90
35.6525;0.00144973;90
30.9266;0.00105849;90
83.863;0.00264717;90
77.1903;0.00185825;90
95.0421;0.00442613;90
100.168;0.00557963;90
110.963;0.00567137;90
112.074;0.0053804;90
109.192;0.00486116;90
106.202;0.00555148;90
105.938;0.00712695;90
105.48;0.00784561;90
106.011;0.00748327;90
110.37;0.00619116;90
113.75;0.00560901;90
118.774;0.0048966;90
119.881;0.00470093;90
121.754;0.00914723;90
125.774;0.00199797;90
130.836;0.00338892;90
136.918;0.00420469;90
142.565;0.00387259;90
149.366;0.00452558;90
152.64;0.00248272;90
129.565;0.00403166;90
118.878;0.00473135;90
117.568;0.00457435;90
117.381;0.00483576;90
128.097;0.00473589;90
150.315;0.00536513;90
-172.789;0.00199175;90
172.315;0.0126375;90
141.666;0.00260705;90
132.791;0.0107136;90
149.134;0.00141315;90
153.619;0.00863976;90
149.972;0.00148074;90
154.624;0.00308241;90
154.952;0.00912412;90
169.422;0.00144353;90
-172.778;0.0039453;90
170.734;0.00374487;90
171.634;0.00309291;90
128.353;0.00871712;90
117.747;0.00201691;90
117.253;0.0110282;90
119.264;0.00162429;90
120.056;0.00370175;90
117.936;0.0124656;90
104.747;0.00416417;90
104.506;0.00638351;90
101.393;0.00555853;90
105.186;0.007532;90
110.894;0.00962598;90
111.531;0.00235966;90
109.721;0.0135073;90
109.467;0.00165034;90
109.306;0.00347227;90
110.89;0.00459933;90
111.158;0.00530565;90
107.507;0.00593384;90
111.67;0.00543513;90
118.778;0.00544441;90
126.488;0.00417549;90
133.923;0.00357506;90
143.643;0.00288452;90
149.864;0.00751122;90
164.983;0.0015168;90
161.69;0.00693932;90
158.568;0.00140946;90
158.903;0.00117795;90
138.496;0.00397781;90
121.982;0.00535829;90
110.751;0.00633068;90
108.785;0.00559291;90
109.981;0.00489889;90
110.034;0.00533589;90
114.227;0.00494448;90
123.609;0.00433582;90
129.821;0.0210389;90
130.577;0.0015312;90
137.74;0.00173085;90
146.923;0.00417574;90
152.679;0.00389781;90
152.823;0.00414233;90
153.441;0.00394085;90
157.604;0.00613905;90
145.297;0.00144383;90
154.263;0.00256996;90
144.078;0.00820552;90
140.802;0.00171361;90
122.437;0.00955117;90
115.25;0.00304051;90
108.715;0.0104157;90
103.108;0.00411831;90
98.0016;0.00460483;90
97.5767;0.00824398;90
92.1035;0.00675655;90
86.1809;0.00755177;90
83.5858;0.00546924;90
82.9448;0.00508853;90
89.4389;0.00980247;90
94.6656;0.0115934;90
167.918;0.00097459;90
165.048;0.00144182;90
169.376;0.00334127;90
170.022;0.00368778;90
165.499;0.00319891;90
161.124;0.00813552;90
158.953;0.00249763;90
141.579;0.00390063;90
135.459;0.00308803;90
139.703;0.00363049;90
115.186;0.0038467;90
106.808;0.00457861;90
107.478;0.0049778;90
106.866;0.00616622;90
108.084;0.0110372;90
114.85;0.00224154;90
116.272;0.00753207;90
118.788;0.00488815;90
118.474;0.00487241;90
108.117;0.00540916;90
104.521;0.00610193;90
92.9229;0.00619706;90
88.8714;0.0121844;90
96.3141;0.00218224;90
113.105;0.00370521;90
120.004;0.00466747;90
120.269;0.0047831;90
102.855;0.0109402;90
98.8025;0.0022414;90
98.4084;0.00451352;90
98.5599;0.0064094;90
99.0217;0.0165872;90
99.7891;0.002335;90
103.094;0.00451541;90
112.004;0.00508976;90
125.037;0.00404627;90
127.041;0.00435102;90
133.216;0.0032479;90
129.717;0.003241;90
133.843;0.00304613;90
117.473;0.00369579;90
107.085;0.0106709;90
100.735;0.00162137;90
99.6181;0.00241799;90
116.294;0.00444491;90
115.801;0.0107618;90
112.415;0.00261994;90
123.687;0.00930676;90
133.516;0.00150169;90
115.393;0.00181428;90
117.857;0.00854753;90
108.058;0.00216463;90
107.552;0.00451627;90
106.997;0.00559646;90
96.1793;0.0334262;90
93.7689;0.00371203;90
98.3969;0.013244;90
102.665;0.00160095;90
117.093;0.00432116;90
133.954;0.00410615;90
136.077;0.00391382;90
121.388;0.0047232;90
119.296;0.00551996;90
113.419;0.00555785;90
113.125;0.00560429;90
112.464;0.00544087;90
123.809;0.00468889;90
135.907;0.0043344;90
144.188;0.00414951;90
148.108;0.0038726;90
145.989;0.00698129;90
135.979;0.0016966;90
170.062;0.00595638;90
170.445;0.00111446;90
156.553;0.00223669;90
132.893;0.00388464;90
120.914;0.00458193;90
119.875;0.00459339;90
120.264;0.00467866;90
122.151;0.00445169;90
127.098;0.00787986;90
121.936;0.00193959;90
121.401;0.00361787;90
109.553;0.00525291;90
97.2684;0.00599921;90
93.9794;0.00610973;90
94.9512;0.00601344;90
103.087;0.00560868;90
115.582;0.00479618;90
122.782;0.0044806;90
130.607;0.00417287;90
126.439;0.0278936;90
119.244;0.00241133;90
119.798;0.0048376;90
116.259;0.00469;90
119.389;0.0115356;90
124.764;0.00174678;90
135.533;0.00433404;90
136.515;0.00280749;90
154.489;0.00148366;90
147.517;0.00433289;90
107.511;0.00139253;90
126.573;0.00131242;90
36.1731;0.000953871;90
95.669;0.00150838;90
-94.6446;0.00135846;90
-83.5386;0.00328789;90
-54.0129;0.00157079;90
83.7357;0.00433488;90
94.3293;0.00601416;90
101.279;0.0065138;90
98.5144;0.00674736;90
96.8793;0.00659548;90
93.8087;0.00712073;90
94.0018;0.0133977;90
95.1769;0.00265985;90
99.3045;0.00507173;90
101.663;0.00724663;90
97.4914;0.00696444;90
91.6597;0.0076302;90
94.0013;0.00677852;90
92.7464;0.00732541;90
91.8532;0.00695764;90
93.2076;0.00709512;90
95.3205;0.0067079;90
96.5377;0.00727229;90
100.646;0.0069771;90
99.4161;0.00692531;90
96.8264;0.00737831;90
93.2661;0.00703843;90
90.7252;0.00718958;90
90.3592;0.0127623;90
97.1028;0.00256367;90
95.1799;0.00608083;90
97.2884;0.00595915;90
101.821;0.00494997;90
101.001;0.0065188;90
100.273;0.00643719;90
97.9404;0.00687693;90
96.0243;0.00686994;90
93.2268;0.00683984;90
93.6829;0.0177006;90
93.95;0.00288886;90
95.8936;0.0221752;90
97.4023;0.00246051;90
96.4813;0.00959432;90
97.7732;0.00256557;90
95.9386;0.00605047;90
103.469;0.0269698;90
111.339;0.00425683;90
112.174;0.0157174;90
112.39;0.00408496;90
109.848;0.00392305;90
108.665;0.00859293;90
111.71;0.00618793;90
114.77;0.00585466;90
114.125;0.00543141;90
106.022;0.0197783;90
100.447;0.00273535;90
97.7143;0.00471568;90
96.1164;0.00647586;90
93.6006;0.00722927;90
94.9307;0.0073763;90
100.516;0.00698025;90
110.132;0.0061508;90
109.258;0.00667341;90
106.56;0.0061574;90
103.483;0.0130723;90
107.576;0.000970296;90
105.979;0.00379981;90
108.701;0.00599448;90
116.125;0.0108895;90
132.832;0.00147679;90
113.06;0.00423543;90
119.817;0.0051405;90
111.976;0.00659519;90
114.595;0.00623247;90
116.676;0.00575118;90
117.362;0.00562873;90
115.14;0.00570105;90
111.664;0.0060977;90
119.558;0.00548137;90
123.637;0.00512515;90
118.931;0.00553586;90
114.047;0.00628987;90
111.321;0.00611665;90
112.076;0.0063139;90
119.115;0.00541754;90
120.327;0.00557491;90
120.999;0.00525798;90
112.7;0.00597047;90
105.412;0.00654744;90
101.68;0.00676203;90
104.608;0.00649082;90
111.36;0.00611717;90
116.722;0.0057087;90
113.45;0.00535749;90
109.419;0.00524541;90
107.434;0.00604783;90
103.508;0.00676;90
98.63;0.00693755;90
93.4717;0.00693573;90
90.9346;0.00723396;90
93.6435;0.00708131;90
103.429;0.00658812;90
113.42;0.0057791;90
116.986;0.00602726;90
121.221;0.00545971;90
133.012;0.00470863;90
132.754;0.00469172;90
125.56;0.00503131;90
119.142;0.00988537;90
108.867;0.00256057;90
101.015;0.0054117;90
95.9513;0.00691527;90
103.196;0.00661878;90
106.902;0.017896;90
104.024;0.00225316;90
106.101;0.00521038;90
110.746;0.00562362;90
119.336;0.0054109;90
132.734;0.0209404;90
128.37;0.00181882;90
126.399;0.00384393;90
137.022;0.00434788;90
143.53;0.00389969;90
161.844;0.00382545;90
161.614;0.00368722;90
157.08;0.00377721;90
145.077;0.00406135;90
145.941;0.00396397;90
0;0;90
160.887;0.00240666;90
0;0;90
119.277;0.183631;90
-168.266;0.003206;90
-176.523;0.00283622;90
-147.479;0.00193076;90
-139.593;0.0139522;90
127.849;0.00374355;90
137.037;0.00367999;90
137.987;0.00308081;90
130.798;0.00369608;90
114.697;0.00425303;90
110.832;0.00427978;90
126.608;0.00345444;90
124.85;0.00359103;90
-161.439;0.336318;90
-138.89;0.00305396;90
-148.441;0.00386339;90
-150.002;0.0040783;90
-151.11;0.00378162;90
-157.41;0.00364462;90
-160.406;0.00336061;90
-156.4;0.00168602;90
-147.543;0.00697087;90
-152.24;0.00154367;90
-179.454;0.00262112;90
137.277;0.00453826;90
116.358;0.0138744;90
133.941;0.00183596;90
143.835;0.0039365;90
132.068;0.00442379;90
127.483;0.00454546;90
117.153;0.0046213;90
117.176;0.00386012;90
126.123;0.00333148;90
122.603;0.00340564;90
105.013;0.00455136;90
112.623;0.00815008;90
108.342;0.00214814;90
116.105;0.000779518;90
145.672;0.00321496;90
171.7;0.00190495;90
-107.694;0.00711351;90
-57.437;0.00157926;90
-62.1004;0.00130577;90
-50.7174;0.00119246;90
-64.8725;0.00128346;90
-78.533;0.0012877;90
112.646;0.00283346;90
121.264;0.000720647;90
122.708;0.000890147;90
116.114;0.00306709;90
113.833;0.00156658;90
153.929;1.43236;90
166.28;0.00479379;90
146.112;0.000964907;90
135.72;0.00270136;90
135.308;0.00275846;90
135.575;0.00119719;90
90.0766;0.002992;90
85.3085;0.00402248;90
70.2659;0.00379381;90
89.8929;0.00427801;90
97.1998;0.00456399;90
95.0324;0.00435479;90
73.3833;0.0040564;90
43.7205;0.00307173;90
27.1712;0.00236723;90
72.4663;0.00317658;90
91.6489;0.00423976;90
98.7199;0.00414896;90
103.802;0.003567;90
147.987;0.0023127;90
140.209;0.0029985;90
143.684;0.0021731;90
-176.474;0.00191863;90
-171.691;0.0024012;90
169.569;0.00203259;90
161.116;0.00302797;90
158.751;0.00250533;90
116.253;0.00401738;90
114.718;0.00935073;90
128.609;0.00211537;90
126.279;0.00335298;90
128.179;0.00320324;90
116.009;0.00783779;90
100.987;0.00160033;90
101.651;0.00638252;90
97.2004;0.00207436;90
91.2057;0.00342176;90
87.5511;0.00428291;90
83.3233;0.0103985;90
92.6079;0.00292303;90
89.4218;0.00416221;90
102.405;0.00463625;90
84.7722;0.00419244;90
73.7931;0.00400204;90
58.7944;0.00337186;90
67.2014;0.00332909;90
76.573;0.00346676;90
111.921;0.00758326;90
39.3637;0.0020087;90
44.1749;0.00314271;90
41.0034;0.00295228;90
30.3454;0.00282852;90
39.1509;0.00282404;90
66.0859;0.00384837;90
70.876;0.00457551;90
69.2972;0.00470694;90
49.7025;0.0033552;90
22.1628;0.00279663;90
5.94357;0.00252055;90
29.0575;0.00193334;90
41.4219;0.00143894;90
79.9179;0.00335887;90
119.745;0.0020075;90
-115.239;0.000734074;90
35.2619;0.000869542;90
64.1179;0.00138825;90
112.2;0.00264399;90
123.643;0.00101261;90
128.989;0.000898014;90
109.009;0.001357;90
160.767;0.000476602;90
138.679;0.00103592;90
119.099;0.00112271;90
91.4678;0.00296697;90
83.2435;0.00129197;90
76.5703;0.00128309;90
88.3888;0.0040546;90
83.1318;0.0039302;90
93.4765;0.00272101;90
97.7119;0.00184065;90
118.308;0.00110289;90
96.6643;0.00124944;90
92.8191;0.0013216;90
98.9555;0.00139399;90
108.486;0.00143188;90
88.7977;0.00162036;90
103.879;0.00283064;90
112.983;0.000801631;90
114.048;0.0011509;90
120.399;0.0011304;90
114.758;0.00204165;90
128.685;0.00106073;90
139.224;0.000604805;90
144.131;0.000904538;90
137.796;0.000550785;90
125.683;0.000685747;90
131.674;0.000585056;90
130.713;0.00105938;90
-169.201;0.000725855;90
172.444;0.000593151;90
162.551;0.000827058;90
177.898;0.000790532;90
-107.847;0.000770055;90
-111.356;0.000788115;90
-114.401;0.00133857;90
138.499;0.00100809;90
-170.638;0.000749989;90
-140.592;0.00238013;90
-123.19;0.002035;90
-116.772;0.00123655;90
-118.864;0.00113728;90
-157.899;0.0086992;90
76.9167;0.00121042;90
102.522;0.00172503;90
77.7545;0.00100896;90
-142.985;0.000157801;90
-89.1846;0.00161616;90
-90.7281;0.00149512;90
-84.0685;0.000851559;90
-79.1193;0.00089;90
-79.4863;0.00169343;90
-95.7277;0.001002;90
-85.645;0.00110619;90
-92.281;0.000954757;90
-92.6339;0.000913966;90
-90.4417;0.000908027;90
-13.5322;0.000854729;90
-4.78666;0.000826884;90
-18.7117;0.000523679;90
-11.5502;0.000514417;90
-16.3222;0.00048036;90
-11.6782;0.000518738;90
9.36185;0.00112498;90
51.28;0.000743388;90
70.0889;0.000883834;90
52.5329;0.000997854;90
38.1987;0.000543346;90
55.4516;0.000814669;90
51.5699;0.000896132;90
37.7956;0.000569474;90
29.8919;0.000531739;90
44.2228;0.000729801;90
58.5806;0.000798008;90
-6.04953;0.000740122;90
-40.0097;0.000682825;90
-48.4644;0.000631894;90
-31.1225;0.000557201;90
-72.5391;0.000799856;90
-63.5381;0.000745059;90
-74.7641;0.00130901;90
-87.0492;0.000874159;90
-92.9098;0.000965245;90
-96.2532;0.000945626;90
-107.819;0.000823505;90
-98.1029;0.000893924;90
-99.5207;0.000967324;90
-99.1363;0.000982464;90
-108.181;0.000855721;90
-121.974;0.000778039;90
-123.981;0.000765773;90
-127.783;0.000765497;90
-92.8932;0.00120854;90
-92.4295;0.00153338;90
-91.934;0.00168896;90
-93.3702;0.000901559;90
-90.7617;0.00173015;90
-90.3634;0.00189204;90
-94.4412;0.00113641;90
-95.0039;0.00108915;90
-58.3475;0.00108429;90
42.576;0.00101985;90
42.8789;0.000630464;90
29.0446;0.000558198;90
40.749;0.000715439;90
42.0434;0.00128865;90
39.8163;0.0006809;90
36.7684;0.000790201;90
45.7185;0.00107135;90
40.8379;0.000604048;90
40.7978;0.000569337;90
38.1572;0.000694375;90
39.8188;0.00111187;90
38.9085;0.000539742;90
43.8252;0.000586315;90
43.3874;0.00115587;90
37.1801;0.00103422;90
31.2212;0.000534395;90
43.3381;0.00109718;90
38.5911;0.000912212;90
81.2077;0.00132153;90
105.034;0.000794182;90
115.534;0.00154045;90
105.031;0.00143821;90
112.354;0.00142509;90
128.891;0.000850529;90
123.176;0.000710877;90
109.813;0.000775931;90
100.445;0.000843984;90
-80.3033;0.000522464;90
-73.0565;0.00119068;90
-48.8365;0.000961699;90
-65.3561;0.00128065;90
-58.9809;0.00124388;90
-80.7214;0.00153812;90
51.5695;0.00261437;90
67.8526;0.000830259;90
-80.4021;0.00166734;90
-71.6032;0.00142587;90
-75.3734;0.000847464;90
-66.4274;0.000925205;90
-82.3748;0.000866664;90
-90.4494;0.00102003;90
-88.4191;0.00108741;90
-93.7843;0.00115151;90
-100.827;0.000931585;90
-106.712;0.000862427;90
-102.569;0.00107066;90
-95.7804;0.0010624;90
-82.9131;0.00111855;90
-83.0872;0.00107179;90
-82.4624;0.000930037;90
-82.1083;0.000917691;90
-82.9291;0.00223399;90
-99.6655;0.00106613;90
-118.783;0.00164071;90
-76.4383;0.000878494;90
-56.9293;0.000769691;90
-73.5217;0.00163933;90
-78.2839;0.000940597;90
-72.8178;0.000954604;90
-59.4236;0.000786339;90
-67.2602;0.000918387;90
-78.0707;0.000870807;90
-11.9781;0.000857674;90
26.4271;0.00055723;90
92.7591;0.00149573;90
93.617;0.000966926;90
106.549;0.000951412;90
111.174;0.000813951;90
23.6236;0.00169941;90
-90.8306;0.00344936;90
-94.2495;0.000971671;90
41.1168;0.00132604;90
16.4252;0.00779095;90
14.1775;0.00108195;90
9.06008;0.000749349;90
22.3929;0.0241944;90
10.1573;0.00111142;90
-16.0213;0.00103625;90
12.5403;0.00810127;90
43.9794;0.00146889;90
15.5419;0.00292599;90
16.2502;0.00320192;90
25.0262;0.00336381;90
8.14037;0.00315681;90
-45.7217;0.00404214;90
-42.2061;0.00410539;90
-29.6343;0.00353314;90
-21.7674;0.00187682;90
70.8468;0.00209391;90
72.2128;0.00534238;90
75.0306;0.00543546;90
82.3454;0.00518016;90
80.7692;0.00533002;90
57.2172;0.00767191;90
38.0832;0.00108624;90
3.99225;0.00594643;90
-63.5021;0.00114531;90
-45.4269;0.00142345;90
-5.93841;0.0101103;90
-9.53613;0.000893345;90
1.19183;0.000721156;90
-15.1976;0.00664126;90
-18.8916;0.00103157;90
-30.394;0.0013796;90
-30.5942;0.00194123;90
-41.1585;0.00255415;90
11.1445;0.00930751;90
8.80821;0.00112325;90
-2.91165;0.0107489;90
-24.8747;0.00172834;90
6.074;0.00627523;90
89.4378;0.00428021;90
81.1347;0.0043864;90
79.7557;0.0107453;90
59.4945;0.00130806;90
56.9726;0.00134302;90
41.2179;0.00235839;90
57.3457;0.00242416;90
79.0519;0.00245366;90
78.3385;0.00741608;90
64.0586;0.00156132;90
69.6246;0.00152224;90
73.3846;0.00432248;90
101.204;0.0217913;90
77.7635;0.00197691;90
80.7082;0.00977932;90
101.284;0.00220258;90
94.7358;0.00341566;90
71.4798;0.014869;90
45.4923;0.00131668;90
58.5929;0.00627309;90
49.9847;0.00129395;90
45.5244;0.00123607;90
101.691;0.00271431;90
96.8331;0.00374863;90
100.909;0.0066736;90
103.736;0.00120445;90
105.805;0.00263252;90
138.098;0.00120384;90
-153.534;0.00233133;90
-170.561;0.00246335;90
175.478;0.0025369;90
149.27;0.00319573;90
165.127;0.00273876;90
-164.024;0.00253595;90
130.713;0.0046254;90
114.23;0.00115253;90
99.763;0.00200504;90
94.4721;0.0026932;90
111.713;0.00205156;90
154.188;0.00204171;90
147.693;0.00130975;90
137.554;0.00131723;90
106.304;0.00554604;90
108.517;0.00133195;90
108.748;0.00225569;90
113.321;0.0198976;90
-179.752;0.000923009;90
178.574;0.000763237;90
-84.8125;0.00223415;90
-68.296;0.00109245;90
-110.742;0.00133556;90
-117.934;0.00106736;90
46.9133;0.00163079;90
94.7942;0.00108881;90
120.337;0.000815696;90
153.335;0.000512508;90
-122.35;0.00228932;90
150.044;0.000672893;90
-13.6667;0.000977681;90
63.1138;0.00207421;90
82.6262;0.00137134;90
103.095;0.000944561;90
4.63218;0.000941074;90
99.3122;0.00207028;90
113.391;0.00121157;90
129.478;0.000918552;90
-54.1215;0.00107496;90
-69.444;0.00176006;90
-80.4434;0.00169857;90
6.59817;0.00107915;90
-9.02611;0.0010581;90
-36.8297;0.0011394;90
-69.2975;0.00169441;90
-69.89;0.00258563;90
-73.364;0.00268958;90
-70.8003;0.00284314;90
-74.5271;0.00311489;90
-73.0718;0.00335539;90
-71.4275;0.00263418;90
-72.9841;0.00242621;90
-73.3121;0.00241679;90
-70.7368;0.00201268;90
-67.9085;0.00267758;90
-19.0771;0.000507894;90
-23.2461;0.00126684;90
-29.8257;0.00140742;90
-49.6999;0.00132037;90
-72.9256;0.00163821;90
-86.8608;0.00195393;90
-80.792;0.00199977;90
-67.4457;0.00168162;90
-61.7292;0.0024639;90
-35.2049;0.00216131;90
22.4415;0.00187824;90
-0.0883739;0.001945;90
-20.9225;0.00232425;90
-33.2117;0.00222553;90
-2.66462;0.00410844;90
10.8167;0.00066074;90
17.3337;0.000839107;90
23.7235;0.00202076;90
-37.7904;0.0007719;90
-74.5188;0.00428964;90
-80.1522;0.0119978;90
-81.1582;0.000865283;90
-135.09;0.00225072;90
-124.558;0.00126403;90
-124.022;0.00771213;90
-136.347;0.00195569;90
-120.713;0.00254729;90
-105.597;0.00404287;90
-95.2343;0.00442847;90
-82.8463;0.00719501;90
-94.3589;0.00276299;90
-101.298;0.00975403;90
-90.4908;0.00175106;90
-83.0557;0.00255575;90
-73.3787;0.00450629;90
-73.7012;0.00516664;90
-74.3639;0.00465632;90
-104.18;0.012504;90
-105.553;0.00146567;90
-104.374;0.00139776;90
-99.862;0.00325206;90
-122.372;0.00604201;90
-125.15;0.00130619;90
-126.528;0.00147343;90
-105.959;0.00480103;90
-95.2289;0.00481705;90
-93.9868;0.0048758;90
-90.9777;0.00404359;90
-155.189;0.00198745;90
-175.025;0.00310169;90
176.56;0.00290022;90
168.934;0.00327693;90
177.702;0.00815456;90
-173.47;0.00139807;90
-168.112;0.00548055;90
-146.94;0.00126119;90
-175.504;0.00149259;90
136.97;0.00257185;90
149.445;0.00399122;90
171.174;0.000873341;90
151.44;0.00127175;90
162.662;0.00173483;90
-167.502;0.00202396;90
140.765;0.00126007;90
160.171;0.00133836;90
103.387;0.00244031;90
90.8461;0.00257328;90
107.604;0.00281377;90
104.146;0.00291747;90
100.383;0.00156462;90
179.417;0.000885046;90
-169.463;0.00132332;90
177.367;0.00282999;90
72.2342;0.00113723;90
-80.5027;0.00753934;90
-116.933;0.00104427;90
-108.56;0.00231226;90
-92.1211;0.00105372;90
-166.869;0.0011665;90
-170.148;0.00255975;90
130.213;0.00327898;90
156.301;0.00293337;90
-150.027;0.00301642;90
-145.748;0.00291204;90
-124.475;0.00411099;90
-102.191;0.00537932;90
-97.4937;0.00959999;90
-108.923;0.00211532;90
-108.342;0.00349242;90
-107.497;0.00399797;90
-125.547;0.00137777;90
153.474;0.00194359;90
153.216;0.00292703;90
140.472;0.00916486;90
-160.571;0.00111234;90
-174.978;0.00132509;90
-150.856;0.00299176;90
-170.831;0.00520856;90
-135.984;0.00172984;90
-143.919;0.0031379;90
-165.179;0.00253328;90
-177.17;0.00275436;90
167.882;0.00278199;90
-161.419;0.00235369;90
-152.347;0.00360474;90
-157.161;0.0032411;90
-152.303;0.00330466;90
-151.552;0.00623484;90
-166.39;0.00107519;90
-173.163;0.0020244;90
-169.606;0.0028823;90
-166.951;0.00236507;90
-166.54;0.00243591;90
-166.768;0.00228054;90
-150.754;0.00244804;90
-154.076;0.00151883;90
59.1026;0.00177604;90
89.645;0.00129102;90
105.271;0.000956783;90
131.251;0.00165464;90
147.426;0.00068352;90
-68.6818;0.00446985;90
-120.069;0.00131727;90
24.7135;0.000844333;90
22.5022;0.00056177;90
34.1597;0.000676757;90
30.147;0.000565488;90
28.7288;0.000734401;90
34.3903;0.000748901;90
6.17308;0.000530074;90
20.6006;0.00075316;90
23.1308;0.00088842;90
6.69155;0.00109848;90
8.94427;0.000945497;90
11.2242;0.000786034;90
9.80207;0.000693118;90
11.5493;0.000704259;90
9.85947;0.00116216;90
15.5326;0.000724458;90
13.5678;0.000741699;90
11.113;0.000570701;90
16.029;0.000941608;90
0.10542;0.001087;90
12.4111;0.00121438;90
33.1297;0.00113442;90
28.3531;0.00126131;90
28.0052;0.00135235;90
23.3205;0.00129587;90
24.3844;0.00103426;90
25.4005;0.00125425;90
26.5456;0.00131794;90
21.3612;0.00123268;90
30.6294;0.00102849;90
24.3876;0.00117702;90
26.1123;0.00124508;90
24.2075;0.00116329;90
22.3901;0.000939854;90
29.4626;0.000981995;90
23.6384;0.00109487;90
23.7015;0.00113689;90
12.5759;0.000923148;90
-15.5819;0.00106099;90
-22.9123;0.00113017;90
-6.99452;0.0010347;90
1.9539;0.000938546;90
6.47204;0.00105573;90
5.96368;0.00105873;90
25.3219;0.00123684;90
34.9968;0.00097292;90
31.4189;0.00127376;90
42.2238;0.00131393;90
37.9608;0.00122902;90
16.5956;0.000847295;90
1.1425;0.00105321;90
6.66234;0.00119809;90
11.4298;0.00112532;90
28.4863;0.000920436;90
31.3249;0.00111562;90
26.9975;0.00112567;90
25.3662;0.0010901;90
4.99746;0.000895404;90
17.9247;0.00049713;90
7.74034;0.000935524;90
11.5138;0.000771526;90
-19.293;0.000929181;90
-42.0696;0.000982041;90
-55.0024;0.0016895;90
-45.7985;0.00162367;90
-42.3575;0.00147235;90
-47.1163;0.00124465;90
-34.6354;0.00139526;90
-20.4337;0.00115145;90
-34.408;0.00143873;90
-22.5206;0.00106523;90
-4.09383;0.000994538;90
71.8411;0.00216587;90
73.49;0.00217466;90
73.0065;0.00173474;90
71.6282;0.00200836;90
74.1657;0.00212566;90
76.0413;0.00215154;90
82.4714;0.00177833;90
82.987;0.00221961;90
80.5685;0.00214195;90
84.7164;0.00226964;90
82.3081;0.00183047;90
73.7779;0.00204752;90
67.6876;0.00197811;90
59.9283;0.00165242;90
39.7267;0.00111559;90
35.8964;0.00131839;90
37.7426;0.00140496;90
33.7505;0.00131575;90
37.6243;0.00100249;90
14.7821;0.00121108;90
3.78504;0.00118158;90
-24.7585;0.00120584;90
-53.1214;0.0013214;90
-54.373;0.001715;90
-32.5807;0.00140393;90
8.39461;0.00110282;90
9.83513;0.00096011;90
8.10119;0.00112119;90
19.8364;0.00103437;90
-5.40143;0.00097734;90
-3.60021;0.000748477;90
-40.684;0.0011275;90
-5.44336;0.000896041;90
-28.4267;0.000647012;90
-14.1681;0.000527031;90
-11.3677;0.000583446;90
0.532969;0.000645028;90
-5.28306;0.00105348;90
-13.8462;0.00131625;90
-4.44624;0.00110934;90
-7.52598;0.00099255;90
-15.1464;0.00120175;90
-23.7671;0.00142921;90
-25.2788;0.00129501;90
-29.0806;0.00128385;90
-21.1797;0.00121508;90
-28.2367;0.00133371;90
-39.8372;0.00139086;90
-42.8741;0.001239;90
-14.5436;0.00112298;90
11.9411;0.00106811;90
14.0506;0.00096796;90
14.6984;0.000839472;90
11.4451;0.00116415;90
21.3749;0.00107279;90
20.1503;0.00102472;90
2.65683;0.000862928;90
10.0705;0.00111518;90
15.6662;0.00101469;90
2.45185;0.00112203;90
6.5216;0.000906868;90
0.381648;0.00120103;90
-5.5722;0.00127703;90
-0.806119;0.000995098;90
-9.29857;0.000977849;90
-6.7517;0.00119932;90
-12.0095;0.00122072;90
-13.1616;0.00108038;90
-19.9114;0.0010923;90
-4.08115;0.000913316;90
0.366102;0.000939019;90
-3.74872;0.000932996;90
0.421285;0.000816022;90
5.20899;0.00106841;90
9.62943;0.00118368;90
10.0637;0.00119031;90
-66.361;0.000341669;90
169.279;0.000935327;90
-173.364;0.000856739;90
-166.321;0.000934508;90
-173.783;0.00118195;90
179.278;0.00119009;90
177.477;0.00124921;90
169.61;0.00119764;90
167.559;0.00128108;90
167.875;0.00170913;90
164.853;0.00157678;90
174.119;0.00143455;90
176.877;0.00111966;90
177.813;0.00138901;90
-172.203;0.00145949;90
-172.051;0.00147517;90
-164.44;0.00126745;90
-168.051;0.00161806;90
-164.512;0.00153162;90
-163.426;0.00161614;90
-163.467;0.00135294;90
-166.462;0.00158915;90
138.774;0.00190129;90
143.809;0.00156991;90
153.108;0.00117619;90
151.195;0.00160225;90
149.809;0.00151327;90
160.044;0.00128624;90
159.859;0.0011791;90
168.707;0.0013532;90
169.25;0.00146368;90
168.087;0.0013419;90
178.705;0.00110628;90
177.464;0.00137835;90
162.885;0.00137279;90
149.991;0.00153358;90
159.566;0.00115145;90
-179.185;0.00147715;90
-162.247;0.0015939;90
-169.373;0.00152923;90
159.617;0.00123748;90
132.138;0.00175582;90
129.287;0.00162665;90
148.211;0.00140472;90
-175.53;0.00116755;90
-153.194;0.00159433;90
-147.632;0.00152611;90
-142.026;0.00157809;90
-144.513;0.00158306;90
-125.303;0.00277904;90
-124.548;0.000740608;90
-107.852;0.00136681;90
-101.677;0.00226283;90
-96.3628;0.00195806;90
-98.0426;0.00212995;90
-96.7823;0.00203222;90
-96.1509;0.00207193;90
-99.9195;0.00210141;90
-103.59;0.0019321;90
-103.741;0.00211761;90
-112.088;0.00185623;90
-105.02;0.00175185;90
-107.265;0.00173519;90
-110.85;0.00182341;90
-122.392;0.00100426;90
159.201;0.000881445;90
152.769;0.00115389;90
159.872;0.00108102;90
145.946;0.00126613;90
141.498;0.00141838;90
137.463;0.00146436;90
138.962;0.00127938;90
136.832;0.00137107;90
121.502;0.001642;90
135.827;0.00137193;90
170.035;0.00106913;90
-166.753;0.00107356;90
-171.615;0.00104922;90
-174.055;0.00112002;90
-146.752;0.00143727;90
-151.522;0.00137998;90
-155.013;0.0012831;90
-165.778;0.00119668;90
-173.304;0.00120925;90
-175.187;0.00115608;90
-154.508;0.00128954;90
-138.896;0.00131118;90
-137.286;0.00145355;90
-157.182;0.00124547;90
-156.573;0.00138083;90
-170.828;0.00113552;90
-177.946;0.00117175;90
-177.627;0.00111095;90
155.36;0.00133121;90
164.597;0.00132147;90
-161.102;0.00129057;90
-160.272;0.00134494;90
-151.302;0.00146609;90
-144.355;0.00148774;90
-161.78;0.00134967;90
-158.959;0.0012868;90
-152.612;0.00127603;90
-138.818;0.00123169;90
-168.617;0.00122612;90
-155.929;0.00118176;90
-155.465;0.00119929;90
-155.852;0.00134686;90
-156.482;0.00108513;90
-152.622;0.00122862;90
-147.224;0.00102522;90
-154.688;0.00118585;90
-171.084;0.00100008;90
-176.396;0.00117733;90
-161.672;0.00118933;90
-170.459;0.00131519;90
-164.585;0.00228729;90
-174.169;0.000472445;90
-174.91;0.00119471;90
-165.583;0.00120494;90
-161.565;0.00103723;90
-168.071;0.00108851;90
-152.327;0.00106367;90
-152.551;0.00113024;90
-153.271;0.00124728;90
-146.824;0.000866199;90
126.199;0.00105827;90
100.393;0.00133592;90
104.937;0.00212997;90
78.0927;0.00110988;90
-134.695;0.000265876;90
7.09389;0.00114174;90
-59.8194;0.0016311;90
-77.2532;0.000883781;90
-76.9858;0.00131888;90
-136.764;0.000941606;90
-119.826;0.000959038;90
26.3921;0.00222266;90
26.2445;0.00231794;90
12.4773;0.00265675;90
12.2958;0.00282684;90
13.0744;0.0031209;90
6.84455;0.00255924;90
24.288;0.00264512;90
26.4981;0.00306386;90
25.4917;0.00339003;90
24.4106;0.00312868;90
26.7451;0.00270431;90
25.0691;0.00304925;90
14.9265;0.00301266;90
-13.4552;0.00313299;90
6.38604;0.00276013;90
28.3707;0.00310834;90
36.7586;0.00329521;90
6.93527;0.00250936;90
21.3977;0.00274093;90
24.8455;0.00278695;90
10.0043;0.0026767;90
-35.2574;0.00297098;90
-48.5817;0.00329377;90
-38.1654;0.00356511;90
-24.7356;0.00263364;90
-21.5038;0.00139403;90
60.7571;0.000679612;90
72.2807;0.00369636;90
72.0472;0.00514869;90
79.711;0.00551468;90
82.8036;0.00557189;90
76.8976;0.00553613;90
50.1739;0.0042813;90
35.9387;0.0030396;90
24.1891;0.00277242;90
-29.2029;0.00270135;90
-47.1516;0.0030512;90
1.57175;0.00229686;90
27.4834;0.00136731;90
75.9191;0.00186607;90
73.6105;0.00262257;90
69.2392;0.00225973;90
-105.85;0.000988585;90
-111.058;0.00201775;90
-108.071;0.00214059;90
-97.9925;0.00158944;90
7.89404;0.00120138;90
-23.7573;0.00215458;90
-23.6172;0.00215663;90
0.257958;0.00199902;90
-11.5591;0.00239048;90
-11.93;0.00221075;90
-21.8959;0.00416441;90
-29.8973;0.000792461;90
-27.016;0.00210242;90
-39.255;0.00234523;90
-7.90028;0.0018334;90
11.6073;0.00219182;90
14.3631;0.00272105;90
13.4482;0.00300129;90
6.80352;0.00307264;90
-1.72169;0.0030954;90
-11.9579;0.00298272;90
-12.8853;0.00326009;90
-1.48836;0.00300301;90
7.04332;0.00260969;90
11.2511;0.00229103;90
7.28921;0.00255364;90
0.144869;0.00237301;90
-5.35055;0.00202683;90
-8.00439;0.00264275;90
-16.167;0.00255712;90
-19.9733;0.00300367;90
-31.3594;0.00298037;90
-51.3014;0.00345956;90
-68.9166;0.00376397;90
-78.7496;0.00226553;90
-13.6019;0.000671843;90
23.7883;0.00253868;90
24.9522;0.00278053;90
29.2747;0.00255421;90
64.3978;0.00351291;90
70.0618;0.00326681;90
69.3113;0.00283053;90
74.5096;0.00318261;90
83.8978;0.00460006;90
77.1204;0.00451766;90
59.723;0.00382006;90
55.1625;0.00376717;90
44.3877;0.00350674;90
35.1239;0.00355785;90
54.3407;0.0040517;90
57.5761;0.00436794;90
58.0552;0.00370628;90
61.8607;0.00509524;90
63.6373;0.00493861;90
75.878;0.0100415;90
79.9588;0.00209915;90
84.3366;0.00483359;90
83.8719;0.00632313;90
75.116;0.00552435;90
66.1127;0.00479579;90
64.4641;0.00495503;90
74.4306;0.00548424;90
82.6761;0.00593038;90
77.7973;0.0101575;90
68.9093;0.00185635;90
57.387;0.00399843;90
53.3794;0.00418264;90
68.5699;0.00561629;90
69.2321;0.00547686;90
72.137;0.0052585;90
77.5151;0.00538432;90
79.2187;0.00446379;90
72.531;0.0045771;90
68.8689;0.00479331;90
76.8062;0.00526189;90
80.6997;0.00616301;90
93.2386;0.00573516;90
80.9135;0.00599017;90
68.3696;0.00541211;90
58.9093;0.0048006;90
56.2102;0.00445924;90
75.2621;0.00562507;90
72.5278;0.00555216;90
69.2971;0.00493037;90
71.7069;0.0052377;90
72.2423;0.0053772;90
78.0154;0.00461356;90
87.6021;0.00619042;90
91.0621;0.00555695;90
91.6336;0.0044198;90
100.764;0.00444929;90
108.577;0.00370082;90
98.3409;0.00307452;90
90.9322;0.00282737;90
82.8401;0.00305684;90
77.7751;0.00408974;90
76.8818;0.00423861;90
72.5056;0.00452741;90
72.5347;0.00405494;90
69.2328;0.00257211;90
73.4809;0.00179718;90
70.3892;0.00143313;90
46.0537;0.00134585;90
44.3735;0.00116397;90
44.6979;0.00120705;90
44.0556;0.00154453;90
72.9498;0.00248628;90
82.1455;0.00161717;90
65.5599;0.0261129;90
79.6986;0.00149307;90
15.3316;0.000525709;90
21.482;0.000499714;90
25.9932;0.000492854;90
27.5925;0.000723261;90
9.77522;0.000812801;90
13.2786;0.000862047;90
12.45;0.000867397;90
36.8355;0.0006672;90
19.3564;0.000570232;90
25.695;0.000765718;90
23.1733;0.000891965;90
0.238235;0.000481004;90
15.6422;0.000934614;90
6.31091;0.000864237;90
19.6676;0.000837881;90
5.59427;0.000882202;90
11.7988;0.000689569;90
23.4319;0.000548209;90
27.5326;0.00087398;90
31.5723;0.000532876;90
21.471;0.000901566;90
48.6926;0.00110892;90
20.29;0.000781492;90
40.9623;0.000843551;90
25.6732;0.00083326;90
15.7792;0.000757547;90
2.73013;0.00071381;90
-16.0148;0.000793807;90
-12.7983;0.000853197;90
-15.818;0.000741062;90
5.45836;0.00045205;90
-61.2164;0.00110903;90
-84.6855;0.00190017;90
-72.9389;0.000910049;90
-84.2928;0.00168937;90
-88.7765;0.00159236;90
-82.436;0.000987594;90
-38.384;0.000681238;90
-39.4322;0.00271111;90
-19.1651;0.000843764;90
-29.7565;0.00490818;90
-60.5613;0.00204276;90
-7.18789;0.000791218;90
-62.7203;0.00107563;90
-64.7945;0.000697402;90
-57.3496;0.00235398;90
-57.5555;0.00148001;90
-59.3273;0.000911527;90
-50.2403;0.000960021;90
-56.7471;0.00163586;90
-69.0974;0.00121924;90
29.5007;0.00113518;90
84.8855;0.00214253;90
88.4112;0.00137053;90
88.4998;0.0014515;90
85.9708;0.000868146;90
93.0316;0.00143701;90
87.4199;0.00219923;90
45.4537;0.0012502;90
58.9183;0.00124937;90
72.6581;0.000845431;90
65.4637;0.000770585;90
67.2996;0.00131377;90
52.8887;0.000664606;90
32.7917;0.000548389;90
16.5499;0.000624888;90
43.0615;0.000689824;90
51.2091;0.000614545;90
30.2717;0.000539574;90
3.52669;0.000503954;90
-59.3646;0.000718248;90
-51.3934;0.000673109;90
-53.3132;0.000626003;90
-70.3383;0.000974837;90
-73.2038;0.000962042;90
-75.6252;0.000861987;90
16.5085;0.000978329;90
48.9909;0.00112774;90
57.65;0.00126895;90
66.6192;0.00128011;90
58.4423;0.000678313;90
60.859;0.00489567;90
22.5645;0.000557693;90
1.66834;0.000515218;90
7.10959;0.000460541;90
-13.2879;0.000761384;90
20.8923;0.000538399;90
29.8209;0.000748054;90
24.8052;0.000931986;90
16.2688;0.00080316;90
24.557;0.000587105;90
-16.9714;0.000705734;90
-31.3452;0.000643991;90
-0.878829;0.00136916;90
9.86581;0.000887119;90
-8.13921;0.000889965;90
-27.6035;0.00074026;90
53.8271;0.000723454;90
-31.3903;0.00207348;90
-22.264;0.000483009;90
68.9973;0.0065009;90
66.7425;0.00191458;90
62.4394;0.000849387;90
52.7901;0.000876415;90
36.5955;0.000793409;90
43.3273;0.000896286;90
50.5463;0.000834048;90
37.6727;0.000670866;90
85.8721;0.00608478;90
24.3644;0.00101324;90
-13.6142;0.000526802;90
-8.19909;0.000469802;90
4.02631;0.000826039;90
0.196667;0.000874005;90
-14.2585;0.000625262;90
-46.2671;0.000607553;90
-57.1478;0.00144154;90
-50.8545;0.000700152;90
-73.257;0.00364137;90
-81.2604;0.00132944;90
-77.9438;0.00186718;90
-78.344;0.00162348;90
-50.3015;0.00315304;90
-49.3592;0.0042514;90
-37.9792;0.00101239;90
-43.4938;0.000887726;90
-46.9321;0.000587232;90
-45.5639;0.00265814;90
-41.7885;0.000921393;90
46.2344;0.00344653;90
71.8774;0.00127631;90
73.5206;0.00122325;90
71.0262;0.00100881;90
65.8166;0.00123761;90
56.5779;0.00106753;90
41.3927;0.00122501;90
37.1331;0.00091441;90
43.3565;0.000665661;90
59.0504;0.00276696;90
63.202;0.00110015;90
145.48;0.00126346;90
-171.976;0.000916978;90
150.302;0.000900244;90
125.104;0.000921638;90
128.28;0.000966893;90
140.828;0.000821663;90
144.084;0.000528473;90
137.248;0.000919239;90
-172.769;0.00107253;90
174.472;0.000747476;90
136.94;0.000793829;90
134.545;0.000890983;90
-170.765;0.00853057;90
152.155;0.000680829;90
-178.351;0.00104243;90
155.104;0.000660367;90
131.373;0.00124063;90
121.756;0.000731511;90
126.402;0.00112564;90
147.555;0.000663578;90
171.52;0.000556079;90
-166.024;0.000695593;90
160.223;0.000688617;90
172.114;0.000532032;90
174.387;0.000582794;90
-156.627;0.000602437;90
-126.973;0.000779801;90
-119.473;0.000837368;90
-148.512;0.000693055;90
-165.317;0.00057994;90
170.309;0.000576223;90
-179.189;0.000565057;90
-167.664;0.000514887;90
173.122;0.000776589;90
175.228;0.000601083;90
166.207;0.000801102;90
-177.797;0.000702519;90
-169.756;0.000674756;90
-144.249;0.000686331;90
177.514;0.000622586;90
168.848;0.000641106;90
144.6;0.000678423;90
128.118;0.000908816;90
126.461;0.000757219;90
102.959;0.000954304;90
109.587;0.000865058;90
111.801;0.000953174;90
122.842;0.00116167;90
134.678;0.000628628;90
161.169;0.000548352;90
-172.137;0.00115486;90
-148.918;0.000499748;90
-135.588;0.000688758;90
177.531;0.00060356;90
-140.882;0.000821032;90
177.037;0.000541724;90
154.138;0.00109352;90
139.752;0.000845069;90
123.864;0.000732208;90
129.863;0.000892418;90
141.754;0.00086585;90
150.429;0.000613975;90
112.486;0.00105631;90
111.347;0.000796658;90
112.29;0.000935939;90
135.633;0.000703614;90
115.533;0.000744731;90
112.781;0.000955542;90
126.646;0.000817606;90
140.368;0.000846584;90
120.375;0.000935403;90
122.72;0.000917606;90
122.723;0.000854637;90
117.602;0.000889206;90
127.637;0.000761468;90
126.984;0.000907602;90
111.587;0.00089153;90
129.554;0.000700368;90
137.783;0.000684579;90
138.749;0.000908455;90
130.873;0.000776294;90
141.259;0.000771812;90
131.509;0.000766512;90
121.364;0.000908793;90
120.838;0.00078032;90
134.265;0.000716358;90
130.999;0.000749947;90
167.589;0.000897986;90
-86.2038;0.00149528;90
-109.08;0.00137663;90
179.826;0.000660003;90
-128.929;0.00106309;90
-157.18;0.000595619;90
-160.786;0.000674576;90
-121.769;0.000695153;90
-99.12;0.000990522;90
-98.1226;0.00107579;90
-101.203;0.00126103;90
-92.2;0.00166723;90
-93.02;0.00167032;90
-93.6737;0.00124857;90
-87.8258;0.00139701;90
-92.7487;0.00158482;90
-99.9236;0.00157253;90
-105.231;0.00169763;90
-113.15;0.00155414;90
-110.145;0.00123985;90
-119.823;0.000904834;90
-120.48;0.000812246;90
-124.838;0.000941792;90
-126.801;0.0011652;90
-125.343;0.000923128;90
-139.013;0.000869043;90
-137.402;0.000927832;90
-137.615;0.000867817;90
-119.494;0.00141773;90
-115.11;0.00133849;90
-113.552;0.00178685;90
-109.521;0.000867885;90
-112.114;0.000749106;90
-117.706;0.00121308;90
-115.296;0.00109057;90
-124.624;0.0011739;90
-134.591;0.000989975;90
-135.357;0.00113564;90
-153.152;0.00126652;90
-171.209;0.000687071;90
-177.389;0.000614638;90
166.265;0.00110768;90
165.724;0.000928677;90
179.579;0.000953026;90
-163.121;0.000885132;90
-150.058;0.00104785;90
-146.294;0.000985702;90
-139.548;0.00104344;90
-150.148;0.000928154;90
-147.719;0.000924965;90
-162.13;0.000961379;90
-162.352;0.00101266;90
179.278;0.000714057;90
-161.35;0.000925605;90
-177.988;0.000683422;90
-164.064;0.000848614;90
-165.321;0.000864209;90
-156.172;0.000908433;90
-154.405;0.000766187;90
-160.186;0.000867348;90
-156.136;0.000825579;90
-163.483;0.000812528;90
-158.093;0.000908609;90
-160.876;0.000763113;90
-165.747;0.000767631;90
-144.362;0.00106065;90
-159.053;0.000959409;90
-162.1;0.000982562;90
168.343;0.000841354;90
174.468;0.000892155;90
150.992;0.000828993;90
145.423;0.000824661;90
-174.751;0.000666796;90
-147.424;0.000670482;90
-100.354;0.0249147;90
-99.9248;0.000997934;90
-100.418;0.00284795;90
-144.611;0.000851284;90
-119.416;0.0117051;90
-112.826;0.00181732;90
-106.855;0.00384205;90
-104.682;0.00475837;90
-101.542;0.00754661;90
-92.7587;0.00151676;90
-88.9023;0.00360166;90
-74.1549;0.00368814;90
-75.8675;0.00476316;90
-87.3102;0.00536992;90
-87.8815;0.00484231;90
-95.0489;0.0062382;90
-96.09;0.00614568;90
-107.049;0.00569946;90
-109.03;0.00556939;90
-115.081;0.00578665;90
-101.686;0.0055;90
-110.462;0.00490871;90
-123.418;0.00565967;90
-115.844;0.00540008;90
-108.131;0.00507395;90
-100.157;0.00345921;90
-81.0994;0.00550023;90
-97.9502;0.00612386;90
-105.029;0.00633986;90
-112.131;0.00548943;90
-104.169;0.00533119;90
-100.365;0.00534116;90
-105.838;0.00492081;90
-110.471;0.0051353;90
-115.853;0.00385036;90
-109.29;0.00619053;90
-127.753;0.00408649;90
-119.727;0.0048319;90
-104.884;0.00455896;90
-99.295;0.00557216;90
-96.3245;0.00644523;90
-110.961;0.00945681;90
-112.83;0.00597942;90
-102.615;0.00626832;90
-95.5689;0.0068011;90
-95.9331;0.00276682;90
-100.052;0.00653734;90
-107.308;0.0058855;90
-116.525;0.00578158;90
-120.869;0.00527993;90
-119.798;0.00454377;90
-123.458;0.0047957;90
-138.558;0.00418211;90
-140.331;0.00382076;90
-125.258;0.00384052;90
-121.658;0.0038945;90
-104.23;0.00459292;90
-94.7636;0.00386535;90
-101.641;0.0028149;90
-107.608;0.00291561;90
-112.371;0.00354696;90
-112.09;0.00379455;90
-140.532;0.00258946;90
-156.725;0.00247001;90
-156.199;0.00248537;90
-159.156;0.00172275;90
102.55;0.00356211;90
118.885;0.00445298;90
144.324;0.00562582;90
161.522;0.0033634;90
166.853;0.00182894;90
173.515;0.0029217;90
178.022;0.00324493;90
-173.76;0.00310037;90
-170.525;0.00307393;90
-175.16;0.00348443;90
170.386;0.00353262;90
167.297;0.00367905;90
176.915;0.00325171;90
-172.782;0.00306428;90
-165.233;0.00351924;90
-165.512;0.00270605;90
-164.798;0.00225386;90
149.534;0.00224843;90
145.352;0.00200691;90
152.715;0.00256318;90
155.945;0.00296116;90
164.985;0.00272504;90
170.581;0.00259093;90
174.195;0.0021058;90
159.105;0.00199629;90
159.653;0.00220882;90
-168.818;0.00254736;90
-179.74;0.00286503;90
130.042;0.0036574;90
172.739;0.00277727;90
-146.109;0.00331768;90
-140.252;0.00343754;90
-114.819;0.00475519;90
-98.9519;0.00590594;90
-97.1798;0.00570473;90
-104.378;0.00516271;90
-108.556;0.00462547;90
-115.351;0.00230054;90
156.866;0.00221947;90
151.144;0.00290921;90
138.52;0.00374271;90
129.136;0.00366146;90
177.415;0.0027498;90
-162.017;0.00316775;90
-156.09;0.00333084;90
-171.883;0.00310915;90
-142.482;0.00357303;90
-156.045;0.00298512;90
-175;0.00287996;90
166.693;0.00308894;90
-157.693;0.00330643;90
-154.766;0.00329327;90
-153.412;0.00334918;90
-156.835;0.00313691;90
-153.676;0.00350216;90
-152.583;0.00327933;90
-171.404;0.00302397;90
-167.796;0.00307959;90
-167.356;0.00279581;90
-167.236;0.00264332;90
-154.632;0.00248347;90
-150.308;0.0021561;90
74.7637;0.000799088;90
40.5184;0.00104973;90
95.7595;0.00186341;90
117.255;0.00196744;90
166.572;0.000525362;90
168.621;0.000486564;90
98.9574;0.000783556;90
-62.7473;0.00119236;90
-24.7037;0.000839863;90
-32.9911;0.00065931;90
-80.6909;0.00221315;90
-123.569;0.00196586;90
18.042;0.00198248;90
28.8644;0.00280897;90
11.8336;0.00246744;90
11.0135;0.00265388;90
12.0593;0.00259425;90
11.6553;0.00266801;90
18.9538;0.00244454;90
26.8721;0.00292035;90
23.344;0.00310409;90
25.0412;0.00312802;90
25.9004;0.00339279;90
23.2784;0.00339322;90
20.241;0.0028095;90
-20.7962;0.00323903;90
19.7188;0.00611137;90
45.3344;0.00218075;90
-14.7059;0.0229105;90
-108.015;0.00371198;90
-120.291;0.00412174;90
-122.682;0.00441499;90
-105.239;0.00515526;90
-86.1814;0.0059011;90
-90.9252;0.0108374;90
-102.684;0.0020859;90
-110.491;0.00419651;90
-98.7665;0.00578053;90
-89.8598;0.00613202;90
-95.6522;0.00634585;90
-106.437;0.00520574;90
-114.889;0.00382308;90
-120.533;0.00422018;90
-118.364;0.00471506;90
-112.226;0.00534297;90
-106.722;0.00570319;90
-99.4623;0.00610101;90
-99.2788;0.00631361;90
-99.5133;0.00664945;90
-103.824;0.00576293;90
-109.853;0.00558281;90
-103.188;0.00585133;90
-101.216;0.00537261;90
-118.693;0.00445732;90
-112.853;0.0033988;90
-106.769;0.00482831;90
-102.964;0.00588397;90
-102.058;0.00595028;90
-104.315;0.0057877;90
-113.53;0.00503464;90
-108.254;0.00551662;90
-114.007;0.00480025;90
-113.589;0.00464297;90
-103.247;0.0048439;90
-105.66;0.0048199;90
-122.394;0.00410833;90
-101.992;0.00479361;90
-80.396;0.0035244;90
-81.9646;0.00444969;90
-86.4591;0.00524601;90
-71.9722;0.00525078;90
-76.1236;0.00539135;90
-75.2112;0.00509684;90
-89.5968;0.00540013;90
-91.4097;0.00479645;90
-91.6553;0.00436182;90
-71.4326;0.00423968;90
-71.9697;0.00474606;90
-74.3396;0.00486043;90
-86.4289;0.0054586;90
-92.7598;0.00585679;90
-83.3084;0.0053293;90
-81.9544;0.00575161;90
-90.4304;0.00612417;90
-93.2343;0.00600857;90
-96.4;0.0059209;90
-94.106;0.00639642;90
-91.4543;0.00598893;90
-92.1971;0.0055821;90
-100.904;0.00548707;90
-107.765;0.00543728;90
-106.903;0.00431647;90
-108.936;0.00557151;90
-103.985;0.00492396;90
-95.9544;0.00570679;90
-88.3299;0.00576445;90
-83.833;0.00628336;90
-82.8161;0.00579751;90
-75.0305;0.00533091;90
-66.6039;0.00521802;90
-64.9015;0.00525961;90
-82.4257;0.00596303;90
-90.6827;0.00604243;90
-88.5052;0.00598004;90
-87.8574;0.00561693;90
-91.6247;0.00606644;90
-99.3746;0.00547614;90
-113.402;0.00477368;90
-127.169;0.00681929;90
-106.203;0.00237952;90
-97.9678;0.00564146;90
-85.159;0.00547453;90
-80.0039;0.00476433;90
-83.4253;0.00423586;90
-73.528;0.00458831;90
47.3859;0.000951176;90
41.2016;0.00275387;90
31.0057;0.00304393;90
32.9957;0.00281503;90
47.7782;0.00312201;90
-30.7578;0.000954224;90
-68.0077;0.0035676;90
-84.6916;0.00432354;90
-90.1114;0.00360101;90
-89.5656;0.00395711;90
-91.1564;0.00356773;90
-92.0565;0.00203431;90
-93.9369;0.00238864;90
-95.7156;0.00225923;90
-95.9253;0.00225706;90
-89.5165;0.00189607;90
-83.2295;0.00132323;90
-83.7608;0.00231873;90
-83.6598;0.00103231;90
9.69486;0.0011342;90
-27.1302;0.00140566;90
30.5978;0.000966586;90
-161.975;0.00194548;90
109.459;0.000849523;90
174.393;0.000716428;90
-149.109;0.000675876;90
96.5151;0.00137488;90
95.772;0.000835235;90
101.638;0.00143755;90
82.4755;0.00151202;90
91.7707;0.00233011;90
84.5457;0.00524977;90
82.3074;0.000889001;90
78.1256;0.00103515;90
90.3138;0.00273904;90
91.8693;0.00340281;90
89.458;0.00771735;90
104.394;0.00131942;90
94.0084;0.00174527;90
111.348;0.00312331;90
106.726;0.00143157;90
64.6838;0.0027291;90
72.1278;0.00431419;90
78.7592;0.00471444;90
87.1162;0.00441259;90
87.1784;0.00952755;90
84.1038;0.00178142;90
77.518;0.00278994;90
82.7108;0.0125948;90
77.5006;0.00317424;90
70.7198;0.0109968;90
71.3431;0.00212254;90
81.9487;0.00226331;90
76.2523;0.018397;90
78.4652;0.0074964;90
83.1409;0.001817;90
90.5459;0.0112315;90
84.8958;0.00252903;90
81.229;0.0121126;90
78.9114;0.00299491;90
73.7268;0.0194242;90
73.8866;0.00149888;90
68.1691;0.0137253;90
46.1702;0.00159274;90
62.7539;0.00816491;90
29.7839;0.00127433;90
51.0008;0.00648648;90
31.6649;0.000981045;90
21.2707;0.0023458;90
-3.41154;0.0025375;90
-27.3373;0.00292012;90
42.7472;0.00291412;90
61.78;0.00422748;90
53.6363;0.00353174;90
17.1568;0.00265096;90
32.0999;0.0028284;90
59.4189;0.00356948;90
86.699;0.00482801;90
87.2405;0.00492271;90
95.1166;0.00466459;90
77.6516;0.00451239;90
69.9911;0.00455919;90
67.9152;0.00424226;90
60.6789;0.00417599;90
60.6212;0.00429082;90
59.6086;0.00415493;90
62.1215;0.00413602;90
62.5832;0.00448247;90
63.4949;0.00427313;90
74.043;0.00474691;90
77.5038;0.00495437;90
76.5764;0.00827918;90
73.2005;0.00186144;90
73.6264;0.00426393;90
76.3965;0.00459182;90
76.8848;0.0044511;90
73.0002;0.00421727;90
73.6105;0.00375665;90
73.0183;0.00299248;90
72.642;0.00255747;90
70.8363;0.00231213;90
72.0589;0.00315544;90
86.1445;0.0045954;90
71.2493;0.00384507;90
69.7859;0.00394178;90
69.5856;0.00359797;90
67.3716;0.00362831;90
71.5957;0.00413341;90
78.8315;0.00445028;90
87.2937;0.00476531;90
77.0714;0.00455446;90
77.662;0.00485309;90
82.176;0.0051348;90
88.8115;0.00549618;90
93.9734;0.00545511;90
95.9667;0.00531982;90
97.0621;0.00564482;90
93.0438;0.00553681;90
83.4949;0.00552557;90
75.5733;0.00537447;90
79.4411;0.00532619;90
81.0847;0.0055622;90
85.1052;0.0057309;90
85.8802;0.00573482;90
87.6149;0.00557483;90
85.9582;0.00428466;90
119.346;0.00259958;90
122.49;0.00137762;90
132.926;0.00312605;90
148.603;0.00276601;90
146.189;0.0030209;90
-168.379;0.00278509;90
173.368;0.00295276;90
138.304;0.00327581;90
125.521;0.00407053;90
109.645;0.00440224;90
108.134;0.00445951;90
116.596;0.00418368;90
116.018;0.00440212;90
106.384;0.00482493;90
91.2269;0.00574432;90
92.6447;0.00487619;90
96.8345;0.00496629;90
96.0154;0.00469485;90
94.5246;0.00425927;90
91.5911;0.00122447;90
133.244;0.000969191;90
155.257;0.00209536;90
152.966;0.00267756;90
164.163;0.0027556;90
167.868;0.00277396;90
-179.883;0.00245301;90
161.177;0.0020549;90
150.956;0.00209895;90
-177.379;0.00166174;90
-168.192;0.0015784;90
-173.99;0.0024736;90
128.562;0.00310255;90
151.79;0.00244548;90
-158.976;0.00250582;90
-146.162;0.00280152;90
-134.885;0.00318411;90
-112.999;0.00425632;90
-98.9962;0.00517364;90
-95.8714;0.00503441;90
-102.783;0.00513425;90
-110.906;0.00467155;90
-105.129;0.00350964;90
171.692;0.00104497;90
154.722;0.00221069;90
144.303;0.00300083;90
138.021;0.00358223;90
129.584;0.00327367;90
175.911;0.00244021;90
-159.968;0.00271207;90
-157.088;0.00259688;90
-166.587;0.00343572;90
-151.064;0.00276749;90
-144.885;0.00310146;90
-161.364;0.00252857;90
-179.558;0.00246407;90
160.353;0.00272143;90
-156.088;0.00343918;90
-155.332;0.00309328;90
-155.293;0.00295227;90
-152.642;0.00313571;90
-154.043;0.00278272;90
-154.682;0.0030212;90
-161.779;0.00254249;90
-165.482;0.00256491;90
-173.335;0.00262776;90
-166.978;0.00252083;90
-167.703;0.00259657;90
-155.668;0.00280079;90
-148.769;0.00206178;90
62.0755;0.0010933;90
43.9239;0.000640045;90
95.3598;0.0013489;90
102.784;0.00112078;90
124.845;0.000894358;90
142.969;0.0011374;90
-39.1596;0.00198739;90
-138.26;0.0144108;90
-111.995;0.0016501;90
-111.374;0.00283713;90
-128.734;0.0197344;90
-134.253;0.00135564;90
-167.393;0.00143868;90
-162.207;0.0026802;90
172.312;0.00296767;90
165.746;0.00191289;90
166.127;0.00203949;90
-130.573;0.0293952;90
-144.642;0.00129605;90
-132.114;0.00963594;90
-125.562;0.00161282;90
-172.123;0.00582294;90
145.696;0.00137158;90
172.622;0.00160428;90
178.912;0.00679123;90
-170.917;0.00131752;90
-151.125;0.00151997;90
-158.517;0.0135246;90
153.913;0.00128713;90
167.456;0.00126622;90
-132.827;0.00857913;90
-169.471;0.00112189;90
-163.463;0.00138426;90
175.814;0.00320555;90
169.209;0.0100467;90
160.47;0.00130721;90
164.556;0.0015396;90
147.282;0.00366321;90
143.655;0.013735;90
98.1192;0.00223743;90
113.215;0.010239;90
158.469;0.0018501;90
-148.707;0.0121425;90
163.251;0.00142965;90
-157.858;0.0102175;90
107.279;0.00122215;90
111.466;0.00158494;90
120.326;0.0135605;90
104.701;0.00271901;90
104.289;0.00548985;90
99.3186;0.0108137;90
99.3388;0.00244034;90
99.4521;0.00276453;90
110.808;0.0157525;90
128.921;0.00181616;90
143.734;0.00148088;90
137.177;0.00415018;90
112.143;0.00532472;90
105.504;0.00520749;90
90.2426;0.00543205;90
89.3705;0.0066444;90
86.7727;0.00602155;90
83.8378;0.00653979;90
80.6255;0.00589979;90
82.4875;0.00627184;90
87.5159;0.00643705;90
92.2762;0.00239189;90
96.756;0.00435222;90
104.245;0.00557957;90
101.407;0.00576896;90
90.9098;0.00906914;90
4.38648;0.000719106;90
20.2052;0.00301984;90
39.347;0.00111985;90
36.1806;0.0013467;90
51.0672;0.00196687;90
66.4647;0.00198841;90
73.7964;0.00210356;90
96.073;0.00234416;90
66.1512;0.00133061;90
34.9289;0.00111604;90
-103.852;0.00603553;90
-130.632;0.00704699;90
-118.243;0.00493443;90
-91.4645;0.0101343;90
-68.818;0.00216422;90
-75.5837;0.00500871;90
-85.6122;0.00483617;90
-90.5831;0.00373419;90
-93.462;0.00644176;90
-95.5814;0.00498664;90
-99.7364;0.00491378;90
-99.1141;0.00484213;90
-91.5871;0.0046938;90
-92.1059;0.00517049;90
-91.7234;0.00495424;90
-88.4521;0.00507185;90
-78.3294;0.00411303;90
-69.5142;0.00429459;90
-57.0361;0.00376394;90
-40.405;0.00307164;90
-42.7137;0.00303095;90
-59.5561;0.0036294;90
-69.7026;0.00448553;90
-73.5211;0.00503064;90
-78.0532;0.00411104;90
-79.6675;0.00538025;90
-81.5972;0.00555665;90
-80.6291;0.00545986;90
-77.3723;0.00515059;90
-71.0311;0.00692189;90
-52.8831;0.00125281;90
-41.9156;0.00237862;90
-52.6598;0.00406894;90
-65.3523;0.00332824;90
66.9789;0.00271307;90
48.4764;0.00389484;90
-4.54327;0.00313084;90
-29.8152;0.00333666;90
9.8211;0.0024154;90
35.7744;0.00461344;90
49.4386;0.0040476;90
-2.96996;0.00295297;90
-41.5375;0.0036178;90
-65.0145;0.003975;90
-77.8544;0.00110268;90
-52.4892;0.012749;90
-29.9381;0.00272109;90
-36.331;0.00355136;90
-32.4893;0.00363963;90
-14.5633;0.00313782;90
2.99779;0.0032124;90
-6.27942;0.00322736;90
-27.5312;0.00368646;90
10.7621;0.0031382;90
27.2111;0.00321254;90
57.8532;0.00403691;90
24.7057;0.00317018;90
-13.0448;0.00316775;90
36.3742;0.00381414;90
29.2931;0.00347655;90
4.8461;0.00323155;90
22.8081;0.00358317;90
17.8061;0.0033421;90
-3.27984;0.00349573;90
-13.2803;0.00338245;90
-17.5074;0.00332083;90
47.134;0.0253511;90
49.1685;0.0102044;90
54.6739;0.00182626;90
58.7004;0.00351098;90
27.6555;0.00406546;90
-28.8339;0.00108445;90
-20.3506;0.00130549;90
7.392;0.00194315;90
-12.1349;0.00288752;90
12.1737;0.00288794;90
28.5577;0.00268804;90
38.7287;0.00857691;90
29.4798;0.00109933;90
45.6961;0.00320131;90
63.2795;0.00461481;90
69.7874;0.00782914;90
61.0387;0.00113378;90
29.33;0.00608158;90
14.5586;0.000851335;90
22.6623;0.00103815;90
28.9525;0.00217937;90
75.6433;0.00333928;90
107.387;0.00146912;90
162.671;0.000671477;90
162.584;0.000995643;90
-93.6699;0.00171852;90
82.886;0.00129195;90
-28.9473;0.00202271;90
-78.0089;0.00193012;90
-112.853;0.00102224;90
-145.34;0.000835221;90
18.0605;0.00174182;90
28.1261;0.00257735;90
10.4857;0.00538493;90
15.3481;0.00108054;90
13.4593;0.00238449;90
9.36887;0.0027213;90
24.2222;0.00284442;90
32.0129;0.00321254;90
21.5974;0.00323298;90
28.2099;0.00345883;90
21.2133;0.00334678;90
25.0812;0.00328141;90
-5.04908;0.0027838;90
-4.76859;0.00288699;90
14.4184;0.00261847;90
36.3837;0.00353513;90
18.5517;0.00325937;90
15.3336;0.00301015;90
27.5844;0.00314217;90
11.9901;0.00279191;90
-33.1979;0.00313223;90
-46.2454;0.00383908;90
-38.2895;0.00352788;90
-23.9139;0.0028715;90
-24.2407;0.000606473;90
-102.957;0.00328257;90
-117.802;0.00451523;90
-121.758;0.00444207;90
-108.311;0.00495593;90
-89.8294;0.00537302;90
-88.9294;0.00610107;90
-91.2087;0.00597333;90
-107.161;0.00524973;90
-103.748;0.00560046;90
-89.3473;0.00605739;90
-92.9233;0.0056864;90
-102.925;0.005289;90
-109.057;0.0050688;90
-122.922;0.00426131;90
-119.196;0.00448133;90
-112.902;0.00511629;90
-110.69;0.0044917;90
-102.812;0.00517689;90
-98.9975;0.00526883;90
-99.9178;0.00500479;90
-97.537;0.00512326;90
-104.498;0.00469346;90
-108.583;0.00575505;90
-104.894;0.00518211;90
-100.322;0.0049613;90
-108.796;0.00471126;90
-115.059;0.00461102;90
-109.135;0.00473776;90
-104.263;0.00501665;90
-102.691;0.00533022;90
-102.044;0.00564527;90
-107.499;0.0054041;90
-113.971;0.00527716;90
-107.475;0.00532476;90
-114.961;0.00503312;90
-109.922;0.00483644;90
-101.025;0.00472724;90
-116.115;0.00467308;90
-115.396;0.0041434;90
-88.665;0.00523642;90
-80.0157;0.00490834;90
-85.9687;0.00526302;90
-72.7288;0.00470201;90
-74.9579;0.00460064;90
-78.343;0.00579553;90
-85.7007;0.00574918;90
-94.3712;0.0041591;90
-89.0264;0.00111816;90
-92.1507;0.00365057;90
-71.8851;0.00441587;90
-72.5509;0.00492566;90
-73.4057;0.00502113;90
-86.415;0.00578933;90
-92.8091;0.00622348;90
-87.8414;0.00384973;90
-79.967;0.00770889;90
-90.5533;0.00590228;90
-92.5849;0.00558769;90
-96.9584;0.00614123;90
-94.7334;0.00614395;90
-91.0325;0.00593796;90
-92.4604;0.00605658;90
-102.598;0.00550657;90
-107.898;0.00604559;90
-108.093;0.00471725;90
-107.799;0.00464219;90
-102.827;0.00496387;90
-93.2522;0.00847865;90
-84.863;0.0053274;90
-83.3639;0.00521796;90
-80.5558;0.00520454;90
-77.0731;0.00202943;90
-70.2969;0.00500079;90
-63.3206;0.00425614;90
-67.6415;0.00460305;90
-87.8924;0.00549272;90
-89.0481;0.0057788;90
-88.5182;0.00576193;90
-87.6107;0.005757;90
-94.4927;0.00579581;90
-98.6697;0.00609666;90
-119.17;0.00451571;90
-132.917;0.00391076;90
-110.125;0.00487993;90
-96.9543;0.00503807;90
-87.1423;0.00489409;90
-79.5954;0.00405874;90
-82.8081;0.00392992;90
-81.4948;0.00399595;90
-79.8748;0.00390786;90
-88.8927;0.00119022;90
-77.6775;0.00105429;90
-87.0742;0.00252729;90
-81.998;0.00594791;90
-78.9165;0.00129006;90
-80.5798;0.00268217;90
-84.4284;0.00451131;90
-82.0304;0.00181755;90
-70.1067;0.00196315;90
-34.7843;0.00101667;90
43.1078;0.00111359;90
-30.7089;0.000501295;90
-66.4972;0.00160734;90
-48.7166;0.000774497;90
-14.093;0.000735126;90
24.6653;0.00145693;90
52.3864;0.00224959;90
25.8313;0.00160652;90
-34.348;0.000845419;90
-84.1987;0.00301745;90
4.02057;0.000627544;90
-6.32233;0.00106246;90
-65.7965;0.00118299;90
-60.5483;0.00116334;90
124.084;0.00552633;90
93.6695;0.00084373;90
90.8531;0.00127614;90
88.6922;0.0026727;90
87.6773;0.00264017;90
84.9589;0.00243542;90
86.4854;0.00179437;90
86.7709;0.00284051;90
89.4681;0.00538623;90
89.8219;0.00353902;90
92.3373;0.00382518;90
108.543;0.003525;90
113.743;0.00214341;90
-128.589;0.00214036;90
-140.5;0.00239752;90
-150.377;0.00244796;90
-149.249;0.00245056;90
-138.701;0.00257429;90
-121.887;0.00220353;90
109.707;0.00131077;90
97.8575;0.00416208;90
97.947;0.00446993;90
99.11;0.004598;90
95.2119;0.00445843;90
89.1021;0.00197824;90
78.2397;0.00793354;90
58.0789;0.00417777;90
30.927;0.00160523;90
67.3562;0.00625192;90
83.0903;0.00336645;90
84.9352;0.00548241;90
91.6316;0.00523312;90
91.6272;0.00859247;90
89.589;0.00209105;90
90.1225;0.00514601;90
101.488;0.00498079;90
117.851;0.00480115;90
112.004;0.00477481;90
104.471;0.00488602;90
98.6749;0.00495266;90
96.4795;0.00504221;90
95.4005;0.00518502;90
88.0145;0.00539724;90
81.1915;0.00461038;90
75.0977;0.00545549;90
72.4336;0.00465193;90
71.5898;0.0043981;90
71.7892;0.0042846;90
79.6973;0.00722957;90
87.7996;0.00197946;90
88.4568;0.0049758;90
87.2916;0.00533296;90
85.3628;0.00523213;90
84.5881;0.00505754;90
86.6267;0.00933017;90
96.0022;0.0057284;90
98.9942;0.0055138;90
90.2032;0.00535703;90
88.3604;0.00534719;90
99.504;0.00520241;90
106.528;0.00521654;90
109.749;0.00471746;90
106.51;0.0018263;90
90.7039;0.00496537;90
88.0975;0.00460854;90
90.5776;0.00535627;90
101.942;0.00362955;90
104.499;0.0059753;90
107.399;0.00494946;90
98.5107;0.00479075;90
95.2935;0.00492099;90
94.7487;0.00733217;90
58.6945;0.00238645;90
63.4768;0.00612459;90
78.4468;0.00184743;90
78.1148;0.0042777;90
68.7351;0.00432336;90
61.164;0.00417578;90
73.4516;0.00462038;90
69.6486;0.00478467;90
69.0505;0.00364709;90
74.1717;0.00618138;90
78.6309;0.00493585;90
76.609;0.00531963;90
75.0349;0.00471284;90
66.8165;0.00449606;90
63.3251;0.0041989;90
77.0248;0.00463638;90
78.7087;0.00483152;90
71.5464;0.00485568;90
72.4105;0.00503648;90
78.5887;0.00532221;90
80.4475;0.00595355;90
81.033;0.00579988;90
79.8729;0.00579529;90
72.1101;0.00535176;90
66.536;0.00476175;90
62.9089;0.00448172;90
61.1078;0.00431738;90
63.8627;0.00431305;90
73.658;0.00510005;90
83.8484;0.00530052;90
90.3936;0.00553213;90
84.4862;0.0053598;90
72.5175;0.0047368;90
80.9363;0.00784597;90
90.6283;0.0049243;90
92.6773;0.00455998;90
88.0563;0.00492383;90
67.112;0.00460236;90
57.714;0.00417676;90
64.5355;0.0044005;90
72.1735;0.00282882;90
137.869;0.000889949;90
154.706;0.00253946;90
145.3;0.00305299;90
138.031;0.00353057;90
131.646;0.00343252;90
-173.377;0.00286109;90
-156.334;0.00300689;90
-159.039;0.00294916;90
-171.883;0.0031445;90
-139.814;0.00326066;90
-150.665;0.00313729;90
-179.696;0.00282704;90
161.957;0.00291221;90
-160.788;0.00289312;90
-156.003;0.00304411;90
-152.252;0.00249151;90
-155.61;0.00337084;90
-154.292;0.00328962;90
-157.184;0.00269486;90
-153.808;0.00315829;90
-169.333;0.00262028;90
-168.623;0.00269699;90
-169.253;0.0026169;90
-168.69;0.00255971;90
-155.824;0.00261758;90
-148.071;0.00237302;90
74.3553;0.000889971;90
43.2777;0.000917532;90
95.4695;0.00167864;90
107.308;0.00133442;90
147.351;0.00116035;90
169.907;0.000627713;90
-75.2296;0.00478926;90
21.0885;0.00080598;90
25.3137;0.00083962;90
18.1297;0.00557897;90
11.8274;0.00110751;90
12.6129;0.00103498;90
12.4756;0.00443471;90
3.21377;0.00112377;90
11.2669;0.00208825;90
29.0219;0.00306713;90
26.4651;0.00307639;90
23.9748;0.003315;90
25.9773;0.00318254;90
27.0439;0.00326388;90
21.535;0.00303485;90
-18.632;0.0029422;90
8.38695;0.00451125;90
39.6888;0.00113057;90
37.1879;0.00295485;90
18.2997;0.00281222;90
13.5698;0.0029195;90
27.4663;0.0030137;90
10.3571;0.00284231;90
-25.3895;0.00283369;90
-47.883;0.00364126;90
-40.4124;0.00342134;90
-25.5607;0.00301066;90
-24.778;0.0014197;90
-106.892;0.00190312;90
-109.45;0.00383803;90
-122.47;0.00406438;90
-120.768;0.00436895;90
-99.8806;0.00513415;90
-86.8375;0.00567364;90
-89.43;0.00572928;90
-95.0679;0.00561495;90
-108.974;0.00513925;90
-101.525;0.00396903;90
-90.653;0.00807252;90
-96.4266;0.00593228;90
-104.898;0.00517702;90
-114.534;0.00374732;90
-122.327;0.00343901;90
-117.502;0.00371818;90
-114.881;0.00430674;90
-111.517;0.00479304;90
-104.831;0.00527784;90
-99.3204;0.00584111;90
-98.9566;0.00558814;90
-99.0447;0.00545786;90
-103.047;0.00516945;90
-108.26;0.00506504;90
-107.264;0.00516887;90
-100.27;0.00530601;90
-108.327;0.00484999;90
-117.654;0.004447;90
-107.817;0.00495147;90
-104.123;0.00562708;90
-102.046;0.00528027;90
-102.349;0.00555041;90
-111.11;0.0050199;90
-112.394;0.00436519;90
-107.341;0.0058478;90
-117.511;0.00463287;90
-108.274;0.00506125;90
-101.008;0.00513753;90
-117.973;0.00458577;90
-110.64;0.00375609;90
-88.29;0.00613273;90
-84.2544;0.005374;90
-80.9841;0.00523265;90
-72.2289;0.00371213;90
-75.2927;0.00619187;90
-78.6999;0.00568521;90
-92.0713;0.00528445;90
-92.3794;0.00476911;90
-85.1925;0.00445066;90
-70.0608;0.00424018;90
-73.1266;0.00475783;90
-75.3343;0.0047911;90
-89.3456;0.00472831;90
-91.8133;0.00603602;90
-81.9311;0.00516514;90
-82.4361;0.00579644;90
-89.6163;0.00627214;90
-94.8152;0.00590885;90
-96.0336;0.00573678;90
-94.7356;0.00577772;90
-91.527;0.00585408;90
-90.7574;0.00491743;90
-98.5694;0.00527489;90
-107.182;0.00575799;90
-108.243;0.00509509;90
-107.94;0.00520088;90
-104.763;0.00559987;90
-95.8764;0.00581154;90
-88.5103;0.00603904;90
-83.1378;0.00584185;90
-83.0199;0.00583424;90
-75.9431;0.00537289;90
-66.5517;0.0052724;90
-64.4121;0.00506141;90
-79.4107;0.00545795;90
-91.1766;0.00686645;90
-88.8351;0.00600124;90
-87.7878;0.00593242;90
-93.5628;0.00608276;90
-99.3411;0.00582829;90
-116.702;0.00468681;90
-134.568;0.00393445;90
-109.391;0.00513847;90
-95.9074;0.00611145;90
-83.6971;0.0059389;90
-80.9724;0.00455037;90
-82.0389;0.00426713;90
-81.8547;0.00320433;90
25.574;0.00160305;90
40.6481;0.00331741;90
28.6105;0.00299466;90
36.3325;0.00309214;90
52.0061;0.0026203;90
-59.631;0.00201556;90
-73.6221;0.00416709;90
-88.3818;0.00417867;90
-90;0.004118;90
-89.6399;0.00366007;90
-91.7766;0.00296743;90
-94.4284;0.00207219;90
-95.1065;0.00235936;90
-93.343;0.00372133;90
-94.0228;0.00104056;90
-83.0069;0.00134702;90
-85.3889;0.00208976;90
-93.1325;0.00161041;90
-13.347;0.00215727;90
11.7489;0.00120321;90
12.1715;0.000730419;90
151.522;0.00444823;90
102.912;0.00124857;90
94.4192;0.00193375;90
85.4317;0.00445716;90
83.5296;0.0010205;90
79.4525;0.00126741;90
90.9783;0.00199129;90
86.0961;0.00190943;90
87.6722;0.00307754;90
92.5699;0.00390293;90
86.5182;0.00370484;90
97.1173;0.00369648;90
109.797;0.00323308;90
111.434;0.00194018;90
-142.562;0.00131106;90
-136.776;0.00483752;90
-151.928;0.000969;90
-148.193;0.00232989;90
-144.37;0.00251479;90
-119.39;0.00200506;90
-129.023;0.00179947;90
-139.142;0.00498327;90
-137.169;0.000822247;90
-122.524;0.00140424;90
-135.945;0.00171426;90
109.556;0.00252145;90
116.351;0.00274859;90
115.87;0.00169596;90
120.324;0.00575774;90
128.438;0.00145414;90
132.838;0.002362;90
137.71;0.00330518;90
139.563;0.00348435;90
137.854;0.00354984;90
139.099;0.00372963;90
138.24;0.00372817;90
138.005;0.0037769;90
141.228;0.00349393;90
130.719;0.00411127;90
123.628;0.00486999;90
118.207;0.00758696;90
116.721;0.0019749;90
117.762;0.00432595;90
128.389;0.00417067;90
136.568;0.00382405;90
127.293;0.00428132;90
116.969;0.00444094;90
110.024;0.00529189;90
115.769;0.00463269;90
124.082;0.00413289;90
-113.239;0.00167271;90
-152.209;0.00303057;90
-143.341;0.00255922;90
-141.152;0.0021841;90
-162.488;0.00212027;90
-175.647;0.00085647;90
-177.845;0.00223358;90
-171.408;0.00217541;90
177.318;0.00205125;90
133.417;0.00263639;90
139.94;0.00244719;90
-160.065;0.00205302;90
-161.222;0.00195401;90
-164.901;0.00189647;90
-159.576;0.00218645;90
-175.463;0.00228817;90
-173.238;0.00225066;90
141.221;0.00240774;90
-168.379;0.00195099;90
-125.507;0.00306127;90
-128.897;0.00547362;90
-141.379;0.000922831;90
-141.191;0.00167856;90
-128.11;0.00265242;90
-116.866;0.00349413;90
-127.327;0.00646141;90
-127.017;0.000931803;90
-123.841;0.00126056;90
-165.624;0.000531647;90
120.743;0.0022223;90
155.014;0.00249998;90
-152.846;0.00278271;90
-148.808;0.00292133;90
-179.954;0.002487;90
177.849;0.00245073;90
157.724;0.0023742;90
-167.35;0.00424198;90
-127.964;0.00141426;90
-140.937;0.0024612;90
179.244;0.00242621;90
-145.587;0.00314429;90
-138.204;0.00342846;90
-139.914;0.00558901;90
-150.606;0.00129582;90
-162.528;0.0030476;90
177.744;0.00299732;90
166.438;0.00304902;90
170.534;0.00288833;90
-157.043;0.00526609;90
-167.317;0.00112956;90
-166.773;0.00250855;90
-156.821;0.00311984;90
-138.43;0.00320257;90
155.664;0.00420789;90
123.281;0.00136127;90
118.319;0.00293644;90
120.53;0.00349215;90
132.364;0.00308979;90
139.032;0.00301691;90
158.353;0.00269185;90
-154.056;0.0026812;90
-138.313;0.00309594;90
-177.323;0.00282608;90
160.868;0.00291078;90
140.548;0.0035472;90
-162.545;0.00260705;90
-149.515;0.00324452;90
-149.931;0.00548862;90
-105.338;0.00139882;90
-115.887;0.00336239;90
-119.787;0.00418493;90
-136.386;0.00283562;90
-157.529;0.00157239;90
101.597;0.00328303;90
98.705;0.00476388;90
98.6088;0.00504383;90
105.527;0.00481887;90
125.22;0.00398805;90
148.329;0.00510058;90
139.749;0.00345902;90
147.67;0.00325923;90
148.031;0.00346206;90
148.046;0.00129055;90
150.384;0.00304134;90
152.796;0.00325055;90
160.122;0.00490846;90
162.078;0.00299954;90
161.885;0.00294919;90
163.996;0.00307207;90
172.986;0.00289063;90
-177.367;0.00232946;90
-168.662;0.00196842;90
-167.927;0.00294514;90
-167.855;0.00291832;90
-171.032;0.0029126;90
-166.785;0.00296142;90
-157.694;0.00303512;90
-153.394;0.00315286;90
-148.15;0.00323862;90
-149.596;0.00349342;90
-151.848;0.00313259;90
-157.246;0.00308185;90
168.675;0.00293311;90
161.739;0.00301272;90
162.159;0.0029572;90
160.083;0.00312917;90
146.31;0.00270416;90
-158.179;0.000529975;90
-85.2294;0.00137075;90
-83.4072;0.00243007;90
-81.2127;0.00126991;90
-76.9262;0.00200702;90
-77.6128;0.00254525;90
-64.744;0.00205548;90
-66.3116;0.00233471;90
-76.9758;0.0023207;90
-94.4678;0.00426195;90
-97.6343;0.00238615;90
-98.8125;0.00111618;90
-99.7748;0.00283313;90
-87.1359;0.0016811;90
-54.7524;0.00165306;90
-53.1227;0.0015564;90
-76.7595;0.0022005;90
-83.0476;0.00267668;90
-89.1348;0.00278132;90
-106.776;0.0025777;90
-94.084;0.00251338;90
-97.865;0.00250658;90
-91.1807;0.00223247;90
-77.8265;0.00213399;90
-85.9037;0.00267383;90
-77.0642;0.00102296;90
-125.602;0.00371551;90
-149.582;0.000792016;90
-138.942;0.000925672;90
-120.214;0.00077301;90
-138.349;0.000823064;90
-119.954;0.000885242;90
45.7703;0.0044184;90
40.156;0.00108859;90
42.2324;0.000746869;90
70.9626;0.00126308;90
93.5336;0.00167118;90
98.6475;0.0044162;90
87.0167;0.00286288;90
84.1562;0.00299557;90
80.011;0.00296901;90
84.4952;0.00290841;90
94.0897;0.00300064;90
102.262;0.00282034;90
122.458;0.00167697;90
135.698;0.00145038;90
91.1077;0.00274151;90
77.5289;0.00323227;90
82.4481;0.00327945;90
86.8863;0.00322176;90
104.414;0.00294057;90
115.888;0.00287444;90
104.957;0.00277812;90
101.719;0.00285552;90
98.7786;0.00282408;90
95.5107;0.00131206;90
102.014;0.00159494;90
149.982;0.00207885;90
108.141;0.00172789;90
98.8212;0.00348219;90
98.4248;0.00395872;90
99.0413;0.00425081;90
97.2408;0.00399083;90
82.8211;0.00448113;90
80.2167;0.00422545;90
67.2794;0.00376193;90
85.3201;0.00420402;90
93.3453;0.00397577;90
115.975;0.00290883;90
78.3471;0.00222792;90
67.7856;0.00306554;90
84.83;0.00339582;90
92.9911;0.00402448;90
71.2515;0.00352504;90
71.6504;0.00360848;90
70.8805;0.00359956;90
71.1494;0.00409779;90
72.0235;0.00339892;90
68.0265;0.000927367;90
72.4416;0.00254245;90
72.833;0.00255796;90
70.441;0.0018699;90
73.8364;0.00256124;90
74.9958;0.00334504;90
77.5916;0.00340657;90
82.8438;0.00364439;90
80.7363;0.00403158;90
82.1027;0.00382831;90
66.5128;0.00320668;90
67.3177;0.00268139;90
82.7649;0.00342225;90
87.7402;0.00319549;90
85.0523;0.00124062;90
59.8676;0.00212749;90
52.1961;0.00176683;90
-2.15296;0.000798564;90
-13.9218;0.00230676;90
18.4556;0.00263766;90
-18.7283;0.00259437;90
-8.61105;0.00261144;90
14.6458;0.00280411;90
-25.3242;0.00309768;90
-31.9243;0.0032224;90
-19.5002;0.00301069;90
11.0145;0.00300434;90
25.2213;0.00331834;90
12.668;0.00326037;90
27.6348;0.00344951;90
36.5884;0.00358184;90
56.0064;0.00429261;90
68.9828;0.00487106;90
65.8537;0.00496984;90
51.6015;0.00428092;90
27.9484;0.00326024;90
4.58921;0.00343702;90
-7.45971;0.0031426;90
22.2498;0.00313222;90
24.2056;0.00318283;90
4.37932;0.0029466;90
-23.2813;0.00318537;90
-26.2009;0.00316634;90
-33.8662;0.00324806;90
-36.4662;0.00326408;90
-21.1412;0.00301385;90
10.7535;0.00331217;90
30.6318;0.00328545;90
35.2329;0.00305945;90
20.316;0.00360314;90
8.16514;0.00300648;90
-13.2571;0.0031746;90
-19.031;0.00313114;90
-36.9738;0.00341841;90
-35.0371;0.0031266;90
-36.6595;0.00348542;90
-51.6629;0.00393689;90
-54.4143;0.00402461;90
-49.8139;0.00354734;90
-46.4336;0.00341993;90
-45.7842;0.00361648;90
-33.1719;0.00306679;90
5.31598;0.00277393;90
-3.75941;0.0029283;90
17.8566;0.0031014;90
23.4567;0.00294431;90
15.2777;0.00311198;90
7.11019;0.00287612;90
-13.134;0.00298817;90
-1.47544;0.00287395;90
21.5961;0.00295332;90
7.13534;0.00275332;90
5.62032;0.0017052;90
20.8718;0.00191143;90
72.4267;0.00313322;90
76.1523;0.00412798;90
83.5642;0.00476402;90
82.6876;0.00485549;90
85.1805;0.00485617;90
81.3505;0.00486736;90
75.3279;0.00465479;90
85.0912;0.00468619;90
107.16;0.00328421;90
99.7813;0.00357294;90
78.7764;0.00429514;90
86.5816;0.00472941;90
73.2609;0.00454144;90
82.0583;0.00455973;90
65.5663;0.00276569;90
-27.3471;0.00124516;90
-16.7206;0.00231487;90
-28.1107;0.00308377;90
-41.8293;0.00320881;90
-7.52613;0.00232099;90
-26.4877;0.0013251;90
81.7631;0.00349;90
87.2199;0.00455636;90
56.8071;0.00255726;90
51.03;0.0028271;90
97.8246;0.00395179;90
105.977;0.00453414;90
100.596;0.0041874;90
102.618;0.00363478;90
100.22;0.00457661;90
102.074;0.00470407;90
93.5403;0.00526304;90
93.8171;0.0050923;90
93.3838;0.00484545;90
72.6324;0.00402343;90
79.1292;0.00424722;90
94.9604;0.00423285;90
82.8401;0.00407578;90
71.075;0.00384484;90
77.2575;0.00328695;90
113.12;0.00343052;90
101.36;0.00359952;90
98.2448;0.00367498;90
93.0804;0.00418705;90
109.395;0.00328543;90
137.622;0.00255038;90
154.979;0.00172598;90
-156.148;0.00210695;90
132.804;0.00243565;90
103.707;0.00367156;90
119.522;0.00290405;90
115.699;0.00260353;90
73.1594;0.00232992;90
67.6143;0.00338726;90
69.2415;0.00334623;90
58.4776;0.00304304;90
71.3846;0.00401611;90
63.7023;0.003546;90
78.4363;0.00434009;90
84.2583;0.00274879;90
27.291;0.000953089;90
13.3126;0.00209325;90
54.7787;0.00298924;90
55.045;0.00278916;90
21.8568;0.00249538;90
-14.0181;0.00229948;90
-6.03099;0.0012278;90
33.3268;0.00135599;90
37.387;0.0024819;90
37.0013;0.00278981;90
0.154614;0.00259401;90
12.0084;0.00268679;90
29.5464;0.00304383;90
14.0311;0.00268511;90
-6.95812;0.00430067;90
-14.2746;0.0027984;90
-18.5614;0.00286503;90
11.1673;0.00275721;90
36.0497;0.00113172;90
56.2332;0.00352096;90
35.6413;0.00289166;90
51.8846;0.00361605;90
41.727;0.00315814;90
50.0014;0.00349581;90
70.1444;0.00422199;90
41.3134;0.00300222;90
43.8161;0.00325126;90
55.3854;0.0038676;90
55.9524;0.00391154;90
56.5933;0.00358895;90
38.1028;0.0026026;90
8.15178;0.00149511;90
-23.7299;0.000750449;90
-55.909;0.000911672;90
-1.16124;0.0014803;90
10.819;0.000617985;90
-7.39423;0.00192702;90
-11.794;0.0020891;90
19.5144;0.00179618;90
20.4431;0.00267124;90
37.6488;0.0021774;90
43.0821;0.00230292;90
42.0638;0.00211207;90
41.2252;0.00192255;90
17.9192;0.000737789;90
26.68;0.00178394;90
45.455;0.00195875;90
63.5875;0.00252006;90
70.0971;0.00341923;90
72.3062;0.00420492;90
64.4329;0.00410828;90
41.5685;0.00343775;90
14.2484;0.00275062;90
20.3206;0.00233534;90
5.49961;0.00105385;90
-90.6976;0.0013141;90
95.6302;0.00163087;90
35.2514;0.00114005;90
76.2465;0.00388232;90
116.473;0.000838974;90
149.486;0.000720831;90
152.592;0.000821173;90
-76.6244;0.00534293;90
27.7027;0.00157674;90
28.9828;0.00201425;90
16.4654;0.00208865;90
12.9038;0.00227033;90
10.487;0.002335;90
14.2496;0.00227912;90
12.3204;0.00205738;90
1.60737;0.00156862;90
-84.794;0.00134455;90
-90.8481;0.0018242;90
-94.9255;0.00123456;90
-108.817;0.0011843;90
-93.32;0.00151955;90
-92.7516;0.00118737;90
-99.1801;0.0013351;90
-90.4024;0.00113903;90
-77.6787;0.00137773;90
-80.7741;0.00123498;90
-111.981;0.00153886;90
-110.064;0.00145745;90
-94.834;0.00202922;90
-86.0833;0.00200568;90
-105.426;0.00134962;90
-98.9668;0.00102655;90
81.5052;0.00842139;90
82.0548;0.00149031;90
102.878;0.00176335;90
84.1768;0.00146858;90
84.8302;0.00168686;90
87.7921;0.00207654;90
69.6155;0.00152447;90
89.7014;0.00211103;90
88.1485;0.00188799;90
39.3154;0.00124213;90
29.8488;0.0025999;90
25.1772;0.00280664;90
25.6155;0.00250966;90
24.7521;0.00243138;90
25.0791;0.00294902;90
26.2791;0.00277813;90
18.5008;0.00247701;90
-15.5301;0.00255841;90
0.297509;0.00231103;90
15.4428;0.00248989;90
34.3979;0.0031207;90
27.339;0.00274793;90
8.59109;0.00300573;90
27.8709;0.00282578;90
18.5558;0.00299785;90
-1.20099;0.00238552;90
-47.6;0.00356961;90
-42.1116;0.00342392;90
-34.9589;0.00311873;90
-21.7097;0.00231952;90
-29.1373;0.000538093;90
-105.246;0.00320582;90
-115.25;0.00424786;90
-123.522;0.00436024;90
-112.222;0.00465904;90
-90.5968;0.0054723;90
-89.2888;0.0107148;90
-94.0958;0.00239411;90
-105.873;0.00400365;90
-106.324;0.00556432;90
-91.22;0.00629343;90
-92.1835;0.00658778;90
-103.414;0.00575911;90
-113.188;0.00513264;90
-120.559;0.00498199;90
-116.943;0.00474951;90
-113.323;0.0049026;90
-106.282;0.00498284;90
-100.74;0.00575276;90
-99.4623;0.00470806;90
-99.4448;0.00590505;90
-99.0256;0.00517609;90
-106.237;0.004939;90
-109.196;0.0047353;90
-103.525;0.00533187;90
-101.633;0.00455762;90
-113.273;0.00437605;90
-115.538;0.00429126;90
-105.729;0.00431975;90
-104.23;0.00630135;90
-103.551;0.00418243;90
-100.841;0.00622611;90
-113.533;0.00492893;90
-110.171;0.0053331;90
-107.149;0.00489043;90
-118.099;0.00454353;90
-108.261;0.00448065;90
-100.9;0.00488106;90
-113.891;0.00383456;90
-121.012;0.00344318;90
-99.0888;0.00446303;90
-80.3975;0.00443616;90
-86.969;0.00497396;90
-77.4974;0.00451302;90
-74.1421;0.004677;90
-76.2983;0.00494369;90
-76.3313;0.0051797;90
-91.6501;0.0055563;90
-92.0459;0.00459393;90
-85.1665;0.00524565;90
-70.3069;0.00460855;90
-73.1558;0.00514891;90
-77.567;0.00538325;90
-91.8442;0.00593507;90
-89.5709;0.00560816;90
-81.3731;0.00577332;90
-83.489;0.00592622;90
-93.3775;0.00609358;90
-94.7354;0.00605667;90
-95.8859;0.00699186;90
-91.8257;0.00574392;90
-91.8059;0.00580688;90
-97.1537;0.00569332;90
-107.079;0.00514489;90
-108.243;0.00520356;90
-108.355;0.00518582;90
-105.629;0.00498118;90
-98.3224;0.00556157;90
-90.5294;0.00584425;90
-84.7162;0.00609189;90
-82.8602;0.00576873;90
-78.7635;0.0056605;90
-68.9837;0.00543451;90
-63.2897;0.00493904;90
-75.31;0.00561143;90
-90.4018;0.00598915;90
-89.3328;0.0059254;90
-87.0471;0.00518288;90
-89.4027;0.00470026;90
-95.4552;0.00730006;90
-104.738;0.00512977;90
-128.924;0.00386128;90
-126.454;0.00430171;90
-104.259;0.00529411;90
-92.1191;0.00527361;90
-83.0713;0.00423594;90
-80.2919;0.00348693;90
-80.7637;0.00387524;90
-83.3205;0.00363668;90
-80.3808;0.00180133;90
-79.6027;0.00144066;90
-80.4558;0.00172488;90
-85.6783;0.00228249;90
-83.6141;0.00304791;90
-82.5141;0.00240248;90
-80.4403;0.00319132;90
-82.9463;0.00289088;90
-81.7187;0.0024647;90
-88.6015;0.00106532;90
-84.3146;0.0015848;90
-71.9481;0.00179748;90
-74.9717;0.00121868;90
-95.2017;0.00142286;90
-87.4079;0.000995018;90
-75.189;0.00346203;90
-124.856;0.00254938;90
-131.894;0.000730808;90
-123.077;0.00246079;90
-28.6861;0.000543737;90
-80.2999;0.00158466;90
-133.208;0.0023063;90
-131.08;0.000661986;90
-133.859;0.000710076;90
-129.168;0.00215013;90
-130.997;0.00105333;90
-129.385;0.00143098;90
-132.869;0.000874589;90
-127.141;0.00202722;90
-72.4238;0.00204654;90
-23.7854;0.001872;90
-14.1344;1.32541;90
-8.87658;0.000868401;90
-10.9627;0.00168271;90
-50.8034;0.00308394;90
-64.2363;0.00348548;90
-68.1471;0.00371818;90
-76.8997;0.00479581;90
-70.8077;0.00389975;90
-54.7798;0.00316791;90
-50.772;0.00314987;90
-66.3451;0.00385817;90
-61.1257;0.00395121;90
-53.0692;0.0039494;90
-47.1098;0.00399503;90
-37.27;0.00435291;90
-58.5856;0.00931077;90
-65.4965;0.0021507;90
-64.0224;0.004929;90
-40.5496;0.00432852;90
10.7397;0.0036652;90
34.3508;0.00420907;90
27.6825;0.00410486;90
22.2515;0.00382916;90
22.1329;0.00375575;90
29.1339;0.00449006;90
29.2947;0.00440424;90
35.4398;0.00455982;90
45.2415;0.00503323;90
53.6658;0.00551904;90
51.7132;0.00558911;90
41.5727;0.00484953;90
49.1504;0.00508045;90
43.9079;0.0050829;90
35.1049;0.00403251;90
26.7424;0.00505801;90
34.5704;0.00453105;90
23.4062;0.00427694;90
18.215;0.00420048;90
29.779;0.0077136;90
40.6827;0.00183165;90
46.9351;0.0044184;90
53.0244;0.00553141;90
57.1647;0.00578173;90
62.1485;0.0061154;90
63.5631;0.0065991;90
69.2847;0.00665206;90
71.962;0.00976914;90
68.6311;0.00400965;90
65.5494;0.00642413;90
62.4924;0.00606235;90
71.9397;0.00696412;90
83.5116;0.00760169;90
86.0687;0.00822636;90
78.7549;0.0072767;90
80.4997;0.00744612;90
82.0653;0.00688189;90
75.4002;0.00779159;90
57.9262;0.00594903;90
46.0064;0.0052334;90
55.3553;0.00567648;90
54.9618;0.00578796;90
37.2924;0.00450252;90
44.2709;0.00527898;90
60.5635;0.00665977;90
69.7747;0.00683227;90
69.0413;0.00672921;90
65.2869;0.00567363;90
72.5766;0.00807866;90
58.8109;0.00588571;90
43.3717;0.00502673;90
30.7189;0.00377232;90
20.8812;0.00439356;90
21.1859;0.00413122;90
38.3801;0.005183;90
46.8633;0.00467574;90
52.5579;0.00488684;90
58.734;0.00546231;90
65.8826;0.00679624;90
68.4301;0.0072626;90
50.8238;0.00516378;90
-0.934019;0.0045396;90
-37.8958;0.00531725;90
-27.2888;0.00470909;90
3.58798;0.00460202;90
26.2869;0.00451378;90
19.1294;0.00412265;90
1.71699;0.00417187;90
-5.42783;0.00391154;90
-15.4226;0.00407992;90
-33.8453;0.00368433;90
-40.6393;0.00359899;90
-48.2561;0.00353558;90
-40.2019;0.00322084;90
-51.709;0.00283867;90
-57.7707;0.0041777;90
-55.5777;0.00540433;90
-51.6892;0.0053845;90
-33.6517;0.00456019;90
-14.677;0.00459804;90
-0.822977;0.00362037;90
27.4672;0.0044879;90
31.9095;0.00456128;90
-20.3505;0.0037842;90
-48.2774;0.00555351;90
-45.8148;0.0052211;90
-25.483;0.00388385;90
-12.9977;0.00278331;90
-29.3594;0.00757721;90
-57.8542;0.00233614;90
-76.6629;0.00512831;90
-81.3063;0.00681429;90
-60.2867;0.00517895;90
-37.1452;0.00382884;90
11.3065;0.00331024;90
2.19759;0.0057112;90
-23.0572;0.00133027;90
-10.6871;0.00245356;90
-25.8447;0.00273895;90
-29.767;0.00257012;90
-29.6522;0.00298949;90
-23.7897;0.00266002;90
-23.3473;0.0023265;90
-12.4531;0.00237897;90
-16.733;0.00243824;90
-18.3674;0.00241503;90
-22.7585;0.00270132;90
-27.2063;0.00267719;90
-18.1754;0.0025134;90
-81.7947;0.0525995;90
-75.6764;0.00425631;90
-66.6447;0.00451276;90
-65.6883;0.0044474;90
-59.9896;0.00398875;90
-59.059;0.00432554;90
-67.1939;0.00544357;90
-55.5129;0.00496449;90
-41.4136;0.00300685;90
-41.6192;0.00232619;90
-48.8417;0.00253289;90
-48.9657;0.00238229;90
-56.7018;0.00198726;90
46.293;0.0132553;90
14.3569;0.00719469;90
20.55;0.00223631;90
12.3492;0.00224904;90
-9.59348;0.00229814;90
-22.7756;0.00297063;90
66.7996;0.00418329;90
100.66;0.00569224;90
96.0005;0.00528998;90
68.4593;0.00448849;90
52.8074;0.0129248;90
-60.6492;0.00135263;90
-63.0595;0.00266187;90
-60.6896;0.00493933;90
-53.0139;0.00453441;90
-41.487;0.00399276;90
-53.8358;0.00446534;90
-17.3572;0.00326152;90
-13.3321;0.00347361;90
-48.332;0.00456219;90
-47.2291;0.00399959;90
-47.1564;0.00407794;90
-50.4376;0.00428313;90
-50.3269;0.0042653;90
-57.5748;0.00477436;90
-67.8623;0.00528349;90
-70.9215;0.00526521;90
-63.7395;0.00487962;90
-62.7568;0.00536515;90
-58.0891;0.0055297;90
-58.8907;0.00546962;90
-65.8266;0.00620513;90
-67.6548;0.00624169;90
-67.551;0.0062431;90
-70.9293;0.00612729;90
-72.1565;0.00624963;90
-68.2339;0.0060299;90
-68.0807;0.00595768;90
-60.7668;0.00563922;90
-37.0976;0.00422763;90
-28.1881;0.00399477;90
4.07328;0.00330836;90
30.5141;0.00406498;90
8.99994;0.00370765;90
-27.5822;0.00398038;90
-28.5793;0.00426234;90
-17.975;0.00401812;90
-34.1561;0.00429602;90
-46.3578;0.00486414;90
-30.1456;0.00450418;90
-2.32605;0.00342482;90
13.7211;0.00383649;90
30.2631;0.00430579;90
42.8959;0.0051038;90
29.1269;0.00446229;90
-0.398712;0.0043111;90
-6.62817;0.00426249;90
13.7995;0.00410859;90
31.9736;0.00439825;90
29.012;0.00417944;90
10.4253;0.00378549;90
-11.2352;0.0040598;90
-6.36139;0.0038809;90
5.61855;0.00384045;90
16.7923;0.00394941;90
16.9197;0.00368344;90
-10.9425;0.00376139;90
-32.4362;0.00439816;90
-54.0638;0.0052651;90
-62.8883;0.00609356;90
-56.2021;0.00530683;90
-47.6912;0.00483416;90
-43.0436;0.00451539;90
-32.513;0.00357774;90
-9.23376;0.00255511;90
52.817;0.000915014;90
-16.0636;0.0139101;90
1.9792;0.00231638;90
9.20153;0.00386473;90
21.6636;0.00401456;90
17.1629;0.00405978;90
2.42255;0.00397455;90
-14.9223;0.00404646;90
-29.3203;0.00441911;90
-16.1619;0.00436137;90
1.21658;0.00423896;90
23.2677;0.00457183;90
18.1452;0.00475233;90
-5.78402;0.00442553;90
5.42675;0.00439872;90
15.3832;0.00455001;90
3.48754;0.00430698;90
-6.8012;0.0044332;90
-17.564;0.00449348;90
-27.4859;0.00478625;90
-34.9256;0.00529945;90
-24.5129;0.00474574;90
-19.7703;0.00453214;90
-25.5585;0.00473538;90
-34.8879;0.00486911;90
-35.9118;0.00532274;90
-43.9476;0.00535158;90
-47.5427;0.00569003;90
-39.391;0.00507872;90
-22.9389;0.00475177;90
-6.34289;0.00469776;90
4.37575;0.00440384;90
-16.9053;0.00450153;90
-33.9349;0.00493327;90
-47.894;0.00570019;90
-56.5399;0.0064967;90
-46.1969;0.0054841;90
-29.7652;0.00489478;90
-21.051;0.00456571;90
-42.4344;0.00537091;90
-52.9349;0.00634124;90
-45.0721;0.00562292;90
-54.4526;0.00613543;90
-55.3935;0.00617322;90
-45.4531;0.0056337;90
-32.7708;0.00484038;90
-28.3797;0.00471689;90
-46.3316;0.00569021;90
-49.3268;0.00570777;90
-50.6913;0.00627468;90
-60.8818;0.00682678;90
-54.2914;0.00603944;90
-39.5589;0.00520513;90
-34.6032;0.00504675;90
-43.5806;0.00542376;90
-31.0109;0.00479424;90
-18.2205;0.004647;90
-32.7186;0.00497305;90
-24.764;0.00466719;90
-30.2812;0.00483695;90
-50.5477;0.00633423;90
-53.5902;0.00600279;90
-42.8369;0.00535803;90
-28.8779;0.0047873;90
-25.9495;0.00482884;90
-45.5404;0.00547254;90
-59.0005;0.00659961;90
-59.3711;0.00654398;90
-44.3843;0.0054613;90
-26.8778;0.00475127;90
12.2091;0.0047617;90
13.7882;0.00448113;90
-2.18265;0.00430612;90
-26.7314;0.00477537;90
-42.6764;0.00540674;90
-59.3465;0.00652356;90
-66.4529;0.00729657;90
-66.7042;0.00704211;90
-59.6024;0.0065435;90
-55.4515;0.00672012;90
-59.086;0.00651095;90
-61.2962;0.00675853;90
-66.5221;0.00719134;90
-70.3281;0.00745617;90
-67.8666;0.0074025;90
-60.5415;0.00660034;90
-50.0899;0.0058979;90
-39.3671;0.00513648;90
-23.3674;0.00463409;90
-8.76196;0.00441148;90
6.4389;0.0044229;90
22.6307;0.00488838;90
32.9629;0.00496053;90
36.2064;0.00512954;90
24.8497;0.00461642;90
7.72597;0.00441104;90
-5.16716;0.00437478;90
-19.4771;0.00462465;90
-31.9844;0.00492931;90
-38.6943;0.00519543;90
-40.3037;0.00559645;90
-21.0259;0.00460994;90
1.3246;0.00436917;90
-2.55348;0.00439937;90
-24.387;0.00457741;90
-36.1804;0.00511917;90
-36.222;0.00415627;90
-25.2192;0.00557874;90
-8.83531;0.00444677;90
-6.18058;0.00443981;90
-28.805;0.00477139;90
-45.9287;0.00593341;90
-39.6853;0.00524453;90
-25.4827;0.00471134;90
-12.8137;0.00455852;90
3.05768;0.00429311;90
17.8227;0.00461656;90
29.7733;0.00474656;90
22.0503;0.00465877;90
4.15284;0.00443264;90
-14.7754;0.00439948;90
-29.6314;0.00520004;90
-43.8229;0.00540414;90
-50.6475;0.00587772;90
-41.7048;0.005339;90
-26.091;0.00475673;90
-24.4691;0.00471992;90
-26.3176;0.00466001;90
-32.7618;0.00493027;90
-41.318;0.00485583;90
-50.5766;0.00641057;90
-61.5218;0.00732765;90
-66.3098;0.00717787;90
-65.5013;0.00719364;90
-62.8032;0.00669296;90
-53.3171;0.00606643;90
-42.8367;0.00539483;90
-41.2515;0.00534302;90
-44.0569;0.00549921;90
-46.8745;0.0056422;90
-41.5178;0.00534357;90
-19.0589;0.00493661;90
4.48512;0.00437339;90
3.45994;0.004391;90
-4.54428;0.00431657;90
-10.5398;0.00445008;90
-18.1311;0.00459201;90
-24.9944;0.00461743;90
-30.5917;0.00522876;90
-32.8101;0.00496626;90
-38.4881;0.00510644;90
-50.776;0.00597925;90
-60.9114;0.0104821;90
-60.9775;0.00865707;90
-54.9452;0.00500731;90
-48.2115;0.00574295;90
-39.0617;0.0051876;90
-28.7936;0.00481879;90
-17.4048;0.00457339;90
-6.15021;0.0043963;90
-4.42318;0.0046679;90
-10.217;0.00443127;90
-6.62671;0.00205372;90
0.841948;0.00585263;90
9.68879;0.00262038;90
17.902;0.00445363;90
22.8577;0.00474458;90
17.751;0.00447716;90
9.25233;0.00444078;90
3.21466;0.00465432;90
-2.79053;0.00449833;90
-6.98504;0.00436641;90
-4.01533;0.00435569;90
-2.60256;0.0043605;90
-1.13737;0.00423183;90
6.40216;0.00714757;90
3.14725;0.00438962;90
4.64776;0.00439345;90
17.2769;0.00452203;90
25.5827;0.00187813;90
34.2392;0.00532481;90
44.1966;0.00549688;90
49.6026;0.00585109;90
44.1523;0.00554432;90
26.3361;0.00469981;90
9.15411;0.00443144;90
-8.4079;0.00440434;90
-26.1235;0.00475805;90
-41.4599;0.00523338;90
-47.1157;0.00611003;90
-52.1997;0.00598619;90
-59.2762;0.00651203;90
-64.051;0.00690404;90
-63.1281;0.00634739;90
-56.7549;0.00642806;90
-48.4701;0.00922911;90
-35.1417;0.00507991;90
-11.8138;0.00441553;90
16.0576;0.00449019;90
32.6419;0.00494265;90
32.2547;0.00523718;90
24.3015;0.00219664;90
15.9232;0.00354294;90
1.70282;0.00501421;90
-19.066;0.00453688;90
-27.4342;0.00480542;90
-18.2832;0.00453599;90
-11.8383;0.0045089;90
-17.1991;0.00445732;90
-35.5978;0.00509886;90
-48.7366;0.00577236;90
-59.0288;0.00658949;90
-65.3404;0.00716877;90
-65.2538;0.00720019;90
-60.069;0.00603259;90
-59.7248;0.00703555;90
-54.994;0.00636437;90
-48.8188;0.00571196;90
-43.6248;0.00548024;90
-37.4111;0.00554705;90
-29.935;0.00478541;90
-21.125;0.00460872;90
-12.7882;0.00443193;90
-4.55695;0.00444305;90
-16.8684;0.00447661;90
-43.4234;0.00555148;90
-63.8468;0.00690605;90
-75.8122;0.0162342;90
-73.4587;0.00837354;90
-70.1091;0.00759192;90
-66.095;0.00728491;90
-62.0156;0.0063913;90
-66.3413;0.00760302;90
-68.2624;0.00750897;90
-70.2269;0.00762348;90
-72.6645;0.00774584;90
-71.9379;0.00782459;90
-65.9288;0.00717384;90
-63.7872;0.0075661;90
-63.3753;0.00686831;90
-65.6069;0.00726887;90
-65.2493;0.00703417;90
-59.5449;0.00668425;90
-56.5884;0.00621993;90
-49.4676;0.00586418;90
-41.3198;0.0054751;90
-29.8813;0.00473901;90
-19.7409;0.00464817;90
-24.6972;0.00498058;90
-28.8898;0.00479584;90
-34.6122;0.00506673;90
-41.5873;0.00534531;90
-55.5142;0.0100053;90
-60.8799;0.00271863;90
-55.2697;0.00629439;90
-46.2367;0.00550399;90
-48.6086;0.00595433;90
-58.202;0.0063842;90
-61.5433;0.00734322;90
-65.9595;0.00708672;90
-68.5438;0.00745785;90
-69.2983;0.00759541;90
-62.2893;0.00686655;90
-53.4805;0.00582091;90
-42.8586;0.00562047;90
-34.9113;0.00494489;90
-39.8029;0.00540188;90
-47.0034;0.00578484;90
-52.9171;0.00640164;90
-54.5967;0.00619683;90
-52.1104;0.00583252;90
-50.0616;0.00601903;90
-42.856;0.00550019;90
-41.3623;0.00531613;90
-50.3082;0.00593119;90
-58.6515;0.00656426;90
-66.1294;0.00722064;90
-69.4768;0.00755021;90
-57.9142;0.00558747;90
-17.9646;0.00196479;90
-61.9186;0.00376865;90
-40.3596;0.00264831;90
-22.1278;0.00198846;90
-17.333;0.00243351;90
-28.0366;0.00356994;90
-47.854;0.00579415;90
-58.9707;0.00359667;90
-65.5538;0.0042577;90
-46.9678;0.00156504;90
-18.509;0.00146793;90
-48.6291;0.000670267;90
-71.4828;0.00308575;90
-100.525;0.00620236;90
