angle=Azimuth
heading=Coordinate_System
dist_units=Default
startAt=15.6506;60.6202;90
survey=Polygonal
[data]
-35.5019;0.000745612;90
-67.0226;0.000850478;90
-65.8523;0.000848225;90
-91.4537;0.00165553;90
-105.052;0.00140935;90
-125.377;0.00112098;90
-113.038;0.000748712;90
-119.842;0.00117362;90
-93.9825;0.00142544;90
-72.2927;0.00169322;90
-88.2101;0.000960469;90
-52.6726;0.00120224;90
-39.2832;0.000645973;90
-40.8116;0.00112306;90
48.5855;0.000825395;90
-69.4518;0.00085756;90
-79.5181;0.00130274;90
-102.074;0.000984787;90
150.469;0.00268822;90
149.828;0.000931155;90
92.5785;0.00151153;90
92.0376;0.00289683;90
100.891;0.00187884;90
62.7072;0.00242946;90
115.165;0.00230697;90
109.979;0.00111511;90
79.2184;0.000978269;90
-6.77055;0.00110269;90
-9.28664;0.00123316;90
77.7069;0.00334878;90
81.9782;0.00202077;90
94.5528;0.00162513;90
86.2973;0.00294214;90
79.3217;0.00288191;90
84.5756;0.00306774;90
78.8473;0.00242989;90
74.3872;0.00321773;90
79.3545;0.0024522;90
108.507;0.00276288;90
-169.004;0.00121633;90
-108.728;0.00246977;90
-90;0.00291;90
-94.5006;0.00112146;90
80.4567;0.00674332;90
22.2373;0.00102525;90
-72.6432;0.00247049;90
-92.022;0.00218236;90
-106.909;0.0037752;90
-96.9304;0.00215474;90
-100.48;0.00260038;90
-92.1088;0.0030981;90
-106.013;0.00199022;90
-89.4789;0.0024191;90
-91.8665;0.00254835;90
-101.563;0.00243951;90
-110.459;0.00214853;90
143.224;0.0019576;90
-110.571;0.0008908;90
-76.023;0.00140768;90
-63.022;0.00210956;90
-115.274;0.00214314;90
-95.9095;0.00177745;90
-76.7129;0.00204063;90
-96.9659;0.00214382;90
-48.7918;0.00145417;90
-90.8596;0.00153317;90
-96.9979;0.00178933;90
-13.8024;0.00101017;90
45.9891;0.00106506;90
-146.222;0.00181304;90
-96.588;0.00395713;90
-102.013;0.000879255;90
-98.1334;0.00485584;90
-30.714;0.00086539;90
-7.98205;0.000547302;90
96.9355;0.00603718;90
81.597;0.00175181;90
91.2413;0.0021235;90
64.1197;0.00078581;90
-2.29061;0.00105084;90
48.8104;0.00144711;90
-168.152;0.00382345;90
-125.734;0.00139207;90
-116.145;0.00256216;90
-114.288;0.00100166;90
-125.748;0.00152169;90
160.902;0.00144874;90
167.521;0.00062476;90
-105.472;0.00122956;90
-105.484;0.00160319;90
-105.404;0.00219485;90
-101.741;0.00281592;90
-86.9797;0.00318843;90
-172.691;0.00177643;90
176.946;0.00240241;90
-157.649;0.000949318;90
-160.213;0.00226577;90
155.031;0.00138108;90
113.232;0.00267708;90
112.508;0.000948233;90
127.494;0.00238714;90
-178.818;0.00247253;90
-136.064;0.00201772;90
-105.434;0.00146171;90
140.644;0.000913059;90
-149.518;0.00232423;90
-163.248;0.0028207;90
-162.55;0.00193086;90
-149.754;0.00486185;90
-113.291;0.00544253;90
-140.326;0.00472265;90
-133.239;0.00483324;90
-128.75;0.00564444;90
-129.137;0.00547549;90
-130.37;0.00553633;90
-129.121;0.00559151;90
-130.153;0.00510518;90
-133.276;0.00543092;90
-125.092;0.00593846;90
-125.475;0.00595677;90
-136.033;0.00553259;90
-135.394;0.00513796;90
-119.977;0.00563594;90
-143.483;0.00425668;90
-173.972;0.00378996;90
-178.911;0.00420876;90
-177.643;0.00384125;90
-141.974;0.00537489;90
-118.602;0.00651734;90
-112.677;0.007037;90
-113.917;0.00669926;90
-114.26;0.00712854;90
-118.368;0.00666544;90
-124.669;0.0111386;90
-114.555;0.00294537;90
-110.021;0.00758858;90
-101.369;0.00785818;90
-96.7547;0.00917368;90
-100.732;0.00836125;90
-105.049;0.00835763;90
-104.737;0.0132871;90
-101.959;0.00261577;90
-103.061;0.00364632;90
-103.556;0.00193696;90
117.775;0.00277468;90
123.124;0.00395826;90
123.593;0.00441903;90
133.521;0.00254855;90
121.315;0.00653971;90
117.198;0.000809506;90
125.133;0.00422954;90
125.547;0.00359496;90
132.661;0.00133401;90
135.47;0.00189511;90
140.887;0.00246809;90
148.259;0.00278093;90
135.126;0.00320744;90
121.388;0.0043296;90
112.715;0.00384308;90
111.831;0.00365188;90
114.75;0.00285197;90
120.09;0.00530953;90
125.534;0.00165525;90
121.799;0.00348042;90
121.162;0.00405631;90
123.279;0.00425355;90
128.498;0.00431494;90
123.215;0.00488874;90
115.16;0.00893578;90
114.964;0.00188843;90
114.039;0.00438427;90
114.322;0.00488015;90
111.657;0.00502363;90
108.282;0.00543534;90
107.535;0.00531708;90
107.398;0.00553837;90
108.3;0.00658293;90
106.617;0.00783311;90
101.164;0.00779858;90
98.2489;0.00798057;90
98.3003;0.00742579;90
101.286;0.00736338;90
107.892;0.00684189;90
115.844;0.00561119;90
124.285;0.0052067;90
134.333;0.00461348;90
135.968;0.00431326;90
130.158;0.00505192;90
116.869;0.00522398;90
101.765;0.00725849;90
99.7048;0.00672118;90
100.219;0.00677547;90
101.263;0.00644104;90
103.311;0.00641534;90
103.772;0.00651943;90
103.868;0.00719679;90
103.716;0.00651582;90
104.583;0.00655725;90
112.712;0.00577047;90
115.477;0.00572134;90
116.017;0.00560832;90
115.645;0.00573715;90
115.816;0.00601867;90
114.083;0.00502872;90
109.379;0.0135316;90
96.9062;0.00272779;90
93.2098;0.00614364;90
112.27;0.0105283;90
156.769;0.00161494;90
-169.738;0.00260466;90
138.423;0.00279523;90
109.237;0.00234917;90
67.9894;0.00172902;90
78.8054;0.00224063;90
79.0529;0.00235383;90
84.3063;0.0016833;90
-100.91;0.0072755;90
-116.063;0.000919506;90
-75.4096;0.00102816;90
-68.6947;0.00102935;90
114.064;0.00148616;90
-40.9281;0.0136526;90
-83.4397;0.00557551;90
-84.9765;0.00701193;90
-77.2311;0.00647001;90
-68.3981;0.00618759;90
-63.6605;0.00579459;90
-63.8488;0.00600579;90
-65.0601;0.00570829;90
-63.641;0.00609243;90
-63.9606;0.00711636;90
-69.6236;0.0066832;90
-76.1443;0.00638891;90
-76.4382;0.00603425;90
-75.9682;0.0062938;90
-76.2205;0.00611705;90
-76.911;0.00591261;90
-78.3659;0.00724484;90
-79.6802;0.00823928;90
-79.4642;0.00843318;90
-71.8371;0.00632621;90
-60.1014;0.00457603;90
-45.4912;0.004124;90
-45.3445;0.00388138;90
-45.3882;0.00396555;90
-55.5334;0.00450236;90
-63.6739;0.00621901;90
-71.8156;0.00679643;90
-78.5058;0.00750246;90
-82.3003;0.00706066;90
-80.7888;0.00731533;90
-80.0788;0.00673268;90
-75.2661;0.00601581;90
-73.68;0.00636652;90
-70.5857;0.00543928;90
-72.5001;0.00705345;90
-72.2629;0.00667322;90
-68.1746;0.00709022;90
-65.4804;0.00676618;90
-65.6633;0.00649846;90
-65.1181;0.00607489;90
-55.9766;0.00581558;90
-53.6156;0.00587661;90
-58.5949;0.00587812;90
-57.8566;0.00422336;90
-58.6933;0.00378161;90
-58.7461;0.00301447;90
-67.8363;0.00372958;90
-67.8253;0.00424713;90
-62.7917;0.00354529;90
-54.3727;0.00386431;90
-36.9401;0.0031016;90
-33.809;0.00253942;90
-36.2147;0.0015741;90
-44.9132;0.00140078;90
-53.9329;0.00519591;90
-54.867;0.00149789;90
-56.7337;0.00296246;90
-54.7476;0.00324509;90
-55.4571;0.0026648;90
-55.796;0.00194791;90
-55.5976;0.00417167;90
-55.1841;0.00450309;90
-54.0841;0.00234232;90
64.2568;0.00402221;90
76.7071;0.00588878;90
76.3387;0.0067829;90
72.9872;0.00665105;90
76.7355;0.00781448;90
81.2704;0.00763646;90
82.6057;0.00839179;90
77.0218;0.00811735;90
68.6085;0.00765753;90
58.5728;0.00689087;90
55.1962;0.00633532;90
61.4571;0.00697129;90
65.5481;0.00713165;90
66.8025;0.00697382;90
67.1936;0.00794081;90
55.9303;0.00598535;90
27.9936;0.004359;90
3.63205;0.00404112;90
1.60893;0.00384652;90
16.4429;0.00423938;90
45.4746;0.00554886;90
52.2182;0.00614538;90
43.0176;0.00596873;90
50.7058;0.00586765;90
56.2598;0.0114218;90
48.6843;0.00220082;90
44.2509;0.00351533;90
46.6562;0.00552906;90
50.5796;0.0101527;90
49.697;0.00227108;90
51.649;0.00466576;90
47.6613;0.00504074;90
38.6136;0.00484404;90
64.2743;0.00668567;90
26.933;0.00410864;90
14.1268;0.00383498;90
26.9522;0.00324327;90
37.1483;0.00172882;90
31.8132;0.00306553;90
-36.3802;0.00234009;90
-34.3825;0.00114748;90
-79.6099;0.00306628;90
-43.3956;0.00229829;90
26.7984;0.00241542;90
10.7281;0.00162236;90
-7.30576;0.00176936;90
-22.8648;0.00223133;90
-29.6015;0.00267631;90
-26.1336;0.0022567;90
-43.1167;0.000731544;90
-20.9222;0.000677682;90
18.6867;0.00230343;90
50.318;0.00302885;90
14.9827;0.00151242;90
83.199;0.00157911;90
106.853;0.00266966;90
145.428;0.000793038;90
143.151;0.0016208;90
139.082;0.00184741;90
93.8821;0.00134408;90
70.5237;0.00210548;90
86.9556;0.00171342;90
82.3193;0.00219974;90
91.4458;0.00198163;90
-2.51381;0.00082079;90
30.2922;0.00103884;90
53.6851;0.000908443;90
77.0977;0.00251243;90
108.859;0.000897163;90
71.552;0.00138413;90
91.094;0.00157129;90
77.0504;0.00124055;90
75.8272;0.00132328;90
-49.0856;0.000833676;90
-81.7503;0.00196534;90
-59.449;0.000714139;90
-56.8125;0.00123315;90
-86.8704;0.00139208;90
-80.2416;0.00162248;90
-74.7126;0.00124402;90
-69.5992;0.000820461;90
-68.4472;0.0010698;90
-63.909;0.00118918;90
-76.8908;0.00127421;90
-86.8619;0.00091337;90
-67.3267;0.00173292;90
-83.3368;0.00107728;90
0.245903;0.000699006;90
-75.8668;0.00157673;90
-96.2743;0.00153721;90
-88.5705;0.00336705;90
-89.7056;0.00155702;90
-100.659;0.00262224;90
-92.7383;0.00159082;90
-104.422;0.00133301;90
-139.555;0.000952654;90
-111.704;0.00130878;90
-74.4466;0.00146567;90
-112.865;0.00207179;90
86.9546;0.000922303;90
27.3974;0.000923594;90
93.5148;0.000929749;90
100.643;0.00136447;90
69.3188;0.00133931;90
35.854;0.000631699;90
77.2649;0.00234981;90
83.0938;0.0013639;90
84.1898;0.00165953;90
91.02;0.00168527;90
97.2621;0.000933488;90
84.8118;0.00248819;90
107.539;0.00291345;90
107.169;0.00134493;90
104.076;0.00173922;90
93.8141;0.000977164;90
116.565;0.000842998;90
108.188;0.0009547;90
106.543;0.00084289;90
104.977;0.00203927;90
107.343;0.00127811;90
105.684;0.00159436;90
94.0334;0.00140749;90
128.817;0.00108323;90
104.702;0.000918059;90
97.9112;0.0015548;90
130.25;0.000742892;90
-111.734;0.00110452;90
-101.489;0.00156639;90
-89.5815;0.00150604;90
-116.812;0.00124371;90
-69.5692;0.00155267;90
-99.5995;0.00151116;90
-157.308;0.00378716;90
-171.086;0.000806743;90
-124.328;0.00109588;90
-120.002;0.0016859;90
-112.091;0.00267758;90
-144.197;0.0011812;90
164.25;0.000884195;90
134.487;0.000789163;90
125.639;0.000791183;90
136.957;0.00111788;90
120.746;0.00117169;90
107.246;0.00155491;90
111.121;0.00107952;90
123.304;0.00102899;90
140.01;0.00119037;90
122.332;0.00104146;90
129.492;0.00177526;90
141.178;0.00126814;90
-119.017;0.0010452;90
-102.406;0.00111709;90
-104.952;0.00629824;90
-99.7573;0.00108571;90
-52.3363;0.00249744;90
-50.2627;0.00182709;90
-33.9378;0.00141145;90
42.7706;0.000581682;90
77.9119;0.00180502;90
76.2488;0.00248626;90
70.6877;0.00109459;90
-39.2773;0.00166647;90
18.6849;0.000652384;90
36.7444;0.0010046;90
-53.3975;0.000857009;90
-57.5803;0.000938229;90
-40.2455;0.00110051;90
-4.61905;0.00131628;90
63.6713;0.00140918;90
70.5308;0.00152415;90
64.5557;0.00194351;90
41.5542;0.00180001;90
1.44158;0.000755239;90
-27.8143;0.0014359;90
29.8698;0.000682689;90
54.7725;0.00111646;90
-149.24;0.00256135;90
-90;0.002449;90
-97.3524;0.00190668;90
-99.9349;0.00245177;90
-107.378;0.00200554;90
-66.8487;0.000796111;90
82.5479;0.00717056;90
90.537;0.00245411;90
0.284697;0.00080501;90
39.6901;0.00203246;90
113.717;0.00142211;90
-155.479;0.00129148;90
103.027;0.0014729;90
156.637;0.000776681;90
88.9212;0.00100918;90
85.9114;0.00273496;90
109.118;0.00220142;90
64.2641;0.00250332;90
104.33;0.00212925;90
117.22;0.00101658;90
91.945;0.00111965;90
53.3672;0.000869807;90
95.2433;0.00137877;90
-90.8695;0.017595;90
-161.59;0.000715624;90
146.504;0.00130827;90
110.788;0.000924164;90
123.985;0.00139897;90
117.632;0.00088832;90
123.315;0.000890313;90
122.538;0.000992837;90
124.17;0.000827919;90
132.321;0.00105899;90
153.535;0.00102323;90
124.547;0.00153947;90
113.765;0.0016204;90
119.266;0.00118643;90
-176.309;0.000497031;90
-109.384;0.00152759;90
168.603;0.000774267;90
-30.9958;0.00398271;90
-35.1967;0.00105485;90
-20.9902;0.000695127;90
-48.3351;0.000607727;90
-49.7218;0.000884765;90
-58.5336;0.000957856;90
-56.2362;0.00107778;90
-19.9064;0.000701941;90
26.099;0.000879698;90
17.3223;0.000863148;90
1.14904;0.00069814;90
-28.0581;0.000703706;90
-40.1269;0.000799091;90
2.38264;0.000721624;90
19.3915;0.000719835;90
56.5353;0.00112799;90
-41.8562;0.00074783;90
-79.4078;0.00140901;90
-111.173;0.00115175;90
100.2;0.00269357;90
152;0.00107141;90
137.593;0.000578298;90
134.162;0.00057989;90
119.349;0.00105891;90
98.6043;0.00181139;90
104.135;0.00084354;90
90.6002;0.00105006;90
51.5409;0.000980777;90
72.6274;0.000921014;90
59.2307;0.000707607;90
52.5588;0.000822441;90
78.5163;0.00103471;90
82.537;0.00140894;90
106.392;0.00144576;90
117.108;0.00075493;90
121.84;0.00172685;90
148.44;0.00467908;90
147.315;0.000679612;90
160.025;0.000576691;90
173.766;0.00059854;90
178.279;0.00059927;90
-164.343;0.000463186;90
79.4965;0.00209002;90
77.8587;0.000946164;90
54.5858;0.00107855;90
-5.0714;0.000463816;90
-10.509;0.000477001;90
10.9644;0.000878028;90
-47.2506;0.000972315;90
-10.1977;0.000717332;90
-31.4557;0.000519317;90
-11.5907;0.0010004;90
-89.3875;0.00102906;90
-73.4287;0.00145858;90
-16.3895;0.000815122;90
-89.6046;0.00333308;90
-62.4969;0.00142054;90
-61.9303;0.00119224;90
-103.892;0.00557712;90
-127.455;0.000646234;90
-104.654;0.00123725;90
-67.995;0.00162002;90
-89.7514;0.00161302;90
-43.8453;0.00171933;90
-34.1545;0.00065013;90
-19.5906;0.00109753;90
-69.7007;0.000835916;90
-93.2717;0.0013492;90
-123.376;0.00101068;90
-147.06;0.00639624;90
-109.356;0.0017711;90
-126.057;0.00169217;90
156.783;0.00167678;90
176.275;0.000554171;90
-107.691;0.00199746;90
-99.5537;0.00103029;90
-107.199;0.00162674;90
-100.957;0.00353035;90
-87.2119;0.0030426;90
179.533;0.00392913;90
-157.435;0.00111539;90
-160.274;0.00159989;90
174.378;0.001664;90
113.856;0.00323652;90
121.008;0.00220513;90
153.771;0.0025183;90
-142.975;0.00221701;90
-127.662;0.00172176;90
-159.112;0.00236439;90
-158.837;0.00344858;90
-153.928;0.00639584;90
-117.094;0.00217802;90
-118.021;0.00494465;90
-144.797;0.00424299;90
-130.689;0.00529636;90
-127.356;0.00599082;90
-130.579;0.00564182;90
-129.925;0.00702578;90
-129.194;0.00641027;90
-133.102;0.00567836;90
-124.822;0.00631844;90
-126.647;0.00616205;90
-137.483;0.00574427;90
-131.11;0.00584781;90
-121.038;0.00568261;90
-157.277;0.00445801;90
-176.706;0.00426404;90
-178.176;0.00411509;90
-164.781;0.00408735;90
-133.06;0.00511744;90
-113.894;0.0110752;90
-113.867;0.00248882;90
-112.674;0.00498854;90
-114.462;0.00532498;90
-101.38;0.00512373;90
-119.511;0.00112265;90
110.002;0.00314575;90
53.5444;0.00279367;90
95.2858;0.00124831;90
-91.7257;0.00139463;90
-143.305;0.00150781;90
-86.3656;0.00246095;90
-43.801;0.00138553;90
114.688;0.00151553;90
-121.526;0.003496;90
-124.373;0.00504619;90
-124.662;0.00585515;90
-114.583;0.0064925;90
-106.843;0.00724061;90
-100.346;0.0076504;90
-96.6286;0.00750215;90
-100.591;0.00640919;90
-102.371;0.00797721;90
-107.582;0.00673039;90
-104.341;0.0050989;90
-102.651;0.00132415;90
-103.072;0.00188792;90
-106.756;0.000874113;90
-102.489;0.00300102;90
-98.8787;0.000887636;90
-108.109;0.00105527;90
-81.7996;0.0026501;90
-16.7045;0.00104719;90
-131.044;0.00087111;90
122.664;0.0013007;90
130.491;0.00186192;90
127.203;0.00326806;90
122.808;0.00333137;90
124.471;0.00397008;90
134.368;0.0018591;90
118.557;0.00334494;90
123.993;0.00393676;90
120.582;0.00404111;90
129.175;0.00416657;90
132.447;0.00166689;90
140.877;0.00191288;90
144.949;0.00279121;90
142.026;0.00315619;90
126.859;0.0041394;90
115.382;0.00459118;90
110.731;0.00359903;90
114.56;0.00309393;90
119.766;0.00337995;90
122.322;0.00710718;90
119.566;0.00187058;90
121.288;0.00439987;90
126.001;0.00504938;90
125.603;0.0053267;90
117.911;0.00628285;90
113.952;0.00624915;90
114.154;0.0062831;90
114.215;0.00632445;90
107.638;0.0071155;90
107.226;0.00739157;90
107.974;0.00782594;90
109.499;0.00711825;90
101.681;0.00763104;90
98.7351;0.00786219;90
98.0819;0.00773886;90
99.6566;0.00727305;90
105.824;0.00615734;90
109.913;0.0056902;90
117.947;0.00493107;90
127.454;0.00531968;90
135.323;0.0047688;90
134.881;0.0047744;90
121.844;0.00599304;90
106.331;0.00719113;90
100.54;0.00790537;90
99.8751;0.00789497;90
101.347;0.00785249;90
103.756;0.00846993;90
104.175;0.00802431;90
103.624;0.00809581;90
108.41;0.0129381;90
115.954;0.00230775;90
116.017;0.00570626;90
115.67;0.00604125;90
116.307;0.00716175;90
116.228;0.00683578;90
114.189;0.00578163;90
103.251;0.0058898;90
99.0577;0.00584387;90
93.8399;0.00591327;90
102.711;0.00511742;90
123.709;0.00410284;90
160.032;0.00257691;90
-168.68;0.00222121;90
139.452;0.00255045;90
113.761;0.0023677;90
-71.2695;0.00116468;90
-63.2389;0.000915004;90
-104.643;0.00160204;90
134.605;0.000820263;90
154.785;0.00204925;90
127.628;0.00136112;90
113.427;0.00214044;90
134.152;0.00171987;90
93.569;0.000979901;90
59.1379;0.000966911;90
22.8486;0.000558851;90
-21.3631;0.000922376;90
1.59572;0.0010414;90
37.5628;0.00120729;90
-70.4982;0.00164752;90
-81.0697;0.00260255;90
-62.4706;0.00340109;90
-25.8458;0.00281454;90
-7.58171;0.00322116;90
-51.8344;0.00463479;90
-79.2495;0.00658864;90
-85.2738;0.00712422;90
-79.1126;0.00696741;90
-67.5123;0.00643425;90
-62.9565;0.00626613;90
-65.6687;0.00724008;90
-62.049;0.00654554;90
-65.9266;0.00687167;90
-65.2732;0.00662217;90
-72.1847;0.00710574;90
-77.7636;0.00847862;90
-75.1391;0.00837514;90
-77.4977;0.00820865;90
-77.3407;0.00823622;90
-80.2171;0.00855135;90
-80.2243;0.00844563;90
-71.3999;0.00702282;90
-60.9111;0.00600206;90
-42.8913;0.0050925;90
-44.8414;0.00536343;90
-55.8583;0.0057355;90
-64.1352;0.00596449;90
-72.7363;0.0066213;90
-78.4805;0.00702552;90
-81.5193;0.00820471;90
-81.6923;0.00739156;90
-78.5758;0.00747204;90
-73.2061;0.00742048;90
-72.8489;0.00774858;90
-72.4509;0.00732281;90
-73.8353;0.00724857;90
-66.9864;0.00610053;90
-61.6645;0.00502282;90
-68.5469;0.00565156;90
-66.5675;0.00511482;90
-64.2733;0.00492077;90
-54.7932;0.00432762;90
-51.8041;0.00424354;90
-60.2396;0.0045651;90
-57.5966;0.0041502;90
-57.4886;0.00415281;90
-57.0493;0.00298759;90
-60.124;0.00271017;90
-65.4789;0.00313473;90
-67.454;0.00405816;90
-64.9861;0.0046921;90
-52.8268;0.00464727;90
-39.8111;0.00398745;90
-34.3601;0.00320167;90
-48.768;0.00350776;90
-55.2715;0.00445331;90
-53.6136;0.00348432;90
-54.8054;0.00407734;90
-59.0621;0.00190038;90
-49.1475;0.00163274;90
-58.4263;0.00410814;90
-54.8311;0.00390112;90
-54.225;0.00317138;90
-52.1702;0.00177885;90
-40.0279;0.00148485;90
160.797;0.000872551;90
156.244;0.00129579;90
78.3895;0.0029912;90
75.9819;0.00535446;90
77.1191;0.00623079;90
73.9025;0.00646655;90
74.1166;0.00660622;90
78.189;0.00706457;90
82.1586;0.00757887;90
82.5578;0.00826865;90
75.1477;0.00745921;90
69.2105;0.00631946;90
58.9261;0.00615527;90
53.4575;0.00500488;90
70.2468;0.00453591;90
64.0831;0.00284625;90
37.8569;0.00167185;90
87.0298;0.00212285;90
126.905;0.0012956;90
163.126;0.00119547;90
132.026;0.000981371;90
124.238;0.000927779;90
106.598;0.00136174;90
67.4995;0.00225247;90
75.3035;0.0031573;90
70.9464;0.00266501;90
11.0213;0.00202434;90
36.6593;0.00233982;90
11.0079;0.00252954;90
-12.8157;0.000888124;90
28.5051;0.00121533;90
67.6953;0.00454507;90
54.7667;0.00472693;90
35.1582;0.0042651;90
8.06219;0.00357938;90
0.713744;0.0038533;90
11.2172;0.00411766;90
27.8451;0.00422409;90
55.781;0.00573834;90
46.3658;0.00566624;90
43.461;0.0054764;90
54.3759;0.00554711;90
56.1281;0.00515485;90
54.8047;0.00542712;90
47.3805;0.00529443;90
45.6646;0.005426;90
49.6164;0.00548231;90
50.3656;0.00565618;90
51.9506;0.00584904;90
48.9324;0.00501104;90
48.1615;0.00933387;90
73.5186;0.0022171;90
27.4017;0.00382856;90
14.4374;0.00353359;90
24.6338;0.0035963;90
37.2106;0.00158083;90
37.0425;0.00305441;90
-32.9194;0.0029901;90
-66.2151;0.00219438;90
-59.196;0.00338214;90
19.9938;0.00274334;90
19.2345;0.000974393;90
-5.09316;0.00271472;90
-27.6973;0.00287436;90
-26.621;0.00320473;90
-24.3358;0.00280526;90
41.2836;0.00364361;90
27.6182;0.00243325;90
95.3558;0.00359972;90
148.945;0.00248519;90
122.562;0.00125414;90
136.948;0.00156007;90
73.5699;0.00254909;90
81.8762;0.00256171;90
85.7682;0.00273746;90
71.5391;0.00139899;90
34.1721;0.00217561;90
-68.6997;0.00303642;90
157.331;0.00369223;90
-84.6113;0.00178891;90
-178.661;0.000599164;90
166.749;0.000619494;90
-174.041;0.000847581;90
-104.68;0.00114436;90
-131.201;0.00108851;90
-163.868;0.000464281;90
63.0901;0.00482999;90
-167.918;0.000640181;90
-100.429;0.000905967;90
-119.36;0.00271469;90
-111.271;0.00130382;90
-126.357;0.00113865;90
-177.634;0.00121103;90
135.45;0.00117171;90
-124.763;0.000696271;90
-113.166;0.00115405;90
-94.5167;0.00163809;90
-104.643;0.00199375;90
-101.687;0.00250289;90
-86.4354;0.00275032;90
-103.261;0.00112911;90
172.673;0.000807595;90
170.754;0.00191691;90
-176.528;0.00165103;90
-159.338;0.00203488;90
-169.522;0.00151221;90
-143.463;0.00120602;90
-86.3093;0.00278077;90
-90.2033;0.00422803;90
-89.3275;0.00255618;90
-74.0774;0.00172415;90
89.7999;0.00429603;90
-68.8101;0.000782936;90
92.9135;0.00834178;90
2.20495;0.000935693;90
12.5802;0.00181354;90
28.6909;0.00159139;90
-0.541586;0.00201009;90
-19.9831;0.00259844;90
-32.1877;0.00289847;90
-27.7113;0.00225799;90
-17.52;0.00205954;90
37.9036;0.0024612;90
43.1174;0.00253988;90
39.9238;0.00130265;90
97.0578;0.00285665;90
132.534;0.0013313;90
145.529;0.00132336;90
133.936;0.00156085;90
134.031;0.00142149;90
69.6769;0.00213063;90
78.8551;0.00211081;90
81.8112;0.00275913;90
93.4426;0.00203167;90
-10.8626;0.000753501;90
29.0187;0.00108638;90
52.5678;0.000896643;90
-145.107;0.00223233;90
151.899;0.000583824;90
165.585;0.00102837;90
-148.964;0.000814619;90
-117.497;0.000825218;90
-117.558;0.00234957;90
-104.881;0.00124992;90
-146.804;0.000515058;90
-113.796;0.000907114;90
-163.894;0.000980484;90
-175.659;0.000528516;90
130.101;0.00126681;90
129.508;0.00108615;90
123.091;0.000928619;90
-135.801;0.00101126;90
-175.633;0.000696021;90
124.567;0.000652127;90
119.092;0.00117642;90
139.78;0.00104378;90
130.437;0.000906556;90
-132.044;0.000603258;90
-95.1391;0.00093777;90
-178.938;0.000809139;90
-137.107;0.000634704;90
-123.468;0.00128747;90
9.94226;0.00378789;90
-18.7057;0.000869952;90
-1.19705;0.00167537;90
-50.8501;0.000693749;90
-54.0652;0.000637285;90
-26.8279;0.000974936;90
-52.4559;0.000713849;90
-13.2964;0.000469588;90
5.06022;0.000850314;90
59.1035;0.000876358;90
66.987;0.00368855;90
53.2348;0.000656601;90
-56.024;0.00355734;90
-94.6236;0.00156309;90
-105.96;0.00262208;90
-88.0286;0.00165698;90
-46.6898;0.00139078;90
88.6711;0.0103488;90
-4.34513;0.0011483;90
53.2517;0.001414;90
142.17;0.0153868;90
71.526;0.000927812;90
-61.742;0.00199813;90
-65.6955;0.00166672;90
-50.8696;0.00091271;90
-11.5892;0.000482844;90
-35.5896;0.000769792;90
-42.1589;0.000570629;90
-45.6334;0.000703614;90
-61.1532;0.000696417;90
-62.0644;0.00100965;90
-46.606;0.000605521;90
-24.7918;0.000722596;90
14.5151;0.000638376;90
24.6937;0.000835393;90
27.0721;0.00070752;90
-28.2874;0.000580298;90
-35.3228;0.00117783;90
-17.9249;0.000532865;90
-11.7863;0.000518941;90
39.8718;0.000775264;90
61.8508;0.00092206;90
-19.5367;0.0005263;90
-70.5778;0.00124802;90
-87.9471;0.0010887;90
-111.824;0.00092532;90
-165.943;0.00410904;90
-144.162;0.00055509;90
-121.185;0.00173232;90
-113.092;0.00140997;90
-98.5551;0.00104867;90
-149.766;0.000552099;90
-113.477;0.00124506;90
-166.992;0.000621961;90
160.36;0.000827118;90
129.421;0.000858251;90
-178.268;0.000496227;90
124.311;0.000819618;90
120.702;0.00112813;90
121.673;0.000748477;90
109.873;0.00110904;90
107.602;0.00102184;90
123.996;0.0010373;90
120.214;0.000681594;90
138.517;0.00101449;90
129.904;0.000748249;90
120.375;0.000868172;90
140.032;0.00076592;90
127.949;0.000881356;90
132.89;0.00103732;90
149.007;0.000671932;90
-89.8314;0.00135901;90
-106.069;0.00158597;90
-70.0496;0.00463942;90
-37.5273;0.000592639;90
-59.3518;0.000747402;90
-36.4164;0.000606419;90
-31.2104;0.000557719;90
-60.6934;0.00103783;90
-42.7241;0.000658836;90
-47.7466;0.00132806;90
65.6887;0.000750558;90
78.7404;0.00156207;90
57.6691;0.00087695;90
-57.1487;0.000682077;90
-53.9481;0.00068647;90
-52.0543;0.000639113;90
11.6397;0.000545212;90
-56.6336;0.000687285;90
-49.7959;0.000625859;90
-2.7534;0.000603697;90
-12.7557;0.000575196;90
75.0222;0.00143164;90
18.0358;0.000862374;90
-29.2741;0.000633963;90
74.4668;0.00135551;90
58.3408;0.0010174;90
28.3996;0.00082419;90
-17.5799;0.000635689;90
73.2078;0.0010038;90
71.1777;0.00102903;90
-2.57406;0.000912921;90
14.2552;0.000507631;90
55.3701;0.000777794;90
-134.509;0.00288864;90
-94.8608;0.00230128;90
-93.9302;0.0014444;90
-102.274;0.00265775;90
-105.139;0.00165028;90
-39.5528;0.000841723;90
85.892;0.00601646;90
86.7393;0.00267233;90
76.3215;0.00104874;90
-6.86667;0.00123788;90
52.393;0.00127491;90
-167.433;0.00261054;90
167.683;0.00046879;90
-170.055;0.000526917;90
-135.881;0.000643543;90
-119.453;0.00153545;90
-119.874;0.001317;90
-99.4548;0.00125404;90
-124.839;0.00113431;90
-128.539;0.000961408;90
-177.985;0.00108067;90
128.722;0.000866453;90
146.225;0.000559416;90
-104.14;0.00107662;90
-105.139;0.000995551;90
-103.562;0.00134757;90
-109.548;0.000797993;90
143.111;0.0006014;90
137.34;0.000658158;90
130.1;0.00201981;90
123.634;0.00113741;90
140.876;0.000732167;90
120.377;0.000686202;90
146.82;0.000966603;90
103.59;0.00704321;90
66.245;0.000757149;90
101.65;0.00132224;90
73.6631;0.00116608;90
73.9117;0.000826364;90
85.687;0.00461407;90
92.0829;0.00283387;90
107.239;0.000954899;90
-8.95799;0.00386616;90
62.1114;0.0044532;90
-10.0446;0.000452943;90
-25.3111;0.000776549;90
-35.6952;0.00101461;90
-33.9063;0.000514488;90
-33.6722;0.000889184;90
-38.0661;0.00123587;90
-25.3205;0.00137953;90
-25.9256;0.00100182;90
-57.3854;0.000827481;90
-61.51;0.000758902;90
-56.2008;0.000728045;90
-82.0013;0.0014804;90
-118.424;0.00132355;90
-95.8484;0.00153097;90
-64.5807;0.00078278;90
-70.5212;0.000902664;90
-101.596;0.00109944;90
-51.0257;0.00139434;90
-40.0369;0.000792811;90
-40.3836;0.000571074;90
10.9067;0.000613074;90
-54.4916;0.00113632;90
-78.7267;0.000920765;90
-108.349;0.000838637;90
-122.12;0.000688364;90
-73.4462;0.00539459;90
-92.1762;0.00100072;90
-90;0.001446;90
-93.7702;0.00121663;90
-100.941;0.000943142;90
-143.046;0.000954801;90
-102.892;0.00138491;90
-116.917;0.00123925;90
-109.769;0.000801222;90
-98.9497;0.00169058;90
-95.0636;0.00150688;90
-120.488;0.0015492;90
-112.703;0.00127477;90
-130.807;0.00120885;90
-150.148;0.000865888;90
-178.711;0.000489124;90
164.108;0.000876498;90
166.63;0.000583823;90
109.932;0.00133177;90
103.353;0.00166707;90
104.653;0.00164449;90
103.414;0.00138375;90
-12.4259;0.000543737;90
-62.4174;0.0013347;90
-43.3218;0.00111063;90
55.1553;0.0011149;90
48.9318;0.00114467;90
13.2099;0.000857695;90
93.4003;0.0019895;90
22.4722;0.00050754;90
-3.90326;0.00047009;90
105.497;0.00122763;90
66.9179;0.00142074;90
72.1811;0.00147054;90
74.5734;0.00084961;90
86.4114;0.00145385;90
81.8872;0.00140304;90
39.4031;0.000638024;90
21.8474;0.000924392;90
53.2179;0.0010438;90
86.4691;0.00149384;90
174.966;0.00476338;90
80.3516;0.00293552;90
79.9304;0.00102377;90
79.7049;0.00209269;90
96.3217;0.00274268;90
97.0019;0.00155862;90
58.7117;0.00221048;90
115.966;0.00372057;90
156.75;0.00073466;90
147.092;0.00526238;90
149.525;0.0009642;90
149.108;0.000818049;90
135.128;0.00189505;90
120.683;0.00331974;90
110.277;0.00362996;90
144.908;0.0010315;90
147.381;0.00053427;90
95.5728;0.00235815;90
103.683;0.00133591;90
146.867;0.000770238;90
100.03;0.0096576;90
119.005;0.00413914;90
104.615;0.00571492;90
104.185;0.00605565;90
112.895;0.00530275;90
135.704;0.0040294;90
118.961;0.00463226;90
108.995;0.00543811;90
95.5279;0.00530467;90
91.1973;0.00440296;90
109.053;0.00202176;90
84.7321;0.00261404;90
66.1704;0.00227712;90
90.4587;0.00287309;90
-96.8564;0.0232029;90
-83.9886;0.00248265;90
-87.3826;0.00157664;90
-85.5535;0.00138015;90
-63.1527;0.00217885;90
-83.5575;0.00197849;90
-101.106;0.00176506;90
-80.603;0.00158629;90
-80.9261;0.0013823;90
-67.8895;0.00165253;90
-75.8289;0.00133977;90
-115.212;0.000814603;90
-121.625;0.00147036;90
-80.7967;0.00596478;90
-59.1473;0.00168086;90
-66.4768;0.01817;90
1.98911;0.000835503;90
-59.304;0.00165138;90
-56.3265;0.00191899;90
-52.4426;0.000933467;90
-3.17125;0.000741135;90
-70.5323;0.00207036;90
-83.8494;0.00370533;90
32.6067;0.000616105;90
79.8999;0.00147689;90
-149.696;0.000521219;90
-82.6942;0.00267371;90
-77.3357;0.00330234;90
-74.1708;0.00257359;90
-79.1334;0.00182472;90
-79.2497;0.00220877;90
-52.1928;0.00111255;90
-49.3957;0.00207581;90
-45.3329;0.00109533;90
-53.0713;0.0011684;90
-46.5033;0.00156324;90
-58.3351;0.00117725;90
-106.961;0.00184422;90
-92.1989;0.00119888;90
-51.6804;0.00152569;90
41.6632;0.000801804;90
40.4095;0.000777483;90
-50.1646;0.00147678;90
-45.2988;0.00108472;90
-26.5237;0.00124057;90
49.277;0.00158338;90
63.1289;0.00108853;90
65.8783;0.00211904;90
59.4703;0.00162997;90
4.37935;0.000680988;90
-3.03345;0.00102043;90
-28.296;0.0008143;90
22.9758;0.00111441;90
54.2904;0.00100741;90
-164.007;0.00263499;90
-169.191;0.000874515;90
-154.38;0.000786308;90
142.421;0.000678852;90
112.376;0.0008327;90
113.757;0.00079431;90
171.938;0.000477722;90
103.496;0.000899847;90
115.389;0.00141573;90
126.489;0.00090302;90
123.003;0.000925306;90
128.421;0.0010862;90
143.241;0.000828802;90
145.736;0.00113497;90
116.983;0.0017169;90
115.519;0.00149484;90
131.418;0.000860108;90
-115.569;0.00120945;90
-158.47;0.000861079;90
144.684;0.00087012;90
29.6486;0.00243592;90
-60.5479;0.00191785;90
-61.0329;0.0015899;90
-66.2123;0.00109831;90
-29.5528;0.000592021;90
-27.7829;0.000547066;90
-42.6661;0.00119813;90
-46.9448;0.000833452;90
-65.3432;0.000913269;90
-39.5539;0.00134107;90
17.704;0.000644525;90
27.5772;0.000632906;90
-113.64;0.00742179;90
-63.5073;0.00177097;90
37.1981;0.00422447;90
48.2587;0.00225153;90
-10.4725;0.000550165;90
19.6458;0.000478876;90
48.6992;0.0011727;90
-145.763;0.00246881;90
-93.4901;0.00356461;90
-96.2606;0.00119211;90
-104.429;0.00148484;90
-110.358;0.00213859;90
-48.9395;0.000988041;90
-56.6894;0.00138207;90
90.3918;0.0084822;90
92.2698;0.00154021;90
21.2949;0.00147039;90
34.4456;0.000609946;90
-178.364;0.00315229;90
85.5349;0.00132302;90
77.5966;0.00277476;90
82.036;0.00282929;90
108.522;0.00207446;90
70.3374;0.00219924;90
87.9666;0.00256461;90
126.004;0.00165519;90
143.186;0.0024632;90
149.705;0.00312818;90
142.726;0.00221425;90
136.926;0.00220954;90
123.759;0.00344608;90
109.733;0.00396588;90
107.422;0.00261182;90
106.808;0.00429864;90
101.77;0.00557419;90
117.344;0.00496587;90
106.347;0.00567753;90
105.299;0.0062194;90
109.217;0.00558415;90
132.572;0.00407235;90
123.742;0.00429921;90
109.33;0.00593347;90
98.3714;0.00607877;90
89.7454;0.00517605;90
84.2546;0.00392572;90
81.3385;0.00602269;90
80.6662;0.00637541;90
85.5158;0.0172799;90
94.7849;0.00224181;90
106.37;0.00287037;90
113.19;0.0121388;90
105.015;0.00242789;90
132.087;0.00726289;90
169.287;0.00112969;90
-162.693;0.00525388;90
-163.778;0.00162156;90
148.935;0.00203483;90
147.342;0.007331;90
152.876;0.00160334;90
-168.337;0.0140685;90
-120.243;0.0182163;90
-114.814;0.00206351;90
-132.084;0.0118438;90
-145.632;0.0015713;90
-127.431;0.00845501;90
-113.597;0.00296274;90
-106.188;0.00279064;90
-83.9465;0.00843001;90
-113.425;0.00289021;90
-114.886;0.00725021;90
-116.71;0.00141722;90
-154.559;0.0010941;90
103.301;0.00107792;90
35.0713;0.00331363;90
67.6199;0.00288641;90
68.3584;0.00412691;90
74.3609;0.00349437;90
99.8238;0.00724422;90
73.3408;0.000959263;90
64.2151;0.00364602;90
65.8716;0.00473356;90
44.3595;0.00360576;90
33.1244;0.0035117;90
40.1697;0.00398881;90
53.8297;0.00442233;90
61.5312;0.00461735;90
61.386;0.00521606;90
56.8619;0.00460617;90
57.5783;0.0043477;90
60.304;0.00451152;90
20.8335;0.00340781;90
12.3702;0.00258604;90
6.81845;0.00261953;90
7.3024;0.00260412;90
1.49745;0.00271693;90
-28.7418;0.00320257;90
-34.0097;0.00382777;90
-28.1746;0.00366189;90
5.68388;0.00320074;90
24.2798;0.00326368;90
-18.4602;0.0035876;90
-41.509;0.00328637;90
-61.9108;0.00201765;90
-89.3555;0.00168911;90
-75.058;0.00454156;90
-66.4128;0.00489824;90
-61.7834;0.00460866;90
-81.7109;0.00555604;90
-94.2304;0.00600536;90
-92.8634;0.00588535;90
-97.2698;0.00632988;90
-99.9234;0.00588403;90
-100.32;0.00530279;90
-94.714;0.00296904;90
-89.0555;0.00461063;90
-83.7545;0.00568072;90
-72.6612;0.0056204;90
-61.5839;0.0047765;90
-43.2555;0.00390221;90
-66.4924;0.00503922;90
-75.7081;0.00608843;90
-74.8113;0.00582446;90
-62.6178;0.00526826;90
-75.9058;0.0055109;90
-75.4405;0.0046741;90
-69.1734;0.0026523;90
-73.2853;0.00353955;90
-63.9868;0.00371428;90
-44.1639;0.00261657;90
-41.4294;0.00573375;90
-15.516;0.00227283;90
-50.19;0.00164937;90
-66.7634;0.00177933;90
-96.0358;0.00482173;90
-88.884;0.00154029;90
-98.6853;0.00300648;90
-106.636;0.00338467;90
4.76676;0.00152829;90
-33.3475;0.000556652;90
-9.59538;0.000707904;90
47.007;0.00139315;90
40.1261;0.000549287;90
-165.44;0.00352831;90
158.172;0.000801461;90
73.3999;0.0023802;90
76.8633;0.00274997;90
94.7156;0.00287072;90
97.808;0.00168563;90
61.8917;0.00225835;90
109.184;0.00198418;90
128.806;0.00213662;90
145.469;0.00260737;90
143.514;0.00292287;90
157.397;0.00179269;90
135.722;0.00168446;90
133.819;0.00209277;90
-113.263;0.00232938;90
121.743;0.00168976;90
99.9642;0.00189559;90
99.8997;0.00600846;90
97.2712;0.0016039;90
-81.6164;0.00188616;90
-83.6115;0.00222884;90
-117.602;0.00138346;90
-163.636;0.00126004;90
-108.567;0.000957856;90
-107.623;0.00153924;90
114.438;0.00231324;90
103.229;0.00113615;90
101.403;0.00289311;90
102.018;0.00250695;90
99.2284;0.00378499;90
117.162;0.00184665;90
-122.989;0.00145093;90
-135.228;0.00159595;90
161.565;0.000654591;90
3.35552;0.000615054;90
52.9568;0.00119021;90
43.4148;0.000945764;90
8.26864;0.000994336;90
-71.5928;0.00195713;90
-80.3062;0.00219737;90
-82.1889;0.0021338;90
-79.5378;0.00413576;90
-75.9757;0.00116781;90
-74.298;0.00206922;90
57.497;0.00220901;90
62.6013;0.00169065;90
-28.3057;0.000780301;90
81.9175;0.00187058;90
96.2849;0.00240244;90
103.895;0.00108268;90
-67.4514;0.00778947;90
-62.2387;0.00289187;90
-48.22;0.00201419;90
-40.4019;0.00140246;90
-30.3088;0.00220544;90
-32.8837;0.00262094;90
-34.9141;0.00234997;90
-62.3381;0.00121485;90
-51.2641;0.00164607;90
-106.21;0.0025004;90
-103.852;0.00173753;90
-77.1636;0.00252511;90
-101.368;0.00288154;90
-101.992;0.00288292;90
-21.9776;0.00150971;90
-27.569;0.000816737;90
33.4788;0.00120371;90
55.8692;0.000937471;90
-116.107;0.00526074;90
-96.5084;0.00127924;90
-100.439;0.00252784;90
-109.577;0.00169816;90
-53.1451;0.0007636;90
-41.0944;0.00288604;90
-41.1742;0.001844;90
-81.1782;0.00276471;90
-113.094;0.00122627;90
-152.764;0.00202557;90
-132.788;0.00293102;90
-174.406;0.0018056;90
-64.7921;0.000906309;90
-3.3779;0.000882533;90
162.324;0.000573055;90
-137.965;0.000888608;90
107.991;0.00159289;90
150.567;0.00173378;90
145.672;0.00209246;90
156.523;0.00180982;90
151.347;0.0014119;90
165.115;0.00191527;90
-173.412;0.00183914;90
-156.069;0.00202399;90
179.555;0.00167505;90
114.768;0.00289534;90
125.364;0.00103496;90
-105.459;0.00172957;90
-73.4755;0.00091061;90
19.941;0.00139568;90
-51.2823;0.00185456;90
15.7628;0.0020688;90
21.8224;0.00101148;90
6.43935;0.00204188;90
-14.3268;0.00200846;90
-26.0475;0.00247543;90
-28.7912;0.00230265;90
-28.0933;0.00177741;90
-18.4136;0.00170004;90
35.0299;0.00247908;90
46.0708;0.0025729;90
4.33585;0.000978801;90
85.9295;0.00215544;90
112.973;0.00230589;90
149.203;0.00118163;90
143.283;0.00157561;90
133.119;0.00155081;90
81.5528;0.00155891;90
75.3739;0.00230882;90
85.4837;0.00130806;90
81.0663;0.00206708;90
93.295;0.00193119;90
-0.22294;0.000771006;90
21.1511;0.00101433;90
50.3136;0.00098499;90
92.5482;0.0156995;90
76.7537;0.00343026;90
91.0931;0.00141526;90
93.4756;0.00188046;90
88.8673;0.000961188;90
144.594;0.000907896;90
-90.4072;0.00858422;90
-92.4321;0.00134321;90
-107.074;0.00216962;90
-113.813;0.00128543;90
-120.01;0.000885741;90
-119.454;0.00129544;90
-74.7276;0.00145022;90
-72.4257;0.000884273;90
-92.8009;0.00102322;90
-56.6212;0.00112328;90
-32.9648;0.000854584;90
-55.1694;0.000668824;90
4.58305;0.000500601;90
17.284;0.000488038;90
-77.6548;0.00230121;90
-107.913;0.000868081;90
-125.158;0.00064949;90
165.694;0.00360582;90
76.3737;0.00247465;90
83.6576;0.00283334;90
105.771;0.00248349;90
63.2322;0.00138995;90
71.7142;0.00194417;90
123.031;0.00212076;90
135.066;0.00244659;90
152.049;0.00231053;90
144.284;0.00269115;90
142.8;0.00225604;90
129.037;0.00258645;90
114.364;0.00359736;90
107.578;0.00285427;90
-119.343;0.000848915;90
-63.7915;0.00136537;90
-58.6664;0.00603053;90
-45.9017;0.00134791;90
-36.1411;0.00114789;90
-37.6498;0.00176316;90
-31.735;0.00256088;90
-33.9567;0.00250283;90
-14.2474;0.000987369;90
-69.7911;0.00177742;90
-81.0812;0.0019931;90
-118.354;0.00232038;90
-71.8082;0.00223575;90
-94.7998;0.00328653;90
-104.865;0.00315354;90
-63.1824;0.000913219;90
-10.8487;0.000998852;90
-12.1016;0.00117818;90
42.0322;0.00132477;90
-90.7453;0.0152223;90
83.5036;0.000972243;90
88.6277;0.00146142;90
86.8002;0.00143323;90
28.1193;0.000791412;90
75.5352;0.00129712;90
44.7178;0.000574178;90
80.4367;0.00149275;90
85.6245;0.00170397;90
98.2658;0.00143289;90
79.2742;0.00155822;90
83.73;0.00171224;90
79.6915;0.00140264;90
84.4062;0.00161067;90
104.977;0.00153619;90
105.72;0.00153543;90
126.251;0.00101806;90
-123.407;0.00117875;90
-87.1882;0.0012435;90
-80.4911;0.00161621;90
-116.914;0.00132333;90
-125.921;0.00118296;90
50.6014;0.000775155;90
-135.434;0.0028971;90
-130.445;0.000952654;90
164.175;0.000590377;90
-163.381;0.000548931;90
-112.489;0.00134639;90
-113.235;0.000831432;90
179.046;0.000901125;90
40.7132;0.00344334;90
-11.623;0.000466567;90
64.4655;0.00193943;90
4.88577;0.000857114;90
50.8463;0.00106905;90
-114.014;0.00527564;90
-95.1751;0.00241685;90
-111.81;0.00253548;90
164.091;0.000860976;90
132.392;0.00184959;90
111.952;0.00098976;90
165.638;0.000512001;90
113.737;0.000824772;90
-178.404;0.000969376;90
147.191;0.000793592;90
154.46;0.000575209;90
-106.778;0.00132333;90
-105.148;0.00234964;90
-104.637;0.00291253;90
-91.3446;0.00323889;90
-88.0095;0.00152592;90
-133.549;0.00058638;90
162.57;0.00198305;90
-175.732;0.00239163;90
-158.726;0.00217737;90
174.429;0.00167893;90
-96.5963;0.00289013;90
-87.7016;0.00381507;90
-91.5828;0.00401853;90
-92.489;0.00446721;90
-96.7845;0.005426;90
-98.312;0.00757457;90
-96.3745;0.00147713;90
-95.6855;0.00227117;90
-93.3814;0.00427244;90
-87.0727;0.00732356;90
-92.1514;0.00111879;90
-96.6174;0.00734997;90
-92.7385;0.00223956;90
-83.8103;0.00424776;90
-84.3415;0.00514206;90
-93.2982;0.0053709;90
-100.032;0.00547065;90
-100.196;0.00581889;90
-101.018;0.00592828;90
-94.3701;0.00645677;90
-103.279;0.00609497;90
-116.94;0.00868105;90
-132.967;0.00159482;90
-139.94;0.00256217;90
-126.303;0.00480704;90
-99.8171;0.00584154;90
-92.8826;0.00636305;90
-104.765;0.0061056;90
-107.921;0.00493651;90
-99.7436;0.00502245;90
-100.637;0.00618122;90
-120.704;0.00377987;90
-112.129;0.00419177;90
-107.912;0.00446754;90
-119.791;0.00404564;90
-133.824;0.00323923;90
-139.84;0.00269023;90
-113.135;0.00343852;90
-103.921;0.00420242;90
-101.672;0.00450311;90
-106.454;0.00428238;90
-113.147;0.00482328;90
-126.539;0.00371026;90
-125.526;0.00407692;90
-125.063;0.00440919;90
-132.319;0.00359746;90
-150.733;0.00258956;90
149.555;0.00172483;90
-174;0.00133934;90
161.391;0.00239417;90
162.359;0.00221412;90
160.67;0.00263134;90
-173.944;0.0014692;90
-100.669;0.00185812;90
-93.7662;0.00318187;90
-103.856;0.00361622;90
-145.973;0.0025966;90
168.359;0.00254739;90
154.507;0.00492334;90
153.815;0.00215517;90
162.669;0.00293735;90
157.734;0.00171811;90
133.223;0.00221219;90
159.798;0.00227603;90
-172.005;0.00167528;90
-91.7947;0.00185191;90
-93.8682;0.00197149;90
-154.55;0.000735358;90
-94.5475;0.00788282;90
-168.159;0.00173492;90
-133.692;0.00102204;90
-89.4693;0.00291513;90
-91.4937;0.00395134;90
-78.3043;0.0012234;90
-68.516;0.00231269;90
-77.1984;0.00380457;90
-90.1367;0.001676;90
-123.555;0.00117957;90
74.1465;0.00256974;90
106.446;0.00275157;90
96.7098;0.00267029;90
141.429;0.000902998;90
-147.916;0.00185065;90
-136.383;0.00234403;90
-132.904;0.00228124;90
-119.243;0.00263249;90
-109.657;0.00124559;90
-98.1468;0.00145367;90
128.79;0.0017846;90
132.09;0.00249294;90
130.311;0.00329554;90
119.411;0.00232346;90
119.149;0.00405678;90
124.605;0.00352696;90
118.839;0.00219755;90
111.074;0.00346795;90
136.298;0.00543056;90
125.67;0.00141311;90
115.088;0.00293157;90
113.002;0.00171973;90
111.64;0.0033598;90
116.2;0.00294675;90
-147.785;0.0013037;90
-110.094;0.00340847;90
-116.593;0.004575;90
-126.18;0.00104688;90
-129.671;0.0010887;90
96.7971;0.00299102;90
90.2637;0.00173802;90
-7.16355;0.000553319;90
-33.3463;0.00226488;90
74.7286;0.00216028;90
54.9287;0.00207102;90
77.2055;0.00313381;90
50.1078;0.00076246;90
-59.8146;0.00319411;90
-66.8204;0.00395311;90
-69.2289;0.00155935;90
-66.3245;0.00348644;90
-50.7186;0.00303729;90
-37.2061;0.00235164;90
-59.0622;0.00378326;90
-64.3181;0.00136372;90
-62.6426;0.00371894;90
-58.3995;0.00427487;90
-54.6364;0.00256409;90
-61.49;0.00259578;90
-46.1493;0.00317272;90
-33.844;0.00216722;90
62.9201;0.00333456;90
48.2551;0.00316304;90
46.2865;0.00214166;90
31.3593;0.00243465;90
-80.2441;0.00279137;90
-76.661;0.00253129;90
-74.5179;0.0019705;90
-116.549;0.00156167;90
-127.458;0.000915848;90
70.2323;0.00331749;90
107.449;0.000827058;90
106;0.00257579;90
96.2952;0.00267211;90
20.8059;0.00236203;90
48.7418;0.00245961;90
71.7974;0.0025738;90
73.3102;0.00289704;90
72.8424;0.00337625;90
70.6742;0.00294918;90
68.5509;0.0014193;90
79.3803;0.00275112;90
82.995;0.00159894;90
-33.0695;0.00184365;90
-18.9578;0.00228705;90
-21.8323;0.002412;90
-28.4141;0.00284129;90
-18.7568;0.00225158;90
-14.2754;0.00267252;90
35.744;0.00264651;90
79.229;0.00381522;90
86.5602;0.00280004;90
77.0665;0.00231883;90
-12.9719;0.00151465;90
-19.1299;0.00297213;90
-16.7987;0.00275768;90
-26.2421;0.00277724;90
19.1102;0.00236112;90
10.3255;0.000993083;90
35.4988;0.00205619;90
54.2229;0.00728833;90
57.3001;0.00136421;90
50.915;0.00250447;90
63.0414;0.00918062;90
74.936;0.00189305;90
76.2336;0.00242053;90
76.7583;0.00837774;90
65.9816;0.000936048;90
60.6653;0.0021657;90
37.8359;0.00231333;90
43.5629;0.00301676;90
60.2459;0.00385872;90
71.8787;0.00340804;90
71.6753;0.00427161;90
54.4352;0.00318763;90
74.2689;0.00499405;90
80.3909;0.00539165;90
78.9023;0.00561092;90
66.0614;0.00486991;90
85.3465;0.00691479;90
85.9932;0.00611094;90
72.8139;0.00470089;90
40.7119;0.00376386;90
49.1193;0.00711703;90
60.9585;0.00212177;90
77.5932;0.00504072;90
77.6836;0.00593971;90
85.7864;0.00621981;90
78.7698;0.00578171;90
79.96;0.0057074;90
80.0259;0.00636825;90
91.9146;0.00595633;90
97.8357;0.00533986;90
90.6778;0.00549438;90
78.9436;0.00523008;90
93.2173;0.0057731;90
89.1422;0.00561063;90
84.0715;0.00852962;90
81.2903;0.00178964;90
79.2258;0.00373382;90
84.5528;0.00474041;90
74.5585;0.00226475;90
-19.5281;0.00122655;90
-52.8438;0.00248183;90
-59.2039;0.0026368;90
-61.7352;0.00280437;90
-56.2306;0.0030062;90
-45.9993;0.00295969;90
-47.1403;0.00312406;90
-43.4352;0.00328857;90
-10.5877;0.00154022;90
73.3121;0.00387939;90
88.637;0.00449827;90
80.4274;0.00162361;90
92.2702;0.00201959;90
92.5958;0.00580696;90
96.1235;0.00332799;90
120.5;0.0032392;90
106.574;0.00161614;90
21.932;0.00252472;90
48.5988;0.00337956;90
21.3769;0.00147873;90
92.6698;0.00294119;90
129.493;0.00173902;90
144.174;0.00184511;90
139.801;0.00169807;90
86.0226;0.00177327;90
76.3978;0.00265754;90
83.9539;0.00169945;90
86.6842;0.00212656;90
73.2798;0.0013104;90
-6.78142;0.00107552;90
56.3228;0.00123171;90
-118.791;0.004514;90
-97.8121;0.00137577;90
-94.9041;0.00196519;90
-112.804;0.00217501;90
-62.056;0.00223001;90
99.7241;0.00327404;90
80.4662;0.00237277;90
77.9566;0.000857882;90
87.4616;0.0033643;90
22.2301;0.00101764;90
34.7864;0.00107271;90
57.8477;0.000868141;90
-165.451;0.00320063;90
179.102;0.000766094;90
-115.049;0.00108174;90
-119.639;0.00114249;90
-116.794;0.00134433;90
-101.433;0.00136713;90
-79.5702;0.00368997;90
120.505;0.000963338;90
130.362;0.000830742;90
127.298;0.000749221;90
68.5237;0.0035344;90
68.8271;0.00103271;90
56.177;0.00107612;90
49.2552;0.000952978;90
11.9194;0.000479335;90
1.65093;0.000798331;90
64.69;0.00098008;90
53.76;0.00110967;90
11.7016;0.000631116;90
65.153;0.000835323;90
62.9893;0.00103488;90
-35.546;0.000796413;90
-92.2228;0.000979737;90
-98.8245;0.000945188;90
-124.398;0.000695647;90
70.0729;0.00087435;90
79.2632;0.00141171;90
108.935;0.000869027;90
152.269;0.00153873;90
143.411;0.000570407;90
136.732;0.00065508;90
135.276;0.00102602;90
163.41;0.00105074;90
-96.8957;0.00133264;90
-92.6233;0.00100505;90
-22.9509;0.00236958;90
29.1381;0.00106589;90
54.6673;0.00126746;90
-64.7501;0.00118856;90
-126.625;0.00453924;90
158.834;0.00076994;90
-168.902;0.000477938;90
-139.987;0.00130957;90
-118.868;0.00122412;90
-116.496;0.00112072;90
-103.34;0.0013566;90
-122.136;0.00139114;90
-153.879;0.000692755;90
169.305;0.000511893;90
166.85;0.000470333;90
141.471;0.000614858;90
145.301;0.000913456;90
127.126;0.000671007;90
119.473;0.000890207;90
-163.819;0.00133488;90
132.556;0.0010779;90
126.87;0.000895;90
153.865;0.000535777;90
122.667;0.00150625;90
142.23;0.000814701;90
106.299;0.0232712;90
130.741;0.000666521;90
130.921;0.000914485;90
117.173;0.00105325;90
116.415;0.000856417;90
117.623;0.000847614;90
115.371;0.00120192;90
129.751;0.00149189;90
141.34;0.000659522;90
77.0919;0.00158916;90
85.6167;0.00200186;90
102.222;0.00147851;90
55.2194;0.00284169;90
-105.028;0.000883204;90
-35.3563;0.000734456;90
-59.546;0.00100228;90
66.5499;0.00122628;90
-64.3928;0.000856086;90
-79.7059;0.00142697;90
-78.5665;0.00291076;90
-78.9765;0.00141205;90
-56.7832;0.00188022;90
-68.2174;0.00113181;90
-81.8132;0.00171346;90
-69.4794;0.000947097;90
-71.8173;0.00122097;90
-67.9345;0.00120852;90
-64.359;0.00266216;90
-65.1713;0.00239101;90
-60.9042;0.00121537;90
-49.8469;0.000928925;90
34.8205;0.00664965;90
-35.2976;0.000860124;90
-32.6542;0.00110459;90
-31.2547;0.000776727;90
-39.4725;0.00072675;90
-30.4216;0.00204796;90
-32.3196;0.000753776;90
-45.3515;0.000576303;90
-54.8418;0.00115832;90
-58.4165;0.00125253;90
-68.9211;0.000795211;90
-118.135;0.000914001;90
-126.2;0.000684047;90
-116.565;0.000827345;90
-86.8478;0.00103657;90
-65.1159;0.000808015;90
-83.5647;0.00159706;90
-73.4484;0.000817891;90
-37.1869;0.000723011;90
-42.7634;0.000779118;90
-46.6396;0.00076611;90
41.2143;0.000760385;90
-60.2163;0.0010992;90
-81.8608;0.000889965;90
-107.374;0.00157066;90
138.452;0.00301846;90
151.795;0.000890767;90
80.4675;0.0017451;90
94.9037;0.00285445;90
95.6171;0.00182878;90
69.2195;0.00268892;90
119.137;0.00216267;90
91.8779;0.00292957;90
90.3055;0.00281304;90
99.7326;0.00191658;90
88.1647;0.00284146;90
146.287;0.00138009;90
178.088;0.0014388;90
-79.4891;0.00171579;90
-88.5594;0.00135243;90
88.0145;0.00242446;90
153.605;0.00150264;90
-175.824;0.00130446;90
-109.869;0.00313353;90
-105.021;0.00246938;90
-103.484;0.00256881;90
-101.058;0.00262779;90
-97.624;0.00296219;90
-106.298;0.00200976;90
-104.263;0.00269508;90
-113.301;0.002121;90
-101.081;0.00422987;90
-106.34;0.000977481;90
-153.001;0.00064982;90
134.216;0.00129201;90
131.534;0.000666607;90
-149.781;0.00439296;90
167.372;0.00056261;90
168.621;0.00179427;90
161.509;0.00128325;90
131.947;0.00169947;90
108.47;0.00261362;90
106.62;0.00222704;90
98.2916;0.00190693;90
-74.4259;0.00625361;90
-57.5093;0.0015768;90
-26.9281;0.00197628;90
-13.104;0.00192308;90
70.0041;0.00803327;90
-40.2465;0.000998333;90
-47.4747;0.00165405;90
-54.8704;0.00187687;90
11.8887;0.00106791;90
75.1984;0.00236032;90
73.2535;0.00243633;90
76.3175;0.00216031;90
-40.0303;0.000881541;90
-65.8124;0.00299712;90
-34.854;0.00173407;90
-49.2651;0.00218677;90
-46.5618;0.0019198;90
-22.903;0.00188348;90
-77.3836;0.00113542;90
-79.2844;0.0012101;90
-14.7591;0.000749737;90
-10.8762;0.000699566;90
-21.279;0.000936872;90
32.716;0.0012563;90
-176.615;0.00357324;90
73.2684;0.00220223;90
76.723;0.0030567;90
96.1315;0.00318321;90
88.724;0.00170642;90
69.4852;0.00227423;90
119.159;0.00229253;90
137.326;0.00238704;90
148.748;0.00307055;90
143.599;0.00271469;90
139.383;0.00161906;90
130.124;0.0024207;90
113.016;0.00359086;90
107.285;0.00305601;90
-126.554;0.00108802;90
107.356;0.00188062;90
97.0049;0.00218934;90
123.892;0.0012589;90
-75.5865;0.00567255;90
-100.66;0.00138388;90
-108.043;0.00245051;90
171.755;0.00105996;90
-120.024;0.00163083;90
-101.604;0.00320654;90
-84.185;0.00338542;90
-80.2909;0.00183224;90
-76.15;0.00164173;90
-74.9838;0.00187192;90
-124.435;0.00132279;90
-71.9395;0.00145152;90
-106.951;0.00858182;90
168.943;0.0019553;90
169.373;0.00136644;90
122.568;0.00158647;90
124.172;0.00178037;90
107.857;0.00235127;90
84.5325;0.00260284;90
128.74;0.00100514;90
-61.275;0.00982511;90
-7.54813;0.00105817;90
96.2292;0.0182477;90
101.392;0.00887995;90
-7.04096;0.000930013;90
-15.4077;0.000922142;90
85.9981;0.00409799;90
106.081;0.000870044;90
107.13;0.000916666;90
79.0282;0.00428737;90
-55.1821;0.002184;90
-83.1071;0.00254137;90
-82.0554;0.00240205;90
-76.3538;0.0024584;90
-89.1163;0.00272332;90
-60.9669;0.0020667;90
48.7919;0.000972988;90
70.8883;0.00216853;90
43.6425;0.000895448;90
22.2389;0.000948559;90
65.8588;0.0016602;90
-63.3776;0.00268015;90
-67.2665;0.00321908;90
-53.6217;0.0027971;90
24.4356;0.00113134;90
74.2927;0.0012559;90
76.2489;0.00375256;90
3.48258;0.00144868;90
3.25903;0.00128408;90
-1.37943;0.00149543;90
1.84761;0.00102353;90
-171.839;0.00106377;90
-177.029;0.00115756;90
-81.9151;0.000895905;90
-93.1314;0.00111667;90
-45.7606;0.00330248;90
-97.9399;0.00110762;90
-83.5738;0.00463714;90
-78.4763;0.0016819;90
-63.5717;0.00149862;90
-104.885;0.00409542;90
-71.9383;0.0018933;90
-96.1623;0.00291585;90
-105.533;0.00280443;90
-28.5864;0.000950921;90
-18.5641;0.0021045;90
45.8161;0.000744659;90
89.4019;0.00479026;90
94.8691;0.00184968;90
75.6797;0.0014676;90
118.9;0.00154775;90
127.476;0.00143648;90
118.468;0.000767842;90
54.2222;0.000776541;90
74.1186;0.00147635;90
80.1222;0.00142817;90
108.822;0.00121814;90
118.535;0.000728494;90
115.755;0.00120134;90
120.606;0.00131988;90
112.647;0.00111931;90
95.8423;0.00138519;90
56.8416;0.0171568;90
-160.194;0.000911946;90
159.93;0.000731416;90
-163.797;0.00091744;90
174.297;0.000754736;90
-124.846;0.00067382;90
-110.59;0.0013791;90
-107.46;0.0014498;90
-74.2539;0.000829113;90
-47.2321;0.00110746;90
-40.9032;0.00102935;90
-72.7669;0.00158307;90
-97.2508;0.001751;90
-116.828;0.00126742;90
-165.193;0.000919536;90
-139.411;0.000974452;90
-120.091;0.00129445;90
-114.735;0.00138617;90
-93.6135;0.00144387;90
-93.1431;0.00173261;90
-86.0562;0.00143941;90
-66.2186;0.00138128;90
-53.2047;0.0010752;90
-104.181;0.00124494;90
-89.4962;0.00170607;90
-91.1592;0.000939192;90
-93.2065;0.00143024;90
106.609;0.000853616;90
112.922;0.00122471;90
94.0586;0.00151179;90
112.857;0.00145201;90
124.791;0.00109712;90
116.656;0.00141096;90
156.618;0.000781146;90
-157.222;0.000893696;90
-143.677;0.000942043;90
-177.026;0.000462623;90
-104.755;0.00131537;90
155.431;0.000873044;90
153.101;0.000919487;90
143.13;0.00103;90
147.168;0.000925898;90
146.795;0.000556939;90
149.088;0.000955762;90
-157.007;0.000803863;90
87.1157;0.000914158;90
78.0268;0.00174496;90
68.2155;0.00125567;90
-0.683416;0.000503036;90
0.0708229;0.000809001;90
11.2219;0.000765638;90
87.8276;0.0015301;90
77.7441;0.00136614;90
6.8618;0.000836995;90
-11.0765;0.000770351;90
-5.86501;0.000812252;90
5.62353;0.000785782;90
-78.152;0.00137836;90
63.6041;0.000908742;90
-87.4444;0.00504602;90
-63.8247;0.000986129;90
-69.5496;0.00101604;90
-42.4882;0.000790598;90
-45.4272;0.000853502;90
-84.5864;0.00142034;90
-96.0182;0.000982414;90
-121.514;0.00167973;90
-118.384;0.00173338;90
-109.327;0.00205162;90
-63.9881;0.000880157;90
-73.9132;0.0010574;90
-101.427;0.00134771;90
-42.5729;0.000901663;90
-40.4829;0.000682356;90
-2.34687;0.00048841;90
-50.2219;0.00133632;90
70.5535;0.000985203;90
-72.7454;0.000859689;90
-68.8431;0.000792412;90
-90.9066;0.00164321;90
-116.294;0.0069936;90
-101.462;0.00236007;90
-109.217;0.00210849;90
-46.4289;0.00155966;90
-42.5204;0.00176518;90
-36.2192;0.0016027;90
-67.9433;0.00204248;90
-106.591;0.002378;90
-145.506;0.00227255;90
-137.27;0.00298138;90
179.597;0.00128103;90
150.381;0.00163689;90
149.836;0.00266483;90
152.21;0.00253091;90
161.776;0.00232144;90
-172.882;0.00213042;90
-159.138;0.00223236;90
163.782;0.00173296;90
108.702;0.00285367;90
123.67;0.000791835;90
74.2951;0.00183241;90
76.2074;0.00325073;90
80.6692;0.00164679;90
68.0712;0.0018369;90
77.5623;0.0012954;90
118.867;0.00139196;90
131.416;0.00236424;90
165.417;0.00160057;90
170.414;0.00136912;90
136.845;0.00175736;90
119.404;0.00216717;90
107.529;0.00252002;90
101.099;0.00218181;90
109.838;0.00311167;90
110.635;0.00110382;90
108.91;0.00160143;90
114.062;0.00088051;90
109.044;0.00267544;90
-69.5847;0.00185768;90
-69.0556;0.00221002;90
-70.0027;0.00379266;90
-56.8666;0.00122761;90
-71.1236;0.00767476;90
-41.9683;0.00135034;90
-5.47069;0.00152093;90
62.3975;0.00839781;90
-48.2479;0.00112328;90
-51.1099;0.0012822;90
-50.8761;0.00314263;90
73.0809;0.00282111;90
72.6607;0.00254673;90
75.8546;0.00305668;90
-64.2981;0.00189998;90
-63.9367;0.00255369;90
-33.263;0.00163724;90
-49.6103;0.00199697;90
-34.7036;0.00214814;90
8.25145;0.000801295;90
-75.991;0.00152846;90
-68.6689;0.00158348;90
-51.6581;0.000731842;90
-17.424;0.00107534;90
-6.31699;0.00109062;90
44.3826;0.00131247;90
-171.851;0.00346397;90
-134.092;0.00102614;90
-114.471;0.00348836;90
-122.612;0.00249188;90
135.123;0.000657611;90
145.352;0.00137724;90
-113.353;0.00150859;90
-108.397;0.00141638;90
161.062;0.000576189;90
132.483;0.00289769;90
125.495;0.000775023;90
-117.286;0.00234716;90
113.574;0.00176532;90
-159.861;0.00075517;90
-108.647;0.00102585;90
-106.617;0.00113646;90
132.181;0.00175433;90
132.883;0.000784717;90
137.227;0.000764253;90
89.4962;0.00170607;90
106.966;0.00111032;90
144.834;0.00154008;90
144.868;0.00164216;90
169.533;0.0016403;90
146.554;0.00123921;90
131.939;0.0018673;90
112.946;0.00205457;90
109.649;0.00165646;90
100.424;0.00181292;90
-78.8115;0.00185016;90
-66.9107;0.000826182;90
-61.9713;0.0036943;90
-46.8277;0.00184012;90
-5.29388;0.00083456;90
-15.9688;0.0013449;90
67.6851;0.00764557;90
-17.1633;0.00118267;90
-55.166;0.00172269;90
-46.3332;0.00194507;90
-43.4839;0.000614691;90
75.1492;0.00174013;90
74.3059;0.00212938;90
71.6473;0.00220411;90
77.3388;0.00197093;90
-57.5174;0.00153991;90
-66.4087;0.00224132;90
-43.8656;0.00128577;90
-41.099;0.00192284;90
-53.2074;0.0017782;90
-32.7953;0.00126099;90
20.0278;0.00120593;90
-72.4712;0.00179956;90
-73.5568;0.00126473;90
-29.7991;0.00144277;90
-19.2051;0.000541115;90
4.19182;0.000807159;90
36.1032;0.0011659;90
105.962;0.0170618;90
-89.8369;0.00140501;90
-42.1815;0.00133734;90
-51.6439;0.000825078;90
-48.0645;0.000740693;90
-55.11;0.000874122;90
-54.524;0.000756424;90
-111.461;0.000970275;90
-114.614;0.00111645;90
-119.242;0.00110135;90
-74.4128;0.000922944;90
-69.8653;0.00113006;90
-89.6956;0.00150602;90
-40.7119;0.000955147;90
-42.3586;0.00104338;90
-29.2806;0.00113272;90
-50.5275;0.00154159;90
-108.837;0.00166625;90
-163.321;0.00440744;90
79.48;0.00219083;90
75.4737;0.00252368;90
86.1565;0.00284941;90
107.658;0.00223847;90
61.407;0.00235069;90
106.862;0.00215464;90
128.967;0.00247586;90
147.421;0.00270218;90
148.268;0.00277595;90
153.162;0.00159478;90
129.534;0.00245706;90
116.426;0.00385812;90
108.011;0.00355102;90
110.344;0.00132889;90
106.711;0.0038882;90
102.037;0.00490075;90
113.103;0.00509457;90
114.587;0.00470346;90
127.778;0.000984324;90
-99.0867;0.00318497;90
-99.8104;0.00416693;90
-111.197;0.00133857;90
105.294;0.00243007;90
100.798;0.00303168;90
100.265;0.0029797;90
101.707;0.00356822;90
102.08;0.00335428;90
168.773;0.000816628;90
-163.014;0.00130074;90
-165.668;0.000941293;90
-164.9;0.00122841;90
-149.289;0.00139807;90
-135.236;0.00137463;90
-79.9108;0.0010218;90
57.1831;0.00307589;90
25.2352;0.00125254;90
11.7749;0.00106338;90
18.3689;0.00246879;90
-85.6013;0.000938765;90
-77.9346;0.0035402;90
-78.8496;0.00408511;90
-78.9273;0.00393118;90
-76.912;0.00303381;90
68.0032;0.00217859;90
82.4647;0.00427794;90
78.7891;0.00419709;90
122.381;0.000825332;90
-76.7595;0.00427874;90
-64.226;0.00453518;90
-70.3046;0.00500267;90
-77.2449;0.00521776;90
-72.023;0.00356084;90
-67.3752;0.000891615;90
-73.0442;0.00286661;90
-65.4713;0.00313382;90
-54.8742;0.00308843;90
-38.6535;0.00142649;90
-33.8332;0.00188765;90
-31.8443;0.00218721;90
-33.844;0.00216722;90
-29.8869;0.00135062;90
-71.8574;0.00123963;90
-57.4239;0.00196873;90
-115.339;0.00236228;90
-85.277;0.00199176;90
-87.6453;0.00289645;90
-97.3245;0.00170995;90
-28.0863;0.000977059;90
-81.3697;0.000939639;90
-33.0541;0.000874539;90
59.0089;0.00215574;90
-58.8196;0.00140613;90
-113.728;0.00153583;90
-154.882;0.00531236;90
-115.335;0.00235333;90
-111.801;0.000996255;90
-127.074;0.000728205;90
-142.371;0.0011023;90
151.669;0.00129172;90
-177.977;0.000538335;90
-106.358;0.00102968;90
-104.169;0.00115205;90
179.675;0.00105702;90
127.617;0.00174975;90
127.811;0.00141259;90
-119.431;0.00140422;90
-107.489;0.00109145;90
-106.005;0.00173006;90
-133.01;0.000733005;90
130.903;0.00154402;90
126.578;0.00113941;90
132.357;0.00105825;90
132.57;0.000767194;90
132.14;0.00103437;90
86.3618;0.00138679;90
113.704;0.00141541;90
138.927;0.00180666;90
153.521;0.00148251;90
170.305;0.00165666;90
140.35;0.00160008;90
118.902;0.00273117;90
108.909;0.00110778;90
106.128;0.00185396;90
104.716;0.00179901;90
-73.5194;0.00188233;90
4.32693;0.00128566;90
-80.2903;0.00495092;90
-42.8371;0.00164873;90
-13.1667;0.00142239;90
-8.81366;0.00116172;90
62.141;0.0076247;90
-47.6366;0.00189068;90
-47.9256;0.00195345;90
-48.7186;0.00220232;90
-50.934;0.00189459;90
-101.684;0.00207397;90
-93.6829;0.0013077;90
-49.3072;0.00190183;90
64.9027;0.00120474;90
-23.5836;0.00107477;90
-49.7379;0.00104443;90
-53.4683;0.00118602;90
-5.2572;0.00115687;90
-55.2829;0.000990299;90
-46.2973;0.00318563;90
-41.9274;0.000712373;90
-45.0602;0.00134492;90
-59.6102;0.000958725;90
89.8901;0.00990402;90
39.6598;0.00281874;90
-168.16;0.0039674;90
-120.713;0.00172495;90
-116.818;0.00304332;90
-134.898;0.0019792;90
142.364;0.00151153;90
-117.028;0.000941863;90
-105.245;0.001506;90
-96.4416;0.00112309;90
124.987;0.000931303;90
134.886;0.00177413;90
128.022;0.00194979;90
-117.114;0.00112122;90
-105.176;0.00140189;90
-106.759;0.00137333;90
-122.22;0.00101655;90
130.833;0.00187809;90
125.44;0.00217128;90
137.904;0.00117247;90
141.818;0.000655172;90
79.2328;0.00140778;90
125.204;0.00121771;90
130.437;0.0019642;90
162.505;0.00160001;90
151.853;0.00298047;90
124.162;0.00182003;90
107.42;0.00401514;90
103.526;0.00174439;90
-77.9989;0.00286154;90
-58.4081;0.00600727;90
-12.8336;0.0017333;90
58.4934;0.0081095;90
-47.5689;0.00164072;90
-50.7446;0.00201334;90
-41.0438;0.00113762;90
74.1207;0.00238293;90
74.5278;0.00236158;90
74.1775;0.00275436;90
-32.0129;0.000805492;90
-66.5648;0.00241632;90
-42.4664;0.00191955;90
-45.9909;0.00200353;90
-54.9757;0.00217973;90
12.2891;0.00150345;90
-66.7755;0.00145054;90
-70.5293;0.00145204;90
-34.4833;0.00152252;90
-31.2133;0.000866419;90
15.348;0.00102765;90
51.0987;0.0011115;90
-168.25;0.00339311;90
-178.158;0.000622321;90
-122.359;0.0018385;90
-109.815;0.00236291;90
-125.141;0.000755744;90
-117.682;0.00133027;90
172.166;0.00139401;90
139.613;0.00104637;90
-104.422;0.00144142;90
-113.149;0.00152368;90
134.764;0.00137604;90
135.402;0.00161224;90
129.6;0.000999334;90
85.4916;0.00160296;90
106.984;0.000886671;90
134.405;0.0017021;90
118.53;0.000965207;90
138.22;0.00107013;90
129.515;0.00139088;90
-155.598;0.00514349;90
169.174;0.0016239;90
157.495;0.00145262;90
125.23;0.00199182;90
112.999;0.00226505;90
106.632;0.00229189;90
100.7;0.00162119;90
-67.4082;0.00737708;90
-36.9329;0.0016376;90
-10.4842;0.00171463;90
62.3995;0.00796886;90
-49.5417;0.00165204;90
-51.1563;0.00243304;90
15.3478;0.000921877;90
74.0815;0.00204544;90
74.4803;0.00210786;90
73.9991;0.00283691;90
78.7448;0.00287428;90
84.2012;0.00290989;90
76.965;0.00255381;90
81.8699;0.00145664;90
71.6284;0.00228759;90
78.1239;0.00281833;90
16.2095;0.00131112;90
3.58614;0.00182257;90
-81.2848;0.00168951;90
-94.5712;0.00168135;90
90.9577;0.000658092;90
89.9061;0.002441;90
11.3935;0.000941555;90
-6.0112;0.00136551;90
-90.2249;0.00203802;90
-91.9801;0.00153392;90
-77.3972;0.00176451;90
-90.7421;0.00262522;90
-87.9345;0.00244159;90
-72.0631;0.00178264;90
-74.5653;0.00181859;90
-116.61;0.00171015;90
-90.6427;0.00178311;90
-81.5122;0.00217482;90
-98.9668;0.00254713;90
-43.3977;0.000809247;90
-14.26;0.000621138;90
-97.4514;0.00185063;90
-94.2852;0.001432;90
-4.48899;0.00102214;90
44.2689;0.00121915;90
-102.088;0.167075;90
113.313;0.002168;90
130.649;0.00168707;90
97.643;0.00289472;90
112.662;0.002733;90
149.227;0.0019623;90
144.346;0.00137591;90
78.8776;0.0021565;90
70.042;0.00331935;90
73.365;0.00478214;90
86.42;0.0106338;90
72.8904;0.00430659;90
48.8832;0.0033516;90
37.4113;0.00313234;90
54.5808;0.0034285;90
63.7301;0.00598961;90
77.0243;0.00589657;90
83.3889;0.00586299;90
81.2829;0.00583945;90
79.4573;0.00640004;90
79.828;0.00667593;90
88.3199;0.00586652;90
96.5522;0.0047148;90
93.777;0.00678574;90
80.4253;0.00578357;90
90.4239;0.00567716;90
91.6343;0.00575034;90
84.4145;0.00838381;90
81.2891;0.00272038;90
83.1759;0.010015;90
87.8573;0.00205944;90
90.593;0.00966252;90
86.4168;0.00104003;90
46.1817;0.000788592;90
8.12233;0.00416882;90
0.57979;0.00108706;90
-11.6277;0.00222772;90
-30.8542;0.00340837;90
-28.3926;0.00312717;90
-5.48586;0.00220711;90
43.7064;0.00341407;90
20.5464;0.00209422;90
89.025;0.00246836;90
118.896;0.00224329;90
149.299;0.00149445;90
136.243;0.00189125;90
107.253;0.00151727;90
73.7899;0.00288364;90
82.8437;0.00158938;90
85.9276;0.00215444;90
89.0634;0.00183525;90
5.46514;0.00153297;90
48.5173;0.000599341;90
-173.957;0.00348637;90
-118.99;0.00163827;90
-116.529;0.00215155;90
-122.134;0.00113367;90
-115.199;0.001219;90
-177.286;0.00135152;90
135.805;0.00110744;90
-106.431;0.00110304;90
-106.503;0.00114413;90
-115.785;0.00128049;90
-100.381;0.00203125;90
-101.39;0.00251147;90
-85.9463;0.00243309;90
-93.0955;0.00105554;90
-132.059;0.000592629;90
161.828;0.00165452;90
176.621;0.00181516;90
-160.933;0.00220709;90
-168.752;0.00198411;90
-159.688;0.000878636;90
-88.7054;0.00389499;90
-89.0452;0.0043206;90
-92.753;0.00428895;90
-93.2481;0.0042358;90
-98.6739;0.00500626;90
-98.4341;0.00530437;90
-97.2012;0.00429185;90
-91.1226;0.0046959;90
-87.6366;0.00443777;90
-91.0211;0.00426468;90
-100.441;0.0047344;90
-87.965;0.00473098;90
-83.7228;0.00421628;90
-84.2562;0.00480613;90
-94.6138;0.00527108;90
-100.984;0.00534288;90
-99.3329;0.00625885;90
-102.702;0.00442529;90
-92.9188;0.00583257;90
-103.036;0.00529342;90
-101.759;0.00490698;90
-120.272;0.0038662;90
-126.189;0.00367006;90
-139.265;0.00349856;90
-132.348;0.00380478;90
-101.504;0.00514945;90
-92.5509;0.00649343;90
-97.8103;0.00623282;90
-114.811;0.00479235;90
-98.8972;0.0057674;90
-101.21;0.00639908;90
-118.763;0.00401088;90
-115.259;0.00372849;90
-106.266;0.0042772;90
-115.748;0.00426775;90
-132.508;0.00341573;90
-137.736;0.00250389;90
-123.606;0.00207597;90
-109.001;0.00374717;90
-102.886;0.00496401;90
-105.322;0.00516561;90
-109.984;0.0051352;90
-124.772;0.00396626;90
-108.847;0.0636719;90
-115.121;0.00205873;90
-99.437;0.00520849;90
-100.88;0.00572185;90
-101.624;0.00632268;90
-95.1968;0.00664632;90
-99.0231;0.00666953;90
-129.349;0.00411485;90
-148.417;0.00187116;90
-84.4197;0.00446315;90
-86.3948;0.00667922;90
-85.6066;0.00661845;90
-80.297;0.00622404;90
-75.9066;0.00607795;90
-71.2774;0.00547998;90
-75.5779;0.00583384;90
-69.7689;0.00542787;90
-60.9834;0.00453756;90
-44.0168;0.00370861;90
-39.3627;0.00379359;90
-65.0559;0.00494861;90
-74.6926;0.00471217;90
-76.1463;0.00593876;90
-81.5776;0.00690244;90
-80.6436;0.00666771;90
-90.6159;0.0131168;90
-93.7233;0.00335709;90
-98.1437;0.00595101;90
-95.4323;0.00745749;90
-81.2819;0.00697357;90
-88.6778;0.0067608;90
-91.4438;0.00952502;90
-97.1366;0.00184328;90
-95.6647;0.00521748;90
-93.6842;0.00516668;90
-93.0816;0.0055991;90
-88.4683;0.00669639;90
-87.0962;0.00746158;90
-78.0477;0.00626277;90
-73.2954;0.0112685;90
-73.9001;0.00208789;90
-71.9692;0.00394472;90
-69.5553;0.00397648;90
-68.6698;0.00338701;90
-70.873;0.00198985;90
-108.442;0.00242452;90
-107.047;0.00304269;90
-108.016;0.00402221;90
-109.038;0.00354384;90
-107.083;0.00281521;90
-101.989;0.0054734;90
-98.8248;0.00659001;90
-98.8175;0.00714342;90
-98.3684;0.00720774;90
-98.9047;0.00714512;90
-103.981;0.00704469;90
-105.86;0.00678425;90
-106.202;0.00641164;90
-116.19;0.00546283;90
-124.425;0.00473531;90
-116.932;0.00411982;90
-114.369;0.000887029;90
-115.415;0.00338564;90
-115.257;0.00472246;90
-105.864;0.00581654;90
-94.6799;0.00715786;90
-102.642;0.00665739;90
-111.322;0.010943;90
-113.199;0.00245989;90
-111.776;0.00512148;90
-103.528;0.00678011;90
-99.3314;0.00755498;90
-97.3011;0.00726289;90
-105.715;0.0061696;90
-118.758;0.00557458;90
-119.171;0.00470239;90
-118.223;0.00712397;90
-121.394;0.00150889;90
-118.217;0.00339666;90
-125.316;0.0016226;90
123.669;0.00224931;90
120.113;0.00320103;90
108.616;0.00720813;90
108.543;0.00117289;90
98.3486;0.00144633;90
48.1417;0.00270946;90
52.3699;0.00346731;90
76.4021;0.00405774;90
71.7295;0.00407651;90
97.0975;0.00438661;90
95.1944;0.00307061;90
-17.108;0.000805648;90
-28.5767;0.00149059;90
-59.3712;0.00217087;90
165.968;0.00328709;90
-80.7348;0.00573279;90
-94.6956;0.00125822;90
-117.294;0.00298763;90
-114.837;0.00720878;90
-131.365;0.00111523;90
-131.894;0.00123996;90
-83.3729;0.00218359;90
-73.2259;0.00337146;90
-68.6918;0.00349492;90
-59.0742;0.00388187;90
-56.5985;0.00209263;90
63.8415;0.00289891;90
57.5363;0.00352482;90
59.4419;0.00436063;90
65.7812;0.00499241;90
57.3671;0.00494572;90
65.7892;0.00492082;90
76.6571;0.00621373;90
83.0718;0.00639167;90
80.8957;0.00631354;90
76.949;0.0062484;90
68.5534;0.00521832;90
66.5815;0.0053366;90
69.2852;0.00511144;90
68.5902;0.00521593;90
81.9168;0.00604506;90
84.308;0.00642267;90
74.8201;0.00534655;90
65.3626;0.0050255;90
63.3659;0.00519752;90
63.7193;0.00432506;90
55.0694;0.00412516;90
61.4809;0.00435437;90
73.8634;0.00502289;90
73.4864;0.00597026;90
75.126;0.00572275;90
77.9169;0.00617685;90
81.7548;0.00577368;90
82.247;0.00509255;90
80.9109;0.00555171;90
80.9287;0.00561321;90
81.4484;0.00476801;90
77.4841;0.00383924;90
74.8996;0.00266399;90
68.7134;0.00312092;90
72.2342;0.00392624;90
74.6599;0.00354946;90
73.1456;0.00251086;90
97.8273;0.00240844;90
110.769;0.00320636;90
110.939;0.00420573;90
106.976;0.0140837;90
106.617;0.00233241;90
97.1653;0.0165795;90
89.2312;0.00283225;90
87.0027;0.0147452;90
84.8056;0.00193294;90
86.9935;0.0101049;90
87.7526;0.00206559;90
88.8029;0.00397287;90
94.5086;0.0134336;90
86.6678;0.00275265;90
78.8893;0.00338342;90
85.222;0.013242;90
93.1883;0.0033622;90
90.1524;0.00300701;90
98.044;0.0126989;90
100.016;0.00250112;90
102.349;0.0034273;90
105.37;0.00392747;90
109.252;0.00445515;90
122.653;0.00393846;90
138.686;0.00358538;90
134.787;0.00399589;90
117.887;0.00420761;90
112.89;0.00531667;90
104.689;0.00917693;90
104.417;0.00237375;90
110.76;0.0017774;90
101.499;0.00985175;90
93.4385;0.00210078;90
90.7232;0.00213917;90
93.11;0.0122941;90
98.0806;0.00114537;90
55.0068;0.0078294;90
79.0321;0.0040734;90
81.8261;0.0155298;90
78.9549;0.00326753;90
78.7707;0.00613138;90
28.0076;0.00909518;90
-2.69273;0.00129843;90
80.4784;0.014297;90
99.9694;0.00189461;90
83.4348;0.00340231;90
92.7325;0.00568446;90
104.302;0.00523422;90
102.977;0.00535271;90
87.2242;0.0054514;90
72.5698;0.0050677;90
30.0935;0.00313913;90
48.6346;0.00429441;90
55.149;0.00432589;90
53.2365;0.00409181;90
56.7891;0.00444386;90
71.2423;0.00544521;90
75.9735;0.00571438;90
76.2322;0.00517674;90
68.1587;0.0031986;90
34.9165;0.00242321;90
51.2052;0.00351298;90
58.9081;0.004448;90
72.7967;0.00385444;90
68.6105;0.00320258;90
63.9545;0.006115;90
78.2728;0.00199259;90
79.5644;0.00313587;90
80.5045;0.00511001;90
77.0955;0.00567329;90
73.5367;0.00530343;90
88.3847;0.00606641;90
79.3498;0.00495638;90
53.1202;0.0081298;90
46.9124;0.00165272;90
48.5035;0.00229107;90
58.0591;0.00461587;90
78.2837;0.00602758;90
80.8434;0.00637828;90
83.9788;0.00567229;90
78.0097;0.00574739;90
81.6896;0.00606771;90
87.7927;0.0116837;90
97.8094;0.00227409;90
96.1287;0.0027819;90
88.5169;0.00513872;90
87.2894;0.0121166;90
87.939;0.00328112;90
83.96;0.0208035;90
85.9144;0.00203517;90
88.6531;0.0113591;90
24.4253;0.00407248;90
-28.4832;0.00255189;90
-24.7116;0.00983132;90
7.52958;0.000931028;90
38.1097;0.00535185;90
66.545;0.000997414;90
120.556;0.00487034;90
134.222;0.00119724;90
177.908;0.00109573;90
73.8361;0.0115235;90
55.1285;0.00073985;90
-154.358;0.0123514;90
148.322;0.000797873;90
130.437;0.00105765;90
-147.942;0.00160706;90
141.974;0.000832769;90
126.537;0.00168643;90
121.915;0.00107442;90
122.398;0.000897733;90
113.658;0.00124351;90
-127.603;0.000719459;90
-61.5552;0.00110432;90
-61.2418;0.00281638;90
-47.3978;0.000997187;90
-48.866;0.000933384;90
-50.073;0.00108755;90
-49.2033;0.000858616;90
-48.5995;0.000979862;90
-46.1271;0.000826768;90
-57.9626;0.00322165;90
-42.2028;0.000869363;90
-62.8031;0.00113554;90
-61.6958;0.00113466;90
-43.466;0.00092452;90
-77.7902;0.00146105;90
-83.2102;0.00154786;90
-79.651;0.00150854;90
-45.4961;0.000653391;90
-56.3388;0.00110053;90
-22.1491;0.000795719;90
-16.9598;0.000737055;90
12.7071;0.000731927;90
39.1196;0.00097315;90
43.5393;0.00102635;90
76.5569;0.00131195;90
100.548;0.00141491;90
107.978;0.0013867;90
80.422;0.0196286;90
-105.117;0.00178684;90
-81.9354;0.00136146;90
-116.521;0.00117125;90
-112.165;0.00695499;90
-110.794;0.00112957;90
-102.673;0.00116232;90
-82.4991;0.00294924;90
-13.9637;0.000766656;90
90.9782;0.0104845;90
-4.87927;0.000987579;90
35.6486;0.00120107;90
-117.224;0.00462763;90
-95.8419;0.00134599;90
-99.2571;0.00215709;90
-112.145;0.00198438;90
-55.3811;0.00128319;90
-40.2535;0.00176888;90
-34.4682;0.00138882;90
-54.1409;0.00180268;90
-85.936;0.00263863;90
-66.6086;0.00253646;90
-57.3544;0.00241917;90
-71.344;0.00262281;90
-76.2031;0.00377389;90
-69.386;0.00393387;90
-43.2515;0.00152948;90
-37.9213;0.00227798;90
-36.9994;0.00230141;90
-50.7611;0.00398701;90
-47.4366;0.000997923;90
-55.9949;0.00216891;90
-58.4995;0.00252629;90
-52.5811;0.00237971;90
-56.2059;0.00275076;90
-67.3646;0.003687;90
-58.0267;0.00246259;90
-2.87127;0.00193643;90
-18.0182;0.00213048;90
-24.1535;0.00225327;90
-22.5857;0.00206215;90
-23.2796;0.00195082;90
-70.4539;0.00368538;90
-82.7977;0.00331012;90
-77.5964;0.00406897;90
-56.378;0.0037348;90
-14.9899;0.00056834;90
-41.7823;0.00166291;90
-72.4299;0.00238842;90
-82.392;0.00141243;90
19.8063;0.00116279;90
34.1408;0.00098712;90
55.6902;0.000846245;90
73.9894;0.00229502;90
77.1405;0.00174784;90
56.6914;0.00133297;90
40.5154;0.00122989;90
51.4761;0.00105324;90
-132.868;0.00239451;90
-126.164;0.00120149;90
-100.625;0.00196875;90
-108.042;0.00203086;90
-127.875;0.000969149;90
-142.793;0.00200763;90
105.303;0.00359962;90
136.787;0.00244919;90
124.644;0.00376444;90
102.801;0.0107235;90
152.692;0.00131;90
155.734;0.00186146;90
159.407;0.00597905;90
177.792;0.00116787;90
139.403;0.00270773;90
109.224;0.0053514;90
123.674;0.00688771;90
131.223;0.000729905;90
128.856;0.00159876;90
124.765;0.00386001;90
142.212;0.00172342;90
151.593;0.00179515;90
137.999;0.00220283;90
110.354;0.00809333;90
113.783;0.00185231;90
117.361;0.00476507;90
115.422;0.000896842;90
90;0.002545;90
117.743;0.00206656;90
150.161;0.00121393;90
136.992;0.00144408;90
146.002;0.00144501;90
80.7037;0.00170236;90
78.4465;0.00249148;90
86.5555;0.00401125;90
75.3835;0.00110165;90
4.53226;0.000822572;90
31.4213;0.00131012;90
54.7293;0.000673662;90
-115.911;0.00611023;90
-6.17018;0.000632665;90
-46.2239;0.00102625;90
-97.8407;0.00140009;90
-110.843;0.00156544;90
-109.953;0.0019458;90
-39.7115;0.00140393;90
-39.3241;0.00150858;90
-59.9131;0.00199476;90
-84.4964;0.0021479;90
-75.6108;0.0014567;90
-57.5958;0.00426394;90
-78.1193;0.00409472;90
-70.5981;0.00442213;90
-72.1758;0.00436134;90
-68.856;0.00448279;90
-54.9298;0.00420307;90
-53.7831;0.00442249;90
-63.6292;0.00554056;90
-64.8534;0.00576322;90
-61.6624;0.00547965;90
-55.6309;0.00444623;90
-61.6536;0.0049347;90
-61.9325;0.00475865;90
-58.6679;0.00432117;90
-47.788;0.00337265;90
-40.6227;0.00319625;90
-47.606;0.00371686;90
-48.9356;0.00332771;90
-0.737899;0.00108709;90
97.5367;0.00450593;90
97.2185;0.00471134;90
94.0385;0.00242803;90
34.4463;0.00147092;90
42.7575;0.00121079;90
78.0646;0.00283836;90
71.2931;0.00199858;90
32.5804;0.00148937;90
53.2438;0.0016126;90
-126.766;0.000878801;90
-142.901;0.00150201;90
-120.645;0.0018481;90
-94.9011;0.00245799;90
-120.256;0.0018477;90
-140.035;0.00183708;90
135.529;0.0011491;90
108.999;0.00350176;90
136.3;0.00336669;90
116.261;0.00438007;90
94.3417;0.00554792;90
124.987;0.00381066;90
155.525;0.00332367;90
156.471;0.00347928;90
171.939;0.00283097;90
119.152;0.00982098;90
124.737;0.00147242;90
118.249;0.00286072;90
130.246;0.00341292;90
130.304;0.00303164;90
141.362;0.0029356;90
138.887;0.00258689;90
121.876;0.00205842;90
108.941;0.00451338;90
106.923;0.00336678;90
113.538;0.00350568;90
127.322;0.00172525;90
88.8252;0.00204843;90
111.859;0.00278525;90
140.213;0.00156423;90
139.341;0.00151331;90
134.531;0.00146871;90
73.4218;0.00231316;90
80.1522;0.0023212;90
82.6924;0.00155664;90
88.7395;0.00172742;90
85.7839;0.00125139;90
-13.065;0.000915704;90
41.2759;0.00143705;90
-110.051;0.00314993;90
-72.3525;0.000943397;90
-91.5795;0.00177768;90
-95.4992;0.00175307;90
-109.79;0.00243374;90
-106.292;0.00138668;90
88.4041;0.00807913;90
88.5446;0.00208667;90
-3.59533;0.000940852;90
44.2415;0.00138888;90
-157.298;0.00225685;90
168.431;0.000693082;90
-169.715;0.000756149;90
-131.895;0.000600508;90
-123.156;0.000892274;90
-116.777;0.00132958;90
-111.55;0.00130954;90
-119.093;0.00114553;90
-114.71;0.000801379;90
-162.249;0.000688793;90
165.587;0.000811542;90
155.148;0.00104695;90
-106.67;0.00112947;90
143.797;0.000601041;90
-120.131;0.000790863;90
-117.371;0.00114409;90
164.951;0.000754889;90
135.755;0.000751013;90
129.955;0.000884482;90
131.277;0.000653331;90
-38.0429;0.002843;90
58.1431;0.00130921;90
48.5195;0.000622013;90
50.7176;0.00114982;90
-31.4218;0.00105115;90
-17.7051;0.000496518;90
-14.9686;0.000596231;90
52.1205;0.00112377;90
41.9225;0.000856127;90
19.4291;0.000583212;90
63.3066;0.00119764;90
58.4714;0.000713297;90
25.2366;0.000945216;90
-6.85042;0.00059525;90
-14.692;0.000508631;90
91.497;0.00130144;90
23.1655;0.00136506;90
46.5142;0.00141824;90
91.9419;0.0160832;90
76.7724;0.00278386;90
89.3819;0.00213212;90
79.0708;0.00138716;90
67.1321;0.00129694;90
65.4288;0.00111826;90
63.504;0.00185594;90
69.637;0.000798927;90
79.78;0.00126812;90
90.8926;0.00141217;90
116.726;0.00127412;90
94.6529;0.0030942;90
74.0912;0.000860976;90
67.8924;0.000903421;90
81.8902;0.00159495;90
34.9742;0.00105198;90
-33.0098;0.00102793;90
-49.2282;0.000911112;90
-50.0995;0.00108191;90
-162.086;0.00333887;90
-107.365;0.000948216;90
-109.584;0.00138725;90
-68.3273;0.00206605;90
-81.3189;0.00133833;90
-97.3473;0.00182196;90
-107.463;0.0014362;90
-118.399;0.000866249;90
-123.738;0.000658984;90
-108.862;0.00135792;90
-115.627;0.00106585;90
-101.481;0.00124593;90
-90.8584;0.00206923;90
-107.131;0.00151417;90
-100.132;0.00112555;90
-101.033;0.00109728;90
-93.1489;0.00174764;90
-103.877;0.00104655;90
-115.88;0.000934743;90
-116.368;0.00116858;90
-122.084;0.00138563;90
-114.808;0.000846079;90
-76.9051;0.000856266;90
-67.2544;0.000946618;90
-82.6555;0.00116556;90
-86.431;0.000979901;90
-40.9881;0.000626618;90
-39.5942;0.000555428;90
-41.1911;0.00104317;90
20.3099;0.000898884;90
-68.3537;0.000891898;90
-76.0181;0.00102229;90
-97.4588;0.00117091;90
-123.423;0.000831505;90
-116.953;0.00541186;90
-96.519;0.00191136;90
-107.498;0.0027272;90
-74.3479;0.00134176;90
-53.4174;0.00139602;90
125.196;0.000780733;90
131.644;0.00140106;90
69.531;0.00238776;90
83.5203;0.00226849;90
84.6;0.00181706;90
88.7863;0.00236053;90
8.42697;0.000736957;90
27.2291;0.00123484;90
59.8278;0.000881415;90
-164.42;0.00391692;90
-124.645;0.00166405;90
-116.8;0.00218242;90
-112.37;0.00192594;90
176.054;0.00204886;90
-176.193;0.00051213;90
-105.243;0.00467446;90
-104.257;0.00226166;90
-93.435;0.00323782;90
-71.3181;0.00132058;90
-178.86;0.000854169;90
168.67;0.00229574;90
-175.78;0.00228319;90
-153.381;0.00238589;90
175.199;0.000884102;90
118.311;0.000763301;90
108.628;0.00291469;90
124.476;0.00244674;90
171.837;0.00273269;90
-134.63;0.00251947;90
-151.233;0.00189714;90
-156.261;0.00286655;90
-163.841;0.00331289;90
-156.079;0.0037512;90
-116.611;0.00608121;90
-137.129;0.00470056;90
-135.717;0.00491266;90
-127.178;0.00573068;90
-130.087;0.0053917;90
-130.19;0.00547319;90
-128.469;0.00544612;90
-129.707;0.00567255;90
-133.986;0.00527301;90
-124.688;0.0059251;90
-125.958;0.00595715;90
-136.021;0.00520018;90
-134.208;0.00557466;90
-121.317;0.00583518;90
-147.025;0.00457497;90
-174.337;0.00404373;90
180;0.003971;90
-170.484;0.00403452;90
-141.944;0.00477262;90
-117.786;0.00616937;90
-113.015;0.00665254;90
-113.256;0.00715975;90
-114.724;0.00605616;90
-117.24;0.00634238;90
-123.972;0.00620634;90
-125.043;0.00562706;90
-114.702;0.00642494;90
-105.835;0.00760457;90
-100.197;0.00758583;90
-96.7196;0.00792242;90
-100.539;0.00765412;90
-105.861;0.00706185;90
-106.127;0.00658098;90
-102.721;0.0114121;90
-105.515;0.00175703;90
-92.781;0.00179311;90
-115.145;0.00344773;90
-110.025;0.00654148;90
-104.726;0.00116838;90
-78.0588;0.00359581;90
-64.6149;0.00497318;90
-64.2867;0.00400121;90
-62.0264;0.00214683;90
-64.5523;0.0011008;90
-105.896;0.00364747;90
-116.021;0.0032004;90
-118.674;0.00324494;90
-121.643;0.00295067;90
-123.972;0.0030459;90
-131.556;0.00402505;90
-131.943;0.00467993;90
-131.452;0.00463903;90
-121.927;0.00418276;90
-109.636;0.00541596;90
-107.585;0.00479928;90
-114.669;0.00917648;90
-127.267;0.00219145;90
-136.934;0.00358212;90
-156.699;0.00381735;90
-159.276;0.00339678;90
-139.742;0.00567912;90
-128.032;0.00169615;90
-124.551;0.00391441;90
-110.23;0.0120365;90
-107.392;0.00370016;90
-114.818;0.00482678;90
-126.828;0.004124;90
-121.467;0.00464745;90
-116.558;0.0112792;90
-134.14;0.00141296;90
-141.132;0.0029592;90
-146.636;0.00423853;90
-147.763;0.00435302;90
-146.465;0.00430088;90
-150.835;0.00327295;90
-170.749;0.00431715;90
-169.104;0.00402049;90
-179.985;0.003826;90
161.373;0.00386021;90
126.776;0.00559561;90
117.622;0.00584071;90
139.596;0.00443864;90
-176.838;0.00362552;90
-138.994;0.00471087;90
-138.359;0.00460977;90
-168.905;0.00380919;90
159.1;0.00393277;90
156.295;0.00432054;90
159.509;0.00391362;90
167.728;0.00302513;90
166.255;0.00458738;90
173.578;0.00379984;90
-174.328;0.00381467;90
-170.267;0.00372664;90
-158.683;0.00395564;90
-137.968;0.00460166;90
-131.946;0.00485765;90
-127.398;0.00560144;90
-123.676;0.00545548;90
-138.485;0.0046876;90
-139.168;0.00455308;90
-128.306;0.00513181;90
-135.399;0.00457014;90
-121.798;0.00601595;90
-110.412;0.00644255;90
-113.634;0.00615635;90
-116.102;0.00598212;90
-112.904;0.00628231;90
-109.933;0.00657915;90
-115.843;0.00589117;90
-120.687;0.00561184;90
-122.608;0.00556519;90
-143.63;0.00437777;90
-175.682;0.00377171;90
-170.733;0.00381885;90
-152.316;0.0040315;90
-137.599;0.00499024;90
-137.3;0.00799958;90
-166.589;0.00146597;90
160.852;0.00345727;90
150.868;0.00394391;90
155.309;0.00345926;90
176.873;0.00328189;90
-160.841;0.00345222;90
-162.795;0.00356661;90
-163.9;0.00326713;90
-165.277;0.00301396;90
-173.122;0.00307311;90
-172.044;0.00307055;90
175.024;0.00221334;90
-106.102;0.00105644;90
-157.661;0.00166279;90
-160.61;0.00274998;90
-154.401;0.00281203;90
-154.146;0.00306141;90
-161.814;0.00261776;90
-156.533;0.00314404;90
-149.195;0.00315747;90
-157.123;0.00292726;90
-140.358;0.00642953;90
-156.864;0.00121143;90
-157.339;0.00269939;90
-152.77;0.00335477;90
-148.96;0.00362857;90
-139.358;0.0031827;90
176.853;0.00267804;90
-166.311;0.00228182;90
-138.148;0.00320591;90
-135.271;0.00344153;90
-140.384;0.00294678;90
-143.393;0.00296483;90
-145.706;0.00281665;90
-145.287;0.00534539;90
-157.854;0.00107965;90
-144.173;0.00193392;90
-153.287;0.00189977;90
-140.048;0.00160712;90
-121.056;0.00203346;90
-140.028;0.00193644;90
150.768;0.00141294;90
125.196;0.00216352;90
160.968;0.00121438;90
97.9431;0.00342284;90
107.247;0.000991587;90
92.8535;0.00160699;90
103.746;0.00425486;90
105.911;0.000904657;90
100.18;0.0045547;90
102.163;0.00135747;90
100.851;0.00222579;90
97.7517;0.00325474;90
83.7132;0.00438336;90
76.2947;0.00491288;90
59.7128;0.00402312;90
64.4315;0.00447415;90
74.5646;0.00560206;90
86.8765;0.00546912;90
96.6023;0.00407905;90
93.5351;0.00841702;90
101.897;0.00172199;90
111.774;0.00271468;90
118.828;0.00338671;90
111.116;0.0040971;90
99.8763;0.00489149;90
103.473;0.00515898;90
105.716;0.00501343;90
103.711;0.00410498;90
96.5634;0.00530175;90
98.9438;0.00475987;90
118.072;0.003859;90
124.722;0.00354289;90
104.974;0.00429588;90
94.3622;0.00481194;90
95.2764;0.00531753;90
87.1752;0.00495102;90
78.9778;0.00452956;90
80.4312;0.00530582;90
82.7267;0.00575027;90
90.9669;0.00426661;90
103.678;0.00403442;90
94.4767;0.00479162;90
89.1714;0.00525555;90
92.441;0.00563511;90
88.8989;0.00515195;90
90.993;0.00525079;90
93.0304;0.00512617;90
94.4839;0.00634442;90
96.9612;0.00641932;90
102.423;0.00532261;90
118.05;0.00485077;90
128.79;0.00541284;90
54.3946;0.000688768;90
61.589;0.00151326;90
64.8262;0.00211818;90
-112.504;0.00236185;90
-108.05;0.00211719;90
120.424;0.00298386;90
97.5047;0.0103133;90
95.2784;0.00290231;90
93.5976;0.00369729;90
86.5127;0.00670742;90
80.3647;0.0125825;90
91.7458;0.00275728;90
94.3443;0.00282512;90
98.8375;0.0132068;90
111.652;0.00206791;90
105.888;0.00300998;90
109.877;0.00524124;90
116.871;0.00519938;90
132.836;0.00398881;90
137.752;0.00396224;90
137.164;0.0039329;90
117.023;0.00487076;90
112.921;0.00547423;90
118.029;0.00572441;90
133.498;0.00426108;90
130.34;0.00437803;90
120.699;0.00533572;90
117.96;0.00534489;90
105.441;0.00639273;90
97.403;0.00713245;90
109.051;0.00609058;90
121.633;0.00531579;90
130.268;0.00456863;90
133.45;0.00457595;90
148.839;0.00394055;90
155.716;0.0037081;90
155.128;0.00335959;90
157.025;0.00235697;90
123.383;0.00134489;90
142.642;0.00945454;90
138.964;0.00283308;90
147.465;0.00312193;90
146.57;0.00311662;90
150.501;0.00231513;90
-121.152;0.00449637;90
-124.999;0.000692169;90
-118.199;0.00133324;90
-120.018;0.00283646;90
-115.134;0.00325852;90
-99.0434;0.00391264;90
-87.0012;0.003651;90
-58.2691;0.00267716;90
-90.0606;0.003783;90
-82.6342;0.00327603;90
-92.9785;0.00359886;90
-102.487;0.00315873;90
-109.166;0.00297595;90
-96.4435;0.00434847;90
-92.0581;0.0040376;90
-108.558;0.00352532;90
-111.185;0.00309089;90
-106.667;0.00369941;90
-118.66;0.00286274;90
169.362;0.0021235;90
-173.261;0.00464409;90
172.9;0.00307457;90
-156.042;0.00271382;90
-152.985;0.00295886;90
-150.905;0.00334394;90
-147.508;0.00317025;90
-148.095;0.00339253;90
-170.419;0.0027818;90
-126.664;0.00366762;90
-147.019;0.00600703;90
-148.656;0.00178208;90
-140.702;0.0024552;90
-147.727;0.00290474;90
-146.996;0.00345326;90
-128.041;0.00419648;90
-109.483;0.00477015;90
-109.447;0.00483271;90
-111.496;0.00477838;90
-114.096;0.00429858;90
-102.764;0.00499237;90
-94.6663;0.00576511;90
-97.4664;0.00472506;90
-102.026;0.00536576;90
-110.436;0.00201054;90
127.375;0.00179067;90
129.367;0.00192343;90
135.191;0.0021185;90
142.484;0.0016503;90
-48.1628;0.0068694;90
5.82634;0.000985089;90
80.3374;0.0101581;90
80.6958;0.0117952;90
65.0421;0.00181774;90
67.6397;0.00392189;90
67.7727;0.00564659;90
73.8316;0.00606905;90
58.9669;0.00509763;90
35.7528;0.00343665;90
30.7095;0.00332299;90
36.6359;0.00710206;90
13.9275;0.00102205;90
36.7563;0.00262361;90
47.7014;0.00417091;90
17.0161;0.00330781;90
30.4574;0.00357074;90
32.2743;0.00374925;90
29.9023;0.00365681;90
20.7116;0.00331953;90
7.44822;0.00323227;90
-0.830566;0.00331135;90
-10.6816;0.00323709;90
56.1333;0.00377919;90
77.7857;0.00515673;90
70.4139;0.00398243;90
86.9299;0.00420103;90
85.7473;0.00376236;90
71.8791;0.00311552;90
75.4245;0.00334981;90
85.9208;0.00380965;90
96.9798;0.00376893;90
88.6923;0.003856;90
124.522;0.00257796;90
91.9435;0.00395127;90
79.1728;0.00430667;90
62.0298;0.00392101;90
60.8533;0.00411049;90
66.1966;0.00361993;90
-28.2527;0.00153371;90
-32.1385;0.00351337;90
-36.256;0.00722361;90
-40.511;0.00144552;90
-46.5825;0.00312377;90
-38.7996;0.00345676;90
-24.8927;0.00275825;90
-25.4431;0.00292355;90
-25.1134;0.00333639;90
-26.4295;0.00340375;90
-37.1859;0.00409826;90
-46.18;0.00442955;90
-48.4257;0.00466251;90
-58.064;0.00533678;90
-73.1204;0.00556893;90
-82.6257;0.00687184;90
-74.8819;0.00634562;90
-61.458;0.00534112;90
-60.7994;0.00518377;90
-50.0788;0.00469666;90
-48.4581;0.00436089;90
-62.5565;0.00822567;90
-66.864;0.00480766;90
-50.49;0.00637837;90
-40.0656;0.00287727;90
-48.5978;0.00388756;90
-53.2681;0.00431721;90
-69.8644;0.00526372;90
-71.7044;0.00559061;90
-74.528;0.00500435;90
-81.0035;0.00624786;90
-85.9567;0.00616935;90
-89.7975;0.00622604;90
-99.925;0.00588305;90
-100.108;0.00593715;90
-91.762;0.00608188;90
-85.4369;0.00609632;90
-85.2198;0.00631196;90
-69.2245;0.00461508;90
-52.8908;0.00225082;90
-55.2222;0.00324336;90
-56.7564;0.00402225;90
-74.9748;0.00535404;90
-81.4416;0.0058461;90
-85.1673;0.00633853;90
-87.3749;0.0129035;90
-90.2616;0.00240903;90
-90.3013;0.0072251;90
-91.4246;0.00229271;90
-88.8514;0.00608622;90
-79.4332;0.00459696;90
-82.7617;0.00514299;90
-97.7506;0.00619156;90
-98.5895;0.00597906;90
-100.311;0.00500584;90
-91.3492;0.00518144;90
-86.3137;0.00510156;90
-83.8787;0.00528916;90
-66.7601;0.00509653;90
-57.6883;0.00501566;90
-81.065;0.00602005;90
-82.7125;0.0060781;90
-74.1191;0.00585445;90
-76.2291;0.00607461;90
-77.6078;0.006095;90
-66.9459;0.00557201;90
-68.6946;0.00551276;90
-87.0736;0.00902978;90
-82.4175;0.0037286;90
-94.2333;0.00624504;90
-105.817;0.00529032;90
-117.474;0.00405987;90
-119.343;0.00358953;90
-104.197;0.00422814;90
-98.8706;0.00405956;90
-88.7073;0.00336886;90
-79.4329;0.00482584;90
-77.8898;0.00129175;90
-78.887;0.00296765;90
-72.9307;0.00201684;90
-76.3018;0.00184961;90
-82.0708;0.00185574;90
-80.7416;0.00170927;90
-78.7986;0.00258933;90
-78.7438;0.00146518;90
-153.283;0.00101205;90
-117.675;0.00147698;90
-124.263;0.00127532;90
-121.068;0.00132157;90
-117.192;0.000776856;90
-113.126;0.00464418;90
-101.323;0.000891348;90
-130.291;0.00228247;90
-136.772;0.000937365;90
-150.612;0.000617457;90
-164.047;0.00109518;90
-162.369;0.0010367;90
-163.572;0.00270857;90
-165.913;0.000825834;90
-163.745;0.00162912;90
-163.116;0.00219669;90
-166.555;0.00218488;90
142.025;0.00180394;90
-158.912;0.000969962;90
-108.076;0.00222376;90
-105.501;0.0033675;90
-99.9106;0.00405552;90
-88.7607;0.00490115;90
-69.0433;0.00376613;90
-63.4703;0.00362914;90
-58.9947;0.00307308;90
43.6042;0.00148041;90
26.2058;0.00128398;90
64.7672;0.00115412;90
-114.318;0.00127733;90
-142.101;0.001247;90
-150.44;0.00123242;90
121.926;0.00527964;90
115.014;0.00351907;90
98.7249;0.00430482;90
83.3723;0.00525915;90
74.7827;0.00358883;90
77.4537;0.00212679;90
42.9735;0.00183963;90
-27.3602;0.00186909;90
3.74081;0.00171666;90
30.2757;0.00214217;90
4.09335;0.00158304;90
18.846;0.0020277;90
14.8558;0.00200088;90
15.7141;0.00156551;90
19.4502;0.0012493;90
52.5119;0.00216893;90
51.0997;0.00182334;90
39.7125;0.00378285;90
18.8397;0.000492379;90
62.2811;0.00235416;90
98.9306;0.00106289;90
84.7796;0.00239594;90
82.9694;0.00142975;90
-44.1753;0.00147376;90
-50.6802;0.00172177;90
-17.7861;0.00189875;90
49.3578;0.00273593;90
50.7121;0.00260732;90
22.2385;0.00253129;90
26.0048;0.00265255;90
31.87;0.00296026;90
35.7797;0.00503531;90
39.455;0.00133916;90
39.6971;0.0034506;90
43.7147;0.00353077;90
41.4289;0.00339434;90
18.6094;0.00280464;90
-0.106815;0.002682;90
42.9056;0.00359875;90
27.9354;0.00344095;90
28.5794;0.00338437;90
23.0281;0.00308808;90
36.0342;0.00308533;90
40.3242;0.0030273;90
27.282;0.00271614;90
23.0006;0.0029636;90
34.5452;0.00289919;90
19.7349;0.00266237;90
16.3298;0.00286664;90
31.58;0.00272681;90
20.2581;0.002813;90
19.9984;0.00319889;90
18.2635;0.00338239;90
7.66849;0.00322989;90
7.10213;0.00310583;90
13.8243;0.00314716;90
18.8924;0.00336635;90
19.7304;0.00402851;90
5.57418;0.0035106;90
-11.7197;0.00351018;90
-31.0799;0.00406212;90
-24.5329;0.00325374;90
7.67616;0.00431971;90
46.8096;0.00481426;90
46.9673;0.0047581;90
33.5547;0.00434387;90
17.6822;0.00401992;90
1.94387;0.00406834;90
26.1368;0.00448791;90
54.771;0.00507068;90
59.4405;0.00568806;90
62.2271;0.00577078;90
67.9274;0.00635475;90
69.3171;0.00644969;90
63.8944;0.00591101;90
64.6848;0.00668386;90
69.1459;0.00625582;90
65.4504;0.00601472;90
45.5314;0.00480358;90
48.0215;0.0049099;90
46.8466;0.00498133;90
37.0429;0.00437242;90
52.3833;0.00515584;90
56.6336;0.00574373;90
48.5568;0.00517468;90
44.1277;0.00478413;90
26.4449;0.00447751;90
9.1322;0.00399463;90
8.80992;0.00382614;90
-5.92;0.00411092;90
-12.2195;0.00381749;90
-15.9454;0.00309405;90
-19.6438;0.00460182;90
-23.3798;0.00444278;90
-21.6355;0.00397613;90
14.1641;0.00369431;90
40.5249;0.00415064;90
42.2754;0.00443291;90
13.7061;0.0033257;90
-22.6261;0.00352208;90
-58.1294;0.00509277;90
-63.5311;0.00533079;90
-43.1939;0.00421787;90
-10.1247;0.00335627;90
13.5639;0.00176523;90
7.10578;0.00480188;90
7.92481;0.00509163;90
26.1613;0.00387162;90
31.7225;0.00496;90
33.2963;0.00439915;90
36.6318;0.00462064;90
53.2328;0.00502201;90
61.6053;0.0033057;90
64.4266;0.00651196;90
55.5878;0.00812007;90
62.1192;0.0039732;90
75.1591;0.00497393;90
72.4159;0.00319425;90
70.8179;0.0060626;90
62.0927;0.00473461;90
48.0422;0.00405036;90
37.9638;0.00254566;90
32.1415;0.00191913;90
18.9276;0.00367786;90
29.6578;0.00407827;90
46.873;0.00473803;90
57.5917;0.00538111;90
73.4186;0.00633546;90
70.4485;0.00658891;90
62.3594;0.00583717;90
49.2196;0.00419958;90
50.6393;0.00384263;90
45.5418;0.0038136;90
51.1736;0.00128875;90
51.4387;0.00336086;90
65.3457;0.00105959;90
92.8234;0.0013196;90
93.4891;0.00381207;90
44.6463;0.000916428;90
-63.4019;0.00155004;90
43.5336;0.00342635;90
71.9412;0.00289038;90
104.581;0.00324139;90
115.106;0.00337264;90
116.247;0.00402722;90
113.037;0.00420103;90
94.231;0.0027515;90
69.2136;0.00288263;90
66.0964;0.00415104;90
73.0803;0.00273854;90
71.3652;0.0024473;90
77.4936;0.00498734;90
76.9684;0.00615553;90
74.0774;0.00691116;90
74.9601;0.00758792;90
78.2067;0.00718262;90
82.9522;0.0120621;90
79.8603;0.00294804;90
75.6651;0.00707219;90
69.1633;0.00659535;90
59.2744;0.00565247;90
53.7698;0.00533813;90
58.666;0.00562664;90
63.292;0.00591397;90
65.4734;0.00608506;90
66.9253;0.00680221;90
67.7093;0.00630626;90
60.3106;0.00563701;90
36.9521;0.004182;90
9.83532;0.00386379;90
3.60247;0.00300794;90
8.93569;0.00475774;90
21.9099;0.00382422;90
53.61;0.00518138;90
51.2063;0.00521294;90
40.941;0.00455529;90
48.4831;0.00517923;90
56.8196;0.00486408;90
55.8468;0.00497499;90
51.9073;0.0052858;90
47.2926;0.00484332;90
48.7623;0.00500012;90
48.8699;0.00482995;90
49.159;0.00471893;90
57.2748;0.00479273;90
63.9542;0.00355281;90
96.6499;0.00273742;90
77.9052;0.00187563;90
30.7311;0.00122502;90
51.2327;0.00149802;90
-64.3138;0.00169111;90
-57.2993;0.000995835;90
-146.122;0.00422296;90
-67.1481;0.00167117;90
28.2342;0.00233366;90
33.4313;0.00325446;90
52.1316;0.00456789;90
63.2542;0.00524629;90
22.6927;0.0035097;90
14.5597;0.00350454;90
23.4411;0.00310201;90
40.144;0.00182097;90
37.6239;0.00284205;90
-22.1278;0.00270525;90
-43.3425;0.0016624;90
-78.3678;0.00223184;90
-54.5778;0.00242237;90
15.8288;0.00209338;90
25.9727;0.00155728;90
-2.4735;0.00201588;90
-17.1487;0.00146514;90
-26.3126;0.000710629;90
-29.535;0.00220101;90
-27.828;0.00253632;90
-31.6635;0.00147448;90
-3.44362;0.00183131;90
43.676;0.00296852;90
29.2785;0.0023617;90
87.7926;0.00277806;90
120.618;0.00204396;90
145.985;0.00122452;90
142.038;0.00143706;90
75.4378;0.00184941;90
69.6659;0.00217558;90
84.0098;0.00175357;90
90;0.001812;90
131.246;0.000809961;90
167.559;0.000566298;90
92.5768;0.00111212;90
79.863;0.000977255;90
-11.2785;0.00107374;90
50.7278;0.00116903;90
-170.191;0.00238893;90
-178.098;0.000843465;90
-152.363;0.000526015;90
137.583;0.0020711;90
-131.737;0.0011927;90
-128.487;0.00103481;90
-113.31;0.000811213;90
-120.572;0.00117771;90
158.413;0.000845291;90
123.153;0.00121235;90
103.364;0.00157053;90
115.353;0.00124711;90
119.894;0.00128612;90
122.844;0.000695115;90
129.397;0.00116593;90
176.583;0.000604074;90
-105.86;0.00156248;90
-111.962;0.000796822;90
-102.517;0.00160106;90
-103.89;0.00152458;90
-106.761;0.00142869;90
-112.177;0.00130342;90
-94.7079;0.00102345;90
-114.392;0.00081362;90
-76.6963;0.00119507;90
-49.9516;0.000966687;90
-47.5224;0.000642676;90
-69.1275;0.000847625;90
-53.4811;0.000685613;90
-36.9325;0.0005492;90
4.84011;0.000746663;90
-5.61758;0.000551649;90
-3.76659;0.000882907;90
-42.9786;0.00102241;90
-15.0464;0.000481508;90
-61.0338;0.00125957;90
-62.3845;0.00126851;90
-57.7168;0.000677771;90
-41.1859;0.000552768;90
-12.1368;0.00076101;90
-52.5795;0.00106145;90
-57.2293;0.00126183;90
30.6977;0.000775696;90
56.5417;0.000685615;90
39.6442;0.000999972;90
-10.6862;0.000846684;90
-52.0449;0.00106659;90
-71.1793;0.00154987;90
-96.756;0.000943552;90
-114.099;0.00119517;90
-133.02;0.00108464;90
-153.225;0.000854631;90
-172.603;0.000862175;90
155.692;0.000556318;90
140.187;0.00099331;90
128.494;0.000649061;90
94.4392;0.00162788;90
102.286;0.00150855;90
134.024;0.000581326;90
44.3343;0.00103457;90
-55.935;0.00114437;90
-54.8733;0.000696923;90
40.7867;0.00097207;90
53.2943;0.0011862;90
19.0692;0.000771327;90
91.311;0.00100526;90
91.4046;0.000938282;90
64.8704;0.00132104;90
68.7377;0.00126297;90
66.1862;0.00136961;90
73.5759;0.00149605;90
84.3662;0.00155853;90
44.2002;0.000962466;90
-11.2274;0.000816628;90
14.125;0.000782663;90
68.9593;0.0012868;90
78.0349;0.00154353;90
97.5108;0.00140001;90
76.508;0.00237453;90
106.748;0.00147141;90
104.806;0.00164357;90
122.492;0.00103502;90
-125.418;0.00111296;90
-121.106;0.0011072;90
-12.9465;0.000535616;90
-76.5213;0.00157025;90
-109.048;0.00144935;90
-125.215;0.00117749;90
-177.256;0.00302847;90
81.4711;0.00308815;90
79.2608;0.00309114;90
101.561;0.00264465;90
82.8878;0.0016638;90
70.3522;0.00253988;90
125.066;0.00222971;90
141.614;0.00235122;90
147.098;0.00284422;90
147.017;0.00256069;90
157.521;0.000878772;90
128.325;0.00222052;90
119.588;0.00330727;90
109.656;0.00336827;90
107;0.00238732;90
107.518;0.00359787;90
102.806;0.00407845;90
106.55;0.00418121;90
119.903;0.00364874;90
110.441;0.00360499;90
-163.001;0.000530164;90
-99.1992;0.00322143;90
-98.2459;0.00356991;90
-96.1286;0.00295992;90
-54.1197;0.00163284;90
77.2908;0.00237724;90
50.4358;0.00127641;90
-57.1782;0.00115308;90
-42.7064;0.00109548;90
91.8783;0.00210513;90
125.248;0.000805723;90
-65.292;0.0022632;90
114.87;0.00235874;90
-178.1;0.00159888;90
-95.4687;0.00172083;90
-92.7607;0.00222158;90
-124.495;0.00112477;90
-87.0108;0.00153409;90
-78.6017;0.00216061;90
-78.3417;0.00441917;90
-77.4485;0.00547587;90
-75.6947;0.00284109;90
-79.4592;0.00575613;90
-38.0709;0.00123087;90
-79.7267;0.00325214;90
-53.1251;0.0022814;90
-39.4378;0.00217398;90
-39.6107;0.00086579;90
74.7429;0.00259548;90
73.7292;0.00236992;90
-64.9325;0.00225875;90
-63.4529;0.00285054;90
-19.3566;0.00182835;90
-60.8337;0.00273932;90
2.6358;0.00156566;90
-42.6391;0.000875434;90
-73.9429;0.00204269;90
-87.883;0.0010287;90
10.6825;0.00134328;90
-45.7117;0.000683118;90
12.4374;0.00115613;90
54.2988;0.00105902;90
-157.977;0.00250152;90
162.126;0.000677709;90
-155.69;0.000602416;90
-146.185;0.000634301;90
-121.151;0.000995555;90
-118.381;0.000875189;90
-116.816;0.00112386;90
-103.633;0.00106912;90
-121.545;0.00137052;90
-168.374;0.00106689;90
167.369;0.000484732;90
132.764;0.00112374;90
143.736;0.000907851;90
130.489;0.00061142;90
118.926;0.000781499;90
-110.295;0.000847621;90
-171.447;0.000632029;90
132.915;0.000660875;90
-175.164;0.000984505;90
163.585;0.00154289;90
-7.25252;0.00914113;90
44.963;0.00328875;90
63.1846;0.00184209;90
-24.7444;0.00052082;90
19.1138;0.000613841;90
42.3663;0.000707855;90
57.742;0.000721336;90
86.7762;0.00332526;90
106.837;0.00147419;90
91.0869;0.00200336;90
71.6683;0.00105241;90
124.539;0.00312719;90
116.372;0.00158941;90
111.191;0.0009406;90
128.445;0.000625636;90
128.047;0.000730154;90
135.767;0.000792738;90
156.115;0.000526051;90
107.757;0.00171154;90
142.436;0.000726653;90
97.528;0.00102282;90
90.3401;0.00185303;90
81.2919;0.00148613;90
90.6604;0.00104107;90
87.7395;0.00106483;90
93.0767;0.00169544;90
50.2749;0.000638393;90
80.3276;0.00192841;90
-102.558;0.00315959;90
-89.4324;0.00161508;90
-92.097;0.00158506;90
-96.65;0.00151117;90
-92.1982;0.00148609;90
-77.1977;0.00127264;90
-39.1149;0.000924109;90
-72.8712;0.000971072;90
-53.7945;0.0014661;90
-44.9512;0.000830851;90
-56.2357;0.000856458;90
-49.2402;0.000784207;90
-49.9645;0.000670022;90
-108.113;0.00106792;90
-118.711;0.00123025;90
-115.724;0.00112665;90
-66.9451;0.00125634;90
-78.9925;0.00156071;90
-72.5279;0.00112909;90
-36.1955;0.00100247;90
-42.0711;0.000761134;90
1.99695;0.000717436;90
-57.5401;0.000775095;90
-72.4201;0.00105948;90
-102.936;0.00117482;90
-113.975;0.000920411;90
-167.702;0.00350237;90
151.283;0.0006431;90
74.3628;0.00260439;90
78.1551;0.00289872;90
96.4903;0.00269829;90
96.6135;0.00152817;90
62.1896;0.0024692;90
119.722;0.0022005;90
108.331;0.00104292;90
86.3029;0.00290004;90
90;0.002784;90
96.4554;0.00345994;90
117.013;0.00177236;90
178.431;0.00167963;90
-179.114;0.0016822;90
107.054;0.00154807;90
75.2225;0.00163095;90
0.934934;0.00110315;90
-10.0201;0.00163798;90
100.247;0.00240029;90
120.859;0.00103328;90
149.735;0.00091467;90
157.042;0.0010024;90
-114.503;0.00145394;90
-93.3171;0.00388852;90
-100.213;0.00363764;90
-106.391;0.0018356;90
-104.771;0.0017219;90
-97.1602;0.00101088;90
132.813;0.00214976;90
120.098;0.00331613;90
108.756;0.00344283;90
108.427;0.00231574;90
107.31;0.00433221;90
102.438;0.00570593;90
115.718;0.00459741;90
113.429;0.00421011;90
121.852;0.000752283;90
-101.8;0.00318838;90
-99.6145;0.00402352;90
-90.5565;0.00391218;90
-98.1354;0.00153343;90
-127.536;0.00129009;90
62.1154;0.00423355;90
73.7901;0.00351056;90
4.08562;0.000463177;90
-36.5513;0.000683411;90
-81.5931;0.00887132;90
-112.463;0.00173785;90
-105.779;0.00179462;90
-81.0159;0.00285604;90
-73.8679;0.00248693;90
-26.8473;0.000726284;90
68.0488;0.00191805;90
62.9462;0.00167756;90
-36.2232;0.000903658;90
69.4385;0.00122718;90
69.9593;0.00161371;90
-67.0102;0.00151319;90
-67.2872;0.00597755;90
-48.5848;0.00089341;90
-42.6452;0.00146283;90
-32.7808;0.00166043;90
-37.2869;0.00203365;90
-31.4005;0.00252007;90
-32.727;0.00209568;90
-64.2116;0.00112171;90
-51.9288;0.00145952;90
-103.348;0.00373386;90
-79.0507;0.00305359;90
-97.3637;0.00306629;90
-106.398;0.00273109;90
-66.9013;0.000828414;90
-5.20003;0.000926814;90
-17.7103;0.000825104;90
15.3453;0.00111474;90
52.3846;0.00104529;90
92.8199;0.00451246;90
91.8476;0.00248129;90
91.3987;0.000942281;90
115.011;0.00173135;90
126.704;0.001034;90
105.783;0.00130521;90
123.602;0.000722775;90
131.461;0.000744589;90
123.338;0.000811542;90
133.657;0.00117624;90
122.097;0.00112731;90
64.0989;0.000810405;90
11.8123;0.00085;90
80.8572;0.00168035;90
96.6923;0.00095249;90
94.296;0.00166869;90
92.6169;0.00127032;90
89.7183;0.00162702;90
104.098;0.00158061;90
-92.0126;0.00879843;90
-143.09;0.0005778;90
-69.5141;0.00162582;90
-46.7687;0.000595668;90
-51.059;0.000890982;90
-52.528;0.00108486;90
-51.0767;0.000814923;90
-99.4439;0.00102388;90
-115.723;0.00106448;90
-125.464;0.00108413;90
-75.9381;0.00108244;90
-74.7657;0.00144995;90
-88.2125;0.00147472;90
-35.2649;0.000756897;90
-40.1314;0.000833149;90
-42.7741;0.000801049;90
20.2402;0.000552091;90
-35.1877;0.000551838;90
-74.0262;0.00138446;90
-100.789;0.00110045;90
-120.489;0.000849462;90
-143.728;0.00275855;90
-92.8352;0.00262822;90
-97.9039;0.00146896;90
-97.1162;0.00242972;90
-111.271;0.00174487;90
-62.9505;0.00100492;90
-46.664;0.00109577;90
89.384;0.0106036;90
-20.6571;0.000994968;90
39.3134;0.00134162;90
-118.07;0.00495371;90
-90.9959;0.00109317;90
-105.171;0.00412683;90
-51.5618;0.00153457;90
-40.559;0.00190855;90
-35.206;0.0011847;90
-65.3721;0.00250046;90
-89.827;0.00231801;90
-59.287;0.00254729;90
-52.7952;0.00218964;90
-78.162;0.00308563;90
-72.1793;0.00330351;90
-70.7634;0.003797;90
-74.1296;0.0044101;90
-63.5686;0.00460095;90
-51.4352;0.00367181;90
-55.4261;0.00397379;90
-64.0078;0.00415974;90
-65.553;0.00471909;90
-64.0044;0.0050399;90
-56.9169;0.00413663;90
-56.9951;0.00431421;90
-62.2164;0.00479477;90
-62.5714;0.00448069;90
-54.2677;0.00431165;90
-43.0076;0.00384403;90
-44.8466;0.00343302;90
-50.5779;0.0038266;90
-44.7541;0.00296563;90
-42.3343;0.00311676;90
-51.3499;0.00368258;90
-68.3686;0.00519485;90
-81.4565;0.00580239;90
-90;0.005929;90
-84.1087;0.00583582;90
-76.8425;0.00561439;90
-49.6132;0.00402658;90
-41.1674;0.00290918;90
-41.5438;0.00233416;90
-50.7493;0.00260465;90
-57.0773;0.00291993;90
-58.0551;0.00321487;90
-60.1632;0.00286012;90
-55.4905;0.0030642;90
-64.0151;0.00428408;90
-59.957;0.0040767;90
-45.5244;0.00363115;90
-53.5489;0.00396711;90
-38.7185;0.00335415;90
-64.7272;0.00561217;90
-67.9838;0.00594341;90
-50.8149;0.00487158;90
-34.4983;0.00405027;90
-32.8409;0.00413602;90
-31.2867;0.00380304;90
-49.5281;0.00451412;90
-66.6899;0.00499359;90
-50.311;0.00339951;90
-56.1818;0.00123976;90
-86.9497;0.0046606;90
-78.3246;0.00608796;90
-77.9878;0.0065443;90
-77.5986;0.00634198;90
-90.6923;0.00695251;90
-97.497;0.006668;90
-87.6405;0.00684981;90
-91.5166;0.00676337;90
-95.7067;0.00736148;90
-97.4686;0.0065778;90
-97.3914;0.00666942;90
-93.5448;0.00690621;90
-92.7432;0.00679078;90
-103.552;0.00631585;90
-100.92;0.00648238;90
-93.4687;0.00667723;90
-99.3484;0.00636554;90
-103.352;0.0054863;90
-113.852;0.00495084;90
-117.062;0.00484664;90
-115.743;0.00517345;90
-107.871;0.00427529;90
-101.731;0.00392498;90
-95.4286;0.00487286;90
-76.7612;0.0037815;90
-60.0169;0.00265536;90
-71.2101;0.00347098;90
-85.6254;0.00364462;90
-90.566;0.00303715;90
-100.955;0.00329403;90
-92.7509;0.00420885;90
-69.4134;0.00504518;90
-61.3157;0.00507935;90
-54.8735;0.00471338;90
-36.1216;0.00384393;90
-75.074;0.00540435;90
-88.0087;0.00627379;90
-71.6115;0.0058518;90
-72.2192;0.0057339;90
-43.6283;0.00410593;90
-32.1207;0.00342295;90
-59.6393;0.00470875;90
-45.579;0.00349894;90
-62.8415;0.00444733;90
-60.2817;0.00400818;90
-73.4965;0.00476636;90
-85.7338;0.00553835;90
-86.7485;0.005589;90
-92.861;0.00611062;90
-99.2887;0.00607769;90
-97.2211;0.00606208;90
-82.905;0.00638791;90
-93.8218;0.00595625;90
-104.957;0.00552519;90
-105.938;0.00841965;90
-99.6815;0.0028364;90
-104.308;0.00583499;90
-107.227;0.00583475;90
-114.633;0.00528057;90
-117.961;0.00637066;90
-106.386;0.00337821;90
-90.5163;0.00466119;90
-100.994;0.00426324;90
-122.507;0.00389649;90
-116.112;0.00435108;90
-124.124;0.00432457;90
-164.824;0.00236446;90
-99.0412;0.0051672;90
-96.5765;0.00599847;90
-99.842;0.00597899;90
-106.304;0.00500112;90
-95.3786;0.00540881;90
-88.3828;0.00379151;90
-69.9884;0.00222962;90
-70.2838;0.0025314;90
-78.2524;0.00305499;90
-78.0265;0.00323437;90
-90.5595;0.00307215;90
-98.5955;0.0034993;90
-93.1594;0.0038829;90
-109.484;0.00243441;90
-114.232;0.00277995;90
-137.46;0.00187839;90
-124.691;0.00168322;90
-108.096;0.000907906;90
-87.1747;0.00346922;90
-91.3221;0.0026437;90
-70.9975;0.00242622;90
-68.9123;0.00245973;90
-65.5579;0.00257145;90
-62.9866;0.00291503;90
-60.4954;0.00257263;90
-37.5336;0.00189913;90
-21.2257;0.00179261;90
-44.0669;0.00173688;90
-69.1215;0.0029743;90
-51.4615;0.00169652;90
-53.4248;0.00209943;90
-36.29;0.00136347;90
-33.9829;0.00162807;90
-65.939;0.00283536;90
-59.2609;0.00218731;90
-89.0113;0.00527379;90
-92.0669;0.00485216;90
-107.371;0.00413982;90
-93.8566;0.00420753;90
-72.9452;0.0029016;90
-31.6245;0.00176981;90
-31.5828;0.00136521;90
-31.1046;0.00181377;90
-37.7893;0.001583;90
-146.982;0.00130114;90
-109.107;0.00258755;90
-70.3437;0.00158751;90
-51.9012;0.00170659;90
-55.1089;0.00172023;90
-62.4799;0.00236117;90
-64.1458;0.00245137;90
-73.346;0.00303219;90
-64.2823;0.00296356;90
-34.4483;0.00245199;90
-32.8768;0.00218851;90
-35.2724;0.00215944;90
-36.5031;0.00224925;90
-42.2753;0.00235025;90
-40.4518;0.00245219;90
-17.6944;0.00173718;90
30.6488;0.000967095;90
161.762;0.00440634;90
134.122;0.00193911;90
140.207;0.00229839;90
147.83;0.00206033;90
146.289;0.00226484;90
144.581;0.00225172;90
128.871;0.00237105;90
109.075;0.00319758;90
111.332;0.0023586;90
116.115;0.00239222;90
119.61;0.00206233;90
131.666;0.00132524;90
126.947;0.001479;90
123.928;0.00113409;90
69.1948;0.00207212;90
62.3501;0.00186611;90
139.431;0.00212342;90
142.338;0.00148934;90
146.188;0.00142863;90
136.178;0.00196122;90
98.2143;0.0031776;90
81.4372;0.00451331;90
72.5063;0.0037924;90
91.6284;0.00482095;90
90.9509;0.00482066;90
122.492;0.00278493;90
123.624;0.00241628;90
151.911;0.00179888;90
125.708;0.00257513;90
123.282;0.00260771;90
115.162;0.00306925;90
157.19;0.00220547;90
145.645;0.00210162;90
117.03;0.00319947;90
118.401;0.00290346;90
113.08;0.00304579;90
99.8981;0.00676571;90
99.6139;0.00130533;90
94.0988;0.00186076;90
70.0403;0.00167565;90
53.7624;0.00208413;90
42.4919;0.00208443;90
62.5608;0.00196394;90
84.0403;0.00675149;90
77.8557;0.00161617;90
83.8922;0.00236844;90
100.715;0.00330258;90
99.8042;0.00553788;90
114.329;0.00331324;90
91.1403;0.00482396;90
83.99;0.00590244;90
75.597;0.00507759;90
79.1299;0.00562085;90
83.8585;0.00563635;90
78.0309;0.00509681;90
20.1889;0.00306853;90
63.7945;0.0048461;90
59.6407;0.00412923;90
67.074;0.00532677;90
87.6978;0.00634812;90
68.5536;0.00584469;90
61.814;0.00558078;90
69.532;0.00541058;90
73.3672;0.0055304;90
78.62;0.00593467;90
76.3673;0.00588891;90
70.6351;0.00545565;90
80.4958;0.00607438;90
92.2142;0.00680708;90
84.409;0.0137745;90
86.8846;0.00745201;90
93.8938;0.00674457;90
96.0367;0.00681781;90
121.542;0.004907;90
112.855;0.00550197;90
127.675;0.00885667;90
141.744;0.00746638;90
106.531;0.00573922;90
99.1061;0.01198;90
107.206;0.00535149;90
144.177;0.00371102;90
124.483;0.00452873;90
118.994;0.00480068;90
110.578;0.00528628;90
86.1964;0.00547205;90
82.6493;0.00447074;90
96.8055;0.00402536;90
106.171;0.00356192;90
121.143;0.00268379;90
103.84;0.00374987;90
84.4707;0.00531372;90
77.6487;0.00500689;90
67.8527;0.00473755;90
64.3116;0.00461847;90
63.9599;0.00468565;90
66.8724;0.00508682;90
79.2717;0.00569962;90
80.7565;0.00598269;90
86.8418;0.00617137;90
78.9083;0.00586862;90
76.598;0.00589349;90
86.1336;0.00633241;90
87.5551;0.00635278;90
82.364;0.00631399;90
81.8169;0.00627388;90
84.2939;0.00628615;90
85.0391;0.00617513;90
92.4016;0.00653874;90
88.3573;0.00690684;90
82.6327;0.00627783;90
94.9333;0.00647699;90
102.222;0.00618315;90
102.328;0.00623375;90
101.001;0.00531875;90
93.1013;0.00408498;90
129.196;0.00432136;90
113.705;0.0049922;90
129.09;0.00451199;90
148.666;0.00366329;90
149.266;0.00359841;90
147.373;0.0036464;90
136.887;0.00375748;90
116.876;0.00477586;90
111.465;0.00446252;90
114.405;0.00415309;90
138.532;0.00311081;90
129.777;0.0030291;90
130.21;0.00298948;90
132.523;0.00325644;90
116.496;0.00371188;90
117.772;0.0040777;90
123.544;0.0033823;90
120.061;0.00339575;90
125.268;0.00309141;90
120.235;0.00269686;90
135.264;0.00229883;90
137.264;0.0028823;90
138.962;0.00302941;90
123.033;0.00372395;90
101.583;0.00507025;90
95.9592;0.00463304;90
91.7342;0.00452707;90
91.1716;0.00469498;90
103.534;0.00440122;90
111.08;0.00350881;90
124.775;0.00333823;90
138.191;0.00287106;90
134.949;0.00320744;90
130.504;0.00371667;90
132.903;0.0035754;90
138.329;0.00357976;90
134.077;0.00149219;90
125.714;0.00412344;90
118.089;0.00495912;90
116.444;0.00507946;90
124.382;0.00463957;90
120.47;0.00474074;90
115.245;0.0053577;90
116.087;0.00412748;90
120.325;0.0059536;90
127.364;0.00405515;90
117.291;0.00448412;90
107.003;0.00463039;90
110.397;0.00396244;90
104.099;0.00377264;90
114.706;0.00278492;90
113.075;0.00317395;90
131.624;0.00142871;90
87.1275;0.00227486;90
105.955;0.00234639;90
155.093;0.00139142;90
141.256;0.0014924;90
93.6166;0.00133165;90
67.9731;0.00245305;90
74.5151;0.00164055;90
92.3185;0.00254608;90
123.337;0.000720569;90
-179.464;0.000748033;90
92.1093;0.00198334;90
-23.0684;0.000982569;90
41.3261;0.00134627;90
34.23;0.000794643;90
-146.797;0.00212014;90
148.044;0.000742529;90
162.987;0.000980925;90
-155.237;0.000995543;90
-117.456;0.00204312;90
-112.508;0.00200362;90
-127.269;0.00183964;90
167.045;0.00150326;90
157.881;0.000703796;90
-106.738;0.0012604;90
-104.619;0.00152539;90
-103.288;0.00124431;90
-107.157;0.00161696;90
-94.0943;0.00470601;90
-87.9395;0.0010847;90
175.353;0.00208586;90
-176.985;0.00243337;90
-151.869;0.00240512;90
158.535;0.00192662;90
110.131;0.00291721;90
115.113;0.000970765;90
-16.7447;0.000482457;90
-39.5275;0.00519759;90
24.479;0.00108118;90
0.678163;0.00245017;90
-20.5186;0.00250492;90
-34.9855;0.00285855;90
-29.0788;0.00230447;90
-15.1259;0.000777952;90
-1.57583;0.00145455;90
42.4729;0.00253391;90
34.1168;0.0026815;90
52.7666;0.00129243;90
105.619;0.00274849;90
135.728;0.00111308;90
158.802;0.00102324;90
132.2;0.0016644;90
140.211;0.00130009;90
80.2816;0.0015817;90
69.8637;0.00220476;90
87.0039;0.00342468;90
90.388;0.00221505;90
-7.6926;0.000889001;90
24.7686;0.00122686;90
60.8908;0.000816075;90
83.2056;0.0045137;90
83.9649;0.00149328;90
90.4977;0.000921035;90
61.5707;0.00184215;90
-69.9656;0.0013369;90
-80.0422;0.00138791;90
-54.3543;0.00104844;90
-80.6667;0.00138737;90
-77.8562;0.00163049;90
-69.1821;0.00125493;90
-77.2447;0.00139954;90
-71.9947;0.00122289;90
-64.6822;0.00115051;90
-76.0864;0.0009066;90
-86.5285;0.00105694;90
-74.6879;0.00176464;90
-60.6594;0.0010898;90
-71.6749;0.00247449;90
-103.247;0.00154922;90
-85.6719;0.00267663;90
-82.6891;0.0014145;90
-106.707;0.00139488;90
-100.196;0.0046098;90
-100.438;0.00368702;90
-96.6275;0.0015856;90
131.713;0.000900214;90
133.789;0.000869936;90
109.742;0.000790459;90
-148.712;0.00160782;90
91.9609;0.00154891;90
98.9594;0.00247216;90
118.139;0.00122135;90
114.183;0.00139875;90
135.287;0.000987841;90
166.685;0.00088581;90
-137.64;0.000583275;90
-123.182;0.00121872;90
-124.902;0.0011937;90
-142.709;0.00100683;90
-163.282;0.000876028;90
172.047;0.00169127;90
106.121;0.00138652;90
101.462;0.000885664;90
95.8672;0.0042945;90
-23.8855;0.000755723;90
-56.8898;0.00186361;90
43.527;0.000990277;90
39.9801;0.00189099;90
80.6042;0.00212552;90
71.0693;0.00102335;90
81.184;0.00112226;90
66.5276;0.00148378;90
73.5887;0.00148657;90
81.823;0.0015538;90
45.2644;0.00107269;90
-13.1503;0.000799978;90
25.437;0.000840477;90
71.2298;0.00124311;90
80.52;0.00159681;90
98.3936;0.00138382;90
-153.268;0.00445516;90
-95.8669;0.00175117;90
-94.6509;0.00160328;90
-100.643;0.00193835;90
-111.56;0.00163005;90
-74.9791;0.00107265;90
123.548;0.000669525;90
72.3005;0.00130581;90
67.7532;0.00109879;90
80.4495;0.00117529;90
86.4637;0.00160506;90
80.9641;0.00390952;90
-14.9314;0.000481249;90
23.9625;0.000551536;90
43.5797;0.00068469;90
54.4284;0.000785602;90
-120.945;0.00470232;90
-95.2875;0.00161688;90
-98.9805;0.00263935;90
-109.624;0.00182819;90
-54.5085;0.00216163;90
93.3807;0.00542644;90
84.9412;0.00133821;90
82.2076;0.00179962;90
92.7488;0.00206438;90
-9.36408;0.000958776;90
36.9695;0.0012654;90
-85.8745;0.0281479;90
113.361;0.00143243;90
113.593;0.00127672;90
120.069;0.000724498;90
125.852;0.0012498;90
129.329;0.00121652;90
128.74;0.00111539;90
125.885;0.00115157;90
139.495;0.00103769;90
-166.935;0.000486596;90
176.286;0.000802686;90
172.163;0.000469384;90
162.766;0.000739187;90
108.885;0.00124819;90
99.4517;0.000882987;90
103.187;0.00153857;90
96.8096;0.0016446;90
90;0.000929;90
5.23305;0.000537239;90
-55.6786;0.00118297;90
-53.3876;0.00097921;90
49.2619;0.000999076;90
52.6404;0.00117004;90
20.4689;0.000846443;90
104.047;0.00128956;90
68.505;0.00124993;90
68.082;0.00136895;90
67.196;0.00122039;90
68.0394;0.00147071;90
73.8627;0.000820322;90
84.8188;0.00157242;90
43.1764;0.000977717;90
7.25116;0.000507055;90
-9.45095;0.000828242;90
61.848;0.00101735;90
74.4269;0.00156443;90
87.6666;0.00149824;90
77.3524;0.00230185;90
103.955;0.00153428;90
104.977;0.00162521;90
110.145;0.00148377;90
-130.912;0.00100169;90
-91.8936;0.00184601;90
-77.0491;0.000883473;90
-102.699;0.00142383;90
160.774;0.0023596;90
82.382;0.00129745;90
84.599;0.00165736;90
144.398;0.00113028;90
95.0097;0.00204983;90
102.365;0.00201269;90
62.6804;0.00237715;90
108.108;0.00183067;90
120.767;0.0014466;90
83.8947;0.00140095;90
77.4524;0.00165247;90
-91.5094;0.00914917;90
-76.9824;0.0022375;90
-97.8199;0.00263854;90
-41.4291;0.000930946;90
-66.3189;0.000951086;90
-100.709;0.00228174;90
-27.154;0.000913706;90
34.7735;0.00120281;90
59.9314;0.000768407;90
-162.695;0.00415509;90
-120.007;0.00127373;90
-115.949;0.00237216;90
-114.813;0.00127247;90
-162.593;0.00232655;90
-136.168;0.00111039;90
-109.644;0.00112444;90
-96.5504;0.000902894;90
130.993;0.00128513;90
129.73;0.0032104;90
-120.713;0.00125504;90
-101.028;0.00207533;90
-117.777;0.00133255;90
142.639;0.00137765;90
129.92;0.00160507;90
128.312;0.00139044;90
134.402;0.000948989;90
111.146;0.000909224;90
107.809;0.00225927;90
132.401;0.000966902;90
142.216;0.001593;90
171.957;0.00157954;90
151.504;0.00203106;90
120.102;0.000935116;90
113.916;0.00340649;90
107.712;0.000877602;90
104.862;0.00371943;90
111.632;0.0008789;90
109.838;0.002157;90
110.297;0.00261753;90
138.117;0.00208056;90
148.078;0.00210304;90
134.98;0.00201313;90
159.233;0.00634847;90
164.483;0.00121114;90
108.409;0.0020773;90
97.6064;0.00323345;90
88.4727;0.00288903;90
90.696;0.00255219;90
85.1651;0.00253903;90
80.2684;0.00241373;90
82.7346;0.00253032;90
-101.532;0.00217592;90
-95.4508;0.00232652;90
-93.1442;0.00311769;90
-90.6045;0.00293816;90
-90.3468;0.00313906;90
-81.4711;0.00308815;90
-70.8297;0.00162618;90
-156.948;0.00210183;90
-152.64;0.00154706;90
-116.444;0.00442832;90
-95.385;0.00470979;90
-97.0297;0.00417539;90
-122.227;0.00293282;90
-116.939;0.00321822;90
-95.2295;0.00443245;90
-78.752;0.00398861;90
-71.997;0.00452978;90
-77.7132;0.00398017;90
-87.7295;0.00557838;90
-92.6809;0.00431873;90
-81.0455;0.00311598;90
25.3132;0.00206751;90
35.9459;0.0031004;90
44.1498;0.00395528;90
65.7676;0.00506531;90
36.8317;0.0036032;90
15.8956;0.00363291;90
21.2363;0.00291816;90
26.8053;0.0023461;90
39.7526;0.00152313;90
40.0821;0.00257344;90
-22.5992;0.00234723;90
-40.4229;0.00153295;90
-78.7369;0.00240125;90
-58.5726;0.00245868;90
10.8556;0.00195397;90
29.6583;0.000903346;90
-0.589981;0.000874046;90
3.47083;0.00199867;90
-14.8317;0.0015548;90
-26.2351;0.00116501;90
-31.9476;0.00220734;90
-31.3194;0.00251439;90
-18.9148;0.000943973;90
-24.4548;0.00131167;90
34.1815;0.00232816;90
47.5158;0.00281912;90
41.2645;0.00171484;90
101.374;0.00296116;90
135.279;0.00115967;90
148.427;0.00141906;90
136.113;0.0014555;90
117.965;0.00153753;90
70.759;0.0104751;90
-157.754;0.00292145;90
-168.546;0.00101216;90
76.7043;0.00243938;90
80.2942;0.00266921;90
87.4556;0.00299595;90
92.6375;0.00156466;90
77.9361;0.00259327;90
112.107;0.00226124;90
119.588;0.00122125;90
143.616;0.00240729;90
146.434;0.00319952;90
151.741;0.00220931;90
135.278;0.00160444;90
123.384;0.00321675;90
110.582;0.00390847;90
115.137;0.001436;90
-138.755;0.000917674;90
96.0865;0.00259362;90
103.113;0.0014457;90
130.418;0.00101795;90
-65.7341;0.00465969;90
-62.8519;0.000834991;90
-67.0636;0.00375921;90
-63.2697;0.00341047;90
-32.9868;0.00298285;90
-52.1098;0.000988357;90
-33.233;0.00518023;90
-32.626;0.000851334;90
-55.2068;0.00195929;90
-61.7925;0.00162271;90
-99.6987;0.0044638;90
-86.3206;0.00107522;90
-99.2939;0.00167803;90
-100.737;0.00284481;90
-105.571;0.00254438;90
6.5359;0.00161651;90
4.26539;0.00102183;90
24.119;0.00115263;90
56.1553;0.000822346;90
-160.4;0.00321955;90
-23.1986;0.000868198;90
4.28534;0.00112414;90
51.0302;0.00129907;90
-132.038;0.00160091;90
162.143;0.00122291;90
169.47;0.00109443;90
-152.566;0.000648982;90
94.6187;0.00183797;90
107.493;0.00201939;90
-156.808;0.00117821;90
140.303;0.00149202;90
124.568;0.00105045;90
134.175;0.00191575;90
138.044;0.00191755;90
114.952;0.00285883;90
158.724;0.000708272;90
-113.406;0.00152553;90
-138.523;0.000759454;90
-81.7295;0.00132781;90
-98.7288;0.00226018;90
-104.886;0.00245231;90
-105.572;0.00217172;90
171.064;0.000733908;90
130.462;0.00156407;90
-108.97;0.00294389;90
-105.98;0.00137306;90
-102.892;0.00201684;90
-104.862;0.00218717;90
-98.0402;0.000900855;90
-106.091;0.00238129;90
-104.758;0.00288931;90
-178.525;0.000660219;90
140.974;0.00251398;90
-152.236;0.00262974;90
-133.618;0.00202362;90
-155.48;0.00211801;90
-158.473;0.00267349;90
-166.282;0.00296868;90
-160.09;0.0029982;90
-119.348;0.00471517;90
-122.245;0.0048843;90
-144.128;0.00386018;90
-130.062;0.00474817;90
-128.147;0.00471117;90
-128.921;0.0048341;90
-130.86;0.00531789;90
-128.791;0.00530258;90
-130.026;0.00446097;90
-133.389;0.00432637;90
-129.27;0.00428456;90
-123.645;0.004543;90
-126.111;0.0045762;90
-134.783;0.00411681;90
-136.595;0.00396416;90
-131.333;0.00411247;90
-118.881;0.0047703;90
-142.131;0.00401561;90
-169.513;0.0031425;90
-179.868;0.00348301;90
-179.357;0.00329921;90
-168.452;0.00335695;90
-142.919;0.00390583;90
-120.801;0.00500726;90
-112.76;0.00547209;90
-113.521;0.00517933;90
-112.924;0.00528107;90
-114.436;0.00499659;90
-116.835;0.00456342;90
-120.075;0.0041566;90
-124.497;0.00423583;90
-125.33;0.00442;90
-118.672;0.00457272;90
-111.564;0.00487844;90
-106.23;0.00525232;90
-101.702;0.00530526;90
-97.6274;0.00543206;90
-96.788;0.00535554;90
-99.413;0.00534396;90
-102.79;0.00492828;90
-106;0.00517341;90
-106.877;0.00494289;90
-103.824;0.00491744;90
-102.769;0.00466025;90
-102.97;0.00419708;90
-94.3473;0.00230864;90
-59.2605;0.00201512;90
75.6895;0.00106402;90
-61.6917;0.00102907;90
-84.5647;0.00161526;90
-60.5904;0.00264943;90
-57.4126;0.00121058;90
-100.235;0.00205978;90
-114.512;0.00153538;90
-114.013;0.0074826;90
-101.17;0.00128025;90
-113.255;0.00106122;90
-67.4498;0.00208869;90
-61.551;0.00243505;90
-88.9943;0.00170926;90
-87.01;0.0013228;90
-152.303;0.00117685;90
103.89;0.0109934;90
114.244;0.00264968;90
100.896;0.00347056;90
71.4388;0.00487877;90
67.0639;0.00203488;90
72.7052;0.00346464;90
75.0882;0.00338086;90
75.7131;0.00587572;90
76.6105;0.0069828;90
74.8373;0.0127198;90
75.6892;0.00288451;90
80.5837;0.00676009;90
83.4423;0.00811711;90
78.4505;0.00783157;90
72.11;0.00794621;90
60.4569;0.00619781;90
55.5005;0.0101695;90
61.1274;0.00211032;90
63.8707;0.00558586;90
65.837;0.00641286;90
66.6176;0.00646819;90
67.2925;0.00674047;90
58.3004;0.00558171;90
18.2512;0.00917034;90
0.664207;0.00267418;90
14.6616;0.00402197;90
43.3011;0.00927778;90
63.9252;0.00214313;90
44.5512;0.00388143;90
41.4877;0.00489389;90
52.4615;0.00534716;90
57.0893;0.00515891;90
53.6832;0.00528325;90
50.515;0.00496637;90
40.9081;0.00459802;90
51.0452;0.00579444;90
50.0967;0.00510215;90
51.4959;0.00597523;90
47.5932;0.0082519;90
31.2789;0.00183935;90
59.7683;0.00516785;90
52.3167;0.00508591;90
14.3324;0.0040356;90
20.155;0.00344496;90
38.1795;0.0023102;90
35.4873;0.00211362;90
10.2333;0.00265117;90
-38.6963;0.00220892;90
67.5433;0.0026467;90
76.431;0.00276621;90
73.6557;0.00207172;90
78.4111;0.00132909;90
74.0988;0.00160231;90
92.5522;0.00222321;90
90.5925;0.00705938;90
85.0275;0.00268812;90
104.474;0.00276062;90
101.47;0.00433967;90
100.721;0.00524658;90
103.797;0.00551822;90
100.87;0.00515958;90
102.261;0.00324911;90
48.2376;0.00147738;90
82.1332;0.00203111;90
104.103;0.00145691;90
43.2474;0.00145661;90
-19.6499;0.000984322;90
-79.5402;0.00730946;90
-96.4121;0.00211322;90
-108.663;0.00229994;90
-83.537;0.00257637;90
-68.5226;0.0014776;90
-81.5721;0.00236757;90
11.7351;0.000845676;90
73.0288;0.00278529;90
46.8516;0.00260422;90
69.7894;0.000796011;90
-66.2923;0.00150719;90
-70.5023;0.00402374;90
-56.9157;0.00254455;90
-46.4869;0.00171673;90
-37.9072;0.00155766;90
-34.8222;0.00270913;90
-25.8991;0.00257791;90
-36.5937;0.00186702;90
-64.8245;0.00130938;90
-66.1511;0.00204786;90
-103.8;0.00411271;90
-73.6394;0.00100468;90
-92.3224;0.00180148;90
-101.686;0.0029573;90
-104.524;0.00230878;90
-9.2669;0.00101221;90
-3.7485;0.000871865;90
-4.08562;0.000856176;90
39.5875;0.00131188;90
163.99;0.00428208;90
108.996;0.00174503;90
167.837;0.0021738;90
121.892;0.00106943;90
132.363;0.00146031;90
143.815;0.00173952;90
118.349;0.00258615;90
119.312;0.00151153;90
-106.899;0.00208817;90
-107.731;0.0028042;90
-106.01;0.00268307;90
-102.741;0.00160964;90
133.129;0.00164561;90
131.36;0.00201579;90
138.177;0.000854792;90
-64.926;0.00242338;90
100.237;0.00165433;90
119.486;0.00126368;90
97.3129;0.00143769;90
116.709;0.0098119;90
101.104;0.0118855;90
135.493;0.00131527;90
117.922;0.000717532;90
63.4979;0.000813482;90
83.0738;0.00160874;90
-81.0977;0.00359936;90
-63.4349;0.00208178;90
-62.9362;0.0039562;90
-2.39755;0.0010279;90
-76.1995;0.00300577;90
-82.3537;0.00234485;90
79.8533;0.00210594;90
-85.3602;0.00353559;90
-76.0224;0.00213213;90
-52.9126;0.00142281;90
-68.496;0.0031836;90
-46.4734;0.00228259;90
-59.3933;0.00244922;90
67.301;0.00167146;90
73.9327;0.0031001;90
0.710609;0.00064505;90
-64.2147;0.00312184;90
-35.9599;0.00149859;90
-39.3058;0.00123291;90
-58.2249;0.00192561;90
-41.7614;0.00137681;90
-116.843;0.00101429;90
-40.4114;0.00153794;90
-65.071;0.00145672;90
6.02631;0.00086679;90
-2.08169;0.00118378;90
-16.7971;0.000840877;90
7.40866;0.000977158;90
49.9265;0.00109511;90
128.641;0.00280894;90
166.442;0.000784873;90
116.158;0.000882375;90
82.498;0.00245098;90
101.515;0.00252482;90
74.1869;0.00166605;90
76.575;0.00261444;90
132.72;0.00177766;90
92.3961;0.00117202;90
88.9073;0.00340862;90
96.1696;0.0025216;90
91.91;0.00228027;90
98.4509;0.00184402;90
176.544;0.00160893;90
179.371;0.0017321;90
147.279;0.00124687;90
84.4842;0.00234084;90
12.7781;0.00194415;90
-35.7853;0.000591706;90
3.36267;0.000886526;90
-176.889;0.00304048;90
-101.772;0.00209302;90
-116.001;0.00145307;90
-104.341;0.0030965;90
-104.119;0.00236133;90
-101.937;0.0012715;90
-99.8273;0.00299393;90
-98.5478;0.00349179;90
-102.315;0.00255991;90
-107.999;0.00307446;90
-103.622;0.0013757;90
-105.397;0.00290009;90
-103.266;0.00257984;90
143.212;0.0011238;90
134.469;0.00129618;90
32.7402;0.00274392;90
67.0149;0.00133933;90
76.5749;0.00195543;90
70.803;0.00235389;90
76.9284;0.00217537;90
-52.9352;0.00123441;90
-64.4912;0.00232904;90
-48.71;0.00119114;90
-33.3913;0.00117016;90
-48.8825;0.00173356;90
-54.8295;0.0018142;90
11.7773;0.00129833;90
-57.4783;0.00130576;90
-70.8972;0.00157366;90
-90;0.001108;90
3.66589;0.00115737;90
-13.0693;0.000517402;90
-6.55167;0.000867666;90
40.5191;0.00105895;90
51.3837;0.000616887;90
-116.727;0.00537642;90
-97.4061;0.00331264;90
-113.784;0.00140098;90
-82.9492;0.00114869;90
-85.8364;0.00104676;90
107.84;0.00155371;90
68.4426;0.00239772;90
81.9915;0.00213179;90
84.4067;0.00184679;90
89.7272;0.00231003;90
20.1639;0.000649828;90
36.1004;0.00184657;90
-167.868;0.00299284;90
-177.059;0.000760001;90
75.8384;0.00199462;90
76.8005;0.00264077;90
86.6507;0.00294403;90
108.692;0.00190656;90
62.9899;0.00195751;90
92.3341;0.0025291;90
134.491;0.00103454;90
135.065;0.00251023;90
150.084;0.00277703;90
144.508;0.00336897;90
157.183;0.000492541;90
131.909;0.00195375;90
118.292;0.0041838;90
103.578;0.00130343;90
108.974;0.00228516;90
107.97;0.00311811;90
104.761;0.00443124;90
103.744;0.00489516;90
118.87;0.00437013;90
111.284;0.00374117;90
-115.546;0.00113163;90
-97.7475;0.00393896;90
-102.172;0.00415951;90
-77.3861;0.00321459;90
-147.214;0.0011431;90
-132.508;0.00134973;90
51.6752;0.000614398;90
36.2478;0.00101306;90
-46.9937;0.00134149;90
-84.1714;0.00256024;90
-65.4596;0.00167094;90
-79.3632;0.0049409;90
-79.5275;0.00990296;90
-70.796;0.00150791;90
-76.0442;0.0020732;90
-87.6106;0.00273438;90
-93.7858;0.00121164;90
-88.0894;0.00812852;90
-91.4787;0.00162754;90
-100.568;0.00155945;90
-106.096;0.00182869;90
-105.515;0.00175703;90
-106.321;0.00288944;90
-104.526;0.00278296;90
-99.8631;0.000893202;90
120.991;0.00215574;90
164.531;0.00227958;90
-134.597;0.00231442;90
-146.935;0.00203448;90
-157.01;0.00223774;90
-163.319;0.0073472;90
-136.731;0.00145165;90
-116.919;0.00441542;90
-124.15;0.00590525;90
-135.496;0.0103758;90
-128.893;0.00226641;90
-129.748;0.00319823;90
-129.077;0.00574906;90
-129.714;0.00491265;90
-126.974;0.00990102;90
-132.112;0.00171196;90
-131.75;0.00283086;90
-127.273;0.00713658;90
-133.734;0.0111686;90
-146.211;0.00224404;90
-111.304;0.00293131;90
-123.704;0.00472882;90
-164.684;0.00256303;90
-171.555;0.00473231;90
177.539;0.00421489;90
-171.786;0.00384242;90
-135.613;0.00541816;90
-116.553;0.00649399;90
-110.087;0.00703172;90
-114.511;0.0135897;90
-115.176;0.00263755;90
-123.075;0.00330565;90
-124.781;0.00611807;90
-116.001;0.012913;90
-105.085;0.00302007;90
-104.368;0.00490439;90
-96.213;0.00726266;90
-97.8002;0.00722081;90
-104.436;0.0135302;90
-104.854;0.00215709;90
-103.617;0.00437497;90
-102.47;0.00628936;90
-108.507;0.00428774;90
-97.1681;0.00330181;90
-164.897;0.000924949;90
117.632;0.00869355;90
136.306;0.00207873;90
125.676;0.00154494;90
117.627;0.00294362;90
126.665;0.00790265;90
130.991;0.00221513;90
120.875;0.00188048;90
127.533;0.00257377;90
129.308;0.00151857;90
156.413;0.00263407;90
144.931;0.00316937;90
125.987;0.0033628;90
122.743;0.00384377;90
112.447;0.00403579;90
112.948;0.00321113;90
133.034;0.00191668;90
110.911;0.00285504;90
117.673;0.00316955;90
120.855;0.00414341;90
121.693;0.00479858;90
124.134;0.0050862;90
127.468;0.00497927;90
121.235;0.00525117;90
114.432;0.00976765;90
115.182;0.00250065;90
114.194;0.00469216;90
113.431;0.00527607;90
108.106;0.00882606;90
107.466;0.00237553;90
107.763;0.00469061;90
107.763;0.00657546;90
107.658;0.00696935;90
103.061;0.00732345;90
99.066;0.00772348;90
98.3767;0.00772238;90
99.1753;0.00761341;90
107.983;0.0115892;90
113.368;0.0020371;90
120.544;0.00477568;90
130.946;0.00501108;90
135.238;0.00493777;90
132.168;0.00526731;90
115.265;0.00672201;90
103.822;0.00796565;90
99.2662;0.00701149;90
99.6799;0.00653606;90
101.5;0.00560758;90
103.437;0.00589127;90
103.412;0.00572515;90
104.112;0.00682084;90
104.47;0.00726755;90
104.25;0.00703237;90
113.575;0.0103487;90
117.566;0.00220197;90
117.677;0.00474717;90
115.322;0.00616316;90
115.302;0.017565;90
103.283;0.00265502;90
103.395;0.00249075;90
95.7745;0.0145508;90
109.574;0.00380276;90
159.905;0.00585014;90
-176.191;0.000767696;90
-82.8016;0.00203504;90
-47.5964;0.0024038;90
-74.7081;0.00163799;90
-75.3173;0.00230011;90
-64.7002;0.00241017;90
-104.986;0.00201866;90
-114.562;0.00120284;90
-110.212;0.00214189;90
-179.785;0.000798006;90
146.243;0.000953808;90
-104.117;0.000861002;90
-98.0277;0.00166128;90
-103.921;0.00144649;90
-97.0379;0.000897764;90
-105.252;0.00150915;90
-110.887;0.000790977;90
155.483;0.000713314;90
108.435;0.000806381;90
115.191;0.00143552;90
-151.636;0.000740951;90
-92.0605;0.000945611;90
-89.9066;0.00184;90
-91.1691;0.000931194;90
-105.826;0.00125768;90
-135.996;0.000610325;90
-115.983;0.000792056;90
-122.935;0.000673187;90
-123.292;0.00127889;90
-123.851;0.00118484;90
-119.47;0.000697207;90
-127.108;0.00110721;90
-125.808;0.000690519;90
-124.027;0.00132243;90
-123.787;0.00115267;90
-121.703;0.00070406;90
-123.656;0.00139119;90
-120.384;0.00067814;90
-122.532;0.0012905;90
-124.548;0.000666547;90
-114.675;0.00139651;90
-96.8095;0.00171208;90
-95.845;0.00093285;90
-88.8116;0.00163935;90
-96.3402;0.000968926;90
-86.8005;0.000967508;90
-90.63;0.0017281;90
-98.5862;0.00168792;90
-113.882;0.0014425;90
-96.9553;0.00175894;90
-96.6126;0.000929181;90
-109.333;0.00145293;90
-102.185;0.00088596;90
-118.797;0.000712057;90
-130.036;0.00114415;90
-137.529;0.00115371;90
-92.2056;0.0014811;90
-120.729;0.00109005;90
132.148;0.000795774;90
100.87;0.000970411;90
96.4329;0.000955013;90
100.539;0.000874757;90
100.429;0.000867328;90
97.3883;0.000917619;90
97.8224;0.00171193;90
99.5323;0.000942007;90
100.531;0.00154299;90
95.0744;0.00146976;90
87.9594;0.00171309;90
88.8266;0.00166035;90
89.3013;0.000984073;90
-95.4883;0.00135923;90
-88.899;0.0016133;90
-89.8936;0.001615;90
-82.4459;0.00177238;90
-82.7423;0.000910293;90
-78.8049;0.000880759;90
-83.6109;0.00168044;90
-82.7348;0.00172384;90
-83.5816;0.00169965;90
-77.8378;0.00154262;90
-16.9686;0.000753818;90
72.7657;0.00131295;90
71.767;0.00125606;90
45.3148;0.00102956;90
53.269;0.0011554;90
69.2861;0.00148713;90
77.5167;0.00150355;90
80.9577;0.000897149;90
81.7291;0.00166835;90
69.6619;0.000799865;90
74.3806;0.00144849;90
81.573;0.00163768;90
95.7643;0.00159306;90
83.0443;0.00100741;90
86.7039;0.00172185;90
85.8783;0.00169739;90
78.5064;0.0015909;90
61.5182;0.00135045;90
60.6353;0.00134593;90
73.2972;0.00152745;90
67.6769;0.0013664;90
58.6226;0.00135402;90
62.6801;0.00128988;90
44.1931;0.000903772;90
60.447;0.000703529;90
55.0727;0.00123311;90
31.8944;0.000601868;90
39.5533;0.000901388;90
40.0415;0.000621752;90
55.1628;0.00112211;90
46.3559;0.000956276;90
64.4782;0.00117905;90
34.4534;0.000749466;90
60.6636;0.000730707;90
36.5416;0.000802813;90
-13.8896;0.000758169;90
61.61;0.00134814;90
74.8636;0.000846363;90
7.97327;0.000619994;90
57.3432;0.00210709;90
73.8724;0.0014688;90
-40.8542;0.000958517;90
93.0526;0.00279797;90
91.1233;0.000969186;90
96.0378;0.0098969;90
131.93;0.00165063;90
130.684;0.00171961;90
-105.154;0.000845398;90
-95.9948;0.00168522;90
-102.735;0.00231803;90
-104.083;0.00208362;90
-103.939;0.00272732;90
-168.421;0.0017986;90
99.7346;0.00207589;90
100.883;0.0031303;90
107.043;0.00239518;90
-148.742;0.00100019;90
167.263;0.00110212;90
-125.762;0.00433421;90
-150.072;0.00116655;90
-143.298;0.00150421;90
134.506;0.00131102;90
32.6261;0.00757296;90
25.4398;0.00104758;90
36.7661;0.0012146;90
52.9959;0.001281;90
63.2896;0.00229153;90
8.25823;0.000758869;90
83.8098;0.00130762;90
105.47;0.00084356;90
92.4412;0.00107998;90
-49.9108;0.00452654;90
7.04701;0.0015487;90
-18.3547;0.00338838;90
-56.8942;0.00413412;90
-80.2519;0.00748304;90
-82.7932;0.0134714;90
-66.4429;0.00304256;90
-65.6002;0.00504236;90
-62.8574;0.00612222;90
-64.457;0.00634295;90
-63.6941;0.00632724;90
-66.1358;0.0115406;90
-70.0622;0.00248387;90
-72.1009;0.00456495;90
-74.6313;0.00605969;90
-75.4859;0.00677523;90
-76.9385;0.0130311;90
-77.076;0.00322366;90
-4.69561;0.237155;90
163.036;0.00319084;90
76.3599;0.00270118;90
97.6516;0.00438605;90
63.9856;0.00228;90
96.3997;0.00212625;90
122.803;0.00177387;90
79.418;0.00149747;90
53.0871;0.0007992;90
96.3267;0.000934692;90
-123.3;0.00277218;90
147.737;0.00270694;90
147.904;0.00303011;90
149.503;0.00120002;90
130.435;0.00208764;90
152.638;0.00164054;90
-117.745;0.00193327;90
118.843;0.00178893;90
92.4936;0.00183874;90
81.8167;0.0009133;90
-46.9221;0.00280384;90
-43.7966;0.00144777;90
-42.8628;0.00185815;90
-38.7036;0.00204385;90
-34.7021;0.00314065;90
-31.5807;0.00280314;90
-57.0082;0.00127452;90
-50.6977;0.00188029;90
-108.368;0.00271324;90
-89.5944;0.00211905;90
-85.0748;0.00262068;90
-97.3423;0.00199536;90
-23.815;0.0010253;90
-58.0567;0.00156498;90
52.8307;0.00122482;90
57.7825;0.00140302;90
-81.3672;0.00149898;90
-109.723;0.00150531;90
-166.03;0.00354175;90
-155.082;0.000840214;90
-120.16;0.00174757;90
-109.953;0.00229156;90
-123.861;0.00121147;90
-113.975;0.00093026;90
173.173;0.000572056;90
171.503;0.00066328;90
127.175;0.00067521;90
-173.147;0.00065367;90
-108.254;0.000900305;90
-104.753;0.00126056;90
-107.889;0.00122734;90
-101.456;0.00100196;90
-51.1879;0.00135138;90
-62.3583;0.00114239;90
-53.3956;0.000992811;90
-66.0087;0.000806693;90
-27.088;0.000783998;90
44.5333;0.000781379;90
-5.48756;0.000460109;90
-27.543;0.0011267;90
-31.2671;0.000518276;90
13.3994;0.000763792;90
60.1991;0.000760581;90
67.8949;0.00115597;90
68.5415;0.00124102;90
70.9785;0.00497357;90
89.2941;0.000974074;90
84.696;0.00478147;90
47.6331;0.000661844;90
36.2961;0.00437362;90
-69.7469;0.00230235;90
-71.2029;0.00290176;90
-84.1514;0.00157017;90
-70.2373;0.00131017;90
104.681;0.00125084;90
104.551;0.00380918;90
107.192;0.00326487;90
100.671;0.00142566;90
106.761;0.00107152;90
120.504;0.000683615;90
116.793;0.000787549;90
91.5997;0.000931363;90
107.901;0.00125579;90
116.654;0.00115471;90
115.894;0.00122277;90
103.03;0.00277649;90
111.246;0.00139909;90
124.548;0.00120439;90
115.914;0.00125854;90
119.606;0.00118007;90
-132.952;0.00122691;90
-135.782;0.00103672;90
-132.958;0.000952371;90
-72.8562;0.00133324;90
-43.9405;0.00107074;90
-49.2702;0.00106361;90
-77.3718;0.00225044;90
-121.022;0.00100704;90
-120.44;0.00125731;90
-108.046;0.00130415;90
-93.1594;0.00139712;90
-34.0809;0.00113855;90
-33.5347;0.000818186;90
-41.5697;0.000969058;90
-95.144;0.00143879;90
19.561;0.0012873;90
-10.9498;0.000842335;90
-81.4852;0.00160064;90
-113.812;0.00120126;90
-125.597;0.00100845;90
-143.67;0.000975643;90
172.772;0.000826569;90
-104.678;0.000844562;90
91.9319;0.00100857;90
-28.3259;0.00077136;90
22.5555;0.000479693;90
36.4715;0.000891622;90
-176.832;0.00294951;90
-155.47;0.000831;90
137.311;0.000964571;90
113.525;0.00129024;90
163.021;0.00051024;90
97.2617;0.00109176;90
122.329;0.000712436;90
125.458;0.00100671;90
123.968;0.00103092;90
125.672;0.000994618;90
142.677;0.000910428;90
154.243;0.000982626;90
118.391;0.00166985;90
114.813;0.00146307;90
117.046;0.00122496;90
-122.185;0.00189052;90
-147.945;0.000738607;90
50.0142;0.00252413;90
-59.9878;0.00124954;90
-67.2659;0.000809925;90
-64.3658;0.000908411;90
-58.5999;0.000923204;90
-47.8288;0.000601774;90
-21.7211;0.000529604;90
-30.5755;0.000607462;90
-45;0.000625082;90
-54.8458;0.000868389;90
-56.551;0.000988762;90
-52.8334;0.00104281;90
-10.9517;0.000784284;90
27.0635;0.00092532;90
18.1753;0.000907267;90
-12.5371;0.000750905;90
-44.2202;0.000883258;90
-20.5361;0.000672753;90
5.18606;0.000619536;90
43.7138;0.000819036;90
56.7442;0.00109778;90
-61.1867;0.00101461;90
-79.3344;0.0013778;90
-114.528;0.00179938;90
