angle=Azimuth
heading=Coordinate_System
dist_units=Default
startAt=15.6516;60.6193;90
survey=Polygonal
[data]
-88.7205;0.00237359;90
-66.4174;0.00217461;90
-52.0853;0.00329055;90
-65.199;0.00418388;90
-74.0571;0.00945466;90
-73.5046;0.00158837;90
-77.9442;0.00328444;90
-78.0137;0.00486814;90
-96.9343;0.00723089;90
-124.831;0.00247917;90
-126.808;0.0014888;90
115.583;0.00221851;90
121.785;0.00231049;90
-175.662;0.00208898;90
-129.325;0.00262421;90
-154.77;0.0018041;90
-170.984;0.000823171;90
-70.0498;0.00208087;90
-57.8415;0.0022207;90
-79.5727;0.00276262;90
-86.7609;0.00343349;90
-87.4204;0.00339944;90
-90.1409;0.00325401;90
-132.278;0.000997439;90
147.171;0.00084851;90
-150.661;0.00117352;90
-157.158;0.000674928;90
89.7496;0.0185332;90
154.632;0.00830478;90
-175.279;0.00202888;90
-163.352;0.0024643;90
133.733;0.0041878;90
122.167;0.00176374;90
146.511;0.00261154;90
-144.794;0.00265212;90
-115.021;0.00175908;90
-142.396;0.00156013;90
-170.367;0.00187646;90
-157.378;0.00180162;90
-154.783;0.00190118;90
125.553;0.00127954;90
107.283;0.00217103;90
72.452;0.000898827;90
-25.451;0.00517524;90
7.72338;0.00123521;90
5.86876;0.00126161;90
85.901;0.00214048;90
33.7778;0.00235443;90
-15.4322;0.00380312;90
52.4696;0.00137069;90
74.4739;0.00302229;90
80.6792;0.00153122;90
-102.193;0.00594204;90
-88.3244;0.000923395;90
140.985;0.00459082;90
-132.028;0.00145931;90
-122.367;0.00367615;90
-175.931;0.00147973;90
-157.223;0.00484048;90
-142.618;0.000581423;90
97.0965;0.00423343;90
-107.253;0.00125759;90
67.0705;0.000782858;90
27.1881;0.00493529;90
32.2737;0.00129035;90
-9.94877;0.00106502;90
-65.8646;0.00195161;90
19.8987;0.000928431;90
40.3989;0.000952005;90
37.7698;0.000955118;90
11.6317;0.000838214;90
30.0827;0.000925687;90
75.6211;0.00113557;90
43.441;0.00101366;90
-7.7308;0.000750824;90
70.905;0.00140003;90
74.8725;0.00129901;90
74.7532;0.00120543;90
74.8521;0.00112509;90
74.7483;0.00146355;90
-41.2139;0.000578261;90
-25.7199;0.000576074;90
77.8964;0.000906143;90
74.05;0.00172127;90
-47.2158;0.00164596;90
-60.4795;0.000728586;90
-89.4482;0.0106955;90
133.436;0.000699589;90
47.9519;0.000768938;90
-41.7445;0.000771992;90
77.8673;0.00116093;90
73.5868;0.00218713;90
126.506;0.000660613;90
100.885;0.00711196;90
149.944;0.000616958;90
-101.596;0.00683042;90
132.376;0.000679535;90
-136.286;0.000944933;90
-102.308;0.00106958;90
-109.205;0.000918092;90
-104.417;0.00094785;90
-93.9846;0.00105054;90
167.905;0.000744527;90
163.634;0.000560721;90
136.513;0.000883485;90
149.861;0.000595505;90
155.714;0.000719689;90
-178.441;0.000698259;90
-158.454;0.000833223;90
-124.153;0.00123619;90
-143.179;0.0009294;90
159.151;0.000983393;90
123.854;0.00106808;90
151.99;0.000868765;90
-164.532;0.000494927;90
-158.199;0.000883167;90
-162.135;0.000889909;90
-171.153;0.000474647;90
-131.139;0.002163;90
-114.426;0.000802861;90
153.695;0.000591222;90
144.422;0.00082501;90
107.741;0.00488323;90
125.258;0.00150019;90
152.167;0.000646829;90
151.858;0.000536412;90
119.009;0.00122693;90
148.985;0.000570576;90
50.8874;0.00118571;90
50.9003;0.000956124;90
-49.9166;0.000924053;90
-40.4712;0.000716415;90
-39.0816;0.000678906;90
-42.1099;0.000729248;90
-48.1017;0.00086252;90
-63.0464;0.00118693;90
-58.6011;0.00106144;90
-56.3099;0.00127276;90
-56.7156;0.00141036;90
-41.8716;0.00117909;90
10.4388;0.00110936;90
33.2508;0.0015557;90
-36.6195;0.00137301;90
-46.7171;0.00158109;90
36.29;0.00110666;90
38.6515;0.00107432;90
26.5651;0.000968217;90
1.71655;0.000634285;90
66.63;0.0014042;90
49.5538;0.000881717;90
30.0809;0.000845931;90
53.8676;0.0012431;90
76.2274;0.00105431;90
75.0238;0.00115317;90
71.9384;0.00101922;90
75.0388;0.000991615;90
76.7822;0.000865941;90
-54.5032;0.000650987;90
-43.1655;0.000596397;90
81.0851;0.00160033;90
56.1941;0.00123477;90
-15.8863;0.00093158;90
-71.4243;0.00102964;90
-104.948;0.00547011;90
-90.4881;0.000939034;90
170.002;0.000650884;90
113.084;0.000788103;90
-150.99;0.000754689;90
-97.8533;0.00169792;90
-125.489;0.00110412;90
-87.645;0.000924781;90
-103.59;0.0010895;90
151.18;0.00052275;90
169.287;0.000527189;90
136.914;0.000868104;90
134.757;0.000666101;90
155.592;0.000653395;90
179.204;0.000648062;90
-169.457;0.000776101;90
-142.063;0.000644112;90
-133.733;0.00111962;90
167.155;0.000688222;90
-144.88;0.000844794;90
175.348;0.000554828;90
95.5084;0.00115634;90
141.067;0.000622203;90
-154.562;0.000591331;90
-170.651;0.000831039;90
-143.78;0.000917259;90
-176.662;0.000944603;90
-130.878;0.00192832;90
-99.3838;0.00107944;90
140.204;0.000763996;90
159.934;0.000588738;90
104.744;0.00127705;90
103.676;0.00177224;90
118.343;0.00259509;90
126.536;0.000994417;90
145.138;0.0006508;90
168.075;0.000658204;90
90.2701;0.00169702;90
-170.669;0.000931323;90
-60.2385;0.00896672;90
-20.5929;0.00691163;90
59.3715;0.00172925;90
79.705;0.00156113;90
38.8383;0.00255611;90
-22.2401;0.00378347;90
-18.9912;0.000488595;90
-83.0571;0.00179516;90
-70.6047;0.00184893;90
129.158;0.000736387;90
108.435;0.00220727;90
81.5152;0.0014165;90
74.8233;0.0046792;90
81.534;0.00139925;90
68.3674;0.00270986;90
91.5885;0.00122647;90
77.9855;0.00159494;90
89.2167;0.00863181;90
103.524;0.0018431;90
102.031;0.00314713;90
37.4088;0.00308314;90
64.7901;0.00104006;90
71.3023;0.00468844;90
104.717;0.00120452;90
109.335;0.00167021;90
65.8931;0.00116785;90
-45.1049;0.00579334;90
-64.1511;0.000894497;90
-17.2261;0.000614567;90
-33.4723;0.00547382;90
-28.2016;0.00101783;90
48.3739;0.00128563;90
89.772;0.00100501;90
92.4055;0.00219193;90
95.3005;0.00396194;90
-86.368;0.00192587;90
-85.5492;0.00413647;90
-86.4105;0.00108613;90
-58.7303;0.00468918;90
-56.4233;0.00252417;90
-73.266;0.0132637;90
-74.663;0.00263898;90
-75.9897;0.00748465;90
59.3948;0.00112351;90
24.1229;0.00326405;90
-33.197;0.000999052;90
28.0306;0.00716894;90
47.8687;0.00224647;90
64.1636;0.0120628;90
57.6429;0.00200301;90
49.4327;0.00182981;90
25.6414;0.00951615;90
17.9762;0.00209318;90
6.80342;0.00693886;90
-0.846855;0.00155617;90
37.7462;0.0068658;90
66.3881;0.00187497;90
72.69;0.00264164;90
83.5242;0.00750992;90
86.0665;0.00727414;90
80.3638;0.00720465;90
80.8331;0.00644025;90
81.7492;0.00436215;90
73.4366;0.00795927;90
78.2924;0.00180863;90
81.9197;0.00374215;90
84.2333;0.0105594;90
81.7067;0.00248195;90
85.5343;0.00426394;90
65.0896;0.0068922;90
33.8573;0.00266008;90
19.2007;0.00369134;90
52.7781;0.00904937;90
69.2744;0.00189888;90
77.154;0.00468219;90
70.9629;0.00535593;90
64.4736;0.00542783;90
64.566;0.00999136;90
75.0368;0.00220372;90
76.6988;0.00308167;90
76.968;0.00942371;90
83.0147;0.00162808;90
76.7841;0.00333739;90
53.6732;0.00320734;90
-37.8324;0.00578622;90
-55.0579;0.000939332;90
-60.6208;0.00275995;90
-53.3558;0.00340123;90
-43.306;0.00318125;90
-45.9383;0.00306572;90
-44.0228;0.00335854;90
-15.4228;0.00308717;90
29.4786;0.00325545;90
43.8656;0.00400018;90
-4.23413;0.00280365;90
-12.8736;0.00347843;90
-11.5469;0.00346207;90
-52.9227;0.00458623;90
-49.0177;0.00442038;90
-42.8695;0.00412741;90
-44.3741;0.00414248;90
0.761192;0.0033873;90
25.0326;0.00352844;90
-8.81588;0.00368655;90
-17.8067;0.00700771;90
-3.55442;0.00146782;90
-9.44025;0.0021339;90
-10.2229;0.00362861;90
-0.54067;0.00339115;90
-0.156186;0.00697003;90
5.22343;0.0012522;90
-28.1483;0.00244406;90
17.1075;0.00350822;90
48.3285;0.00338568;90
44.4621;0.00248559;90
31.1371;0.00323156;90
-4.17044;0.000481274;90
18.3394;0.00113779;90
21.965;0.0017565;90
18.0488;0.00478653;90
-3.48275;0.000954763;90
2.3688;0.0022259;90
-15.3051;0.00341719;90
23.6606;0.00325677;90
-0.584063;0.00206011;90
-15.0874;0.00236658;90
12.5938;0.00248581;90
-7.60452;0.00306798;90
6.40454;0.00304802;90
21.6502;0.00337725;90
-12.5306;0.00341535;90
-53.3259;0.00819405;90
-50.861;0.0016619;90
-30.959;0.00206056;90
-13.5207;0.00231825;90
-27.8701;0.00449656;90
-13.6385;0.000733688;90
7.69001;0.00127043;90
23.9386;0.00219589;90
18.8925;0.00221746;90
2.84251;0.00215765;90
-11.6945;0.00262958;90
-12.7448;0.00627356;90
27.3112;0.00127064;90
14.4759;0.00287631;90
-16.7758;0.00329837;90
-2.47647;0.0034252;90
-6.78205;0.00625779;90
-48.3192;0.00161208;90
-55.9916;0.00314492;90
-47.5864;0.00465397;90
-59.4075;0.0047374;90
-54.8865;0.00486789;90
-55.4187;0.0103775;90
-55.1825;0.00204391;90
-68.0263;0.00327382;90
-76.8137;0.00665445;90
-59.1889;0.00933213;90
-42.4368;0.00210292;90
-50.9469;0.00327598;90
-63.0256;0.00494497;90
-16.1114;0.00369721;90
-34.1803;0.00411714;90
-37.4228;0.00414519;90
-33.6021;0.00379277;90
-24.0652;0.00345533;90
-21.3963;0.00370323;90
32.9124;0.00357593;90
47.3142;0.00935134;90
23.4623;0.00119805;90
-43.8435;0.00651661;90
19.3022;0.00133716;90
0.761722;0.00210619;90
-0.337314;0.00356706;90
-0.0673671;0.003402;90
35.4822;0.00396416;90
30.5109;0.00748666;90
55.7556;0.00151939;90
71.5531;0.00454451;90
59.9065;0.00744098;90
-12.2413;0.00103759;90
-2.48551;0.00184474;90
-9.55164;0.00442941;90
4.09544;0.00124618;90
48.3352;0.00258886;90
63.4008;0.00449808;90
39.7569;0.00783074;90
51.4796;0.00186097;90
59.1306;0.00353939;90
65.5926;0.00584431;90
84.0739;0.0138118;90
77.3388;0.0026279;90
57.2893;0.00365102;90
66.122;0.00530397;90
33.832;0.0039173;90
26.546;0.00402984;90
22.1328;0.00427069;90
55.1864;0.00918011;90
77.6331;0.00226455;90
77.5953;0.0052557;90
73.3094;0.00633698;90
52.4262;0.00732555;90
94.8911;0.00448031;90
-152.215;0.145188;90
123.387;0.0199659;90
123.298;0.0019035;90
152.723;0.0204039;90
-164.944;0.00151293;90
176.764;0.0120622;90
-169.237;0.000862166;90
-165.719;0.00528635;90
-171.08;0.001406;90
156.217;0.0104297;90
123.151;0.00132579;90
118.735;0.00599875;90
170.824;0.00645258;90
-152.799;0.00153135;90
-178.315;0.00700703;90
-152.684;0.00129658;90
174.975;0.00543389;90
-163.582;0.000799603;90
172.755;0.00549487;90
-173.693;0.000955785;90
179.535;0.00172406;90
-160.488;0.00607486;90
-160.212;0.00198204;90
-138.861;0.00750743;90
-127.381;0.00141326;90
-143.921;0.00162335;90
173.338;0.0108956;90
179.881;0.001919;90
-179.429;0.00311315;90
173.509;0.0069878;90
173.29;0.00157479;90
161.901;0.00770945;90
-168.124;0.0077652;90
143.552;0.00171185;90
135.041;0.00884662;90
130.447;0.00121156;90
124.845;0.002242;90
139.436;0.00520221;90
167.258;0.00791183;90
170.516;0.000886111;90
-174.057;0.0115521;90
134.188;0.00119796;90
127.366;0.0105288;90
144.571;0.00720028;90
-119.756;0.00126131;90
-101.293;0.0126387;90
-109.337;0.00178786;90
-103.964;0.00232058;90
-111.85;0.0137756;90
-120.624;0.00234391;90
-110.612;0.00717533;90
-111.14;0.0134202;90
-128.272;0.00295128;90
-146.347;0.0110078;90
-96.4749;0.0207685;90
-104.147;0.0129374;90
-103.113;0.00242422;90
-105.747;0.0406069;90
-174.654;0.00140612;90
-174.777;0.00165889;90
-168.836;0.0109808;90
-139.307;0.00837103;90
-124.946;0.00151886;90
-122.738;0.0164072;90
-165.781;0.0047268;90
165.951;0.00111227;90
-118.169;0.00922113;90
-119.806;0.00127347;90
149.508;0.00476731;90
-176.23;0.00139903;90
-131.304;0.00343307;90
170.115;0.00410088;90
-166.295;0.000628905;90
144.579;0.00295735;90
154.574;0.00269947;90
177.347;0.00252771;90
159.231;0.000628866;90
83.1372;0.00284539;90
74.9765;0.00264646;90
87.871;0.00134593;90
-164.757;0.00321407;90
98.6571;0.00190672;90
133.424;0.000720107;90
-144.717;0.000967771;90
-105.424;0.00368471;90
-103.704;0.00175599;90
130.208;0.00287808;90
-166.621;0.00241145;90
-131.69;0.00236356;90
-118.602;0.00206385;90
175.359;0.00177983;90
-156.461;0.00163506;90
-159.661;0.00176078;90
-153.325;0.00139218;90
94.2909;0.00244586;90
121.012;0.00122279;90
49.1347;0.000706116;90
-118.077;0.0105767;90
-128.611;0.00739061;90
-105.664;0.00131483;90
-156.128;0.00327409;90
98.3532;0.00170711;90
87.7986;0.00554509;90
-76.8094;0.00092028;90
-87.5634;0.000987893;90
-67.9993;0.000854204;90
-104.819;0.00333906;90
-73.5118;0.00239238;90
19.1347;0.00207145;90
71.3611;0.00159886;90
55.4419;0.00428389;90
40.9079;0.00133772;90
60.6303;0.00339081;90
70.8742;0.00154741;90
48.4573;0.00492477;90
-2.98464;0.000749016;90
80.3553;0.00268596;90
100.027;0.00140141;90
-37.7146;0.00444968;90
22.7885;0.00190793;90
-9.90111;0.00145974;90
47.7551;0.00133869;90
99.1363;0.000982464;90
42.5766;0.0017559;90
28.2554;0.00291084;90
-42.5443;0.00280555;90
-65.0692;0.00128581;90
-70.8692;0.00273399;90
-94.5708;0.00296142;90
-88.5366;0.00356316;90
-89.5468;0.00391912;90
-85.8734;0.0023902;90
-17.0731;0.00142374;90
-51.8661;0.0012421;90
126.77;0.0010324;90
156.873;0.00136467;90
118.544;0.0011008;90
88.6076;0.0040742;90
91.4747;0.00474057;90
87.1006;0.00278757;90
-27.574;0.00104127;90
16.3139;0.0023496;90
71.017;0.00201668;90
76.3032;0.00294783;90
74.5122;0.0020297;90
74.4324;0.00183325;90
74.3112;0.00156428;90
88.7075;0.00456616;90
130.699;0.00114095;90
131.325;0.000970733;90
131.777;0.000893074;90
130.517;0.00132067;90
100.686;0.00684878;90
103.893;0.00174917;90
102.489;0.00250631;90
101.949;0.00386883;90
117.415;0.00201984;90
68.104;0.00168667;90
75.3024;0.0028575;90
40.4941;0.0014491;90
-36.2434;0.00177431;90
40.9385;0.000958415;90
94.27;0.00163855;90
-136.716;0.00415541;90
-94.3518;0.00355826;90
-144.454;0.00157562;90
89.2885;0.00370429;90
130.143;0.00215451;90
127.351;0.00123784;90
116.599;0.00223339;90
70.0195;0.00187591;90
92.1309;0.00368455;90
112.412;0.00235271;90
120.487;0.00220366;90
102.541;0.00361525;90
106.918;0.00310644;90
110.953;0.00307322;90
105.036;0.00380839;90
100.599;0.00365334;90
99.6243;0.00232675;90
12.0388;0.00157259;90
-32.8763;0.000976371;90
-95.7679;0.00159206;90
-37.725;0.000603067;90
-65.8218;0.00237319;90
-78.728;0.00355559;90
-78.2598;0.00357785;90
-78.3868;0.003224;90
-76.1458;0.00221339;90
-75.4522;0.00230903;90
-80.1182;0.00413129;90
-78.4951;0.00501374;90
-77.0173;0.00502546;90
-79.7939;0.00529376;90
-77.7936;0.00254453;90
-75.8941;0.00319226;90
-83.6996;0.00254236;90
-106.658;0.0092095;90
-107.066;0.00219778;90
-89.1738;0.00159517;90
-49.3782;0.0012134;90
-92.1558;0.00122287;90
-49.4802;0.00106817;90
-104.792;0.00206028;90
-122.442;0.000904098;90
131.522;0.000897557;90
-113.447;0.000937405;90
132.014;0.00128939;90
132.19;0.00157237;90
131.433;0.00156857;90
-148.671;0.00096933;90
-157.34;0.00132638;90
-96.3947;0.0036004;90
-76.4445;0.00167671;90
-139.81;0.00194787;90
-162.384;0.00238903;90
-158.232;0.00223002;90
-166.971;0.00150371;90
99.9262;0.00296438;90
75.87;0.000888894;90
-49.2729;0.0452122;90
-90.6259;0.00137308;90
-76.672;0.00168745;90
-70.8928;0.00242563;90
-100.585;0.0013337;90
23.8311;0.00128452;90
29.227;0.00109775;90
-35.4734;0.000828846;90
-25.182;0.00079672;90
-5.78901;0.00196301;90
-71.3513;0.00169499;90
-37.4972;0.00137008;90
-78.7239;0.000997251;90
-60.0824;0.000864154;90
-72.4269;0.0014507;90
-90.9702;0.00112216;90
-71.6055;0.00179048;90
-2.81556;0.000671811;90
-43.5193;0.00175138;90
-23.0554;0.00110311;90
-2.60256;0.000836863;90
-50.2315;0.00118652;90
21.052;0.00113581;90
60.8252;0.00226883;90
56.2196;0.000879478;90
64.6589;0.00106774;90
77.5901;0.000888766;90
-20.3;0.000602417;90
-48.4937;0.000673002;90
-55.2951;0.00111179;90
-50.8023;0.000615508;90
-38.0869;0.000640344;90
-39.7579;0.00123056;90
-4.29629;0.000600688;90
-91.038;0.00231838;90
-81.0246;0.00212806;90
-96.3634;0.00327518;90
-96.2512;0.00490416;90
-90.8742;0.000983114;90
-95.1623;0.00355643;90
-86.7978;0.00184388;90
-81.7434;0.00326585;90
-77.3497;0.00153424;90
-80.0557;0.00171984;90
-87.276;0.00119936;90
-80.429;0.00190654;90
-87.594;0.00190568;90
-79.4099;0.00226355;90
-85.6521;0.00155648;90
-82.7869;0.00371137;90
-85.0622;0.00101075;90
-140.147;0.000780257;90
177.191;0.000591711;90
-139.834;0.00071318;90
-124.079;0.00081737;90
-124.162;0.000740827;90
-99.4179;0.00212058;90
-78.0614;0.00230588;90
-92.9194;0.00135476;90
-85.9021;0.0013294;90
-92.813;0.00185423;90
-78.7787;0.00190135;90
-79.3494;0.00216428;90
-46.3964;0.00261141;90
-45.9306;0.00139318;90
-57.757;0.00288841;90
-59.9508;0.0017514;90
-81.0976;0.00105977;90
-75.1843;0.00165813;90
-84.5572;0.00221398;90
-73.8125;0.00104024;90
-123.702;0.0013066;90
-100.35;0.00101857;90
-68.8925;0.00105798;90
-100.949;0.00112141;90
108.952;0.00357162;90
102.084;0.00299026;90
125.358;0.00196308;90
166.029;0.000853241;90
131.984;0.00143813;90
119.762;0.00162771;90
132.534;0.000903812;90
122.832;0.00198272;90
145.423;0.00094976;90
-179.688;0.00128602;90
140.76;0.000817299;90
145.382;0.000890688;90
-122.31;0.00119739;90
-141.372;0.000840996;90
153.524;0.00114621;90
-153.435;0.000494171;90
171.87;0.000509117;90
130.51;0.00142708;90
104.277;0.00109894;90
96.542;0.0030106;90
166.516;0.000553249;90
117.84;0.000783712;90
147.451;0.00107245;90
158.199;0.000522361;90
-144.686;0.000714463;90
-128.795;0.000791647;90
-113.3;0.00088737;90
-123.507;0.00173539;90
-143.146;0.0007386;90
-153.093;0.00059883;90
179.14;0.000866098;90
166.691;0.000477834;90
-164.114;0.0009243;90
-151.615;0.000506949;90
-129.678;0.000861434;90
179.895;0.000545001;90
122.627;0.000791971;90
114.702;0.00119648;90
106.281;0.00145536;90
85.9118;0.00159907;90
86.306;0.00142797;90
99.9497;0.00216456;90
103.058;0.00349642;90
86.0683;0.00116675;90
97.5919;0.00138514;90
78.6147;0.00104353;90
88.7309;0.00225755;90
105.76;0.00321796;90
109.976;0.00398686;90
94.2906;0.00101585;90
98.2295;0.00146711;90
93.1187;0.0018197;90
85.6749;0.00131274;90
73.4064;0.00186987;90
81.4902;0.00121639;90
46.4896;0.000598415;90
80.9273;0.0019342;90
79.2289;0.00283596;90
84.1336;0.00168281;90
67.9715;0.00131176;90
62.54;0.00309241;90
68.8262;0.00123755;90
91.3972;0.00094328;90
115.833;0.00189097;90
108.545;0.00148722;90
123.16;0.0020988;90
98.2012;0.00091132;90
64.112;0.00158951;90
62.3902;0.00220737;90
89.9284;0.002399;90
115.447;0.00137544;90
73.2973;0.00157965;90
58.2024;0.00152015;90
75.2981;0.0013988;90
88.2218;0.00122459;90
89.8194;0.00126901;90
102.524;0.00138803;90
115.981;0.00127149;90
114.753;0.00125864;90
114.684;0.00144394;90
80.8298;0.000934949;90
130.374;0.0153695;90
109.434;0.0163834;90
153.949;0.0159617;90
-11.9452;0.00636789;90
16.1013;0.000908643;90
87.3096;0.00121434;90
48.3726;0.00156258;90
29.9961;0.00302635;90
-48.5607;0.00418992;90
-74.3467;0.00140096;90
-55.4401;0.00200963;90
8.26282;0.00189265;90
17.6398;0.00191399;90
1.57628;0.00192673;90
-15.0423;0.00203058;90
-31.7453;0.00261525;90
-26.1672;0.00257601;90
-27.0655;0.0022527;90
27.5143;0.00234864;90
49.6916;0.00280104;90
-1.55992;0.00157959;90
-62.0923;0.00313001;90
-57.8963;0.00111205;90
-69.9976;0.00253172;90
-74.1445;0.00455323;90
-71.0227;0.00464338;90
-70.602;0.00551294;90
-55.2589;0.00520119;90
-55.8962;0.00560733;90
-66.798;0.00656388;90
-62.3234;0.00859885;90
-50.1608;0.00152505;90
-54.6868;0.00299631;90
-62.7373;0.00400375;90
-63.2107;0.00479909;90
-57.9744;0.00571943;90
-44.2159;0.00459875;90
-44.7921;0.00448238;90
-48.3351;0.00454591;90
69.6671;0.00162314;90
98.4447;0.00960817;90
97.6359;0.00137721;90
101.62;0.00285961;90
99.1552;0.00177866;90
65.5835;0.00224256;90
71.4113;0.00306489;90
75.5694;0.00338272;90
52.5575;0.00252153;90
66.704;0.00347424;90
67.6744;0.00280096;90
88.6457;0.00355399;90
64.9631;0.002767;90
95.9925;0.00416677;90
93.8916;0.00393407;90
102.406;0.00415195;90
102.633;0.0038912;90
65.556;0.00178829;90
42.6176;0.00144587;90
33.5013;0.00126278;90
39.1098;0.00139186;90
-82.3865;0.00100385;90
-152.225;0.00378964;90
-123.041;0.000979386;90
98.3327;0.00707974;90
88.6427;0.00206858;90
98.5783;0.001609;90
102.483;0.00697182;90
99.5672;0.00116723;90
97.2884;0.00126119;90
109.751;0.00715812;90
174.696;0.00208794;90
146.167;0.00188765;90
118.157;0.00425106;90
99.7622;0.00144492;90
125.21;0.00601312;90
104.81;0.000970231;90
113.701;0.000778677;90
-132.415;0.00647591;90
-109.571;0.0011165;90
-116.776;0.00170032;90
-115.766;0.00926851;90
-133.372;0.00139356;90
-146.903;0.0059517;90
-174.865;0.00122893;90
-179.424;0.00378119;90
-118.081;0.00114929;90
-110.431;0.00487571;90
-95.9738;0.00127794;90
-127.379;0.00355634;90
-100.502;0.00119604;90
120.544;0.00487206;90
153.525;0.00113727;90
-139.799;0.00250203;90
-159.85;0.0042267;90
149.505;0.00589203;90
157.013;0.00113948;90
178.65;0.00454026;90
-116.694;0.000995053;90
141.757;0.00397254;90
128.212;0.00419995;90
145.315;0.000718722;90
-131.886;0.00463415;90
-126.939;0.0006606;90
-141.613;0.00065703;90
-170.171;0.00377846;90
-160.426;0.00111334;90
130.053;0.00246;90
10.4879;0.00699893;90
84.6836;0.00361555;90
72.7756;0.00232005;90
-15.1047;0.00146978;90
89.4497;0.00281113;90
85.1917;0.00276774;90
77.1537;0.00211391;90
127.308;0.00154265;90
120.318;0.00199483;90
107.697;0.00164484;90
-42.5543;0.00730753;90
-43.2971;0.00202251;90
-49.513;0.00108737;90
-39.6693;0.000753499;90
-102.34;0.00171257;90
-104.828;0.00200062;90
-107.285;0.00193855;90
-105.466;0.00354746;90
-151.234;0.000791705;90
150.093;0.00319899;90
-140.19;0.00304881;90
-113.986;0.00270346;90
172.385;0.00171311;90
-160.175;0.00241195;90
-151.871;0.00216353;90
104.818;0.00240084;90
103.596;0.00167185;90
130.568;0.00426388;90
92.155;0.00587716;90
64.3123;0.00137266;90
2.36792;0.00198469;90
-51.35;0.0100118;90
16.2;0.000989281;90
-3.81407;0.00422436;90
-29.9452;0.001206;90
-36.853;0.0020308;90
73.8154;0.00115164;90
56.5076;0.00482398;90
6.07729;0.00175687;90
-130.172;0.00712463;90
-96.0304;0.000980425;90
141.843;0.000640962;90
-172.571;0.00598625;90
-161.364;0.000719739;90
-160.466;0.00183035;90
-159.398;0.00435662;90
-164.882;0.00168325;90
-129.81;0.0135308;90
-141.072;0.00127002;90
178.973;0.00295648;90
96.57;0.00220246;90
9.51644;0.00156656;90
-12.6322;0.00414739;90
47.557;0.00443798;90
72.3485;0.00358478;90
29.1165;0.00521387;90
92.2177;0.00364373;90
152.895;0.00408458;90
121.318;0.00155449;90
133.65;0.00168055;90
79.4412;0.00127153;90
107.887;0.00105815;90
111.712;0.00167052;90
110.53;0.00178219;90
-137.352;0.00063764;90
-115.511;0.0014349;90
-108.489;0.00133701;90
-133.061;0.00169308;90
-121.851;0.00114077;90
-115.419;0.00078278;90
-126.124;0.000783666;90
-122.12;0.00137673;90
-103.556;0.00356225;90
-58.5584;0.000678643;90
-79.4961;0.00167304;90
-91.5528;0.00166061;90
-56.2438;0.00408343;90
-90.2721;0.00315904;90
-68.7252;0.00256586;90
-34.7152;0.000542584;90
-61.8834;0.00122224;90
-30.0246;0.000533604;90
-65.0399;0.0016446;90
-93.8623;0.00197448;90
-105.335;0.00119868;90
-101.67;0.00109258;90
-105.88;0.00132663;90
-91.7619;0.00185388;90
-89.8362;0.00139901;90
-88.8371;0.00113323;90
-83.1892;0.000995022;90
-77.4532;0.00103573;90
-17.8982;0.000810211;90
-44.2135;0.000669693;90
-37.4054;0.000898839;90
-54.0579;0.000642284;90
-31.687;0.000896666;90
-12.6936;0.000527902;90
-30.1095;0.000701679;90
-40.7272;0.000987036;90
-46.7871;0.000906952;90
-62.0601;0.000838767;90
-53.5344;0.00164384;90
-75.9008;0.00198685;90
-46.0883;0.00145195;90
-54.9634;0.00126285;90
-56.5987;0.000935514;90
-19.6302;0.000651887;90
-41.4045;0.000789271;90
-43.3714;0.0008708;90
-33.5969;0.00119455;90
-27.4854;0.00111371;90
61.1936;0.00170385;90
59.6712;0.0021665;90
66.0843;0.00273808;90
77.2721;0.00252812;90
78.8938;0.00204021;90
85.6013;0.00104307;90
82.9653;0.00196781;90
74.3906;0.00154602;90
81.4781;0.00128216;90
83.5401;0.000951038;90
85.2319;0.00105866;90
94.1629;0.00158418;90
97.1762;0.00249756;90
104.337;0.00143365;90
109.11;0.00115463;90
109.924;0.00139978;90
107.176;0.00201486;90
108.125;0.00181296;90
85.33;0.00111771;90
93.3799;0.00225592;90
89.8048;0.00117401;90
91.0666;0.00188033;90
115.894;0.00103045;90
-149.954;0.000920723;90
-136.939;0.00165063;90
96.0441;0.00119665;90
89.15;0.00134815;90
156.989;0.000721401;90
116.828;0.00126742;90
-102.522;0.00170659;90
-60.4699;0.000959663;90
-1.48305;0.000927311;90
77.731;0.00114822;90
166.118;0.000629382;90
116.886;0.0010371;90
-113.077;0.00123481;90
-139.392;0.00192049;90
-176.766;0.000886411;90
101.44;0.000862129;90
103.096;0.000975367;90
125.108;0.000650308;90
-178.892;0.000672126;90
119.293;0.000864549;90
93.3439;0.00104578;90
89.1713;0.00103711;90
-7.14892;0.00624354;90
-98.0845;0.00515523;90
-78.3578;0.00287413;90
-92.1108;0.00143898;90
-74.082;0.00545102;90
-74.6429;0.000936436;90
-82.4576;0.00456348;90
-68.5933;0.000835649;90
-37.5785;0.00211856;90
-79.814;0.0015098;90
-95.2327;0.00569072;90
-93.2984;0.00252017;90
85.0796;0.00382409;90
85.5813;0.00351746;90
107.654;0.00401299;90
156.543;0.000494899;90
102.447;0.0044076;90
116.992;0.000839443;90
108.283;0.00143441;90
109.931;0.00176895;90
95.2543;0.00424785;90
79.2605;0.00155626;90
162.76;0.00110672;90
145.111;0.00141785;90
105.937;0.00283705;90
-160.289;0.000951765;90
96.5712;0.00183506;90
-155.303;0.00138576;90
143.961;0.00107591;90
112.128;0.00247963;90
50.4565;0.000951836;90
22.207;0.0045905;90
22.3851;0.00125778;90
-44.8657;0.00150826;90
6.20144;0.0012312;90
25.0858;0.00200955;90
19.0193;0.00117833;90
-23.9571;0.00108114;90
-38.3577;0.00133265;90
-11.3701;0.000933317;90
64.2146;0.000887354;90
78.2332;0.00162311;90
71.683;0.00168961;90
72.0365;0.00103758;90
81.5289;0.00142555;90
72.9467;0.00153447;90
79.9554;0.00135883;90
72.9231;0.00146771;90
79.6369;0.00105623;90
-26.0432;0.00122765;90
66.7305;0.00116692;90
12.944;0.000508932;90
62.2257;0.00169532;90
78.4472;0.00138812;90
69.4276;0.0012294;90
77.5545;0.000969789;90
74.4961;0.00151513;90
72.1308;0.00166534;90
75.7316;0.000957539;90
65.4119;0.00128337;90
86.3604;0.000960938;90
75.1735;0.0010903;90
81.99;0.00101187;90
78.595;0.000945673;90
82.8812;0.00113777;90
75.1052;0.000906457;90
71.3354;0.00126239;90
57.6906;0.00067915;90
-8.27589;0.000778103;90
-33.4211;0.000767991;90
-38.3046;0.000982508;90
-24.6998;0.00079691;90
-38.312;0.00097751;90
-32.2552;0.000996831;90
-27.034;0.000655637;90
83.0685;0.00135893;90
1.85;0.000774404;90
59.2795;0.000888714;90
86.6789;0.00126012;90
84.9631;0.00121871;90
84.8996;0.00115859;90
68.0289;0.000815206;90
-26.6446;0.000644435;90
-31.1335;0.000752368;90
154.177;0.00158864;90
-157.976;0.000909357;90
13.6728;0.00397669;90
-29.5593;0.000727716;90
-67.6124;0.00125239;90
-103.422;0.00090471;90
-72.1289;0.00138167;90
-51.8786;0.00134612;90
15.8114;0.000587218;90
71.2314;0.00103187;90
46.7251;0.00138585;90
33.6081;0.00116348;90
56.0051;0.000729718;90
80.8507;0.00153452;90
64.2149;0.00180691;90
16.6049;0.000930817;90
41.5914;0.000903867;90
43.3064;0.000933081;90
51.6089;0.000632823;90
9.46232;0.000742097;90
-27.5015;0.00060203;90
-28.5341;0.000598725;90
-28.3917;0.00102419;90
-31.0557;0.000748249;90
-45.0659;0.000614476;90
-28.0926;0.000671059;90
-7.77643;0.000458214;90
8.29318;0.000894352;90
8.6991;0.00111078;90
37.0565;0.00110521;90
36.6002;0.000764808;90
70.7044;0.0014526;90
101.953;0.00141467;90
117.736;0.000721954;90
97.6027;0.00141342;90
78.7387;0.00138772;90
69.1782;0.000858038;90
65.7913;0.00302393;90
-15.3938;0.000470894;90
-62.354;0.00123274;90
-50.1031;0.00080292;90
-79.7201;0.00102546;90
-29.6887;0.000631957;90
75.3134;0.00168816;90
77.8038;0.00106504;90
78.2216;0.00184689;90
86.4397;0.00111114;90
90.7523;0.00144712;90
88.3164;0.00156568;90
84.6747;0.0012283;90
87.6395;0.00131111;90
72.2321;0.00141237;90
81.4457;0.0039732;90
88.034;0.00177805;90
74.2068;0.00134476;90
60.208;0.000905702;90
65.7001;0.00108624;90
80.1206;0.00144543;90
71.8897;0.0011163;90
79.9304;0.000915096;90
79.9363;0.000892736;90
97.5394;0.000960302;90
96.1101;0.00189778;90
-111.508;0.0372907;90
157.198;0.00231709;90
-165.925;0.00107322;90
-129.234;0.00227354;90
-129.576;0.00156334;90
-110.165;0.00196973;90
-132.602;0.00157186;90
-129.922;0.00202107;90
-159.619;0.00126627;90
142.147;0.00157423;90
116.891;0.00102145;90
94.4806;0.00166409;90
155.996;0.000700589;90
-161.039;0.000517054;90
-122.131;0.000917536;90
148.525;0.000904005;90
149.036;0.000635574;90
-137.208;0.00124826;90
177.539;0.000698644;90
-171.7;0.001337;90
164.57;0.00103739;90
171.864;0.00148393;90
171.286;0.000957048;90
-115.136;0.00116535;90
-98.4002;0.00203988;90
-112.243;0.00086648;90
-100.384;0.00122608;90
-105.631;0.00140288;90
-96.6946;0.00153547;90
-100.257;0.00267881;90
-102.653;0.00149737;90
-110.356;0.00181111;90
-106.561;0.00230147;90
-110.064;0.0016906;90
-102.558;0.00194554;90
-106.092;0.00150081;90
-100.567;0.00133056;90
-101.518;0.00129712;90
-96.8512;0.00134964;90
-138.289;0.000985917;90
-116.871;0.00134077;90
-109.68;0.000872995;90
-103.786;0.0009442;90
-105.681;0.000862084;90
-143.985;0.000683676;90
132.8;0.00117891;90
-109.19;0.00105566;90
-105.391;0.000964591;90
-103.438;0.00111451;90
-102.069;0.00109521;90
-100.424;0.000989328;90
154.042;0.000717371;90
177.994;0.000771473;90
135.803;0.000807595;90
141.441;0.00071231;90
177.768;0.000821623;90
-162.11;0.00076499;90
-158.199;0.000694686;90
-143.21;0.000861601;90
-178.545;0.000748241;90
-154.69;0.000755525;90
140.901;0.000550216;90
91.5879;0.000974374;90
153.474;0.000656062;90
-179.275;0.000553044;90
-165.834;0.000535277;90
170.512;0.000746207;90
-138.755;0.00127411;90
-138.083;0.000604745;90
-137.774;0.00187037;90
-94.2135;0.000925501;90
142.897;0.00142561;90
7.68738;0.00053077;90
-143.439;0.00100221;90
-9.86984;0.00607897;90
-20.2545;0.000956122;90
48.116;0.00602285;90
-6.71559;0.00116298;90
-44.8101;0.00127987;90
67.585;0.00572234;90
84.6979;0.0132999;90
-49.8021;0.00525386;90
74.9626;0.0171285;90
-33.1038;0.00805079;90
98.3831;0.00640645;90
-80.2242;0.00444657;90
-70.0057;0.00087153;90
-60.1636;0.00846389;90
-69.2547;0.00219641;90
-76.0624;0.0143649;90
-79.1031;0.0017139;90
-72.8834;0.00182796;90
-106.746;0.0112658;90
112.161;0.0024867;90
-168.26;0.00703312;90
148.459;0.00597583;90
140.444;0.00105836;90
-176.974;0.00663124;90
-153.701;0.00096152;90
120.715;0.0045794;90
110.738;0.00129062;90
145.259;0.000710691;90
-159.967;0.00519321;90
-111.528;0.00120722;90
-165.095;0.0044166;90
-151.436;0.000794735;90
-161.403;0.000780769;90
113.7;0.003901;90
2.16323;0.000503359;90
-17.0749;0.00696814;90
81.4037;0.00185989;90
43.0091;0.00227967;90
21.3979;0.00229414;90
-38.4999;0.00279833;90
-71.4016;0.00243939;90
-52.8717;0.00301523;90
24.2233;0.00234222;90
10.1017;0.00237177;90
-10.1423;0.000914287;90
-19.8475;0.00252711;90
-34.8475;0.00302068;90
-26.1647;0.0023041;90
-66.8664;0.00162137;90
-58.6348;0.00244769;90
-74.4393;0.00335497;90
-86.5767;0.00396908;90
-85.0916;0.0035179;90
-92.9482;0.00363581;90
-179.519;0.00107204;90
160.04;0.000831974;90
-134.586;0.00117383;90
45.9028;0.0041286;90
92.6262;0.00683117;90
75.2262;0.000866652;90
100.716;0.00371072;90
119.99;0.00226068;90
100.64;0.00187931;90
-9.49904;0.000769552;90
42.8054;0.00522582;90
-52.5183;0.00462606;90
-47.2006;0.000791836;90
63.8842;0.0063882;90
76.7731;0.00168264;90
100.236;0.00843526;90
104.599;0.00187659;90
103.594;0.00792193;90
104.137;0.00205937;90
117.443;0.00782224;90
131.995;0.00110602;90
136.727;0.00143113;90
88.7636;0.00319774;90
103.66;0.00309967;90
93.6887;0.0041035;90
-173.857;0.0010279;90
172.036;0.00166001;90
-127.571;0.00464295;90
-113.908;0.000752575;90
164.544;0.00297561;90
-116.994;0.000716009;90
-151.136;0.00137137;90
104.791;0.0046925;90
54.9471;0.0010029;90
-36.6733;0.000932605;90
-107.459;0.00270983;90
-75.3419;0.00194428;90
-70.6782;0.00196148;90
-114.776;0.0030233;90
-122.158;0.0039925;90
173.273;0.000802524;90
-83.4773;0.00221836;90
-76.8725;0.00258454;90
-110.27;0.00126429;90
-88.9808;0.00770222;90
-84.5088;0.000961412;90
-101.253;0.00215238;90
-107.234;0.00193068;90
-105.195;0.00477286;90
-103.315;0.0011941;90
-103.994;0.000992456;90
-119.561;0.000966856;90
137.804;0.00336774;90
-143.214;0.0035386;90
131.595;0.000857113;90
106.195;0.00224092;90
-159.466;0.00247741;90
162.259;0.002271;90
118.931;0.00339009;90
104.218;0.00274819;90
117.42;0.00203907;90
117.932;0.00223089;90
103.517;0.00192533;90
-65.3974;0.00227228;90
-117.226;0.00178361;90
-108.545;0.00214751;90
-97.0337;0.00233558;90
-77.8749;0.00303265;90
-54.2656;0.00220023;90
-55.6351;0.0020958;90
28.0179;0.000617353;90
117.804;0.00949299;90
47.8051;0.000635744;90
45.1842;0.000659734;90
-35.859;0.000725513;90
-20.494;0.000756906;90
-59.1906;0.000954736;90
-23.2874;0.00101684;90
-61.6868;0.00124607;90
-58.1711;0.00113579;90
-59.4189;0.00120686;90
-57.2732;0.00122079;90
-52.5569;0.00141947;90
-29.7808;0.000988557;90
27.0886;0.00102774;90
11.5613;0.00111768;90
-38.7972;0.00130234;90
-9.77017;0.00159108;90
38.2489;0.000631583;90
37.6241;0.000881276;90
18.8843;0.000806406;90
34.3065;0.000876477;90
51.6058;0.000842098;90
52.7466;0.000687215;90
40.6166;0.00081414;90
-3.59126;0.000718411;90
67.7569;0.00122841;90
78.0632;0.0011652;90
73.1651;0.00113254;90
75.3334;0.000947887;90
73.7418;0.00113228;90
57.5288;0.000717112;90
-47.5181;0.000740349;90
62.5422;0.000975939;90
75.1002;0.000933383;90
60.1868;0.00114447;90
-58.0129;0.00132521;90
-66.2785;0.000748215;90
-70.9237;0.00121471;90
-120.676;0.00515308;90
145.21;0.000650228;90
-112.148;0.000981418;90
-103.024;0.00116702;90
-106.275;0.00107404;90
-95.6774;0.0012029;90
-173.585;0.000510194;90
-158.071;0.000752439;90
145.171;0.000892966;90
140.429;0.000687564;90
150.751;0.000716327;90
169.656;0.00065159;90
-165.818;0.000665277;90
-121.496;0.00101446;90
-164.513;0.000823915;90
-174.327;0.000758716;90
-151.283;0.00072634;90
112.97;0.0014478;90
179.038;0.000774109;90
-162.341;0.00084061;90
-164.47;0.000530363;90
-161.322;0.000821251;90
-155.03;0.000883589;90
-139.172;0.0013414;90
-101.321;0.000972932;90
-164.83;0.000588507;90
150.906;0.000699229;90
165.929;0.000806189;90
126.974;0.00331701;90
114.147;0.00107069;90
99.6156;0.00436432;90
-69.1788;0.0114305;90
-137.552;0.00157204;90
-159.527;0.00242732;90
-119.852;0.00299544;90
-109.539;0.00325016;90
-128.625;0.00304383;90
-139.806;0.00239703;90
-110.324;0.00372276;90
-117.596;0.0030071;90
107.14;0.00258899;90
105.112;0.00253155;90
98.8346;0.00315139;90
81.0584;0.0019173;90
-39.0156;0.00120725;90
-58.066;0.000850755;90
-97.6616;0.00520547;90
-53.2216;0.0026306;90
66.1386;0.00166862;90
70.0821;0.00307919;90
49.5726;0.00235935;90
45.7282;0.00311576;90
68.1795;0.00390907;90
57.4084;0.00335655;90
13.1627;0.00240211;90
69.7576;0.0017746;90
108.13;0.00219497;90
28.8866;0.000596178;90
49.0459;0.0483756;90
13.0836;0.000627284;90
18.6547;0.000659656;90
11.2377;0.000466953;90
59.7769;0.000742994;90
57.9588;0.00118561;90
9.06556;0.000641007;90
38.4181;0.000555203;90
54.6609;0.000838499;90
78.4216;0.00104629;90
79.3008;0.00141663;90
48.262;0.000956852;90
-22.6351;0.000867846;90
78.3497;0.00118848;90
49.0064;0.00109303;90
-44.2547;0.000815363;90
-33.9241;0.000611007;90
-56.4042;0.00118013;90
-14.5785;0.000512501;90
46.9339;0.00108957;90
-72.5006;0.000987711;90
-50.3784;0.000837366;90
-48.6337;0.000836775;90
67.7319;0.00164142;90
81.0484;0.0012725;90
-160.873;0.000863681;90
-168.458;0.000774665;90
81.9389;0.00223205;90
76.0471;0.0015013;90
64.9743;0.00118196;90
65.9001;0.00173635;90
14.4276;0.000461556;90
23.9625;0.000876548;90
5.82132;0.00046339;90
56.7726;0.00154572;90
75.104;0.000937506;90
95.3513;0.00119019;90
54.2895;0.00192739;90
56.4259;0.002056;90
81.7272;0.00198768;90
88.2601;0.00164676;90
122.369;0.00111885;90
150.654;0.000516245;90
69.5719;0.00178207;90
-32.2165;0.00120798;90
-64.2474;0.00085158;90
-64.3096;0.000878877;90
-58.7917;0.000883912;90
-25.9264;0.000962911;90
-94.9768;0.00104895;90
-76.7716;0.00108376;90
-71.8761;0.00145625;90
41.3979;0.000686543;90
45.5491;0.00110667;90
69.8934;0.00138757;90
69.9695;0.0011357;90
83.2667;0.00185077;90
125.218;0.000832346;90
-167.516;0.000555125;90
163.668;0.000672121;90
-154.459;0.000600704;90
-159.804;0.000596688;90
89.8843;0.001981;90
78.5565;0.00109374;90
56.7405;0.00107032;90
49.7754;0.00085787;90
-8.7955;0.000706306;90
81.0655;0.00124916;90
88.8421;0.000940192;90
96.7255;0.00149428;90
100.522;0.0017962;90
100.399;0.000975016;90
111.29;0.00126965;90
-176.974;0.000928294;90
-174.939;0.000544121;90
142.732;0.000604415;90
102.866;0.00147298;90
83.8903;0.00104292;90
-171.26;0.000691024;90
-125.031;0.0025243;90
-94.1131;0.00133845;90
-57.4795;0.000801709;90
-138.911;0.000611658;90
-141.34;0.000640312;90
-119.286;0.000866783;90
100.834;0.00129814;90
85.1174;0.00148037;90
51.0537;0.00128064;90
76.8714;0.00102581;90
82.8889;0.00101783;90
98.8245;0.00261394;90
122.558;0.000856624;90
117.162;0.00102954;90
156.636;0.000680827;90
116.15;0.00135912;90
-149.891;0.00198943;90
-104.369;0.00262719;90
-84.8807;0.00214054;90
-94.0856;0.00197903;90
-92.46;0.0015144;90
-95.1301;0.00153214;90
-102.078;0.0014051;90
-113.115;0.00161244;90
-161.112;0.00127887;90
-130.817;0.000920985;90
-86.9598;0.0012067;90
-58.7562;0.00105267;90
-49.3892;0.000655998;90
-46.6218;0.00124925;90
4.15822;0.000730924;90
71.853;0.000943952;90
55.6197;0.000736695;90
55.4685;0.00128427;90
-22.3624;0.000701776;90
-22.235;0.000515319;90
-131.714;0.00130747;90
-101.106;0.00182213;90
-87.6438;0.00240804;90
-118.628;0.000795214;90
-104.65;0.00108735;90
-80.9785;0.00121807;90
-68.668;0.00138273;90
-81.9358;0.00307238;90
-178.848;0.00114423;90
-178.154;0.000931483;90
-177.307;0.000893987;90
-97.5322;0.00127399;90
-102.779;0.0010172;90
-57.5288;0.00135599;90
-170.568;0.000939705;90
-78.6901;0.000953517;90
-138.941;0.00242829;90
142.463;0.000996268;90
-174.466;0.00113027;90
164.337;0.00147788;90
107.36;0.00180313;90
94.4977;0.00110942;90
106.494;0.00152161;90
119.492;0.000928285;90
109.254;0.00126156;90
-149.693;0.000733205;90
-144.468;0.00113051;90
-116.952;0.000992837;90
-102.17;0.00122861;90
-98.5285;0.00126094;90
-92.522;0.00122719;90
-88.1191;0.000944509;90
-99.9472;0.00114623;90
-92.5867;0.00212717;90
-91.4466;0.00118838;90
42.0044;0.000744186;90
46.0322;0.00109902;90
16.8087;0.000501423;90
-77.3543;0.00116937;90
-64.1156;0.000865867;90
-104.217;0.00184862;90
-134.151;0.000811141;90
-111.285;0.00162806;90
-102.96;0.00122623;90
-147.337;0.000711517;90
114.412;0.000737976;90
-110.33;0.00177881;90
-176.49;0.000539011;90
-129.514;0.0492408;90
28.5479;0.00489858;90
-21.3789;0.00224122;90
-23.6049;0.000536926;90
40.1103;0.000987178;90
14.9201;0.000974867;90
28.6754;0.00140878;90
14.5371;0.000776871;90
47.9373;0.0012419;90
57.7168;0.000677771;90
48.4393;0.000719008;90
8.74616;0.000710259;90
67.3498;0.00145415;90
74.1702;0.000953147;90
74.2726;0.00101084;90
75.1699;0.000910324;90
72.3984;0.000869718;90
76.252;0.00115715;90
-43.6693;0.00121797;90
75.5729;0.000995389;90
79.4379;0.000916529;90
49.8366;0.000922524;90
-32.9772;0.000668743;90
-68.6714;0.00121523;90
-64.8811;0.00118728;90
-138.002;0.0177551;90
-5.69345;0.0016632;90
69.5666;0.00175012;90
52.1096;0.00227956;90
25.3756;0.00249912;90
-38.7898;0.00234011;90
-24.0191;0.000513461;90
71.2044;0.00346687;90
78.1611;0.00254923;90
71.8372;0.00213013;90
-54.5474;0.00172233;90
-48.7995;0.00148323;90
-48.9511;0.00188822;90
35.8253;0.000625304;90
161.675;0.00446862;90
-105.765;0.0026133;90
-104.801;0.00308848;90
-144.741;0.000668664;90
142.442;0.00299722;90
-147.172;0.00278352;90
-116.762;0.002474;90
-169.624;0.00136025;90
-159.801;0.00210549;90
-161.926;0.00211118;90
-155.508;0.00168128;90
98.1134;0.00291922;90
93.3723;0.001156;90
117.779;2.69446;90
99.4665;0.00223139;90
98.2047;0.00152056;90
96.4169;0.00577116;90
81.5891;0.0341695;90
-84.7008;0.0104918;90
-76.7203;0.00536342;90
-76.6924;0.00112521;90
-57.0281;0.00637234;90
-50.413;0.00597412;90
-55.05;0.00145061;90
-39.9611;0.00565964;90
-37.663;0.00151715;90
-24.7454;0.00726731;90
-20.0384;0.0105326;90
-23.4347;0.00321848;90
-40.6819;0.0161814;90
-56.8641;0.00450216;90
-39.5415;0.0133357;90
-54.8952;0.00366214;90
-64.5288;0.0122053;90
-61.897;0.00231606;90
-55.0483;0.00896863;90
-35.4568;0.00214105;90
-29.7085;0.00860392;90
-32.1778;0.00250118;90
-36.8778;0.0043542;90
-45.4674;0.0147352;90
-50.5192;0.00280111;90
-41.8311;0.00474558;90
-35.9498;0.0713672;90
-27.6925;0.00981869;90
9.57852;0.00348559;90
38.5713;0.0191166;90
7.9246;0.00678176;90
-37.0314;0.00319301;90
-25.7335;0.00243444;90
-12.4365;0.0209465;90
-10.6478;0.00200248;90
13.7101;0.0148264;90
24.3249;0.00223106;90
7.39959;0.00760937;90
-8.33584;0.00638041;90
-29.1889;0.00223707;90
2.32846;0.00502115;90
41.3967;0.0142438;90
46.8866;0.00341506;90
48.5894;0.00271071;90
37.7915;0.0144487;90
10.9829;0.00113377;90
14.4859;0.00275044;90
-11.239;0.0475111;90
-82.8379;0.00306391;90
-85.3925;0.011154;90
-92.9436;0.0249449;90
-93.6461;0.00378967;90
-89.5127;0.0211638;90
-87.8551;0.00293906;90
-80.5347;0.00944357;90
-66.6197;0.0223218;90
-52.5364;0.00469045;90
-37.3036;0.00560196;90
-25.7977;0.0020037;90
-31.7004;0.0119663;90
-26.2471;0.00451335;90
-26.4246;0.00218867;90
-33.7657;0.00881974;90
-37.9265;0.00214757;90
-38.3578;0.00290378;90
-36.5387;0.00553609;90
-37.2403;0.0050119;90
-42.5695;0.00541919;90
-39.6025;0.012644;90
-41.1101;0.0039087;90
-31.9616;0.00513082;90
-33.7194;0.00541138;90
-25.1315;0.0118696;90
-18.1945;0.0031642;90
-18.2595;0.0105323;90
-19.2593;0.00211009;90
-19.3317;0.0112344;90
-32.3892;0.00289545;90
-50.0414;0.0208491;90
-48.2285;0.00286267;90
-47.9299;0.0148021;90
-55.1531;0.00310474;90
-59.8829;0.0204497;90
-64.0989;0.00324162;90
-62.2765;0.0270763;90
-61.901;0.00267306;90
-62.7704;0.0150386;90
-64.4937;0.00171849;90
-60.5589;0.00498242;90
-64.2942;0.000924494;90
-64.1669;0.00150544;90
132.402;0.000842323;90
-50.6544;0.00301421;90
-61.0817;0.0011436;90
-61.9363;0.00268465;90
-63.2992;0.0103821;90
-76.2855;0.0023325;90
-84.7101;0.0149356;90
-86.2756;0.00229384;90
-87.9539;0.0147604;90
-85.9104;0.00304275;90
-87.8007;0.0209765;90
-86.1007;0.00223517;90
-87.9175;0.022676;90
-87.2332;0.00356315;90
-86.3811;0.00755707;90
-86.9073;0.0200732;90
-88.9471;0.0108298;90
-91.8012;0.00474034;90
-96.1891;0.0201374;90
-95.6185;0.00513768;90
-96.2419;0.0256883;90
-98.1846;0.00297126;90
-100.76;0.0140602;90
-97.5547;0.00246439;90
-101.222;0.00576013;90
-93.8525;0.0229358;90
-90.5755;0.00308616;90
-87.6979;0.0425453;90
-81.7345;0.00377016;90
-80.8327;0.0192509;90
-76.6064;0.00242187;90
-81.9787;0.0253904;90
-82.2624;0.00402565;90
-80.3669;0.0441323;90
-80.7256;0.00516248;90
-75.895;0.00283136;90
-83.705;0.0208759;90
-81.4746;0.00746044;90
-83.1717;0.00895754;90
-83.1457;0.00354433;90
-82.3919;0.019653;90
-77.541;0.0025818;90
-83.6389;0.0245139;90
-81.8032;0.00401199;90
-83.1697;0.0244767;90
-77.7326;0.0018308;90
-85.0196;0.0287395;90
-81.4805;0.0314622;90
-78.6228;0.185256;90
-91.7325;0.00214998;90
-92.4221;0.19145;90
-92.6877;0.0031775;90
-94.8965;0.0189441;90
-95.2122;0.0113821;90
-99.2536;0.00839525;90
-100.044;0.0258146;90
-90.4704;0.00365412;90
-85.5763;0.0131983;90
-72.3359;0.00124573;90
-72.5074;0.00130746;90
-72.9827;0.00655709;90
-74.5926;0.00155073;90
-63.6169;0.000985664;90
-71.2755;0.00287834;90
-74.1303;0.00634483;90
-73.6502;0.00138188;90
-69.6608;0.00136085;90
-73.8875;0.0133754;90
-74.8865;0.00283817;90
-72.4891;0.011373;90
-73.1031;0.00241527;90
-72.7476;0.0138512;90
-67.5427;0.00444509;90
-69.6285;0.0255095;90
-69.7777;0.00548511;90
-48.8215;0.0397748;90
-50.7562;0.0167936;90
-42.7719;0.00207339;90
-41.0657;0.00255585;90
-62.2543;0.0483366;90
-48.9274;0.0174989;90
-52.2071;0.0376675;90
-48.7956;0.00233929;90
-64.891;0.0345477;90
-64.3386;0.00606855;90
-58.2335;0.0476923;90
-59.6459;0.00299796;90
-64.5353;0.0299706;90
-69.4565;0.00267299;90
-69.2297;0.00278607;90
-77.5205;0.0228284;90
-91.188;0.00241152;90
-77.8183;0.023937;90
-69.8592;0.00158279;90
-69.1419;0.00495149;90
-72.1741;0.000832991;90
-53.6806;0.00385118;90
-24.4288;0.00155962;90
-27.0191;0.000620752;90
-37.4661;0.000749641;90
-14.37;0.000499632;90
-30.636;0.000869341;90
-27.9871;0.00145971;90
-24.9481;0.00347087;90
-49.3122;0.000789953;90
-63.9908;0.0111102;90
-74.5508;0.00323592;90
-60.839;0.00245862;90
-58.1802;0.00130868;90
-77.7793;0.0236632;90
-87.4199;0.00219923;90
-72.5316;0.0260011;90
-53.9513;0.00237224;90
-54.8554;0.00249113;90
-64.1914;0.0123987;90
-69.2131;0.00781361;90
-69.5907;0.00831603;90
-71.21;0.00841973;90
-71.0109;0.00389073;90
-71.8333;0.0273587;90
-70.0735;0.00285492;90
-68.5344;0.0153959;90
-62.341;0.00501284;90
-58.7245;0.00696518;90
-55.08;0.0607426;90
24.4176;0.00180219;90
46.3805;0.0146753;90
43.3611;0.00197788;90
20.5867;0.00766444;90
-51.5258;0.00212163;90
-46.9283;0.00353046;90
-55.2097;0.0234132;90
-59.5195;0.00465652;90
-60.8426;0.00319369;90
-59.8443;0.00646957;90
-57.9205;0.000819061;90
-62.5529;0.00119107;90
-56.357;0.00270028;90
-62.8777;0.00119546;90
-62.6685;0.00133729;90
-82.3773;0.0300566;90
-92.2719;0.0031785;90
-82.4194;0.0416994;90
-76.5164;0.0033195;90
-70.2257;0.0150303;90
-62.8804;0.00443567;90
-80.6935;0.0291314;90
-41.4621;0.0017761;90
-40.4187;0.0171569;90
-42.4617;0.00180419;90
-52.5514;0.0183751;90
-46.5903;0.00259891;90
-40.5628;0.00193762;90
-66.7045;0.0179329;90
-87.0627;0.00267351;90
-75.7637;0.0155578;90
-79.645;0.00551889;90
-76.7544;0.01545;90
-77.3136;0.0023268;90
-77.8854;0.00222045;90
-81.2164;0.00244265;90
-71.5538;0.00160549;90
-65.6793;0.00857609;90
-6.21403;0.000702125;90
5.43385;0.00125665;90
-42.3182;0.0110776;90
-71.3418;0.00624839;90
-77.0657;0.02207;90
-72.9462;0.00292564;90
-70.9108;0.0470767;90
-66.8039;0.00600438;90
-77.3804;0.0465495;90
-74.7707;0.00389063;90
-73.3872;0.0562009;90
-72.1772;0.00402518;90
-63.9069;0.0528794;90
-62.1849;0.00141443;90
-65.33;0.00631543;90
-78.7559;0.00187703;90
-77.3852;0.0266718;90
-82.9364;0.00300884;90
-83.8482;0.00352731;90
-64.8668;0.0218707;90
-42.344;0.0017548;90
-50.2764;0.0121643;90
-85.7141;0.003934;90
-85.8078;0.00819392;90
-77.5233;0.00644316;90
-38.1779;0.00404785;90
40.6929;0.0035966;90
50.1712;0.0028478;90
47.4723;0.00224574;90
45.671;0.00187184;90
45.1929;0.000840048;90
51.0538;0.00146836;90
31.2221;0.000798677;90
54.0476;0.000674486;90
77.364;0.0129917;90
59.4804;0.00274303;90
125.752;0.00124084;90
118.054;0.00256429;90
132.843;0.00123973;90
123.001;0.000945555;90
115.242;0.0016274;90
159.3;0.000840241;90
76.1681;0.00238002;90
75.4316;0.0102371;90
79.4262;0.00230514;90
77.5726;0.00336894;90
72.393;0.00547131;90
76.2151;0.0057496;90
77.8457;0.00711959;90
84.2457;0.00704148;90
80.6804;0.00732367;90
75.5325;0.00647637;90
68.5141;0.00623853;90
59.9286;0.00557198;90
55.6983;0.00898943;90
57.1715;0.00180769;90
64.1666;0.00416748;90
64.6888;0.00584514;90
66.2108;0.00591015;90
66.5171;0.0116695;90
64.9576;0.00203644;90
49.1328;0.00257065;90
20.9077;0.00617884;90
6.76945;0.00117922;90
1.32616;0.00241965;90
11.9195;0.00680267;90
38.4919;0.00394278;90
59.4308;0.00179323;90
49.9251;0.00789855;90
45.1078;0.00150331;90
43.8388;0.0031402;90
53.5419;0.007736;90
55.1374;0.00134182;90
54.1084;0.00229593;90
55.7277;0.00384815;90
48.3597;0.00773419;90
44.0207;0.00165487;90
47.2085;0.00288077;90
50.4521;0.00814169;90
47.5929;0.0013286;90
53.1866;0.0028404;90
60.065;0.00646671;90
35.1528;0.00148847;90
30.0351;0.00514255;90
60.4052;0.00904502;90
45.5193;0.000936248;90
13.4096;0.00155232;90
58.3925;0.00080901;90
39.6042;0.0221905;90
-23.8584;0.000558746;90
21.2162;0.00103623;90
-69.0243;0.000798944;90
-93.0346;0.00137893;90
-141.449;0.0190768;90
5.58139;0.00317706;90
33.2678;0.00105368;90
56.9296;0.00346181;90
42.3828;0.00113043;90
-25.2789;0.00352672;90
37.9542;0.000634114;90
70.2883;0.00173146;90
75.9824;0.00522664;90
78.0029;0.00389201;90
90.7249;0.00845768;90
91.0744;0.00266647;90
89.7832;0.00105701;90
105.333;0.00213292;90
46.1242;0.00360411;90
54.9734;0.000677751;90
61.0048;0.000748862;90
90.5109;0.00605624;90
60.7487;0.000820644;90
115.535;0.00144294;90
98.3464;0.00273497;90
90.8239;0.00180819;90
111.362;0.00169656;90
-74.1399;0.00710237;90
159.693;0.000484087;90
-47.8006;0.00451532;90
-52.279;0.000848294;90
34.8139;0.00192324;90
73.9774;0.00163033;90
77.9275;0.00251973;90
13.8952;0.00118261;90
-0.692473;0.00157211;90
-0.273766;0.00146502;90
-6.1933;0.000732274;90
-85.4439;0.0111412;90
-77.5549;0.00341525;90
-96.4322;0.00350808;90
-89.7817;0.00210002;90
-97.3326;0.00260127;90
-107.301;0.00325842;90
-115.191;0.00415849;90
-162.114;0.00343502;90
-99.3413;0.00147861;90
-106.309;0.00153476;90
132.391;0.00108724;90
133.539;0.00346666;90
-125.624;0.00199667;90
102.304;0.000858726;90
150.693;0.000616967;90
-152.653;0.00052463;90
-106.146;0.00204256;90
160.445;0.000582603;90
129.787;0.00234243;90
96.6412;0.00214439;90
77.1815;0.00214547;90
80.4699;0.00111134;90
-101.631;0.00584808;90
-105.276;0.00467621;90
-103.884;0.00136694;90
-101.072;0.00174957;90
130.527;0.002947;90
-173.954;0.00227867;90
-133.881;0.00206444;90
-111.211;0.00216142;90
-179.853;0.00155601;90
-159.233;0.00197426;90
-158.557;0.00338102;90
97.9153;0.00116914;90
100.406;0.00187687;90
91.4786;0.00104635;90
-18.1696;0.00669272;90
18.9802;0.000863973;90
53.9964;0.00478875;90
12.2033;0.00106916;90
-40.5255;0.0017221;90
11.3894;0.00169641;90
77.5568;0.00362925;90
74.2514;0.00387963;90
76.0402;0.0021804;90
104.078;0.00167738;90
87.2145;0.00925994;90
102.614;0.00255056;90
91.8152;0.00205203;90
40.7773;0.00338988;90
56.8946;0.000706725;90
68.6514;0.00242006;90
100.387;0.00269008;90
108.213;0.00294031;90
70.3462;0.0015758;90
91.5593;0.00194772;90
92.4309;0.00169753;90
103.932;0.00133322;90
104.61;0.00809164;90
103.128;0.00171276;90
116.538;0.00847828;90
80.1005;0.00152978;90
83.5504;0.00948101;90
87.3157;0.00324556;90
75.6401;0.0185031;90
56.7635;0.00206716;90
59.706;0.0109885;90
78.8043;0.0020653;90
94.9331;0.0122454;90
89.2633;0.00264422;90
83.8607;0.0107718;90
86.2708;0.00229085;90
81.5794;0.00786681;90
86.8291;0.00213327;90
89.4666;0.00945241;90
93.6894;0.00189593;90
97.1178;0.00196918;90
84.0123;0.0119542;90
66.4212;0.00187996;90
72.2585;0.00203792;90
73.6714;0.0113571;90
76.5343;0.00170487;90
75.6014;0.00214745;90
72.9752;0.0131973;90
71.1894;0.0032316;90
63.4151;0.0116262;90
43.0251;0.00153887;90
43.4105;0.00402782;90
42.6131;0.00363344;90
19.8033;0.00587972;90
-3.77332;0.00121564;90
-3.85914;0.00549747;90
-4.38006;0.00117844;90
-11.5819;0.00813872;90
-4.51233;0.0054529;90
9.30843;0.00183618;90
31.6309;0.00916208;90
14.4589;0.00141378;90
50.318;0.00955951;90
50.983;0.00130251;90
54.4878;0.00183171;90
40.6623;0.0083579;90
45.4771;0.00169853;90
38.6432;0.00215863;90
38.1172;0.00892151;90
46.4167;0.00151579;90
46.7832;0.00170425;90
10.3546;0.00638702;90
-32.129;0.00113007;90
-31.9581;0.00115625;90
-5.1908;0.00571444;90
47.5199;0.00115795;90
31.2156;0.00105353;90
42.6271;0.00609695;90
64.8539;0.00160733;90
49.0605;0.0112642;90
61.9799;0.00167312;90
64.9455;0.00856712;90
73.2646;0.00136481;90
73.2293;0.00414844;90
76.5549;0.0020687;90
61.1709;0.00246786;90
37.4755;0.00446565;90
41.3152;0.000792183;90
21.2461;0.00270162;90
44.9029;0.000834387;90
67.1991;0.0062808;90
55.9745;0.00194259;90
55.2186;0.00697523;90
38.6379;0.00122518;90
-24.9513;0.00422427;90
-23.5367;0.000778792;90
41.279;0.00110046;90
70.1431;0.0116348;90
22.6364;0.00372062;90
20.6358;0.00117755;90
-22.5814;0.00619277;90
-56.7029;0.00202193;90
-73.6804;0.0120714;90
-72.2781;0.00546326;90
-70.4318;0.0026543;90
-75.3298;0.00341948;90
-149.25;0.0029474;90
-145.817;0.000742216;90
-103.953;0.00299022;90
-86.758;0.00275841;90
76.7207;0.00609497;90
58.9766;0.00131745;90
2.36708;0.00227594;90
-45.7591;0.000907298;90
53.6377;0.000880435;90
118.486;0.00736572;90
105.541;0.0098387;90
103.105;0.0023728;90
111.305;0.00518537;90
122.597;0.0021959;90
135.956;0.00292429;90
-178.754;0.00266663;90
-161.899;0.00287741;90
-143.741;0.00679359;90
-99.5516;0.00253109;90
-99.2422;0.00667465;90
144.256;0.00177174;90
144.334;0.00275101;90
-150.487;0.00533068;90
-115.444;0.00166887;90
-116.301;0.00359072;90
-115.512;0.00764328;90
-135;0.000879641;90
-161.127;0.00107584;90
-154.319;0.00234905;90
-130.752;0.00247247;90
-166.554;0.000847222;90
-120.948;0.00379766;90
-105.658;0.00374601;90
-105.754;0.00106812;90
-109.938;0.00109674;90
-110.096;0.00321897;90
-124.842;0.00253799;90
-116.259;0.00334521;90
-112.161;0.00417544;90
-135.983;0.00762303;90
-121.719;0.0028226;90
-132.113;0.00554581;90
-153.515;0.000959721;90
-155.263;0.00157007;90
-170.803;0.00436714;90
156.076;0.0045324;90
144.53;0.000785835;90
-176.804;0.0019911;90
-158.209;0.00296593;90
-135.404;0.00361058;90
-139.183;0.00757136;90
-145.394;0.00170093;90
-144.341;0.0022437;90
-134.728;0.00373003;90
-139.41;0.00685164;90
-126.315;0.00181689;90
-126.794;0.00774361;90
-142.4;0.00164713;90
-160.308;0.00173018;90
-145.878;0.00765841;90
-148.481;0.00253264;90
-169.328;0.00121501;90
173.803;0.00480809;90
-159.878;0.0012354;90
176.373;0.0021974;90
161.596;0.00355377;90
164.728;0.00303725;90
175.852;0.00269606;90
173.609;0.00235363;90
-179.42;0.00316216;90
-162.599;0.00318999;90
-140.868;0.0039835;90
-136.701;0.00424027;90
-135.161;0.00426599;90
-119.894;0.00515254;90
-108.137;0.00608747;90
-108.549;0.00590051;90
-106.239;0.00581084;90
-105.171;0.00604881;90
-106.432;0.00939992;90
-101.565;0.00194039;90
-109.689;0.00738474;90
-102.707;0.00234134;90
-94.1842;0.0040157;90
-85.942;0.00457848;90
-83.6583;0.00420976;90
-91.9305;0.0101818;90
-96.4449;0.00193322;90
-99.7043;0.00249165;90
-96.2541;0.0103637;90
-101.976;0.00205779;90
-92.3729;0.00840521;90
-90.6597;0.00225815;90
-82.3144;0.00308067;90
-82.27;0.00447567;90
-110.108;0.00825516;90
-117.315;0.00187846;90
-120.882;0.00275684;90
-120.813;0.00912273;90
-106.922;0.00223999;90
-101.761;0.00353726;90
-94.0915;0.0125159;90
-89.196;0.00192419;90
-96.2622;0.00381376;90
-102.257;0.00118706;90
-109.423;0.00260421;90
-99.4623;0.00830297;90
-75.4718;0.00163839;90
-76.2184;0.00147342;90
-80.6839;0.00405853;90
-78.0472;0.00589072;90
-76.189;0.00524463;90
-80.4115;0.00515096;90
-79.0798;0.00187393;90
-75.8414;0.00159031;90
-72.5602;0.00211209;90
-87.065;0.00216784;90
-89.6209;0.00861519;90
-106.022;0.00154709;90
-96.1563;0.000997754;90
-106.932;0.00209794;90
-100.106;0.00210871;90
-109.067;0.00283768;90
-98.7415;0.00280964;90
151.255;0.000987715;90
149.234;0.00293041;90
-140.042;0.00298493;90
-115.298;0.00250859;90
169.892;0.00106554;90
-161.342;0.00366036;90
-145.256;0.00176341;90
110.285;0.00356511;90
75.2254;0.000941116;90
153.957;0.0033368;90
125.485;0.00188635;90
124.698;0.00143523;90
97.4634;0.00193237;90
115.35;0.0016233;90
109.983;0.00167377;90
-172.222;0.000827613;90
116.246;0.00128442;90
100.547;0.00145864;90
-130.649;0.00118357;90
-133.842;0.000594798;90
-172.294;0.00047731;90
-92.7365;0.00374928;90
-98.6572;0.00132206;90
-96.7565;0.00129197;90
-109.781;0.000969189;90
-119.066;0.00094273;90
-121.989;0.000756945;90
-100.36;0.00120667;90
-110.761;0.000787107;90
-116.93;0.000772801;90
-80.9214;0.00154637;90
-75.4575;0.00101554;90
-92.252;0.00124696;90
-78.291;0.00118261;90
-36.9509;0.000707001;90
-20.214;0.000784307;90
-59.5002;0.000931954;90
-81.1096;0.00163059;90
-76.1324;0.00131843;90
-91.6702;0.0011665;90
-95.1391;0.00140665;90
-78.3685;0.00157229;90
-7.0318;0.000457441;90
-45.8814;0.000689511;90
-57.8723;0.00124105;90
-30.9112;0.000560629;90
-40.5328;0.000907855;90
-44.4365;0.000647034;90
-35.6081;0.00113528;90
-11.8088;0.000923546;90
-12.2696;0.000503501;90
-7.41149;0.000496145;90
20.29;0.000781492;90
20.7697;0.000721915;90
-90.4248;0.00310209;90
-109.508;0.000844476;90
-92.8106;0.00187626;90
-88.9422;0.00102918;90
-104.254;0.00198202;90
-82.3853;0.00132065;90
-81.343;0.00136859;90
-74.2985;0.00145219;90
-79.8541;0.0015157;90
-87.0097;0.00161019;90
-60.3656;0.00173723;90
-69.6997;0.00217617;90
-53.3407;0.00168661;90
-49.157;0.00113152;90
-51.4908;0.00118849;90
-29.7779;0.00107724;90
-43.0425;0.00128344;90
-28.7467;0.00140974;90
6.69161;0.000918255;90
54.26;0.00161271;90
59.0562;0.00147609;90
66.9352;0.00174336;90
67.8961;0.00179384;90
-70.0703;0.00146685;90
-102.119;0.00194331;90
-145.87;0.00086619;90
-115.141;0.00100744;90
40.8049;0.000579967;90
41.8643;0.000866088;90
-42.7822;0.00102324;90
58.3788;0.000822047;90
95.5224;0.00142361;90
110.953;0.00150448;90
134.746;0.000639231;90
81.8618;0.00199206;90
80.5219;0.00178537;90
84.6146;0.00138511;90
78.2801;0.00101414;90
86.8168;0.000954473;90
76.236;0.00142904;90
79.4792;0.00135274;90
84.9836;0.00122369;90
-48.9743;0.00124467;90
-48.7153;0.000600181;90
110.595;0.0032294;90
51.8158;0.000714988;90
-33.1856;0.00103955;90
-170.678;0.00140759;90
-91.9801;0.00153392;90
54.1936;0.000743528;90
82.663;0.00107278;90
127.059;0.000911005;90
-88.6132;0.00107431;90
-93.7594;0.0009761;90
2.22396;0.000515388;90
103.13;0.00139548;90
96.5087;0.00131447;90
98.0753;0.0013312;90
99.2189;0.00154799;90
104.778;0.00177988;90
109.841;0.00148197;90
111.012;0.00146973;90
107.142;0.00151322;90
104.638;0.00152345;90
-64.5031;0.00131951;90
-35.4858;0.00128337;90
74.0467;0.00100053;90
150.562;0.000695845;90
163.505;0.000644525;90
133.149;0.000831992;90
91.4214;0.00120937;90
80.3136;0.00117678;90
104.092;0.0012527;90
86.4222;0.00243575;90
85.0156;0.00202566;90
19.4871;0.000878313;90
46.8823;0.00105487;90
-21.3753;0.000499349;90
-51.7739;0.000887249;90
-72.8595;0.00278573;90
-102.191;0.00116016;90
-97.5835;0.00170491;90
-125.028;0.000902466;90
-111.493;0.0014165;90
141.796;0.00103968;90
122.081;0.00128408;90
106.616;0.00165407;90
-163.26;0.000673544;90
-98.5446;0.00164223;90
-97.1704;0.00141003;90
99.3255;0.00178965;90
113.788;0.00156933;90
101.997;0.00135663;90
107.077;0.00194788;90
125.449;0.000677608;90
117.218;0.00094234;90
135.343;0.000590445;90
-121.457;0.000797155;90
-156.855;0.000704722;90
-166.839;0.000619266;90
-162.619;0.000636042;90
178.611;0.000495145;90
121.419;0.00127376;90
-159.078;0.000604881;90
114.388;0.00102441;90
96.0635;0.00148632;90
114.784;0.00130963;90
69.487;0.00109012;90
67.1134;0.00089224;90
-18.584;0.00048636;90
-53.7143;0.00135347;90
-106.518;0.00115361;90
139.409;0.00060708;90
153.048;0.000595702;90
142.466;0.00612741;90
139.353;0.00081978;90
103.148;0.00323994;90
107.77;0.0027229;90
106.671;0.00117123;90
142.767;0.000852817;90
101.629;0.00204395;90
110.495;0.0018736;90
135.084;0.00144321;90
159.066;0.000674523;90
159.063;0.00160069;90
-163.017;0.00144816;90
-146.524;0.00140867;90
-110.264;0.00335784;90
-103.726;0.00147925;90
-171.816;0.000906228;90
-154.724;0.0010539;90
-79.3417;0.00191402;90
-64.1458;0.000901205;90
-83.8496;0.000933372;90
46.5778;0.00118132;90
-20.8593;0.000530789;90
-54.2726;0.00112342;90
-68.7167;0.00090363;90
-82.2304;0.00175309;90
-66.2443;0.00101281;90
-73.4159;0.00109662;90
-83.5727;0.00108985;90
-62.3635;0.000765316;90
-67.0835;0.00117363;90
-91.4834;0.00100434;90
167.517;0.000680077;90
-49.8333;0.00140152;90
-83.3373;0.000922228;90
-89.5177;0.00178206;90
-178.213;0.00112255;90
-120.033;0.00103496;90
113.795;0.00124919;90
124.327;0.00129808;90
145.625;0.00146118;90
150.454;0.000894296;90
-106.632;0.00122631;90
-118.58;0.00380233;90
-173.681;0.000599643;90
133.131;0.000997551;90
154.732;0.000869159;90
-125.971;0.000675883;90
120.186;0.00128876;90
114.936;0.0014943;90
112.741;0.00138139;90
144.174;0.000855942;90
108.605;0.00117226;90
111.74;0.00103135;90
131.524;0.000781376;90
141.694;0.000885678;90
122.344;0.00127478;90
151.861;0.000814236;90
145.333;0.000764765;90
128.514;0.000857553;90
88.6018;0.00139341;90
-12.5142;0.00170757;90
-23.9318;0.00284236;90
-60.2036;0.000690254;90
-2.44531;0.000843768;90
-26.2997;0.000868945;90
-10.792;0.000694279;90
-63.4828;0.00375168;90
94.8864;0.00205447;90
97.0066;0.0015002;90
116.858;0.00174863;90
118.597;0.00175284;90
101.957;0.00121639;90
90.4966;0.000923035;90
130.264;0.00121613;90
98.4507;0.00106153;90
94.4855;0.00121472;90
65.1521;0.000880512;90
140.401;0.000886405;90
170.914;0.000576231;90
-158.876;0.00138186;90
-130.811;0.00130669;90
-144.786;0.00148102;90
-111.501;0.00173795;90
-29.4607;0.0042759;90
-13.2816;0.000478807;90
-72.8637;0.000879023;90
-59.2983;0.00236207;90
-47.2724;0.000713325;90
-97.0815;0.00114372;90
-79.6681;0.00189574;90
-98.7182;0.00108858;90
-99.0455;0.00171736;90
11.7265;0.000782328;90
-49.7573;0.00105723;90
-20.4993;0.00129927;90
-7.14495;0.0010693;90
72.1526;0.000956007;90
39.8758;0.0016705;90
33.0866;0.000842636;90
43.7764;0.000728486;90
3.10886;0.000626923;90
63.9164;0.000798304;90
81.2727;0.00138402;90
103.745;0.00133421;90
103.066;0.00168975;90
112.126;0.000982344;90
102.907;0.000886397;90
113.284;0.00201621;90
30.8044;0.00222023;90
32.6059;0.00130461;90
-41.5569;0.000682884;90
93.1455;0.00249676;90
97.1316;0.00326224;90
87.7356;0.000961751;90
14.6367;0.00106455;90
-21.4852;0.00228799;90
44.8831;0.00173312;90
-11.6284;0.00127007;90
-37.656;0.0010787;90
-55.3736;0.00100137;90
-62.4571;0.00133647;90
-105.059;0.00251331;90
-70.1321;0.00331321;90
-69.7374;0.00210209;90
-85.8133;0.0015752;90
-50.489;0.00209202;90
-47.5716;0.00154446;90
-32.571;0.00176095;90
2.86241;0.00114142;90
-44.5878;0.000589742;90
-37.6984;0.00147995;90
100.175;0.0020096;90
-174.324;0.000980808;90
-88.1802;0.0011966;90
-2.83192;0.00722582;90
97.7632;0.00132515;90
34.5254;0.0026254;90
-11.7184;0.00266862;90
1.55002;0.00166361;90
74.8088;0.00527016;90
77.3092;0.00107424;90
74.0546;0.00152882;90
77.8399;0.00337063;90
-69.507;0.00138249;90
-107.025;0.00565586;90
-50.0796;0.000702796;90
-70.8012;0.00154175;90
-61.8774;0.00154659;90
-44.1208;0.00170504;90
-48.5729;0.000737532;90
-101.079;0.00204512;90
-86.6637;0.00111689;90
-36.343;0.000587225;90
-4.13668;0.00239825;90
-17.6808;0.00153763;90
-27.0861;0.00113105;90
-32.7595;0.00283489;90
-31.0806;0.00218695;90
-32.7055;0.000694032;90
-69.2744;0.00241316;90
-63.6471;0.00277766;90
-82.9705;0.00342374;90
-86.4313;0.00374326;90
-89.8815;0.00338401;90
-91.0868;0.00258346;90
160.921;0.00112584;90
174.075;0.000959123;90
-145.689;0.00117797;90
70.2139;0.00168976;90
7.5209;0.00256708;90
81.2353;0.00117472;90
95.1844;0.00569932;90
92.714;0.00354798;90
111.644;0.00317485;90
116.507;0.0026484;90
133.441;0.00155904;90
148.741;0.00236071;90
152.059;0.00238389;90
157.799;0.0023686;90
-179.004;0.00230135;90
-158.99;0.00223134;90
-179.016;0.00174726;90
117.353;0.00240713;90
111.402;0.0022362;90
140.687;0.00290424;90
-152.057;0.00254807;90
-121.544;0.0018293;90
-119.47;0.00199401;90
154.605;0.00116121;90
-156.686;0.00208961;90
-161.059;0.00207643;90
-173.408;0.00133281;90
100.791;0.00268651;90
88.1124;0.00115363;90
-26.5651;0.00525029;90
0.611675;0.0016861;90
41.4117;0.00148005;90
99.764;0.0013739;90
25.8778;0.00436244;90
-28.1446;0.00116812;90
-57.4125;0.00328638;90
-79.0592;0.0013699;90
-87.8202;0.00299717;90
-88.6845;0.00383301;90
-89.0597;0.00651988;90
-4.995;0.000884359;90
-43.7879;0.00153759;90
-56.8485;0.0021834;90
-59.8209;0.00533514;90
-54.5866;0.00112516;90
-47.9031;0.00194067;90
-49.2283;0.00240718;90
-65.812;0.00216727;90
-104.132;0.00318644;90
-89.7351;0.00259503;90
-87.948;0.00340718;90
-86.5065;0.00280621;90
-79.678;0.00119433;90
-65.4718;0.0009563;90
-26.305;0.000591222;90
99.4031;0.00095483;90
119.668;0.00137989;90
83.0391;0.0117748;90
-48.0035;0.00275301;90
-42.8044;0.00221487;90
62.1826;0.0027215;90
84.6385;0.00375643;90
92.9149;0.00261538;90
158.51;0.000955417;90
170.15;0.000607961;90
-142.934;0.00128581;90
141.472;0.000746513;90
-42.1405;0.000694537;90
35.6573;0.00150274;90
-23.9393;0.0010055;90
27.6543;0.000870435;90
89.9426;0.003994;90
92.8103;0.00373249;90
93.7871;0.00381533;90
110.254;0.00268929;90
121.217;0.00263562;90
131.81;0.00264302;90
150.11;0.00273708;90
152.005;0.00250965;90
168.478;0.0022779;90
-170.955;0.00144395;90
-155.861;0.00184865;90
-175.418;0.0017526;90
131.597;0.00128637;90
107.376;0.00246447;90
121.233;0.00197294;90
157.582;0.00277686;90
-138.724;0.00291803;90
-114.042;0.00264112;90
175.917;0.00188178;90
-161.359;0.00228697;90
-152.815;0.00219103;90
102.678;0.00266088;90
100.558;0.00149532;90
151.548;0.00282524;90
163.728;0.00077088;90
123.248;0.00187134;90
138.957;0.0011681;90
83.9623;0.0010458;90
101.651;0.00145089;90
109.344;0.00109587;90
117.528;0.00106452;90
130.746;0.00137274;90
-111.988;0.00085736;90
-111.133;0.00138408;90
-125.762;0.00210979;90
-119.828;0.00154002;90
-116.852;0.000803653;90
-125.005;0.000737391;90
-114.253;0.00154101;90
-137.392;0.000576087;90
-105.68;0.00255301;90
-92.235;0.00176935;90
-84.1954;0.000909664;90
-79.1003;0.00106827;90
-85.416;0.00113864;90
-82.9621;0.00106099;90
-71.2118;0.00138479;90
-73.3171;0.0013446;90
-57.7318;0.0013636;90
-56.2501;0.000797382;90
-51.6153;0.000650627;90
-70.5404;0.000813468;90
-80.3834;0.00091587;90
-45.1164;0.0048748;90
-38.6315;0.000631098;90
-15.2746;0.000774355;90
-8.53506;0.000660313;90
-17.767;0.000488289;90
6.68078;0.000575911;90
34.9716;0.000917704;90
-26.2337;0.000850614;90
-82.9365;0.00173215;90
-111.234;0.00180022;90
-96.3918;0.00171566;90
-90.7911;0.00137613;90
-103.658;0.00213024;90
-78.7212;0.00144185;90
-83.3913;0.00172043;90
-72.1899;0.00133393;90
-80.6957;0.00149061;90
-91.1959;0.00148532;90
109.12;0.000873167;90
137.565;0.000837346;90
146.536;0.000703643;90
-54.591;0.000776652;90
-37.5586;0.00104828;90
-62.9374;0.000720936;90
-51.8068;0.00107389;90
-62.3445;0.00101044;90
-74.6992;0.00164843;90
-56.0724;0.00120399;90
-45.8937;0.00131467;90
-55.7381;0.000861492;90
-37.797;0.000902318;90
-42.8837;0.00124465;90
-37.8221;0.000854518;90
-34.0419;0.000948555;90
-27.9211;0.00100159;90
52.9424;0.000854605;90
52.3485;0.00101169;90
51.9932;0.00121964;90
74.2731;0.00122485;90
64.2722;0.00107119;90
67.3007;0.00138639;90
64.3722;0.00109358;90
91.4872;0.00104035;90
78.0481;0.00140036;90
77.4157;0.0011199;90
85.854;0.00121719;90
86.6439;0.00194734;90
94.308;0.00121142;90
75.554;0.00169561;90
89.1919;0.00134713;90
108.588;0.00118586;90
103.32;0.000989623;90
-84.6942;0.00288737;90
-94.9319;0.00288468;90
-107.336;0.00166461;90
-41.058;0.000884562;90
82.722;0.00120773;90
76.0303;0.00188062;90
70.3499;0.00104379;90
86.4871;0.00174628;90
96.8277;0.0019599;90
91.2953;0.00137135;90
103.135;0.00245113;90
107.584;0.00151268;90
110.301;0.00273809;90
108.57;0.00160454;90
105.009;0.000899694;90
87.3162;0.00147362;90
99.4623;0.000906332;90
101.865;0.0011138;90
117;0.000883272;90
136;0.000567186;90
-164.646;0.000506063;90
129.343;0.00149219;90
-136.519;0.000746967;90
78.5542;0.00297823;90
130.617;0.00239632;90
-103.887;0.00120832;90
-169.624;0.000938344;90
-161.89;0.000501862;90
-170.222;0.000836146;90
118.653;0.00108029;90
-159.812;0.000764997;90
-161.42;0.000499009;90
92.8098;0.00146877;90
101.981;0.00130544;90
94.8405;0.00167096;90
47.6588;0.0523766;90
15.6339;0.000530632;90
69.4487;0.00141292;90
66.1055;0.00102702;90
84.5788;0.00141834;90
-5.62987;0.000988769;90
64.6323;0.00164789;90
79.5936;0.000907934;90
-44.2152;0.00139384;90
-46.0468;0.000851499;90
-15.437;0.00140883;90
-40.8595;0.000842241;90
-35.5817;0.000756191;90
-48.7834;0.000878727;90
69.2613;0.00154191;90
58.0855;0.00100255;90
112.526;0.000895309;90
-144.575;0.0012456;90
-141.74;0.0010061;90
66.8014;0.00113475;90
85.9871;0.00162899;90
77.7981;0.00104562;90
-7.42469;0.000735164;90
45.464;0.00148427;90
46.9966;0.00142073;90
71.7986;0.001319;90
67.857;0.00168206;90
90.4187;0.00260007;90
-158.222;0.000916407;90
162.142;0.000753293;90
166.204;0.000868043;90
169.452;0.000737462;90
-143.005;0.0012796;90
-63.2329;0.00101473;90
-133.128;0.000735784;90
-60.778;0.0015629;90
162.316;0.00110942;90
-69.2378;0.00165872;90
-137.443;0.00204044;90
-130.209;0.0012361;90
118.599;0.00123464;90
-173.596;0.00138967;90
178.074;0.00187406;90
-148.998;0.00102316;90
-124.658;0.00118168;90
-91.3416;0.00226362;90
-94.038;0.00265559;90
-148.632;0.000876037;90
-104.794;0.00289807;90
-32.038;0.000557983;90
-98.1481;0.0013476;90
-86.0965;0.00174806;90
-170.82;0.0027016;90
-156.28;0.00105404;90
171.493;0.000601619;90
-118.904;0.0291535;90
-96.544;0.00161452;90
-100.887;0.00167311;90
-106.612;0.00296266;90
-107.134;0.00204684;90
157.735;0.00165219;90
129.303;0.00116825;90
173.211;0.000761338;90
-163.62;0.0010496;90
-147.253;0.000892911;90
-153.435;0.00148475;90
-164.025;0.00107553;90
97.5343;0.00194479;90
-135.282;0.00100481;90
173.487;0.000476072;90
166.883;0.000559602;90
-153.465;0.000857309;90
-155.412;0.00141314;90
-124.891;0.000793673;90
-113.738;0.00189536;90
126.071;0.000874685;90
177.313;0.000767844;90
100.452;0.00378684;90
119.89;0.000878913;90
117.477;0.000843104;90
125.85;0.000809328;90
142.714;0.00074282;90
173.812;0.000621621;90
102.893;0.000887372;90
137.681;0.00110359;90
67.6297;0.0012717;90
28.8363;0.000688355;90
-42.2686;0.000756757;90
-40.9443;0.000869798;90
-38.7693;0.000899094;90
-39.4423;0.000949156;90
-58.7425;0.00140493;90
-59.2031;0.00123634;90
-58.3606;0.00141067;90
-57.8017;0.00141691;90
-39.7396;0.00133427;90
19.8467;0.0013991;90
16.1167;0.00146976;90
-62.5436;0.00169604;90
23.6929;0.00118705;90
19.5443;0.000914702;90
38.3563;0.00100234;90
20.7443;0.000926035;90
42.9934;0.000969331;90
52.2623;0.000805492;90
43.5312;0.000882759;90
16.1013;0.000706723;90
64.8609;0.00167131;90
75.4098;0.00117902;90
75.2665;0.00115601;90
74.7164;0.00105843;90
72.7963;0.00125097;90
-38.4387;0.00105199;90
74.6368;0.00158151;90
-15.9885;0.000548206;90
-63.5981;0.000942283;90
45.0961;0.000842872;90
-57.2913;0.000777249;90
-173.355;0.0225706;90
-86.351;0.0133711;90
-116.116;0.00291234;90
-112.459;0.00373532;90
-138.574;0.00275671;90
-126.141;0.00270442;90
-109.173;0.00402844;90
-138.349;0.00163409;90
102.545;0.00337457;90
101.683;0.00391613;90
85.1755;0.00258014;90
-41.4055;0.00125192;90
-63.9632;0.00116415;90
168.367;0.00170604;90
-80.0177;0.00297098;90
-77.1957;0.00406099;90
-36.3159;0.00124106;90
69.475;0.00367638;90
52.9096;0.00555984;90
52.3039;0.00112352;90
57.7588;0.00244618;90
54.6168;0.0062517;90
0.472337;0.00121304;90
83.3881;0.00204963;90
113.738;0.00150536;90
60.0006;0.000754015;90
7.18165;0.00200775;90
43.1753;0.000799436;90
38.9195;0.00127502;90
16.2536;0.00137912;90
3.95607;0.00144945;90
-53.2057;0.001516;90
14.5125;0.000933794;90
43.5779;0.00111121;90
28.2725;0.000960594;90
32.0114;0.00101304;90
49.5821;0.000982483;90
42.5606;0.000631311;90
32.4926;0.0008228;90
0.696806;0.000740055;90
74.0767;0.00178239;90
74.7401;0.00105624;90
74.7164;0.00105843;90
74.9899;0.000984594;90
74.483;0.00128587;90
-24.404;0.00106736;90
75.9022;0.001129;90
62.7695;0.00111677;90
-25.8263;0.000936543;90
-60.2883;0.000855468;90
-66.7008;0.0012717;90
-145.085;0.00333534;90
-113.141;0.000786263;90
-99.2134;0.0012866;90
-111.205;0.000981453;90
-104.602;0.00169371;90
-105.231;0.00105817;90
-92.3046;0.00114393;90
164.199;0.000543537;90
-159.52;0.000708802;90
141.066;0.000749486;90
136.869;0.000607021;90
156.298;0.00113689;90
-170.224;0.00095994;90
-152.789;0.000793855;90
-140.566;0.000889491;90
-169.858;0.000596317;90
-148.408;0.000734916;90
155.417;0.000749979;90
112.458;0.00119893;90
-169.846;0.000476463;90
-165.641;0.000516124;90
-164.086;0.000496009;90
-154.014;0.00092891;90
-177.182;0.000447541;90
-156.017;0.000575701;90
-121.745;0.00232831;90
-166.533;0.000536758;90
145.458;0.000708985;90
135.405;0.00460197;90
106.804;0.0022553;90
87.5309;0.000974905;90
93.846;0.00119269;90
149.189;0.00122605;90
61.7378;0.00120801;90
41.6546;0.000678565;90
-36.9509;0.000707001;90
-36.1354;0.000624051;90
-40.2548;0.000914596;90
-47.6967;0.000781511;90
-44.8759;0.000979345;90
-59.2616;0.00135193;90
-57.2498;0.00114977;90
-56.7614;0.0011968;90
-57.3096;0.00138308;90
-40.3078;0.00127069;90
14.2458;0.00125974;90
32.4839;0.00138345;90
-39.4019;0.00125402;90
-23.7172;0.00123315;90
16.6185;0.00108742;90
30.1428;0.00112515;90
15.6818;0.000836123;90
46.1102;0.00109481;90
57.3292;0.000748409;90
44.0891;0.000845099;90
14.5404;0.00068907;90
62.436;0.00117993;90
74.2731;0.00122485;90
71.1729;0.00101638;90
76.1779;0.000908302;90
75.6044;0.00119863;90
72.2161;0.000834895;90
82.076;0.00149427;90
-44.4813;0.00117172;90
25.7501;0.00147774;90
-62.1613;0.000865125;90
-63.9767;0.000756719;90
-98.2708;0.00673606;90
129.611;0.00154337;90
-177.651;0.00143921;90
-105.373;0.00119578;90
-100.887;0.00117006;90
-97.6182;0.00112392;90
-155.406;0.00117016;90
133.112;0.00109449;90
150.862;0.00159369;90
178.321;0.000580249;90
-153.094;0.000525933;90
-149.013;0.000858522;90
-141.16;0.000843499;90
-175.909;0.000714822;90
175.669;0.00103295;90
124.837;0.0012744;90
-174.953;0.00102297;90
-156.692;0.00158211;90
145.127;0.000711832;90
140.319;0.000709454;90
111.559;0.00210636;90
140.154;0.00145616;90
126.681;0.00200381;90
122.856;0.000914243;90
151.089;0.000775671;90
144.761;0.000779916;90
-175.101;0.00101872;90
-134.841;0.00127209;90
121.032;0.00100481;90
-88.3692;0.00281114;90
-104.438;0.00200533;90
-105.151;0.00110957;90
-103.928;0.00103029;90
-90.6252;0.00100806;90
-89.8313;0.001019;90
-85.4448;0.00182577;90
3.76062;0.00242422;90
11.3962;0.000521277;90
18.242;0.000469601;90
22.5955;0.000723539;90
8.68042;0.000795108;90
53.8053;0.000780654;90
47.2334;0.000961689;90
-35.0298;0.00447211;90
21.0122;0.00211676;90
-19.6079;0.00117408;90
76.844;0.00186289;90
47.938;0.00182107;90
27.9983;0.00286083;90
-39.4685;0.00263351;90
66.2109;0.00312119;90
78.0496;0.00257889;90
-38.538;0.000955005;90
-46.8912;0.00089993;90
30.7412;0.0009273;90
-49.1655;0.00111948;90
-48.3407;0.000740184;90
-47.7198;0.000596055;90
-93.3148;0.00520571;90
-101.976;0.00161924;90
-157.367;0.00228931;90
153.927;0.00124911;90
-104.182;0.00162039;90
-88.6943;0.00421309;90
-89.556;0.00438713;90
-90.786;0.00196819;90
-23.2506;0.00101329;90
-97.1669;0.00271723;90
-97.4327;0.00189391;90
93.9258;0.00590085;90
89.6891;0.00423906;90
90.8082;0.00432443;90
88.4063;0.00248096;90
-3.34943;0.00217371;90
39.8378;0.00182325;90
2.03306;0.00132483;90
-12.3402;0.00306481;90
-26.9204;0.00245167;90
-26.0531;0.0056056;90
16.3139;0.0008544;90
39.4674;0.00516331;90
74.3813;0.00168627;90
111.925;0.00250411;90
153.889;0.00174955;90
-104.147;0.00891126;90
170.624;0.00108651;90
145.106;0.00162397;90
153.704;0.000952575;90
152.249;0.00471196;90
153.494;0.000864912;90
-179.53;0.00414314;90
-151.762;0.00105677;90
-175.226;0.00180225;90
120.514;0.00209749;90
109.614;0.00213594;90
128.782;0.00226546;90
-179.858;0.00242201;90
-136.817;0.00263176;90
-110.719;0.00234036;90
159.497;0.00127048;90
-159.06;0.00206219;90
-158.561;0.00217231;90
-179.139;0.00119814;90
98.7037;0.00266974;90
89.7872;0.00107701;90
-61.831;0.00150188;90
40.757;0.00383242;90
23.1916;0.00215842;90
-46.6216;0.00184912;90
16.7468;0.000461577;90
9.14959;0.00114456;90
43.0401;0.00111647;90
19.4419;0.0017275;90
-39.2191;0.00275191;90
10.024;0.000620472;90
45.8569;0.000661926;90
88.337;0.000930392;90
70.9125;0.00277666;90
-1.59455;0.000934362;90
31.8001;0.000798926;90
1.72661;0.00152669;90
-148.317;0.0069838;90
135.627;0.000581984;90
157.871;0.000942419;90
178.261;0.000527243;90
-161.388;0.00051071;90
-155.014;0.000568177;90
-138.242;0.000650165;90
-141.495;0.00063766;90
171.314;0.000509848;90
-140.313;0.000679621;90
-179.135;0.00053006;90
105.219;0.00178666;90
-161.553;0.00154857;90
-161.432;0.000816502;90
-167.893;0.000943998;90
-131.205;0.00316205;90
146.046;0.000841489;90
153.171;0.00447129;90
130.798;0.00189164;90
121.635;0.00109818;90
79.9058;0.00165461;90
125.614;0.00104925;90
107.566;0.00250165;90
-167.817;0.000862423;90
-111.008;0.00112691;90
-116.843;0.00184254;90
-143.25;0.000857402;90
-118.11;0.000995412;90
-116.213;0.00101877;90
-131.424;0.000634804;90
-110.067;0.000877255;90
-101.925;0.00144213;90
-140.134;0.000964118;90
61.1947;0.0018305;90
-114.135;0.000980727;90
-110.274;0.00104472;90
-109.994;0.000859826;90
-125.192;0.00107926;90
-161.863;0.000851297;90
5.50432;0.00118848;90
-53.3085;0.0010276;90
-92.4166;0.00109097;90
-89.2348;0.00172215;90
-59.285;0.00110618;90
14.0933;0.000731003;90
-64.3037;0.00168127;90
-77.6813;0.000857749;90
-76.6822;0.00195354;90
-92.2148;0.00344157;90
-44.3231;0.00395017;90
-52.5547;0.00127466;90
-20.2482;0.000849497;90
-9.2804;0.00103555;90
-12.875;0.000825761;90
35.9636;0.000594274;90
25.8759;0.000818013;90
-64.7938;0.00181038;90
-97.2915;0.00102428;90
-105.34;0.00331511;90
-92.0506;0.00117375;90
-100.023;0.00193047;90
-84.464;0.00130609;90
-79.8324;0.0016428;90
-79.6465;0.0033719;90
-71.3758;0.00134018;90
-48.1263;0.0010502;90
-65.7653;0.00414642;90
-59.803;0.00235797;90
17.9549;0.000830443;90
-47.1735;0.000801729;90
-67.4094;0.000903308;90
-22.1663;0.00119535;90
-27.3887;0.00139992;90
60.6377;0.00206188;90
66.1856;0.00471549;90
69.9858;0.00110152;90
79.6217;0.00285877;90
86.4791;0.00167717;90
79.9228;0.00220603;90
82.4927;0.0016915;90
85.109;0.00160685;90
85.8192;0.00167345;90
93.0225;0.000929293;90
102.835;0.00134152;90
100.745;0.00370089;90
108.866;0.0033616;90
103.131;0.00280843;90
92.448;0.00149837;90
86.9328;0.00149514;90
91.6116;0.00163565;90
85.4068;0.000949048;90
-144.922;0.00195756;90
-169.927;0.000817603;90
-163.714;0.0009022;90
136.829;0.000841886;90
142.076;0.000924156;90
147.36;0.00101416;90
148.943;0.000525301;90
-174.655;0.000654847;90
99.0918;0.00149984;90
135.06;0.000673873;90
167.364;0.000754269;90
-168.432;0.000478724;90
85.2959;0.00143885;90
96.3586;0.00102933;90
98.9185;0.000935308;90
-0.919646;0.00735195;90
98.9463;0.00113177;90
29.9708;0.00456203;90
-25.8856;0.00105595;90
-46.0531;0.00192366;90
-78.2459;0.00230228;90
-54.8913;0.00305844;90
21.7787;0.00281384;90
8.56807;0.00144311;90
-8.68739;0.0129698;90
9.32848;0.00760051;90
73.6976;0.00304232;90
100.086;0.00742881;90
109.512;0.00395196;90
104.487;0.00558043;90
105.132;0.00565406;90
116.427;0.00463762;90
124.754;0.00458372;90
82.9315;0.00213724;90
-72.9561;0.00100305;90
98.3949;0.00143841;90
102.619;0.0011672;90
81.1039;0.00194641;90
-27.5807;0.00111016;90
36.5419;0.00157203;90
37.4747;0.00100426;90
68.0287;0.00175334;90
63.7408;0.00117306;90
57.6079;0.00144481;90
79.3475;0.00117932;90
82.5559;0.00155914;90
69.1272;0.000973914;90
-49.3225;0.00106014;90
58.8618;0.00140784;90
74.1456;0.00138363;90
-48.0415;0.00118607;90
-7.12502;0.000669167;90
-64.5603;0.0014573;90
42.289;0.00150995;90
-61.7276;0.00109571;90
-70.0366;0.000995839;90
10.0004;0.000875299;90
70.8658;0.00194336;90
-109.877;0.000829412;90
64.0492;0.00179388;90
-135.457;0.00203865;90
-174.047;0.00101246;90
76.1253;0.00318184;90
73.991;0.00259982;90
60.504;0.0023702;90
2.28032;0.00155823;90
68.1248;0.00158621;90
81.7583;0.00268574;90
46.9061;0.00218971;90
77.1076;0.00294012;90
117.706;0.00220028;90
108.135;0.000967038;90
57.8642;0.00083846;90
6.3524;0.00155454;90
-51.4943;0.0012191;90
-66.3269;0.00142709;90
-60.152;0.0019992;90
-79.0718;0.00147169;90
-81.4285;0.000972866;90
54.8433;0.00208053;90
63.4959;0.00210191;90
103.328;0.0018046;90
-174.597;0.00181607;90
-173.19;0.000902366;90
77.2034;0.000997783;90
86.0825;0.00206382;90
55.3061;0.00292871;90
42.1038;0.000657742;90
83.0354;0.00119582;90
100.561;0.00318088;90
94.2731;0.000979723;90
117.638;0.0015284;90
-169.006;0.00174095;90
92.7051;0.00243672;90
-131.179;0.00145351;90
-136.784;0.00127199;90
-93.9576;0.00111566;90
-98.1767;0.00139215;90
-120.482;0.00171505;90
179.151;0.000675074;90
96.7163;0.00104316;90
79.8911;0.00230173;90
71.6098;0.0032426;90
88.5342;0.00148549;90
115.017;0.0016884;90
122.739;0.000852414;90
130.678;0.000966535;90
138.253;0.00210562;90
-111.39;0.000828037;90
-95.6117;0.00190212;90
-91.0655;0.00209736;90
-92.7507;0.00189618;90
-93.8555;0.00147233;90
-105.255;0.00171026;90
-94.8046;0.00127749;90
-110.633;0.0031415;90
-142.898;0.000741006;90
-137.216;0.000914266;90
-80.2323;0.00132623;90
-38.5435;0.000999826;90
-54.1046;0.000670297;90
-17.5974;0.000800458;90
63.0018;0.00124239;90
54.6163;0.00198947;90
-47.3821;0.000884648;90
-111.51;0.00215187;90
-95.0623;0.00168859;90
-82.3252;0.00259828;90
-129.654;0.001017;90
-93.6543;0.00119242;90
-65.083;0.0012129;90
-50.5686;0.000823423;90
-93.764;0.00144712;90
-83.0103;0.00147093;90
170.12;0.00103739;90
-155.716;0.000921543;90
160.168;0.000907844;90
-116.361;0.00150444;90
-101.909;0.00114362;90
-53.7197;0.00128267;90
-178.752;0.00114827;90
-62.2212;0.00105566;90
-141.884;0.000625348;90
-108.723;0.000881654;90
-132.714;0.000673702;90
174.044;0.00211039;90
175.869;0.00206837;90
111.338;0.000849213;90
98.7507;0.000953094;90
90.8169;0.00105211;90
113.206;0.00103798;90
110.875;0.00109166;90
114.785;0.00123804;90
140.457;0.000810482;90
-129.222;0.00119401;90
-100.641;0.00242063;90
-91.5302;0.0011234;90
-84.6743;0.0010666;90
-87.9335;0.00135888;90
-120.385;0.00134239;90
-111.891;0.000828759;90
-84.3419;0.00108529;90
39.1236;0.00121554;90
2.88815;0.00111141;90
-77.4712;0.00149357;90
-100.519;0.00119407;90
-118.849;0.00245805;90
-102.39;0.00165453;90
-91.4294;0.00212466;90
-84.9509;0.00203389;90
-160.247;0.000701262;90
-135.839;0.00111098;90
166.378;0.000938395;90
155.021;0.000904613;90
154.118;0.000487945;90
-105.697;0.00101277;90
-70.6562;0.00201368;90
-66.4155;0.000877278;90
-85.5214;0.000934855;90
99.1862;0.00351407;90
99.7358;0.00137784;90
87.4641;0.00241837;90
162.55;0.000643619;90
158.787;0.00117459;90
166.934;0.00150394;90
-169.8;0.00156981;90
-118.533;0.001836;90
-105.536;0.00215057;90
-102.668;0.00165529;90
-101.098;0.00185978;90
-101.218;0.00243145;90
-98.5488;0.00251595;90
-101.721;0.00246132;90
-101.594;0.00189568;90
-107.817;0.0024936;90
-106.272;0.0020272;90
-105.394;0.00212836;90
130.954;0.00234495;90
131.021;0.00222143;90
159.018;0.000882515;90
-87.4338;0.00759362;90
-99.0889;0.0016649;90
-103.121;0.00186776;90
-101.838;0.00263709;90
-107.867;0.00271179;90
-100.645;0.00352974;90
138.853;0.00193619;90
175.759;0.00297515;90
-124.676;0.00295116;90
-128.885;0.00222378;90
170.073;0.00156036;90
-162.575;0.00202702;90
-153.824;0.00197673;90
128.317;0.00140965;90
100.298;0.00215369;90
75.1253;0.000845327;90
105.134;0.00426698;90
120.816;0.000862812;90
123.707;0.000935225;90
155.724;0.000593479;90
165.988;0.000574082;90
105.553;0.00156636;90
169.376;0.000737646;90
12.4136;0.000539616;90
66.1206;0.00146982;90
-41.6822;0.000684212;90
-41.613;0.000694177;90
-39.6991;0.000757724;90
-38.7475;0.000714183;90
-43.0163;0.000960119;90
-59.304;0.00124784;90
-56.3546;0.00106669;90
-59.469;0.000976369;90
-57.0365;0.00131225;90
-54.8685;0.001312;90
-8.0823;0.0010171;90
31.5307;0.00136914;90
15.7033;0.00130054;90
-60.8955;0.0018976;90
22.5804;0.00133862;90
11.0219;0.00093627;90
34.0985;0.00105063;90
0.519806;0.000992041;90
65.031;0.00130055;90
54.9974;0.000883869;90
32.6285;0.000838296;90
51.6418;0.00100874;90
75.1966;0.00126809;90
75.7873;0.00118115;90
75.3355;0.000995426;90
72.3805;0.00113316;90
9.97902;0.000802135;90
63.0767;0.00128755;90
56.4357;0.000884472;90
-9.79491;0.000623083;90
-56.9121;0.000712552;90
-59.5051;0.000691677;90
-105.461;0.00505285;90
-111.53;0.000861079;90
148.892;0.000954221;90
-176.338;0.000501023;90
-105.26;0.00105624;90
-104.342;0.000863924;90
-108.295;0.00103217;90
-93.186;0.00102559;90
-152.251;0.00112543;90
140.194;0.000913799;90
140.913;0.000796196;90
148.34;0.000649685;90
175.479;0.000685131;90
-173.702;0.000747511;90
-142.423;0.000842864;90
-134.025;0.00095544;90
169.456;0.000748642;90
-141.521;0.000740892;90
147.782;0.000712748;90
105.532;0.00123614;90
-156.654;0.0007646;90
-167.971;0.00079649;90
-161.245;0.000849085;90
173.195;0.000953718;90
139.125;0.000953529;90
122.722;0.0012968;90
119.501;0.000960534;90
128.349;0.00072044;90
119.461;0.00100035;90
120.983;0.00104511;90
131.919;0.000815766;90
143.502;0.000707815;90
136.179;0.000687453;90
140.994;0.000853193;90
155.195;0.000538699;90
-146.752;0.00061102;90
-121.529;0.000764921;90
-143.446;0.000760612;90
7.54942;0.000669806;90
-70.2057;0.00189284;90
-84.1853;0.00290193;90
-36.8295;0.0005672;90
-56.8961;0.00140984;90
-52.5885;0.000867439;90
-57.9839;0.00112985;90
-28.2192;0.000666179;90
47.0692;0.0498404;90
86.4146;0.0015831;90
64.2862;0.000993371;90
-32.7815;0.000594713;90
49.1819;0.00128966;90
63.8933;0.00111807;90
76.728;0.0011456;90
80.1291;0.00193667;90
4.95661;0.000567121;90
-52.72;0.00108963;90
79.1666;0.0017451;90
52.5301;0.00120327;90
-51.399;0.00137043;90
-58.9895;0.00105009;90
-5.67536;0.000970758;90
48.4373;0.000872726;90
-76.8777;0.00110998;90
-49.993;0.00105618;90
-13.8228;0.00058597;90
69.3003;0.000840241;90
74.3223;0.00105837;90
51.1988;0.00113945;90
-166.591;0.00095298;90
-134.759;0.000671757;90
169.498;0.000598018;90
83.2424;0.00168269;90
96.0357;0.00112222;90
33.9932;0.000681459;90
23.287;0.000680431;90
55.6231;0.000717279;90
27.6731;0.000624427;90
69.1078;0.000877707;90
48.0484;0.000718022;90
63.0665;0.000834518;90
63.8149;0.00168603;90
70.0129;0.00122583;90
106.158;0.00148048;90
53.2677;0.0014162;90
38.1957;0.00125334;90
71.5069;0.00373908;90
121.565;0.00168301;90
139.357;0.00118216;90
57.3364;0.00139335;90
16.025;0.00128597;90
-60.579;0.00138227;90
-60.3802;0.0012504;90
-42.3711;0.00118707;90
-78.9896;0.00273841;90
-42.499;0.000615769;90
54.9567;0.000916065;90
59.3196;0.00239295;90
74.2748;0.00125081;90
130.443;0.00192234;90
-158.637;0.000631383;90
-152.032;0.001096;90
88.0281;0.00264457;90
72.2446;0.00245284;90
39.3978;0.00111549;90
69.8825;0.0015293;90
97.6253;0.00123593;90
89.763;0.000967008;90
106.97;0.00117517;90
104.818;0.00129817;90
131.314;0.000671018;90
165.083;0.000757528;90
139.913;0.00179984;90
154.706;0.000725559;90
-152.388;0.00107662;90
-102.251;0.00174371;90
-43.7121;0.00084945;90
-145.02;0.00150362;90
-114.953;0.00178017;90
89.3818;0.00203912;90
77.9243;0.00126192;90
88.0429;0.000995581;90
6.61469;0.00066845;90
80.728;0.00207917;90
109.263;0.000809311;90
92.3261;0.00187254;90
127.388;0.00170287;90
133.509;0.00114166;90
129.483;0.00220649;90
-104.984;0.0022588;90
-97.4029;0.00242925;90
-88.8675;0.00232745;90
-96.0866;0.00154672;90
-102.819;0.00190652;90
-90;0.001846;90
-105.538;0.00137007;90
-122.247;0.00107951;90
-159.815;0.000849151;90
-134.371;0.00103102;90
-97.7367;0.000906249;90
-59.7492;0.00146094;90
-20.5673;0.00059492;90
-41.8636;0.000620355;90
-36.63;0.000859808;90
69.2102;0.000946637;90
61.7664;0.000982945;90
44.4814;0.00179683;90
-61.4376;0.00114198;90
-123.459;0.00116987;90
-104.877;0.00148787;90
-91.6565;0.00155665;90
-92.807;0.00165398;90
-127.326;0.000704222;90
-100.934;0.000985897;90
-66.6216;0.00167338;90
-70.3073;0.000792341;90
-85.5184;0.00185567;90
-82.7842;0.00093944;90
-163.386;0.00115418;90
175.578;0.000959857;90
168.601;0.00050598;90
-157.186;0.000567388;90
-99.4367;0.00183584;90
-68.5883;0.00169284;90
156.917;0.000846797;90
174.571;0.000486181;90
-51.4809;0.000826943;90
-97.0934;0.00089888;90
127.553;0.00110748;90
-110.681;0.00267861;90
-171.473;0.000694678;90
127.138;0.00094081;90
-179.452;0.000732033;90
179.852;0.000775003;90
160.032;0.000661785;90
-143.007;0.000558401;90
96.1244;0.00114353;90
96.0796;0.00118969;90
102.49;0.000970981;90
107.815;0.00108188;90
111.421;0.000867959;90
99.2925;0.00127574;90
162.077;0.000601173;90
-132.476;0.000818917;90
-129.997;0.000956825;90
-102.371;0.00126026;90
-91.4455;0.00107034;90
-86.3761;0.00180361;90
-90.2504;0.00160202;90
-96.4447;0.00387549;90
-90.1395;0.001643;90
-82.4665;0.000991559;90
-95.9709;0.00173039;90
-106.83;0.00134355;90
-132.161;0.000613815;90
-144.154;0.000884541;90
-158.897;0.000563813;90
-114.5;0.00117917;90
-103.48;0.0008494;90
-94.7676;0.00119112;90
-77.5629;0.00237268;90
112.009;0.00138492;90
86.8904;0.000995466;90
91.2668;0.0012213;90
27.246;0.0016557;90
-157.358;0.00100008;90
-110.706;0.00156403;90
-84.6914;0.0017726;90
-81.4349;0.00115488;90
-133.08;0.0409942;90
17.1965;0.00130221;90
16.4319;0.00137517;90
-40.9144;0.00117112;90
-16.5009;0.00119001;90
10.008;0.000828608;90
40.5397;0.00100927;90
30.208;0.000936121;90
32.5249;0.000900187;90
49.1709;0.000845819;90
51.9466;0.000619732;90
47.5405;0.000829544;90
14.8642;0.000604219;90
28.9741;0.000553245;90
76.2096;0.00118722;90
74.9628;0.00129121;90
71.4622;0.00105683;90
72.506;0.00100131;90
75.7371;0.00116491;90
-47.5659;0.00115303;90
75.3912;0.00160179;90
29.4095;0.000784037;90
-72.2876;0.0015547;90
-125.933;0.00102754;90
-41.491;0.000901129;90
-119.131;0.00883104;90
153.3;0.000948095;90
135.962;0.000758125;90
140.221;0.000839282;90
-159.986;0.000803523;90
-150.561;0.000767042;90
-138.602;0.000990492;90
-141.737;0.000855853;90
165.49;0.000937917;90
175.236;0.000565955;90
101.524;0.00105119;90
136.326;0.00058069;90
-163.899;0.000908643;90
-159.887;0.000982941;90
-155.548;0.000558055;90
176.891;0.000534787;90
-137.81;0.00188954;90
-100.119;0.00101885;90
167.81;0.0010466;90
146.433;0.000517259;90
143.071;0.0063462;90
106.801;0.00118665;90
103.132;0.00345947;90
115.113;0.0033176;90
109.146;0.00226848;90
-25.6345;0.00190001;90
109.596;0.00251358;90
-57.3093;0.00170152;90
-113.08;0.00189791;90
-102.632;0.00474178;90
-118.034;0.00106382;90
-130.424;0.00213591;90
-115.89;0.000987069;90
-124.289;0.00201645;90
-108.339;0.00301935;90
-90.7954;0.00252124;90
-103.64;0.00164952;90
-159.608;0.000573972;90
147.745;0.00162828;90
134.559;0.00101049;90
137.648;0.00128548;90
-176.482;0.000798505;90
-132.588;0.000722596;90
-70.2532;0.00111879;90
-170.343;0.0011148;90
-104.739;0.00235447;90
-147.741;0.000622013;90
-131.574;0.000804711;90
113.294;0.00134025;90
142.17;0.000787511;90
-122.746;0.000959484;90
165.908;0.000743372;90
-122.109;0.000703628;90
90.5932;0.00251113;90
114.153;0.00122198;90
132.667;0.000607909;90
125.218;0.000728303;90
121.842;0.000816944;90
110.128;0.00128445;90
106.591;0.000963096;90
142.961;0.00135301;90
127.644;0.00139173;90
150.565;0.000893311;90
169.312;0.000668599;90
98.7501;0.00109778;90
44.5022;0.00187178;90
-31.7453;0.00408633;90
-23.8319;0.000712775;90
4.75378;0.00048266;90
-52.0057;0.000631922;90
-39.7968;0.000834288;90
-61.9112;0.00329624;90
93.1597;0.00110668;90
105.695;0.00109793;90
92.8148;0.0013236;90
110.714;0.00221092;90
118.804;0.0014653;90
99.2846;0.00153714;90
130.019;0.000651584;90
106.412;0.00114672;90
87.5773;0.0027915;90
90.8484;0.00128314;90
-120.24;0.000976934;90
163.502;0.00101061;90
-172.355;0.000451009;90
-134.67;0.000736817;90
-143.418;0.00119302;90
-137.267;0.00121576;90
-138.507;0.00128297;90
-102.281;0.000879119;90
-64.8621;0.00091573;90
-0.425983;0.00107603;90
3.67773;0.000810669;90
-45.6726;0.00518062;90
-76.5816;0.000922174;90
-64.4134;0.000759479;90
130.536;0.000663157;90
-77.2798;0.00129888;90
-80.9282;0.0013509;90
-99.2822;0.00120275;90
-99.2612;0.00192003;90
-41.2452;0.00109058;90
-10.2239;0.00316628;90
77.6475;0.00130419;90
32.1579;0.000995766;90
-45.1921;0.000632864;90
47.2776;0.000996393;90
61.2086;0.00116274;90
-8.10006;0.000539381;90
75.5297;0.00105652;90
88.1785;0.00141572;90
105.902;0.00144531;90
108.952;0.00182281;90
106.087;0.00144353;90
156.251;0.000983268;90
63.3653;0.00110417;90
61.7411;0.00148271;90
-12.1736;0.00050741;90
-10.7681;0.000497765;90
21.19;0.000539476;90
22.5391;0.000764385;90
82.3818;0.00112392;90
44.9389;0.000662559;90
94.129;0.00206937;90
-6.15454;0.000886107;90
65.5238;0.00117785;90
65.135;0.000979829;90
-4.52311;0.00049454;90
67.6815;0.00121394;90
9.32872;0.00148058;90
-32.3838;0.000754311;90
-45.6291;0.00167453;90
-55.6615;0.000833213;90
-42.7471;0.000773466;90
-110.923;0.000823284;90
-81.361;0.00264299;90
-73.0241;0.00275714;90
-79.6838;0.00180925;90
-71.9367;0.00126747;90
-46.8895;0.000686267;90
-53.0146;0.0022822;90
-33.7631;0.0010886;90
-43.0523;0.00143555;90
26.4625;0.000749531;90
-101.279;0.00107374;90
31.8215;0.00112276;90
-112.915;0.00116602;90
37.6986;0.0028209;90
61.4972;0.000806787;90
29.79;0.000787001;90
19.2286;0.00118723;90
17.5125;0.00109998;90
-4.21078;0.00123935;90
-52.9126;0.00142281;90
21.1563;0.00103903;90
36.57;0.000993614;90
35.2085;0.000910583;90
9.73537;0.000827923;90
-18.6545;0.000825361;90
-40.7159;0.00119269;90
-99.6965;0.00124681;90
-105.031;0.000852156;90
8.45342;0.000952347;90
-96.0774;0.0012279;90
-142.681;0.00178805;90
-72.9059;0.000972983;90
14.0362;0.000680312;90
98.1966;0.00133969;90
127.38;0.000629225;90
78.5453;0.00186311;90
74.7335;0.00132164;90
-36.0597;0.000650665;90
-7.08164;0.00081925;90
70.9512;0.000885489;90
78.5242;0.00142244;90
73.2511;0.00154766;90
68.9734;0.00112597;90
82.3835;0.00104119;90
74.239;0.00115232;90
79.1525;0.00182257;90
-0.398804;0.000862021;90
-76.7376;0.00134692;90
69.6164;0.000855575;90
104.401;0.00110574;90
18.1241;0.000874383;90
-146.85;0.00235536;90
-104.112;0.00164051;90
-106.634;0.00143923;90
-109.791;0.00165687;90
-99.8359;0.000983456;90
-105.822;0.00101963;90
-99.9742;0.000883351;90
-96.5073;0.000908855;90
163.626;0.000624321;90
179.538;0.000496016;90
-139.716;0.000920233;90
-105.13;0.00165124;90
-104.938;0.00109397;90
-109.311;0.00088902;90
-141.534;0.000969376;90
-130.925;0.00136321;90
-115.208;0.0046653;90
158.87;0.000491012;90
137.454;0.000594515;90
139.076;0.000616743;90
-164.168;0.000487494;90
155.938;0.000819183;90
142.558;0.000580629;90
143.094;0.0009642;90
147.289;0.00100665;90
164.803;0.000778214;90
100.494;0.00140551;90
129.62;0.00063353;90
-179.151;0.000675074;90
-171.325;0.000490613;90
88.2982;0.00117852;90
96.1536;0.00139001;90
118.025;0.000983294;90
114.7;0.00733953;90
87.3706;0.00174384;90
-92.1872;0.00128394;90
-83.4841;0.00252028;90
-63.4057;0.0026247;90
-51.717;0.00199501;90
24.2513;0.000664654;90
-50.4487;0.000923411;90
-30.8958;0.0010127;90
73.0753;0.000851897;90
55.742;0.00156683;90
19.717;0.00115895;90
17.6639;0.00108096;90
17.0351;0.000996731;90
-32.3635;0.00110221;90
-34.7981;0.00116176;90
26.86;0.00104247;90
37.48;0.00118327;90
28.1002;0.000851353;90
31.7432;0.000857229;90
56.2235;0.000919139;90
40.4313;0.0006214;90
41.2686;0.000847496;90
-18.4349;0.000664078;90
67.1926;0.000846158;90
75.6423;0.0013832;90
74.258;0.00123845;90
75.1435;0.00108425;90
74.9627;0.00149934;90
6.03235;0.000513845;90
-43.5312;0.000579311;90
73.2916;0.00180522;90
65.8582;0.00142789;90
-41.9348;0.00056862;90
-67.7843;0.000796097;90
-107.159;0.00217271;90
-126.224;0.00203913;90
-111.4;0.000794796;90
-106.728;0.000955432;90
-103.53;0.00148316;90
-102.396;0.00116926;90
-107.968;0.000930373;90
-116.913;0.00220704;90
156.793;0.000900893;90
134.753;0.000654787;90
152.421;0.000581022;90
156.385;0.000703952;90
-167.4;0.00114149;90
-148.26;0.000937154;90
-143.24;0.000833802;90
-174.971;0.000627415;90
-156.957;0.000771559;90
112.893;0.00162717;90
-160.543;0.000744519;90
-166.29;0.000510546;90
-160.346;0.00049058;90
-157.669;0.000502699;90
-170.78;0.000973579;90
151.101;0.000571118;90
125.036;0.00095629;90
120.957;0.00145414;90
124.259;0.000698125;90
122.983;0.000876216;90
120.749;0.00109726;90
124.075;0.00107448;90
141.22;0.000744013;90
133.839;0.000837386;90
138.639;0.000924639;90
146.967;0.000774135;90
-144.661;0.0011082;90
-118.091;0.000889824;90
-40.7719;0.0150096;90
42.311;0.00691817;90
-44.0037;0.000975955;90
59.4124;0.00430968;90
80.3067;0.00489387;90
87.4953;0.00986242;90
-50.0264;0.00384164;90
-43.3231;0.000918218;90
56.8951;0.00195542;90
74.0798;0.00375503;90
73.3508;0.00230357;90
76.6495;0.00107402;90
80.3631;0.00836302;90
47.5282;0.00700505;90
-7.41527;0.000612119;90
-32.8177;0.00129343;90
167.227;0.00448703;90
-131.135;0.00126932;90
-102.799;0.00232476;90
-108.573;0.00170163;90
-82.9659;0.00109424;90
172.875;0.00124965;90
128.161;0.00233379;90
-123.49;0.00182497;90
169.514;0.000818673;90
97.3724;0.00347573;90
114.364;0.00130414;90
-79.4594;0.00658715;90
-117.732;0.00261316;90
-112.102;0.00190823;90
-139.064;0.00213517;90
-120.984;0.000963479;90
-73.8058;0.00211908;90
-82.1835;0.00191176;90
-91.3622;0.0088335;90
-88.6583;0.000982269;90
-100.089;0.0018953;90
-105.229;0.00193391;90
-104.152;0.00204094;90
-106.107;0.00301329;90
-104.991;0.00216881;90
-103.638;0.00108149;90
-116.585;0.00130497;90
91.1037;0.0021804;90
146.579;0.00247649;90
-149.636;0.00240952;90
-118.432;0.00238805;90
-156.765;0.00143216;90
-161.696;0.00165577;90
-163.301;0.00176441;90
-151.098;0.00182078;90
146.061;0.0011499;90
101.596;0.00239284;90
81.9962;0.000962375;90
128.925;0.00491796;90
90.2105;0.00108901;90
94.4244;0.0018796;90
119.922;0.00100034;90
-158.829;0.000556563;90
-107.242;0.00480075;90
-100.508;0.00186427;90
-85.2364;0.00101149;90
-90.9586;0.00179325;90
-69.444;0.000922752;90
-84.2565;0.00155883;90
134.026;0.00128924;90
-42.1413;0.00110588;90
31.3752;0.00429855;90
-10.2584;0.000662592;90
27.9775;0.000816413;90
-14.6526;0.00448693;90
23.4986;0.00183083;90
-27.9437;0.00128253;90
65.9875;0.0019782;90
55.482;0.00155471;90
35.718;0.0029548;90
-38.3833;0.00249147;90
-37.3039;0.000580817;90
-36.9331;0.0007256;90
-78.9829;0.00299316;90
-34.0859;0.00240884;90
26.0323;0.00221246;90
8.00713;0.00184499;90
-10.4648;0.00195451;90
-25.779;0.00202115;90
-30.9985;0.00254555;90
-28.098;0.00237376;90
-15.5546;0.00191307;90
38.9583;0.00239839;90
45.9173;0.00242922;90
-27.6654;0.00211929;90
-63.1456;0.00292213;90
23.0804;0.00127289;90
56.7765;0.00282712;90
76.7044;0.00369607;90
93.2289;0.00440299;90
104.482;0.00504635;90
104.174;0.0056397;90
104.815;0.00619081;90
112.589;0.00476669;90
129.517;0.00350774;90
154.085;0.00122187;90
88.5266;0.00252784;90
89.7635;0.00290702;90
101.614;0.00144049;90
-118.434;0.00545623;90
147.815;0.00348444;90
150.845;0.00144508;90
-101.344;0.00260285;90
-98.3262;0.00260344;90
-101.445;0.00282722;90
-101.384;0.00121592;90
-105.868;0.00232977;90
-107.264;0.00205876;90
-105.367;0.00228676;90
-105.345;0.00201794;90
-105.312;0.00131778;90
152.092;0.00108748;90
-164.536;0.00493568;90
-55.1674;0.0025316;90
-107.009;0.00094012;90
-104.951;0.00110853;90
-105.206;0.00123525;90
-105.345;0.00100897;90
-105.18;0.00139777;90
-150.605;0.00134059;90
-141.175;0.000650779;90
148.053;0.00124921;90
145.779;0.00131581;90
170.798;0.00123185;90
-113.228;0.00208173;90
-90.3485;0.00312406;90
-104.479;0.00272764;90
177.019;0.00169229;90
-159.469;0.00184199;90
-149.665;0.000578157;90
-175.378;0.000471534;90
-151.699;0.00177178;90
107.22;0.00208757;90
103.103;0.00181732;90
-119.105;0.00939535;90
-119.181;0.00520339;90
-155.795;0.00105363;90
-116.301;0.00563763;90
-112.424;0.00164109;90
-173.797;0.00402557;90
-126.42;0.00137444;90
-130.776;0.00999382;90
-129.802;0.00201364;90
-130.552;0.0117713;90
-138.233;0.00171747;90
-124.868;0.0120381;90
-98.7462;0.00138106;90
-147.78;0.00350353;90
-131.322;0.0105831;90
-112.611;0.00308731;90
-145.355;0.00422879;90
-167.45;0.0014773;90
179.74;0.00682007;90
147.486;0.00297299;90
-130.233;0.00322495;90
-129.567;0.00988095;90
-110.942;0.00240057;90
-115.168;0.0141272;90
-107.839;0.00316308;90
-102.923;0.106253;90
-80.9815;0.0021435;90
-108.946;0.00442895;90
-54.8466;0.00171597;90
75.377;0.00116059;90
-87.5576;0.00126715;90
-39.7599;0.00128523;90
160.324;0.000510828;90
148.669;0.00109813;90
-143.689;0.000758236;90
105.145;0.00150424;90
139.424;0.000742553;90
53.9292;0.00242364;90
78.9398;0.00305983;90
111.759;0.0035284;90
115.488;0.00414103;90
115.167;0.00460186;90
108.466;0.00292669;90
97.8704;0.0020594;90
-115.357;0.00178165;90
-119.591;0.00184688;90
-119.671;0.00221204;90
-69.5935;0.00183837;90
173.541;0.000106677;90
109.393;0.001551;90
68.4274;0.00190655;90
69.3515;0.00420834;90
-10.8051;0.000645443;90
55.4506;0.00295883;90
72.1007;0.00196196;90
68.8952;0.00287162;90
76.1593;0.00184765;90
72.4245;0.00362628;90
77.0971;0.00599641;90
76.7332;0.00686316;90
73.2386;0.00697327;90
77.5574;0.0118954;90
82.3874;0.00843938;90
81.114;0.00822168;90
73.5039;0.0074027;90
65.8285;0.00645714;90
56.4096;0.00590146;90
54.702;0.0055847;90
61.7602;0.00630438;90
64.8864;0.00640884;90
66.9446;0.0065165;90
67.014;0.00647621;90
65.2051;0.0064859;90
44.2835;0.00480658;90
16.3672;0.00419813;90
-0.125683;0.00364701;90
5.64552;0.00367985;90
16.2351;0.00383076;90
47.5921;0.00511266;90
55.368;0.00585426;90
42.4878;0.00529142;90
48.3117;0.00530013;90
56.1275;0.00548851;90
54.775;0.00560171;90
52.409;0.00529162;90
43.3125;0.00463427;90
48.9293;0.00542778;90
50.3095;0.0050357;90
51.4967;0.00503084;90
60.752;0.00466239;90
25.8343;0.00112215;90
-77.64;0.00393828;90
39.0589;0.00174888;90
71.1907;0.0047919;90
42.8265;0.00246109;90
49.361;0.00313378;90
70.0899;0.00368527;90
63.2831;0.00151919;90
40.2033;0.00234236;90
0.475966;0.00192607;90
90.0827;0.002772;90
106.066;0.00130809;90
115;0.00762873;90
84.3791;0.00171525;90
70.7939;0.00173878;90
65.6257;0.000748736;90
68.6916;0.00123009;90
116.017;0.000747775;90
119.377;0.00133117;90
114.902;0.000786085;90
116.706;0.00108807;90
119.502;0.000820373;90
95.0746;0.00177496;90
87.1433;0.00100325;90
17.0407;0.000610817;90
-10.008;0.000638719;90
13.3457;0.000623847;90
24.3165;0.000706694;90
30.4092;0.000567001;90
-54.0561;0.000655886;90
-40.7009;0.00112251;90
-27.4655;0.00068298;90
76.3793;0.0010701;90
72.9098;0.00101063;90
62.3708;0.00158922;90
55.9747;0.000995427;90
65.8564;0.000931483;90
60.8928;0.000846962;90
57.635;0.000827557;90
59.4484;0.000810523;90
53.2348;0.000656601;90
60.1833;0.00108803;90
110.236;0.0014889;90
128.245;0.000733411;90
82.1106;0.00097624;90
80.4437;0.00190341;90
-10.1766;0.0067126;90
-66.1513;0.00122674;90
-72.1645;0.0172879;90
-57.2453;0.00460407;90
-47.6151;0.000588926;90
142.437;0.0040861;90
86.8493;0.0025108;90
-111.861;0.00338114;90
-91.6941;0.00375464;90
-113.807;0.00175645;90
-100.703;0.00518011;90
-126.585;0.00100501;90
-91.6373;0.00213487;90
153.93;0.00584798;90
-115.886;0.00222639;90
151.243;0.00115779;90
-155.078;0.0016066;90
-159.248;0.0019869;90
172.851;0.00205699;90
94.7723;0.00109379;90
114.222;0.00136738;90
55.8013;0.000781049;90
-17.3079;0.00607718;90
-42.699;0.000933426;90
66.0655;0.00187088;90
55.3539;0.00184519;90
32.0341;0.00274497;90
5.47021;0.00327291;90
75.8513;0.00123548;90
76.125;0.00180981;90
73.5575;0.00391094;90
76.0541;0.0016929;90
94.1093;0.00138155;90
89.1125;0.008328;90
90.1024;0.001679;90
104.951;0.0017016;90
102.349;0.00169727;90
40.2109;0.00316758;90
64.6522;0.00343135;90
73.4757;0.000815689;90
104.045;0.00331716;90
75.0504;0.00324069;90
127.862;0.00228754;90
98.2989;0.00263964;90
101.757;0.00183551;90
-172.924;0.000730565;90
-48.474;0.00128364;90
-70.414;0.0013066;90
-37.3039;0.00100323;90
-68.0461;0.000906754;90
-71.7553;0.00161941;90
-57.1803;0.00737642;90
-51.3221;0.000988892;90
-31.2714;0.00753816;90
-58.3331;0.00852412;90
-72.1048;0.0018127;90
-75.5068;0.018916;90
-91.8806;0.00173694;90
-122.047;0.00610421;90
124.227;0.00399485;90
103.945;0.00321166;90
133.993;0.000643567;90
155.645;0.00182107;90
-70.6373;0.00554673;90
-145.885;0.00201833;90
-132.999;0.00255138;90
-173.335;0.00186964;90
149.828;0.0024314;90
150.455;0.00248629;90
152.222;0.00272504;90
173.466;0.00258378;90
-162.218;0.00258027;90
-179.731;0.00213202;90
121.906;0.00110494;90
110.932;0.00276551;90
128.473;0.0025444;90
-172.419;0.00246353;90
-133.052;0.00226759;90
-117.724;0.00232151;90
173.702;0.00164996;90
-156.749;0.00186442;90
-160.331;0.0017618;90
178.362;0.00129453;90
98.8872;0.00268625;90
85.7064;0.000961699;90
-54.1354;0.170118;90
100.138;0.00214753;90
100.016;0.00287481;90
95.5532;0.00401987;90
90.1722;0.00366102;90
110.176;0.00210199;90
120.137;0.00337407;90
122.011;0.00323723;90
123.389;0.00289835;90
129.765;0.00307673;90
138.985;0.00330665;90
138.256;0.00383447;90
108.725;0.00631104;90
96.1828;0.00623024;90
90.8781;0.00645976;90
98.7882;0.00611985;90
110.477;0.00500527;90
129.334;0.00342357;90
136.031;0.00322351;90
135.034;0.00354756;90
129.755;0.00422355;90
137.227;0.00402153;90
135.13;0.00403688;90
120.497;0.00467589;90
117.103;0.00529211;90
120.139;0.00489936;90
124.081;0.00462908;90
117.817;0.00532311;90
113.814;0.00545111;90
116.368;0.00480936;90
126.504;0.00437909;90
124.804;0.00427838;90
111.363;0.00454317;90
107.721;0.00428743;90
109.801;0.003941;90
103.192;0.0032775;90
116.63;0.00236487;90
117.935;0.00295648;90
166.933;0.00214966;90
-129.475;0.00308459;90
-161.634;0.00211051;90
-91.0122;0.00169826;90
-57.4738;0.0027172;90
-80.2663;0.00315847;90
-86.8202;0.00364161;90
-87.5668;0.00358023;90
-91.1216;0.00326963;90
170.21;0.0010645;90
174.065;0.000889769;90
-144.451;0.00115411;90
82.6403;0.0147152;90
111.937;0.00423999;90
-16.7305;0.000701704;90
-0.830315;0.000828087;90
-7.87913;0.00697384;90
35.5377;0.000619367;90
74.7668;0.00962519;90
75.5311;0.00125273;90
102.821;0.00163579;90
106.672;0.0177491;90
111.934;0.00192214;90
134.836;0.0056689;90
146.805;0.00538828;90
159.186;0.000624772;90
133.511;0.00522445;90
-178.559;0.000477151;90
167.946;0.00235595;90
85.4462;0.0021538;90
-78.6104;0.00437006;90
-106.051;0.00164201;90
-109.429;0.00257037;90
-116.869;0.00168826;90
-135.412;0.00196581;90
-134.067;0.00104241;90
-75.9154;0.00287235;90
-90.9668;0.0020743;90
-89.7732;0.00884307;90
-100.228;0.00212883;90
-108.867;0.00188635;90
-105.559;0.0047646;90
-95.5656;0.00125793;90
-100.55;0.00177501;90
145.836;0.00130886;90
146.864;0.00258308;90
-143.628;0.00280931;90
-114.112;0.00175513;90
-134.448;0.00154227;90
-179.639;0.00174703;90
-160.548;0.00208395;90
-150.51;0.00200703;90
110.8;0.00197684;90
115.138;0.00149013;90
31.3185;0.000831098;90
118.203;0.00915373;90
-155.428;0.00100281;90
35.7821;0.000790142;90
-7.02333;0.000768768;90
-84.2818;0.00149544;90
-27.6143;0.000610549;90
-14.0993;0.00066091;90
-51.145;0.000779468;90
-60.4798;0.00107564;90
-59.7832;0.00114451;90
-57.3012;0.000945905;90
-54.5644;0.000783045;90
-100.326;0.000959542;90
-84.245;0.00102718;90
-40.2879;0.00111038;90
16.4845;0.000613205;90
86.6126;0.000964685;90
29.7449;0.000540171;90
41.0957;0.0014331;90
13.0958;0.00131521;90
31.8263;0.00152651;90
-60.691;0.00179359;90
15.3806;0.00128191;90
34.5756;0.000879305;90
12.2398;0.00126884;90
8.53901;0.00103042;90
-33.8936;0.00117098;90
-43.4772;0.00138359;90
12.9063;0.00102079;90
84.8221;0.00157342;90
72.3197;0.00115243;90
74.3517;0.001457;90
67.0524;0.00104902;90
81.1337;0.00123273;90
68.1659;0.000976015;90
83.5412;0.00112011;90
2.74351;0.00190118;90
-148.172;0.00396876;90
-135.571;0.000779978;90
-105.665;0.00204807;90
-165.619;0.000885756;90
-133.09;0.00103932;90
-127.051;0.000823204;90
-138.221;0.0006544;90
-155.445;0.00123686;90
-152.401;0.000718789;90
-142.196;0.000637885;90
-162.976;0.000642137;90
-162.328;0.00102119;90
116.195;0.00103756;90
156.321;0.000861532;90
-167.03;0.000873279;90
-149.621;0.000840387;90
-176.876;0.000458682;90
149.767;0.000873856;90
147.473;0.00054677;90
125.202;0.000714703;90
124.38;0.000736695;90
120.027;0.000755381;90
125.624;0.000772583;90
123.756;0.000961019;90
121.5;0.00115406;90
132.818;0.000835699;90
148.887;0.00072184;90
136.981;0.00100257;90
130.362;0.000988235;90
-156.357;0.000999928;90
-127.017;0.001166;90
-19.9831;0.00129922;90
-89.0642;0.00165322;90
-84.3973;0.00132131;90
-74.8812;0.00114255;90
-64.2693;0.000737086;90
-53.3136;0.000811804;90
-50.3558;0.000909065;90
-49.63;0.000805903;90
-60.8627;0.000807139;90
-19.2847;0.00556527;90
-6.73067;0.00192829;90
76.4713;0.00229981;90
79.4127;0.00576921;90
-31.0579;0.000730756;90
-2.0884;0.000713474;90
88.5512;0.00300596;90
82.6782;0.00317791;90
70.5845;0.00142292;90
-3.27637;0.00250209;90
2.97373;0.000462623;90
96.9223;0.0176315;90
-85.8181;0.0177312;90
-123.5;0.00535566;90
-129.97;0.00272579;90
-97.5184;0.00536512;90
-110.592;0.00294838;90
153.696;0.00127726;90
-114.701;0.00298405;90
151.787;0.0025976;90
-123.306;0.00086868;90
110.471;0.00402306;90
46.1705;0.04957;90
174.558;0.00157108;90
-179.232;0.00104509;90
12.6068;0.00079722;90
82.6085;0.0013603;90
84.2301;0.00144231;90
-55.3992;0.00134365;90
51.4074;0.00106448;90
13.0552;0.000849969;90
20.7256;0.000909882;90
58.1261;0.00115519;90
79.6366;0.00140085;90
80.2694;0.00157973;90
-16.9433;0.00105688;90
57.3578;0.000925117;90
82.0928;0.00130844;90
-6.29757;0.00103927;90
-49.7324;0.000968502;90
-48.6135;0.00102097;90
-1.86342;0.000584309;90
46.0346;0.000626599;90
-61.3189;0.00168357;90
-38.2418;0.000684996;90
22.1485;0.000551711;90
68.2351;0.00116505;90
83.4508;0.0012713;90
-138.306;0.00101781;90
-162.09;0.000897492;90
77.9977;0.00155806;90
102.679;0.00087022;90
83.9028;0.00122392;90
7.91478;0.000827886;90
39.9607;0.000756701;90
46.627;0.000722247;90
42.3632;0.000645565;90
53.4932;0.000852217;90
65.0627;0.000913131;90
69.4794;0.000947097;90
64.1453;0.00147905;90
82.4308;0.00104006;90
125.611;0.00100124;90
168.129;0.00116185;90
171.652;0.000743882;90
165.489;0.000614606;90
-138.214;0.000844908;90
-110.303;0.00116434;90
-95.4685;0.000965394;90
-56.283;0.00118179;90
-162.287;0.00110436;90
-81.5573;0.000933112;90
-132.784;0.00235855;90
127.836;0.0014004;90
-164.521;0.00134893;90
-176.573;0.0012883;90
114.37;0.00147107;90
104.565;0.000998077;90
101.841;0.00124755;90
114.627;0.00119027;90
120.689;0.00100122;90
96.8673;0.00102032;90
-140.026;0.000871679;90
-118.05;0.00146735;90
-111.492;0.00103174;90
-105.175;0.00113456;90
-94.5248;0.000976042;90
-84.1377;0.00116509;90
-98.4464;0.00151139;90
-97.5764;0.00103907;90
-94.4831;0.00223885;90
55.1322;0.00170024;90
61.1191;0.00182612;90
-63.8906;0.000899822;90
-82.9159;0.00173525;90
-85.4648;0.00106233;90
-107.856;0.0018165;90
-132.104;0.00109175;90
-94.5533;0.0011085;90
-107.785;0.00119826;90
-162.798;0.00101438;90
21.3609;0.00166648;90
78.2057;0.00143837;90
90.5688;0.00151107;90
80.9527;0.00247378;90
84.7271;0.00178455;90
42.2242;0.000700858;90
77.6018;0.00133206;90
76.9678;0.00137029;90
80.855;0.00136535;90
75.5735;0.00110381;90
109.164;0.00124288;90
104.36;0.00120154;90
155.144;0.00124425;90
-142.421;0.000678852;90
-110.434;0.00137769;90
-99.0389;0.0021578;90
-88.6389;0.00193655;90
-95.5002;0.00167973;90
-99.3181;0.000914061;90
-91.9137;0.0012577;90
-55.8699;0.000686184;90
-87.3602;0.00223637;90
-89.792;0.00110201;90
-101.484;0.00212963;90
-99.2739;0.000899761;90
-155.098;0.000693473;90
-98.6711;0.00139292;90
-162.382;0.00130837;90
-120.544;0.0174678;90
-171.015;0.00601277;90
-91.6966;0.00749829;90
-53.5158;0.000802218;90
-104.073;0.00567946;90
-105.787;0.005859;90
156.812;0.00346163;90
-147.454;0.00183282;90
-131.87;0.00174845;90
-94.2747;0.00138184;90
-152.864;0.000493301;90
-139.274;0.000749496;90
173.208;0.00138673;90
-162.99;0.00176731;90
-156.806;0.00177224;90
-149.725;0.00155509;90
102.428;0.0010455;90
97.437;0.00350751;90
16.6251;0.00303382;90
18.3726;0.000872473;90
32.5655;0.00125775;90
16.2788;0.00110948;90
-35.2126;0.00110646;90
-59.595;0.00158266;90
42.609;0.00100001;90
36.0423;0.000844688;90
27.7896;0.000857952;90
26.4947;0.000728511;90
2.23636;0.000717547;90
-20.8606;0.000836856;90
-41.6083;0.000944227;90
-45.6548;0.000742511;90
-31.2144;0.000744825;90
49.298;0.000801993;90
87.4098;0.00126129;90
74.8883;0.00133103;90
75.1137;0.00163487;90
72.2877;0.000877602;90
75.5912;0.00119354;90
57.9326;0.000783551;90
-50.353;0.000879233;90
36.9338;0.000897001;90
94.1085;0.00516427;90
107.205;0.0163025;90
112.963;0.00143795;90
-154.752;0.00459275;90
-81.8879;0.00224648;90
-113.691;0.00085615;90
-107.648;0.001105;90
-104.103;0.00103417;90
-87.1537;0.00106732;90
-66.2461;0.00094834;90
-71.5264;0.000937299;90
-83.0689;0.000952964;90
-76.6001;0.00107013;90
-75.0768;0.00134745;90
-67.5115;0.00100654;90
-65.8051;0.000875946;90
-53.3353;0.00111701;90
-46.7047;0.000713079;90
-44.8877;0.00072125;90
-102.297;0.000967192;90
-101.779;0.000862155;90
-99.4906;0.00233496;90
-93.5253;0.00713951;90
-146.878;0.000979094;90
-112.003;0.00311487;90
-124.319;0.00113693;90
162.553;0.000623694;90
174.132;0.000762997;90
-155.965;0.000881423;90
-168.753;0.00053324;90
-147.888;0.00051357;90
-163.942;0.000488043;90
-168.554;0.000493822;90
-156.588;0.000528512;90
-140.117;0.000570789;90
-159.609;0.000611308;90
-154.926;0.000601706;90
100.271;0.00181712;90
105.524;0.00145716;90
91.0547;0.00103217;90
7.20056;0.00225781;90
50.9939;0.00126628;90
21.9824;0.000587729;90
12.5043;0.000762077;90
20.7743;0.00092194;90
17.0029;0.000885714;90
-47.8286;0.00101735;90
-40.2571;0.000974903;90
22.9295;0.000782858;90
16.1183;0.000500682;90
40.1427;0.000718171;90
39.4725;0.00072675;90
19.1988;0.00059298;90
3.93231;0.000612442;90
-20.9578;0.000567546;90
-30.4914;0.000561677;90
-45.3274;0.00111371;90
-32.1502;0.000670875;90
-0.60766;0.000660037;90
81.0329;0.00161676;90
71.6896;0.00101857;90
69.3584;0.00101838;90
77.2582;0.00113803;90
75.3676;0.00167844;90
69.5285;0.000872075;90
80.132;0.00111449;90
68.0042;0.000875744;90
79.0882;0.000987861;90
76.8215;0.00158782;90
-33.2936;0.000561093;90
-64.1372;0.00087571;90
-56.3633;0.0011915;90
-123.335;0.00603969;90
-104.774;0.000866652;90
-104.923;0.00136297;90
-107.284;0.000834693;90
-101.135;0.00134634;90
178.625;0.00062518;90
161.396;0.000536008;90
139.711;0.000835086;90
139.76;0.000928806;90
151.185;0.000626582;90
-179.886;0.000504001;90
-162.371;0.000584447;90
-156.005;0.00053854;90
-135.375;0.000755913;90
-136.381;0.000616069;90
174.883;0.000605413;90
-148.619;0.000612609;90
135.529;0.0011491;90
-157.245;0.0050674;90
-106.607;0.000892216;90
155.363;0.000638088;90
138.92;0.000713726;90
148.804;0.00487489;90
125.983;0.00182282;90
102.511;0.00141254;90
102.878;0.00169155;90
113.18;0.00165893;90
108.296;0.00182211;90
-114.843;0.00177087;90
-111.996;0.00186365;90
-128.357;0.00106356;90
-135.503;0.000967359;90
-118.688;0.00135196;90
-112.159;0.00110027;90
-112.593;0.00114269;90
-115.391;0.00115674;90
-110.287;0.00132094;90
-116.118;0.000745081;90
-111.192;0.000854804;90
-85.3645;0.00122501;90
-82.0782;0.000972278;90
-83.0641;0.000977151;90
-83.6883;0.00110973;90
1.30442;0.000527137;90
4.30055;0.000626765;90
-28.4471;0.000503834;90
-51.7596;0.00123755;90
-81.2645;0.00163294;90
-62.792;0.000717376;90
-93.0171;0.0020899;90
-91.0908;0.00120822;90
-78.5009;0.00112865;90
-30.687;0.000603511;90
-40.7418;0.000619013;90
-62.5965;0.00137533;90
-36.2345;0.000955859;90
-41.8684;0.000931944;90
-46.0037;0.00104951;90
-29.4198;0.000502845;90
2.72631;0.000504571;90
3.5013;0.000523978;90
-7.7057;0.00047731;90
-1.28014;0.000537134;90
35.0854;0.000854214;90
2.21899;0.000671504;90
-89.9147;0.002687;90
-105.101;0.00191927;90
-91.7543;0.00186187;90
-95.0457;0.00104605;90
-105.281;0.00137356;90
-82.0735;0.00163159;90
-80.7856;0.00178605;90
-74.9776;0.00166283;90
-86.794;0.00169866;90
-66.5526;0.00178434;90
-64.6071;0.00209877;90
-63.58;0.0017665;90
-45.9923;0.00122489;90
-57.9946;0.00130189;90
-30.5666;0.00106383;90
-40.7267;0.00133803;90
-31.0511;0.00134935;90
-26.7758;0.00109434;90
62.2183;0.00172708;90
55.4087;0.00160467;90
68.627;0.00193723;90
66.7971;0.00175386;90
78.0875;0.00197657;90
78.4248;0.00186391;90
83.6481;0.00161793;90
80.3767;0.00216547;90
78.9616;0.00161386;90
80.1939;0.00123301;90
87.7303;0.00164129;90
92.3546;0.00175248;90
97.6807;0.00180318;90
101.665;0.00177057;90
109.466;0.00158139;90
114.522;0.00158056;90
107.218;0.00183106;90
106.483;0.00165293;90
89.6379;0.00126603;90
100.11;0.0020224;90
124.839;0.00153516;90
113.159;0.00151291;90
-142.669;0.000720623;90
102.292;0.00152189;90
93.4218;0.00115606;90
136.872;0.000757716;90
117.95;0.00107318;90
-106.105;0.000839963;90
-163.392;0.000724213;90
-163.743;0.00063228;90
-165.767;0.000707723;90
-177.53;0.000649604;90
125.436;0.000855468;90
170.521;0.000564711;90
-160.487;0.000655656;90
88.8102;0.00130028;90
97.7826;0.00163203;90
110.884;0.0011249;90
-41.286;0.000807798;90
92.0762;0.00179418;90
11.9757;0.00426993;90
26.6135;0.00158716;90
-53.9779;0.00160858;90
-17.8329;0.00153474;90
41.0891;0.00150327;90
23.6377;0.00118219;90
-13.8529;0.00106086;90
-39.6198;0.00134235;90
-28.2695;0.000992359;90
58.3283;0.00111037;90
76.1951;0.00198226;90
74.7942;0.00193681;90
72.8027;0.00106878;90
82.1341;0.0018706;90
74.2396;0.00153158;90
-14.7816;0.00068983;90
-8.51842;0.000459064;90
-22.184;0.000667404;90
1.47721;0.00139646;90
-50.4293;0.000874371;90
125.237;0.00387377;90
-20.693;0.000489585;90
-120.169;0.00475972;90
-102.935;0.00238554;90
-109.445;0.00123759;90
-99.5421;0.00271456;90
-164.167;0.000773341;90
177.627;0.000748642;90
125.492;0.0010317;90
162.032;0.000930373;90
171.084;0.00100008;90
-162.737;0.000711029;90
-134.356;0.00132025;90
-164.421;0.00118036;90
171.787;0.000686036;90
92.4916;0.00121915;90
-178.288;0.00130558;90
-147.488;0.000755384;90
-172.052;0.000535141;90
173.414;0.00102879;90
-126.788;0.0025098;90
-162.594;0.000915943;90
156.504;0.00187114;90
177.934;0.00116476;90
137.567;0.00168956;90
120.757;0.00200037;90
125.082;0.00151894;90
93.0903;0.00163237;90
109.51;0.00173671;90
109.479;0.00194323;90
-128.871;0.00118552;90
-114.887;0.00183213;90
-123.481;0.00129246;90
-133.824;0.000964697;90
-118.982;0.00152725;90
-112.78;0.00134816;90
-115.213;0.00100472;90
-115.505;0.00125644;90
-111.642;0.000870357;90
-114.557;0.000753123;90
-84.9292;0.00130109;90
-70.1246;0.000817707;90
-87.3767;0.00201011;90
-76.0448;0.00102835;90
-30.2564;0.00056959;90
-13.8397;0.000777574;90
-65.6337;0.0010374;90
-60.583;0.000737026;90
-88.6785;0.000997265;90
-76.4913;0.0013699;90
-93.1134;0.00119677;90
-92.5663;0.00136237;90
-76.064;0.00110863;90
-34.1373;0.000604087;90
-44.5304;0.000690159;90
-64.2233;0.00120267;90
-40.4462;0.000961873;90
-35.9642;0.000999525;90
-45.7038;0.000863443;90
-15.2451;0.0010002;90
-13.4037;0.000944734;90
20.8504;0.00125306;90
7.46672;0.000769525;90
-72.308;0.000829219;90
-94.9518;0.00207374;90
-102.124;0.00229008;90
-89.8761;0.00185;90
-106.104;0.00114284;90
-94.7518;0.00160552;90
-79.9522;0.00183413;90
-74.8751;0.00169781;90
-82.1477;0.00192505;90
-76.7727;0.00173503;90
-61.1916;0.00205652;90
-65.573;0.00224165;90
-48.2848;0.0014562;90
-51.4993;0.00134935;90
-34.5858;0.0012596;90
-42.6977;0.00139059;90
-26.5304;0.00147983;90
46.2615;0.00125259;90
51.7398;0.00165689;90
67.7953;0.00184697;90
67.2153;0.00187208;90
72.4116;0.00196905;90
81.9142;0.00219684;90
80.4764;0.00184341;90
83.4016;0.000931168;90
78.4235;0.00155973;90
76.9432;0.00158908;90
83.9159;0.00103785;90
81.4596;0.00205377;90
89.1295;0.00177721;90
103.551;0.00252222;90
110.119;0.00216298;90
116.485;0.00159208;90
107.4;0.00206657;90
103.929;0.00167835;90
90;0.001323;90
102.309;0.00223744;90
133.407;0.00147559;90
120.035;0.00117475;90
-145.234;0.000561178;90
95.1226;0.00209437;90
122.956;0.00127758;90
123.031;0.000964965;90
-114.975;0.000741318;90
-168.434;0.000658368;90
-158.424;0.000848449;90
-162.521;0.00079574;90
171.587;0.000601472;90
121.561;0.000970563;90
-156.532;0.000811089;90
101.809;0.00107986;90
96.7925;0.00190235;90
121.491;0.000708319;90
-13.7727;0.00532614;90
21.7868;0.00290446;90
94.2271;0.00181795;90
5.98071;0.00487554;90
-45.1693;0.000957427;90
-68.237;0.00276723;90
-69.9154;0.00110947;90
-45.5097;0.00135133;90
8.09078;0.00206051;90
19.465;0.000510158;90
17.9907;0.00191671;90
-4.03924;0.000880186;90
-18.288;0.00234231;90
-31.7836;0.00240929;90
-26.6286;0.0052409;90
19.8875;0.000973029;90
38.5019;0.00164327;90
9.78911;0.00406417;90
-64.548;0.00151947;90
-70.0827;0.0043885;90
-74.5225;0.0015139;90
-71.3209;0.00259783;90
-70.39;0.00501168;90
-68.3941;0.00451632;90
-56.8195;0.00913794;90
-52.615;0.00144606;90
-66.0411;0.00963848;90
-64.3113;0.00225154;90
-61.3463;0.002221;90
-58.0119;0.0098142;90
-61.4007;0.00204103;90
-59.9109;0.00431438;90
-51.5305;0.00888446;90
-39.6812;0.00176973;90
-49.1909;0.0072375;90
-41.9929;0.00150963;90
-42.9945;0.00228323;90
-61.7711;0.0100424;90
-74.4428;0.00176361;90
-83.0557;0.00255575;90
-85.8699;0.0130238;90
-87.2755;0.00153574;90
-78.8077;0.00210198;90
-52.207;0.00661706;90
-62.6241;0.00101125;90
-41.8366;0.00313939;90
-18.7633;0.00110365;90
-61.959;0.00395871;90
-52.4285;0.00120869;90
-58.8641;0.00604947;90
-47.0978;0.00115902;90
-63.3975;0.00683343;90
-63.6374;0.00189843;90
-48.5597;0.00563733;90
-47.7702;0.00149233;90
-57.7925;0.00228336;90
-37.2364;0.00356467;90
-66.6374;0.00972643;90
-65.5584;0.00199147;90
-41.6633;0.00624444;90
-35.6445;0.00112226;90
-24.2527;0.00230547;90
-39.3842;0.00336003;90
-33.7482;0.00355147;90
-60.1999;0.00951756;90
-53.9295;0.0010751;90
-36.0625;0.00191619;90
-29.7585;0.00260101;90
-51.5865;0.00781063;90
-48.4383;0.00139126;90
-47.0048;0.00177876;90
-43.9095;0.00208068;90
-63.2781;0.00833073;90
-69.7116;0.00298201;90
-84.1319;0.00470465;90
-44.5851;0.00253858;90
-57.0544;0.00294571;90
-55.0348;0.00420012;90
-20.1381;0.000978841;90
-25.6895;0.00570711;90
-32.9052;0.00119466;90
-27.8224;0.00489146;90
-23.7237;0.000974335;90
-26.242;0.00111045;90
30.0489;0.00292168;90
-16.6602;0.00604475;90
-38.2499;0.00211761;90
-36.7047;0.00360721;90
-90.8644;0.00331438;90
-91.1786;0.00184739;90
-86.9059;0.00452059;90
-44.3379;0.00104022;90
14.7499;0.000915158;90
61.8317;0.00140659;90
-132.912;0.00071819;90
115.005;0.00476459;90
91.6804;0.00156867;90
80.0751;0.00303441;90
139.787;0.00116939;90
159.767;0.0262956;90
144.166;0.00157146;90
116.604;0.0268252;90
132.903;0.00098566;90
134.178;0.00586747;90
116.665;0.00153976;90
132.567;0.00218198;90
146.532;0.00487058;90
111.749;0.00122522;90
116.146;0.00721867;90
128.69;0.00179491;90
146.343;0.00682392;90
147.977;0.007104;90
133.045;0.00155442;90
115.815;0.00976664;90
109.829;0.00241733;90
126.001;0.00378364;90
138.053;0.0031596;90
130.678;0.00746849;90
117.21;0.00202735;90
120.747;0.00853589;90
108.154;0.00167539;90
122.989;0.00550803;90
131.285;0.00087299;90
117.484;0.00164462;90
136.154;0.00646285;90
132.5;0.00136177;90
139.042;0.00212661;90
108.896;0.00601833;90
92.7293;0.0127264;90
92.6026;0.00270879;90
108.177;0.00793392;90
126.028;0.00396303;90
142.984;0.000860403;90
141.77;0.00203937;90
131.832;0.00815055;90
137.162;0.00174285;90
134.192;0.0061185;90
119.256;0.00177202;90
119.813;0.0112937;90
121.054;0.00935354;90
115.914;0.00362222;90
118.407;0.0117316;90
123.93;0.00257799;90
119.786;0.00586598;90
108.229;0.0102199;90
96.3577;0.00144489;90
115.909;0.00222682;90
123.782;0.00607703;90
-140.443;0.00061868;90
-135.112;0.00180383;90
170.354;0.00911285;90
157.317;0.00210046;90
171.772;0.000824488;90
-179.201;0.00172017;90
95.4662;0.00188959;90
73.471;0.00248155;90
129.448;0.00209011;90
123.164;0.00126865;90
123.596;0.000840372;90
6.00482;0.000716934;90
-50.838;0.0021203;90
-61.1543;0.00143848;90
-109.076;0.00279974;90
-98.6861;0.00268176;90
-151.529;0.000524424;90
-157.557;0.00164239;90
143.024;0.002168;90
109.552;0.00261159;90
125.205;0.00273896;90
-173.558;0.00249576;90
-138.566;0.00217149;90
-112.218;0.00240129;90
-170.158;0.00346906;90
-167.269;0.000766854;90
-169.991;0.00251427;90
84.1271;0.0011239;90
98.1635;0.00121127;90
89.7897;0.00109001;90
112.762;0.00872557;90
75.7824;0.00467417;90
112.737;0.00135316;90
120.935;0.00640976;90
145.734;0.00295004;90
-178.254;0.00229807;90
-156.394;0.000849049;90
116.984;0.0037312;90
82.2367;0.00276131;90
61.9078;0.00684659;90
33.8523;0.000881422;90
26.1235;0.00116055;90
-18.7372;0.00863251;90
-43.6348;0.000741966;90
-32.3034;0.00340381;90
-44.9678;0.00125653;90
-68.6338;0.00261578;90
142.427;0.0134182;90
174.208;0.00140718;90
-149.798;0.00544282;90
-112.433;0.00122901;90
-102.492;0.0056774;90
-90.6169;0.00139308;90
-92.4775;0.00247531;90
12.3106;0.00435719;90
-15.1207;0.000897057;90
-34.8611;0.00100422;90
-53.3942;0.00520706;90
-69.0024;0.000926525;90
-61.6516;0.00122148;90
-76.8036;0.00364012;90
-99.2869;0.000966671;90
-113.313;0.002168;90
-98.4493;0.000939194;90
-86.828;0.00242171;90
-67.5975;0.00237202;90
-47.2506;0.003079;90
102.637;0.0106684;90
70.286;0.0017283;90
116.765;0.00179423;90
119.202;0.00211935;90
116.586;0.00244671;90
124.33;0.00265801;90
151.279;0.00235356;90
179.014;0.0020333;90
-157.632;0.00212056;90
120.971;0.0013039;90
88.3584;0.00492202;90
115.483;0.00201282;90
131.229;0.00151578;90
-103.621;0.00113801;90
36.7368;0.0010332;90
-52.61;0.00174067;90
62.0652;0.00389142;90
47.1232;0.0027865;90
19.0772;0.00242625;90
2.46403;0.00253534;90
-25.6701;0.00489624;90
-46.2371;0.00255467;90
-29.6154;0.0027986;90
-56.7925;0.00095495;90
-69.9559;0.00192564;90
-69.8366;0.0045605;90
-74.983;0.00306052;90
-70.8983;0.00328804;90
-54.5987;0.0024426;90
-52.8567;0.00205362;90
-49.4231;0.00203546;90
-48.862;0.000787384;90
-97.439;0.000973191;90
-105.667;0.000903568;90
-105.654;0.00162321;90
-79.2313;0.00120421;90
-48.9092;0.000736397;90
65.1899;0.0013727;90
74.7415;0.00147811;90
74.8929;0.00159616;90
74.792;0.00160107;90
-16.2388;0.00075096;90
-85.917;0.00154492;90
-101.625;0.00253602;90
-107.527;0.00295204;90
-102.912;0.00291778;90
-117.902;0.00120736;90
-106.429;0.00172545;90
-97.6587;0.000945434;90
148.909;0.00557715;90
-126.403;0.00206247;90
-172.197;0.00203282;90
-159.323;0.00227985;90
-152.909;0.001996;90
98.7358;0.00294314;90
93.9899;0.00136531;90
-42.6129;0.00449898;90
25.0224;0.00187719;90
-8.29364;0.00168462;90
76.1212;0.00211783;90
37.829;0.00229412;90
19.1268;0.0027498;90
-36.2238;0.00235895;90
-68.4129;0.00516422;90
-12.0613;0.000717847;90
22.993;0.00150019;90
27.367;0.00194915;90
-5.89641;0.00242382;90
-25.831;0.00265309;90
-33.3134;0.00299517;90
-24.8068;0.00227381;90
3.83263;0.00225905;90
50.184;0.00281732;90
25.7369;0.0019183;90
-51.5178;0.00463463;90
43.5232;0.00104262;90
52.5706;0.00233471;90
78.4806;0.00445167;90
56.8388;0.00192323;90
11.7351;0.00414974;90
-6.52603;0.000783074;90
29.6948;0.00127781;90
29.9447;0.00320136;90
48.5449;0.00610695;90
65.2724;0.00471427;90
65.0916;0.00354252;90
51.6144;0.00796199;90
26.8612;0.00181705;90
27.4636;0.00225289;90
13.8567;0.00766198;90
4.36984;0.00152243;90
2.55553;0.00248948;90
26.5585;0.00782132;90
61.0353;0.0021042;90
70.075;0.00379412;90
84.3081;0.00731004;90
86.7181;0.00759846;90
79.0317;0.00687458;90
81.0246;0.0163067;90
68.1904;0.00130544;90
71.1369;0.00490862;90
86.7871;0.0116333;90
74.8778;0.00245708;90
73.4059;0.0119017;90
43.7483;0.00152135;90
28.3351;0.00169396;90
40.0614;0.0106369;90
66.2012;0.00195526;90
74.9811;0.00253147;90
71.0525;0.0121958;90
62.3576;0.00202176;90
66.953;0.0129507;90
75.336;0.00212522;90
78.1966;0.00751388;90
78.4984;0.0028135;90
78.6786;0.00390703;90
66.9558;0.00253422;90
-8.60759;0.0019176;90
-41.4145;0.00603778;90
-56.3474;0.00127221;90
-61.6603;0.00298927;90
-46.8418;0.00358618;90
-45.5225;0.00356679;90
-17.9275;0.00839143;90
46.3378;0.0016961;90
15.1628;0.00631588;90
-9.57643;0.00123826;90
-12.856;0.00235504;90
-22.7706;0.0033924;90
-48.701;0.00857742;90
-43.8433;0.00185653;90
-46.2459;0.00305684;90
-34.5009;0.00425303;90
22.1372;0.00411861;90
3.45891;0.0033481;90
0.833568;0.00357438;90
-29.6543;0.00415753;90
-7.272;0.00362617;90
-14.7903;0.00387023;90
5.25544;0.0039958;90
-2.60995;0.00775204;90
-14.4093;0.00137836;90
-15.7028;0.0020765;90
36.3644;0.00646125;90
45.7002;0.000983659;90
33.562;0.00322698;90
25.2658;0.000848135;90
22.4489;0.00358248;90
14.4311;0.00534877;90
-1.9462;0.00123671;90
0.38233;0.00209805;90
-12.5521;0.0037363;90
27.9911;0.00327059;90
-16.3758;0.00259633;90
1.59646;0.00538409;90
-13.0971;0.00125772;90
-6.13756;0.00202963;90
11.4978;0.00687803;90
-41.0371;0.00181099;90
-57.2008;0.00672517;90
-49.474;0.00164976;90
-28.6727;0.0019091;90
-12.1138;0.00251603;90
-32.4835;0.00284513;90
-5.91092;0.00452506;90
19.9302;0.00101797;90
16.0672;0.00264846;90
-8.80846;0.00909021;90
12.1916;0.00595224;90
-7.7497;0.00100114;90
-16.8531;0.00217648;90
-8.80151;0.00362064;90
-14.414;0.00724712;90
-59.2043;0.00198836;90
-44.8798;0.00269691;90
-55.6448;0.0117557;90
-62.6978;0.0025377;90
-51.0221;0.00405074;90
-62.3772;0.0126453;90
-77.722;0.00312242;90
-74.5612;0.00424104;90
-52.8915;0.00499564;90
-51.324;0.00882038;90
-65.7529;0.00202351;90
-31.1021;0.00262891;90
-21.2621;0.00359039;90
-36.4575;0.0039177;90
-34.3326;0.00739545;90
-20.5462;0.00136482;90
-29.0569;0.00244813;90
0.569145;0.00332216;90
45.9609;0.00864418;90
53.9546;0.00163997;90
27.7894;0.00259533;90
-47.476;0.00440302;90
-20.4036;0.00277084;90
3.01279;0.00679239;90
2.56827;0.00113814;90
10.1528;0.00235995;90
40.923;0.00401805;90
28.2095;0.00654543;90
65.3132;0.00199207;90
68.9014;0.00498091;90
72.3276;0.0050136;90
2.42999;0.00530677;90
1.99925;0.00146189;90
-14.2019;0.00218065;90
6.47597;0.00200379;90
60.7294;0.00468979;90
39.995;0.00437671;90
53.0784;0.0097466;90
50.8878;0.00211622;90
69.1514;0.00481315;90
81.3775;0.00806414;90
84.3247;0.00790776;90
61.4505;0.00614751;90
45.0054;0.00756958;90
27.436;0.000794343;90
32.4123;0.000746257;90
28.2197;0.00157977;90
29.7756;0.000694719;90
15.4408;0.00184043;90
39.6578;0.00739736;90
68.1187;0.00213048;90
77.7727;0.00383397;90
77.6821;0.00577494;90
71.6762;0.00570318;90
45.5262;0.00392673;90
61.8953;0.00324571;90
79.2457;0.00151664;90
92.4831;0.00193882;90
108.249;0.00234073;90
86.5334;0.00107497;90
-80.292;0.00502293;90
-107.771;0.00294871;90
-113.531;0.00153789;90
-123.272;0.00718356;90
-104.879;0.00237565;90
-106.194;0.00440684;90
-103.821;0.00613256;90
-121.083;0.00478036;90
-148.029;0.00376395;90
-157.017;0.00362907;90
-162.394;0.000852955;90
-152.502;0.00241706;90
-148.532;0.00329101;90
-118.587;0.00519762;90
-117.84;0.00532763;90
-94.892;0.00693025;90
-100.804;0.0126971;90
-126.441;0.00184345;90
-123.851;0.0064107;90
-130.081;0.0042058;90
-147.815;0.00415087;90
-119.173;0.00526827;90
-165.045;0.00127105;90
174.092;0.00222482;90
169.848;0.00267792;90
179.978;0.002594;90
-159.269;0.00233627;90
-109.449;0.00421661;90
-110.693;0.0041572;90
-115.958;0.00455781;90
-158.707;0.00322194;90
-154.07;0.00350816;90
-143.152;0.0036752;90
-178.803;0.00339974;90
-177.603;0.00380233;90
-177.232;0.00364425;90
141.634;0.00158534;90
132.944;0.00443429;90
-138.634;0.00383741;90
-136.56;0.00994632;90
173.434;0.00179276;90
156.202;0.00430722;90
143.598;0.00730304;90
149.108;0.00122707;90
131.935;0.00304208;90
154.268;0.00695356;90
113.547;0.00423025;90
136.347;0.00448076;90
130.061;0.00468927;90
112.41;0.00585196;90
102.783;0.00686516;90
120.254;0.00332253;90
124.279;0.0102747;90
109.715;0.00151479;90
130.113;0.00278907;90
125.199;0.00919291;90
122.051;0.000804645;90
133.466;0.00367049;90
138.196;0.00328538;90
173.121;0.00294722;90
-174.984;0.00345423;90
167.906;0.00600427;90
-158.835;0.00155381;90
-161.792;0.002077;90
167.169;0.00357528;90
167.643;0.00528033;90
-169.907;0.00156928;90
-166.15;0.00224322;90
-157.046;0.00282574;90
171.172;0.00261295;90
148.391;0.0028486;90
156.311;0.00242427;90
159.619;0.00290591;90
120.662;0.00501983;90
132.435;0.00417187;90
158.213;0.00356999;90
-157.754;0.00351569;90
-172.698;0.00325742;90
174.039;0.00362058;90
-175.023;0.00331952;90
174.817;0.00329849;90
-160.195;0.00332039;90
164.45;0.00308492;90
-179.301;0.00295222;90
-172.237;0.00114752;90
-158.12;0.00338374;90
-158.158;0.00181963;90
-163.933;0.00116345;90
-166.618;0.000509843;90
99.4727;0.000905345;90
93.2902;0.00472178;90
93.9075;0.00167289;90
116.836;0.00208001;90
138.238;0.00147738;90
117.052;0.00236585;90
112.814;0.00166093;90
111.536;0.00554084;90
107.417;0.00129958;90
104.155;0.00140259;90
114.279;0.00596566;90
106.911;0.00318681;90
94.1098;0.00473016;90
107.741;0.00339337;90
117.561;0.00128593;90
103.664;0.000969435;90
106.881;0.00260003;90
88.8079;0.00254755;90
96.0582;0.00213191;90
115.868;0.00661925;90
127.16;0.00110421;90
104.7;0.00364119;90
99.2441;0.00448829;90
96.7951;0.00267076;90
85.2171;0.0037059;90
104.412;0.00521099;90
107.524;0.00541008;90
106.43;0.00254909;90
91.1582;0.00717347;90
91.0406;0.00209235;90
97.2483;0.00426408;90
106.06;0.00376286;90
105.629;0.00345577;90
109.694;0.0027626;90
89.1471;0.00356039;90
94.4703;0.00337427;90
98.044;0.00291569;90
120.409;0.002268;90
139.864;0.00144274;90
-159.832;0.00169386;90
135.125;0.00258377;90
124.553;0.0035527;90
114.829;0.00389613;90
105.179;0.00434249;90
117.173;0.00657352;90
90.074;0.003095;90
106.538;0.0069276;90
101.198;0.00200313;90
94.8836;0.00210263;90
111.591;0.00682379;90
115.234;0.00429486;90
111.142;0.00359604;90
155.616;0.00205644;90
144.607;0.00215652;90
153.747;0.00197358;90
-147.734;0.00184134;90
-134.008;0.00175601;90
-108.78;0.00194452;90
-119.471;0.00436595;90
-115.621;0.00388055;90
-115.584;0.00305671;90
-148.108;0.00106943;90
-143.24;0.00668041;90
-149.522;0.00121254;90
-117.551;0.00278029;90
-104.125;0.00329873;90
-109.553;0.00322392;90
-110.776;0.00149416;90
-117.782;0.00694903;90
-106.366;0.00176032;90
-127.022;0.00746863;90
-147.83;0.000627309;90
-128.82;0.00139901;90
-130.922;0.0072393;90
-116.288;0.00138638;90
-155.044;0.00361446;90
-167.929;0.00264447;90
172.832;0.00246829;90
147.969;0.00282627;90
163.408;0.00280165;90
-157.558;0.0032404;90
-136.705;0.00394599;90
-134.021;0.0016966;90
-143.462;0.00800533;90
-128.253;0.00134219;90
-142.948;0.00769584;90
-128.382;0.00954092;90
-116.951;0.00186;90
-132.282;0.00184904;90
-150.098;0.0108642;90
-137.353;0.0012399;90
-178.214;0.00875926;90
-147.325;0.000861307;90
165.384;0.00821898;90
172.635;0.00254298;90
-175.864;0.00696013;90
-141.855;0.00792676;90
-114.83;0.00138834;90
-130.989;0.00857275;90
-106.427;0.00256365;90
-108.665;0.0129332;90
-103.537;0.00361853;90
-105.922;0.0128749;90
-102.516;0.00146276;90
-110.722;0.00834273;90
-111.666;0.00157099;90
-93.8124;0.0091292;90
-81.3041;0.00181891;90
-82.9585;0.00195777;90
-90.8355;0.0125503;90
-94.1788;0.00271722;90
-97.0305;0.0124022;90
-96.511;0.00222233;90
-93.4901;0.00965891;90
-81.9541;0.00163611;90
-85.6669;0.00964858;90
-107.697;0.00169417;90
-120.249;0.00162182;90
-123.388;0.0102579;90
-104.485;0.0022588;90
-110.809;0.00997575;90
-91.5548;0.00210077;90
-93.0178;0.00659114;90
-92.4567;0.00303279;90
-110.8;0.00425214;90
-72.245;0.0106051;90
-61.641;0.00180002;90
-76.7962;0.00303832;90
-76.9964;0.00527528;90
-71.2433;0.00315347;90
-71.2342;0.00213552;90
-67.7343;0.00332276;90
-99.4026;0.00441329;90
-115.401;0.00272991;90
-117.546;0.00159366;90
-122.498;0.00242706;90
-176.696;0.000867442;90
-83.3395;0.00312106;90
-87.1734;0.00255511;90
-89.1157;0.008423;90
-102.128;0.00214181;90
-103.244;0.0020341;90
-103.799;0.00222213;90
-106.913;0.00323805;90
-103;0.00261399;90
-75.4845;0.00336336;90
-20.1858;0.00239085;90
29.2377;0.0019757;90
84.2419;0.00311974;90
74.6024;0.00239911;90
74.5909;0.00189305;90
96.7629;0.0014521;90
132.642;0.00130642;90
123.24;0.00105812;90
-80.836;0.0010737;90
-107.04;0.000935047;90
138.932;0.000825014;90
128.888;0.0011357;90
135.075;0.00108329;90
-119.88;0.00147738;90
-107.988;0.00263268;90
-104.184;0.00357911;90
-81.837;0.00123249;90
135.269;0.00105289;90
138.413;0.00295742;90
-152.018;0.00271318;90
-115.657;0.00276681;90
-173.196;0.00128304;90
-161.239;0.00205836;90
-162.282;0.00212269;90
-157.812;0.00173443;90
98.821;0.00308448;90
74.5123;0.000842597;90
-22.2798;0.00540448;90
-18.7094;0.00184869;90
73.1939;0.00241411;90
46.3844;0.00231221;90
8.11918;0.00296674;90
-47.0976;0.00255012;90
-128.241;0.00119554;90
-103.738;0.00191169;90
156.795;0.0054869;90
-140.109;0.00188983;90
-166.668;0.00240686;90
-155.155;0.00245855;90
145.938;0.0015801;90
102.897;0.00251341;90
-8.03305;0.000500915;90
-54.0852;0.00347948;90
20.3868;0.00237688;90
4.31035;0.00208891;90
20.9427;0.000693836;90
85.896;0.00155098;90
44.0156;0.00205798;90
26.198;0.00265248;90
-42.0908;0.00254958;90
60.928;0.00223911;90
76.2983;0.00307346;90
78.5735;0.000964109;90
74.5271;0.00251516;90
77.6318;0.00294126;90
87.0705;0.00119356;90
92.1036;0.00716483;90
-48.4991;0.000753058;90
-49.0856;0.000972622;90
-49.0477;0.00175305;90
-49.0277;0.00194298;90
62.8301;0.00110155;90
74.5405;0.0020896;90
72.2765;0.00247025;90
77.7917;0.00232662;90
77.4955;0.00332999;90
81.7725;0.0034101;90
80.8332;0.00162576;90
-2.9376;0.000761;90
-34.2482;0.00250542;90
-32.5453;0.00308197;90
-33.7169;0.00237079;90
47.336;0.00128376;90
96.5289;0.00251531;90
-175.52;0.00526208;90
147.717;0.00262119;90
-131.556;0.000976865;90
-98.1732;0.00263072;90
-99.3373;0.00301393;90
-102.137;0.00190252;90
-102.587;0.00192732;90
-108.011;0.00256468;90
-105.616;0.00226978;90
-105.352;0.00234569;90
-105.093;0.00205075;90
135.383;0.0014793;90
130.705;0.00132176;90
-150.71;0.0051837;90
170.741;0.00157249;90
147.809;0.00160114;90
127.883;0.00133541;90
109.482;0.00252771;90
106.836;0.00252733;90
95.8867;0.00171605;90
-83.0717;0.00151708;90
-74.9732;0.00270759;90
-64.4416;0.00295296;90
-39.5439;0.00218638;90
-15.0716;0.00202672;90
95.6719;0.0181318;90
110.775;0.0274914;90
106.225;0.00675712;90
54.6681;0.00207155;90
41.3086;0.00114223;90
33.5846;0.00165772;90
16.3976;0.00120084;90
-158.358;0.00133404;90
-146.447;0.00151073;90
-138.725;0.00120817;90
-122.828;0.00223015;90
-69.8396;0.0338489;90
-82.1397;0.0187996;90
-47.7168;0.00243164;90
-39.9575;0.000627511;90
-98.5114;0.00131751;90
-105.185;0.00208065;90
-104.652;0.00254992;90
-134.346;0.0141346;90
9.2669;0.00101221;90
-46.4338;0.000593448;90
-83.4557;0.00093006;90
-57.1622;0.00117471;90
-44.2152;0.000671107;90
-12.7283;0.000903195;90
61.5064;0.000704313;90
84.8261;0.00126415;90
82.4945;0.00169956;90
46.9029;0.00151192;90
46.3619;0.000952035;90
-2.54235;0.00051851;90
-36.9858;0.000989002;90
-78.1785;0.00184513;90
-83.1031;0.00168217;90
-107.239;0.00145433;90
-95.9246;0.000959123;90
-127.891;0.0006285;90
-124.463;0.000781089;90
-136.13;0.00157716;90
101.585;0.00134949;90
102.37;0.00183459;90
125.165;0.000840372;90
-155.56;0.00119399;90
156.765;0.000623574;90
132.1;0.000642876;90
137.899;0.000601103;90
-159.693;0.000484087;90
153.267;0.000764739;90
149.771;0.000909703;90
143.18;0.0009194;90
151.476;0.000954912;90
158.17;0.00074761;90
105.155;0.00100599;90
107.445;0.00117085;90
-156.714;0.000860058;90
103.849;0.00111543;90
93.0837;0.00148715;90
112.422;0.000959544;90
23.4829;0.00203777;90
47.1644;0.0013855;90
26.0893;0.00086181;90
14.0904;0.0010269;90
17.1726;0.00120575;90
-7.65156;0.000931292;90
-67.3363;0.00140662;90
23.7455;0.00104551;90
26.0458;0.000888203;90
43.1803;0.000935267;90
24.6866;0.000723086;90
2.29717;0.000698561;90
-23.5017;0.000719701;90
-46.2118;0.00096966;90
-43.8388;0.00104673;90
6.25956;0.00070621;90
24.0627;0.000522396;90
94.2037;0.00103679;90
75.3355;0.000995426;90
74.2455;0.00127801;90
71.4021;0.00144548;90
83.0983;0.00108184;90
70.5306;0.00119111;90
74.6353;0.00119263;90
74.6864;0.00163194;90
84.9508;0.00099988;90
64.4742;0.000789015;90
-40.7655;0.000794836;90
-60.8245;0.000736431;90
-64.8698;0.00137517;90
-129.962;0.0102822;90
143.829;0.000557441;90
164.871;0.000636044;90
-172.118;0.000619856;90
-153.278;0.000816168;90
-140.497;0.00101868;90
-165.015;0.000761909;90
-151.552;0.000789311;90
123.206;0.00114855;90
122.014;0.000720587;90
-157.791;0.000783097;90
-162.681;0.000779333;90
-160.506;0.000821068;90
-170.69;0.000803585;90
-137.196;0.00175279;90
-101.768;0.000956097;90
-147.407;0.000506812;90
149.838;0.000612996;90
138.438;0.000601416;90
-120.067;0.0127923;90
-132.175;0.00477807;90
-110.922;0.00135536;90
-110.804;0.00151476;90
-178.99;0.00261041;90
100.394;0.00555923;90
63.1373;0.0017218;90
-59.4682;0.00245662;90
-89.9505;0.008102;90
41.2778;0.000762455;90
66.4419;0.00736591;90
35.8909;0.000678899;90
37.264;0.000814219;90
62.7914;0.00716705;90
61.5336;0.000983964;90
51.0177;0.00097126;90
17.6726;0.00342252;90
91.0176;0.00168927;90
89.8744;0.001825;90
-122.994;0.0148177;90
-148.589;0.00206456;90
-130.56;0.00286815;90
-109.763;0.002292;90
-137.129;0.00144632;90
-136.737;0.00653243;90
-129.585;0.00173094;90
-130.061;0.00917483;90
-119.389;0.00129805;90
-128.927;0.00615597;90
-138.471;0.001635;90
-132.642;0.00596384;90
-124.066;0.00186023;90
-124.045;0.00765751;90
-132.618;0.00166738;90
-136.755;0.00720173;90
-129.481;0.00178666;90
-123.592;0.00763269;90
-131.492;0.00171016;90
-168.734;0.00589663;90
168.028;0.00110401;90
-178.832;0.00490702;90
-164.279;0.00150947;90
-144.341;0.00646524;90
-110.819;0.00114795;90
-115.646;0.00964183;90
-115.482;0.00156195;90
-113.488;0.0108718;90
-109.033;0.00190727;90
-119;0.00794745;90
-120.992;0.00175563;90
-125.431;0.00860071;90
-113.56;0.00185133;90
-112.047;0.00923639;90
-106.636;0.00243805;90
-98.4468;0.00992567;90
-96.9072;0.00215363;90
-99.7648;0.011179;90
-105.053;0.0100302;90
-105.464;0.00173273;90
-104.324;0.00898945;90
-103.515;0.00130514;90
-103.098;0.00331833;90
-101.41;0.00235046;90
-79.8717;0.00223483;90
-54.7307;0.0025562;90
-60.4463;0.00111508;90
-52.3981;0.00136191;90
-77.4236;0.000913928;90
-61.3169;0.00157303;90
-114.412;0.00415442;90
-78.6185;0.00125671;90
-64.8688;0.00148342;90
-71.4115;0.000944259;90
-125.003;0.0147902;90
-134.665;0.00616961;90
-164.288;0.00151771;90
104.193;0.0177828;90
95.1166;0.00239956;90
118.323;0.00507334;90
136.774;0.0104398;90
130.937;0.00922122;90
117.089;0.00401212;90
98.765;0.00994211;90
97.5571;0.0102954;90
104.053;0.0288608;90
118.394;0.0168296;90
111.792;0.00346136;90
117.794;0.0194556;90
118.58;0.0028617;90
110.096;0.032408;90
102.332;0.00457455;90
105.819;0.137753;90
107.369;0.0324696;90
106.554;0.00109853;90
137.23;0.010086;90
-164.836;0.00104747;90
122.483;0.00745183;90
106.556;0.00107037;90
102.939;0.00291193;90
102.818;0.00376379;90
103.331;0.016663;90
102.409;0.00234068;90
102.801;0.00278932;90
99.2888;0.0294279;90
129.478;0.00813483;90
138.134;0.00182353;90
123.06;0.0156366;90
133.212;0.00367167;90
134.666;0.001818;90
140.942;0.0207854;90
169.57;0.00135336;90
107.315;0.00734484;90
93.5802;0.000912781;90
95.5992;0.00613929;90
105.199;0.00107562;90
91.4334;0.00335805;90
96.471;0.00440104;90
92.5838;0.00110913;90
109.762;0.00998504;90
116.007;0.0043583;90
105.702;0.0213425;90
97.7052;0.00400516;90
95.4171;0.0260684;90
93.1697;0.00593207;90
93.9575;0.0256462;90
112.624;0.00191323;90
116.346;0.00746986;90
119.887;0.00189848;90
118.76;0.00272061;90
120.223;0.0075711;90
119.469;0.00394547;90
119.912;0.0128901;90
118.315;0.00162549;90
130.793;0.0123199;90
163.909;0.0089444;90
-132.085;0.00247525;90
-134.866;0.0102743;90
-110.939;0.000875838;90
-133.905;0.00495631;90
163.085;0.0153668;90
124.308;0.0028014;90
108.53;0.0152201;90
123.642;0.0166712;90
116.729;0.0194145;90
116.827;0.0146822;90
108.487;0.00351329;90
108.9;0.016322;90
104.184;0.00684777;90
109.786;0.0287939;90
106.476;0.00246106;90
112.983;0.0191392;90
121.506;0.00514553;90
116.197;0.0184658;90
101.334;0.00186742;90
98.0143;0.0306413;90
91.5217;0.00158156;90
113.784;0.017838;90
155.37;0.00101978;90
145.761;0.00321158;90
149.585;0.000805909;90
147.301;0.00327267;90
176.979;0.0010815;90
145.441;0.00265316;90
135.351;0.00253715;90
120.644;0.000829895;90
112.725;0.00179646;90
109.362;0.00551384;90
113.39;0.000864001;90
110.454;0.00151662;90
102.568;0.0218434;90
94.4548;0.0167496;90
103.888;0.00308312;90
113.62;0.0149952;90
112.403;0.00320379;90
114.491;0.0185236;90
118.408;0.0052275;90
125.827;0.0084856;90
123.977;0.0199925;90
121.074;0.0018774;90
121.563;0.0113043;90
113.72;0.00652305;90
113.119;0.000758952;90
112.873;0.00508374;90
114.592;0.00987138;90
111.974;0.00135762;90
116.403;0.00269179;90
115.704;0.0203009;90
127.494;0.00960777;90
127.846;0.0055074;90
115.581;0.0034114;90
131.952;0.036571;90
116.651;0.00509422;90
120.594;0.056155;90
137.085;0.00254656;90
128.699;0.0354301;90
115.501;0.0604822;90
106.655;0.0382267;90
110.252;0.00125669;90
106.286;0.00334836;90
122.608;0.0136187;90
168.816;0.0150488;90
-167.13;0.30359;90
-160.71;0.23928;90
-75.3337;0.037474;90
-67.8416;0.00345734;90
-65.7447;0.0036952;90
-62.0091;0.0295463;90
-58.7654;0.00210397;90
-67.0166;0.0374477;90
-81.9564;0.0233336;90
-75.7534;0.00455922;90
-48.1801;0.00771156;90
-1.61607;0.000957381;90
-4.27537;0.00342052;90
-5.92209;0.00172521;90
-38.7155;0.160858;90
80.4297;0.334691;90
25.8074;0.00158954;90
23.7535;0.00155907;90
36.8977;0.0284766;90
44.1821;0.00113927;90
19.1079;0.173225;90
-16.352;0.120116;90
-73.592;0.00280733;90
-74.278;0.00154999;90
-62.3478;0.435248;90
-65.8903;0.867054;90
76.7585;0.013691;90
95.2141;0.00105637;90
125.179;0.000853972;90
120.753;0.00410296;90
140.277;0.00266791;90
78.7862;0.00303902;90
76.9;0.00966245;90
76.9047;0.00230391;90
74.5497;0.00419666;90
72.5034;0.00585068;90
78.3023;0.0097066;90
81.5594;0.0067582;90
83.8265;0.00326393;90
77.5624;0.013762;90
70.2132;0.00197033;90
68.6782;0.00232944;90
59.0579;0.00997916;90
56.6487;0.00154792;90
57.3572;0.00729886;90
64.0819;0.00190123;90
64.5404;0.00394069;90
66.6768;0.00525109;90
67.039;0.00968971;90
65.873;0.00233388;90
58.2461;0.00866853;90
36.9585;0.001294;90
14.4059;0.00469874;90
-4.23811;0.00123137;90
6.76311;0.00596954;90
11.3019;0.00139301;90
17.7612;0.00158662;90
40.2871;0.00391576;90
54.008;0.00809295;90
37.0065;0.0015102;90
43.6425;0.00388028;90
48.0998;0.00401446;90
56.0742;0.00390956;90
55.6701;0.00355169;90
57.2614;0.00409203;90
52.5207;0.00430584;90
43.4801;0.00418542;90
46.9762;0.00457275;90
51.8167;0.00445017;90
46.0338;0.00411532;90
52.8682;0.00472625;90
50.1246;0.00881893;90
31.9669;0.0014204;90
37.0752;0.00240022;90
64.0814;0.00657983;90
48.5035;0.00249934;90
30.0516;0.00215464;90
99.1935;0.00809296;90
147.719;0.000969909;90
141.603;0.000817891;90
84.1226;0.00205078;90
71.7876;0.00146541;90
62.8854;0.00130548;90
89.7038;0.00135402;90
117.062;0.00139133;90
118.477;0.00140727;90
117.375;0.00167677;90
92.3929;0.00136519;90
88.8802;0.000972186;90
12.1697;0.000640391;90
-4.55216;0.000944981;90
38.9275;0.00127002;90
-32.6085;0.000896278;90
-44.2085;0.000665451;90
-24.4277;0.000875359;90
62.4331;0.00125328;90
72.3169;0.00120493;90
56.9977;0.00177905;90
64.0503;0.00149915;90
60.74;0.00143625;90
54.6579;0.00126025;90
49.1652;0.000798311;90
57.6687;0.00109945;90
69.7024;0.000856165;90
65.1005;0.00106169;90
-10.7755;0.000609752;90
100.787;0.0272332;90
114.575;0.00155814;90
90.7435;0.047931;90
38.8455;0.000626572;90
78.3023;0.00139089;90
93.9812;0.0013683;90
94.3792;0.00134894;90
92.182;0.00160216;90
88.437;0.00197974;90
88.3359;0.00196283;90
87.7469;0.00183142;90
77.0884;0.00196467;90
78.6249;0.00206863;90
81.9422;0.00190481;90
85.4308;0.00144359;90
80.7825;0.00142338;90
84.9784;0.00153088;90
90;0.001651;90
96.2457;0.00140635;90
97.9243;0.00137816;90
102.915;0.00162409;90
145.143;0.00121255;90
167.919;0.000597228;90
161.593;0.000642891;90
162.445;0.000576867;90
148.227;0.000704586;90
122.123;0.0009328;90
168.132;0.000705071;90
141.507;0.000910965;90
140.304;0.000933135;90
144.743;0.00111564;90
136.286;0.000944933;90
128.687;0.00131826;90
110.475;0.00182105;90
110.424;0.00192287;90
147.559;0.00101784;90
137.996;0.00129861;90
115.838;0.00147995;90
130.811;0.00130669;90
137.09;0.000969381;90
133.958;0.000894638;90
135.356;0.000569232;90
127.207;0.000782214;90
123.738;0.0010029;90
126.78;0.0010188;90
122.235;0.00105926;90
129.31;0.000962873;90
126.767;0.001116;90
132.299;0.00106538;90
141.254;0.000830845;90
163.882;0.000774442;90
164.125;0.000559333;90
161;0.00057746;90
141.252;0.000811636;90
134.812;0.000859846;90
-175.289;0.000815756;90
-174.98;0.000742849;90
159.352;0.000876288;90
119.409;0.00135225;90
154.256;0.000842637;90
-177.49;0.00109605;90
147.977;0.00104855;90
-168.296;0.00105493;90
-176.786;0.000749178;90
178.795;0.000713158;90
-165.225;0.000658781;90
173.707;0.000802837;90
-166.915;0.000759726;90
-165.673;0.000763755;90
-170.46;0.000850766;90
-168.071;0.000725672;90
111.056;0.00136943;90
150.346;0.000547738;90
-115.914;0.00102284;90
167.252;0.000539293;90
167.307;0.000641683;90
-153.752;0.000565287;90
-116.565;0.000939149;90
-114.688;0.00124258;90
-126.551;0.00100582;90
-123.96;0.000941614;90
-118.228;0.00101694;90
-113.968;0.00113485;90
-115.255;0.00135004;90
-122.375;0.00123259;90
-121.881;0.00126479;90
-124.881;0.00101421;90
-124.21;0.00125395;90
-135.04;0.00100338;90
-135.489;0.000994228;90
-120.246;0.00156042;90
-121.085;0.00153783;90
-148.627;0.00057625;90
-154.606;0.00107264;90
-115.503;0.00166526;90
-101.364;0.00230417;90
-100.153;0.00199118;90
-119.443;0.00120229;90
-131.992;0.000889351;90
-129.476;0.000822651;90
-134.649;0.000808238;90
-127.424;0.000992246;90
-132.208;0.000885642;90
-126.862;0.0014436;90
-140.247;0.000982043;90
-157.241;0.000889233;90
-176.133;0.000726654;90
-175.439;0.00070423;90
-134.55;0.000809662;90
-150.945;0.000607442;90
-161.199;0.000741569;90
-128.753;0.00105277;90
-166.884;0.000815267;90
-114.096;0.00130797;90
-117.778;0.00120372;90
-114.815;0.00128902;90
-112.863;0.00150309;90
-113.645;0.00148355;90
-110.12;0.00143028;90
-116.107;0.00111807;90
-116.398;0.00107287;90
-112.131;0.00106442;90
-98.8437;0.00133993;90
-75.8788;0.00179937;90
-80.9386;0.00164452;90
-84.0479;0.00158153;90
-81.7591;0.00168136;90
-86.9073;0.00113065;90
-99.8945;0.00119883;90
-113.151;0.00109628;90
-114.221;0.00112613;90
-116.041;0.00117309;90
-110.165;0.00118355;90
-113.05;0.00121827;90
-115.65;0.000924061;90
-115.515;0.00129311;90
-122.625;0.00125384;90
-118.187;0.00112206;90
-139.117;0.000817404;90
-133.569;0.000934379;90
-140.116;0.000840563;90
-156.623;0.000844304;90
-157.295;0.000930078;90
-165.069;0.00093145;90
-158.581;0.000807793;90
-159.991;0.000564047;90
171.788;0.000497097;90
-149.874;0.000727232;90
171.535;0.000821955;90
-136.326;0.000886242;90
-147.18;0.000730624;90
-105.652;0.00131579;90
-102.471;0.00160691;90
-106.451;0.00158905;90
-120.93;0.00143973;90
-144.943;0.00101151;90
-142.909;0.00103801;90
-134.085;0.00115132;90
-121.564;0.00139076;90
-113.098;0.00157529;90
-117.129;0.00136407;90
-142.459;0.00087146;90
179.798;0.000850005;90
-164.41;0.000796295;90
-152.319;0.000826608;90
167.048;0.000704935;90
138.487;0.00106971;90
131.131;0.00107938;90
136.384;0.0010539;90
152.506;0.00104841;90
-171.021;0.000954699;90
-140.188;0.0011417;90
-130.855;0.00112512;90
-137.287;0.000815236;90
165.892;0.000578448;90
-165.219;0.000615365;90
-145.646;0.0009339;90
-136.683;0.000890632;90
-162.99;0.00081359;90
140.781;0.00097582;90
123.574;0.00109581;90
142.568;0.000918044;90
110.819;0.00114795;90
113.407;0.00104718;90
123.109;0.00103984;90
128.391;0.00103216;90
147.967;0.000872908;90
-114.693;0.000876112;90
-98.6054;0.00117624;90
-100.378;0.00154325;90
-97.3436;0.00188547;90
-88.8037;0.00167637;90
-110.848;0.0011043;90
-105.782;0.00101112;90
-83.4283;0.001066;90
-76.4314;0.00104003;90
-76.7178;0.00086617;90
-74.7193;0.000982744;90
-83.4717;0.00114341;90
-108.707;0.00120041;90
-98.4644;0.00179354;90
-96.3995;0.00181229;90
-96.7832;0.0016425;90
-103.116;0.00134406;90
-119.177;0.00127588;90
-122.614;0.0011967;90
-121.306;0.000946861;90
-118.795;0.000965371;90
-117.657;0.00110303;90
-115.621;0.0014107;90
-104.801;0.00167146;90
-95.047;0.00147773;90
-104.229;0.00158255;90
-107.116;0.00160718;90
-98.3248;0.00158167;90
-97.7619;0.00158452;90
-98.4034;0.00151224;90
-108.586;0.00143694;90
-116.411;0.00116455;90
-111.425;0.0014427;90
-120.133;0.00120713;90
-131.19;0.00136207;90
-124.911;0.00162675;90
-137.56;0.00125071;90
-128.314;0.00100812;90
-111.824;0.00139606;90
-115.871;0.00132922;90
-129.695;0.00106309;90
-129.397;0.00116593;90
-131.737;0.00110559;90
-142.026;0.00086136;90
-134.345;0.00111306;90
-126.382;0.000939034;90
-116.885;0.00128263;90
-121.845;0.00143853;90
-111.527;0.00139533;90
-103.623;0.00084065;90
-101.793;0.0017908;90
-101.537;0.00109002;90
-95.2963;0.00152752;90
-89.8934;0.002149;90
-85.8011;0.00208961;90
-86.1391;0.00187125;90
-84.8185;0.00160556;90
-85.6797;0.0015133;90
-93.0879;0.00176356;90
-101.708;0.00146855;90
-100.678;0.00144095;90
-97.8279;0.00123349;90
-91.3724;0.00112732;90
-90.119;0.001445;90
-89.9147;0.002016;90
-90;0.001563;90
-92.8714;0.0012776;90
-93.0193;0.00138592;90
-92.6761;0.00162778;90
-93.7244;0.00106224;90
-91.1957;0.00110224;90
-80.08;0.00113192;90
-65.9983;0.000889951;90
-66.5903;0.00110495;90
-82.1783;0.00173413;90
-90.5939;0.00144708;90
-92.1862;0.00120588;90
-93.7748;0.00126074;90
-98.9685;0.00144972;90
-98.4092;0.00153854;90
-100.309;0.0012573;90
-96.5864;0.00146467;90
-85.6038;0.00174814;90
-82.3437;0.0020866;90
-82.424;0.00283676;90
-82.9133;0.00166976;90
-80.2219;0.00137193;90
-66.7032;0.00130217;90
-83.1467;0.00172633;90
-94.4654;0.0015156;90
-93.8564;0.00170987;90
-93.6263;0.00150201;90
-92.9646;0.00162417;90
-95.5622;0.00153724;90
-107.778;0.00132318;90
-104.309;0.00122191;90
-109.918;0.00119764;90
-111.637;0.00142652;90
-114.455;0.00129959;90
-118.04;0.00133806;90
-139.894;0.00095312;90
-132.295;0.000719222;90
-95.0602;0.00104307;90
-93.8141;0.00132293;90
-88.7638;0.00162238;90
-83.6886;0.00131899;90
-85.9753;0.00113981;90
-80.934;0.00130733;90
-20.9884;0.00083757;90
0.433503;0.000793023;90
36.7906;0.000866601;90
51.6425;0.00112478;90
48.5035;0.00118025;90
-7.96088;0.000909768;90
-40.2455;0.000733673;90
-8.0295;0.000644317;90
12.0037;0.000615458;90
-29.2976;0.00077859;90
-19.9325;0.000677591;90
-38.5239;0.000921584;90
-35.9582;0.0007919;90
-14.5966;0.000595211;90
-20.5121;0.000610721;90
-4.11;0.000669722;90
-22.469;0.000701233;90
-40.5056;0.000974561;90
-77.2973;0.00175085;90
-87.7919;0.00119389;90
-86.8556;0.00116676;90
-83.8496;0.000933372;90
-76.5567;0.00135924;90
-74.2234;0.00116592;90
-71.2889;0.00137782;90
-61.4694;0.00103009;90
-62.0221;0.00103382;90
-65.7635;0.00118878;90
-66.407;0.0013542;90
-59.3646;0.00119708;90
-59.4388;0.00124494;90
-59.0843;0.00122622;90
-61.9872;0.00118594;90
-61.9918;0.00115418;90
-42.2667;0.00109726;90
-7.6631;0.000884903;90
0.714671;0.000962075;90
-12.0824;0.00097459;90
-6.54954;0.0011485;90
8.92772;0.00112766;90
8.42918;0.000948243;90
-40.0575;0.000902797;90
-49.8693;0.00108295;90
-65.6887;0.00150112;90
-57.1106;0.00125042;90
-31.9775;0.000872378;90
-20.4655;0.000740754;90
-12.4849;0.000707736;90
13.0902;0.000763849;90
43.7392;0.00102838;90
30.8451;0.000910831;90
22.215;0.000849021;90
28.6949;0.000974705;90
25.3237;0.000970234;90
5.07961;0.000858371;90
-13.9708;0.000849118;90
-40.1546;0.000987823;90
-36.5217;0.000954418;90
-17.0745;0.000745875;90
-28.987;0.0007408;90
-28.1981;0.000831708;90
-22.0842;0.000789958;90
18.1313;0.000835485;90
9.98985;0.0007321;90
7.38437;0.000630227;90
26.487;0.000656957;90
49.427;0.000879436;90
43.6311;0.000769552;90
-5.15855;0.000578342;90
69.3335;0.00127505;90
75.9638;0.00190487;90
85.7958;0.00223702;90
83.9157;0.00143408;90
82.3478;0.00111896;90
83.67;0.00124258;90
84.7831;0.00184765;90
77.2258;0.0117498;90
85.7481;0.00149712;90
101.894;0.00151861;90
106.637;0.00141107;90
114.263;0.00112431;90
122.151;0.000794895;90
123.649;0.000765209;90
132.785;0.00120723;90
-176.596;0.000993753;90
-151.958;0.000989118;90
131.121;0.000836301;90
122.256;0.00106425;90
108.839;0.00130068;90
102.087;0.0015473;90
105.507;0.00125675;90
127.805;0.00121376;90
124.826;0.00132905;90
100.305;0.00157643;90
89.6014;0.00158104;90
85.779;0.00150809;90
76.752;0.00567708;90
26.8753;0.00049552;90
68.6858;0.00139759;90
62.3899;0.00134857;90
60.1589;0.00118168;90
66.8072;0.00130768;90
73.9797;0.00136605;90
48.2487;0.000848477;90
76.7729;0.00171757;90
72.8418;0.00174569;90
69.7716;0.00157622;90
71.7317;0.00152169;90
71.6702;0.00172344;90
65.6666;0.00128627;90
52.5648;0.000628431;90
43.232;0.00121468;90
21.7211;0.000529604;90
16.7049;0.000963669;90
-6.74006;0.000664593;90
-16.6722;0.000812141;90
-23.3904;0.000549127;90
-28.4685;0.00090208;90
-22.003;0.000950209;90
-7.30739;0.00089628;90
-2.13426;0.000805559;90
-31.3692;0.000630102;90
-29.3768;0.000656405;90
-31.6442;0.0012275;90
-8.95085;0.000957662;90
40.5816;0.000945383;90
24.7641;0.000725739;90
31.5662;0.000636123;90
50.8197;0.000997211;90
39.9199;0.0175124;90
-47.9273;0.000996907;90
28.0009;0.000517589;90
110.619;0.00127786;90
111.236;0.00126168;90
86.0787;0.00362649;90
75.1084;0.00185221;90
75.2459;0.0016649;90
55.3084;0.00103135;90
32.8923;0.000876511;90
-5.56097;0.000495331;90
22.2576;0.000559703;90
41.8932;0.000769756;90
44.6269;0.000760156;90
32.0674;0.000783551;90
-38.1987;0.000698588;90
-45.2768;0.000585491;90
-44.7289;0.000896621;90
-67.4372;0.00131354;90
-59.3324;0.00129397;90
70.4759;0.000831829;90
82.0399;0.00190637;90
76.7447;0.00177941;90
78.76;0.0016058;90
76.8049;0.0017348;90
77.1005;0.00162604;90
71.6799;0.00157798;90
66.1709;0.001396;90
60.2493;0.00121517;90
48.7075;0.00121381;90
49.5804;0.000752644;90
52.3662;0.000750067;90
50.5089;0.000839679;90
52.7723;0.000768615;90
49.0593;0.000659263;90
36.2973;0.000780439;90
24.6179;0.000763387;90
-9.72369;0.000828908;90
-10.8386;0.000691333;90
-12.8453;0.00080515;90
-18.7957;0.00110492;90
-19.5045;0.00108422;90
-38.9787;0.00120662;90
-49.3136;0.00124095;90
-52.7956;0.00119902;90
-54.0028;0.00111613;90
-50.9061;0.00111324;90
-39.2937;0.000945846;90
-20.8937;0.000715017;90
0.626158;0.000732044;90
18.0527;0.000758331;90
21.2338;0.000712362;90
28.0388;0.000799882;90
27.6232;0.000847614;90
28.9219;0.000880862;90
24.571;0.000783993;90
25.0576;0.000935;90
25.3792;0.000907591;90
22.7886;0.000679003;90
28.12;0.000708647;90
60.6511;0.00105891;90
-26.9789;0.000681124;90
13.9658;0.000986151;90
27.5746;0.000710733;90
28.0292;0.000700118;90
-2.07591;0.000469308;90
-84.6932;0.00120014;90
-83.8269;0.00106015;90
-87.0445;0.00162917;90
-46.6144;0.000627453;90
-46.2311;0.000987349;90
-46.1291;0.000825354;90
-72.7714;0.00117157;90
-92.4366;0.00169353;90
-61.3433;0.0040558;90
-71.0815;0.00101165;90
-66.093;0.000838981;90
-65.1889;0.000891267;90
-90.8952;0.00147218;90
-57.4895;0.00145501;90
-60.1167;0.000873083;90
-54.8061;0.000813748;90
-47.2906;0.000831515;90
-30.9092;0.000720294;90
-46.7606;0.000690462;90
3.56825;0.000883713;90
-57.0844;0.00108759;90
10.9202;0.00856204;90
20.1585;0.000809593;90
39.8791;0.000998176;90
28.7513;0.000844059;90
-0.844434;0.000882096;90
-27.2786;0.000861847;90
-53.0746;0.0012384;90
-30.8343;0.000835029;90
-1.77604;0.00064531;90
83.4712;0.00197883;90
74.0608;0.00126358;90
75.3372;0.00155256;90
76.3685;0.00113291;90
73.8544;0.00117952;90
72.4259;0.000947209;90
75.7983;0.00125949;90
76.3375;0.000855199;90
81.4799;0.00105969;90
69.5736;0.000982797;90
-52.5696;0.000960846;90
-61.0526;0.00088222;90
-57.4972;0.000696021;90
-110.044;0.00483165;90
-100.56;0.00112404;90
142.759;0.000555212;90
54.0652;0.00127457;90
74.3463;0.00153805;90
-122.688;0.00485132;90
-105.681;0.00107293;90
-93.9484;0.0012199;90
168.379;0.000541092;90
-167.932;0.000741384;90
159.426;0.00076264;90
137.091;0.000697672;90
150.274;0.000738131;90
173.757;0.000717254;90
-144.792;0.000868965;90
-146.289;0.000769369;90
-145.804;0.000784654;90
-174.386;0.000705383;90
-163.012;0.000626331;90
112.289;0.00126556;90
148.373;0.000770423;90
-164.02;0.000900811;90
-158.341;0.000972675;90
-163.361;0.00090802;90
-136.39;0.0018659;90
-100.657;0.00123836;90
159.132;0.000729879;90
139.495;0.000712834;90
-103.942;0.00102932;90
-82.5611;0.0026261;90
-167.415;0.00121622;90
-162.329;0.00223024;90
-121.187;0.00308597;90
-110.08;0.00372227;90
-130.954;0.00302689;90
-142.548;0.00183029;90
-112.396;0.00295271;90
-111.018;0.00294707;90
-131.348;0.00129876;90
103.596;0.00284163;90
103.437;0.00313276;90
95.3009;0.00331217;90
58.0777;0.00109689;90
-26.8405;0.000744172;90
-79.9266;0.00157224;90
101.622;0.0014048;90
67.6045;0.00202363;90
-1.00626;0.000854132;90
-62.1347;0.00204966;90
-103.092;0.00978328;90
57.478;0.00216323;90
56.2088;0.0087995;90
60.9073;0.00146023;90
67.5908;0.00161063;90
45.2086;0.0069905;90
92.0225;0.00410856;90
146.043;0.00469587;90
131.852;0.00163518;90
90;0.001611;90
112.156;0.00158828;90
108.386;0.00183887;90
125.83;0.00100277;90
-115.974;0.00195219;90
-112.007;0.00171064;90
-142.035;0.000837153;90
-130.751;0.00120256;90
-111.989;0.001306;90
-127.479;0.000977855;90
-123.192;0.000926107;90
-116.996;0.000773254;90
-98.605;0.00145033;90
-115.38;0.00151414;90
-89.5207;0.00131505;90
-81.2715;0.00123227;90
-84.3004;0.00103713;90
-156.666;0.000722056;90
-171.514;0.000887719;90
151.285;0.000786755;90
120.177;0.000986724;90
136.042;0.000933535;90
157.461;0.000490462;90
144.98;0.000848642;90
156.894;0.000489248;90
-132.319;0.000589665;90
-108.942;0.00457157;90
143.419;0.000555407;90
-129.938;0.000665153;90
128.266;0.00145323;90
125.778;0.000776541;90
-122.593;0.000970903;90
-161.095;0.000540135;90
101.16;0.0017929;90
112.901;0.000783779;90
120.232;0.00135649;90
131.612;0.000885431;90
115.111;0.000951977;90
113.54;0.00127947;90
116.469;0.000796489;90
140.255;0.000609968;90
125.271;0.00117586;90
139.077;0.000636592;90
156.653;0.000963924;90
143.855;0.000822266;90
99.6206;0.00107106;90
15.6383;0.00169162;90
-26.6477;0.00434111;90
-33.7371;0.00101371;90
-35.0085;0.000855852;90
-61.1041;0.00333181;90
96.233;0.00129868;90
96.9824;0.00169457;90
94.9435;0.00132292;90
120.297;0.00111996;90
129.185;0.000851495;90
105.538;0.00108257;90
96.9878;0.00103569;90
112.603;0.00133992;90
103.729;0.00321073;90
84.7329;0.00128543;90
173.77;0.000460721;90
-161.629;0.000844012;90
-165.079;0.000691309;90
-146.796;0.000719472;90
-135;0.00100975;90
-128.932;0.00105028;90
-149.612;0.000597017;90
-134.131;0.0010728;90
-73.3799;0.00131807;90
-40.8202;0.00772235;90
-97.3851;0.00106584;90
-83.8665;0.00146941;90
-96.0184;0.00127804;90
-94.6739;0.00116588;90
-29.6815;0.00403895;90
60.6762;0.000826962;90
72.508;0.00111454;90
52.9975;0.000950403;90
-48.7142;0.000971484;90
43.4592;0.000894106;90
52.5011;0.00100206;90
-8.31267;0.000532596;90
73.5246;0.00154441;90
93.621;0.00144088;90
105.14;0.00109501;90
106.556;0.00103177;90
116.386;0.000859549;90
104.805;0.0013736;90
108.51;0.0016915;90
35.0333;0.000567892;90
42.3359;0.000867143;90
-9.81184;0.000727643;90
34.1929;0.000663724;90
35.8864;0.000687501;90
-27.4226;0.000627511;90
90;0.001402;90
94.8309;0.00176929;90
97.4125;0.00182929;90
93.1271;0.00168651;90
13.8571;0.000931099;90
-40.2773;0.00115083;90
-35.5377;0.000731198;90
54.6023;0.00128442;90
45.132;0.00122754;90
-44.2462;0.00118238;90
-49.0425;0.000802441;90
-72.3968;0.00111103;90
-93.4838;0.00100386;90
-82.2267;0.000953764;90
-53.0325;0.001174;90
-59.9348;0.00077647;90
-69.7751;0.000971926;90
-67.6473;0.00102286;90
-69.5943;0.00120459;90
-65.3513;0.0012972;90
-88.4842;0.0014365;90
-64.3112;0.000994272;90
-47.1645;0.000898667;90
-64.1311;0.00121472;90
-53.7874;0.00104607;90
-20.7821;0.000563675;90
-54.6312;0.000710044;90
-15.8147;0.00102375;90
-31.0909;0.000850121;90
10.7903;0.00224876;90
55.2231;0.00141835;90
26.1294;0.00117621;90
11.3225;0.000891348;90
15.6665;0.00118502;90
-19.2737;0.000993694;90
-49.0445;0.00119303;90
11.5417;0.000969606;90
39.4934;0.000869511;90
35.2544;0.000822927;90
22.5053;0.000846463;90
-0.628831;0.000820049;90
-44.1186;0.000919348;90
-46.2296;0.00128511;90
2.31614;0.000717586;90
-4.77172;0.000589042;90
87.621;0.00137318;90
77.7007;0.00105624;90
73.6652;0.001536;90
69.3176;0.00127411;90
84.3996;0.00108618;90
71.4658;0.00109478;90
75.8953;0.00121874;90
70.5529;0.000895064;90
81.0851;0.00154871;90
71.6967;0.00123867;90
-54.6308;0.000672031;90
-67.6081;0.000792776;90
-120.65;0.0113832;90
145.991;0.000597144;90
160.385;0.000798328;90
-167.706;0.000742017;90
-131.855;0.000902213;90
-138.078;0.000974385;90
-137.372;0.000871195;90
155.934;0.00101525;90
127.33;0.000672822;90
107.747;0.00105311;90
-159.386;0.000815192;90
-160.73;0.000933287;90
-163.989;0.000844768;90
-167.715;0.000484085;90
-143.514;0.000835819;90
-118.464;0.00202475;90
157.28;0.000706847;90
139.544;0.000767502;90
-41.6469;0.00390496;90
10.9198;0.00328345;90
55.333;0.00167544;90
91.6015;0.00354238;90
74.195;0.00297029;90
-9.28544;0.00143784;90
87.8957;0.00354039;90
80.0315;0.00361051;90
10.7271;0.00163864;90
-11.3789;0.00114042;90
94.8773;0.0169132;90
110.97;0.0291325;90
104.779;0.0175269;90
82.1573;0.0270641;90
76.7958;0.00288939;90
89.4749;0.00414617;90
91.6872;0.00400774;90
88.5427;0.00346012;90
85.3763;0.00339906;90
77.589;0.00348033;90
86.2106;0.00340444;90
82.5815;0.00230025;90
58.6589;0.000859398;90
-21.348;0.00112628;90
88.8229;0.00442993;90
111.615;0.00531259;90
116.121;0.00519678;90
107.568;0.00572501;90
100.526;0.00647597;90
97.8354;0.00657236;90
95.4353;0.0054053;90
96.4996;0.00531818;90
98.5759;0.00514351;90
100.583;0.00542324;90
100.472;0.0051386;90
101.434;0.00550323;90
101.097;0.00537244;90
98.2031;0.00577509;90
92.5298;0.00500688;90
91.9285;0.00680485;90
92.0278;0.0076588;90
94.6206;0.007386;90
105.998;0.00667243;90
100.377;0.00713369;90
88.9742;0.00765223;90
95.7055;0.00786597;90
106.671;0.00768608;90
106.468;0.00771133;90
101.105;0.00613691;90
95.8771;0.0054788;90
95.7212;0.00592853;90
92.414;0.00543682;90
92.5669;0.00553756;90
91.6084;0.00627047;90
90.0366;0.006267;90
89.455;0.00609728;90
90.2215;0.00698305;90
84.0872;0.0071058;90
75.7943;0.00656062;90
81.8181;0.00640823;90
91.1804;0.00631034;90
95.7115;0.00601888;90
97.6502;0.00592675;90
99.2591;0.0059789;90
101.473;0.00600294;90
103.523;0.00582036;90
105.239;0.00609845;90
105.646;0.00605123;90
103.389;0.00787709;90
98.8194;0.00838109;90
93.6445;0.00822764;90
91.7198;0.00786354;90
91.1555;0.00778558;90
91.9069;0.00757319;90
93.8011;0.00793445;90
95.4424;0.00784436;90
93.6247;0.00760822;90
89.8858;0.00602101;90
88.3056;0.00605365;90
91.8324;0.00619217;90
96.6989;0.00612079;90
101.503;0.00587195;90
106.151;0.00525229;90
105.536;0.00533907;90
104.87;0.00579819;90
104.819;0.00559097;90
102.352;0.005745;90
100.075;0.00595076;90
98.2079;0.00603785;90
95.8788;0.00603373;90
95.2106;0.00608916;90
94.9472;0.00606459;90
95.3838;0.00605371;90
94.7976;0.00602611;90
92.0817;0.00608402;90
85.2092;0.006298;90
80.9393;0.00588645;90
80.6901;0.00587235;90
83.2585;0.00591188;90
86.4725;0.00607852;90
94.6405;0.00645215;90
102.98;0.00577454;90
93.4732;0.00592588;90
91.5335;0.00612819;90
90.533;0.00612727;90
90.6431;0.00614739;90
91.0821;0.00545397;90
89.9078;0.00497401;90
91.5474;0.0041105;90
89.6972;0.00359505;90
91.1024;0.00337863;90
90.5487;0.00355016;90
91.136;0.00327864;90
89.7838;0.00318002;90
91.6712;0.00250306;90
89.7817;0.00210002;90
77.1765;0.00343774;90
76.6162;0.00364191;90
67.1271;0.00325711;90
65.813;0.00417118;90
62.5612;0.00422308;90
52.2814;0.00398344;90
47.1448;0.00430788;90
46.2433;0.00423657;90
48.2836;0.0044196;90
74.9965;0.00573242;90
88.5686;0.00624495;90
88.7782;0.00628443;90
86.6957;0.00595089;90
80.1478;0.006306;90
81.1016;0.00557915;90
82.6016;0.00577004;90
86.6833;0.00594596;90
91.0181;0.00624699;90
90.555;0.00588428;90
79.8102;0.00618963;90
79.133;0.00629081;90
78.2687;0.00594621;90
78.3782;0.00626953;90
79.463;0.00609173;90
89.8623;0.00624102;90
89.9628;0.006163;90
89.9014;0.00639501;90
89.0593;0.00627385;90
90.1959;0.00643404;90
90.5775;0.00605231;90
92.747;0.00605095;90
93.6093;0.00617926;90
93.1113;0.00584061;90
93.6901;0.00593531;90
93.8948;0.00566809;90
92.7559;0.00617714;90
89.3892;0.00675438;90
88.6324;0.00624278;90
88.3124;0.00764031;90
89.0314;0.0076901;90
84.4607;0.00782152;90
75.8747;0.00717494;90
61.494;0.00569093;90
41.5894;0.00452855;90
30.3036;0.00428672;90
44.2333;0.00507324;90
63.2362;0.00605799;90
78.9316;0.00734971;90
84.5307;0.00767996;90
71.512;0.00683368;90
52.857;0.00562266;90
60.4962;0.00574844;90
65.0644;0.00481262;90
57.6258;0.00566443;90
54.6559;0.00491974;90
70.1343;0.00671245;90
83.6027;0.00787101;90
81.3796;0.0072054;90
80.4635;0.00761727;90
89.2592;0.00773465;90
95.3463;0.00655753;90
96.519;0.0060159;90
92.9776;0.00616032;90
91.6533;0.00752113;90
88.6153;0.00769725;90
80.7876;0.00765169;90
75.1372;0.00709539;90
75.0114;0.00684385;90
75.8007;0.0070731;90
75.0264;0.00717565;90
80.371;0.00746112;90
83.1159;0.00770052;90
82.9782;0.0076403;90
80.1905;0.00746007;90
73.3353;0.00698121;90
71.9261;0.00687524;90
78.4725;0.00738598;90
83.7866;0.00768716;90
87.3718;0.00780721;90
90.4943;0.00834531;90
94.3132;0.00765869;90
93.0516;0.00666846;90
84.4904;0.00623882;90
76.3251;0.00592187;90
74.669;0.00582841;90
77.6246;0.00615911;90
87.6317;0.0078407;90
93.8497;0.00801308;90
97.5842;0.00800099;90
99.6308;0.00793788;90
98.7303;0.00796529;90
99.2034;0.00796554;90
98.6221;0.00821787;90
96.5412;0.00783903;90
94.3077;0.00786823;90
93.7955;0.00802159;90
90.0517;0.007755;90
84.7231;0.00742647;90
82.6069;0.0077948;90
83.0041;0.00820207;90
86.8609;0.00850977;90
90.4756;0.00831229;90
90.1638;0.00804503;90
89.8836;0.00787802;90
90;0.008131;90
86.3733;0.00795192;90
83.9015;0.00850916;90
83.7325;0.00800585;90
81.2549;0.0081032;90
76.9432;0.00746294;90
73.9579;0.00691529;90
61.3164;0.00600034;90
51.0191;0.00548913;90
52.8801;0.00563725;90
65.8532;0.00706959;90
78.0898;0.00739418;90
84.9885;0.00785302;90
72.161;0.00668858;90
56.9153;0.00572288;90
58.9715;0.00606831;90
67.6045;0.00669821;90
68.9643;0.00664162;90
68.1905;0.00659181;90
68.6662;0.00655304;90
73.4677;0.00640999;90
93.2004;0.00648411;90
104.839;0.00664564;90
115.896;0.00639291;90
129.617;0.00560024;90
147.696;0.00456208;90
162.842;0.00428469;90
144.592;0.00432861;90
128.707;0.00528992;90
116.746;0.00637283;90
109.909;0.00696849;90
112.857;0.00304295;90
124.289;0.0154393;90
127.376;0.00210528;90
139.005;0.011715;90
116.006;0.00174019;90
129.484;0.00250841;90
127.491;0.0119151;90
121.084;0.00220805;90
132.967;0.00888827;90
145.298;0.00155451;90
141.974;0.00684239;90
143.022;0.00422101;90
130.444;0.00583936;90
121.978;0.00629533;90
114.743;0.00689057;90
109.375;0.00741812;90
111.825;0.00718177;90
116.068;0.0068064;90
119.297;0.00649242;90
124.633;0.00640488;90
131.936;0.00553041;90
132.484;0.0056708;90
122.915;0.00641708;90
120.046;0.00668073;90
130.786;0.00587993;90
139.483;0.00535504;90
148.199;0.00495478;90
151.035;0.00484847;90
158.697;0.00465184;90
157.824;0.00466291;90
148.06;0.00493164;90
136.819;0.00550336;90
127.626;0.00610473;90
124.105;0.00635259;90
116.55;0.00699129;90
113.861;0.00726055;90
115.779;0.00704293;90
118.364;0.00686632;90
115.911;0.00708746;90
113.388;0.00734335;90
107.242;0.00791468;90
108.208;0.0078248;90
109.225;0.00770467;90
112.264;0.00742991;90
114.139;0.00723793;90
117.853;0.00688346;90
113.217;0.00733609;90
108.748;0.00775971;90
103.739;0.0164795;90
106.528;0.00847517;90
121.039;0.00654748;90
144.821;0.00508221;90
170.586;0.00446311;90
174.249;0.00440115;90
165.642;0.00449644;90
155.271;0.00473305;90
149.456;0.00491734;90
140.682;0.00527121;90
134.971;0.0055918;90
129.223;0.00597784;90
125.591;0.00621995;90
120.2;0.00667378;90
117.325;0.00694718;90
114.542;0.00718181;90
115.578;0.0070876;90
122.78;0.00646085;90
134.4;0.00560413;90
151.554;0.00482446;90
165.264;0.00450519;90
167.077;0.00448048;90
159.522;0.00462208;90
150.365;0.00490223;90
167.532;0.0044653;90
-172.712;0.00443786;90
-160.612;0.00460302;90
-149.487;0.00490998;90
-146.62;0.0050165;90
-162.969;0.00454429;90
168.737;0.0047566;90
144.297;0.00512526;90
133.109;0.00569956;90
126.408;0.0060536;90
121.576;0.00628681;90
115.366;0.00709615;90
117.902;0.00689791;90
123.787;0.00621459;90
130.747;0.00561646;90
134.008;0.00547383;90
144.387;0.00513304;90
163.661;0.00440072;90
178.845;0.00426587;90
-163.786;0.00436564;90
-146.974;0.00480902;90
-133.411;0.00550765;90
-130.552;0.00564345;90
-137.804;0.00523178;90
-148.049;0.00478844;90
-157.144;0.00461104;90
-173.109;0.00444209;90
179.244;0.00439538;90
-170.82;0.00446316;90
-175.497;0.00441964;90
-179.649;0.00440208;90
175.506;0.00441558;90
173.782;0.00441296;90
172.931;0.00440448;90
175.195;0.00434527;90
-177.807;0.00433718;90
-168.698;0.0043881;90
-163.38;0.00477237;90
-156.904;0.00461162;90
-160.218;0.00458562;90
-172.762;0.00433353;90
175.949;0.00431779;90
167.619;0.00441672;90
173.674;0.00435652;90
178.198;0.00432414;90
167.156;0.00441753;90
157.048;0.004598;90
145.308;0.0049828;90
135.907;0.00544965;90
127.367;0.00595142;90
120.697;0.00651719;90
116.962;0.0068394;90
119.882;0.00657746;90
128.288;0.00591661;90
139.094;0.0052396;90
146.592;0.00489834;90
149.118;0.00483558;90
152.548;0.00473745;90
159.157;0.00458397;90
167.515;0.00439903;90
174.101;0.00434903;90
-177.057;0.0043237;90
-174.897;0.00432816;90
169.331;0.0044021;90
146.294;0.00490688;90
134.993;0.00551331;90
134.39;0.00551362;90
137.04;0.00536327;90
139.785;0.00556027;90
132.006;0.00567238;90
122.515;0.00632907;90
115.966;0.00688389;90
113.126;0.00706035;90
112.434;0.00664811;90
121.602;0.00647876;90
134.375;0.00603269;90
141.898;0.00516319;90
149.632;0.00481457;90
156.077;0.00466582;90
155.217;0.00465909;90
150.324;0.00467177;90
133.367;0.00536063;90
129.64;0.00580598;90
139.895;0.00528723;90
155.754;0.00463156;90
170.549;0.00431153;90
-170.426;0.00438305;90
-155.096;0.00470666;90
-152.184;0.00475322;90
-165.172;0.00438813;90
178.386;0.00433072;90
166.967;0.00439008;90
151.288;0.00482301;90
137.575;0.00522514;90
135.444;0.00529497;90
150.285;0.00481751;90
174.905;0.00432408;90
169.567;0.00449531;90
155.712;0.0048843;90
142.815;0.00531448;90
144.556;0.00528183;90
162.44;0.00455737;90
-179.858;0.00443701;90
178.58;0.00427731;90
155.141;0.00470051;90
137.932;0.0054462;90
140.01;0.00500422;90
149.524;0.00467488;90
160.22;0.00463338;90
177.194;0.00469763;90
-170.114;0.00458406;90
-152.509;0.00489808;90
-145.658;0.0051424;90
-146.979;0.00525004;90
-161.027;0.00481668;90
-178.434;0.00464774;90
165.425;0.0049038;90
149.39;0.00495092;90
135.686;0.00549108;90
124.758;0.0060287;90
116.719;0.00647433;90
110.514;0.00700843;90
110.47;0.00712278;90
113.756;0.00702746;90
119.633;0.00624938;90
122.498;0.00609193;90
124.229;0.00646227;90
120.101;0.00638853;90
113.192;0.00691696;90
112.367;0.00663522;90
120.482;0.00631823;90
134.088;0.00542278;90
150.176;0.00473515;90
173.748;0.00439816;90
-167.027;0.00441879;90
-167.565;0.00430499;90
166.42;0.0041994;90
140.073;0.00493442;90
126.94;0.005739;90
117.608;0.00660957;90
127.381;0.00561022;90
142.58;0.00466382;90
157.127;0.0043685;90
146.843;0.0046203;90
135.624;0.00545495;90
126.111;0.00593532;90
131.685;0.0051847;90
150.727;0.00483665;90
156.496;0.00461378;90
147.001;0.0046895;90
160.285;0.00447321;90
149.801;0.00511523;90
137.55;0.00557823;90
142.779;0.0050885;90
140.803;0.00538464;90
124.175;0.00628775;90
119.636;0.00650377;90
130.597;0.00633741;90
129.035;0.00605592;90
136.477;0.00565025;90
153.753;0.00475977;90
143.904;0.00522628;90
130.98;0.00577004;90
124.102;0.00651179;90
128.691;0.00626116;90
135.252;0.00578985;90
126.34;0.00623207;90
142.997;0.00507761;90
162.465;0.00436796;90
145.467;0.00446832;90
130.839;0.00508761;90
123.616;0.00576029;90
131.413;0.00508558;90
143.074;0.0046872;90
157.72;0.00415953;90
176.619;0.00398494;90
-176.555;0.00394413;90
168.409;0.00395669;90
152.713;0.0043647;90
139.797;0.00492954;90
131.379;0.00519488;90
137.784;0.00487701;90
139.827;0.00474809;90
147.246;0.00446732;90
152.102;0.00461426;90
157.443;0.00412669;90
161.471;0.0042324;90
147.293;0.00455642;90
146.193;0.00460458;90
154.24;0.00426594;90
164.809;0.00465569;90
176.417;0.00446473;90
-173.61;0.00445669;90
-164.715;0.00465051;90
177.533;0.00434503;90
179.856;0.00438301;90
-154.93;0.00485213;90
-161.998;0.00192525;90
-163.009;0.000602289;90
-162.682;0.00076257;90
-172.63;0.000608024;90
-176.047;0.000768829;90
-173.584;0.000751708;90
176.37;0.00132666;90
168.408;0.00159248;90
165.974;0.0013451;90
156.993;0.00157096;90
150.025;0.00184937;90
151.352;0.00195651;90
157.79;0.000806867;90
159.505;0.00143375;90
163.457;0.00164718;90
172.137;0.00121341;90
173.502;0.000963187;90
179.262;0.0011641;90
-168.659;0.000727199;90
-170.703;0.000742758;90
-168.363;0.000927056;90
-166.766;0.00105707;90
-163.9;0.00117196;90
-157.652;0.000486544;90
-158.324;0.000508992;90
-154.353;0.00103275;90
-151.262;0.000896413;90
-156.141;0.000729324;90
-158.6;0.000794796;90
-163.935;0.000726364;90
-165.933;0.00090102;90
-169.41;0.00120248;90
-178.827;0.00122126;90
179.702;0.00153702;90
177.184;0.00154687;90
176.08;0.00184331;90
174.41;0.00213516;90
171.7;0.0026255;90
170.405;0.00263384;90
170.582;0.00317175;90
161.192;0.00354214;90
149.861;0.00322845;90
141.469;0.00367134;90
134.421;0.00406041;90
128.252;0.00432066;90
121.533;0.00491591;90
118.067;0.00506688;90
124.067;0.00442549;90
140.545;0.00389316;90
158.872;0.00319047;90
-177.423;0.00293597;90
-157.117;0.00346142;90
-165.343;0.00362806;90
-177.458;0.00356251;90
170.738;0.00367187;90
171.782;0.00370807;90
-173.074;0.00361539;90
-154.715;0.00394496;90
-145.065;0.00393264;90
-155.736;0.00369875;90
-177.741;0.00345068;90
169.321;0.00377743;90
-175.595;0.00361969;90
-147.638;0.00388783;90
-136.557;0.00431919;90
-146.265;0.00423874;90
-160.406;0.00361111;90
-179.569;0.0034601;90
163.59;0.00332025;90
138.806;0.00422863;90
134.216;0.00392764;90
146.506;0.00348104;90
162.077;0.00332748;90
155.04;0.00373704;90
146.694;0.00343644;90
170.668;0.00339797;90
-159.278;0.00370788;90
-151.58;0.0036476;90
170.734;0.00316125;90
148.898;0.00319417;90
145.644;0.00303192;90
124.403;0.00426015;90
112.554;0.00512062;90
111.587;0.00495773;90
111.502;0.00518376;90
108.517;0.00575282;90
108.386;0.00557352;90
113.165;0.00454005;90
111.904;0.00467229;90
112.599;0.00489485;90
112.344;0.00509775;90
121.85;0.00460306;90
123.512;0.0045408;90
116.946;0.00504244;90
117.089;0.00464898;90
113.557;0.00518185;90
108.541;0.00581797;90
119.298;0.0044835;90
128.676;0.00434616;90
128.724;0.00405552;90
132.539;0.00345811;90
169.07;0.000532663;90
-114.27;0.000982869;90
176.178;0.00100524;90
-111.733;0.00294643;90
-87.0732;0.00231101;90
93.9511;0.00100138;90
44.8833;0.00069438;90
80.9142;0.00505341;90
53.1937;0.0023418;90
-66.813;0.00325601;90
-51.7724;0.00196675;90
-50.236;0.00458705;90
-50.0183;0.00216639;90
-66.2807;0.013827;90
-61.0678;0.00345409;90
-61.8597;0.0128681;90
-54.9361;0.00202441;90
-64.6594;0.0113014;90
-66.6362;0.0039161;90
-70.162;0.0215934;90
-66.781;0.00221435;90
-68.9436;0.00261351;90
-61.9781;0.0133161;90
-31.2434;0.00172169;90
-26.0236;0.00160915;90
3.63123;0.00846299;90
29.1533;0.00129735;90
16.7224;0.00166125;90
-20.5501;0.00897085;90
-24.9911;0.00161192;90
-31.1783;0.0088854;90
-45.6191;0.00202881;90
-46.0738;0.00215069;90
-8.85743;0.00974825;90
17.9877;0.00198502;90
38.1896;0.0110373;90
26.0834;0.00122362;90
11.9189;0.00166081;90
-1.19999;0.0108394;90
27.1726;0.00177151;90
15.1504;0.0156417;90
-12.9307;0.00214951;90
8.52517;0.00910662;90
25.8778;0.0016405;90
-9.63436;0.00771988;90
-39.4537;0.00152175;90
-57.9379;0.00952833;90
-62.7977;0.00221161;90
-59.8239;0.00220825;90
-48.3093;0.011992;90
-35.0133;0.00176553;90
-30.0838;0.00188722;90
-17.828;0.00874703;90
-8.04906;0.00169974;90
-6.88464;0.00706595;90
3.18371;0.00163853;90
11.4758;0.0062326;90
25.1602;0.00171469;90
20.4581;0.00232889;90
-3.06746;0.00947457;90
-18.4053;0.00244824;90
-14.2894;0.00999111;90
17.3904;0.00178667;90
20.1952;0.007824;90
-1.91286;0.00257644;90
6.80602;0.0100921;90
8.70201;0.0027628;90
-7.49465;0.0111704;90
-26.2478;0.0020192;90
-30.5864;0.0125502;90
-19.7409;0.00163722;90
-29.6706;0.0160642;90
-34.8211;0.00181256;90
-46.7796;0.0121815;90
-37.9238;0.00267485;90
-20.0798;0.00946322;90
2.28589;0.00145416;90
7.19675;0.00168427;90
-20.1111;0.0127355;90
-46.1885;0.00204539;90
-54.892;0.0121383;90
-41.7646;0.0053748;90
-26.5335;0.00325258;90
-29.7875;0.00816248;90
-52.1988;0.00204267;90
-48.943;0.0135427;90
-53.6003;0.00221767;90
-49.3759;0.0146891;90
-34.7168;0.0018419;90
-40.168;0.0150008;90
-45.2564;0.00205417;90
-54.0209;0.0218182;90
-33.2681;0.0017701;90
-37.6996;0.0123757;90
-34.0983;0.00303595;90
-26.2157;0.0187775;90
-42.429;0.00215956;90
-51.0852;0.0120733;90
-43.4657;0.00205983;90
-38.7365;0.0024499;90
-30.6381;0.0112261;90
-50.4494;0.00422923;90
-58.404;0.0134274;90
-47.0869;0.00236896;90
-15.5761;0.00980198;90
16.3334;0.00212996;90
-1.30024;0.00987154;90
-28.9572;0.00154289;90
-37.6438;0.00204339;90
-56.3077;0.0139995;90
-70.9403;0.00301636;90
-68.4691;0.00291006;90
-61.2542;0.014127;90
-57.7777;0.00229555;90
-56.1989;0.0115888;90
-63.1582;0.00240738;90
-68.682;0.0119958;90
-71.0507;0.00264219;90
-65.0763;0.0131154;90
-56.654;0.0040186;90
-36.81;0.0137742;90
-11.4322;0.00211394;90
8.38639;0.00853628;90
23.7917;0.00183931;90
33.7087;0.00851936;90
32.3813;0.00190645;90
22.5168;0.00757009;90
5.94461;0.00158352;90
-4.08562;0.0025966;90
-14.2963;0.00438169;90
-24.2103;0.00478923;90
-36.0786;0.00509769;90
-40.9958;0.00549845;90
-33.6246;0.00509437;90
-10.3014;0.00451274;90
-2.90628;0.0080864;90
-24.2519;0.0019501;90
-32.8219;0.00397211;90
-37.228;0.00537531;90
-30.066;0.00498007;90
-12.899;0.00458264;90
-4.71098;0.00451726;90
-31.3394;0.00931154;90
-46.5511;0.00224659;90
-41.6042;0.00421398;90
-32.9958;0.00496715;90
-8.69667;0.00457662;90
-4.89874;0.00457873;90
21.4825;0.00870795;90
30.6803;0.00190692;90
20.486;0.00364022;90
-1.46567;0.00844476;90
-25.3478;0.00168414;90
-30.6341;0.00396426;90
-43.6134;0.00561041;90
-50.7722;0.00608155;90
-42.2737;0.00536665;90
-27.8333;0.0051724;90
-24.3038;0.0095098;90
-33.7514;0.00207347;90
-43.0209;0.0113226;90
-52.3337;0.00221581;90
-62.34;0.00706771;90
-66.5346;0.00654202;90
-66.4447;0.00402869;90
-63.8428;0.00722492;90
-56.7192;0.00663882;90
-48.9345;0.00613163;90
-41.1055;0.00536164;90
-44.3801;0.00588206;90
-45.697;0.00552221;90
-43.9828;0.00573554;90
-25.392;0.00493693;90
-1.14336;0.00476095;90
4.08196;0.00446733;90
-1.05915;0.00481482;90
-11.847;0.00460305;90
-18.7757;0.00457337;90
-24.1614;0.00476657;90
-30.0295;0.00494359;90
-32.4313;0.00496188;90
-43.9573;0.01123;90
-56.3604;0.00252;90
-63.8895;0.00535555;90
-61.691;0.00753859;90
-58.3415;0.0068457;90
-49.6664;0.006571;90
-41.2245;0.00586333;90
-29.3948;0.00539908;90
-17.5238;0.00497173;90
-4.55545;0.00482223;90
-1.54994;0.00521291;90
-12.847;0.00445246;90
-3.53872;0.00494142;90
10.8416;0.00477421;90
18.8655;0.0050503;90
21.4519;0.00508313;90
13.9049;0.00486867;90
6.74736;0.00481737;90
-0.592735;0.00483326;90
-1.52194;0.00478169;90
-7.81507;0.00491263;90
-1.67231;0.00476303;90
-0.263947;0.0091171;90
9.01887;0.00199669;90
2.41317;0.00788499;90
15.543;0.00520225;90
21.3042;0.00198999;90
36.3498;0.00892337;90
46.8995;0.00251727;90
47.8535;0.00384931;90
40.2814;0.0114409;90
21.6958;0.0017123;90
6.60287;0.00334821;90
-14.4521;0.00915572;90
-39.2332;0.00229415;90
-47.2713;0.00453187;90
-46.7038;0.0063024;90
-53.1457;0.0066074;90
-61.8934;0.00751412;90
-64.419;0.00781174;90
-59.2159;0.0072215;90
-50.9087;0.00659416;90
-45.0597;0.00610304;90
-28.7326;0.00520258;90
3.0153;0.00479063;90
27.1618;0.00528143;90
34.9583;0.0055761;90
23.4045;0.00515079;90
11.1734;0.00485605;90
-9.171;0.00485;90
-27.3848;0.00521996;90
-22.1387;0.0051108;90
-13.5645;0.00483075;90
-25.476;0.0100945;90
-41.9764;0.00197062;90
-51.9172;0.00488489;90
-61.7541;0.0072878;90
-65.1936;0.00792746;90
-64.6708;0.00771355;90
-59.3975;0.00712659;90
-54.7868;0.00695951;90
-51.9109;0.0066171;90
-44.6119;0.00605439;90
-39.0635;0.00576342;90
-31.3954;0.0053269;90
-19.6493;0.00510316;90
-11.3397;0.00490271;90
-4.15109;0.00473843;90
-24.5968;0.00527352;90
-61.3588;0.0135545;90
-75.5107;0.00254598;90
-76.4974;0.0169258;90
-71.4814;0.00844424;90
-64.7402;0.0202215;90
-67.7467;0.00334299;90
-68.4175;0.00806871;90
-70.7933;0.00849908;90
-72.7172;0.00853956;90
-69.5028;0.00832186;90
-64.2403;0.0077957;90
-63.6112;0.00770597;90
-64.2015;0.00768829;90
-65.9571;0.00795738;90
-60.2717;0.00729399;90
-57.2497;0.00708531;90
-46.9686;0.00615475;90
-38.7399;0.00581029;90
-28.8464;0.00521283;90
-23.0599;0.00992614;90
-27.5354;0.00190138;90
-34.0202;0.00399474;90
-46.9073;0.0136186;90
-54.8848;0.0025538;90
-58.9891;0.00729229;90
-49.5154;0.00596386;90
-45.3653;0.00288364;90
-50.6724;0.00644573;90
-57.9718;0.0072011;90
-62.9397;0.0076056;90
-67.5954;0.00802583;90
-68.4992;0.00821249;90
-67.3194;0.00791508;90
-50.9845;0.0131304;90
-36.6817;0.00213101;90
-36.5274;0.00354666;90
-38.1271;0.00576119;90
-49.2962;0.00630531;90
-52.6047;0.00665228;90
-53.587;0.00677222;90
-50.0364;0.0124848;90
-43.7908;0.00214443;90
-36.1659;0.0039229;90
-51.6074;0.0127575;90
-60.6966;0.00292991;90
-66.4396;0.00546889;90
-70.3698;0.00832271;90
-59.4565;0.00734171;90
-34.0185;0.010208;90
-13.6252;0.00192724;90
-36.554;0.00420766;90
-51.2613;0.00589994;90
-65.1017;0.00578134;90
-38.4411;0.00335526;90
-71.0527;0.00410227;90
-100.654;0.00596585;90
-109.957;0.0134454;90
-106.345;0.002697;90
-114.787;0.00560539;90
-111.778;0.00730971;90
-117.326;0.012689;90
-106.168;0.00176688;90
-120.908;0.00614222;90
-99.0383;0.0083517;90
-98.952;0.00850864;90
-110.452;0.00761822;90
-127.181;0.00603469;90
-127.411;0.00606067;90
-117.841;0.00673;90
-106.205;0.0078582;90
-102.189;0.00820294;90
-97.4086;0.0089961;90
-95.9575;0.00844964;90
-95.5363;0.00886234;90
-91.0225;0.00896643;90
-89.4707;0.00865937;90
-90.2159;0.00902206;90
-90.269;0.0089471;90
-92.4054;0.00881577;90
-97.1388;0.00874681;90
-96.9777;0.00873369;90
-93.7247;0.00857411;90
-87.7783;0.00866752;90
-86.3555;0.00912445;90
-85.3323;0.00862661;90
-81.71;0.00846141;90
-80.6318;0.00850848;90
-80.8368;0.00872231;90
-81.2308;0.00850745;90
-82.612;0.00881115;90
-85.7658;0.0085734;90
-94.2844;0.00868728;90
-104.599;0.00797447;90
-104.004;0.00830588;90
-94.9444;0.00823765;90
-84.975;0.00853982;90
-88.2788;0.00848983;90
-91.0028;0.0084563;90
-94.5777;0.0083697;90
-99.6685;0.00799658;90
-107.199;0.0150667;90
-100.386;0.00311198;90
-100.379;0.00533428;90
-96.8336;0.0186324;90
-100.882;0.00272805;90
-103.697;0.00302811;90
-104.694;0.00781768;90
-104.563;0.00767973;90
-105.358;0.0077062;90
-101.242;0.0081351;90
-94.0155;0.008554;90
-88.1133;0.00832251;90
-87.4695;0.00856135;90
-81.7441;0.0081828;90
-89.6172;0.00853219;90
-97.1259;0.00802902;90
-100.184;0.00826318;90
-96.3111;0.008251;90
-108.542;0.00744022;90
-126.884;0.0057698;90
-119.948;0.0062979;90
-116.108;0.00677863;90
-120.543;0.0116866;90
-103.709;0.00313943;90
-95.527;0.00676947;90
-101.616;0.00837349;90
-119.378;0.00668003;90
-142.977;0.00522302;90
-145.286;0.00526273;90
-124.728;0.00623336;90
-105.677;0.00796425;90
-95.5806;0.00890521;90
-91.9153;0.00900603;90
-91.8181;0.00888847;90
-90.5577;0.00708834;90
-88.6154;0.00633185;90
-87.1216;0.00591446;90
-86.6438;0.00620063;90
-85.5909;0.00590548;90
-86.994;0.0061785;90
-86.2739;0.00610891;90
-89.774;0.00659205;90
-88.1583;0.00560089;90
-90.9329;0.00614181;90
-90.3261;0.00667611;90
-90.4494;0.00624719;90
-90.1467;0.00625002;90
-98.0212;0.00617744;90
-101.054;0.0116563;90
-100.131;0.00377486;90
-102.222;0.00599897;90
-101.512;0.00239008;90
-94.1349;0.00687891;90
-89.5818;0.0115073;90
-94.4596;0.00259787;90
-95.9833;0.00443214;90
-99.0142;0.00630588;90
-98.868;0.0058641;90
-95.4975;0.00636729;90
-90.3382;0.00643711;90
-91.2586;0.00660159;90
-114.534;0.00902149;90
-135.297;0.00163768;90
-133.217;0.00315876;90
-134.388;0.00396992;90
-128.209;0.00430538;90
-119.403;0.00438136;90
-112.017;0.0041;90
-113.178;0.00324708;90
-105.773;0.00388842;90
-101.269;0.00302431;90
-93.3354;0.00314533;90
-89.2006;0.00322531;90
-89.365;0.00351922;90
-88.6475;0.00368603;90
-87.9085;0.0031511;90
-92.2518;0.00389401;90
-88.3972;0.00436171;90
-89.0728;0.00519068;90
-88.9249;0.00650214;90
-90.1087;0.012123;90
-87.1024;0.00219581;90
-88.1761;0.00515261;90
-83.7326;0.00608235;90
-78.517;0.00616847;90
-88.1507;0.00638332;90
-94.7347;0.00707514;90
-98.1711;0.00810528;90
-99.3993;0.00717027;90
-94.417;0.00672598;90
-86.998;0.00727498;90
-85.3773;0.00800303;90
-84.9183;0.0166635;90
-82.7954;0.00267915;90
-81.6888;0.00527844;90
-80.6893;0.00801662;90
-77.3571;0.00730103;90
-74.0944;0.00633452;90
-75.1159;0.00678568;90
-72.8666;0.0074067;90
-80.7496;0.00800004;90
-86.0576;0.00781048;90
-90.1252;0.015562;90
-86.6533;0.00306623;90
-86.2852;0.00495441;90
-84.3696;0.00781772;90
-86.5857;0.00780786;90
-88.1393;0.0156142;90
-87.1899;0.00257009;90
-89.1587;0.00674273;90
-84.1058;0.00869597;90
-79.4618;0.00790635;90
-75.1269;0.00677499;90
-75.1266;0.00680603;90
-75.9858;0.00756105;90
-78.0601;0.00811558;90
-81.1123;0.00834318;90
-83.3653;0.00829153;90
-89.1785;0.00767179;90
-100.542;0.00800206;90
-101.99;0.00751394;90
-90.5565;0.0160628;90
-80.7967;0.00298239;90
-90.4254;0.0154904;90
-86.3258;0.00321461;90
-87.714;0.00498897;90
-83.6866;0.00825708;90
-78.3489;0.00783851;90
-74.0303;0.00809438;90
-73.8267;0.00801313;90
-87.7888;0.00821612;90
-88.5243;0.0078436;90
-75.3361;0.00688527;90
-78.4737;0.0075819;90
-88.0134;0.0148559;90
-84.9731;0.00269336;90
-88.3462;0.00675681;90
-80.7608;0.00797851;90
-79.1736;0.00776216;90
-78.9705;0.00813323;90
-80.6811;0.00800971;90
-83.2462;0.00723621;90
-82.6441;0.0139417;90
-75.2978;0.00225379;90
-77.1027;0.00379473;90
-66.7523;0.00567257;90
-61.5744;0.00484856;90
-84.2079;0.00601471;90
-93.868;0.00656696;90
-93.8637;0.00583226;90
-96.7311;0.00582717;90
-99.8831;0.00597771;90
-99.2929;0.00533806;90
-95.8036;0.00312502;90
-84.3498;0.0109592;90
-74.374;0.00189712;90
-62.5305;0.0066576;90
-43.6871;0.000586345;90
-89.2277;0.00393236;90
-76.8167;0.00573515;90
-155.723;0.000907225;90
-155.394;0.00158272;90
-177.085;0.000766992;90
-159.288;0.00128933;90
-146.943;0.00145562;90
-153.347;0.00117036;90
-107.469;0.00121923;90
82.9079;0.00129592;90
105.826;0.0013824;90
107.02;0.00137;90
107.42;0.00191063;90
133.742;0.000579967;90
78.8258;0.00206923;90
99.9282;0.00141519;90
-134.221;0.000831635;90
-82.0893;0.00177287;90
-69.2753;0.00167007;90
-72.2016;0.00142311;90
-70.0703;0.00146685;90
-72.9177;0.00164769;90
-98.169;0.00104157;90
-71.7977;0.0351215;90
-65.8336;0.0032805;90
-86.3917;0.0149677;90
170.225;0.00168446;90
175.363;0.00154606;90
-101.167;0.00362463;90
-89.5066;0.00313512;90
-134.777;0.00127209;90
-140.588;0.00145223;90
-94.8978;0.00379486;90
-93.1583;0.00221436;90
-163.361;0.00173568;90
-165.129;0.00208069;90
-157.401;0.00209485;90
165.974;0.00134098;90
103.538;0.00262288;90
47.1099;0.000806649;90
10.9428;0.00192806;90
49.0571;0.00141918;90
18.4736;0.000937299;90
15.6018;0.0011452;90
13.3532;0.00128165;90
-63.5534;0.00173117;90
19.625;0.00120287;90
37.5033;0.00123028;90
30.1933;0.00104589;90
1.45101;0.000908291;90
-35.6445;0.00112226;90
-43.8791;0.00130133;90
-20.416;0.000814141;90
66.3651;0.0011898;90
80.2219;0.00137193;90
73.3123;0.00142084;90
73.7093;0.00127624;90
-33.0272;0.000719217;90
-42.3458;0.000748215;90
72.1213;0.0012052;90
78.6644;0.00087507;90
74.1592;0.000978146;90
87.4142;0.000930948;90
52.8655;0.00090941;90
-105.344;0.00481462;90
160.397;0.000915037;90
146.138;0.000647893;90
-104.17;0.00104169;90
-103.59;0.00115329;90
-107.736;0.00106355;90
-93.9483;0.00127803;90
173.157;0.000730201;90
175.997;0.000845062;90
138.158;0.00091143;90
144.29;0.000770958;90
178.086;0.000808451;90
-150.584;0.00101599;90
-138.423;0.00110152;90
-138.987;0.00108804;90
-140.049;0.00121315;90
104.616;0.00184676;90
104.571;0.0010136;90
-166.426;0.000992731;90
-162.966;0.000918284;90
-173.41;0.000836527;90
-178.977;0.00050408;90
-124.793;0.00110933;90
-117.243;0.000983044;90
-151.86;0.000748471;90
154.097;0.000890462;90
-18.5655;0.00555297;90
-21.5141;0.00114798;90
74.311;0.00193406;90
47.6892;0.00207977;90
25.1417;0.00277269;90
-42.2752;0.00260297;90
-65.2998;0.00138799;90
139.443;0.000556752;90
128.351;0.00266889;90
-173.243;0.00227782;90
-135.084;0.00241336;90
-121.54;0.00221759;90
-171.368;0.0021453;90
-162.1;0.00186424;90
-149.918;0.00212872;90
102.932;0.00225212;90
112.316;0.00173818;90
17.0205;0.000614934;90
-117.547;0.000808681;90
-92.7738;0.00338897;90
-169.37;0.00204917;90
-128.119;0.00289809;90
-110.424;0.00387138;90
-128.8;0.00337211;90
-133.186;0.00283763;90
-109.351;0.0044091;90
-145.9;0.00158926;90
121.821;0.00184536;90
-138.1;0.0038438;90
-129.753;0.00527307;90
-130.012;0.00565991;90
-128.396;0.00556437;90
-130.241;0.00519038;90
-133.96;0.00486923;90
-126.433;0.00569137;90
-124.391;0.00609911;90
-134.798;0.00540728;90
-137.396;0.00500645;90
-121.796;0.00608284;90
-136.377;0.00473686;90
-170.694;0.00397025;90
-179.527;0.00399814;90
-179.518;0.00380713;90
-150.715;0.00418482;90
-126.916;0.0052344;90
-112.527;0.00654109;90
-113.639;0.00686832;90
-113.998;0.00696071;90
-116.115;0.00655188;90
-120.923;0.00630875;90
-126.077;0.00666024;90
-115.177;0.00688509;90
-107.283;0.00812901;90
-99.4543;0.00820039;90
-96.6964;0.00824122;90
-101.501;0.00747815;90
-105.743;0.00697672;90
-106.216;0.00615904;90
-102.863;0.00610008;90
-103.255;0.00563923;90
-98.1081;0.00294948;90
-115.41;0.00277329;90
-110.933;0.00438867;90
-110.947;0.0028279;90
-95.6801;0.00261685;90
-67.3271;0.00465146;90
-63.4851;0.00408351;90
-63.4729;0.00337423;90
-68.0998;0.00204562;90
-105.472;0.00164564;90
-112.097;0.00144083;90
-127.154;0.000927211;90
106.924;0.001247;90
-105.411;0.00714594;90
-119.044;0.00300943;90
-125.28;0.00229929;90
-134.142;0.000755275;90
-130.014;0.00302656;90
-130.509;0.00824543;90
-112.332;0.000781625;90
-132.079;0.0042871;90
-109.427;0.00615756;90
-106.816;0.00651563;90
-116.15;0.00604917;90
-136.07;0.0098793;90
-161.436;0.00363726;90
-148.181;0.00133338;90
-146.775;0.00314636;90
-124.195;0.00981469;90
-122.283;0.00207826;90
-107.21;0.00998085;90
-103.375;0.00153463;90
-112.383;0.00199317;90
-123.335;0.00864905;90
-114.329;0.00111173;90
-117.97;0.0131341;90
-139.011;0.00548857;90
-146.31;0.00803677;90
-143.579;0.00183926;90
-144.356;0.00313172;90
-166.705;0.00724005;90
-178.012;0.00103762;90
-172.427;0.00296688;90
170.521;0.00681911;90
139.436;0.00183762;90
122.492;0.00414008;90
128.44;0.00994053;90
169.137;0.001507;90
-164.045;0.00258664;90
-162.64;0.0157787;90
148.295;0.00123301;90
161.052;0.00720016;90
164.427;0.00145646;90
166.359;0.00302328;90
169.475;0.00474077;90
-171.525;0.00439701;90
-170.28;0.004389;90
-152.612;0.00469981;90
-133.181;0.010469;90
-125.672;0.00242133;90
-124.111;0.00449541;90
-132.856;0.00567072;90
-137.947;0.00524023;90
-132.847;0.0112184;90
-119.633;0.00223077;90
-112.669;0.00410731;90
-111.731;0.00696284;90
-113.972;0.0056241;90
-116.98;0.00524819;90
-110.639;0.00893973;90
-111.5;0.00169709;90
-113.656;0.00448596;90
-120.187;0.00623678;90
-120.556;0.00635556;90
-143.287;0.00539142;90
-164.288;0.00276949;90
-174.912;0.00400277;90
-157.748;0.00420409;90
-139.221;0.00476468;90
-132.109;0.00426221;90
-134.797;0.00399518;90
165.497;0.0077386;90
150.469;0.00242043;90
158.94;0.00324474;90
-169.719;0.00592817;90
-156.785;0.000933589;90
-168.372;0.00222772;90
-161.864;0.00600114;90
149.96;0.000723132;90
-166.319;0.00571207;90
162.812;0.000639564;90
176.295;0.00224369;90
68.6386;0.00125738;90
72.3731;0.00235455;90
68.3081;0.00738066;90
66.7959;0.00137307;90
106.349;0.00600377;90
116.313;0.00203037;90
104.666;0.0051229;90
80.5168;0.00451571;90
91.6422;0.00467592;90
102.101;0.00552884;90
109.587;0.00445054;90
131.337;0.00292208;90
87.8631;0.00469326;90
78.4864;0.00435871;90
67.9836;0.00395868;90
114.212;0.00216768;90
149.219;0.00241523;90
154.954;0.00249678;90
137.509;0.00276249;90
-173.666;0.00215717;90
167.218;0.00220566;90
159.512;0.00227704;90
171.256;0.00236145;90
161.078;0.00204449;90
149.355;0.00200502;90
145.303;0.00219418;90
146.403;0.00222102;90
145.405;0.00202019;90
122.985;0.00241174;90
108.172;0.00295961;90
126.303;0.00260953;90
127.999;0.00218142;90
131.419;0.00245634;90
122.612;0.0024622;90
153.08;0.00122807;90
144.366;0.00152075;90
135.246;0.00181516;90
130.896;0.00187723;90
123.121;0.00217786;90
141.444;0.00155627;90
146.593;0.00185078;90
173.339;0.00157765;90
143.733;0.00207251;90
166.48;0.00180502;90
130.836;0.00235664;90
117.989;0.00269977;90
112.91;0.00326235;90
137.223;0.00258854;90
141.819;0.00285855;90
110.884;0.0034111;90
110.354;0.00324885;90
127.859;0.00282702;90
110.98;0.00384596;90
158.573;0.0023569;90
-174.577;0.00186234;90
126.901;0.0025598;90
147.35;0.00262833;90
117.708;0.00345407;90
108.68;0.00288181;90
110.629;0.00257725;90
98.6272;0.00340654;90
100.377;0.00338639;90
91.3868;0.00363607;90
103.993;0.0035318;90
102.357;0.00242518;90
152.539;0.00105824;90
-117.716;0.00258229;90
-108.29;0.00325969;90
-104.76;0.00224509;90
-92.2429;0.00273409;90
155.715;0.00194513;90
-178.579;0.00177455;90
92.8318;0.00224674;90
93.9281;0.00668571;90
93.771;0.00707031;90
97.8833;0.00692646;90
104.147;0.00577309;90
124.979;0.00442541;90
123.373;0.00361393;90
128.48;0.00193656;90
108.516;0.00492494;90
93.6471;0.00641399;90
93.9103;0.0066575;90
85.3292;0.00702433;90
77.961;0.00645804;90
84.7554;0.00650925;90
93.732;0.00645268;90
97.0737;0.00650451;90
103.621;0.00471356;90
106.552;0.00492822;90
108.737;0.00546354;90
114.923;0.00549359;90
134.789;0.00422428;90
138.596;0.00452095;90
133.093;0.00405892;90
115.153;0.00579004;90
113.559;0.00561175;90
121.437;0.00498701;90
135.395;0.00441599;90
124.882;0.00476147;90
120.562;0.005485;90
114.121;0.00602945;90
100.393;0.00695713;90
100.343;0.00705667;90
117.515;0.0056388;90
126.811;0.0054308;90
135.748;0.00444101;90
137.852;0.00447658;90
153.122;0.00368733;90
154.575;0.00361957;90
155.128;0.00310278;90
153.682;0.00290289;90
138.995;0.00392762;90
134.183;0.00431308;90
141.93;0.00424893;90
147.216;0.00403345;90
149.5;0.0033692;90
-120.813;0.00254762;90
-118.876;0.00411458;90
-117.88;0.0040139;90
-106.509;0.00487393;90
-86.8058;0.00486356;90
-65.9248;0.00325297;90
-88.677;0.00433115;90
-82.4477;0.0042075;90
-100.502;0.00418612;90
-110.692;0.00413472;90
-95.6523;0.00430493;90
-93.2521;0.00408959;90
-111.623;0.00382089;90
-109.31;0.00565197;90
-137.056;0.00335101;90
176.064;0.00437031;90
177.608;0.00306667;90
-157.501;0.00637094;90
-146.929;0.0242723;90
-143.606;0.00343992;90
-140.949;0.00340467;90
-148.198;0.00331697;90
-118.98;0.0046377;90
-106.426;0.00542126;90
-112.247;0.00551235;90
-111.831;0.00572239;90
-105.042;0.00599956;90
-96.4125;0.00621388;90
-99.638;0.00895338;90
-96.8045;0.00148546;90
178.133;0.000675358;90
119.086;0.00251175;90
135.288;0.00224863;90
150.572;0.00181751;90
118.842;0.00199212;90
122.707;0.000840217;90
110.263;0.002359;90
154.903;0.00120474;90
132.361;0.000967641;90
110.997;0.00191731;90
97.1492;0.0023543;90
119.503;0.00276563;90
95.6789;0.00647779;90
51.0706;0.0009294;90
37.6599;0.00126192;90
74.3546;0.00558804;90
79.7578;0.00392555;90
85.6656;0.00369156;90
111.532;0.00399157;90
118.844;0.00311552;90
128.157;0.00304457;90
148.553;0.00257995;90
127.315;0.00311449;90
112.179;0.0035788;90
131.8;0.00225494;90
177.913;0.00112575;90
130.872;0.00137535;90
137.001;0.00119503;90
173.596;0.000797979;90
172.176;0.000793385;90
168.12;0.000709191;90
-9.88141;0.000944004;90
-5.66557;0.000506474;90
-21.0938;0.000511258;90
-38.8061;0.00220206;90
-25.9285;0.00140881;90
-36.1058;0.00203978;90
-67.5835;0.00377095;90
-55.7177;0.00281747;90
-30.4005;0.00223302;90
-45.9123;0.00266472;90
-53.2034;0.0029684;90
-71.0975;0.00399124;90
-80.2452;0.00373602;90
-104.128;0.00421964;90
-98.2438;0.00398922;90
-116.181;0.00333629;90
-117.193;0.00289722;90
-87.637;0.00322574;90
-64.4241;0.00225385;90
-58.7643;0.00205955;90
-80.4496;0.00213966;90
-82.8178;0.00161568;90
-56.6522;0.000882266;90
-46.6898;0.000695388;90
-38.8438;0.000778062;90
-40.7171;0.000965776;90
-59.4748;0.00530992;90
4.73685;0.00053282;90
-52.6236;0.00407216;90
-61.5753;0.00137814;90
-41.2829;0.00116706;90
-94.2764;0.0030174;90
-95.9116;0.00363131;90
-98.9726;0.00450108;90
-98.9185;0.00462492;90
-105.769;0.00433828;90
-118.936;0.00407582;90
-144.881;0.00314807;90
-161.638;0.00273316;90
-166.435;0.00280114;90
-166.243;0.00119426;90
-100.855;0.00338252;90
-72.4188;0.00439321;90
-59.9844;0.00404209;90
-63.2326;0.00455848;90
-70.1191;0.00478732;90
-71.08;0.00470627;90
-74.0871;0.00508069;90
-59.5561;0.0040261;90
-65.1433;0.00216011;90
-41.0138;0.00516731;90
-29.4308;0.00230782;90
-65.4318;0.00450483;90
-73.1663;0.00457191;90
-58.1509;0.00155396;90
-25.9182;0.00816083;90
-16.6078;0.00245961;90
-59.9375;0.00389264;90
-32.8892;0.00317486;90
-24.718;0.00301086;90
-67.1963;0.00445848;90
-76.592;0.00462301;90
-21.5679;0.00255166;90
-46.2627;0.00314456;90
0.739396;0.00271223;90
-19.8365;0.00303828;90
-24.2798;0.00326368;90
-48.4183;0.00394915;90
-51.5648;0.00306774;90
-69.3834;0.00409527;90
-45.887;0.00287756;90
-48.0692;0.00294508;90
-61.4058;0.00337232;90
-81.7506;0.00502499;90
-83.0908;0.00517055;90
-87.1659;0.00515731;90
-85.8767;0.00531275;90
-86.3005;0.00478898;90
-70.4623;0.00484709;90
-58.3301;0.00427218;90
-80.1229;0.00545079;90
-57.7197;0.00379918;90
-55.7838;0.00413824;90
-74.3027;0.00545546;90
-62.6451;0.00418498;90
-14.4529;0.00113388;90
-24.5339;0.00416394;90
-40.9307;0.00299933;90
-43.318;0.00361346;90
-47.5105;0.00353539;90
-49.628;0.00292707;90
-22.0825;0.00215725;90
-47.293;0.00272171;90
-52.3178;0.00307551;90
-67.8974;0.00314405;90
-86.0879;0.0053645;90
-86.9395;0.00543175;90
-82.7275;0.00433689;90
-87.3924;0.00411026;90
-83.0942;0.00473233;90
-86.0499;0.00442752;90
-48.2012;0.00273511;90
-26.0445;0.0026579;90
-40.0379;0.00300018;90
-39.8401;0.00318428;90
-55.0171;0.00410583;90
-33.4095;0.00356871;90
-33.8201;0.00342084;90
-56.2205;0.00391009;90
-62.5941;0.00441895;90
-57.7376;0.00423007;90
-52.8825;0.00374844;90
-27.8665;0.00328832;90
-16.837;0.00286899;90
-15.8619;0.00292331;90
20.6949;0.00217323;90
-6.23968;0.00358826;90
-43.9925;0.0011662;90
-42.3003;0.0020267;90
-14.2637;0.00482577;90
-21.6746;0.00075541;90
-43.6289;0.00121162;90
-38.9552;0.00539197;90
-44.9677;0.00125511;90
-83.588;0.00229234;90
-108.827;0.00101638;90
80.892;0.00127609;90
15.6422;0.00150577;90
-22.5687;0.00198285;90
16.1266;0.00212773;90
17.3131;0.00200274;90
16.8681;0.00188511;90
15.8438;0.00201453;90
14.4712;0.00204488;90
28.7291;0.00196601;90
54.2235;0.00181313;90
46.5131;0.000937243;90
36.7254;0.00166561;90
36.2352;0.00198612;90
41.447;0.00216791;90
84.7399;0.00299963;90
84.0227;0.00245837;90
83.4466;0.00130553;90
-45.9878;0.00172277;90
-51.7184;0.00194019;90
-9.96148;0.00164175;90
46.9858;0.0030813;90
43.5756;0.00290145;90
27.9104;0.00295242;90
22.7521;0.00299939;90
41.6851;0.00387648;90
31.8175;0.00355642;90
40.8001;0.00356278;90
42.116;0.00337293;90
41.7851;0.00339167;90
24.5945;0.00299139;90
-11.3527;0.00236222;90
41.9538;0.00344636;90
32.4234;0.00331237;90
26.2824;0.00326336;90
25.7902;0.00340629;90
25.5622;0.00296414;90
44.2031;0.00376217;90
28.7549;0.00354631;90
26.1327;0.00343738;90
27.7297;0.00314635;90
17.3954;0.00280635;90
24.3768;0.00282263;90
24.7964;0.00320223;90
18.3745;0.00359741;90
18.1276;0.00359651;90
7.84125;0.00373088;90
6.78702;0.00346931;90
17.1224;0.00364453;90
19.7349;0.00370778;90
19.6491;0.00410398;90
-2.45543;0.00350121;90
-23.884;0.00392949;90
-30.8916;0.0043571;90
-9.4093;0.00390859;90
34.4687;0.00436784;90
50.9826;0.00545463;90
39.9699;0.00526631;90
21.877;0.00436106;90
1.00113;0.00406362;90
20.9223;0.0043209;90
54.1424;0.00580771;90
59.6343;0.00611254;90
62.5691;0.00645135;90
69.8171;0.00715324;90
67.3014;0.00683108;90
63.4389;0.00647431;90
67.8163;0.00679066;90
68.4604;0.00690738;90
51.3091;0.00604205;90
46.2248;0.00522671;90
48.5622;0.00534899;90
35.7813;0.00481107;90
54.6101;0.00581554;90
55.3198;0.00582605;90
47.9954;0.00539907;90
44.6668;0.0044994;90
26.1298;0.00241368;90
8.79151;0.00422666;90
1.53987;0.0106428;90
-20.7065;0.00182702;90
-11.7163;0.00395439;90
-23.0861;0.00869644;90
-26.8477;0.00172269;90
14.3974;0.00834921;90
45.6201;0.0034629;90
14.8395;0.00626289;90
-28.9243;0.00123849;90
-43.52;0.00147835;90
-60.1048;0.0104933;90
-44.4108;0.00233782;90
-19.9088;0.00329492;90
1.8131;0.00663732;90
2.39027;0.00110296;90
12.1086;0.00403784;90
25.0589;0.00469602;90
33.7737;0.00189957;90
33.8784;0.00725469;90
32.3706;0.00187899;90
37.7136;0.0045773;90
59.3657;0.00626426;90
62.4882;0.00538608;90
61.8357;0.00466312;90
55.3858;0.00282019;90
55.4757;0.00112394;90
61.0947;0.0058155;90
73.7118;0.00130852;90
73.4674;0.00503934;90
75.4919;0.00132526;90
70.0776;0.00564056;90
64.8131;0.00128298;90
66.6123;0.0011538;90
54.8522;0.00280187;90
48.6432;0.00536364;90
44.5376;0.000963818;90
27.3561;0.00424357;90
21.3232;0.00122377;90
33.4958;0.00769013;90
49.9036;0.00204324;90
61.8803;0.00492877;90
71.5838;0.00674862;90
65.01;0.0124793;90
54.4949;0.00183892;90
46.0476;0.00321009;90
47.931;0.00448043;90
51.2761;0.00279426;90
59.6962;0.00540445;90
43.8331;0.000729178;90
48.846;0.00202406;90
67.7724;0.00371939;90
64.091;0.00117178;90
80.6049;0.00322222;90
113.607;0.00422016;90
116.232;0.00469448;90
106.74;0.00749566;90
54.6797;0.000857914;90
70.0924;0.00337147;90
67.4952;0.00417493;90
79.4142;0.00238967;90
72.2599;0.00474566;90
77.3918;0.00735742;90
74.8275;0.00760717;90
75.9824;0.0133846;90
80.5339;0.00246253;90
83.5808;0.00712869;90
80.9521;0.00827294;90
73.0961;0.00785854;90
65.2714;0.00739624;90
55.2383;0.00609473;90
56.7588;0.00612408;90
62.8778;0.00666827;90
64.9619;0.00669627;90
67.0163;0.00696599;90
67.3957;0.007355;90
53.8348;0.00580564;90
24.3705;0.00426284;90
5.06541;0.0040207;90
9.71644;0.00796932;90
31.9738;0.00153721;90
49.5837;0.00345962;90
56.9394;0.00562944;90
41.6736;0.00545958;90
47.0531;0.00586214;90
57.4699;0.00619256;90
55.7467;0.00609395;90
48.7793;0.00541761;90
44.9342;0.00554019;90
49.3252;0.00574747;90
51.1248;0.00585859;90
51.5403;0.00612736;90
42.2326;0.00938789;90
61.2244;0.00235365;90
64.2041;0.00503026;90
27.0967;0.00409665;90
14.6138;0.00375343;90
26.6946;0.00296727;90
19.1734;0.00125142;90
-119.695;0.00256367;90
-134.262;0.00279825;90
-175.501;0.000611886;90
-161.353;0.000684954;90
120.828;0.00137765;90
-175.893;0.000767972;90
-162.009;0.00142781;90
98.867;0.00284804;90
93.0429;0.00129983;90
2.65114;0.00830189;90
34.2111;0.00329395;90
-41.068;0.00274296;90
59.0158;0.00192696;90
74.7361;0.00285263;90
76.828;0.00200988;90
49.2126;0.0010685;90
-49.7946;0.00141279;90
-48.6484;0.00178907;90
73.4337;0.00144498;90
-163.968;0.00135781;90
130.628;0.000918375;90
133.493;0.00126404;90
-103.18;0.00215784;90
-107.5;0.00282998;90
-104.849;0.00264948;90
-103.748;0.00106038;90
130.232;0.00285812;90
-165.331;0.00265762;90
-122.37;0.00255147;90
-150.067;0.00165935;90
-158.967;0.00199492;90
-160.778;0.00207149;90
-155.88;0.0019185;90
98.996;0.00292903;90
99.4479;0.00130368;90
143.188;0.0065088;90
87.3776;0.00183592;90
114.594;0.00174203;90
105.306;0.00176148;90
179.911;0.000641001;90
-116.402;0.0018868;90
-116.449;0.00154244;90
-140.581;0.000966957;90
-119.454;0.00149067;90
-119.267;0.00123344;90
-106.69;0.00115255;90
-116.074;0.00119902;90
-112.612;0.00108977;90
-113.703;0.00159452;90
-91.6116;0.00124449;90
-80.934;0.00130733;90
-83.8534;0.00111139;90
-83.1319;0.00107874;90
12.9224;0.00101059;90
-26.4718;0.000549626;90
-49.361;0.00115309;90
-62.9012;0.000720045;90
-88.1506;0.00105355;90
-67.1273;0.000854162;90
-94.9993;0.00218029;90
-86.7729;0.00154545;90
-67.4029;0.000775539;90
-40.1504;0.00121279;90
-61.7378;0.00120801;90
-37.6922;0.0010173;90
-34.3265;0.00092391;90
-44.8406;0.00101682;90
-12.1771;0.000971867;90
-5.2538;0.000524202;90
-8.56286;0.000617888;90
24.77;0.000785245;90
23.1109;0.000771951;90
-59.754;0.000794101;90
-88.4204;0.00221284;90
-127.698;0.000623065;90
-104.921;0.00106801;90
-93.3681;0.00207659;90
-96.0043;0.00128103;90
-103.816;0.00151586;90
-78.6699;0.00166954;90
-77.1372;0.00195403;90
-79.7503;0.00195012;90
-85.5533;0.00192178;90
-55.058;0.00215802;90
-67.3116;0.00231516;90
-45.4516;0.00125586;90
-56.8349;0.00124119;90
-33.4512;0.00119733;90
-46.1763;0.00137773;90
-30.4675;0.00150479;90
6.35831;0.00104744;90
53.7808;0.00186672;90
66.6813;0.00187952;90
66.1127;0.00178051;90
69.7464;0.00177367;90
82.72;0.00192552;90
77.8437;0.00188527;90
81.2675;0.00127781;90
84.5017;0.00163854;90
76.6211;0.00156446;90
83.0873;0.00120476;90
84.6393;0.00184105;90
93.8436;0.00193936;90
99.9172;0.0021948;90
104.443;0.00188043;90
109.847;0.00172017;90
111.264;0.00152481;90
107.559;0.00181979;90
97.1715;0.00152997;90
91.2407;0.00106225;90
102.764;0.00163849;90
119.299;0.00106872;90
132.366;0.00104621;90
123.041;0.000832658;90
103.336;0.00188586;90
123.316;0.00072279;90
125.317;0.000937544;90
121.868;0.000750057;90
-123.164;0.00111694;90
-162.188;0.000552483;90
-163.684;0.0006158;90
-165.663;0.000646124;90
-179.031;0.000591085;90
118.707;0.000945176;90
-179.233;0.000523047;90
-160.914;0.000556597;90
92.3229;0.00113493;90
96.1271;0.00157399;90
117.422;0.000927177;90
75.3432;0.000873422;90
-11.6812;0.0075371;90
83.6533;0.00193586;90
32.7564;0.0027575;90
-16.9205;0.00270406;90
-46.1654;0.00177308;90
-72.4782;0.00378984;90
-3.21183;0.00228459;90
20.1956;0.0025114;90
-8.90556;0.00248698;90
-25.5023;0.00253166;90
-30.1555;0.00249229;90
-28.2157;0.00228218;90
-3.30745;0.00216661;90
47.5325;0.00278448;90
25.559;0.00226683;90
-56.4918;0.00297071;90
-51.5563;0.0021118;90
-79.3209;0.00331339;90
-72.6355;0.00391021;90
-70.5414;0.00428367;90
-72.3922;0.00451241;90
-59.218;0.00492015;90
-51.6025;0.00474149;90
-63.0331;0.00548432;90
-65.466;0.00273822;90
-60.5124;0.01185;90
-55.0995;0.0022057;90
-61.3079;0.00224119;90
-61.3505;0.0119512;90
-43.7875;0.00350874;90
-45.6794;0.00924324;90
-46.3697;0.00150869;90
-46.0972;0.00524345;90
-50.4818;0.00148038;90
-64.4337;0.00318151;90
-83.1921;0.0141639;90
-84.0067;0.00229856;90
-83.5685;0.00616882;90
-74.0108;0.00269735;90
-50.6013;0.00405695;90
-40.0831;0.00570898;90
-50.6205;0.00111907;90
-57.3162;0.00113703;90
-61.8235;0.00758595;90
-57.2169;0.00143685;90
-50.3873;0.0014837;90
-58.5025;0.0101998;90
-47.0536;0.00177598;90
-46.8226;0.00762576;90
-44.8193;0.00134492;90
-66.4489;0.00834403;90
-69.2692;0.0019182;90
-48.1804;0.00861593;90
-32.0651;0.00152576;90
-31.0962;0.00675346;90
-45.3584;0.0044089;90
-61.2025;0.00188286;90
-60.3698;0.00768608;90
-37.2138;0.000866416;90
-71.9941;0.000802292;90
-81.1631;0.0113264;90
-83.034;0.00223449;90
-79.184;0.01199;90
-89.0541;0.00417957;90
-92.594;0.0167702;90
-92.2408;0.00478266;90
-98.1648;0.017758;90
-96.8919;0.0037501;90
-93.1574;0.0153052;90
-106.311;0.00419796;90
-97.7049;0.0117773;90
-99.034;0.00233091;90
-105.002;0.0143097;90
-112.729;0.0023397;90
-117.083;0.0102814;90
-105.392;0.00153714;90
-94.7918;0.00913392;90
-86.8713;0.00174059;90
-77.345;0.00137849;90
-68.0219;0.00258916;90
-64.6892;0.00239048;90
-83.51;0.00806871;90
-95.6602;0.00135862;90
-105.796;0.00242456;90
-68.8344;0.0181408;90
-44.6359;0.00178053;90
-71.8564;0.00964033;90
-77.3157;0.00531471;90
-70.7631;0.00183019;90
-69.9834;0.00934872;90
-45.1107;0.00109814;90
-29.0418;0.00392215;90
-40.2532;0.000999742;90
-52.1622;0.00134979;90
-53.8517;0.00898831;90
-71.2535;0.00279107;90
-77.5023;0.0183826;90
-88.3551;0.00372754;90
-99.002;0.0133828;90
-84.0743;0.00280901;90
-90.5613;0.0116376;90
-96.4157;0.00276532;90
-106.496;0.0025145;90
-104.295;0.0132719;90
-97.4691;0.00223093;90
-107.822;0.00603144;90
-110.716;0.0047437;90
-116.242;0.0111725;90
-93.6825;0.00208631;90
-104.221;0.0105101;90
-125.691;0.00251793;90
-129.37;0.00979613;90
-93.7374;0.00457172;90
-100.255;0.0160474;90
-95.5872;0.00360513;90
-86.3848;0.00762818;90
-66.8144;0.00116075;90
-75.8417;0.00535156;90
-82.5629;0.00129792;90
-82.8098;0.00185358;90
-94.3421;0.00916631;90
-100.663;0.00220507;90
-110.897;0.00271669;90
-128.484;0.00493496;90
-96.5569;0.00140117;90
-85.0916;0.0035179;90
-77.0433;0.00623063;90
-55.9105;0.000795737;90
-72.4744;0.00191279;90
-60.7396;0.00500225;90
-63.0598;0.00122942;90
-24.8806;0.00330142;90
-34.2326;0.000673714;90
-66.8907;0.00480018;90
-40.3057;0.000630734;90
-37.6251;0.00080427;90
-43.5891;0.0051981;90
-72.4955;0.0010905;90
-60.32;0.00109461;90
-65.9639;0.0026859;90
-89.5457;0.00870227;90
-99.2966;0.00125042;90
-109.953;0.00177877;90
-101.787;0.00384303;90
-89.4629;0.00320014;90
-51.0333;0.0035858;90
-36.9245;0.0006292;90
-37.0478;0.000966005;90
-89.8457;0.00259901;90
-84.5073;0.0025909;90
-50.8483;0.00187369;90
-51.0879;0.00354705;90
-72.0603;0.000951249;90
-65.0328;0.00327175;90
-71.2726;0.00117733;90
-69.6613;0.00178957;90
-55.3761;0.0044246;90
-40.5563;0.00110428;90
-34.4921;0.00358649;90
-28.9183;0.000653483;90
-40.3463;0.00538611;90
-46.4029;0.00103976;90
-9.87743;0.0027457;90
-0.491375;0.000583021;90
153.498;0.00691795;90
147.295;0.000806931;90
138.035;0.000975053;90
141.517;0.00469726;90
148.257;0.00288916;90
115.301;0.00328514;90
108.073;0.00285275;90
116.575;0.00248114;90
117.719;0.0026637;90
128.171;0.00162942;90
127.07;0.00182981;90
139.676;0.00107555;90
88.2942;0.00255313;90
86.4526;0.00247274;90
148.293;0.00150691;90
146.129;0.0021137;90
110.313;0.0026242;90
86.2536;0.00512696;90
71.2467;0.00443864;90
91.7694;0.00505241;90
90.4048;0.00495412;90
122.242;0.0032821;90
131.624;0.00196917;90
144.627;0.0020591;90
128.98;0.00234639;90
116.171;0.00286358;90
120.302;0.00261416;90
154.526;0.0019019;90
153.866;0.00178443;90
123.499;0.00273774;90
112.038;0.00309947;90
116.381;0.00236085;90
115.334;0.00268524;90
107.659;0.00277895;90
89.7231;0.00331104;90
93.2254;0.00271931;90
64.7989;0.00191641;90
48.5087;0.0019064;90
57.0229;0.00236265;90
65.9178;0.00267372;90
84.1415;0.00346811;90
86.3991;0.0033436;90
81.7423;0.00311227;90
95.7382;0.00268043;90
102.851;0.00323709;90
103.037;0.00296133;90
116.154;0.00243201;90
97.042;0.00376843;90
85.8393;0.00494804;90
76.3506;0.00452582;90
79.6565;0.00503482;90
79.6291;0.00621046;90
83.4623;0.00583192;90
56.2517;0.00382327;90
39.7791;0.00332589;90
67.247;0.0042714;90
53.5604;0.0036483;90
72.0244;0.00453643;90
89.2653;0.00561546;90
69.8447;0.00605691;90
63.7452;0.00644265;90
69.1486;0.00592505;90
73.0708;0.00577631;90
78.1567;0.00585667;90
76.4205;0.00574973;90
71.9873;0.00592121;90
82.7923;0.00687835;90
94.9244;0.00760708;90
84.6819;0.00704533;90
80.8464;0.00646837;90
88.1192;0.00606327;90
93.9892;0.00631029;90
96.2509;0.00602482;90
120.742;0.00460511;90
110.443;0.00208427;90
126.005;0.00896822;90
140.622;0.0083508;90
115.27;0.0023941;90
106.698;0.00783435;90
106.057;0.00550267;90
89.2082;0.00607858;90
113.899;0.00411479;90
147.312;0.00318669;90
124.836;0.00433973;90
119.786;0.0045455;90
116.258;0.00450261;90
95.7516;0.00528862;90
80.3528;0.004738;90
90.7785;0.00448941;90
100.738;0.00438479;90
119.967;0.00355759;90
99.4499;0.00532324;90
81.6072;0.00564546;90
74.6368;0.0048804;90
64.0953;0.00488926;90
62.7088;0.00469344;90
64.2061;0.00521677;90
71.8242;0.00594356;90
79.8135;0.0059315;90
83.711;0.00605242;90
83.6145;0.00641983;90
76.6974;0.00596711;90
81.6945;0.00609897;90
88.5714;0.00613691;90
85.2855;0.00580364;90
82.7182;0.00625646;90
83.2206;0.00610771;90
84.0782;0.00629057;90
87.1817;0.00642677;90
92.2134;0.00592942;90
86.5064;0.00613741;90
84.8664;0.00613561;90
99.4358;0.00639857;90
103.254;0.00593613;90
102.357;0.00574304;90
99.4381;0.00543963;90
92.2804;0.00268913;90
137.031;0.000798118;90
126.342;0.00498821;90
115.954;0.00587448;90
142.052;0.00426215;90
149.297;0.00373099;90
149.373;0.00364904;90
144.694;0.00405231;90
119.883;0.00519236;90
110.838;0.00549012;90
114.922;0.00433573;90
140.728;0.00347866;90
125.379;0.00386711;90
134.234;0.00354363;90
122.789;0.0043394;90
116.727;0.00489388;90
122.168;0.00452102;90
121.097;0.00384912;90
124.281;0.00293119;90
130.156;0.00340841;90
139.053;0.00323178;90
137.803;0.0033111;90
114.584;0.0048507;90
97.8211;0.0060846;90
92.6995;0.00598764;90
92.8041;0.00686822;90
106.677;0.00536986;90
122.84;0.00405863;90
138.513;0.00328928;90
135.53;0.00397694;90
131.768;0.00397531;90
136.729;0.0036093;90
136.766;0.00378553;90
125.377;0.00394674;90
117.258;0.00465718;90
116.994;0.00388192;90
115.895;0.00313473;90
125.343;0.00466225;90
118.378;0.00520102;90
114.164;0.0061707;90
116.743;0.0053402;90
126.474;0.00462611;90
121.977;0.00476978;90
109.332;0.00418073;90
108.684;0.0040019;90
107.817;0.00399039;90
103.343;0.00234428;90
84.2894;0.00190948;90
58.2884;0.00353472;90
79.8036;0.00444012;90
97.3148;0.00434335;90
104.695;0.00424174;90
104.045;0.00499842;90
104.469;0.00535898;90
110.254;0.00487015;90
123.526;0.00329521;90
137.499;0.00179988;90
151.321;0.00113983;90
145.369;0.0027539;90
147.566;0.00284713;90
147.768;0.00211492;90
-132.67;0.0407822;90
123.655;0.00180444;90
110.635;0.00127692;90
95.9327;0.00125774;90
116.098;0.00131619;90
111.195;0.00161527;90
107.065;0.00156071;90
127.541;0.00100767;90
131.048;0.00105681;90
-128.054;0.00106423;90
-106.64;0.00112094;90
-92.7047;0.00226753;90
-94.3524;0.000948736;90
-99.8558;0.000981485;90
-116.617;0.00147312;90
-102.525;0.00160008;90
-107.877;0.00116947;90
-121.489;0.000729414;90
-114.123;0.0012699;90
-114.673;0.000785735;90
-101.233;0.00189939;90
-84.3277;0.0010421;90
-82.8213;0.00119235;90
-151.638;0.000884129;90
177.978;0.000878547;90
151.39;0.000964807;90
120.923;0.000971025;90
147.946;0.000748041;90
150.892;0.00113883;90
-123.55;0.0048872;90
-128.738;0.000914086;90
126.439;0.000983228;90
129.622;0.000920462;90
-144.604;0.00103414;90
115.116;0.00104368;90
104.623;0.00104175;90
117.568;0.00158383;90
124.439;0.000721449;90
118.804;0.00151095;90
113.691;0.001329;90
119.951;0.000863287;90
148.16;0.000773378;90
119.632;0.00100319;90
143.523;0.000815819;90
154.145;0.000974553;90
123.638;0.000915256;90
93.8928;0.00101634;90
10.0002;0.00171607;90
-48.8974;0.000905069;90
-18.6155;0.0030105;90
-24.9242;0.000859002;90
-32.3267;0.000699398;90
-43.0714;0.000903487;90
-54.4347;0.00216976;90
95.0928;0.00163345;90
96.1575;0.00145439;90
124.287;0.00114496;90
132.944;0.000827848;90
104.977;0.00104862;90
93.5867;0.00103904;90
115.355;0.00129139;90
105.976;0.00256507;90
73.6918;0.0016702;90
167.83;0.000901255;90
-162.534;0.000579728;90
-158.39;0.000610941;90
-144.542;0.000665402;90
-144.686;0.000626231;90
-134.654;0.000819552;90
-134.759;0.000839343;90
-151.541;0.000933845;90
-103.589;0.00105555;90
-53.5515;0.00106043;90
-36.3211;0.0064527;90
-69.1585;0.000986552;90
-95.2452;0.000918848;90
-82.6027;0.00130486;90
-90.8412;0.00129414;90
-97.5005;0.00128701;90
-33.3518;0.0040871;90
65.4029;0.00114599;90
72.7585;0.00118421;90
-10.9887;0.000629543;90
2.29414;0.000649521;90
46.0468;0.000851499;90
51.3614;0.000842401;90
-4.4728;0.000474445;90
74.858;0.00133225;90
96.5803;0.00137003;90
103.012;0.000963748;90
108.67;0.000846549;90
108.125;0.000993286;90
107.368;0.00123951;90
111.681;0.00150766;90
68.5682;0.000834718;90
41.8949;0.000691859;90
15.3321;0.000782863;90
-6.61469;0.00066845;90
50.0902;0.000844789;90
-17.7215;0.000660335;90
85.0802;0.00134094;90
96.0921;0.00147935;90
97.8846;0.00174954;90
96.0406;0.00152044;90
57.8174;0.000959409;90
-21.4745;0.00113907;90
-37.8422;0.00107255;90
38.2793;0.000870063;90
71.2294;0.00145752;90
-22.2745;0.000944479;90
-47.3545;0.000912231;90
-43.9511;0.000811187;90
-88.0946;0.00204513;90
-80.6224;0.000889893;90
-53.5243;0.000930222;90
-55.9773;0.0010509;90
-68.0016;0.00140424;90
-70.308;0.00110991;90
-65.6402;0.00112737;90
-69.8486;0.00130914;90
-95.7106;0.00157783;90
-40.0892;0.000982951;90
-59.0025;0.0011631;90
-56.5369;0.00105006;90
-39.1984;0.000797458;90
-40.9942;0.000759166;90
-39.4725;0.000616636;90
3.97938;0.000806945;90
-42.2678;0.00461346;90
18.5466;0.00162225;90
18.6446;0.00164218;90
-15.7751;0.00106304;90
52.2234;0.00122595;90
93.1933;0.00165156;90
31.7419;0.00251286;90
7.28868;0.0023883;90
-43.2035;0.0020976;90
70.1858;0.00266689;90
75.3426;0.00250554;90
77.3766;0.00144595;90
75.6678;0.00112708;90
76.1409;0.00109796;90
76.3824;0.00126146;90
80.8226;0.00181828;90
-95.5962;0.00179455;90
-100.783;0.00236781;90
-109.01;0.00163941;90
-68.8728;0.000962711;90
-116.511;0.00286977;90
-104.914;0.00237397;90
-167.402;0.00071522;90
142.139;0.00258899;90
-151.356;0.0024783;90
-128.551;0.00197685;90
-159.6;0.00270249;90
-160.308;0.00395;90
-167.072;0.00349972;90
-123.499;0.00481593;90
-121.126;0.00526966;90
-143.609;0.00461996;90
-128.123;0.00533247;90
-129.158;0.00519594;90
-129.427;0.00521339;90
-130.512;0.00548488;90
-128.008;0.00550689;90
-131.962;0.00370904;90
-133.15;0.00365836;90
-128.836;0.00248286;90
-124.031;0.00279463;90
-124.343;0.00336087;90
-126.452;0.00394851;90
-134.396;0.00355482;90
-135.842;0.00322263;90
-136.22;0.00335457;90
-123.615;0.00423042;90
-122.447;0.00397564;90
-153.75;0.00333045;90
-171.855;0.00319018;90
179.453;0.00304014;90
179.589;0.00264807;90
-170.415;0.00336904;90
-139.776;0.00520612;90
-116.282;0.00705756;90
-112.83;0.0075592;90
-113.996;0.00706458;90
-115.337;0.0066762;90
-120.459;0.00622393;90
-125.781;0.00583906;90
-123.514;0.0027982;90
-110.874;0.0136927;90
-102.72;0.00270232;90
-99.3997;0.00481262;90
-96.1471;0.00701333;90
-99.1167;0.00703082;90
-103.792;0.00670326;90
-107.85;0.00969573;90
-101.316;0.00567737;90
-102.958;0.00484745;90
-102.433;0.00319083;90
-88.0367;0.0010216;90
-116.288;0.00277499;90
-110.907;0.00327031;90
-110.913;0.00307883;90
-102.311;0.00153837;90
-88.1641;0.00299654;90
-65.7361;0.00389837;90
-63.7075;0.0033841;90
-64.5677;0.00309935;90
-59.8764;0.00180127;90
-91.551;0.00166261;90
-129.618;0.00125144;90
-169.187;0.003774;90
-34.2722;0.00483197;90
-18.6426;0.0023556;90
46.8689;0.000737197;90
63.8786;0.00121288;90
110.535;0.00292486;90
126.723;0.00202361;90
94.8101;0.00122833;90
79.5121;0.00235128;90
72.0232;0.00173994;90
51.5138;0.00190736;90
81.9784;0.00141888;90
71.5851;0.00090536;90
44.191;0.00110178;90
52.0042;0.00145548;90
63.9938;0.00220084;90
116.32;0.00230496;90
125.187;0.00283382;90
123.587;0.00293742;90
122.046;0.00265922;90
130.405;0.000759044;90
126.027;0.00195861;90
108.798;0.00144614;90
73.981;0.00492108;90
76.6455;0.00670634;90
75.1872;0.00737303;90
73.9173;0.00704991;90
78.3679;0.00756844;90
82.4948;0.00846754;90
81.1793;0.00852988;90
74.2685;0.00754252;90
65.5523;0.00641519;90
57.4201;0.00553972;90
55.4115;0.00601397;90
60.7333;0.00637586;90
65.6219;0.00669161;90
66.1775;0.00643965;90
67.211;0.00653949;90
64.616;0.00648732;90
47.9907;0.00309002;90
18.1661;0.00566117;90
3.41132;0.00405018;90
9.89759;0.00393862;90
20.966;0.00379527;90
50.354;0.00478181;90
53.6486;0.00530422;90
43.3958;0.00429382;90
45.3394;0.00429787;90
53.0169;0.00485721;90
56.6525;0.00556652;90
55.2691;0.00577122;90
48.3612;0.00537902;90
45.2485;0.00538043;90
49.2698;0.00626822;90
51.312;0.00571768;90
61.9316;0.00499441;90
89.4698;0.00324214;90
79.9365;0.00227195;90
-51.2368;0.00173135;90
-74.4588;0.000895751;90
-74.6418;0.0017557;90
33.5494;0.00316291;90
44.2157;0.00402947;90
67.5531;0.00494464;90
41.8051;0.00357786;90
13.8843;0.00301715;90
15.7512;0.00291756;90
24.8856;0.0027162;90
46.6774;0.00147353;90
37.2226;0.00224164;90
3.39795;0.00224394;90
-45.7992;0.00207839;90
-66.5818;0.00133605;90
73.4557;0.00081473;90
-92.734;0.00142562;90
-74.3624;0.000946016;90
-52.5745;0.00239251;90
14.7845;0.00178303;90
50.463;0.00161175;90
80.2409;0.00317393;90
74.4558;0.00258972;90
74.45;0.00224933;90
97.0409;0.00118292;90
119.454;0.00141947;90
-160.195;0.000661105;90
175.592;0.000455347;90
12.9133;0.00137374;90
75.2346;0.00146746;90
-38.5422;0.000760724;90
18.4623;0.00066313;90
74.8311;0.000932489;90
120.944;0.00100738;90
130.916;0.00138024;90
131.179;0.00081711;90
131.616;0.00111422;90
131.276;0.00138249;90
12.7274;0.00175205;90
-52.373;0.00125631;90
77.2823;0.0013491;90
132.305;0.00087212;90
88.6989;0.00149739;90
71.1601;0.00170008;90
70.6342;0.00214114;90
75.9039;0.0025539;90
100.02;0.00160346;90
-76.6004;0.0018771;90
-108.317;0.00246279;90
-107.074;0.00216962;90
-105.445;0.00243701;90
146.935;0.00134717;90
131.023;0.00178408;90
131.018;0.00180252;90
-90.253;0.00770108;90
-102.857;0.00106059;90
-100.928;0.00102865;90
-102.376;0.00170768;90
-102.682;0.00227756;90
-106.321;0.00230592;90
-107.15;0.00265192;90
-118.745;0.00129338;90
137.677;0.00275507;90
-156.7;0.00236378;90
-124.395;0.0022553;90
-120.403;0.00194437;90
175.608;0.00189356;90
-159.113;0.00224664;90
-152.262;0.0021851;90
102.308;0.00230805;90
102.595;0.00187103;90
-34.6328;0.00453446;90
20.9329;0.00169058;90
-13.2307;0.00167342;90
72.6303;0.00195621;90
47.9532;0.00207245;90
26.0416;0.00279028;90
-42.9424;0.00259959;90
-67.0549;0.00172118;90
-67.5395;0.00298655;90
-4.79884;0.00175716;90
30.0262;0.00141488;90
75.9546;0.00152458;90
77.9797;0.00257854;90
74.5298;0.00221941;90
98.8632;0.0014149;90
-122.755;0.00401074;90
56.0793;0.000758004;90
-38.2902;0.00123458;90
-92.3509;0.00333981;90
-124.033;0.00115962;90
-157.794;0.00155319;90
165.497;0.00145745;90
112.553;0.00318346;90
123.411;0.00238995;90
164.418;0.0025985;90
-136.528;0.00296949;90
-117.899;0.00230601;90
-178.514;0.00188964;90
-159.55;0.00226686;90
-154.167;0.0022765;90
99.3447;0.00312244;90
85.7061;0.00121541;90
117.674;0.00707088;90
87.17;0.00247101;90
65.1637;0.00222366;90
88.7817;0.00197545;90
119.453;0.00202353;90
117.009;0.00213372;90
118.295;0.00269614;90
138.312;0.00216666;90
156.934;0.00199337;90
-171.622;0.00199024;90
-161.309;0.00205329;90
91.1674;0.00412286;90
90.6219;0.00285617;90
130.613;0.00166375;90
124.461;0.00144207;90
-99.0918;0.00144921;90
15.8222;0.00274708;90
60.0145;0.00248109;90
45.747;0.00211514;90
27.5074;0.00160437;90
7.21968;0.00172669;90
-23.5288;0.00808848;90
-42.1901;0.00188954;90
-21.7777;0.00179512;90
-64.4225;0.00243902;90
-70.9567;0.00211473;90
-69.6965;0.0026283;90
-73.7317;0.00255948;90
-73.682;0.00289356;90
-64.4064;0.00226859;90
-50.4068;0.00183107;90
-17.1921;0.00141419;90
-10.602;0.00139685;90
-37.9489;0.00135944;90
-48.0004;0.00171567;90
-35.6079;0.000853607;90
-100.487;0.00137903;90
-105.892;0.00192456;90
-73.8968;0.00119696;90
-121.253;0.00190434;90
-106.689;0.00260471;90
-95.5649;0.00152619;90
-137.39;0.000813881;90
-106.592;0.00163195;90
-92.3795;0.00110796;90
-142.056;0.000874954;90
68.1147;0.0025379;90
73.359;0.00113138;90
125.447;0.00286748;90
-167.919;0.00231732;90
-133.827;0.00217622;90
-113.685;0.00226039;90
168.168;0.00135581;90
-157.272;0.00179108;90
-161.448;0.0018512;90
-151.743;0.0016666;90
98.0051;0.00213985;90
106.537;0.00166174;90
-12.6011;0.00644935;90
14.7297;0.00126249;90
85.6083;0.00189356;90
34.1698;0.00235201;90
9.59642;0.00217747;90
-43.1401;0.00169937;90
-52.1726;0.000634289;90
51.9369;0.000854785;90
75.0168;0.00292029;90
79.3102;0.00215642;90
70.8994;0.00204139;90
-33.4984;0.000663148;90
-47.2166;0.00122492;90
-49.0874;0.00163687;90
68.3701;0.000930524;90
81.551;0.00114341;90
23.459;0.00115551;90
75.5026;0.00138614;90
-54.4092;0.00112888;90
65.1303;0.00190462;90
132.08;0.00165182;90
130.161;0.00152572;90
130.836;0.00106134;90
130.257;0.0016589;90
67.5273;0.00161677;90
-49.6191;0.00146635;90
29.4129;0.000792099;90
74.0459;0.00180451;90
73.0101;0.00156741;90
-47.5485;0.00197195;90
-54.6005;0.0018316;90
81.2218;0.00462619;90
115.611;0.00204047;90
121.272;0.00162394;90
80.8519;0.00230836;90
80.7925;0.00347477;90
81.3405;0.00266336;90
123.121;0.0021504;90
150.568;0.00154661;90
-121.417;0.00190884;90
107.295;0.000874543;90
69.8945;0.00192;90
-37.4756;0.0100276;90
-31.9861;0.00251834;90
82.1534;0.00262962;90
90.7073;0.00283522;90
112.667;0.001217;90
132.792;0.0053405;90
175.448;0.00146161;90
-103.681;0.00257917;90
-105.196;0.00169009;90
-101.045;0.00152933;90
-170.936;0.000850621;90
132.608;0.00238857;90
-126.632;0.00188042;90
-138.869;0.000586822;90
113.618;0.0017048;90
109.601;0.00174088;90
-113.482;0.00140539;90
70.7532;0.000937393;90
82.9893;0.0010569;90
89.6171;0.00119703;90
-74.3267;0.00590039;90
-116.451;0.00292747;90
-115.063;0.0020986;90
-132.945;0.00185381;90
-177.884;0.000839573;90
-81.0083;0.00234178;90
-78.8601;0.00231359;90
-104.206;0.00220854;90
-87.002;0.00692147;90
-82.4347;0.000903868;90
-101.498;0.00191646;90
-105.633;0.00174038;90
-104.021;0.00182848;90
-106.056;0.00405311;90
-107.055;0.00151043;90
177.112;0.00111141;90
158.636;0.00284661;90
-139.329;0.00266987;90
-113.078;0.0029414;90
163.798;0.00165576;90
-157.252;0.00230424;90
-154.171;0.00229753;90
106.768;0.00208672;90
109.794;0.00181313;90
13.4869;0.000505953;90
146.475;0.00511131;90
132.256;0.00171316;90
87.4685;0.00172068;90
114.949;0.00153858;90
108.902;0.00182438;90
131.726;0.000928533;90
-115.536;0.00186742;90
-110.374;0.0016545;90
-147.802;0.000883937;90
-121.859;0.00116325;90
-115.444;0.00139423;90
-110.716;0.000882026;90
-112.205;0.00102933;90
-117.484;0.00111594;90
-113.519;0.000774326;90
-114.031;0.000758769;90
-109.822;0.00082275;90
-65.2582;0.00132129;90
-86.5922;0.00154774;90
-81.748;0.00172789;90
-28.6824;0.000508382;90
-14.402;0.00075988;90
-58.8354;0.00107633;90
-64.3258;0.000747832;90
-91.2769;0.000987245;90
-66.4216;0.000772493;90
-90.805;0.00163716;90
-96.528;0.00158327;90
-78.2225;0.00127382;90
-30.7859;0.000607622;90
-36.9037;0.0006778;90
-62.1932;0.0012176;90
-37.6171;0.00093548;90
-40.5583;0.000867397;90
-41.7219;0.000915079;90
-16.4832;0.000863487;90
-9.67467;0.00048794;90
-11.4395;0.000867228;90
9.80737;0.000545979;90
39.1331;0.000850864;90
-15.1541;0.00069621;90
-94.1885;0.00313537;90
-97.7051;0.00287899;90
-89.4178;0.00118106;90
-110.043;0.00105915;90
-89.8719;0.001789;90
-80.3934;0.00182763;90
-73.762;0.00185604;90
-86.6608;0.00209456;90
-62.2154;0.00174408;90
-67.9142;0.00217025;90
-58.2302;0.00180434;90
-49.9818;0.00131098;90
-52.6797;0.00119584;90
-29.9955;0.000964131;90
-45.0342;0.00118299;90
-32.55;0.00122668;90
-28.3173;0.00117001;90
62.8926;0.00160646;90
53.5983;0.00154185;90
69.9054;0.00193265;90
65.2319;0.00171143;90
67.9826;0.00147777;90
85.4988;0.00188582;90
79.2336;0.00179866;90
79.4398;0.00118405;90
84.5517;0.00136919;90
75.8813;0.00151682;90
82.4187;0.00141739;90
84.2543;0.00178798;90
94.8617;0.00174628;90
98.4902;0.00209294;90
104.029;0.00200068;90
109.798;0.00168882;90
109.652;0.00171276;90
108.677;0.0018705;90
98.1052;0.00162422;90
92.5891;0.00135038;90
105.328;0.00186121;90
137.424;0.00118688;90
109.398;0.00129767;90
-135.617;0.000656233;90
102.432;0.00122165;90
87.4128;0.00135138;90
138.226;0.00087962;90
118.746;0.000975185;90
-138.287;0.00119627;90
-159.122;0.000645375;90
-166.658;0.000741001;90
-166.592;0.000685689;90
134.589;0.000787737;90
142.935;0.000645404;90
-160.799;0.000638521;90
95.8658;0.0023875;90
115.812;0.00115749;90
84.1644;0.00593073;90
93.1659;0.00228148;90
115.507;0.00135618;90
104.715;0.00112593;90
112.831;0.0012087;90
114.178;0.000837463;90
113.131;0.000776415;90
120.827;0.00100498;90
117.188;0.00107025;90
117.701;0.00135309;90
117.269;0.00116553;90
126.884;0.0008264;90
120.815;0.000989722;90
131.798;0.000607646;90
132.788;0.00119095;90
134.622;0.00139515;90
158.268;0.00107221;90
-155.868;0.00103221;90
145.345;0.001071;90
-128.606;0.000990454;90
-105.539;0.00166485;90
-115.494;0.00119651;90
-138.468;0.00079483;90
-167.989;0.00105715;90
-152.395;0.000714318;90
-141.3;0.000670142;90
-123.775;0.000940773;90
-110.505;0.00143598;90
-104.346;0.00156996;90
-103.805;0.00102254;90
-167.883;0.000905166;90
-158.938;0.000662245;90
-112.94;0.00101855;90
-67.1447;0.00179709;90
-44.3858;0.000923535;90
37.9519;0.00078374;90
-61.5393;0.000824666;90
-41.9516;0.000718022;90
43.183;0.00102582;90
22.9151;0.000716548;90
-89.8395;0.001071;90
-91.7247;0.00126257;90
-85.7162;0.00107099;90
-88.0688;0.00103859;90
-82.9645;0.00142876;90
-76.0783;0.00133419;90
-80.809;0.00152761;90
-84.782;0.00175929;90
-84.1804;0.0012032;90
-82.5302;0.00103075;90
-132.955;0.000633972;90
-173.561;0.000766838;90
177.606;0.000622543;90
155.565;0.000553586;90
124.965;0.000872482;90
120.785;0.000826456;90
162.464;0.00056422;90
151.789;0.00104289;90
-129.356;0.000963507;90
-118.783;0.0039523;90
152.95;0.0010577;90
143.117;0.0009014;90
-152.236;0.00102613;90
113.366;0.00134642;90
115.393;0.00128959;90
115.029;0.00111799;90
122.876;0.000956122;90
112.499;0.00149477;90
122.233;0.00130868;90
139.633;0.00100667;90
122.424;0.00111716;90
145.763;0.000696735;90
155.489;0.00106058;90
133.094;0.000765513;90
100.929;0.000944124;90
-16.5375;0.00620779;90
-35.7258;0.000991598;90
-35.2284;0.00228314;90
97.633;0.00158101;90
109.353;0.00124325;90
124.786;0.00127604;90
114.462;0.00106016;90
100.227;0.000923676;90
95.8489;0.00123644;90
117.434;0.00120896;90
105.064;0.00189305;90
101.02;0.00201414;90
-163.08;0.000944903;90
-143.856;0.000647652;90
-150.436;0.000666814;90
-145.763;0.000696735;90
-125.049;0.000982096;90
-144.625;0.000697837;90
-154.819;0.000611072;90
-50.4586;0.00905384;90
-87.1116;0.00242108;90
-92.7957;0.000943122;90
-96.3878;0.00119542;90
-33.7538;0.0039919;90
58.8894;0.000936728;90
69.0008;0.00107435;90
39.6933;0.000718672;90
-26.5047;0.000849259;90
42.9607;0.000953784;90
44.0334;0.000922198;90
49.5486;0.00082922;90
79.12;0.00117614;90
102.611;0.00143359;90
105.7;0.000960846;90
100.259;0.00111177;90
115.233;0.00115412;90
113.421;0.00206297;90
48.0821;0.00528691;90
96.0248;0.00170542;90
11.6957;0.0006117;90
-33.3029;0.000533634;90
64.8052;0.00192625;90
60.2451;0.00283705;90
-40.9608;0.00155596;90
-40.346;0.000705899;90
-82.0084;0.00263257;90
-119.423;0.00139033;90
-112.295;0.00135748;90
-90.7339;0.0011711;90
-64.0096;0.00107024;90
-94.117;0.00234004;90
41.8589;0.00069684;90
64.2473;0.00138784;90
63.5138;0.0013005;90
67.7544;0.00208412;90
32.2951;0.00052407;90
29.6024;0.000548607;90
17.2744;0.000515241;90
-36.075;0.00132633;90
-44.6903;0.000654083;90
-53.8088;0.00113128;90
-12.2852;0.000714358;90
-56.6628;0.000720569;90
-35.859;0.000725513;90
-63.0788;0.00201429;90
-129.021;0.00118804;90
-74.8689;0.00125656;90
-70.4219;0.000966901;90
-43.2308;0.00109937;90
-92.7768;0.00140365;90
-56.2417;0.000932174;90
-120.788;0.0119897;90
-128.085;0.00325373;90
-139.596;0.00229416;90
-110.668;0.00305993;90
-110.271;0.00219069;90
-142.216;0.00149179;90
101.76;0.00162409;90
-161.805;0.00173895;90
-134.606;0.00349319;90
-130.233;0.00525004;90
-129.535;0.00550155;90
-127.239;0.00590112;90
-131.183;0.00517265;90
-134.057;0.00520147;90
-124.114;0.00551498;90
-127.998;0.00562669;90
-133.601;0.00512734;90
-129.159;0.0104153;90
-121.579;0.00222086;90
-146.83;0.00293532;90
-168.641;0.00589447;90
174.035;0.00405094;90
-166.784;0.00409854;90
-134.563;0.00528861;90
-114.681;0.00665277;90
-112.926;0.00708025;90
-113.854;0.00689391;90
-114.733;0.00675683;90
-120.842;0.00623587;90
-125.09;0.00605192;90
-119.286;0.00711201;90
-109.35;0.00744875;90
-101.954;0.00664817;90
-97.1959;0.00712109;90
-98.2819;0.00752548;90
-102.688;0.00736178;90
-106.529;0.00686468;90
-104.601;0.00691842;90
-102.804;0.0057305;90
-104.221;0.00188063;90
-103.284;0.00194094;90
-91.4506;0.00193562;90
-62.0349;0.00219647;90
-58.2558;0.0016745;90
-60.0811;0.00261442;90
-54.749;0.00239276;90
-54.7582;0.00238636;90
-56.4657;0.0022446;90
-98.0926;0.00151307;90
-127.343;0.000774826;90
116.803;0.0120552;90
115.994;0.000896708;90
124.16;0.00260191;90
70.9498;0.00409317;90
77.582;0.00594304;90
76.7574;0.0064608;90
73.5457;0.00634068;90
75.3214;0.00718242;90
80.419;0.00754018;90
83.5838;0.00782099;90
78.6006;0.00816099;90
71.587;0.00743989;90
62.5665;0.00690443;90
53.4182;0.00556907;90
57.9778;0.00540313;90
62.6196;0.0063797;90
65.9237;0.00669439;90
67.4223;0.00689439;90
67.0791;0.0070431;90
56.0954;0.00607373;90
27.8032;0.00424281;90
1.55321;0.00398446;90
3.05309;0.0037363;90
14.8998;0.00373353;90
34.1012;0.00425216;90
57.9695;0.00531515;90
45.2541;0.00302998;90
43.526;0.00159435;90
44.1268;0.00380468;90
48.1319;0.00464627;90
56.4607;0.00506055;90
56.6185;0.00530523;90
52.5946;0.00550004;90
42.7505;0.00504414;90
49.2901;0.00526502;90
49.9375;0.00516762;90
50.9582;0.00512949;90
61.1644;0.00465065;90
55.0054;0.00180297;90
-74.9464;0.00314182;90
-59.0815;0.00173797;90
67.5728;0.00363817;90
65.5654;0.0030436;90
39.9772;0.00235026;90
56.4056;0.00365437;90
70.8924;0.00309766;90
56.086;0.00262569;90
10.4316;0.00202141;90
15.8237;0.00122856;90
103.432;0.00292296;90
82.3589;0.00106042;90
130.752;0.00505981;90
96.5584;0.00176857;90
89.268;0.00203517;90
88.5871;0.00141943;90
140.101;0.00132826;90
131.266;0.00160713;90
133.266;0.00165893;90
128.285;0.00138482;90
130.605;0.00149498;90
130.902;0.00157309;90
151.124;0.00134184;90
165.204;0.00100637;90
-171.438;0.00108813;90
-160.646;0.00114363;90
-138.226;0.00115583;90
-110.563;0.00181355;90
-107.481;0.00188087;90
-125.774;0.00112901;90
-174.806;0.00076213;90
-162.757;0.00101879;90
154.129;0.00129254;90
-166.814;0.00114417;90
-172.38;0.000904991;90
153.877;0.000810822;90
141.816;0.00107248;90
172.205;0.000774154;90
-166.017;0.000778055;90
-156.462;0.000753712;90
-140.973;0.000828987;90
-145.94;0.000815981;90
-131.585;0.00106821;90
-142.984;0.000784003;90
-152.255;0.000586421;90
-174.256;0.000689461;90
179.144;0.000870097;90
-135.234;0.00138594;90
-113.307;0.00248695;90
-111.321;0.00201598;90
-149.476;0.000893877;90
-169.316;0.00104105;90
-162.818;0.0011137;90
165.089;0.00123974;90
171.912;0.00115145;90
-108.305;0.0015315;90
-89.1482;0.00154717;90
-79.644;0.00180236;90
-68.914;0.00169553;90
-69.069;0.00169912;90
-86.991;0.00240031;90
-95.2305;0.00230359;90
-101.957;0.00217212;90
-99.4904;0.00201356;90
-102.565;0.00171917;90
-112.894;0.00150886;90
-127.045;0.00124161;90
-125.724;0.00132046;90
-119.1;0.00135504;90
-102.272;0.00159955;90
-100.299;0.00183456;90
-86.8659;0.0017376;90
-86.534;0.00152178;90
-84.8529;0.0013153;90
-85.6353;0.0015505;90
-79.599;0.00154539;90
-67.1526;0.00141393;90
-66.0375;0.00143793;90
-67.6103;0.00130216;90
-76.7466;0.00127804;90
-83.8014;0.00151888;90
-89.0917;0.00170321;90
-89.4219;0.0018831;90
-83.9294;0.00194792;90
-73.616;0.0017584;90
-68.8574;0.00156644;90
-78.2774;0.00168821;90
-92.5295;0.00199394;90
-95.4566;0.00199805;90
-102.318;0.00191714;90
-101.647;0.00169898;90
-90.5846;0.00147008;90
-86.3757;0.00156613;90
-86.502;0.00168815;90
-87.4886;0.00182575;90
-83.0163;0.00176006;90
-78.5632;0.00159364;90
-73.3201;0.00170369;90
-74.3051;0.00175961;90
-69.8157;0.0016056;90
-61.2357;0.00118867;90
-62.9865;0.00114267;90
-78.1267;0.00153586;90
-82.6994;0.00141648;90
-81.0812;0.0019931;90
-69.0324;0.00135256;90
-75.5158;0.00179918;90
-79.4493;0.00193878;90
-80.0505;0.00170159;90
-78.641;0.00160443;90
-87.2948;0.00129244;90
-100.52;0.00204843;90
-91.0661;0.00225739;90
-93.0402;0.00186663;90
-88.6588;0.00162344;90
-90.8413;0.00204322;90
-101.305;0.00212217;90
-82.2162;0.0018016;90
-85.6085;0.00184141;90
-84.9651;0.00243841;90
-88.0714;0.00225828;90
-80.0629;0.00248021;90
-53.9825;0.00127714;90
-56.1751;0.00117846;90
-74.5444;0.00210513;90
-77.3931;0.00214881;90
-60.0845;0.00179057;90
-20.3659;0.00116375;90
-6.98521;0.0011183;90
-23.3109;0.00107146;90
-57.019;0.00123264;90
-69.9251;0.00154699;90
-63.1607;0.00158807;90
-62.2449;0.00157185;90
-76.3322;0.00169706;90
-92.2733;0.00211767;90
-90.5063;0.00135805;90
-26.0115;0.000925775;90
-11.0118;0.00113082;90
-3.15072;0.000982485;90
-13.4767;0.000819567;90
-26.1183;0.00091771;90
-50.7184;0.00103612;90
-65.8557;0.00140819;90
-67.5815;0.00137924;90
-58.1178;0.00113409;90
-52.0111;0.00114702;90
-51.6066;0.000940332;90
-52.1536;0.00105615;90
7.26481;0.000711713;90
39.1649;0.000938953;90
27.3174;0.00091955;90
-22.43;0.000812466;90
-18.8203;0.000846245;90
-12.8314;0.000842027;90
-32.1799;0.00090503;90
-18.7938;0.00075738;90
13.1266;0.000748559;90
64.7806;0.00133306;90
64.6634;0.00141844;90
63.8338;0.00134928;90
77.3106;0.0015478;90
86.3982;0.00168733;90
86.3255;0.00185682;90
87.4859;0.00182376;90
86.7992;0.00197007;90
87.7925;0.00179133;90
88.5456;0.00122139;90
86.5142;0.00118419;90
76.5099;0.001196;90
75.0719;0.00112186;90
75.4976;0.00128184;90
64.6877;0.00112501;90
52.7857;0.00106482;90
38.8174;0.000965158;90
40.3793;0.00103574;90
40.57;0.00119008;90
39.39;0.00104161;90
42.6435;0.00103183;90
48.3376;0.00115383;90
55.588;0.00110061;90
59.5747;0.00151457;90
53.1496;0.0017608;90
56.7277;0.00171157;90
65.2439;0.00104834;90
81.7937;0.00116998;90
75.0229;0.00121114;90
82.8647;0.00138472;90
79.2409;0.00191771;90
76.4379;0.00161195;90
73.8849;0.00148432;90
83.054;0.0013892;90
85.4837;0.00130806;90
88.6068;0.00139841;90
86.706;0.00167076;90
85.477;0.00183873;90
75.7041;0.0014984;90
78.4966;0.001394;90
79.2451;0.0020042;90
79.7865;0.00213178;90
72.0141;0.00193664;90
78.6579;0.00209491;90
91.5292;0.00228581;90
77.5568;0.00225087;90
77.5094;0.00146569;90
82.7229;0.00116841;90
90.4917;0.00174806;90
94.8591;0.00134584;90
94.6463;0.00113573;90
96.5607;0.00123408;90
96.4198;0.00143097;90
98.353;0.00141804;90
98.0034;0.00134308;90
95.4261;0.00210443;90
91.7357;0.00277327;90
87.443;0.00239839;90
-141.654;0.000884894;90
-140.15;0.000819308;90
-171.925;0.000740341;90
168.019;0.000737055;90
134.769;0.00122967;90
115.038;0.00146022;90
93.884;0.00196351;90
90.6572;0.00200513;90
89.068;0.00233631;90
102.247;0.00165466;90
82.5972;0.00207227;90
51.0702;0.00152459;90
68.4243;0.00197971;90
65.4358;0.00197252;90
71.7463;0.00189959;90
83.2559;0.0020522;90
80.6287;0.00196523;90
82.1003;0.00105501;90
79.1496;0.00178491;90
80.4827;0.00154223;90
83.342;0.00161288;90
92.7528;0.00206138;90
98.1885;0.00221862;90
102.62;0.00223807;90
109.374;0.00179357;90
109.073;0.0018453;90
106.939;0.00180533;90
97.7984;0.0013192;90
91.5728;0.00138452;90
104.267;0.00174894;90
129.71;0.00092033;90
-175.26;0.000605069;90
135.141;0.000860552;90
-175.887;0.000752939;90
156.028;0.000593165;90
140.365;0.000862204;90
145.518;0.000782479;90
145.014;0.000809237;90
165.388;0.000773;90
122.258;0.00084313;90
109.883;0.00141431;90
161.382;0.000494899;90
-161.097;0.00065746;90
93.0683;0.00227927;90
114.096;0.00130797;90
114.606;0.00752206;90
85.644;0.00226454;90
65.3781;0.00389076;90
121.169;0.00431253;90
122.846;0.00591458;90
154.531;0.00170688;90
-169.034;0.00443701;90
82.3123;0.00256405;90
105.121;0.00611057;90
134.517;0.000587627;90
-77.7068;0.00814884;90
-70.9744;0.001135;90
6.88944;0.00482685;90
-32.1184;0.00102131;90
-47.9289;0.0022834;90
-61.7722;0.00516302;90
-60.8492;0.00104083;90
-60.2209;0.000829544;90
-104.568;0.00433745;90
-85.4226;0.00526279;90
-58.6065;0.00128044;90
-37.8631;0.00252698;90
-125.686;0.0188654;90
-130.874;0.00882635;90
-129.41;0.0089578;90
-120.788;0.00173677;90
-131.191;0.00799312;90
-128.579;0.00322484;90
-129.382;0.0104006;90
-117.671;0.002317;90
-134.819;0.0147531;90
-114.608;0.00225259;90
-137.059;0.00864006;90
-170.858;0.00241062;90
176.581;0.00580133;90
-156.518;0.00082317;90
-144.673;0.00888382;90
-105.018;0.002547;90
-115.806;0.0129694;90
-108.591;0.00174716;90
-114.76;0.0105917;90
-120.384;0.00281341;90
-124.792;0.0114389;90
-114.556;0.00144136;90
-116.058;0.00197139;90
-107.894;0.0134223;90
-95.3277;0.00221858;90
-97.7758;0.0126019;90
-103.578;0.0149632;90
-113.859;0.00218797;90
-103.082;0.0108906;90
-100.921;0.00291886;90
-84.9512;0.00420431;90
-59.6689;0.00248517;90
-57.4137;0.000878253;90
-62.0349;0.00131788;90
-60.2694;0.00199225;90
-107.19;0.00216889;90
-116.32;0.000730754;90
-110.447;0.00216117;90
-65.5162;0.00273383;90
-74.0194;0.0015655;90
101.38;0.00597547;90
68.6056;0.00360759;90
110.581;0.00107245;90
131.952;0.00359011;90
135.769;0.00305639;90
78.1889;0.00300461;90
74.2072;0.00257937;90
73.8139;0.0170363;90
74.4861;0.00209742;90
81.2898;0.0211044;90
82.1458;0.00229049;90
68.2664;0.021664;90
47.2298;0.00154478;90
61.6723;0.0165453;90
67.3276;0.00193015;90
66.8619;0.0140578;90
67.7673;0.00192404;90
41.7112;0.0116355;90
11.0702;0.000890571;90
2.08227;0.00693558;90
17.8769;0.0010066;90
50.5494;0.018953;90
43.3496;0.0113672;90
50.3907;0.00108384;90
49.1228;0.018402;90
50.831;0.00140593;90
51.4788;0.0141377;90
50.9192;0.00148791;90
48.9176;0.0129165;90
58.3474;0.00149781;90
28.6614;0.00287303;90
72.9362;0.00173121;90
104.585;0.0113776;90
64.6668;0.00230905;90
103.224;0.00203702;90
117.43;0.00240092;90
117.356;0.0027551;90
127.963;0.00290333;90
157.582;0.00233117;90
-173.918;0.0022748;90
-161.906;0.00201883;90
89.7843;0.00212502;90
89.206;0.00411339;90
117.424;0.00193889;90
138;0.0013241;90
-103.341;0.00104007;90
-77.1008;0.00832304;90
-122.661;0.00361335;90
-111.755;0.00436273;90
-89.1083;0.00539765;90
-72.8256;0.00523231;90
-75.4363;0.00540053;90
-89.2539;0.00583649;90
-90.5497;0.00521124;90
-78.142;0.00432632;90
-139.336;0.00219762;90
-133.49;0.0045886;90
-129.348;0.00554238;90
-130.66;0.00569085;90
-127.115;0.00538605;90
-132.535;0.00480145;90
-132.674;0.00473869;90
-124;0.00544363;90
-126.022;0.00593605;90
-136.873;0.00512714;90
-135.674;0.0049317;90
-119.246;0.00570867;90
-143.254;0.00454641;90
-173.847;0.00395579;90
-178.968;0.00399865;90
-177.616;0.00396643;90
-145.559;0.0046768;90
-120.254;0.00619243;90
-112.269;0.00664459;90
-113.006;0.006714;90
-114.825;0.00637842;90
-116.557;0.00610178;90
-121.764;0.00594198;90
-125.848;0.00573911;90
-117.47;0.00634317;90
-108.597;0.0071746;90
-101.624;0.00736506;90
-96.4527;0.00753675;90
-99.0706;0.00726282;90
-102.813;0.00699826;90
-106.854;0.00674992;90
-104.921;0.0062373;90
-102.86;0.00601591;90
-102.929;0.0045678;90
-105.843;0.0023773;90
-111.227;0.00412914;90
-110.227;0.00360961;90
-105.883;0.00214489;90
-75.7724;0.00384906;90
-63.349;0.0038769;90
-64.2263;0.00323814;90
-66.3189;0.0029155;90
-58.3286;0.000763741;90
-91.4493;0.00316301;90
-114.193;0.0028306;90
-86.1386;0.00112856;90
57.7414;0.00134335;90
83.2838;0.00264213;90
77.1844;0.00134347;90
84.5352;0.000997534;90
82.8603;0.00580098;90
91.293;0.00217155;90
94.8689;0.0163651;90
95.9251;0.00103654;90
-92.2389;0.00115188;90
-78.1599;0.0022468;90
118.438;0.00127256;90
124.862;0.00126137;90
81.2062;0.0107797;90
74.9919;0.0030314;90
77.429;0.0254675;90
73.9587;0.0309522;90
46.8101;0.00250724;90
60.168;0.0433343;90
3.49553;0.00393632;90
-1.63325;0.0034384;90
22.8882;0.00967257;90
50.3138;0.0156753;90
52.9419;0.00346982;90
51.2804;0.034097;90
48.2951;0.00159929;90
59.447;0.00521506;90
-56.2168;0.00409674;90
67.9879;0.00146477;90
56.4936;0.00666087;90
43.7487;0.00148952;90
67.58;0.00571065;90
50.6825;0.00157824;90
37.7625;0.00102712;90
66.2621;0.00398953;90
113.473;0.00776778;90
87.3082;0.00268296;90
60.1531;0.00243729;90
107.328;0.00252144;90
117.806;0.00243744;90
119.765;0.00280393;90
133.273;0.00283891;90
164.899;0.00241437;90
-162.172;0.00247589;90
-174.246;0.00117693;90
86.8632;0.00354531;90
89.7298;0.00339304;90
130.463;0.00108173;90
125.135;0.00190267;90
-112.261;0.00138849;90
-32.9043;0.00291217;90
-90.199;0.00431903;90
-84.8281;0.0025293;90
25.4813;0.00302639;90
-11.3802;0.00239713;90
-43.5379;0.0031038;90
-62.2019;0.00303415;90
-60.8888;0.00255701;90
-59.3255;0.0020719;90
-118.625;0.00221469;90
-107.798;0.00233264;90
-89.3359;0.00258817;90
-73.117;0.00283729;90
-51.2732;0.00253673;90
-18.0926;0.000846873;90
-82.74;0.00305449;90
-73.6493;0.00116512;90
31.6773;0.00112923;90
17.0698;0.00179194;90
10.0829;0.00332434;90
55.1371;0.00079949;90
59.449;0.000714139;90
63.0712;0.00211313;90
4.3338;0.00467136;90
-60.1343;0.00164669;90
99.2701;0.00137192;90
73.7578;0.0038184;90
78.3277;0.00226381;90
76.8303;0.00453836;90
88.7223;0.00955238;90
99.1721;0.00262861;90
104.23;0.00465792;90
101.024;0.0124671;90
101.44;0.00232928;90
103.502;0.00398309;90
92.6504;0.00750403;90
72.468;0.00222747;90
83.6883;0.0039932;90
97.609;0.00553574;90
112.604;0.0106696;90
131.846;0.00150347;90
126.012;0.00519598;90
107.455;0.00590072;90
95.246;0.00663881;90
89.7254;0.00396505;90
81.9123;0.00439269;90
79.3726;0.0058941;90
80.4622;0.00598676;90
86.3155;0.00588216;90
86.7256;0.00540983;90
85.341;0.00563863;90
101.599;0.00520224;90
118.785;0.00461871;90
111.621;0.0056097;90
103.371;0.0060541;90
99.1379;0.00722874;90
96.0854;0.00695218;90
97.1639;0.00675977;90
98.82;0.00696537;90
100.884;0.00699075;90
100.397;0.0073141;90
101.083;0.00741835;90
94.8536;0.00767051;90
91.6929;0.00775138;90
91.5199;0.00761568;90
93.9587;0.0074598;90
105.291;0.0071439;90
100.786;0.00707499;90
89.2788;0.00730958;90
94.8583;0.00739156;90
106.281;0.00672364;90
106.762;0.00651897;90
104.396;0.00664464;90
97.4514;0.00703239;90
95.2464;0.0075898;90
92.2336;0.0080311;90
92.1454;0.00804064;90
90;0.008707;90
89.586;0.00788821;90
87.2813;0.00756852;90
77.3286;0.00671044;90
78.3615;0.00680593;90
88.083;0.00538101;90
-174.789;0.00156346;90
-110.058;0.00280195;90
-124.901;0.00202039;90
166.312;0.00143681;90
129.665;0.00228892;90
-178.595;0.00171351;90
-168.975;0.00189294;90
-133.624;0.0020611;90
-123.658;0.00244484;90
-108.491;0.00323501;90
-98.0455;0.00335098;90
-106.831;0.00103953;90
-117.311;0.0048406;90
-86.5544;0.00114808;90
-98.2238;0.00207635;90
-113.465;0.00404336;90
-119.999;0.00100804;90
-112.054;0.00260997;90
-157.134;0.000679391;90
-120.957;0.00140166;90
-115.682;0.00116066;90
-102.355;0.00110765;90
-74.3139;0.00160892;90
-72.5746;0.00157949;90
-84.3708;0.00210013;90
-83.6123;0.00213022;90
-66.5014;0.00100319;90
101.657;0.00683497;90
99.7197;0.00164664;90
65.2067;0.00264698;90
56.4029;0.000854794;90
59.7865;0.00115257;90
70.0258;0.00109486;90
60.0816;0.00114683;90
56.0003;0.00205298;90
75.3791;0.0043974;90
84.7088;0.000910881;90
71.2323;0.00147017;90
66.989;0.00473257;90
76.6768;0.0011109;90
82.5711;0.00194129;90
66.3652;0.00488146;90
65.1241;0.000834416;90
55.4421;0.00137332;90
38.2383;0.00182572;90
-6.41631;0.00315879;90
-29.0622;0.000728756;90
-61.1472;0.00107551;90
34.6417;0.00352366;90
58.8606;0.00268602;90
-22.8185;0.000732312;90
-92.9008;0.00580944;90
-99.263;0.00741773;90
-99.7394;0.00842949;90
-90.9589;0.0189427;90
-81.6575;0.00263286;90
-89.0362;0.0151591;90
-85.2413;0.00289297;90
-83.1629;0.0140701;90
-78.4612;0.00358444;90
-70.2995;0.00280626;90
-74.0375;0.00738162;90
-81.6746;0.0133568;90
-92.7544;0.00310058;90
-82.8408;0.0101904;90
-68.2369;0.0022224;90
-80.4894;0.01113;90
-89.5067;0.00174206;90
-87.3255;0.00557207;90
-89.1603;0.00750581;90
-85.7491;0.00746052;90
-80.788;0.0079394;90
-78.4388;0.00804829;90
-79.6477;0.00766274;90
-80.8073;0.00793086;90
-84.2647;0.0140493;90
-79.7796;0.00212471;90
-80.9792;0.00309326;90
-73.993;0.0107342;90
-62.2415;0.0016962;90
-66.0597;0.00680658;90
-81.4529;0.00207909;90
-93.6164;0.010527;90
-88.5809;0.00197861;90
-93.9272;0.00350423;90
-99.4259;0.00594122;90
-102.028;0.00477482;90
-99.2322;0.00511729;90
-87.8639;0.00155608;90
-87.5121;0.0108042;90
-75.7678;0.00212729;90
-71.6134;0.00262185;90
-55.6047;0.00763852;90
-43.6804;0.00104397;90
-65.7463;0.00645362;90
-77.9368;0.0020288;90
-75.4329;0.0040316;90
-68.4695;0.00993741;90
-64.2829;0.00160165;90
-80.4984;0.00311372;90
-77.5489;0.00448038;90
-70.512;0.00490394;90
-74.6973;0.0020082;90
-67.9757;0.002768;90
-87.858;0.00141799;90
-112.523;0.00617393;90
-118.581;0.000940625;90
-138.364;0.00343468;90
-74.3774;0.00314519;90
-80.5377;0.00113748;90
-102.876;0.00234701;90
-85.3081;0.00676065;90
-91.8904;0.00763916;90
105.002;0.00182728;90
-134.529;0.00111939;90
-105.938;0.00323745;90
-102.246;0.002593;90
-148.222;0.000507001;90
132.371;0.00240528;90
-154.92;0.00419448;90
-103.663;0.00111763;90
-161.287;0.00287075;90
-174.158;0.000648368;90
-154.582;0.00171943;90
150.836;0.00264307;90
108.24;0.00176677;90
126.873;0.0095992;90
105.243;0.00162414;90
131.363;0.000791432;90
-114.265;0.00161574;90
-112.165;0.00163805;90
-132.506;0.000828807;90
-129.993;0.000980256;90
-118.693;0.00149338;90
-121.154;0.000877563;90
-105.74;0.00110961;90
-114.872;0.000953429;90
-115.079;0.00122444;90
-112.36;0.00154302;90
-68.0038;0.00120146;90
-67.8668;0.00076972;90
-93.2461;0.00100662;90
-90.2918;0.00157102;90
-24.0161;0.000543007;90
-38.5971;0.000570659;90
-20.5471;0.000746488;90
-68.0145;0.00109784;90
-74.2689;0.000844636;90
-81.0054;0.00149033;90
-89.5375;0.000991032;90
-94.6489;0.00207282;90
-83.5257;0.00132143;90
-15.1915;0.000553336;90
-42.3016;0.000690902;90
-63.7577;0.000793817;90
-41.2999;0.000898484;90
-43.1366;0.000826338;90
-42.4286;0.000945647;90
-38.939;0.000897385;90
-2.37184;0.000507435;90
-3.29484;0.000469777;90
-22.1412;0.000939264;90
19.9232;0.000572249;90
34.804;0.000798919;90
-12.7299;0.000648951;90
-75.826;0.00131091;90
-94.4164;0.00149343;90
-113.891;0.00106419;90
-106.712;0.000862427;90
-92.677;0.00171287;90
-96.2581;0.00115589;90
-102.76;0.00115451;90
-92.978;0.0010394;90
-76.3008;0.00140188;90
-84.2246;0.0011428;90
-73.6845;0.00161608;90
-93.961;0.00248995;90
-41.9359;0.000912766;90
-52.5307;0.00154848;90
-82.1677;0.0017685;90
-43.9021;0.00143923;90
-43.8057;0.000983799;90
-58.3657;0.000981897;90
-30.2218;0.000834411;90
-55.0123;0.00108999;90
-32.8512;0.0010987;90
-36.4541;0.00146084;90
-57.2142;0.00163435;90
-36.473;0.00106823;90
41.4874;0.000911759;90
19.4069;0.000671132;90
-62.3523;0.00137274;90
-72.6403;0.00121326;90
-45.6228;0.00182161;90
-80.6464;0.00112597;90
-88.4306;0.00153358;90
-86.0829;0.00140528;90
-55.6172;0.00103237;90
-37.8422;0.00107255;90
-47.6596;0.00167623;90
-45.9985;0.000649223;90
-65.4846;0.00152553;90
-74.9293;0.000980731;90
-82.2843;0.000938497;90
54.3048;0.00101461;90
52.2677;0.00070428;90
-61.6238;0.00113202;90
-58.9225;0.000864012;90
-65.5014;0.000781343;90
-72.6108;0.00145552;90
-75.3592;0.00193069;90
23.1612;0.00281705;90
-65.4817;0.00197839;90
-75.5021;0.00129421;90
-70.7029;0.00153419;90
-67.6777;0.00118479;90
-56.7298;0.00128694;90
-56.9506;0.00141374;90
-28.2813;0.000597298;90
-46.452;0.00284631;90
-80.6934;0.00139131;90
-77.2718;0.000934976;90
-114.148;0.00131508;90
-107.678;0.00098134;90
-96.7472;0.00116608;90
-102.181;0.00189568;90
-99.8082;0.00166128;90
-103.731;0.00136501;90
-99.2383;0.00201818;90
-100.349;0.00233803;90
-93.3322;0.00196132;90
-138.252;0.00128405;90
-113.206;0.00101513;90
-96.374;0.00168441;90
-91.6886;0.00128956;90
-94.6714;0.00103143;90
-93.2533;0.000951533;90
-90.7704;0.00141313;90
-90.6772;0.00126909;90
-85.8131;0.00141077;90
-92.6601;0.00140051;90
-90.3801;0.00120603;90
-74.897;0.000924949;90
-71.9445;0.00119379;90
-60.7872;0.00105521;90
-57.5461;0.00127278;90
-64.2116;0.00112171;90
-76.5745;0.00136531;90
-92.8921;0.00144684;90
-100.614;0.00116188;90
-72.5669;0.000994688;90
-61.7895;0.000903297;90
-54.5748;0.000888482;90
-49.9835;0.000765154;90
-11.2962;0.000816824;90
-37.7079;0.000902497;90
-54.2044;0.00196275;90
-47.7318;0.000697293;90
-43.2217;0.00109371;90
23.3465;0.00066113;90
35.9345;0.00122516;90
23.8031;0.00164273;90
-27.582;0.00120946;90
-61.6594;0.00155884;90
-74.7317;0.00228982;90
-90.7366;0.00178915;90
-80.1579;0.00466262;90
-75.2452;0.00311367;90
-51.7674;0.00111011;90
-66.1941;0.00107769;90
-84.2611;0.00141007;90
-79.5763;0.00107779;90
-78.1699;0.00105848;90
-71.2493;0.00103282;90
-69.7185;0.00109915;90
-63.4659;0.00082824;90
-84.6938;0.00111377;90
-80.5075;0.0012491;90
-82.9512;0.00233061;90
-83.7498;0.00302196;90
140.679;0.00151499;90
-121.264;0.00399048;90
-100.631;0.000910631;90
-112.288;0.00240466;90
-112.197;0.000886716;90
-164.189;0.00246632;90
177.579;0.000473423;90
98.6906;0.0014891;90
-158.668;0.00101987;90
134.567;0.000934822;90
124.794;0.000662435;90
101.575;0.00399218;90
107.706;0.00134155;90
102.62;0.00251271;90
106.498;0.00209526;90
118.954;0.00127656;90
75.4094;0.00183002;90
128.421;0.000975157;90
130.126;0.00176425;90
106.028;0.00407439;90
118.562;0.00261868;90
95.5583;0.00149704;90
86.8373;0.00353438;90
80.7607;0.00135153;90
95.1225;0.00281123;90
87.6025;0.0030837;90
95.5399;0.00283826;90
72.0018;0.00091266;90
89.345;0.00297419;90
87.4986;0.001054;90
95.621;0.00190918;90
119.077;0.00397955;90
103.952;0.00115302;90
97.5579;0.00226568;90
86.5714;0.00249146;90
88.7787;0.0066155;90
115.417;0.00127213;90
132.621;0.0035768;90
116.597;0.00162607;90
108.148;0.0024625;90
108.854;0.00138322;90
99.7745;0.00271542;90
108.662;0.00422199;90
107.135;0.001059;90
104.682;0.0039138;90
131.685;0.0024089;90
152.093;0.000630297;90
118.884;0.00218822;90
96.16;0.00287963;90
115.924;0.0010385;90
79.3723;0.00219058;90
107.248;0.00170989;90
90.0764;0.005251;90
116.845;0.00109837;90
-118.362;0.00132619;90
-171.054;0.00176851;90
126.155;0.0025798;90
87.4617;0.00352246;90
93.3204;0.00124309;90
95.5096;0.00337459;90
70.5437;0.00429316;90
67.4127;0.00148923;90
66.99;0.0018752;90
77.4022;0.00414478;90
85.0139;0.00166831;90
78.3605;0.00279549;90
79.4367;0.00249834;90
83.6768;0.00148906;90
99.2778;0.00352309;90
110.05;0.00284971;90
103.623;0.00359617;90
103.261;0.00277704;90
109.541;0.003785;90
131.012;0.000772618;90
127.694;0.00158476;90
81.6328;0.00123009;90
120.78;0.00251298;90
-164.234;0.0038093;90
166.289;0.000725678;90
97.0592;0.00161927;90
101.53;0.00127574;90
-69.5457;0.00303324;90
34.2381;0.00101487;90
27.4438;0.00119554;90
11.36;0.00336594;90
-2.11216;0.000949645;90
13.5567;0.000840415;90
3.38856;0.000913597;90
-26.7734;0.000614923;90
-87.7437;0.00106683;90
15.6908;0.000772798;90
-31.2392;0.000927475;90
160.462;0.00110036;90
-172.865;0.000700424;90
107.877;0.0013649;90
138.621;0.000559732;90
157.626;0.000520159;90
-152.553;0.0011043;90
-169.731;0.000852658;90
166.178;0.00051903;90
-163.723;0.0006636;90
-147.232;0.000517325;90
-176.8;0.000465726;90
-169.282;0.000892572;90
-167.21;0.000880855;90
-138.151;0.00108068;90
-153.83;0.000972713;90
-161.387;0.000507548;90
88.8636;0.00171434;90
104.102;0.00126822;90
105.691;0.00108337;90
-36.0824;0.00436541;90
11.8523;0.00316957;90
40.2644;0.00143892;90
87.1136;0.00166812;90
35.4388;0.00262662;90
-7.27974;0.00229651;90
-36.5763;0.00179562;90
-75.6662;0.00149452;90
-76.5943;0.00160884;90
-55.708;0.00208551;90
8.58562;0.00160094;90
27.1822;0.00128716;90
17.2847;0.00113422;90
-2.01643;0.00204627;90
-19.566;0.00184239;90
-30.326;0.00231126;90
-28.6105;0.00236816;90
-29.5553;0.00191176;90
1.79715;0.00197697;90
47.456;0.0024092;90
35.3316;0.00219779;90
-45.5475;0.002516;90
-57.49;0.00249141;90
50.6938;0.0028794;90
73.302;0.00448617;90
93.887;0.00501554;90
104.522;0.00477352;90
104.279;0.0050882;90
104.614;0.0056715;90
110.832;0.0047634;90
124.188;0.00357712;90
147.409;0.0018658;90
92.096;0.00177719;90
-32.2006;0.00183529;90
47.098;0.00142931;90
77.4477;0.00291262;90
87.7819;0.0022737;90
94.8313;0.000914248;90
55.4419;0.000713981;90
72.7384;0.00121995;90
54.9799;0.00100372;90
35.3715;0.00100194;90
30.5669;0.000544693;90
61.2629;0.00241893;90
72.4391;0.00431195;90
-39.1984;0.000664549;90
-57.491;0.0012783;90
-45.3559;0.000569232;90
-32.3589;0.000704382;90
-5.41493;0.00117625;90
-57.262;0.00123521;90
16.6784;0.000526134;90
70.5015;0.00228293;90
-30.9095;0.000543136;90
108.383;0.00104007;90
-149.636;0.000769556;90
155.865;0.000506254;90
-155.921;0.000700996;90
73.7064;0.0061698;90
30.6926;0.000869851;90
26.5651;0.000737902;90
19.1662;0.000916819;90
75.3469;0.00373963;90
65.587;0.00107183;90
8.88518;0.000783401;90
51.3402;0.00105011;90
82.8875;0.00283481;90
101.573;0.00154031;90
154.546;0.000507236;90
126.84;0.0007622;90
52.935;0.00187981;90
-34.5772;0.00107486;90
-47.0961;0.00059932;90
-80.9532;0.00140548;90
-7.50277;0.000865409;90
-75.3617;0.00166195;90
-81.9125;0.00208978;90
-62.1096;0.00129548;90
64.245;0.00309995;90
72.5658;0.00132172;90
109.081;0.00291517;90
-158.77;0.00057717;90
167.461;0.000594173;90
137.934;0.000704495;90
83.21;0.00129408;90
79.3945;0.0017387;90
52.3632;0.0010759;90
45.1142;0.0010642;90
30.9816;0.000551711;90
112.76;0.00863864;90
-122.298;0.0066309;90
82.9397;0.00735477;90
78.3811;0.00145481;90
-100.822;0.0176723;90
-86.1759;0.00646239;90
-98.8017;0.00172532;90
-152.041;0.00351077;90
-56.4402;0.00109803;90
167.471;0.000460977;90
-58.8287;0.000757343;90
155.694;0.00110055;90
-86.4893;0.00130645;90
128.258;0.000801035;90
-104.49;0.00257387;90
-161.098;0.000697622;90
147.861;0.00104516;90
153.435;0.000690945;90
-131.517;0.00110584;90
102.898;0.00116028;90
-166.461;0.000670636;90
114.651;0.00109807;90
94.9824;0.00176166;90
111.375;0.00162154;90
111.991;0.00134593;90
107.362;0.000827713;90
-122.319;0.00354638;90
-97.1607;0.00119532;90
-85.6724;0.00111317;90
-95.4069;0.00146452;90
-97.0939;0.00114174;90
-150.616;0.00118207;90
-54.1712;0.00116679;90
-112.588;0.000973692;90
39.6904;0.000764126;90
56.1046;0.00100596;90
59.415;0.000778278;90
25.5017;0.000963911;90
-79.7408;0.000898363;90
-88.4626;0.00100636;90
-77.4751;0.00160008;90
-133.067;0.000670719;90
-104.177;0.00168223;90
-172.534;0.000500241;90
-124.527;0.00064574;90
-98.5162;0.00136404;90
-102.341;0.00182006;90
141.243;0.0005527;90
-130.946;0.000920127;90
-82.8802;0.00135545;90
-90;0.00092;90
-173.757;0.000717254;90
10.4637;0.000903017;90
15.3904;0.00077997;90
7.16724;0.000673261;90
-165.865;0.00140453;90
-168.318;0.00165937;90
-88.9565;0.00565594;90
-102.933;0.00153699;90
145.369;0.00180718;90
147.481;0.00282374;90
147.388;0.00271269;90
175.943;0.00130026;90
-98.4135;0.00265861;90
-98.6743;0.00260581;90
-99.1645;0.0025617;90
-103.096;0.00240967;90
-109.948;0.00250318;90
-106.137;0.001853;90
-103.918;0.00212437;90
-106.565;0.00196767;90
171.963;0.000693814;90
129.113;0.00132361;90
133.548;0.000613966;90
-73.3151;0.000383131;90
-31.1809;0.00063352;90
-29.5115;0.000548114;90
138.889;0.00158474;90
-104.016;0.00341878;90
-100.275;0.00205191;90
-102.435;0.00164867;90
-105.107;0.00206434;90
-105.618;0.00247748;90
-106.701;0.00304129;90
170.33;0.00122642;90
163.525;0.00279266;90
-137.487;0.00262372;90
-114.081;0.00270326;90
171.527;0.00175111;90
-157.008;0.0021172;90
-156.383;0.00206931;90
131.894;0.00155297;90
105.309;0.00222703;90
32.4436;0.000637501;90
-48.4853;0.0216577;90
87.4193;0.00262066;90
90.6676;0.00326122;90
90.983;0.00332249;90
90.9381;0.00256534;90
82.3376;0.00122998;90
109.547;0.00262424;90
115.476;0.0013647;90
136.484;0.00245731;90
-158.033;0.00262779;90
-121.876;0.00234811;90
-142.084;0.00157686;90
-169.029;0.00165525;90
-158.358;0.00187089;90
-155.413;0.00176173;90
173.199;0.00103025;90
97.0183;0.00246346;90
101.061;0.00117279;90
30.2655;0.0185632;90
-103.836;0.00319058;90
-106.514;0.00213194;90
-104.4;0.00336161;90
-91.1754;0.00112124;90
136.565;0.00183846;90
164.436;0.00266472;90
-137.827;0.00266621;90
-113.479;0.00263299;90
145.473;0.000949193;90
-158.345;0.00153106;90
-162.488;0.00184448;90
-157.217;0.00204778;90
110.66;0.00148233;90
111.292;0.00185888;90
59.4075;0.000846878;90
85.4733;0.0291549;90
-27.0635;0.00159348;90
-56.3099;0.00213088;90
-70.3736;0.00225076;90
-69.0476;0.00270699;90
-75.5332;0.00258186;90
-74.6314;0.00287895;90
-66.3638;0.00240692;90
-52.1282;0.00157844;90
-19.3951;0.00141532;90
-12.9375;0.00142928;90
-33.9631;0.00168797;90
-47.4593;0.00209284;90
-59.8108;0.000735796;90
-84.729;0.00182873;90
-50.0279;0.00105695;90
-104.185;0.0015874;90
-91.7008;0.00218996;90
-46.5022;0.00142955;90
-49.768;0.000774132;90
-38.6172;0.00125939;90
74.5176;0.00249867;90
74.3663;0.00232294;90
74.3216;0.00170961;90
75.6224;0.00150617;90
81.6642;0.00204864;90
130.961;0.00186716;90
131.129;0.00113112;90
82.8713;0.00193395;90
93.5901;0.00182057;90
130.907;0.00195164;90
131.086;0.00173008;90
131.32;0.00104655;90
92.2233;0.002655;90
103.384;0.00260064;90
60.8305;0.00125976;90
40.5261;0.00214837;90
61.5885;0.00140185;90
70.1394;0.00279632;90
84.9839;0.00165835;90
112.232;0.00197697;90
108.258;0.00173958;90
117.464;0.0015395;90
68.9882;0.00111836;90
92.8718;0.00275446;90
89.8675;0.00173;90
-90.3874;0.00162704;90
-83.3271;0.00117899;90
-54.5954;0.000750846;90
-59.7263;0.00119612;90
-103.678;0.0133589;90
-89.5021;0.00172607;90
-75.5981;0.00159616;90
-85.6938;0.00218417;90
-90.0271;0.008444;90
-99.8509;0.0016483;90
-103.325;0.00164015;90
-104.358;0.00202836;90
-104.488;0.00193865;90
-105.323;0.00389756;90
-104.407;0.00176036;90
131.938;0.00311076;90
-156.212;0.00293538;90
-137.276;0.000907934;90
-161.681;0.000779503;90
86.6289;0.00290803;90
-168.728;0.00180074;90
-161.618;0.00169656;90
165.974;0.00142344;90
124.319;0.00265163;90
106.217;0.00286812;90
112.403;0.00152186;90
117.041;0.00204786;90
111.563;0.00169244;90
120.723;0.00265808;90
115.71;0.0023374;90
117.584;0.00296728;90
155.817;0.00454046;90
-169.171;0.00205459;90
173.731;0.00132794;90
85.946;0.00425765;90
98.4156;0.00258281;90
129.682;0.00195295;90
-133.463;0.000975451;90
-74.8968;0.00790609;90
5.35529;0.0033215;90
25.266;0.000611498;90
-18.1705;0.0020555;90
-42.2925;0.00245499;90
-62.1283;0.00233372;90
-63.8562;0.00212879;90
-61.8042;0.00199583;90
-60.631;0.00166384;90
-118.769;0.00179107;90
-116.727;0.000949438;90
-99.6274;0.00251137;90
-75.2205;0.00471189;90
-66.8014;0.000898661;90
-44.6433;0.00124948;90
-45.3492;0.00127635;90
-69.7688;0.00402534;90
-64.2679;0.00129214;90
-60.8716;0.000979931;90
-18.4598;0.00145908;90
-45.6183;0.000786349;90
-45.5011;0.00121273;90
3.11272;0.00132596;90
-44.6779;0.0011321;90
-20.5103;0.000733497;90
-64.2085;0.0015238;90
-88.838;0.00246551;90
-61.178;0.00112427;90
-54.6358;0.000882905;90
34.0786;0.00102261;90
73.6634;0.00183092;90
73.6434;0.00156952;90
13.8202;0.000707481;90
-27.9236;0.000565884;90
-1.99788;0.000602366;90
3.29215;0.000905494;90
-72.8942;0.00136331;90
-58.7802;0.00107462;90
-27.9862;0.000937648;90
-14.1449;0.000511509;90
-54.4035;0.000791996;90
-46.4879;0.000653587;90
-13.9574;0.00105721;90
-30.8745;0.000880818;90
5.61758;0.000858121;90
-15.6304;0.00129904;90
-10.4915;0.00112582;90
-3.34937;0.000787345;90
-15.3333;0.000707173;90
-71.4196;0.00124594;90
-80.1308;0.00287048;90
-67.2804;0.00141369;90
-70.9469;0.0014949;90
-60.2912;0.00137815;90
-52.3929;0.00108809;90
-25.9987;0.000814416;90
127.67;0.00450004;90
102.84;0.00121949;90
108.732;0.000915492;90
95.9044;0.00114709;90
95.0813;0.00151295;90
116.507;0.000880564;90
170.235;0.00186908;90
168.301;0.000981388;90
165.166;0.00106241;90
171.352;0.00200176;90
140.722;0.00250361;90
151.154;0.00114622;90
131.215;0.000942508;90
96.3898;0.00127593;90
93.9352;0.00138426;90
-128.751;0.00176055;90
157.979;0.000485411;90
178.151;0.00133269;90
-123.516;0.000731653;90
-96.9093;0.00174568;90
-103.795;0.00086392;90
127.865;0.00101335;90
98.5781;0.0015554;90
175.201;0.00119519;90
100.427;0.00109407;90
110.378;0.000941952;90
140.279;0.00233629;90
168.823;0.00135674;90
146.11;0.00358505;90
88.1609;0.00109056;90
169.058;0.000458333;90
134.178;0.00187261;90
94.1728;0.00173159;90
112.942;0.00161364;90
130.696;0.00217625;90
117.834;0.00252514;90
97.5758;0.0028065;90
81.5543;0.00246473;90
65.4055;0.00223694;90
94.9697;0.00184694;90
117.938;0.00242683;90
117.732;0.00219627;90
121.907;0.00272823;90
144.706;0.00281426;90
-179.167;0.00233825;90
-156.573;0.00233662;90
117.546;0.000914686;90
87.0847;0.00410932;90
97.2257;0.0023295;90
125.248;0.00154042;90
123.443;0.000900009;90
-118.121;0.000971706;90
22.6552;0.00336462;90
44.6032;0.00541162;90
5.15987;0.00090065;90
-16.8531;0.00745728;90
-43.1026;0.00241326;90
-34.2188;0.00309591;90
-67.6938;0.00261358;90
-70.0942;0.00272267;90
-70.069;0.00262843;90
-77.2706;0.0024779;90
-70.4701;0.00282981;90
-56.9125;0.00139764;90
-51.3811;0.00109431;90
-23.4341;0.0016294;90
-14.3587;0.00150811;90
-38.7897;0.00165373;90
-47.4438;0.00192367;90
-57.6875;0.000692189;90
-105.488;0.00218328;90
-91.4564;0.00165253;90
-119.441;0.00156857;90
-105.726;0.0032247;90
-92.9357;0.00124964;90
139.259;0.00191377;90
167.471;0.00261835;90
-137.911;0.00133674;90
-118.729;0.00242787;90
-160.403;0.00263567;90
-160.228;0.00212848;90
-154.407;0.00203019;90
137.7;0.00117085;90
104.492;0.00240967;90
52.2925;0.000779883;90
100.971;0.0117854;90
86.8808;0.00104755;90
118.259;0.00494656;90
102.63;0.00104734;90
126.205;0.00120708;90
164.1;0.00612848;90
-138.979;0.00065211;90
101.281;0.00670658;90
127.687;0.0029329;90
-41.8153;0.00138736;90
-55.7557;0.000860103;90
-88.4388;0.00686355;90
-4.40952;0.00162581;90
19.4784;0.00215324;90
-11.1038;0.00196274;90
-36.3844;0.00238369;90
-58.9146;0.00242294;90
-66.2211;0.00199649;90
-63.0391;0.0016829;90
-62.0558;0.00196965;90
-97.9983;0.00178234;90
-113.136;0.00253487;90
-94.3648;0.00285127;90
-75.2095;0.003169;90
-51.7651;0.00256913;90
-23.1697;0.00104205;90
-97.2575;0.000965737;90
-78.376;0.00289844;90
27.1998;0.0021396;90
19.3423;0.00227649;90
-3.81959;0.0020716;90
64.0256;0.00182205;90
61.5175;0.00175093;90
26.9826;0.00312968;90
-39.4025;0.00256631;90
60.4595;0.00198159;90
75.273;0.00317842;90
76.5618;0.00185889;90
76.5444;0.002441;90
77.9251;0.00242362;90
89.2933;0.00964873;90
104.109;0.00247362;90
102.651;0.00482617;90
100.939;0.00627094;90
102.723;0.00622073;90
101.629;0.00588377;90
99.5955;0.00374946;90
81.5667;0.00467758;90
81.4959;0.00541655;90
98.8942;0.00576937;90
105.685;0.00628088;90
127.811;0.00449221;90
127.011;0.00464481;90
111.931;0.00575119;90
98.072;0.00613882;90
91.6951;0.00452998;90
90.8828;0.00194723;90
80.6414;0.00344992;90
80.2894;0.00542472;90
80.0107;0.00552272;90
84.2099;0.00552117;90
86.1507;0.00595844;90
86.1663;0.00581802;90
95.8581;0.00556506;90
118.76;0.00449556;90
114.931;0.00475179;90
105.29;0.00551003;90
100.383;0.00586503;90
97.2125;0.00723223;90
95.5692;0.00786211;90
99.0538;0.00756222;90
100.501;0.00776403;90
100.916;0.00727157;90
100.564;0.0073689;90
96.8425;0.00726877;90
91.4265;0.00642699;90
91.104;0.00711032;90
92.8597;0.00733614;90
101.039;0.00733267;90
105.711;0.00731218;90
92.5418;0.00671961;90
89.56;0.00755322;90
103.254;0.00823946;90
106.956;0.00716653;90
105.21;0.00663231;90
97.9893;0.00644657;90
96.2104;0.0066279;90
91.9483;0.00697103;90
91.3602;0.00657185;90
92.1527;0.00630945;90
90;0.006533;90
90.1586;0.00686403;90
89.3633;0.00755947;90
79.8681;0.00640082;90
75.6209;0.00608048;90
84.0819;0.00607136;90
99.7637;0.00281274;90
-138.853;0.00206234;90
-109.72;0.00359483;90
-173.892;0.00160712;90
129.159;0.00231365;90
167.76;0.00174056;90
173.446;0.00103376;90
-141.478;0.00454389;90
-104.539;0.00138226;90
-103.36;0.00310297;90
-101.713;0.00373885;90
-110.251;0.00336287;90
-132.362;0.00122884;90
-102.758;0.00469593;90
-111.008;0.00247983;90
-123.389;0.0020588;90
-110.315;0.00228408;90
-141.3;0.000670142;90
-136.626;0.000896973;90
-105.933;0.00326753;90
-56.175;0.00129523;90
-83.9893;0.00353343;90
-85.0555;0.00226242;90
-66.8371;0.000844038;90
99.4282;0.00496304;90
99.5394;0.00232312;90
100.814;0.00181218;90
62.8672;0.00216641;90
40.6685;0.000739625;90
48.2705;0.000694095;90
74.5309;0.00178465;90
59.1682;0.00134044;90
55.9211;0.00159369;90
61.1593;0.00150919;90
84.5452;0.00225119;90
82.4612;0.00243908;90
47.9197;0.00155482;90
66.8652;0.00224232;90
70.9373;0.00256887;90
84.1484;0.00299159;90
70.4598;0.00244268;90
61.6413;0.0021432;90
56.6321;0.00221995;90
36.7756;0.0017004;90
-6.30113;0.00145781;90
0.629138;0.00136608;90
-43.2773;0.00188175;90
-22.8947;0.00141117;90
30.1677;0.00158;90
72.7419;0.0024943;90
35.739;0.00162132;90
-30.7627;0.000733161;90
-92.2076;0.0048546;90
-101.37;0.00725846;90
-101.053;0.008356;90
-91.3735;0.00826037;90
-89.953;0.008532;90
-89.6947;0.00863312;90
-87.6905;0.00871008;90
-86.4241;0.00849754;90
-83.5968;0.0079355;90
-78.7161;0.00733376;90
-73.1883;0.006832;90
-74.2336;0.00694842;90
-81.3261;0.00753923;90
-91.8454;0.00819825;90
-80.0554;0.00738293;90
-72.6636;0.00697695;90
-84.9558;0.00780222;90
-89.5818;0.00780921;90
-87.8937;0.00789033;90
-84.5852;0.00776766;90
-78.6117;0.00745477;90
-79.5052;0.00814729;90
-79.7041;0.00687063;90
-81.7837;0.00742421;90
-83.4639;0.00716859;90
-83.9405;0.0069438;90
-79.3747;0.00620438;90
-75.1429;0.00600992;90
-66.4743;0.00531366;90
-62.8027;0.00502565;90
-85.5158;0.00565331;90
-94.8805;0.00228027;90
-96.1226;0.0163141;90
-97.3158;0.00551288;90
-100.534;0.00463308;90
-96.6224;0.00340774;90
-87.7844;0.00525093;90
-81.2849;0.00616417;90
-68.3086;0.00551126;90
-54.069;0.00458922;90
-48.6692;0.00416562;90
-73.2043;0.0059143;90
-67.0064;0.00425724;90
-101.711;0.00530134;90
-98.8326;0.00519055;90
-88.6805;0.00399506;90
-78.9132;0.0031722;90
-78.355;0.00566766;90
-77.2433;0.00528957;90
-78.9562;0.00519419;90
-81.269;0.00200928;90
-75.7189;0.00408628;90
-82.6565;0.00393528;90
-91.0917;0.00818749;90
-158.018;0.0019422;90
173.611;0.00155466;90
150.864;0.00328004;90
123.059;0.00171219;90
110.787;0.00478445;90
96.4128;0.000957994;90
112.167;0.00424582;90
107.414;0.00125974;90
109.247;0.00218725;90
141.547;0.00483705;90
119.774;0.00123849;90
158;0.00686594;90
144.287;0.000644131;90
-149.141;0.00479013;90
-126.751;0.0012568;90
-120.739;0.00152995;90
-108.236;0.00227843;90
136.013;0.00256013;90
-103.816;0.000946381;90
-30.2035;0.00249467;90
-92.1199;0.0017572;90
-93.6375;0.003972;90
-17.3996;0.00157507;90
22.2621;0.00221727;90
-30.776;0.00460442;90
-50.3535;0.0011065;90
-62.8334;0.00170398;90
-61.6302;0.00404705;90
-63.9138;0.000909664;90
-108.439;0.00401514;90
-93.7395;0.00321986;90
-74.1149;0.00287166;90
-48.9084;0.00337155;90
-101.474;0.0182324;90
-4.59106;0.000799566;90
24.5777;0.00070926;90
33.2544;0.000583561;90
-20.031;0.000613087;90
-94.5916;0.00348519;90
-99.9949;0.00228163;90
-87.5562;0.00152439;90
-111.622;0.000830434;90
-100.297;0.00132026;90
-77.9179;0.00158614;90
-75.8695;0.00162208;90
-75.6224;0.00150617;90
-88.532;0.00179559;90
-65.9932;0.00131254;90
-57.0524;0.00166951;90
-68.5108;0.00211287;90
-47.0122;0.00134928;90
-56.972;0.00117604;90
-37.219;0.000919217;90
-41.2088;0.00117637;90
-40.806;0.00130528;90
-29.6842;0.00140544;90
52.6592;0.00111944;90
49.6543;0.00150757;90
12.6936;0.000527902;90
-80.0747;0.00148523;90
-90.8962;0.00172621;90
-10.0037;0.000782903;90
-77.1818;0.00146039;90
-66.8947;0.00137097;90
-46.3715;0.000768138;90
-41.7884;0.000706803;90
51.4128;0.00160172;90
90;0.001281;90
97.9605;0.00162466;90
94.8278;0.00185358;90
87.4462;0.00213212;90
85.6593;0.00227252;90
64.9923;0.00151393;90
90.1737;0.00230901;90
90.0897;0.002556;90
83.9112;0.0025172;90
72.0582;0.00231456;90
85.2604;0.00296514;90
84.2951;0.0029878;90
88.605;0.00250574;90
87.715;0.0016303;90
88.4496;0.00210677;90
86.0838;0.00190344;90
91.3865;0.00157046;90
91.2657;0.00190146;90
92.2787;0.00173537;90
91.5396;0.00126546;90
170.326;0.000577209;90
-172.864;0.000668175;90
155.402;0.000860051;90
124.873;0.00106164;90
115.079;0.00122444;90
141.777;0.000922858;90
123.181;0.00128085;90
-174.801;0.00120295;90
155.769;0.000933215;90
-166.766;0.000537269;90
-123.746;0.000851465;90
157.06;0.00101855;90
-165.304;0.000547924;90
-157.125;0.000604544;90
-157.882;0.000605562;90
-161.262;0.000656814;90
-157.259;0.000657078;90
-163.833;0.000639281;90
-157.503;0.000718694;90
-140.874;0.00078761;90
-161.394;0.00073966;90
94.8103;0.00255199;90
109.989;0.0015387;90
27.0107;0.000517442;90
-46.7285;0.00407903;90
21.9846;0.00110322;90
3.37893;0.00269769;90
62.2049;0.0017499;90
92.8742;0.00121653;90
35.9911;0.0025559;90
-1.35616;0.00228164;90
-42.4382;0.00180351;90
63.0716;0.00211536;90
75.3236;0.00299574;90
75.797;0.00299969;90
-50.6382;0.00150422;90
-49.0666;0.00121646;90
-48.8292;0.00177881;90
-34.6091;0.000968354;90
133.506;0.00512473;90
-109.447;0.00188027;90
-106.12;0.00252841;90
-104.79;0.00307901;90
-108.529;0.0011517;90
131.48;0.00282173;90
-162.701;0.00250533;90
-125.06;0.00233096;90
-131.682;0.00178349;90
-177.98;0.00184415;90
-157.342;0.00219869;90
-153.459;0.00211935;90
102.627;0.00258451;90
101.454;0.00155599;90
-119.887;0.00735516;90
-111.174;0.00398396;90
-123.914;0.00334265;90
-140.051;0.00260236;90
-110.939;0.00382241;90
-117.135;0.00296875;90
113.339;0.00154981;90
104.607;0.00379878;90
96.5507;0.00420747;90
30.2469;0.00130229;90
-75.5564;0.00208077;90
152.366;0.00165364;90
-81.1242;0.00366185;90
30.9714;0.00256699;90
33.7202;0.00368737;90
54.7528;0.00492978;90
61.8965;0.00499718;90
19.4273;0.00323202;90
13.416;0.00304715;90
22.8282;0.00306725;90
45.6437;0.00163635;90
31.0014;0.00208714;90
22.3829;0.00226894;90
-39.8238;0.00241401;90
68.7294;0.00531186;90
-33.7623;0.00132074;90
133.166;0.00117086;90
-117.961;0.00084459;90
-107.004;0.00214058;90
-147.929;0.00277794;90
-177.861;0.00254577;90
-131.405;0.00250384;90
-119.522;0.0021674;90
175.386;0.00165336;90
-158.278;0.00188054;90
-155.486;0.00188711;90
169.765;0.00118181;90
101.58;0.00266015;90
122.614;0.0020669;90
-50.2174;0.000637624;90
-55.7625;0.00113219;90
25.1957;0.000561413;90
-34.4859;0.00417341;90
19.9714;0.00209924;90
-2.57336;0.00133635;90
68.6811;0.00130103;90
101.883;0.00103927;90
33.1454;0.00239225;90
5.55916;0.00256004;90
-33.5069;0.00216833;90
-79.669;0.00293864;90
-44.42;0.00265461;90
23.5169;0.00186707;90
17.299;0.00173865;90
-6.9484;0.00213266;90
-2.18693;0.00154613;90
91.3552;0.00389009;90
76.6075;0.0030006;90
72.053;0.00126243;90
74.6475;0.00185831;90
-49.2532;0.000982047;90
-96.6944;0.00173281;90
146.992;0.000932517;90
-115.281;0.00145649;90
-102.959;0.00218054;90
-93.1943;0.00197407;90
-88.5712;0.00260681;90
-174.757;0.000755159;90
170.789;0.00273628;90
-164.829;0.00172719;90
-158.461;0.00162337;90
171.541;0.00157716;90
114.408;0.00240055;90
112.173;0.00237676;90
147.446;0.00293633;90
-143.606;0.0028871;90
-117.483;0.0011723;90
-125.297;0.00190892;90
-177.212;0.00203541;90
-159.479;0.00229354;90
-150.895;0.00197773;90
98.8896;0.00236845;90
104.987;0.00165117;90
-78.1943;0.0023119;90
-6.44058;0.0027101;90
14.6814;0.000797023;90
19.4444;0.00147195;90
-9.04972;0.00150676;90
59.3141;0.00145004;90
79.3473;0.00138487;90
23.1752;0.000642876;90
44.3415;0.00239937;90
-31.287;0.00300968;90
-7.05897;0.00096834;90
-79.478;0.00198233;90
-62.9467;0.00162702;90
-42.481;0.00191457;90
24.458;0.0010096;90
24.0912;0.000994636;90
-5.57842;0.00491729;90
-23.66;0.000750047;90
-18.4548;0.00091295;90
-25.7176;0.00577505;90
18.5083;0.00172945;90
50.0764;0.00248533;90
40.0938;0.000967331;90
-45.1547;0.0055006;90
50.8079;0.00178186;90
77.4705;0.00859674;90
101.977;0.00200464;90
104.599;0.0113194;90
112.822;0.012352;90
133.125;0.000669989;90
105.179;0.0041363;90
91.5614;0.00128448;90
96.4579;0.00247168;90
-156.41;0.000499764;90
-152.291;0.00607124;90
-114.514;0.0041358;90
-105.165;0.00621545;90
-101.657;0.00630505;90
-134.328;0.00259314;90
122.17;0.000700555;90
123.912;0.000930239;90
-102.256;0.00339641;90
-103.436;0.00152782;90
-103.875;0.00284811;90
-102.355;0.00192559;90
-107.048;0.00322678;90
-99.842;0.00267943;90
141.845;0.00148917;90
162.569;0.00287084;90
-138.335;0.00271069;90
-111.726;0.00239083;90
161.06;0.00104138;90
-158.178;0.00204989;90
-159.009;0.00203505;90
-157.907;0.00174946;90
97.8318;0.00282535;90
108.913;0.0010613;90
140.47;0.00614162;90
96.4999;0.00138691;90
105.544;0.00141059;90
115.186;0.00176477;90
107.807;0.00175928;90
-112.594;0.00167885;90
-114.251;0.00189415;90
-131.866;0.000982934;90
-128.76;0.00116443;90
-118.97;0.00138535;90
-111.181;0.00123439;90
-113.979;0.00105068;90
-116.632;0.00114218;90
-113.051;0.00143019;90
-78.3275;0.00148777;90
-84.7795;0.00159361;90
-88.7674;0.00106925;90
-75.8842;0.000873372;90
-22.03;0.000605186;90
-19.6292;0.000470333;90
-50.856;0.00121976;90
-83.4373;0.00170618;90
-58.3219;0.000797873;90
-83.5265;0.000949051;90
-103.194;0.00141947;90
-84.1004;0.00211118;90
-7.40799;0.000527402;90
-46.4372;0.000592035;90
-60.104;0.00127;90
-41.9477;0.000969404;90
-37.4778;0.000923652;90
-46.299;0.000623829;90
-42.8945;0.000577389;90
-11.8767;0.00049561;90
-17.4198;0.000571197;90
-14.572;0.000492854;90
-7.30295;0.000519212;90
12.9333;0.000629982;90
36.2577;0.000804846;90
-17.8979;0.000641022;90
-82.4475;0.000897788;90
-89.5042;0.00184907;90
-109.704;0.00131393;90
-98.6375;0.00180447;90
-90.7124;0.00152812;90
-106.335;0.00135468;90
-85.0059;0.0015278;90
-78.8009;0.00192567;90
-75.5849;0.00168711;90
-87.9973;0.00206026;90
-65.729;0.00120665;90
-55.9365;0.00153184;90
-71.6104;0.00199698;90
-47.0624;0.00127716;90
-54.2617;0.00119503;90
-49.2865;0.00116362;90
-35.4325;0.00107634;90
-41.7517;0.00124793;90
-29.4265;0.00136167;90
20.7147;0.00093013;90
55.0595;0.00163953;90
64.6554;0.00170069;90
65.9159;0.0016737;90
67.7319;0.00164142;90
80.2013;0.00179214;90
79.1017;0.00185648;90
83.4442;0.00167294;90
82.8989;0.000889825;90
77.6127;0.00188795;90
81.0738;0.00147587;90
84.0441;0.00158053;90
90.4621;0.00198406;90
96.8792;0.00156124;90
100.358;0.00162956;90
105.128;0.00157871;90
109.673;0.00160998;90
110.292;0.00182528;90
108.734;0.00193661;90
93.7537;0.00145111;90
95.6322;0.00159972;90
108.377;0.00186195;90
138.715;0.00103668;90
122.291;0.000977118;90
172.296;0.000589319;90
87.7548;0.00196551;90
128.624;0.00198653;90
93.2669;0.0013512;90
-159.217;0.00100328;90
-157.968;0.000831736;90
-162.664;0.000758454;90
-156.64;0.000743985;90
-144.938;0.000741569;90
-154.967;0.000652271;90
95.8935;0.00155824;90
99.8118;0.00145529;90
113.232;0.000899974;90
-43.9751;0.00379494;90
-146.126;0.00112494;90
-152.782;0.00102105;90
100.963;0.00126203;90
99.0387;0.0015786;90
127.929;0.000844344;90
-130.544;0.00109225;90
-167.586;0.000702422;90
-159.79;0.000561574;90
24.0987;0.000769025;90
25.6845;0.000902136;90
17.9854;0.000725449;90
-73.4084;0.00163195;90
-92.5256;0.00165661;90
-175.848;0.000856248;90
179.304;0.000741055;90
-161.864;0.00103123;90
23.1792;0.00116613;90
-1.64727;0.00153063;90
26.7927;0.00168824;90
21.8014;0.00176633;90
19.6209;0.00175702;90
-10.8433;0.00158938;90
68.8465;0.00198688;90
52.7148;0.00173825;90
27.6154;0.0029275;90
-39.4327;0.00261662;90
61.1787;0.0019084;90
73.9656;0.00283114;90
84.3385;0.00127723;90
70.1815;0.00175494;90
-31.3111;0.000848591;90
-49.6299;0.00118261;90
-48.6764;0.00156593;90
-48.9461;0.00151043;90
147.674;0.00449573;90
-105.16;0.00137277;90
-104.405;0.00297452;90
-104.933;0.00196745;90
-75.3027;0.000945952;90
135.601;0.00202385;90
158.543;0.00253683;90
-139.794;0.00262264;90
-114.381;0.00247578;90
179.386;0.00140008;90
-159.799;0.00215453;90
-159.829;0.00205611;90
-167.257;0.00153685;90
98.6047;0.0028339;90
142.029;0.0032474;90
131.628;0.00179137;90
124.697;0.00168821;90
100.812;0.00126343;90
102.514;0.00163381;90
112.114;0.00173461;90
109.449;0.00175091;90
-116.598;0.00157688;90
-112.051;0.00192048;90
-127.931;0.00108019;90
-133.181;0.00100248;90
-117.28;0.00143343;90
-125.701;0.00105902;90
-118.328;0.000988363;90
-119.601;0.000886727;90
-95.7272;0.00103215;90
-105.84;0.000824302;90
-116.108;0.000729429;90
-70.0136;0.00149504;90
-74.6731;0.000839871;90
-95.5709;0.00106101;90
-86.1826;0.00114153;90
-51.0853;0.000667025;90
-23.9932;0.000568086;90
-22.6587;0.000794308;90
-74.4147;0.000852339;90
-82.2198;0.00171378;90
-57.0869;0.000715906;90
-92.6298;0.00124231;90
-96.8582;0.00162462;90
-80.0996;0.00141913;90
-32.5188;0.000922659;90
-40.612;0.000582241;90
-62.8989;0.00129071;90
-27.454;0.00089364;90
-42.7374;0.00103884;90
-45;0.000576999;90
-23.1544;0.000511176;90
-12.3944;0.000601007;90
-8.02019;0.000516047;90
-7.40248;0.000512269;90
11.7683;0.000661913;90
39.3989;0.000883861;90
-24.7809;0.00068949;90
-72.5056;0.00211901;90
11.6776;0.000825078;90
-12.3718;0.000910135;90
-42.1572;0.000926743;90
37.3227;0.000809825;90
73.1913;0.00120342;90
97.4566;0.00117897;90
88.989;0.00153024;90
67.3211;0.000970001;90
33.0408;0.000709784;90
49.5961;0.00116482;90
41.2174;0.000857467;90
62.0392;0.00084459;90
71.1324;0.001005;90
102.344;0.00141266;90
123.215;0.000702829;90
88.5599;0.00107434;90
33.7589;0.00138564;90
-39.9772;0.00102571;90
-19.6205;0.000810033;90
-55.1785;0.00134846;90
-79.3851;0.00147118;90
-88.4701;0.00127345;90
-82.2291;0.00135343;90
-71.6989;0.00108277;90
-72.8659;0.0010726;90
-74.4831;0.000844791;90
-67.4295;0.000982231;90
-69.8931;0.00134391;90
-74.4275;0.00164644;90
-79.9778;0.0018675;90
-84.4314;0.0015252;90
-89.4679;0.00129206;90
-125.392;0.00118619;90
-98.3609;0.00133418;90
-94.4576;0.00186564;90
-89.9077;0.001863;90
-93.3572;0.00181011;90
-103.156;0.00159486;90
-97.4942;0.00180946;90
-120.281;0.00100745;90
128.762;0.00104777;90
133.892;0.000731285;90
152.33;0.000602956;90
-172.456;0.000677868;90
-158.763;0.000679121;90
-145.169;0.000612788;90
-105.199;0.00099169;90
-97.2929;0.00101622;90
-79.1323;0.0010926;90
-94.1328;0.00112392;90
-99.8915;0.00190938;90
144.647;0.000649828;90
144.06;0.000579276;90
136.673;0.000702456;90
138.568;0.000874973;90
152.665;0.000799243;90
121.62;0.00124362;90
129.131;0.00134845;90
124.504;0.00119162;90
103.835;0.00172298;90
125.189;0.000879778;90
132.584;0.000620684;90
96.2571;0.00350488;90
107.699;0.00137823;90
99.2696;0.00151478;90
102.693;0.000869244;90
84.1249;0.00145565;90
70.1587;0.000863246;90
91.1307;0.0015203;90
81.3774;0.00172753;90
73.8764;0.000839002;90
49.6174;0.000966215;90
37.973;0.000768742;90
2.35754;0.000923782;90
-34.4582;0.000703423;90
-10.5171;0.000651952;90
33.4004;0.000548606;90
67.4812;0.00148308;90
38.2815;0.000543965;90
-31.463;0.00064949;90
-41.6398;0.000760032;90
-28.5658;0.000512372;90
-1.26182;0.00045411;90
-52.6577;0.000849029;90
-9.2726;0.000645434;90
21.5014;0.000922176;90
41.9711;0.00132485;90
-75.882;0.00152919;90
-77.6027;0.00165356;90
-47.4929;0.00105671;90
-43.2165;0.00138589;90
-88.0581;0.00239037;90
-94.6924;0.00200472;90
-95.7197;0.00187634;90
-88.4408;0.00154357;90
84.0122;0.00113117;90
76.4619;0.00184116;90
81.2378;0.001628;90
84.167;0.00190888;90
93.3424;0.00195533;90
97.3969;0.00222149;90
105.244;0.00233517;90
111.73;0.00193662;90
107.58;0.00190707;90
105.893;0.00181124;90
91.8108;0.00145573;90
98.8773;0.00156171;90
115.242;0.0015102;90
-174.751;0.000666796;90
137.1;0.000849098;90
162.452;0.000756191;90
-147.215;0.00068514;90
-156.263;0.000824772;90
173.391;0.00072985;90
141.713;0.000792442;90
160.235;0.000830954;90
141.007;0.000912226;90
147.834;0.00083401;90
170.311;0.000665492;90
-176.678;0.000604015;90
173.726;0.000668001;90
-168.386;0.000665628;90
-125.041;0.000870844;90
-128.936;0.000843348;90
-121.65;0.000973839;90
-110.938;0.00144116;90
-110.476;0.00176662;90
-122.397;0.00130277;90
-124.287;0.000798812;90
-125.665;0.000941608;90
-107.694;0.000954139;90
-97.3002;0.00105455;90
158.868;0.000699005;90
127.169;0.00145822;90
131.356;0.00120168;90
166.851;0.000501139;90
100.428;0.00141436;90
121.424;0.00136757;90
121.015;0.00135467;90
113.127;0.00147667;90
54.8796;0.00113333;90
58.6788;0.000852193;90
62.5323;0.000908404;90
67.9629;0.00153516;90
81.3226;0.00114005;90
107.731;0.000952234;90
117.12;0.000877474;90
113.46;0.000891711;90
142.091;0.00117999;90
134.259;0.00065625;90
97.0219;0.00096524;90
68.2762;0.00191823;90
52.0187;0.00113421;90
-75.7999;0.00169582;90
-80.1301;0.00177934;90
-76.063;0.000979845;90
-63.5015;0.00153976;90
-61.5443;0.0011522;90
16.0893;0.00142169;90
-0.581242;0.000690036;90
-1.69536;0.000473207;90
60.7466;0.000867655;90
0.864124;0.000663075;90
-2.01724;0.000653405;90
19.2828;0.000747961;90
17.1375;0.000726245;90
8.16533;0.000689995;90
12.7094;0.000722707;90
46.0701;0.000984464;90
65.3303;0.000987093;90
-81.0774;0.00101225;90
-120.925;0.0217874;90
-132.443;0.00171149;90
103.45;0.00239468;90
-144.871;0.00285012;90
-130.742;0.00493366;90
-130.446;0.00569108;90
-129.455;0.00541491;90
-127.693;0.00504232;90
-132.397;0.00515376;90
-130.208;0.0055362;90
-123.954;0.0059495;90
-129.728;0.00566384;90
-136.783;0.00518136;90
-129.721;0.00531879;90
-123.995;0.00557482;90
-159.605;0.00428993;90
-177.991;0.00427863;90
178.99;0.00391461;90
-161.059;0.00422687;90
-132.036;0.00573028;90
-113.554;0.00723696;90
-112.237;0.00703416;90
-113.325;0.00708177;90
-115.338;0.00665964;90
-121.193;0.00600284;90
-126.436;0.00575997;90
-118.909;0.00643945;90
-109.462;0.00717921;90
-101.136;0.00853266;90
-96.8019;0.00818159;90
-98.751;0.00802543;90
-104.239;0.00761494;90
-106.6;0.00736809;90
-103.959;0.00752831;90
-103.207;0.00481023;90
-86.8062;0.00136412;90
-153.465;0.00083942;90
121.939;0.00347627;90
124.101;0.00421833;90
124.804;0.00425036;90
132.441;0.00152038;90
121.481;0.00372647;90
125.256;0.00409022;90
123.341;0.00427571;90
125.587;0.00322541;90
135.089;0.00271954;90
145.72;0.00309816;90
143.262;0.00304601;90
128.588;0.00359622;90
119.231;0.00362456;90
112.452;0.00361609;90
112.878;0.00269826;90
127.74;0.00163379;90
-142.883;0.00111361;90
-134.515;0.00192128;90
-157.666;0.00189733;90
-93.4591;0.00188944;90
-68.1536;0.00260401;90
-66.6516;0.00251059;90
-64.3603;0.00160615;90
-54.8151;0.0103659;90
-42.0103;0.00387739;90
-55.6018;0.000695647;90
-54.9767;0.00104894;90
-62.455;0.00538658;90
-64.1208;0.000971418;90
-58.7685;0.00374351;90
-34.0667;0.000801559;90
-60.3122;0.00236435;90
-48.5763;0.000680147;90
-52.8143;0.00156022;90
-56.0963;0.00364468;90
-77.1549;0.00149337;90
-59.4176;0.00430248;90
-55.567;0.00113363;90
-50.1163;0.00497949;90
-58.8539;0.000862299;90
-42.6488;0.00106863;90
-71.3449;0.00329196;90
-72.624;0.00155706;90
-64.4845;0.00439461;90
-63.7418;0.00425843;90
-64.7358;0.00328966;90
-37.6284;0.000876277;90
-59.1409;0.00300432;90
-68.0907;0.00197246;90
-114.519;0.00151568;90
150.254;0.00685875;90
58.1748;0.00512204;90
112.96;0.00242512;90
117.706;0.00359407;90
116.532;0.00383486;90
98.2723;0.00341958;90
68.7925;0.00779275;90
69.5691;0.00214279;90
76.8557;0.00981515;90
73.8635;0.001853;90
75.0763;0.0100997;90
74.5345;0.00303385;90
78.9365;0.0129028;90
83.3197;0.00271644;90
83.2152;0.00490938;90
72.4837;0.0219917;90
56.0843;0.00232449;90
55.0428;0.0037751;90
56.7093;0.00596844;90
62.967;0.00618696;90
65.8061;0.0132739;90
68.3007;0.00302108;90
66.5057;0.00483372;90
41.8764;0.011225;90
0.374477;0.00122403;90
-20.3259;0.00145671;90
12.0784;0.0090657;90
36.4825;0.00150863;90
47.4969;0.00191525;90
56.3529;0.00591255;90
45.9435;0.0049384;90
42.2462;0.00462133;90
53.8948;0.00476522;90
56.0363;0.0098735;90
51.8159;0.0019185;90
47.4362;0.00362649;90
46.5011;0.00520963;90
48.8799;0.00499514;90
51.0964;0.0042945;90
50.8842;0.0049454;90
60.1014;0.00485288;90
0.167043;0.000686003;90
-78.0668;0.00383999;90
44.608;0.0017572;90
69.7183;0.00408209;90
47.5086;0.00277876;90
47.6876;0.00298586;90
65.5527;0.007116;90
5.58122;0.000616925;90
19.4214;0.00119394;90
76.7484;0.00354232;90
-118.885;0.0135988;90
-118.656;0.000907106;90
64.3459;0.00818594;90
60.1659;0.0010352;90
23.4833;0.00388475;90
94.2974;0.00294929;90
-102.208;0.00387769;90
-177.474;0.00158854;90
-120.143;0.00860685;90
-120.824;0.00803267;90
-106.448;0.00144097;90
-124.975;0.00112522;90
157.918;0.00579618;90
-122.251;0.0168283;90
-127.294;0.00337509;90
-128.906;0.0204875;90
-134.681;0.0100361;90
-128.884;0.0098687;90
-160.087;0.00111571;90
-175.926;0.0102609;90
-155.099;0.00137039;90
-131.541;0.0106309;90
-119.267;0.00202097;90
-112.016;0.0144907;90
-113.537;0.00386888;90
-121.052;0.0121805;90
-131.406;0.00156791;90
-116.499;0.0131248;90
-97.8223;0.00221158;90
-107.462;0.00284931;90
-98.8888;0.0171307;90
-94.4584;0.00397503;90
-106.241;0.0198876;90
-99.2162;0.00176073;90
-133.462;0.00705947;90
119.586;0.0015616;90
126.374;0.00827911;90
120.251;0.00147483;90
123.66;0.0105726;90
121.726;0.00139201;90
137.136;0.00246669;90
132.128;0.00108677;90
144.939;0.00796417;90
120.608;0.0027653;90
115.353;0.0106541;90
114.62;0.00877357;90
123.54;0.00158728;90
126.03;0.00962403;90
122.803;0.00480289;90
124.85;0.00468651;90
118.826;0.00243698;90
114.957;0.016761;90
110.719;0.00356989;90
108.532;0.0222982;90
103.75;0.00252022;90
101.522;0.0292974;90
98.7462;0.00303833;90
109.17;0.0213054;90
120.174;0.00134296;90
130.416;0.019305;90
101.05;0.0225501;90
100.239;0.00240225;90
104.102;0.0314096;90
101.949;0.00432777;90
114.642;0.0307691;90
117.295;0.00302028;90
103.192;0.0258748;90
103.191;0.00220416;90
144.414;0.00942897;90
115.839;0.00772758;90
98.18;0.00357032;90
109.741;0.00793748;90
114.761;0.00142061;90
114.591;0.00197294;90
107.281;0.0164108;90
98.9894;0.00248958;90
94.1308;0.0261128;90
83.6224;0.00423118;90
104.436;0.0244521;90
98.1737;0.00260244;90
97.3267;0.0194155;90
94.737;0.00267614;90
98.0603;0.0205399;90
103.288;0.00660893;90
97.6045;0.00616623;90
99.8685;0.0255094;90
101.868;0.00255767;90
108.905;0.0290924;90
109.203;0.00283049;90
109.766;0.0145631;90
92.4881;0.00175065;90
118.362;0.00887305;90
129.862;0.00104222;90
140.455;0.00923066;90
127.362;0.0027025;90
124.225;0.00849144;90
149.833;0.00119598;90
145.153;0.0113321;90
150.374;0.00108022;90
129.913;0.0135968;90
155.645;0.0159241;90
134.389;0.0132576;90
143.824;0.00865703;90
131.482;0.00141759;90
125.766;0.0159118;90
140.565;0.00182303;90
128.029;0.010749;90
98.0138;0.00215908;90
112.263;0.00271867;90
110.371;0.0151452;90
110.372;0.00332071;90
111.498;0.0254506;90
117.406;0.00112755;90
114.943;0.0143108;90
138.878;0.000930562;90
122.854;0.0134729;90
115.336;0.00191854;90
125.916;0.0184028;90
121.945;0.00190323;90
114.819;0.0304085;90
99.7145;0.00246535;90
96.5353;0.00304881;90
98.6404;0.027757;90
92.7136;0.00257689;90
108.054;0.0324928;90
99.329;0.00282537;90
108.884;0.0293614;90
115.266;0.00112458;90
121.672;0.0149165;90
133.519;0.0108308;90
143.88;0.0012231;90
137.752;0.0159948;90
104.692;0.00124987;90
123.975;0.0146898;90
147.393;0.00136397;90
-163.737;0.00979492;90
160.127;0.00342709;90
146.492;0.00183496;90
133.43;0.0133955;90
127.592;0.00196876;90
154.375;0.0219665;90
150.134;0.0017551;90
172.699;0.0139914;90
121.093;0.0216272;90
117.723;0.0146542;90
109.871;0.00283904;90
105.132;0.0221987;90
101.922;0.00315608;90
109.706;0.0164387;90
108.425;0.00381244;90
110.916;0.0271961;90
119.095;0.002219;90
124.44;0.013801;90
150.375;0.00100543;90
151.67;0.0118662;90
128.836;0.00127095;90
173.057;0.00195232;90
132.498;0.0194697;90
108.677;0.00329765;90
115.94;0.0277074;90
129.428;0.00171151;90
143.401;0.0380504;90
146.41;0.00143335;90
152.539;0.00929424;90
140.677;0.00303778;90
115.665;0.0221957;90
101.333;0.000971952;90
97.5983;0.021985;90
90.7085;0.00307323;90
85.3962;0.0224755;90
89.4316;0.00312515;90
90.019;0.012048;90
137.827;0.00180673;90
171.82;0.00307125;90
170.103;0.00961104;90
170.512;0.00111019;90
156.93;0.00772478;90
159.002;0.00176094;90
139.072;0.00939075;90
144.931;0.00139409;90
107.724;0.0314257;90
114.838;0.00267108;90
118.713;0.0154428;90
104.333;0.00154303;90
110.508;0.00444148;90
93.1117;0.023046;90
95.2686;0.00216716;90
113.944;0.020858;90
99.042;0.00206162;90
97.1231;0.022024;90
110.956;0.0303034;90
132.295;0.00125864;90
130.65;0.00139844;90
120.327;0.0154573;90
102.94;0.0105304;90
111.107;0.00147174;90
119.371;0.028434;90
113.661;0.0119779;90
102.188;0.00197041;90
102.604;0.0160621;90
91.9929;0.00241546;90
95.7058;0.0227919;90
93.4366;0.00273592;90
99.6412;0.0155841;90
152.748;0.000969629;90
126.768;0.0139314;90
116.501;0.0155666;90
112.887;0.00151963;90
122.382;0.0141682;90
140.873;0.00185884;90
147.268;0.0112778;90
140.114;0.00402177;90
161.724;0.0023948;90
151.367;0.0127901;90
120.64;0.0318577;90
103.234;0.00252917;90
98.1765;0.0240889;90
124.893;0.0156507;90
126.313;0.0103649;90
134.288;0.00125168;90
125.161;0.0115321;90
114.875;0.00144065;90
118.575;0.0139263;90
107.936;0.00163338;90
128.264;0.0158439;90
137.943;0.000606083;90
148.342;0.00402022;90
130.535;0.00140788;90
116.035;0.00328537;90
-36.0819;0.00123612;90
-72.8864;0.00309922;90
92.0342;0.0060288;90
98.4923;0.0192177;90
95.5219;0.00456217;90
93.5542;0.0174055;90
92.4325;0.00296868;90
99.8676;0.0121315;90
100.998;0.00291962;90
94.218;0.0301286;90
89.4389;0.00265513;90
93.5488;0.0187239;90
95.4278;0.00475733;90
99.9014;0.0161962;90
93.8991;0.0189118;90
87.9773;0.00575158;90
94.3666;0.0195959;90
99.912;0.00307896;90
99.9237;0.0033887;90
101.637;0.00890911;90
97.6209;0.0201631;90
91.4135;0.00308094;90
94.22;0.00373713;90
94.2067;0.0206938;90
94.3285;0.00995038;90
96.6498;0.00613125;90
96.4868;0.0142865;90
94.965;0.00316588;90
98.4525;0.00550378;90
105.427;0.0405406;90
113.227;0.0037249;90
110.572;0.013831;90
111.855;0.00179178;90
112.1;0.0178667;90
108.385;0.00180092;90
108.589;0.0196248;90
98.2029;0.00278247;90
98.1268;0.014735;90
93.4175;0.00454608;90
93.4587;0.00707789;90
103.857;0.0167392;90
110.808;0.00287983;90
109.247;0.00278783;90
104.438;0.0162027;90
95.9447;0.00224005;90
108.369;0.0129657;90
111.001;0.00191415;90
121.439;0.0118484;90
104.313;0.00115691;90
118.512;0.00305444;90
113.515;0.0145318;90
114.762;0.00213203;90
115.595;0.00327541;90
117.676;0.00735894;90
114.236;0.0139561;90
116.9;0.00214174;90
122.435;0.0113732;90
110.612;0.00226393;90
113.481;0.00290125;90
113.427;0.0148523;90
114.192;0.00169595;90
117.502;0.00360994;90
120.6;0.0125961;90
109.591;0.00244557;90
103.587;0.0123743;90
107.307;0.0146189;90
113.704;0.00193527;90
117.012;0.00860912;90
104.143;0.00182945;90
106.746;0.0148268;90
98.0431;0.0028874;90
95.4612;0.0146786;90
88.478;0.00289902;90
97.125;0.0142702;90
107.533;0.00271199;90
115.533;0.009584;90
118.34;0.00248367;90
126.709;0.00868423;90
137.822;0.00178124;90
128.643;0.00322514;90
127.619;0.00503103;90
116.804;0.0123343;90
101.146;0.00294352;90
97.2235;0.0114045;90
106.094;0.00254681;90
106.923;0.00252849;90
106.258;0.0131478;90
108.467;0.0171016;90
110.693;0.00303372;90
123.642;0.00561911;90
130.5;0.00546156;90
139.632;0.00477229;90
134.542;0.00920682;90
116.178;0.00132378;90
126.359;0.00336513;90
144.216;0.00969154;90
-164.331;0.000740519;90
173.181;0.0016255;90
152.603;0.00856236;90
146.762;0.00862031;90
-143.111;0.0006014;90
151.073;0.00265871;90
-127.068;0.00272082;90
82.8584;0.00171329;90
81.0399;0.00262605;90
115.86;0.00207254;90
-159.646;0.00135991;90
-136.305;0.00136648;90
-172.508;0.00125774;90
89.7591;0.00190302;90
74.6583;0.0023207;90
133.37;0.00325613;90
151.026;0.000893875;90
-175.869;0.00352616;90
-56.2204;0.00106475;90
-102.529;0.00216659;90
-103.371;0.00219243;90
-96.5726;0.00163374;90
-98.4997;0.001184;90
118.006;0.00197418;90
107.553;0.00349157;90
121.291;0.00465746;90
112.224;0.00546498;90
106.435;0.00571867;90
110.21;0.00541009;90
100.651;0.00697415;90
92.7614;0.00753475;90
94.4063;0.00922828;90
98.85;0.00339947;90
98.7569;0.00648965;90
108.423;0.00592674;90
104.756;0.00614052;90
100.876;0.00527881;90
103.195;0.00693508;90
113.626;0.005452;90
90.8073;0.00624562;90
46.8911;0.00426405;90
35.7601;0.00446104;90
58.5142;0.00502597;90
75.0052;0.00617631;90
77.4395;0.00666758;90
94.4789;0.00493006;90
114.756;0.00423633;90
119.824;0.00458644;90
116.833;0.00487826;90
115.85;0.0049081;90
110.653;0.00548339;90
111.789;0.0051887;90
122.927;0.0043509;90
129.187;0.00446145;90
128.933;0.00373962;90
130.771;0.0037976;90
133.274;0.00398989;90
130.603;0.00400269;90
150.483;0.00321302;90
171.189;0.00297713;90
148.113;0.00328823;90
122.941;0.00407518;90
141.559;0.00278585;90
131.096;0.00331341;90
120.837;0.00341592;90
121.347;0.00379844;90
118.656;0.00367631;90
129.497;0.00182852;90
173.982;0.000982414;90
-112.074;0.0127485;90
-128.272;0.000923477;90
-135.584;0.00346642;90
161.119;0.00284614;90
118.925;0.00236732;90
103.302;0.00371158;90
102.787;0.00413864;90
99.0573;0.00411632;90
98.0995;0.00371203;90
101.233;0.00320846;90
111.155;0.00284578;90
140.054;0.00261657;90
135.862;0.00366747;90
109.838;0.00971237;90
122.313;0.0031616;90
149.317;0.00259069;90
149.963;0.00216357;90
79.6434;0.0014852;90
102.77;0.00584969;90
104.036;0.00250273;90
103.053;0.00354664;90
101.28;0.00185075;90
98.3317;0.00160797;90
94.2063;0.00436275;90
116.51;0.0186309;90
104.024;0.00470834;90
105.206;0.00305392;90
172.086;0.0016487;90
160.735;0.00076377;90
132.6;0.000979495;90
95.5681;0.00236014;90
101.905;0.001813;90
90.1339;0.00342401;90
68.6387;0.00149898;90
79.5396;0.00342594;90
101.232;0.00303921;90
80.8594;0.00242986;90
-41.843;0.00177187;90
-81.9562;0.00206532;90
-99.8732;0.00132969;90
-95.97;0.000923006;90
-95.8962;0.00178142;90
-133.006;0.000894324;90
-129.98;0.000630328;90
-108.916;0.00109197;90
-137.436;0.000782059;90
-93.9878;0.00258827;90
-76.2083;0.00238681;90
-77.8821;0.00190546;90
-61.607;0.00193474;90
-13.9699;0.00146637;90
22.5214;0.00147769;90
-85.4332;0.00287613;90
-82.5441;0.00493977;90
-65.335;0.0204212;90
-85.1271;0.00274291;90
-78.3459;0.0012079;90
86.0671;0.0014434;90
96.3752;0.00199031;90
