X,Y,Z,TYPE,STREET1,STREET2,STREET3,STREET4,INTERSECTI,GID
424139.505,5454727.567,0,NORMAL,"928",,,,"6178","59257"
424288.52,5454773.86,0,DEADEND,"928",,,,"6177","59258"
424295.914,5454598.419,0,NORMAL,"986","969",,,"6175","59259"
424220.014,5454631.837,0,DEADEND,"1124",,,,"6174","59260"
424277.818,5454639.461,0,NORMAL,"986","1124",,,"6173","59261"
424261.173,5454707.714,0,NORMAL,"988","986",,,"6172","59262"
424259.508,5454773.647,0,NORMAL,"928","986",,,"6171","59263"
424144.222,5454673.106,0,DEADEND,"928",,,,"6170","59264"
424139.359,5454710.205,0,NORMAL,"928","988",,,"6169","59265"
424309.98,5454821.714,0,NORMAL,"356","1154","123",,"6168","59266"
424096.612,5454825.825,0,NORMAL,"356","34",,,"6167","59267"
424095.48,5454727.643,0,NORMAL,"34","928","1048",,"6166","59268"
424094.828,5454630.168,0,NORMAL,"895","34","732",,"6164","59269"
423580.515,5454637.44,0,NORMAL,"340","895",,,"6163","59270"
423546.145,5454726.183,0,NORMAL,"1048","340",,,"6162","59271"
423999.519,5455019.079,0,DEADEND,"627",,,,"6160","59273"
423998.881,5454929.001,0,DEADEND,"809",,,,"6159","59274"
424070.629,5455020.661,0,NORMAL,"654","627",,,"6158","59275"
424107.868,5454926.928,0,NORMAL,"654","649",,,"6157","59276"
424459.773,5455007.769,0,DEADEND,"626",,,,"6204","59285"
424073.592,5454938.744,0,NORMAL,"654","809",,,"6156","59277"
423909.093,5454883.432,0,NORMAL,"667","649",,,"6155","59278"
423908.535,5454836.119,0,NORMAL,"667","356",,,"6154","59279"
424458.564,5454916.67,0,DEADEND,"802",,,,"6205","59284"
424404.593,5455098.131,0,DEADEND,"191",,,,"6203","59286"
424819.586,5455358.552,0,NORMAL,"562","813",,,"6221","59297"
424792.073,5455310.957,0,DEADEND,"813",,,,"6220","59298"
424702.146,5455265.964,0,NORMAL,"566","219",,,"6219","59299"
424703.254,5455349.047,0,NORMAL,"53","566",,,"6218","59300"
424555.255,5455377.194,0,DEADEND,"53",,,,"6217","59301"
424554.092,5455287.277,0,DEADEND,"219",,,,"6216","59302"
424852.516,5455000.87,0,NORMAL,"256","335",,,"6214","59304"
424698.64,5455003.047,0,NORMAL,"256","566",,,"6213","59305"
424549.066,5454904.62,0,DEADEND,"996",,,,"6212","59306"
424615.647,5454896.221,0,NORMAL,"838","996",,,"6211","59307"
424700.114,5455113.553,0,NORMAL,"566","838",,,"6210","59308"
424550.307,5454999.952,0,DEADEND,"1037",,,,"6208","59310"
424792.969,5455091.674,0,DEADEND,"247",,,,"6227","59311"
424853.696,5455090.489,0,NORMAL,"247","335",,,"6226","59312"
424855.648,5455225.836,0,NORMAL,"335","1017",,,"6225","59313"
424895.941,5455298.348,0,NORMAL,"562","335",,,"6224","59314"
424794.19,5455181.633,0,DEADEND,"1017",,,,"6223","59315"
426053.222,5454352.947,0,NORMAL,"857","1092",,,"6282","59316"
426039.619,5454612.324,0,DEADEND,"494",,,,"6281","59317"
425993.103,5454523.801,0,NORMAL,"857","494",,,"6280","59318"
425910.962,5454577.08,0,NORMAL,"857","436",,,"6279","59319"
425764.576,5454611.426,0,NORMAL,"1029","857",,,"6277","59321"
425759.329,5454502.401,0,NORMAL,"1092","1029",,,"6275","59322"
425692.989,5454501.315,0,NORMAL,"1092","1000",,,"6272","59324"
426416.039,5448483.898,0,DEADEND,"876",,,,"9023","61706"
426246.131,5448482.801,0,NORMAL,"876","371",,,"9022","61707"
426318.419,5448980.496,0,NORMAL,"719","371",,,"9021","61708"
425746.105,5449249.121,0,NORMAL,"719","1153",,,"9020","61709"
432335.458,5444373.689,0,DEADEND,"1153",,,,"9017","61711"
432118.168,5444195.685,0,DEADEND,"377",,,,"9012","61716"
431920.492,5444083.378,0,NODE,"511","1082",,,"9009","61718"
430899.036,5445345.781,0,DEADEND,"21",,,,"9008","61719"
429831.632,5447741.865,0,NORMAL,"378","1134",,,"9003","61722"
428272.852,5449962.826,0,NORMAL,"537","569","352",,"9002","61723"
428434.274993279,5449067.74574262,0,DEADEND,"646",,,,"9001","61724"
428383.12,5449133.21,0,DEADEND,"89",,,,"9000","61725"
429313.512,5449202.941,0,DEADEND,"537",,,,"8999","61726"
429643.418,5449106.202,0,NORMAL,"401","537","333",,"8998","61727"
429219.661,5450406.404,0,NORMAL,"333","1002",,,"8997","61728"
428893.143,5450483.455,0,NORMAL,"677","475",,,"8995","61729"
428897.798,5450624.725,0,NORMAL,"475","1245",,,"8994","61730"
429333.6,5450471.1,0,DEADEND,"677",,,,"8992","61732"
429336.139,5450444.862,0,DEADEND,"1002",,,,"8991","61733"
429649.79,5451104.84,0,DEADEND,"572",,,,"8986","61737"
430159.636,5452889.451,0,DEADEND,"466",,,,"8983","61740"
430283.934,5452843.681,0,NORMAL,"466","501","1088",,"8982","61741"
430293.961,5452533.906,0,DEADEND,"96",,,,"8981","61742"
430723.912,5452288.635,0,NORMAL,"508","829",,,"8978","61745"
430709.897,5452345.279,0,NORMAL,"829","474",,,"8977","61746"
429345.784,5451376.52,0,DEADEND,"949",,,,"8976","61747"
429306.48,5451381.768,0,NORMAL,"949",,,,"8975","61748"
429277.368,5451201.147,0,DEADEND,"708",,,,"8974","61749"
429200.219,5451191.459,0,NORMAL,"708","991",,,"8973","61750"
428852.879,5451339.467,0,DEADEND,"623",,,,"8972","61751"
428128.78,5451280.927,0,NORMAL,"333","806",,,"8967","61756"
427385.502,5451521.267,0,DEADEND,"714",,,,"8966","61757"
427421.787,5451467.08,0,NORMAL,"14","714","742",,"8965","61758"
425362.541,5451900.715,0,NORMAL,"968","644",,,"8964","61759"
425668.377,5451867.144,0,NORMAL,"973","1085",,,"8963","61760"
425753.336,5451898.935,0,DEADEND,"433",,,,"8962","61761"
425977.149,5451240.914,0,DEADEND,"2",,,,"8032","61017"
425760.813,5451123.511,0,DEADEND,"1",,,,"8031","61018"
425713.696131459,5451214.93084233,0,DEADEND,"295",,,,"8030","61019"
426205.222,5451046.535,0,NORMAL,"4","1201",,,"8025","61023"
426200.441,5451041.757,0,NORMAL,"4","1201",,,"8024","61024"
426154.572,5450980.341,0,NORMAL,"1168","4",,,"8023","61025"
426207.601,5451142.238,0,NORMAL,"35","821",,,"8020","61028"
426119.546,5451105.412,0,NORMAL,"1201","821",,,"8019","61029"
426124.867,5451199.818,0,NORMAL,"35","3",,,"8018","61030"
426076.325,5451134.903,0,NORMAL,"1201","3",,,"8017","61031"
426026.006,5451075.728,0,NORMAL,"1168","3",,,"8016","61032"
425866.905,5451098.213,0,NORMAL,"295","2",,,"8015","61033"
425913.869,5451161.226,0,NORMAL,"2","1168",,,"8014","61034"
425962.69,5451225.077,0,NORMAL,"2","1201",,,"8013","61035"
425883.661,5451283.613,0,NORMAL,"1201","1",,,"8012","61036"
425833.128,5451222.089,0,NORMAL,"1168","1",,,"8011","61037"
425785.149,5451159.07,0,NORMAL,"295","1",,,"8010","61038"
424766.987,5450850.098,0,DEADEND,"835",,,,"8007","61040"
424307.082,5451374.111,0,DEADEND,"127",,,,"8005","61041"
425271.789,5451408.645,0,NORMAL,"569","1238",,,"8003","61043"
425096.522,5451213.92,0,DEADEND,"74",,,,"8001","61045"
425017.674,5451280.816,0,NORMAL,"74","205","661",,"8000","61046"
425042.545,5451371.694,0,DEADEND,"205",,,,"7999","61047"
424850.559,5451378.324,0,NORMAL,"591","661",,,"7998","61048"
424546.754947262,5452027.443779,0,NORMAL,"1044","1153",,,"7988","61056"
425200.315,5452405.54,0,NORMAL,"1154","898",,,"7985","61057"
423689.165,5451874.265,0,NORMAL,"744","277",,,"7982","61060"
423726.902,5451983.255,0,NORMAL,"744","61",,,"7981","61061"
423842.809,5452224.852,0,DEADEND,"785",,,,"7979","61063"
424237.463614263,5452172.78023935,0,NORMAL,"105","824",,,"7971","61067"
424017.969,5452175.738,0,NORMAL,"255","824",,,"7970","61068"
423735.23,5452496.218,0,NORMAL,"461","929",,,"7968","61070"
423779.575,5452173.262,0,NORMAL,"744","242",,,"7966","61072"
423840.887,5452174.889,0,NORMAL,"785","242",,,"7965","61073"
423870.093,5451976.356,0,NORMAL,"61","277",,,"7964","61074"
424233.081,5451665.303,0,NORMAL,"992",,,,"7958","61077"
424272.038,5451553.563,0,DEADEND,"216",,,,"7955","61079"
424266.68,5451442.939,0,DEADEND,"936",,,,"7954","61080"
424355.569667867,5451433.34987798,0,NORMAL,"1005","936",,,"7953","61081"
424404.242,5451523.152,0,NORMAL,"718","1005",,,"7952","61082"
424559.145,5451491.61,0,NORMAL,"718","1005",,,"7950","61084"
424386.774,5451559.288,0,NORMAL,"718","216",,,"7949","61085"
424468.645,5451502.367,0,NORMAL,"718","597",,,"7947","61087"
424440.528461602,5451668.14653417,0,NORMAL,"597","718",,,"7946","61088"
424413.688,5451622.66,0,NORMAL,"718","992",,,"7945","61089"
424309.801,5451872.721,0,NORMAL,"1106","177",,,"7942","61091"
424410.716,5451756.912,0,NORMAL,"177","369",,,"7941","61092"
424446.791,5451755.266,0,NORMAL,"369","718",,,"7940","61093"
424386.784,5451966.895,0,NORMAL,"1023","1106",,,"7937","61096"
424315.693,5452046.651,0,NORMAL,"479","1023",,,"7936","61097"
424515.553,5452149.647,0,NORMAL,"741","479",,,"7935","61098"
424511.949,5452048.288,0,DEADEND,"1153",,,,"7934","61099"
424407.369,5452364.155,0,DEADEND,"1143",,,,"7929","61103"
424598.405,5452093.609,0,NORMAL,"741","1044",,,"7924","61106"
424940.135,5451881.497,0,NORMAL,"741","1044",,,"7923","61107"
424691.159,5452403.918,0,NORMAL,"569","837",,,"7920","61110"
426740.845,5451614.174,0,DEADEND,"313",,,,"7919","61111"
425479.564,5451867.78,0,DEADEND,"232",,,,"7916","61113"
425362.791,5452126.943,0,DEADEND,"1046",,,,"7915","61114"
425452.995,5452180.402,0,DEADEND,"523",,,,"7914","61115"
425045.803,5452991.869,0,DEADEND,"672",,,,"7913","61116"
425051.407,5452964.98,0,DEADEND,"727",,,,"7912","61117"
426400.16,5452601.66,0,DEADEND,"1125",,,,"7911","61118"
426407.645,5452723.64,0,DEADEND,"157",,,,"7908","61120"
426250.12,5452772.224,0,DEADEND,"478",,,,"7906","61122"
426248.105,5452727.198,0,NORMAL,"478","276",,,"7905","61123"
426084.999,5452693.237,0,NORMAL,"408","276",,,"7904","61124"
425704.453,5452717.802,0,DEADEND,"40",,,,"7903","61125"
425760.82,5452689.273,0,NORMAL,"408","40",,,"7902","61126"
426744.587,5452091.608,0,NORMAL,"541","298",,,"7899","61128"
426802.85,5451970.107,0,NORMAL,"1154","1091",,,"7898","61129"
426633.669,5451906.778,0,DEADEND,"1091",,,,"7897","61130"
426444.736,5452455.506,0,DEADEND,"164",,,,"7896","61131"
426231.989,5452501.547,0,NORMAL,"164","408",,,"7895","61132"
426040.981,5452475.564,0,DEADEND,"412",,,,"7894","61133"
426037.104,5452518.229,0,NORMAL,"164","412",,,"7893","61134"
425822.424,5452612.186,0,DEADEND,"173",,,,"7892","61135"
425704.247,5452616.613,0,NORMAL,"408","166","173",,"7891","61136"
425555.764,5452622.027,0,DEADEND,"166",,,,"7890","61137"
425573.274,5452452.651,0,DEADEND,"48",,,,"7889","61138"
425452.787,5452338.606,0,DEADEND,"922",,,,"7888","61139"
425460.87,5452431.74,0,DEADEND,"561",,,,"7887","61140"
425408.071,5452424.166,0,NORMAL,"922","561",,,"7886","61141"
425324.481,5452366.042,0,DEADEND,"931",,,,"7885","61142"
425330.494,5452427.717,0,DEADEND,"931",,,,"7884","61143"
425224.436,5452449.664,0,NORMAL,"898",,,,"7883","61144"
425329.121,5452403.967,0,NORMAL,"931","898",,,"7882","61145"
425357.885,5452315.148,0,NORMAL,"1154","1046",,,"7881","61146"
425360.888955713,5452251.39596645,0,NORMAL,"1046","523",,,"7880","61147"
425424.022,5451941.517,0,NORMAL,"968","232",,,"7879","61148"
429236.566,5451468.386,0,NORMAL,"949","584",,,"8539","61151"
430000.197,5452535.39,0,DEADEND,"90",,,,"8536","61154"
430065.527405316,5452258.9541091,0,DEADEND,"671",,,,"8534","61156"
430506.912,5452144.002,0,NORMAL,"508","671",,,"8533","61157"
430613.225,5452362.823,0,NORMAL,"474","462",,,"8531","61159"
430522.294,5452469.309,0,NORMAL,"474","990",,,"8529","61160"
430736.542,5452163.979,0,NORMAL,"629","733",,,"8521","61165"
430735.147,5452080.159,0,DEADEND,"733",,,,"8520","61166"
430836.058,5452160.621,0,NORMAL,"629","843",,,"8519","61167"
430833.947,5451918.324,0,DEADEND,"843",,,,"8518","61168"
430904.971,5451703.5,0,NORMAL,"495","117",,,"8516","61169"
430937.267,5451735.799,0,DEADEND,"117",,,,"8515","61170"
430755.496,5451762.053,0,DEADEND,"1225",,,,"8514","61171"
430784.838,5451737.906,0,NORMAL,"1195","1225",,,"8513","61172"
430765.552,5451562.336,0,DEADEND,"291",,,,"8512","61173"
430915.224,5451563.202,0,DEADEND,"1136",,,,"8511","61174"
430850.804,5451566.596,0,NORMAL,"1136","1195","291",,"8510","61175"
430434.618,5448736.372,0,NORMAL,"154","249",,,"8571","61649"
430582.981,5448731.959,0,NORMAL,"249","901",,,"8570","61650"
430759.225,5448726.814,0,NORMAL,"1076","249",,,"8569","61651"
430791.664,5448689.627,0,NORMAL,"1076","702",,,"8568","61652"
430710.25,5448681.496,0,NORMAL,"702","92",,,"8567","61653"
430581.152,5448684.247,0,NORMAL,"702","901",,,"8566","61654"
430432.537,5448688.401,0,NORMAL,"154","702",,,"8565","61655"
430196.76,5448690.105,0,NORMAL,"702","401",,,"8564","61656"
430110.299,5448593.438,0,NORMAL,"1112","888",,,"8563","61657"
430275.652,5448596.446,0,NORMAL,"888","401",,,"8562","61658"
430429.686,5448590.296,0,NORMAL,"154","888",,,"8561","61659"
430577.007,5448587.193,0,NORMAL,"901","888",,,"8560","61660"
430572.98,5448484.507,0,NORMAL,"652","901",,,"8559","61661"
430426.783,5448488.246,0,NORMAL,"154","652",,,"8558","61662"
430412.447,5448475.796,0,NORMAL,"401","652",,,"8557","61663"
430567.566,5448327.127,0,NORMAL,"401","901",,,"8556","61664"
430569.408,5448384.234,0,NORMAL,"1236","901",,,"8555","61665"
430698.42,5448381.106,0,NORMAL,"1236","92",,,"8554","61666"
430703.316,5448481.572,0,NORMAL,"652","92",,,"8553","61667"
430705.902,5448581.889,0,NORMAL,"92","888",,,"8552","61668"
430851.036,5448575.932,0,NORMAL,"888","343",,,"8551","61669"
430848.914,5448475.14,0,NORMAL,"343","652",,,"8550","61670"
430984.366,5448182.124,0,NORMAL,"596","1160",,,"8549","61671"
430840.354,5448277.063,0,NORMAL,"530","343",,,"8548","61672"
430780.827,5448279.937,0,NORMAL,"398","530",,,"8547","61673"
430695.142,5448281.362,0,NORMAL,"92","530",,,"8546","61674"
430566.879,5448286.803,0,NORMAL,"901","530",,,"8545","61675"
428833.101,5454291.366,0,DEADEND,"1028",,,,"9048","61686"
428927.358,5454100.342,0,DEADEND,"425",,,,"9047","61687"
428869.355,5454176.959,0,NORMAL,"425","1028",,,"9046","61688"
428701.046,5454278.916,0,NORMAL,"425","428",,,"9045","61689"
428608.821,5454420.046,0,DEADEND,"1241",,,,"9044","61690"
428547.81754307,5454408.43824039,0,NORMAL,"425","1241",,,"9043","61691"
428287.466,5454367.291,0,DEADEND,"66",,,,"9041","61692"
428255.532,5454416.427,0,NORMAL,"66","425",,,"9039","61693"
427646.06,5454318.899,0,NORMAL,"217","397",,,"9038","61694"
427636.753,5453922.209,0,NORMAL,"508","397",,,"9037","61695"
428373.34,5453728.287,0,DEADEND,"975",,,,"9034","61697"
428237.214,5453752.692,0,DEADEND,"265",,,,"9033","61698"
426281.773,5449560.468,0,NORMAL,"317","1086",,,"9032","61699"
426300.297,5449596.999,0,DEADEND,"317",,,,"9031","61700"
425816.83,5449367.62,0,DEADEND,"1153",,,,"9025","61704"
428940.69,5446698.951,0,NORMAL,"1157","814",,,"7418","60040"
429031.382,5446553.058,0,NORMAL,"1157","85",,,"7417","60041"
428931.457,5446590.191,0,NORMAL,"85","814",,,"7416","60042"
428929.795,5446519.797,0,NORMAL,"1157","814",,,"7415","60043"
428990.404,5446496.898,0,NORMAL,"1157",,,,"7414","60044"
428987.531,5446443.374,0,NORMAL,"1157","585","113",,"7413","60045"
428957.82,5446231.96,0,NORMAL,"113","861",,,"7411","60047"
428630.579,5446371.154,0,NORMAL,"272","113",,,"7409","60049"
428872.242,5446376.368,0,NORMAL,"272","236",,,"7408","60050"
428865.084,5446291.547,0,DEADEND,"236",,,,"7407","60051"
428769.333,5446383.953,0,NORMAL,"668","272","184",,"7406","60052"
428770.394,5446352.571,0,DEADEND,"668",,,,"7405","60053"
428690.996,5446480.882,0,DEADEND,"184",,,,"7404","60054"
428691.022,5446542.267,0,DEADEND,"1162",,,,"7403","60055"
428503.464,5446610.293,0,DEADEND,"1162",,,,"7402","60056"
428602.601,5446550.451,0,NORMAL,"113","1162",,,"7399","60058"
427920.946,5446530.84,0,NORMAL,"522","445",,,"7398","60059"
427920.157,5446449.706,0,NORMAL,"36","522",,,"7397","60060"
428119.151,5446447.143,0,NORMAL,"187","36",,,"7396","60061"
428023.815,5446564.911,0,DEADEND,"600",,,,"7395","60062"
428021.565,5446449.305,0,NORMAL,"36","600",,,"7394","60063"
427951.16,5446745.428,0,NORMAL,"585","522",,,"7393","60064"
428125.184,5446715.277,0,NORMAL,"585","187",,,"7392","60065"
428210.488,5446594.425,0,NORMAL,"976","563",,,"7390","60067"
428365.217,5446632.501,0,DEADEND,"1153",,,,"7386","60071"
429139.457,5445071.31,0,TRAFFIC LIGHT,"792","424","278",,"7383","60073"
429024.672,5444808.08,0,DEADEND,"349",,,,"7381","60074"
428824.09,5443798.076,0,NODE,"777","896",,,"7380","60075"
428756.651,5443819.898,0,NORMAL,"896","279","280",,"7379","60076"
428696.88,5443808.253,0,DEADEND,"280",,,,"7378","60077"
428618.157284604,5443835.9492883,0,DEADEND,"782",,,,"7377","60078"
428652.262,5443908.759,0,NORMAL,"766","782",,,"7376","60079"
428787.575,5443980.645,0,DEADEND,"767",,,,"7375","60080"
428725.576,5443980.308,0,NORMAL,"767","896","766",,"7374","60081"
428724.687,5443906.884,0,NORMAL,"279","896","766",,"7373","60082"
428629.758,5443219.533,0,DEADEND,"670",,,,"7372","60083"
430727.755893586,5443220.67600454,0,NORMAL,"781","168",,,"7371","60084"
430314.11,5443715.767,0,NORMAL,"556","1197",,,"7370","60085"
430322.983,5443454.743,0,NORMAL,"812","556",,,"7369","60086"
430482.297,5451812.405,0,DEADEND,"102",,,,"8500","61185"
429913.858,5451681.848,0,DEADEND,"678",,,,"8498","61187"
430144.107,5451628.959,0,DEADEND,"314",,,,"8497","61188"
430017.373,5451431.364,0,DEADEND,"45",,,,"8496","61189"
429893.005,5451517.135,0,DEADEND,"221",,,,"8495","61190"
429914.005,5451549.797,0,NORMAL,"822","221",,,"8494","61191"
429876.262,5451587.032,0,NORMAL,"314","822",,,"8493","61192"
429844.583,5451825.392,0,NORMAL,"200","822","0000001285",,"8492","61193"
429976.311,5451594.509,0,NORMAL,"314","678",,,"8490","61195"
430071.872,5451477.468,0,NORMAL,"310","822",,,"8487","61198"
430104.057,5451467.305,0,NORMAL,"822","45",,,"8486","61199"
428844.149,5451537.055,0,NORMAL,"952","949",,,"8483","61200"
428993.556,5451605.57,0,NORMAL,"949","625",,,"8482","61201"
429172.159,5451406.973,0,DEADEND,"754",,,,"8480","61202"
429153.173,5451379.171,0,NORMAL,"754","625",,,"8479","61203"
428836.251,5451431.462,0,NORMAL,"1043","952","1025",,"8475","61205"
429087.429,5451428.577,0,NORMAL,"625","1025",,,"8474","61206"
429000.102865575,5451515.5896794,0,NORMAL,"625","622",,,"8473","61207"
429526.294,5451481.485,0,NORMAL,"632","1036",,,"8468","61210"
429439.794,5451427.567,0,NORMAL,"584","632",,,"8467","61211"
429483.036,5451386.012,0,NORMAL,"958","584",,,"8466","61212"
429770.647,5451441.926,0,NORMAL,"900","693",,,"8461","61215"
429664.125,5451242.523,0,DEADEND,"1026",,,,"8457","61219"
429598.312,5451151.127,0,NORMAL,"572","1026",,,"8456","61220"
429426.543,5451181.816,0,NORMAL,"625","958",,,"8452","61221"
429484.788,5451091.718,0,NORMAL,"1026","625",,,"8451","61222"
429210.214,5451047.068,0,NORMAL,"1026","675",,,"8446","61225"
429444.671,5451009.154,0,NORMAL,"1026","450",,,"8445","61226"
427069.734,5450479.641,0,TRAFFIC LIGHT,"611","136",,,"8085","60969"
426830.175,5450482.864,0,NORMAL,"611","526",,,"8084","60970"
426248.051,5450885.985,0,DEADEND,"5",,,,"8082","60972"
426370.997,5450808.573,0,NORMAL,"6","569",,,"8081","60973"
426773.13,5450605.84,0,DEADEND,"526",,,,"8080","60974"
426597.204,5451453.298,0,DEADEND,"1014",,,,"8079","60975"
427327.198,5451408.166,0,NORMAL,"1154","742",,,"8078","60976"
427367.03,5451175.656,0,NORMAL,"333","1154",,,"8077","60977"
427378.284,5451038.262,0,NORMAL,"300","285",,,"8076","60978"
427379.81,5450950.31,0,NORMAL,"285","721",,,"8075","60979"
427323.528,5450856.043,0,DEADEND,"485",,,,"8074","60980"
427342.006,5450825.511,0,NORMAL,"485","344",,,"8073","60981"
427226.062,5450789.918,0,NORMAL,"344","721",,,"8072","60982"
427223.464,5451120.672,0,NORMAL,"333","742",,,"8071","60983"
427110.879,5451588.411,0,NORMAL,"393","574",,,"8070","60984"
427118.128,5451485.12,0,NORMAL,"967","338",,,"8069","60985"
426976.627,5451484.411,0,NORMAL,"967","393","313",,"8068","60986"
427146.012,5450790.966,0,NORMAL,"344","300",,,"8066","60988"
427170.901,5450952.236,0,NORMAL,"300","1188",,,"8064","60990"
427096.155,5451008.141,0,NORMAL,"333","1188",,,"8063","60991"
427072.467,5450980.634,0,NORMAL,"333","69",,,"8062","60992"
426806.539,5450986.386,0,NORMAL,"821","69",,,"8060","60994"
426906.512,5451112.953,0,NORMAL,"69","633",,,"8059","60995"
426839.146,5451168.893,0,NORMAL,"633","962",,,"8058","60996"
426711.354,5451151.527,0,DEADEND,"989",,,,"8057","60997"
426684.43,5451232.41,0,DEADEND,"7",,,,"8056","60998"
426661.017,5451169.864,0,NORMAL,"989","7",,,"8055","60999"
426539.66,5450837.298,0,NORMAL,"7","1168",,,"8054","61000"
426595.001,5450990.634,0,NORMAL,"7","35",,,"8046","61003"
426623.356,5451065.091,0,NORMAL,"7","821",,,"8045","61004"
426487.669,5451112.523,0,NORMAL,"821","6",,,"8044","61005"
426458.833,5451036.266,0,NORMAL,"6","35",,,"8043","61006"
426430.056,5450962.681,0,NORMAL,"6","1201",,,"8042","61007"
426403.638,5450886.973,0,NORMAL,"1168","6",,,"8041","61008"
426268.78,5450937.558,0,NORMAL,"1168","5",,,"8040","61009"
426296.813,5451010.647,0,NORMAL,"5","1201",,,"8039","61010"
426251.899,5451107.944,0,NORMAL,"4","35",,,"8038","61011"
426286.723,5451156.158,0,NORMAL,"821","4",,,"8037","61012"
426349.299,5451159.562,0,NORMAL,"821","5",,,"8036","61013"
426322.049,5451085.901,0,NORMAL,"35","5",,,"8035","61014"
426067.917,5451242.216,0,DEADEND,"35",,,,"8033","61016"
426170.89,5446640.99,0,DEADEND,"1209",,,,"7477","59986"
426227.824,5446639.439,0,NORMAL,"1209","941",,,"7476","59987"
426417.577,5446687.415,0,NORMAL,"746","1209",,,"7475","59988"
428095.85,5446292.75,0,DEADEND,"1250",,,,"7421","60037"
426244.603,5446879.99,0,DEADEND,"548",,,,"7474","59989"
426392.913,5446880.063,0,NORMAL,"746","50","548",,"7471","59991"
426477.699,5446870.965,0,NORMAL,"1214","50",,,"7470","59992"
426473.602,5446745.883,0,DEADEND,"1214",,,,"7469","59993"
426552.38,5446731.36,0,DEADEND,"1128",,,,"7468","59994"
426671.22,5446653.62,0,DEADEND,"1128",,,,"7467","59995"
426616.495,5446689.462,0,NORMAL,"772","1128",,,"7466","59996"
426688.61,5446794.089,0,NORMAL,"852","772",,,"7465","59997"
426835.874,5446706.149,0,NORMAL,"852","99",,,"7464","59998"
427084.426,5446632.472,0,DEADEND,"852",,,,"7463","59999"
426982.018,5446532.386,0,DEADEND,"440",,,,"7462","60000"
426980.103,5446468.82,0,NORMAL,"36","440",,,"7461","60001"
427012.779,5446467.089,0,NORMAL,"36","1153",,,"7460","60002"
427086.709,5446464.84,0,NORMAL,"36","1153",,,"7457","60005"
427255.279,5446462.331,0,NORMAL,"36","1150",,,"7456","60006"
427210.387,5446743.49,0,NORMAL,"797","1150",,,"7455","60007"
427216.454,5446863.593,0,NORMAL,"50","1150",,,"7454","60008"
427303.958,5447246.469,0,DEADEND,"346",,,,"7450","60012"
427882.977,5446838.595,0,NORMAL,"1215","224",,,"7449","60013"
427794.126,5446854.828,0,DEADEND,"224",,,,"7448","60014"
427713.249,5446880.589,0,DEADEND,"346",,,,"7447","60015"
427510.213,5447033.674,0,NORMAL,"346","1173",,,"7446","60016"
427469.367,5446953.032,0,NORMAL,"585","1173",,,"7445","60017"
427455.608,5446858.326,0,NORMAL,"50","322",,,"7443","60019"
427341.43,5446627.71,0,DEADEND,"322",,,,"7442","60020"
427385.613,5446646.977,0,NORMAL,"322","797",,,"7441","60021"
427358.004,5446516.152,0,DEADEND,"215",,,,"7440","60022"
427830.518,5446532.045,0,DEADEND,"445",,,,"7437","60024"
427760.893,5446453.577,0,DEADEND,"36",,,,"7436","60025"
427762.998,5446198.137,0,NORMAL,"1253","522",,,"7434","60026"
427563.564,5446058.222,0,DEADEND,"278",,,,"7433","60027"
427768.14,5446056.959,0,NORMAL,"278","522",,,"7432","60028"
427948.977,5446054.012,0,NORMAL,"1196","278",,,"7431","60029"
428057.73,5446100.771,0,DEADEND,"162",,,,"7430","60030"
427862.339,5446146.573,0,DEADEND,"1185",,,,"7425","60035"
427763.961,5446354.204,0,NORMAL,"1250","522",,,"7422","60036"
431166.44,5446207.631,0,NORMAL,"897","431",,,"6556","59773"
431264.864,5446243.721,0,NORMAL,"1006","431",,,"6553","59776"
431325.85,5446266.701,0,NORMAL,"431","939",,,"6552","59777"
431359.463,5446277.981,0,NORMAL,"1205","431",,,"6551","59778"
431477.033,5446098.204,0,NORMAL,"446","1205",,,"6550","59779"
431485.737,5446103.891,0,NORMAL,"446","1205",,,"6549","59780"
431753.727993861,5445933.47588834,0,DEADEND,"529",,,,"6548","59781"
431723.078,5445864.267,0,NORMAL,"946","529",,,"6547","59782"
431602.059,5445918.466,0,NORMAL,"946","19",,,"6546","59783"
431662.764,5445990.088,0,NORMAL,"19","368",,,"6545","59784"
431547.705,5446143.349,0,NORMAL,"368","446",,,"6544","59785"
431732.495,5446081.193,0,NORMAL,"1182","286","19","1169","6543","59786"
431680.879,5446011.439,0,NORMAL,"19","228",,,"6541","59788"
431845.44,5445813.125,0,NORMAL,"946","1170",,,"6539","59790"
431829.781,5445693.142,0,NORMAL,"1170","1006",,,"6538","59791"
431870.806,5445649.284,0,DEADEND,"427",,,,"6537","59792"
431824.236,5445650.384,0,NORMAL,"427","1170",,,"6536","59793"
431816.323,5445590.017,0,NORMAL,"897","1170",,,"6535","59794"
431801.189,5445476.209,0,TRAFFIC LIGHT,"749","1170",,,"6534","59795"
431898.222,5445436.877,0,TRAFFIC LIGHT,"807","749",,,"6533","59796"
431998.044,5445431.856,0,NORMAL,"503","749",,,"6532","59797"
432097.431,5445433.876,0,NORMAL,"749","567",,,"6531","59798"
432197.672,5445435.633,0,NORMAL,"749","452",,,"6530","59799"
432285.051,5445436.421,0,NORMAL,"749","400",,,"6529","59800"
432185.2,5445655.646,0,NORMAL,"452","400","427",,"6528","59801"
431892.508,5445648.937,0,NORMAL,"427","807",,,"6527","59802"
431888.36,5445870.38,0,NORMAL,"807","302",,,"6526","59803"
431989.715,5445873.602,0,NORMAL,"503","302",,,"6525","59804"
431993.935,5445652.806,0,NORMAL,"503","427",,,"6524","59805"
432093.606,5445654.433,0,NORMAL,"427","567",,,"6523","59806"
431516.247467289,5446803.53222488,0,TRAFFIC LIGHT,"287","266","0000001323",,"6518","59811"
431210.28,5446911.39,0,DEADEND,"747",,,,"6515","59814"
430854.725,5446828.517,0,NORMAL,"287","606",,,"6512","59817"
430620.337,5446838.193,0,NORMAL,"287","873",,,"6509","59820"
430650.349,5446623.676,0,NORMAL,"873","612",,,"6508","59821"
423363.878,5455078.162,0,DEADEND,"1153",,,,"8705","61543"
425909.168,5451552.1,0,DEADEND,"421",,,,"8701","61546"
426364.777,5451451.826,0,DEADEND,"1246",,,,"8700","61547"
426204.12,5451535.05,0,DEADEND,"417",,,,"8699","61548"
427994.829,5451217.86,0,DEADEND,"972",,,,"8695","61549"
427445.052,5451428.654,0,NORMAL,"14","14",,,"8693","61550"
428240.355,5451489.309,0,DEADEND,"488",,,,"8688","61553"
428282.27,5451437.582,0,NORMAL,"24","488",,,"8686","61554"
428358.209,5451436.178,0,DEADEND,"24",,,,"8685","61555"
428774.671,5451379.594,0,NORMAL,"1043","1109",,,"8683","61557"
428476.869,5451433.166,0,DEADEND,"1109",,,,"8681","61558"
428725.978,5451526.116,0,DEADEND,"886",,,,"8675","61560"
428534.89,5451604.37,0,DEADEND,"423",,,,"8673","61561"
428587.45,5451584.286,0,NORMAL,"381","423",,,"8672","61562"
428620.991,5451531.73,0,DEADEND,"860",,,,"8671","61563"
428647.428,5451563.793,0,DEADEND,"381","860",,,"8670","61564"
428459.545,5451548.135,0,DEADEND,"1079",,,,"8668","61565"
428396.612,5451602.605,0,DEADEND,"381",,,,"8666","61566"
428421.11,5451590.993,0,NORMAL,"381","1079",,,"8664","61567"
428493.006,5451585.053,0,NORMAL,"435","381",,,"8663","61568"
428604.509,5451741.824,0,DEADEND,"656",,,,"8661","61570"
428481.942,5451829.131,0,NORMAL,"70","656",,,"8660","61571"
428394.945019264,5451753.2796553,0,DEADEND,"709",,,,"8656","61574"
428269.674,5451811.866,0,NORMAL,"709","70",,,"8655","61575"
428290.12,5451897.31,0,DEADEND,"786",,,,"8653","61577"
428301.152,5451821.933,0,NORMAL,"70","786",,,"8652","61578"
428383.79,5451966.8,0,DEADEND,"391",,,,"8651","61579"
428417.834,5451844.936,0,NORMAL,"70","391",,,"8650","61580"
428597.941,5451921.037,0,NORMAL,"952","70",,,"8649","61581"
427258.85,5452077.19,0,DEADEND,"345",,,,"8645","61585"
427272.183,5452008.122,0,NORMAL,"541","345",,,"8644","61586"
427280.996,5451691.286,0,NORMAL,"1154","393",,,"8642","61588"
427278.169,5451629.01,0,NORMAL,"1172","1154",,,"8638","61589"
427449.416,5451626.103,0,NORMAL,"1172","14","14",,"8637","61590"
427489.054,5451625.148,0,DEADEND,"1172",,,,"8636","61591"
427539.796,5451636.675,0,DEADEND,"768",,,,"8635","61592"
427603.366,5451551.972,0,NORMAL,"952","981",,,"8633","61594"
427591.376,5451273.118,0,NORMAL,"952","333",,,"8632","61595"
427870.663,5449064.224,0,NORMAL,"136","419",,,"9110","61842"
428080.103,5449169.194,0,DEADEND,"636",,,,"9108","61844"
428492.423,5449260.5,0,NORMAL,"818","646",,,"9107","61845"
428839.28,5449488.71,0,DEADEND,"1233",,,,"9106","61846"
428777.349,5449411.87,0,DEADEND,"434",,,,"9105","61847"
428682.28,5449459.4,0,DEADEND,"165",,,,"9104","61848"
428722.03,5449526.29,0,DEADEND,"617",,,,"9103","61849"
428415.344,5449463.952,0,NORMAL,"1232","724",,,"9102","61850"
427518.699,5451134.159,0,DEADEND,"269",,,,"9100","61851"
428533.24,5450894.04,0,DEADEND,"1231",,,,"9099","61852"
428434.117,5450761.647,0,DEADEND,"297",,,,"9098","61853"
428815.063,5450626.901,0,NORMAL,"414","1245",,,"9096","61855"
429289.744,5450472.218,0,NORMAL,"677","254",,,"9094","61857"
429233.852,5450410.5,0,NORMAL,"924","1002",,,"9093","61858"
430038.355,5449128.395,0,DEADEND,"1155",,,,"9092","61859"
429557.948,5449826.431,0,NORMAL,"260","979",,,"9091","61860"
429528.999,5449770.128,0,NORMAL,"979","974",,,"9090","61861"
429685.302,5449437.061,0,NORMAL,"260","115",,,"9089","61862"
429576.190993204,5449092.7237321,0,DEADEND,"537",,,,"9085","61865"
429870.844,5444177.636,0,DEADEND,"855",,,,"9253","61902"
429830.236,5444195.16,0,NORMAL,"477","855",,,"9252","61903"
430163.488,5444190.698,0,NODE,"823","547",,,"9250","61904"
431738.419,5443536.519,0,DEADEND,"970",,,,"9249","61905"
431716.939,5443537.476,0,NORMAL,"970","657",,,"9248","61906"
432254.715,5443560.901,0,DEADEND,"687",,,,"9247","61907"
432201.942,5443599.025,0,NORMAL,"687","137",,,"9246","61908"
432206.143,5444348.252,0,NODE,"0000001425","1247",,,"9245","61909"
432331.485,5444485.111,0,NODE,"1029","1132",,,"9243","61911"
431900.834,5444276.26,0,NODE,"511","1047",,,"9240","61913"
431819.81,5444277.818,0,NODE,"1047","1082",,,"9239","61914"
431934.45,5444269.92,0,NODE,"570","807",,,"9238","61915"
431518.635,5444275.528,0,NORMAL,"1012","918",,,"9237","61916"
430956.825,5444397.917,0,NODE,"209","1077",,,"9236","61917"
431660.542,5445163.323,0,NORMAL,"873","1171",,,"9235","61918"
431721.643,5445137.41,0,NORMAL,"873","424",,,"9234","61919"
431557.284,5445120.205,0,NORMAL,"902","424",,,"9233","61920"
431472.038,5445122.212,0,NORMAL,"918","424",,,"9232","61921"
431282.11,5445232.11,0,DEADEND,"957",,,,"9231","61922"
431248.721,5445338.87,0,DEADEND,"21","873",,,"9230","61923"
430563.513,5445869.685,0,NODE,"1219","463",,,"9229","61924"
426856.247,5446235.878,0,NORMAL,"1252","183",,,"9225","61927"
429139.449,5447850.69,0,NODE,"178","904",,,"9223","61929"
424489.488,5450809.164,0,NORMAL,"107","468",,,"8320","61330"
424098.349,5450324.812,0,NODE,"468","648",,,"8319","61331"
423601.069,5450549.195,0,DEADEND,"648",,,,"8317","61332"
423761.284,5450592.219,0,DEADEND,"692",,,,"8316","61333"
423763.673,5450906.812,0,DEADEND,"750",,,,"8315","61334"
423972.693,5450994.288,0,NORMAL,"107","327",,,"8314","61335"
424099.987,5450824.576,0,NORMAL,"621","1156",,,"8313","61336"
424097.331,5450653.863,0,NORMAL,"621","405",,,"8309","61339"
423969.318,5450580.4,0,NODE,"739",,,,"8308","61340"
423969.888,5450645.546,0,NODE,"405",,,,"8307","61341"
424028.884,5450644.861,0,NORMAL,"405","703",,,"8306","61342"
424031.551,5450837.0,0,NORMAL,"621","703",,,"8305","61343"
423972.861,5450837.739,0,NORMAL,"621","327","692",,"8304","61344"
423972.86,5450907.871,0,NORMAL,"1156","327",,,"8303","61345"
423844.437,5450838.286,0,NORMAL,"1156","692",,,"8302","61346"
423915.502,5450837.725,0,NORMAL,"692","552",,,"8301","61347"
423913.135,5450646.204,0,NORMAL,"405","552",,,"8300","61348"
423728.598,5450722.639,0,NORMAL,"750","692",,,"8297","61351"
423772.077,5450837.657,0,NORMAL,"692","750",,,"8296","61352"
427187.75,5451459.42,0,DEADEND,"338",,,,"8932","61355"
427092.614,5451668.162,0,DEADEND,"574",,,,"8931","61356"
425656.769,5452529.733,0,NORMAL,"164","408","476",,"8927","61357"
426398.813,5453404.193,0,NORMAL,"682","106",,,"8923","61359"
426450.289,5452283.05,0,NORMAL,"298","1083",,,"8919","61360"
426644.043,5452046.672,0,NORMAL,"188","1154",,,"8918","61361"
426645.342,5452095.448,0,NORMAL,"541","188",,,"8917","61362"
426447.524,5452152.28,0,NORMAL,"188","1083",,,"8916","61363"
426573.844,5452053.785,0,NORMAL,"1154","680",,,"8915","61364"
426471.288,5451943.567,0,NORMAL,"680","535","689",,"8914","61365"
426505.305,5451873.486,0,DEADEND,"535",,,,"8913","61366"
426601.204,5451700.329,0,DEADEND,"557",,,,"8912","61367"
426601.887,5451582.125,0,NORMAL,"962","1014",,,"8911","61368"
426374.63,5451573.68,0,DEADEND,"1061",,,,"8910","61369"
425773.112,5452438.789,0,DEADEND,"375",,,,"8907","61370"
425873.001,5452292.255,0,NORMAL,"840","246",,,"8905","61371"
425801.793,5452335.736,0,NORMAL,"180","246",,,"8904","61372"
425751.132,5452243.758,0,NORMAL,"1154","180",,,"8903","61373"
425820.481,5452190.192,0,NORMAL,"1154","270",,,"8902","61374"
425570.701,5452360.068,0,DEADEND,"713",,,,"8900","61375"
425666.968,5452358.98,0,NORMAL,"476","713",,,"8899","61376"
425608.451,5452271.677,0,NORMAL,"1154","270",,,"8898","61377"
423787.799,5454939.273,0,DEADEND,"1122",,,,"8897","61378"
423789.276,5455029.228,0,DEADEND,"1101",,,,"8896","61379"
424034.231,5452438.504,0,DEADEND,"255",,,,"8895","61380"
424011.288,5452489.19,0,DEADEND,"105",,,,"8894","61381"
430937.247,5452158.173,0,NORMAL,"413","629",,,"8821","61443"
430445.947,5452846.059,0,NORMAL,"846","829",,,"8820","61444"
430891.518,5452257.765,0,DEADEND,"731",,,,"8815","61449"
430776.962,5452315.152,0,NORMAL,"508","731",,,"8814","61450"
430904.321,5452353.513,0,NORMAL,"508","881",,,"8813","61451"
430685.106,5452467.256,0,NORMAL,"829","881",,,"8812","61452"
430463.01,5452471.89,0,NORMAL,"474","956",,,"8811","61453"
430448.993,5452609.065,0,NORMAL,"1088","956",,,"8810","61454"
430580.215,5452611.787,0,NORMAL,"829","1088",,,"8809","61455"
430934.863,5452664.389,0,DEADEND,"879",,,,"8801","61463"
430586.043,5452977.879,0,NORMAL,"637","879",,,"8798","61465"
430642.973,5453114.773,0,DEADEND,"637",,,,"8797","61466"
430622.893,5453069.448,0,NORMAL,"637","887",,,"8796","61467"
429680.711,5453723.566,0,DEADEND,"764",,,,"8793","61470"
429434.096,5453623.298,0,DEADEND,"1030",,,,"8792","61471"
429425.406,5453544.212,0,NORMAL,"1030","508","1127",,"8790","61472"
429416.827,5453372.52,0,DEADEND,"374",,,,"8789","61473"
429397.855,5453423.851,0,NORMAL,"374","501",,,"8788","61474"
429524.189,5453401.229,0,NORMAL,"1127","501",,,"8787","61475"
429641.55,5453388.535,0,DEADEND,"1126",,,,"8786","61476"
429517.792,5453453.292,0,NORMAL,"1127","1126",,,"8785","61477"
429766.043,5453386.325,0,NORMAL,"508","875",,,"8781","61480"
429905.276,5453282.908,0,NORMAL,"875","508",,,"8780","61481"
430373.542,5453106.739,0,DEADEND,"240",,,,"8779","61482"
430397.699,5453012.837,0,NORMAL,"508","240",,,"8778","61483"
430231.723,5453050.031,0,NORMAL,"508","846",,,"8777","61484"
430215.689,5452793.294,0,DEADEND,"466",,,,"8775","61485"
430322.312,5452711.59,0,DEADEND,"955",,,,"8772","61486"
430411.755,5452655.213,0,NORMAL,"1088","955",,,"8771","61487"
431645.127,5444273.855,0,NORMAL,"1012","1170","1047","836","7062","60350"
431706.738,5444274.279,0,DEADEND,"1047",,,,"7060","60351"
431883.418,5445022.675,0,DEADEND,"1193",,,,"7058","60353"
432242.874,5445116.719,0,DEADEND,"1153",,,,"7057","60354"
432300.5,5444941.875,0,NORMAL,"795","1029",,,"7056","60355"
432287.664,5444707.765,0,NORMAL,"1029","893",,,"7054","60357"
431945.107,5444342.401,0,DEADEND,"1247",,,,"7049","60362"
432023.161,5444342.726,0,NORMAL,"503","1247",,,"7048","60363"
432125.856,5444343.154,0,NORMAL,"1247","377",,,"7047","60364"
432074.82,5444342.029,0,NORMAL,"1247","179",,,"7046","60365"
432014.672,5444623.309,0,NORMAL,"503","950",,,"7045","60366"
432088.218,5444623.456,0,NORMAL,"469","950",,,"7044","60367"
432218.102,5444931.893,0,NORMAL,"795","0000001425",,,"7042","60369"
432104.316,5444929.826,0,NORMAL,"795","567",,,"7041","60370"
432084.323,5444929.3,0,NORMAL,"795","469",,,"7040","60371"
432008.56,5444926.745,0,NORMAL,"795","503",,,"7039","60372"
432006.231,5445036.275,0,NORMAL,"503","65",,,"7037","60374"
432004.202,5445133.09,0,NORMAL,"503","971",,,"7036","60375"
432157.872,5445136.251,0,DEADEND,"971",,,,"7035","60376"
432103.685,5445136.466,0,NORMAL,"971","567",,,"7034","60377"
432202.24,5445232.33,0,NORMAL,"452","416",,,"7033","60378"
432101.99,5445230.579,0,NORMAL,"416","567",,,"7032","60379"
432002.159,5445229.207,0,NORMAL,"416","503",,,"7031","60380"
431454.803,5445256.396,0,NODE,"529","873",,,"7027","60384"
431582.767,5445329.834,0,DEADEND,"416",,,,"7026","60385"
431900.419,5445228.063,0,NORMAL,"807","416",,,"7025","60386"
431809.577,5444618.128,0,NORMAL,"950","1082",,,"7021","60390"
431811.622,5444495.668,0,NORMAL,"1082","920",,,"7020","60391"
431673.255,5444491.46,0,NORMAL,"920","1170",,,"7018","60393"
431554.304,5444489.926,0,NORMAL,"920","1171",,,"7017","60394"
431540.694,5445215.828,0,DEADEND,"873",,,,"7014","60397"
431579.36,5445198.839,0,DEADEND,"873",,,,"7013","60398"
432694.309,5443080.34,0,NORMAL,"402","243",,,"7180","60247"
432759.051,5442719.129,0,NORMAL,"503","570",,,"7178","60249"
432736.723,5442673.666,0,DEADEND,"836",,,,"7175","60252"
432602.03,5442416.808,0,TRAFFIC LIGHT,"658","1110",,,"7172","60254"
432416.083,5442446.537,0,NORMAL,"1110","594",,,"7171","60255"
432157.906,5442950.904,0,NORMAL,"1110","1051",,,"7170","60256"
432023.21,5443233.42,0,DEADEND,"1051",,,,"7169","60257"
432039.692,5443079.301,0,DEADEND,"185",,,,"7167","60258"
432094.822,5443125.912,0,NORMAL,"1051","185",,,"7166","60259"
430070.477,5443458.36,0,DEADEND,"812",,,,"7164","60261"
431609.778,5443380.908,0,DEADEND,"51",,,,"7162","60263"
431747.16,5443427.611,0,NORMAL,"812","787",,,"7161","60264"
431673.288,5443428.266,0,NORMAL,"812","787",,,"7159","60265"
431672.285,5443377.187,0,NORMAL,"787","51",,,"7158","60266"
431580.271,5443678.671,0,NORMAL,"353","657",,,"7152","60268"
431576.193,5443540.412,0,NORMAL,"353","970",,,"7151","60269"
431577.263,5443428.882,0,NORMAL,"812","353",,,"7150","60270"
431567.294,5443006.987,0,NORMAL,"1110","353",,,"7149","60271"
430735.238,5443041.779,0,NODE,"168","1110",,,"7148","60272"
431143.12,5442931.73,0,DEADEND,"853",,,,"7147","60273"
431148.244,5443081.642,0,DEADEND,"853",,,,"7146","60274"
431146.017,5443016.476,0,NORMAL,"853","1110",,,"7145","60275"
430895.788,5443197.828,0,NORMAL,"86","781",,,"7142","60277"
431037.129821273,5443442.57706704,0,DEADEND,"812",,,,"7141","60278"
431153.196,5443441.58,0,NORMAL,"812","853",,,"7140","60279"
431150.671,5443255.522,0,DEADEND,"853",,,,"7139","60280"
430912.798,5443287.261,0,NORMAL,"1129","86",,,"7138","60281"
430944.228838382,5443286.35948274,0,DEADEND,"1129",,,,"7137","60282"
430782.961,5443218.903,0,NORMAL,"145","781",,,"7136","60283"
430732.287,5443447.532,0,NORMAL,"168","812",,,"7134","60285"
430618.248,5443449.972,0,NORMAL,"883","812",,,"7133","60286"
430521.346,5443451.882,0,NORMAL,"812","1254",,,"7132","60287"
430416.188,5443453.685,0,NORMAL,"1058","812",,,"7131","60288"
430364.251,5443590.148,0,DEADEND,"1058",,,,"7130","60289"
430584.26,5443547.57,0,DEADEND,"883",,,,"7129","60290"
430514.032,5443491.124,0,DEADEND,"1254",,,,"7128","60291"
430474.735,5443579.773,0,DEADEND,"472",,,,"7127","60292"
430429.95,5443646.98,0,DEADEND,"1175",,,,"7126","60293"
430432.364,5443712.972,0,NORMAL,"1175","1197",,,"7125","60294"
430539.598,5443712.09,0,NORMAL,"472","1197",,,"7124","60295"
430736.634,5443707.054,0,NORMAL,"168","1197",,,"7123","60296"
430733.187,5443531.832,0,NORMAL,"1200","168",,,"7122","60297"
430734.769664644,5443612.28388984,0,NORMAL,"168","1200","0000001356",,"7121","60298"
426028.675,5451634.525,0,DEADEND,"324",,,,"7830","60611"
425950.952,5451694.68,0,DEADEND,"1095",,,,"7829","60612"
425995.776,5451699.202,0,DEADEND,"533",,,,"7828","60613"
426058.41,5451735.04,0,DEADEND,"844",,,,"7827","60614"
426074.496,5451691.648,0,NORMAL,"844","533",,,"7826","60615"
425929.006,5451725.961,0,NORMAL,"1085","1095",,,"7825","60616"
425390.328,5452481.834,0,NORMAL,"922","978",,,"7823","60617"
425263.833,5452530.833,0,NORMAL,"922",,,,"7821","60619"
425086.99,5452554.948,0,NORMAL,"837","898",,,"7820","60620"
425148.184,5452597.278,0,NORMAL,"837","922","0000001306",,"7819","60621"
425220.952,5452554.724,0,NORMAL,"922","859",,,"7818","60622"
425432.445,5452613.057,0,NORMAL,"859","978",,,"7817","60623"
425417.24,5452701.238,0,NORMAL,"978","837",,,"7816","60624"
425296.222,5452741.606,0,DEADEND,"1093",,,,"7815","60625"
425294.476,5452699.713,0,NORMAL,"1093","837",,,"7814","60626"
424923.582,5452674.886,0,NORMAL,"1154","380",,,"7811","60629"
424660.05,5452653.311,0,DEADEND,"1153",,,,"7810","60630"
424756.906,5452744.768,0,NORMAL,"1153","380",,,"7807","60631"
424712.645,5452766.235,0,DEADEND,"1153",,,,"7806","60632"
424827.616,5452777.898,0,NORMAL,"1154","380",,,"7805","60633"
425378.473,5452999.624,0,DEADEND,"800",,,,"7803","60635"
425479.193,5452905.921,0,NORMAL,"968","171",,,"7802","60636"
424789.907,5453206.66,0,NORMAL,"1147","798",,,"7801","60637"
425152.459,5453197.251,0,NORMAL,"210","798",,,"7800","60638"
425107.905,5453286.202,0,DEADEND,"751",,,,"7799","60639"
425155.582,5453275.83,0,NORMAL,"751","210",,,"7798","60640"
425195.599,5453330.169,0,NORMAL,"528","210",,,"7797","60641"
425225.059,5453290.849,0,DEADEND,"528",,,,"7796","60642"
426239.436,5453333.826,0,NORMAL,"682","697",,,"7788","60649"
426137.934,5453399.23,0,DEADEND,"372",,,,"7787","60650"
426228.696,5453443.826,0,NORMAL,"372","697",,,"7786","60651"
426050.268,5453334.602,0,NORMAL,"1161","697",,,"7785","60652"
425450.464,5453330.044,0,DEADEND,"38",,,,"7783","60653"
425511.077,5453327.795,0,NORMAL,"37","38",,,"7781","60654"
425744.251,5453321.308,0,DEADEND,"1153",,,,"7780","60655"
425699.551,5453327.443,0,NORMAL,"37","307","1153","38","7779","60656"
425856.123,5453396.335,0,NORMAL,"968","1161",,,"7778","60657"
425722.697,5453435.702,0,NORMAL,"464","610","307",,"7776","60659"
425834.126,5453471.995,0,DEADEND,"538",,,,"7775","60660"
425736.156,5453525.738,0,NORMAL,"1174","464",,,"7773","60662"
431655.155,5445130.144,0,NORMAL,"1171","424",,,"7010","60401"
431771.518,5445248.228,0,NORMAL,"416","1170",,,"7009","60402"
431743.702,5445030.203,0,NORMAL,"1170","1193",,,"7007","60404"
431804.174,5444922.242,0,NORMAL,"795","1082",,,"7006","60405"
431603.753,5444719.479,0,NORMAL,"1171","108",,,"7003","60407"
431625.138340323,5444809.71092647,0,NORMAL,"1171","836",,,"7002","60408"
431625.66,5444918.45,0,NORMAL,"1171","795",,,"7001","60409"
431528.164,5444916.307,0,NORMAL,"902","795",,,"7000","60410"
431502.805,5444729.9,0,NORMAL,"108","902",,,"6999","60411"
431482.727,5444994.258,0,DEADEND,"283",,,,"6995","60412"
431469.602,5444916.154,0,NORMAL,"283","795",,,"6994","60413"
431345.026,5445027.827,0,DEADEND,"54",,,,"6993","60414"
431411.323,5445025.622,0,NORMAL,"918","54",,,"6992","60415"
431254.659,5444807.421,0,DEADEND,"364",,,,"6991","60416"
431270.96,5444427.39,0,NODE,"290","43",,,"6989","60418"
431478.398,5444542.814,0,DEADEND,"902",,,,"6988","60419"
431428.398,5444584.934,0,DEADEND,"283",,,,"6987","60420"
431447.33,5444736.782,0,NORMAL,"283","108",,,"6986","60421"
431473.713,5444276.157,0,NORMAL,"1012","1031",,,"6985","60422"
431460.55,5444425.24,0,NORMAL,"918","1031",,,"6984","60423"
431462.514,5444277.163,0,NORMAL,"1012","1031",,,"6983","60424"
431365.4,5444298.8,0,DEADEND,"138",,,,"6982","60425"
431303.356,5444707.511,0,NORMAL,"918","290",,,"6979","60427"
431400.803,5444489.633,0,NORMAL,"918","138",,,"6978","60428"
431365.921,5444424.651,0,NORMAL,"138","43",,,"6977","60429"
431168.178,5444284.019,0,NORMAL,"1012","853",,,"6976","60430"
430957.845,5444286.997,0,NORMAL,"1012","1077",,,"6975","60431"
431014.247,5444373.181,0,DEADEND,"457",,,,"6974","60432"
430960.141,5444372.325,0,NORMAL,"1077","457",,,"6973","60433"
431172.874,5444505.257,0,NORMAL,"853","551",,,"6972","60434"
431065.01,5444603.814,0,DEADEND,"507",,,,"6970","60436"
430957.507,5444575.862,0,DEADEND,"1077",,,,"6969","60437"
430867.01,5444607.08,0,DEADEND,"1242",,,,"6968","60438"
430917.403,5444495.631,0,DEADEND,"534",,,,"6966","60439"
430750.836,5444498.308,0,NORMAL,"168","534",,,"6965","60440"
430754.626,5444713.233,0,NORMAL,"168","1038",,,"6958","60447"
431176.95,5444705.85,0,NORMAL,"1038","853",,,"6957","60448"
431065.987,5444707.441,0,NORMAL,"1038","507",,,"6956","60449"
425525.197,5454550.9,0,NORMAL,"1092","565",,,"6271","59325"
425468.482,5454542.488,0,DEADEND,"565",,,,"6269","59327"
425293.981,5454658.184,0,NORMAL,"152","1092",,,"6268","59328"
425381.35,5454656.718,0,NORMAL,"1092","1166",,,"6267","59329"
425647.025,5454794.273,0,DEADEND,"1180",,,,"6265","59331"
425559.041,5454795.734,0,NORMAL,"1180","418",,,"6264","59332"
425581.854,5454628.686,0,DEADEND,"418",,,,"6263","59333"
425442.521,5454648.899,0,NORMAL,"64","1092",,,"6262","59334"
425462.466,5454797.421,0,NORMAL,"1180","64",,,"6261","59335"
425379.343,5454742.001,0,DEADEND,"587",,,,"6260","59336"
425380.493,5454798.547,0,NORMAL,"1180","587",,,"6259","59337"
424506.037,5454817.993,0,NORMAL,"788","356",,,"6258","59338"
424504.349,5454735.062,0,NORMAL,"788","1189",,,"6257","59339"
424630.628,5454560.543,0,NORMAL,"788","732",,,"6255","59341"
424712.558,5454559.082,0,NORMAL,"732","1189",,,"6254","59342"
424890.081,5454557.811,0,NORMAL,"1033","725","732",,"6253","59343"
425198.343,5454546.721,0,DEADEND,"1033",,,,"6251","59345"
425081.037,5454552.424,0,NORMAL,"1033","212",,,"6250","59346"
424971.234,5454554.522,0,NORMAL,"1033","925",,,"6249","59347"
425069.312,5454650.885,0,DEADEND,"1204",,,,"6248","59348"
425134.86,5454719.579,0,DEADEND,"263",,,,"6247","59349"
425070.672,5454718.871,0,NORMAL,"263","1204",,,"6246","59350"
424973.791,5454720.469,0,NORMAL,"263","925",,,"6245","59351"
424891.676,5454722.997,0,NORMAL,"263","725",,,"6244","59352"
425197.445,5454868.089,0,DEADEND,"959",,,,"6240","59356"
425203.485,5454803.703,0,NORMAL,"1180","959",,,"6239","59357"
425035.767,5454806.585,0,NORMAL,"1180","1003",,,"6238","59358"
424790.428,5454908.05,0,DEADEND,"634",,,,"6233","59363"
424951.672,5454904.701,0,DEADEND,"516",,,,"6232","59364"
424892.96,5454810.65,0,NORMAL,"725","1180","356",,"6231","59365"
424895.684,5454905.864,0,NORMAL,"725","516","634",,"6230","59366"
424896.325,5454999.852,0,NORMAL,"256","725",,,"6229","59367"
425127.288,5453728.812,0,NORMAL,"179","179","0000001291",,"6373","59368"
425567.705,5453718.648,0,DEADEND,"179",,,,"6369","59372"
425428.428,5453722.07,0,NORMAL,"268","179",,,"6367","59374"
425442.43,5453998.369,0,NORMAL,"508","268",,,"6366","59375"
425736.762,5451926.231,0,NORMAL,"973","433",,,"8961","61762"
425780.051464057,5451989.20721138,0,NORMAL,"973","962",,,"8960","61763"
425783.572,5452017.945,0,DEADEND,"973",,,,"8959","61764"
426100.26,5451986.53,0,DEADEND,"156",,,,"8958","61765"
426280.485,5452394.137,0,NORMAL,"410","399",,,"8953","61766"
426193.566,5452409.164,0,NORMAL,"410","226",,,"8952","61767"
424734.375,5453773.517,0,NORMAL,"223","139","1148",,"8949","61769"
424798.842,5453770.011,0,NORMAL,"223","1148",,,"8948","61770"
424863.345,5453795.525,0,NORMAL,"753","1148",,,"8947","61771"
426189.535,5454135.634,0,NORMAL,"964","58","456",,"8946","61772"
426244.753,5454083.577,0,DEADEND,"58",,,,"8945","61773"
426133.259,5454132.964,0,NORMAL,"964","32",,,"8944","61774"
426095.281,5454134.274,0,DEADEND,"32",,,,"8943","61775"
424986.907,5455199.753,0,NORMAL,"562","256",,,"8941","61777"
423392.463,5455181.551,0,NORMAL,"1153","500",,,"9064","61799"
423492.518,5455204.632,0,NORMAL,"500","997",,,"9074","61809"
423700.235,5455200.505,0,NORMAL,"500","517",,,"9073","61810"
423830.655,5455193.442,0,NORMAL,"500","863",,,"9072","61811"
424701.028,5455182.135,0,NORMAL,"566","500",,,"6215","59303"
429884.856,5446171.666,0,DEADEND,"1107",,,,"9137","61817"
431568.495,5445978.238,0,DEADEND,"1205",,,,"9133","61820"
431874.641,5446240.657,0,DEADEND,"194",,,,"9132","61821"
430613.999,5446885.153,0,TRAFFIC LIGHT,"136","873",,,"9129","61824"
430629.731,5446623.114,0,NORMAL,"612","521",,,"9128","61825"
430280.05,5446567.494,0,DEADEND,"1121",,,,"9126","61827"
430250.88,5446481.659,0,DEADEND,"598",,,,"9125","61828"
430155.614,5446414.311,0,NORMAL,"351","1004",,,"9124","61829"
430253.583385849,5446412.29575687,0,NORMAL,"1004","598",,,"9123","61830"
429700.513,5447791.331,0,NORMAL,"1134","1177",,,"9122","61831"
429786.134,5447758.306,0,NORMAL,"470","1134",,,"9121","61832"
429663.403,5447855.053,0,DEADEND,"83",,,,"9120","61833"
431023.383,5448181.715,0,DEADEND,"596",,,,"9116","61836"
430946.693,5448272.967,0,DEADEND,"530",,,,"9115","61837"
427387.922,5449278.491,0,TRAFFIC LIGHT,"141","818",,,"9111","61841"
430623.637,5446246.629,0,NORMAL,"521","385",,,"6607","59724"
430626.479,5446405.846,0,NORMAL,"521","1004",,,"6606","59725"
430525.449,5446407.114,0,NORMAL,"303","1004",,,"6605","59726"
430423.458,5446408.953,0,NORMAL,"701","1004",,,"6604","59727"
430366.162,5446409.98,0,NORMAL,"1004","556",,,"6603","59728"
430363.18,5446194.602,0,NORMAL,"556","81",,,"6601","59730"
430363.581,5446146.845,0,NORMAL,"556","454",,,"6600","59731"
430348.906,5445566.701,0,NORMAL,"556","442",,,"6598","59733"
430351.863812212,5445673.06945901,0,NORMAL,"556","62",,,"6597","59734"
430354.702,5445775.136,0,NORMAL,"556","439",,,"6595","59735"
430357.816,5445872.232,0,NORMAL,"556","1219",,,"6594","59736"
430566.302,5445773.126,0,NORMAL,"463","439",,,"6593","59737"
430566.224,5445669.965,0,NORMAL,"62","463",,,"6592","59738"
430662.017,5445560.054,0,NORMAL,"514","442","1022",,"6591","59739"
430664.132,5445769.779,0,NORMAL,"439","1022",,,"6588","59742"
430665.19,5445867.93,0,DEADEND,"1022",,,,"6587","59743"
430771.433,5445640.78,0,NORMAL,"168","514",,,"6586","59744"
430770.828,5445558.152,0,NORMAL,"442","168",,,"6585","59745"
430984.061,5445553.741,0,NORMAL,"442","1077",,,"6583","59747"
430869.008,5445556.822,0,NORMAL,"248","442",,,"6581","59749"
430980.572,5445653.834,0,NORMAL,"873","370",,,"6580","59750"
430873.845,5445819.958,0,NORMAL,"873","248",,,"6579","59751"
430976.271,5445779.402,0,DEADEND,"446",,,,"6577","59753"
431647.697,5445776.522,0,NORMAL,"1006","745",,,"6575","59754"
431712.124,5445869.247,0,NORMAL,"946","745",,,"6574","59755"
431753.281,5445850.417,0,NORMAL,"946","745",,,"6573","59756"
431694.023,5445756.11,0,NORMAL,"745","1006",,,"6572","59757"
431677.784,5445762.882,0,NORMAL,"1006","529",,,"6571","59758"
431636.232,5445669.779,0,NORMAL,"897","529",,,"6570","59759"
431592.049,5445568.302,0,NORMAL,"529","749",,,"6569","59760"
431547.794,5445466.312,0,NORMAL,"529","606",,,"6568","59761"
431309.813,5445573.747,0,NORMAL,"19","606",,,"6567","59762"
431025.776,5445810.943,0,NORMAL,"446","688",,,"6565","59764"
431212.513,5445929.182,0,NORMAL,"749","446",,,"6564","59765"
431118.019,5445867.657,0,NORMAL,"606","446",,,"6563","59766"
431385.253,5445662.673,0,NORMAL,"749","19",,,"6562","59767"
431459.331,5445750.749,0,NORMAL,"897","19",,,"6561","59768"
431529.284,5445832.604,0,NORMAL,"19","1006",,,"6560","59769"
431391.23,5446043.459,0,NORMAL,"1006","446",,,"6559","59770"
431304.967,5445987.677,0,NORMAL,"897","446",,,"6558","59771"
423005.33,5453464.53,0,DEADEND,"639",,,,"7650","60767"
424174.846,5453864.044,0,DEADEND,"711",,,,"7648","60769"
423970.931,5453771.806,0,NORMAL,"741","741",,,"7640","60776"
423405.324,5453594.94,0,NORMAL,"779","542",,,"7634","60780"
423407.547,5453634.537,0,DEADEND,"779",,,,"7633","60781"
423379.995,5453842.333,0,DEADEND,"490",,,,"7632","60782"
423289.179,5453726.572,0,NORMAL,"490","542",,,"7631","60783"
423181.279,5453657.528,0,DEADEND,"490",,,,"7630","60784"
423331.478,5453800.399,0,NORMAL,"490","937",,,"7629","60785"
423286.37,5454030.785,0,NORMAL,"56","937",,,"7628","60786"
423284.563,5453923.033,0,NORMAL,"937","1159",,,"7627","60787"
422944.56,5454016.994,0,NORMAL,"56","1159",,,"7626","60788"
422466.941279953,5454054.12778404,0,NODE,"56",,,,"7625","60789"
422548.44,5453849.865,0,DEADEND,"492",,,,"7624","60790"
422581.64,5454060.076,0,NORMAL,"56","492",,,"7621","60791"
429080.943,5450479.485,0,NORMAL,"677","386",,,"8295","60792"
428985.482,5450482.002,0,NORMAL,"407","677",,,"8294","60793"
428814.427,5450610.06,0,NORMAL,"414","504",,,"8292","60794"
428990.58,5450623.095,0,NORMAL,"407","1245",,,"8286","60795"
429085.302,5450621.878,0,NORMAL,"386","1245",,,"8285","60796"
429091.362,5450824.533,0,NORMAL,"76","386",,,"8284","60797"
428997.218,5450827.403,0,NORMAL,"76","407",,,"8283","60798"
428903.943,5450830.614,0,NORMAL,"76","475",,,"8282","60799"
429066.601,5451221.654,0,DEADEND,"991",,,,"8281","60800"
428881.928,5451163.828,0,DEADEND,"140",,,,"8280","60801"
428983.571,5451166.413,0,NORMAL,"1026","140",,,"8279","60802"
428874.359,5450968.548,0,DEADEND,"493",,,,"8276","60805"
428834.492,5451104.302,0,DEADEND,"740",,,,"8275","60806"
428738.276,5450837.727,0,NORMAL,"76","414",,,"8272","60809"
428731.094,5450838.003,0,NORMAL,"576","76",,,"8271","60810"
428732.949,5450900.891,0,DEADEND,"576",,,,"8270","60811"
428540.79,5451071.82,0,DEADEND,"1231",,,,"8269","60812"
428460.444,5451105.096,0,DEADEND,"1120",,,,"8267","60814"
428453.958,5450845.021,0,NORMAL,"1120","76",,,"8265","60816"
428331.733,5448453.265,0,NORMAL,"136","0000001386",,,"7533","60549"
428569.247,5448530.369,0,NORMAL,"437","553","867",,"7532","60550"
428529.085,5448612.189,0,NORMAL,"437","124",,,"7531","60551"
428531.387,5448760.39,0,NORMAL,"437","124","553",,"7530","60552"
428533.163,5448847.385,0,NORMAL,"738","437",,,"7529","60553"
428490.189,5448849.025,0,NORMAL,"700","738",,,"7528","60554"
428491.798,5448927.044,0,NORMAL,"700","404",,,"7527","60555"
428183.187,5448938.829,0,NORMAL,"404","1055",,,"7526","60556"
428181.8,5448855.206,0,NORMAL,"738","1055",,,"7525","60557"
428298.721,5448540.0,0,NORMAL,"577","136",,,"7523","60559"
428177.725,5448719.351,0,NORMAL,"136","568",,,"7522","60560"
428259.835,5448626.221,0,NORMAL,"104","136",,,"7521","60561"
428085.295,5448616.157,0,NORMAL,"568","128",,,"7520","60562"
427992.984,5448515.988,0,NORMAL,"568","141",,,"7519","60563"
427923.178,5448573.582,0,NORMAL,"128","141",,,"7518","60564"
426077.064,5452245.006,0,NORMAL,"33","676",,,"7873","60577"
425997.923,5452247.511,0,NORMAL,"840","33",,,"7872","60578"
425620.548,5451721.44,0,NORMAL,"1246","973","644",,"7869","60579"
426118.062,5451634.274,0,NORMAL,"1085","919","533",,"7867","60581"
426416.035,5451717.838,0,NORMAL,"962","712",,,"7866","60582"
426344.914,5451703.804,0,NORMAL,"712","1085",,,"7865","60583"
426285.109,5451457.092,0,NORMAL,"1246","417",,,"7862","60586"
426189.097,5451708.885,0,DEADEND,"712",,,,"7860","60587"
426186.734,5451757.617,0,DEADEND,"1074",,,,"7859","60588"
426231.783,5451711.236,0,NORMAL,"1074","712",,,"7858","60589"
426364.547,5451784.808,0,NORMAL,"962","557",,,"7857","60590"
426368.485,5451966.553,0,NORMAL,"689","342",,,"7856","60591"
426329.956,5451836.744,0,NORMAL,"342","962",,,"7855","60592"
426074.752,5452074.053,0,NORMAL,"1154","676",,,"7854","60593"
426026.235,5452077.593,0,NORMAL,"1154","281",,,"7853","60594"
426210.3,5452067.923,0,NORMAL,"1154","135",,,"7852","60595"
426192.485,5451993.981,0,NORMAL,"689","135",,,"7851","60596"
426175.31,5451910.534,0,NORMAL,"962","135",,,"7850","60597"
426087.842,5451944.643,0,NORMAL,"962","156",,,"7847","60599"
425896.659,5451928.149,0,DEADEND,"1139",,,,"7846","60600"
425872.443,5451978.974,0,NORMAL,"962","1139",,,"7845","60601"
425665.287,5451725.256,0,DEADEND,"1249",,,,"7839","60602"
425693.407,5451831.469,0,NORMAL,"1085","1249",,,"7838","60603"
425710.001,5451743.871,0,DEADEND,"499",,,,"7837","60604"
425753.729,5451770.663,0,NORMAL,"1085","499",,,"7836","60605"
425815.855,5451789.27,0,NORMAL,"1085","911",,,"7835","60606"
425825.691,5451754.446,0,DEADEND,"911",,,,"7834","60607"
426078.83,5451643.287,0,NORMAL,"1085","324",,,"7831","60610"
425616.593,5453814.332,0,DEADEND,"1165",,,,"6363","59377"
426628.029637825,5453849.22936762,0,DEADEND,"820",,,,"6360","59380"
426481.774,5453854.927,0,DEADEND,"820",,,,"6359","59381"
426554.143,5453854.58,0,NORMAL,"815","820",,,"6358","59382"
426489.923,5453962.954,0,NORMAL,"508","815",,,"6357","59383"
426494.765,5454071.348,0,NORMAL,"1211","815",,,"6356","59384"
426500.206,5454182.019,0,NORMAL,"832","815",,,"6355","59385"
426504.403,5454282.275,0,NORMAL,"815","780",,,"6354","59386"
426338.379618557,5454293.32305248,0,DEADEND,"426",,,,"6353","59387"
426357.166226703,5454367.27160017,0,DEADEND,"780",,,,"6352","59388"
426361.864,5454299.29,0,NORMAL,"780","426",,,"6351","59389"
426526.253,5454388.408,0,NORMAL,"77","815","149",,"6350","59390"
425531.612,5453996.253,0,NORMAL,"508","155","1165",,"6348","59392"
425971.942,5453981.289,0,NORMAL,"508","857","0000001371",,"6346","59394"
426212.281,5454292.453,0,DEADEND,"146",,,,"6344","59395"
426252.234,5454467.558,0,NORMAL,"149","995",,,"6343","59396"
426242.732,5454519.899,0,DEADEND,"995",,,,"6342","59397"
426251.131,5454292.159,0,NORMAL,"995","146",,,"6341","59398"
426191.599,5454214.217,0,NORMAL,"158","456",,,"6340","59399"
426094.389,5454220.239,0,NORMAL,"158","149",,,"6339","59400"
426163.824,5454567.212,0,DEADEND,"358",,,,"6338","59401"
426021.163,5454241.928,0,NORMAL,"158","857",,,"6336","59403"
425989.38,5454093.749,0,NORMAL,"26","857",,,"6335","59404"
425979.467,5454029.208,0,NORMAL,"857","47",,,"6333","59405"
426046.961238042,5454024.95233377,0,DEADEND,"47",,,,"6332","59406"
425908.603,5454098.898,0,DEADEND,"26",,,,"6331","59407"
426150.819,5454028.374,0,DEADEND,"964",,,,"6330","59408"
425692.975165938,5454194.15542662,0,DEADEND,"1000",,,,"6329","59409"
425907.185,5454236.236,0,DEADEND,"330",,,,"6328","59410"
425943.794,5454291.158,0,NORMAL,"158","330",,,"6327","59411"
425693.878,5454390.071,0,NORMAL,"158","1000",,,"6326","59412"
425692.76,5454274.369,0,NORMAL,"31","1000",,,"6325","59413"
425779.696,5454271.893,0,DEADEND,"31",,,,"6324","59414"
425630.028,5454378.495,0,NORMAL,"158","336",,,"6323","59415"
425503.794,5454244.827,0,DEADEND,"275",,,,"6322","59416"
425586.937,5454243.446,0,DEADEND,"1105",,,,"6321","59417"
425636.792,5454150.659,0,DEADEND,"803",,,,"6320","59418"
425637.786,5454066.78,0,DEADEND,"80",,,,"6319","59419"
425535.335,5454042.177,0,NORMAL,"80","155",,,"6318","59420"
425565.21,5454155.131,0,NORMAL,"155","803",,,"6317","59421"
425369.381,5454247.471,0,NORMAL,"275","628",,,"6313","59425"
425372.922,5454347.408,0,NORMAL,"158","628",,,"6312","59426"
432060.134,5440667.978,0,NORMAL,"536","1221",,,"7244","60195"
432586.51,5441781.89,0,NODE,"1119","1216",,,"7243","60196"
432874.615,5441276.809,0,DEADEND,"304",,,,"7240","60199"
432875.395,5441353.79,0,NORMAL,"441","304",,,"7239","60200"
433286.942,5441205.577,0,DEADEND,"444",,,,"7236","60203"
433138.231,5441151.598,0,DEADEND,"947",,,,"7235","60204"
433045.485,5440957.666,0,NODE,"82","1141",,,"7234","60205"
432789.64,5441162.498,0,NORMAL,"947","794",,,"7233","60206"
433035.329,5441157.824,0,NORMAL,"82","947",,,"7232","60207"
433040.853,5441050.762,0,NORMAL,"82","660",,,"7231","60208"
432792.698,5441054.946,0,NORMAL,"1141","660","794",,"7230","60209"
432046.168,5440921.929,0,DEADEND,"233",,,,"7229","60210"
432228.252,5440937.549,0,DEADEND,"1146",,,,"7227","60211"
432213.636,5440840.844,0,NORMAL,"233","1146",,,"7226","60212"
432577.927,5440888.113,0,NORMAL,"664","406",,,"7225","60213"
432667.727,5441167.623,0,NORMAL,"947","406",,,"7224","60214"
432334.281,5441037.318,0,NORMAL,"233","664",,,"7222","60216"
431945.69,5441470.41,0,DEADEND,"20",,,,"7218","60219"
432108.1,5441522.91,0,DEADEND,"705",,,,"7216","60221"
432095.83,5441205.69,0,DEADEND,"705",,,,"7215","60222"
433329.589,5442347.581,0,DEADEND,"694",,,,"7210","60227"
433042.977,5441771.894,0,DEADEND,"1119",,,,"7207","60230"
432592.601,5442031.09,0,DEADEND,"1216",,,,"7205","60232"
432721.191,5442303.351,0,DEADEND,"384",,,,"7203","60234"
432800.548015204,5442199.21794086,0,NORMAL,"917","1149",,,"7201","60236"
432599.283,5442304.437,0,NORMAL,"658","384",,,"7197","60238"
432822.347269845,5443199.05041912,0,DEADEND,"402",,,,"7187","60243"
432591.985,5443200.97,0,DEADEND,"243",,,,"7183","60245"
432670.684,5443108.183,0,NORMAL,"234","243",,,"7181","60246"
427994.218,5451280.632,0,NORMAL,"1035","333","972",,"8629","61597"
428004.277,5451482.476,0,NORMAL,"981","1035",,,"8627","61599"
427866.689,5451576.938,0,DEADEND,"496",,,,"8626","61600"
427874.92,5451647.63,0,DEADEND,"496",,,,"8625","61601"
427872.308,5451612.786,0,NORMAL,"496","953",,,"8624","61602"
428373.79,5447644.48,0,DEADEND,"691",,,,"8622","61604"
428539.329,5448180.495,0,NORMAL,"136","1134",,,"8618","61607"
430039.157,5448603.971,0,DEADEND,"0000001357",,,,"8616","61609"
429854.536,5448606.738,0,NORMAL,"1177","1063","0000001357",,"8615","61610"
429760.606,5448892.775,0,DEADEND,"1248",,,,"8614","61611"
429872.403,5448855.72,0,NORMAL,"1112","1177",,,"8613","61612"
429859.543449829,5448798.90628049,0,NORMAL,"1081","1177",,,"8612","61613"
429855.697,5448701.684,0,NORMAL,"799","1177",,,"8611","61614"
429647.861,5448613.359,0,NORMAL,"1063","489",,,"8610","61615"
429644.118,5448708.976,0,NORMAL,"799","489",,,"8609","61616"
429646.817,5448804.713,0,NORMAL,"1081","489",,,"8608","61617"
429593.502,5448904.817,0,NORMAL,"467","1248",,,"8607","61618"
429651.302,5448900.638,0,NORMAL,"1248","489",,,"8606","61619"
430695.52,5446833.48,0,DEADEND,"287",,,,"8605","61620"
430548.32,5446899.562,0,NORMAL,"136","303",,,"8604","61621"
430973.647,5447096.476,0,NORMAL,"747","71",,,"8600","61624"
431037.189,5447065.519,0,NORMAL,"71",,,,"8599","61625"
431084.302,5447078.969,0,NORMAL,"747","71",,,"8598","61626"
431179.267,5447169.44,0,NORMAL,"1160","321",,,"8597","61627"
431053.606,5447246.603,0,NORMAL,"1112","169",,,"8595","61628"
431251.409,5447669.481,0,DEADEND,"1134",,,,"8592","61629"
431147.311,5447901.728,0,DEADEND,"318",,,,"8591","61630"
431085.921,5447904.442,0,NORMAL,"1076","318",,,"8590","61631"
430977.848,5447908.895,0,NORMAL,"1160","318",,,"8589","61632"
430976.21245424,5448005.25741613,0,NORMAL,"1183","1160",,,"8587","61634"
430896.998,5448607.277,0,NORMAL,"1076","888",,,"8586","61635"
430950.871,5448470.718,0,NORMAL,"1076","652",,,"8585","61636"
431077.014,5448089.746,0,NORMAL,"1076","1065",,,"8584","61637"
430981.883,5448092.313,0,NORMAL,"1160","1065",,,"8583","61638"
430691.264,5448140.759,0,DEADEND,"92",,,,"8582","61639"
430781.2,5448354.16,0,DEADEND,"398",,,,"8581","61640"
430987.664,5448227.985,0,DEADEND,"1160",,,,"8580","61641"
430712.99,5448812.002,0,NORMAL,"1076","357",,,"8576","61644"
430436.822,5448819.325,0,NORMAL,"154","357",,,"8575","61645"
430094.006,5448825.856,0,NORMAL,"401","357",,,"8574","61646"
430140.404,5448767.205,0,NORMAL,"249","401",,,"8573","61647"
430156.837,5448744.562,0,NORMAL,"401","249",,,"8572","61648"
429990.319,5448213.731,0,NORMAL,"125","245",,,"6815","59528"
429845.296,5448219.878,0,NORMAL,"0000001290","1177","245",,"6814","59529"
429759.02,5448226.237,0,DEADEND,"0000001290",,,,"6813","59530"
429525.394,5448169.429,0,DEADEND,"681",,,,"6812","59531"
429514.421,5448062.749,0,NORMAL,"83","681",,,"6810","59532"
429570.57,5448010.569,0,NORMAL,"83","1066",,,"6809","59533"
429561.347,5447734.184,0,DEADEND,"728",,,,"6808","59534"
429561.649,5447839.959,0,NORMAL,"1134","728",,,"6807","59535"
429552.798,5447842.98,0,NORMAL,"723","1134",,,"6806","59536"
429620.222,5447930.194,0,NORMAL,"83","723",,,"6805","59537"
429755.053,5447936.794,0,NORMAL,"723","1177",,,"6804","59538"
429790.162,5448030.805,0,NORMAL,"1064","1177",,,"6803","59539"
430581.958,5448015.135,0,DEADEND,"186",,,,"6798","59544"
430603.919,5447923.052,0,NORMAL,"1062","258",,,"6796","59546"
430251.75,5447755.098,0,NORMAL,"378","765",,,"6795","59547"
430401.316,5447750.635,0,NORMAL,"378","748",,,"6794","59548"
430485.544,5447747.4,0,NORMAL,"378","512",,,"6793","59549"
430492.846,5447927.824,0,NORMAL,"1062","512",,,"6792","59550"
430533.449,5447926.337,0,NORMAL,"1062","819",,,"6791","59551"
430547.39,5447925.805,0,NORMAL,"819","1062",,,"6790","59552"
430548.582,5448016.336,0,NORMAL,"819","186",,,"6789","59553"
430409.132,5448020.478,0,NORMAL,"186","748",,,"6788","59554"
430262.427,5448025.348,0,NORMAL,"186","765",,,"6787","59555"
430131.917,5448029.051,0,NORMAL,"1087","186",,,"6786","59556"
429986.461,5448033.993,0,NORMAL,"125","186","186",,"6785","59557"
429827.012,5447860.934,0,NORMAL,"470","558",,,"6783","59559"
429841.353,5447947.422,0,NORMAL,"470","1062",,,"6782","59560"
429982.355,5447943.427,0,NORMAL,"1062","125",,,"6780","59562"
430128.322,5447940.567,0,NORMAL,"1087","1062",,,"6779","59563"
430258.217,5447935.968,0,NORMAL,"765","1062",,,"6778","59564"
430407.22,5447930.808,0,NORMAL,"1062","748",,,"6777","59565"
430403.663,5447840.861,0,NORMAL,"748","558",,,"6776","59566"
430255.91,5447845.992,0,NORMAL,"558","765",,,"6775","59567"
430125.33,5447849.731,0,NORMAL,"558","1087",,,"6774","59568"
429979.189,5447853.358,0,NORMAL,"558","125",,,"6773","59569"
429974.032,5447764.149,0,NORMAL,"378","125",,,"6772","59570"
430109.92877641,5447549.35055607,0,DEADEND,"1087",,,,"6771","59571"
430016.577,5447557.734,0,DEADEND,"588",,,,"6770","59572"
431258.97,5447303.069,0,NORMAL,"169","1076",,,"6717","59623"
431150.361,5447273.548,0,NORMAL,"169","1160",,,"6716","59624"
431169.663,5447141.85,0,NORMAL,"1112","321",,,"6714","59626"
431286.808,5447200.495,0,NORMAL,"1076","321",,,"6712","59628"
430204.292,5445145.948,0,NORMAL,"424","514",,,"6708","59632"
430340.375,5445143.357,0,NORMAL,"424","556",,,"6707","59633"
430450.938,5445140.859,0,NORMAL,"424","189",,,"6706","59634"
430655.527,5445136.993,0,NORMAL,"1022","424",,,"6705","59635"
430552.701,5445139.026,0,NORMAL,"463","424",,,"6704","59636"
430549.829,5445325.343,0,NORMAL,"21","463",,,"6703","59637"
430613.852,5445405.919,0,DEADEND,"190",,,,"6702","59638"
430625.271,5445350.199,0,NORMAL,"190","21",,,"6701","59639"
430707.679,5445400.8,0,DEADEND,"590",,,,"6700","59640"
430701.396,5445348.546,0,NORMAL,"21","590",,,"6699","59641"
430767.066,5445348.111,0,NORMAL,"168","21",,,"6698","59642"
430978.521,5445345.425,0,NORMAL,"21","1077",,,"6695","59644"
430870.776,5445652.986,0,NORMAL,"248","370",,,"6694","59645"
430487.797,5445402.591,0,NORMAL,"514","463",,,"6693","59646"
430540.471,5445450.199,0,NORMAL,"514","934",,,"6692","59647"
430346.398,5445457.206,0,NORMAL,"556","934",,,"6691","59648"
430343.647,5445272.056,0,NORMAL,"514","556",,,"6690","59649"
430133.337,5445359.03,0,NORMAL,"913","645",,,"6689","59650"
430031.617,5445359.888,0,NORMAL,"913","540",,,"6688","59651"
429921.798,5445361.254,0,NORMAL,"913","1179",,,"6687","59652"
430244.148,5445568.411,0,NORMAL,"1192","442",,,"6686","59653"
430237.241,5445238.679,0,DEADEND,"1192",,,,"6685","59654"
430139.317,5445570.995,0,NORMAL,"645","442",,,"6684","59655"
429815.398,5446103.032,0,DEADEND,"589",,,,"6677","59661"
429891.96,5446051.28,0,DEADEND,"825",,,,"6676","59662"
429818.254,5446051.11,0,NORMAL,"825","589",,,"6675","59663"
429821.056,5446000.187,0,NORMAL,"1118","589",,,"6674","59664"
429359.038,5446805.197,0,NORMAL,"954","110",,,"6672","59666"
429473.6,5446879.26,0,DEADEND,"1230",,,,"6670","59668"
429385.181,5446482.127,0,NORMAL,"110","1230",,,"6668","59670"
429595.593,5446513.82,0,NORMAL,"101","885",,,"6666","59672"
428993.555,5447773.291,0,NORMAL,"136","218",,,"6863","59484"
428935.237,5447525.548,0,NORMAL,"1163","72",,,"6860","59486"
429116.394,5447430.733,0,NORMAL,"904","1163",,,"6859","59487"
429119.185,5447523.412,0,NORMAL,"72","904",,,"6858","59488"
429119.681,5447623.047,0,NORMAL,"904","762",,,"6857","59489"
429364.178,5447747.129,0,DEADEND,"1224",,,,"6855","59491"
429129.236,5447751.173,0,NORMAL,"1224","904",,,"6854","59492"
429462.902,5447876.329,0,NORMAL,"1134","178","1066",,"6853","59493"
429373.431,5447908.735,0,NORMAL,"1134","134",,,"6851","59495"
429384.515,5447986.47,0,NORMAL,"83","134",,,"6849","59496"
429256.198,5448097.894,0,NORMAL,"134","486",,,"6848","59497"
429336.196,5448315.557,0,NORMAL,"359","998",,,"6846","59499"
429534.423,5448403.788,0,NORMAL,"359","998",,,"6845","59500"
429761.21,5448322.421,0,DEADEND,"828",,,,"6844","59501"
429847.444,5448310.151,0,NORMAL,"828","1177",,,"6842","59502"
429849.513,5448397.927,0,NORMAL,"1177","360",,,"6841","59503"
429849.79,5448415.042,0,NORMAL,"359","1177",,,"6840","59504"
429658.476,5448424.966,0,NORMAL,"359","489",,,"6839","59505"
429652.833,5448520.289,0,NORMAL,"775","489",,,"6838","59506"
429851.93,5448513.214,0,NORMAL,"775","1177",,,"6837","59507"
429951.15,5448514.191,0,DEADEND,"776",,,,"6836","59508"
429999.539,5448514.255,0,NORMAL,"776","125",,,"6835","59509"
430142.292,5448392.417,0,NORMAL,"360","1087",,,"6834","59510"
430316.85,5448294.65,0,DEADEND,"828",,,,"6833","59511"
430272.436,5448296.498,0,NORMAL,"828","765","360",,"6832","59512"
430140.178,5448300.206,0,NORMAL,"828","1087",,,"6831","59513"
429991.612,5448304.281,0,NORMAL,"125","828",,,"6830","59514"
429994.327,5448395.648,0,NORMAL,"125","360",,,"6829","59515"
430737.359,5447918.429,0,DEADEND,"318",,,,"6827","59517"
430817.045,5447915.942,0,TRAFFIC LIGHT,"318","1112",,,"6826","59518"
430578.431,5448105.168,0,DEADEND,"1065",,,,"6822","59521"
430833.982,5448097.886,0,NORMAL,"343","1065",,,"6821","59522"
430837.274,5448186.656,0,NORMAL,"596","343",,,"6820","59523"
430692.307,5448191.999,0,NORMAL,"92","596",,,"6819","59524"
430563.47,5448197.617,0,NORMAL,"901","596",,,"6818","59525"
430268.713,5448205.701,0,NORMAL,"765","245",,,"6817","59526"
430137.435,5448210.051,0,NORMAL,"1087","245",,,"6816","59527"
423885.658,5448831.992,0,NORMAL,"585","1207",,,"8886","61386"
423951.827,5449051.167,0,NORMAL,"585","25",,,"8885","61387"
424237.786,5449518.393,0,NORMAL,"585","755",,,"8882","61390"
424235.825,5449546.999,0,NORMAL,"585","0000001395",,,"8881","61391"
428964.2,5446129.2,0,DEADEND,"311",,,,"8866","61405"
429051.98,5445830.208,0,DEADEND,"197",,,,"8864","61407"
429055.468,5445671.247,0,NORMAL,"197","278",,,"8863","61408"
428868.9,5445861.63,0,DEADEND,"771",,,,"8862","61409"
428866.671,5445821.692,0,NORMAL,"771","278",,,"8861","61410"
428907.876,5445815.581,0,NORMAL,"278","1140",,,"8860","61411"
428927.48,5445629.73,0,DEADEND,"1140",,,,"8859","61412"
428470.693,5445924.634,0,NORMAL,"1007","278",,,"8857","61413"
428443.363,5446015.34,0,DEADEND,"834",,,,"8855","61414"
428842.421,5445985.488,0,DEADEND,"966",,,,"8852","61415"
428788.598,5445814.377,0,NORMAL,"758","278",,,"8850","61416"
428757.061,5445812.699,0,NORMAL,"278","207",,,"8849","61417"
428760.569,5445636.282,0,DEADEND,"207",,,,"8848","61418"
428588.67,5446048.45,0,NODE,"15","1135",,,"8841","61425"
428036.196,5446047.955,0,NORMAL,"278",,,,"8839","61427"
429685.889,5451581.311,0,DEADEND,"900",,,,"8837","61429"
431131.21,5451612.913,0,DEADEND,"1071",,,,"8836","61430"
431142.356,5451479.973,0,NORMAL,"1075","1071",,,"8835","61431"
431020.426,5451641.826,0,NORMAL,"1019","495",,,"8834","61432"
431269.091327544,5451576.45384071,0,NORMAL,"1075","172",,,"8831","61435"
431377.405,5451949.247,0,DEADEND,"884",,,,"8830","61436"
431260.903,5451952.725,0,NORMAL,"884","1075",,,"8828","61437"
424241.943599998,5452718.0678295,0,DEADEND,"1153",,,,"7706","60718"
424174.209,5452615.549,0,NORMAL,"741","1147",,,"7704","60720"
424228.304,5452492.538,0,NORMAL,"699","741",,,"7703","60721"
424075.02,5452532.88,0,DEADEND,"699",,,,"7702","60722"
423989.328,5452763.63,0,DEADEND,"350",,,,"7701","60723"
424112.009,5452770.758,0,NORMAL,"741","350",,,"7700","60724"
423018.425,5453379.954,0,NORMAL,"582","1186",,,"7652","60765"
424064.231,5452986.408,0,NORMAL,"395","741",,,"7693","60730"
424077.12343844,5452986.14874204,0,DEADEND,"395",,,,"7692","60731"
424275.679082532,5452983.0771735,0,DEADEND,"872",,,,"7691","60732"
424173.851,5453360.488,0,NORMAL,"872","1054",,,"7690","60733"
424030.6,5453369.897,0,NORMAL,"741","1054",,,"7689","60734"
424118.613,5453218.239,0,DEADEND,"871",,,,"7687","60735"
424045.761,5453211.417,0,NORMAL,"871","741",,,"7686","60736"
424046.35,5453155.288,0,NORMAL,"365","741",,,"7685","60737"
423986.019,5453000.241,0,DEADEND,"882",,,,"7683","60739"
423769.227,5453224.554,0,NORMAL,"365","332","415",,"7680","60742"
423765.984,5453118.582,0,NORMAL,"938","332",,,"7678","60744"
423592.453,5453144.443,0,NORMAL,"332","789",,,"7677","60745"
423648.932097156,5453210.27438578,0,NORMAL,"938","789",,,"7676","60746"
423643.775,5453337.096,0,NORMAL,"789","1153","415",,"7675","60747"
423528.038,5453339.166,0,DEADEND,"1153","415",,,"7674","60748"
423577.16,5453161.52,0,DEADEND,"332",,,,"7673","60749"
423693.036,5452996.146,0,DEADEND,"332",,,,"7672","60750"
423349.386,5453296.067,0,NORMAL,"582","403",,,"7665","60755"
423191.724,5453222.23,0,NORMAL,"403","593",,,"7660","60757"
423286.792,5453240.066,0,NORMAL,"403","793",,,"7659","60758"
423307.27,5453136.0,0,DEADEND,"793",,,,"7658","60759"
423191.522,5453177.23,0,DEADEND,"593",,,,"7657","60760"
423104.725,5453181.832,0,DEADEND,"616",,,,"7656","60761"
423018.303,5453142.823,0,DEADEND,"1186",,,,"7655","60762"
423018.303,5453221.144,0,NORMAL,"1186","403",,,"7654","60763"
423018.303,5453301.024,0,NORMAL,"793","1186",,,"7653","60764"
425289.908,5454348.763,0,NORMAL,"212","158","152",,"6311","59427"
425288.25,5454096.626,0,NORMAL,"803","152","264",,"6310","59428"
425286.608,5453999.283,0,NORMAL,"508","152",,,"6309","59429"
425004.202,5454178.528,0,NORMAL,"752",,,,"6296","59439"
425022.56,5454178.53,0,DEADEND,"752",,,,"6295","59440"
425076.817,5454156.292,0,DEADEND,"264",,,,"6294","59441"
425078.341,5454251.916,0,DEADEND,"1045",,,,"6293","59442"
425190.32,5454250.475,0,NORMAL,"760","1045",,,"6292","59443"
424540.954,5454392.803,0,DEADEND,"788",,,,"6289","59446"
424612.195,5454471.372,0,NORMAL,"578","788",,,"6288","59447"
424500.12,5454472.774,0,DEADEND,"578",,,,"6287","59448"
424888.085,5454309.405,0,NORMAL,"329","725",,,"6286","59449"
425202.64,5454455.238,0,DEADEND,"760",,,,"6285","59450"
425406.336,5454447.028,0,DEADEND,"336",,,,"6284","59451"
428001.294,5446922.265,0,DEADEND,"1099",,,,"6896","59452"
427971.541,5447054.552,0,DEADEND,"601",,,,"6895","59453"
428086.428,5447034.143,0,NORMAL,"1215","601","0000001369",,"6893","59454"
428018.924,5447048.802,0,NORMAL,"601","880",,,"6892","59455"
427845.081,5447125.958,0,NORMAL,"1099","880",,,"6891","59456"
427869.648,5447054.148,0,NORMAL,"1099","743",,,"6890","59457"
427754.197,5447132.621,0,DEADEND,"244",,,,"6889","59458"
427737.941,5447087.731,0,NORMAL,"743","244",,,"6888","59459"
427420.175,5447273.163,0,DEADEND,"743",,,,"6887","59460"
427620.458,5447216.331,0,DEADEND,"1097",,,,"6886","59461"
427600.602,5447185.431,0,NORMAL,"1097","743",,,"6885","59462"
427715.098,5447214.523,0,DEADEND,"225",,,,"6884","59463"
427373.207,5448103.745,0,NORMAL,"376","719",,,"6881","59466"
428157.185451666,5448046.74123208,0,DEADEND,"497",,,,"6877","59470"
428380.994,5448040.583,0,NORMAL,"497","691",,,"6876","59471"
428398.472171242,5448155.52095699,0,DEADEND,"613",,,,"6875","59472"
428521.567,5448120.656,0,NORMAL,"691","613",,,"6874","59473"
428537.473,5447972.301,0,NORMAL,"376","510",,,"6869","59478"
432858.435,5439661.089,0,DEADEND,"211",,,,"7298","60147"
432901.42,5439903.97,0,DEADEND,"323",,,,"7296","60149"
432814.464,5439740.079,0,NORMAL,"323","605",,,"7294","60150"
432837.831,5440254.212,0,DEADEND,"527",,,,"7292","60152"
432725.916,5440128.326,0,DEADEND,"604",,,,"7291","60153"
432778.886,5440031.055,0,NORMAL,"605","604",,,"7290","60154"
432066.202,5440724.538,0,DEADEND,"536",,,,"7245","60194"
432506.066,5439704.973,0,NORMAL,"1131","940",,,"7288","60156"
432604.052,5439737.605,0,DEADEND,"1131",,,,"7287","60157"
432534.778,5439834.195,0,DEADEND,"666",,,,"7286","60158"
432453.328,5439848.973,0,NORMAL,"940","1100",,,"7285","60159"
432470.877,5439801.213,0,NORMAL,"666","940",,,"7284","60160"
432377.589,5439689.966,0,DEADEND,"309",,,,"7283","60161"
432312.146,5439601.942,0,NORMAL,"1098","1069","309",,"7282","60162"
432267.487,5439850.618,0,NORMAL,"1100","1098",,,"7281","60163"
432130.534,5439838.606,0,NORMAL,"1100","1073",,,"7280","60164"
431977.38,5439836.099,0,NORMAL,"261","1100",,,"7279","60165"
432196.43995176,5440347.84050235,0,NORMAL,"406","940",,,"7276","60168"
432525.054,5439957.844,0,DEADEND,"608",,,,"7274","60170"
432475.684,5440058.727,0,NORMAL,"564","608",,,"7273","60171"
432540.257,5440130.199,0,DEADEND,"564",,,,"7272","60172"
432323.123,5440229.52,0,DEADEND,"833",,,,"7268","60174"
432378.465628708,5440208.62416867,0,NORMAL,"757","833",,,"7267","60175"
432425.622,5440116.602,0,NORMAL,"608","923","757",,"7266","60176"
432357.841,5440543.741,0,NORMAL,"406","921",,,"7261","60181"
432263.512,5440433.978,0,NORMAL,"406","301",,,"7260","60182"
431969.007,5440575.254,0,NORMAL,"1221","301",,,"7259","60183"
432194.34,5440495.952,0,NORMAL,"1221",,,,"7256","60186"
432153.625,5440528.661,0,NORMAL,"520","301",,,"7255","60187"
432247.617,5440574.173,0,DEADEND,"1221",,,,"7253","60189"
432262.745,5440706.836,0,DEADEND,"520",,,,"7251","60190"
432203.852,5440612.152,0,NORMAL,"520","1221",,,"7250","60191"
432135.525,5440645.906,0,NORMAL,"1221","769",,,"7249","60192"
432148.387,5440678.457,0,DEADEND,"769",,,,"7248","60193"
428928.313,5443932.449,0,NORMAL,"791","777",,,"7366","60089"
428930.168,5443209.505,0,NORMAL,"791","670",,,"7365","60090"
429567.449,5442708.321,0,DEADEND,"943",,,,"7364","60091"
429418.574,5442896.55,0,NORMAL,"943","513",,,"7363","60092"
429558.321,5443250.617,0,NORMAL,"550","513",,,"7361","60093"
429508.107,5443070.058,0,NORMAL,"513","1212",,,"7360","60094"
430087.12,5442703.735,0,DEADEND,"1212",,,,"7359","60095"
429628.271,5442897.828,0,DEADEND,"1032",,,,"7358","60096"
429676.223,5443037.224,0,NORMAL,"1212","1032",,,"7357","60097"
429752.506,5443029.227,0,NORMAL,"1212","851",,,"7356","60098"
429728.26,5443329.07,0,DEADEND,"851",,,,"7355","60099"
429721.245,5443239.474,0,NORMAL,"851","550",,,"7354","60100"
434396.823518827,5442158.43310428,0,DEADEND,"449",,,,"7351","60101"
433631.991,5442352.997,0,DEADEND,"422",,,,"7350","60102"
437942.103,5442645.749,0,DEADEND,"870",,,,"7345","60105"
436796.742,5442474.665,0,NORMAL,"717","870",,,"7342","60108"
437078.269,5441839.368,0,DEADEND,"717",,,,"7341","60109"
434034.032,5441290.093,0,NORMAL,"231","449",,,"7321","60126"
432136.612,5438794.695,0,DEADEND,"642",,,,"7315","60130"
431937.907,5438704.632,0,DEADEND,"261",,,,"7314","60131"
430853.649,5438311.506,0,DEADEND,"1153",,,,"7311","60134"
430803.821,5439547.712,0,DEADEND,"406",,,,"7308","60137"
431641.697162127,5439113.60510085,0,NORMAL,"406","1223",,,"7307","60138"
431969.942,5439432.24,0,NORMAL,"1069","261",,,"7306","60139"
432415.327,5439513.972,0,NORMAL,"1098","642",,,"7304","60141"
432127.428,5439440.186,0,NORMAL,"1069","1073",,,"7303","60142"
429863.849,5447729.994,0,NORMAL,"1134","663",,,"6765","59577"
429953.407,5447697.508,0,NORMAL,"1134","125",,,"6764","59578"
429967.025,5447692.625,0,NORMAL,"125","1134",,,"6763","59579"
430053.676,5447661.052,0,NORMAL,"1134","588",,,"6762","59580"
430117.897,5447637.547,0,NORMAL,"1134","1087",,,"6761","59581"
430138.494,5447629.947,0,NORMAL,"1134","1087",,,"6760","59582"
430118.999965768,5447669.9132577,0,NORMAL,"87","1087",,,"6759","59583"
430122.042,5447759.181,0,NORMAL,"378","1087",,,"6758","59584"
430248.369,5447665.229,0,NORMAL,"765","87",,,"6757","59585"
430392.928,5447570.626,0,NORMAL,"748","1134",,,"6756","59586"
430242.921,5447592.569,0,NORMAL,"765","1134",,,"6755","59587"
430397.304,5447659.889,0,NORMAL,"748","87",,,"6754","59588"
430525.056,5447746.205,0,NORMAL,"819","378",,,"6753","59589"
430599.146,5447744.301,0,NORMAL,"258","378",,,"6752","59590"
430675.442,5447740.203,0,NORMAL,"378","39",,,"6751","59591"
430761.927,5447738.115,0,NORMAL,"378","23",,,"6750","59592"
431163.375,5447647.137,0,NORMAL,"1134","1076",,,"6749","59593"
431056.44,5447617.119,0,NORMAL,"1134","1160",,,"6748","59594"
430812.346,5447560.626,0,NORMAL,"546","1134",,,"6746","59596"
430755.057,5447561.16,0,NORMAL,"23","1134",,,"6745","59597"
430669.617,5447564.821,0,NORMAL,"1134","39",,,"6744","59598"
430591.945,5447567.759,0,NORMAL,"1134","258",,,"6743","59599"
430518.183,5447569.904,0,NORMAL,"1134","819",,,"6742","59600"
430303.247,5447472.294,0,DEADEND,"961",,,,"6741","59601"
430386.569,5447459.392,0,NORMAL,"748","961",,,"6738","59603"
430731.099,5447354.522,0,NORMAL,"144","1181",,,"6736","59605"
430732.959,5447304.795,0,NORMAL,"1181","908",,,"6735","59606"
431021.331,5447348.702,0,NORMAL,"778","1112",,,"6727","59613"
431089.508,5447496.7,0,NORMAL,"961","1160",,,"6725","59615"
431122.261,5447376.577,0,NORMAL,"778","1160",,,"6724","59616"
431229.496,5447404.95,0,NORMAL,"1076","778",,,"6723","59617"
431196.828,5447525.904,0,NORMAL,"1076","961",,,"6722","59618"
431328.108,5447432.34,0,NORMAL,"801","778",,,"6720","59620"
431354.38,5447328.624,0,NORMAL,"801","169",,,"6718","59622"
429825.799,5446468.712,0,NORMAL,"985","885",,,"6663","59675"
429655.996,5446570.33,0,NORMAL,"985","101",,,"6664","59674"
429823.829,5446363.066,0,NORMAL,"720","334",,,"6662","59676"
429825.43,5446420.533,0,NORMAL,"985","585","334",,"6661","59677"
429884.04,5446362.657,0,DEADEND,"720",,,,"6660","59678"
429882.08,5446263.108,0,DEADEND,"334",,,,"6659","59679"
430154.088,5446305.23,0,DEADEND,"756",,,,"6658","59680"
430152.503,5446208.552,0,DEADEND,"81",,,,"6657","59681"
430183.602,5446204.247,0,DEADEND,"81",,,,"6656","59682"
430145.8,5446120.87,0,DEADEND,"645",,,,"6654","59684"
429940.879,5446208.781,0,NORMAL,"1107","81","1179",,"6653","59685"
429942.95,5446307.224,0,NORMAL,"756","1179",,,"6651","59686"
430158.877,5446629.719,0,NORMAL,"612","351",,,"6649","59688"
430157.723,5446558.82,0,NORMAL,"351","826",,,"6647","59689"
430201.172,5446557.775,0,DEADEND,"826",,,,"6646","59690"
430156.885,5446501.425,0,NORMAL,"351","10",,,"6645","59691"
429211.304,5447331.591,0,NORMAL,"453","595",,,"6644","59692"
429293.618,5447331.287,0,DEADEND,"453",,,,"6643","59693"
429213.538,5447424.967,0,DEADEND,"595",,,,"6642","59694"
429298.005,5447521.664,0,NORMAL,"72","13",,,"6640","59696"
429354.701,5447521.3,0,DEADEND,"72",,,,"6639","59697"
429580.897,5447311.404,0,DEADEND,"459",,,,"6636","59700"
429664.938,5447369.244,0,DEADEND,"394",,,,"6634","59701"
429794.877,5447234.457,0,NORMAL,"394","869",,,"6632","59702"
429723.226,5447168.064,0,NORMAL,"869","459",,,"6631","59703"
429899.724,5447046.839,0,NORMAL,"459","394",,,"6630","59704"
429951.869,5446840.093,0,NORMAL,"1179","430",,,"6627","59707"
430169.404,5447021.722,0,NORMAL,"136","351",,,"6626","59708"
430162.764,5446836.868,0,NORMAL,"430","351",,,"6625","59709"
430057.865,5446838.227,0,NORMAL,"430","10",,,"6624","59710"
430068.737,5447098.803,0,NORMAL,"136","10",,,"6623","59711"
430426.525,5446610.493,0,NORMAL,"612","701",,,"6621","59712"
430271.512,5446947.595,0,NORMAL,"136","49",,,"6620","59713"
430268.787,5446833.882,0,NORMAL,"430","49",,,"6619","59714"
430266.789,5446627.86,0,NORMAL,"49","612",,,"6618","59715"
430304.423,5446626.681,0,NORMAL,"612","1121",,,"6617","59716"
430370.405,5446624.994,0,NORMAL,"556","612",,,"6616","59717"
430374.301,5446833.048,0,NORMAL,"556","430",,,"6615","59718"
430377.054,5446924.934,0,NORMAL,"136","556","0000001427",,"6614","59719"
430702.913,5446244.438,0,NORMAL,"873","385",,,"6611","59721"
430639.929,5446196.915,0,DEADEND,"303",,,,"6610","59722"
431126.303,5444918.445,0,DEADEND,"366",,,,"6955","60450"
431069.413,5444919.598,0,NORMAL,"507","366",,,"6954","60451"
430969.902,5444920.578,0,NORMAL,"1077","366",,,"6953","60452"
430963.505,5444709.096,0,NORMAL,"1077","1038",,,"6952","60453"
430865.047,5444710.447,0,NORMAL,"1242","1038",,,"6951","60454"
430871.297,5444922.051,0,NORMAL,"366","1242",,,"6950","60455"
430874.11,5445241.49,0,DEADEND,"1242",,,,"6949","60456"
431187.693,5445233.791,0,NORMAL,"853","957",,,"6945","60459"
431186.706,5445127.35,0,NORMAL,"853","424",,,"6944","60460"
431075.011,5445129.447,0,NORMAL,"507","424",,,"6943","60461"
430973.795,5445131.067,0,NORMAL,"1077","424",,,"6942","60462"
430874.261,5445133.319,0,NORMAL,"1242","424",,,"6941","60463"
430763.646,5445135.316,0,NORMAL,"168","424",,,"6940","60464"
430655.9,5444926.069,0,NORMAL,"366","1022",,,"6938","60466"
430549.828,5444926.874,0,NORMAL,"463","366",,,"6937","60467"
430448.48,5445031.97,0,DEADEND,"189",,,,"6936","60468"
430243.778,5445046.329,0,DEADEND,"983",,,,"6935","60469"
430337.237,5445041.771,0,NORMAL,"983","556",,,"6934","60470"
430233.621,5444816.939,0,DEADEND,"9","9",,,"6933","60471"
429930.781,5444728.181,0,NODE,"1038","1179",,,"6931","60473"
430018.922,5444728.136,0,NORMAL,"1038","540",,,"6929","60474"
430118.349,5444726.466,0,NORMAL,"645","1038",,,"6928","60475"
429916.984,5444941.886,0,NORMAL,"366","1179",,,"6925","60478"
429978.923,5444941.085,0,NORMAL,"366","514",,,"6923","60480"
430023.586,5444981.083,0,NORMAL,"540","514",,,"6922","60481"
430127.628,5445077.062,0,NORMAL,"645","514",,,"6921","60482"
429721.091,5449070.474,0,NORMAL,"1117","401",,,"7604","60483"
429270.54,5449236.476,0,NORMAL,"537","761",,,"7601","60486"
429169.549,5449315.559,0,NORMAL,"1243","537",,,"7600","60487"
429215.398,5449252.361,0,TRAFFIC LIGHT,"569","818",,,"7599","60488"
429169.436,5449243.342,0,NORMAL,"818","133",,,"7598","60489"
428916.716,5449249.791,0,NORMAL,"362","818",,,"7597","60490"
429003.33,5449248.035,0,NORMAL,"818","865",,,"7596","60491"
428835.443,5449253.052,0,NORMAL,"818","1233",,,"7595","60492"
428837.944,5449410.819,0,NORMAL,"434","1233",,,"7594","60493"
428626.116,5449394.778,0,NORMAL,"165","722",,,"7593","60494"
428623.023,5449257.261,0,NORMAL,"818","722",,,"7592","60495"
428412.583,5449262.184,0,NORMAL,"818","724",,,"7590","60496"
428182.871,5453635.321,0,NORMAL,"508","599",,,"6451","59869"
428181.27,5453541.62,0,DEADEND,"599",,,,"6450","59870"
427944.793,5454486.007,0,NORMAL,"425","11",,,"6448","59872"
427969.345506465,5454519.49318934,0,DEADEND,"11",,,,"6446","59874"
427649.927,5454454.949,0,NORMAL,"425","397",,,"6444","59876"
427753.747,5454490.782,0,NORMAL,"532","425",,,"6443","59877"
428053.235,5454284.66,0,NORMAL,"1176","93",,,"6442","59878"
427925.66,5454286.348,0,NORMAL,"1234","1176",,,"6441","59879"
427791.297,5454426.044,0,NORMAL,"532","532",,,"6439","59881"
428015.646,5454384.217,0,DEADEND,"532",,,,"6437","59883"
427841.487,5454311.597,0,DEADEND,"282",,,,"6435","59885"
427722.998,5454299.768,0,NORMAL,"282","217",,,"6433","59886"
427743.198,5454214.256,0,NORMAL,"271","217",,,"6432","59887"
427874.241,5454215.986,0,NORMAL,"271","227",,,"6430","59888"
427874.027,5454173.854,0,DEADEND,"227",,,,"6429","59889"
427779.764,5454087.829,0,DEADEND,"217",,,,"6428","59890"
427566.796,5453799.825,0,DEADEND,"443",,,,"6424","59894"
427229.432,5453637.465,0,DEADEND,"1137",,,,"6422","59896"
427115.213,5453483.361,0,NORMAL,"1104","682",,,"6421","59897"
427411.441721625,5453115.89365782,0,DEADEND,"1104",,,,"6420","59898"
426509.18,5453251.126,0,NORMAL,"267","27",,,"6419","59899"
426471.462,5453330.67,0,DEADEND,"1090",,,,"6418","59900"
426439.405,5453266.631,0,NORMAL,"1090","27",,,"6416","59901"
426719.737,5453398.124,0,NORMAL,"0000001265","1042","267",,"6415","59902"
426637.732,5453499.524,0,NORMAL,"682","1042",,,"6413","59904"
426695.306,5453523.122,0,NORMAL,"682","543",,,"6412","59905"
426423.31,5453556.533,0,NORMAL,"543","106",,,"6411","59906"
426235.085,5453618.58,0,NORMAL,"129","22",,,"6409","59908"
425911.093,5453727.487,0,DEADEND,"614",,,,"6406","59910"
426115.368,5453624.026,0,NORMAL,"614","22",,,"6405","59911"
426372.904,5453554.984,0,DEADEND,"543",,,,"6404","59912"
426689.371,5453848.399,0,DEADEND,"820",,,,"6401","59915"
426743.139,5453844.25,0,NORMAL,"820","1255",,,"6400","59916"
427513.592,5454324.133,0,DEADEND,"980",,,,"6395","59921"
430664.879,5446517.094,0,NORMAL,"196","873",,,"6507","59822"
430680.718,5446404.63,0,NORMAL,"873","1004",,,"6506","59823"
430688.349,5446358.694,0,NORMAL,"873","1203",,,"6505","59824"
430849.565,5446088.814,0,NORMAL,"431","688",,,"6503","59826"
430955.383,5446129.116,0,NORMAL,"431","606",,,"6502","59827"
431025.448,5446404.168,0,NORMAL,"1203","749",,,"6501","59828"
431133.41,5446419.411,0,NORMAL,"1203","897",,,"6500","59829"
431235.082,5446434.197,0,NORMAL,"1203","1006",,,"6499","59830"
431300.159,5446443.238,0,NORMAL,"939","1203",,,"6498","59831"
431368.124,5446453.898,0,NORMAL,"1182","1203",,,"6497","59832"
431787.941,5446174.487,0,NORMAL,"194","484",,,"6491","59838"
431853.332,5446326.723,0,NORMAL,"451","784",,,"6490","59839"
431955.979,5446457.247,0,DEADEND,"903",,,,"6485","59844"
432002.216,5446315.946,0,NORMAL,"903","451",,,"6484","59845"
431770.576,5446561.379,0,DEADEND,"30",,,,"6483","59846"
431757.395,5446495.539,0,NORMAL,"451","30",,,"6480","59848"
431649.761,5446753.287,0,NORMAL,"451","238",,,"6479","59849"
431680.144,5446438.913,0,NORMAL,"286","257","238",,"6478","59850"
431524.345,5446636.246,0,NORMAL,"98","266","196",,"6475","59852"
431443.629,5446628.186,0,NORMAL,"196","1111",,,"6474","59853"
431343.637,5446613.398,0,NORMAL,"196","1182",,,"6473","59854"
431276.801,5446604.18,0,NORMAL,"939","196",,,"6472","59855"
431205.314,5446644.429,0,DEADEND,"1006",,,,"6471","59856"
431212.108,5446594.499,0,NORMAL,"1006","196",,,"6470","59857"
431112.708,5446581.086,0,NORMAL,"897","196",,,"6469","59858"
431002.459,5446565.072,0,NORMAL,"749","196",,,"6468","59859"
430916.457,5446387.857,0,NORMAL,"1203","606",,,"6467","59860"
430807.527,5446372.757,0,NORMAL,"1203","688",,,"6466","59861"
430784.169,5446532.71,0,NORMAL,"688","196",,,"6465","59862"
430894.07,5446549.12,0,NORMAL,"606","196",,,"6464","59863"
428409.944,5453488.72,0,NORMAL,"942","696",,,"6460","59864"
428303.885,5453617.851,0,NORMAL,"508","975",,,"6459","59865"
428406.132,5453612.157,0,NORMAL,"696","508",,,"6458","59866"
428409.198,5453536.451,0,NORMAL,"696","501",,,"6457","59867"
428160.507,5453495.063,0,DEADEND,"942",,,,"6455","59868"
425738.987,5453479.831,0,NORMAL,"464","538",,,"7772","60663"
425529.345,5453407.885,0,DEADEND,"993",,,,"7771","60664"
425538.245,5453459.666,0,NORMAL,"610","993",,,"7770","60665"
425426.392,5453462.805,0,NORMAL,"610","273",,,"7768","60667"
425422.423,5453587.804,0,DEADEND,"268",,,,"7767","60668"
425025.295,5453730.207,0,NORMAL,"1147","179",,,"7766","60669"
425372.627,5453535.897,0,NORMAL,"610","464",,,"7765","60670"
425209.104,5453538.518,0,DEADEND,"1016",,,,"7764","60671"
425083.408,5453540.041,0,NORMAL,"208","1016",,,"7759","60674"
425164.11,5453434.511,0,NORMAL,"210","706",,,"7758","60675"
425114.078,5453375.085,0,DEADEND,"706",,,,"7757","60676"
424825.47,5453295.582,0,NORMAL,"1147","471",,,"7756","60677"
425010.797,5453400.272,0,DEADEND,"210",,,,"7755","60678"
424959.627,5453408.572,0,DEADEND,"933",,,,"7754","60679"
424904.072,5453334.003,0,NORMAL,"210","933",,,"7753","60680"
424859.542,5453352.041,0,NORMAL,"1147","210",,,"7752","60681"
424778.369,5453323.701,0,NORMAL,"471","1148",,,"7751","60682"
424632.77665482,5453383.05901067,0,NORMAL,"95","960",,,"7749","60684"
424638.823,5453362.19,0,NORMAL,"1080","95",,,"7748","60685"
424720.146,5453369.957,0,NORMAL,"1080","471",,,"7747","60686"
424532.041,5453519.224,0,NORMAL,"95","960",,,"7745","60687"
424838.893,5453503.435,0,DEADEND,"906",,,,"7744","60688"
424881.459,5453472.767,0,NORMAL,"1148","906",,,"7743","60689"
424944.866,5453569.273,0,NORMAL,"1148","858",,,"7742","60690"
424866.06,5453591.79,0,NORMAL,"753","858",,,"7741","60691"
424735.398,5453552.012,0,NORMAL,"858","471",,,"7740","60692"
424494.669,5453631.682,0,NORMAL,"858","1154",,,"7739","60693"
424551.348,5453625.316,0,NORMAL,"858","960",,,"7738","60694"
424654.783,5453785.925,0,NORMAL,"458","1148",,,"7724","60702"
424580.108,5453760.966,0,DEADEND,"1191",,,,"7723","60703"
424615.472,5453864.571,0,NORMAL,"1191","0000001377",,,"7721","60704"
424659.23,5453861.61,0,NORMAL,"458","0000001377",,,"7720","60705"
424615.972,5453933.084,0,NORMAL,"1191",,,,"7719","60706"
424660.056,5453932.025,0,NORMAL,"458","1191",,,"7718","60707"
424499.426,5453154.472,0,DEADEND,"1153",,,,"7716","60709"
424546.152,5453207.832,0,NORMAL,"230","1154",,,"7714","60711"
424428.348,5453226.183,0,NORMAL,"230",,,,"7713","60712"
424165.154,5455424.489,0,NORMAL,"562","383",,,"6116","59213"
424163.954,5455339.498,0,DEADEND,"383",,,,"6115","59214"
424463.455,5455286.077,0,DEADEND,"1001",,,,"6135","59216"
424467.039539683,5455377.18564431,0,DEADEND,"94",,,,"6134","59217"
424315.283,5455190.06,0,NORMAL,"500","123",,,"6133","59218"
424161.846,5455188.512,0,NORMAL,"500","202","654",,"6131","59219"
424162.707,5455249.539,0,DEADEND,"202",,,,"6130","59220"
424076.106,5455188.553,0,NORMAL,"500","292",,,"6129","59221"
423913.421,5455189.203,0,NORMAL,"500","667",,,"6128","59222"
423915.496,5455359.082,0,NORMAL,"292","667",,,"6126","59224"
423916.551,5455437.427,0,NORMAL,"667","562","905",,"6125","59225"
423993.053,5455355.118,0,NORMAL,"292","1257",,,"6124","59226"
423997.303,5455276.168,0,DEADEND,"1257",,,,"6123","59227"
424316.504,5455284.13,0,NORMAL,"1001","123","1208",,"6121","59228"
424256.554,5455283.335,0,DEADEND,"1208",,,,"6120","59229"
424257.768,5455374.446,0,DEADEND,"571",,,,"6119","59230"
424317.763,5455375.231,0,NORMAL,"94","123","571",,"6118","59231"
424318.661,5455463.181,0,NORMAL,"562","123",,,"6117","59232"
423695.907,5454847.541,0,NORMAL,"356","517",,,"6143","59234"
423826.432,5455116.003,0,DEADEND,"1199",,,,"6138","59239"
424313.863,5455096.943,0,NORMAL,"191","123",,,"6194","59243"
423291.444,5454864.345,0,NORMAL,"356","715",,,"6189","59246"
424258.454,5454485.441,0,NORMAL,"849","1008",,,"6186","59249"
424285.389,5454522.686,0,NORMAL,"732","1008",,,"6185","59250"
424187.207,5454537.522,0,DEADEND,"849",,,,"6183","59252"
424094.373,5454580.17,0,NORMAL,"34","874",,,"6182","59253"
424140.001,5454511.01,0,DEADEND,"874",,,,"6181","59254"
424254.813,5454544.585,0,NORMAL,"732","969",,,"6180","59255"
424358.901,5454552.645,0,DEADEND,"986",,,,"6179","59256"
428534.383,5450935.528,0,NORMAL,"504","1231",,,"8263","60818"
428645.491,5450840.594,0,NORMAL,"504","76",,,"8262","60819"
428666.368,5450776.555,0,NORMAL,"504","816",,,"8261","60820"
428595.479,5450717.573,0,NORMAL,"816","297",,,"8260","60821"
428603.052,5450568.337,0,NORMAL,"848","1070",,,"8258","60823"
428482.032,5450751.585,0,NORMAL,"297","1070",,,"8257","60824"
428258.626650719,5450669.46888001,0,NORMAL,"174","603",,,"8253","60828"
428216.514,5450757.722,0,NORMAL,"603","174",,,"8252","60829"
428262.83,5450952.27,0,DEADEND,"213",,,,"8250","60831"
428010.986,5450976.546,0,NORMAL,"308","806",,,"8248","60833"
427982.452,5450898.158,0,NORMAL,"806","76",,,"8247","60834"
427755.727,5450882.711,0,NORMAL,"300","76",,,"8246","60835"
427631.148,5450590.051,0,DEADEND,"915",,,,"8245","60836"
428518.070137231,5449485.61439173,0,DEADEND,"448",,,,"8242","60837"
428630.738,5449528.446,0,NORMAL,"617","722",,,"8238","60840"
428242.306,5449920.771,0,NORMAL,"722","352",,,"8237","60841"
425650.457,5450551.161,0,DEADEND,"274",,,,"8235","60842"
425805.638,5450657.457,0,DEADEND,"41",,,,"8233","60844"
425659.489,5450631.794,0,NORMAL,"41","635",,,"8231","60845"
425525.379,5450150.718,0,NORMAL,"193","192",,,"8226","60847"
425576.836,5450233.54,0,NORMAL,"193","1235",,,"8225","60848"
425716.942,5450124.398,0,NORMAL,"643","1235",,,"8223","60849"
425639.71,5450063.225,0,DEADEND,"192",,,,"8222","60850"
425705.773,5449916.622,0,NORMAL,"1228","1102",,,"8221","60851"
425840.643,5449638.009,0,DEADEND,"963",,,,"8219","60853"
427806.068,5449059.318,0,NORMAL,"419","1144",,,"8212","60856"
427483.677,5449048.274,0,NORMAL,"419","653",,,"8210","60858"
427389.443,5449340.479,0,DEADEND,"141",,,,"8208","60859"
427414.351042575,5449551.03426993,0,DEADEND,"141",,,,"8207","60860"
428195.706,5449474.164,0,NORMAL,"1232","352",,,"8204","60861"
428211.726,5449810.837,0,NORMAL,"352","635",,,"8202","60863"
427132.374,5449316.641,0,DEADEND,"262",,,,"8198","60866"
426684.227,5449508.284,0,NORMAL,"1086","773",,,"8195","60867"
427658.569,5449503.938,0,NORMAL,"136","963",,,"8194","60868"
427424.342148288,5449582.45549022,0,NORMAL,"963","141",,,"8193","60869"
430406.72,5448200.28,0,NODE,"748","245",,,"9222","61930"
430053.46,5448746.75,0,DEADEND,"249",,,,"9220","61932"
429003.33,5449347.438,0,DEADEND,"865",,,,"9219","61933"
427381.965,5448938.752,0,NORMAL,"419","141",,,"9217","61935"
426677.97,5449787.44,0,DEADEND,"916",,,,"9216","61936"
426559.828,5449503.937,0,DEADEND,"116",,,,"9215","61937"
424739.847,5450622.949,0,DEADEND,"63",,,,"9207","61944"
424752.508,5450639.818,0,DEADEND,"1153",,,,"9206","61945"
424879.461,5450572.038,0,DEADEND,"560",,,,"9204","61946"
424840.985,5450567.105,0,NORMAL,"560","198",,,"9203","61947"
425628.644,5450455.86,0,DEADEND,"1041","0000001331",,,"9198","61952"
425562.27,5450553.12,0,DEADEND,"1068",,,,"9197","61953"
425457.065,5450595.569,0,NORMAL,"1068","1041",,,"9196","61954"
425457.262,5450617.256,0,NORMAL,"1041","555",,,"9195","61955"
425271.842296824,5450692.40397447,0,DEADEND,"555",,,,"9194","61956"
425166.397460183,5450800.27195191,0,DEADEND,"1167",,,,"9193","61957"
425052.591,5450860.153,0,DEADEND,"1167",,,,"9192","61958"
427510.468,5451237.205,0,NORMAL,"14","333",,,"9189","61961"
429579.907,5451541.13,0,DEADEND,"632",,,,"9188","61962"
429408.648,5451556.199,0,DEADEND,"1036",,,,"9187","61963"
428957.15,5451499.236,0,DEADEND,"622",,,,"9186","61964"
429287.632,5451311.428,0,NORMAL,"625","949",,,"9185","61965"
429131.555,5451329.386,0,DEADEND,"914",,,,"9184","61966"
429167.656,5451095.987,0,NORMAL,"1026","708",,,"9183","61967"
429393.001,5451155.372,0,DEADEND,"958",,,,"9182","61968"
429489.966,5451237.652,0,NORMAL,"669","958",,,"9181","61969"
429771.152,5451330.788,0,DEADEND,"958",,,,"9178","61972"
430347.719943755,5451588.16606911,0,NORMAL,"508","822","0000001308",,"9175","61975"
430595.832,5451557.286,0,DEADEND,"1010",,,,"9174","61976"
431113.628,5451957.121,0,DEADEND,"884",,,,"9172","61978"
430697.31,5452271.376,0,NORMAL,"733","508",,,"9170","61980"
430564.783,5452489.395,0,DEADEND,"498",,,,"9169","61981"
430549.927,5452459.818,0,NORMAL,"498","474",,,"9168","61982"
430516.43,5452429.829,0,DEADEND,"990",,,,"9167","61983"
429246.08,5449674.947,0,NORMAL,"333","982",,,"8387","61280"
429242.652,5449874.482,0,NORMAL,"42","333",,,"8386","61281"
429125.327,5449941.234,0,NORMAL,"685","42",,,"8385","61282"
429286.114,5449851.655,0,NORMAL,"631","42",,,"8380","61286"
429078.945,5450434.578,0,NORMAL,"386","347",,,"8379","61287"
429217.37,5450330.24,0,NORMAL,"333","347",,,"8378","61288"
429250.009,5450472.929,0,NORMAL,"677","333",,,"8376","61289"
429286.058,5450428.925,0,NORMAL,"254","1002",,,"8375","61290"
429252.061,5450210.993,0,NORMAL,"333","67","0000001363",,"8373","61292"
429131.981,5450172.451,0,NORMAL,"685","67","0000001363",,"8372","61293"
428891.239,5450381.495,0,NORMAL,"685","475",,,"8369","61294"
428889.21,5450303.731,0,NORMAL,"549","475",,,"8368","61295"
428882.158,5450074.124,0,NORMAL,"42","475",,,"8367","61296"
428786.977,5450117.645,0,NORMAL,"42","297",,,"8366","61297"
427990.959,5449167.84,0,DEADEND,"984",,,,"8360","61299"
427992.734,5449268.92,0,NORMAL,"984","818",,,"8359","61300"
424863.036,5450397.413,0,NORMAL,"1237","60",,,"8356","61301"
424921.684,5450264.666,0,NORMAL,"899","1237",,,"8355","61302"
424946.377,5450238.469,0,DEADEND,"899",,,,"8354","61303"
425996.849,5449750.392,0,DEADEND,"481",,,,"8352","61304"
426053.607,5449611.287,0,DEADEND,"716",,,,"8351","61305"
425424.255,5450335.152,0,NORMAL,"1235","482",,,"8349","61306"
425142.421,5450336.146,0,DEADEND,"312",,,,"8346","61309"
425119.11,5450517.81,0,DEADEND,"312",,,,"8345","61310"
425134.825,5450470.492,0,NORMAL,"586","312",,,"8343","61311"
425371.09,5450425.26,0,DEADEND,"586",,,,"8340","61314"
425260.987,5450461.149,0,NORMAL,"586","580",,,"8339","61315"
424597.012,5450224.065,0,NORMAL,"585","229","759",,"8336","61317"
424709.97,5450207.402,0,DEADEND,"109",,,,"8335","61318"
424679.814,5450266.783,0,NORMAL,"229","109",,,"8334","61319"
424646.563,5450398.061,0,DEADEND,"1244",,,,"8333","61320"
424706.495,5450377.88,0,NORMAL,"229","1244",,,"8332","61321"
424492.796,5450438.647,0,NORMAL,"585","60","0000001282",,"8331","61322"
424757.858,5450468.72,0,NORMAL,"60","229",,,"8330","61323"
424708.188,5450597.246,0,NORMAL,"88","319",,,"8328","61325"
429313.756,5450614.877,0,NORMAL,"333","1245",,,"8442","61229"
429358.526,5450811.175,0,NORMAL,"76","333",,,"8441","61230"
430150.623,5449385.211,0,DEADEND,"1222",,,,"8440","61231"
430082.78,5449452.608,0,NORMAL,"1222","392",,,"8438","61232"
429990.138,5449511.529,0,NORMAL,"1222","392",,,"8437","61233"
430063.057,5448855.271,0,NORMAL,"401","910",,,"8434","61234"
430070.77,5449038.834,0,NORMAL,"148","910",,,"8433","61235"
429873.246,5449055.647,0,NORMAL,"79","148",,,"8429","61239"
430244.315,5449137.844,0,DEADEND,"294",,,,"8427","61241"
430274.745,5449199.463,0,NORMAL,"79","294",,,"8426","61242"
430178.511,5449243.048,0,NORMAL,"79","830",,,"8425","61243"
430152.432,5449164.267,0,NORMAL,"695","830",,,"8424","61244"
430041.743,5449170.26,0,NORMAL,"1155","695",,,"8423","61245"
429869.281,5449155.063,0,NORMAL,"79","695",,,"8422","61246"
429885.806,5449225.361,0,NORMAL,"79","455",,,"8421","61247"
429848.207,5449266.474,0,DEADEND,"455",,,,"8418","61250"
429804.452,5449150.58,0,DEADEND,"1117",,,,"8417","61251"
429262.773,5449427.732,0,NORMAL,"1243","710",,,"8415","61253"
428938.022,5449501.025,0,NORMAL,"537","549",,,"8414","61254"
428811.302,5450485.785,0,NODE,"677","414",,,"8413","61255"
428681.813,5450203.395,0,DEADEND,"42",,,,"8411","61257"
428713.193,5449680.64,0,NORMAL,"297","537",,,"8410","61258"
428782.078,5449771.665,0,NORMAL,"297","710",,,"8409","61259"
429184.922,5449466.704,0,NORMAL,"685","710",,,"8407","61261"
429329.251,5449488.883,0,NORMAL,"333","1243",,,"8406","61262"
429483.481,5449490.186,0,NORMAL,"260","761",,,"8405","61263"
429401.511,5449565.819,0,NORMAL,"850","260",,,"8403","61265"
429367.92,5449803.148,0,NORMAL,"42","260",,,"8402","61266"
429355.086,5449666.445,0,NORMAL,"260","115",,,"8401","61267"
429517.629,5449691.885,0,NORMAL,"979","115",,,"8400","61268"
429676.418,5449552.917,0,NORMAL,"704","115",,,"8399","61269"
429813.756,5449631.027,0,NORMAL,"260","704",,,"8398","61270"
429879.597,5449546.975,0,NORMAL,"1222","260",,,"8397","61271"
429767.143,5449583.434,0,NORMAL,"502","704",,,"8395","61272"
429783.827,5449534.598,0,DEADEND,"502",,,,"8394","61273"
429448.111,5449905.55,0,DEADEND,"999",,,,"8393","61274"
429382.033,5449936.615,0,DEADEND,"631",,,,"8392","61275"
427381.429,5454300.575,0,NORMAL,"425","980",,,"6394","59922"
427411.742,5454205.28,0,NORMAL,"1011","425",,,"6393","59923"
427512.34,5454213.371,0,DEADEND,"1011",,,,"6392","59924"
427332.648,5454114.829,0,NORMAL,"1059","77","665",,"6391","59925"
427217.911,5454234.33,0,DEADEND,"409",,,,"6390","59926"
427286.464,5454263.18,0,NORMAL,"77","409",,,"6389","59927"
427033.318,5454105.738,0,NORMAL,"665","222",,,"6388","59928"
426962.987,5454006.002,0,DEADEND,"222",,,,"6387","59929"
427117.681,5454068.51,0,NORMAL,"1213","665",,,"6386","59930"
427243.737,5454084.681,0,DEADEND,"1213",,,,"6385","59931"
427119.011,5454292.812,0,NORMAL,"77","1089",,,"6384","59932"
427160.042,5454160.223,0,DEADEND,"1089",,,,"6383","59933"
426977.04,5454277.42,0,NORMAL,"77","222",,,"6381","59935"
426840.673986746,5454226.74573178,0,NORMAL,"832","1211",,,"6379","59937"
426879.848,5454297.517,0,NORMAL,"77","832",,,"6378","59938"
426675.429,5454034.702,0,NORMAL,"665","1211",,,"6377","59939"
426877.581,5454110.477,0,NORMAL,"665","1211",,,"6376","59940"
431463.468,5446568.78,0,NORMAL,"1111","447",,,"6900","59941"
431513.636,5446474.274,0,NORMAL,"1111","1203","266",,"6899","59942"
431465.384,5446468.895,0,NORMAL,"447","1203",,,"6898","59943"
427384.9,5447670.42,0,DEADEND,"170",,,,"7512","59957"
426770.85,5447790.59,0,DEADEND,"1096",,,,"7510","59959"
426959.93,5447965.844,0,NORMAL,"376","1096",,,"7509","59960"
426246.346,5447975.987,0,NORMAL,"376","371",,,"7508","59961"
425530.909,5447122.416,0,NORMAL,"585","1078","376",,"7507","59962"
426102.545,5447282.407,0,DEADEND,"1078",,,,"7506","59963"
425853.451,5447293.293,0,NORMAL,"1078","376",,,"7505","59964"
426679.810512795,5447561.03244137,0,DEADEND,"686",,,,"7503","59965"
426397.668,5447125.259,0,DEADEND,"746",,,,"7501","59967"
426025.98,5446889.28,0,DEADEND,"796",,,,"7500","59968"
426024.814,5447085.153,0,NORMAL,"585","796",,,"7499","59969"
427337.1,5446059.714,0,DEADEND,"1215",,,,"7497","59970"
427341.812783649,5446303.75457222,0,NORMAL,"1215","97",,,"7493","59973"
427343.302666636,5446380.90470762,0,NORMAL,"1215","662",,,"7492","59974"
427364.315,5446438.337,0,NORMAL,"1215","36",,,"7490","59975"
426820.33,5446281.214,0,NORMAL,"183","1252",,,"7489","59976"
426822.196,5446319.145,0,NORMAL,"531","1252",,,"7488","59977"
426822.62,5446356.709,0,NORMAL,"1252","531",,,"7487","59978"
426823.863,5446397.713,0,NORMAL,"1252","811",,,"7486","59979"
426874.467987385,5446472.27464253,0,NORMAL,"811","36",,,"7485","59980"
426862.516970015,5446472.66550382,0,NORMAL,"1252","36",,,"7484","59981"
426870.696,5446472.398,0,NORMAL,"36","1052",,,"7482","59982"
426869.78,5446538.02,0,DEADEND,"1052",,,,"7481","59983"
426722.436,5446477.247,0,NORMAL,"36","746",,,"7479","59984"
426673.252,5446510.214,0,NORMAL,"99","746",,,"7478","59985"
427380.805,5449849.798,0,NORMAL,"1226","136",,,"8192","60870"
426824.204,5449491.428,0,NORMAL,"773","790",,,"8189","60872"
426625.931,5449591.023,0,NORMAL,"790","773",,,"8188","60873"
426347.834302936,5449521.93149367,0,NORMAL,"1086","790",,,"8187","60874"
426433.126,5449473.171,0,NORMAL,"116","1086",,,"8186","60875"
426221.814,5449695.11,0,NORMAL,"963","1086",,,"8183","60876"
426578.593,5449683.932,0,NORMAL,"1053","963",,,"8181","60878"
426938.423,5449995.83,0,DEADEND,"175",,,,"8180","60879"
426623.231,5450085.685,0,NORMAL,"635","150","1153",,"8179","60880"
426535.347,5450088.563,0,NORMAL,"635","890",,,"8178","60881"
426023.235,5449658.448,0,NORMAL,"716","963",,,"8177","60882"
425999.931,5449842.318,0,NORMAL,"1228","481","0000001325",,"8176","60883"
426122.625,5449839.428,0,NORMAL,"868","1228","0000001325",,"8175","60884"
426123.863,5449888.113,0,NORMAL,"868","1072",,,"8174","60885"
425781.856,5450071.218,0,NORMAL,"1235","1228",,,"8173","60886"
425868.498,5450000.518,0,NORMAL,"1235","1229",,,"8172","60887"
425796.79,5450207.529,0,NORMAL,"84","643",,,"8171","60888"
426011.980254105,5450078.85890496,0,NORMAL,"734","84",,,"8170","60889"
426014.484,5449954.943,0,NORMAL,"1235","734",,,"8169","60890"
426049.852,5450144.099,0,NORMAL,"635","734",,,"8168","60891"
425994.4,5450183.001,0,NORMAL,"635","114",,,"8167","60892"
426172.342,5450097.077,0,NORMAL,"635","289",,,"8166","60893"
426061.246,5450272.763,0,NORMAL,"114","289",,,"8165","60894"
426100.54,5450396.28,0,DEADEND,"114",,,,"8164","60895"
426870.614,5450238.238,0,DEADEND,"57",,,,"8162","60896"
427314.303,5449969.621,0,NORMAL,"136","659","0000001424",,"8159","60898"
427229.39,5449927.91,0,DEADEND,"659",,,,"8155","60902"
427136.274,5449889.002,0,DEADEND,"142",,,,"8154","60903"
426822.851208019,5449771.33915588,0,DEADEND,"57","0000001288",,,"8152","60904"
426734.224,5449855.92,0,DEADEND,"68",,,,"8151","60905"
426338.421,5449908.125,0,DEADEND,"1072",,,,"8150","60906"
426229.214,5449936.373,0,DEADEND,"1116",,,,"8149","60907"
426434.484,5450000.432,0,NORMAL,"1142","1116",,,"8147","60909"
426223.899,5449885.699,0,NORMAL,"1072","916",,,"8146","60910"
426581.055,5449788.856,0,NORMAL,"916","1053",,,"8145","60911"
426646.742,5449788.707,0,NORMAL,"916","150","1153",,"8144","60912"
426532.553,5449791.115,0,NORMAL,"916","890",,,"8143","60913"
426431.962,5449791.278,0,NORMAL,"1142","916",,,"8142","60914"
426436.456,5450090.629,0,NORMAL,"635","1142",,,"8141","60915"
426314.835,5450093.141,0,NORMAL,"635","842",,,"8140","60916"
427133.522,5450086.073,0,NORMAL,"167","635",,,"8139","60917"
427037.522,5450075.717,0,NORMAL,"635","142",,,"8138","60918"
426889.754,5450080.022,0,NORMAL,"635","57",,,"8137","60919"
426888.827,5449996.655,0,NORMAL,"175","57",,,"8136","60920"
426734.995,5450083.307,0,NORMAL,"635","68",,,"8135","60921"
426865.99820822,5450080.52625356,0,NORMAL,"57","635",,,"8134","60922"
428162.653,5450660.225,0,DEADEND,"1018",,,,"8129","60927"
428154.61,5450502.43,0,DEADEND,"1018",,,,"8128","60928"
428059.871,5450507.057,0,DEADEND,"1184",,,,"8127","60929"
427960.504,5450511.063,0,DEADEND,"199",,,,"8126","60930"
427861.679,5450512.971,0,DEADEND,"153",,,,"8125","60931"
427883.446,5450623.67,0,NORMAL,"806","153",,,"8124","60932"
427959.928,5450581.031,0,NORMAL,"806","199",,,"8123","60933"
428038.114,5450598.65,0,NORMAL,"806","1184",,,"8122","60934"
428066.039,5450630.817,0,NORMAL,"806","491",,,"8121","60935"
427866.627,5450908.505,0,NORMAL,"111","76",,,"8120","60936"
427868.242,5450847.694,0,DEADEND,"111",,,,"8119","60937"
427949.786,5450683.129,0,DEADEND,"864",,,,"8118","60938"
427944.543,5450770.104,0,DEADEND,"618",,,,"8117","60939"
428028.7,5450798.16,0,DEADEND,"1187",,,,"8116","60940"
428000.228,5450786.84,0,NORMAL,"1187","806","618",,"8115","60941"
428036.412,5450702.675,0,NORMAL,"806","864",,,"8114","60942"
427838.968,5450652.817,0,NORMAL,"806","1103",,,"8113","60943"
427860.331,5450750.57,0,DEADEND,"1103",,,,"8112","60944"
427767.013,5450654.28,0,NORMAL,"806","300",,,"8111","60945"
427643.064,5450689.747,0,NORMAL,"915","473",,,"8110","60946"
427728.391,5450603.67,0,NORMAL,"300","915",,,"8109","60947"
427671.231,5450548.289,0,NORMAL,"300","915",,,"8108","60948"
427863.326,5450993.91,0,DEADEND,"308",,,,"8105","60949"
427774.367,5450986.79,0,DEADEND,"411",,,,"8104","60950"
427702.443836815,5450937.69346137,0,NORMAL,"201","300",,,"8103","60951"
427638.048,5451004.143,0,NORMAL,"300","411",,,"8102","60952"
427578.115,5450748.776,0,DEADEND,"201",,,,"8101","60953"
427435.05,5451087.997,0,DEADEND,"1198",,,,"8100","60954"
427546.282,5451111.025,0,NORMAL,"269","952",,,"8099","60955"
427434.811,5451038.998,0,NORMAL,"1198","300",,,"8098","60956"
427639.905,5450873.958,0,NORMAL,"473","201",,,"8095","60959"
427484.175,5450758.87,0,NORMAL,"952","285",,,"8093","60961"
427477.87,5450563.003,0,NORMAL,"300","952",,,"8091","60963"
427104.048,5450374.638,0,NORMAL,"259","136",,,"8089","60965"
426681.999,5450486.082,0,NORMAL,"611","1021",,,"8086","60968"
428190.396,5449266.748,0,NORMAL,"818","1055","352",,"7587","60499"
428187.747,5449159.471,0,NORMAL,"1055","636",,,"7586","60500"
427944.501,5448982.952,0,NORMAL,"655","136",,,"7585","60501"
428184.568,5449016.661,0,NORMAL,"655","1055",,,"7584","60502"
428494.457,5449015.481,0,NORMAL,"655","700",,,"7581","60504"
428317.905,5448852.263,0,NORMAL,"738","104",,,"7580","60505"
428731.804,5448569.019,0,NORMAL,"373","1123",,,"7577","60508"
429034.437,5448555.549,0,NORMAL,"1123","810",,,"7576","60509"
429146.086,5448520.729,0,NORMAL,"133","810",,,"7575","60510"
429151.893,5448724.661,0,NORMAL,"799","133",,,"7574","60511"
429460.528,5448714.823,0,NORMAL,"799","630",,,"7573","60512"
429408.964,5448716.467,0,NORMAL,"799","630",,,"7572","60513"
429421.917,5448716.054,0,NORMAL,"799","505",,,"7571","60514"
429425.388,5448812.938,0,NORMAL,"505","1081",,,"7570","60515"
429426.723,5448907.089,0,NORMAL,"505","1248",,,"7569","60516"
429430.252,5449001.952,0,NORMAL,"467","505",,,"7568","60517"
429372.258,5449025.618,0,DEADEND,"467",,,,"7567","60518"
429323.264,5448912.442,0,DEADEND,"1248",,,,"7566","60519"
428807.96,5448938.27,0,DEADEND,"320",,,,"7565","60520"
428717.48,5448936.12,0,DEADEND,"8",,,,"7564","60521"
428607.907,5448949.362,0,DEADEND,"214",,,,"7563","60522"
428667.947105976,5449158.21127202,0,DEADEND,"737",,,,"7562","60523"
428610.869,5449135.298,0,DEADEND,"214",,,,"7561","60524"
428727.85,5449145.82,0,NORMAL,"698","655","737",,"7560","60525"
428608.33,5449012.509,0,NORMAL,"214","655",,,"7559","60526"
428808.984,5449150.268,0,NORMAL,"698","320",,,"7557","60528"
428917.382,5449138.867,0,NORMAL,"698","362",,,"7556","60529"
428915.437,5449027.777,0,NORMAL,"362","206",,,"7553","60532"
428911.462,5448841.08,0,NORMAL,"362","738",,,"7552","60533"
429014.543,5448838.873,0,NORMAL,"738","1123",,,"7551","60534"
428758.919,5448843.828,0,NORMAL,"738","1123",,,"7550","60535"
429065.525,5448657.455,0,NORMAL,"1123","126",,,"7548","60537"
428709.837,5448668.49,0,NORMAL,"1123","126",,,"7545","60540"
427802.628,5448868.974,0,NORMAL,"738","1144",,,"7540","60544"
428229.891,5448802.599,0,DEADEND,"524",,,,"7537","60546"
428377.64,5448630.54,0,DEADEND,"577",,,,"7536","60547"
428514.687,5448507.618,0,DEADEND,"867",,,,"7535","60548"
428570.207,5453638.127,0,NORMAL,"1176","508",,,"8759","61496"
428634.731,5453707.223,0,DEADEND,"518",,,,"8757","61498"
428680.0,5453921.25,0,DEADEND,"1057",,,,"8754","61500"
428577.034,5453818.725,0,NORMAL,"1176","679",,,"8752","61502"
428579.454,5453901.144,0,NORMAL,"1176","519",,,"8751","61503"
428364.357,5454196.916,0,NORMAL,"1176","93",,,"8750","61504"
428333.597,5454009.218,0,DEADEND,"331",,,,"8749","61505"
428512.544,5454106.921,0,NORMAL,"1176","331",,,"8748","61506"
428284.576,5453928.683,0,DEADEND,"805",,,,"8747","61507"
428322.476,5453924.593,0,NORMAL,"805","519",,,"8746","61508"
428575.356,5453998.447,0,NORMAL,"805","1176",,,"8745","61509"
428799.126,5454085.77,0,DEADEND,"429",,,,"8741","61512"
428723.111,5454101.977,0,NORMAL,"428","429",,,"8740","61513"
429192.848406829,5454058.94916061,0,DEADEND,"602",,,,"8739","61514"
429053.703,5453604.05,0,NORMAL,"726","508",,,"8737","61515"
429220.342681593,5453572.26310411,0,NORMAL,"508","131",,,"8736","61516"
429088.518,5453477.657,0,NORMAL,"501","1024",,,"8733","61519"
428468.363,5453533.925,0,NORMAL,"501","965",,,"8728","61524"
428411.483,5453444.472,0,NORMAL,"638","696",,,"8727","61525"
427906.612,5453465.06,0,DEADEND,"1151",,,,"8725","61526"
427986.76,5453470.961,0,NORMAL,"638","1151",,,"8724","61527"
428565.377,5453075.52,0,NORMAL,"682","176",,,"8723","61528"
428315.744589208,5453169.57994453,0,NORMAL,"682","112",,,"8722","61529"
428424.02,5453182.677,0,NORMAL,"682","122",,,"8721","61530"
428086.419,5453226.8,0,NORMAL,"682","122",,,"8720","61531"
428157.835,5453274.765,0,NORMAL,"122","159",,,"8719","61532"
428246.746,5453234.689,0,DEADEND,"112",,,,"8718","61533"
428064.12,5453325.88,0,DEADEND,"159",,,,"8717","61534"
425692.445,5454241.726,0,NORMAL,"1000","1105",,,"8716","61535"
424704.226,5455421.934,0,NORMAL,"566","562",,,"8710","61539"
424694.789,5455491.437,0,DEADEND,"566",,,,"8709","61540"
423474.727,5455126.223,0,DEADEND,"1153",,,,"8706","61542"
431161.182,5443863.243,0,NORMAL,"853","382",,,"7119","60299"
431435.091,5443854.403,0,DEADEND,"382",,,,"7118","60300"
431581.565,5443861.719,0,DEADEND,"353",,,,"7117","60301"
431476.9,5444147.29,0,DEADEND,"1031",,,,"7116","60302"
430953.938,5444076.608,0,DEADEND,"326",,,,"7115","60303"
431094.391,5444170.104,0,DEADEND,"823",,,,"7113","60304"
430993.122,5444174.05,0,NORMAL,"823","592",,,"7112","60305"
430957.357,5444174.833,0,NORMAL,"823","1077",,,"7111","60306"
430987.697,5444076.595,0,NORMAL,"592","326",,,"7110","60307"
431164.428,5444072.197,0,NORMAL,"853","326",,,"7108","60308"
431163.61,5443971.891,0,NORMAL,"853","783",,,"7107","60309"
430933.12,5444077.553,0,NORMAL,"1077","326",,,"7103","60312"
430936.143,5444175.187,0,NORMAL,"823","1077",,,"7102","60313"
430745.381,5444180.255,0,NORMAL,"823","168",,,"7101","60314"
430743.151,5444081.401,0,NORMAL,"168","326",,,"7100","60315"
430739.565,5443870.755,0,NORMAL,"168","382",,,"7099","60316"
430529.961,5443874.718,0,NORMAL,"463","382",,,"7098","60317"
430315.213,5443878.671,0,NORMAL,"382","556",,,"7097","60318"
430423.529,5444078.005,0,DEADEND,"509","0000001355",,,"7096","60319"
430529.123,5443980.636,0,NORMAL,"509","463",,,"7094","60320"
430533.365,5444085.483,0,NORMAL,"463","326",,,"7093","60321"
430534.088,5444185.555,0,NORMAL,"823","463",,,"7092","60322"
430534.921,5444295.238,0,NORMAL,"463","1012",,,"7091","60323"
430747.036,5444290.681,0,NORMAL,"1012","168",,,"7090","60324"
430748.956,5444404.293,0,NORMAL,"168","209",,,"7089","60325"
430536.818,5444628.285,0,DEADEND,"463",,,,"7088","60326"
430253.43,5444520.01,0,DEADEND,"163",,,,"7085","60328"
430328.113,5444520.075,0,NORMAL,"163","556",,,"7084","60329"
430156.065,5444304.295,0,NORMAL,"1012","856",,,"7083","60330"
430169.138,5444467.956,0,DEADEND,"1210",,,,"7082","60331"
430203.681,5444413.922,0,NORMAL,"856","1210",,,"7081","60332"
430251.05,5444381.55,0,DEADEND,"1158",,,,"7080","60333"
430254.809,5444430.766,0,NORMAL,"1158","856",,,"7079","60334"
430326.903,5444428.749,0,NORMAL,"556","856",,,"7078","60335"
430324.706,5444300.211,0,NORMAL,"556","1012",,,"7077","60336"
430322.994,5444188.117,0,NORMAL,"823","556",,,"7076","60337"
430160.943,5444094.021,0,DEADEND,"547",,,,"7075","60338"
429814.428,5443773.812,0,NORMAL,"1049","1220","1050",,"7071","60342"
429823.946,5443676.026,0,DEADEND,"1049","1050",,,"7070","60343"
429752.941,5443767.226,0,DEADEND,"1220",,,,"7069","60344"
429703.003,5443845.563,0,DEADEND,"161",,,,"7068","60345"
429726.525,5443899.384,0,NORMAL,"1050","161","160",,"7067","60346"
429643.245,5443935.071,0,NORMAL,"1050","513",,,"7066","60347"
431555.676,5444274.898,0,NORMAL,"353","1012",,,"7064","60348"
431601.701,5444274.913,0,NORMAL,"1012","1171",,,"7063","60349"
430411.46,5453008.509,0,NORMAL,"887","508",,,"9162","61988"
430179.437,5452869.331,0,NORMAL,"466",,,,"9161","61989"
429609.232,5453492.574,0,NORMAL,"764","508",,,"9159","61991"
429222.144,5453498.652,0,DEADEND,"131",,,,"9158","61992"
428573.761,5453709.083,0,NORMAL,"1176","518",,,"9154","61994"
427932.221,5454228.005,0,NORMAL,"1234","271",,,"9152","61996"
427422.614,5454111.026,0,NORMAL,"425","1059",,,"9151","61997"
426251.264,5454212.053,0,NODE,"995","158",,,"9150","61998"
425854.537,5454779.611,0,NODE,"1029","436",,,"9149","61999"
423912.095,5455106.615,0,NORMAL,"654","667",,,"9145","62003"
435518.417,5443902.042,0,DEADEND,"717",,,,"9370","62021"
435049.749,5445115.101,0,DEADEND,"363",,,,"9369","62022"
428851.127,5442454.042,0,NORMAL,"513","791",,,"9365","62026"
429819.659,5444274.475,0,NORMAL,"513","477","1012",,"9362","62028"
429707.203,5444102.112,0,NORMAL,"477","513",,,"9361","62029"
431850.58,5445998.698,0,NORMAL,"1169","400",,,"9360","62030"
431860.914,5445931.641,0,NORMAL,"1169","1170","228",,"9358","62032"
431603.489,5446178.313,0,NORMAL,"446","1182",,,"9356","62034"
431632.888,5446801.202,0,NODE,"451","287",,,"9355","62035"
430803.524,5447363.528,0,NODE,"546","144",,,"9354","62036"
430394.751,5447367.95,0,NODE,"748","144",,,"9353","62037"
430143.496,5448477.264,0,NODE,"776","1087",,,"9350","62040"
428827.851,5447618.936,0,NODE,"762","1163",,,"9349","62041"
429193.913,5447967.21,0,NORMAL,"486","1134",,,"9348","62042"
428442.99,5449132.328,0,NORMAL,"646","89",,,"9347","62043"
425823.41,5449949.05,0,DEADEND,"1229",,,,"9346","62044"
426124.361,5450104.675,0,NORMAL,"868","635",,,"9345","62045"
426124.109,5449954.004,0,NORMAL,"868","1235",,,"9343","62046"
424081.373,5450572.346,0,NORMAL,"621","739",,,"9342","62047"
424713.995,5450733.616,0,NORMAL,"1153","319",,,"9340","62048"
425434.672,5450154.428,0,DEADEND,"1094",,,,"9336","62052"
425459.896,5450188.295,0,NORMAL,"192","1094",,,"9335","62053"
425499.865,5450399.034,0,NODE,"84","482",,,"9334","62054"
425767.875,5450396.962,0,DEADEND,"361",,,,"9332","62056"
425815.12,5450767.294,0,DEADEND,"237",,,,"9330","62058"
425993.413,5451537.7,0,NORMAL,"421","1246",,,"9328","62060"
428761.03265689,5451650.70617353,0,NORMAL,"952","381",,,"9321","62064"
429160.095,5451374.046,0,NORMAL,"625","914",,,"9320","62065"
429568.475,5451212.196,0,DEADEND,"669",,,,"9319","62066"
428572.74,5452877.07,0,DEADEND,"176",,,,"9317","62068"
426313.753,5453256.413,0,DEADEND,"132",,,,"9316","62069"
426336.534,5453281.047,0,NORMAL,"27","132",,,"9315","62070"
426170.754,5453307.55,0,NODE,"682","1161",,,"9314","62071"
426326.05,5453444.03,0,DEADEND,"891",,,,"9312","62072"
426382.753668516,5453455.98476292,0,NORMAL,"106","891",,,"9311","62073"
426295.738,5453359.234,0,NORMAL,"27","682",,,"9310","62074"
425435.786,5453406.103,0,NODE,"273",,,,"9309","62075"
425450.329,5452957.064,0,NODE,"727","171",,,"9308","62076"
424774.473,5453099.649,0,NORMAL,"1147","672",,,"9304","62077"
425470.965,5452702.107,0,NORMAL,"968","837",,,"9297","62081"
425637.043,5452450.272,0,NORMAL,"48","476",,,"9294","62082"
425691.671,5452265.419,0,NORMAL,"1154","476",,,"9293","62083"
425825.326,5452377.471,0,NODE,"375","180",,,"9292","62084"
427185.453,5451649.338,0,NORMAL,"393","967",,,"9291","62085"
426445.875,5452058.212,0,NORMAL,"1154","1083",,,"9288","62088"
426448.228,5452318.799,0,NODE,"1083","410",,,"9287","62089"
426277.559,5452357.664,0,DEADEND,"399",,,,"9284","62092"
426185.427,5452363.412,0,DEADEND,"226",,,,"9283","62093"
426122.744,5452428.805,0,NODE,"410","676",,,"9282","62094"
432972.986,5446884.748,0,DEADEND,"284",,,,"9397","62111"
433130.37,5447073.737,0,NORMAL,"204","284",,,"9396","62112"
432953.25,5447299.26,0,DEADEND,"1060",,,,"9395","62113"
433044.71,5447300.683,0,NORMAL,"284","1060",,,"9394","62114"
433170.687,5447340.893,0,NORMAL,"204","878",,,"9393","62115"
433023.299,5447360.144,0,NORMAL,"284","878",,,"9392","62116"
432973.811,5447459.67,0,NORMAL,"878","877",,,"9391","62117"
433068.195,5447466.667,0,DEADEND,"877",,,,"9390","62118"
432589.424,5447584.057,0,DEADEND,"878",,,,"9389","62119"
433029.074,5447623.097,0,NORMAL,"204","878","0000001380",,"9386","62121"
433299.38,5447783.23,0,DEADEND,"315",,,,"9385","62122"
433113.676,5447892.12,0,NORMAL,"315","204",,,"9384","62123"
433090.878,5447988.948,0,NORMAL,"204","878",,,"9383","62124"
432851.026,5447938.511,0,NORMAL,"1138","203",,,"9382","62125"
432744.636740383,5447912.59210651,0,NORMAL,"1138","878",,,"9381","62126"
432689.41,5447706.844,0,NORMAL,"203","878",,,"9380","62127"
432905.349699529,5448120.52667049,0,NORMAL,"878","204",,,"9379","62128"
433201.550699009,5448035.19329538,0,NORMAL,"544","878",,,"9378","62129"
433245.27,5448011.83,0,DEADEND,"544",,,,"9377","62130"
433005.888,5447918.027,0,NORMAL,"878","1138",,,"9376","62131"
426298.257,5452725.461,0,NORMAL,"276","1125",,,"9480","62155"
426099.888,5450930.984,0,NODE,"4","295",,,"9477","62158"
429456.17,5449869.198,0,NORMAL,"260","999",,,"9476","62159"
428592.218,5446294.424,0,DEADEND,"15",,,,"9475","62160"
427759.16039873,5449061.84762022,0,NORMAL,"419","653",,,"9474","62161"
427165.011,5447970.898,0,NORMAL,"376","545",,,"9473","62162"
427820.212,5446801.525,0,NORMAL,"585","1215",,,"9472","62163"
426122.592,5449693.958,0,NORMAL,"963","868",,,"9470","62165"
424816.56,5451021.197,0,NODE,"585","835","127",,"9468","62166"
426311.067,5446509.053,0,NODE,"36","941",,,"9465","62169"
425155.914,5447315.802,0,NORMAL,"585","620",,,"9464","62170"
426102.95,5448485.65,0,DEADEND,"876",,,,"9463","62171"
432995.185,5447573.644,0,NORMAL,"878","0000001380","878",,"9462","62172"
431045.138,5447060.842,0,NODE,"71","897",,,"9461","62173"
430036.567,5445779.216,0,NODE,"439","540",,,"9460","62174"
428566.33,5445699.98,0,DEADEND,"354",,,,"9459","62175"
428755.479,5445950.401,0,NODE,"966","758",,,"9457","62177"
428540.3,5445954.847,0,NORMAL,"278","834",,,"9456","62178"
428961.149,5446352.949,0,NORMAL,"113","272",,,"9455","62179"
430833.507,5443399.157,0,NORMAL,"1129","145",,,"9451","62183"
430820.795,5443444.194,0,NODE,"1129","812",,,"9450","62184"
423399.995,5453439.051,0,DEADEND,"779",,,,"9489","62199"
424794.856,5450684.542,0,NORMAL,"560","1153",,,"9486","62202"
425149.07328979,5450818.77639082,0,NORMAL,"1167","389",,,"9485","62203"
424989.757,5453543.857,0,NORMAL,"1147","858",,,"9484","62204"
431119.223,5444505.267,0,NORMAL,"551",,,,"9483","62205"
423241.597,5455290.464,0,DEADEND,"387",,,,"6","41508"
423293.673,5455434.09,0,DEADEND,"735",,,,"2","1107977"
425226.901,5453885.171,0,DEADEND,"208",,,,"13","1107978"
423326.554,5455271.451,0,DEADEND,"480",,,,"11","1107979"
423386.483,5455440.669,0,DEADEND,"18",,,,"10","1107980"
423344.207,5455354.201,0,DEADEND,"862",,,,"8","1107981"
427693.542,5453796.563,0,NORMAL,"367","443",,,"69","1107982"
424661.053,5454009.175,0,NORMAL,"458","508",,,"65","1107983"
424616.367722234,5453987.23511642,0,DEADEND,"1191",,,,"63","1107984"
423961.365,5454040.221,0,TRAFFIC LIGHT,"569","508","56",,"61","1107985"
427922.66,5454382.398,0,NORMAL,"532","1234",,,"59","1107986"
426656.056760561,5454355.71205745,0,NORMAL,"77",,,,"58","1107987"
426615.409015369,5454366.28216677,0,NORMAL,"77",,,,"57","1107988"
424157.744,5453599.452,0,TRAFFIC LIGHT,"569","396",,,"55","1107989"
424007.343,5453604.355,0,TRAFFIC LIGHT,"741","396",,,"54","1107990"
423688.833,5454041.422,0,TRAFFIC LIGHT,"56","741",,,"53","1107991"
425077.468,5454105.296,0,NORMAL,"264","752",,,"51","1107992"
425424.231,5454053.101,0,DEADEND,"316",,,,"48","1107993"
424696.124013867,5454814.38554078,0,NORMAL,"356","566",,,"47","1107994"
425999.424,5451971.424,0,NORMAL,"962","281",,,"107","1107995"
428123.064,5446595.621,0,NORMAL,"187","976",,,"133","1107996"
432778.198,5442993.316,0,NORMAL,"503","243",,,"132","1107997"
429954.671,5447031.25,0,NORMAL,"459","1179",,,"130","1107998"
428953.191,5448026.798,0,NORMAL,"1134","376",,,"127","1107999"
425820.984,5453528.59,0,DEADEND,"1174",,,,"135","1108000"
426075.263,5454458.359,0,NORMAL,"857","358",,,"134","1108001"
423069.472,5453543.949,0,DEADEND,"641",,,,"144","1108002"
426087.655905371,5452359.69748866,0,NORMAL,"676","1251",,,"143","1108003"
425861.673726951,5452498.33828201,0,NORMAL,"164","1251",,,"142","1108004"
431446.021,5446264.038,0,DEADEND,"0000001272",,,,"155","1108005"
431531.686153796,5446133.14903173,0,NORMAL,"446","0000001272",,,"154","1108006"
430548.113,5444827.628,0,NORMAL,"463","364",,,"153","1108007"
427163.440668451,5446463.69792397,0,NORMAL,"36","1153",,,"168","1108008"
427161.221,5446261.393,0,DEADEND,"1153",,,,"167","1108009"
428959.199436435,5445786.66573935,0,NORMAL,"288","278",,,"166","1108010"
428944.763,5445911.564,0,DEADEND,"288",,,,"165","1108011"
430046.256,5445871.363,0,DEADEND,"1153",,,,"164","41788"
430046.075934629,5445992.10383371,0,NORMAL,"1153","1118",,,"163","41789"
431310.514,5444805.166,0,NORMAL,"918","364",,,"158","1108012"
430898.606,5447326.541,0,NORMAL,"0000001268","778",,,"171","1108013"
431736.214,5446547.669,0,TRAFFIC LIGHT,"257","451",,,"203","1108014"
432045.453,5446286.86,0,TRAFFIC LIGHT,"451",,,,"202","1108015"
431890.726,5445997.289,0,TRAFFIC LIGHT,"807","400","1111",,"201","1108016"
431719.942,5446151.272,0,TRAFFIC LIGHT,"286","1111",,,"199","1108017"
428719.676,5447993.001,0,TRAFFIC LIGHT,"136","376",,,"198","41837"
428062.498,5448848.854,0,TRAFFIC LIGHT,"136","738",,,"197","1108018"
426958.155,5448880.017,0,TRAFFIC LIGHT,"792","818",,,"196","1108019"
427710.954,5449272.218,0,TRAFFIC LIGHT,"136","818",,,"194","1108020"
427214.413,5450154.525,0,TRAFFIC LIGHT,"136","635",,,"193","1108021"
427047.682,5450664.231,0,TRAFFIC LIGHT,"569","136","821",,"192","1108022"
426977.072,5450871.645,0,TRAFFIC LIGHT,"821","333",,,"191","1108023"
426726.719,5451025.371,0,TRAFFIC LIGHT,"962","821",,,"190","1108024"
431079.394,5446816.016,0,TRAFFIC LIGHT,"897","287",,,"206","1108025"
431318.144,5446798.927,0,TRAFFIC LIGHT,"1182","287",,,"204","1108026"
425298.937,5451880.835,0,TRAFFIC LIGHT,"968","1238",,,"227","1108027"
425027.221,5451799.911,0,TRAFFIC LIGHT,"569","968","770",,"226","1108028"
425172.283,5450864.89,0,NORMAL,"585","389",,,"225","1108029"
425564.858,5450676.902,0,NORMAL,"585","635",,,"223","1108030"
429413.925,5449415.859,0,TRAFFIC LIGHT,"333","761",,,"221","1108031"
429766.908,5449049.651,0,TRAFFIC LIGHT,"401","148",,,"219","1108032"
429629.839,5449043.832,0,TRAFFIC LIGHT,"569","333",,,"218","1108033"
429727.737,5448991.818,0,TRAFFIC LIGHT,"148","569","1112",,"217","1108034"
430535.594,5448125.597,0,TRAFFIC LIGHT,"1065","1112","901",,"216","1108035"
431475.235,5446321.597,0,TRAFFIC LIGHT,"1182","73","431","447","213","1108036"
431063.114,5446168.096,0,TRAFFIC LIGHT,"431","749",,,"212","1108037"
430739.512,5446040.979,0,TRAFFIC LIGHT,"873","431",,,"211","1108038"
429934.448,5445995.613,0,TRAFFIC LIGHT,"1179","1118",,,"210","1108039"
429928.64,5445781.427,0,NORMAL,"1179","439",,,"209","1108040"
429925.134,5445574.435,0,TRAFFIC LIGHT,"1179","442",,,"208","1108041"
429918.353,5445151.728,0,TRAFFIC LIGHT,"1179","424",,,"207","1108042"
428884.578,5449689.941,0,NORMAL,"475","710",,,"234","1108043"
429944.283,5446417.663,0,TRAFFIC LIGHT,"585","1179","1004",,"231","1108044"
430774.175,5445766.389,0,NORMAL,"168","439",,,"230","1108045"
424234.872,5453358.317,0,DEADEND,"1054",,,,"229","1108046"
425033.388686313,5451399.76315858,0,NORMAL,"1202","1202","591",,"369","42052"
430386.078,5451877.608,0,NORMAL,"102","508",,,"368","42049"
423400.272238118,5453490.77445486,0,NORMAL,"779","640",,,"371","42055"
430905.424,5439269.467,0,NORMAL,"406","1153",,,"247","1108047"
423210.876,5454328.335,0,FREEWAY,"792","715",,,"273","1108048"
423640.209,5454491.702,0,TRAFFIC LIGHT,"569","340",,,"269","1108049"
425786.849,5450868.128,0,NORMAL,"237","585",,,"279","1108050"
424751.436,5453830.533,0,DEADEND,"139",,,,"287","1108051"
424583.966,5453610.187,0,NORMAL,"458","858",,,"329","42033"
428155.251,5450563.867,0,NORMAL,"1018","491",,,"307","42008"
423291.611,5453515.225,0,DEADEND,"640",,,,"370","42056"
431063.799,5452289.881,0,DEADEND,"130",,,,"373","42058"
423916.899,5455463.223,0,DEADEND,"667",,,,"372","42059"
430058.149,5443882.171,0,DEADEND,"382",,,,"374","42061"
429122.164,5447647.646,0,TRAFFIC LIGHT,"136","904",,,"389","42139"
429958.904,5447181.281,0,TRAFFIC LIGHT,"136","1179",,,"388","42140"
430740.016,5446847.284,0,TRAFFIC LIGHT,"287","688","1181","136","387","42141"
426518.513,5450753.414,0,FREEWAY,"7","569",,,"391","42142"
427476.719,5450476.116,0,FREEWAY,"569","952",,,"390","42143"
424642.201,5453068.823,0,TRAFFIC LIGHT,"1147","1154",,,"409","57615"
424467.337,5452907.04,0,TRAFFIC LIGHT,"1147","569",,,"408","57616"
425614.977,5449912.871,0,NORMAL,"579","1102","0000001350",,"436","64068"
425499.261,5450053.705,0,DEADEND,"579",,,,"435","64069"
425236.366,5450109.528,0,NODE,"482","1102",,,"453","64088"
425381.412,5450025.045,0,NORMAL,"1102","1020",,,"452","64089"
425399.166,5450061.813,0,DEADEND,"1020",,,,"451","64090"
425239.479,5450143.369,0,NORMAL,"192","482",,,"450","64091"
427884.128,5453670.019,0,DEADEND,"367",,,,"467","91568"
425490.887,5452080.248,0,NORMAL,"28","968",,,"469","91570"
427155.79,5450660.116,0,NODE,"473","300",,,"470","91575"
428838.435,5445665.429,0,DEADEND,"1115",,,,"471","91578"
429518.782,5445583.595,0,NODE,"442","1152",,,"473","91580"
431902.774,5445122.272,0,NORMAL,"807","873",,,"474","91582"
431755.188,5445125.991,0,NORMAL,"1170","424","873",,"475","91583"
430811.201,5438343.443,0,NORMAL,"1153",,,,"476","91584"
435764.876,5443649.323,0,NORMAL,"717",,,,"478","91588"
432231.167,5444933.476,0,NORMAL,"1153","795",,,"487","91608"
428629.3,5445738.61,0,NORMAL,"1007","195",,,"549","91613"
428741.966,5445723.484,0,NORMAL,"207","195","1115",,"548","91614"
430526.886,5446247.112,0,NORMAL,"385","303",,,"547","91615"
430422.966,5446248.771,0,NORMAL,"701","385",,,"546","91616"
430364.306,5446248.421,0,NORMAL,"556","385",,,"545","91617"
426939.611,5451447.488,0,NORMAL,"393","962",,,"544","91618"
424702.332,5450749.177,0,NORMAL,"319","1153","585",,"543","91619"
424828.503,5450586.146,0,NORMAL,"560","1153",,,"541","91621"
424709.077,5450630.912,0,NORMAL,"63","319",,,"538","91624"
424710.276,5450649.926,0,NORMAL,"1153","319",,,"537","91625"
425942.411,5450977.66,0,TRAFFIC LIGHT,"569","821","585",,"536","91626"
426052.401,5451057.263,0,NORMAL,"1168","821",,,"535","91627"
425985.857,5451009.809,0,NORMAL,"821","295",,,"534","91628"
427482.76,5450646.968,0,NORMAL,"473","952",,,"533","91629"
427391.732,5450646.097,0,NORMAL,"473","485",,,"532","91630"
428308.06,5450730.439,0,NORMAL,"1153","174",,,"531","91631"
428301.041,5450747.235,0,NORMAL,"174","1153",,,"530","91632"
423493.68,5455286.127,0,NORMAL,"863","997","480",,"526","91635"
423417.409,5455114.648,0,NORMAL,"1153",,,,"525","91636"
425191.646,5454350.467,0,NORMAL,"212","760",,,"524","91637"
425294.971,5454800.564,0,NORMAL,"152","1180","562",,"523","91638"
428287.54,5453738.697,0,NORMAL,"265","975",,,"521","91640"
425483.663,5454156.446,0,NORMAL,"316","803","275",,"520","91641"
425377.149,5454126.823,0,NORMAL,"803","275","628",,"519","91642"
425229.075,5453726.815,0,NORMAL,"208","179",,,"513","91644"
424559.388,5453187.775,0,NORMAL,"1154","1153",,,"512","91645"
424177.59,5452890.616,0,NORMAL,"1153",,,,"511","91646"
429475.361,5445579.887,0,NORMAL,"1152",,,,"570","91692"
424268.653,5452767.93,0,NORMAL,"1153",,,,"509","91648"
424168.981,5452754.428,0,NORMAL,"1153",,,,"508","91649"
424163.835,5452955.385,0,NORMAL,"1153",,,,"507","91650"
432292.629,5444483.423,0,NORMAL,"1153","1132",,,"501","91654"
432214.004,5444482.873,0,NORMAL,"0000001425","1132",,,"500","91655"
432214.788,5444708.69,0,NORMAL,"0000001425","893",,,"499","91656"
432214.004,5444617.574,0,NORMAL,"1153","0000001425",,,"498","91657"
432133.993,5444614.166,0,NORMAL,"377","950","1153",,"497","91658"
430542.492,5444718.302,0,NORMAL,"463","1038",,,"555","91671"
430331.39,5444722.694,0,NORMAL,"1038","556",,,"554","91672"
430335.3,5444928.701,0,NORMAL,"930","556",,,"553","91673"
428620.654,5446606.417,0,NORMAL,"585","113",,,"569","91688"
431991.146,5446024.794,0,NORMAL,"400","451",,,"567","91690"
430032.068,5445571.717,0,NORMAL,"540","442",,,"571","91691"
424731.991,5450748.824,0,NODE,"560","1153",,,"542","91620"
424707.95,5450587.662,0,NORMAL,"198","1153","319",,"539","91623"
424829.093,5450596.158,0,NORMAL,"560","88",,,"540","91622"
425068.668,5455115.653,0,NORMAL,"562","1003",,,"522","91639"
429004.329,5450009.334,0,NORMAL,"549","42",,,"573","91695"
429012.762,5449587.801,0,NORMAL,"710","549",,,"572","91696"
423928.662,5452175.408,0,DEADEND,"242",,,,"574","91697"
428411.74,5449315.236,0,NORMAL,"1153","724",,,"576","91698"
428191.798,5449320.301,0,NORMAL,"1153","352",,,"575","91699"
425515.695,5452539.721,0,NORMAL,"968","164",,,"578","91701"
425512.108,5452274.11,0,TRAFFIC LIGHT,"1154","968",,,"577","91702"
427416.773,5446389.012,0,DEADEND,"1027",,,,"588","91708"
427149.526,5447069.005,0,NORMAL,"585","545",,,"628","116163"
424616.184,5453962.083,0,NORMAL,"1191",,,,"619","91728"
424555.069,5453938.268,0,DEADEND,"1191",,,,"618","91729"
424071.434,5452929.93,0,NORMAL,"741","355",,,"616","91731"
423493.988,5454858.258,0,TRAFFIC LIGHT,"356","340",,,"615","91732"
423301.929,5455114.75,0,NORMAL,"500","340",,,"614","91733"
425855.051,5454611.061,0,NORMAL,"857",,,,"613","91734"
425777.407,5454660.493,0,NORMAL,"1029","857",,,"612","91735"
425340.805,5453999.466,0,NORMAL,"508","610",,,"611","91736"
425331.88,5453726.997,0,NORMAL,"610","179",,,"610","91737"
427161.221,5446312.905,0,NORMAL,"1153",,,,"609","91738"
427094.735,5446321.693,0,NORMAL,"1153",,,,"608","91739"
427510.714,5446461.263,0,NORMAL,"1027","1215","215",,"607","91740"
426400.069,5447079.077,0,NORMAL,"585","746",,,"627","116164"
424236.731842238,5451879.31118984,0,NORMAL,"479","177",,,"625","116166"
427697.014,5446854.842,0,NORMAL,"585","50",,,"620","116170"
423054.756,5455589.769,0,DEADEND,"994",,,,"650","116188"
423073.214,5455533.747,0,DEADEND,"559",,,,"649","116189"
423051.692,5455461.379,0,NORMAL,"440","994",,,"648","116190"
423053.617,5455534.116,0,NORMAL,"994","559",,,"647","116191"
423265.037,5454684.102,0,TRAFFIC LIGHT,"715","569",,,"667","116211"
423696.255,5454947.701,0,NORMAL,"1122","517","615",,"665","116206"
423624.034,5455026.178,0,DEADEND,"465",,,,"654","116198"
423697.032,5455033.34,0,NORMAL,"517","1101","465",,"664","116207"
423698.377,5455115.635,0,NORMAL,"1199","517","615",,"663","116208"
423835.116142496,5455431.05765049,0,NODE,"905","926",,,"656","116202"
423494.903,5455371.845,0,NORMAL,"926","997","862",,"662","116209"
423495.769,5455432.5,0,NORMAL,"905","997","18",,"661","116210"
423012.947,5454797.992,0,NODE,"569",,,,"666","116212"
424845.01,5453912.843,0,NORMAL,"607","59","753",,"690","116223"
424089.449,5454039.598,0,NORMAL,"34","508",,,"684","116221"
425009.013,5453878.999,0,NORMAL,"1147","607",,,"691","116222"
424845.526,5453954.491,0,NORMAL,"59",,,,"689","116224"
424908.05,5453953.716,0,DEADEND,"59",,,,"688","116225"
424787.546,5453955.21,0,DEADEND,"59",,,,"687","116226"
424773.609,5453913.724,0,DEADEND,"607",,,,"686","116227"
424993.796,5454003.12,0,TRAFFIC LIGHT,"508","1147","725",,"697","116235"
424909.792,5454133.028,0,NORMAL,"725","752","0000001360",,"699","116245"
426856.925,5453541.988,0,NORMAL,"682","337",,,"710","116257"
426970.47,5453682.59,0,DEADEND,"927",,,,"708","116259"
426892.249,5453556.604,0,NORMAL,"927","337",,,"707","116260"
426634.085,5453759.362,0,DEADEND,"143",,,,"706","116261"
425729.492,5453819.422,0,NORMAL,"968","143",,,"704","116263"
425931.677,5453624.697,0,NORMAL,"968","22",,,"703","116264"
424212.314,5454921.006,0,DEADEND,"1153",,,,"714","116265"
424211.396,5455101.998,0,DEADEND,"1153",,,,"713","116266"
424311.577,5454914.77,0,NORMAL,"802","123","1153",,"712","116267"
424312.77,5455005.311,0,NORMAL,"123","1153","626",,"711","116268"
430542.716,5452928.945,0,NORMAL,"508","637",,,"717","128498"
428222.15,5453573.9,0,DEADEND,"763",,,,"719","128503"
428408.285,5453560.46,0,NORMAL,"696","763",,,"718","128504"
423398.0,5452807.252,0,NORMAL,"355","147",,,"726","129368"
424509.977,5454661.969,0,NORMAL,"788","1189",,,"749","141648"
423226.806,5452582.39,0,DEADEND,"147",,,,"723","129370"
423000.423,5452863.459,0,NODE,"355",,,,"722","129371"
423759.407,5452426.702,0,NORMAL,"461","912","744",,"730","129375"
423568.063,5452673.352,0,NORMAL,"461","929",,,"729","129376"
423464.694,5452818.216,0,NORMAL,"355","582","461",,"728","129377"
423496.588,5452677.09,0,NORMAL,"461","912",,,"727","129378"
422502.467,5453388.14,0,NORMAL,"582","341",,,"753","141651"
422500.626,5453497.567,0,DEADEND,"341",,,,"752","141652"
422900.532,5453386.489,0,NORMAL,"582","639",,,"750","141653"
424593.16,5452224.381,0,NORMAL,"44","100",,,"758","141664"
424477.03,5452189.652,0,NORMAL,"100","741",,,"763","141665"
424550.796,5452482.032,0,NORMAL,"44","29",,,"755","141658"
424464.947,5452679.039,0,NORMAL,"44","29",,,"754","141659"
424629.785,5452223.124,0,DEADEND,"100",,,,"759","141663"
424354.099,5452294.734,0,NORMAL,"741","1143",,,"762","141666"
424332.862,5452226.457,0,DEADEND,"420",,,,"761","141667"
424376.945,5452275.909,0,NORMAL,"420","741",,,"760","141668"
424291.653,5452704.062,0,NORMAL,"1147","1153",,,"775","141672"
424396.148,5452820.578,0,NORMAL,"1147","44",,,"774","141673"
424346.122,5452760.539,0,NORMAL,"1147","1153",,,"773","141674"
424325.431,5452801.823,0,NORMAL,"1153",,,,"772","141675"
424314.393,5452892.373,0,NORMAL,"1153",,,,"771","141676"
424367.04,5452863.98,0,DEADEND,"1153",,,,"770","141677"
423990.414,5453121.265,0,NODE,"674",,,,"781","141683"
423971.949,5453194.381,0,NORMAL,"365","882",,,"780","141684"
423985.574,5453121.265,0,NORMAL,"882","674",,,"779","141685"
424007.376,5453064.849,0,DEADEND,"575",,,,"778","141686"
423985.574,5453023.749,0,NORMAL,"575","882",,,"777","141687"
426697.79,5453954.047,0,NORMAL,"508","1255",,,"785","141692"
427417.505,5453936.68,0,NORMAL,"425","508",,,"784","141693"
427281.322,5453935.758,0,NORMAL,"508","1130",,,"783","141694"
427478.02,5453842.68,0,DEADEND,"1130",,,,"782","141695"
427733.326,5453868.576,0,NORMAL,"508","367",,,"789","141699"
427975.429,5453729.409,0,NORMAL,"508","1234",,,"788","141700"
427908.113,5453768.315,0,NORMAL,"932","508",,,"787","141701"
427942.403,5453835.019,0,DEADEND,"932",,,,"786","141702"
425579.4,5453114.977,0,NORMAL,"798","968",,,"793","141706"
425813.809,5453353.31,0,NORMAL,"610","968",,,"791","141708"
425975.229,5453215.148,0,DEADEND,"460",,,,"790","141709"
425324.4,5453189.58,0,NORMAL,"798","120",,,"803","141721"
426376.343,5452696.558,0,NORMAL,"276","157",,,"808","141723"
425360.214,5453227.367,0,NORMAL,"119","120",,,"796","141715"
425399.508,5453188.389,0,DEADEND,"119",,,,"795","141716"
425313.984,5453241.368,0,DEADEND,"119",,,,"794","141717"
425411.469,5453128.687,0,NORMAL,"798","800",,,"804","141720"
426509.152,5452689.454,0,NORMAL,"299","276",,,"807","141724"
426496.126,5452752.843,0,DEADEND,"299",,,,"805","141726"
427952.597,5452217.332,0,NORMAL,"46","647",,,"811","141729"
428082.044,5452267.161,0,DEADEND,"46",,,,"810","141730"
427471.372,5452185.164,0,DEADEND,"46",,,,"809","141731"
429099.344,5453999.144,0,NORMAL,"726","602",,,"813","141734"
429050.369,5454107.716,0,DEADEND,"726",,,,"812","141735"
430086.709,5452736.954,0,DEADEND,"827",,,,"817","141737"
430227.189,5452523.065,0,NORMAL,"90","474","96",,"816","141738"
430069.12,5452650.351,0,NORMAL,"827","474",,,"814","141740"
430978.625,5452396.622,0,NORMAL,"130","508",,,"822","141743"
430922.197,5452498.101,0,NORMAL,"508","253",,,"821","141744"
430783.874,5452639.974,0,NORMAL,"508","846",,,"820","141745"
431045.183,5452490.708,0,DEADEND,"253",,,,"818","141746"
424139.555,5450521.521,0,NORMAL,"468","621","759",,"852","190448"
424229.336,5450361.149,0,NORMAL,"759","250",,,"851","190449"
424227.503,5450269.698,0,NORMAL,"759","987",,,"850","190450"
424310.911743894,5450268.67119085,0,DEADEND,"987",,,,"848","190452"
424272.019,5450360.293,0,DEADEND,"250",,,,"847","190453"
425885.04,5451774.481,0,NORMAL,"1085","847",,,"856","190459"
425898.115,5451809.854,0,NORMAL,"847","239",,,"855","190460"
425914.773,5451821.788,0,DEADEND,"847",,,,"854","190461"
425840.77,5451857.312,0,DEADEND,"239",,,,"853","190462"
427606.655,5451634.445,0,NORMAL,"952","768",,,"876","192736"
427662.625,5451849.264,0,NORMAL,"952","839","0000001354","0000001354","875","192737"
427339.392,5451809.449,0,NORMAL,"1145","839",,,"874","192738"
427280.312,5451729.972,0,NORMAL,"1145","1154",,,"873","192739"
428078.972,5452045.121,0,NORMAL,"647","952",,,"872","192740"
427354.568,5451957.85,0,NODE,"1145","541",,,"867","192741"
428661.264,5451836.674,0,NORMAL,"952","889",,,"881","192747"
428728.969,5451893.283,0,NORMAL,"889","1178",,,"880","192748"
428819.058,5451888.26,0,DEADEND,"889",,,,"879","192749"
428718.32,5451926.51,0,DEADEND,"1178",,,,"878","192750"
428538.028,5451017.48,0,NORMAL,"1231","325",,,"885","192754"
428648.261,5451008.597,0,NORMAL,"619","325",,,"884","192755"
428730.284,5450986.496,0,DEADEND,"325",,,,"883","192756"
428660.59,5451064.48,0,DEADEND,"619",,,,"882","192757"
428313.823,5451080.147,0,DEADEND,"241",,,,"892","192761"
428319.781,5451288.982,0,NORMAL,"333","241",,,"891","192762"
428272.264,5451285.805,0,NORMAL,"333","488",,,"890","192763"
428537.453,5451333.469,0,NORMAL,"1026","1043",,,"889","192764"
428366.462,5451282.083,0,NORMAL,"333","1043","804",,"888","192765"
428358.886,5450848.411,0,NORMAL,"76","804",,,"887","192766"
428813.558,5451079.946,0,NORMAL,"333","740",,,"886","192767"
428000.681908936,5451391.18723864,0,NORMAL,"935","1035",,,"894","192771"
427463.98,5450964.66,0,DEADEND,"907",,,,"898","192773"
427510.984,5450918.892,0,NORMAL,"473","952",,,"897","192774"
427513.246,5451036.985,0,NORMAL,"300","952",,,"896","192775"
427511.669,5450964.63,0,NORMAL,"907","952",,,"895","192776"
427939.487,5451193.425,0,NODE,"1015",,,,"901","192780"
427936.696,5451280.199,0,NORMAL,"333","1015",,,"900","192781"
428095.73,5450955.93,0,DEADEND,"103",,,,"911","192783"
428132.78,5451025.58,0,DEADEND,"91",,,,"910","192784"
428218.359,5450853.698,0,NORMAL,"603","76",,,"909","192785"
428220.597,5450916.675,0,NORMAL,"603","103",,,"908","192786"
428221.486,5450952.192,0,NORMAL,"213","603",,,"907","192787"
428211.711,5451001.069,0,NORMAL,"603","91",,,"906","192788"
428223.879,5451047.833,0,DEADEND,"603",,,,"904","192789"
428230.035,5451283.421,0,NORMAL,"333","603",,,"902","192790"
428672.487,5450627.868,0,NORMAL,"297","848",,,"929","249732"
428629.9,5450537.35,0,DEADEND,"1070",,,,"931","249733"
428707.556,5450386.519,0,NORMAL,"685","297",,,"930","249731"
428416.356,5449582.947,0,NORMAL,"724","581",,,"936","249734"
428416.035,5449487.942,0,NORMAL,"724","448",,,"935","249735"
428213.174,5449736.987,0,NORMAL,"724","352",,,"934","249736"
428458.810131178,5449581.27926422,0,DEADEND,"581",,,,"932","249737"
429323.396,5450892.518,0,TRAFFIC LIGHT,"333","508",,,"937","249741"
431917.725,5444620.206,0,DEADEND,"950",,,,"940","249742"
431904.483,5444619.952,0,DEADEND,"950",,,,"938","249743"
426341.146,5451690.392,0,NORMAL,"1085","1061",,,"951","263868"
426225.136,5451611.342,0,NORMAL,"1085","919",,,"950","263869"
426372.734,5451528.468,0,NORMAL,"1085","1227",,,"949","263870"
426320.297,5451516.129,0,DEADEND,"1227",,,,"947","263871"
426403.089,5450495.358,0,DEADEND,"611",,,,"952","263875"
426680.441,5450084.725,0,NORMAL,"635","1021",,,"956","263876"
426691.867,5450380.007,0,NORMAL,"259","1021",,,"955","263877"
426682.756,5450268.876,0,NORMAL,"328","1021",,,"954","263878"
426565.268,5450249.693,0,DEADEND,"328",,,,"953","263879"
425822.264,5450411.172,0,NORMAL,"635","361",,,"961","263883"
425734.886,5450568.077,0,NORMAL,"635","274",,,"960","263884"
425783.597,5450499.055,0,NORMAL,"635","684",,,"959","263885"
425908.094,5450499.599,0,DEADEND,"684",,,,"958","263886"
427248.487,5449748.068,0,NORMAL,"1226","963",,,"966","263890"
426623.836,5449683.615,0,NORMAL,"963","773",,,"965","263891"
427053.224,5449744.087,0,NORMAL,"151","963",,,"963","263892"
427036.18,5449857.62,0,DEADEND,"151",,,,"962","263893"
431022.96,5451692.6,0,NORMAL,"881","172","1019",,"971","263897"
431027.388,5451975.516,0,NORMAL,"881","388",,,"970","263898"
431025.727,5451893.346,0,NORMAL,"881","1114",,,"969","263899"
430931.636,5451895.691,0,NORMAL,"413","1114",,,"968","263900"
430929.966,5451828.098,0,DEADEND,"413",,,,"967","263901"
430717.67,5451366.582,0,NORMAL,"1075","1195",,,"981","263913"
430729.496,5451455.946,0,NORMAL,"1195","1019","1010",,"973","263910"
429116.606,5450891.896,0,DEADEND,"17",,,,"986","263917"
429200.842,5450975.442,0,NORMAL,"333","675",,,"985","263918"
429069.261,5450951.776,0,NORMAL,"333","17",,,"984","263919"
428900.648,5451000.011,0,NORMAL,"333","493",,,"983","263920"
429443.574,5450080.959,0,DEADEND,"75",,,,"988","263924"
424878.625,5447243.771,0,NODE,"620",,,,"989","263927"
423401.14,5448530.93,0,NODE,"1207",,,,"990","263928"
424066.164,5449584.039,0,NODE,"0000001395",,,,"992","263929"
423800.11,5449172.96,0,NODE,"25",,,,"991","263930"
423071.018,5450687.563,0,NODE,"107",,,,"994","263932"
428696.834,5448444.069,0,NORMAL,"306","373",,,"1001","263934"
428855.01,5448439.603,0,NORMAL,"306","359",,,"999","263936"
428851.489202132,5448343.28633568,0,NORMAL,"359",,,,"998","263937"
429138.94,5448275.42,0,TRAFFIC LIGHT,"359","134","133",,"997","263938"
429141.872,5448431.588,0,NORMAL,"306","133",,,"996","263939"
428561.898,5447645.669,0,NODE,"305","218",,,"1005","263948"
427155.004,5447460.247,0,NORMAL,"545","686",,,"1009","263953"
427159.001586465,5447673.54618912,0,NORMAL,"170","545",,,"1008","263954"
427157.231,5447568.515,0,NORMAL,"545","379",,,"1007","263955"
427035.797,5447568.199,0,DEADEND,"379",,,,"1006","263956"
427145.291,5446860.347,0,NORMAL,"50","545",,,"1013","263960"
426926.796,5446859.134,0,NORMAL,"50","1133",,,"1012","263961"
426624.942,5446864.948,0,NORMAL,"852","50",,,"1011","263962"
427077.973,5446743.852,0,DEADEND,"1133",,,,"1010","263963"
428098.143,5447171.113,0,NORMAL,"1215","225",,,"1017","263967"
427981.13,5447208.943,0,NORMAL,"1039","225",,,"1016","263968"
427829.304,5447213.946,0,NORMAL,"225","1099",,,"1015","263969"
427981.13,5447247.16,0,DEADEND,"1039",,,,"1014","263970"
428276.203,5446586.93,0,NORMAL,"976","563",,,"1021","263974"
428350.455,5446568.824,0,NORMAL,"624","1153","976",,"1020","263975"
428356.955,5446238.189,0,DEADEND,"624",,,,"1019","263976"
426866.94,5446207.343,0,NODE,"1252",,,,"1026","263979"
429015.87,5448931.11,0,DEADEND,"293",,,,"1030","263980"
429159.073,5448928.312,0,NORMAL,"133","293",,,"1029","263981"
429155.371,5448831.778,0,TRAFFIC LIGHT,"133","1081","738",,"1028","263982"
430402.81,5448892.48,0,DEADEND,"525",,,,"1040","263992"
430424.98,5448966.786,0,NORMAL,"79","148",,,"1039","263993"
430234.126,5448931.511,0,NORMAL,"525","78",,,"1038","263994"
430237.044,5449044.221,0,NORMAL,"148","78",,,"1037","263995"
430156.869,5449044.878,0,NORMAL,"148","830",,,"1036","263996"
430733.653609939,5449137.56037462,0,DEADEND,"1258",,,,"1042","264003"
430662.411947258,5448901.06837489,0,TRAFFIC LIGHT,"1076","1258","148","0000001379","1041","264004"
429488.128,5447569.33,0,TRAFFIC LIGHT,"136","181",,,"1048","264008"
429473.476,5447486.129,0,NORMAL,"181","182",,,"1047","264009"
429440.279,5447488.899,0,DEADEND,"182",,,,"1045","264011"
429008.661,5446155.117,0,DEADEND,"1206",,,,"1053","264015"
429014.314,5446362.68,0,DEADEND,"1206",,,,"1052","264016"
429010.724,5446230.861,0,NORMAL,"1206","861",,,"1051","264017"
429078.611,5446375.297,0,NORMAL,"585","1118",,,"1050","264018"
429386.204,5446428.283,0,NORMAL,"585","110",,,"1049","264019"
430985.774,5447468.928,0,NORMAL,"961","1112",,,"1056","264023"
430894.355,5447446.072,0,NORMAL,"961","0000001268",,,"1055","264024"
430807.519,5447446.358,0,NORMAL,"961","546",,,"1054","264025"
431384.091,5447228.761,0,NORMAL,"801","321",,,"1060","264028"
431336.889,5446995.712,0,NORMAL,"801","1112",,,"1059","264029"
431418.915,5446798.756,0,TRAFFIC LIGHT,"287","1111","1112",,"1058","264030"
431301.432,5447050.075,0,TRAFFIC LIGHT,"1112","1076",,,"1057","264031"
431699.158,5446291.766,0,NORMAL,"286","1218","1040",,"1067","264035"
431797.699684695,5446396.89186079,0,NORMAL,"451","1218",,,"1066","264036"
431763.566,5446368.7,0,NORMAL,"1218","12",,,"1065","264037"
431729.027,5446412.588,0,NORMAL,"73","12",,,"1064","264038"
431696.725,5446394.902,0,TRAFFIC LIGHT,"286","73",,,"1062","264040"
431790.803,5446121.554,0,NORMAL,"1111","484",,,"1069","264045"
428560.356,5445731.417,0,NORMAL,"195","354",,,"1073","264046"
428421.403,5445820.6441184,0,NORMAL,"195","651",,,"1072","264047"
428408.233,5445905.046,0,NORMAL,"278","195",,,"1071","264048"
428391.605,5445826.097,0,DEADEND,"651",,,,"1070","264049"
430249.79,5445781.44,0,DEADEND,"1192",,,,"1079","264053"
430125.84,5445830.09,0,DEADEND,"1056",,,,"1078","264054"
430250.762,5445830.09,0,NORMAL,"1192","1056",,,"1077","264055"
430360.228,5445989.066,0,NORMAL,"1118","556",,,"1076","264056"
430253.967,5445990.469,0,NORMAL,"1118","1192",,,"1075","264057"
430144.069,5445992.917,0,NORMAL,"1118","645",,,"1074","264058"
429540.692,5444901.896,0,DEADEND,"817",,,,"1083","264064"
429006.026,5444141.725,0,NORMAL,"791","349",,,"1082","264065"
429696.044,5444705.133,0,NORMAL,"791","817",,,"1081","264066"
429914.792,5444886.394,0,NORMAL,"1179","514","791",,"1080","264067"
430129.417,5445147.57,0,NORMAL,"424","645",,,"1085","264071"
430025.991,5445149.497,0,NORMAL,"540","424",,,"1084","264072"
430756.783,5444823.132,0,NORMAL,"168","364",,,"1087","264074"
430758.854,5444923.264,0,NORMAL,"168","366",,,"1086","264075"
432270.789,5445945.569,0,DEADEND,"892",,,,"1089","264077"
432076.41,5445876.229,0,NORMAL,"400","892","567","302","1088","264078"
431188.75,5445338.986,0,NORMAL,"873","21","853",,"1093","264080"
431081.185,5445343.18,0,NORMAL,"21","506","507",,"1092","264081"
431085.503,5445492.062,0,NORMAL,"873","506",,,"1091","264082"
429967.615,5444302.843,0,NORMAL,"160","1012",,,"1098","264087"
430059.679,5443961.829,0,DEADEND,"673",,,,"1097","264088"
429894.783,5443885.466,0,DEADEND,"609",,,,"1096","264089"
429952.946,5444057.849,0,NORMAL,"673","160",,,"1095","264090"
429860.746,5444028.276,0,NORMAL,"160","609",,,"1094","264091"
432717.018,5442957.039,0,NORMAL,"503","836","570",,"1105","264096"
432683.286,5442946.518,0,NORMAL,"836",,,,"1104","264097"
432572.125,5443053.034,0,NORMAL,"16","836",,,"1112","264111"
432461.589396365,5442931.51011998,0,DEADEND,"16",,,,"1102","264099"
432294.856,5443330.379,0,NORMAL,"836","729",,,"1111","264112"
432434.651,5443739.301,0,NORMAL,"503","539",,,"1108","264105"
432400.674,5443675.83,0,NODE,"539",,,,"1107","264106"
432253.422173497,5443655.6609581,0,NORMAL,"866","137",,,"1109","264109"
432357.313,5443389.083,0,DEADEND,"729",,,,"1113","264110"
432152.284,5443540.232,0,NORMAL,"137","836",,,"1110","264113"
436417.48,5442924.407,0,NORMAL,"573","717",,,"1117","264117"
435267.448,5444517.898,0,DEADEND,"573",,,,"1116","264118"
436709.416,5443403.224,0,DEADEND,"690",,,,"1115","264119"
436421.116,5443061.566,0,NORMAL,"573","690",,,"1114","264120"
432400.494,5442210.428,0,NODE,"594","1149",,,"1122","264124"
432596.846,5442204.769,0,NORMAL,"1216","658","1149",,"1121","264125"
432466.236,5442204.955,0,NORMAL,"1256","1149",,,"1120","264126"
432594.28,5442099.795,0,DEADEND,"1216",,,,"1119","264127"
432463.48,5442143.76,0,DEADEND,"1256",,,,"1118","264128"
432639.894,5442150.409,0,NORMAL,"1153",,,,"1128","264133"
432621.273,5442203.184,0,NORMAL,"1153","1149",,,"1127","264134"
432699.685,5442067.163,0,NORMAL,"1153",,,,"1125","264135"
432702.36,5442153.532,0,NORMAL,"1153",,,,"1124","264136"
432805.245236505,5442130.87519888,0,DEADEND,"917",,,,"1123","264137"
432888.665,5442008.318,0,NORMAL,"304","841",,,"1131","264147"
432888.244,5441982.491,0,NORMAL,"304","841",,,"1139","264155"
432886.837,5441921.258,0,NORMAL,"304","220",,,"1138","264156"
432883.06,5441774.985,0,NORMAL,"304","1119",,,"1140","264154"
432755.072,5441930.967,0,NORMAL,"489","220",,,"1137","264157"
432690.618,5441933.77,0,NORMAL,"854","220",,,"1136","264158"
432755.922,5442021.319,0,DEADEND,"489",,,,"1135","264159"
432691.883,5442023.301,0,DEADEND,"854",,,,"1134","264160"
432635.942158758,5442028.43565545,0,DEADEND,"220",,,,"1133","264161"
432359.491,5440048.073,0,NORMAL,"940","923",,,"1144","264169"
431981.185,5439995.972,0,NORMAL,"261","923",,,"1142","264171"
432149.16,5440119.81,0,DEADEND,"1108",,,,"1141","264172"
432310.932,5441193.377,0,NORMAL,"233","948",,,"1148","264176"
432668.815,5441189.23,0,NORMAL,"406","948",,,"1147","264177"
432589.838,5441193.259,0,NORMAL,"948","235",,,"1146","264178"
432590.186,5441270.329,0,DEADEND,"235",,,,"1145","264179"
432097.469,5441287.563,0,NORMAL,"705","948",,,"1152","264183"
432106.931,5441465.588,0,NORMAL,"20","705",,,"1151","264184"
432106.184005816,5441428.16550678,0,NORMAL,"705","348",,,"1150","264185"
431924.39,5442647.252,0,DEADEND,"730",,,,"1154","264190"
432698.996,5441368.151,0,NORMAL,"406","730",,,"1153","264191"
432575.825,5439139.128,0,DEADEND,"940",,,,"1160","264192"
432728.438,5439555.336,0,DEADEND,"296",,,,"1159","264193"
432791.524,5439861.845,0,NORMAL,"605","894",,,"1158","264194"
432697.353,5439623.936,0,NORMAL,"894","296",,,"1157","264195"
432567.24,5439553.546,0,NORMAL,"940","894",,,"1156","264196"
432802.881,5439641.376,0,NORMAL,"211","605",,,"1164","264201"
432904.024,5439080.098,0,DEADEND,"605",,,,"1163","264202"
432836.945,5439560.386,0,NORMAL,"605","121",,,"1162","264203"
432856.47,5439570.55,0,DEADEND,"121",,,,"1161","264204"
431915.646341778,5438500.21367774,0,NODE,"1223",,,,"1165","264207"
433135.863,5441346.064,0,NORMAL,"444","1239","441",,"1169","264208"
433135.422,5441476.83,0,NORMAL,"583","1239",,,"1168","264209"
433199.52,5441476.83,0,DEADEND,"583",,,,"1167","264210"
433088.29,5441552.71,0,DEADEND,"1239",,,,"1166","264211"
435683.109,5443602.492,0,NORMAL,"363","717",,,"1176","264215"
433582.886,5441552.791,0,NORMAL,"231","422",,,"1173","264216"
433600.795,5441504.002,0,DEADEND,"422",,,,"1172","264217"
435844.613,5440752.023,0,NORMAL,"515","231","0000001336",,"1171","264218"
436195.855,5440527.056,0,NODE,"231",,,,"1170","264219"
434195.842,5440097.862,0,FREEWAY,"363","570",,,"1178","264221"
437721.735,5442934.853,0,DEADEND,"1194",,,,"1181","264224"
436746.49099717,5443163.85746046,0,DEADEND,"554",,,,"1180","264225"
423131.336,5455349.039,0,NORMAL,"387","340",,,"1268","449250"
431042.273,5445560.437,0,NORMAL,"442","873","19",,"1090","264083"
431778.222,5446440.802,0,TRAFFIC LIGHT,"451","73",,,"1063","264039"
429165.369,5449133.304,0,NORMAL,"133","698",,,"1027","263983"
425767.977,5453306.708,0,NORMAL,"460","968",,,"792","141707"
431341.431,5445471.892,0,DEADEND,"52",,,,"1190","268549"
431435.177,5445394.828,0,NORMAL,"52","736",,,"1189","268550"
431501.119,5445363.28,0,NORMAL,"529","736",,,"1188","268551"
428061.341,5446202.042,0,DEADEND,"1253",,,,"1211","299310"
427950.809,5446114.743,0,NORMAL,"162","1196",,,"1210","299311"
427950.677,5446199.02,0,NORMAL,"1253","1196",,,"1209","299312"
427865.578,5446198.529,0,NORMAL,"1253","1185",,,"1208","299313"
436767.148,5442620.616,0,NORMAL,"1194","554",,,"1248","448295"
436715.179,5442583.841,0,NORMAL,"717","1194",,,"1247","448296"
423079.802,5455425.119,0,NORMAL,"340","735","440",,"1269","449251"
432150.84,5439994.222,0,NORMAL,"1108","923",,,"1270","449252"
423786.321,5454037.367,0,NORMAL,"56","741",,,"1293","489111"
424697.201,5454895.108,0,NORMAL,"566","996",,,"1298","489115"
425796.105,5453985.881,0,TRAFFIC LIGHT,"508","968",,,"1299","489157"
426214.249,5453736.182,0,DEADEND,"129",,,,"1300","489190"
425380.046,5454545.585,0,DEADEND,"1166",,,,"1301","489196"
425167.846,5454104.48,0,NORMAL,"760","264",,,"1302","489197"
423104.991,5453221.734,0,NORMAL,"403","616",,,"1305","489259"
425021.728,5452533.39,0,TRAFFIC LIGHT,"837","1154",,,"1306","489581"
424599.583,5451165.616,0,TRAFFIC LIGHT,"127","770",,,"1307","489654"
425864.889,5450927.132,0,NORMAL,"1021","585","1202",,"1309","489757"
428497.135,5451616.539,0,DEADEND,"435",,,,"1310","489847"
430328.391,5451466.154,0,NORMAL,"508","1075",,,"1314","490093"
429669.64,5451423.991,0,DEADEND,"693",,,,"1316","490095"
430675.755,5451370.879,0,NORMAL,"1075","707",,,"1388","500678"
428903.991604052,5451228.82907675,0,NORMAL,"1026","623",,,"1318","490096"
430658.197,5451283.719,0,DEADEND,"707",,,,"1390","500679"
428684.138,5451552.818,0,NORMAL,"886","381",,,"1319","490098"
424872.074796422,5450542.5823429,0,NORMAL,"560","1153",,,"1385","500652"
424822.868032634,5450547.97936178,0,NORMAL,"198","1153",,,"1386","500651"
424759.682,5452656.254,0,NORMAL,"380","1153",,,"1323","490102"
423701.511718772,5453024.55505339,0,NORMAL,"332",,,,"1324","490103"
423144.9585756,5453379.59951636,0,NORMAL,"582","641",,,"1325","490104"
424487.938,5449324.969,0,NODE,"755",,,,"1327","490257"
425282.144745488,5450268.35743981,0,NORMAL,"482","580",,,"1330","490296"
424248.832142326,5451962.38009821,0,NORMAL,"105","479",,,"1376","500633"
424565.484,5450743.372,0,NORMAL,"1153","770","107","585","1378","500634"
429924.812717009,5451812.22367124,0,NORMAL,"200",,,,"1387","500677"
431103.291,5451859.927,0,DEADEND,"388",,,,"1391","500680"
427113.209,5449359.482,0,NORMAL,"773","262",,,"1392","500681"
428702.774452017,5449030.60390389,0,NORMAL,"655","8",,,"1393","500682"
429595.145362044,5449433.67619099,0,NORMAL,"260","850",,,"1395","500683"
429131.879,5449664.909,0,NORMAL,"685","982",,,"1396","500684"
429469.527,5449778.028,0,DEADEND,"974",,,,"1397","500685"
429162.461929276,5449023.52270668,0,NORMAL,"206","133",,,"1398","504166"
427802.95672111,5448967.74756492,0,NORMAL,"1144","650",,,"1399","504186"
428229.368115761,5448854.17743408,0,NORMAL,"524","738",,,"1400","504187"
428038.156,5447917.295,0,NORMAL,"376","1215",,,"1401","504205"
428380.701,5447951.798,0,NORMAL,"691","376",,,"1402","504206"
429790.689,5447529.575,0,NORMAL,"944","663",,,"1411","504256"
429886.11,5447510.77,0,NODE,"944","125",,,"1415","504259"
429769.785,5447764.247,0,NORMAL,"1134","470",,,"1417","504260"
430952.884,5447588.606,0,TRAFFIC LIGHT,"1134","1112",,,"1419","504261"
428414.266,5446677.384,0,TRAFFIC LIGHT,"792","585",,,"1420","504271"
428936.34024132,5446168.7687237,0,NORMAL,"311","113",,,"1421","504272"
428107.494,5446056.236,0,NORMAL,"187","1135","278",,"1422","504273"
429114.248,5447333.767,0,NODE,"453","904",,,"1423","504277"
429473.336,5446829.254,0,NORMAL,"1230","954",,,"1424","504278"
429558.326,5446425.492,0,NORMAL,"585","101",,,"1425","504279"
430528.183435448,5446612.89569484,0,NORMAL,"612","303",,,"1426","504280"
430609.044,5447308.089,0,DEADEND,"908",,,,"1427","504281"
430772.601640095,5445957.38052978,0,NORMAL,"168","873",,,"1428","504282"
430867.1,5445453.02,0,DEADEND,"248",,,,"1429","504283"
431904.924,5444925.009,0,TRAFFIC LIGHT,"795","807",,,"1431","504284"
432103.987341002,5445037.45531104,0,NORMAL,"65","567",,,"1432","504285"
432797.014876188,5443229.10923226,0,DEADEND,"234",,,,"1433","504286"
432784.22,5442400.255,0,TRAFFIC LIGHT,"570","1110","694",,"1434","504735"
432913.982,5442092.9,0,TRAFFIC LIGHT,"570","304",,,"1436","504736"
432879.226,5441655.249,0,NORMAL,"304","406",,,"1437","504737"
432469.124,5439472.43,0,NODE,"1098","894",,,"1438","505123"
430270.708849915,5452441.58488519,0,NORMAL,"474","1240",,,"1447","509443"
423685.19,5451786.762,0,NORMAL,"744","369",,,"1482","510036"
423383.607,5454034.553,0,TRAFFIC LIGHT,"792","56",,,"1468","510020"
424605.295,5450871.107,0,TRAFFIC LIGHT,"792","770",,,"1469","510021"
423842.131,5450647.028,0,NORMAL,"1156","405","739",,"1486","510296"
429379.232,5450248.894,0,NODE,"75","924",,,"1473","510025"
428999.528,5448658.481,0,NORMAL,"126","251",,,"1475","510026"
428777.07,5448665.182,0,NORMAL,"126","251",,,"1474","510027"
428645.796,5447724.38,0,NODE,"305",,,,"1476","510028"
430804.994666521,5447732.00344533,0,NODE,"378","546",,,"1477","510029"
430665.874,5447914.908,0,NODE,"1062","39",,,"1478","510031"
429708.6,5447549.31,0,NODE,"470","944",,,"1479","510032"
430550.054,5438483.78,0,NODE,"1153",,,,"1481","510034"
424231.482,5451768.494,0,NORMAL,"369","479","992",,"1484","510035"
423748.995,5450640.686,0,NORMAL,"692","405",,,"1485","510297"
433130.926,5441714.22,0,TRAFFIC LIGHT,"231","570","792",,"1489","510298"
428715.525,5453876.515,0,NORMAL,"1057","679",,,"1508","522456"
428710.677,5454009.29,0,NORMAL,"428","805",,,"1507","522457"
428844.024194702,5453862.02987528,0,DEADEND,"805",,,,"1512","522750"
428884.162993132,5454017.14568115,0,DEADEND,"1217",,,,"1511","522751"
428848.896649503,5453886.65306103,0,NORMAL,"805","679",,,"1510","522752"
428854.884426514,5453969.69907988,0,NORMAL,"1217","805",,,"1509","522753"
424092.350549047,5454358.12527028,0,NORMAL,"34","945",,,"1536","610370"
424279.427967165,5454024.6517953,0,TRAFFIC LIGHT,"508","945",,,"1533","610368"
424178.749,5454030.536,0,NORMAL,"508","711",,,"1532","610369"
424616.217237426,5455006.44481893,0,NORMAL,"1037","838",,,"1549","610505"
431728.817,5444921.099,0,NORMAL,"795","1170","836",,"1550","610506"
428402.582320831,5448355.72745815,0,TRAFFIC LIGHT,"359","136",,,"1568","610646"
425457.261725924,5450726.80499983,0,NORMAL,"585","1041",,,"1588","610675"
429829.303601405,5451179.63689029,0,DEADEND,"1190",,,,"1611","610937"
430067.694,5451297.95,0,NORMAL,"508","900",,,"1610","610938"
429903.645123057,5451228.79134182,0,NORMAL,"508","1190",,,"1609","610939"
429466.255,5450935.537,0,NORMAL,"450","508",,,"1608","610940"
424497.011434553,5454011.76016739,0,TRAFFIC LIGHT,"508","1154",,,"1623","636480"
424518.475877916,5454145.03409607,0,DEADEND,"831",,,,"1622","636481"
424606.370565764,5454144.10291611,0,DEADEND,"831",,,,"1621","636482"
424606.842713808,5454303.76000659,0,DEADEND,"831",,,,"1620","636483"
424520.631715021,5454304.53056007,0,DEADEND,"831",,,,"1619","636484"
424563.386046389,5454146.631754,0,NORMAL,"831",,,,"1618","636485"
424615.704,5451485.071,0,TRAFFIC LIGHT,"770","591","718",,"1635","637197"
424564.694632412,5454225.09175926,0,NORMAL,"831",,,,"1616","636487"
424507.889223756,5454224.78075666,0,NORMAL,"831","1154",,,"1615","636488"
424406.822,5454523.148,0,NORMAL,"1154","732",,,"1614","636489"
423046.380156513,5454867.02006862,0,NORMAL,"994","356",,,"1628","637103"
424564.826569208,5454301.39391574,0,NORMAL,"831",,,,"1629","637116"
424973.8305,5451782.538,0,NORMAL,"1202","741","770",,"1636","637196"
424652.472770073,5451691.27606756,0,DEADEND,"1034",,,,"1633","637198"
424716.233627057,5451672.8769304,0,NORMAL,"770","369",,,"1632","637199"
424637.071477267,5451750.69108242,0,NORMAL,"369","1034",,,"1631","637200"
424541.479,5451751.255,0,NORMAL,"369","1023",,,"1630","637201"
430591.586085985,5452270.12128457,0,DEADEND,"462",,,,"1637","637404"
428184.733625303,5451507.6484488,0,DEADEND,"488",,,,"1639","637517"
428009.05,5451576.28,0,NORMAL,"953","488","1035",,"1638","637518"
429846.522412371,5448035.68380579,0,NODE,"470","186","186",,"1640","637534"
431961.672551594,5440386.94511142,0,DEADEND,"118",,,,"1644","637679"
432024.355896621,5440342.54035509,0,NORMAL,"118","432",,,"1643","637680"
431964.747,5440160.08,0,NORMAL,"432","406","261",,"1642","637681"
432068.855,5440456.127,0,NORMAL,"1221","432",,,"1641","637682"
430571.74932343,5446812.14042596,0,DEADEND,"303",,,,"1658","649224"
424344.569335985,5454393.90385602,0,DEADEND,"1008",,,,"1678","649707"
427494.517767934,5448872.59312315,0,NORMAL,"650","738",,,"1679","652739"
428551.087,5448159.084,0,NORMAL,"136","691",,,"1682","652743"
428534.241077128,5447889.4354097,0,DEADEND,"510",,,,"1683","652744"
428806.395,5447805.581,0,DEADEND,"305",,,,"1685","652745"
423829.47353952,5452409.7128451,0,DEADEND,"0000001259",,,,"1688","652833"
428651.242,5448445.777,0,NODE,"437","306",,,"1686","652757"
423786.067188819,5452333.47611967,0,NORMAL,"0000001259","744",,,"1687","652834"
432515.714964787,5441415.97078942,0,DEADEND,"0000001262",,,,"1692","652919"
432516.280043647,5441475.73585609,0,NORMAL,"348","0000001262",,,"1690","652921"
432623.53331219,5441473.69823983,0,NORMAL,"730","348",,,"1689","652922"
431286.352,5447549.661,0,NODE,"961","801",,,"1709","654893"
430964.900353932,5446814.3054539,0,DEADEND,"749",,,,"1710","654903"
428269.123807582,5446053.62063747,0,NORMAL,"1135","0000001263","0000001366",,"1714","669485"
428249.144538632,5446000.95870877,0,NORMAL,"278","0000001263","0000001366",,"1713","669486"
428308.243960535,5445954.7203838,0,NORMAL,"0000001260","278",,,"1712","669487"
428337.714847882,5446004.05069366,0,DEADEND,"0000001260",,,,"1711","669488"
424932.848600149,5453879.96797021,0,NORMAL,"0000001261","607",,,"1716","671531"
424931.222864229,5453945.55512157,0,DEADEND,"0000001261",,,,"1715","671532"
430891.654464612,5443131.37032918,0,NORMAL,"0000001264","86",,,"1739","671654"
430789.994356416,5443123.92072267,0,NORMAL,"145","0000001264",,,"1738","671655"
430936.468012992,5443131.64211618,0,DEADEND,"0000001264",,,,"1737","671656"
430883.195711299,5443079.25049131,0,DEADEND,"86",,,,"1736","671657"
430787.072260646,5443083.71545962,0,DEADEND,"0000001264",,,,"1735","671658"
425064.389101431,5453455.19216142,0,NORMAL,"208","210",,,"1740","672889"
426812.186920431,5453457.63004982,0,DEADEND,"0000001265",,,,"1741","672953"
426861.021051965,5453319.65671066,0,DEADEND,"1042",,,,"1742","672955"
430432.645986871,5444720.58735821,0,NORMAL,"0000001266","1038",,,"1762","674171"
430433.571490643,5444787.41440709,0,DEADEND,"0000001266",,,,"1761","674172"
432419.997664347,5441477.56504549,0,NORMAL,"348","0000001267",,,"1765","674280"
432403.814388665,5441340.47887447,0,DEADEND,"0000001267",,,,"1763","674282"
432849.971534588,5440680.71729042,0,DEADEND,"921",,,,"1779","685293"
432778.444582079,5440635.49484071,0,NORMAL,"923","921",,,"1781","685295"
427626.532445832,5453581.28909817,0,DEADEND,"337",,,,"1789","686349"
428759.404017009,5453251.83546273,0,NORMAL,"638","682",,,"1785","685573"
429213.055159123,5453343.06407173,0,DEADEND,"638",,,,"1786","685574"
427291.087994153,5453586.93602239,0,NORMAL,"337","1137",,,"1788","686350"
430923.135035652,5447077.32918263,0,DEADEND,"0000001268",,,,"1790","686377"
429473.005943087,5446720.15050805,0,NORMAL,"0000001269","1230",,,"1797","686511"
429563.618442977,5446718.48453631,0,NORMAL,"885","0000001269",,,"1796","686512"
429646.02195346,5446848.16247246,0,NORMAL,"985","0000001270",,,"1795","686513"
429564.047656363,5446849.65376656,0,NORMAL,"0000001270","885",,,"1794","686514"
430942.616031917,5447071.17908099,0,DEADEND,"0000001284",,,,"1864","698798"
436568.94,5440284.34,0,DEADEND,"0000001274",,,,"1802","688154"
436261.549546643,5440878.01004491,0,DEADEND,"0000001273",,,,"1801","688155"
436956.851461093,5441952.76272243,0,NORMAL,"0000001274","0000001273",,,"1800","688156"
430912.474304458,5447107.58126246,0,NORMAL,"0000001268","0000001284",,,"1863","698799"
435730.832124176,5443987.83277342,0,NORMAL,"0000001276","573",,,"1808","688243"
435942.198579179,5444146.54361305,0,NORMAL,"0000001276",,,,"1807","688244"
436012.559183707,5444199.37598241,0,DEADEND,"0000001276",,,,"1806","688245"
436035.441800374,5444020.31034547,0,DEADEND,"0000001276",,,,"1805","688246"
430768.710463777,5451882.55971626,0,DEADEND,"495",,,,"1812","695941"
430842.489356081,5451870.62718078,0,DEADEND,"0000001277",,,,"1811","695942"
430803.2770086,5451848.13469945,0,NORMAL,"0000001277","495",,,"1810","695943"
430840.533367608,5451783.51116148,0,NORMAL,"495","1195",,,"1809","695944"
428487.823941215,5453621.62327998,0,NORMAL,"508","0000001279",,,"1814","696736"
428425.549491476,5453654.28979373,0,DEADEND,"0000001279",,,,"1813","696737"
424578.637509399,5454033.05480186,0,DEADEND,"0000001280",,,,"1834","697175"
424500.108289159,5454070.04503092,0,NORMAL,"0000001280","1154",,,"1833","697176"
430280.026521795,5452027.23217802,0,NORMAL,"0000001281","0000001285","822",,"1871","704102"
430303.082891269,5452188.01547457,0,NORMAL,"0000001281","671",,,"1837","697270"
424461.959193859,5450171.64177589,0,NORMAL,"0000001282","759",,,"1842","697833"
424420.822906512,5450287.25856827,0,NORMAL,"0000001282","0000001283",,,"1841","697834"
424478.567962971,5450322.42590087,0,DEADEND,"0000001283",,,,"1840","697835"
430332.977522252,5448350.45266712,0,TRAFFIC LIGHT,"1112",,,,"1843","698627"
429922.479349441,5451873.63460494,0,DEADEND,"0000001286",,,,"1866","704090"
429906.928398372,5451832.42687445,0,NORMAL,"200","0000001286",,,"1865","704091"
431185.378762665,5447767.62641464,0,DEADEND,"0000001287",,,,"1873","704519"
430430.426461527,5451999.98836854,0,NORMAL,"0000001285","508",,,"1867","704098"
428099.258824137,5448880.43100497,0,NODE,"0000001289",,,,"1874","704650"
431215.893181421,5447660.46669359,0,NORMAL,"0000001287","1134",,,"1872","704520"
431585.492839315,5446687.41028609,0,NORMAL,"238","1040",,,"1879","705610"
431579.939177629,5446584.03046041,0,NORMAL,"1040","98",,,"1878","705611"
431636.036,5446362.712,0,NORMAL,"73","1040",,,"1877","705612"
430412.649,5448110.382,0,NORMAL,"1065","748",,,"1884","705613"
430265.136,5448115.862,0,NORMAL,"765","1065",,,"1883","705614"
430134.589,5448120.483,0,NORMAL,"1065","1087",,,"1882","705615"
429989.552,5448124.523,0,NORMAL,"1065","125",,,"1881","705616"
429828.026,5448129.928,0,NORMAL,"1177","1064","1065",,"1880","705617"
428457.352036369,5454196.25324656,0,NORMAL,"0000001294","0000001293",,,"1901","706268"
428596.323523109,5454121.49782041,0,DEADEND,"0000001294",,,,"1900","706269"
428115.684777452,5448854.88320055,0,NORMAL,"738","0000001289",,,"1885","705860"
428577.349320745,5454230.51897379,0,DEADEND,"0000001293",,,,"1899","706270"
428432.044443042,5454136.80415816,0,NORMAL,"0000001294","1176",,,"1902","706297"
423833.958730342,5453337.43682718,0,DEADEND,"0000001295",,,,"1904","709260"
423866.20135094,5453224.14811996,0,NORMAL,"365","0000001295",,,"1903","709261"
430047.191180069,5444301.60784935,0,NORMAL,"0000001296","1012",,,"1907","709346"
432632.872241978,5440643.9685029,0,NORMAL,"0000001297","921",,,"1912","709523"
430077.816737166,5444194.50695712,0,DEADEND,"0000001296",,,,"1908","709345"
432488.714855888,5440456.89634019,0,NORMAL,"921","757",,,"1909","709515"
432632.122921927,5440715.59287977,0,DEADEND,"0000001297",,,,"1913","709522"
423780.148611822,5452763.32161859,0,DEADEND,"0000001298",,,,"1916","709680"
423687.270965527,5452871.33790762,0,NORMAL,"355","0000001298",,,"1915","709681"
430297.352529642,5445617.28609309,0,DEADEND,"0000001299",,,,"1918","711427"
430296.648465111,5445567.55401728,0,NORMAL,"442","0000001299",,,"1917","711428"
430730.085172996,5445983.99894483,0,DEADEND,"1118",,,,"1920","711433"
430660.218237379,5446002.37170616,0,NORMAL,"1118","431",,,"1919","711434"
430533.623,5446198.315,0,NODE,"303",,,,"1924","711506"
430563.772068867,5446154.23864592,0,DEADEND,"303",,,,"1923","711507"
430558.36853229,5446099.66295759,0,DEADEND,"454",,,,"1922","711508"
430476.396772879,5446144.53788781,0,NODE,"454",,,,"1921","711509"
431776.529478129,5445365.41066721,0,DEADEND,"606",,,,"1945","739349"
431598.729836854,5445583.45208381,0,DEADEND,"529",,,,"1946","739350"
424603.825,5453361.845,0,NORMAL,"1080","0000001300","0000001310",,"1947","740690"
425517.085370051,5449826.03872792,0,DEADEND,"0000001301",,,,"1952","740753"
425447.17276875,5449876.77484617,0,DEADEND,"0000001302",,,,"1951","740754"
425523.624920273,5449873.24500447,0,NORMAL,"0000001301","0000001302",,,"1950","740755"
425533.216111136,5449915.55303805,0,NORMAL,"1102","0000001301",,,"1949","740756"
424392.658937302,5450481.71901488,0,DEADEND,"0000001305",,,,"1956","746364"
424330.986140684,5450482.40876942,0,DEADEND,"0000001303",,,,"1955","746365"
424342.272906198,5450452.36054589,0,NORMAL,"0000001303","0000001305",,,"1954","746366"
424385.015071071,5450374.08589694,0,NORMAL,"0000001303","0000001282",,,"1953","746367"
425114.864233481,5452623.23308778,0,NORMAL,"0000001306",,,,"1961","746985"
423838.237685777,5453292.74889019,0,DEADEND,"0000001307",,,,"1963","747066"
423797.201989715,5453339.31344339,0,NORMAL,"0000001295","0000001307",,,"1962","747067"
424882.803154116,5454037.08522063,0,DEADEND,"0000001360",,,,"1964","747357"
425031.36181899,5454104.66355042,0,DEADEND,"752",,,,"1966","747359"
425004.37,5454113.533,0,DEADEND,"752",,,,"1965","747360"
428564.925674367,5447703.7975532,0,NODE,"305",,,,"1967","747369"
430189.343204927,5448932.05753322,0,DEADEND,"78",,,,"1968","747372"
427115.727346784,5449774.26780353,0,NORMAL,"963","0000001309",,,"1973","858251"
430949.135419495,5443972.66331297,0,NORMAL,"783","1077",,,"1981","874543"
430218.725,5451588.923,0,NORMAL,"0000001308","310",,,"1971","749738"
427135.419517648,5449718.6329017,0,DEADEND,"0000001309",,,,"1974","858250"
430828.309190059,5443973.89775284,0,DEADEND,"783",,,,"1980","874544"
424571.2997644,5453289.03464152,0,NORMAL,"0000001310","0000001300","1080",,"1982","875129"
430298.957718549,5451588.55907551,0,DEADEND,"0000001308","310",,,"1979","869295"
431824.180480016,5443254.97986342,0,NODE,"0000001311","0000001312",,,"1984","876114"
431819.520729445,5443352.75109532,0,NORMAL,"0000001311","0000001312",,,"1983","876115"
431821.173237497,5443426.95239683,0,NORMAL,"812","0000001311",,,"1986","876119"
431930.180169612,5443425.98240398,0,DEADEND,"812",,,,"1985","876120"
431889.303318438,5446030.45191809,0,NORMAL,"1111","0000001315",,,"1991","881815"
431787.166785055,5446123.07897193,0,NORMAL,"1111","0000001313",,,"1990","881816"
431769.070042515,5446102.68882945,0,NORMAL,"0000001314","0000001313",,,"1989","881817"
431807.717675205,5446084.68846746,0,DEADEND,"0000001315",,,,"1988","881818"
431800.140735731,5446088.22071995,0,DEADEND,"0000001314",,,,"1987","881819"
425683.539199969,5453728.94759559,0,NORMAL,"179","968",,,"1993","881834"
425604.564357466,5453719.98059605,0,DEADEND,"179",,,,"1992","881835"
425712.264809304,5453884.54952605,0,DEADEND,"0000001317",,,,"1997","881938"
425678.235081047,5453847.52812573,0,DEADEND,"0000001316",,,,"1996","881939"
425678.400217773,5453949.06504622,0,NORMAL,"0000001316","0000001317",,,"1995","881940"
426502.705145113,5452550.31733395,0,DEADEND,"0000001319",,,,"2003","882086"
425686.909934853,5453993.25287964,0,NORMAL,"508","0000001316",,,"1998","881944"
426652.463684846,5452595.34517257,0,DEADEND,"299",,,,"2002","882087"
426608.888351697,5452681.47832096,0,DEADEND,"0000001318",,,,"2001","882088"
426628.440741254,5452610.46948167,0,NORMAL,"299","0000001319",,,"2000","882089"
426582.422809504,5452639.44134438,0,NORMAL,"299","0000001318",,,"1999","882090"
424513.99806629,5453267.26163876,0,NORMAL,"0000001320","1154","1080",,"2010","892976"
428553.451376642,5453426.66245054,0,NORMAL,"1024","965",,,"2009","892466"
424530.272479414,5453367.46034343,0,DEADEND,"0000001320",,,,"2012","892975"
424550.312184999,5453284.66202326,0,NORMAL,"1080","0000001320",,,"2013","893000"
423166.938761367,5452843.03747164,0,NORMAL,"355","0000001322",,,"2015","893008"
422988.480148435,5453055.88727975,0,DEADEND,"0000001322",,,,"2014","893009"
431510.158062312,5446886.19897544,0,DEADEND,"0000001323","266",,,"2016","893409"
426556.121703292,5450914.40144955,0,DEADEND,"1201",,,,"2018","895193"
431059.320272902,5448002.85180191,0,DEADEND,"1183",,,,"2019","909052"
426896.037922326,5453839.60200848,0,NORMAL,"820","0000001324",,,"2021","917490"
427081.941649108,5453726.06267567,0,DEADEND,"820",,,,"2038","932450"
427060.950690439,5453820.59594945,0,NORMAL,"638","0000001324",,,"2037","932451"
425727.350324175,5449851.55315103,0,NODE,"1228","0000001325",,,"2029","919473"
424752.161995473,5453235.97181973,0,DEADEND,"0000001320",,,,"2030","919527"
427588.654954893,5446741.14462338,0,DEADEND,"0000001326",,,,"2032","920502"
427739.078405138,5446738.23810401,0,NORMAL,"1215","0000001326",,,"2031","920503"
425921.012222184,5452113.37999453,0,NORMAL,"1154","0000001327",,,"2035","925189"
428451.343220824,5454129.4383321,0,NORMAL,"1176","0000001329",,,"2042","933050"
426960.22127956,5453788.64118367,0,NORMAL,"638","820",,,"2036","932452"
427188.959241898,5453803.9268543,0,DEADEND,"0000001328",,,,"2041","932454"
427085.906221463,5453830.74050967,0,NORMAL,"0000001328","638",,,"2040","932455"
430334.703566696,5452130.72446085,0,DEADEND,"0000001330",,,,"2046","936060"
430293.545226143,5452138.77576491,0,NORMAL,"0000001281","0000001330",,,"2044","936061"
425451.99313023,5450517.37998087,0,NODE,"0000001331","1041",,,"2049","940905"
429993.484636578,5444179.47478743,0,NORMAL,"160","0000001332",,,"2051","941375"
430079.654238555,5444131.072548,0,DEADEND,"0000001332",,,,"2050","941376"
424890.180179188,5454459.94905439,0,NORMAL,"725","0000001334",,,"2055","941647"
428650.303716691,5453305.04301983,0,NORMAL,"638","0000001333","0000001359",,"2053","941487"
428653.28086793,5453253.72561692,0,DEADEND,"0000001333",,,,"2054","941496"
425079.235218824,5454456.4254116,0,NORMAL,"0000001334","212",,,"2056","941646"
424926.410188829,5454308.04058584,0,NORMAL,"0000001335","329",,,"2058","943170"
431778.209777303,5446237.98982812,0,NORMAL,"784","484",,,"2059","946004"
431707.087557155,5446227.61686059,0,NORMAL,"286","784",,,"2060","946006"
434785.162445171,5442581.22842839,0,DEADEND,"0000001336",,,,"2061","958656"
431616.849335159,5446058.22274673,0,NORMAL,"368","0000001338",,,"2068","959686"
428156.515687562,5446000.94694192,0,NORMAL,"278","0000001337",,,"2064","959109"
428138.180605976,5445818.09039087,0,DEADEND,"0000001337",,,,"2063","959110"
428139.021614051,5445860.09598045,0,NORMAL,"0000001338","0000001337",,,"2066","959148"
428179.795674984,5445856.85098086,0,DEADEND,"0000001338",,,,"2065","959149"
431609.664246066,5446173.49210415,0,NORMAL,"1182","0000001338",,,"2067","959687"
427785.765,5448679.178,0,NORMAL,"141","1144",,,"2070","960968"
427379.745465868,5448874.23725218,0,NORMAL,"141","738",,,"2069","960969"
427185.114350709,5449792.21722513,0,NORMAL,"963","167",,,"2071","963720"
430565.599618815,5445562.10083429,0,NORMAL,"442","463",,,"2072","966293"
424027.481720894,5453402.44284877,0,NORMAL,"741","1153",,,"2090","966753"
424024.148250077,5453437.23467893,0,NORMAL,"741","1153",,,"2089","966754"
423965.082936751,5453421.08122812,0,NORMAL,"1153",,,,"2088","966755"
423948.737007428,5453425.9637212,0,NORMAL,"1153",,,,"2087","966756"
423850.098952349,5453426.2871618,0,NORMAL,"1153",,,,"2086","966757"
424018.049014857,5453495.15237224,0,NORMAL,"741","1153",,,"2085","966758"
423773.541642679,5453488.96348503,0,NORMAL,"1153",,,,"2084","966759"
423772.039596389,5453548.31333538,0,NORMAL,"1153",,,,"2083","966760"
423773.962416985,5453600.23839602,0,NORMAL,"1153",,,,"2082","966761"
423748.085538319,5453646.67064568,0,NORMAL,"1153",,,,"2081","966762"
423748.623006227,5453654.8782659,0,NORMAL,"1153",,,,"2080","966763"
423469.850969077,5453424.95174847,0,DEADEND,"1153",,,,"2079","966764"
423487.312656752,5453491.31958532,0,DEADEND,"1153",,,,"2078","966765"
423486.820219246,5453549.25428335,0,DEADEND,"1153",,,,"2077","966766"
423484.107120213,5453610.70965989,0,DEADEND,"1153",,,,"2076","966767"
423487.470784778,5453678.91947602,0,DEADEND,"1153",,,,"2075","966768"
423647.372495789,5453687.29106135,0,DEADEND,"1153",,,,"2074","966769"
423751.916332743,5453705.17033534,0,DEADEND,"1153",,,,"2073","966770"
431577.161531262,5443573.24872482,0,NORMAL,"353","1153",,,"2094","966805"
431579.588143425,5443655.51968387,0,NORMAL,"353","1153",,,"2093","966806"
431373.581890302,5443655.56948187,0,NORMAL,"1153",,,,"2092","966807"
431572.56499693,5443712.3098326,0,NORMAL,"1153","353",,,"2091","966808"
433613.354004571,5441985.08724029,0,NORMAL,"422","1153",,,"2096","966815"
433516.300003074,5442045.17729712,0,DEADEND,"1153",,,,"2095","966816"
433275.28925603,5442368.50008605,0,NORMAL,"694","1153","0000001392",,"2098","966820"
433114.299775851,5442428.42555166,0,NORMAL,"694","1153","0000001392",,"2097","966821"
433261.106466002,5441722.52383935,0,NORMAL,"231","1153","0000001392",,"2115","966830"
433271.080679319,5441927.53838009,0,NORMAL,"1153","0000001392",,,"2114","966831"
433195.692414243,5441929.20082164,0,NORMAL,"1153","0000001392",,,"2113","966832"
433271.190337077,5441988.70764753,0,NORMAL,"1153","0000001392",,,"2112","966833"
433193.554219295,5442050.46452502,0,NORMAL,"1153","0000001392",,,"2111","966834"
433229.609170629,5442094.65938502,0,NORMAL,"1153","0000001392",,,"2110","966835"
433231.002626504,5442168.95766102,0,NORMAL,"1153","0000001392",,,"2109","966836"
433224.978101806,5442210.96943427,0,NORMAL,"1153","0000001392",,,"2108","966837"
433156.076337455,5442227.88301278,0,NORMAL,"1153","0000001392",,,"2107","966838"
433148.320928594,5442277.9985156,0,NORMAL,"1153","0000001392",,,"2106","966839"
433264.615450829,5442341.27087194,0,NORMAL,"1153","0000001392",,,"2105","966840"
433258.856271962,5442027.24982401,0,DEADEND,"1153","0000001392",,,"2104","966841"
433167.364528349,5441912.29469937,0,DEADEND,"1153","0000001392",,,"2103","966842"
433180.970895863,5441995.93036992,0,DEADEND,"1153","0000001392",,,"2102","966843"
433148.673633705,5442062.14035105,0,DEADEND,"1153","0000001392",,,"2101","966844"
433160.09699312,5442159.27387052,0,DEADEND,"1153","0000001392",,,"2100","966845"
433206.179190735,5442353.91975662,0,DEADEND,"1153","0000001392",,,"2099","966846"
433150.771405714,5442095.51142003,0,NORMAL,"1153","0000001392",,,"2116","966857"
432827.700002876,5442253.55439864,0,NORMAL,"570","1149",,,"2117","966879"
432710.546291902,5442586.92408505,0,DEADEND,"1153",,,,"2120","966882"
432605.156424543,5442544.72129066,0,NORMAL,"1153","658",,,"2119","966883"
432656.916180382,5442989.64299325,0,NORMAL,"1153","836",,,"2122","966885"
432637.615102694,5443047.56352182,0,NODE,"1153",,,,"2121","966886"
432615.7794163,5443189.1147108,0,NORMAL,"243","1153",,,"2132","966891"
432641.441868146,5443286.79350395,0,DEADEND,"1153",,,,"2131","966892"
432674.994446791,5443289.56373706,0,NORMAL,"1153",,,,"2130","966893"
432679.188985879,5443171.33731173,0,DEADEND,"1153",,,,"2129","966894"
432593.368576479,5443265.22346145,0,DEADEND,"1153",,,,"2128","966895"
432564.861843436,5443435.9728562,0,DEADEND,"1153",,,,"2127","966896"
432510.730171235,5443393.73280852,0,DEADEND,"1153",,,,"2126","966897"
432731.935984925,5443210.12543934,0,NORMAL,"1153",,,,"2125","966898"
432696.705350935,5443200.2712942,0,NORMAL,"1153",,,,"2124","966899"
432664.186211035,5443198.3093629,0,NORMAL,"1153",,,,"2123","966900"
431420.138907942,5445123.31254981,0,NORMAL,"424","1153",,,"2138","966912"
431371.124535859,5445124.3519275,0,NORMAL,"424","1153",,,"2137","966913"
431393.923354609,5445256.68399321,0,NORMAL,"1153",,,,"2136","966914"
431368.435454828,5445237.77254182,0,NORMAL,"1153",,,,"2135","966915"
431337.734809327,5445282.97186527,0,NORMAL,"1153",,,,"2134","966916"
431315.396189735,5445308.77581051,0,DEADEND,"1153",,,,"2133","966917"
424938.571205662,5454335.31250707,0,NODE,"0000001335",,,,"2139","966926"
424937.861851304,5454287.14401969,0,NODE,"329",,,,"2140","966931"
425052.549806676,5453879.5791118,0,DEADEND,"1153",,,,"2142","966934"
425010.388623279,5453866.42795597,0,NORMAL,"1147","1153",,,"2141","966935"
424546.094773967,5453626.76993192,0,NORMAL,"858","1153",,,"2144","966942"
424581.542626425,5453722.31193153,0,DEADEND,"1153",,,,"2143","966943"
425532.964336527,5450946.58171465,0,DEADEND,"1153",,,,"2150","966944"
425476.960612285,5450951.29859627,0,DEADEND,"1153",,,,"2149","966945"
425488.516936335,5450978.30128204,0,DEADEND,"1153",,,,"2148","966946"
425511.791905874,5450957.57397743,0,NORMAL,"1153",,,,"2147","966947"
425511.531550544,5450983.48365801,0,NORMAL,"1153",,,,"2146","966948"
425517.329707497,5451001.12547772,0,NORMAL,"1202","1153",,,"2145","966949"
426238.392893829,5450216.13339368,0,DEADEND,"1153",,,,"2154","966957"
426240.474831687,5450262.30141373,0,DEADEND,"1153",,,,"2153","966958"
426305.09539611,5450215.16340371,0,NORMAL,"1153",,,,"2152","966959"
426316.906740638,5450167.10560595,0,NORMAL,"1153","842",,,"2151","966960"
428205.585258813,5450734.79167638,0,NORMAL,"603","0000001339",,,"2157","966965"
428219.860846978,5450601.98627796,0,DEADEND,"603",,,,"2156","966966"
428126.128476899,5450773.60401635,0,DEADEND,"0000001339",,,,"2155","966967"
429262.414287724,5447376.77288358,0,DEADEND,"1153",,,,"2161","966975"
429284.373644945,5447394.12365972,0,DEADEND,"1153",,,,"2160","966976"
429254.510639713,5447331.43143032,0,NORMAL,"453","1153",,,"2159","966977"
429293.73967274,5447423.74196733,0,NORMAL,"1153","13",,,"2158","966978"
430626.261754229,5443293.13399086,0,DEADEND,"1153",,,,"2165","966983"
430561.6216012,5443355.99002727,0,DEADEND,"1153",,,,"2164","966984"
430605.312585642,5443370.67283286,0,NORMAL,"1153",,,,"2163","966985"
430585.967565001,5443450.60826789,0,NORMAL,"812","1153",,,"2162","966986"
430266.910767722,5446696.67383906,0,NORMAL,"49","1153",,,"2167","966992"
430177.111731081,5446696.83274059,0,DEADEND,"1153",,,,"2166","966993"
430319.313859411,5444021.99851619,0,NORMAL,"556","1153",,,"2171","966997"
430320.706209562,5444084.84804338,0,NORMAL,"556","1153",,,"2170","966998"
430197.765481799,5444028.31531841,0,NORMAL,"1153",,,,"2169","966999"
430192.674648026,5444050.29624662,0,NORMAL,"1153",,,,"2168","967000"
428223.132871075,5451652.69721198,0,DEADEND,"70",,,,"2178","967110"
428172.425376207,5451739.91353483,0,NORMAL,"70","0000001340",,,"2177","967111"
427820.837518811,5451942.84918192,0,NORMAL,"952","0000001340",,,"2179","967113"
432907.945459335,5439978.59350803,0,DEADEND,"527",,,,"2181","967164"
432831.029,5440060.43,0,NORMAL,"527","605",,,"2180","967165"
426357.807262284,5454179.50827708,0,NORMAL,"832",,,,"2183","967202"
426336.540244049,5454204.52163976,0,DEADEND,"832",,,,"2182","967203"
426827.879306457,5449862.05348129,0,DEADEND,"0000001341",,,,"2188","967248"
426827.537886947,5449910.96461497,0,NORMAL,"0000001288","0000001341",,,"2187","967249"
426885.246656736,5449909.70225517,0,NORMAL,"0000001288","57",,,"2186","967250"
430030.724072179,5452032.96561271,0,NORMAL,"0000001285","0000001342","822",,"2192","967519"
430026.395009638,5452094.02066089,0,NORMAL,"0000001342","0000001343",,,"2191","967520"
430085.878193611,5452089.53425252,0,DEADEND,"0000001343",,,,"2190","967521"
429966.773116467,5452158.78934939,0,DEADEND,"0000001342",,,,"2189","967522"
430492.886463866,5446247.95667103,0,DEADEND,"385",,,,"2193","967601"
431166.641749216,5445588.67214299,0,DEADEND,"688",,,,"2194","967602"
430202.880855933,5451898.4413894,0,DEADEND,"0000001344",,,,"2196","968062"
430164.765233212,5452004.11557483,0,NORMAL,"0000001285","0000001344","822",,"2195","968063"
429748.632357978,5446999.27161115,0,DEADEND,"0000001345",,,,"2200","970828"
429706.253122087,5447029.80436343,0,NORMAL,"0000001345","985",,,"2199","970829"
429525.862293398,5447159.76962519,0,NODE,"0000001345","181",,,"2198","970830"
429522.389540689,5446963.59273727,0,NODE,"885","110",,,"2197","970831"
428338.254075737,5451693.3803694,0,NORMAL,"709","0000001346",,,"2202","970986"
428367.051501036,5451649.7676659,0,DEADEND,"0000001346",,,,"2201","970987"
430420.705,5443987.758,0,NODE,"0000001355","509",,,"2221","1054361"
425775.94746199,5450510.64529172,0,NORMAL,"635","0000001347",,,"2205","971145"
425726.353896968,5450488.18344852,0,DEADEND,"0000001347",,,,"2204","971146"
431568.307535866,5443073.08708472,0,NORMAL,"353","0000001348",,,"2207","1020903"
431279.359515257,5443125.57256991,0,DEADEND,"0000001348",,,,"2206","1020904"
427825.489653073,5451903.14239625,0,DEADEND,"0000001349",,,,"2208","1023832"
426542.906007889,5453185.87156613,0,NORMAL,"0000001352","27",,,"2214","1031943"
425638.645012442,5449759.84312386,0,DEADEND,"0000001351",,,,"2211","1030831"
425615.475867124,5449808.33602814,0,NORMAL,"0000001351","0000001350",,,"2210","1030832"
426320.972598209,5453086.78149085,0,NORMAL,"672","0000001352",,,"2213","1031944"
427057.796404921,5449454.96754356,0,DEADEND,"0000001353",,,,"2216","1041701"
427175.513923885,5449378.30451041,0,NORMAL,"0000001353","773",,,"2215","1041702"
427704.711550627,5451826.11524567,0,NORMAL,"0000001354","0000001349",,,"2217","1043661"
426349.808332363,5454075.13697408,0,NORMAL,"832","1211",,,"2220","1046832"
426347.632203284,5453967.78432454,0,NORMAL,"832","508",,,"2219","1046833"
430236.318,5444929.376,0,NODE,"930","9",,,"2222","1054869"
429151.506034508,5447303.48010181,0,DEADEND,"0000001370",,,,"2252","1088083"
428608.18857974,5453282.87184499,0,NORMAL,"0000001333","0000001359",,,"2224","1055491"
428602.739195334,5453228.84539294,0,DEADEND,"0000001358",,,,"2227","1055494"
428516.364277406,5453278.27044082,0,DEADEND,"0000001359",,,,"2226","1055495"
428547.593095033,5453268.58663478,0,NORMAL,"0000001358","0000001359",,,"2225","1055496"
430994.782607351,5443553.03916948,0,DEADEND,"0000001362",,,,"2231","1058872"
428129.627085154,5447016.80277643,0,DEADEND,"0000001369",,,,"2251","1080877"
430995.853413185,5443609.40953774,0,NORMAL,"0000001361","0000001362","0000001356",,"2229","1058874"
431155.936278538,5443605.86477883,0,NORMAL,"0000001361","853",,,"2228","1058875"
427340.219979019,5446221.2748782,0,NORMAL,"1215","662",,,"2233","1059335"
430946.141783246,5443654.47737931,0,DEADEND,"0000001368",,,,"2250","1080044"
425609.370752778,5452095.0196483,0,NORMAL,"28","0000001364",,,"2234","1074305"
430238.661612954,5452101.52363714,0,DEADEND,"0000001365",,,,"2237","1075038"
430252.648853296,5452026.00781007,0,NORMAL,"0000001365","822",,,"2236","1075039"
428761.434424499,5453378.5462988,0,DEADEND,"0000001367",,,,"2239","1075711"
428577.340427772,5453438.06519019,0,NORMAL,"1024","0000001367",,,"2238","1075712"
424309.239285116,5451184.34782295,0,NORMAL,"127","479",,,"2241","1075761"
428397.621918603,5454029.1868445,0,NORMAL,"331","0000001329",,,"2247","1076906"
424210.304123519,5451190.51807477,0,DEADEND,"479",,,,"2246","1075766"
427241.279619051,5446305.82499289,0,NORMAL,"662","97",,,"2248","1078128"
430945.327180853,5443610.52835399,0,NORMAL,"0000001368","0000001356",,,"2249","1080045"
429155.321880648,5447332.8461217,0,NORMAL,"453","0000001370",,,"2253","1088082"
425971.821257854,5453913.0650699,0,DEADEND,"0000001371",,,,"2254","1088285"
426905.437717136,5453730.29662291,0,DEADEND,"0000001372",,,,"2256","1088440"
427060.123957736,5453741.13762352,0,NORMAL,"820","0000001372",,,"2255","1088441"
424717.045389941,5453236.00627475,0,NORMAL,"0000001320","0000001300",,,"2257","1089164"
424081.755960382,5451952.60081136,0,DEADEND,"0000001374",,,,"2263","1091588"
424073.483739311,5452002.36594054,0,DEADEND,"0000001374",,,,"2262","1091589"
424094.725758817,5451974.1683259,0,NORMAL,"0000001374",,,,"2261","1091590"
424126.445536536,5451973.48880613,0,NORMAL,"0000001374","0000001373",,,"2259","1091591"
424057.618837254,5452175.18933155,0,NORMAL,"824","0000001373",,,"2258","1091592"
427806.672819584,5451834.23002531,0,DEADEND,"0000001375",,,,"2265","1093101"
427751.786183268,5451805.05134672,0,NORMAL,"0000001375","0000001354",,,"2264","1093102"
430050.13486796,5453043.5016289,0,DEADEND,"1088",,,,"2268","1093446"
430044.980535232,5453046.06130095,0,DEADEND,"501",,,,"2267","1093447"
430403.577958268,5449212.83785451,0,DEADEND,"0000001379",,,,"2269","1093928"
432204.515469314,5443741.91694118,0,NORMAL,"866",,,,"2275","1093959"
432205.353712985,5443751.43288078,0,NORMAL,"866",,,,"2274","1093960"
432229.367226904,5443765.38505514,0,NORMAL,"866","137",,,"2273","1093961"
432259.150595242,5443718.59026036,0,NORMAL,"137",,,,"2272","1093962"
432287.262062122,5443731.56288167,0,NORMAL,"137",,,,"2271","1093963"
432308.309297578,5443656.68918965,0,DEADEND,"137",,,,"2270","1093964"
430269.209168831,5448333.81582858,0,NODE,"360","765",,,"2277","1094022"
436962.390684918,5442126.9297636,0,NODE,"717",,,,"2278","1094143"
435093.929976059,5440474.10796462,0,NODE,"363",,,,"2280","1094146"
436963.179815191,5442031.58467404,0,NODE,"363",,,,"2279","1094147"
436957.345759843,5441860.72203155,0,NODE,"0000001274",,,,"2281","1094154"
436587.621772081,5441865.75549207,0,NODE,"0000001273",,,,"2282","1094157"
435104.065574835,5441098.7341377,0,NODE,"231",,,,"2283","1094160"
432895.6252194,5439411.98172161,0,NODE,"605",,,,"2284","1094163"
430947.162310802,5443923.68230035,0,DEADEND,"1077",,,,"2308","1096393"
426936.145923711,5450078.34483768,0,NORMAL,"635","0000001385",,,"2313","1096526"
431543.782566539,5439526.85582853,0,NODE,"406",,,,"2288","1094172"
431907.89954602,5440131.62371856,0,NODE,"406",,,,"2287","1094173"
432599.996113354,5441520.73935185,0,NODE,"730",,,,"2292","1094181"
432493.327066739,5441773.36996633,0,NODE,"792",,,,"2291","1094182"
432132.738461107,5442333.59064517,0,NODE,"792",,,,"2290","1094183"
432064.09056071,5442334.85148791,0,NODE,"730",,,,"2289","1094184"
431965.087719817,5442596.845702,0,NODE,"730",,,,"2293","1094191"
425481.845477588,5447133.7912266,0,NODE,"585",,,,"2294","1094198"
424669.052382447,5450120.4508079,0,NODE,"585",,,,"2295","1094201"
427165.185326574,5448241.61304906,0,NODE,"719",,,,"2298","1094204"
426773.113945176,5447968.63971776,0,NODE,"376",,,,"2297","1094205"
426089.680409687,5447684.23964533,0,NODE,"376",,,,"2296","1094206"
424184.30326741,5450521.03447,0,NODE,"759",,,,"2302","1094217"
424150.320220839,5450533.30021757,0,NODE,"468",,,,"2301","1094218"
424113.460770868,5450533.73562089,0,NODE,"621",,,,"2300","1094219"
423690.856,5450538.154,0,NODE,"648",,,,"2299","1094220"
423173.438649784,5450729.43250356,0,NODE,"107",,,,"2303","1094229"
422615.994525176,5454074.26028121,0,NODE,"56",,,,"2305","1094243"
422699.434534078,5454072.87728451,0,NODE,"56",,,,"2304","1094244"
423190.957785755,5454410.53646905,0,NODE,"715",,,,"2306","1094248"
423271.823952474,5454249.85095783,0,NODE,"792",,,,"2307","1094464"
426937.223682108,5450120.44657807,0,NORMAL,"0000001385","0000001384",,,"2312","1096527"
427023.062693273,5450137.29007005,0,DEADEND,"0000001384",,,,"2311","1096528"
426942.393122417,5450223.88444094,0,DEADEND,"0000001385",,,,"2310","1096529"
436812.990208455,5440949.83370107,0,NORMAL,"0000001274","515",,,"2314","1098399"
427771.297493718,5454406.34626511,0,DEADEND,"532",,,,"2315","1099620"
428375.678938061,5448452.98320939,0,DEADEND,"0000001386",,,,"2316","1099672"
428781.863073707,5450835.85556601,0,NORMAL,"76","951",,,"2319","1101726"
428783.139665352,5450879.79512161,0,DEADEND,"951",,,,"2318","1101727"
425127.682660367,5453942.15002954,0,DEADEND,"0000001291",,,,"2320","1101733"
432254.410315998,5441412.67843485,0,NORMAL,"348","0000001387",,,"2321","1101855"
432224.91282523,5441482.2815698,0,DEADEND,"0000001387",,,,"2322","1101856"
425416.251031329,5450873.99884875,0,DEADEND,"0000001388",,,,"2326","1104269"
425354.822660883,5450878.69228221,0,DEADEND,"0000001388",,,,"2325","1104270"
425373.778868093,5450860.11558816,0,NORMAL,"0000001388",,,,"2324","1104271"
425334.266056668,5450785.69692278,0,NORMAL,"585","0000001388",,,"2323","1104272"
431157.519239033,5443700.76619536,0,NORMAL,"853","0000001389",,,"2328","1106035"
431202.674452599,5443700.01300409,0,DEADEND,"0000001389",,,,"2327","1106036"
428173.979430989,5451725.29638145,0,NORMAL,"70","0000001390",,,"2330","1106307"
428241.175560003,5451764.45848539,0,DEADEND,"0000001390",,,,"2329","1106308"
428733.105178241,5448214.55619678,0,DEADEND,"0000001391",,,,"2332","1106471"
428700.209771081,5448309.03961866,0,NORMAL,"0000001391","359",,,"2331","1106472"
428191.310611146,5448246.22973615,0,NORMAL,"359","141",,,"2335","1107737"
428203.031179445,5448215.03389368,0,DEADEND,"141",,,,"2334","1107738"
425746.183557616,5452081.56778594,0,NORMAL,"28","0000001327",,,"2339","1110272"
431638.892755785,5445019.22285539,0,DEADEND,"1171",,,,"2336","1108669"
431569.769273438,5443168.41767987,0,NORMAL,"353","0000001393",,,"2338","1109651"
431361.145741457,5443224.39011368,0,DEADEND,"0000001393",,,,"2337","1109652"
430779.618364836,5443957.56058729,0,DEADEND,"0000001394",,,,"2341","1110499"
430777.784204792,5443869.95482277,0,NORMAL,"0000001394","382",,,"2340","1110500"
424244.157003807,5451971.22892598,0,NORMAL,"105","0000001374",,,"2342","1111585"
427447.054950626,5451482.81794038,0,NORMAL,"14","742",,,"2343","1111746"
426195.400585529,5453062.13058464,0,DEADEND,"0000001397",,,,"2348","1111805"
425975.91972938,5453087.47272181,0,DEADEND,"0000001398",,,,"2347","1111806"
425895.408186726,5453022.53884526,0,DEADEND,"672",,,,"2346","1111807"
426006.957955339,5453157.79649022,0,NORMAL,"0000001398","672",,,"2345","1111808"
426141.04094367,5453133.58388932,0,NORMAL,"672","0000001397",,,"2344","1111809"
424767.349000148,5452088.91501845,0,DEADEND,"0000001399",,,,"2350","1112749"
429784.939371023,5452672.48551217,0,DEADEND,"0000001429",,,,"2358","1112823"
424733.869690247,5452018.63917234,0,NORMAL,"741","0000001399",,,"2351","1112754"
429855.456100134,5452717.56693488,0,DEADEND,"0000001429",,,,"2359","1112822"
429602.546877785,5452849.79325088,0,DEADEND,"474",,,,"2357","1112824"
429465.317148389,5452872.99123411,0,DEADEND,"0000001400",,,,"2356","1112825"
429434.154393085,5452849.98153355,0,NORMAL,"0000001400","0000001401",,,"2355","1112826"
429566.652097263,5452816.08832249,0,NORMAL,"0000001401","0000001400",,,"2354","1112827"
429604.424712866,5452816.58567572,0,NORMAL,"474","0000001401",,,"2353","1112828"
429826.019156178,5452689.91901986,0,NORMAL,"474","0000001429",,,"2352","1112829"
431793.52701134,5445418.7596957,0,NORMAL,"1170","0000001402",,,"2361","1113249"
431570.029269394,5445517.55536517,0,NORMAL,"529","0000001402",,,"2360","1113250"
428122.514449074,5446538.93713144,0,NORMAL,"187","0000001403",,,"2363","1114064"
428240.874079477,5446542.74075579,0,DEADEND,"0000001403",,,,"2362","1114065"
431966.273826259,5439170.37863093,0,NORMAL,"261","0000001404",,,"2367","1114401"
431855.889707871,5439173.42474811,0,NORMAL,"0000001404","0000001405",,,"2366","1114402"
431772.784118253,5439201.92729423,0,DEADEND,"0000001404",,,,"2364","1114404"
429590.669274756,5443644.39468517,0,NORMAL,"513","0000001406",,,"2370","1115117"
430016.672093513,5443153.7125729,0,DEADEND,"0000001406",,,,"2369","1115118"
423464.796737381,5452714.35950676,0,NODE,"461",,,,"2371","1117474"
432377.095082681,5440715.15490652,0,DEADEND,"0000001407",,,,"2375","1117532"
432318.084575208,5440615.04620441,0,DEADEND,"0000001407",,,,"2374","1117533"
432356.55429383,5440686.30929709,0,NORMAL,"0000001408","0000001407",,,"2373","1117534"
432432.253353708,5440635.68260531,0,NORMAL,"406","0000001408",,,"2372","1117535"
427067.486066206,5452105.02897199,0,NORMAL,"0000001409",,,,"2379","1118052"
427055.792617771,5452083.22306752,0,NORMAL,"541","0000001409",,,"2378","1118053"
427135.411498889,5452088.99955531,0,DEADEND,"0000001409",,,,"2377","1118054"
427009.317063753,5452127.34034883,0,DEADEND,"0000001409",,,,"2376","1118055"
427585.802978858,5448871.28544994,0,NORMAL,"738","0000001413",,,"2382","1121081"
427584.862096571,5448791.88803045,0,NORMAL,"0000001414","0000001413",,,"2381","1121082"
427456.219058748,5448783.49792508,0,DEADEND,"0000001414",,,,"2380","1121083"
425644.878307068,5451965.57521226,0,DEADEND,"0000001415",,,,"2384","1121247"
425582.236795796,5452028.38187237,0,NORMAL,"0000001415","0000001364",,,"2383","1121248"
424925.356984779,5454048.19642839,0,DEADEND,"0000001360",,,,"2386","1124223"
424883.83416941,5454068.8254747,0,NORMAL,"725","0000001360",,,"2385","1124224"
430483.137539661,5443808.52811922,0,DEADEND,"0000001417",,,,"2390","1124635"
430406.214884332,5443807.48961337,0,DEADEND,"0000001416",,,,"2389","1124636"
430484.371385574,5443875.55719639,0,NORMAL,"382","0000001417",,,"2388","1124637"
430407.493895878,5443876.97232816,0,NORMAL,"382","0000001416",,,"2387","1124638"
429679.323924047,5452733.06370321,0,DEADEND,"0000001418",,,,"2392","1124765"
429648.788913644,5452791.15455994,0,NORMAL,"474","0000001418",,,"2391","1124766"
431774.010838636,5439391.7366848,0,DEADEND,"0000001405",,,,"2395","1124883"
431685.953523551,5439296.6240141,0,NORMAL,"406","0000001419",,,"2394","1124884"
431809.229764035,5439334.92005826,0,NORMAL,"0000001419","0000001405",,,"2393","1124885"
432759.517297912,5441464.10505177,0,NORMAL,"0000001420",,,,"2397","1127230"
432658.044970198,5441609.03219999,0,DEADEND,"0000001420",,,,"2396","1127231"
431326.174283407,5443437.55473249,0,NORMAL,"812","0000001421",,,"2401","1127540"
431327.930132033,5443510.45767194,0,NORMAL,"0000001421","0000001422",,,"2400","1127541"
431266.781138645,5443511.64869707,0,DEADEND,"0000001422",,,,"2399","1127542"
431328.803294226,5443546.71141819,0,DEADEND,"0000001421",,,,"2398","1127543"
430361.898124552,5446103.71977769,0,NORMAL,"556","0000001423",,,"2403","1127669"
430145.455259192,5446107.40149609,0,NORMAL,"645","0000001423",,,"2402","1127670"
432757.65639673,5441827.1421184,0,DEADEND,"0000001426",,,,"2412","1129181"
427658.162924312,5450154.92999669,0,NORMAL,"635","0000001424",,,"2404","1129091"
427673.827774059,5449465.80639722,0,NORMAL,"136","0000001424",,,"2410","1129121"
427515.231414941,5449957.59137503,0,NORMAL,"0000001424",,,,"2409","1129122"
432884.908763901,5441846.58262828,0,NORMAL,"304","0000001426",,,"2411","1129182"
426205.013841539,5450759.95983747,0,DEADEND,"0000001410",,,,"2414","1129186"
426207.467744395,5450815.81504403,0,NORMAL,"1021","0000001410",,,"2413","1129187"
425762.012802574,5451291.67752857,0,DEADEND,"0000001411",,,,"2416","1129191"
430729.312816141,5447070.50214337,0,NORMAL,"1181","0000001427",,,"2419","1129208"
430241.870418537,5447102.85368269,0,NORMAL,"0000001427",,,,"2418","1129209"
430305.260434001,5446937.23937709,0,NORMAL,"136","0000001427",,,"2417","1129210"
432470.932769577,5443157.35897998,0,NORMAL,"836","0000001428",,,"2421","1133421"
432525.847695467,5443203.68958613,0,DEADEND,"0000001428",,,,"2420","1133422"
427541.178793531,5446386.64388774,0,NORMAL,"1027","97",,,"2423","1133460"
427534.370087829,5446334.98262502,0,DEADEND,"97",,,,"2422","1133461"
425478.330416985,5452835.96485214,0,NORMAL,"968","672",,,"2427","1136858"
425156.046795182,5452962.90358251,0,NORMAL,"727","672",,,"2426","1136859"
423723.090204252,5452891.31066681,0,NORMAL,"355","0000004102",,,"2429","1138852"
423545.597654145,5453076.34715749,0,DEADEND,"0000004102",,,,"2428","1138853"
426393.368040483,5450604.00361209,0,DEADEND,"0000001430",,,,"2432","1139177"
426438.204269707,5450732.84180476,0,NORMAL,"1021","0000001430",,,"2431","1139178"
430250.074971878,5452455.94208466,0,NORMAL,"474","1240",,,"2433","1140664"
431321.591713114,5446294.67531996,0,NODE,"939",,,,"2434","1140676"
431353.39456133,5447052.88429894,0,NODE,"801",,,,"2435","1140700"
431610.443724231,5446434.83266065,0,NODE,"1040",,,,"2436","1140705"
431642.518767069,5446093.48878331,0,NODE,"0000001338",,,,"2437","1140711"
424815.680178517,5451719.71095468,0,NORMAL,"770","1202",,,"2439","1140779"
424982.465551548,5451736.01651423,0,NODE,"1202",,,,"2438","1140780"
428181.863564664,5451701.53329632,0,NORMAL,"70","0000001431",,,"2441","1246959"
428071.273125914,5451725.48417953,0,NORMAL,"0000001340","0000001431",,,"2440","1246960"
425762.170405619,5451277.38339557,0,NORMAL,"1168","0000001411",,,"2442","1247005"
429927.95849487,5452028.06289177,0,NORMAL,"822","0000001432",,,"2444","1248080"
429856.521808632,5452105.1389363,0,DEADEND,"0000001432",,,,"2443","1248081"
428098.189948542,5447691.01055895,0,NORMAL,"1215","0000001433",,,"2448","1249357"
428051.563112943,5447782.13764165,0,NORMAL,"1215","0000001434",,,"2447","1249358"
427949.159097325,5447693.89862837,0,DEADEND,"0000001433",,,,"2446","1249359"
427943.838366168,5447774.71022093,0,DEADEND,"0000001434",,,,"2445","1249360"
427706.046134753,5451464.91257398,0,DEADEND,"935",,,,"2451","1250013"
427972.708686144,5446448.59540935,0,NORMAL,"36","0000004103",,,"2454","1254590"
427829.750372312,5451398.62176958,0,NORMAL,"935",,,,"2452","1250042"
428018.099027673,5446394.4236833,0,DEADEND,"0000004103",,,,"2453","1254591"
